<?xml version="1.0" encoding="utf-8"?>
<COLLADA xmlns="http://www.collada.org/2005/11/COLLADASchema" version="1.4.1">
  <asset>
    <contributor><authoring_tool>VIGIL SIH26126 farm generator</authoring_tool></contributor>
    <unit name="meter" meter="1"/>
    <up_axis>Z_UP</up_axis>
  </asset>
  <library_effects>
    <effect id="MAT_COTTON_LEAF_5-fx"><profile_COMMON><technique sid="c"><lambert><diffuse><color>0.0360 0.0900 0.0170 1</color></diffuse></lambert></technique></profile_COMMON></effect>
    <effect id="MAT_COTTON_COTYL-fx"><profile_COMMON><technique sid="c"><lambert><diffuse><color>0.0720 0.1320 0.0380 1</color></diffuse></lambert></technique></profile_COMMON></effect>
    <effect id="MAT_COTTON_LEAF_0-fx"><profile_COMMON><technique sid="c"><lambert><diffuse><color>0.0400 0.0980 0.0190 1</color></diffuse></lambert></technique></profile_COMMON></effect>
    <effect id="MAT_COTTON_LEAF_1-fx"><profile_COMMON><technique sid="c"><lambert><diffuse><color>0.0530 0.1240 0.0240 1</color></diffuse></lambert></technique></profile_COMMON></effect>
    <effect id="MAT_COTTON_LEAF_4-fx"><profile_COMMON><technique sid="c"><lambert><diffuse><color>0.0460 0.1080 0.0220 1</color></diffuse></lambert></technique></profile_COMMON></effect>
    <effect id="MAT_COTTON_LEAF_3-fx"><profile_COMMON><technique sid="c"><lambert><diffuse><color>0.0630 0.1360 0.0300 1</color></diffuse></lambert></technique></profile_COMMON></effect>
  </library_effects>
  <library_materials>
    <material id="MAT_COTTON_LEAF_5" name="MAT_COTTON_LEAF_5"><instance_effect url="#MAT_COTTON_LEAF_5-fx"/></material>
    <material id="MAT_COTTON_COTYL" name="MAT_COTTON_COTYL"><instance_effect url="#MAT_COTTON_COTYL-fx"/></material>
    <material id="MAT_COTTON_LEAF_0" name="MAT_COTTON_LEAF_0"><instance_effect url="#MAT_COTTON_LEAF_0-fx"/></material>
    <material id="MAT_COTTON_LEAF_1" name="MAT_COTTON_LEAF_1"><instance_effect url="#MAT_COTTON_LEAF_1-fx"/></material>
    <material id="MAT_COTTON_LEAF_4" name="MAT_COTTON_LEAF_4"><instance_effect url="#MAT_COTTON_LEAF_4-fx"/></material>
    <material id="MAT_COTTON_LEAF_3" name="MAT_COTTON_LEAF_3"><instance_effect url="#MAT_COTTON_LEAF_3-fx"/></material>
  </library_materials>
  <library_geometries>
    <geometry id="ROW_09_SEG5_foliage-mesh" name="ROW_09_SEG5_foliage">
      <mesh>
        <source id="ROW_09_SEG5_foliage-pos"><float_array id="ROW_09_SEG5_foliage-pos-a" count="8580">-1.6395 -0.029818 0.090683 -1.6548 -0.015303 0.087609 -1.6538 -0.0081639 0.085525 -1.6481 -0.00024867 0.083098 -1.6395 0.0049734 0.081231 -1.629 0.0084817 0.079389 -1.6184 0.014474 0.076188 -1.604 0.019353 0.07203 -1.59 0.019481 0.068339 -1.5804 0.01397 0.066679 -1.5787 0.0028663 0.068771 -1.5833 -0.010375 0.073432 -1.5928 -0.020628 0.078884 -1.5847 -0.026201 0.076885 -1.5725 -0.036609 0.073009 -1.5635 -0.052046 0.06975 -1.5612 -0.067188 0.06899 -1.5729 -0.07493 0.07514 -1.5894 -0.077354 0.082605 -1.6046 -0.074239 0.088199 -1.6139 -0.071558 0.090879 -1.6148 -0.086502 0.091361 -1.6211 -0.099752 0.092939 -1.6302 -0.10642 0.095033 -1.6405 -0.10283 0.097144 -1.65 -0.091881 0.098227 -1.6564 -0.077576 0.097867 -1.6595 -0.065384 0.096786 -1.6644 -0.055405 0.095451 -1.6669 -0.045568 0.093771 -1.6652 -0.035816 0.092038 -1.6608 -0.029879 0.091042 -1.7034 0.037619 0.12925 -1.7016 0.012422 0.13198 -1.7083 0.0064247 0.13352 -1.72 0.0036519 0.13557 -1.7322 0.0058482 0.13712 -1.7449 0.011038 0.13792 -1.7603 0.013852 0.13843 -1.7788 0.020409 0.13744 -1.7933 0.030937 0.13427 -1.7988 0.043109 0.12999 -1.7913 0.054553 0.12653 -1.7753 0.063241 0.12449 -1.7568 0.065478 0.12464 -1.7611 0.076336 0.11972 -1.7666 0.094145 0.10998 -1.7654 0.11368 0.09771 -1.757 0.12804 0.08807 -1.7381 0.12653 0.090232 -1.7181 0.11698 0.096702 -1.7041 0.10315 0.10413 -1.6965 0.093811 0.10815 -1.6849 0.10581 0.099729 -1.669 0.11209 0.09306 -1.6552 0.11069 0.090683 -1.6475 0.099532 0.094366 -1.6465 0.082631 0.10125 -1.6514 0.065107 0.10862 -1.6579 0.051933 0.11413 -1.6614 0.039134 0.11775 -1.6671 0.028522 0.1211 -1.6763 0.021486 0.12476 -1.6849 0.020272 0.12741 -1.6827 -0.080683 0.18496 -1.67 -0.055404 0.18758 -1.6598 -0.053537 0.18918 -1.6465 -0.057365 0.19119 -1.6355 -0.066113 0.19266 -1.6258 -0.077919 0.19351 -1.6122 -0.088925 0.19418 -1.598 -0.10504 0.19378 -1.59 -0.12282 0.1918 -1.5919 -0.1373 0.189 -1.606 -0.14413 0.18654 -1.6267 -0.14382 0.1847 -1.6461 -0.13604 0.18408 -1.6485 -0.14865 0.18079 -1.6543 -0.16853 0.17424 -1.6679 -0.18648 0.16562 -1.6851 -0.1957 0.15825 -1.7024 -0.18399 0.158 -1.7158 -0.1641 0.16068 -1.7209 -0.14344 0.16482 -1.7228 -0.13052 0.16717 -1.7415 -0.13556 0.15938 -1.7609 -0.13298 0.15238 -1.7737 -0.12422 0.14892 -1.7746 -0.10954 0.15109 -1.7658 -0.092971 0.15677 -1.7509 -0.078949 0.16359 -1.737 -0.069926 0.169 -1.7263 -0.059586 0.17265 -1.7146 -0.052472 0.17619 -1.7013 -0.050558 0.18005 -1.6917 -0.053838 0.18278 -1.6297 0.0076239 0.22935 -1.6674 0.0056918 0.22448 -1.6743 0.015655 0.22033 -1.6769 0.031847 0.21481 -1.6732 0.048062 0.21005 -1.6656 0.06404 0.20552 -1.6609 0.082089 0.19899 -1.6514 0.10273 0.19121 -1.6372 0.11817 0.18539 -1.6211 0.12303 0.18411 -1.6065 0.11364 0.18944 -1.5953 0.095006 0.19866 -1.5921 0.073884 0.20817 -1.5778 0.076614 0.20682 -1.5542 0.078816 0.20454 -1.5283 0.072336 0.20452 -1.5092 0.058611 0.20718 -1.5111 0.036442 0.21531 -1.5234 0.014273 0.22393 -1.5409 -0.00063419 0.23003 -1.5526 -0.0090389 0.23308 -1.5373 -0.026577 0.23519 -1.5291 -0.048484 0.23815 -1.5307 -0.066387 0.24102 -1.545 -0.074901 0.2434 -1.5668 -0.07462 0.2445 -1.5896 -0.067271 0.24387 -1.6072 -0.058392 0.24231 -1.6247 -0.053577 0.24059 -1.6399 -0.045682 0.2381 -1.6511 -0.032901 0.23492 -1.6547 -0.020877 0.23246 -1.7436 -0.0042787 0.2396 -1.7157 -0.021819 0.24118 -1.7153 -0.032333 0.23936 -1.7212 -0.04511 0.23632 -1.732 -0.054742 0.23298 -1.7456 -0.06231 0.22894 -1.7581 -0.07318 0.22343 -1.7755 -0.083543 0.21555 -1.7936 -0.087514 0.20736 -1.8076 -0.082676 0.20179 -1.8134 -0.06796 0.202 -1.812 -0.048379 0.2067 -1.8036 -0.031351 0.21419 -1.8153 -0.025978 0.2084 -1.833 -0.01547 0.19798 -1.8479 0.0025611 0.18797 -1.8543 0.022215 0.18299 -1.842 0.03677 0.19241 -1.8224 0.045798 0.20593 -1.8026 0.04691 0.21786 -1.7901 0.046507 0.2243 -1.7921 0.066656 0.22164 -1.7867 0.086102 0.22201 -1.7763 0.097623 0.22521 -1.7618 0.096018 0.2312 -1.7463 0.084372 0.23736 -1.7337 0.067247 0.24167 -1.7257 0.051839 0.24377 -1.7156 0.03945 0.24522 -1.7088 0.026293 0.2456 -1.7076 0.011944 0.24511 -1.7116 0.0020733 0.24429 -1.6547 -0.061244 0.25214 -1.6616 -0.033302 0.25067 -1.6557 -0.026864 0.2486 -1.6445 -0.023142 0.24592 -1.6321 -0.024329 0.2435 -1.6191 -0.028583 0.24079 -1.6048 -0.030337 0.23671 -1.5878 -0.035612 0.23104 -1.5741 -0.045271 0.22531 -1.5682 -0.057409 0.22166 -1.5734 -0.069871 0.22254 -1.5859 -0.080351 0.22694 -1.6013 -0.084629 0.23329 -1.5972 -0.095674 0.22934 -1.5923 -0.11405 0.22203 -1.5936 -0.13512 0.21522 -1.6012 -0.1514 0.21235 -1.6174 -0.15159 0.22064 -1.6349 -0.14354 0.23174 -1.6479 -0.13075 0.24088 -1.6554 -0.1221 0.24562 -1.6659 -0.13572 0.24517 -1.6805 -0.14403 0.24696 -1.6936 -0.1442 0.25024 -1.7018 -0.13362 0.2544 -1.7046 -0.11643 0.25764 -1.7025 -0.097916 0.25896 -1.6985 -0.083503 0.25887 -1.6976 -0.069641 0.25841 -1.6941 -0.057485 0.25722 -1.6865 -0.048154 0.25561 -1.6782 -0.044786 0.25445 -1.685 0.019632 0.26875 -1.6916 0.0032446 0.26719 -1.6966 0.0023537 0.26557 -1.7031 0.004724 0.26353 -1.7084 0.0098732 0.26177 -1.7128 0.016695 0.25992 -1.7187 0.022757 0.25716 -1.7245 0.031484 0.25348 -1.7273 0.041119 0.24998 -1.7256 0.049112 0.248 -1.7188 0.0533 0.249 -1.7095 0.053883 0.25224 -1.7011 0.050447 0.25655 -1.6989 0.05726 0.25441 -1.6944 0.067882 0.25049 -1.686 0.077548 0.24712 -1.6766 0.08266 0.24614 -1.6693 0.07691 0.25155 -1.6644 0.066738 0.25843 -1.6632 0.055896 0.26388 -1.6628 0.048987 0.26669 -1.6532 0.051732 0.26717 -1.6435 0.050425 0.26897 -1.6375 0.045748 0.27135 -1.6375 0.037694 0.27376 -1.6423 0.028345 0.27526 -1.6498 0.020125 0.27543 -1.6566 0.014549 0.27482 -1.6619 0.0080986 0.27409 -1.6677 0.0033753 0.27289 -1.6746 0.0015144 0.2714 -1.6796 0.0027893 0.27035 -1.7072 -0.033058 0.29305 -1.693 -0.027773 0.29483 -1.6892 -0.030564 0.2943 -1.6862 -0.036232 0.29308 -1.6857 -0.042726 0.29154 -1.6867 -0.049644 0.28962 -1.6862 -0.057035 0.28723 -1.6872 -0.066003 0.28383 -1.6906 -0.073573 0.28033 -1.6961 -0.077333 0.27794 -1.7029 -0.075531 0.27787 -1.7095 -0.069824 0.27957 -1.7135 -0.062231 0.28238 -1.7184 -0.065007 0.27999 -1.7268 -0.068665 0.27583 -1.7371 -0.069311 0.27186 -1.7456 -0.066425 0.26977 -1.7476 -0.057949 0.27303 -1.7458 -0.048274 0.27794 -1.7411 -0.040674 0.28252 -1.7377 -0.036173 0.28508 -1.7452 -0.031475 0.28354 -1.7505 -0.024287 0.28319 -1.7517 -0.017412 0.28415 -1.7473 -0.012536 0.28666 -1.7392 -0.010044 0.28964 -1.7299 -0.010069 0.2921 -1.7223 -0.011302 0.2936 -1.7152 -0.010988 0.29483 -1.7087 -0.012095 0.29558 -1.7031 -0.015519 0.29586 -1.7006 -0.019595 0.29568 -1.6878 0.031809 0.15628 -1.7031 0.023476 0.15669 -1.7077 0.026197 0.1563 -1.7118 0.032297 0.15571 -1.7133 0.03964 0.15504 -1.7132 0.047654 0.1541 -1.7147 0.05593 0.15267 -1.7149 0.066196 0.15044 -1.7122 0.075281 0.14787 -1.7068 0.080395 0.14588 -1.699 0.079439 0.14554 -1.6909 0.074058 0.14656 -1.6854 0.066132 0.1486 -1.6803 0.070057 0.14644 -1.6717 0.075578 0.14247 -1.6605 0.078087 0.13834 -1.6507 0.076363 0.1359 -1.6471 0.067111 0.13875 -1.6476 0.055822 0.14321 -1.6514 0.046376 0.14732 -1.6544 0.04068 0.14955 -1.6455 0.036811 0.14795 -1.6386 0.029827 0.14738 -1.6361 0.022455 0.14803 -1.6401 0.016204 0.15007 -1.6486 0.011873 0.15246 -1.6588 0.010102 0.15437 -1.6673 0.01001 0.15549 -1.6751 0.008343 0.1562 -1.6826 0.0083873 0.1566 -1.6894 0.011187 0.15686 -1.693 0.015236 0.15699 -1.6878 0.031809 0.15628 -1.6789 0.021875 0.15605 -1.6801 0.017919 0.15573 -1.684 0.013821 0.15532 -1.6892 0.011422 0.15493 -1.6953 0.010121 0.15442 -1.7013 0.0075536 0.15357 -1.709 0.0056522 0.15228 -1.7163 0.0061009 0.1509 -1.7212 0.0092838 0.14997 -1.7219 0.015229 0.15007 -1.7192 0.022263 0.15096 -1.7142 0.027709 0.15228 -1.7181 0.030863 0.15122 -1.724 0.036432 0.14923 -1.728 0.044395 0.14718 -1.7285 0.052113 0.14599 -1.7221 0.056322 0.14751 -1.7134 0.057901 0.14981 -1.7055 0.056596 0.15191 -1.7006 0.055366 0.15303 -1.6993 0.062737 0.15205 -1.6954 0.06914 0.15153 -1.6902 0.072244 0.15167 -1.6848 0.070298 0.15264 -1.68 0.064683 0.15388 -1.6768 0.057353 0.15492 -1.6752 0.051027 0.15553 -1.6725 0.045431 0.15585 -1.6712 0.039803 0.15603 -1.6721 0.03423 0.15617 -1.6745 0.03083 0.15629 1.3199 -0.0055773 0.076667 1.3362 -0.017205 0.074164 1.3364 -0.024015 0.07209 1.3321 -0.032168 0.069515 1.3248 -0.038181 0.067389 1.3154 -0.042821 0.065237 1.3063 -0.049805 0.061762 1.2936 -0.056203 0.057258 1.2806 -0.058105 0.053244 1.2709 -0.054146 0.051369 1.2678 -0.04395 0.053389 1.2702 -0.030954 0.058096 1.2776 -0.020146 0.063706 1.2694 -0.015931 0.06156 1.2567 -0.0076821 0.057519 1.2463 0.0056989 0.054218 1.2421 0.019651 0.053533 1.252 0.028384 0.059867 1.2668 0.032708 0.067577 1.2814 0.031688 0.073418 1.2904 0.030341 0.076278 1.2892 0.044509 0.076888 1.2934 0.057774 0.07872 1.301 0.065198 0.081087 1.3111 0.06314 0.083436 1.3214 0.054062 0.084716 1.3293 0.041444 0.084485 1.3339 0.030402 0.08347 1.3398 0.021672 0.082293 1.3435 0.012757 0.080701 1.3433 0.0033965 0.078916 1.3399 -0.0027556 0.077762 1.3875 -0.061174 0.11512 1.3824 -0.037743 0.11786 1.3879 -0.031251 0.11961 1.3984 -0.027154 0.122 1.4101 -0.027651 0.12388 1.4227 -0.03089 0.12506 1.4375 -0.031533 0.12607 1.4558 -0.035286 0.12573 1.471 -0.04325 0.12313 1.4778 -0.053931 0.11916 1.4724 -0.065627 0.11551 1.4586 -0.075851 0.11293 1.4414 -0.080375 0.11239 1.4471 -0.08996 0.10778 1.4549 -0.10587 0.098561 1.4567 -0.12425 0.086675 1.4511 -0.13872 0.077085 1.433 -0.1398 0.078484 1.4127 -0.13349 0.084014 1.3975 -0.1224 0.0907 1.3891 -0.11465 0.094341 1.3799 -0.12735 0.085809 1.3661 -0.13524 0.078847 1.353 -0.13569 0.076104 1.3442 -0.12624 0.079429 1.3408 -0.11056 0.08608 1.3428 -0.093543 0.093409 1.3471 -0.080365 0.098999 1.3486 -0.067921 0.10267 1.3524 -0.057243 0.10615 1.36 -0.049473 0.11001 1.3679 -0.04724 0.11285 1.3507 0.046685 0.16838 1.3419 0.021222 0.17022 1.3326 0.018126 0.17137 1.3195 0.01997 0.17285 1.308 0.026746 0.17392 1.2973 0.036576 0.17448 1.2831 0.045152 0.17473 1.2676 0.058457 0.17397 1.2578 0.074166 0.17194 1.2578 0.088066 0.16946 1.2703 0.096355 0.16767 1.2898 0.098783 0.16665 1.309 0.093996 0.16669 1.3098 0.10622 0.16374 1.3129 0.12574 0.15786 1.3236 0.14451 0.15028 1.3388 0.15552 0.14394 1.3566 0.14676 0.14422 1.3717 0.12976 0.14709 1.3791 0.11095 0.15105 1.3825 0.099006 0.15325 1.3997 0.10628 0.14654 1.4185 0.10647 0.14054 1.4317 0.099937 0.13762 1.4344 0.086224 0.1396 1.4281 0.069416 0.14458 1.4158 0.054209 0.15043 1.4036 0.043834 0.15501 1.3948 0.032672 0.15803 1.3846 0.024413 0.16093 1.3722 0.020832 0.16412 1.3628 0.022644 0.16641 1.3109 -0.043826 0.20807 1.3462 -0.037045 0.20478 1.3541 -0.045467 0.20099 1.3589 -0.060286 0.1957 1.3577 -0.075953 0.19091 1.3528 -0.091913 0.1862 1.3509 -0.10942 0.17967 1.345 -0.12997 0.17176 1.3338 -0.14627 0.16559 1.3194 -0.15291 0.16377 1.3042 -0.14605 0.1684 1.291 -0.1301 0.17693 1.2849 -0.11077 0.18604 1.2718 -0.11519 0.18423 1.2501 -0.1203 0.1812 1.2248 -0.11758 0.18032 1.205 -0.10719 0.18228 1.2037 -0.086186 0.19027 1.212 -0.063848 0.19909 1.2263 -0.047628 0.20564 1.2361 -0.038243 0.20903 1.2194 -0.023763 0.21063 1.2087 -0.004262 0.21334 1.2078 0.012753 0.21627 1.22 0.022588 0.2191 1.2405 0.025142 0.22092 1.2629 0.02121 0.22107 1.2807 0.015166 0.22014 1.2978 0.01294 0.21908 1.3132 0.0075214 0.21719 1.3255 -0.003 0.21445 1.3306 -0.013808 0.21214 1.416 -0.017945 0.22196 1.3875 -0.0050898 0.22262 1.3858 0.0047638 0.22095 1.3898 0.017592 0.21837 1.3987 0.028093 0.21565 1.4107 0.037031 0.21234 1.4212 0.048956 0.20762 1.4364 0.061061 0.20082 1.4533 0.067263 0.19369 1.4673 0.064606 0.18884 1.4746 0.051519 0.18913 1.4757 0.032862 0.19341 1.4697 0.01565 0.2001 1.4816 0.012191 0.19495 1.5001 0.0047557 0.18558 1.5167 -0.010138 0.17643 1.5255 -0.027728 0.17176 1.5155 -0.043142 0.18018 1.4978 -0.054353 0.19229 1.4789 -0.058129 0.20294 1.4668 -0.059464 0.20863 1.4715 -0.078119 0.20601 1.4689 -0.097113 0.20601 1.4606 -0.10934 0.2086 1.4465 -0.1098 0.2138 1.4302 -0.10094 0.21922 1.416 -0.086523 0.22301 1.4064 -0.073096 0.22485 1.3953 -0.06278 0.22597 1.3871 -0.051295 0.2262 1.3841 -0.037953 0.2258 1.3866 -0.02814 0.22524 1.3246 0.023905 0.2312 1.3348 -0.0014493 0.22983 1.3302 -0.0082493 0.2276 1.3202 -0.01318 0.22461 1.3085 -0.013647 0.22188 1.2958 -0.011299 0.21888 1.2823 -0.011458 0.2145 1.2658 -0.0086393 0.20854 1.2518 -0.0012686 0.20268 1.2449 0.0094302 0.19909 1.248 0.02181 0.20021 1.2583 0.033242 0.20493 1.272 0.03919 0.21155 1.2668 0.049093 0.20773 1.2601 0.065833 0.20074 1.2588 0.085906 0.19447 1.2639 0.10224 0.19214 1.2789 0.10442 0.20061 1.296 0.098995 0.21173 1.3095 0.088538 0.2208 1.3176 0.08132 0.22551 1.3257 0.095501 0.22556 1.3383 0.1052 0.22784 1.3505 0.10703 0.23143 1.3593 0.098074 0.2356 1.3641 0.082241 0.23865 1.3645 0.064531 0.23968 1.3626 0.050455 0.23934 1.3636 0.037303 0.23876 1.362 0.025437 0.23741 1.3561 0.01569 0.23553 1.3488 0.011463 0.23411 1.363 -0.048432 0.24745 1.3672 -0.03214 0.24633 1.3718 -0.030631 0.24497 1.3783 -0.031986 0.24324 1.384 -0.036114 0.24171 1.3892 -0.041926 0.24005 1.3956 -0.04683 0.23758 1.4023 -0.054235 0.23421 1.4062 -0.062896 0.23091 1.4058 -0.070609 0.22889 1.3999 -0.075438 0.22958 1.3911 -0.077243 0.23233 1.3826 -0.075163 0.23616 1.3815 -0.081825 0.23399 1.3788 -0.092354 0.23001 1.3723 -0.10249 0.22643 1.3642 -0.10851 0.22513 1.3564 -0.10412 0.23006 1.3502 -0.095278 0.23652 1.3475 -0.085312 0.24175 1.3461 -0.078895 0.24447 1.3374 -0.082741 0.24457 1.3281 -0.082789 0.24594 1.3217 -0.079207 0.24803 1.3207 -0.071653 0.2504 1.3239 -0.062259 0.25207 1.3298 -0.053558 0.25256 1.3356 -0.047412 0.25227 1.3397 -0.040652 0.25181 1.3446 -0.035434 0.25091 1.3508 -0.032777 0.24975 1.3558 -0.033304 0.24892 1.3762 0.0037065 0.2718 1.3636 -0.0031261 0.27295 1.3596 -0.00099707 0.27232 1.3561 0.003968 0.27111 1.3549 0.010029 0.26967 1.355 0.01669 0.26794 1.3536 0.02361 0.26571 1.3535 0.032212 0.26257 1.3558 0.039821 0.25942 1.3605 0.044095 0.25736 1.3672 0.043289 0.25753 1.3741 0.038768 0.25933 1.3787 0.032099 0.26209 1.3831 0.035391 0.26002 1.3906 0.039973 0.25637 1.4003 0.041963 0.25296 1.4088 0.040392 0.25126 1.4117 0.032636 0.25436 1.411 0.023234 0.25889 1.4074 0.015415 0.26302 1.4048 0.010708 0.26531 1.4125 0.0072856 0.26408 1.4184 0.0012197 0.26387 1.4204 -0.0050964 0.26477 1.4169 -0.010287 0.26696 1.4094 -0.013726 0.26949 1.4006 -0.014946 0.27151 1.3933 -0.014787 0.27268 1.3866 -0.016026 0.2736 1.3803 -0.015847 0.27409 1.3746 -0.013348 0.27418 1.3717 -0.0098395 0.27396 1.3711 -0.058084 0.14035 1.3844 -0.048266 0.14135 1.3891 -0.050214 0.14112 1.3938 -0.055415 0.14066 1.3961 -0.062118 0.14001 1.3971 -0.06966 0.13904 1.3997 -0.077229 0.13767 1.4012 -0.086832 0.13547 1.4 -0.095693 0.13287 1.3956 -0.10118 0.13074 1.3883 -0.10128 0.13014 1.3799 -0.097299 0.13087 1.3736 -0.090583 0.13268 1.3694 -0.09491 0.13042 1.3621 -0.10118 0.12628 1.3521 -0.10494 0.12193 1.3427 -0.10457 0.11928 1.3381 -0.096359 0.12194 1.3369 -0.085742 0.12629 1.3391 -0.076406 0.13042 1.3411 -0.070695 0.13269 1.3323 -0.068196 0.13088 1.3249 -0.062519 0.13015 1.3216 -0.05591 0.13075 1.3245 -0.049532 0.13288 1.3318 -0.044386 0.13548 1.3411 -0.04142 0.13768 1.349 -0.040246 0.13905 1.3561 -0.037664 0.14002 1.3632 -0.036733 0.14066 1.3699 -0.038486 0.14112 1.3738 -0.041828 0.14135 1.3711 -0.058084 0.14035 1.3615 -0.049897 0.1399 1.3621 -0.046011 0.13967 1.3652 -0.04165 0.13945 1.3699 -0.038706 0.13928 1.3754 -0.03669 0.13902 1.3807 -0.033487 0.13844 1.3878 -0.030677 0.1375 1.3948 -0.030123 0.13644 1.3998 -0.032473 0.1357 1.4012 -0.037979 0.13578 1.3996 -0.044947 0.13647 1.3955 -0.050743 0.13751 1.3997 -0.053185 0.13661 1.4059 -0.057639 0.13488 1.4108 -0.064579 0.13301 1.4124 -0.071749 0.13183 1.4069 -0.076564 0.13302 1.3988 -0.079212 0.13489 1.3911 -0.079044 0.13662 1.3863 -0.078535 0.13752 1.3862 -0.085619 0.13649 1.3833 -0.092153 0.1358 1.3789 -0.095739 0.13573 1.3734 -0.094632 0.13647 1.3681 -0.089995 0.13753 1.3641 -0.083529 0.13846 1.3618 -0.077795 0.13904 1.3586 -0.072881 0.1393 1.3566 -0.067757 0.13946 1.3567 -0.062402 0.13968 1.3585 -0.058895 0.1399 -1.3545 0.017413 0.023919 -1.3495 0.012384 0.024076 -1.34 0.0196 0.024916 -1.345 0.010388 0.024284 -1.3406 0.009522 0.024464 -1.3364 0.0096591 0.024612 -1.3323 0.010781 0.024726 -1.3284 0.012906 0.024808 -1.3247 0.016161 0.024862 -1.3214 0.02245 0.024967 -1.3264 0.027451 0.02533 -1.3309 0.029426 0.025493 -1.3353 0.03028 0.025535 -1.3395 0.030139 0.025461 -1.3436 0.029021 0.025273 -1.3475 0.026908 0.024969 -1.3512 0.023673 0.024544 -1.3545 0.017413 0.023919 -1.3595 0.022451 0.02368 -1.3689 0.015284 0.021874 -1.364 0.024462 0.023241 -1.3683 0.025349 0.022681 -1.3725 0.025242 0.022005 -1.3765 0.024156 0.021214 -1.3803 0.022075 0.020308 -1.384 0.018872 0.019281 -1.3872 0.012641 0.018054 -1.3823 0.0075741 0.018812 -1.3778 0.0055432 0.019623 -1.3735 0.0046427 0.020405 -1.3693 0.0047464 0.021155 -1.3653 0.0058358 0.021872 -1.3614 0.0079291 0.022555 -1.3577 0.011153 0.023211 -1.0787 0.019137 0.021628 -1.0772 0.012164 0.02172 -1.0651 0.013171 0.021377 -1.0744 0.0080237 0.021707 -1.0711 0.0049353 0.021608 -1.0675 0.00278 0.021424 -1.0634 0.0015411 0.021155 -1.0589 0.0012355 0.020801 -1.054 0.0019813 0.020361 -1.0478 0.0055597 0.019817 -1.0493 0.01254 0.020254 -1.0521 0.016686 0.020645 -1.0554 0.019778 0.020971 -1.0591 0.021935 0.021231 -1.0631 0.023172 0.021424 -1.0676 0.023475 0.021551 -1.0725 0.022723 0.021613 -1.0787 0.019137 0.021628 -1.0804 0.02674 0.021572 -1.0935 0.025634 0.021214 -1.0834 0.031253 0.021464 -1.087 0.034617 0.021286 -1.091 0.036963 0.021035 -1.0954 0.038308 0.020712 -1.1003 0.038633 0.020317 -1.1057 0.037811 0.019851 -1.1124 0.033898 0.019334 -1.1107 0.026298 0.019967 -1.1077 0.021786 0.020487 -1.1041 0.018423 0.020913 -1.1001 0.016078 0.021246 -1.0957 0.014733 0.021487 -1.0908 0.014406 0.021634 -1.0854 0.015226 0.021688 -0.74556 -0.022178 0.017292 -0.74868 -0.015642 0.018215 -0.76044 -0.019449 0.018569 -0.75239 -0.012196 0.01882 -0.75634 -0.0098934 0.019258 -0.76048 -0.0086048 0.019539 -0.76482 -0.008312 0.019663 -0.76937 -0.0090327 0.019631 -0.77414 -0.010897 0.019431 -0.77951 -0.015852 0.018913 -0.77633 -0.022441 0.018536 -0.77258 -0.025925 0.018322 -0.76861 -0.02825 0.018118 -0.76446 -0.029546 0.017916 -0.76013 -0.029832 0.017713 -0.75561 -0.029088 0.017511 -0.75087 -0.027186 0.017321 -0.74556 -0.022178 0.017292 -0.74216 -0.029309 0.016331 -0.7294 -0.025086 0.015191 -0.73812 -0.033055 0.015547 -0.73385 -0.035537 0.014774 -0.72937 -0.036898 0.014002 -0.72469 -0.037157 0.01323 -0.71981 -0.036295 0.012458 -0.71469 -0.03417 0.011699 -0.70894 -0.028659 0.011116 -0.7123 -0.021583 0.012675 -0.71631 -0.017877 0.013886 -0.72056 -0.015418 0.014915 -0.72503 -0.014065 0.015772 -0.72971 -0.013798 0.016459 -0.73462 -0.014636 0.016974 -0.73977 -0.016722 0.017307 -0.44798 0.0015731 0.013282 -0.44168 0.0021262 0.013408 -0.44117 0.01283 0.013526 -0.43772 0.0040996 0.013488 -0.43463 0.0066028 0.013509 -0.43232 0.0095766 0.01347 -0.43076 0.013012 0.013371 -0.42998 0.016918 0.013211 -0.43006 0.021354 0.012992 -0.43249 0.027211 0.012727 -0.4388 0.026635 0.013074 -0.44277 0.024645 0.013332 -0.44586 0.022132 0.013514 -0.44817 0.019155 0.01362 -0.44973 0.015723 0.013652 -0.45051 0.011826 0.013609 -0.45042 0.0074065 0.013491 -0.44798 0.0015731 0.013282 -0.45485 0.00096869 0.013184 -0.45539 -0.010678 0.012402 -0.45916 -0.001179 0.012988 -0.46252 -0.0038989 0.012709 -0.46504 -0.0071261 0.012349 -0.46673 -0.010852 0.011906 -0.46758 -0.015085 0.011383 -0.46747 -0.01989 0.010776 -0.46481 -0.026238 0.010071 -0.45794 -0.025647 0.010686 -0.45363 -0.023509 0.01125 -0.45027 -0.020795 0.01175 -0.44775 -0.01757 0.012185 -0.44606 -0.013843 0.012553 -0.44521 -0.0096037 0.012856 -0.44532 -0.0047889 0.013094 0.14513 0.011188 0.011723 0.14716 0.0048938 0.012008 0.15819 0.0068767 0.012045 0.15009 0.0013201 0.012175 0.15337 -0.0012445 0.012255 0.15694 -0.0029137 0.012252 0.1608 -0.0037038 0.012164 0.16497 -0.0035985 0.011993 0.16947 -0.0024841 0.011736 0.17488 0.0013506 0.01136 0.17283 0.0076613 0.011542 0.16988 0.011247 0.011709 0.16659 0.013819 0.011829 0.16302 0.01549 0.011899 0.15915 0.016278 0.01192 0.155 0.016165 0.011891 0.15051 0.015039 0.011814 0.14513 0.011188 0.011723 0.14291 0.018052 0.01145 0.1309 0.01587 0.010765 0.13971 0.021945 0.011162 0.13615 0.024733 0.010822 0.13227 0.026541 0.010427 0.12808 0.027385 0.0099783 0.12356 0.027249 0.0094752 0.11868 0.026008 0.0089204 0.11282 0.021796 0.0083495 0.11502 0.014946 0.0091322 0.11821 0.011063 0.0097852 0.12177 0.00828 0.010344 0.12564 0.0064743 0.010811 0.12984 0.0056279 0.011188 0.13437 0.0057585 0.011472 0.13925 0.0069897 0.011662 0.75708 0.010837 0.011489 0.75416 0.0066795 0.011692 0.76049 0.00084662 0.011855 0.75334 0.0032296 0.01183 0.75328 4.0293e-05 0.011911 0.75391 -0.0029182 0.011935 0.75522 -0.0056503 0.011903 0.75722 -0.0081515 0.011815 0.75999 -0.010392 0.011669 0.76484 -0.011925 0.011459 0.76775 -0.0077438 0.011623 0.76858 -0.0042763 0.011748 0.76863 -0.0010765 0.011824 0.76799 0.0018857 0.011852 0.76669 0.0046141 0.011832 0.76469 0.0071049 0.011763 0.76193 0.0093279 0.011646 0.75708 0.010837 0.011489 0.75999 0.014993 0.011228 0.75368 0.020785 0.010382 0.76083 0.018435 0.010926 0.76088 0.021609 0.010577 0.76026 0.024544 0.010179 0.75896 0.027246 0.0097323 0.75697 0.029709 0.0092373 0.75421 0.031905 0.0086943 0.74936 0.033386 0.0081111 0.74644 0.029255 0.00874 0.7456 0.025831 0.0093042 0.74554 0.022668 0.0098113 0.74617 0.019737 0.010262 0.74747 0.017031 0.010656 0.74946 0.014557 0.010993 0.75223 0.012343 0.011274 -1.3407 0.0023668 0.072965 -1.3471 0.015706 0.075736 -1.3445 0.019501 0.076003 -1.3391 0.022573 0.07591 -1.3328 0.023411 0.075324 -1.326 0.022887 0.074217 -1.3188 0.02383 0.072838 -1.31 0.023644 0.07042 -1.3024 0.021185 0.067309 -1.2983 0.016592 0.064504 -1.2995 0.010187 0.063169 -1.3045 0.0034904 0.063203 -1.3115 -0.00090361 0.064613 -1.3084 -0.0050991 0.061698 -1.3041 -0.012091 0.056461 -1.3026 -0.02092 0.050738 -1.3046 -0.028643 0.046878 -1.3127 -0.031389 0.049166 -1.3223 -0.030926 0.053634 -1.3302 -0.02766 0.058312 -1.3349 -0.025137 0.060975 -1.3387 -0.032005 0.057875 -1.3451 -0.037116 0.056069 -1.3515 -0.038663 0.05621 -1.3567 -0.035146 0.058854 -1.3599 -0.028129 0.062648 -1.3609 -0.019811 0.066288 -1.3605 -0.012925 0.068842 -1.3615 -0.0063424 0.070859 -1.361 -0.00014019 0.072501 -1.3583 0.0052574 0.073865 -1.3546 0.0078983 0.074564 -1.3478 0.057303 0.13108 -1.3594 0.038618 0.12694 -1.3668 0.038352 0.12595 -1.376 0.042521 0.12555 -1.3831 0.050044 0.12589 -1.3889 0.059659 0.12641 -1.3971 0.068873 0.12606 -1.4051 0.081829 0.12544 -1.4086 0.095533 0.12474 -1.4056 0.1061 0.12445 -1.3952 0.11018 0.12543 -1.381 0.10859 0.12731 -1.3686 0.10163 0.12938 -1.3652 0.11074 0.12857 -1.3584 0.12501 0.12651 -1.3461 0.13738 0.12408 -1.3324 0.14305 0.12271 -1.3217 0.13311 0.12538 -1.3146 0.11738 0.12883 -1.3133 0.10169 0.13132 -1.3132 0.091987 0.13232 -1.299 0.094293 0.13167 -1.2851 0.090996 0.13127 -1.2766 0.083622 0.1313 -1.2774 0.072669 0.13171 -1.2853 0.060952 0.1318 -1.2973 0.051475 0.13136 -1.3081 0.045576 0.1307 -1.3167 0.038458 0.12942 -1.3258 0.033766 0.12822 -1.3359 0.032951 0.1276 -1.3428 0.035726 0.12782 -1.3731 -0.00024128 0.1719 -1.3524 0.0075855 0.16991 -1.3465 0.0031867 0.17005 -1.3419 -0.0055017 0.1707 -1.3407 -0.015357 0.17158 -1.3417 -0.025862 0.17241 -1.3406 -0.037204 0.17269 -1.3415 -0.051081 0.1727 -1.3462 -0.062945 0.17248 -1.3539 -0.06896 0.17237 -1.364 -0.066229 0.17277 -1.3742 -0.057361 0.17338 -1.3804 -0.045526 0.17383 -1.3876 -0.050144 0.17324 -1.3999 -0.056575 0.17173 -1.4151 -0.058684 0.16945 -1.4281 -0.055206 0.16725 -1.4315 -0.042043 0.16686 -1.4294 -0.026654 0.16707 -1.4229 -0.014334 0.16767 -1.4183 -0.0070879 0.16785 -1.4298 -0.00099826 0.1646 -1.4382 0.0089288 0.16107 -1.4406 0.018852 0.1587 -1.4344 0.02656 0.15855 -1.4226 0.031136 0.1599 -1.4089 0.032031 0.16191 -1.3977 0.030887 0.16358 -1.3871 0.031752 0.16424 -1.3773 0.030431 0.1651 -1.3687 0.025689 0.16655 -1.3645 0.019897 0.16799 -1.3386 0.015335 0.19765 -1.347 0.018498 0.1984 -1.3476 0.02136 0.19875 -1.3467 0.0252 0.19916 -1.3443 0.028466 0.19939 -1.3411 0.031366 0.1994 -1.3383 0.035146 0.19924 -1.3342 0.039197 0.19866 -1.3296 0.04167 0.19771 -1.3256 0.041487 0.19675 -1.3232 0.037947 0.19623 -1.3226 0.032488 0.19607 -1.3239 0.027154 0.1963 -1.3205 0.026728 0.19517 -1.3151 0.025618 0.193 -1.3101 0.022434 0.19032 -1.3072 0.018097 0.18814 -1.3098 0.013135 0.18832 -1.3147 0.0089195 0.18941 -1.32 0.0067842 0.19088 -1.3234 0.0057817 0.1917 -1.3218 0.0010681 0.18931 -1.3222 -0.0040114 0.1872 -1.3244 -0.0075638 0.1862 -1.3283 -0.0083044 0.18696 -1.3331 -0.0066457 0.1888 -1.3373 -0.0033686 0.19095 -1.3403 -0.00011492 0.19263 -1.3436 0.0023851 0.19378 -1.3462 0.005347 0.19488 -1.3473 0.0089674 0.19609 -1.3469 0.011749 0.19695 0.75011 -0.0013311 0.046315 0.75883 0.0048206 0.0479 0.76183 0.003509 0.047906 0.76467 8.8692e-05 0.047635 0.76604 -0.0042782 0.04708 0.76649 -0.0091646 0.046198 0.768 -0.014081 0.045066 0.76889 -0.020284 0.043214 0.76799 -0.025954 0.040978 0.76516 -0.029402 0.039095 0.76044 -0.029353 0.038407 0.75509 -0.026668 0.03876 0.75116 -0.022262 0.040035 0.74848 -0.024952 0.03808 0.74389 -0.028803 0.034568 0.73763 -0.030965 0.030828 0.73179 -0.030493 0.028424 0.72892 -0.025152 0.030277 0.72821 -0.018346 0.033576 0.7297 -0.012427 0.036892 0.73099 -0.0088069 0.03876 0.72555 -0.0069606 0.036892 0.72107 -0.0030899 0.035917 0.71917 0.0012758 0.036186 0.7211 0.0053222 0.038012 0.72579 0.008461 0.040489 0.73168 0.010149 0.042769 0.73668 0.010719 0.044313 0.74127 0.012241 0.045514 0.74577 0.012699 0.046439 0.74997 0.011417 0.047157 0.75233 0.0091553 0.047489 0.79022 0.009984 0.085383 0.77542 0.015861 0.083344 0.77426 0.021082 0.082789 0.77603 0.028104 0.082519 0.78045 0.034064 0.082615 0.78652 0.039339 0.082738 0.79198 0.046301 0.082306 0.80008 0.053611 0.081546 0.80927 0.057802 0.080622 0.81709 0.057023 0.079985 0.82132 0.050187 0.080338 0.82205 0.039994 0.081472 0.81879 0.030276 0.082958 0.82561 0.02905 0.081999 0.83645 0.026082 0.079913 0.84662 0.019038 0.077546 0.85229 0.010098 0.076134 0.84675 0.0012002 0.078181 0.83668 -0.0058026 0.081046 0.82588 -0.008769 0.083344 0.81908 -0.010021 0.084391 0.82247 -0.019773 0.083597 0.82189 -0.03003 0.08319 0.81776 -0.036933 0.083326 0.80995 -0.037776 0.084021 0.80069 -0.03366 0.08465 0.79249 -0.026431 0.084893 0.78694 -0.019534 0.084831 0.78079 -0.014367 0.084337 0.77629 -0.0084922 0.08382 0.77442 -0.0014944 0.083592 0.77551 0.0037684 0.083774 0.74805 0.020077 0.11664 0.7561 0.0064874 0.11458 0.75374 0.0018122 0.11474 0.74823 -0.0026028 0.11542 0.74146 -0.0046988 0.11638 0.73396 -0.0053198 0.11736 0.72611 -0.007534 0.11794 0.71621 -0.0086346 0.11847 0.70725 -0.006876 0.11882 0.70203 -0.0021372 0.11909 0.70269 0.005331 0.11946 0.7077 0.013591 0.11975 0.71528 0.019468 0.11975 0.71109 0.024008 0.11963 0.70495 0.031855 0.11902 0.70145 0.042364 0.11776 0.70218 0.051991 0.11631 0.71102 0.056089 0.11563 0.72215 0.056534 0.11518 0.73167 0.053544 0.11505 0.73737 0.051172 0.11483 0.74009 0.060079 0.11253 0.74589 0.067322 0.10984 0.7525 0.070291 0.10785 0.7587 0.066949 0.10736 0.76346 0.059179 0.10794 0.76591 0.049572 0.10908 0.76658 0.041488 0.1101 0.76854 0.034157 0.11034 0.76888 0.027035 0.11082 0.76667 0.020373 0.11186 0.76318 0.016642 0.11301 0.76438 -0.0025551 0.1336 0.76558 0.003788 0.13416 0.76754 0.0045609 0.13431 0.77038 0.0043602 0.13444 0.77299 0.0030975 0.13444 0.77544 0.0011914 0.13429 0.77845 -0.00028872 0.13399 0.7818 -0.0026481 0.13337 0.78409 -0.0055974 0.13253 0.78443 -0.0084362 0.13179 0.78221 -0.010529 0.13151 0.77844 -0.011689 0.13158 0.77451 -0.011412 0.13196 0.7746 -0.013875 0.13112 0.77441 -0.017792 0.12953 0.7727 -0.021728 0.12767 0.76991 -0.024253 0.12624 0.76609 -0.023048 0.12659 0.76255 -0.020163 0.1276 0.76043 -0.016707 0.1288 0.75933 -0.014448 0.12948 0.75612 -0.016151 0.12794 0.7524 -0.016487 0.12664 0.74959 -0.015402 0.1261 0.74859 -0.012694 0.12674 0.74924 -0.0091581 0.12805 0.75109 -0.005758 0.12953 0.75308 -0.0032792 0.13064 0.75447 -0.0006063 0.13142 0.75628 0.0015411 0.13214 0.75873 0.0028012 0.13288 0.76078 0.0028296 0.13337 -1.0902 0.045606 0.069147 -1.0901 0.032534 0.070986 -1.0937 0.03009 0.071983 -1.0995 0.029417 0.073292 -1.1053 0.031113 0.074277 -1.1111 0.034233 0.074842 -1.1181 0.036286 0.075398 -1.1264 0.040133 0.075271 -1.1327 0.045597 0.073922 -1.1348 0.051445 0.071716 -1.1311 0.05652 0.069479 -1.1236 0.060104 0.067752 -1.115 0.060693 0.06723 -1.1166 0.065834 0.064733 -1.1185 0.074123 0.059883 -1.1172 0.082941 0.053746 -1.1128 0.089192 0.048905 -1.1039 0.088048 0.049727 -1.0948 0.083246 0.052702 -1.0885 0.076645 0.056223 -1.0851 0.072204 0.058169 -1.0792 0.077196 0.054298 -1.0715 0.079474 0.05141 -1.065 0.078338 0.050547 -1.0616 0.072949 0.052392 -1.0615 0.065094 0.055624 -1.0641 0.057067 0.05904 -1.0675 0.051034 0.061617 -1.0694 0.044922 0.063408 -1.0724 0.039841 0.065087 -1.077 0.036511 0.066928 -1.0812 0.035966 0.068285 -1.0921 -0.017665 0.12534 -1.0783 -0.0018725 0.12134 -1.0711 -0.0025296 0.11858 -1.0629 -0.0078888 0.11519 -1.0574 -0.016318 0.11247 -1.0534 -0.026644 0.10982 -1.0471 -0.037045 0.1053 -1.0418 -0.051123 0.099604 -1.0413 -0.065131 0.094938 -1.0465 -0.074909 0.093419 -1.0574 -0.077073 0.097054 -1.0706 -0.073018 0.10385 -1.0811 -0.063958 0.11111 -1.0864 -0.072247 0.1092 -1.0966 -0.084839 0.10553 -1.112 -0.094462 0.10291 -1.1274 -0.0973 0.10287 -1.1356 -0.085819 0.10969 -1.1386 -0.069453 0.11761 -1.136 -0.05411 0.12345 -1.1336 -0.044731 0.12621 -1.1491 -0.044274 0.12642 -1.1632 -0.038322 0.12748 -1.1706 -0.029445 0.12912 -1.1674 -0.018944 0.13121 -1.1565 -0.0091233 0.13258 -1.142 -0.002295 0.13259 -1.1296 0.001236 0.13171 -1.1196 0.0064673 0.13037 -1.1096 0.0092106 0.12862 -1.0996 0.007901 0.12677 -1.0933 0.0036232 0.12566 -1.0402 0.039155 0.15138 -1.0616 0.036757 0.14945 -1.0667 0.041798 0.1469 -1.0691 0.050958 0.1433 -1.0672 0.060752 0.13996 -1.0628 0.070919 0.13645 -1.0601 0.082848 0.13114 -1.054 0.096826 0.12429 -1.0442 0.10755 0.11839 -1.0332 0.1113 0.1159 -1.0232 0.10558 0.11909 -1.0161 0.093726 0.12592 -1.0148 0.080031 0.13369 -1.0048 0.082613 0.13095 -0.98798 0.085113 0.12602 -0.96945 0.081841 0.12231 -0.95589 0.073575 0.12175 -0.95806 0.059673 0.12931 -0.96776 0.045757 0.13845 -0.98105 0.036422 0.14555 -0.98978 0.031242 0.1491 -0.97844 0.020375 0.1491 -0.97228 0.0063841 0.15043 -0.9733 -0.0052211 0.15272 -0.98346 -0.010709 0.15576 -0.99888 -0.010406 0.15818 -1.0148 -0.005424 0.15903 -1.0266 0.0005486 0.15869 -1.0378 0.0035129 0.15805 -1.0471 0.0082188 0.1568 -1.0534 0.015945 0.15507 -1.0547 0.023304 0.1537 -1.1065 0.020513 0.1871 -1.0892 0.013139 0.18332 -1.0882 0.0068612 0.18219 -1.0906 -0.0014613 0.18127 -1.0958 -0.008425 0.1809 -1.1028 -0.014447 0.18061 -1.109 -0.022186 0.17922 -1.118 -0.030219 0.17729 -1.1281 -0.034721 0.17559 -1.1366 -0.033681 0.17509 -1.1412 -0.025907 0.1768 -1.142 -0.014358 0.1798 -1.1386 -0.0033371 0.18287 -1.146 -0.0016849 0.18189 -1.1576 0.0020437 0.17967 -1.1685 0.010388 0.17737 -1.1745 0.020796 0.17608 -1.1685 0.031058 0.17853 -1.1577 0.039204 0.18176 -1.1462 0.042779 0.18439 -1.1388 0.044383 0.18555 -1.1423 0.055633 0.18374 -1.1416 0.067439 0.18204 -1.1371 0.075388 0.18122 -1.1286 0.076445 0.18184 -1.1185 0.071881 0.18302 -1.1094 0.063771 0.18405 -1.1031 0.055987 0.18456 -1.0961 0.050032 0.18419 -1.0908 0.043118 0.18377 -1.0884 0.034769 0.18375 -1.0892 0.0284 0.18418 -1.0703 0.0050318 0.20434 -1.0721 0.015759 0.20373 -1.0696 0.017982 0.20308 -1.0651 0.019137 0.20229 -1.0604 0.018493 0.2016 -1.0557 0.016726 0.20082 -1.0504 0.015861 0.19961 -1.0443 0.013725 0.19788 -1.0395 0.010087 0.19609 -1.0376 0.0056574 0.19489 -1.0399 0.0012045 0.19507 -1.0448 -0.0025039 0.19636 -1.0507 -0.0039902 0.1983 -1.0495 -0.0079906 0.19698 -1.0482 -0.01458 0.19455 -1.0493 -0.02205 0.19222 -1.0526 -0.027764 0.19118 -1.0587 -0.027762 0.19382 -1.0651 -0.024848 0.19743 -1.0697 -0.020273 0.20043 -1.0724 -0.01717 0.20199 -1.0767 -0.02184 0.20178 -1.0823 -0.024587 0.20231 -1.0872 -0.02448 0.20335 -1.09 -0.020629 0.20471 -1.0907 -0.014482 0.2058 -1.0895 -0.0078809 0.20627 -1.0877 -0.0027237 0.20628 -1.087 0.0023539 0.20613 -1.0854 0.0068319 0.20574 -1.0822 0.010281 0.20524 -1.0791 0.011549 0.20491 -0.72386 -0.04987 0.062893 -0.72673 -0.037091 0.066155 -0.72365 -0.033915 0.067198 -0.71794 -0.031998 0.068232 -0.71171 -0.032399 0.068683 -0.70515 -0.034164 0.068549 -0.69767 -0.034593 0.068438 -0.68864 -0.036456 0.067353 -0.68123 -0.04026 0.064964 -0.67796 -0.045354 0.061932 -0.6807 -0.051063 0.059343 -0.68751 -0.056238 0.057694 -0.69594 -0.058798 0.057671 -0.69343 -0.063302 0.05445 -0.69011 -0.070647 0.048449 -0.68992 -0.079149 0.041276 -0.69329 -0.085953 0.035919 -0.70229 -0.086983 0.037485 -0.7122 -0.084642 0.041676 -0.7196 -0.079888 0.046424 -0.72381 -0.076458 0.049125 -0.7289 -0.08246 0.045003 -0.73628 -0.086278 0.042301 -0.74307 -0.08661 0.041966 -0.74746 -0.08222 0.044657 -0.74907 -0.074748 0.048822 -0.74798 -0.066473 0.053009 -0.74583 -0.059937 0.056076 -0.74514 -0.053582 0.058431 -0.74318 -0.04799 0.060492 -0.7392 -0.043765 0.062431 -0.73503 -0.042355 0.063607 -0.73135 0.0083427 0.12743 -0.74178 -0.010203 0.12258 -0.7493 -0.011 0.12027 -0.75892 -0.0073142 0.11788 -0.76663 -4.0054e-05 0.11632 -0.77313 0.0094984 0.11491 -0.78219 0.018709 0.11175 -0.79117 0.031911 0.10768 -0.79531 0.046075 0.10435 -0.79253 0.057121 0.10344 -0.78187 0.061517 0.10669 -0.7672 0.06002 0.1124 -0.75411 0.052869 0.11826 -0.75085 0.062513 0.11679 -0.74396 0.077709 0.11361 -0.7311 0.091104 0.11086 -0.71651 0.097539 0.11008 -0.7051 0.087507 0.11539 -0.69767 0.071305 0.12167 -0.69628 0.054964 0.12629 -0.69626 0.044866 0.12834 -0.68072 0.048055 0.12746 -0.66527 0.045388 0.12699 -0.65573 0.038196 0.12726 -0.65634 0.02685 0.12854 -0.6648 0.014428 0.12968 -0.67763 0.0042443 0.12995 -0.68924 -0.0021064 0.12952 -0.69808 -0.0095243 0.12826 -0.70747 -0.014432 0.12684 -0.71792 -0.015342 0.12574 -0.72525 -0.012491 0.12546 -0.76744 -0.062446 0.15193 -0.74698 -0.054872 0.14874 -0.741 -0.058442 0.14525 -0.73686 -0.066639 0.14041 -0.73675 -0.076485 0.13607 -0.7392 -0.087306 0.13168 -0.73959 -0.099287 0.12513 -0.74311 -0.11398 0.11702 -0.75087 -0.12639 0.11046 -0.76121 -0.13249 0.10824 -0.77207 -0.12944 0.1128 -0.78122 -0.11997 0.12157 -0.78491 -0.10738 0.13111 -0.79456 -0.11207 0.12869 -0.8111 -0.11808 0.12446 -0.83058 -0.11888 0.12222 -0.84596 -0.11383 0.12342 -0.8463 -0.10021 0.13253 -0.83902 -0.084934 0.14277 -0.82733 -0.073175 0.15018 -0.81953 -0.066297 0.1538 -0.83326 -0.0582 0.15568 -0.84244 -0.045906 0.15894 -0.84388 -0.034367 0.16243 -0.83477 -0.026802 0.16546 -0.81919 -0.023682 0.16689 -0.80221 -0.024951 0.16619 -0.78912 -0.028047 0.16441 -0.77736 -0.028283 0.16269 -0.76718 -0.030647 0.16029 -0.75934 -0.036671 0.15727 -0.75653 -0.043544 0.155 -0.70268 -0.031485 0.18632 -0.72194 -0.027939 0.18435 -0.72439 -0.021837 0.1839 -0.72403 -0.012955 0.18365 -0.72049 -0.0047948 0.18364 -0.71497 0.002841 0.18349 -0.7107 0.012094 0.18245 -0.70374 0.022351 0.18067 -0.6949 0.029341 0.17871 -0.68626 0.030359 0.17751 -0.6798 0.023583 0.17816 -0.67609 0.012068 0.18001 -0.67669 7.1764e-05 0.18227 -0.66911 0.0002532 0.18059 -0.65693 -0.00050902 0.17713 -0.64444 -0.0060129 0.17315 -0.63618 -0.014789 0.17033 -0.63952 -0.026574 0.1722 -0.64809 -0.037474 0.17542 -0.65854 -0.043977 0.17854 -0.66535 -0.047397 0.18007 -0.65945 -0.057555 0.17679 -0.65761 -0.069272 0.17386 -0.66034 -0.078136 0.17249 -0.66847 -0.08124 0.17359 -0.67947 -0.079211 0.17597 -0.69026 -0.073411 0.17849 -0.69823 -0.067223 0.18025 -0.70659 -0.062944 0.18095 -0.71344 -0.057299 0.1816 -0.71776 -0.049598 0.18261 -0.71831 -0.04312 0.18365 -0.74057 -0.026184 0.20819 -0.73642 -0.036341 0.20633 -0.73851 -0.03909 0.2056 -0.74274 -0.041216 0.20496 -0.7476 -0.041622 0.20463 -0.75279 -0.040922 0.20433 -0.75832 -0.041199 0.20352 -0.76506 -0.04038 0.20237 -0.77082 -0.037749 0.20122 -0.77376 -0.033687 0.20057 -0.77251 -0.028758 0.20106 -0.76832 -0.024027 0.20244 -0.76267 -0.021345 0.20421 -0.76488 -0.017545 0.20334 -0.76789 -0.011105 0.20159 -0.76873 -0.0032458 0.19989 -0.76689 0.0032761 0.19919 -0.76056 0.004488 0.20151 -0.7532 0.0027969 0.2045 -0.74731 -0.00091314 0.20682 -0.74382 -0.0034981 0.20794 -0.74067 0.0021544 0.20791 -0.73562 0.0061653 0.20836 -0.73065 0.0071208 0.20909 -0.72689 0.0038414 0.20991 -0.72472 -0.0021863 0.21035 -0.72436 -0.0090506 0.21024 -0.72497 -0.014587 0.20984 -0.72452 -0.019768 0.2092 -0.72514 -0.024554 0.20844 -0.72749 -0.028662 0.20778 -0.7304 -0.030641 0.20752 -0.47269 -0.0071054 0.055387 -0.46121 -0.008626 0.057012 -0.45947 -0.012075 0.057774 -0.45955 -0.017278 0.05874 -0.46171 -0.022208 0.059419 -0.46512 -0.026995 0.059724 -0.46773 -0.032938 0.059978 -0.47206 -0.039711 0.059582 -0.47758 -0.044591 0.058162 -0.48296 -0.045729 0.056124 -0.48698 -0.041801 0.054263 -0.48925 -0.034718 0.052989 -0.48878 -0.027101 0.052825 -0.49347 -0.027805 0.050546 -0.50095 -0.028333 0.046158 -0.50853 -0.02598 0.040732 -0.5135 -0.021236 0.036569 -0.51148 -0.013608 0.037612 -0.50622 -0.0062313 0.040585 -0.49971 -0.0016129 0.043942 -0.49543 0.00078797 0.045793 -0.49912 0.0066919 0.042549 -0.50023 0.013812 0.040241 -0.49848 0.019424 0.039697 -0.49337 0.021674 0.041455 -0.48647 0.020761 0.044335 -0.47973 0.017408 0.047284 -0.47482 0.013707 0.049461 -0.46968 0.011245 0.050985 -0.46557 0.0079765 0.052373 -0.46318 0.0034811 0.053852 -0.46319 -0.00031209 0.054916 -0.41751 -0.018 0.10545 -0.42978 -0.0039475 0.10238 -0.42838 0.0023689 0.10016 -0.42272 0.0090272 0.097411 -0.41467 0.013055 0.095165 -0.40514 0.015409 0.092915 -0.39526 0.019929 0.089083 -0.38227 0.023153 0.084156 -0.3699 0.022169 0.079984 -0.3619 0.016541 0.07843 -0.36127 0.006588 0.081292 -0.36637 -0.0047886 0.08691 -0.37555 -0.013175 0.093046 -0.36888 -0.018767 0.09114 -0.35898 -0.029013 0.087478 -0.35229 -0.043549 0.08458 -0.35156 -0.057354 0.084004 -0.36261 -0.063504 0.08983 -0.37735 -0.064538 0.096825 -0.39054 -0.060644 0.10216 -0.39851 -0.057569 0.10473 -0.4007 -0.071157 0.10437 -0.40755 -0.082886 0.10483 -0.41621 -0.088434 0.10605 -0.42506 -0.084475 0.10804 -0.43244 -0.073824 0.10967 -0.43677 -0.060309 0.11019 -0.43844 -0.048964 0.10985 -0.44188 -0.039555 0.10901 -0.44314 -0.030454 0.1078 -0.44083 -0.021715 0.10649 -0.43635 -0.016637 0.10572 -0.46154 0.033082 0.13061 -0.46188 0.014147 0.12814 -0.46689 0.010339 0.12569 -0.47519 0.009418 0.1224 -0.48357 0.012277 0.1195 -0.49198 0.0175 0.11653 -0.50213 0.021388 0.11189 -0.51368 0.028623 0.10601 -0.52196 0.038617 0.1011 -0.52397 0.048839 0.099262 -0.51782 0.056772 0.10245 -0.50662 0.061415 0.10879 -0.49447 0.060693 0.11576 -0.49557 0.069919 0.11367 -0.49582 0.085119 0.10985 -0.4908 0.10114 0.10718 -0.48199 0.1121 0.10715 -0.47005 0.10834 0.11381 -0.45897 0.097903 0.12162 -0.45232 0.084922 0.12748 -0.44879 0.076541 0.13034 -0.43794 0.085241 0.13071 -0.42495 0.088993 0.13211 -0.41488 0.086687 0.13409 -0.41124 0.07703 0.13645 -0.41328 0.063454 0.13807 -0.41949 0.05006 0.13828 -0.42609 0.040357 0.13757 -0.42998 0.030869 0.13661 -0.43518 0.0233 0.13518 -0.44268 0.018736 0.13342 -0.44929 0.018517 0.13216 -0.4529 -0.028488 0.16018 -0.44441 -0.013961 0.15741 -0.43879 -0.01383 0.15642 -0.43175 -0.016825 0.1555 -0.42623 -0.022186 0.15498 -0.42174 -0.028986 0.15446 -0.41566 -0.035278 0.15299 -0.40963 -0.044058 0.15094 -0.40683 -0.053385 0.14906 -0.40872 -0.060713 0.14832 -0.41608 -0.063887 0.1497 -0.42633 -0.063379 0.15237 -0.43562 -0.059215 0.15525 -0.43791 -0.065443 0.15411 -0.44252 -0.075136 0.15173 -0.45109 -0.083639 0.14931 -0.46092 -0.0877 0.14796 -0.46926 -0.081385 0.15037 -0.47518 -0.071083 0.15365 -0.477 -0.060593 0.15641 -0.47756 -0.05401 0.15771 -0.48784 -0.055745 0.15598 -0.49813 -0.053706 0.15451 -0.50459 -0.048817 0.15394 -0.50454 -0.04126 0.15479 -0.49937 -0.032922 0.1562 -0.49121 -0.025903 0.15742 -0.48365 -0.021303 0.15809 -0.47761 -0.01581 0.15799 -0.47093 -0.011963 0.1578 -0.46332 -0.010787 0.15786 -0.45783 -0.012296 0.15819 -0.4352 0.00089335 0.17684 -0.44482 0.00058889 0.17625 -0.44648 0.0031106 0.17576 -0.44697 0.0071867 0.17521 -0.44587 0.011249 0.17476 -0.44377 0.015244 0.17423 -0.4424 0.019804 0.17333 -0.43981 0.025015 0.172 -0.43606 0.028874 0.17056 -0.43196 0.030014 0.16954 -0.42831 0.027511 0.16962 -0.42562 0.022689 0.17059 -0.425 0.01731 0.17211 -0.42134 0.017936 0.17098 -0.4154 0.018395 0.16883 -0.40896 0.016672 0.1667 -0.40431 0.013187 0.16565 -0.40503 0.0077102 0.1678 -0.40833 0.0022852 0.1708 -0.41289 -0.0013368 0.17333 -0.41593 -0.0033708 0.17464 -0.41232 -0.0076509 0.17429 -0.41055 -0.012957 0.17456 -0.41121 -0.017274 0.17532 -0.41492 -0.01932 0.17644 -0.4204 -0.019243 0.1774 -0.42606 -0.017449 0.17787 -0.43038 -0.015274 0.17795 -0.43476 -0.014074 0.17785 -0.43851 -0.012121 0.17757 -0.44118 -0.0089729 0.17724 -0.44192 -0.0060165 0.17706 0.13073 0.035471 0.052745 0.13186 0.023452 0.054667 0.12875 0.020901 0.055495 0.12343 0.019795 0.056493 0.1179 0.020869 0.05715 0.11223 0.023243 0.057402 0.10556 0.024529 0.057636 0.097638 0.027352 0.05719 0.091366 0.031811 0.055684 0.088943 0.036975 0.053539 0.092005 0.041942 0.05156 0.098693 0.045879 0.05018 0.10657 0.047168 0.049964 0.10475 0.051725 0.047595 0.10245 0.059117 0.043068 0.10306 0.06725 0.037487 0.10672 0.073313 0.033202 0.11497 0.073054 0.03422 0.12374 0.069485 0.037231 0.12998 0.064012 0.040679 0.13344 0.06025 0.0426 0.13859 0.065305 0.039246 0.14558 0.06803 0.036875 0.15171 0.067538 0.036335 0.1552 0.062896 0.038186 0.15589 0.05572 0.041222 0.15406 0.048146 0.044342 0.15144 0.042336 0.046654 0.15013 0.036561 0.048316 0.14776 0.031642 0.049824 0.14374 0.028199 0.051387 0.13987 0.027352 0.052472 0.13272 -0.022022 0.10375 0.14418 -0.0063159 0.10027 0.15094 -0.0063419 0.098062 0.15904 -0.01063 0.095439 0.16501 -0.017965 0.093397 0.16962 -0.027193 0.091404 0.17651 -0.036314 0.087839 0.1828 -0.048939 0.083286 0.18466 -0.0619 0.079498 0.18077 -0.071404 0.078222 0.17078 -0.074293 0.081154 0.15801 -0.071591 0.086668 0.14735 -0.064019 0.092562 0.14319 -0.072172 0.090903 0.13502 -0.08475 0.087635 0.12174 -0.09503 0.085075 0.10782 -0.099 0.084645 0.099005 -0.089009 0.090163 0.094552 -0.074031 0.096694 0.095481 -0.059537 0.10158 0.096775 -0.050624 0.10388 0.082402 -0.051566 0.10359 0.068845 -0.047296 0.10397 0.061175 -0.03973 0.10499 0.063161 -0.029722 0.10669 0.072318 -0.019678 0.10802 0.085098 -0.012104 0.1083 0.096282 -0.0077693 0.10782 0.10507 -0.0020905 0.10681 0.11406 0.0012825 0.10551 0.12351 0.00092483 0.1042 0.12973 -0.0024872 0.10351 0.17471 0.035427 0.12701 0.1553 0.031301 0.12472 0.15023 0.035456 0.12221 0.14734 0.043629 0.11874 0.14829 0.052764 0.11563 0.15165 0.062471 0.11243 0.15323 0.073611 0.10755 0.15789 0.086919 0.10137 0.16613 0.097561 0.09621 0.17608 0.10194 0.094255 0.18562 0.0976 0.097502 0.193 0.087418 0.10401 0.19513 0.075041 0.11122 0.20427 0.078258 0.10905 0.2197 0.08195 0.10514 0.2372 0.080494 0.1025 0.25044 0.074051 0.1026 0.24941 0.061177 0.10953 0.24138 0.047655 0.11762 0.22972 0.038006 0.1237 0.22201 0.032525 0.1267 0.23341 0.023498 0.12728 0.24027 0.011159 0.12896 0.24027 0.00040674 0.13121 0.23128 -0.0054932 0.13372 0.21696 -0.0065253 0.13538 0.20186 -0.0033112 0.13554 0.19042 0.0011494 0.13475 0.17983 0.0028844 0.13378 0.17089 0.0063851 0.1323 0.16448 0.012928 0.1304 0.16271 0.019579 0.12899 0.11406 0.013058 0.15699 0.13084 0.0077136 0.15434 0.13228 0.0019834 0.15351 0.13086 -0.0059178 0.15282 0.12667 -0.012807 0.15249 0.12078 -0.018981 0.15216 0.11577 -0.026691 0.15092 0.1082 -0.034931 0.14913 0.099331 -0.040004 0.14743 0.091412 -0.039802 0.14671 0.086467 -0.033001 0.1479 0.084613 -0.022364 0.15027 0.086711 -0.011841 0.15283 0.079818 -0.010981 0.15171 0.068846 -0.008605 0.14932 0.058164 -0.0019071 0.14677 0.051725 0.007138 0.14521 0.056238 0.017173 0.14732 0.065385 0.025697 0.15031 0.075677 0.030062 0.1529 0.082266 0.032208 0.15411 0.078094 0.042243 0.15215 0.077772 0.053164 0.15041 0.081253 0.060877 0.14963 0.088976 0.062611 0.15041 0.098694 0.059315 0.15187 0.10776 0.052654 0.15323 0.11422 0.046036 0.15405 0.12123 0.041153 0.15406 0.12671 0.035232 0.15401 0.12968 0.027744 0.15426 0.12942 0.021801 0.15475 0.14824 0.0022788 0.17365 0.14568 0.012006 0.17282 0.14787 0.01427 0.17227 0.15191 0.015713 0.17168 0.15631 0.015519 0.17123 0.16087 0.014292 0.17072 0.16583 0.013935 0.16983 0.17175 0.012474 0.16854 0.17655 0.0095069 0.16718 0.17866 0.0055602 0.16628 0.17696 0.0012574 0.16647 0.17267 -0.0025759 0.16754 0.16734 -0.0044265 0.16911 0.16882 -0.0080366 0.16808 0.17066 -0.014047 0.16611 0.17039 -0.021075 0.16419 0.16791 -0.026652 0.1633 0.16217 -0.027141 0.16545 0.15588 -0.024951 0.16838 0.15114 -0.021081 0.17079 0.14837 -0.018424 0.17202 0.14484 -0.023111 0.17181 0.13984 -0.026134 0.17217 0.13528 -0.026446 0.17294 0.13234 -0.023114 0.17397 0.13114 -0.017483 0.17477 0.13166 -0.01128 0.17507 0.13287 -0.0063636 0.17502 0.13308 -0.0016217 0.17479 0.13419 0.0026445 0.1744 0.13678 0.0060909 0.17397 0.13962 0.007535 0.17375 -0.19912 0.030638 0.064802 -0.19413 0.017275 0.064445 -0.1967 0.013498 0.063565 -0.20215 0.010733 0.062257 -0.20853 0.010411 0.060988 -0.21546 0.011612 0.059625 -0.22307 0.011411 0.057689 -0.23243 0.012851 0.055163 -0.24041 0.01682 0.052905 -0.24442 0.022648 0.051808 -0.24253 0.029428 0.052711 -0.23651 0.035681 0.054951 -0.22848 0.038906 0.057664 -0.2316 0.044289 0.056516 -0.23582 0.053418 0.054483 -0.23696 0.064386 0.05288 -0.23433 0.073335 0.052499 -0.22552 0.074552 0.05527 -0.2154 0.071565 0.05875 -0.20743 0.065769 0.061566 -0.20278 0.061755 0.063036 -0.19828 0.06966 0.06294 -0.19115 0.075099 0.063449 -0.1842 0.076172 0.064393 -0.17918 0.071244 0.065701 -0.1766 0.062477 0.066831 -0.17665 0.052671 0.067389 -0.17799 0.044912 0.067454 -0.17778 0.037746 0.067414 -0.17897 0.031342 0.067102 -0.18244 0.026165 0.066543 -0.18654 0.024024 0.066032 -0.1756 -0.020782 0.10411 -0.17217 0.001328 0.10878 -0.16596 0.0037272 0.11012 -0.15687 0.0025275 0.11138 -0.14848 -0.0023608 0.1118 -0.14053 -0.0094206 0.11137 -0.13078 -0.014992 0.11082 -0.1198 -0.023543 0.10884 -0.11203 -0.033828 0.10523 -0.11045 -0.043386 0.10102 -0.11721 -0.050122 0.097748 -0.12913 -0.053587 0.095861 -0.14182 -0.052258 0.096118 -0.14103 -0.060394 0.091624 -0.14071 -0.073114 0.083349 -0.14517 -0.085532 0.073579 -0.15341 -0.093226 0.066286 -0.16613 -0.089016 0.0683 -0.17837 -0.079371 0.073868 -0.18602 -0.06787 0.080296 -0.19005 -0.060272 0.083976 -0.2 -0.065363 0.078018 -0.21183 -0.065844 0.073926 -0.22105 -0.061763 0.073172 -0.22472 -0.052552 0.076854 -0.22319 -0.040724 0.082812 -0.21768 -0.029431 0.088937 -0.21159 -0.021228 0.093478 -0.20737 -0.012146 0.096977 -0.20172 -0.0049233 0.10009 -0.19396 -0.00092626 0.10307 -0.18744 -0.0012081 0.10493 -0.14138 0.04481 0.1187 -0.16617 0.035935 0.11256 -0.17255 0.041168 0.11035 -0.177 0.051664 0.10835 -0.1771 0.063618 0.10735 -0.17442 0.076391 0.10666 -0.174 0.090325 0.10443 -0.17052 0.10732 0.10165 -0.16267 0.12169 0.099589 -0.15194 0.12877 0.099441 -0.14014 0.1251 0.1025 -0.12963 0.11392 0.10743 -0.12456 0.099208 0.11227 -0.11457 0.10461 0.11156 -0.097661 0.1119 0.10973 -0.077594 0.11362 0.10831 -0.061483 0.10854 0.10829 -0.060013 0.092328 0.11265 -0.066159 0.073756 0.11751 -0.077066 0.05919 0.12082 -0.084474 0.050667 0.12217 -0.070458 0.042268 0.12204 -0.060941 0.029194 0.12205 -0.059266 0.016555 0.12231 -0.068326 0.0074415 0.12288 -0.084151 0.0027373 0.12297 -0.10172 0.0027893 0.12227 -0.1156 0.005161 0.12118 -0.12852 0.0047963 0.11934 -0.14015 0.0070381 0.11744 -0.14967 0.013461 0.116 -0.1538 0.020957 0.11561 -0.22744 0.0082734 0.1567 -0.20484 9.4891e-05 0.15335 -0.20336 -0.0071979 0.15182 -0.20616 -0.016984 0.15025 -0.21279 -0.025267 0.14922 -0.22176 -0.032506 0.14826 -0.22969 -0.041814 0.14624 -0.24133 -0.051496 0.14361 -0.25447 -0.05695 0.14134 -0.26566 -0.055769 0.14052 -0.27184 -0.046568 0.14229 -0.27316 -0.032896 0.14572 -0.26885 -0.019857 0.14949 -0.27852 -0.017946 0.14832 -0.29379 -0.01351 0.14592 -0.3081 -0.0035169 0.14384 -0.31609 0.0089259 0.14322 -0.30843 0.020984 0.14697 -0.29438 0.030449 0.15154 -0.27922 0.034491 0.15502 -0.2696 0.036278 0.15665 -0.27427 0.04976 0.15628 -0.27333 0.063915 0.1564 -0.26739 0.073434 0.15702 -0.25624 0.074648 0.15815 -0.24294 0.06912 0.15901 -0.23105 0.059372 0.15917 -0.22287 0.050053 0.15881 -0.2137 0.043044 0.15794 -0.20686 0.034945 0.15688 -0.20379 0.025149 0.15595 -0.20508 0.017661 0.15559 -0.1527 -0.014791 0.16342 -0.16377 0.0034196 0.16301 -0.16089 0.009758 0.16223 -0.15351 0.015575 0.16122 -0.14418 0.018137 0.16027 -0.13371 0.018661 0.1591 -0.12267 0.021448 0.15719 -0.10871 0.022498 0.15436 -0.096112 0.01949 0.15129 -0.088791 0.012477 0.14915 -0.089743 0.002048 0.1493 -0.096799 -0.009093 0.15125 -0.10752 -0.016598 0.15429 -0.10165 -0.023253 0.15191 -0.093234 -0.034816 0.14744 -0.088758 -0.050005 0.1429 -0.090238 -0.063614 0.14044 -0.10262 -0.068492 0.14441 -0.11803 -0.067882 0.15014 -0.1311 -0.062516 0.15512 -0.13892 -0.058472 0.15772 -0.14331 -0.071113 0.15632 -0.15212 -0.081128 0.15609 -0.16183 -0.084915 0.15711 -0.17043 -0.079607 0.15939 -0.17662 -0.068052 0.16176 -0.17934 -0.05411 0.16337 -0.17964 -0.042593 0.16411 -0.18201 -0.032309 0.16439 -0.18213 -0.022589 0.16434 -0.17858 -0.01383 0.16416 -0.17327 -0.0092487 0.16404 -0.19457 0.034816 0.18179 -0.19416 0.020567 0.18074 -0.1978 0.017795 0.17912 -0.20381 0.016843 0.17673 -0.20987 0.018467 0.17447 -0.21591 0.021691 0.17217 -0.22292 0.023808 0.16892 -0.23095 0.027991 0.16491 -0.23689 0.034136 0.16171 -0.23866 0.040831 0.16067 -0.23485 0.046647 0.16288 -0.22747 0.050739 0.16702 -0.21917 0.051394 0.17145 -0.2202 0.057408 0.17039 -0.22091 0.067288 0.16862 -0.21812 0.077998 0.16784 -0.21252 0.085681 0.16847 -0.20392 0.084229 0.17221 -0.19553 0.078422 0.17643 -0.19011 0.070606 0.17964 -0.18712 0.065451 0.1813 -0.1799 0.071602 0.18164 -0.17099 0.07466 0.18251 -0.16384 0.073647 0.18367 -0.16079 0.067515 0.1851 -0.16149 0.058457 0.18626 -0.16508 0.049182 0.1867 -0.16912 0.042213 0.18655 -0.1714 0.03534 0.18629 -0.17476 0.029585 0.18566 -0.1799 0.025648 0.18462 -0.18459 0.024767 0.18368 -0.19105 -0.0012369 0.20595 -0.18322 0.004487 0.20431 -0.18041 0.0032969 0.20411 -0.17767 0.00017977 0.20423 -0.17626 -0.003824 0.20459 -0.17572 -0.0083537 0.20498 -0.17425 -0.012975 0.20504 -0.17341 -0.018895 0.20495 -0.17429 -0.024417 0.20471 -0.17699 -0.027879 0.2045 -0.18141 -0.027959 0.20466 -0.18637 -0.025459 0.20512 -0.18998 -0.021231 0.20569 -0.1926 -0.024041 0.20524 -0.19718 -0.028221 0.20416 -0.20341 -0.030942 0.20281 -0.20918 -0.031023 0.20185 -0.21177 -0.025827 0.20263 -0.21222 -0.019018 0.20384 -0.21061 -0.013017 0.20485 -0.20932 -0.0093896 0.20528 -0.21471 -0.0081148 0.20452 -0.21917 -0.0048459 0.20386 -0.2211 -0.00088167 0.20357 -0.21925 0.0031073 0.20376 -0.21474 0.006403 0.20407 -0.2091 0.0083499 0.2043 -0.20431 0.0091472 0.20438 -0.20002 0.010716 0.20409 -0.19581 0.011281 0.20384 -0.19178 0.010259 0.20387 -0.18945 0.0083034 0.20418 -0.15389 0.03113 0.15403 -0.16411 0.038921 0.15171 -0.16363 0.042951 0.15137 -0.16067 0.047628 0.15137 -0.15609 0.050943 0.15171 -0.15053 0.053359 0.15217 -0.14522 0.056964 0.15222 -0.13804 0.060263 0.15224 -0.13076 0.061233 0.15231 -0.12541 0.059103 0.15257 -0.12371 0.053531 0.15323 -0.12504 0.046292 0.15407 -0.12903 0.040115 0.15475 -0.12455 0.037827 0.15475 -0.11767 0.033567 0.15446 -0.11204 0.026657 0.154 -0.10987 0.019325 0.15364 -0.11541 0.014067 0.15408 -0.12374 0.010907 0.15461 -0.13183 0.010665 0.15492 -0.13685 0.010922 0.15494 -0.13649 0.0035708 0.15435 -0.13896 -0.0033729 0.1536 -0.14323 -0.0073521 0.153 -0.14892 -0.0065269 0.15275 -0.15474 -0.0020447 0.15265 -0.15931 0.0044003 0.15256 -0.16211 0.010181 0.15245 -0.16571 0.015047 0.15195 -0.16802 0.020204 0.15155 -0.16825 0.025735 0.15149 -0.16665 0.02947 0.15178 -0.15389 0.03113 0.15403 -0.15863 0.020391 0.15429 -0.16226 0.019937 0.15413 -0.16695 0.021542 0.1539 -0.17078 0.024868 0.15361 -0.17402 0.029223 0.15315 -0.17827 0.033051 0.15241 -0.18262 0.038506 0.15119 -0.18497 0.044509 0.14973 -0.18421 0.049505 0.14855 -0.17968 0.052176 0.14828 -0.17307 0.052641 0.14878 -0.16685 0.050617 0.14987 -0.16577 0.054846 0.14857 -0.16348 0.061422 0.14617 -0.15862 0.06741 0.14359 -0.15267 0.070578 0.14198 -0.14693 0.067027 0.14352 -0.14244 0.060733 0.14604 -0.14055 0.05402 0.14842 -0.13974 0.04973 0.1497 -0.13341 0.051341 0.14854 -0.12685 0.050445 0.14796 -0.12251 0.047483 0.14817 -0.12206 0.042448 0.14934 -0.12477 0.03661 0.15083 -0.12946 0.031452 0.15211 -0.13394 0.02791 0.1529 -0.13745 0.023776 0.1534 -0.14149 0.020707 0.15374 -0.14627 0.019413 0.15403 -0.14986 0.020103 0.15423 0.4948 -0.010174 0.078429 0.47817 -0.0088496 0.077707 0.47545 -0.0042322 0.076771 0.47523 0.0029733 0.075473 0.47807 0.0099518 0.074277 0.48279 0.016762 0.073003 0.48638 0.025017 0.071075 0.49258 0.034341 0.06854 0.50078 0.040943 0.066266 0.50897 0.042363 0.065183 0.51521 0.036979 0.066191 0.51882 0.02741 0.068582 0.51822 0.01719 0.071424 0.5255 0.017886 0.070236 0.53731 0.017941 0.068066 0.54955 0.013813 0.066263 0.55776 0.0066216 0.065719 0.55464 -0.0034332 0.068583 0.5464 -0.012846 0.072208 0.53625 -0.018555 0.075139 0.52966 -0.021574 0.07664 0.53584 -0.030235 0.076338 0.53808 -0.040503 0.076616 0.53577 -0.048441 0.077401 0.52804 -0.051387 0.078689 0.51743 -0.04985 0.079868 0.50704 -0.044979 0.080494 0.49947 -0.039731 0.080604 0.49176 -0.036422 0.080517 0.48556 -0.03199 0.080178 0.48179 -0.025723 0.079663 0.48155 -0.0203 0.079248 0.42768 -0.011448 0.12375 0.44933 -0.026199 0.12922 0.44878 -0.034034 0.13051 0.443 -0.043126 0.13156 0.43367 -0.049629 0.13164 0.42227 -0.05456 0.1307 0.41156 -0.062122 0.12954 0.39712 -0.069463 0.12663 0.38247 -0.072468 0.12191 0.37166 -0.069237 0.11679 0.36792 -0.058608 0.11321 0.37017 -0.044175 0.11154 0.37782 -0.031389 0.11247 0.36891 -0.028012 0.10707 0.35546 -0.021713 0.097169 0.34472 -0.010437 0.085733 0.3408 0.0024197 0.077444 0.35149 0.013742 0.080476 0.36762 0.021714 0.087727 0.38344 0.023873 0.095784 0.39339 0.024228 0.10038 0.39304 0.037553 0.093773 0.39846 0.050509 0.08949 0.40736 0.058312 0.089063 0.41885 0.057491 0.093653 0.4305 0.049778 0.1007 0.43961 0.038094 0.10776 0.4452 0.02739 0.11288 0.45267 0.018285 0.11687 0.45747 0.0085869 0.12032 0.45782 -0.0017385 0.12349 0.45426 -0.0085969 0.12539 0.48005 -0.080734 0.13968 0.483 -0.049809 0.13356 0.49175 -0.045525 0.13127 0.50513 -0.045902 0.12915 0.51789 -0.05165 0.12802 0.53014 -0.060764 0.12712 0.54478 -0.067984 0.12451 0.56115 -0.079947 0.12111 0.57259 -0.095262 0.11834 0.57482 -0.11013 0.11766 0.56504 -0.12096 0.12071 0.54786 -0.12681 0.126 0.52964 -0.12513 0.13144 0.53046 -0.13835 0.13013 0.52991 -0.15981 0.12716 0.52188 -0.18187 0.12449 0.50855 -0.19644 0.12367 0.49052 -0.19019 0.1287 0.47372 -0.17472 0.13469 0.46356 -0.15611 0.1391 0.45813 -0.14411 0.14103 0.44231 -0.15482 0.14015 0.42375 -0.15846 0.13965 0.40951 -0.15401 0.13983 0.40429 -0.13994 0.1409 0.40709 -0.12084 0.14177 0.41582 -0.10221 0.14179 0.42521 -0.088615 0.14119 0.43124 -0.074649 0.13964 0.43939 -0.06335 0.13796 0.45094 -0.056359 0.13674 0.46093 -0.055666 0.13652 0.48275 0.026873 0.18887 0.46302 0.0071025 0.18375 0.45459 0.0091932 0.18183 0.44563 0.017064 0.18006 0.44013 0.02822 0.17912 0.43689 0.041348 0.1784 0.43098 0.054436 0.17635 0.4265 0.071668 0.17375 0.42725 0.088395 0.17168 0.43404 0.099707 0.17125 0.44681 0.10165 0.1737 0.46188 0.096148 0.1779 0.47349 0.084977 0.18221 0.48032 0.094335 0.18131 0.49261 0.10844 0.17923 0.51032 0.11878 0.1775 0.52748 0.12114 0.17721 0.5364 0.1069 0.18133 0.5394 0.08713 0.18611 0.53614 0.068913 0.18951 0.53325 0.057763 0.19099 0.54987 0.056075 0.19083 0.56442 0.048086 0.19099 0.57158 0.037068 0.19147 0.56734 0.024595 0.19227 0.5549 0.013192 0.19262 0.53869 0.0053802 0.19218 0.52478 0.001322 0.19132 0.51285 -0.0048978 0.18981 0.50091 -0.0081124 0.18819 0.48903 -0.006489 0.18689 0.48172 -0.0014136 0.18649 0.42128 -0.041278 0.1931 0.44607 -0.038504 0.19322 0.45139 -0.044656 0.19218 0.45395 -0.055306 0.19065 0.4521 -0.066417 0.18907 0.44752 -0.077732 0.18717 0.44509 -0.090721 0.18438 0.43939 -0.10592 0.18033 0.43007 -0.11766 0.17606 0.41907 -0.12187 0.17313 0.40847 -0.11572 0.17331 0.40007 -0.10283 0.17593 0.39732 -0.087886 0.18004 0.38743 -0.09072 0.17689 0.37112 -0.093746 0.17112 0.35291 -0.090798 0.16545 0.33926 -0.082407 0.16255 0.34009 -0.067043 0.16784 0.34819 -0.051256 0.17541 0.3602 -0.040268 0.18198 0.36828 -0.034079 0.18547 0.35706 -0.023131 0.18397 0.35078 -0.0088398 0.18409 0.35153 0.0032792 0.18576 0.36134 0.0096781 0.18891 0.37659 0.010437 0.19207 0.39269 0.0063703 0.19417 0.40504 0.00097823 0.19511 0.41711 -0.0015955 0.19562 0.42749 -0.0062668 0.19559 0.43503 -0.014346 0.19524 0.43728 -0.022226 0.19487 0.4941 -0.022166 0.21717 0.47881 -0.015518 0.21584 0.4777 -0.010222 0.21409 0.47971 -0.0032794 0.21154 0.48447 0.0024433 0.20916 0.49093 0.0073562 0.20673 0.49671 0.013892 0.20323 0.50521 0.020513 0.19887 0.51473 0.023917 0.19539 0.52273 0.022534 0.19427 0.52697 0.015534 0.19673 0.52757 0.0055013 0.2013 0.52407 -0.0038097 0.20616 0.53098 -0.0056431 0.20498 0.54186 -0.0096862 0.20295 0.55187 -0.017889 0.20193 0.55725 -0.027653 0.20244 0.55138 -0.036215 0.20645 0.54097 -0.042432 0.21102 0.52993 -0.044461 0.21454 0.52295 -0.045153 0.21634 0.52591 -0.055861 0.21642 0.52474 -0.066857 0.21703 0.52011 -0.073983 0.21805 0.51207 -0.074254 0.21957 0.50277 -0.069093 0.22095 0.49469 -0.060737 0.22161 0.48929 -0.053004 0.2216 0.48312 -0.047182 0.22138 0.47869 -0.040756 0.22077 0.47707 -0.033319 0.21978 0.47847 -0.027871 0.21888 0.45351 -0.0091641 0.24554 0.45577 -0.020216 0.24323 0.45312 -0.022599 0.24286 0.44846 -0.02397 0.24284 0.44351 -0.023499 0.24319 0.43843 -0.021858 0.24361 0.4328 -0.021134 0.24358 0.42611 -0.019101 0.24341 0.42068 -0.01544 0.24315 0.41835 -0.010853 0.24302 0.42044 -0.0061388 0.24343 0.42552 -0.0021331 0.24422 0.43177 -0.00042081 0.2451 0.4301 0.003772 0.24467 0.42795 0.010736 0.2436 0.42816 0.01874 0.24229 0.43095 0.024943 0.24143 0.43771 0.025084 0.24251 0.44513 0.02215 0.244 0.45068 0.017444 0.24515 0.45388 0.014266 0.24561 0.45791 0.019378 0.24497 0.46359 0.022527 0.24442 0.46876 0.02263 0.24418 0.47208 0.018696 0.24433 0.47334 0.012274 0.2445 0.47262 0.0053139 0.2445 0.47111 -0.00015306 0.24436 0.47066 -0.0054657 0.24382 0.46919 -0.010202 0.24332 0.46612 -0.013965 0.24316 0.46289 -0.015483 0.2434 0.47082 -0.062264 0.18219 0.48419 -0.055168 0.17997 0.48823 -0.057653 0.17956 0.49174 -0.063101 0.17943 0.49299 -0.069608 0.17963 0.4928 -0.076712 0.17991 0.49401 -0.084131 0.17972 0.49397 -0.093367 0.17941 0.49141 -0.10157 0.17914 0.48651 -0.1062 0.17917 0.47974 -0.10529 0.17985 0.47269 -0.10034 0.18089 0.46809 -0.093091 0.18187 0.46345 -0.096708 0.18163 0.45555 -0.10189 0.18094 0.44545 -0.10443 0.18009 0.43661 -0.1031 0.17952 0.43375 -0.094645 0.1803 0.43449 -0.084274 0.18132 0.43822 -0.075592 0.18209 0.44096 -0.070397 0.18235 0.433 -0.067127 0.18161 0.42687 -0.061049 0.1808 0.42476 -0.054535 0.18029 0.42845 -0.048895 0.18028 0.43608 -0.04493 0.18045 0.44517 -0.043268 0.1806 0.45269 -0.043146 0.18063 0.45964 -0.041703 0.18023 0.46626 -0.041782 0.17989 0.47224 -0.04427 0.17985 0.47541 -0.04782 0.18013 0.47082 -0.062264 0.18219 0.46176 -0.051948 0.18268 0.46307 -0.047874 0.18268 0.46709 -0.04368 0.18264 0.47252 -0.041248 0.18249 0.47875 -0.039938 0.18212 0.48492 -0.037296 0.18146 0.49288 -0.035315 0.18025 0.50045 -0.035726 0.17866 0.5054 -0.038949 0.17725 0.50601 -0.045053 0.17671 0.50323 -0.052311 0.17698 0.49799 -0.057964 0.17796 0.50198 -0.061133 0.17639 0.50789 -0.066703 0.17344 0.51191 -0.074699 0.17017 0.51238 -0.082495 0.16799 0.50574 -0.0869 0.16951 0.49679 -0.088664 0.17226 0.48868 -0.087456 0.17496 0.48369 -0.086256 0.17643 0.48231 -0.093715 0.17474 0.47814 -0.1002 0.17373 0.47285 -0.10335 0.17376 0.46726 -0.1014 0.17511 0.46237 -0.0957 0.17699 0.45917 -0.088238 0.17871 0.4576 -0.081782 0.17986 0.45494 -0.076037 0.18061 0.45366 -0.070258 0.1812 0.45464 -0.064559 0.18177 0.45713 -0.061108 0.18219 1.7067 0.050223 0.076328 1.6937 0.043734 0.074688 1.6897 0.045952 0.073454 1.6864 0.051231 0.071897 1.6855 0.05771 0.070612 1.6861 0.06491 0.069369 1.6852 0.072674 0.0674 1.6859 0.082403 0.064972 1.6892 0.090997 0.06303 1.6948 0.095723 0.062432 1.7018 0.094512 0.063966 1.7086 0.089007 0.066819 1.7125 0.081128 0.069881 1.7177 0.084901 0.069175 1.7266 0.090221 0.067867 1.7377 0.092608 0.067131 1.7471 0.090907 0.067467 1.7491 0.082022 0.070401 1.7468 0.071323 0.073705 1.7416 0.062532 0.076085 1.7379 0.057333 0.077231 1.7464 0.053622 0.07775 1.7526 0.04695 0.078658 1.7544 0.039983 0.07965 1.7499 0.034321 0.080538 1.7412 0.030723 0.080936 1.7312 0.029706 0.080673 1.7232 0.030232 0.080082 1.716 0.029244 0.079405 1.7094 0.029769 0.078526 1.7038 0.032761 0.077529 1.7012 0.036705 0.076859 1.6537 0.019724 0.11358 1.676 0.018489 0.12047 1.679 0.012395 0.12202 1.6787 0.0030098 0.12311 1.6746 -0.0060489 0.123 1.6683 -0.014874 0.12179 1.6638 -0.025357 0.12054 1.6566 -0.037376 0.1175 1.6473 -0.046272 0.11258 1.6382 -0.048781 0.1072 1.6309 -0.042556 0.10321 1.6263 -0.030769 0.10108 1.6262 -0.017749 0.10168 1.6185 -0.019298 0.096133 1.6064 -0.02076 0.086134 1.5942 -0.017303 0.074636 1.5862 -0.0095556 0.066273 1.5889 0.0037599 0.069012 1.5968 0.017069 0.076033 1.607 0.0259 0.084065 1.6139 0.0307 0.088746 1.6082 0.040425 0.082071 1.6068 0.052496 0.077834 1.61 0.062327 0.077536 1.6186 0.066936 0.082355 1.6302 0.066495 0.089761 1.6417 0.061942 0.097234 1.6502 0.056513 0.10273 1.6596 0.053111 0.10721 1.6672 0.048057 0.11109 1.6718 0.040529 0.11451 1.6721 0.033822 0.11638 1.7225 -0.0083771 0.13444 1.7113 0.016006 0.12748 1.7161 0.023115 0.12567 1.7264 0.028815 0.12452 1.7386 0.030231 0.12451 1.7519 0.028903 0.12484 1.7663 0.030041 0.12366 1.7841 0.028402 0.12213 1.7997 0.022043 0.12105 1.808 0.011906 0.12134 1.8053 -0.00055099 0.12411 1.7947 -0.012568 0.12824 1.7799 -0.019431 0.13205 1.7866 -0.028974 0.1316 1.796 -0.045311 0.13 1.8 -0.065465 0.1283 1.7966 -0.082369 0.12757 1.78 -0.085727 0.13079 1.7601 -0.081618 0.13447 1.7439 -0.0722 0.13691 1.7343 -0.065632 0.13773 1.7274 -0.080765 0.13663 1.7152 -0.091835 0.13534 1.7025 -0.094902 0.13448 1.6923 -0.086699 0.13443 1.6858 -0.071137 0.13437 1.684 -0.053276 0.13391 1.685 -0.038893 0.13318 1.6833 -0.025754 0.13139 1.6845 -0.013659 0.12974 1.6901 -0.0032566 0.12891 1.6973 0.0017507 0.12923 1.6727 0.074023 0.17339 1.6672 0.050296 0.1687 1.6601 0.048046 0.1664 1.65 0.049884 0.1639 1.641 0.05575 0.16217 1.6328 0.06411 0.16066 1.6227 0.071217 0.1578 1.6119 0.082067 0.15431 1.6051 0.094891 0.15162 1.6051 0.1064 0.15102 1.6136 0.11362 0.15383 1.627 0.11633 0.15874 1.6403 0.11325 0.16385 1.6413 0.12331 0.16293 1.6444 0.13936 0.161 1.6531 0.15503 0.15988 1.6649 0.1645 0.16045 1.6776 0.15791 0.1654 1.6883 0.14453 0.1709 1.6937 0.12948 0.17474 1.6964 0.11986 0.17649 1.7096 0.12606 0.17736 1.724 0.12662 0.17871 1.7342 0.1216 0.18012 1.7366 0.11037 0.18125 1.7324 0.096253 0.18147 1.7238 0.083118 0.18059 1.7153 0.07382 0.17925 1.7093 0.063784 0.17755 1.7019 0.055992 0.17559 1.6924 0.051851 0.17368 1.6847 0.052362 0.17266 1.6569 -0.0045359 0.17734 1.6742 0.0086801 0.17868 1.681 0.0064545 0.17836 1.6877 -0.00038528 0.17766 1.6914 -0.0095544 0.17672 1.6932 -0.020103 0.17534 1.6974 -0.030954 0.17336 1.7003 -0.044939 0.17018 1.6989 -0.057974 0.16642 1.6928 -0.066103 0.16338 1.6821 -0.066262 0.16264 1.6699 -0.06035 0.16387 1.6608 -0.050352 0.16665 1.655 -0.056961 0.16342 1.6446 -0.06663 0.15746 1.6301 -0.072683 0.15118 1.6164 -0.072576 0.14738 1.6098 -0.060636 0.15141 1.6082 -0.045081 0.15786 1.6117 -0.031373 0.16389 1.6147 -0.023063 0.16715 1.6016 -0.019931 0.16462 1.5905 -0.012057 0.16364 1.5855 -0.0026324 0.16455 1.5897 0.006608 0.16761 1.6005 0.014072 0.17126 1.6142 0.018288 0.17426 1.6258 0.019816 0.17607 1.6359 0.023321 0.17732 1.6457 0.024486 0.17812 1.655 0.021827 0.17864 1.6602 0.016936 0.17883 1.7009 0.042808 0.2021 1.6866 0.040894 0.19971 1.6835 0.044335 0.19779 1.6821 0.050398 0.19524 1.6833 0.056789 0.19306 1.6861 0.063333 0.19097 1.6878 0.070775 0.18779 1.6915 0.079487 0.18399 1.6974 0.086268 0.18119 1.704 0.088812 0.18069 1.7102 0.085513 0.18351 1.7147 0.078336 0.18819 1.7159 0.069861 0.19286 1.722 0.071579 0.19227 1.732 0.073414 0.19126 1.7433 0.07176 0.19132 1.7516 0.066874 0.19258 1.7507 0.057884 0.19632 1.7454 0.048621 0.20019 1.7378 0.042188 0.20286 1.7327 0.038558 0.20414 1.7397 0.031875 0.20493 1.7437 0.02313 0.20598 1.7434 0.015733 0.20702 1.7374 0.011937 0.20796 1.728 0.011641 0.20842 1.7182 0.014269 0.20814 1.7107 0.017631 0.20743 1.7035 0.019215 0.20659 1.6974 0.022022 0.20546 1.693 0.026847 0.20409 1.6916 0.03154 0.20307 1.6626 0.034684 0.22478 1.6694 0.027396 0.22339 1.6685 0.024421 0.22303 1.6657 0.021301 0.22283 1.6617 0.019434 0.22285 1.6572 0.018384 0.22286 1.6527 0.016396 0.22249 1.6468 0.014908 0.22186 1.6411 0.015208 0.22113 1.6373 0.017589 0.22065 1.6367 0.02206 0.22088 1.6387 0.027354 0.22167 1.6425 0.031455 0.22272 1.6394 0.033834 0.22203 1.6348 0.038064 0.22058 1.6315 0.044132 0.21899 1.6309 0.050013 0.21805 1.6358 0.053173 0.21939 1.6425 0.05433 0.2213 1.6487 0.053319 0.22288 1.6524 0.052385 0.22364 1.6532 0.05801 0.22302 1.6561 0.062913 0.22268 1.6599 0.065308 0.22274 1.6641 0.063857 0.22327 1.6679 0.059622 0.22382 1.6705 0.054089 0.22414 1.6718 0.049317 0.22422 1.6739 0.045135 0.22398 1.675 0.040922 0.22369 1.6744 0.036726 0.22357 1.6726 0.034142 0.22369 1.7041 0.0018737 0.17133 1.7111 0.013158 0.1697 1.7152 0.013111 0.16968 1.7203 0.010606 0.17004 1.7241 0.0063019 0.17062 1.7271 0.00090623 0.17123 1.7313 -0.004107 0.17152 1.7355 -0.011039 0.17171 1.7372 -0.018333 0.17176 1.7356 -0.023995 0.17175 1.7301 -0.026346 0.17194 1.7226 -0.025795 0.17223 1.7158 -0.022429 0.17248 1.714 -0.02722 0.1722 1.7105 -0.034658 0.17141 1.7041 -0.041109 0.17022 1.697 -0.04409 0.16915 1.691 -0.039038 0.16925 1.6869 -0.030931 0.16967 1.6857 -0.022752 0.17012 1.6854 -0.017627 0.17025 1.6781 -0.018768 0.16896 1.6709 -0.016985 0.16758 1.6664 -0.013064 0.16666 1.6666 -0.0071869 0.16657 1.6706 -0.00078988 0.16694 1.6766 0.0045395 0.16749 1.6821 0.0080087 0.16792 1.6867 0.012207 0.16787 1.6917 0.015117 0.16794 1.6973 0.015943 0.16836 1.7012 0.014713 0.16897 1.7041 0.0018737 0.17133 1.6927 0.0055277 0.17074 1.6918 0.0091639 0.17059 1.693 0.014108 0.17056 1.6959 0.018364 0.17061 1.7 0.022139 0.17055 1.7035 0.026879 0.17016 1.7087 0.031924 0.1694 1.7146 0.034992 0.1684 1.7199 0.034788 0.16757 1.7231 0.030488 0.16744 1.7242 0.023812 0.16791 1.7228 0.01724 0.16879 1.7273 0.01664 0.16776 1.7344 0.015085 0.16572 1.7412 0.010865 0.1634 1.7452 0.0052135 0.16186 1.7421 -0.0010438 0.1631 1.736 -0.0063496 0.16517 1.7292 -0.0090539 0.1671 1.7249 -0.010375 0.16809 1.7273 -0.0166 0.16688 1.7271 -0.02334 0.16607 1.7246 -0.028075 0.16597 1.7195 -0.029105 0.16677 1.7131 -0.027016 0.1679 1.7073 -0.022844 0.16889 1.7031 -0.018704 0.16951 1.6985 -0.015592 0.16974 1.6949 -0.011833 0.1699 1.6931 -0.0071218 0.17018 1.6934 -0.0034127 0.17051 1.0923 -0.0041773 0.06773 1.0792 -0.0049474 0.067533 1.0763 -0.0013423 0.067709 1.0748 0.004741 0.068119 1.0757 0.010992 0.06854 1.0782 0.017363 0.068784 1.0794 0.024935 0.068667 1.0825 0.033844 0.068053 1.0876 0.040743 0.066937 1.0936 0.043167 0.065799 1.0994 0.039342 0.065345 1.104 0.031472 0.065491 1.1054 0.022444 0.066142 1.1108 0.024207 0.064696 1.1198 0.026264 0.061744 1.1299 0.024913 0.058071 1.1374 0.020272 0.05523 1.1369 0.011058 0.056151 1.1323 0.0015409 0.058319 1.1256 -0.0050423 0.060645 1.1211 -0.0086553 0.061835 1.1273 -0.014807 0.05908 1.1308 -0.022887 0.056724 1.1304 -0.029773 0.055696 1.125 -0.033414 0.056664 1.1166 -0.033751 0.05869 1.1078 -0.031229 0.060887 1.101 -0.02793 0.06251 1.0945 -0.026167 0.063392 1.0889 -0.023258 0.06424 1.0849 -0.018535 0.065328 1.0838 -0.014095 0.066266 1.0253 -0.0013211 0.097262 1.0439 -0.017098 0.094594 1.043 -0.025296 0.093954 1.037 -0.03472 0.093803 1.0278 -0.041317 0.094119 1.0166 -0.046119 0.094339 1.0055 -0.053666 0.093647 0.99044 -0.060492 0.092192 0.97535 -0.062299 0.090158 0.96459 -0.057538 0.08843 0.96178 -0.045617 0.088402 0.96553 -0.030407 0.089843 0.97472 -0.017714 0.092223 0.96561 -0.012774 0.089912 0.95164 -0.0034981 0.085114 0.94055 0.01136 0.079567 0.93674 0.026918 0.075972 0.94884 0.037401 0.079589 0.96649 0.043093 0.085154 0.98325 0.042566 0.089961 0.99353 0.041321 0.092275 0.99338 0.056994 0.08992 0.99913 0.071571 0.088505 1.0083 0.079669 0.088551 1.0199 0.077319 0.090281 1.0311 0.06711 0.092304 1.0394 0.05285 0.093741 1.0441 0.040271 0.094415 1.0505 0.029854 0.094181 1.0542 0.019139 0.09385 1.0536 0.0080113 0.093983 1.0496 0.00080466 0.09461 1.0902 -0.047494 0.14576 1.0846 -0.025437 0.14436 1.0895 -0.02022 0.14441 1.0987 -0.016952 0.14484 1.1087 -0.01748 0.14544 1.1192 -0.020375 0.14594 1.1308 -0.021239 0.14589 1.1449 -0.024675 0.14544 1.1566 -0.031574 0.14468 1.1619 -0.040689 0.14408 1.158 -0.050562 0.14425 1.1478 -0.059281 0.14489 1.1351 -0.063378 0.14567 1.1391 -0.07168 0.14465 1.1444 -0.085489 0.1424 1.145 -0.10157 0.13944 1.1401 -0.11429 0.13696 1.1263 -0.11528 0.13734 1.1108 -0.11008 0.13863 1.099 -0.10101 0.14015 1.0922 -0.094774 0.14085 1.0847 -0.10552 0.13779 1.0736 -0.11237 0.13476 1.0631 -0.11298 0.13299 1.056 -0.1052 0.13338 1.0527 -0.092149 0.13509 1.0535 -0.077833 0.13721 1.0561 -0.066542 0.13886 1.0565 -0.055674 0.13958 1.059 -0.045982 0.14039 1.0648 -0.038299 0.14164 1.0712 -0.035251 0.14285 1.0695 0.032095 0.16809 1.061 0.013277 0.16729 1.054 0.011595 0.16809 1.0448 0.013963 0.16973 1.037 0.019996 0.17154 1.0302 0.028332 0.17329 1.0207 0.036028 0.17495 1.0107 0.047522 0.1765 1.0051 0.060491 0.17712 1.0063 0.071315 0.17667 1.0159 0.076775 0.17543 1.0301 0.0771 0.17389 1.0435 0.071837 0.17257 1.0451 0.081357 0.17166 1.049 0.096517 0.16936 1.0584 0.11059 0.16561 1.0704 0.11825 0.16199 1.0826 0.11001 0.16115 1.092 0.09548 0.16144 1.0957 0.080137 0.16232 1.0971 0.070544 0.16268 1.1104 0.075164 0.15908 1.1242 0.074163 0.15546 1.1333 0.06825 0.15322 1.1341 0.057378 0.15331 1.128 0.044694 0.15487 1.1176 0.033691 0.15707 1.1078 0.02646 0.15896 1.1004 0.018468 0.15985 1.0923 0.012817 0.16096 1.0829 0.010898 0.16275 1.0762 0.012911 0.16449 1.0429 -0.036579 0.17463 1.0579 -0.032232 0.17348 1.0625 -0.035478 0.1721 1.0659 -0.042169 0.17027 1.0663 -0.04984 0.16865 1.065 -0.058124 0.16696 1.0653 -0.067607 0.16441 1.0635 -0.079145 0.16111 1.0586 -0.088664 0.15811 1.0514 -0.092947 0.1566 1.0432 -0.089704 0.15782 1.0359 -0.081366 0.16098 1.0323 -0.07093 0.16491 1.0257 -0.074251 0.16326 1.0143 -0.0785 0.16026 1.0006 -0.078672 0.15783 0.98961 -0.074395 0.15737 0.98857 -0.063539 0.16199 0.99284 -0.051623 0.16765 1.0005 -0.042682 0.17194 1.0057 -0.037565 0.17408 0.99589 -0.031252 0.17476 0.9892 -0.021969 0.17644 0.98797 -0.013398 0.17847 0.99418 -0.0079141 0.18032 1.0051 -0.0058899 0.18125 1.0171 -0.0072522 0.18101 1.0265 -0.0099583 0.1802 1.035 -0.01063 0.17943 1.0425 -0.012867 0.17833 1.0483 -0.017728 0.17698 1.0505 -0.022976 0.17602 1.0861 -0.015296 0.19936 1.0787 -0.012115 0.20037 1.0779 -0.0094328 0.20007 1.0787 -0.0058525 0.19934 1.081 -0.0028431 0.19841 1.0842 -0.00017691 0.19725 1.0872 0.0034935 0.19584 1.0916 0.0072956 0.19384 1.0965 0.0093536 0.19176 1.1007 0.0087264 0.19032 1.1029 0.0049126 0.19023 1.1031 -0.00058746 0.19124 1.1012 -0.0056827 0.19299 1.1049 -0.0064886 0.19157 1.1106 -0.0083823 0.18911 1.1158 -0.012497 0.18685 1.1187 -0.017502 0.18582 1.1157 -0.021996 0.1881 1.1104 -0.025251 0.19133 1.1046 -0.026298 0.19418 1.101 -0.026616 0.19574 1.1027 -0.032038 0.19537 1.1023 -0.037602 0.19582 1.1 -0.041205 0.19688 1.0958 -0.04133 0.19843 1.0909 -0.038678 0.19988 1.0867 -0.034376 0.20082 1.0838 -0.030391 0.20123 1.0807 -0.027434 0.20164 1.0785 -0.024226 0.20176 1.0777 -0.020559 0.20154 1.0786 -0.017913 0.20113 1.0464 -0.0020428 0.10032 1.0439 -0.014463 0.099314 1.0401 -0.015756 0.099069 1.0348 -0.015117 0.098962 1.03 -0.012462 0.098997 1.0255 -0.0085678 0.098978 1.0201 -0.0054245 0.098589 1.0143 -0.00053716 0.097892 1.0104 0.005419 0.097043 1.01 0.010994 0.09642 1.0142 0.014877 0.096528 1.0211 0.016824 0.097196 1.0282 0.015993 0.098165 1.0283 0.020847 0.097333 1.0292 0.028587 0.095646 1.0329 0.036319 0.093744 1.0384 0.041215 0.092506 1.0454 0.038613 0.093692 1.0516 0.032715 0.095553 1.0552 0.025795 0.097221 1.0571 0.021311 0.098045 1.0634 0.024607 0.09702 1.0705 0.025243 0.096294 1.0758 0.023101 0.096147 1.0775 0.017763 0.096765 1.0759 0.010814 0.097636 1.0722 0.0041513 0.098373 1.0683 -0.00070214 0.0988 1.0655 -0.0059223 0.098849 1.0619 -0.010121 0.098849 1.0572 -0.012619 0.098998 1.0532 -0.012742 0.099275 1.0464 -0.0020428 0.10032 1.0584 -0.0018406 0.097784 1.0603 -0.005069 0.097493 1.0609 -0.010203 0.097602 1.0595 -0.015276 0.098095 1.0569 -0.020256 0.09873 1.0551 -0.025976 0.098983 1.0518 -0.03255 0.099288 1.047 -0.037487 0.099656 1.0419 -0.039028 0.10013 1.0375 -0.035935 0.10084 1.0342 -0.029859 0.10159 1.0336 -0.02302 0.10205 1.029 -0.023947 0.10226 1.0215 -0.024838 0.10232 1.0134 -0.023072 0.10219 1.0075 -0.018988 0.10197 1.0085 -0.011926 0.1021 1.0128 -0.0047748 0.10216 1.0185 0.0001018 0.10206 1.0223 0.0028279 0.10185 1.0177 0.007967 0.10128 1.0155 0.014448 0.10043 1.0163 0.019812 0.099656 1.0209 0.022509 0.099171 1.0277 0.022617 0.098842 1.0348 0.020565 0.098608 1.0402 0.017973 0.098421 1.0456 0.016508 0.097839 1.0503 0.014078 0.097406 1.0537 0.010174 0.09737 1.0547 0.0065279 0.097716</float_array><technique_common><accessor source="#ROW_09_SEG5_foliage-pos-a" count="2860" stride="3"><param name="X" type="float"/><param name="Y" type="float"/><param name="Z" type="float"/></accessor></technique_common></source>
        <source id="ROW_09_SEG5_foliage-nrm"><float_array id="ROW_09_SEG5_foliage-nrm-a" count="17118">-0.154 -0.166 -0.974 -0.065 -0.272 -0.96 -0.052 -0.264 -0.963 -0.049 -0.262 -0.964 -0.071 -0.261 -0.963 -0.132 -0.247 -0.96 -0.194 -0.22 -0.956 -0.239 -0.189 -0.952 -0.258 -0.172 -0.951 -0.245 -0.19 -0.951 -0.22 -0.227 -0.949 -0.194 -0.276 -0.941 -0.208 -0.18 -0.962 -0.247 0.053 -0.968 -0.249 0.06 -0.967 -0.259 0.022 -0.966 -0.308 -0.096 -0.947 -0.355 -0.21 -0.911 -0.373 -0.242 -0.896 -0.367 -0.238 -0.899 -0.181 -0.116 -0.977 -0.103 -0.057 -0.993 -0.157 -0.073 -0.985 -0.2 -0.08 -0.977 -0.221 -0.083 -0.972 -0.197 -0.086 -0.977 -0.143 -0.098 -0.985 -0.081 -0.124 -0.989 -0.028 -0.157 -0.987 -0.012 -0.172 -0.985 -0.013 -0.168 -0.986 -0.016 -0.154 -0.988 -0.133 -0.271 -0.953 -0.124 -0.116 -0.986 -0.141 -0.113 -0.984 -0.145 -0.112 -0.983 -0.127 -0.128 -0.984 -0.084 -0.188 -0.979 -0.049 -0.256 -0.965 -0.032 -0.313 -0.949 -0.027 -0.337 -0.941 -0.025 -0.31 -0.95 -0.02 -0.258 -0.966 -0.005 -0.196 -0.981 -0.07 -0.292 -0.954 -0.202 -0.507 -0.838 -0.205 -0.513 -0.834 -0.17 -0.492 -0.854 -0.042 -0.435 -0.9 0.09 -0.371 -0.924 0.132 -0.355 -0.925 0.124 -0.354 -0.927 -0.153 -0.331 -0.931 -0.269 -0.32 -0.908 -0.209 -0.347 -0.914 -0.163 -0.374 -0.913 -0.138 -0.389 -0.911 -0.156 -0.372 -0.915 -0.195 -0.325 -0.925 -0.231 -0.257 -0.938 -0.253 -0.187 -0.949 -0.255 -0.164 -0.953 -0.257 -0.167 -0.952 -0.265 -0.182 -0.947 0.221 0.105 -0.97 0.152 0.026 -0.988 0.155 0.023 -0.988 0.154 0.026 -0.988 0.148 0.042 -0.988 0.143 0.097 -0.985 0.145 0.146 -0.979 0.151 0.172 -0.974 0.15 0.171 -0.974 0.134 0.144 -0.981 0.109 0.108 -0.988 0.083 0.078 -0.993 0.158 0.12 -0.98 0.304 0.21 -0.929 0.309 0.213 -0.927 0.292 0.211 -0.933 0.225 0.216 -0.95 0.157 0.221 -0.963 0.14 0.225 -0.964 0.145 0.221 -0.964 0.285 0.111 -0.952 0.352 0.058 -0.934 0.33 0.092 -0.94 0.31 0.131 -0.942 0.297 0.16 -0.941 0.296 0.161 -0.942 0.299 0.135 -0.945 0.297 0.086 -0.951 0.286 0.032 -0.958 0.279 0.017 -0.96 0.278 0.014 -0.961 0.281 0.017 -0.96 0.041 -0.27 -0.962 0.138 -0.298 -0.945 0.137 -0.299 -0.944 0.134 -0.305 -0.943 0.123 -0.317 -0.94 0.079 -0.345 -0.935 0.039 -0.363 -0.931 0.022 -0.368 -0.93 0.032 -0.368 -0.929 0.066 -0.368 -0.927 0.108 -0.371 -0.922 0.138 -0.376 -0.916 0.07 -0.34 -0.938 -0.061 -0.268 -0.961 -0.067 -0.264 -0.962 -0.063 -0.27 -0.961 -0.045 -0.307 -0.951 -0.027 -0.344 -0.938 -0.026 -0.351 -0.936 -0.025 -0.343 -0.939 0.004 -0.201 -0.98 0.017 -0.123 -0.992 0.003 -0.15 -0.989 -0.022 -0.185 -0.983 -0.043 -0.211 -0.977 -0.05 -0.218 -0.975 -0.035 -0.208 -0.977 0.005 -0.191 -0.982 0.056 -0.176 -0.983 0.072 -0.175 -0.982 0.079 -0.176 -0.981 0.08 -0.177 -0.981 0.288 0.074 -0.955 0.166 0.175 -0.971 0.156 0.165 -0.974 0.155 0.163 -0.974 0.179 0.168 -0.969 0.25 0.167 -0.954 0.322 0.152 -0.935 0.375 0.128 -0.918 0.396 0.114 -0.911 0.379 0.132 -0.916 0.345 0.167 -0.924 0.308 0.214 -0.927 0.346 0.108 -0.932 0.429 -0.133 -0.893 0.432 -0.141 -0.891 0.436 -0.099 -0.894 0.461 0.035 -0.886 0.482 0.168 -0.86 0.492 0.206 -0.846 0.487 0.2 -0.85 0.331 0.018 -0.944 0.259 -0.067 -0.963 0.31 -0.037 -0.95 0.353 -0.019 -0.936 0.375 -0.01 -0.927 0.35 -0.013 -0.937 0.293 -0.013 -0.956 0.221 0.002 -0.975 0.155 0.028 -0.988 0.134 0.042 -0.99 0.134 0.04 -0.99 0.14 0.026 -0.99 -0.249 0.042 -0.968 -0.223 -0.106 -0.969 -0.205 -0.106 -0.973 -0.199 -0.106 -0.974 -0.219 -0.093 -0.971 -0.263 -0.048 -0.964 -0.303 0.012 -0.953 -0.326 0.074 -0.943 -0.333 0.11 -0.936 -0.335 0.095 -0.938 -0.336 0.055 -0.94 -0.345 -0.004 -0.939 -0.298 0.087 -0.951 -0.185 0.309 -0.933 -0.183 0.315 -0.931 -0.221 0.284 -0.933 -0.347 0.199 -0.917 -0.466 0.114 -0.877 -0.506 0.091 -0.858 -0.5 0.091 -0.861 -0.27 0.106 -0.957 -0.17 0.117 -0.978 -0.226 0.131 -0.965 -0.263 0.145 -0.954 -0.276 0.15 -0.949 -0.247 0.128 -0.96 -0.202 0.082 -0.976 -0.163 0.022 -0.986 -0.138 -0.037 -0.99 -0.133 -0.06 -0.989 -0.131 -0.055 -0.99 -0.124 -0.038 -0.992 0.246 -0.17 -0.954 0.313 -0.036 -0.949 0.299 -0.025 -0.954 0.293 -0.022 -0.956 0.302 -0.044 -0.952 0.31 -0.106 -0.945 0.305 -0.178 -0.936 0.286 -0.241 -0.927 0.269 -0.276 -0.923 0.279 -0.266 -0.923 0.304 -0.235 -0.923 0.346 -0.195 -0.918 0.254 -0.238 -0.937 0.03 -0.346 -0.938 0.024 -0.35 -0.937 0.075 -0.348 -0.935 0.227 -0.355 -0.907 0.372 -0.359 -0.856 0.417 -0.364 -0.833 0.413 -0.361 -0.836 0.227 -0.237 -0.945 0.141 -0.187 -0.972 0.176 -0.231 -0.957 0.196 -0.263 -0.945 0.204 -0.274 -0.94 0.194 -0.238 -0.952 0.186 -0.173 -0.967 0.191 -0.102 -0.976 0.206 -0.04 -0.978 0.217 -0.019 -0.976 0.212 -0.022 -0.977 0.196 -0.031 -0.98 0.161 0.249 -0.955 0.035 0.235 -0.971 0.035 0.23 -0.973 0.036 0.232 -0.972 0.044 0.25 -0.967 0.081 0.296 -0.952 0.122 0.333 -0.935 0.153 0.351 -0.924 0.16 0.355 -0.921 0.13 0.349 -0.928 0.087 0.343 -0.935 0.042 0.342 -0.939 0.138 0.314 -0.939 0.33 0.255 -0.909 0.337 0.253 -0.907 0.319 0.268 -0.909 0.259 0.334 -0.906 0.198 0.399 -0.895 0.184 0.418 -0.89 0.185 0.411 -0.893 0.226 0.219 -0.949 0.246 0.123 -0.962 0.251 0.166 -0.954 0.261 0.208 -0.942 0.27 0.236 -0.934 0.265 0.23 -0.936 0.244 0.202 -0.948 0.202 0.165 -0.965 0.152 0.134 -0.979 0.133 0.128 -0.983 0.13 0.127 -0.983 0.136 0.126 -0.983 -0.095 -0.152 -0.984 0.026 -0.097 -0.995 0.023 -0.086 -0.996 0.022 -0.085 -0.996 0.016 -0.106 -0.994 -0.013 -0.157 -0.988 -0.052 -0.204 -0.977 -0.091 -0.236 -0.967 -0.112 -0.249 -0.962 -0.095 -0.244 -0.965 -0.06 -0.233 -0.971 -0.013 -0.225 -0.974 -0.101 -0.21 -0.972 -0.3 -0.182 -0.936 -0.308 -0.181 -0.934 -0.279 -0.199 -0.939 -0.193 -0.27 -0.943 -0.107 -0.341 -0.934 -0.084 -0.365 -0.927 -0.086 -0.358 -0.93 -0.151 -0.169 -0.974 -0.182 -0.086 -0.979 -0.181 -0.133 -0.974 -0.185 -0.17 -0.968 -0.187 -0.187 -0.964 -0.178 -0.165 -0.97 -0.155 -0.12 -0.981 -0.115 -0.073 -0.991 -0.071 -0.035 -0.997 -0.051 -0.025 -0.998 -0.053 -0.024 -0.998 -0.064 -0.023 -0.998 0.104 -0.024 -0.994 0.048 0.066 -0.997 0.042 0.063 -0.997 0.044 0.062 -0.997 0.061 0.062 -0.996 0.108 0.048 -0.993 0.151 0.027 -0.988 0.178 0.006 -0.984 0.186 -0.001 -0.982 0.175 0.016 -0.984 0.158 0.045 -0.986 0.143 0.078 -0.987 0.15 0.002 -0.989 0.167 -0.16 -0.973 0.168 -0.166 -0.972 0.175 -0.146 -0.974 0.208 -0.076 -0.975 0.243 -0.007 -0.97 0.255 0.01 -0.967 0.249 0.007 -0.968 0.111 -0.077 -0.991 0.047 -0.118 -0.992 0.082 -0.109 -0.991 0.115 -0.106 -0.988 0.136 -0.104 -0.985 0.125 -0.102 -0.987 0.093 -0.093 -0.991 0.049 -0.071 -0.996 0.01 -0.043 -0.999 -0.001 -0.029 -1 -0.002 -0.028 -1 -0.001 -0.034 -0.999 0.165 0.199 -0.966 0.061 0.292 -0.955 0.05 0.282 -0.958 0.047 0.28 -0.959 0.069 0.282 -0.957 0.131 0.276 -0.952 0.196 0.258 -0.946 0.246 0.233 -0.941 0.266 0.219 -0.939 0.251 0.235 -0.939 0.221 0.268 -0.938 0.188 0.313 -0.931 0.216 0.22 -0.951 0.287 -0.006 -0.958 0.29 -0.013 -0.957 0.295 0.027 -0.955 0.326 0.15 -0.933 0.356 0.27 -0.895 0.369 0.303 -0.878 0.364 0.299 -0.882 0.199 0.153 -0.968 0.13 0.084 -0.988 0.181 0.107 -0.978 0.222 0.12 -0.968 0.243 0.126 -0.962 0.218 0.125 -0.968 0.164 0.13 -0.978 0.099 0.148 -0.984 0.041 0.173 -0.984 0.024 0.186 -0.982 0.025 0.182 -0.983 0.03 0.168 -0.985 0.129 0.301 -0.945 0.142 0.145 -0.979 0.159 0.144 -0.977 0.164 0.145 -0.976 0.144 0.158 -0.977 0.093 0.212 -0.973 0.048 0.274 -0.96 0.022 0.328 -0.944 0.014 0.351 -0.936 0.016 0.324 -0.946 0.019 0.272 -0.962 0.013 0.208 -0.978 0.063 0.312 -0.948 0.16 0.542 -0.825 0.162 0.549 -0.82 0.131 0.524 -0.842 0.014 0.449 -0.893 -0.107 0.368 -0.923 -0.147 0.347 -0.926 -0.139 0.347 -0.927 0.14 0.362 -0.922 0.256 0.367 -0.894 0.193 0.386 -0.902 0.143 0.406 -0.902 0.116 0.417 -0.901 0.137 0.403 -0.905 0.182 0.362 -0.914 0.227 0.3 -0.927 0.259 0.234 -0.937 0.264 0.21 -0.941 0.266 0.214 -0.94 0.272 0.23 -0.934 -0.171 -0.122 -0.978 -0.112 -0.033 -0.993 -0.115 -0.031 -0.993 -0.114 -0.033 -0.993 -0.106 -0.049 -0.993 -0.094 -0.103 -0.99 -0.089 -0.152 -0.984 -0.091 -0.178 -0.98 -0.09 -0.177 -0.98 -0.078 -0.149 -0.986 -0.058 -0.109 -0.992 -0.036 -0.075 -0.996 -0.105 -0.128 -0.986 -0.239 -0.238 -0.941 -0.244 -0.242 -0.939 -0.228 -0.238 -0.944 -0.16 -0.233 -0.959 -0.091 -0.229 -0.969 -0.073 -0.23 -0.97 -0.079 -0.227 -0.971 -0.233 -0.137 -0.963 -0.308 -0.094 -0.947 -0.281 -0.124 -0.952 -0.256 -0.161 -0.953 -0.239 -0.187 -0.953 -0.238 -0.188 -0.953 -0.245 -0.162 -0.956 -0.249 -0.113 -0.962 -0.245 -0.058 -0.968 -0.24 -0.042 -0.97 -0.239 -0.04 -0.97 -0.242 -0.042 -0.969 -0.043 0.275 -0.96 -0.144 0.29 -0.946 -0.144 0.291 -0.946 -0.142 0.297 -0.944 -0.132 0.311 -0.941 -0.092 0.344 -0.934 -0.055 0.368 -0.928 -0.039 0.375 -0.926 -0.049 0.373 -0.926 -0.083 0.369 -0.926 -0.125 0.366 -0.922 -0.157 0.367 -0.917 -0.083 0.34 -0.937 0.058 0.288 -0.956 0.065 0.285 -0.956 0.06 0.29 -0.955 0.036 0.324 -0.945 0.013 0.358 -0.933 0.011 0.364 -0.931 0.011 0.357 -0.934 0.003 0.212 -0.977 0.001 0.133 -0.991 0.012 0.162 -0.987 0.032 0.2 -0.979 0.049 0.228 -0.972 0.054 0.236 -0.97 0.041 0.225 -0.974 0.004 0.202 -0.979 -0.044 0.18 -0.983 -0.061 0.177 -0.982 -0.067 0.177 -0.982 -0.068 0.178 -0.982 -0.242 -0.1 -0.965 -0.106 -0.184 -0.977 -0.097 -0.173 -0.98 -0.096 -0.17 -0.981 -0.12 -0.179 -0.977 -0.191 -0.187 -0.964 -0.321 -0.166 -0.932 -0.345 -0.156 -0.925 -0.325 -0.171 -0.93 -0.287 -0.201 -0.937 -0.243 -0.242 -0.939 -0.295 -0.142 -0.945 -0.412 0.085 -0.907 -0.416 0.092 -0.905 -0.415 0.051 -0.909 -0.422 -0.086 -0.903 -0.425 -0.221 -0.878 -0.43 -0.261 -0.865 -0.425 -0.254 -0.869 -0.292 -0.051 -0.955 -0.232 0.043 -0.972 -0.279 0.007 -0.96 -0.319 -0.017 -0.947 -0.34 -0.03 -0.94 -0.316 -0.023 -0.948 -0.259 -0.015 -0.966 -0.184 -0.02 -0.983 -0.115 -0.036 -0.993 -0.092 -0.047 -0.995 -0.092 -0.044 -0.995 -0.1 -0.032 -0.994 0.288 0.006 -0.958 0.242 0.149 -0.959 0.224 0.147 -0.963 0.218 0.146 -0.965 0.239 0.136 -0.961 0.289 0.097 -0.952 0.336 0.042 -0.941 0.367 -0.016 -0.93 0.38 -0.051 -0.924 0.379 -0.036 -0.925 0.375 0.005 -0.927 0.375 0.064 -0.925 0.342 -0.032 -0.939 0.26 -0.269 -0.928 0.258 -0.275 -0.926 0.292 -0.239 -0.926 0.404 -0.138 -0.904 0.51 -0.037 -0.86 0.545 -0.009 -0.838 0.539 -0.01 -0.842 0.317 -0.055 -0.947 0.22 -0.08 -0.972 0.277 -0.086 -0.957 0.315 -0.095 -0.944 0.329 -0.098 -0.939 0.298 -0.08 -0.951 0.247 -0.041 -0.968 0.2 0.014 -0.98 0.167 0.069 -0.984 0.16 0.091 -0.983 0.158 0.086 -0.984 0.153 0.068 -0.986 -0.234 0.148 -0.961 -0.282 0.005 -0.96 -0.266 -0.003 -0.964 -0.26 -0.006 -0.966 -0.272 0.015 -0.962 -0.289 0.075 -0.954 -0.294 0.147 -0.944 -0.284 0.213 -0.935 -0.272 0.25 -0.929 -0.28 0.238 -0.93 -0.301 0.204 -0.931 -0.337 0.158 -0.928 -0.251 0.215 -0.944 -0.044 0.353 -0.935 -0.039 0.357 -0.933 -0.089 0.348 -0.933 -0.242 0.334 -0.911 -0.389 0.316 -0.865 -0.435 0.316 -0.844 -0.43 0.312 -0.847 -0.224 0.217 -0.95 -0.131 0.18 -0.975 -0.173 0.218 -0.961 -0.197 0.247 -0.949 -0.206 0.257 -0.944 -0.191 0.222 -0.956 -0.174 0.16 -0.972 -0.169 0.088 -0.982 -0.176 0.025 -0.984 -0.183 0.002 -0.983 -0.178 0.006 -0.984 -0.164 0.017 -0.986 -0.092 -0.257 -0.962 0.033 -0.225 -0.974 0.031 -0.22 -0.975 0.031 -0.222 -0.975 0.025 -0.242 -0.97 -0.005 -0.292 -0.956 -0.042 -0.336 -0.941 -0.071 -0.358 -0.931 -0.077 -0.362 -0.929 -0.048 -0.353 -0.935 -0.005 -0.34 -0.94 0.039 -0.333 -0.942 -0.06 -0.318 -0.946 -0.26 -0.286 -0.922 -0.268 -0.285 -0.92 -0.247 -0.298 -0.922 -0.178 -0.355 -0.918 -0.109 -0.411 -0.905 -0.093 -0.428 -0.899 -0.095 -0.421 -0.902 -0.16 -0.236 -0.958 -0.193 -0.143 -0.971 -0.192 -0.187 -0.963 -0.197 -0.23 -0.953 -0.202 -0.26 -0.944 -0.198 -0.253 -0.947 -0.181 -0.222 -0.958 -0.143 -0.179 -0.973 -0.098 -0.141 -0.985 -0.079 -0.132 -0.988 -0.077 -0.131 -0.988 -0.083 -0.131 -0.988 0.109 0.178 -0.978 -0.004 0.106 -0.994 0.001 0.096 -0.995 0.002 0.095 -0.996 0.005 0.117 -0.993 0.027 0.171 -0.985 0.059 0.223 -0.973 0.093 0.26 -0.961 0.111 0.275 -0.955 0.095 0.268 -0.959 0.062 0.253 -0.966 0.017 0.239 -0.971 0.106 0.236 -0.966 0.307 0.235 -0.922 0.314 0.235 -0.92 0.283 0.249 -0.926 0.188 0.308 -0.933 0.093 0.366 -0.926 0.066 0.386 -0.92 0.069 0.38 -0.922 0.162 0.202 -0.966 0.204 0.124 -0.971 0.197 0.17 -0.966 0.195 0.207 -0.959 0.194 0.224 -0.955 0.189 0.201 -0.961 0.172 0.154 -0.973 0.14 0.102 -0.985 0.101 0.058 -0.993 0.083 0.045 -0.996 0.085 0.044 -0.995 0.096 0.045 -0.994 -0.071 0.023 -0.997 -0.003 -0.058 -0.998 0.002 -0.055 -0.998 0.001 -0.055 -0.999 -0.017 -0.056 -0.998 -0.065 -0.049 -0.997 -0.111 -0.034 -0.993 -0.141 -0.017 -0.99 -0.15 -0.011 -0.989 -0.137 -0.027 -0.99 -0.115 -0.054 -0.992 -0.096 -0.084 -0.992 -0.113 -0.01 -0.994 -0.154 0.149 -0.977 -0.155 0.155 -0.976 -0.159 0.134 -0.978 -0.183 0.06 -0.981 -0.208 -0.013 -0.978 -0.217 -0.032 -0.976 -0.212 -0.028 -0.977 -0.085 0.074 -0.994 -0.027 0.124 -0.992 -0.061 0.111 -0.992 -0.094 0.102 -0.99 -0.114 0.098 -0.989 -0.103 0.097 -0.99 -0.069 0.093 -0.993 -0.023 0.077 -0.997 0.02 0.054 -0.998 0.033 0.043 -0.999 0.034 0.042 -0.999 0.033 0.048 -0.998 -0.061 -0.051 0.997 -0.063 -0.033 0.997 -0.03 -0.046 0.998 -0.056 -0.038 0.998 -0.042 -0.042 0.998 -0.025 -0.039 0.999 -0.011 -0.031 0.999 -0.002 -0.02 1 -0 -0.017 1 0.004 -0.041 0.999 0.007 -0.065 0.998 0.004 -0.062 0.998 -0.007 -0.055 0.998 -0.023 -0.051 0.998 -0.04 -0.053 0.998 -0.053 -0.062 0.997 -0.057 -0.068 0.996 -0.131 -0.061 0.989 -0.129 -0.079 0.989 -0.161 -0.066 0.985 -0.136 -0.074 0.988 -0.15 -0.07 0.986 -0.167 -0.072 0.983 -0.18 -0.081 0.98 -0.189 -0.091 0.978 -0.191 -0.095 0.977 -0.194 -0.07 0.978 -0.198 -0.046 0.979 -0.195 -0.049 0.98 -0.184 -0.057 0.981 -0.168 -0.061 0.984 -0.152 -0.058 0.987 -0.139 -0.05 0.989 -0.134 -0.044 0.99 0.019 0.002 1 0.027 0.018 0.999 0.048 -0.011 0.999 0.03 0.01 1 0.04 -0.001 0.999 0.056 -0.008 0.998 0.072 -0.008 0.997 0.085 -0.004 0.996 0.089 -0.002 0.996 0.079 -0.025 0.997 0.069 -0.047 0.996 0.068 -0.043 0.997 0.063 -0.031 0.998 0.051 -0.019 0.999 0.036 -0.012 0.999 0.02 -0.012 1 0.013 -0.015 1 -0.02 0.019 1 -0.027 0.003 1 -0.048 0.031 0.998 -0.03 0.01 0.999 -0.041 0.022 0.999 -0.056 0.029 0.998 -0.073 0.029 0.997 -0.086 0.024 0.996 -0.089 0.022 0.996 -0.08 0.045 0.996 -0.07 0.068 0.995 -0.068 0.064 0.996 -0.063 0.051 0.997 -0.052 0.039 0.998 -0.036 0.032 0.999 -0.021 0.032 0.999 -0.013 0.035 0.999 0.069 -0.09 0.994 0.065 -0.108 0.992 0.038 -0.084 0.996 0.06 -0.101 0.993 0.047 -0.092 0.995 0.03 -0.089 0.996 0.014 -0.092 0.996 0.002 -0.1 0.995 -0.001 -0.103 0.995 0.003 -0.078 0.997 0.008 -0.053 0.999 0.01 -0.057 0.998 0.018 -0.068 0.998 0.032 -0.077 0.996 0.049 -0.081 0.996 0.065 -0.077 0.995 0.071 -0.072 0.995 0.111 -0.098 0.989 0.115 -0.08 0.99 0.142 -0.103 0.984 0.12 -0.087 0.989 0.132 -0.096 0.987 0.149 -0.099 0.984 0.166 -0.095 0.982 0.177 -0.087 0.98 0.18 -0.085 0.98 0.176 -0.109 0.978 0.171 -0.134 0.976 0.169 -0.13 0.977 0.161 -0.119 0.98 0.147 -0.11 0.983 0.13 -0.107 0.986 0.115 -0.111 0.987 0.108 -0.116 0.987 -0.003 -0.02 1 -0.018 -0.01 1 0.014 0.007 1 -0.01 -0.008 1 0.003 0.001 1 0.012 0.015 1 0.014 0.032 0.999 0.012 0.046 0.999 0.01 0.049 0.999 0.031 0.036 0.999 0.053 0.024 0.998 0.049 0.023 0.999 0.035 0.019 0.999 0.022 0.009 1 0.013 -0.005 1 0.011 -0.021 1 0.013 -0.029 1 -0.025 -0.057 0.998 -0.01 -0.067 0.998 -0.041 -0.084 0.996 -0.018 -0.069 0.997 -0.031 -0.077 0.997 -0.039 -0.092 0.995 -0.042 -0.109 0.993 -0.039 -0.122 0.992 -0.037 -0.126 0.991 -0.059 -0.113 0.992 -0.08 -0.1 0.992 -0.076 -0.099 0.992 -0.063 -0.096 0.993 -0.049 -0.086 0.995 -0.04 -0.071 0.997 -0.039 -0.056 0.998 -0.04 -0.048 0.998 -0.017 0.025 1 -0.011 0.04 0.999 -0.007 0.034 0.999 0.004 0.024 1 0.019 0.019 1 0.035 0.02 0.999 0.047 0.025 0.999 0.05 0.027 0.998 0.043 0.005 0.999 0.035 -0.017 0.999 0.034 -0.014 0.999 0.028 -0.002 1 0.016 0.008 1 0 0.013 1 -0.014 0.012 1 -0.021 0.008 1 -0.055 0.037 0.998 -0.061 0.021 0.998 -0.083 0.047 0.995 -0.064 0.028 0.998 -0.075 0.038 0.996 -0.091 0.043 0.995 -0.106 0.042 0.993 -0.118 0.036 0.992 -0.121 0.034 0.992 -0.114 0.057 0.992 -0.107 0.079 0.991 -0.105 0.075 0.992 -0.099 0.064 0.993 -0.087 0.054 0.995 -0.072 0.048 0.996 -0.057 0.05 0.997 -0.05 0.053 0.997 -0.006 0.035 0.999 0.011 0.039 0.999 0.004 0.006 1 0.007 0.032 0.999 0.006 0.017 1 0.011 0.002 1 0.022 -0.01 1 0.034 -0.017 0.999 0.038 -0.018 0.999 0.015 -0.026 1 -0.008 -0.034 0.999 -0.006 -0.03 1 -0.001 -0.018 1 0.001 -0.002 1 -0.005 0.014 1 -0.015 0.025 1 -0.022 0.028 0.999 -0.029 0.101 0.994 -0.045 0.096 0.994 -0.038 0.13 0.991 -0.042 0.103 0.994 -0.04 0.118 0.992 -0.046 0.134 0.99 -0.056 0.145 0.988 -0.068 0.152 0.986 -0.072 0.153 0.986 -0.049 0.161 0.986 -0.026 0.169 0.985 -0.028 0.165 0.986 -0.034 0.153 0.988 -0.035 0.137 0.99 -0.03 0.122 0.992 -0.019 0.111 0.994 -0.012 0.107 0.994 -0.159 0.295 -0.942 -0.118 0.148 -0.982 -0.108 0.15 -0.983 -0.108 0.152 -0.983 -0.132 0.16 -0.978 -0.191 0.196 -0.962 -0.243 0.243 -0.939 -0.272 0.283 -0.92 -0.282 0.3 -0.911 -0.275 0.274 -0.921 -0.266 0.229 -0.937 -0.261 0.175 -0.949 -0.234 0.285 -0.93 -0.177 0.508 -0.843 -0.175 0.515 -0.839 -0.197 0.489 -0.85 -0.283 0.403 -0.871 -0.366 0.313 -0.876 -0.393 0.289 -0.873 -0.385 0.292 -0.875 -0.155 0.367 -0.917 -0.045 0.399 -0.916 -0.1 0.401 -0.911 -0.147 0.407 -0.902 -0.175 0.411 -0.895 -0.156 0.403 -0.902 -0.112 0.378 -0.919 -0.06 0.332 -0.941 -0.019 0.277 -0.961 -0.009 0.254 -0.967 -0.008 0.254 -0.967 -0.006 0.264 -0.965 0.06 0.043 -0.997 0.126 0.14 -0.982 0.116 0.149 -0.982 0.113 0.152 -0.982 0.117 0.134 -0.984 0.117 0.084 -0.99 0.108 0.028 -0.994 0.09 -0.019 -0.996 0.077 -0.043 -0.996 0.086 -0.033 -0.996 0.109 -0.009 -0.994 0.144 0.021 -0.989 0.071 -0.005 -0.997 -0.107 -0.081 -0.991 -0.113 -0.085 -0.99 -0.077 -0.085 -0.993 0.035 -0.103 -0.994 0.145 -0.124 -0.982 0.179 -0.135 -0.975 0.175 -0.131 -0.976 0.035 0.001 -0.999 -0.026 0.05 -0.998 -0.003 0.011 -1 0.01 -0.02 -1 0.016 -0.032 -0.999 0.012 -0.006 -1 0.011 0.045 -0.999 0.02 0.1 -0.995 0.037 0.148 -0.988 0.046 0.163 -0.985 0.043 0.162 -0.986 0.03 0.156 -0.987 0.051 -0.104 -0.993 -0.056 -0.106 -0.993 -0.056 -0.104 -0.993 -0.055 -0.098 -0.994 -0.048 -0.082 -0.995 -0.016 -0.039 -0.999 0.016 -0.007 -1 0.031 0.004 -1 0.022 0 -1 -0.012 -0.01 -1 -0.055 -0.021 -0.998 -0.087 -0.024 -0.996 -0.004 -0.042 -0.999 0.15 -0.07 -0.986 0.158 -0.072 -0.985 0.152 -0.068 -0.986 0.12 -0.036 -0.992 0.088 -0.004 -0.996 0.084 0.003 -0.996 0.086 -0.005 -0.996 0.112 -0.16 -0.981 0.127 -0.241 -0.962 0.132 -0.21 -0.969 0.143 -0.168 -0.975 0.154 -0.134 -0.979 0.158 -0.125 -0.979 0.147 -0.14 -0.979 0.114 -0.171 -0.979 0.071 -0.203 -0.977 0.054 -0.209 -0.976 0.048 -0.21 -0.977 0.047 -0.21 -0.977 -0.16 0.204 -0.966 -0.045 0.113 -0.993 -0.044 0.115 -0.992 -0.05 0.111 -0.993 -0.071 0.1 -0.992 -0.143 0.086 -0.986 -0.207 0.081 -0.975 -0.238 0.085 -0.968 -0.233 0.082 -0.969 -0.194 0.063 -0.979 -0.145 0.036 -0.989 -0.106 0.008 -0.994 -0.173 0.103 -0.979 -0.3 0.277 -0.913 -0.305 0.285 -0.909 -0.302 0.269 -0.915 -0.3 0.193 -0.934 -0.298 0.116 -0.947 -0.3 0.1 -0.949 -0.296 0.108 -0.949 -0.178 0.3 -0.937 -0.116 0.396 -0.911 -0.153 0.366 -0.918 -0.201 0.335 -0.92 -0.239 0.312 -0.92 -0.243 0.309 -0.919 -0.213 0.317 -0.924 -0.149 0.32 -0.936 -0.077 0.313 -0.947 -0.054 0.305 -0.951 -0.049 0.301 -0.952 -0.05 0.303 -0.952 0.207 0.22 -0.953 0.07 0.155 -0.985 0.074 0.145 -0.987 0.075 0.146 -0.986 0.079 0.171 -0.982 0.105 0.234 -0.967 0.142 0.292 -0.946 0.178 0.328 -0.928 0.193 0.34 -0.921 0.168 0.329 -0.929 0.125 0.312 -0.942 0.074 0.298 -0.952 0.185 0.291 -0.939 0.416 0.273 -0.867 0.424 0.273 -0.863 0.394 0.29 -0.872 0.295 0.358 -0.886 0.193 0.424 -0.885 0.165 0.446 -0.88 0.169 0.439 -0.883 0.279 0.228 -0.933 0.33 0.127 -0.935 0.322 0.181 -0.929 0.32 0.228 -0.92 0.32 0.255 -0.913 0.315 0.236 -0.919 0.297 0.189 -0.936 0.26 0.131 -0.957 0.213 0.081 -0.974 0.192 0.068 -0.979 0.192 0.067 -0.979 0.202 0.067 -0.977 -0.002 -0.036 -0.999 0.104 -0.082 -0.991 0.112 -0.071 -0.991 0.114 -0.068 -0.991 0.097 -0.075 -0.992 0.048 -0.084 -0.995 -0.008 -0.084 -0.996 -0.056 -0.075 -0.996 -0.082 -0.067 -0.994 -0.071 -0.074 -0.995 -0.043 -0.092 -0.995 -0.008 -0.121 -0.993 -0.046 -0.054 -0.997 -0.151 0.105 -0.983 -0.154 0.11 -0.982 -0.149 0.075 -0.986 -0.147 -0.036 -0.988 -0.147 -0.147 -0.978 -0.152 -0.181 -0.972 -0.149 -0.177 -0.973 -0.047 -0.018 -0.999 -0.009 0.05 -0.999 -0.044 0.02 -0.999 -0.071 0.002 -0.997 -0.082 -0.005 -0.997 -0.057 0.003 -0.998 -0.009 0.013 -1 0.047 0.013 -0.999 0.096 0.005 -0.995 0.113 -0.001 -0.994 0.111 0.002 -0.994 0.103 0.013 -0.995 -0.146 -0.052 -0.988 -0.165 0.051 -0.985 -0.164 0.051 -0.985 -0.158 0.052 -0.986 -0.141 0.048 -0.989 -0.095 0.024 -0.995 -0.058 -0.001 -0.998 -0.045 -0.014 -0.999 -0.05 -0.006 -0.999 -0.066 0.026 -0.998 -0.083 0.065 -0.994 -0.092 0.096 -0.991 -0.095 0.012 -0.995 -0.095 -0.143 -0.985 -0.095 -0.15 -0.984 -0.092 -0.144 -0.985 -0.067 -0.107 -0.992 -0.042 -0.071 -0.997 -0.036 -0.066 -0.997 -0.043 -0.069 -0.997 -0.188 -0.121 -0.975 -0.263 -0.15 -0.953 -0.232 -0.149 -0.961 -0.19 -0.153 -0.97 -0.156 -0.158 -0.975 -0.146 -0.159 -0.976 -0.162 -0.152 -0.975 -0.199 -0.125 -0.972 -0.236 -0.089 -0.968 -0.245 -0.074 -0.967 -0.247 -0.068 -0.967 -0.247 -0.067 -0.967 0.118 0.205 -0.972 0.048 0.079 -0.996 0.05 0.078 -0.996 0.045 0.083 -0.996 0.031 0.102 -0.994 0.005 0.169 -0.986 -0.01 0.23 -0.973 -0.011 0.26 -0.966 -0.013 0.255 -0.967 -0.025 0.214 -0.976 -0.043 0.162 -0.986 -0.064 0.12 -0.991 0.017 0.201 -0.979 0.168 0.353 -0.92 0.174 0.359 -0.917 0.159 0.354 -0.922 0.085 0.339 -0.937 0.01 0.324 -0.946 -0.007 0.323 -0.946 0.003 0.32 -0.947 0.209 0.239 -0.948 0.315 0.195 -0.929 0.279 0.226 -0.933 0.24 0.267 -0.933 0.211 0.3 -0.93 0.208 0.304 -0.93 0.22 0.276 -0.936 0.234 0.214 -0.948 0.239 0.143 -0.96 0.234 0.12 -0.965 0.232 0.115 -0.966 0.233 0.116 -0.966 -0.174 -0.289 -0.941 -0.178 -0.138 -0.974 -0.197 -0.133 -0.971 -0.204 -0.131 -0.97 -0.187 -0.149 -0.971 -0.152 -0.203 -0.967 -0.123 -0.271 -0.955 -0.107 -0.337 -0.936 -0.103 -0.374 -0.921 -0.101 -0.363 -0.926 -0.094 -0.325 -0.941 -0.077 -0.27 -0.96 -0.136 -0.342 -0.93 -0.263 -0.521 -0.812 -0.266 -0.526 -0.808 -0.227 -0.507 -0.832 -0.092 -0.458 -0.884 0.049 -0.403 -0.914 0.097 -0.389 -0.916 0.089 -0.387 -0.918 -0.159 -0.351 -0.923 -0.254 -0.337 -0.906 -0.2 -0.366 -0.909 -0.166 -0.388 -0.907 -0.155 -0.394 -0.906 -0.182 -0.365 -0.913 -0.223 -0.309 -0.924 -0.253 -0.242 -0.937 -0.267 -0.18 -0.947 -0.268 -0.156 -0.951 -0.271 -0.162 -0.949 -0.282 -0.178 -0.943 -0.216 0.165 -0.962 -0.353 0.072 -0.933 -0.349 0.065 -0.935 -0.349 0.068 -0.935 -0.349 0.094 -0.932 -0.331 0.177 -0.927 -0.303 0.249 -0.92 -0.278 0.288 -0.917 -0.276 0.291 -0.916 -0.311 0.262 -0.914 -0.362 0.22 -0.906 -0.413 0.186 -0.892 -0.29 0.218 -0.932 -0.021 0.281 -0.959 -0.012 0.284 -0.959 -0.041 0.29 -0.956 -0.148 0.329 -0.933 -0.251 0.366 -0.896 -0.275 0.379 -0.884 -0.27 0.372 -0.888 -0.123 0.157 -0.98 -0.043 0.051 -0.998 -0.062 0.111 -0.992 -0.073 0.175 -0.982 -0.079 0.22 -0.972 -0.081 0.216 -0.973 -0.09 0.172 -0.981 -0.118 0.099 -0.988 -0.159 0.024 -0.987 -0.177 0.004 -0.984 -0.178 0.002 -0.984 -0.17 0.005 -0.985 -0.024 -0.312 -0.95 0.123 -0.345 -0.931 0.124 -0.338 -0.933 0.123 -0.339 -0.933 0.108 -0.356 -0.928 0.046 -0.398 -0.916 -0.017 -0.426 -0.904 -0.055 -0.435 -0.899 -0.057 -0.436 -0.898 -0.012 -0.44 -0.898 0.049 -0.447 -0.893 0.105 -0.458 -0.883 -0.004 -0.395 -0.919 -0.227 -0.256 -0.94 -0.234 -0.252 -0.939 -0.217 -0.277 -0.936 -0.168 -0.374 -0.912 -0.118 -0.468 -0.876 -0.109 -0.493 -0.863 -0.108 -0.487 -0.867 -0.082 -0.244 -0.966 -0.072 -0.115 -0.991 -0.095 -0.168 -0.981 -0.126 -0.219 -0.968 -0.151 -0.255 -0.955 -0.149 -0.255 -0.955 -0.117 -0.233 -0.966 -0.054 -0.204 -0.977 0.019 -0.183 -0.983 0.042 -0.182 -0.982 0.044 -0.181 -0.982 0.037 -0.177 -0.983 -0.011 0.056 -0.998 -0.147 0.155 -0.977 -0.149 0.152 -0.977 -0.144 0.155 -0.977 -0.118 0.166 -0.979 -0.036 0.179 -0.983 0.04 0.179 -0.983 0.081 0.172 -0.982 0.082 0.172 -0.982 0.043 0.193 -0.98 -0.011 0.224 -0.974 -0.054 0.257 -0.965 0.015 0.155 -0.988 0.159 -0.05 -0.986 0.165 -0.059 -0.985 0.161 -0.038 -0.986 0.16 0.056 -0.986 0.16 0.149 -0.976 0.164 0.171 -0.972 0.157 0.161 -0.974 0.015 -0.044 -0.999 -0.052 -0.148 -0.988 -0.009 -0.114 -0.993 0.044 -0.082 -0.996 0.083 -0.061 -0.995 0.082 -0.06 -0.995 0.041 -0.068 -0.997 -0.035 -0.068 -0.997 -0.117 -0.056 -0.992 -0.143 -0.046 -0.989 -0.148 -0.043 -0.988 -0.146 -0.046 -0.988 -0.203 0.061 -0.977 -0.176 -0.085 -0.981 -0.16 -0.086 -0.983 -0.155 -0.086 -0.984 -0.174 -0.071 -0.982 -0.214 -0.025 -0.977 -0.249 0.035 -0.968 -0.269 0.096 -0.958 -0.276 0.133 -0.952 -0.277 0.123 -0.953 -0.28 0.087 -0.956 -0.289 0.034 -0.957 -0.245 0.111 -0.963 -0.14 0.308 -0.941 -0.137 0.315 -0.939 -0.172 0.288 -0.942 -0.29 0.217 -0.932 -0.405 0.146 -0.903 -0.443 0.128 -0.887 -0.436 0.127 -0.891 -0.226 0.123 -0.966 -0.139 0.126 -0.982 -0.189 0.143 -0.972 -0.22 0.158 -0.963 -0.229 0.162 -0.96 -0.201 0.137 -0.97 -0.159 0.089 -0.983 -0.124 0.029 -0.992 -0.103 -0.028 -0.994 -0.099 -0.052 -0.994 -0.096 -0.047 -0.994 -0.09 -0.032 -0.995 0.024 0.404 -0.914 0.059 0.259 -0.964 0.08 0.259 -0.963 0.087 0.259 -0.962 0.066 0.272 -0.96 0.02 0.318 -0.948 -0.023 0.376 -0.926 -0.052 0.435 -0.899 -0.063 0.47 -0.88 -0.064 0.459 -0.886 -0.063 0.421 -0.905 -0.069 0.364 -0.929 -0.025 0.446 -0.895 0.07 0.64 -0.765 0.072 0.646 -0.76 0.036 0.62 -0.783 -0.091 0.546 -0.833 -0.219 0.461 -0.86 -0.263 0.437 -0.86 -0.255 0.437 -0.862 -0.003 0.46 -0.888 0.096 0.468 -0.879 0.035 0.483 -0.875 -0.003 0.496 -0.868 -0.016 0.5 -0.866 0.018 0.479 -0.878 0.069 0.434 -0.898 0.113 0.376 -0.92 0.141 0.319 -0.937 0.146 0.296 -0.944 0.149 0.302 -0.942 0.156 0.32 -0.934 0.167 -0.031 -0.985 0.283 0.09 -0.955 0.278 0.096 -0.956 0.278 0.093 -0.956 0.285 0.067 -0.956 0.286 -0.019 -0.958 0.275 -0.098 -0.956 0.26 -0.142 -0.955 0.259 -0.145 -0.955 0.287 -0.108 -0.952 0.328 -0.056 -0.943 0.372 -0.012 -0.928 0.254 -0.069 -0.965 0.001 -0.192 -0.981 -0.007 -0.197 -0.98 0.023 -0.196 -0.98 0.139 -0.211 -0.967 0.252 -0.227 -0.941 0.28 -0.235 -0.931 0.273 -0.228 -0.934 0.071 -0.044 -0.997 -0.034 0.044 -0.998 -0 -0.011 -1 0.027 -0.073 -0.997 0.043 -0.116 -0.992 0.044 -0.113 -0.993 0.042 -0.066 -0.997 0.053 0.013 -0.999 0.076 0.096 -0.992 0.09 0.12 -0.989 0.091 0.122 -0.988 0.083 0.118 -0.99 -0.13 0.393 -0.91 -0.281 0.389 -0.877 -0.28 0.382 -0.881 -0.279 0.383 -0.88 -0.268 0.403 -0.875 -0.216 0.458 -0.863 -0.159 0.499 -0.852 -0.122 0.516 -0.848 -0.121 0.518 -0.847 -0.167 0.511 -0.843 -0.227 0.503 -0.834 -0.284 0.5 -0.818 -0.166 0.467 -0.869 0.084 0.384 -0.919 0.092 0.382 -0.92 0.07 0.402 -0.913 0.001 0.484 -0.875 -0.066 0.561 -0.825 -0.079 0.582 -0.809 -0.079 0.576 -0.814 -0.059 0.341 -0.938 -0.042 0.214 -0.976 -0.03 0.271 -0.962 -0.01 0.327 -0.945 0.007 0.367 -0.93 0.006 0.367 -0.93 -0.022 0.338 -0.941 -0.079 0.296 -0.952 -0.146 0.258 -0.955 -0.168 0.252 -0.953 -0.17 0.251 -0.953 -0.163 0.249 -0.955 -0.063 0.031 -0.998 0.095 -0.036 -0.995 0.097 -0.033 -0.995 0.092 -0.037 -0.995 0.069 -0.054 -0.996 -0.01 -0.086 -0.996 -0.084 -0.104 -0.991 -0.127 -0.106 -0.986 -0.127 -0.107 -0.986 -0.084 -0.119 -0.989 -0.024 -0.137 -0.99 0.027 -0.16 -0.987 -0.065 -0.074 -0.995 -0.254 0.095 -0.963 -0.262 0.103 -0.96 -0.254 0.082 -0.964 -0.231 -0.01 -0.973 -0.209 -0.103 -0.972 -0.208 -0.125 -0.97 -0.204 -0.115 -0.972 -0.112 0.123 -0.986 -0.068 0.241 -0.968 -0.104 0.198 -0.975 -0.15 0.154 -0.977 -0.183 0.124 -0.975 -0.181 0.123 -0.976 -0.143 0.141 -0.98 -0.068 0.159 -0.985 0.016 0.166 -0.986 0.045 0.162 -0.986 0.051 0.16 -0.986 0.048 0.162 -0.986 0.13 0.07 -0.989 0.07 0.207 -0.976 0.053 0.205 -0.977 0.048 0.203 -0.978 0.07 0.194 -0.979 0.12 0.157 -0.98 0.169 0.105 -0.98 0.204 0.049 -0.978 0.22 0.013 -0.975 0.219 0.023 -0.975 0.213 0.059 -0.975 0.21 0.114 -0.971 0.183 0.029 -0.983 0.126 -0.192 -0.973 0.125 -0.2 -0.972 0.153 -0.164 -0.974 0.255 -0.067 -0.965 0.354 0.027 -0.935 0.388 0.052 -0.92 0.381 0.052 -0.923 0.167 0.013 -0.986 0.08 -0.01 -0.997 0.134 -0.015 -0.991 0.169 -0.024 -0.985 0.179 -0.025 -0.983 0.145 -0.007 -0.989 0.092 0.032 -0.995 0.043 0.083 -0.996 0.008 0.135 -0.991 -0.001 0.158 -0.987 -0.002 0.153 -0.988 -0.005 0.136 -0.991 0.269 -0.175 -0.947 0.118 -0.157 -0.98 0.111 -0.176 -0.978 0.108 -0.182 -0.977 0.128 -0.168 -0.977 0.187 -0.141 -0.972 0.259 -0.121 -0.958 0.326 -0.114 -0.938 0.364 -0.116 -0.924 0.353 -0.112 -0.929 0.316 -0.1 -0.943 0.263 -0.074 -0.962 0.327 -0.144 -0.934 0.488 -0.298 -0.82 0.493 -0.302 -0.816 0.479 -0.26 -0.838 0.449 -0.116 -0.886 0.412 0.032 -0.911 0.404 0.082 -0.911 0.402 0.074 -0.913 0.333 -0.169 -0.928 0.307 -0.263 -0.915 0.342 -0.212 -0.915 0.369 -0.181 -0.912 0.377 -0.17 -0.911 0.344 -0.194 -0.919 0.283 -0.227 -0.932 0.212 -0.247 -0.945 0.148 -0.254 -0.956 0.124 -0.251 -0.96 0.129 -0.255 -0.958 0.144 -0.268 -0.953 -0.19 -0.157 -0.969 -0.115 -0.307 -0.945 -0.107 -0.303 -0.947 -0.11 -0.303 -0.947 -0.137 -0.3 -0.944 -0.217 -0.271 -0.938 -0.286 -0.234 -0.929 -0.321 -0.204 -0.925 -0.324 -0.202 -0.924 -0.299 -0.241 -0.923 -0.264 -0.297 -0.918 -0.237 -0.353 -0.905 -0.252 -0.225 -0.941 -0.281 0.053 -0.958 -0.282 0.063 -0.957 -0.292 0.034 -0.956 -0.345 -0.068 -0.936 -0.395 -0.167 -0.903 -0.412 -0.19 -0.891 -0.404 -0.186 -0.896 -0.169 -0.063 -0.984 -0.053 0.003 -0.999 -0.115 -0.008 -0.993 -0.181 -0.012 -0.983 -0.227 -0.012 -0.974 -0.223 -0.014 -0.975 -0.18 -0.028 -0.983 -0.111 -0.066 -0.992 -0.042 -0.117 -0.992 -0.022 -0.139 -0.99 -0.024 -0.131 -0.991 0.313 -0.027 -0.95 0.364 0.114 -0.924 0.357 0.117 -0.927 0.358 0.115 -0.927 0.373 0.098 -0.923 0.407 0.03 -0.913 0.427 -0.037 -0.903 0.431 -0.077 -0.899 0.432 -0.079 -0.899 0.442 -0.034 -0.897 0.456 0.026 -0.89 0.475 0.08 -0.877 0.398 -0.019 -0.917 0.23 -0.224 -0.947 0.225 -0.23 -0.947 0.252 -0.217 -0.943 0.355 -0.18 -0.917 0.455 -0.145 -0.879 0.481 -0.139 -0.866 0.475 -0.137 -0.869 0.237 -0.076 -0.969 0.11 -0.048 -0.993 0.16 -0.078 -0.984 0.206 -0.116 -0.972 0.239 -0.146 -0.96 0.239 -0.144 -0.96 0.221 -0.109 -0.969 0.201 -0.042 -0.979 0.189 0.034 -0.981 0.191 0.057 -0.98 0.19 0.059 -0.98 0.186 0.052 -0.981 -0.054 0.036 -0.998 -0.171 -0.088 -0.981 -0.168 -0.091 -0.982 -0.17 -0.085 -0.982 -0.178 -0.057 -0.982 -0.18 0.026 -0.983 -0.171 0.102 -0.98 -0.158 0.142 -0.977 -0.158 0.143 -0.977 -0.184 0.107 -0.977 -0.222 0.057 -0.973 -0.261 0.018 -0.965 -0.15 0.074 -0.986 0.074 0.191 -0.979 0.084 0.196 -0.977 0.062 0.195 -0.979 -0.032 0.206 -0.978 -0.125 0.218 -0.968 -0.146 0.224 -0.964 -0.138 0.217 -0.966 0.049 0.049 -0.998 0.144 -0.032 -0.989 0.116 0.015 -0.993 0.091 0.073 -0.993 0.075 0.114 -0.991 0.074 0.113 -0.991 0.076 0.071 -0.995 0.067 -0.004 -0.998 0.045 -0.085 -0.995 0.03 -0.11 -0.993 0.027 -0.115 -0.993 0.03 -0.113 -0.993 -0.084 -0.157 -0.984 0.065 -0.149 -0.987 0.068 -0.132 -0.989 0.069 -0.127 -0.989 0.052 -0.145 -0.988 0.001 -0.178 -0.984 -0.064 -0.206 -0.976 -0.128 -0.219 -0.967 -0.166 -0.221 -0.961 -0.156 -0.224 -0.962 -0.121 -0.231 -0.966 -0.069 -0.247 -0.967 -0.14 -0.193 -0.971 -0.323 -0.062 -0.944 -0.329 -0.058 -0.942 -0.307 -0.098 -0.947 -0.251 -0.225 -0.941 -0.195 -0.35 -0.916 -0.183 -0.391 -0.902 -0.181 -0.384 -0.905 -0.149 -0.172 -0.974 -0.141 -0.083 -0.986 -0.164 -0.132 -0.978 -0.184 -0.161 -0.97 -0.188 -0.17 -0.967 -0.16 -0.145 -0.976 -0.107 -0.109 -0.988 -0.042 -0.081 -0.996 0.018 -0.067 -0.998 0.042 -0.067 -0.997 0.038 -0.063 -0.997 0.024 -0.055 -0.998 -0.107 -0.311 -0.944 -0.123 -0.168 -0.978 -0.142 -0.165 -0.976 -0.148 -0.164 -0.975 -0.131 -0.179 -0.975 -0.093 -0.228 -0.969 -0.06 -0.29 -0.955 -0.04 -0.351 -0.936 -0.033 -0.387 -0.922 -0.031 -0.376 -0.926 -0.028 -0.339 -0.94 -0.016 -0.284 -0.959 -0.066 -0.358 -0.931 -0.177 -0.543 -0.821 -0.18 -0.549 -0.816 -0.143 -0.527 -0.838 -0.015 -0.466 -0.884 0.115 -0.4 -0.909 0.159 -0.382 -0.91 0.152 -0.381 -0.912 -0.088 -0.369 -0.925 -0.181 -0.365 -0.913 -0.127 -0.387 -0.913 -0.092 -0.405 -0.91 -0.081 -0.41 -0.908 -0.11 -0.385 -0.916 -0.153 -0.336 -0.93 -0.187 -0.274 -0.943 -0.206 -0.216 -0.955 -0.208 -0.193 -0.959 -0.211 -0.199 -0.957 -0.22 -0.215 -0.951 -0.187 0.117 -0.975 -0.311 0.016 -0.95 -0.306 0.01 -0.952 -0.306 0.013 -0.952 -0.309 0.038 -0.95 -0.3 0.119 -0.946 -0.28 0.191 -0.941 -0.26 0.23 -0.938 -0.258 0.234 -0.937 -0.289 0.202 -0.936 -0.334 0.158 -0.929 -0.381 0.121 -0.917 -0.264 0.161 -0.951 -0.012 0.246 -0.969 -0.004 0.249 -0.969 -0.032 0.252 -0.967 -0.138 0.28 -0.95 -0.242 0.308 -0.92 -0.267 0.319 -0.909 -0.262 0.312 -0.913 -0.097 0.117 -0.988 -0.01 0.023 -1 -0.034 0.078 -0.996 -0.051 0.139 -0.989 -0.062 0.181 -0.982 -0.062 0.177 -0.982 -0.067 0.134 -0.989 -0.087 0.062 -0.994 -0.119 -0.012 -0.993 -0.134 -0.033 -0.99 -0.135 -0.035 -0.99 -0.128 -0.032 -0.991 0.039 -0.32 -0.947 0.181 -0.338 -0.924 0.181 -0.331 -0.926 0.18 -0.332 -0.926 0.168 -0.35 -0.922 0.112 -0.396 -0.911 0.054 -0.429 -0.902 0.018 -0.441 -0.897 0.016 -0.442 -0.897 0.06 -0.442 -0.895 0.118 -0.443 -0.889 0.173 -0.449 -0.877 0.064 -0.398 -0.915 -0.161 -0.285 -0.945 -0.168 -0.282 -0.945 -0.15 -0.304 -0.941 -0.095 -0.393 -0.915 -0.04 -0.478 -0.877 -0.03 -0.502 -0.864 -0.029 -0.496 -0.868 -0.022 -0.26 -0.965 -0.023 -0.137 -0.99 -0.041 -0.19 -0.981 -0.067 -0.241 -0.968 -0.087 -0.277 -0.957 -0.085 -0.277 -0.957 -0.057 -0.253 -0.966 0.001 -0.22 -0.976 0.068 -0.193 -0.979 0.09 -0.19 -0.978 0.092 -0.189 -0.978 0.085 -0.186 -0.979 0.019 0.031 -0.999 -0.12 0.113 -0.986 -0.122 0.11 -0.986 -0.117 0.113 -0.987 -0.093 0.126 -0.988 -0.016 0.146 -0.989 0.056 0.153 -0.987 0.095 0.15 -0.984 0.096 0.15 -0.984 0.058 0.167 -0.984 0.003 0.192 -0.981 -0.041 0.219 -0.975 0.034 0.128 -0.991 0.189 -0.054 -0.98 0.196 -0.063 -0.979 0.191 -0.042 -0.981 0.181 0.047 -0.982 0.173 0.136 -0.976 0.174 0.157 -0.972 0.169 0.147 -0.975 0.053 -0.061 -0.997 -0.002 -0.166 -0.986 0.036 -0.13 -0.991 0.084 -0.095 -0.992 0.119 -0.071 -0.99 0.118 -0.071 -0.991 0.079 -0.082 -0.993 0.008 -0.089 -0.996 -0.072 -0.085 -0.994 -0.098 -0.077 -0.992 -0.103 -0.075 -0.992 -0.1 -0.078 -0.992 -0.165 0.018 -0.986 -0.126 -0.117 -0.985 -0.11 -0.117 -0.987 -0.105 -0.116 -0.988 -0.125 -0.105 -0.987 -0.167 -0.064 -0.984 -0.206 -0.01 -0.978 -0.232 0.046 -0.972 -0.242 0.082 -0.967 -0.242 0.072 -0.968 -0.241 0.037 -0.97 -0.245 -0.014 -0.969 -0.21 0.063 -0.976 -0.128 0.261 -0.957 -0.126 0.268 -0.955 -0.158 0.239 -0.958 -0.264 0.16 -0.951 -0.369 0.083 -0.926 -0.405 0.063 -0.912 -0.398 0.063 -0.915 -0.192 0.076 -0.978 -0.109 0.086 -0.99 -0.159 0.098 -0.982 -0.19 0.11 -0.976 -0.199 0.113 -0.973 -0.17 0.092 -0.981 -0.125 0.049 -0.991 -0.086 -0.005 -0.996 -0.06 -0.057 -0.997 -0.055 -0.079 -0.995 -0.053 -0.075 -0.996 -0.048 -0.06 -0.997 0.197 0.009 -0.98 0.192 0.098 -0.977 0.187 0.097 -0.978 0.188 0.096 -0.977 0.201 0.091 -0.975 0.233 0.064 -0.97 0.26 0.033 -0.965 0.273 0.011 -0.962 0.275 0.007 -0.962 0.271 0.031 -0.962 0.266 0.064 -0.962 0.266 0.097 -0.959 0.243 0.027 -0.97 0.199 -0.118 -0.973 0.197 -0.123 -0.973 0.209 -0.109 -0.972 0.259 -0.064 -0.964 0.308 -0.021 -0.951 0.323 -0.011 -0.946 0.318 -0.012 -0.948 0.173 -0.036 -0.984 0.101 -0.05 -0.994 0.133 -0.054 -0.99 0.165 -0.063 -0.984 0.187 -0.07 -0.98 0.184 -0.068 -0.981 0.164 -0.052 -0.985 0.138 -0.021 -0.99 0.116 0.016 -0.993 0.112 0.029 -0.993 0.112 0.03 -0.993 0.111 0.026 -0.994 0.18 0.324 -0.929 0.139 0.184 -0.973 0.152 0.178 -0.972 0.155 0.178 -0.972 0.141 0.198 -0.97 0.115 0.258 -0.959 0.099 0.326 -0.94 0.097 0.382 -0.919 0.1 0.409 -0.907 0.092 0.39 -0.916 0.075 0.352 -0.933 0.047 0.306 -0.951 0.13 0.373 -0.919 0.302 0.516 -0.802 0.306 0.52 -0.797 0.267 0.511 -0.817 0.135 0.491 -0.861 -0 0.465 -0.885 -0.044 0.46 -0.887 -0.037 0.457 -0.888 0.202 0.385 -0.9 0.306 0.35 -0.885 0.26 0.384 -0.886 0.227 0.413 -0.882 0.211 0.428 -0.879 0.227 0.405 -0.886 0.252 0.352 -0.901 0.268 0.284 -0.92 0.27 0.22 -0.937 0.265 0.197 -0.944 0.268 0.198 -0.943 0.277 0.207 -0.938 0.134 -0.091 -0.987 0.267 -0.08 -0.96 0.266 -0.074 -0.961 0.265 -0.075 -0.961 0.256 -0.095 -0.962 0.215 -0.144 -0.966 0.167 -0.184 -0.969 0.131 -0.203 -0.97 0.123 -0.207 -0.971 0.156 -0.202 -0.967 0.203 -0.197 -0.959 0.25 -0.197 -0.948 0.152 -0.162 -0.975 -0.057 -0.093 -0.994 -0.064 -0.091 -0.994 -0.044 -0.109 -0.993 0.019 -0.184 -0.983 0.08 -0.26 -0.962 0.093 -0.282 -0.955 0.093 -0.275 -0.957 0.067 -0.06 -0.996 0.049 0.046 -0.998 0.041 -0.002 -0.999 0.028 -0.047 -0.999 0.017 -0.078 -0.997 0.022 -0.071 -0.997 0.048 -0.04 -0.998 0.096 0 -0.995 0.15 0.032 -0.988 0.171 0.038 -0.985 0.173 0.039 -0.984 0.166 0.041 -0.985 0.021 0.127 -0.992 -0.077 0.189 -0.979 -0.081 0.183 -0.98 -0.08 0.183 -0.98 -0.063 0.191 -0.98 -0.01 0.201 -0.979 0.044 0.202 -0.978 0.081 0.195 -0.977 0.091 0.192 -0.977 0.069 0.205 -0.976 0.037 0.226 -0.973 0.005 0.252 -0.968 0.051 0.178 -0.983 0.152 0.02 -0.988 0.156 0.015 -0.988 0.152 0.039 -0.988 0.15 0.127 -0.98 0.15 0.214 -0.965 0.153 0.238 -0.959 0.149 0.233 -0.961 0.052 0.077 -0.996 0.008 -0.001 -1 0.039 0.027 -0.999 0.071 0.049 -0.996 0.093 0.062 -0.994 0.082 0.059 -0.995 0.046 0.051 -0.998 -0.008 0.051 -0.999 -0.061 0.059 -0.996 -0.078 0.067 -0.995 -0.079 0.067 -0.995 -0.075 0.061 -0.995 -0.146 0.029 -0.989 -0.094 -0.079 -0.992 -0.082 -0.076 -0.994 -0.08 -0.074 -0.994 -0.098 -0.07 -0.993 -0.145 -0.045 -0.988 -0.191 -0.01 -0.982 -0.222 0.025 -0.975 -0.235 0.044 -0.971 -0.229 0.028 -0.973 -0.217 -0.006 -0.976 -0.207 -0.052 -0.977 -0.197 0.032 -0.98 -0.178 0.228 -0.957 -0.178 0.235 -0.956 -0.195 0.205 -0.959 -0.261 0.117 -0.958 -0.327 0.03 -0.945 -0.35 0.006 -0.937 -0.344 0.008 -0.939 -0.163 0.077 -0.984 -0.086 0.111 -0.99 -0.132 0.108 -0.985 -0.168 0.11 -0.98 -0.185 0.111 -0.977 -0.163 0.104 -0.981 -0.121 0.083 -0.989 -0.075 0.048 -0.996 -0.039 0.009 -0.999 -0.029 -0.007 -1 -0.029 -0.004 -1 -0.028 0.008 -1 0.305 -0.029 -0.952 0.354 0.079 -0.932 0.357 0.078 -0.931 0.363 0.075 -0.929 0.376 0.062 -0.924 0.407 0.008 -0.913 0.425 -0.039 -0.904 0.429 -0.053 -0.902 0.429 -0.035 -0.903 0.433 0.012 -0.901 0.44 0.066 -0.896 0.448 0.102 -0.888 0.396 0.015 -0.918 0.297 -0.14 -0.945 0.293 -0.146 -0.945 0.298 -0.142 -0.944 0.341 -0.124 -0.932 0.383 -0.105 -0.918 0.389 -0.104 -0.915 0.382 -0.103 -0.918 0.209 -0.067 -0.976 0.107 -0.047 -0.993 0.14 -0.065 -0.988 0.182 -0.097 -0.978 0.217 -0.127 -0.968 0.23 -0.14 -0.963 0.223 -0.127 -0.967 0.206 -0.08 -0.975 0.191 -0.019 -0.981 0.192 -0 -0.981 0.194 0.007 -0.981 0.195 0.009 -0.981 -0.007 -0.047 -0.999 -0.12 -0.119 -0.986 -0.115 -0.13 -0.985 -0.113 -0.131 -0.985 -0.11 -0.11 -0.988 -0.089 -0.056 -0.994 -0.056 -0.002 -0.998 -0.02 0.037 -0.999 -0.001 0.053 -0.999 -0.016 0.046 -0.999 -0.05 0.03 -0.998 -0.095 0.016 -0.995 -0.006 0.013 -1 0.2 0.017 -0.98 0.207 0.018 -0.978 0.175 0.032 -0.984 0.076 0.09 -0.993 -0.021 0.151 -0.988 -0.048 0.174 -0.984 -0.045 0.167 -0.985 0.045 -0.019 -0.999 0.088 -0.096 -0.991 0.08 -0.049 -0.996 0.079 -0.012 -0.997 0.078 0.005 -0.997 0.073 -0.02 -0.997 0.055 -0.07 -0.996 0.022 -0.123 -0.992 -0.017 -0.167 -0.986 -0.035 -0.179 -0.983 -0.033 -0.18 -0.983 -0.021 -0.179 -0.984 0.087 -0.03 -0.996 0.147 -0.1 -0.984 0.15 -0.098 -0.984 0.148 -0.098 -0.984 0.132 -0.101 -0.986 0.089 -0.097 -0.991 0.049 -0.086 -0.995 0.024 -0.074 -0.997 0.019 -0.072 -0.997 0.034 -0.087 -0.996 0.055 -0.11 -0.992 0.072 -0.135 -0.988 0.054 -0.069 -0.996 0.009 0.068 -0.998 0.007 0.073 -0.997 0.005 0.057 -0.998 -0.01 -0.004 -1 -0.027 -0.064 -0.998 -0.034 -0.079 -0.996 -0.029 -0.075 -0.997 0.078 0.02 -0.997 0.127 0.069 -0.989 0.099 0.055 -0.994 0.069 0.046 -0.997 0.049 0.04 -0.998 0.055 0.04 -0.998 0.082 0.038 -0.996 0.123 0.027 -0.992 0.162 0.009 -0.987 0.174 -0.001 -0.985 0.175 -0.002 -0.985 0.174 0.002 -0.985 -0.011 -0.152 -0.988 0.048 -0.045 -0.998 0.04 -0.039 -0.998 0.039 -0.039 -0.998 0.046 -0.058 -0.997 0.054 -0.111 -0.992 0.052 -0.168 -0.984 0.042 -0.211 -0.976 0.035 -0.23 -0.972 0.045 -0.216 -0.975 0.066 -0.187 -0.98 0.094 -0.156 -0.983 0.022 -0.195 -0.981 -0.139 -0.288 -0.948 -0.145 -0.291 -0.946 -0.115 -0.289 -0.951 -0.015 -0.292 -0.956 0.084 -0.295 -0.952 0.113 -0.3 -0.947 0.108 -0.296 -0.949 -0.046 -0.193 -0.98 -0.117 -0.149 -0.982 -0.09 -0.182 -0.979 -0.071 -0.212 -0.975 -0.062 -0.227 -0.972 -0.068 -0.208 -0.976 -0.075 -0.164 -0.984 -0.073 -0.107 -0.992 -0.062 -0.055 -0.997 -0.054 -0.036 -0.998 -0.055 -0.036 -0.998 -0.063 -0.041 -0.997 -0.056 -0.149 -0.987 0.028 -0.182 -0.983 0.03 -0.178 -0.984 0.029 -0.179 -0.984 0.018 -0.188 -0.982 -0.021 -0.206 -0.978 -0.061 -0.218 -0.974 -0.087 -0.22 -0.972 -0.091 -0.22 -0.971 -0.067 -0.227 -0.972 -0.035 -0.237 -0.971 -0.005 -0.251 -0.968 -0.059 -0.2 -0.978 -0.173 -0.097 -0.98 -0.177 -0.094 -0.98 -0.169 -0.11 -0.979 -0.15 -0.175 -0.973 -0.131 -0.24 -0.962 -0.129 -0.257 -0.958 -0.127 -0.253 -0.959 -0.086 -0.108 -0.99 -0.068 -0.035 -0.997 -0.086 -0.063 -0.994 -0.108 -0.089 -0.99 -0.124 -0.106 -0.987 -0.121 -0.105 -0.987 -0.098 -0.093 -0.991 -0.058 -0.082 -0.995 -0.015 -0.078 -0.997 -0.001 -0.08 -0.997 0.001 -0.08 -0.997 -0.003 -0.077 -0.997 0.24 -0.27 -0.932 0.13 -0.171 -0.977 0.119 -0.181 -0.976 0.118 -0.184 -0.976 0.142 -0.179 -0.974 0.208 -0.181 -0.961 0.277 -0.196 -0.941 0.329 -0.219 -0.919 0.352 -0.233 -0.907 0.338 -0.218 -0.916 0.311 -0.186 -0.932 0.281 -0.14 -0.949 0.306 -0.246 -0.92 0.361 -0.467 -0.808 0.363 -0.472 -0.803 0.371 -0.433 -0.822 0.41 -0.302 -0.86 0.445 -0.166 -0.88 0.459 -0.124 -0.88 0.454 -0.129 -0.882 0.287 -0.317 -0.904 0.21 -0.398 -0.893 0.26 -0.371 -0.892 0.301 -0.353 -0.886 0.321 -0.344 -0.882 0.293 -0.349 -0.89 0.235 -0.349 -0.907 0.166 -0.334 -0.928 0.106 -0.308 -0.945 0.087 -0.293 -0.952 0.087 -0.296 -0.951 0.092 -0.309 -0.947 -0.12 -0.048 -0.992 -0.168 -0.176 -0.97 -0.161 -0.178 -0.971 -0.162 -0.176 -0.971 -0.177 -0.159 -0.971 -0.204 -0.101 -0.974 -0.221 -0.039 -0.975 -0.223 0.001 -0.975 -0.223 0.011 -0.975 -0.232 -0.021 -0.972 -0.248 -0.067 -0.967 -0.268 -0.111 -0.957 -0.194 -0.034 -0.98 -0.041 0.128 -0.991 -0.036 0.134 -0.99 -0.061 0.123 -0.99 -0.158 0.097 -0.983 -0.253 0.073 -0.965 -0.28 0.07 -0.958 -0.273 0.067 -0.96 -0.063 0 -0.998 0.042 -0.028 -0.999 0.002 -0.001 -1 -0.034 0.031 -0.999 -0.058 0.054 -0.997 -0.054 0.046 -0.997 -0.036 0.01 -0.999 -0.02 -0.052 -0.998 -0.014 -0.116 -0.993 -0.017 -0.138 -0.99 -0.017 -0.14 -0.99 -0.013 -0.134 -0.991 0.129 -0.037 -0.991 0.227 0.026 -0.973 0.224 0.031 -0.974 0.223 0.03 -0.974 0.223 0.011 -0.975 0.21 -0.042 -0.977 0.188 -0.092 -0.978 0.166 -0.122 -0.979 0.159 -0.13 -0.979 0.18 -0.116 -0.977 0.213 -0.095 -0.972 0.25 -0.077 -0.965 0.162 -0.087 -0.983 -0.026 -0.112 -0.993 -0.032 -0.113 -0.993 -0.008 -0.12 -0.993 0.073 -0.157 -0.985 0.153 -0.194 -0.969 0.174 -0.208 -0.963 0.171 -0.202 -0.964 0.069 -0.044 -0.997 0.017 0.029 -0.999 0.029 -0.011 -1 0.035 -0.05 -0.998 0.038 -0.076 -0.996 0.04 -0.065 -0.997 0.048 -0.028 -0.998 0.071 0.021 -0.997 0.101 0.067 -0.993 0.115 0.079 -0.99 0.116 0.081 -0.99 0.109 0.079 -0.991 0.11 0.158 -0.981 -0.012 0.156 -0.988 -0.014 0.144 -0.989 -0.014 0.141 -0.99 -0.002 0.156 -0.988 0.041 0.189 -0.981 0.092 0.216 -0.972 0.139 0.229 -0.963 0.161 0.232 -0.959 0.144 0.234 -0.961 0.107 0.238 -0.965 0.062 0.248 -0.967 0.134 0.203 -0.97 0.306 0.101 -0.947 0.312 0.098 -0.945 0.292 0.126 -0.948 0.239 0.224 -0.945 0.187 0.322 -0.928 0.174 0.353 -0.919 0.173 0.347 -0.922 0.161 0.153 -0.975 0.159 0.068 -0.985 0.176 0.111 -0.978 0.193 0.143 -0.971 0.202 0.158 -0.967 0.186 0.141 -0.972 0.149 0.112 -0.983 0.097 0.085 -0.992 0.046 0.068 -0.997 0.027 0.066 -0.997 0.029 0.065 -0.997 0.04 0.059 -0.997 -0.138 -0.233 -0.963 -0.059 -0.325 -0.944 -0.061 -0.327 -0.943 -0.067 -0.332 -0.941 -0.085 -0.338 -0.937 -0.147 -0.344 -0.927 -0.198 -0.341 -0.919 -0.213 -0.338 -0.917 -0.196 -0.346 -0.918 -0.155 -0.37 -0.916 -0.109 -0.399 -0.911 -0.079 -0.422 -0.903 -0.136 -0.337 -0.932 -0.236 -0.179 -0.955 -0.239 -0.172 -0.956 -0.239 -0.178 -0.955 -0.24 -0.226 -0.944 -0.241 -0.273 -0.931 -0.243 -0.279 -0.929 -0.238 -0.273 -0.932 -0.13 -0.128 -0.983 -0.069 -0.043 -0.997 -0.099 -0.065 -0.993 -0.147 -0.091 -0.985 -0.189 -0.11 -0.976 -0.207 -0.116 -0.971 -0.192 -0.115 -0.975 -0.141 -0.119 -0.983 -0.062 -0.14 -0.988 -0.056 -0.146 -0.988 -0.054 -0.148 -0.988 -0.019 0.063 -0.998 -0.038 0.197 -0.98 -0.05 0.197 -0.979 -0.052 0.196 -0.979 -0.033 0.184 -0.982 0.007 0.142 -0.99 0.043 0.089 -0.995 0.063 0.04 -0.997 0.07 0.014 -0.997 0.07 0.031 -0.997 0.07 0.069 -0.995 0.076 0.117 -0.99 0.035 0.037 -0.999 -0.049 -0.155 -0.987 -0.052 -0.162 -0.985 -0.025 -0.138 -0.99 0.071 -0.073 -0.995 0.169 -0.01 -0.986 0.201 0.005 -0.98 0.194 0.006 -0.981 -0.016 0.003 -1 -0.106 -0.004 -0.994 -0.059 -0.017 -0.998 -0.024 -0.031 -0.999 -0.008 -0.038 -0.999 -0.029 -0.022 -0.999 -0.067 0.016 -0.998 -0.102 0.069 -0.992 -0.126 0.123 -0.984 -0.129 0.145 -0.981 -0.131 0.143 -0.981 -0.136 0.132 -0.982 -0.044 -0.031 -0.999 -0.135 -0.056 -0.989 -0.134 -0.06 -0.989 -0.133 -0.058 -0.989 -0.129 -0.043 -0.991 -0.107 -0.005 -0.994 -0.079 0.028 -0.996 -0.058 0.046 -0.997 -0.053 0.05 -0.997 -0.073 0.042 -0.996 -0.104 0.033 -0.994 -0.135 0.027 -0.99 -0.065 0.016 -0.998 0.079 -0.001 -0.997 0.085 -0.001 -0.996 0.071 0.007 -0.997 0.022 0.047 -0.999 -0.027 0.089 -0.996 -0.037 0.101 -0.994 -0.036 0.096 -0.995 0.006 -0.044 -0.999 0.029 -0.079 -0.996 0.033 -0.047 -0.998 0.037 -0.026 -0.999 0.034 -0.031 -0.999 0.021 -0.056 -0.998 -0.007 -0.088 -0.996 -0.04 -0.117 -0.992 -0.054 -0.124 -0.991 -0.056 -0.124 -0.991 -0.052 -0.125 -0.991 -0.114 0.111 -0.987 -0.041 0.012 -0.999 -0.032 0.016 -0.999 -0.032 0.017 -0.999 -0.053 0.019 -0.998 -0.105 0.034 -0.994 -0.156 0.06 -0.986 -0.192 0.087 -0.977 -0.207 0.101 -0.973 -0.198 0.086 -0.976 -0.18 0.056 -0.982 -0.163 0.016 -0.986 -0.168 0.099 -0.981 -0.186 0.285 -0.94 -0.186 0.292 -0.938 -0.196 0.264 -0.944 -0.242 0.174 -0.955 -0.287 0.084 -0.954 -0.304 0.058 -0.951 -0.298 0.062 -0.952 -0.137 0.161 -0.977 -0.067 0.207 -0.976 -0.109 0.196 -0.974 -0.144 0.192 -0.971 -0.162 0.19 -0.968 -0.142 0.187 -0.972 -0.098 0.175 -0.98 -0.047 0.15 -0.988 -0.003 0.117 -0.993 0.01 0.101 -0.995 0.011 0.102 -0.995 0.01 0.112 -0.994 0.113 -0.181 -0.977 0.205 -0.165 -0.965 0.204 -0.16 -0.966 0.203 -0.161 -0.966 0.199 -0.175 -0.964 0.174 -0.212 -0.962 0.144 -0.244 -0.959 0.122 -0.259 -0.958 0.119 -0.262 -0.958 0.143 -0.255 -0.956 0.177 -0.246 -0.953 0.211 -0.242 -0.947 0.136 -0.227 -0.964 -0.019 -0.196 -0.98 -0.024 -0.195 -0.98 -0.008 -0.206 -0.978 0.043 -0.253 -0.967 0.092 -0.3 -0.95 0.103 -0.314 -0.944 0.102 -0.309 -0.945 0.065 -0.16 -0.985 0.043 -0.086 -0.995 0.042 -0.121 -0.992 0.036 -0.155 -0.987 0.03 -0.179 -0.983 0.032 -0.175 -0.984 0.047 -0.153 -0.987 0.077 -0.122 -0.99 0.113 -0.095 -0.989 0.126 -0.089 -0.988 0.127 -0.089 -0.988 0.123 -0.088 -0.989 0.433 -0.128 -0.892 0.288 -0.1 -0.952 0.284 -0.115 -0.952 0.284 -0.118 -0.951 0.303 -0.101 -0.948 0.361 -0.067 -0.93 0.428 -0.043 -0.903 0.483 -0.036 -0.875 0.509 -0.036 -0.86 0.49 -0.03 -0.871 0.451 -0.016 -0.892 0.403 0.008 -0.915 0.477 -0.072 -0.876 0.628 -0.234 -0.743 0.632 -0.238 -0.738 0.621 -0.199 -0.758 0.591 -0.065 -0.804 0.553 0.073 -0.83 0.543 0.118 -0.831 0.542 0.11 -0.833 0.495 -0.144 -0.857 0.469 -0.257 -0.845 0.499 -0.206 -0.842 0.525 -0.168 -0.834 0.538 -0.149 -0.83 0.516 -0.169 -0.84 0.467 -0.201 -0.861 0.401 -0.225 -0.888 0.336 -0.234 -0.912 0.312 -0.23 -0.922 0.314 -0.233 -0.92 0.324 -0.242 -0.914 0.003 -0.125 -0.992 0.027 -0.263 -0.964 0.034 -0.262 -0.965 0.032 -0.261 -0.965 0.011 -0.253 -0.967 -0.045 -0.216 -0.975 -0.092 -0.17 -0.981 -0.116 -0.135 -0.984 -0.12 -0.127 -0.984 -0.112 -0.161 -0.981 -0.102 -0.209 -0.973 -0.097 -0.258 -0.961 -0.07 -0.152 -0.986 -0.02 0.074 -0.997 -0.019 0.082 -0.996 -0.036 0.059 -0.998 -0.108 -0.016 -0.994 -0.181 -0.088 -0.98 -0.203 -0.105 -0.974 -0.195 -0.103 -0.975 0.029 -0.051 -0.998 0.137 -0.021 -0.99 0.087 -0.018 -0.996 0.038 -0.009 -0.999 0.004 -0.001 -1 0.048 -0.029 -0.998 0.094 -0.075 -0.993 0.134 -0.129 -0.983 0.142 -0.15 -0.978 0.143 -0.152 -0.978 0.144 -0.144 -0.979 0.218 0.017 -0.976 0.27 0.126 -0.955 0.264 0.129 -0.956 0.264 0.128 -0.956 0.274 0.111 -0.955 0.291 0.057 -0.955 0.298 0.001 -0.955 0.294 -0.038 -0.955 0.292 -0.049 -0.955 0.303 -0.025 -0.953 0.321 0.011 -0.947 0.344 0.047 -0.938 0.273 -0.009 -0.962 0.121 -0.132 -0.984 0.116 -0.136 -0.984 0.141 -0.13 -0.982 0.232 -0.118 -0.966 0.32 -0.108 -0.941 0.345 -0.109 -0.932 0.339 -0.106 -0.935 0.169 -0.021 -0.985 0.084 0.016 -0.996 0.116 -0.013 -0.993 0.142 -0.044 -0.989 0.158 -0.065 -0.985 0.154 -0.055 -0.987 0.142 -0.017 -0.99 0.136 0.039 -0.99 0.139 0.095 -0.986 0.144 0.114 -0.983 0.144 0.115 -0.983 0.139 0.111 -0.984 0.097 0.181 -0.979 -0.01 0.114 -0.993 -0.005 0.103 -0.995 -0.003 0.1 -0.995 -0 0.12 -0.993 0.019 0.172 -0.985 0.05 0.223 -0.974 0.083 0.259 -0.962 0.101 0.275 -0.956 0.085 0.267 -0.96 0.051 0.251 -0.967 0.005 0.236 -0.972 0.093 0.234 -0.968 0.297 0.235 -0.925 0.304 0.235 -0.923 0.272 0.25 -0.929 0.173 0.309 -0.935 0.073 0.367 -0.927 0.045 0.388 -0.92 0.048 0.382 -0.923 0.144 0.203 -0.968 0.189 0.127 -0.974 0.18 0.174 -0.968 0.178 0.212 -0.961 0.177 0.23 -0.957 0.172 0.207 -0.963 0.156 0.16 -0.975 0.126 0.109 -0.986 0.089 0.067 -0.994 0.073 0.055 -0.996 0.076 0.055 -0.996 0.089 0.055 -0.994 0.083 -0.298 -0.951 0.199 -0.336 -0.92 0.199 -0.339 -0.92 0.195 -0.346 -0.918 0.183 -0.361 -0.914 0.13 -0.399 -0.908 0.083 -0.423 -0.902 0.068 -0.428 -0.901 0.087 -0.426 -0.9 0.136 -0.426 -0.895 0.191 -0.426 -0.884 0.229 -0.431 -0.873 0.136 -0.387 -0.912 -0.033 -0.301 -0.953 -0.04 -0.297 -0.954 -0.036 -0.302 -0.953 -0.012 -0.345 -0.939 0.01 -0.387 -0.922 0.012 -0.392 -0.92 0.013 -0.385 -0.923 0.036 -0.201 -0.979 0.046 -0.093 -0.995 0.031 -0.129 -0.991 0.001 -0.177 -0.984 -0.027 -0.217 -0.976 -0.039 -0.231 -0.972 -0.026 -0.222 -0.975 0.022 -0.199 -0.98 0.084 -0.177 -0.981 0.104 -0.176 -0.979 0.111 -0.177 -0.978 0.114 -0.179 -0.977 0.034 0.028 -0.999 -0.055 0.137 -0.989 -0.066 0.131 -0.989 -0.067 0.129 -0.989 -0.044 0.128 -0.991 0.015 0.112 -0.994 0.075 0.084 -0.994 0.12 0.051 -0.992 0.139 0.032 -0.99 0.13 0.047 -0.99 0.11 0.081 -0.991 0.09 0.127 -0.988 0.097 0.033 -0.995 0.122 -0.182 -0.976 0.124 -0.19 -0.974 0.135 -0.154 -0.979 0.186 -0.045 -0.981 0.238 0.063 -0.969 0.258 0.094 -0.961 0.252 0.091 -0.964 0.069 -0.024 -0.997 -0.007 -0.078 -0.997 0.041 -0.065 -0.997 0.08 -0.059 -0.995 0.098 -0.057 -0.994 0.071 -0.053 -0.996 0.017 -0.04 -0.999 -0.043 -0.011 -0.999 -0.093 0.024 -0.995 -0.108 0.042 -0.993 -0.109 0.039 -0.993 -0.107 0.027 -0.994 0.062 -0.069 -0.996 -0.006 -0.14 -0.99 -0.003 -0.143 -0.99 -0.003 -0.141 -0.99 -0.007 -0.125 -0.992 -0.008 -0.079 -0.997 -0.001 -0.036 -0.999 0.009 -0.009 -1 0.011 -0.003 -1 -0.003 -0.02 -1 -0.025 -0.045 -0.999 -0.05 -0.066 -0.997 0.018 -0.039 -0.999 0.161 0.026 -0.987 0.144 0.026 -0.989 0.079 0.035 -0.996 0.014 0.046 -0.999 -0.003 0.052 -0.999 0.002 0.048 -0.999 0.114 -0.054 -0.992 0.169 -0.101 -0.98 0.152 -0.073 -0.986 0.139 -0.042 -0.989 0.131 -0.022 -0.991 0.132 -0.028 -0.991 0.133 -0.057 -0.99 0.125 -0.1 -0.987 0.11 -0.144 -0.983 0.101 -0.157 -0.982 0.1 -0.159 -0.982 0.104 -0.157 -0.982 -0.076 0.02 -0.997 0.042 -0.03 -0.999 0.048 -0.021 -0.999 0.047 -0.02 -0.999 0.028 -0.03 -0.999 -0.027 -0.044 -0.999 -0.087 -0.049 -0.995 -0.134 -0.043 -0.99 -0.155 -0.038 -0.987 -0.138 -0.047 -0.989 -0.106 -0.065 -0.992 -0.069 -0.091 -0.993 -0.119 -0.02 -0.993 -0.235 0.137 -0.962 -0.24 0.142 -0.96 -0.233 0.112 -0.966 -0.225 0.008 -0.974 -0.218 -0.096 -0.971 -0.219 -0.128 -0.967 -0.216 -0.121 -0.969 -0.124 0.052 -0.991 -0.086 0.13 -0.988 -0.118 0.098 -0.988 -0.147 0.076 -0.986 -0.162 0.064 -0.985 -0.142 0.073 -0.987 -0.097 0.085 -0.992 -0.037 0.09 -0.995 0.02 0.084 -0.996 0.04 0.077 -0.996 0.04 0.079 -0.996 0.034 0.087 -0.996 -0.129 0.072 -0.989 0.012 0.058 -0.998 0.013 0.067 -0.998 0.012 0.067 -0.998 -0.003 0.05 -0.999 -0.059 0.01 -0.998 -0.118 -0.02 -0.993 -0.16 -0.033 -0.987 -0.171 -0.036 -0.985 -0.139 -0.037 -0.99 -0.089 -0.04 -0.995 -0.037 -0.051 -0.998 -0.126 0.003 -0.992 -0.322 0.11 -0.94 -0.33 0.113 -0.937 -0.314 0.09 -0.945 -0.267 -0.001 -0.964 -0.22 -0.094 -0.971 -0.211 -0.122 -0.97 -0.21 -0.114 -0.971 -0.182 0.114 -0.977 -0.172 0.216 -0.961 -0.194 0.169 -0.966 -0.221 0.126 -0.967 -0.239 0.099 -0.966 -0.23 0.107 -0.967 -0.196 0.134 -0.971 -0.137 0.165 -0.977 -0.072 0.186 -0.98 -0.049 0.188 -0.981 -0.048 0.189 -0.981 -0.056 0.193 -0.98 0.041 -0.012 -0.999 -0.07 0.085 -0.994 -0.084 0.076 -0.994 -0.087 0.072 -0.994 -0.064 0.074 -0.995 -0.001 0.065 -0.998 0.067 0.044 -0.997 0.121 0.014 -0.993 0.148 -0.006 -0.989 0.138 0.007 -0.99 0.112 0.038 -0.993 0.081 0.086 -0.993 0.101 -0.006 -0.995 0.162 -0.23 -0.96 0.165 -0.237 -0.957 0.172 -0.196 -0.965 0.213 -0.067 -0.975 0.254 0.061 -0.965 0.272 0.099 -0.957 0.266 0.095 -0.959 0.087 -0.052 -0.995 0.017 -0.116 -0.993 0.069 -0.094 -0.993 0.109 -0.084 -0.991 0.124 -0.079 -0.989 0.091 -0.08 -0.993 0.03 -0.073 -0.997 -0.038 -0.051 -0.998 -0.094 -0.022 -0.995 -0.112 -0.007 -0.994 -0.111 -0.012 -0.994 -0.106 -0.027 -0.994 0.071 0.056 -0.996 0.061 -0.048 -0.997 0.063 -0.048 -0.997 0.06 -0.047 -0.997 0.045 -0.039 -0.998 0.009 -0.003 -1 -0.018 0.033 -0.999 -0.029 0.054 -0.998 -0.029 0.052 -0.998 -0.025 0.021 -0.999 -0.023 -0.019 -1 -0.026 -0.053 -0.998 0.007 0.026 -1 0.066 0.178 -0.982 0.068 0.184 -0.981 0.058 0.174 -0.983 0.01 0.138 -0.99 -0.039 0.103 -0.994 -0.051 0.096 -0.994 -0.045 0.097 -0.994 0.118 0.107 -0.987 0.202 0.114 -0.973 0.169 0.122 -0.978 0.133 0.137 -0.982 0.104 0.149 -0.983 0.102 0.15 -0.983 0.119 0.134 -0.984 0.146 0.096 -0.985 0.168 0.051 -0.984 0.171 0.035 -0.985 0.171 0.031 -0.985 0.172 0.033 -0.985 -0.181 0.033 -0.983 -0.137 0.104 -0.985 -0.144 0.109 -0.984 -0.146 0.11 -0.983 -0.141 0.098 -0.985 -0.136 0.06 -0.989 -0.138 0.021 -0.99 -0.144 -0.01 -0.989 -0.149 -0.022 -0.989 -0.14 -0.01 -0.99 -0.125 0.013 -0.992 -0.103 0.038 -0.994 -0.157 0.009 -0.988 -0.277 -0.067 -0.959 -0.28 -0.07 -0.957 -0.258 -0.067 -0.964 -0.183 -0.068 -0.981 -0.107 -0.07 -0.992 -0.084 -0.075 -0.994 -0.087 -0.072 -0.994 -0.206 0.01 -0.979 -0.257 0.042 -0.965 -0.237 0.016 -0.971 -0.223 -0.008 -0.975 -0.215 -0.021 -0.976 -0.219 -0.008 -0.976 -0.224 0.023 -0.974 -0.223 0.063 -0.973 -0.215 0.1 -0.971 -0.21 0.111 -0.971 -0.212 0.11 -0.971 -0.219 0.106 -0.97 -0.032 0.241 -0.97 -0.137 0.216 -0.967 -0.137 0.202 -0.97 -0.137 0.197 -0.971 -0.128 0.211 -0.969 -0.096 0.245 -0.965 -0.054 0.277 -0.959 -0.012 0.297 -0.955 0.012 0.305 -0.952 -0.001 0.304 -0.953 -0.034 0.301 -0.953 -0.079 0.302 -0.95 -0.012 0.276 -0.961 0.164 0.215 -0.963 0.17 0.214 -0.962 0.145 0.238 -0.96 0.078 0.321 -0.944 0.013 0.403 -0.915 -0.004 0.431 -0.902 -0.004 0.426 -0.905 0.008 0.251 -0.968 0.018 0.18 -0.983 0.028 0.224 -0.974 0.039 0.253 -0.967 0.044 0.265 -0.963 0.03 0.245 -0.969 -0.002 0.211 -0.978 -0.043 0.179 -0.983 -0.085 0.156 -0.984 -0.1 0.151 -0.983 -0.095 0.15 -0.984 -0.082 0.146 -0.986 -0.279 -0.122 -0.953 -0.203 -0.166 -0.965 -0.196 -0.156 -0.968 -0.194 -0.153 -0.969 -0.206 -0.157 -0.966 -0.243 -0.163 -0.956 -0.285 -0.161 -0.945 -0.321 -0.151 -0.935 -0.339 -0.143 -0.93 -0.329 -0.151 -0.932 -0.308 -0.168 -0.937 -0.28 -0.194 -0.94 -0.31 -0.134 -0.941 -0.386 0.008 -0.922 -0.389 0.012 -0.921 -0.386 -0.019 -0.922 -0.387 -0.115 -0.915 -0.388 -0.21 -0.897 -0.392 -0.239 -0.888 -0.389 -0.236 -0.89 -0.31 -0.105 -0.945 -0.278 -0.048 -0.959 -0.306 -0.072 -0.949 -0.329 -0.087 -0.94 -0.338 -0.093 -0.936 -0.32 -0.088 -0.943 -0.284 -0.082 -0.955 -0.242 -0.084 -0.967 -0.205 -0.092 -0.974 -0.193 -0.098 -0.976 -0.195 -0.094 -0.976 -0.202 -0.084 -0.976 0.003 -0.04 -0.999 0.04 0.073 -0.997 0.033 0.076 -0.997 0.032 0.075 -0.997 0.043 0.059 -0.997 0.061 0.009 -0.998 0.071 -0.044 -0.996 0.071 -0.086 -0.994 0.069 -0.103 -0.992 0.076 -0.085 -0.993 0.09 -0.052 -0.995 0.11 -0.017 -0.994 0.048 -0.07 -0.996 -0.084 -0.194 -0.977 -0.089 -0.199 -0.976 -0.063 -0.19 -0.98 0.028 -0.173 -0.985 0.119 -0.157 -0.98 0.146 -0.156 -0.977 0.14 -0.153 -0.978 -0.028 -0.084 -0.996 -0.105 -0.056 -0.993 -0.073 -0.082 -0.994 -0.049 -0.108 -0.993 -0.036 -0.122 -0.992 -0.044 -0.107 -0.993 -0.059 -0.068 -0.996 -0.069 -0.015 -0.998 -0.069 0.038 -0.997 -0.065 0.057 -0.996 -0.066 0.058 -0.996 -0.071 0.052 -0.996 -0.12 -0.06 -0.991 -0.207 -0.039 -0.977 -0.208 -0.042 -0.977 -0.206 -0.04 -0.978 -0.196 -0.029 -0.98 -0.161 -0.006 -0.987 -0.124 0.011 -0.992 -0.1 0.016 -0.995 -0.097 0.017 -0.995 -0.119 0.02 -0.993 -0.15 0.025 -0.988 -0.179 0.033 -0.983 -0.123 -0.007 -0.992 -0.006 -0.083 -0.997 -0.001 -0.087 -0.996 -0.009 -0.075 -0.997 -0.033 -0.022 -0.999 -0.055 0.031 -0.998 -0.058 0.045 -0.997 -0.059 0.039 -0.997 -0.083 -0.099 -0.992 -0.091 -0.167 -0.982 -0.078 -0.14 -0.987 -0.061 -0.114 -0.992 -0.047 -0.096 -0.994 -0.05 -0.098 -0.994 -0.071 -0.112 -0.991 -0.108 -0.127 -0.986 -0.149 -0.137 -0.979 -0.164 -0.137 -0.977 -0.167 -0.137 -0.976 -0.164 -0.138 -0.977 0.154 0.166 0.974 0.065 0.272 0.96 0.052 0.264 0.963 0.049 0.262 0.964 0.071 0.261 0.963 0.132 0.247 0.96 0.194 0.22 0.956 0.239 0.189 0.952 0.258 0.172 0.951 0.245 0.19 0.951 0.22 0.227 0.949 0.194 0.276 0.941 0.208 0.18 0.962 0.247 -0.053 0.968 0.249 -0.06 0.967 0.259 -0.022 0.966 0.308 0.096 0.947 0.355 0.21 0.911 0.373 0.242 0.896 0.367 0.238 0.899 0.181 0.116 0.977 0.103 0.057 0.993 0.157 0.073 0.985 0.2 0.08 0.977 0.221 0.083 0.972 0.197 0.086 0.977 0.143 0.098 0.985 0.081 0.124 0.989 0.028 0.157 0.987 0.012 0.172 0.985 0.013 0.168 0.986 0.016 0.154 0.988 0.133 0.271 0.953 0.124 0.116 0.986 0.141 0.113 0.984 0.145 0.112 0.983 0.127 0.128 0.984 0.084 0.188 0.979 0.049 0.256 0.965 0.032 0.313 0.949 0.027 0.337 0.941 0.025 0.31 0.95 0.02 0.258 0.966 0.005 0.196 0.981 0.07 0.292 0.954 0.202 0.507 0.838 0.205 0.513 0.834 0.17 0.492 0.854 0.042 0.435 0.9 -0.09 0.371 0.924 -0.132 0.355 0.925 -0.124 0.354 0.927 0.153 0.331 0.931 0.269 0.32 0.908 0.209 0.347 0.914 0.163 0.374 0.913 0.138 0.389 0.911 0.156 0.372 0.915 0.195 0.325 0.925 0.231 0.257 0.938 0.253 0.187 0.949 0.255 0.164 0.953 0.257 0.167 0.952 0.265 0.182 0.947 -0.221 -0.105 0.97 -0.152 -0.026 0.988 -0.155 -0.023 0.988 -0.154 -0.026 0.988 -0.148 -0.042 0.988 -0.143 -0.097 0.985 -0.145 -0.146 0.979 -0.151 -0.172 0.974 -0.15 -0.171 0.974 -0.134 -0.144 0.981 -0.109 -0.108 0.988 -0.083 -0.078 0.993 -0.158 -0.12 0.98 -0.304 -0.21 0.929 -0.309 -0.213 0.927 -0.292 -0.211 0.933 -0.225 -0.216 0.95 -0.157 -0.221 0.963 -0.14 -0.225 0.964 -0.145 -0.221 0.964 -0.285 -0.111 0.952 -0.352 -0.058 0.934 -0.33 -0.092 0.94 -0.31 -0.131 0.942 -0.297 -0.16 0.941 -0.296 -0.161 0.942 -0.299 -0.135 0.945 -0.297 -0.086 0.951 -0.286 -0.032 0.958 -0.279 -0.017 0.96 -0.278 -0.014 0.961 -0.281 -0.017 0.96 -0.041 0.27 0.962 -0.138 0.298 0.945 -0.137 0.299 0.944 -0.134 0.305 0.943 -0.123 0.317 0.94 -0.079 0.345 0.935 -0.039 0.363 0.931 -0.022 0.368 0.93 -0.032 0.368 0.929 -0.066 0.368 0.927 -0.108 0.371 0.922 -0.138 0.376 0.916 -0.07 0.34 0.938 0.061 0.268 0.961 0.067 0.264 0.962 0.063 0.27 0.961 0.045 0.307 0.951 0.027 0.344 0.938 0.026 0.351 0.936 0.025 0.343 0.939 -0.004 0.201 0.98 -0.017 0.123 0.992 -0.003 0.15 0.989 0.022 0.185 0.983 0.043 0.211 0.977 0.05 0.218 0.975 0.035 0.208 0.977 -0.005 0.191 0.982 -0.056 0.176 0.983 -0.072 0.175 0.982 -0.079 0.176 0.981 -0.08 0.177 0.981 -0.288 -0.074 0.955 -0.166 -0.175 0.971 -0.156 -0.165 0.974 -0.155 -0.163 0.974 -0.179 -0.168 0.969 -0.25 -0.167 0.954 -0.322 -0.152 0.935 -0.375 -0.128 0.918 -0.396 -0.114 0.911 -0.379 -0.132 0.916 -0.345 -0.167 0.924 -0.308 -0.214 0.927 -0.346 -0.108 0.932 -0.429 0.133 0.893 -0.432 0.141 0.891 -0.436 0.099 0.894 -0.461 -0.035 0.886 -0.482 -0.168 0.86 -0.492 -0.206 0.846 -0.487 -0.2 0.85 -0.331 -0.018 0.944 -0.259 0.067 0.963 -0.31 0.037 0.95 -0.353 0.019 0.936 -0.375 0.01 0.927 -0.35 0.013 0.937 -0.293 0.013 0.956 -0.221 -0.002 0.975 -0.155 -0.028 0.988 -0.134 -0.042 0.99 -0.134 -0.04 0.99 -0.14 -0.026 0.99 0.249 -0.042 0.968 0.223 0.106 0.969 0.205 0.106 0.973 0.199 0.106 0.974 0.219 0.093 0.971 0.263 0.048 0.964 0.303 -0.012 0.953 0.326 -0.074 0.943 0.333 -0.11 0.936 0.335 -0.095 0.938 0.336 -0.055 0.94 0.345 0.004 0.939 0.298 -0.087 0.951 0.185 -0.309 0.933 0.183 -0.315 0.931 0.221 -0.284 0.933 0.347 -0.199 0.917 0.466 -0.114 0.877 0.506 -0.091 0.858 0.5 -0.091 0.861 0.27 -0.106 0.957 0.17 -0.117 0.978 0.226 -0.131 0.965 0.263 -0.145 0.954 0.276 -0.15 0.949 0.247 -0.128 0.96 0.202 -0.082 0.976 0.163 -0.022 0.986 0.138 0.037 0.99 0.133 0.06 0.989 0.131 0.055 0.99 0.124 0.038 0.992 -0.246 0.17 0.954 -0.313 0.036 0.949 -0.299 0.025 0.954 -0.293 0.022 0.956 -0.302 0.044 0.952 -0.31 0.106 0.945 -0.305 0.178 0.936 -0.286 0.241 0.927 -0.269 0.276 0.923 -0.279 0.266 0.923 -0.304 0.235 0.923 -0.346 0.195 0.918 -0.254 0.238 0.937 -0.03 0.346 0.938 -0.024 0.35 0.937 -0.075 0.348 0.935 -0.227 0.355 0.907 -0.372 0.359 0.856 -0.417 0.364 0.833 -0.413 0.361 0.836 -0.227 0.237 0.945 -0.141 0.187 0.972 -0.176 0.231 0.957 -0.196 0.263 0.945 -0.204 0.274 0.94 -0.194 0.238 0.952 -0.186 0.173 0.967 -0.191 0.102 0.976 -0.206 0.04 0.978 -0.217 0.019 0.976 -0.212 0.022 0.977 -0.196 0.031 0.98 -0.161 -0.249 0.955 -0.035 -0.235 0.971 -0.035 -0.23 0.973 -0.036 -0.232 0.972 -0.044 -0.25 0.967 -0.081 -0.296 0.952 -0.122 -0.333 0.935 -0.153 -0.351 0.924 -0.16 -0.355 0.921 -0.13 -0.349 0.928 -0.087 -0.343 0.935 -0.042 -0.342 0.939 -0.138 -0.314 0.939 -0.33 -0.255 0.909 -0.337 -0.253 0.907 -0.319 -0.268 0.909 -0.259 -0.334 0.906 -0.198 -0.399 0.895 -0.184 -0.418 0.89 -0.185 -0.411 0.893 -0.226 -0.219 0.949 -0.246 -0.123 0.962 -0.251 -0.166 0.954 -0.261 -0.208 0.942 -0.27 -0.236 0.934 -0.265 -0.23 0.936 -0.244 -0.202 0.948 -0.202 -0.165 0.965 -0.152 -0.134 0.979 -0.133 -0.128 0.983 -0.13 -0.127 0.983 -0.136 -0.126 0.983 0.095 0.152 0.984 -0.026 0.097 0.995 -0.023 0.086 0.996 -0.022 0.085 0.996 -0.016 0.106 0.994 0.013 0.157 0.988 0.052 0.204 0.977 0.091 0.236 0.967 0.112 0.249 0.962 0.095 0.244 0.965 0.06 0.233 0.971 0.013 0.225 0.974 0.101 0.21 0.972 0.3 0.182 0.936 0.308 0.181 0.934 0.279 0.199 0.939 0.193 0.27 0.943 0.107 0.341 0.934 0.084 0.365 0.927 0.086 0.358 0.93 0.151 0.169 0.974 0.182 0.086 0.979 0.181 0.133 0.974 0.185 0.17 0.968 0.187 0.187 0.964 0.178 0.165 0.97 0.155 0.12 0.981 0.115 0.073 0.991 0.071 0.035 0.997 0.051 0.025 0.998 0.053 0.024 0.998 0.064 0.023 0.998 -0.104 0.024 0.994 -0.048 -0.066 0.997 -0.042 -0.063 0.997 -0.044 -0.062 0.997 -0.061 -0.062 0.996 -0.108 -0.048 0.993 -0.151 -0.027 0.988 -0.178 -0.006 0.984 -0.186 0.001 0.982 -0.175 -0.016 0.984 -0.158 -0.045 0.986 -0.143 -0.078 0.987 -0.15 -0.002 0.989 -0.167 0.16 0.973 -0.168 0.166 0.972 -0.175 0.146 0.974 -0.208 0.076 0.975 -0.243 0.007 0.97 -0.255 -0.01 0.967 -0.249 -0.007 0.968 -0.111 0.077 0.991 -0.047 0.118 0.992 -0.082 0.109 0.991 -0.115 0.106 0.988 -0.136 0.104 0.985 -0.125 0.102 0.987 -0.093 0.093 0.991 -0.049 0.071 0.996 -0.01 0.043 0.999 0.001 0.029 1 0.002 0.028 1 0.001 0.034 0.999 -0.165 -0.199 0.966 -0.061 -0.292 0.955 -0.05 -0.282 0.958 -0.047 -0.28 0.959 -0.069 -0.282 0.957 -0.131 -0.276 0.952 -0.196 -0.258 0.946 -0.246 -0.233 0.941 -0.266 -0.219 0.939 -0.251 -0.235 0.939 -0.221 -0.268 0.938 -0.188 -0.313 0.931 -0.216 -0.22 0.951 -0.287 0.006 0.958 -0.29 0.013 0.957 -0.295 -0.027 0.955 -0.326 -0.15 0.933 -0.356 -0.27 0.895 -0.369 -0.303 0.878 -0.364 -0.299 0.882 -0.199 -0.153 0.968 -0.13 -0.084 0.988 -0.181 -0.107 0.978 -0.222 -0.12 0.968 -0.243 -0.126 0.962 -0.218 -0.125 0.968 -0.164 -0.13 0.978 -0.099 -0.148 0.984 -0.041 -0.173 0.984 -0.024 -0.186 0.982 -0.025 -0.182 0.983 -0.03 -0.168 0.985 -0.129 -0.301 0.945 -0.142 -0.145 0.979 -0.159 -0.144 0.977 -0.164 -0.145 0.976 -0.144 -0.158 0.977 -0.093 -0.212 0.973 -0.048 -0.274 0.96 -0.022 -0.328 0.944 -0.014 -0.351 0.936 -0.016 -0.324 0.946 -0.019 -0.272 0.962 -0.013 -0.208 0.978 -0.063 -0.312 0.948 -0.16 -0.542 0.825 -0.162 -0.549 0.82 -0.131 -0.524 0.842 -0.014 -0.449 0.893 0.107 -0.368 0.923 0.147 -0.347 0.926 0.139 -0.347 0.927 -0.14 -0.362 0.922 -0.256 -0.367 0.894 -0.193 -0.386 0.902 -0.143 -0.406 0.902 -0.116 -0.417 0.901 -0.137 -0.403 0.905 -0.182 -0.362 0.914 -0.227 -0.3 0.927 -0.259 -0.234 0.937 -0.264 -0.21 0.941 -0.266 -0.214 0.94 -0.272 -0.23 0.934 0.171 0.122 0.978 0.112 0.033 0.993 0.115 0.031 0.993 0.114 0.033 0.993 0.106 0.049 0.993 0.094 0.103 0.99 0.089 0.152 0.984 0.091 0.178 0.98 0.09 0.177 0.98 0.078 0.149 0.986 0.058 0.109 0.992 0.036 0.075 0.996 0.105 0.128 0.986 0.239 0.238 0.941 0.244 0.242 0.939 0.228 0.238 0.944 0.16 0.233 0.959 0.091 0.229 0.969 0.073 0.23 0.97 0.079 0.227 0.971 0.233 0.137 0.963 0.308 0.094 0.947 0.281 0.124 0.952 0.256 0.161 0.953 0.239 0.187 0.953 0.238 0.188 0.953 0.245 0.162 0.956 0.249 0.113 0.962 0.245 0.058 0.968 0.24 0.042 0.97 0.239 0.04 0.97 0.242 0.042 0.969 0.043 -0.275 0.96 0.144 -0.29 0.946 0.144 -0.291 0.946 0.142 -0.297 0.944 0.132 -0.311 0.941 0.092 -0.344 0.934 0.055 -0.368 0.928 0.039 -0.375 0.926 0.049 -0.373 0.926 0.083 -0.369 0.926 0.125 -0.366 0.922 0.157 -0.367 0.917 0.083 -0.34 0.937 -0.058 -0.288 0.956 -0.065 -0.285 0.956 -0.06 -0.29 0.955 -0.036 -0.324 0.945 -0.013 -0.358 0.933 -0.011 -0.364 0.931 -0.011 -0.357 0.934 -0.003 -0.212 0.977 -0.001 -0.133 0.991 -0.012 -0.162 0.987 -0.032 -0.2 0.979 -0.049 -0.228 0.972 -0.054 -0.236 0.97 -0.041 -0.225 0.974 -0.004 -0.202 0.979 0.044 -0.18 0.983 0.061 -0.177 0.982 0.067 -0.177 0.982 0.068 -0.178 0.982 0.242 0.1 0.965 0.106 0.184 0.977 0.097 0.173 0.98 0.096 0.17 0.981 0.12 0.179 0.977 0.191 0.187 0.964 0.321 0.166 0.932 0.345 0.156 0.925 0.325 0.171 0.93 0.287 0.201 0.937 0.243 0.242 0.939 0.295 0.142 0.945 0.412 -0.085 0.907 0.416 -0.092 0.905 0.415 -0.051 0.909 0.422 0.086 0.903 0.425 0.221 0.878 0.43 0.261 0.865 0.425 0.254 0.869 0.292 0.051 0.955 0.232 -0.043 0.972 0.279 -0.007 0.96 0.319 0.017 0.947 0.34 0.03 0.94 0.316 0.023 0.948 0.259 0.015 0.966 0.184 0.02 0.983 0.115 0.036 0.993 0.092 0.047 0.995 0.092 0.044 0.995 0.1 0.032 0.994 -0.288 -0.006 0.958 -0.242 -0.149 0.959 -0.224 -0.147 0.963 -0.218 -0.146 0.965 -0.239 -0.136 0.961 -0.289 -0.097 0.952 -0.336 -0.042 0.941 -0.367 0.016 0.93 -0.38 0.051 0.924 -0.379 0.036 0.925 -0.375 -0.005 0.927 -0.375 -0.064 0.925 -0.342 0.032 0.939 -0.26 0.269 0.928 -0.258 0.275 0.926 -0.292 0.239 0.926 -0.404 0.138 0.904 -0.51 0.037 0.86 -0.545 0.009 0.838 -0.539 0.01 0.842 -0.317 0.055 0.947 -0.22 0.08 0.972 -0.277 0.086 0.957 -0.315 0.095 0.944 -0.329 0.098 0.939 -0.298 0.08 0.951 -0.247 0.041 0.968 -0.2 -0.014 0.98 -0.167 -0.069 0.984 -0.16 -0.091 0.983 -0.158 -0.086 0.984 -0.153 -0.068 0.986 0.234 -0.148 0.961 0.282 -0.005 0.96 0.266 0.003 0.964 0.26 0.006 0.966 0.272 -0.015 0.962 0.289 -0.075 0.954 0.294 -0.147 0.944 0.284 -0.213 0.935 0.272 -0.25 0.929 0.28 -0.238 0.93 0.301 -0.204 0.931 0.337 -0.158 0.928 0.251 -0.215 0.944 0.044 -0.353 0.935 0.039 -0.357 0.933 0.089 -0.348 0.933 0.242 -0.334 0.911 0.389 -0.316 0.865 0.435 -0.316 0.844 0.43 -0.312 0.847 0.224 -0.217 0.95 0.131 -0.18 0.975 0.173 -0.218 0.961 0.197 -0.247 0.949 0.206 -0.257 0.944 0.191 -0.222 0.956 0.174 -0.16 0.972 0.169 -0.088 0.982 0.176 -0.025 0.984 0.183 -0.002 0.983 0.178 -0.006 0.984 0.164 -0.017 0.986 0.092 0.257 0.962 -0.033 0.225 0.974 -0.031 0.22 0.975 -0.031 0.222 0.975 -0.025 0.242 0.97 0.005 0.292 0.956 0.042 0.336 0.941 0.071 0.358 0.931 0.077 0.362 0.929 0.048 0.353 0.935 0.005 0.34 0.94 -0.039 0.333 0.942 0.06 0.318 0.946 0.26 0.286 0.922 0.268 0.285 0.92 0.247 0.298 0.922 0.178 0.355 0.918 0.109 0.411 0.905 0.093 0.428 0.899 0.095 0.421 0.902 0.16 0.236 0.958 0.193 0.143 0.971 0.192 0.187 0.963 0.197 0.23 0.953 0.202 0.26 0.944 0.198 0.253 0.947 0.181 0.222 0.958 0.143 0.179 0.973 0.098 0.141 0.985 0.079 0.132 0.988 0.077 0.131 0.988 0.083 0.131 0.988 -0.109 -0.178 0.978 0.004 -0.106 0.994 -0.001 -0.096 0.995 -0.002 -0.095 0.996 -0.005 -0.117 0.993 -0.027 -0.171 0.985 -0.059 -0.223 0.973 -0.093 -0.26 0.961 -0.111 -0.275 0.955 -0.095 -0.268 0.959 -0.062 -0.253 0.966 -0.017 -0.239 0.971 -0.106 -0.236 0.966 -0.307 -0.235 0.922 -0.314 -0.235 0.92 -0.283 -0.249 0.926 -0.188 -0.308 0.933 -0.093 -0.366 0.926 -0.066 -0.386 0.92 -0.069 -0.38 0.922 -0.162 -0.202 0.966 -0.204 -0.124 0.971 -0.197 -0.17 0.966 -0.195 -0.207 0.959 -0.194 -0.224 0.955 -0.189 -0.201 0.961 -0.172 -0.154 0.973 -0.14 -0.102 0.985 -0.101 -0.058 0.993 -0.083 -0.045 0.996 -0.085 -0.044 0.995 -0.096 -0.045 0.994 0.071 -0.023 0.997 0.003 0.058 0.998 -0.002 0.055 0.998 -0.001 0.055 0.999 0.017 0.056 0.998 0.065 0.049 0.997 0.111 0.034 0.993 0.141 0.017 0.99 0.15 0.011 0.989 0.137 0.027 0.99 0.115 0.054 0.992 0.096 0.084 0.992 0.113 0.01 0.994 0.154 -0.149 0.977 0.155 -0.155 0.976 0.159 -0.134 0.978 0.183 -0.06 0.981 0.208 0.013 0.978 0.217 0.032 0.976 0.212 0.028 0.977 0.085 -0.074 0.994 0.027 -0.124 0.992 0.061 -0.111 0.992 0.094 -0.102 0.99 0.114 -0.098 0.989 0.103 -0.097 0.99 0.069 -0.093 0.993 0.023 -0.077 0.997 -0.02 -0.054 0.998 -0.033 -0.043 0.999 -0.034 -0.042 0.999 -0.033 -0.048 0.998 0.061 0.051 -0.997 0.063 0.033 -0.997 0.03 0.046 -0.998 0.056 0.038 -0.998 0.042 0.042 -0.998 0.025 0.039 -0.999 0.011 0.031 -0.999 0.002 0.02 -1 0 0.017 -1 -0.004 0.041 -0.999 -0.007 0.065 -0.998 -0.004 0.062 -0.998 0.007 0.055 -0.998 0.023 0.051 -0.998 0.04 0.053 -0.998 0.053 0.062 -0.997 0.057 0.068 -0.996 0.131 0.061 -0.989 0.129 0.079 -0.989 0.161 0.066 -0.985 0.136 0.074 -0.988 0.15 0.07 -0.986 0.167 0.072 -0.983 0.18 0.081 -0.98 0.189 0.091 -0.978 0.191 0.095 -0.977 0.194 0.07 -0.978 0.198 0.046 -0.979 0.195 0.049 -0.98 0.184 0.057 -0.981 0.168 0.061 -0.984 0.152 0.058 -0.987 0.139 0.05 -0.989 0.134 0.044 -0.99 -0.019 -0.002 -1 -0.027 -0.018 -0.999 -0.048 0.011 -0.999 -0.03 -0.01 -1 -0.04 0.001 -0.999 -0.056 0.008 -0.998 -0.072 0.008 -0.997 -0.085 0.004 -0.996 -0.089 0.002 -0.996 -0.079 0.025 -0.997 -0.069 0.047 -0.996 -0.068 0.043 -0.997 -0.063 0.031 -0.998 -0.051 0.019 -0.999 -0.036 0.012 -0.999 -0.02 0.012 -1 -0.013 0.015 -1 0.02 -0.019 -1 0.027 -0.003 -1 0.048 -0.031 -0.998 0.03 -0.01 -0.999 0.041 -0.022 -0.999 0.056 -0.029 -0.998 0.073 -0.029 -0.997 0.086 -0.024 -0.996 0.089 -0.022 -0.996 0.08 -0.045 -0.996 0.07 -0.068 -0.995 0.068 -0.064 -0.996 0.063 -0.051 -0.997 0.052 -0.039 -0.998 0.036 -0.032 -0.999 0.021 -0.032 -0.999 0.013 -0.035 -0.999 -0.069 0.09 -0.994 -0.065 0.108 -0.992 -0.038 0.084 -0.996 -0.06 0.101 -0.993 -0.047 0.092 -0.995 -0.03 0.089 -0.996 -0.014 0.092 -0.996 -0.002 0.1 -0.995 0.001 0.103 -0.995 -0.003 0.078 -0.997 -0.008 0.053 -0.999 -0.01 0.057 -0.998 -0.018 0.068 -0.998 -0.032 0.077 -0.996 -0.049 0.081 -0.996 -0.065 0.077 -0.995 -0.071 0.072 -0.995 -0.111 0.098 -0.989 -0.115 0.08 -0.99 -0.142 0.103 -0.984 -0.12 0.087 -0.989 -0.132 0.096 -0.987 -0.149 0.099 -0.984 -0.166 0.095 -0.982 -0.177 0.087 -0.98 -0.18 0.085 -0.98 -0.176 0.109 -0.978 -0.171 0.134 -0.976 -0.169 0.13 -0.977 -0.161 0.119 -0.98 -0.147 0.11 -0.983 -0.13 0.107 -0.986 -0.115 0.111 -0.987 -0.108 0.116 -0.987 0.003 0.02 -1 0.018 0.01 -1 -0.014 -0.007 -1 0.01 0.008 -1 -0.003 -0.001 -1 -0.012 -0.015 -1 -0.014 -0.032 -0.999 -0.012 -0.046 -0.999 -0.01 -0.049 -0.999 -0.031 -0.036 -0.999 -0.053 -0.024 -0.998 -0.049 -0.023 -0.999 -0.035 -0.019 -0.999 -0.022 -0.009 -1 -0.013 0.005 -1 -0.011 0.021 -1 -0.013 0.029 -1 0.025 0.057 -0.998 0.01 0.067 -0.998 0.041 0.084 -0.996 0.018 0.069 -0.997 0.031 0.077 -0.997 0.039 0.092 -0.995 0.042 0.109 -0.993 0.039 0.122 -0.992 0.037 0.126 -0.991 0.059 0.113 -0.992 0.08 0.1 -0.992 0.076 0.099 -0.992 0.063 0.096 -0.993 0.049 0.086 -0.995 0.04 0.071 -0.997 0.039 0.056 -0.998 0.04 0.048 -0.998 0.017 -0.025 -1 0.011 -0.04 -0.999 0.007 -0.034 -0.999 -0.004 -0.024 -1 -0.019 -0.019 -1 -0.035 -0.02 -0.999 -0.047 -0.025 -0.999 -0.05 -0.027 -0.998 -0.043 -0.005 -0.999 -0.035 0.017 -0.999 -0.034 0.014 -0.999 -0.028 0.002 -1 -0.016 -0.008 -1 -0 -0.013 -1 0.014 -0.012 -1 0.021 -0.008 -1 0.055 -0.037 -0.998 0.061 -0.021 -0.998 0.083 -0.047 -0.995 0.064 -0.028 -0.998 0.075 -0.038 -0.996 0.091 -0.043 -0.995 0.106 -0.042 -0.993 0.118 -0.036 -0.992 0.121 -0.034 -0.992 0.114 -0.057 -0.992 0.107 -0.079 -0.991 0.105 -0.075 -0.992 0.099 -0.064 -0.993 0.087 -0.054 -0.995 0.072 -0.048 -0.996 0.057 -0.05 -0.997 0.05 -0.053 -0.997 0.006 -0.035 -0.999 -0.011 -0.039 -0.999 -0.004 -0.006 -1 -0.007 -0.032 -0.999 -0.006 -0.017 -1 -0.011 -0.002 -1 -0.022 0.01 -1 -0.034 0.017 -0.999 -0.038 0.018 -0.999 -0.015 0.026 -1 0.008 0.034 -0.999 0.006 0.03 -1 0.001 0.018 -1 -0.001 0.002 -1 0.005 -0.014 -1 0.015 -0.025 -1 0.022 -0.028 -0.999 0.029 -0.101 -0.994 0.045 -0.096 -0.994 0.038 -0.13 -0.991 0.042 -0.103 -0.994 0.04 -0.118 -0.992 0.046 -0.134 -0.99 0.056 -0.145 -0.988 0.068 -0.152 -0.986 0.072 -0.153 -0.986 0.049 -0.161 -0.986 0.026 -0.169 -0.985 0.028 -0.165 -0.986 0.034 -0.153 -0.988 0.035 -0.137 -0.99 0.03 -0.122 -0.992 0.019 -0.111 -0.994 0.012 -0.107 -0.994 0.159 -0.295 0.942 0.118 -0.148 0.982 0.108 -0.15 0.983 0.108 -0.152 0.983 0.132 -0.16 0.978 0.191 -0.196 0.962 0.243 -0.243 0.939 0.272 -0.283 0.92 0.282 -0.3 0.911 0.275 -0.274 0.921 0.266 -0.229 0.937 0.261 -0.175 0.949 0.234 -0.285 0.93 0.177 -0.508 0.843 0.175 -0.515 0.839 0.197 -0.489 0.85 0.283 -0.403 0.871 0.366 -0.313 0.876 0.393 -0.289 0.873 0.385 -0.292 0.875 0.155 -0.367 0.917 0.045 -0.399 0.916 0.1 -0.401 0.911 0.147 -0.407 0.902 0.175 -0.411 0.895 0.156 -0.403 0.902 0.112 -0.378 0.919 0.06 -0.332 0.941 0.019 -0.277 0.961 0.009 -0.254 0.967 0.008 -0.254 0.967 0.006 -0.264 0.965 -0.06 -0.043 0.997 -0.126 -0.14 0.982 -0.116 -0.149 0.982 -0.113 -0.152 0.982 -0.117 -0.134 0.984 -0.117 -0.084 0.99 -0.108 -0.028 0.994 -0.09 0.019 0.996 -0.077 0.043 0.996 -0.086 0.033 0.996 -0.109 0.009 0.994 -0.144 -0.021 0.989 -0.071 0.005 0.997 0.107 0.081 0.991 0.113 0.085 0.99 0.077 0.085 0.993 -0.035 0.103 0.994 -0.145 0.124 0.982 -0.179 0.135 0.975 -0.175 0.131 0.976 -0.035 -0.001 0.999 0.026 -0.05 0.998 0.003 -0.011 1 -0.01 0.02 1 -0.016 0.032 0.999 -0.012 0.006 1 -0.011 -0.045 0.999 -0.02 -0.1 0.995 -0.037 -0.148 0.988 -0.046 -0.163 0.985 -0.043 -0.162 0.986 -0.03 -0.156 0.987 -0.051 0.104 0.993 0.056 0.106 0.993 0.056 0.104 0.993 0.055 0.098 0.994 0.048 0.082 0.995 0.016 0.039 0.999 -0.016 0.007 1 -0.031 -0.004 1 -0.022 -0 1 0.012 0.01 1 0.055 0.021 0.998 0.087 0.024 0.996 0.004 0.042 0.999 -0.15 0.07 0.986 -0.158 0.072 0.985 -0.152 0.068 0.986 -0.12 0.036 0.992 -0.088 0.004 0.996 -0.084 -0.003 0.996 -0.086 0.005 0.996 -0.112 0.16 0.981 -0.127 0.241 0.962 -0.132 0.21 0.969 -0.143 0.168 0.975 -0.154 0.134 0.979 -0.158 0.125 0.979 -0.147 0.14 0.979 -0.114 0.171 0.979 -0.071 0.203 0.977 -0.054 0.209 0.976 -0.048 0.21 0.977 -0.047 0.21 0.977 0.16 -0.204 0.966 0.045 -0.113 0.993 0.044 -0.115 0.992 0.05 -0.111 0.993 0.071 -0.1 0.992 0.143 -0.086 0.986 0.207 -0.081 0.975 0.238 -0.085 0.968 0.233 -0.082 0.969 0.194 -0.063 0.979 0.145 -0.036 0.989 0.106 -0.008 0.994 0.173 -0.103 0.979 0.3 -0.277 0.913 0.305 -0.285 0.909 0.302 -0.269 0.915 0.3 -0.193 0.934 0.298 -0.116 0.947 0.3 -0.1 0.949 0.296 -0.108 0.949 0.178 -0.3 0.937 0.116 -0.396 0.911 0.153 -0.366 0.918 0.201 -0.335 0.92 0.239 -0.312 0.92 0.243 -0.309 0.919 0.213 -0.317 0.924 0.149 -0.32 0.936 0.077 -0.313 0.947 0.054 -0.305 0.951 0.049 -0.301 0.952 0.05 -0.303 0.952 -0.207 -0.22 0.953 -0.07 -0.155 0.985 -0.074 -0.145 0.987 -0.075 -0.146 0.986 -0.079 -0.171 0.982 -0.105 -0.234 0.967 -0.142 -0.292 0.946 -0.178 -0.328 0.928 -0.193 -0.34 0.921 -0.168 -0.329 0.929 -0.125 -0.312 0.942 -0.074 -0.298 0.952 -0.185 -0.291 0.939 -0.416 -0.273 0.867 -0.424 -0.273 0.863 -0.394 -0.29 0.872 -0.295 -0.358 0.886 -0.193 -0.424 0.885 -0.165 -0.446 0.88 -0.169 -0.439 0.883 -0.279 -0.228 0.933 -0.33 -0.127 0.935 -0.322 -0.181 0.929 -0.32 -0.228 0.92 -0.32 -0.255 0.913 -0.315 -0.236 0.919 -0.297 -0.189 0.936 -0.26 -0.131 0.957 -0.213 -0.081 0.974 -0.192 -0.068 0.979 -0.192 -0.067 0.979 -0.202 -0.067 0.977 0.002 0.036 0.999 -0.104 0.082 0.991 -0.112 0.071 0.991 -0.114 0.068 0.991 -0.097 0.075 0.992 -0.048 0.084 0.995 0.008 0.084 0.996 0.056 0.075 0.996 0.082 0.067 0.994 0.071 0.074 0.995 0.043 0.092 0.995 0.008 0.121 0.993 0.046 0.054 0.997 0.151 -0.105 0.983 0.154 -0.11 0.982 0.149 -0.075 0.986 0.147 0.036 0.988 0.147 0.147 0.978 0.152 0.181 0.972 0.149 0.177 0.973 0.047 0.018 0.999 0.009 -0.05 0.999 0.044 -0.02 0.999 0.071 -0.002 0.997 0.082 0.005 0.997 0.057 -0.003 0.998 0.009 -0.013 1 -0.047 -0.013 0.999 -0.096 -0.005 0.995 -0.113 0.001 0.994 -0.111 -0.002 0.994 -0.103 -0.013 0.995 0.146 0.052 0.988 0.165 -0.051 0.985 0.164 -0.051 0.985 0.158 -0.052 0.986 0.141 -0.048 0.989 0.095 -0.024 0.995 0.058 0.001 0.998 0.045 0.014 0.999 0.05 0.006 0.999 0.066 -0.026 0.998 0.083 -0.065 0.994 0.092 -0.096 0.991 0.095 -0.012 0.995 0.095 0.143 0.985 0.095 0.15 0.984 0.092 0.144 0.985 0.067 0.107 0.992 0.042 0.071 0.997 0.036 0.066 0.997 0.043 0.069 0.997 0.188 0.121 0.975 0.263 0.15 0.953 0.232 0.149 0.961 0.19 0.153 0.97 0.156 0.158 0.975 0.146 0.159 0.976 0.162 0.152 0.975 0.199 0.125 0.972 0.236 0.089 0.968 0.245 0.074 0.967 0.247 0.068 0.967 0.247 0.067 0.967 -0.118 -0.205 0.972 -0.048 -0.079 0.996 -0.05 -0.078 0.996 -0.045 -0.083 0.996 -0.031 -0.102 0.994 -0.005 -0.169 0.986 0.01 -0.23 0.973 0.011 -0.26 0.966 0.013 -0.255 0.967 0.025 -0.214 0.976 0.043 -0.162 0.986 0.064 -0.12 0.991 -0.017 -0.201 0.979 -0.168 -0.353 0.92 -0.174 -0.359 0.917 -0.159 -0.354 0.922 -0.085 -0.339 0.937 -0.01 -0.324 0.946 0.007 -0.323 0.946 -0.003 -0.32 0.947 -0.209 -0.239 0.948 -0.315 -0.195 0.929 -0.279 -0.226 0.933 -0.24 -0.267 0.933 -0.211 -0.3 0.93 -0.208 -0.304 0.93 -0.22 -0.276 0.936 -0.234 -0.214 0.948 -0.239 -0.143 0.96 -0.234 -0.12 0.965 -0.232 -0.115 0.966 -0.233 -0.116 0.966 0.174 0.289 0.941 0.178 0.138 0.974 0.197 0.133 0.971 0.204 0.131 0.97 0.187 0.149 0.971 0.152 0.203 0.967 0.123 0.271 0.955 0.107 0.337 0.936 0.103 0.374 0.921 0.101 0.363 0.926 0.094 0.325 0.941 0.077 0.27 0.96 0.136 0.342 0.93 0.263 0.521 0.812 0.266 0.526 0.808 0.227 0.507 0.832 0.092 0.458 0.884 -0.049 0.403 0.914 -0.097 0.389 0.916 -0.089 0.387 0.918 0.159 0.351 0.923 0.254 0.337 0.906 0.2 0.366 0.909 0.166 0.388 0.907 0.155 0.394 0.906 0.182 0.365 0.913 0.223 0.309 0.924 0.253 0.242 0.937 0.267 0.18 0.947 0.268 0.156 0.951 0.271 0.162 0.949 0.282 0.178 0.943 0.216 -0.165 0.962 0.353 -0.072 0.933 0.349 -0.065 0.935 0.349 -0.068 0.935 0.349 -0.094 0.932 0.331 -0.177 0.927 0.303 -0.249 0.92 0.278 -0.288 0.917 0.276 -0.291 0.916 0.311 -0.262 0.914 0.362 -0.22 0.906 0.413 -0.186 0.892 0.29 -0.218 0.932 0.021 -0.281 0.959 0.012 -0.284 0.959 0.041 -0.29 0.956 0.148 -0.329 0.933 0.251 -0.366 0.896 0.275 -0.379 0.884 0.27 -0.372 0.888 0.123 -0.157 0.98 0.043 -0.051 0.998 0.062 -0.111 0.992 0.073 -0.175 0.982 0.079 -0.22 0.972 0.081 -0.216 0.973 0.09 -0.172 0.981 0.118 -0.099 0.988 0.159 -0.024 0.987 0.177 -0.004 0.984 0.178 -0.002 0.984 0.17 -0.005 0.985 0.024 0.312 0.95 -0.123 0.345 0.931 -0.124 0.338 0.933 -0.123 0.339 0.933 -0.108 0.356 0.928 -0.046 0.398 0.916 0.017 0.426 0.904 0.055 0.435 0.899 0.057 0.436 0.898 0.012 0.44 0.898 -0.049 0.447 0.893 -0.105 0.458 0.883 0.004 0.395 0.919 0.227 0.256 0.94 0.234 0.252 0.939 0.217 0.277 0.936 0.168 0.374 0.912 0.118 0.468 0.876 0.109 0.493 0.863 0.108 0.487 0.867 0.082 0.244 0.966 0.072 0.115 0.991 0.095 0.168 0.981 0.126 0.219 0.968 0.151 0.255 0.955 0.149 0.255 0.955 0.117 0.233 0.966 0.054 0.204 0.977 -0.019 0.183 0.983 -0.042 0.182 0.982 -0.044 0.181 0.982 -0.037 0.177 0.983 0.011 -0.056 0.998 0.147 -0.155 0.977 0.149 -0.152 0.977 0.144 -0.155 0.977 0.118 -0.166 0.979 0.036 -0.179 0.983 -0.04 -0.179 0.983 -0.081 -0.172 0.982 -0.082 -0.172 0.982 -0.043 -0.193 0.98 0.011 -0.224 0.974 0.054 -0.257 0.965 -0.015 -0.155 0.988 -0.159 0.05 0.986 -0.165 0.059 0.985 -0.161 0.038 0.986 -0.16 -0.056 0.986 -0.16 -0.149 0.976 -0.164 -0.171 0.972 -0.157 -0.161 0.974 -0.015 0.044 0.999 0.052 0.148 0.988 0.009 0.114 0.993 -0.044 0.082 0.996 -0.083 0.061 0.995 -0.082 0.06 0.995 -0.041 0.068 0.997 0.035 0.068 0.997 0.117 0.056 0.992 0.143 0.046 0.989 0.148 0.043 0.988 0.146 0.046 0.988 0.203 -0.061 0.977 0.176 0.085 0.981 0.16 0.086 0.983 0.155 0.086 0.984 0.174 0.071 0.982 0.214 0.025 0.977 0.249 -0.035 0.968 0.269 -0.096 0.958 0.276 -0.133 0.952 0.277 -0.123 0.953 0.28 -0.087 0.956 0.289 -0.034 0.957 0.245 -0.111 0.963 0.14 -0.308 0.941 0.137 -0.315 0.939 0.172 -0.288 0.942 0.29 -0.217 0.932 0.405 -0.146 0.903 0.443 -0.128 0.887 0.436 -0.127 0.891 0.226 -0.123 0.966 0.139 -0.126 0.982 0.189 -0.143 0.972 0.22 -0.158 0.963 0.229 -0.162 0.96 0.201 -0.137 0.97 0.159 -0.089 0.983 0.124 -0.029 0.992 0.103 0.028 0.994 0.099 0.052 0.994 0.096 0.047 0.994 0.09 0.032 0.995 -0.024 -0.404 0.914 -0.059 -0.259 0.964 -0.08 -0.259 0.963 -0.087 -0.259 0.962 -0.066 -0.272 0.96 -0.02 -0.318 0.948 0.023 -0.376 0.926 0.052 -0.435 0.899 0.063 -0.47 0.88 0.064 -0.459 0.886 0.063 -0.421 0.905 0.069 -0.364 0.929 0.025 -0.446 0.895 -0.07 -0.64 0.765 -0.072 -0.646 0.76 -0.036 -0.62 0.783 0.091 -0.546 0.833 0.219 -0.461 0.86 0.263 -0.437 0.86 0.255 -0.437 0.862 0.003 -0.46 0.888 -0.096 -0.468 0.879 -0.035 -0.483 0.875 0.003 -0.496 0.868 0.016 -0.5 0.866 -0.018 -0.479 0.878 -0.069 -0.434 0.898 -0.113 -0.376 0.92 -0.141 -0.319 0.937 -0.146 -0.296 0.944 -0.149 -0.302 0.942 -0.156 -0.32 0.934 -0.167 0.031 0.985 -0.283 -0.09 0.955 -0.278 -0.096 0.956 -0.278 -0.093 0.956 -0.285 -0.067 0.956 -0.286 0.019 0.958 -0.275 0.098 0.956 -0.26 0.142 0.955 -0.259 0.145 0.955 -0.287 0.108 0.952 -0.328 0.056 0.943 -0.372 0.012 0.928 -0.254 0.069 0.965 -0.001 0.192 0.981 0.007 0.197 0.98 -0.023 0.196 0.98 -0.139 0.211 0.967 -0.252 0.227 0.941 -0.28 0.235 0.931 -0.273 0.228 0.934 -0.071 0.044 0.997 0.034 -0.044 0.998 0 0.011 1 -0.027 0.073 0.997 -0.043 0.116 0.992 -0.044 0.113 0.993 -0.042 0.066 0.997 -0.053 -0.013 0.999 -0.076 -0.096 0.992 -0.09 -0.12 0.989 -0.091 -0.122 0.988 -0.083 -0.118 0.99 0.13 -0.393 0.91 0.281 -0.389 0.877 0.28 -0.382 0.881 0.279 -0.383 0.88 0.268 -0.403 0.875 0.216 -0.458 0.863 0.159 -0.499 0.852 0.122 -0.516 0.848 0.121 -0.518 0.847 0.167 -0.511 0.843 0.227 -0.503 0.834 0.284 -0.5 0.818 0.166 -0.467 0.869 -0.084 -0.384 0.919 -0.092 -0.382 0.92 -0.07 -0.402 0.913 -0.001 -0.484 0.875 0.066 -0.561 0.825 0.079 -0.582 0.809 0.079 -0.576 0.814 0.059 -0.341 0.938 0.042 -0.214 0.976 0.03 -0.271 0.962 0.01 -0.327 0.945 -0.007 -0.367 0.93 -0.006 -0.367 0.93 0.022 -0.338 0.941 0.079 -0.296 0.952 0.146 -0.258 0.955 0.168 -0.252 0.953 0.17 -0.251 0.953 0.163 -0.249 0.955 0.063 -0.031 0.998 -0.095 0.036 0.995 -0.097 0.033 0.995 -0.092 0.037 0.995 -0.069 0.054 0.996 0.01 0.086 0.996 0.084 0.104 0.991 0.127 0.106 0.986 0.127 0.107 0.986 0.084 0.119 0.989 0.024 0.137 0.99 -0.027 0.16 0.987 0.065 0.074 0.995 0.254 -0.095 0.963 0.262 -0.103 0.96 0.254 -0.082 0.964 0.231 0.01 0.973 0.209 0.103 0.972 0.208 0.125 0.97 0.204 0.115 0.972 0.112 -0.123 0.986 0.068 -0.241 0.968 0.104 -0.198 0.975 0.15 -0.154 0.977 0.183 -0.124 0.975 0.181 -0.123 0.976 0.143 -0.141 0.98 0.068 -0.159 0.985 -0.016 -0.166 0.986 -0.045 -0.162 0.986 -0.051 -0.16 0.986 -0.048 -0.162 0.986 -0.13 -0.07 0.989 -0.07 -0.207 0.976 -0.053 -0.205 0.977 -0.048 -0.203 0.978 -0.07 -0.194 0.979 -0.12 -0.157 0.98 -0.169 -0.105 0.98 -0.204 -0.049 0.978 -0.22 -0.013 0.975 -0.219 -0.023 0.975 -0.213 -0.059 0.975 -0.21 -0.114 0.971 -0.183 -0.029 0.983 -0.126 0.192 0.973 -0.125 0.2 0.972 -0.153 0.164 0.974 -0.255 0.067 0.965 -0.354 -0.027 0.935 -0.388 -0.052 0.92 -0.381 -0.052 0.923 -0.167 -0.013 0.986 -0.08 0.01 0.997 -0.134 0.015 0.991 -0.169 0.024 0.985 -0.179 0.025 0.983 -0.145 0.007 0.989 -0.092 -0.032 0.995 -0.043 -0.083 0.996 -0.008 -0.135 0.991 0.001 -0.158 0.987 0.002 -0.153 0.988 0.005 -0.136 0.991 -0.269 0.175 0.947 -0.118 0.157 0.98 -0.111 0.176 0.978 -0.108 0.182 0.977 -0.128 0.168 0.977 -0.187 0.141 0.972 -0.259 0.121 0.958 -0.326 0.114 0.938 -0.364 0.116 0.924 -0.353 0.112 0.929 -0.316 0.1 0.943 -0.263 0.074 0.962 -0.327 0.144 0.934 -0.488 0.298 0.82 -0.493 0.302 0.816 -0.479 0.26 0.838 -0.449 0.116 0.886 -0.412 -0.032 0.911 -0.404 -0.082 0.911 -0.402 -0.074 0.913 -0.333 0.169 0.928 -0.307 0.263 0.915 -0.342 0.212 0.915 -0.369 0.181 0.912 -0.377 0.17 0.911 -0.344 0.194 0.919 -0.283 0.227 0.932 -0.212 0.247 0.945 -0.148 0.254 0.956 -0.124 0.251 0.96 -0.129 0.255 0.958 -0.144 0.268 0.953 0.19 0.157 0.969 0.115 0.307 0.945 0.107 0.303 0.947 0.11 0.303 0.947 0.137 0.3 0.944 0.217 0.271 0.938 0.286 0.234 0.929 0.321 0.204 0.925 0.324 0.202 0.924 0.299 0.241 0.923 0.264 0.297 0.918 0.237 0.353 0.905 0.252 0.225 0.941 0.281 -0.053 0.958 0.282 -0.063 0.957 0.292 -0.034 0.956 0.345 0.068 0.936 0.395 0.167 0.903 0.412 0.19 0.891 0.404 0.186 0.896 0.169 0.063 0.984 0.053 -0.003 0.999 0.115 0.008 0.993 0.181 0.012 0.983 0.227 0.012 0.974 0.223 0.014 0.975 0.18 0.028 0.983 0.111 0.066 0.992 0.042 0.117 0.992 0.022 0.139 0.99 0.024 0.131 0.991 -0.313 0.027 0.95 -0.364 -0.114 0.924 -0.357 -0.117 0.927 -0.358 -0.115 0.927 -0.373 -0.098 0.923 -0.407 -0.03 0.913 -0.427 0.037 0.903 -0.431 0.077 0.899 -0.432 0.079 0.899 -0.442 0.034 0.897 -0.456 -0.026 0.89 -0.475 -0.08 0.877 -0.398 0.019 0.917 -0.23 0.224 0.947 -0.225 0.23 0.947 -0.252 0.217 0.943 -0.355 0.18 0.917 -0.455 0.145 0.879 -0.481 0.139 0.866 -0.475 0.137 0.869 -0.237 0.076 0.969 -0.11 0.048 0.993 -0.16 0.078 0.984 -0.206 0.116 0.972 -0.239 0.146 0.96 -0.239 0.144 0.96 -0.221 0.109 0.969 -0.201 0.042 0.979 -0.189 -0.034 0.981 -0.191 -0.057 0.98 -0.19 -0.059 0.98 -0.186 -0.052 0.981 0.054 -0.036 0.998 0.171 0.088 0.981 0.168 0.091 0.982 0.17 0.085 0.982 0.178 0.057 0.982 0.18 -0.026 0.983 0.171 -0.102 0.98 0.158 -0.142 0.977 0.158 -0.143 0.977 0.184 -0.107 0.977 0.222 -0.057 0.973 0.261 -0.018 0.965 0.15 -0.074 0.986 -0.074 -0.191 0.979 -0.084 -0.196 0.977 -0.062 -0.195 0.979 0.032 -0.206 0.978 0.125 -0.218 0.968 0.146 -0.224 0.964 0.138 -0.217 0.966 -0.049 -0.049 0.998 -0.144 0.032 0.989 -0.116 -0.015 0.993 -0.091 -0.073 0.993 -0.075 -0.114 0.991 -0.074 -0.113 0.991 -0.076 -0.071 0.995 -0.067 0.004 0.998 -0.045 0.085 0.995 -0.03 0.11 0.993 -0.027 0.115 0.993 -0.03 0.113 0.993 0.084 0.157 0.984 -0.065 0.149 0.987 -0.068 0.132 0.989 -0.069 0.127 0.989 -0.052 0.145 0.988 -0.001 0.178 0.984 0.064 0.206 0.976 0.128 0.219 0.967 0.166 0.221 0.961 0.156 0.224 0.962 0.121 0.231 0.966 0.069 0.247 0.967 0.14 0.193 0.971 0.323 0.062 0.944 0.329 0.058 0.942 0.307 0.098 0.947 0.251 0.225 0.941 0.195 0.35 0.916 0.183 0.391 0.902 0.181 0.384 0.905 0.149 0.172 0.974 0.141 0.083 0.986 0.164 0.132 0.978 0.184 0.161 0.97 0.188 0.17 0.967 0.16 0.145 0.976 0.107 0.109 0.988 0.042 0.081 0.996 -0.018 0.067 0.998 -0.042 0.067 0.997 -0.038 0.063 0.997 -0.024 0.055 0.998 0.107 0.311 0.944 0.123 0.168 0.978 0.142 0.165 0.976 0.148 0.164 0.975 0.131 0.179 0.975 0.093 0.228 0.969 0.06 0.29 0.955 0.04 0.351 0.936 0.033 0.387 0.922 0.031 0.376 0.926 0.028 0.339 0.94 0.016 0.284 0.959 0.066 0.358 0.931 0.177 0.543 0.821 0.18 0.549 0.816 0.143 0.527 0.838 0.015 0.466 0.884 -0.115 0.4 0.909 -0.159 0.382 0.91 -0.152 0.381 0.912 0.088 0.369 0.925 0.181 0.365 0.913 0.127 0.387 0.913 0.092 0.405 0.91 0.081 0.41 0.908 0.11 0.385 0.916 0.153 0.336 0.93 0.187 0.274 0.943 0.206 0.216 0.955 0.208 0.193 0.959 0.211 0.199 0.957 0.22 0.215 0.951 0.187 -0.117 0.975 0.311 -0.016 0.95 0.306 -0.01 0.952 0.306 -0.013 0.952 0.309 -0.038 0.95 0.3 -0.119 0.946 0.28 -0.191 0.941 0.26 -0.23 0.938 0.258 -0.234 0.937 0.289 -0.202 0.936 0.334 -0.158 0.929 0.381 -0.121 0.917 0.264 -0.161 0.951 0.012 -0.246 0.969 0.004 -0.249 0.969 0.032 -0.252 0.967 0.138 -0.28 0.95 0.242 -0.308 0.92 0.267 -0.319 0.909 0.262 -0.312 0.913 0.097 -0.117 0.988 0.01 -0.023 1 0.034 -0.078 0.996 0.051 -0.139 0.989 0.062 -0.181 0.982 0.062 -0.177 0.982 0.067 -0.134 0.989 0.087 -0.062 0.994 0.119 0.012 0.993 0.134 0.033 0.99 0.135 0.035 0.99 0.128 0.032 0.991 -0.039 0.32 0.947 -0.181 0.338 0.924 -0.181 0.331 0.926 -0.18 0.332 0.926 -0.168 0.35 0.922 -0.112 0.396 0.911 -0.054 0.429 0.902 -0.018 0.441 0.897 -0.016 0.442 0.897 -0.06 0.442 0.895 -0.118 0.443 0.889 -0.173 0.449 0.877 -0.064 0.398 0.915 0.161 0.285 0.945 0.168 0.282 0.945 0.15 0.304 0.941 0.095 0.393 0.915 0.04 0.478 0.877 0.03 0.502 0.864 0.029 0.496 0.868 0.022 0.26 0.965 0.023 0.137 0.99 0.041 0.19 0.981 0.067 0.241 0.968 0.087 0.277 0.957 0.085 0.277 0.957 0.057 0.253 0.966 -0.001 0.22 0.976 -0.068 0.193 0.979 -0.09 0.19 0.978 -0.092 0.189 0.978 -0.085 0.186 0.979 -0.019 -0.031 0.999 0.12 -0.113 0.986 0.122 -0.11 0.986 0.117 -0.113 0.987 0.093 -0.126 0.988 0.016 -0.146 0.989 -0.056 -0.153 0.987 -0.095 -0.15 0.984 -0.096 -0.15 0.984 -0.058 -0.167 0.984 -0.003 -0.192 0.981 0.041 -0.219 0.975 -0.034 -0.128 0.991 -0.189 0.054 0.98 -0.196 0.063 0.979 -0.191 0.042 0.981 -0.181 -0.047 0.982 -0.173 -0.136 0.976 -0.174 -0.157 0.972 -0.169 -0.147 0.975 -0.053 0.061 0.997 0.002 0.166 0.986 -0.036 0.13 0.991 -0.084 0.095 0.992 -0.119 0.071 0.99 -0.118 0.071 0.991 -0.079 0.082 0.993 -0.008 0.089 0.996 0.072 0.085 0.994 0.098 0.077 0.992 0.103 0.075 0.992 0.1 0.078 0.992 0.165 -0.018 0.986 0.126 0.117 0.985 0.11 0.117 0.987 0.105 0.116 0.988 0.125 0.105 0.987 0.167 0.064 0.984 0.206 0.01 0.978 0.232 -0.046 0.972 0.242 -0.082 0.967 0.242 -0.072 0.968 0.241 -0.037 0.97 0.245 0.014 0.969 0.21 -0.063 0.976 0.128 -0.261 0.957 0.126 -0.268 0.955 0.158 -0.239 0.958 0.264 -0.16 0.951 0.369 -0.083 0.926 0.405 -0.063 0.912 0.398 -0.063 0.915 0.192 -0.076 0.978 0.109 -0.086 0.99 0.159 -0.098 0.982 0.19 -0.11 0.976 0.199 -0.113 0.973 0.17 -0.092 0.981 0.125 -0.049 0.991 0.086 0.005 0.996 0.06 0.057 0.997 0.055 0.079 0.995 0.053 0.075 0.996 0.048 0.06 0.997 -0.197 -0.009 0.98 -0.192 -0.098 0.977 -0.187 -0.097 0.978 -0.188 -0.096 0.977 -0.201 -0.091 0.975 -0.233 -0.064 0.97 -0.26 -0.033 0.965 -0.273 -0.011 0.962 -0.275 -0.007 0.962 -0.271 -0.031 0.962 -0.266 -0.064 0.962 -0.266 -0.097 0.959 -0.243 -0.027 0.97 -0.199 0.118 0.973 -0.197 0.123 0.973 -0.209 0.109 0.972 -0.259 0.064 0.964 -0.308 0.021 0.951 -0.323 0.011 0.946 -0.318 0.012 0.948 -0.173 0.036 0.984 -0.101 0.05 0.994 -0.133 0.054 0.99 -0.165 0.063 0.984 -0.187 0.07 0.98 -0.184 0.068 0.981 -0.164 0.052 0.985 -0.138 0.021 0.99 -0.116 -0.016 0.993 -0.112 -0.029 0.993 -0.112 -0.03 0.993 -0.111 -0.026 0.994 -0.18 -0.324 0.929 -0.139 -0.184 0.973 -0.152 -0.178 0.972 -0.155 -0.178 0.972 -0.141 -0.198 0.97 -0.115 -0.258 0.959 -0.099 -0.326 0.94 -0.097 -0.382 0.919 -0.1 -0.409 0.907 -0.092 -0.39 0.916 -0.075 -0.352 0.933 -0.047 -0.306 0.951 -0.13 -0.373 0.919 -0.302 -0.516 0.802 -0.306 -0.52 0.797 -0.267 -0.511 0.817 -0.135 -0.491 0.861 0 -0.465 0.885 0.044 -0.46 0.887 0.037 -0.457 0.888 -0.202 -0.385 0.9 -0.306 -0.35 0.885 -0.26 -0.384 0.886 -0.227 -0.413 0.882 -0.211 -0.428 0.879 -0.227 -0.405 0.886 -0.252 -0.352 0.901 -0.268 -0.284 0.92 -0.27 -0.22 0.937 -0.265 -0.197 0.944 -0.268 -0.198 0.943 -0.277 -0.207 0.938 -0.134 0.091 0.987 -0.267 0.08 0.96 -0.266 0.074 0.961 -0.265 0.075 0.961 -0.256 0.095 0.962 -0.215 0.144 0.966 -0.167 0.184 0.969 -0.131 0.203 0.97 -0.123 0.207 0.971 -0.156 0.202 0.967 -0.203 0.197 0.959 -0.25 0.197 0.948 -0.152 0.162 0.975 0.057 0.093 0.994 0.064 0.091 0.994 0.044 0.109 0.993 -0.019 0.184 0.983 -0.08 0.26 0.962 -0.093 0.282 0.955 -0.093 0.275 0.957 -0.067 0.06 0.996 -0.049 -0.046 0.998 -0.041 0.002 0.999 -0.028 0.047 0.999 -0.017 0.078 0.997 -0.022 0.071 0.997 -0.048 0.04 0.998 -0.096 -0 0.995 -0.15 -0.032 0.988 -0.171 -0.038 0.985 -0.173 -0.039 0.984 -0.166 -0.041 0.985 -0.021 -0.127 0.992 0.077 -0.189 0.979 0.081 -0.183 0.98 0.08 -0.183 0.98 0.063 -0.191 0.98 0.01 -0.201 0.979 -0.044 -0.202 0.978 -0.081 -0.195 0.977 -0.091 -0.192 0.977 -0.069 -0.205 0.976 -0.037 -0.226 0.973 -0.005 -0.252 0.968 -0.051 -0.178 0.983 -0.152 -0.02 0.988 -0.156 -0.015 0.988 -0.152 -0.039 0.988 -0.15 -0.127 0.98 -0.15 -0.214 0.965 -0.153 -0.238 0.959 -0.149 -0.233 0.961 -0.052 -0.077 0.996 -0.008 0.001 1 -0.039 -0.027 0.999 -0.071 -0.049 0.996 -0.093 -0.062 0.994 -0.082 -0.059 0.995 -0.046 -0.051 0.998 0.008 -0.051 0.999 0.061 -0.059 0.996 0.078 -0.067 0.995 0.079 -0.067 0.995 0.075 -0.061 0.995 0.146 -0.029 0.989 0.094 0.079 0.992 0.082 0.076 0.994 0.08 0.074 0.994 0.098 0.07 0.993 0.145 0.045 0.988 0.191 0.01 0.982 0.222 -0.025 0.975 0.235 -0.044 0.971 0.229 -0.028 0.973 0.217 0.006 0.976 0.207 0.052 0.977 0.197 -0.032 0.98 0.178 -0.228 0.957 0.178 -0.235 0.956 0.195 -0.205 0.959 0.261 -0.117 0.958 0.327 -0.03 0.945 0.35 -0.006 0.937 0.344 -0.008 0.939 0.163 -0.077 0.984 0.086 -0.111 0.99 0.132 -0.108 0.985 0.168 -0.11 0.98 0.185 -0.111 0.977 0.163 -0.104 0.981 0.121 -0.083 0.989 0.075 -0.048 0.996 0.039 -0.009 0.999 0.029 0.007 1 0.029 0.004 1 0.028 -0.008 1 -0.305 0.029 0.952 -0.354 -0.079 0.932 -0.357 -0.078 0.931 -0.363 -0.075 0.929 -0.376 -0.062 0.924 -0.407 -0.008 0.913 -0.425 0.039 0.904 -0.429 0.053 0.902 -0.429 0.035 0.903 -0.433 -0.012 0.901 -0.44 -0.066 0.896 -0.448 -0.102 0.888 -0.396 -0.015 0.918 -0.297 0.14 0.945 -0.293 0.146 0.945 -0.298 0.142 0.944 -0.341 0.124 0.932 -0.383 0.105 0.918 -0.389 0.104 0.915 -0.382 0.103 0.918 -0.209 0.067 0.976 -0.107 0.047 0.993 -0.14 0.065 0.988 -0.182 0.097 0.978 -0.217 0.127 0.968 -0.23 0.14 0.963 -0.223 0.127 0.967 -0.206 0.08 0.975 -0.191 0.019 0.981 -0.192 0 0.981 -0.194 -0.007 0.981 -0.195 -0.009 0.981 0.007 0.047 0.999 0.12 0.119 0.986 0.115 0.13 0.985 0.113 0.131 0.985 0.11 0.11 0.988 0.089 0.056 0.994 0.056 0.002 0.998 0.02 -0.037 0.999 0.001 -0.053 0.999 0.016 -0.046 0.999 0.05 -0.03 0.998 0.095 -0.016 0.995 0.006 -0.013 1 -0.2 -0.017 0.98 -0.207 -0.018 0.978 -0.175 -0.032 0.984 -0.076 -0.09 0.993 0.021 -0.151 0.988 0.048 -0.174 0.984 0.045 -0.167 0.985 -0.045 0.019 0.999 -0.088 0.096 0.991 -0.08 0.049 0.996 -0.079 0.012 0.997 -0.078 -0.005 0.997 -0.073 0.02 0.997 -0.055 0.07 0.996 -0.022 0.123 0.992 0.017 0.167 0.986 0.035 0.179 0.983 0.033 0.18 0.983 0.021 0.179 0.984 -0.087 0.03 0.996 -0.147 0.1 0.984 -0.15 0.098 0.984 -0.148 0.098 0.984 -0.132 0.101 0.986 -0.089 0.097 0.991 -0.049 0.086 0.995 -0.024 0.074 0.997 -0.019 0.072 0.997 -0.034 0.087 0.996 -0.055 0.11 0.992 -0.072 0.135 0.988 -0.054 0.069 0.996 -0.009 -0.068 0.998 -0.007 -0.073 0.997 -0.005 -0.057 0.998 0.01 0.004 1 0.027 0.064 0.998 0.034 0.079 0.996 0.029 0.075 0.997 -0.078 -0.02 0.997 -0.127 -0.069 0.989 -0.099 -0.055 0.994 -0.069 -0.046 0.997 -0.049 -0.04 0.998 -0.055 -0.04 0.998 -0.082 -0.038 0.996 -0.123 -0.027 0.992 -0.162 -0.009 0.987 -0.174 0.001 0.985 -0.175 0.002 0.985 -0.174 -0.002 0.985 0.011 0.152 0.988 -0.048 0.045 0.998 -0.04 0.039 0.998 -0.039 0.039 0.998 -0.046 0.058 0.997 -0.054 0.111 0.992 -0.052 0.168 0.984 -0.042 0.211 0.976 -0.035 0.23 0.972 -0.045 0.216 0.975 -0.066 0.187 0.98 -0.094 0.156 0.983 -0.022 0.195 0.981 0.139 0.288 0.948 0.145 0.291 0.946 0.115 0.289 0.951 0.015 0.292 0.956 -0.084 0.295 0.952 -0.113 0.3 0.947 -0.108 0.296 0.949 0.046 0.193 0.98 0.117 0.149 0.982 0.09 0.182 0.979 0.071 0.212 0.975 0.062 0.227 0.972 0.068 0.208 0.976 0.075 0.164 0.984 0.073 0.107 0.992 0.062 0.055 0.997 0.054 0.036 0.998 0.055 0.036 0.998 0.063 0.041 0.997 0.056 0.149 0.987 -0.028 0.182 0.983 -0.03 0.178 0.984 -0.029 0.179 0.984 -0.018 0.188 0.982 0.021 0.206 0.978 0.061 0.218 0.974 0.087 0.22 0.972 0.091 0.22 0.971 0.067 0.227 0.972 0.035 0.237 0.971 0.005 0.251 0.968 0.059 0.2 0.978 0.173 0.097 0.98 0.177 0.094 0.98 0.169 0.11 0.979 0.15 0.175 0.973 0.131 0.24 0.962 0.129 0.257 0.958 0.127 0.253 0.959 0.086 0.108 0.99 0.068 0.035 0.997 0.086 0.063 0.994 0.108 0.089 0.99 0.124 0.106 0.987 0.121 0.105 0.987 0.098 0.093 0.991 0.058 0.082 0.995 0.015 0.078 0.997 0.001 0.08 0.997 -0.001 0.08 0.997 0.003 0.077 0.997 -0.24 0.27 0.932 -0.13 0.171 0.977 -0.119 0.181 0.976 -0.118 0.184 0.976 -0.142 0.179 0.974 -0.208 0.181 0.961 -0.277 0.196 0.941 -0.329 0.219 0.919 -0.352 0.233 0.907 -0.338 0.218 0.916 -0.311 0.186 0.932 -0.281 0.14 0.949 -0.306 0.246 0.92 -0.361 0.467 0.808 -0.363 0.472 0.803 -0.371 0.433 0.822 -0.41 0.302 0.86 -0.445 0.166 0.88 -0.459 0.124 0.88 -0.454 0.129 0.882 -0.287 0.317 0.904 -0.21 0.398 0.893 -0.26 0.371 0.892 -0.301 0.353 0.886 -0.321 0.344 0.882 -0.293 0.349 0.89 -0.235 0.349 0.907 -0.166 0.334 0.928 -0.106 0.308 0.945 -0.087 0.293 0.952 -0.087 0.296 0.951 -0.092 0.309 0.947 0.12 0.048 0.992 0.168 0.176 0.97 0.161 0.178 0.971 0.162 0.176 0.971 0.177 0.159 0.971 0.204 0.101 0.974 0.221 0.039 0.975 0.223 -0.001 0.975 0.223 -0.011 0.975 0.232 0.021 0.972 0.248 0.067 0.967 0.268 0.111 0.957 0.194 0.034 0.98 0.041 -0.128 0.991 0.036 -0.134 0.99 0.061 -0.123 0.99 0.158 -0.097 0.983 0.253 -0.073 0.965 0.28 -0.07 0.958 0.273 -0.067 0.96 0.063 -0 0.998 -0.042 0.028 0.999 -0.002 0.001 1 0.034 -0.031 0.999 0.058 -0.054 0.997 0.054 -0.046 0.997 0.036 -0.01 0.999 0.02 0.052 0.998 0.014 0.116 0.993 0.017 0.138 0.99 0.017 0.14 0.99 0.013 0.134 0.991 -0.129 0.037 0.991 -0.227 -0.026 0.973 -0.224 -0.031 0.974 -0.223 -0.03 0.974 -0.223 -0.011 0.975 -0.21 0.042 0.977 -0.188 0.092 0.978 -0.166 0.122 0.979 -0.159 0.13 0.979 -0.18 0.116 0.977 -0.213 0.095 0.972 -0.25 0.077 0.965 -0.162 0.087 0.983 0.026 0.112 0.993 0.032 0.113 0.993 0.008 0.12 0.993 -0.073 0.157 0.985 -0.153 0.194 0.969 -0.174 0.208 0.963 -0.171 0.202 0.964 -0.069 0.044 0.997 -0.017 -0.029 0.999 -0.029 0.011 1 -0.035 0.05 0.998 -0.038 0.076 0.996 -0.04 0.065 0.997 -0.048 0.028 0.998 -0.071 -0.021 0.997 -0.101 -0.067 0.993 -0.115 -0.079 0.99 -0.116 -0.081 0.99 -0.109 -0.079 0.991 -0.11 -0.158 0.981 0.012 -0.156 0.988 0.014 -0.144 0.989 0.014 -0.141 0.99 0.002 -0.156 0.988 -0.041 -0.189 0.981 -0.092 -0.216 0.972 -0.139 -0.229 0.963 -0.161 -0.232 0.959 -0.144 -0.234 0.961 -0.107 -0.238 0.965 -0.062 -0.248 0.967 -0.134 -0.203 0.97 -0.306 -0.101 0.947 -0.312 -0.098 0.945 -0.292 -0.126 0.948 -0.239 -0.224 0.945 -0.187 -0.322 0.928 -0.174 -0.353 0.919 -0.173 -0.347 0.922 -0.161 -0.153 0.975 -0.159 -0.068 0.985 -0.176 -0.111 0.978 -0.193 -0.143 0.971 -0.202 -0.158 0.967 -0.186 -0.141 0.972 -0.149 -0.112 0.983 -0.097 -0.085 0.992 -0.046 -0.068 0.997 -0.027 -0.066 0.997 -0.029 -0.065 0.997 -0.04 -0.059 0.997 0.138 0.233 0.963 0.059 0.325 0.944 0.061 0.327 0.943 0.067 0.332 0.941 0.085 0.338 0.937 0.147 0.344 0.927 0.198 0.341 0.919 0.213 0.338 0.917 0.196 0.346 0.918 0.155 0.37 0.916 0.109 0.399 0.911 0.079 0.422 0.903 0.136 0.337 0.932 0.236 0.179 0.955 0.239 0.172 0.956 0.239 0.178 0.955 0.24 0.226 0.944 0.241 0.273 0.931 0.243 0.279 0.929 0.238 0.273 0.932 0.13 0.128 0.983 0.069 0.043 0.997 0.099 0.065 0.993 0.147 0.091 0.985 0.189 0.11 0.976 0.207 0.116 0.971 0.192 0.115 0.975 0.141 0.119 0.983 0.062 0.14 0.988 0.056 0.146 0.988 0.054 0.148 0.988 0.019 -0.063 0.998 0.038 -0.197 0.98 0.05 -0.197 0.979 0.052 -0.196 0.979 0.033 -0.184 0.982 -0.007 -0.142 0.99 -0.043 -0.089 0.995 -0.063 -0.04 0.997 -0.07 -0.014 0.997 -0.07 -0.031 0.997 -0.07 -0.069 0.995 -0.076 -0.117 0.99 -0.035 -0.037 0.999 0.049 0.155 0.987 0.052 0.162 0.985 0.025 0.138 0.99 -0.071 0.073 0.995 -0.169 0.01 0.986 -0.201 -0.005 0.98 -0.194 -0.006 0.981 0.016 -0.003 1 0.106 0.004 0.994 0.059 0.017 0.998 0.024 0.031 0.999 0.008 0.038 0.999 0.029 0.022 0.999 0.067 -0.016 0.998 0.102 -0.069 0.992 0.126 -0.123 0.984 0.129 -0.145 0.981 0.131 -0.143 0.981 0.136 -0.132 0.982 0.044 0.031 0.999 0.135 0.056 0.989 0.134 0.06 0.989 0.133 0.058 0.989 0.129 0.043 0.991 0.107 0.005 0.994 0.079 -0.028 0.996 0.058 -0.046 0.997 0.053 -0.05 0.997 0.073 -0.042 0.996 0.104 -0.033 0.994 0.135 -0.027 0.99 0.065 -0.016 0.998 -0.079 0.001 0.997 -0.085 0.001 0.996 -0.071 -0.007 0.997 -0.022 -0.047 0.999 0.027 -0.089 0.996 0.037 -0.101 0.994 0.036 -0.096 0.995 -0.006 0.044 0.999 -0.029 0.079 0.996 -0.033 0.047 0.998 -0.037 0.026 0.999 -0.034 0.031 0.999 -0.021 0.056 0.998 0.007 0.088 0.996 0.04 0.117 0.992 0.054 0.124 0.991 0.056 0.124 0.991 0.052 0.125 0.991 0.114 -0.111 0.987 0.041 -0.012 0.999 0.032 -0.016 0.999 0.032 -0.017 0.999 0.053 -0.019 0.998 0.105 -0.034 0.994 0.156 -0.06 0.986 0.192 -0.087 0.977 0.207 -0.101 0.973 0.198 -0.086 0.976 0.18 -0.056 0.982 0.163 -0.016 0.986 0.168 -0.099 0.981 0.186 -0.285 0.94 0.186 -0.292 0.938 0.196 -0.264 0.944 0.242 -0.174 0.955 0.287 -0.084 0.954 0.304 -0.058 0.951 0.298 -0.062 0.952 0.137 -0.161 0.977 0.067 -0.207 0.976 0.109 -0.196 0.974 0.144 -0.192 0.971 0.162 -0.19 0.968 0.142 -0.187 0.972 0.098 -0.175 0.98 0.047 -0.15 0.988 0.003 -0.117 0.993 -0.01 -0.101 0.995 -0.011 -0.102 0.995 -0.01 -0.112 0.994 -0.113 0.181 0.977 -0.205 0.165 0.965 -0.204 0.16 0.966 -0.203 0.161 0.966 -0.199 0.175 0.964 -0.174 0.212 0.962 -0.144 0.244 0.959 -0.122 0.259 0.958 -0.119 0.262 0.958 -0.143 0.255 0.956 -0.177 0.246 0.953 -0.211 0.242 0.947 -0.136 0.227 0.964 0.019 0.196 0.98 0.024 0.195 0.98 0.008 0.206 0.978 -0.043 0.253 0.967 -0.092 0.3 0.95 -0.103 0.314 0.944 -0.102 0.309 0.945 -0.065 0.16 0.985 -0.043 0.086 0.995 -0.042 0.121 0.992 -0.036 0.155 0.987 -0.03 0.179 0.983 -0.032 0.175 0.984 -0.047 0.153 0.987 -0.077 0.122 0.99 -0.113 0.095 0.989 -0.126 0.089 0.988 -0.127 0.089 0.988 -0.123 0.088 0.989 -0.433 0.128 0.892 -0.288 0.1 0.952 -0.284 0.115 0.952 -0.284 0.118 0.951 -0.303 0.101 0.948 -0.361 0.067 0.93 -0.428 0.043 0.903 -0.483 0.036 0.875 -0.509 0.036 0.86 -0.49 0.03 0.871 -0.451 0.016 0.892 -0.403 -0.008 0.915 -0.477 0.072 0.876 -0.628 0.234 0.743 -0.632 0.238 0.738 -0.621 0.199 0.758 -0.591 0.065 0.804 -0.553 -0.073 0.83 -0.543 -0.118 0.831 -0.542 -0.11 0.833 -0.495 0.144 0.857 -0.469 0.257 0.845 -0.499 0.206 0.842 -0.525 0.168 0.834 -0.538 0.149 0.83 -0.516 0.169 0.84 -0.467 0.201 0.861 -0.401 0.225 0.888 -0.336 0.234 0.912 -0.312 0.23 0.922 -0.314 0.233 0.92 -0.324 0.242 0.914 -0.003 0.125 0.992 -0.027 0.263 0.964 -0.034 0.262 0.965 -0.032 0.261 0.965 -0.011 0.253 0.967 0.045 0.216 0.975 0.092 0.17 0.981 0.116 0.135 0.984 0.12 0.127 0.984 0.112 0.161 0.981 0.102 0.209 0.973 0.097 0.258 0.961 0.07 0.152 0.986 0.02 -0.074 0.997 0.019 -0.082 0.996 0.036 -0.059 0.998 0.108 0.016 0.994 0.181 0.088 0.98 0.203 0.105 0.974 0.195 0.103 0.975 -0.029 0.051 0.998 -0.137 0.021 0.99 -0.087 0.018 0.996 -0.038 0.009 0.999 -0.004 0.001 1 -0.048 0.029 0.998 -0.094 0.075 0.993 -0.134 0.129 0.983 -0.142 0.15 0.978 -0.143 0.152 0.978 -0.144 0.144 0.979 -0.218 -0.017 0.976 -0.27 -0.126 0.955 -0.264 -0.129 0.956 -0.264 -0.128 0.956 -0.274 -0.111 0.955 -0.291 -0.057 0.955 -0.298 -0.001 0.955 -0.294 0.038 0.955 -0.292 0.049 0.955 -0.303 0.025 0.953 -0.321 -0.011 0.947 -0.344 -0.047 0.938 -0.273 0.009 0.962 -0.121 0.132 0.984 -0.116 0.136 0.984 -0.141 0.13 0.982 -0.232 0.118 0.966 -0.32 0.108 0.941 -0.345 0.109 0.932 -0.339 0.106 0.935 -0.169 0.021 0.985 -0.084 -0.016 0.996 -0.116 0.013 0.993 -0.142 0.044 0.989 -0.158 0.065 0.985 -0.154 0.055 0.987 -0.142 0.017 0.99 -0.136 -0.039 0.99 -0.139 -0.095 0.986 -0.144 -0.114 0.983 -0.144 -0.115 0.983 -0.139 -0.111 0.984 -0.097 -0.181 0.979 0.01 -0.114 0.993 0.005 -0.103 0.995 0.003 -0.1 0.995 0 -0.12 0.993 -0.019 -0.172 0.985 -0.05 -0.223 0.974 -0.083 -0.259 0.962 -0.101 -0.275 0.956 -0.085 -0.267 0.96 -0.051 -0.251 0.967 -0.005 -0.236 0.972 -0.093 -0.234 0.968 -0.297 -0.235 0.925 -0.304 -0.235 0.923 -0.272 -0.25 0.929 -0.173 -0.309 0.935 -0.073 -0.367 0.927 -0.045 -0.388 0.92 -0.048 -0.382 0.923 -0.144 -0.203 0.968 -0.189 -0.127 0.974 -0.18 -0.174 0.968 -0.178 -0.212 0.961 -0.177 -0.23 0.957 -0.172 -0.207 0.963 -0.156 -0.16 0.975 -0.126 -0.109 0.986 -0.089 -0.067 0.994 -0.073 -0.055 0.996 -0.076 -0.055 0.996 -0.089 -0.055 0.994 -0.083 0.298 0.951 -0.199 0.336 0.92 -0.199 0.339 0.92 -0.195 0.346 0.918 -0.183 0.361 0.914 -0.13 0.399 0.908 -0.083 0.423 0.902 -0.068 0.428 0.901 -0.087 0.426 0.9 -0.136 0.426 0.895 -0.191 0.426 0.884 -0.229 0.431 0.873 -0.136 0.387 0.912 0.033 0.301 0.953 0.04 0.297 0.954 0.036 0.302 0.953 0.012 0.345 0.939 -0.01 0.387 0.922 -0.012 0.392 0.92 -0.013 0.385 0.923 -0.036 0.201 0.979 -0.046 0.093 0.995 -0.031 0.129 0.991 -0.001 0.177 0.984 0.027 0.217 0.976 0.039 0.231 0.972 0.026 0.222 0.975 -0.022 0.199 0.98 -0.084 0.177 0.981 -0.104 0.176 0.979 -0.111 0.177 0.978 -0.114 0.179 0.977 -0.034 -0.028 0.999 0.055 -0.137 0.989 0.066 -0.131 0.989 0.067 -0.129 0.989 0.044 -0.128 0.991 -0.015 -0.112 0.994 -0.075 -0.084 0.994 -0.12 -0.051 0.992 -0.139 -0.032 0.99 -0.13 -0.047 0.99 -0.11 -0.081 0.991 -0.09 -0.127 0.988 -0.097 -0.033 0.995 -0.122 0.182 0.976 -0.124 0.19 0.974 -0.135 0.154 0.979 -0.186 0.045 0.981 -0.238 -0.063 0.969 -0.258 -0.094 0.961 -0.252 -0.091 0.964 -0.069 0.024 0.997 0.007 0.078 0.997 -0.041 0.065 0.997 -0.08 0.059 0.995 -0.098 0.057 0.994 -0.071 0.053 0.996 -0.017 0.04 0.999 0.043 0.011 0.999 0.093 -0.024 0.995 0.108 -0.042 0.993 0.109 -0.039 0.993 0.107 -0.027 0.994 -0.062 0.069 0.996 0.006 0.14 0.99 0.003 0.143 0.99 0.003 0.141 0.99 0.007 0.125 0.992 0.008 0.079 0.997 0.001 0.036 0.999 -0.009 0.009 1 -0.011 0.003 1 0.003 0.02 1 0.025 0.045 0.999 0.05 0.066 0.997 -0.018 0.039 0.999 -0.161 -0.026 0.987 -0.144 -0.026 0.989 -0.079 -0.035 0.996 -0.014 -0.046 0.999 0.003 -0.052 0.999 -0.002 -0.048 0.999 -0.114 0.054 0.992 -0.169 0.101 0.98 -0.152 0.073 0.986 -0.139 0.042 0.989 -0.131 0.022 0.991 -0.132 0.028 0.991 -0.133 0.057 0.99 -0.125 0.1 0.987 -0.11 0.144 0.983 -0.101 0.157 0.982 -0.1 0.159 0.982 -0.104 0.157 0.982 0.076 -0.02 0.997 -0.042 0.03 0.999 -0.048 0.021 0.999 -0.047 0.02 0.999 -0.028 0.03 0.999 0.027 0.044 0.999 0.087 0.049 0.995 0.134 0.043 0.99 0.155 0.038 0.987 0.138 0.047 0.989 0.106 0.065 0.992 0.069 0.091 0.993 0.119 0.02 0.993 0.235 -0.137 0.962 0.24 -0.142 0.96 0.233 -0.112 0.966 0.225 -0.008 0.974 0.218 0.096 0.971 0.219 0.128 0.967 0.216 0.121 0.969 0.124 -0.052 0.991 0.086 -0.13 0.988 0.118 -0.098 0.988 0.147 -0.076 0.986 0.162 -0.064 0.985 0.142 -0.073 0.987 0.097 -0.085 0.992 0.037 -0.09 0.995 -0.02 -0.084 0.996 -0.04 -0.077 0.996 -0.04 -0.079 0.996 -0.034 -0.087 0.996 0.129 -0.072 0.989 -0.012 -0.058 0.998 -0.013 -0.067 0.998 -0.012 -0.067 0.998 0.003 -0.05 0.999 0.059 -0.01 0.998 0.118 0.02 0.993 0.16 0.033 0.987 0.171 0.036 0.985 0.139 0.037 0.99 0.089 0.04 0.995 0.037 0.051 0.998 0.126 -0.003 0.992 0.322 -0.11 0.94 0.33 -0.113 0.937 0.314 -0.09 0.945 0.267 0.001 0.964 0.22 0.094 0.971 0.211 0.122 0.97 0.21 0.114 0.971 0.182 -0.114 0.977 0.172 -0.216 0.961 0.194 -0.169 0.966 0.221 -0.126 0.967 0.239 -0.099 0.966 0.23 -0.107 0.967 0.196 -0.134 0.971 0.137 -0.165 0.977 0.072 -0.186 0.98 0.049 -0.188 0.981 0.048 -0.189 0.981 0.056 -0.193 0.98 -0.041 0.012 0.999 0.07 -0.085 0.994 0.084 -0.076 0.994 0.087 -0.072 0.994 0.064 -0.074 0.995 0.001 -0.065 0.998 -0.067 -0.044 0.997 -0.121 -0.014 0.993 -0.148 0.006 0.989 -0.138 -0.007 0.99 -0.112 -0.038 0.993 -0.081 -0.086 0.993 -0.101 0.006 0.995 -0.162 0.23 0.96 -0.165 0.237 0.957 -0.172 0.196 0.965 -0.213 0.067 0.975 -0.254 -0.061 0.965 -0.272 -0.099 0.957 -0.266 -0.095 0.959 -0.087 0.052 0.995 -0.017 0.116 0.993 -0.069 0.094 0.993 -0.109 0.084 0.991 -0.124 0.079 0.989 -0.091 0.08 0.993 -0.03 0.073 0.997 0.038 0.051 0.998 0.094 0.022 0.995 0.112 0.007 0.994 0.111 0.012 0.994 0.106 0.027 0.994 -0.071 -0.056 0.996 -0.061 0.048 0.997 -0.063 0.048 0.997 -0.06 0.047 0.997 -0.045 0.039 0.998 -0.009 0.003 1 0.018 -0.033 0.999 0.029 -0.054 0.998 0.029 -0.052 0.998 0.025 -0.021 0.999 0.023 0.019 1 0.026 0.053 0.998 -0.007 -0.026 1 -0.066 -0.178 0.982 -0.068 -0.184 0.981 -0.058 -0.174 0.983 -0.01 -0.138 0.99 0.039 -0.103 0.994 0.051 -0.096 0.994 0.045 -0.097 0.994 -0.118 -0.107 0.987 -0.202 -0.114 0.973 -0.169 -0.122 0.978 -0.133 -0.137 0.982 -0.104 -0.149 0.983 -0.102 -0.15 0.983 -0.119 -0.134 0.984 -0.146 -0.096 0.985 -0.168 -0.051 0.984 -0.171 -0.035 0.985 -0.171 -0.031 0.985 -0.172 -0.033 0.985 0.181 -0.033 0.983 0.137 -0.104 0.985 0.144 -0.109 0.984 0.146 -0.11 0.983 0.141 -0.098 0.985 0.136 -0.06 0.989 0.138 -0.021 0.99 0.144 0.01 0.989 0.149 0.022 0.989 0.14 0.01 0.99 0.125 -0.013 0.992 0.103 -0.038 0.994 0.157 -0.009 0.988 0.277 0.067 0.959 0.28 0.07 0.957 0.258 0.067 0.964 0.183 0.068 0.981 0.107 0.07 0.992 0.084 0.075 0.994 0.087 0.072 0.994 0.206 -0.01 0.979 0.257 -0.042 0.965 0.237 -0.016 0.971 0.223 0.008 0.975 0.215 0.021 0.976 0.219 0.008 0.976 0.224 -0.023 0.974 0.223 -0.063 0.973 0.215 -0.1 0.971 0.21 -0.111 0.971 0.212 -0.11 0.971 0.219 -0.106 0.97 0.032 -0.241 0.97 0.137 -0.216 0.967 0.137 -0.202 0.97 0.137 -0.197 0.971 0.128 -0.211 0.969 0.096 -0.245 0.965 0.054 -0.277 0.959 0.012 -0.297 0.955 -0.012 -0.305 0.952 0.001 -0.304 0.953 0.034 -0.301 0.953 0.079 -0.302 0.95 0.012 -0.276 0.961 -0.164 -0.215 0.963 -0.17 -0.214 0.962 -0.145 -0.238 0.96 -0.078 -0.321 0.944 -0.013 -0.403 0.915 0.004 -0.431 0.902 0.004 -0.426 0.905 -0.008 -0.251 0.968 -0.018 -0.18 0.983 -0.028 -0.224 0.974 -0.039 -0.253 0.967 -0.044 -0.265 0.963 -0.03 -0.245 0.969 0.002 -0.211 0.978 0.043 -0.179 0.983 0.085 -0.156 0.984 0.1 -0.151 0.983 0.095 -0.15 0.984 0.082 -0.146 0.986 0.279 0.122 0.953 0.203 0.166 0.965 0.196 0.156 0.968 0.194 0.153 0.969 0.206 0.157 0.966 0.243 0.163 0.956 0.285 0.161 0.945 0.321 0.151 0.935 0.339 0.143 0.93 0.329 0.151 0.932 0.308 0.168 0.937 0.28 0.194 0.94 0.31 0.134 0.941 0.386 -0.008 0.922 0.389 -0.012 0.921 0.386 0.019 0.922 0.387 0.115 0.915 0.388 0.21 0.897 0.392 0.239 0.888 0.389 0.236 0.89 0.31 0.105 0.945 0.278 0.048 0.959 0.306 0.072 0.949 0.329 0.087 0.94 0.338 0.093 0.936 0.32 0.088 0.943 0.284 0.082 0.955 0.242 0.084 0.967 0.205 0.092 0.974 0.193 0.098 0.976 0.195 0.094 0.976 0.202 0.084 0.976 -0.003 0.04 0.999 -0.04 -0.073 0.997 -0.033 -0.076 0.997 -0.032 -0.075 0.997 -0.043 -0.059 0.997 -0.061 -0.009 0.998 -0.071 0.044 0.996 -0.071 0.086 0.994 -0.069 0.103 0.992 -0.076 0.085 0.993 -0.09 0.052 0.995 -0.11 0.017 0.994 -0.048 0.07 0.996 0.084 0.194 0.977 0.089 0.199 0.976 0.063 0.19 0.98 -0.028 0.173 0.985 -0.119 0.157 0.98 -0.146 0.156 0.977 -0.14 0.153 0.978 0.028 0.084 0.996 0.105 0.056 0.993 0.073 0.082 0.994 0.049 0.108 0.993 0.036 0.122 0.992 0.044 0.107 0.993 0.059 0.068 0.996 0.069 0.015 0.998 0.069 -0.038 0.997 0.065 -0.057 0.996 0.066 -0.058 0.996 0.071 -0.052 0.996 0.12 0.06 0.991 0.207 0.039 0.977 0.208 0.042 0.977 0.206 0.04 0.978 0.196 0.029 0.98 0.161 0.006 0.987 0.124 -0.011 0.992 0.1 -0.016 0.995 0.097 -0.017 0.995 0.119 -0.02 0.993 0.15 -0.025 0.988 0.179 -0.033 0.983 0.123 0.007 0.992 0.006 0.083 0.997 0.001 0.087 0.996 0.009 0.075 0.997 0.033 0.022 0.999 0.055 -0.031 0.998 0.058 -0.045 0.997 0.059 -0.039 0.997 0.083 0.099 0.992 0.091 0.167 0.982 0.078 0.14 0.987 0.061 0.114 0.992 0.047 0.096 0.994 0.05 0.098 0.994 0.071 0.112 0.991 0.108 0.127 0.986 0.149 0.137 0.979 0.164 0.137 0.977 0.167 0.137 0.976 0.164 0.138 0.977</float_array><technique_common><accessor source="#ROW_09_SEG5_foliage-nrm-a" count="5706" stride="3"><param name="X" type="float"/><param name="Y" type="float"/><param name="Z" type="float"/></accessor></technique_common></source>
        <vertices id="ROW_09_SEG5_foliage-vtx"><input semantic="POSITION" source="#ROW_09_SEG5_foliage-pos"/></vertices>
        <triangles count="1200" material="MAT_COTTON_LEAF_5-mat"><input semantic="VERTEX" source="#ROW_09_SEG5_foliage-vtx" offset="0"/><input semantic="NORMAL" source="#ROW_09_SEG5_foliage-nrm" offset="1"/><p>0 0 1 1 2 2 0 0 2 2 3 3 0 0 3 3 4 4 0 0 4 4 5 5 0 0 5 5 6 6 0 0 6 6 7 7 0 0 7 7 8 8 0 0 8 8 9 9 0 0 9 9 10 10 0 0 10 10 11 11 0 0 11 11 12 12 0 0 12 12 13 13 0 0 13 13 14 14 0 0 14 14 15 15 0 0 15 15 16 16 0 0 16 16 17 17 0 0 17 17 18 18 0 0 18 18 19 19 0 0 19 19 20 20 0 0 20 20 21 21 0 0 21 21 22 22 0 0 22 22 23 23 0 0 23 23 24 24 0 0 24 24 25 25 0 0 25 25 26 26 0 0 26 26 27 27 0 0 27 27 28 28 0 0 28 28 29 29 0 0 29 29 30 30 0 0 30 30 31 31 32 32 33 33 34 34 32 32 34 34 35 35 32 32 35 35 36 36 32 32 36 36 37 37 32 32 37 37 38 38 32 32 38 38 39 39 32 32 39 39 40 40 32 32 40 40 41 41 32 32 41 41 42 42 32 32 42 42 43 43 32 32 43 43 44 44 32 32 44 44 45 45 32 32 45 45 46 46 32 32 46 46 47 47 32 32 47 47 48 48 32 32 48 48 49 49 32 32 49 49 50 50 32 32 50 50 51 51 32 32 51 51 52 52 32 32 52 52 53 53 32 32 53 53 54 54 32 32 54 54 55 55 32 32 55 55 56 56 32 32 56 56 57 57 32 32 57 57 58 58 32 32 58 58 59 59 32 32 59 59 60 60 32 32 60 60 61 61 32 32 61 61 62 62 32 32 62 62 63 63 64 64 65 65 66 66 64 64 66 66 67 67 64 64 67 67 68 68 64 64 68 68 69 69 64 64 69 69 70 70 64 64 70 70 71 71 64 64 71 71 72 72 64 64 72 72 73 73 64 64 73 73 74 74 64 64 74 74 75 75 64 64 75 75 76 76 64 64 76 76 77 77 64 64 77 77 78 78 64 64 78 78 79 79 64 64 79 79 80 80 64 64 80 80 81 81 64 64 81 81 82 82 64 64 82 82 83 83 64 64 83 83 84 84 64 64 84 84 85 85 64 64 85 85 86 86 64 64 86 86 87 87 64 64 87 87 88 88 64 64 88 88 89 89 64 64 89 89 90 90 64 64 90 90 91 91 64 64 91 91 92 92 64 64 92 92 93 93 64 64 93 93 94 94 64 64 94 94 95 95 96 96 97 97 98 98 96 96 98 98 99 99 96 96 99 99 100 100 96 96 100 100 101 101 96 96 101 101 102 102 96 96 102 102 103 103 96 96 103 103 104 104 96 96 104 104 105 105 96 96 105 105 106 106 96 96 106 106 107 107 96 96 107 107 108 108 96 96 108 108 109 109 96 96 109 109 110 110 96 96 110 110 111 111 96 96 111 111 112 112 96 96 112 112 113 113 96 96 113 113 114 114 96 96 114 114 115 115 96 96 115 115 116 116 96 96 116 116 117 117 96 96 117 117 118 118 96 96 118 118 119 119 96 96 119 119 120 120 96 96 120 120 121 121 96 96 121 121 122 122 96 96 122 122 123 123 96 96 123 123 124 124 96 96 124 124 125 125 96 96 125 125 126 126 96 96 126 126 127 127 128 128 129 129 130 130 128 128 130 130 131 131 128 128 131 131 132 132 128 128 132 132 133 133 128 128 133 133 134 134 128 128 134 134 135 135 128 128 135 135 136 136 128 128 136 136 137 137 128 128 137 137 138 138 128 128 138 138 139 139 128 128 139 139 140 140 128 128 140 140 141 141 128 128 141 141 142 142 128 128 142 142 143 143 128 128 143 143 144 144 128 128 144 144 145 145 128 128 145 145 146 146 128 128 146 146 147 147 128 128 147 147 148 148 128 128 148 148 149 149 128 128 149 149 150 150 128 128 150 150 151 151 128 128 151 151 152 152 128 128 152 152 153 153 128 128 153 153 154 154 128 128 154 154 155 155 128 128 155 155 156 156 128 128 156 156 157 157 128 128 157 157 158 158 128 128 158 158 159 159 160 160 161 161 162 162 160 160 162 162 163 163 160 160 163 163 164 164 160 160 164 164 165 165 160 160 165 165 166 166 160 160 166 166 167 167 160 160 167 167 168 168 160 160 168 168 169 169 160 160 169 169 170 170 160 160 170 170 171 171 160 160 171 171 172 172 160 160 172 172 173 173 160 160 173 173 174 174 160 160 174 174 175 175 160 160 175 175 176 176 160 160 176 176 177 177 160 160 177 177 178 178 160 160 178 178 179 179 160 160 179 179 180 180 160 160 180 180 181 181 160 160 181 181 182 182 160 160 182 182 183 183 160 160 183 183 184 184 160 160 184 184 185 185 160 160 185 185 186 186 160 160 186 186 187 187 160 160 187 187 188 188 160 160 188 188 189 189 160 160 189 189 190 190 160 160 190 190 191 191 192 192 193 193 194 194 192 192 194 194 195 195 192 192 195 195 196 196 192 192 196 196 197 197 192 192 197 197 198 198 192 192 198 198 199 199 192 192 199 199 200 200 192 192 200 200 201 201 192 192 201 201 202 202 192 192 202 202 203 203 192 192 203 203 204 204 192 192 204 204 205 205 192 192 205 205 206 206 192 192 206 206 207 207 192 192 207 207 208 208 192 192 208 208 209 209 192 192 209 209 210 210 192 192 210 210 211 211 192 192 211 211 212 212 192 192 212 212 213 213 192 192 213 213 214 214 192 192 214 214 215 215 192 192 215 215 216 216 192 192 216 216 217 217 192 192 217 217 218 218 192 192 218 218 219 219 192 192 219 219 220 220 192 192 220 220 221 221 192 192 221 221 222 222 192 192 222 222 223 223 224 224 225 225 226 226 224 224 226 226 227 227 224 224 227 227 228 228 224 224 228 228 229 229 224 224 229 229 230 230 224 224 230 230 231 231 224 224 231 231 232 232 224 224 232 232 233 233 224 224 233 233 234 234 224 224 234 234 235 235 224 224 235 235 236 236 224 224 236 236 237 237 224 224 237 237 238 238 224 224 238 238 239 239 224 224 239 239 240 240 224 224 240 240 241 241 224 224 241 241 242 242 224 224 242 242 243 243 224 224 243 243 244 244 224 224 244 244 245 245 224 224 245 245 246 246 224 224 246 246 247 247 224 224 247 247 248 248 224 224 248 248 249 249 224 224 249 249 250 250 224 224 250 250 251 251 224 224 251 251 252 252 224 224 252 252 253 253 224 224 253 253 254 254 224 224 254 254 255 255 256 256 257 257 258 258 256 256 258 258 259 259 256 256 259 259 260 260 256 256 260 260 261 261 256 256 261 261 262 262 256 256 262 262 263 263 256 256 263 263 264 264 256 256 264 264 265 265 256 256 265 265 266 266 256 256 266 266 267 267 256 256 267 267 268 268 256 256 268 268 269 269 256 256 269 269 270 270 256 256 270 270 271 271 256 256 271 271 272 272 256 256 272 272 273 273 256 256 273 273 274 274 256 256 274 274 275 275 256 256 275 275 276 276 256 256 276 276 277 277 256 256 277 277 278 278 256 256 278 278 279 279 256 256 279 279 280 280 256 256 280 280 281 281 256 256 281 281 282 282 256 256 282 282 283 283 256 256 283 283 284 284 256 256 284 284 285 285 256 256 285 285 286 286 256 256 286 286 287 287 288 288 289 289 290 290 288 288 290 290 291 291 288 288 291 291 292 292 288 288 292 292 293 293 288 288 293 293 294 294 288 288 294 294 295 295 288 288 295 295 296 296 288 288 296 296 297 297 288 288 297 297 298 298 288 288 298 298 299 299 288 288 299 299 300 300 288 288 300 300 301 301 288 288 301 301 302 302 288 288 302 302 303 303 288 288 303 303 304 304 288 288 304 304 305 305 288 288 305 305 306 306 288 288 306 306 307 307 288 288 307 307 308 308 288 288 308 308 309 309 288 288 309 309 310 310 288 288 310 310 311 311 288 288 311 311 312 312 288 288 312 312 313 313 288 288 313 313 314 314 288 288 314 314 315 315 288 288 315 315 316 316 288 288 316 316 317 317 288 288 317 317 318 318 288 288 318 318 319 319 320 320 321 321 322 322 320 320 322 322 323 323 320 320 323 323 324 324 320 320 324 324 325 325 320 320 325 325 326 326 320 320 326 326 327 327 320 320 327 327 328 328 320 320 328 328 329 329 320 320 329 329 330 330 320 320 330 330 331 331 320 320 331 331 332 332 320 320 332 332 333 333 320 320 333 333 334 334 320 320 334 334 335 335 320 320 335 335 336 336 320 320 336 336 337 337 320 320 337 337 338 338 320 320 338 338 339 339 320 320 339 339 340 340 320 320 340 340 341 341 320 320 341 341 342 342 320 320 342 342 343 343 320 320 343 343 344 344 320 320 344 344 345 345 320 320 345 345 346 346 320 320 346 346 347 347 320 320 347 347 348 348 320 320 348 348 349 349 320 320 349 349 350 350 320 320 350 350 351 351 352 352 353 353 354 354 352 352 354 354 355 355 352 352 355 355 356 356 352 352 356 356 357 357 352 352 357 357 358 358 352 352 358 358 359 359 352 352 359 359 360 360 352 352 360 360 361 361 352 352 361 361 362 362 352 352 362 362 363 363 352 352 363 363 364 364 352 352 364 364 365 365 352 352 365 365 366 366 352 352 366 366 367 367 352 352 367 367 368 368 352 352 368 368 369 369 352 352 369 369 370 370 352 352 370 370 371 371 352 352 371 371 372 372 352 352 372 372 373 373 352 352 373 373 374 374 352 352 374 374 375 375 352 352 375 375 376 376 352 352 376 376 377 377 352 352 377 377 378 378 352 352 378 378 379 379 352 352 379 379 380 380 352 352 380 380 381 381 352 352 381 381 382 382 352 352 382 382 383 383 384 384 385 385 386 386 384 384 386 386 387 387 384 384 387 387 388 388 384 384 388 388 389 389 384 384 389 389 390 390 384 384 390 390 391 391 384 384 391 391 392 392 384 384 392 392 393 393 384 384 393 393 394 394 384 384 394 394 395 395 384 384 395 395 396 396 384 384 396 396 397 397 384 384 397 397 398 398 384 384 398 398 399 399 384 384 399 399 400 400 384 384 400 400 401 401 384 384 401 401 402 402 384 384 402 402 403 403 384 384 403 403 404 404 384 384 404 404 405 405 384 384 405 405 406 406 384 384 406 406 407 407 384 384 407 407 408 408 384 384 408 408 409 409 384 384 409 409 410 410 384 384 410 410 411 411 384 384 411 411 412 412 384 384 412 412 413 413 384 384 413 413 414 414 384 384 414 414 415 415 416 416 417 417 418 418 416 416 418 418 419 419 416 416 419 419 420 420 416 416 420 420 421 421 416 416 421 421 422 422 416 416 422 422 423 423 416 416 423 423 424 424 416 416 424 424 425 425 416 416 425 425 426 426 416 416 426 426 427 427 416 416 427 427 428 428 416 416 428 428 429 429 416 416 429 429 430 430 416 416 430 430 431 431 416 416 431 431 432 432 416 416 432 432 433 433 416 416 433 433 434 434 416 416 434 434 435 435 416 416 435 435 436 436 416 416 436 436 437 437 416 416 437 437 438 438 416 416 438 438 439 439 416 416 439 439 440 440 416 416 440 440 441 441 416 416 441 441 442 442 416 416 442 442 443 443 416 416 443 443 444 444 416 416 444 444 445 445 416 416 445 445 446 446 416 416 446 446 447 447 448 448 449 449 450 450 448 448 450 450 451 451 448 448 451 451 452 452 448 448 452 452 453 453 448 448 453 453 454 63 448 448 454 63 455 454 448 448 455 454 456 455 448 448 456 455 457 456 448 448 457 456 458 457 448 448 458 457 459 458 448 448 459 458 460 459 448 448 460 459 461 460 448 448 461 460 462 461 448 448 462 461 463 462 448 448 463 462 464 463 448 448 464 463 465 464 448 448 465 464 466 465 448 448 466 465 467 466 448 448 467 466 468 467 448 448 468 467 469 468 448 448 469 468 470 469 448 448 470 469 471 470 448 448 471 470 472 471 448 448 472 471 473 472 448 448 473 472 474 473 448 448 474 473 475 474 448 448 475 474 476 475 448 448 476 475 477 476 448 448 477 476 478 477 448 448 478 477 479 478 480 479 481 480 482 481 480 479 482 481 483 482 480 479 483 482 484 483 480 479 484 483 485 484 480 479 485 484 486 485 480 479 486 485 487 486 480 479 487 486 488 487 480 479 488 487 489 488 480 479 489 488 490 489 480 479 490 489 491 490 480 479 491 490 492 491 480 479 492 491 493 492 480 479 493 492 494 493 480 479 494 493 495 494 480 479 495 494 496 495 480 479 496 495 497 496 480 479 497 496 498 497 480 479 498 497 499 498 480 479 499 498 500 499 480 479 500 499 501 500 480 479 501 500 502 501 480 479 502 501 503 502 480 479 503 502 504 503 480 479 504 503 505 504 480 479 505 504 506 505 480 479 506 505 507 506 480 479 507 506 508 507 480 479 508 507 509 508 480 479 509 508 510 509 480 479 510 509 511 510 512 511 513 512 514 513 512 511 514 513 515 514 512 511 515 514 516 515 512 511 516 515 517 516 512 511 517 516 518 517 512 511 518 517 519 518 512 511 519 518 520 519 512 511 520 519 521 520 512 511 521 520 522 521 512 511 522 521 523 522 512 511 523 522 524 523 512 511 524 523 525 524 512 511 525 524 526 525 512 511 526 525 527 526 512 511 527 526 528 527 512 511 528 527 529 528 512 511 529 528 530 529 512 511 530 529 531 530 512 511 531 530 532 531 512 511 532 531 533 532 512 511 533 532 534 533 512 511 534 533 535 534 512 511 535 534 536 535 512 511 536 535 537 536 512 511 537 536 538 537 512 511 538 537 539 538 512 511 539 538 540 539 512 511 540 539 541 540 512 511 541 540 542 541 512 511 542 541 543 542 544 543 545 544 546 545 544 543 546 545 547 546 544 543 547 546 548 547 544 543 548 547 549 548 544 543 549 548 550 549 544 543 550 549 551 550 544 543 551 550 552 551 544 543 552 551 553 552 544 543 553 552 554 553 544 543 554 553 555 554 544 543 555 554 556 555 544 543 556 555 557 556 544 543 557 556 558 557 544 543 558 557 559 558 544 543 559 558 560 559 544 543 560 559 561 560 544 543 561 560 562 561 544 543 562 561 563 562 544 543 563 562 564 563 544 543 564 563 565 564 544 543 565 564 566 565 544 543 566 565 567 566 544 543 567 566 568 567 544 543 568 567 569 568 544 543 569 568 570 569 544 543 570 569 571 570 544 543 571 570 572 571 544 543 572 571 573 572 544 543 573 572 574 573 544 543 574 573 575 574 576 575 577 576 578 577 576 575 578 577 579 578 576 575 579 578 580 579 576 575 580 579 581 580 576 575 581 580 582 581 576 575 582 581 583 582 576 575 583 582 584 583 576 575 584 583 585 584 576 575 585 584 586 585 576 575 586 585 587 586 576 575 587 586 588 587 576 575 588 587 589 588 576 575 589 588 590 589 576 575 590 589 591 590 576 575 591 590 592 591 576 575 592 591 593 592 576 575 593 592 594 593 576 575 594 593 595 594 576 575 595 594 596 595 576 575 596 595 597 596 576 575 597 596 598 597 576 575 598 597 599 598 576 575 599 598 600 599 576 575 600 599 601 600 576 575 601 600 602 601 576 575 602 601 603 602 576 575 603 602 604 603 576 575 604 603 605 604 576 575 605 604 606 605 576 575 606 605 607 606 608 607 609 608 610 609 608 607 610 609 611 610 608 607 611 610 612 611 608 607 612 611 613 612 608 607 613 612 614 613 608 607 614 613 615 614 608 607 615 614 616 615 608 607 616 615 617 616 608 607 617 616 618 617 608 607 618 617 619 618 608 607 619 618 620 619 608 607 620 619 621 620 608 607 621 620 622 621 608 607 622 621 623 622 608 607 623 622 624 623 608 607 624 623 625 624 608 607 625 624 626 625 608 607 626 625 627 626 608 607 627 626 628 627 608 607 628 627 629 628 608 607 629 628 630 629 608 607 630 629 631 630 608 607 631 630 632 631 608 607 632 631 633 632 608 607 633 632 634 633 608 607 634 633 635 634 608 607 635 634 636 635 608 607 636 635 637 636 608 607 637 636 638 637 608 607 638 637 639 638 0 2853 2 2855 1 2854 0 2853 3 2856 2 2855 0 2853 4 2857 3 2856 0 2853 5 2858 4 2857 0 2853 6 2859 5 2858 0 2853 7 2860 6 2859 0 2853 8 2861 7 2860 0 2853 9 2862 8 2861 0 2853 10 2863 9 2862 0 2853 11 2864 10 2863 0 2853 12 2865 11 2864 0 2853 13 2866 12 2865 0 2853 14 2867 13 2866 0 2853 15 2868 14 2867 0 2853 16 2869 15 2868 0 2853 17 2870 16 2869 0 2853 18 2871 17 2870 0 2853 19 2872 18 2871 0 2853 20 2873 19 2872 0 2853 21 2874 20 2873 0 2853 22 2875 21 2874 0 2853 23 2876 22 2875 0 2853 24 2877 23 2876 0 2853 25 2878 24 2877 0 2853 26 2879 25 2878 0 2853 27 2880 26 2879 0 2853 28 2881 27 2880 0 2853 29 2882 28 2881 0 2853 30 2883 29 2882 0 2853 31 2884 30 2883 32 2885 34 2887 33 2886 32 2885 35 2888 34 2887 32 2885 36 2889 35 2888 32 2885 37 2890 36 2889 32 2885 38 2891 37 2890 32 2885 39 2892 38 2891 32 2885 40 2893 39 2892 32 2885 41 2894 40 2893 32 2885 42 2895 41 2894 32 2885 43 2896 42 2895 32 2885 44 2897 43 2896 32 2885 45 2898 44 2897 32 2885 46 2899 45 2898 32 2885 47 2900 46 2899 32 2885 48 2901 47 2900 32 2885 49 2902 48 2901 32 2885 50 2903 49 2902 32 2885 51 2904 50 2903 32 2885 52 2905 51 2904 32 2885 53 2906 52 2905 32 2885 54 2907 53 2906 32 2885 55 2908 54 2907 32 2885 56 2909 55 2908 32 2885 57 2910 56 2909 32 2885 58 2911 57 2910 32 2885 59 2912 58 2911 32 2885 60 2913 59 2912 32 2885 61 2914 60 2913 32 2885 62 2915 61 2914 32 2885 63 2916 62 2915 64 2917 66 2919 65 2918 64 2917 67 2920 66 2919 64 2917 68 2921 67 2920 64 2917 69 2922 68 2921 64 2917 70 2923 69 2922 64 2917 71 2924 70 2923 64 2917 72 2925 71 2924 64 2917 73 2926 72 2925 64 2917 74 2927 73 2926 64 2917 75 2928 74 2927 64 2917 76 2929 75 2928 64 2917 77 2930 76 2929 64 2917 78 2931 77 2930 64 2917 79 2932 78 2931 64 2917 80 2933 79 2932 64 2917 81 2934 80 2933 64 2917 82 2935 81 2934 64 2917 83 2936 82 2935 64 2917 84 2937 83 2936 64 2917 85 2938 84 2937 64 2917 86 2939 85 2938 64 2917 87 2940 86 2939 64 2917 88 2941 87 2940 64 2917 89 2942 88 2941 64 2917 90 2943 89 2942 64 2917 91 2944 90 2943 64 2917 92 2945 91 2944 64 2917 93 2946 92 2945 64 2917 94 2947 93 2946 64 2917 95 2948 94 2947 96 2949 98 2951 97 2950 96 2949 99 2952 98 2951 96 2949 100 2953 99 2952 96 2949 101 2954 100 2953 96 2949 102 2955 101 2954 96 2949 103 2956 102 2955 96 2949 104 2957 103 2956 96 2949 105 2958 104 2957 96 2949 106 2959 105 2958 96 2949 107 2960 106 2959 96 2949 108 2961 107 2960 96 2949 109 2962 108 2961 96 2949 110 2963 109 2962 96 2949 111 2964 110 2963 96 2949 112 2965 111 2964 96 2949 113 2966 112 2965 96 2949 114 2967 113 2966 96 2949 115 2968 114 2967 96 2949 116 2969 115 2968 96 2949 117 2970 116 2969 96 2949 118 2971 117 2970 96 2949 119 2972 118 2971 96 2949 120 2973 119 2972 96 2949 121 2974 120 2973 96 2949 122 2975 121 2974 96 2949 123 2976 122 2975 96 2949 124 2977 123 2976 96 2949 125 2978 124 2977 96 2949 126 2979 125 2978 96 2949 127 2980 126 2979 128 2981 130 2983 129 2982 128 2981 131 2984 130 2983 128 2981 132 2985 131 2984 128 2981 133 2986 132 2985 128 2981 134 2987 133 2986 128 2981 135 2988 134 2987 128 2981 136 2989 135 2988 128 2981 137 2990 136 2989 128 2981 138 2991 137 2990 128 2981 139 2992 138 2991 128 2981 140 2993 139 2992 128 2981 141 2994 140 2993 128 2981 142 2995 141 2994 128 2981 143 2996 142 2995 128 2981 144 2997 143 2996 128 2981 145 2998 144 2997 128 2981 146 2999 145 2998 128 2981 147 3000 146 2999 128 2981 148 3001 147 3000 128 2981 149 3002 148 3001 128 2981 150 3003 149 3002 128 2981 151 3004 150 3003 128 2981 152 3005 151 3004 128 2981 153 3006 152 3005 128 2981 154 3007 153 3006 128 2981 155 3008 154 3007 128 2981 156 3009 155 3008 128 2981 157 3010 156 3009 128 2981 158 3011 157 3010 128 2981 159 3012 158 3011 160 3013 162 3015 161 3014 160 3013 163 3016 162 3015 160 3013 164 3017 163 3016 160 3013 165 3018 164 3017 160 3013 166 3019 165 3018 160 3013 167 3020 166 3019 160 3013 168 3021 167 3020 160 3013 169 3022 168 3021 160 3013 170 3023 169 3022 160 3013 171 3024 170 3023 160 3013 172 3025 171 3024 160 3013 173 3026 172 3025 160 3013 174 3027 173 3026 160 3013 175 3028 174 3027 160 3013 176 3029 175 3028 160 3013 177 3030 176 3029 160 3013 178 3031 177 3030 160 3013 179 3032 178 3031 160 3013 180 3033 179 3032 160 3013 181 3034 180 3033 160 3013 182 3035 181 3034 160 3013 183 3036 182 3035 160 3013 184 3037 183 3036 160 3013 185 3038 184 3037 160 3013 186 3039 185 3038 160 3013 187 3040 186 3039 160 3013 188 3041 187 3040 160 3013 189 3042 188 3041 160 3013 190 3043 189 3042 160 3013 191 3044 190 3043 192 3045 194 3047 193 3046 192 3045 195 3048 194 3047 192 3045 196 3049 195 3048 192 3045 197 3050 196 3049 192 3045 198 3051 197 3050 192 3045 199 3052 198 3051 192 3045 200 3053 199 3052 192 3045 201 3054 200 3053 192 3045 202 3055 201 3054 192 3045 203 3056 202 3055 192 3045 204 3057 203 3056 192 3045 205 3058 204 3057 192 3045 206 3059 205 3058 192 3045 207 3060 206 3059 192 3045 208 3061 207 3060 192 3045 209 3062 208 3061 192 3045 210 3063 209 3062 192 3045 211 3064 210 3063 192 3045 212 3065 211 3064 192 3045 213 3066 212 3065 192 3045 214 3067 213 3066 192 3045 215 3068 214 3067 192 3045 216 3069 215 3068 192 3045 217 3070 216 3069 192 3045 218 3071 217 3070 192 3045 219 3072 218 3071 192 3045 220 3073 219 3072 192 3045 221 3074 220 3073 192 3045 222 3075 221 3074 192 3045 223 3076 222 3075 224 3077 226 3079 225 3078 224 3077 227 3080 226 3079 224 3077 228 3081 227 3080 224 3077 229 3082 228 3081 224 3077 230 3083 229 3082 224 3077 231 3084 230 3083 224 3077 232 3085 231 3084 224 3077 233 3086 232 3085 224 3077 234 3087 233 3086 224 3077 235 3088 234 3087 224 3077 236 3089 235 3088 224 3077 237 3090 236 3089 224 3077 238 3091 237 3090 224 3077 239 3092 238 3091 224 3077 240 3093 239 3092 224 3077 241 3094 240 3093 224 3077 242 3095 241 3094 224 3077 243 3096 242 3095 224 3077 244 3097 243 3096 224 3077 245 3098 244 3097 224 3077 246 3099 245 3098 224 3077 247 3100 246 3099 224 3077 248 3101 247 3100 224 3077 249 3102 248 3101 224 3077 250 3103 249 3102 224 3077 251 3104 250 3103 224 3077 252 3105 251 3104 224 3077 253 3106 252 3105 224 3077 254 3107 253 3106 224 3077 255 3108 254 3107 256 3109 258 3111 257 3110 256 3109 259 3112 258 3111 256 3109 260 3113 259 3112 256 3109 261 3114 260 3113 256 3109 262 3115 261 3114 256 3109 263 3116 262 3115 256 3109 264 3117 263 3116 256 3109 265 3118 264 3117 256 3109 266 3119 265 3118 256 3109 267 3120 266 3119 256 3109 268 3121 267 3120 256 3109 269 3122 268 3121 256 3109 270 3123 269 3122 256 3109 271 3124 270 3123 256 3109 272 3125 271 3124 256 3109 273 3126 272 3125 256 3109 274 3127 273 3126 256 3109 275 3128 274 3127 256 3109 276 3129 275 3128 256 3109 277 3130 276 3129 256 3109 278 3131 277 3130 256 3109 279 3132 278 3131 256 3109 280 3133 279 3132 256 3109 281 3134 280 3133 256 3109 282 3135 281 3134 256 3109 283 3136 282 3135 256 3109 284 3137 283 3136 256 3109 285 3138 284 3137 256 3109 286 3139 285 3138 256 3109 287 3140 286 3139 288 3141 290 3143 289 3142 288 3141 291 3144 290 3143 288 3141 292 3145 291 3144 288 3141 293 3146 292 3145 288 3141 294 3147 293 3146 288 3141 295 3148 294 3147 288 3141 296 3149 295 3148 288 3141 297 3150 296 3149 288 3141 298 3151 297 3150 288 3141 299 3152 298 3151 288 3141 300 3153 299 3152 288 3141 301 3154 300 3153 288 3141 302 3155 301 3154 288 3141 303 3156 302 3155 288 3141 304 3157 303 3156 288 3141 305 3158 304 3157 288 3141 306 3159 305 3158 288 3141 307 3160 306 3159 288 3141 308 3161 307 3160 288 3141 309 3162 308 3161 288 3141 310 3163 309 3162 288 3141 311 3164 310 3163 288 3141 312 3165 311 3164 288 3141 313 3166 312 3165 288 3141 314 3167 313 3166 288 3141 315 3168 314 3167 288 3141 316 3169 315 3168 288 3141 317 3170 316 3169 288 3141 318 3171 317 3170 288 3141 319 3172 318 3171 320 3173 322 3175 321 3174 320 3173 323 3176 322 3175 320 3173 324 3177 323 3176 320 3173 325 3178 324 3177 320 3173 326 3179 325 3178 320 3173 327 3180 326 3179 320 3173 328 3181 327 3180 320 3173 329 3182 328 3181 320 3173 330 3183 329 3182 320 3173 331 3184 330 3183 320 3173 332 3185 331 3184 320 3173 333 3186 332 3185 320 3173 334 3187 333 3186 320 3173 335 3188 334 3187 320 3173 336 3189 335 3188 320 3173 337 3190 336 3189 320 3173 338 3191 337 3190 320 3173 339 3192 338 3191 320 3173 340 3193 339 3192 320 3173 341 3194 340 3193 320 3173 342 3195 341 3194 320 3173 343 3196 342 3195 320 3173 344 3197 343 3196 320 3173 345 3198 344 3197 320 3173 346 3199 345 3198 320 3173 347 3200 346 3199 320 3173 348 3201 347 3200 320 3173 349 3202 348 3201 320 3173 350 3203 349 3202 320 3173 351 3204 350 3203 352 3205 354 3207 353 3206 352 3205 355 3208 354 3207 352 3205 356 3209 355 3208 352 3205 357 3210 356 3209 352 3205 358 3211 357 3210 352 3205 359 3212 358 3211 352 3205 360 3213 359 3212 352 3205 361 3214 360 3213 352 3205 362 3215 361 3214 352 3205 363 3216 362 3215 352 3205 364 3217 363 3216 352 3205 365 3218 364 3217 352 3205 366 3219 365 3218 352 3205 367 3220 366 3219 352 3205 368 3221 367 3220 352 3205 369 3222 368 3221 352 3205 370 3223 369 3222 352 3205 371 3224 370 3223 352 3205 372 3225 371 3224 352 3205 373 3226 372 3225 352 3205 374 3227 373 3226 352 3205 375 3228 374 3227 352 3205 376 3229 375 3228 352 3205 377 3230 376 3229 352 3205 378 3231 377 3230 352 3205 379 3232 378 3231 352 3205 380 3233 379 3232 352 3205 381 3234 380 3233 352 3205 382 3235 381 3234 352 3205 383 3236 382 3235 384 3237 386 3239 385 3238 384 3237 387 3240 386 3239 384 3237 388 3241 387 3240 384 3237 389 3242 388 3241 384 3237 390 3243 389 3242 384 3237 391 3244 390 3243 384 3237 392 3245 391 3244 384 3237 393 3246 392 3245 384 3237 394 3247 393 3246 384 3237 395 3248 394 3247 384 3237 396 3249 395 3248 384 3237 397 3250 396 3249 384 3237 398 3251 397 3250 384 3237 399 3252 398 3251 384 3237 400 3253 399 3252 384 3237 401 3254 400 3253 384 3237 402 3255 401 3254 384 3237 403 3256 402 3255 384 3237 404 3257 403 3256 384 3237 405 3258 404 3257 384 3237 406 3259 405 3258 384 3237 407 3260 406 3259 384 3237 408 3261 407 3260 384 3237 409 3262 408 3261 384 3237 410 3263 409 3262 384 3237 411 3264 410 3263 384 3237 412 3265 411 3264 384 3237 413 3266 412 3265 384 3237 414 3267 413 3266 384 3237 415 3268 414 3267 416 3269 418 3271 417 3270 416 3269 419 3272 418 3271 416 3269 420 3273 419 3272 416 3269 421 3274 420 3273 416 3269 422 3275 421 3274 416 3269 423 3276 422 3275 416 3269 424 3277 423 3276 416 3269 425 3278 424 3277 416 3269 426 3279 425 3278 416 3269 427 3280 426 3279 416 3269 428 3281 427 3280 416 3269 429 3282 428 3281 416 3269 430 3283 429 3282 416 3269 431 3284 430 3283 416 3269 432 3285 431 3284 416 3269 433 3286 432 3285 416 3269 434 3287 433 3286 416 3269 435 3288 434 3287 416 3269 436 3289 435 3288 416 3269 437 3290 436 3289 416 3269 438 3291 437 3290 416 3269 439 3292 438 3291 416 3269 440 3293 439 3292 416 3269 441 3294 440 3293 416 3269 442 3295 441 3294 416 3269 443 3296 442 3295 416 3269 444 3297 443 3296 416 3269 445 3298 444 3297 416 3269 446 3299 445 3298 416 3269 447 3300 446 3299 448 3301 450 3303 449 3302 448 3301 451 3304 450 3303 448 3301 452 3305 451 3304 448 3301 453 3306 452 3305 448 3301 454 2916 453 3306 448 3301 455 3307 454 2916 448 3301 456 3308 455 3307 448 3301 457 3309 456 3308 448 3301 458 3310 457 3309 448 3301 459 3311 458 3310 448 3301 460 3312 459 3311 448 3301 461 3313 460 3312 448 3301 462 3314 461 3313 448 3301 463 3315 462 3314 448 3301 464 3316 463 3315 448 3301 465 3317 464 3316 448 3301 466 3318 465 3317 448 3301 467 3319 466 3318 448 3301 468 3320 467 3319 448 3301 469 3321 468 3320 448 3301 470 3322 469 3321 448 3301 471 3323 470 3322 448 3301 472 3324 471 3323 448 3301 473 3325 472 3324 448 3301 474 3326 473 3325 448 3301 475 3327 474 3326 448 3301 476 3328 475 3327 448 3301 477 3329 476 3328 448 3301 478 3330 477 3329 448 3301 479 3331 478 3330 480 3332 482 3334 481 3333 480 3332 483 3335 482 3334 480 3332 484 3336 483 3335 480 3332 485 3337 484 3336 480 3332 486 3338 485 3337 480 3332 487 3339 486 3338 480 3332 488 3340 487 3339 480 3332 489 3341 488 3340 480 3332 490 3342 489 3341 480 3332 491 3343 490 3342 480 3332 492 3344 491 3343 480 3332 493 3345 492 3344 480 3332 494 3346 493 3345 480 3332 495 3347 494 3346 480 3332 496 3348 495 3347 480 3332 497 3349 496 3348 480 3332 498 3350 497 3349 480 3332 499 3351 498 3350 480 3332 500 3352 499 3351 480 3332 501 3353 500 3352 480 3332 502 3354 501 3353 480 3332 503 3355 502 3354 480 3332 504 3356 503 3355 480 3332 505 3357 504 3356 480 3332 506 3358 505 3357 480 3332 507 3359 506 3358 480 3332 508 3360 507 3359 480 3332 509 3361 508 3360 480 3332 510 3362 509 3361 480 3332 511 3363 510 3362 512 3364 514 3366 513 3365 512 3364 515 3367 514 3366 512 3364 516 3368 515 3367 512 3364 517 3369 516 3368 512 3364 518 3370 517 3369 512 3364 519 3371 518 3370 512 3364 520 3372 519 3371 512 3364 521 3373 520 3372 512 3364 522 3374 521 3373 512 3364 523 3375 522 3374 512 3364 524 3376 523 3375 512 3364 525 3377 524 3376 512 3364 526 3378 525 3377 512 3364 527 3379 526 3378 512 3364 528 3380 527 3379 512 3364 529 3381 528 3380 512 3364 530 3382 529 3381 512 3364 531 3383 530 3382 512 3364 532 3384 531 3383 512 3364 533 3385 532 3384 512 3364 534 3386 533 3385 512 3364 535 3387 534 3386 512 3364 536 3388 535 3387 512 3364 537 3389 536 3388 512 3364 538 3390 537 3389 512 3364 539 3391 538 3390 512 3364 540 3392 539 3391 512 3364 541 3393 540 3392 512 3364 542 3394 541 3393 512 3364 543 3395 542 3394 544 3396 546 3398 545 3397 544 3396 547 3399 546 3398 544 3396 548 3400 547 3399 544 3396 549 3401 548 3400 544 3396 550 3402 549 3401 544 3396 551 3403 550 3402 544 3396 552 3404 551 3403 544 3396 553 3405 552 3404 544 3396 554 3406 553 3405 544 3396 555 3407 554 3406 544 3396 556 3408 555 3407 544 3396 557 3409 556 3408 544 3396 558 3410 557 3409 544 3396 559 3411 558 3410 544 3396 560 3412 559 3411 544 3396 561 3413 560 3412 544 3396 562 3414 561 3413 544 3396 563 3415 562 3414 544 3396 564 3416 563 3415 544 3396 565 3417 564 3416 544 3396 566 3418 565 3417 544 3396 567 3419 566 3418 544 3396 568 3420 567 3419 544 3396 569 3421 568 3420 544 3396 570 3422 569 3421 544 3396 571 3423 570 3422 544 3396 572 3424 571 3423 544 3396 573 3425 572 3424 544 3396 574 3426 573 3425 544 3396 575 3427 574 3426 576 3428 578 3430 577 3429 576 3428 579 3431 578 3430 576 3428 580 3432 579 3431 576 3428 581 3433 580 3432 576 3428 582 3434 581 3433 576 3428 583 3435 582 3434 576 3428 584 3436 583 3435 576 3428 585 3437 584 3436 576 3428 586 3438 585 3437 576 3428 587 3439 586 3438 576 3428 588 3440 587 3439 576 3428 589 3441 588 3440 576 3428 590 3442 589 3441 576 3428 591 3443 590 3442 576 3428 592 3444 591 3443 576 3428 593 3445 592 3444 576 3428 594 3446 593 3445 576 3428 595 3447 594 3446 576 3428 596 3448 595 3447 576 3428 597 3449 596 3448 576 3428 598 3450 597 3449 576 3428 599 3451 598 3450 576 3428 600 3452 599 3451 576 3428 601 3453 600 3452 576 3428 602 3454 601 3453 576 3428 603 3455 602 3454 576 3428 604 3456 603 3455 576 3428 605 3457 604 3456 576 3428 606 3458 605 3457 576 3428 607 3459 606 3458 608 3460 610 3462 609 3461 608 3460 611 3463 610 3462 608 3460 612 3464 611 3463 608 3460 613 3465 612 3464 608 3460 614 3466 613 3465 608 3460 615 3467 614 3466 608 3460 616 3468 615 3467 608 3460 617 3469 616 3468 608 3460 618 3470 617 3469 608 3460 619 3471 618 3470 608 3460 620 3472 619 3471 608 3460 621 3473 620 3472 608 3460 622 3474 621 3473 608 3460 623 3475 622 3474 608 3460 624 3476 623 3475 608 3460 625 3477 624 3476 608 3460 626 3478 625 3477 608 3460 627 3479 626 3478 608 3460 628 3480 627 3479 608 3460 629 3481 628 3480 608 3460 630 3482 629 3481 608 3460 631 3483 630 3482 608 3460 632 3484 631 3483 608 3460 633 3485 632 3484 608 3460 634 3486 633 3485 608 3460 635 3487 634 3486 608 3460 636 3488 635 3487 608 3460 637 3489 636 3488 608 3460 638 3490 637 3489 608 3460 639 3491 638 3490</p></triangles>
        <triangles count="384" material="MAT_COTTON_COTYL-mat"><input semantic="VERTEX" source="#ROW_09_SEG5_foliage-vtx" offset="0"/><input semantic="NORMAL" source="#ROW_09_SEG5_foliage-nrm" offset="1"/><p>640 639 641 640 642 641 641 640 643 642 642 641 643 642 644 643 642 641 644 643 645 644 642 641 645 644 646 645 642 641 646 645 647 646 642 641 647 646 648 647 642 641 648 647 649 648 642 641 649 648 650 649 642 641 650 649 651 650 642 641 651 650 652 651 642 641 652 651 653 652 642 641 653 652 654 653 642 641 654 653 655 654 642 641 655 654 656 655 642 641 656 655 640 639 642 641 657 656 658 657 659 658 658 657 660 659 659 658 660 659 661 660 659 658 661 660 662 661 659 658 662 661 663 662 659 658 663 662 664 663 659 658 664 663 665 664 659 658 665 664 666 665 659 658 666 665 667 666 659 658 667 666 668 667 659 658 668 667 669 668 659 658 669 668 670 669 659 658 670 669 671 670 659 658 671 670 672 671 659 658 672 671 673 672 659 658 673 672 657 656 659 658 674 673 675 674 676 675 675 674 677 676 676 675 677 676 678 677 676 675 678 677 679 678 676 675 679 678 680 679 676 675 680 679 681 680 676 675 681 680 682 681 676 675 682 681 683 682 676 675 683 682 684 683 676 675 684 683 685 684 676 675 685 684 686 685 676 675 686 685 687 686 676 675 687 686 688 687 676 675 688 687 689 688 676 675 689 688 690 689 676 675 690 689 674 673 676 675 691 690 692 691 693 692 692 691 694 693 693 692 694 693 695 694 693 692 695 694 696 695 693 692 696 695 697 696 693 692 697 696 698 697 693 692 698 697 699 698 693 692 699 698 700 699 693 692 700 699 701 700 693 692 701 700 702 701 693 692 702 701 703 702 693 692 703 702 704 703 693 692 704 703 705 704 693 692 705 704 706 705 693 692 706 705 707 706 693 692 707 706 691 690 693 692 708 707 709 708 710 709 709 708 711 710 710 709 711 710 712 711 710 709 712 711 713 712 710 709 713 712 714 713 710 709 714 713 715 714 710 709 715 714 716 715 710 709 716 715 717 716 710 709 717 716 718 717 710 709 718 717 719 718 710 709 719 718 720 719 710 709 720 719 721 720 710 709 721 720 722 721 710 709 722 721 723 722 710 709 723 722 724 723 710 709 724 723 708 707 710 709 725 724 726 725 727 726 726 725 728 727 727 726 728 727 729 728 727 726 729 728 730 729 727 726 730 729 731 730 727 726 731 730 732 731 727 726 732 731 733 732 727 726 733 732 734 733 727 726 734 733 735 734 727 726 735 734 736 735 727 726 736 735 737 736 727 726 737 736 738 737 727 726 738 737 739 738 727 726 739 738 740 739 727 726 740 739 741 740 727 726 741 740 725 724 727 726 742 741 743 742 744 743 743 742 745 744 744 743 745 744 746 745 744 743 746 745 747 746 744 743 747 746 748 747 744 743 748 747 749 748 744 743 749 748 750 749 744 743 750 749 751 750 744 743 751 750 752 751 744 743 752 751 753 752 744 743 753 752 754 753 744 743 754 753 755 754 744 743 755 754 756 755 744 743 756 755 757 756 744 743 757 756 758 757 744 743 758 757 742 741 744 743 759 758 760 759 761 760 760 759 762 761 761 760 762 761 763 762 761 760 763 762 764 763 761 760 764 763 765 764 761 760 765 764 766 765 761 760 766 765 767 766 761 760 767 766 768 767 761 760 768 767 769 768 761 760 769 768 770 769 761 760 770 769 771 770 761 760 771 770 772 771 761 760 772 771 773 772 761 760 773 772 774 773 761 760 774 773 775 774 761 760 775 774 759 758 761 760 776 775 777 776 778 746 777 776 779 777 778 746 779 777 780 778 778 746 780 778 781 779 778 746 781 779 782 780 778 746 782 780 783 781 778 746 783 781 784 782 778 746 784 782 785 783 778 746 785 783 786 784 778 746 786 784 787 785 778 746 787 785 788 786 778 746 788 786 789 787 778 746 789 787 790 788 778 746 790 788 791 789 778 746 791 789 792 790 778 746 792 790 776 775 778 746 793 791 794 792 795 793 794 792 796 794 795 793 796 794 797 795 795 793 797 795 798 796 795 793 798 796 799 797 795 793 799 797 800 798 795 793 800 798 801 799 795 793 801 799 802 800 795 793 802 800 803 801 795 793 803 801 804 802 795 793 804 802 805 803 795 793 805 803 806 804 795 793 806 804 807 805 795 793 807 805 808 806 795 793 808 806 809 807 795 793 809 807 793 791 795 793 810 808 811 809 812 810 811 809 813 811 812 810 813 811 814 812 812 810 814 812 815 813 812 810 815 813 816 814 812 810 816 814 817 815 812 810 817 815 818 816 812 810 818 816 819 817 812 810 819 817 820 818 812 810 820 818 821 819 812 810 821 819 822 820 812 810 822 820 823 821 812 810 823 821 824 822 812 810 824 822 825 823 812 810 825 823 826 824 812 810 826 824 810 808 812 810 827 825 828 826 829 827 828 826 830 828 829 827 830 828 831 829 829 827 831 829 832 830 829 827 832 830 833 831 829 827 833 831 834 832 829 827 834 832 835 833 829 827 835 833 836 834 829 827 836 834 837 835 829 827 837 835 838 836 829 827 838 836 839 837 829 827 839 837 840 838 829 827 840 838 841 839 829 827 841 839 842 840 829 827 842 840 843 841 829 827 843 841 827 825 829 827 640 3492 642 3494 641 3493 641 3493 642 3494 643 3495 643 3495 642 3494 644 3496 644 3496 642 3494 645 3497 645 3497 642 3494 646 3498 646 3498 642 3494 647 3499 647 3499 642 3494 648 3500 648 3500 642 3494 649 3501 649 3501 642 3494 650 3502 650 3502 642 3494 651 3503 651 3503 642 3494 652 3504 652 3504 642 3494 653 3505 653 3505 642 3494 654 3506 654 3506 642 3494 655 3507 655 3507 642 3494 656 3508 656 3508 642 3494 640 3492 657 3509 659 3511 658 3510 658 3510 659 3511 660 3512 660 3512 659 3511 661 3513 661 3513 659 3511 662 3514 662 3514 659 3511 663 3515 663 3515 659 3511 664 3516 664 3516 659 3511 665 3517 665 3517 659 3511 666 3518 666 3518 659 3511 667 3519 667 3519 659 3511 668 3520 668 3520 659 3511 669 3521 669 3521 659 3511 670 3522 670 3522 659 3511 671 3523 671 3523 659 3511 672 3524 672 3524 659 3511 673 3525 673 3525 659 3511 657 3509 674 3526 676 3528 675 3527 675 3527 676 3528 677 3529 677 3529 676 3528 678 3530 678 3530 676 3528 679 3531 679 3531 676 3528 680 3532 680 3532 676 3528 681 3533 681 3533 676 3528 682 3534 682 3534 676 3528 683 3535 683 3535 676 3528 684 3536 684 3536 676 3528 685 3537 685 3537 676 3528 686 3538 686 3538 676 3528 687 3539 687 3539 676 3528 688 3540 688 3540 676 3528 689 3541 689 3541 676 3528 690 3542 690 3542 676 3528 674 3526 691 3543 693 3545 692 3544 692 3544 693 3545 694 3546 694 3546 693 3545 695 3547 695 3547 693 3545 696 3548 696 3548 693 3545 697 3549 697 3549 693 3545 698 3550 698 3550 693 3545 699 3551 699 3551 693 3545 700 3552 700 3552 693 3545 701 3553 701 3553 693 3545 702 3554 702 3554 693 3545 703 3555 703 3555 693 3545 704 3556 704 3556 693 3545 705 3557 705 3557 693 3545 706 3558 706 3558 693 3545 707 3559 707 3559 693 3545 691 3543 708 3560 710 3562 709 3561 709 3561 710 3562 711 3563 711 3563 710 3562 712 3564 712 3564 710 3562 713 3565 713 3565 710 3562 714 3566 714 3566 710 3562 715 3567 715 3567 710 3562 716 3568 716 3568 710 3562 717 3569 717 3569 710 3562 718 3570 718 3570 710 3562 719 3571 719 3571 710 3562 720 3572 720 3572 710 3562 721 3573 721 3573 710 3562 722 3574 722 3574 710 3562 723 3575 723 3575 710 3562 724 3576 724 3576 710 3562 708 3560 725 3577 727 3579 726 3578 726 3578 727 3579 728 3580 728 3580 727 3579 729 3581 729 3581 727 3579 730 3582 730 3582 727 3579 731 3583 731 3583 727 3579 732 3584 732 3584 727 3579 733 3585 733 3585 727 3579 734 3586 734 3586 727 3579 735 3587 735 3587 727 3579 736 3588 736 3588 727 3579 737 3589 737 3589 727 3579 738 3590 738 3590 727 3579 739 3591 739 3591 727 3579 740 3592 740 3592 727 3579 741 3593 741 3593 727 3579 725 3577 742 3594 744 3596 743 3595 743 3595 744 3596 745 3597 745 3597 744 3596 746 3598 746 3598 744 3596 747 3599 747 3599 744 3596 748 3600 748 3600 744 3596 749 3601 749 3601 744 3596 750 3602 750 3602 744 3596 751 3603 751 3603 744 3596 752 3604 752 3604 744 3596 753 3605 753 3605 744 3596 754 3606 754 3606 744 3596 755 3607 755 3607 744 3596 756 3608 756 3608 744 3596 757 3609 757 3609 744 3596 758 3610 758 3610 744 3596 742 3594 759 3611 761 3613 760 3612 760 3612 761 3613 762 3614 762 3614 761 3613 763 3615 763 3615 761 3613 764 3616 764 3616 761 3613 765 3617 765 3617 761 3613 766 3618 766 3618 761 3613 767 3619 767 3619 761 3613 768 3620 768 3620 761 3613 769 3621 769 3621 761 3613 770 3622 770 3622 761 3613 771 3623 771 3623 761 3613 772 3624 772 3624 761 3613 773 3625 773 3625 761 3613 774 3626 774 3626 761 3613 775 3627 775 3627 761 3613 759 3611 776 3628 778 3599 777 3629 777 3629 778 3599 779 3630 779 3630 778 3599 780 3631 780 3631 778 3599 781 3632 781 3632 778 3599 782 3633 782 3633 778 3599 783 3634 783 3634 778 3599 784 3635 784 3635 778 3599 785 3636 785 3636 778 3599 786 3637 786 3637 778 3599 787 3638 787 3638 778 3599 788 3639 788 3639 778 3599 789 3640 789 3640 778 3599 790 3641 790 3641 778 3599 791 3642 791 3642 778 3599 792 3643 792 3643 778 3599 776 3628 793 3644 795 3646 794 3645 794 3645 795 3646 796 3647 796 3647 795 3646 797 3648 797 3648 795 3646 798 3649 798 3649 795 3646 799 3650 799 3650 795 3646 800 3651 800 3651 795 3646 801 3652 801 3652 795 3646 802 3653 802 3653 795 3646 803 3654 803 3654 795 3646 804 3655 804 3655 795 3646 805 3656 805 3656 795 3646 806 3657 806 3657 795 3646 807 3658 807 3658 795 3646 808 3659 808 3659 795 3646 809 3660 809 3660 795 3646 793 3644 810 3661 812 3663 811 3662 811 3662 812 3663 813 3664 813 3664 812 3663 814 3665 814 3665 812 3663 815 3666 815 3666 812 3663 816 3667 816 3667 812 3663 817 3668 817 3668 812 3663 818 3669 818 3669 812 3663 819 3670 819 3670 812 3663 820 3671 820 3671 812 3663 821 3672 821 3672 812 3663 822 3673 822 3673 812 3663 823 3674 823 3674 812 3663 824 3675 824 3675 812 3663 825 3676 825 3676 812 3663 826 3677 826 3677 812 3663 810 3661 827 3678 829 3680 828 3679 828 3679 829 3680 830 3681 830 3681 829 3680 831 3682 831 3682 829 3680 832 3683 832 3683 829 3680 833 3684 833 3684 829 3680 834 3685 834 3685 829 3680 835 3686 835 3686 829 3680 836 3687 836 3687 829 3680 837 3688 837 3688 829 3680 838 3689 838 3689 829 3680 839 3690 839 3690 829 3680 840 3691 840 3691 829 3680 841 3692 841 3692 829 3680 842 3693 842 3693 829 3680 843 3694 843 3694 829 3680 827 3678</p></triangles>
        <triangles count="480" material="MAT_COTTON_LEAF_0-mat"><input semantic="VERTEX" source="#ROW_09_SEG5_foliage-vtx" offset="0"/><input semantic="NORMAL" source="#ROW_09_SEG5_foliage-nrm" offset="1"/><p>844 842 845 843 846 844 844 842 846 844 847 845 844 842 847 845 848 846 844 842 848 846 849 847 844 842 849 847 850 848 844 842 850 848 851 849 844 842 851 849 852 850 844 842 852 850 853 851 844 842 853 851 854 852 844 842 854 852 855 853 844 842 855 853 856 854 844 842 856 854 857 855 844 842 857 855 858 856 844 842 858 856 859 857 844 842 859 857 860 858 844 842 860 858 861 859 844 842 861 859 862 860 844 842 862 860 863 861 844 842 863 861 864 862 844 842 864 862 865 863 844 842 865 863 866 864 844 842 866 864 867 865 844 842 867 865 868 866 844 842 868 866 869 867 844 842 869 867 870 868 844 842 870 868 871 869 844 842 871 869 872 870 844 842 872 870 873 871 844 842 873 871 874 872 844 842 874 872 875 873 876 874 877 875 878 876 876 874 878 876 879 877 876 874 879 877 880 878 876 874 880 878 881 879 876 874 881 879 882 880 876 874 882 880 883 881 876 874 883 881 884 882 876 874 884 882 885 883 876 874 885 883 886 884 876 874 886 884 887 885 876 874 887 885 888 886 876 874 888 886 889 887 876 874 889 887 890 888 876 874 890 888 891 889 876 874 891 889 892 890 876 874 892 890 893 891 876 874 893 891 894 892 876 874 894 892 895 893 876 874 895 893 896 894 876 874 896 894 897 895 876 874 897 895 898 896 876 874 898 896 899 897 876 874 899 897 900 898 876 874 900 898 901 899 876 874 901 899 902 900 876 874 902 900 903 901 876 874 903 901 904 902 876 874 904 902 905 903 876 874 905 903 906 904 876 874 906 904 907 905 908 906 909 907 910 908 908 906 910 908 911 909 908 906 911 909 912 910 908 906 912 910 913 911 908 906 913 911 914 912 908 906 914 912 915 913 908 906 915 913 916 914 908 906 916 914 917 915 908 906 917 915 918 916 908 906 918 916 919 917 908 906 919 917 920 918 908 906 920 918 921 919 908 906 921 919 922 920 908 906 922 920 923 921 908 906 923 921 924 922 908 906 924 922 925 923 908 906 925 923 926 924 908 906 926 924 927 925 908 906 927 925 928 926 908 906 928 926 929 927 908 906 929 927 930 928 908 906 930 928 931 929 908 906 931 929 932 930 908 906 932 930 933 931 908 906 933 931 934 932 908 906 934 932 935 933 908 906 935 933 936 934 908 906 936 934 937 935 908 906 937 935 938 936 908 906 938 936 939 937 940 938 941 939 942 940 940 938 942 940 943 941 940 938 943 941 944 942 940 938 944 942 945 943 940 938 945 943 946 944 940 938 946 944 947 945 940 938 947 945 948 946 940 938 948 946 949 947 940 938 949 947 950 948 940 938 950 948 951 949 940 938 951 949 952 950 940 938 952 950 953 951 940 938 953 951 954 952 940 938 954 952 955 953 940 938 955 953 956 954 940 938 956 954 957 955 940 938 957 955 958 956 940 938 958 956 959 957 940 938 959 957 960 958 940 938 960 958 961 959 940 938 961 959 962 960 940 938 962 960 963 961 940 938 963 961 964 962 940 938 964 962 965 963 940 938 965 963 966 964 940 938 966 964 967 965 940 938 967 965 968 966 940 938 968 966 969 967 940 938 969 967 970 968 940 938 970 968 971 969 972 970 973 971 974 972 972 970 974 972 975 973 972 970 975 973 976 974 972 970 976 974 977 975 972 970 977 975 978 976 972 970 978 976 979 977 972 970 979 977 980 978 972 970 980 978 981 979 972 970 981 979 982 980 972 970 982 980 983 981 972 970 983 981 984 982 972 970 984 982 985 983 972 970 985 983 986 984 972 970 986 984 987 985 972 970 987 985 988 986 972 970 988 986 989 987 972 970 989 987 990 988 972 970 990 988 991 989 972 970 991 989 992 990 972 970 992 990 993 991 972 970 993 991 994 992 972 970 994 992 995 993 972 970 995 993 996 994 972 970 996 994 997 995 972 970 997 995 998 996 972 970 998 996 999 997 972 970 999 997 1000 998 972 970 1000 998 1001 999 972 970 1001 999 1002 1000 972 970 1002 1000 1003 1001 1004 1002 1005 1003 1006 1004 1004 1002 1006 1004 1007 1005 1004 1002 1007 1005 1008 1006 1004 1002 1008 1006 1009 1007 1004 1002 1009 1007 1010 1008 1004 1002 1010 1008 1011 1009 1004 1002 1011 1009 1012 1010 1004 1002 1012 1010 1013 1011 1004 1002 1013 1011 1014 1012 1004 1002 1014 1012 1015 1013 1004 1002 1015 1013 1016 1014 1004 1002 1016 1014 1017 1015 1004 1002 1017 1015 1018 1016 1004 1002 1018 1016 1019 1017 1004 1002 1019 1017 1020 1018 1004 1002 1020 1018 1021 1019 1004 1002 1021 1019 1022 1020 1004 1002 1022 1020 1023 1021 1004 1002 1023 1021 1024 1022 1004 1002 1024 1022 1025 1023 1004 1002 1025 1023 1026 1024 1004 1002 1026 1024 1027 1025 1004 1002 1027 1025 1028 1026 1004 1002 1028 1026 1029 1027 1004 1002 1029 1027 1030 1028 1004 1002 1030 1028 1031 1029 1004 1002 1031 1029 1032 1030 1004 1002 1032 1030 1033 1031 1004 1002 1033 1031 1034 1032 1004 1002 1034 1032 1035 1033 1036 1034 1037 1035 1038 1036 1036 1034 1038 1036 1039 1037 1036 1034 1039 1037 1040 1038 1036 1034 1040 1038 1041 1039 1036 1034 1041 1039 1042 1040 1036 1034 1042 1040 1043 1041 1036 1034 1043 1041 1044 1042 1036 1034 1044 1042 1045 1043 1036 1034 1045 1043 1046 1044 1036 1034 1046 1044 1047 1045 1036 1034 1047 1045 1048 1046 1036 1034 1048 1046 1049 1047 1036 1034 1049 1047 1050 1048 1036 1034 1050 1048 1051 1049 1036 1034 1051 1049 1052 1050 1036 1034 1052 1050 1053 1051 1036 1034 1053 1051 1054 1052 1036 1034 1054 1052 1055 1053 1036 1034 1055 1053 1056 1054 1036 1034 1056 1054 1057 1055 1036 1034 1057 1055 1058 1056 1036 1034 1058 1056 1059 1057 1036 1034 1059 1057 1060 1058 1036 1034 1060 1058 1061 1059 1036 1034 1061 1059 1062 1060 1036 1034 1062 1060 1063 1061 1036 1034 1063 1061 1064 1062 1036 1034 1064 1062 1065 1063 1036 1034 1065 1063 1066 1064 1036 1034 1066 1064 1067 1065 1068 1066 1069 1067 1070 1068 1068 1066 1070 1068 1071 1069 1068 1066 1071 1069 1072 1070 1068 1066 1072 1070 1073 1071 1068 1066 1073 1071 1074 1072 1068 1066 1074 1072 1075 1073 1068 1066 1075 1073 1076 1074 1068 1066 1076 1074 1077 1075 1068 1066 1077 1075 1078 1076 1068 1066 1078 1076 1079 1077 1068 1066 1079 1077 1080 1078 1068 1066 1080 1078 1081 1079 1068 1066 1081 1079 1082 1080 1068 1066 1082 1080 1083 1081 1068 1066 1083 1081 1084 1082 1068 1066 1084 1082 1085 1083 1068 1066 1085 1083 1086 1084 1068 1066 1086 1084 1087 1085 1068 1066 1087 1085 1088 1086 1068 1066 1088 1086 1089 1087 1068 1066 1089 1087 1090 1088 1068 1066 1090 1088 1091 1089 1068 1066 1091 1089 1092 1090 1068 1066 1092 1090 1093 1091 1068 1066 1093 1091 1094 1092 1068 1066 1094 1092 1095 1093 1068 1066 1095 1093 1096 1094 1068 1066 1096 1094 1097 1095 1068 1066 1097 1095 1098 1096 1068 1066 1098 1096 1099 1097 844 3695 846 3697 845 3696 844 3695 847 3698 846 3697 844 3695 848 3699 847 3698 844 3695 849 3700 848 3699 844 3695 850 3701 849 3700 844 3695 851 3702 850 3701 844 3695 852 3703 851 3702 844 3695 853 3704 852 3703 844 3695 854 3705 853 3704 844 3695 855 3706 854 3705 844 3695 856 3707 855 3706 844 3695 857 3708 856 3707 844 3695 858 3709 857 3708 844 3695 859 3710 858 3709 844 3695 860 3711 859 3710 844 3695 861 3712 860 3711 844 3695 862 3713 861 3712 844 3695 863 3714 862 3713 844 3695 864 3715 863 3714 844 3695 865 3716 864 3715 844 3695 866 3717 865 3716 844 3695 867 3718 866 3717 844 3695 868 3719 867 3718 844 3695 869 3720 868 3719 844 3695 870 3721 869 3720 844 3695 871 3722 870 3721 844 3695 872 3723 871 3722 844 3695 873 3724 872 3723 844 3695 874 3725 873 3724 844 3695 875 3726 874 3725 876 3727 878 3729 877 3728 876 3727 879 3730 878 3729 876 3727 880 3731 879 3730 876 3727 881 3732 880 3731 876 3727 882 3733 881 3732 876 3727 883 3734 882 3733 876 3727 884 3735 883 3734 876 3727 885 3736 884 3735 876 3727 886 3737 885 3736 876 3727 887 3738 886 3737 876 3727 888 3739 887 3738 876 3727 889 3740 888 3739 876 3727 890 3741 889 3740 876 3727 891 3742 890 3741 876 3727 892 3743 891 3742 876 3727 893 3744 892 3743 876 3727 894 3745 893 3744 876 3727 895 3746 894 3745 876 3727 896 3747 895 3746 876 3727 897 3748 896 3747 876 3727 898 3749 897 3748 876 3727 899 3750 898 3749 876 3727 900 3751 899 3750 876 3727 901 3752 900 3751 876 3727 902 3753 901 3752 876 3727 903 3754 902 3753 876 3727 904 3755 903 3754 876 3727 905 3756 904 3755 876 3727 906 3757 905 3756 876 3727 907 3758 906 3757 908 3759 910 3761 909 3760 908 3759 911 3762 910 3761 908 3759 912 3763 911 3762 908 3759 913 3764 912 3763 908 3759 914 3765 913 3764 908 3759 915 3766 914 3765 908 3759 916 3767 915 3766 908 3759 917 3768 916 3767 908 3759 918 3769 917 3768 908 3759 919 3770 918 3769 908 3759 920 3771 919 3770 908 3759 921 3772 920 3771 908 3759 922 3773 921 3772 908 3759 923 3774 922 3773 908 3759 924 3775 923 3774 908 3759 925 3776 924 3775 908 3759 926 3777 925 3776 908 3759 927 3778 926 3777 908 3759 928 3779 927 3778 908 3759 929 3780 928 3779 908 3759 930 3781 929 3780 908 3759 931 3782 930 3781 908 3759 932 3783 931 3782 908 3759 933 3784 932 3783 908 3759 934 3785 933 3784 908 3759 935 3786 934 3785 908 3759 936 3787 935 3786 908 3759 937 3788 936 3787 908 3759 938 3789 937 3788 908 3759 939 3790 938 3789 940 3791 942 3793 941 3792 940 3791 943 3794 942 3793 940 3791 944 3795 943 3794 940 3791 945 3796 944 3795 940 3791 946 3797 945 3796 940 3791 947 3798 946 3797 940 3791 948 3799 947 3798 940 3791 949 3800 948 3799 940 3791 950 3801 949 3800 940 3791 951 3802 950 3801 940 3791 952 3803 951 3802 940 3791 953 3804 952 3803 940 3791 954 3805 953 3804 940 3791 955 3806 954 3805 940 3791 956 3807 955 3806 940 3791 957 3808 956 3807 940 3791 958 3809 957 3808 940 3791 959 3810 958 3809 940 3791 960 3811 959 3810 940 3791 961 3812 960 3811 940 3791 962 3813 961 3812 940 3791 963 3814 962 3813 940 3791 964 3815 963 3814 940 3791 965 3816 964 3815 940 3791 966 3817 965 3816 940 3791 967 3818 966 3817 940 3791 968 3819 967 3818 940 3791 969 3820 968 3819 940 3791 970 3821 969 3820 940 3791 971 3822 970 3821 972 3823 974 3825 973 3824 972 3823 975 3826 974 3825 972 3823 976 3827 975 3826 972 3823 977 3828 976 3827 972 3823 978 3829 977 3828 972 3823 979 3830 978 3829 972 3823 980 3831 979 3830 972 3823 981 3832 980 3831 972 3823 982 3833 981 3832 972 3823 983 3834 982 3833 972 3823 984 3835 983 3834 972 3823 985 3836 984 3835 972 3823 986 3837 985 3836 972 3823 987 3838 986 3837 972 3823 988 3839 987 3838 972 3823 989 3840 988 3839 972 3823 990 3841 989 3840 972 3823 991 3842 990 3841 972 3823 992 3843 991 3842 972 3823 993 3844 992 3843 972 3823 994 3845 993 3844 972 3823 995 3846 994 3845 972 3823 996 3847 995 3846 972 3823 997 3848 996 3847 972 3823 998 3849 997 3848 972 3823 999 3850 998 3849 972 3823 1000 3851 999 3850 972 3823 1001 3852 1000 3851 972 3823 1002 3853 1001 3852 972 3823 1003 3854 1002 3853 1004 3855 1006 3857 1005 3856 1004 3855 1007 3858 1006 3857 1004 3855 1008 3859 1007 3858 1004 3855 1009 3860 1008 3859 1004 3855 1010 3861 1009 3860 1004 3855 1011 3862 1010 3861 1004 3855 1012 3863 1011 3862 1004 3855 1013 3864 1012 3863 1004 3855 1014 3865 1013 3864 1004 3855 1015 3866 1014 3865 1004 3855 1016 3867 1015 3866 1004 3855 1017 3868 1016 3867 1004 3855 1018 3869 1017 3868 1004 3855 1019 3870 1018 3869 1004 3855 1020 3871 1019 3870 1004 3855 1021 3872 1020 3871 1004 3855 1022 3873 1021 3872 1004 3855 1023 3874 1022 3873 1004 3855 1024 3875 1023 3874 1004 3855 1025 3876 1024 3875 1004 3855 1026 3877 1025 3876 1004 3855 1027 3878 1026 3877 1004 3855 1028 3879 1027 3878 1004 3855 1029 3880 1028 3879 1004 3855 1030 3881 1029 3880 1004 3855 1031 3882 1030 3881 1004 3855 1032 3883 1031 3882 1004 3855 1033 3884 1032 3883 1004 3855 1034 3885 1033 3884 1004 3855 1035 3886 1034 3885 1036 3887 1038 3889 1037 3888 1036 3887 1039 3890 1038 3889 1036 3887 1040 3891 1039 3890 1036 3887 1041 3892 1040 3891 1036 3887 1042 3893 1041 3892 1036 3887 1043 3894 1042 3893 1036 3887 1044 3895 1043 3894 1036 3887 1045 3896 1044 3895 1036 3887 1046 3897 1045 3896 1036 3887 1047 3898 1046 3897 1036 3887 1048 3899 1047 3898 1036 3887 1049 3900 1048 3899 1036 3887 1050 3901 1049 3900 1036 3887 1051 3902 1050 3901 1036 3887 1052 3903 1051 3902 1036 3887 1053 3904 1052 3903 1036 3887 1054 3905 1053 3904 1036 3887 1055 3906 1054 3905 1036 3887 1056 3907 1055 3906 1036 3887 1057 3908 1056 3907 1036 3887 1058 3909 1057 3908 1036 3887 1059 3910 1058 3909 1036 3887 1060 3911 1059 3910 1036 3887 1061 3912 1060 3911 1036 3887 1062 3913 1061 3912 1036 3887 1063 3914 1062 3913 1036 3887 1064 3915 1063 3914 1036 3887 1065 3916 1064 3915 1036 3887 1066 3917 1065 3916 1036 3887 1067 3918 1066 3917 1068 3919 1070 3921 1069 3920 1068 3919 1071 3922 1070 3921 1068 3919 1072 3923 1071 3922 1068 3919 1073 3924 1072 3923 1068 3919 1074 3925 1073 3924 1068 3919 1075 3926 1074 3925 1068 3919 1076 3927 1075 3926 1068 3919 1077 3928 1076 3927 1068 3919 1078 3929 1077 3928 1068 3919 1079 3930 1078 3929 1068 3919 1080 3931 1079 3930 1068 3919 1081 3932 1080 3931 1068 3919 1082 3933 1081 3932 1068 3919 1083 3934 1082 3933 1068 3919 1084 3935 1083 3934 1068 3919 1085 3936 1084 3935 1068 3919 1086 3937 1085 3936 1068 3919 1087 3938 1086 3937 1068 3919 1088 3939 1087 3938 1068 3919 1089 3940 1088 3939 1068 3919 1090 3941 1089 3940 1068 3919 1091 3942 1090 3941 1068 3919 1092 3943 1091 3942 1068 3919 1093 3944 1092 3943 1068 3919 1094 3945 1093 3944 1068 3919 1095 3946 1094 3945 1068 3919 1096 3947 1095 3946 1068 3919 1097 3948 1096 3947 1068 3919 1098 3949 1097 3948 1068 3919 1099 3950 1098 3949</p></triangles>
        <triangles count="1200" material="MAT_COTTON_LEAF_1-mat"><input semantic="VERTEX" source="#ROW_09_SEG5_foliage-vtx" offset="0"/><input semantic="NORMAL" source="#ROW_09_SEG5_foliage-nrm" offset="1"/><p>1100 1098 1101 1099 1102 1100 1100 1098 1102 1100 1103 1101 1100 1098 1103 1101 1104 1102 1100 1098 1104 1102 1105 1103 1100 1098 1105 1103 1106 1104 1100 1098 1106 1104 1107 1105 1100 1098 1107 1105 1108 1106 1100 1098 1108 1106 1109 1107 1100 1098 1109 1107 1110 1108 1100 1098 1110 1108 1111 1109 1100 1098 1111 1109 1112 1110 1100 1098 1112 1110 1113 1111 1100 1098 1113 1111 1114 1112 1100 1098 1114 1112 1115 1113 1100 1098 1115 1113 1116 1114 1100 1098 1116 1114 1117 1115 1100 1098 1117 1115 1118 1116 1100 1098 1118 1116 1119 1117 1100 1098 1119 1117 1120 1118 1100 1098 1120 1118 1121 1119 1100 1098 1121 1119 1122 1120 1100 1098 1122 1120 1123 1121 1100 1098 1123 1121 1124 1122 1100 1098 1124 1122 1125 1123 1100 1098 1125 1123 1126 1124 1100 1098 1126 1124 1127 1125 1100 1098 1127 1125 1128 1126 1100 1098 1128 1126 1129 1127 1100 1098 1129 1127 1130 1128 1100 1098 1130 1128 1131 1129 1132 1130 1133 1131 1134 1132 1132 1130 1134 1132 1135 1133 1132 1130 1135 1133 1136 1134 1132 1130 1136 1134 1137 1135 1132 1130 1137 1135 1138 1136 1132 1130 1138 1136 1139 1137 1132 1130 1139 1137 1140 1138 1132 1130 1140 1138 1141 1139 1132 1130 1141 1139 1142 1140 1132 1130 1142 1140 1143 1141 1132 1130 1143 1141 1144 1142 1132 1130 1144 1142 1145 1143 1132 1130 1145 1143 1146 1144 1132 1130 1146 1144 1147 1145 1132 1130 1147 1145 1148 1146 1132 1130 1148 1146 1149 1147 1132 1130 1149 1147 1150 1148 1132 1130 1150 1148 1151 1149 1132 1130 1151 1149 1152 1150 1132 1130 1152 1150 1153 1151 1132 1130 1153 1151 1154 1152 1132 1130 1154 1152 1155 1153 1132 1130 1155 1153 1156 1154 1132 1130 1156 1154 1157 1155 1132 1130 1157 1155 1158 1156 1132 1130 1158 1156 1159 1157 1132 1130 1159 1157 1160 1158 1132 1130 1160 1158 1161 1159 1132 1130 1161 1159 1162 1160 1132 1130 1162 1160 1163 1161 1164 1162 1165 1163 1166 1164 1164 1162 1166 1164 1167 1165 1164 1162 1167 1165 1168 1166 1164 1162 1168 1166 1169 1167 1164 1162 1169 1167 1170 1168 1164 1162 1170 1168 1171 1169 1164 1162 1171 1169 1172 1170 1164 1162 1172 1170 1173 1171 1164 1162 1173 1171 1174 1172 1164 1162 1174 1172 1175 1173 1164 1162 1175 1173 1176 1174 1164 1162 1176 1174 1177 1175 1164 1162 1177 1175 1178 1176 1164 1162 1178 1176 1179 1177 1164 1162 1179 1177 1180 1178 1164 1162 1180 1178 1181 1179 1164 1162 1181 1179 1182 1180 1164 1162 1182 1180 1183 1181 1164 1162 1183 1181 1184 1182 1164 1162 1184 1182 1185 1183 1164 1162 1185 1183 1186 1184 1164 1162 1186 1184 1187 1185 1164 1162 1187 1185 1188 1186 1164 1162 1188 1186 1189 1187 1164 1162 1189 1187 1190 1188 1164 1162 1190 1188 1191 1189 1164 1162 1191 1189 1192 1190 1164 1162 1192 1190 1193 1191 1164 1162 1193 1191 1194 1192 1164 1162 1194 1192 1195 1193 1196 1194 1197 1195 1198 1196 1196 1194 1198 1196 1199 1197 1196 1194 1199 1197 1200 1198 1196 1194 1200 1198 1201 1199 1196 1194 1201 1199 1202 1200 1196 1194 1202 1200 1203 1201 1196 1194 1203 1201 1204 1202 1196 1194 1204 1202 1205 1203 1196 1194 1205 1203 1206 1204 1196 1194 1206 1204 1207 1205 1196 1194 1207 1205 1208 1206 1196 1194 1208 1206 1209 1207 1196 1194 1209 1207 1210 1208 1196 1194 1210 1208 1211 1209 1196 1194 1211 1209 1212 1210 1196 1194 1212 1210 1213 1211 1196 1194 1213 1211 1214 1212 1196 1194 1214 1212 1215 1213 1196 1194 1215 1213 1216 1214 1196 1194 1216 1214 1217 1215 1196 1194 1217 1215 1218 1216 1196 1194 1218 1216 1219 1217 1196 1194 1219 1217 1220 1218 1196 1194 1220 1218 1221 1219 1196 1194 1221 1219 1222 1220 1196 1194 1222 1220 1223 1221 1196 1194 1223 1221 1224 1222 1196 1194 1224 1222 1225 1223 1196 1194 1225 1223 1226 1224 1196 1194 1226 1224 1227 1225 1228 1226 1229 1227 1230 1228 1228 1226 1230 1228 1231 1229 1228 1226 1231 1229 1232 1230 1228 1226 1232 1230 1233 1231 1228 1226 1233 1231 1234 1232 1228 1226 1234 1232 1235 1233 1228 1226 1235 1233 1236 1234 1228 1226 1236 1234 1237 1235 1228 1226 1237 1235 1238 1236 1228 1226 1238 1236 1239 1237 1228 1226 1239 1237 1240 1238 1228 1226 1240 1238 1241 1239 1228 1226 1241 1239 1242 1240 1228 1226 1242 1240 1243 1241 1228 1226 1243 1241 1244 1242 1228 1226 1244 1242 1245 1243 1228 1226 1245 1243 1246 1244 1228 1226 1246 1244 1247 1245 1228 1226 1247 1245 1248 1246 1228 1226 1248 1246 1249 1247 1228 1226 1249 1247 1250 1248 1228 1226 1250 1248 1251 1249 1228 1226 1251 1249 1252 1250 1228 1226 1252 1250 1253 1251 1228 1226 1253 1251 1254 1252 1228 1226 1254 1252 1255 1253 1228 1226 1255 1253 1256 1254 1228 1226 1256 1254 1257 1255 1228 1226 1257 1255 1258 1256 1228 1226 1258 1256 1259 1257 1260 1258 1261 1259 1262 1260 1260 1258 1262 1260 1263 1261 1260 1258 1263 1261 1264 1262 1260 1258 1264 1262 1265 1263 1260 1258 1265 1263 1266 1264 1260 1258 1266 1264 1267 1265 1260 1258 1267 1265 1268 1266 1260 1258 1268 1266 1269 1267 1260 1258 1269 1267 1270 1268 1260 1258 1270 1268 1271 1269 1260 1258 1271 1269 1272 1270 1260 1258 1272 1270 1273 1271 1260 1258 1273 1271 1274 1272 1260 1258 1274 1272 1275 1273 1260 1258 1275 1273 1276 1274 1260 1258 1276 1274 1277 1275 1260 1258 1277 1275 1278 1276 1260 1258 1278 1276 1279 1277 1260 1258 1279 1277 1280 1278 1260 1258 1280 1278 1281 1279 1260 1258 1281 1279 1282 1280 1260 1258 1282 1280 1283 1281 1260 1258 1283 1281 1284 1282 1260 1258 1284 1282 1285 1283 1260 1258 1285 1283 1286 1284 1260 1258 1286 1284 1287 1285 1260 1258 1287 1285 1288 1286 1260 1258 1288 1286 1289 1287 1260 1258 1289 1287 1290 1288 1260 1258 1290 1288 1291 1289 1292 1290 1293 1291 1294 1292 1292 1290 1294 1292 1295 1293 1292 1290 1295 1293 1296 1294 1292 1290 1296 1294 1297 1295 1292 1290 1297 1295 1298 1296 1292 1290 1298 1296 1299 1297 1292 1290 1299 1297 1300 1298 1292 1290 1300 1298 1301 1299 1292 1290 1301 1299 1302 1300 1292 1290 1302 1300 1303 1301 1292 1290 1303 1301 1304 1302 1292 1290 1304 1302 1305 1303 1292 1290 1305 1303 1306 1304 1292 1290 1306 1304 1307 1305 1292 1290 1307 1305 1308 1306 1292 1290 1308 1306 1309 1307 1292 1290 1309 1307 1310 1308 1292 1290 1310 1308 1311 1309 1292 1290 1311 1309 1312 1310 1292 1290 1312 1310 1313 1311 1292 1290 1313 1311 1314 1312 1292 1290 1314 1312 1315 1313 1292 1290 1315 1313 1316 1314 1292 1290 1316 1314 1317 1315 1292 1290 1317 1315 1318 1316 1292 1290 1318 1316 1319 1317 1292 1290 1319 1317 1320 1318 1292 1290 1320 1318 1321 1319 1292 1290 1321 1319 1322 1320 1292 1290 1322 1320 1323 1321 1324 1322 1325 1323 1326 1324 1324 1322 1326 1324 1327 1325 1324 1322 1327 1325 1328 1326 1324 1322 1328 1326 1329 1327 1324 1322 1329 1327 1330 1328 1324 1322 1330 1328 1331 1329 1324 1322 1331 1329 1332 1330 1324 1322 1332 1330 1333 1331 1324 1322 1333 1331 1334 1332 1324 1322 1334 1332 1335 1333 1324 1322 1335 1333 1336 1334 1324 1322 1336 1334 1337 1335 1324 1322 1337 1335 1338 1336 1324 1322 1338 1336 1339 1337 1324 1322 1339 1337 1340 1338 1324 1322 1340 1338 1341 1339 1324 1322 1341 1339 1342 1340 1324 1322 1342 1340 1343 1341 1324 1322 1343 1341 1344 1342 1324 1322 1344 1342 1345 1343 1324 1322 1345 1343 1346 1344 1324 1322 1346 1344 1347 1345 1324 1322 1347 1345 1348 1346 1324 1322 1348 1346 1349 1347 1324 1322 1349 1347 1350 1348 1324 1322 1350 1348 1351 1349 1324 1322 1351 1349 1352 1350 1324 1322 1352 1350 1353 1351 1324 1322 1353 1351 1354 1352 1324 1322 1354 1352 1355 1353 1356 1354 1357 1355 1358 1356 1356 1354 1358 1356 1359 1357 1356 1354 1359 1357 1360 1358 1356 1354 1360 1358 1361 1359 1356 1354 1361 1359 1362 1360 1356 1354 1362 1360 1363 1361 1356 1354 1363 1361 1364 1362 1356 1354 1364 1362 1365 1363 1356 1354 1365 1363 1366 1364 1356 1354 1366 1364 1367 1365 1356 1354 1367 1365 1368 1366 1356 1354 1368 1366 1369 1367 1356 1354 1369 1367 1370 1368 1356 1354 1370 1368 1371 1369 1356 1354 1371 1369 1372 1370 1356 1354 1372 1370 1373 1371 1356 1354 1373 1371 1374 1372 1356 1354 1374 1372 1375 1373 1356 1354 1375 1373 1376 1374 1356 1354 1376 1374 1377 1375 1356 1354 1377 1375 1378 1376 1356 1354 1378 1376 1379 1377 1356 1354 1379 1377 1380 1378 1356 1354 1380 1378 1381 1379 1356 1354 1381 1379 1382 1380 1356 1354 1382 1380 1383 1381 1356 1354 1383 1381 1384 1382 1356 1354 1384 1382 1385 1383 1356 1354 1385 1383 1386 1384 1356 1354 1386 1384 1387 1385 1388 1386 1389 1387 1390 1388 1388 1386 1390 1388 1391 1389 1388 1386 1391 1389 1392 1390 1388 1386 1392 1390 1393 1391 1388 1386 1393 1391 1394 1392 1388 1386 1394 1392 1395 1393 1388 1386 1395 1393 1396 1394 1388 1386 1396 1394 1397 1395 1388 1386 1397 1395 1398 1396 1388 1386 1398 1396 1399 1397 1388 1386 1399 1397 1400 1398 1388 1386 1400 1398 1401 1399 1388 1386 1401 1399 1402 1400 1388 1386 1402 1400 1403 1401 1388 1386 1403 1401 1404 1402 1388 1386 1404 1402 1405 1403 1388 1386 1405 1403 1406 1404 1388 1386 1406 1404 1407 1405 1388 1386 1407 1405 1408 1406 1388 1386 1408 1406 1409 1407 1388 1386 1409 1407 1410 1408 1388 1386 1410 1408 1411 1409 1388 1386 1411 1409 1412 1410 1388 1386 1412 1410 1413 1411 1388 1386 1413 1411 1414 1412 1388 1386 1414 1412 1415 1413 1388 1386 1415 1413 1416 1414 1388 1386 1416 1414 1417 1415 1388 1386 1417 1415 1418 1416 1388 1386 1418 1416 1419 1417 1420 1418 1421 1419 1422 1420 1420 1418 1422 1420 1423 1421 1420 1418 1423 1421 1424 1422 1420 1418 1424 1422 1425 1423 1420 1418 1425 1423 1426 1424 1420 1418 1426 1424 1427 1425 1420 1418 1427 1425 1428 1426 1420 1418 1428 1426 1429 1427 1420 1418 1429 1427 1430 1428 1420 1418 1430 1428 1431 1429 1420 1418 1431 1429 1432 1430 1420 1418 1432 1430 1433 1431 1420 1418 1433 1431 1434 1432 1420 1418 1434 1432 1435 1433 1420 1418 1435 1433 1436 1434 1420 1418 1436 1434 1437 1435 1420 1418 1437 1435 1438 1436 1420 1418 1438 1436 1439 1437 1420 1418 1439 1437 1440 1438 1420 1418 1440 1438 1441 1439 1420 1418 1441 1439 1442 1440 1420 1418 1442 1440 1443 1441 1420 1418 1443 1441 1444 1442 1420 1418 1444 1442 1445 1443 1420 1418 1445 1443 1446 1444 1420 1418 1446 1444 1447 1445 1420 1418 1447 1445 1448 1446 1420 1418 1448 1446 1449 1447 1420 1418 1449 1447 1450 1448 1420 1418 1450 1448 1451 1449 1452 1450 1453 1451 1454 1452 1452 1450 1454 1452 1455 1453 1452 1450 1455 1453 1456 1454 1452 1450 1456 1454 1457 1455 1452 1450 1457 1455 1458 1456 1452 1450 1458 1456 1459 1457 1452 1450 1459 1457 1460 1458 1452 1450 1460 1458 1461 1459 1452 1450 1461 1459 1462 1460 1452 1450 1462 1460 1463 1461 1452 1450 1463 1461 1464 1462 1452 1450 1464 1462 1465 1463 1452 1450 1465 1463 1466 1464 1452 1450 1466 1464 1467 1465 1452 1450 1467 1465 1468 1466 1452 1450 1468 1466 1469 1467 1452 1450 1469 1467 1470 1468 1452 1450 1470 1468 1471 1469 1452 1450 1471 1469 1472 1470 1452 1450 1472 1470 1473 1471 1452 1450 1473 1471 1474 1472 1452 1450 1474 1472 1475 1473 1452 1450 1475 1473 1476 1474 1452 1450 1476 1474 1477 1475 1452 1450 1477 1475 1478 1476 1452 1450 1478 1476 1479 1477 1452 1450 1479 1477 1480 1478 1452 1450 1480 1478 1481 1364 1452 1450 1481 1364 1482 1479 1452 1450 1482 1479 1483 1480 1484 1481 1485 1482 1486 1483 1484 1481 1486 1483 1487 1484 1484 1481 1487 1484 1488 1485 1484 1481 1488 1485 1489 1486 1484 1481 1489 1486 1490 1487 1484 1481 1490 1487 1491 1488 1484 1481 1491 1488 1492 1489 1484 1481 1492 1489 1493 1490 1484 1481 1493 1490 1494 1491 1484 1481 1494 1491 1495 1492 1484 1481 1495 1492 1496 1493 1484 1481 1496 1493 1497 1494 1484 1481 1497 1494 1498 1495 1484 1481 1498 1495 1499 1496 1484 1481 1499 1496 1500 1497 1484 1481 1500 1497 1501 1498 1484 1481 1501 1498 1502 1499 1484 1481 1502 1499 1503 1500 1484 1481 1503 1500 1504 1501 1484 1481 1504 1501 1505 1502 1484 1481 1505 1502 1506 1503 1484 1481 1506 1503 1507 1504 1484 1481 1507 1504 1508 1505 1484 1481 1508 1505 1509 1506 1484 1481 1509 1506 1510 1507 1484 1481 1510 1507 1511 1508 1484 1481 1511 1508 1512 1509 1484 1481 1512 1509 1513 1510 1484 1481 1513 1510 1514 1511 1484 1481 1514 1511 1515 1512 1516 1513 1517 1514 1518 1515 1516 1513 1518 1515 1519 1516 1516 1513 1519 1516 1520 1517 1516 1513 1520 1517 1521 1518 1516 1513 1521 1518 1522 1519 1516 1513 1522 1519 1523 1520 1516 1513 1523 1520 1524 1521 1516 1513 1524 1521 1525 1522 1516 1513 1525 1522 1526 1523 1516 1513 1526 1523 1527 1524 1516 1513 1527 1524 1528 1525 1516 1513 1528 1525 1529 1526 1516 1513 1529 1526 1530 1527 1516 1513 1530 1527 1531 1528 1516 1513 1531 1528 1532 1529 1516 1513 1532 1529 1533 1530 1516 1513 1533 1530 1534 1531 1516 1513 1534 1531 1535 1532 1516 1513 1535 1532 1536 1533 1516 1513 1536 1533 1537 1534 1516 1513 1537 1534 1538 1535 1516 1513 1538 1535 1539 1536 1516 1513 1539 1536 1540 1537 1516 1513 1540 1537 1541 1538 1516 1513 1541 1538 1542 1539 1516 1513 1542 1539 1543 1540 1516 1513 1543 1540 1544 1541 1516 1513 1544 1541 1545 1542 1516 1513 1545 1542 1546 1543 1516 1513 1546 1543 1547 1544 1548 1545 1549 1546 1550 1547 1548 1545 1550 1547 1551 1548 1548 1545 1551 1548 1552 1549 1548 1545 1552 1549 1553 1550 1548 1545 1553 1550 1554 1551 1548 1545 1554 1551 1555 1552 1548 1545 1555 1552 1556 1553 1548 1545 1556 1553 1557 1554 1548 1545 1557 1554 1558 1555 1548 1545 1558 1555 1559 1556 1548 1545 1559 1556 1560 1557 1548 1545 1560 1557 1561 1558 1548 1545 1561 1558 1562 1559 1548 1545 1562 1559 1563 1560 1548 1545 1563 1560 1564 1561 1548 1545 1564 1561 1565 1562 1548 1545 1565 1562 1566 1563 1548 1545 1566 1563 1567 1564 1548 1545 1567 1564 1568 1565 1548 1545 1568 1565 1569 1566 1548 1545 1569 1566 1570 1567 1548 1545 1570 1567 1571 1568 1548 1545 1571 1568 1572 1569 1548 1545 1572 1569 1573 1570 1548 1545 1573 1570 1574 1571 1548 1545 1574 1571 1575 1572 1548 1545 1575 1572 1576 1573 1548 1545 1576 1573 1577 1574 1548 1545 1577 1574 1578 1575 1548 1545 1578 1575 1579 1576 1580 1577 1581 1578 1582 1579 1580 1577 1582 1579 1583 1580 1580 1577 1583 1580 1584 1581 1580 1577 1584 1581 1585 1582 1580 1577 1585 1582 1586 1583 1580 1577 1586 1583 1587 1584 1580 1577 1587 1584 1588 1585 1580 1577 1588 1585 1589 1586 1580 1577 1589 1586 1590 1587 1580 1577 1590 1587 1591 1588 1580 1577 1591 1588 1592 1589 1580 1577 1592 1589 1593 1590 1580 1577 1593 1590 1594 1591 1580 1577 1594 1591 1595 1592 1580 1577 1595 1592 1596 1593 1580 1577 1596 1593 1597 1594 1580 1577 1597 1594 1598 1595 1580 1577 1598 1595 1599 1596 1580 1577 1599 1596 1600 1597 1580 1577 1600 1597 1601 1598 1580 1577 1601 1598 1602 1599 1580 1577 1602 1599 1603 1600 1580 1577 1603 1600 1604 1601 1580 1577 1604 1601 1605 1602 1580 1577 1605 1602 1606 1603 1580 1577 1606 1603 1607 1604 1580 1577 1607 1604 1608 1605 1580 1577 1608 1605 1609 1606 1580 1577 1609 1606 1610 1607 1580 1577 1610 1607 1611 1608 1612 1609 1613 1610 1614 1611 1612 1609 1614 1611 1615 1612 1612 1609 1615 1612 1616 1613 1612 1609 1616 1613 1617 1614 1612 1609 1617 1614 1618 1615 1612 1609 1618 1615 1619 1616 1612 1609 1619 1616 1620 1617 1612 1609 1620 1617 1621 1618 1612 1609 1621 1618 1622 1619 1612 1609 1622 1619 1623 1620 1612 1609 1623 1620 1624 1621 1612 1609 1624 1621 1625 1622 1612 1609 1625 1622 1626 1623 1612 1609 1626 1623 1627 1624 1612 1609 1627 1624 1628 1625 1612 1609 1628 1625 1629 1626 1612 1609 1629 1626 1630 1627 1612 1609 1630 1627 1631 1628 1612 1609 1631 1628 1632 1629 1612 1609 1632 1629 1633 1630 1612 1609 1633 1630 1634 1631 1612 1609 1634 1631 1635 1632 1612 1609 1635 1632 1636 1633 1612 1609 1636 1633 1637 1634 1612 1609 1637 1634 1638 1635 1612 1609 1638 1635 1639 1636 1612 1609 1639 1636 1640 1637 1612 1609 1640 1637 1641 1638 1612 1609 1641 1638 1642 1639 1612 1609 1642 1639 1643 1640 1644 1641 1645 1642 1646 1643 1644 1641 1646 1643 1647 1644 1644 1641 1647 1644 1648 1645 1644 1641 1648 1645 1649 1646 1644 1641 1649 1646 1650 1647 1644 1641 1650 1647 1651 1648 1644 1641 1651 1648 1652 1649 1644 1641 1652 1649 1653 1650 1644 1641 1653 1650 1654 1651 1644 1641 1654 1651 1655 1652 1644 1641 1655 1652 1656 1653 1644 1641 1656 1653 1657 1654 1644 1641 1657 1654 1658 1655 1644 1641 1658 1655 1659 1656 1644 1641 1659 1656 1660 1657 1644 1641 1660 1657 1661 1658 1644 1641 1661 1658 1662 1659 1644 1641 1662 1659 1663 1660 1644 1641 1663 1660 1664 1661 1644 1641 1664 1661 1665 1662 1644 1641 1665 1662 1666 1663 1644 1641 1666 1663 1667 1664 1644 1641 1667 1664 1668 1665 1644 1641 1668 1665 1669 1666 1644 1641 1669 1666 1670 1667 1644 1641 1670 1667 1671 1668 1644 1641 1671 1668 1672 1669 1644 1641 1672 1669 1673 1670 1644 1641 1673 1670 1674 1671 1644 1641 1674 1671 1675 1672 1676 1673 1677 1674 1678 1675 1676 1673 1678 1675 1679 1676 1676 1673 1679 1676 1680 1677 1676 1673 1680 1677 1681 1678 1676 1673 1681 1678 1682 1679 1676 1673 1682 1679 1683 1680 1676 1673 1683 1680 1684 1681 1676 1673 1684 1681 1685 1682 1676 1673 1685 1682 1686 1683 1676 1673 1686 1683 1687 1684 1676 1673 1687 1684 1688 1685 1676 1673 1688 1685 1689 1686 1676 1673 1689 1686 1690 1687 1676 1673 1690 1687 1691 1688 1676 1673 1691 1688 1692 1689 1676 1673 1692 1689 1693 1690 1676 1673 1693 1690 1694 1691 1676 1673 1694 1691 1695 1692 1676 1673 1695 1692 1696 1693 1676 1673 1696 1693 1697 1694 1676 1673 1697 1694 1698 1695 1676 1673 1698 1695 1699 1696 1676 1673 1699 1696 1700 1697 1676 1673 1700 1697 1701 1698 1676 1673 1701 1698 1702 1699 1676 1673 1702 1699 1703 1700 1676 1673 1703 1700 1704 1701 1676 1673 1704 1701 1705 1702 1676 1673 1705 1702 1706 1703 1676 1673 1706 1703 1707 1704 1708 1705 1709 1706 1710 1707 1708 1705 1710 1707 1711 1708 1708 1705 1711 1708 1712 1709 1708 1705 1712 1709 1713 1710 1708 1705 1713 1710 1714 1711 1708 1705 1714 1711 1715 1712 1708 1705 1715 1712 1716 1713 1708 1705 1716 1713 1717 1714 1708 1705 1717 1714 1718 1715 1708 1705 1718 1715 1719 1716 1708 1705 1719 1716 1720 1717 1708 1705 1720 1717 1721 1718 1708 1705 1721 1718 1722 1719 1708 1705 1722 1719 1723 1720 1708 1705 1723 1720 1724 1721 1708 1705 1724 1721 1725 1722 1708 1705 1725 1722 1726 1723 1708 1705 1726 1723 1727 1724 1708 1705 1727 1724 1728 1725 1708 1705 1728 1725 1729 1726 1708 1705 1729 1726 1730 1727 1708 1705 1730 1727 1731 1728 1708 1705 1731 1728 1732 1729 1708 1705 1732 1729 1733 1730 1708 1705 1733 1730 1734 1731 1708 1705 1734 1731 1735 1732 1708 1705 1735 1732 1736 1733 1708 1705 1736 1733 1737 1734 1708 1705 1737 1734 1738 1735 1708 1705 1738 1735 1739 1736 1100 3951 1102 3953 1101 3952 1100 3951 1103 3954 1102 3953 1100 3951 1104 3955 1103 3954 1100 3951 1105 3956 1104 3955 1100 3951 1106 3957 1105 3956 1100 3951 1107 3958 1106 3957 1100 3951 1108 3959 1107 3958 1100 3951 1109 3960 1108 3959 1100 3951 1110 3961 1109 3960 1100 3951 1111 3962 1110 3961 1100 3951 1112 3963 1111 3962 1100 3951 1113 3964 1112 3963 1100 3951 1114 3965 1113 3964 1100 3951 1115 3966 1114 3965 1100 3951 1116 3967 1115 3966 1100 3951 1117 3968 1116 3967 1100 3951 1118 3969 1117 3968 1100 3951 1119 3970 1118 3969 1100 3951 1120 3971 1119 3970 1100 3951 1121 3972 1120 3971 1100 3951 1122 3973 1121 3972 1100 3951 1123 3974 1122 3973 1100 3951 1124 3975 1123 3974 1100 3951 1125 3976 1124 3975 1100 3951 1126 3977 1125 3976 1100 3951 1127 3978 1126 3977 1100 3951 1128 3979 1127 3978 1100 3951 1129 3980 1128 3979 1100 3951 1130 3981 1129 3980 1100 3951 1131 3982 1130 3981 1132 3983 1134 3985 1133 3984 1132 3983 1135 3986 1134 3985 1132 3983 1136 3987 1135 3986 1132 3983 1137 3988 1136 3987 1132 3983 1138 3989 1137 3988 1132 3983 1139 3990 1138 3989 1132 3983 1140 3991 1139 3990 1132 3983 1141 3992 1140 3991 1132 3983 1142 3993 1141 3992 1132 3983 1143 3994 1142 3993 1132 3983 1144 3995 1143 3994 1132 3983 1145 3996 1144 3995 1132 3983 1146 3997 1145 3996 1132 3983 1147 3998 1146 3997 1132 3983 1148 3999 1147 3998 1132 3983 1149 4000 1148 3999 1132 3983 1150 4001 1149 4000 1132 3983 1151 4002 1150 4001 1132 3983 1152 4003 1151 4002 1132 3983 1153 4004 1152 4003 1132 3983 1154 4005 1153 4004 1132 3983 1155 4006 1154 4005 1132 3983 1156 4007 1155 4006 1132 3983 1157 4008 1156 4007 1132 3983 1158 4009 1157 4008 1132 3983 1159 4010 1158 4009 1132 3983 1160 4011 1159 4010 1132 3983 1161 4012 1160 4011 1132 3983 1162 4013 1161 4012 1132 3983 1163 4014 1162 4013 1164 4015 1166 4017 1165 4016 1164 4015 1167 4018 1166 4017 1164 4015 1168 4019 1167 4018 1164 4015 1169 4020 1168 4019 1164 4015 1170 4021 1169 4020 1164 4015 1171 4022 1170 4021 1164 4015 1172 4023 1171 4022 1164 4015 1173 4024 1172 4023 1164 4015 1174 4025 1173 4024 1164 4015 1175 4026 1174 4025 1164 4015 1176 4027 1175 4026 1164 4015 1177 4028 1176 4027 1164 4015 1178 4029 1177 4028 1164 4015 1179 4030 1178 4029 1164 4015 1180 4031 1179 4030 1164 4015 1181 4032 1180 4031 1164 4015 1182 4033 1181 4032 1164 4015 1183 4034 1182 4033 1164 4015 1184 4035 1183 4034 1164 4015 1185 4036 1184 4035 1164 4015 1186 4037 1185 4036 1164 4015 1187 4038 1186 4037 1164 4015 1188 4039 1187 4038 1164 4015 1189 4040 1188 4039 1164 4015 1190 4041 1189 4040 1164 4015 1191 4042 1190 4041 1164 4015 1192 4043 1191 4042 1164 4015 1193 4044 1192 4043 1164 4015 1194 4045 1193 4044 1164 4015 1195 4046 1194 4045 1196 4047 1198 4049 1197 4048 1196 4047 1199 4050 1198 4049 1196 4047 1200 4051 1199 4050 1196 4047 1201 4052 1200 4051 1196 4047 1202 4053 1201 4052 1196 4047 1203 4054 1202 4053 1196 4047 1204 4055 1203 4054 1196 4047 1205 4056 1204 4055 1196 4047 1206 4057 1205 4056 1196 4047 1207 4058 1206 4057 1196 4047 1208 4059 1207 4058 1196 4047 1209 4060 1208 4059 1196 4047 1210 4061 1209 4060 1196 4047 1211 4062 1210 4061 1196 4047 1212 4063 1211 4062 1196 4047 1213 4064 1212 4063 1196 4047 1214 4065 1213 4064 1196 4047 1215 4066 1214 4065 1196 4047 1216 4067 1215 4066 1196 4047 1217 4068 1216 4067 1196 4047 1218 4069 1217 4068 1196 4047 1219 4070 1218 4069 1196 4047 1220 4071 1219 4070 1196 4047 1221 4072 1220 4071 1196 4047 1222 4073 1221 4072 1196 4047 1223 4074 1222 4073 1196 4047 1224 4075 1223 4074 1196 4047 1225 4076 1224 4075 1196 4047 1226 4077 1225 4076 1196 4047 1227 4078 1226 4077 1228 4079 1230 4081 1229 4080 1228 4079 1231 4082 1230 4081 1228 4079 1232 4083 1231 4082 1228 4079 1233 4084 1232 4083 1228 4079 1234 4085 1233 4084 1228 4079 1235 4086 1234 4085 1228 4079 1236 4087 1235 4086 1228 4079 1237 4088 1236 4087 1228 4079 1238 4089 1237 4088 1228 4079 1239 4090 1238 4089 1228 4079 1240 4091 1239 4090 1228 4079 1241 4092 1240 4091 1228 4079 1242 4093 1241 4092 1228 4079 1243 4094 1242 4093 1228 4079 1244 4095 1243 4094 1228 4079 1245 4096 1244 4095 1228 4079 1246 4097 1245 4096 1228 4079 1247 4098 1246 4097 1228 4079 1248 4099 1247 4098 1228 4079 1249 4100 1248 4099 1228 4079 1250 4101 1249 4100 1228 4079 1251 4102 1250 4101 1228 4079 1252 4103 1251 4102 1228 4079 1253 4104 1252 4103 1228 4079 1254 4105 1253 4104 1228 4079 1255 4106 1254 4105 1228 4079 1256 4107 1255 4106 1228 4079 1257 4108 1256 4107 1228 4079 1258 4109 1257 4108 1228 4079 1259 4110 1258 4109 1260 4111 1262 4113 1261 4112 1260 4111 1263 4114 1262 4113 1260 4111 1264 4115 1263 4114 1260 4111 1265 4116 1264 4115 1260 4111 1266 4117 1265 4116 1260 4111 1267 4118 1266 4117 1260 4111 1268 4119 1267 4118 1260 4111 1269 4120 1268 4119 1260 4111 1270 4121 1269 4120 1260 4111 1271 4122 1270 4121 1260 4111 1272 4123 1271 4122 1260 4111 1273 4124 1272 4123 1260 4111 1274 4125 1273 4124 1260 4111 1275 4126 1274 4125 1260 4111 1276 4127 1275 4126 1260 4111 1277 4128 1276 4127 1260 4111 1278 4129 1277 4128 1260 4111 1279 4130 1278 4129 1260 4111 1280 4131 1279 4130 1260 4111 1281 4132 1280 4131 1260 4111 1282 4133 1281 4132 1260 4111 1283 4134 1282 4133 1260 4111 1284 4135 1283 4134 1260 4111 1285 4136 1284 4135 1260 4111 1286 4137 1285 4136 1260 4111 1287 4138 1286 4137 1260 4111 1288 4139 1287 4138 1260 4111 1289 4140 1288 4139 1260 4111 1290 4141 1289 4140 1260 4111 1291 4142 1290 4141 1292 4143 1294 4145 1293 4144 1292 4143 1295 4146 1294 4145 1292 4143 1296 4147 1295 4146 1292 4143 1297 4148 1296 4147 1292 4143 1298 4149 1297 4148 1292 4143 1299 4150 1298 4149 1292 4143 1300 4151 1299 4150 1292 4143 1301 4152 1300 4151 1292 4143 1302 4153 1301 4152 1292 4143 1303 4154 1302 4153 1292 4143 1304 4155 1303 4154 1292 4143 1305 4156 1304 4155 1292 4143 1306 4157 1305 4156 1292 4143 1307 4158 1306 4157 1292 4143 1308 4159 1307 4158 1292 4143 1309 4160 1308 4159 1292 4143 1310 4161 1309 4160 1292 4143 1311 4162 1310 4161 1292 4143 1312 4163 1311 4162 1292 4143 1313 4164 1312 4163 1292 4143 1314 4165 1313 4164 1292 4143 1315 4166 1314 4165 1292 4143 1316 4167 1315 4166 1292 4143 1317 4168 1316 4167 1292 4143 1318 4169 1317 4168 1292 4143 1319 4170 1318 4169 1292 4143 1320 4171 1319 4170 1292 4143 1321 4172 1320 4171 1292 4143 1322 4173 1321 4172 1292 4143 1323 4174 1322 4173 1324 4175 1326 4177 1325 4176 1324 4175 1327 4178 1326 4177 1324 4175 1328 4179 1327 4178 1324 4175 1329 4180 1328 4179 1324 4175 1330 4181 1329 4180 1324 4175 1331 4182 1330 4181 1324 4175 1332 4183 1331 4182 1324 4175 1333 4184 1332 4183 1324 4175 1334 4185 1333 4184 1324 4175 1335 4186 1334 4185 1324 4175 1336 4187 1335 4186 1324 4175 1337 4188 1336 4187 1324 4175 1338 4189 1337 4188 1324 4175 1339 4190 1338 4189 1324 4175 1340 4191 1339 4190 1324 4175 1341 4192 1340 4191 1324 4175 1342 4193 1341 4192 1324 4175 1343 4194 1342 4193 1324 4175 1344 4195 1343 4194 1324 4175 1345 4196 1344 4195 1324 4175 1346 4197 1345 4196 1324 4175 1347 4198 1346 4197 1324 4175 1348 4199 1347 4198 1324 4175 1349 4200 1348 4199 1324 4175 1350 4201 1349 4200 1324 4175 1351 4202 1350 4201 1324 4175 1352 4203 1351 4202 1324 4175 1353 4204 1352 4203 1324 4175 1354 4205 1353 4204 1324 4175 1355 4206 1354 4205 1356 4207 1358 4209 1357 4208 1356 4207 1359 4210 1358 4209 1356 4207 1360 4211 1359 4210 1356 4207 1361 4212 1360 4211 1356 4207 1362 4213 1361 4212 1356 4207 1363 4214 1362 4213 1356 4207 1364 4215 1363 4214 1356 4207 1365 4216 1364 4215 1356 4207 1366 4217 1365 4216 1356 4207 1367 4218 1366 4217 1356 4207 1368 4219 1367 4218 1356 4207 1369 4220 1368 4219 1356 4207 1370 4221 1369 4220 1356 4207 1371 4222 1370 4221 1356 4207 1372 4223 1371 4222 1356 4207 1373 4224 1372 4223 1356 4207 1374 4225 1373 4224 1356 4207 1375 4226 1374 4225 1356 4207 1376 4227 1375 4226 1356 4207 1377 4228 1376 4227 1356 4207 1378 4229 1377 4228 1356 4207 1379 4230 1378 4229 1356 4207 1380 4231 1379 4230 1356 4207 1381 4232 1380 4231 1356 4207 1382 4233 1381 4232 1356 4207 1383 4234 1382 4233 1356 4207 1384 4235 1383 4234 1356 4207 1385 4236 1384 4235 1356 4207 1386 4237 1385 4236 1356 4207 1387 4238 1386 4237 1388 4239 1390 4241 1389 4240 1388 4239 1391 4242 1390 4241 1388 4239 1392 4243 1391 4242 1388 4239 1393 4244 1392 4243 1388 4239 1394 4245 1393 4244 1388 4239 1395 4246 1394 4245 1388 4239 1396 4247 1395 4246 1388 4239 1397 4248 1396 4247 1388 4239 1398 4249 1397 4248 1388 4239 1399 4250 1398 4249 1388 4239 1400 4251 1399 4250 1388 4239 1401 4252 1400 4251 1388 4239 1402 4253 1401 4252 1388 4239 1403 4254 1402 4253 1388 4239 1404 4255 1403 4254 1388 4239 1405 4256 1404 4255 1388 4239 1406 4257 1405 4256 1388 4239 1407 4258 1406 4257 1388 4239 1408 4259 1407 4258 1388 4239 1409 4260 1408 4259 1388 4239 1410 4261 1409 4260 1388 4239 1411 4262 1410 4261 1388 4239 1412 4263 1411 4262 1388 4239 1413 4264 1412 4263 1388 4239 1414 4265 1413 4264 1388 4239 1415 4266 1414 4265 1388 4239 1416 4267 1415 4266 1388 4239 1417 4268 1416 4267 1388 4239 1418 4269 1417 4268 1388 4239 1419 4270 1418 4269 1420 4271 1422 4273 1421 4272 1420 4271 1423 4274 1422 4273 1420 4271 1424 4275 1423 4274 1420 4271 1425 4276 1424 4275 1420 4271 1426 4277 1425 4276 1420 4271 1427 4278 1426 4277 1420 4271 1428 4279 1427 4278 1420 4271 1429 4280 1428 4279 1420 4271 1430 4281 1429 4280 1420 4271 1431 4282 1430 4281 1420 4271 1432 4283 1431 4282 1420 4271 1433 4284 1432 4283 1420 4271 1434 4285 1433 4284 1420 4271 1435 4286 1434 4285 1420 4271 1436 4287 1435 4286 1420 4271 1437 4288 1436 4287 1420 4271 1438 4289 1437 4288 1420 4271 1439 4290 1438 4289 1420 4271 1440 4291 1439 4290 1420 4271 1441 4292 1440 4291 1420 4271 1442 4293 1441 4292 1420 4271 1443 4294 1442 4293 1420 4271 1444 4295 1443 4294 1420 4271 1445 4296 1444 4295 1420 4271 1446 4297 1445 4296 1420 4271 1447 4298 1446 4297 1420 4271 1448 4299 1447 4298 1420 4271 1449 4300 1448 4299 1420 4271 1450 4301 1449 4300 1420 4271 1451 4302 1450 4301 1452 4303 1454 4305 1453 4304 1452 4303 1455 4306 1454 4305 1452 4303 1456 4307 1455 4306 1452 4303 1457 4308 1456 4307 1452 4303 1458 4309 1457 4308 1452 4303 1459 4310 1458 4309 1452 4303 1460 4311 1459 4310 1452 4303 1461 4312 1460 4311 1452 4303 1462 4313 1461 4312 1452 4303 1463 4314 1462 4313 1452 4303 1464 4315 1463 4314 1452 4303 1465 4316 1464 4315 1452 4303 1466 4317 1465 4316 1452 4303 1467 4318 1466 4317 1452 4303 1468 4319 1467 4318 1452 4303 1469 4320 1468 4319 1452 4303 1470 4321 1469 4320 1452 4303 1471 4322 1470 4321 1452 4303 1472 4323 1471 4322 1452 4303 1473 4324 1472 4323 1452 4303 1474 4325 1473 4324 1452 4303 1475 4326 1474 4325 1452 4303 1476 4327 1475 4326 1452 4303 1477 4328 1476 4327 1452 4303 1478 4329 1477 4328 1452 4303 1479 4330 1478 4329 1452 4303 1480 4331 1479 4330 1452 4303 1481 4217 1480 4331 1452 4303 1482 4332 1481 4217 1452 4303 1483 4333 1482 4332 1484 4334 1486 4336 1485 4335 1484 4334 1487 4337 1486 4336 1484 4334 1488 4338 1487 4337 1484 4334 1489 4339 1488 4338 1484 4334 1490 4340 1489 4339 1484 4334 1491 4341 1490 4340 1484 4334 1492 4342 1491 4341 1484 4334 1493 4343 1492 4342 1484 4334 1494 4344 1493 4343 1484 4334 1495 4345 1494 4344 1484 4334 1496 4346 1495 4345 1484 4334 1497 4347 1496 4346 1484 4334 1498 4348 1497 4347 1484 4334 1499 4349 1498 4348 1484 4334 1500 4350 1499 4349 1484 4334 1501 4351 1500 4350 1484 4334 1502 4352 1501 4351 1484 4334 1503 4353 1502 4352 1484 4334 1504 4354 1503 4353 1484 4334 1505 4355 1504 4354 1484 4334 1506 4356 1505 4355 1484 4334 1507 4357 1506 4356 1484 4334 1508 4358 1507 4357 1484 4334 1509 4359 1508 4358 1484 4334 1510 4360 1509 4359 1484 4334 1511 4361 1510 4360 1484 4334 1512 4362 1511 4361 1484 4334 1513 4363 1512 4362 1484 4334 1514 4364 1513 4363 1484 4334 1515 4365 1514 4364 1516 4366 1518 4368 1517 4367 1516 4366 1519 4369 1518 4368 1516 4366 1520 4370 1519 4369 1516 4366 1521 4371 1520 4370 1516 4366 1522 4372 1521 4371 1516 4366 1523 4373 1522 4372 1516 4366 1524 4374 1523 4373 1516 4366 1525 4375 1524 4374 1516 4366 1526 4376 1525 4375 1516 4366 1527 4377 1526 4376 1516 4366 1528 4378 1527 4377 1516 4366 1529 4379 1528 4378 1516 4366 1530 4380 1529 4379 1516 4366 1531 4381 1530 4380 1516 4366 1532 4382 1531 4381 1516 4366 1533 4383 1532 4382 1516 4366 1534 4384 1533 4383 1516 4366 1535 4385 1534 4384 1516 4366 1536 4386 1535 4385 1516 4366 1537 4387 1536 4386 1516 4366 1538 4388 1537 4387 1516 4366 1539 4389 1538 4388 1516 4366 1540 4390 1539 4389 1516 4366 1541 4391 1540 4390 1516 4366 1542 4392 1541 4391 1516 4366 1543 4393 1542 4392 1516 4366 1544 4394 1543 4393 1516 4366 1545 4395 1544 4394 1516 4366 1546 4396 1545 4395 1516 4366 1547 4397 1546 4396 1548 4398 1550 4400 1549 4399 1548 4398 1551 4401 1550 4400 1548 4398 1552 4402 1551 4401 1548 4398 1553 4403 1552 4402 1548 4398 1554 4404 1553 4403 1548 4398 1555 4405 1554 4404 1548 4398 1556 4406 1555 4405 1548 4398 1557 4407 1556 4406 1548 4398 1558 4408 1557 4407 1548 4398 1559 4409 1558 4408 1548 4398 1560 4410 1559 4409 1548 4398 1561 4411 1560 4410 1548 4398 1562 4412 1561 4411 1548 4398 1563 4413 1562 4412 1548 4398 1564 4414 1563 4413 1548 4398 1565 4415 1564 4414 1548 4398 1566 4416 1565 4415 1548 4398 1567 4417 1566 4416 1548 4398 1568 4418 1567 4417 1548 4398 1569 4419 1568 4418 1548 4398 1570 4420 1569 4419 1548 4398 1571 4421 1570 4420 1548 4398 1572 4422 1571 4421 1548 4398 1573 4423 1572 4422 1548 4398 1574 4424 1573 4423 1548 4398 1575 4425 1574 4424 1548 4398 1576 4426 1575 4425 1548 4398 1577 4427 1576 4426 1548 4398 1578 4428 1577 4427 1548 4398 1579 4429 1578 4428 1580 4430 1582 4432 1581 4431 1580 4430 1583 4433 1582 4432 1580 4430 1584 4434 1583 4433 1580 4430 1585 4435 1584 4434 1580 4430 1586 4436 1585 4435 1580 4430 1587 4437 1586 4436 1580 4430 1588 4438 1587 4437 1580 4430 1589 4439 1588 4438 1580 4430 1590 4440 1589 4439 1580 4430 1591 4441 1590 4440 1580 4430 1592 4442 1591 4441 1580 4430 1593 4443 1592 4442 1580 4430 1594 4444 1593 4443 1580 4430 1595 4445 1594 4444 1580 4430 1596 4446 1595 4445 1580 4430 1597 4447 1596 4446 1580 4430 1598 4448 1597 4447 1580 4430 1599 4449 1598 4448 1580 4430 1600 4450 1599 4449 1580 4430 1601 4451 1600 4450 1580 4430 1602 4452 1601 4451 1580 4430 1603 4453 1602 4452 1580 4430 1604 4454 1603 4453 1580 4430 1605 4455 1604 4454 1580 4430 1606 4456 1605 4455 1580 4430 1607 4457 1606 4456 1580 4430 1608 4458 1607 4457 1580 4430 1609 4459 1608 4458 1580 4430 1610 4460 1609 4459 1580 4430 1611 4461 1610 4460 1612 4462 1614 4464 1613 4463 1612 4462 1615 4465 1614 4464 1612 4462 1616 4466 1615 4465 1612 4462 1617 4467 1616 4466 1612 4462 1618 4468 1617 4467 1612 4462 1619 4469 1618 4468 1612 4462 1620 4470 1619 4469 1612 4462 1621 4471 1620 4470 1612 4462 1622 4472 1621 4471 1612 4462 1623 4473 1622 4472 1612 4462 1624 4474 1623 4473 1612 4462 1625 4475 1624 4474 1612 4462 1626 4476 1625 4475 1612 4462 1627 4477 1626 4476 1612 4462 1628 4478 1627 4477 1612 4462 1629 4479 1628 4478 1612 4462 1630 4480 1629 4479 1612 4462 1631 4481 1630 4480 1612 4462 1632 4482 1631 4481 1612 4462 1633 4483 1632 4482 1612 4462 1634 4484 1633 4483 1612 4462 1635 4485 1634 4484 1612 4462 1636 4486 1635 4485 1612 4462 1637 4487 1636 4486 1612 4462 1638 4488 1637 4487 1612 4462 1639 4489 1638 4488 1612 4462 1640 4490 1639 4489 1612 4462 1641 4491 1640 4490 1612 4462 1642 4492 1641 4491 1612 4462 1643 4493 1642 4492 1644 4494 1646 4496 1645 4495 1644 4494 1647 4497 1646 4496 1644 4494 1648 4498 1647 4497 1644 4494 1649 4499 1648 4498 1644 4494 1650 4500 1649 4499 1644 4494 1651 4501 1650 4500 1644 4494 1652 4502 1651 4501 1644 4494 1653 4503 1652 4502 1644 4494 1654 4504 1653 4503 1644 4494 1655 4505 1654 4504 1644 4494 1656 4506 1655 4505 1644 4494 1657 4507 1656 4506 1644 4494 1658 4508 1657 4507 1644 4494 1659 4509 1658 4508 1644 4494 1660 4510 1659 4509 1644 4494 1661 4511 1660 4510 1644 4494 1662 4512 1661 4511 1644 4494 1663 4513 1662 4512 1644 4494 1664 4514 1663 4513 1644 4494 1665 4515 1664 4514 1644 4494 1666 4516 1665 4515 1644 4494 1667 4517 1666 4516 1644 4494 1668 4518 1667 4517 1644 4494 1669 4519 1668 4518 1644 4494 1670 4520 1669 4519 1644 4494 1671 4521 1670 4520 1644 4494 1672 4522 1671 4521 1644 4494 1673 4523 1672 4522 1644 4494 1674 4524 1673 4523 1644 4494 1675 4525 1674 4524 1676 4526 1678 4528 1677 4527 1676 4526 1679 4529 1678 4528 1676 4526 1680 4530 1679 4529 1676 4526 1681 4531 1680 4530 1676 4526 1682 4532 1681 4531 1676 4526 1683 4533 1682 4532 1676 4526 1684 4534 1683 4533 1676 4526 1685 4535 1684 4534 1676 4526 1686 4536 1685 4535 1676 4526 1687 4537 1686 4536 1676 4526 1688 4538 1687 4537 1676 4526 1689 4539 1688 4538 1676 4526 1690 4540 1689 4539 1676 4526 1691 4541 1690 4540 1676 4526 1692 4542 1691 4541 1676 4526 1693 4543 1692 4542 1676 4526 1694 4544 1693 4543 1676 4526 1695 4545 1694 4544 1676 4526 1696 4546 1695 4545 1676 4526 1697 4547 1696 4546 1676 4526 1698 4548 1697 4547 1676 4526 1699 4549 1698 4548 1676 4526 1700 4550 1699 4549 1676 4526 1701 4551 1700 4550 1676 4526 1702 4552 1701 4551 1676 4526 1703 4553 1702 4552 1676 4526 1704 4554 1703 4553 1676 4526 1705 4555 1704 4554 1676 4526 1706 4556 1705 4555 1676 4526 1707 4557 1706 4556 1708 4558 1710 4560 1709 4559 1708 4558 1711 4561 1710 4560 1708 4558 1712 4562 1711 4561 1708 4558 1713 4563 1712 4562 1708 4558 1714 4564 1713 4563 1708 4558 1715 4565 1714 4564 1708 4558 1716 4566 1715 4565 1708 4558 1717 4567 1716 4566 1708 4558 1718 4568 1717 4567 1708 4558 1719 4569 1718 4568 1708 4558 1720 4570 1719 4569 1708 4558 1721 4571 1720 4570 1708 4558 1722 4572 1721 4571 1708 4558 1723 4573 1722 4572 1708 4558 1724 4574 1723 4573 1708 4558 1725 4575 1724 4574 1708 4558 1726 4576 1725 4575 1708 4558 1727 4577 1726 4576 1708 4558 1728 4578 1727 4577 1708 4558 1729 4579 1728 4578 1708 4558 1730 4580 1729 4579 1708 4558 1731 4581 1730 4580 1708 4558 1732 4582 1731 4581 1708 4558 1733 4583 1732 4582 1708 4558 1734 4584 1733 4583 1708 4558 1735 4585 1734 4584 1708 4558 1736 4586 1735 4585 1708 4558 1737 4587 1736 4586 1708 4558 1738 4588 1737 4587 1708 4558 1739 4589 1738 4588</p></triangles>
        <triangles count="1620" material="MAT_COTTON_LEAF_4-mat"><input semantic="VERTEX" source="#ROW_09_SEG5_foliage-vtx" offset="0"/><input semantic="NORMAL" source="#ROW_09_SEG5_foliage-nrm" offset="1"/><p>1740 1737 1741 1738 1742 1739 1740 1737 1742 1739 1743 1740 1740 1737 1743 1740 1744 1741 1740 1737 1744 1741 1745 1742 1740 1737 1745 1742 1746 1743 1740 1737 1746 1743 1747 1744 1740 1737 1747 1744 1748 1745 1740 1737 1748 1745 1749 1746 1740 1737 1749 1746 1750 1747 1740 1737 1750 1747 1751 1748 1740 1737 1751 1748 1752 1749 1740 1737 1752 1749 1753 1750 1740 1737 1753 1750 1754 1751 1740 1737 1754 1751 1755 1752 1740 1737 1755 1752 1756 1753 1740 1737 1756 1753 1757 1754 1740 1737 1757 1754 1758 1755 1740 1737 1758 1755 1759 1756 1740 1737 1759 1756 1760 1757 1740 1737 1760 1757 1761 1758 1740 1737 1761 1758 1762 1759 1740 1737 1762 1759 1763 1760 1740 1737 1763 1760 1764 1761 1740 1737 1764 1761 1765 1762 1740 1737 1765 1762 1766 1763 1740 1737 1766 1763 1767 1764 1740 1737 1767 1764 1768 1765 1740 1737 1768 1765 1769 1766 1740 1737 1769 1766 1770 1767 1740 1737 1770 1767 1771 1768 1772 1769 1773 1770 1774 1771 1772 1769 1774 1771 1775 1772 1772 1769 1775 1772 1776 1773 1772 1769 1776 1773 1777 1774 1772 1769 1777 1774 1778 1775 1772 1769 1778 1775 1779 1776 1772 1769 1779 1776 1780 1777 1772 1769 1780 1777 1781 1778 1772 1769 1781 1778 1782 1779 1772 1769 1782 1779 1783 1780 1772 1769 1783 1780 1784 1781 1772 1769 1784 1781 1785 1782 1772 1769 1785 1782 1786 1783 1772 1769 1786 1783 1787 1784 1772 1769 1787 1784 1788 1785 1772 1769 1788 1785 1789 1786 1772 1769 1789 1786 1790 1787 1772 1769 1790 1787 1791 1788 1772 1769 1791 1788 1792 1789 1772 1769 1792 1789 1793 1790 1772 1769 1793 1790 1794 1791 1772 1769 1794 1791 1795 1792 1772 1769 1795 1792 1796 1793 1772 1769 1796 1793 1797 1794 1772 1769 1797 1794 1798 1795 1772 1769 1798 1795 1799 1796 1772 1769 1799 1796 1800 1797 1772 1769 1800 1797 1801 1798 1772 1769 1801 1798 1802 1799 1772 1769 1802 1799 1803 1800 1804 1801 1805 1802 1806 1803 1804 1801 1806 1803 1807 1804 1804 1801 1807 1804 1808 1805 1804 1801 1808 1805 1809 1806 1804 1801 1809 1806 1810 1807 1804 1801 1810 1807 1811 1808 1804 1801 1811 1808 1812 1809 1804 1801 1812 1809 1813 1810 1804 1801 1813 1810 1814 1811 1804 1801 1814 1811 1815 1812 1804 1801 1815 1812 1816 1813 1804 1801 1816 1813 1817 1814 1804 1801 1817 1814 1818 1815 1804 1801 1818 1815 1819 1816 1804 1801 1819 1816 1820 1817 1804 1801 1820 1817 1821 1818 1804 1801 1821 1818 1822 1819 1804 1801 1822 1819 1823 1820 1804 1801 1823 1820 1824 1821 1804 1801 1824 1821 1825 1822 1804 1801 1825 1822 1826 1823 1804 1801 1826 1823 1827 1824 1804 1801 1827 1824 1828 1825 1804 1801 1828 1825 1829 1826 1804 1801 1829 1826 1830 1827 1804 1801 1830 1827 1831 1828 1804 1801 1831 1828 1832 1829 1804 1801 1832 1829 1833 1830 1804 1801 1833 1830 1834 1831 1804 1801 1834 1831 1835 1832 1836 1833 1837 1834 1838 1835 1836 1833 1838 1835 1839 1836 1836 1833 1839 1836 1840 1837 1836 1833 1840 1837 1841 1838 1836 1833 1841 1838 1842 1839 1836 1833 1842 1839 1843 1840 1836 1833 1843 1840 1844 1841 1836 1833 1844 1841 1845 1842 1836 1833 1845 1842 1846 1843 1836 1833 1846 1843 1847 1844 1836 1833 1847 1844 1848 1845 1836 1833 1848 1845 1849 1846 1836 1833 1849 1846 1850 1847 1836 1833 1850 1847 1851 1848 1836 1833 1851 1848 1852 1849 1836 1833 1852 1849 1853 1850 1836 1833 1853 1850 1854 1851 1836 1833 1854 1851 1855 1852 1836 1833 1855 1852 1856 1853 1836 1833 1856 1853 1857 1854 1836 1833 1857 1854 1858 1855 1836 1833 1858 1855 1859 1856 1836 1833 1859 1856 1860 1857 1836 1833 1860 1857 1861 1858 1836 1833 1861 1858 1862 1859 1836 1833 1862 1859 1863 1860 1836 1833 1863 1860 1864 1861 1836 1833 1864 1861 1865 1862 1836 1833 1865 1862 1866 1863 1836 1833 1866 1863 1867 1864 1868 1865 1869 1866 1870 1867 1868 1865 1870 1867 1871 1868 1868 1865 1871 1868 1872 1869 1868 1865 1872 1869 1873 1870 1868 1865 1873 1870 1874 1871 1868 1865 1874 1871 1875 1872 1868 1865 1875 1872 1876 1873 1868 1865 1876 1873 1877 1874 1868 1865 1877 1874 1878 1875 1868 1865 1878 1875 1879 1876 1868 1865 1879 1876 1880 1877 1868 1865 1880 1877 1881 1878 1868 1865 1881 1878 1882 1879 1868 1865 1882 1879 1883 1880 1868 1865 1883 1880 1884 1881 1868 1865 1884 1881 1885 1882 1868 1865 1885 1882 1886 1883 1868 1865 1886 1883 1887 1884 1868 1865 1887 1884 1888 1885 1868 1865 1888 1885 1889 1886 1868 1865 1889 1886 1890 1887 1868 1865 1890 1887 1891 1888 1868 1865 1891 1888 1892 1889 1868 1865 1892 1889 1893 1890 1868 1865 1893 1890 1894 1891 1868 1865 1894 1891 1895 1892 1868 1865 1895 1892 1896 1893 1868 1865 1896 1893 1897 1894 1868 1865 1897 1894 1898 1895 1868 1865 1898 1895 1899 1896 1900 1897 1901 1898 1902 1899 1900 1897 1902 1899 1903 1900 1900 1897 1903 1900 1904 1901 1900 1897 1904 1901 1905 1902 1900 1897 1905 1902 1906 1903 1900 1897 1906 1903 1907 1904 1900 1897 1907 1904 1908 1905 1900 1897 1908 1905 1909 1906 1900 1897 1909 1906 1910 1907 1900 1897 1910 1907 1911 1908 1900 1897 1911 1908 1912 1909 1900 1897 1912 1909 1913 1910 1900 1897 1913 1910 1914 1911 1900 1897 1914 1911 1915 1912 1900 1897 1915 1912 1916 1913 1900 1897 1916 1913 1917 1914 1900 1897 1917 1914 1918 1915 1900 1897 1918 1915 1919 1916 1900 1897 1919 1916 1920 1917 1900 1897 1920 1917 1921 1918 1900 1897 1921 1918 1922 1919 1900 1897 1922 1919 1923 1920 1900 1897 1923 1920 1924 1921 1900 1897 1924 1921 1925 1922 1900 1897 1925 1922 1926 1923 1900 1897 1926 1923 1927 1924 1900 1897 1927 1924 1928 1925 1900 1897 1928 1925 1929 1926 1900 1897 1929 1926 1930 1927 1900 1897 1930 1927 1931 1928 1932 1929 1933 1930 1934 1931 1932 1929 1934 1931 1935 1932 1932 1929 1935 1932 1936 1933 1932 1929 1936 1933 1937 1934 1932 1929 1937 1934 1938 1935 1932 1929 1938 1935 1939 1936 1932 1929 1939 1936 1940 1937 1932 1929 1940 1937 1941 1938 1932 1929 1941 1938 1942 1939 1932 1929 1942 1939 1943 1940 1932 1929 1943 1940 1944 1941 1932 1929 1944 1941 1945 1942 1932 1929 1945 1942 1946 1943 1932 1929 1946 1943 1947 1944 1932 1929 1947 1944 1948 1945 1932 1929 1948 1945 1949 1946 1932 1929 1949 1946 1950 1947 1932 1929 1950 1947 1951 1948 1932 1929 1951 1948 1952 1949 1932 1929 1952 1949 1953 1950 1932 1929 1953 1950 1954 1951 1932 1929 1954 1951 1955 1952 1932 1929 1955 1952 1956 1953 1932 1929 1956 1953 1957 1954 1932 1929 1957 1954 1958 1955 1932 1929 1958 1955 1959 1956 1932 1929 1959 1956 1960 1957 1932 1929 1960 1957 1961 1958 1932 1929 1961 1958 1962 1959 1932 1929 1962 1959 1963 1960 1964 1961 1965 1962 1966 1963 1964 1961 1966 1963 1967 1964 1964 1961 1967 1964 1968 1965 1964 1961 1968 1965 1969 1966 1964 1961 1969 1966 1970 1967 1964 1961 1970 1967 1971 1968 1964 1961 1971 1968 1972 1969 1964 1961 1972 1969 1973 1970 1964 1961 1973 1970 1974 1971 1964 1961 1974 1971 1975 1972 1964 1961 1975 1972 1976 1973 1964 1961 1976 1973 1977 1974 1964 1961 1977 1974 1978 1975 1964 1961 1978 1975 1979 1976 1964 1961 1979 1976 1980 1977 1964 1961 1980 1977 1981 1978 1964 1961 1981 1978 1982 1979 1964 1961 1982 1979 1983 1980 1964 1961 1983 1980 1984 1981 1964 1961 1984 1981 1985 1982 1964 1961 1985 1982 1986 1983 1964 1961 1986 1983 1987 1984 1964 1961 1987 1984 1988 1985 1964 1961 1988 1985 1989 1986 1964 1961 1989 1986 1990 1987 1964 1961 1990 1987 1991 1988 1964 1961 1991 1988 1992 1989 1964 1961 1992 1989 1993 1990 1964 1961 1993 1990 1994 1991 1964 1961 1994 1991 1995 1992 1996 1993 1997 1994 1998 1995 1996 1993 1998 1995 1999 1996 1996 1993 1999 1996 2000 1997 1996 1993 2000 1997 2001 1998 1996 1993 2001 1998 2002 1999 1996 1993 2002 1999 2003 2000 1996 1993 2003 2000 2004 2001 1996 1993 2004 2001 2005 2002 1996 1993 2005 2002 2006 2003 1996 1993 2006 2003 2007 2004 1996 1993 2007 2004 2008 2005 1996 1993 2008 2005 2009 2006 1996 1993 2009 2006 2010 2007 1996 1993 2010 2007 2011 2008 1996 1993 2011 2008 2012 2009 1996 1993 2012 2009 2013 2010 1996 1993 2013 2010 2014 2011 1996 1993 2014 2011 2015 2012 1996 1993 2015 2012 2016 2013 1996 1993 2016 2013 2017 2014 1996 1993 2017 2014 2018 2015 1996 1993 2018 2015 2019 2016 1996 1993 2019 2016 2020 2017 1996 1993 2020 2017 2021 2018 1996 1993 2021 2018 2022 2019 1996 1993 2022 2019 2023 2020 1996 1993 2023 2020 2024 2021 1996 1993 2024 2021 2025 2022 1996 1993 2025 2022 2026 2023 1996 1993 2026 2023 2027 2024 2028 2025 2029 2026 2030 2027 2028 2025 2030 2027 2031 2028 2028 2025 2031 2028 2032 2029 2028 2025 2032 2029 2033 2030 2028 2025 2033 2030 2034 2031 2028 2025 2034 2031 2035 2032 2028 2025 2035 2032 2036 2033 2028 2025 2036 2033 2037 2034 2028 2025 2037 2034 2038 2035 2028 2025 2038 2035 2039 2036 2028 2025 2039 2036 2040 2037 2028 2025 2040 2037 2041 2038 2028 2025 2041 2038 2042 2039 2028 2025 2042 2039 2043 2040 2028 2025 2043 2040 2044 2041 2028 2025 2044 2041 2045 2042 2028 2025 2045 2042 2046 2043 2028 2025 2046 2043 2047 2044 2028 2025 2047 2044 2048 2045 2028 2025 2048 2045 2049 2046 2028 2025 2049 2046 2050 2047 2028 2025 2050 2047 2051 2048 2028 2025 2051 2048 2052 2049 2028 2025 2052 2049 2053 2050 2028 2025 2053 2050 2054 2051 2028 2025 2054 2051 2055 2052 2028 2025 2055 2052 2056 2053 2028 2025 2056 2053 2057 2054 2028 2025 2057 2054 2058 2055 2028 2025 2058 2055 2059 2056 2060 2057 2061 2058 2062 2059 2060 2057 2062 2059 2063 2060 2060 2057 2063 2060 2064 2061 2060 2057 2064 2061 2065 2062 2060 2057 2065 2062 2066 2063 2060 2057 2066 2063 2067 2064 2060 2057 2067 2064 2068 2065 2060 2057 2068 2065 2069 2066 2060 2057 2069 2066 2070 2067 2060 2057 2070 2067 2071 2068 2060 2057 2071 2068 2072 2069 2060 2057 2072 2069 2073 2070 2060 2057 2073 2070 2074 2071 2060 2057 2074 2071 2075 2072 2060 2057 2075 2072 2076 2073 2060 2057 2076 2073 2077 2074 2060 2057 2077 2074 2078 2075 2060 2057 2078 2075 2079 2076 2060 2057 2079 2076 2080 2077 2060 2057 2080 2077 2081 2078 2060 2057 2081 2078 2082 2079 2060 2057 2082 2079 2083 2080 2060 2057 2083 2080 2084 2081 2060 2057 2084 2081 2085 2082 2060 2057 2085 2082 2086 2083 2060 2057 2086 2083 2087 2084 2060 2057 2087 2084 2088 2085 2060 2057 2088 2085 2089 2086 2060 2057 2089 2086 2090 2087 2060 2057 2090 2087 2091 2088 2092 2089 2093 2090 2094 2091 2092 2089 2094 2091 2095 2092 2092 2089 2095 2092 2096 2093 2092 2089 2096 2093 2097 2094 2092 2089 2097 2094 2098 2095 2092 2089 2098 2095 2099 2096 2092 2089 2099 2096 2100 2097 2092 2089 2100 2097 2101 2098 2092 2089 2101 2098 2102 2099 2092 2089 2102 2099 2103 2100 2092 2089 2103 2100 2104 2101 2092 2089 2104 2101 2105 2102 2092 2089 2105 2102 2106 2103 2092 2089 2106 2103 2107 2104 2092 2089 2107 2104 2108 2105 2092 2089 2108 2105 2109 2106 2092 2089 2109 2106 2110 2107 2092 2089 2110 2107 2111 2108 2092 2089 2111 2108 2112 2109 2092 2089 2112 2109 2113 2110 2092 2089 2113 2110 2114 2111 2092 2089 2114 2111 2115 2112 2092 2089 2115 2112 2116 2113 2092 2089 2116 2113 2117 2114 2092 2089 2117 2114 2118 2115 2092 2089 2118 2115 2119 2116 2092 2089 2119 2116 2120 2117 2092 2089 2120 2117 2121 2118 2092 2089 2121 2118 2122 2119 2092 2089 2122 2119 2123 2120 2124 2121 2125 2122 2126 2123 2124 2121 2126 2123 2127 2124 2124 2121 2127 2124 2128 2125 2124 2121 2128 2125 2129 2126 2124 2121 2129 2126 2130 2127 2124 2121 2130 2127 2131 2128 2124 2121 2131 2128 2132 2129 2124 2121 2132 2129 2133 2130 2124 2121 2133 2130 2134 2131 2124 2121 2134 2131 2135 2132 2124 2121 2135 2132 2136 2133 2124 2121 2136 2133 2137 2134 2124 2121 2137 2134 2138 2135 2124 2121 2138 2135 2139 2136 2124 2121 2139 2136 2140 2137 2124 2121 2140 2137 2141 2138 2124 2121 2141 2138 2142 2139 2124 2121 2142 2139 2143 2140 2124 2121 2143 2140 2144 2141 2124 2121 2144 2141 2145 2142 2124 2121 2145 2142 2146 2143 2124 2121 2146 2143 2147 2144 2124 2121 2147 2144 2148 2145 2124 2121 2148 2145 2149 2146 2124 2121 2149 2146 2150 2147 2124 2121 2150 2147 2151 2148 2124 2121 2151 2148 2152 2149 2124 2121 2152 2149 2153 2150 2124 2121 2153 2150 2154 2151 2124 2121 2154 2151 2155 2152 2156 2153 2157 2154 2158 2155 2156 2153 2158 2155 2159 2156 2156 2153 2159 2156 2160 2157 2156 2153 2160 2157 2161 2158 2156 2153 2161 2158 2162 2159 2156 2153 2162 2159 2163 2160 2156 2153 2163 2160 2164 2161 2156 2153 2164 2161 2165 2162 2156 2153 2165 2162 2166 2163 2156 2153 2166 2163 2167 2164 2156 2153 2167 2164 2168 2165 2156 2153 2168 2165 2169 2166 2156 2153 2169 2166 2170 2167 2156 2153 2170 2167 2171 2168 2156 2153 2171 2168 2172 2169 2156 2153 2172 2169 2173 2170 2156 2153 2173 2170 2174 2171 2156 2153 2174 2171 2175 2172 2156 2153 2175 2172 2176 2173 2156 2153 2176 2173 2177 2174 2156 2153 2177 2174 2178 2175 2156 2153 2178 2175 2179 2176 2156 2153 2179 2176 2180 2177 2156 2153 2180 2177 2181 2178 2156 2153 2181 2178 2182 2179 2156 2153 2182 2179 2183 2180 2156 2153 2183 2180 2184 2181 2156 2153 2184 2181 2185 2182 2156 2153 2185 2182 2186 2183 2156 2153 2186 2183 2187 2184 2188 2185 2189 2186 2190 2187 2188 2185 2190 2187 2191 2188 2188 2185 2191 2188 2192 2189 2188 2185 2192 2189 2193 2190 2188 2185 2193 2190 2194 2191 2188 2185 2194 2191 2195 2192 2188 2185 2195 2192 2196 2193 2188 2185 2196 2193 2197 2194 2188 2185 2197 2194 2198 2195 2188 2185 2198 2195 2199 2196 2188 2185 2199 2196 2200 2197 2188 2185 2200 2197 2201 2198 2188 2185 2201 2198 2202 2199 2188 2185 2202 2199 2203 2200 2188 2185 2203 2200 2204 2201 2188 2185 2204 2201 2205 2202 2188 2185 2205 2202 2206 2203 2188 2185 2206 2203 2207 2204 2188 2185 2207 2204 2208 2205 2188 2185 2208 2205 2209 2206 2188 2185 2209 2206 2210 2207 2188 2185 2210 2207 2211 2208 2188 2185 2211 2208 2212 2209 2188 2185 2212 2209 2213 2210 2188 2185 2213 2210 2214 2211 2188 2185 2214 2211 2215 2212 2188 2185 2215 2212 2216 572 2188 2185 2216 572 2217 2213 2188 2185 2217 2213 2218 2214 2188 2185 2218 2214 2219 2215 2220 2216 2221 2217 2222 2218 2220 2216 2222 2218 2223 2219 2220 2216 2223 2219 2224 2220 2220 2216 2224 2220 2225 2221 2220 2216 2225 2221 2226 2222 2220 2216 2226 2222 2227 2223 2220 2216 2227 2223 2228 2224 2220 2216 2228 2224 2229 2225 2220 2216 2229 2225 2230 2226 2220 2216 2230 2226 2231 2227 2220 2216 2231 2227 2232 2228 2220 2216 2232 2228 2233 2229 2220 2216 2233 2229 2234 2230 2220 2216 2234 2230 2235 2231 2220 2216 2235 2231 2236 2232 2220 2216 2236 2232 2237 2233 2220 2216 2237 2233 2238 2234 2220 2216 2238 2234 2239 2235 2220 2216 2239 2235 2240 2236 2220 2216 2240 2236 2241 2237 2220 2216 2241 2237 2242 2238 2220 2216 2242 2238 2243 2239 2220 2216 2243 2239 2244 2240 2220 2216 2244 2240 2245 2241 2220 2216 2245 2241 2246 2242 2220 2216 2246 2242 2247 2243 2220 2216 2247 2243 2248 2244 2220 2216 2248 2244 2249 2245 2220 2216 2249 2245 2250 2246 2220 2216 2250 2246 2251 2247 2252 2248 2253 2249 2254 2250 2252 2248 2254 2250 2255 2251 2252 2248 2255 2251 2256 2252 2252 2248 2256 2252 2257 2253 2252 2248 2257 2253 2258 2254 2252 2248 2258 2254 2259 2255 2252 2248 2259 2255 2260 2256 2252 2248 2260 2256 2261 2257 2252 2248 2261 2257 2262 2258 2252 2248 2262 2258 2263 2259 2252 2248 2263 2259 2264 2260 2252 2248 2264 2260 2265 2261 2252 2248 2265 2261 2266 2262 2252 2248 2266 2262 2267 2263 2252 2248 2267 2263 2268 2264 2252 2248 2268 2264 2269 2265 2252 2248 2269 2265 2270 2266 2252 2248 2270 2266 2271 2267 2252 2248 2271 2267 2272 2268 2252 2248 2272 2268 2273 1542 2252 2248 2273 1542 2274 2269 2252 2248 2274 2269 2275 2270 2252 2248 2275 2270 2276 2271 2252 2248 2276 2271 2277 2272 2252 2248 2277 2272 2278 2273 2252 2248 2278 2273 2279 2274 2252 2248 2279 2274 2280 2275 2252 2248 2280 2275 2281 2276 2252 2248 2281 2276 2282 2277 2252 2248 2282 2277 2283 2278 2284 2279 2285 2280 2286 2281 2284 2279 2286 2281 2287 2282 2284 2279 2287 2282 2288 2283 2284 2279 2288 2283 2289 2284 2284 2279 2289 2284 2290 2285 2284 2279 2290 2285 2291 2286 2284 2279 2291 2286 2292 2287 2284 2279 2292 2287 2293 2288 2284 2279 2293 2288 2294 2289 2284 2279 2294 2289 2295 2290 2284 2279 2295 2290 2296 2291 2284 2279 2296 2291 2297 2292 2284 2279 2297 2292 2298 2293 2284 2279 2298 2293 2299 2294 2284 2279 2299 2294 2300 2295 2284 2279 2300 2295 2301 2296 2284 2279 2301 2296 2302 2297 2284 2279 2302 2297 2303 2298 2284 2279 2303 2298 2304 2299 2284 2279 2304 2299 2305 2300 2284 2279 2305 2300 2306 2301 2284 2279 2306 2301 2307 2302 2284 2279 2307 2302 2308 2303 2284 2279 2308 2303 2309 2304 2284 2279 2309 2304 2310 2305 2284 2279 2310 2305 2311 2306 2284 2279 2311 2306 2312 2307 2284 2279 2312 2307 2313 2308 2284 2279 2313 2308 2314 2309 2284 2279 2314 2309 2315 2310 2316 2311 2317 2312 2318 2313 2316 2311 2318 2313 2319 2314 2316 2311 2319 2314 2320 2315 2316 2311 2320 2315 2321 2316 2316 2311 2321 2316 2322 2317 2316 2311 2322 2317 2323 2318 2316 2311 2323 2318 2324 2319 2316 2311 2324 2319 2325 2320 2316 2311 2325 2320 2326 2321 2316 2311 2326 2321 2327 2322 2316 2311 2327 2322 2328 2323 2316 2311 2328 2323 2329 2324 2316 2311 2329 2324 2330 2325 2316 2311 2330 2325 2331 2326 2316 2311 2331 2326 2332 2327 2316 2311 2332 2327 2333 2328 2316 2311 2333 2328 2334 2329 2316 2311 2334 2329 2335 2330 2316 2311 2335 2330 2336 2331 2316 2311 2336 2331 2337 2332 2316 2311 2337 2332 2338 2333 2316 2311 2338 2333 2339 2334 2316 2311 2339 2334 2340 2335 2316 2311 2340 2335 2341 2336 2316 2311 2341 2336 2342 2337 2316 2311 2342 2337 2343 2338 2316 2311 2343 2338 2344 2339 2316 2311 2344 2339 2345 2340 2316 2311 2345 2340 2346 2341 2316 2311 2346 2341 2347 2342 2348 2343 2349 2344 2350 2345 2348 2343 2350 2345 2351 2346 2348 2343 2351 2346 2352 2347 2348 2343 2352 2347 2353 2348 2348 2343 2353 2348 2354 2349 2348 2343 2354 2349 2355 2350 2348 2343 2355 2350 2356 2351 2348 2343 2356 2351 2357 2352 2348 2343 2357 2352 2358 2353 2348 2343 2358 2353 2359 2354 2348 2343 2359 2354 2360 2355 2348 2343 2360 2355 2361 2356 2348 2343 2361 2356 2362 2357 2348 2343 2362 2357 2363 2358 2348 2343 2363 2358 2364 2359 2348 2343 2364 2359 2365 2360 2348 2343 2365 2360 2366 2361 2348 2343 2366 2361 2367 2362 2348 2343 2367 2362 2368 2363 2348 2343 2368 2363 2369 2364 2348 2343 2369 2364 2370 2365 2348 2343 2370 2365 2371 2366 2348 2343 2371 2366 2372 2367 2348 2343 2372 2367 2373 2368 2348 2343 2373 2368 2374 2369 2348 2343 2374 2369 2375 2370 2348 2343 2375 2370 2376 2371 2348 2343 2376 2371 2377 2372 2348 2343 2377 2372 2378 2373 2348 2343 2378 2373 2379 2374 2380 2375 2381 2376 2382 2377 2380 2375 2382 2377 2383 2378 2380 2375 2383 2378 2384 2379 2380 2375 2384 2379 2385 2380 2380 2375 2385 2380 2386 2381 2380 2375 2386 2381 2387 2382 2380 2375 2387 2382 2388 2383 2380 2375 2388 2383 2389 2384 2380 2375 2389 2384 2390 2385 2380 2375 2390 2385 2391 2386 2380 2375 2391 2386 2392 2387 2380 2375 2392 2387 2393 2388 2380 2375 2393 2388 2394 2389 2380 2375 2394 2389 2395 2390 2380 2375 2395 2390 2396 2391 2380 2375 2396 2391 2397 2392 2380 2375 2397 2392 2398 2393 2380 2375 2398 2393 2399 2394 2380 2375 2399 2394 2400 2395 2380 2375 2400 2395 2401 2396 2380 2375 2401 2396 2402 2397 2380 2375 2402 2397 2403 2398 2380 2375 2403 2398 2404 2399 2380 2375 2404 2399 2405 899 2380 2375 2405 899 2406 2400 2380 2375 2406 2400 2407 2401 2380 2375 2407 2401 2408 2402 2380 2375 2408 2402 2409 2403 2380 2375 2409 2403 2410 2404 2380 2375 2410 2404 2411 2405 2412 2406 2413 2407 2414 2408 2412 2406 2414 2408 2415 2409 2412 2406 2415 2409 2416 2410 2412 2406 2416 2410 2417 2411 2412 2406 2417 2411 2418 2412 2412 2406 2418 2412 2419 2413 2412 2406 2419 2413 2420 2414 2412 2406 2420 2414 2421 2415 2412 2406 2421 2415 2422 2416 2412 2406 2422 2416 2423 2417 2412 2406 2423 2417 2424 2418 2412 2406 2424 2418 2425 2419 2412 2406 2425 2419 2426 2420 2412 2406 2426 2420 2427 2421 2412 2406 2427 2421 2428 2422 2412 2406 2428 2422 2429 2423 2412 2406 2429 2423 2430 2424 2412 2406 2430 2424 2431 2425 2412 2406 2431 2425 2432 2426 2412 2406 2432 2426 2433 2427 2412 2406 2433 2427 2434 2428 2412 2406 2434 2428 2435 2429 2412 2406 2435 2429 2436 2430 2412 2406 2436 2430 2437 2431 2412 2406 2437 2431 2438 2432 2412 2406 2438 2432 2439 2433 2412 2406 2439 2433 2440 2434 2412 2406 2440 2434 2441 2435 2412 2406 2441 2435 2442 2436 2412 2406 2442 2436 2443 2437 2444 2438 2445 2439 2446 2440 2444 2438 2446 2440 2447 2441 2444 2438 2447 2441 2448 2442 2444 2438 2448 2442 2449 2443 2444 2438 2449 2443 2450 2444 2444 2438 2450 2444 2451 2445 2444 2438 2451 2445 2452 2446 2444 2438 2452 2446 2453 2447 2444 2438 2453 2447 2454 2448 2444 2438 2454 2448 2455 2449 2444 2438 2455 2449 2456 2450 2444 2438 2456 2450 2457 2451 2444 2438 2457 2451 2458 2452 2444 2438 2458 2452 2459 2453 2444 2438 2459 2453 2460 2454 2444 2438 2460 2454 2461 2455 2444 2438 2461 2455 2462 2456 2444 2438 2462 2456 2463 2457 2444 2438 2463 2457 2464 2458 2444 2438 2464 2458 2465 2459 2444 2438 2465 2459 2466 2460 2444 2438 2466 2460 2467 2461 2444 2438 2467 2461 2468 2462 2444 2438 2468 2462 2469 2463 2444 2438 2469 2463 2470 2464 2444 2438 2470 2464 2471 2465 2444 2438 2471 2465 2472 2466 2444 2438 2472 2466 2473 2467 2444 2438 2473 2467 2474 2468 2444 2438 2474 2468 2475 2469 2476 2470 2477 2471 2478 2472 2476 2470 2478 2472 2479 2473 2476 2470 2479 2473 2480 2474 2476 2470 2480 2474 2481 2475 2476 2470 2481 2475 2482 2476 2476 2470 2482 2476 2483 2477 2476 2470 2483 2477 2484 2478 2476 2470 2484 2478 2485 2479 2476 2470 2485 2479 2486 2480 2476 2470 2486 2480 2487 2481 2476 2470 2487 2481 2488 2482 2476 2470 2488 2482 2489 2483 2476 2470 2489 2483 2490 2484 2476 2470 2490 2484 2491 2485 2476 2470 2491 2485 2492 2486 2476 2470 2492 2486 2493 2487 2476 2470 2493 2487 2494 2488 2476 2470 2494 2488 2495 2489 2476 2470 2495 2489 2496 2490 2476 2470 2496 2490 2497 2491 2476 2470 2497 2491 2498 2492 2476 2470 2498 2492 2499 2493 2476 2470 2499 2493 2500 2494 2476 2470 2500 2494 2501 2495 2476 2470 2501 2495 2502 2496 2476 2470 2502 2496 2503 2497 2476 2470 2503 2497 2504 2498 2476 2470 2504 2498 2505 2499 2476 2470 2505 2499 2506 2500 2476 2470 2506 2500 2507 2501 2508 2502 2509 2503 2510 2504 2508 2502 2510 2504 2511 2505 2508 2502 2511 2505 2512 2506 2508 2502 2512 2506 2513 2507 2508 2502 2513 2507 2514 2508 2508 2502 2514 2508 2515 2509 2508 2502 2515 2509 2516 2510 2508 2502 2516 2510 2517 2511 2508 2502 2517 2511 2518 2512 2508 2502 2518 2512 2519 2513 2508 2502 2519 2513 2520 2514 2508 2502 2520 2514 2521 2515 2508 2502 2521 2515 2522 2516 2508 2502 2522 2516 2523 2517 2508 2502 2523 2517 2524 2518 2508 2502 2524 2518 2525 2519 2508 2502 2525 2519 2526 2520 2508 2502 2526 2520 2527 2521 2508 2502 2527 2521 2528 2522 2508 2502 2528 2522 2529 2523 2508 2502 2529 2523 2530 2524 2508 2502 2530 2524 2531 2525 2508 2502 2531 2525 2532 2526 2508 2502 2532 2526 2533 2527 2508 2502 2533 2527 2534 2528 2508 2502 2534 2528 2535 2529 2508 2502 2535 2529 2536 2530 2508 2502 2536 2530 2537 2531 2508 2502 2537 2531 2538 2532 2508 2502 2538 2532 2539 2533 2540 2534 2541 2535 2542 2536 2540 2534 2542 2536 2543 2537 2540 2534 2543 2537 2544 2538 2540 2534 2544 2538 2545 2539 2540 2534 2545 2539 2546 2540 2540 2534 2546 2540 2547 2541 2540 2534 2547 2541 2548 2542 2540 2534 2548 2542 2549 2543 2540 2534 2549 2543 2550 2544 2540 2534 2550 2544 2551 2545 2540 2534 2551 2545 2552 2546 2540 2534 2552 2546 2553 66 2540 2534 2553 66 2554 2547 2540 2534 2554 2547 2555 2548 2540 2534 2555 2548 2556 2549 2540 2534 2556 2549 2557 2550 2540 2534 2557 2550 2558 2551 2540 2534 2558 2551 2559 2552 2540 2534 2559 2552 2560 2553 2540 2534 2560 2553 2561 2554 2540 2534 2561 2554 2562 2555 2540 2534 2562 2555 2563 2556 2540 2534 2563 2556 2564 2557 2540 2534 2564 2557 2565 2558 2540 2534 2565 2558 2566 2559 2540 2534 2566 2559 2567 2560 2540 2534 2567 2560 2568 2561 2540 2534 2568 2561 2569 2562 2540 2534 2569 2562 2570 2563 2540 2534 2570 2563 2571 2564 2572 2565 2573 2566 2574 2567 2572 2565 2574 2567 2575 2568 2572 2565 2575 2568 2576 2569 2572 2565 2576 2569 2577 2570 2572 2565 2577 2570 2578 2571 2572 2565 2578 2571 2579 2572 2572 2565 2579 2572 2580 2573 2572 2565 2580 2573 2581 2574 2572 2565 2581 2574 2582 2575 2572 2565 2582 2575 2583 2576 2572 2565 2583 2576 2584 2577 2572 2565 2584 2577 2585 2578 2572 2565 2585 2578 2586 2579 2572 2565 2586 2579 2587 2580 2572 2565 2587 2580 2588 2581 2572 2565 2588 2581 2589 2582 2572 2565 2589 2582 2590 2583 2572 2565 2590 2583 2591 2584 2572 2565 2591 2584 2592 2585 2572 2565 2592 2585 2593 2586 2572 2565 2593 2586 2594 2587 2572 2565 2594 2587 2595 2588 2572 2565 2595 2588 2596 2589 2572 2565 2596 2589 2597 2590 2572 2565 2597 2590 2598 2591 2572 2565 2598 2591 2599 2592 2572 2565 2599 2592 2600 2593 2572 2565 2600 2593 2601 2594 2572 2565 2601 2594 2602 2595 2572 2565 2602 2595 2603 2596 1740 4590 1742 4592 1741 4591 1740 4590 1743 4593 1742 4592 1740 4590 1744 4594 1743 4593 1740 4590 1745 4595 1744 4594 1740 4590 1746 4596 1745 4595 1740 4590 1747 4597 1746 4596 1740 4590 1748 4598 1747 4597 1740 4590 1749 4599 1748 4598 1740 4590 1750 4600 1749 4599 1740 4590 1751 4601 1750 4600 1740 4590 1752 4602 1751 4601 1740 4590 1753 4603 1752 4602 1740 4590 1754 4604 1753 4603 1740 4590 1755 4605 1754 4604 1740 4590 1756 4606 1755 4605 1740 4590 1757 4607 1756 4606 1740 4590 1758 4608 1757 4607 1740 4590 1759 4609 1758 4608 1740 4590 1760 4610 1759 4609 1740 4590 1761 4611 1760 4610 1740 4590 1762 4612 1761 4611 1740 4590 1763 4613 1762 4612 1740 4590 1764 4614 1763 4613 1740 4590 1765 4615 1764 4614 1740 4590 1766 4616 1765 4615 1740 4590 1767 4617 1766 4616 1740 4590 1768 4618 1767 4617 1740 4590 1769 4619 1768 4618 1740 4590 1770 4620 1769 4619 1740 4590 1771 4621 1770 4620 1772 4622 1774 4624 1773 4623 1772 4622 1775 4625 1774 4624 1772 4622 1776 4626 1775 4625 1772 4622 1777 4627 1776 4626 1772 4622 1778 4628 1777 4627 1772 4622 1779 4629 1778 4628 1772 4622 1780 4630 1779 4629 1772 4622 1781 4631 1780 4630 1772 4622 1782 4632 1781 4631 1772 4622 1783 4633 1782 4632 1772 4622 1784 4634 1783 4633 1772 4622 1785 4635 1784 4634 1772 4622 1786 4636 1785 4635 1772 4622 1787 4637 1786 4636 1772 4622 1788 4638 1787 4637 1772 4622 1789 4639 1788 4638 1772 4622 1790 4640 1789 4639 1772 4622 1791 4641 1790 4640 1772 4622 1792 4642 1791 4641 1772 4622 1793 4643 1792 4642 1772 4622 1794 4644 1793 4643 1772 4622 1795 4645 1794 4644 1772 4622 1796 4646 1795 4645 1772 4622 1797 4647 1796 4646 1772 4622 1798 4648 1797 4647 1772 4622 1799 4649 1798 4648 1772 4622 1800 4650 1799 4649 1772 4622 1801 4651 1800 4650 1772 4622 1802 4652 1801 4651 1772 4622 1803 4653 1802 4652 1804 4654 1806 4656 1805 4655 1804 4654 1807 4657 1806 4656 1804 4654 1808 4658 1807 4657 1804 4654 1809 4659 1808 4658 1804 4654 1810 4660 1809 4659 1804 4654 1811 4661 1810 4660 1804 4654 1812 4662 1811 4661 1804 4654 1813 4663 1812 4662 1804 4654 1814 4664 1813 4663 1804 4654 1815 4665 1814 4664 1804 4654 1816 4666 1815 4665 1804 4654 1817 4667 1816 4666 1804 4654 1818 4668 1817 4667 1804 4654 1819 4669 1818 4668 1804 4654 1820 4670 1819 4669 1804 4654 1821 4671 1820 4670 1804 4654 1822 4672 1821 4671 1804 4654 1823 4673 1822 4672 1804 4654 1824 4674 1823 4673 1804 4654 1825 4675 1824 4674 1804 4654 1826 4676 1825 4675 1804 4654 1827 4677 1826 4676 1804 4654 1828 4678 1827 4677 1804 4654 1829 4679 1828 4678 1804 4654 1830 4680 1829 4679 1804 4654 1831 4681 1830 4680 1804 4654 1832 4682 1831 4681 1804 4654 1833 4683 1832 4682 1804 4654 1834 4684 1833 4683 1804 4654 1835 4685 1834 4684 1836 4686 1838 4688 1837 4687 1836 4686 1839 4689 1838 4688 1836 4686 1840 4690 1839 4689 1836 4686 1841 4691 1840 4690 1836 4686 1842 4692 1841 4691 1836 4686 1843 4693 1842 4692 1836 4686 1844 4694 1843 4693 1836 4686 1845 4695 1844 4694 1836 4686 1846 4696 1845 4695 1836 4686 1847 4697 1846 4696 1836 4686 1848 4698 1847 4697 1836 4686 1849 4699 1848 4698 1836 4686 1850 4700 1849 4699 1836 4686 1851 4701 1850 4700 1836 4686 1852 4702 1851 4701 1836 4686 1853 4703 1852 4702 1836 4686 1854 4704 1853 4703 1836 4686 1855 4705 1854 4704 1836 4686 1856 4706 1855 4705 1836 4686 1857 4707 1856 4706 1836 4686 1858 4708 1857 4707 1836 4686 1859 4709 1858 4708 1836 4686 1860 4710 1859 4709 1836 4686 1861 4711 1860 4710 1836 4686 1862 4712 1861 4711 1836 4686 1863 4713 1862 4712 1836 4686 1864 4714 1863 4713 1836 4686 1865 4715 1864 4714 1836 4686 1866 4716 1865 4715 1836 4686 1867 4717 1866 4716 1868 4718 1870 4720 1869 4719 1868 4718 1871 4721 1870 4720 1868 4718 1872 4722 1871 4721 1868 4718 1873 4723 1872 4722 1868 4718 1874 4724 1873 4723 1868 4718 1875 4725 1874 4724 1868 4718 1876 4726 1875 4725 1868 4718 1877 4727 1876 4726 1868 4718 1878 4728 1877 4727 1868 4718 1879 4729 1878 4728 1868 4718 1880 4730 1879 4729 1868 4718 1881 4731 1880 4730 1868 4718 1882 4732 1881 4731 1868 4718 1883 4733 1882 4732 1868 4718 1884 4734 1883 4733 1868 4718 1885 4735 1884 4734 1868 4718 1886 4736 1885 4735 1868 4718 1887 4737 1886 4736 1868 4718 1888 4738 1887 4737 1868 4718 1889 4739 1888 4738 1868 4718 1890 4740 1889 4739 1868 4718 1891 4741 1890 4740 1868 4718 1892 4742 1891 4741 1868 4718 1893 4743 1892 4742 1868 4718 1894 4744 1893 4743 1868 4718 1895 4745 1894 4744 1868 4718 1896 4746 1895 4745 1868 4718 1897 4747 1896 4746 1868 4718 1898 4748 1897 4747 1868 4718 1899 4749 1898 4748 1900 4750 1902 4752 1901 4751 1900 4750 1903 4753 1902 4752 1900 4750 1904 4754 1903 4753 1900 4750 1905 4755 1904 4754 1900 4750 1906 4756 1905 4755 1900 4750 1907 4757 1906 4756 1900 4750 1908 4758 1907 4757 1900 4750 1909 4759 1908 4758 1900 4750 1910 4760 1909 4759 1900 4750 1911 4761 1910 4760 1900 4750 1912 4762 1911 4761 1900 4750 1913 4763 1912 4762 1900 4750 1914 4764 1913 4763 1900 4750 1915 4765 1914 4764 1900 4750 1916 4766 1915 4765 1900 4750 1917 4767 1916 4766 1900 4750 1918 4768 1917 4767 1900 4750 1919 4769 1918 4768 1900 4750 1920 4770 1919 4769 1900 4750 1921 4771 1920 4770 1900 4750 1922 4772 1921 4771 1900 4750 1923 4773 1922 4772 1900 4750 1924 4774 1923 4773 1900 4750 1925 4775 1924 4774 1900 4750 1926 4776 1925 4775 1900 4750 1927 4777 1926 4776 1900 4750 1928 4778 1927 4777 1900 4750 1929 4779 1928 4778 1900 4750 1930 4780 1929 4779 1900 4750 1931 4781 1930 4780 1932 4782 1934 4784 1933 4783 1932 4782 1935 4785 1934 4784 1932 4782 1936 4786 1935 4785 1932 4782 1937 4787 1936 4786 1932 4782 1938 4788 1937 4787 1932 4782 1939 4789 1938 4788 1932 4782 1940 4790 1939 4789 1932 4782 1941 4791 1940 4790 1932 4782 1942 4792 1941 4791 1932 4782 1943 4793 1942 4792 1932 4782 1944 4794 1943 4793 1932 4782 1945 4795 1944 4794 1932 4782 1946 4796 1945 4795 1932 4782 1947 4797 1946 4796 1932 4782 1948 4798 1947 4797 1932 4782 1949 4799 1948 4798 1932 4782 1950 4800 1949 4799 1932 4782 1951 4801 1950 4800 1932 4782 1952 4802 1951 4801 1932 4782 1953 4803 1952 4802 1932 4782 1954 4804 1953 4803 1932 4782 1955 4805 1954 4804 1932 4782 1956 4806 1955 4805 1932 4782 1957 4807 1956 4806 1932 4782 1958 4808 1957 4807 1932 4782 1959 4809 1958 4808 1932 4782 1960 4810 1959 4809 1932 4782 1961 4811 1960 4810 1932 4782 1962 4812 1961 4811 1932 4782 1963 4813 1962 4812 1964 4814 1966 4816 1965 4815 1964 4814 1967 4817 1966 4816 1964 4814 1968 4818 1967 4817 1964 4814 1969 4819 1968 4818 1964 4814 1970 4820 1969 4819 1964 4814 1971 4821 1970 4820 1964 4814 1972 4822 1971 4821 1964 4814 1973 4823 1972 4822 1964 4814 1974 4824 1973 4823 1964 4814 1975 4825 1974 4824 1964 4814 1976 4826 1975 4825 1964 4814 1977 4827 1976 4826 1964 4814 1978 4828 1977 4827 1964 4814 1979 4829 1978 4828 1964 4814 1980 4830 1979 4829 1964 4814 1981 4831 1980 4830 1964 4814 1982 4832 1981 4831 1964 4814 1983 4833 1982 4832 1964 4814 1984 4834 1983 4833 1964 4814 1985 4835 1984 4834 1964 4814 1986 4836 1985 4835 1964 4814 1987 4837 1986 4836 1964 4814 1988 4838 1987 4837 1964 4814 1989 4839 1988 4838 1964 4814 1990 4840 1989 4839 1964 4814 1991 4841 1990 4840 1964 4814 1992 4842 1991 4841 1964 4814 1993 4843 1992 4842 1964 4814 1994 4844 1993 4843 1964 4814 1995 4845 1994 4844 1996 4846 1998 4848 1997 4847 1996 4846 1999 4849 1998 4848 1996 4846 2000 4850 1999 4849 1996 4846 2001 4851 2000 4850 1996 4846 2002 4852 2001 4851 1996 4846 2003 4853 2002 4852 1996 4846 2004 4854 2003 4853 1996 4846 2005 4855 2004 4854 1996 4846 2006 4856 2005 4855 1996 4846 2007 4857 2006 4856 1996 4846 2008 4858 2007 4857 1996 4846 2009 4859 2008 4858 1996 4846 2010 4860 2009 4859 1996 4846 2011 4861 2010 4860 1996 4846 2012 4862 2011 4861 1996 4846 2013 4863 2012 4862 1996 4846 2014 4864 2013 4863 1996 4846 2015 4865 2014 4864 1996 4846 2016 4866 2015 4865 1996 4846 2017 4867 2016 4866 1996 4846 2018 4868 2017 4867 1996 4846 2019 4869 2018 4868 1996 4846 2020 4870 2019 4869 1996 4846 2021 4871 2020 4870 1996 4846 2022 4872 2021 4871 1996 4846 2023 4873 2022 4872 1996 4846 2024 4874 2023 4873 1996 4846 2025 4875 2024 4874 1996 4846 2026 4876 2025 4875 1996 4846 2027 4877 2026 4876 2028 4878 2030 4880 2029 4879 2028 4878 2031 4881 2030 4880 2028 4878 2032 4882 2031 4881 2028 4878 2033 4883 2032 4882 2028 4878 2034 4884 2033 4883 2028 4878 2035 4885 2034 4884 2028 4878 2036 4886 2035 4885 2028 4878 2037 4887 2036 4886 2028 4878 2038 4888 2037 4887 2028 4878 2039 4889 2038 4888 2028 4878 2040 4890 2039 4889 2028 4878 2041 4891 2040 4890 2028 4878 2042 4892 2041 4891 2028 4878 2043 4893 2042 4892 2028 4878 2044 4894 2043 4893 2028 4878 2045 4895 2044 4894 2028 4878 2046 4896 2045 4895 2028 4878 2047 4897 2046 4896 2028 4878 2048 4898 2047 4897 2028 4878 2049 4899 2048 4898 2028 4878 2050 4900 2049 4899 2028 4878 2051 4901 2050 4900 2028 4878 2052 4902 2051 4901 2028 4878 2053 4903 2052 4902 2028 4878 2054 4904 2053 4903 2028 4878 2055 4905 2054 4904 2028 4878 2056 4906 2055 4905 2028 4878 2057 4907 2056 4906 2028 4878 2058 4908 2057 4907 2028 4878 2059 4909 2058 4908 2060 4910 2062 4912 2061 4911 2060 4910 2063 4913 2062 4912 2060 4910 2064 4914 2063 4913 2060 4910 2065 4915 2064 4914 2060 4910 2066 4916 2065 4915 2060 4910 2067 4917 2066 4916 2060 4910 2068 4918 2067 4917 2060 4910 2069 4919 2068 4918 2060 4910 2070 4920 2069 4919 2060 4910 2071 4921 2070 4920 2060 4910 2072 4922 2071 4921 2060 4910 2073 4923 2072 4922 2060 4910 2074 4924 2073 4923 2060 4910 2075 4925 2074 4924 2060 4910 2076 4926 2075 4925 2060 4910 2077 4927 2076 4926 2060 4910 2078 4928 2077 4927 2060 4910 2079 4929 2078 4928 2060 4910 2080 4930 2079 4929 2060 4910 2081 4931 2080 4930 2060 4910 2082 4932 2081 4931 2060 4910 2083 4933 2082 4932 2060 4910 2084 4934 2083 4933 2060 4910 2085 4935 2084 4934 2060 4910 2086 4936 2085 4935 2060 4910 2087 4937 2086 4936 2060 4910 2088 4938 2087 4937 2060 4910 2089 4939 2088 4938 2060 4910 2090 4940 2089 4939 2060 4910 2091 4941 2090 4940 2092 4942 2094 4944 2093 4943 2092 4942 2095 4945 2094 4944 2092 4942 2096 4946 2095 4945 2092 4942 2097 4947 2096 4946 2092 4942 2098 4948 2097 4947 2092 4942 2099 4949 2098 4948 2092 4942 2100 4950 2099 4949 2092 4942 2101 4951 2100 4950 2092 4942 2102 4952 2101 4951 2092 4942 2103 4953 2102 4952 2092 4942 2104 4954 2103 4953 2092 4942 2105 4955 2104 4954 2092 4942 2106 4956 2105 4955 2092 4942 2107 4957 2106 4956 2092 4942 2108 4958 2107 4957 2092 4942 2109 4959 2108 4958 2092 4942 2110 4960 2109 4959 2092 4942 2111 4961 2110 4960 2092 4942 2112 4962 2111 4961 2092 4942 2113 4963 2112 4962 2092 4942 2114 4964 2113 4963 2092 4942 2115 4965 2114 4964 2092 4942 2116 4966 2115 4965 2092 4942 2117 4967 2116 4966 2092 4942 2118 4968 2117 4967 2092 4942 2119 4969 2118 4968 2092 4942 2120 4970 2119 4969 2092 4942 2121 4971 2120 4970 2092 4942 2122 4972 2121 4971 2092 4942 2123 4973 2122 4972 2124 4974 2126 4976 2125 4975 2124 4974 2127 4977 2126 4976 2124 4974 2128 4978 2127 4977 2124 4974 2129 4979 2128 4978 2124 4974 2130 4980 2129 4979 2124 4974 2131 4981 2130 4980 2124 4974 2132 4982 2131 4981 2124 4974 2133 4983 2132 4982 2124 4974 2134 4984 2133 4983 2124 4974 2135 4985 2134 4984 2124 4974 2136 4986 2135 4985 2124 4974 2137 4987 2136 4986 2124 4974 2138 4988 2137 4987 2124 4974 2139 4989 2138 4988 2124 4974 2140 4990 2139 4989 2124 4974 2141 4991 2140 4990 2124 4974 2142 4992 2141 4991 2124 4974 2143 4993 2142 4992 2124 4974 2144 4994 2143 4993 2124 4974 2145 4995 2144 4994 2124 4974 2146 4996 2145 4995 2124 4974 2147 4997 2146 4996 2124 4974 2148 4998 2147 4997 2124 4974 2149 4999 2148 4998 2124 4974 2150 5000 2149 4999 2124 4974 2151 5001 2150 5000 2124 4974 2152 5002 2151 5001 2124 4974 2153 5003 2152 5002 2124 4974 2154 5004 2153 5003 2124 4974 2155 5005 2154 5004 2156 5006 2158 5008 2157 5007 2156 5006 2159 5009 2158 5008 2156 5006 2160 5010 2159 5009 2156 5006 2161 5011 2160 5010 2156 5006 2162 5012 2161 5011 2156 5006 2163 5013 2162 5012 2156 5006 2164 5014 2163 5013 2156 5006 2165 5015 2164 5014 2156 5006 2166 5016 2165 5015 2156 5006 2167 5017 2166 5016 2156 5006 2168 5018 2167 5017 2156 5006 2169 5019 2168 5018 2156 5006 2170 5020 2169 5019 2156 5006 2171 5021 2170 5020 2156 5006 2172 5022 2171 5021 2156 5006 2173 5023 2172 5022 2156 5006 2174 5024 2173 5023 2156 5006 2175 5025 2174 5024 2156 5006 2176 5026 2175 5025 2156 5006 2177 5027 2176 5026 2156 5006 2178 5028 2177 5027 2156 5006 2179 5029 2178 5028 2156 5006 2180 5030 2179 5029 2156 5006 2181 5031 2180 5030 2156 5006 2182 5032 2181 5031 2156 5006 2183 5033 2182 5032 2156 5006 2184 5034 2183 5033 2156 5006 2185 5035 2184 5034 2156 5006 2186 5036 2185 5035 2156 5006 2187 5037 2186 5036 2188 5038 2190 5040 2189 5039 2188 5038 2191 5041 2190 5040 2188 5038 2192 5042 2191 5041 2188 5038 2193 5043 2192 5042 2188 5038 2194 5044 2193 5043 2188 5038 2195 5045 2194 5044 2188 5038 2196 5046 2195 5045 2188 5038 2197 5047 2196 5046 2188 5038 2198 5048 2197 5047 2188 5038 2199 5049 2198 5048 2188 5038 2200 5050 2199 5049 2188 5038 2201 5051 2200 5050 2188 5038 2202 5052 2201 5051 2188 5038 2203 5053 2202 5052 2188 5038 2204 5054 2203 5053 2188 5038 2205 5055 2204 5054 2188 5038 2206 5056 2205 5055 2188 5038 2207 5057 2206 5056 2188 5038 2208 5058 2207 5057 2188 5038 2209 5059 2208 5058 2188 5038 2210 5060 2209 5059 2188 5038 2211 5061 2210 5060 2188 5038 2212 5062 2211 5061 2188 5038 2213 5063 2212 5062 2188 5038 2214 5064 2213 5063 2188 5038 2215 5065 2214 5064 2188 5038 2216 3425 2215 5065 2188 5038 2217 5066 2216 3425 2188 5038 2218 5067 2217 5066 2188 5038 2219 5068 2218 5067 2220 5069 2222 5071 2221 5070 2220 5069 2223 5072 2222 5071 2220 5069 2224 5073 2223 5072 2220 5069 2225 5074 2224 5073 2220 5069 2226 5075 2225 5074 2220 5069 2227 5076 2226 5075 2220 5069 2228 5077 2227 5076 2220 5069 2229 5078 2228 5077 2220 5069 2230 5079 2229 5078 2220 5069 2231 5080 2230 5079 2220 5069 2232 5081 2231 5080 2220 5069 2233 5082 2232 5081 2220 5069 2234 5083 2233 5082 2220 5069 2235 5084 2234 5083 2220 5069 2236 5085 2235 5084 2220 5069 2237 5086 2236 5085 2220 5069 2238 5087 2237 5086 2220 5069 2239 5088 2238 5087 2220 5069 2240 5089 2239 5088 2220 5069 2241 5090 2240 5089 2220 5069 2242 5091 2241 5090 2220 5069 2243 5092 2242 5091 2220 5069 2244 5093 2243 5092 2220 5069 2245 5094 2244 5093 2220 5069 2246 5095 2245 5094 2220 5069 2247 5096 2246 5095 2220 5069 2248 5097 2247 5096 2220 5069 2249 5098 2248 5097 2220 5069 2250 5099 2249 5098 2220 5069 2251 5100 2250 5099 2252 5101 2254 5103 2253 5102 2252 5101 2255 5104 2254 5103 2252 5101 2256 5105 2255 5104 2252 5101 2257 5106 2256 5105 2252 5101 2258 5107 2257 5106 2252 5101 2259 5108 2258 5107 2252 5101 2260 5109 2259 5108 2252 5101 2261 5110 2260 5109 2252 5101 2262 5111 2261 5110 2252 5101 2263 5112 2262 5111 2252 5101 2264 5113 2263 5112 2252 5101 2265 5114 2264 5113 2252 5101 2266 5115 2265 5114 2252 5101 2267 5116 2266 5115 2252 5101 2268 5117 2267 5116 2252 5101 2269 5118 2268 5117 2252 5101 2270 5119 2269 5118 2252 5101 2271 5120 2270 5119 2252 5101 2272 5121 2271 5120 2252 5101 2273 4395 2272 5121 2252 5101 2274 5122 2273 4395 2252 5101 2275 5123 2274 5122 2252 5101 2276 5124 2275 5123 2252 5101 2277 5125 2276 5124 2252 5101 2278 5126 2277 5125 2252 5101 2279 5127 2278 5126 2252 5101 2280 5128 2279 5127 2252 5101 2281 5129 2280 5128 2252 5101 2282 5130 2281 5129 2252 5101 2283 5131 2282 5130 2284 5132 2286 5134 2285 5133 2284 5132 2287 5135 2286 5134 2284 5132 2288 5136 2287 5135 2284 5132 2289 5137 2288 5136 2284 5132 2290 5138 2289 5137 2284 5132 2291 5139 2290 5138 2284 5132 2292 5140 2291 5139 2284 5132 2293 5141 2292 5140 2284 5132 2294 5142 2293 5141 2284 5132 2295 5143 2294 5142 2284 5132 2296 5144 2295 5143 2284 5132 2297 5145 2296 5144 2284 5132 2298 5146 2297 5145 2284 5132 2299 5147 2298 5146 2284 5132 2300 5148 2299 5147 2284 5132 2301 5149 2300 5148 2284 5132 2302 5150 2301 5149 2284 5132 2303 5151 2302 5150 2284 5132 2304 5152 2303 5151 2284 5132 2305 5153 2304 5152 2284 5132 2306 5154 2305 5153 2284 5132 2307 5155 2306 5154 2284 5132 2308 5156 2307 5155 2284 5132 2309 5157 2308 5156 2284 5132 2310 5158 2309 5157 2284 5132 2311 5159 2310 5158 2284 5132 2312 5160 2311 5159 2284 5132 2313 5161 2312 5160 2284 5132 2314 5162 2313 5161 2284 5132 2315 5163 2314 5162 2316 5164 2318 5166 2317 5165 2316 5164 2319 5167 2318 5166 2316 5164 2320 5168 2319 5167 2316 5164 2321 5169 2320 5168 2316 5164 2322 5170 2321 5169 2316 5164 2323 5171 2322 5170 2316 5164 2324 5172 2323 5171 2316 5164 2325 5173 2324 5172 2316 5164 2326 5174 2325 5173 2316 5164 2327 5175 2326 5174 2316 5164 2328 5176 2327 5175 2316 5164 2329 5177 2328 5176 2316 5164 2330 5178 2329 5177 2316 5164 2331 5179 2330 5178 2316 5164 2332 5180 2331 5179 2316 5164 2333 5181 2332 5180 2316 5164 2334 5182 2333 5181 2316 5164 2335 5183 2334 5182 2316 5164 2336 5184 2335 5183 2316 5164 2337 5185 2336 5184 2316 5164 2338 5186 2337 5185 2316 5164 2339 5187 2338 5186 2316 5164 2340 5188 2339 5187 2316 5164 2341 5189 2340 5188 2316 5164 2342 5190 2341 5189 2316 5164 2343 5191 2342 5190 2316 5164 2344 5192 2343 5191 2316 5164 2345 5193 2344 5192 2316 5164 2346 5194 2345 5193 2316 5164 2347 5195 2346 5194 2348 5196 2350 5198 2349 5197 2348 5196 2351 5199 2350 5198 2348 5196 2352 5200 2351 5199 2348 5196 2353 5201 2352 5200 2348 5196 2354 5202 2353 5201 2348 5196 2355 5203 2354 5202 2348 5196 2356 5204 2355 5203 2348 5196 2357 5205 2356 5204 2348 5196 2358 5206 2357 5205 2348 5196 2359 5207 2358 5206 2348 5196 2360 5208 2359 5207 2348 5196 2361 5209 2360 5208 2348 5196 2362 5210 2361 5209 2348 5196 2363 5211 2362 5210 2348 5196 2364 5212 2363 5211 2348 5196 2365 5213 2364 5212 2348 5196 2366 5214 2365 5213 2348 5196 2367 5215 2366 5214 2348 5196 2368 5216 2367 5215 2348 5196 2369 5217 2368 5216 2348 5196 2370 5218 2369 5217 2348 5196 2371 5219 2370 5218 2348 5196 2372 5220 2371 5219 2348 5196 2373 5221 2372 5220 2348 5196 2374 5222 2373 5221 2348 5196 2375 5223 2374 5222 2348 5196 2376 5224 2375 5223 2348 5196 2377 5225 2376 5224 2348 5196 2378 5226 2377 5225 2348 5196 2379 5227 2378 5226 2380 5228 2382 5230 2381 5229 2380 5228 2383 5231 2382 5230 2380 5228 2384 5232 2383 5231 2380 5228 2385 5233 2384 5232 2380 5228 2386 5234 2385 5233 2380 5228 2387 5235 2386 5234 2380 5228 2388 5236 2387 5235 2380 5228 2389 5237 2388 5236 2380 5228 2390 5238 2389 5237 2380 5228 2391 5239 2390 5238 2380 5228 2392 5240 2391 5239 2380 5228 2393 5241 2392 5240 2380 5228 2394 5242 2393 5241 2380 5228 2395 5243 2394 5242 2380 5228 2396 5244 2395 5243 2380 5228 2397 5245 2396 5244 2380 5228 2398 5246 2397 5245 2380 5228 2399 5247 2398 5246 2380 5228 2400 5248 2399 5247 2380 5228 2401 5249 2400 5248 2380 5228 2402 5250 2401 5249 2380 5228 2403 5251 2402 5250 2380 5228 2404 5252 2403 5251 2380 5228 2405 3752 2404 5252 2380 5228 2406 5253 2405 3752 2380 5228 2407 5254 2406 5253 2380 5228 2408 5255 2407 5254 2380 5228 2409 5256 2408 5255 2380 5228 2410 5257 2409 5256 2380 5228 2411 5258 2410 5257 2412 5259 2414 5261 2413 5260 2412 5259 2415 5262 2414 5261 2412 5259 2416 5263 2415 5262 2412 5259 2417 5264 2416 5263 2412 5259 2418 5265 2417 5264 2412 5259 2419 5266 2418 5265 2412 5259 2420 5267 2419 5266 2412 5259 2421 5268 2420 5267 2412 5259 2422 5269 2421 5268 2412 5259 2423 5270 2422 5269 2412 5259 2424 5271 2423 5270 2412 5259 2425 5272 2424 5271 2412 5259 2426 5273 2425 5272 2412 5259 2427 5274 2426 5273 2412 5259 2428 5275 2427 5274 2412 5259 2429 5276 2428 5275 2412 5259 2430 5277 2429 5276 2412 5259 2431 5278 2430 5277 2412 5259 2432 5279 2431 5278 2412 5259 2433 5280 2432 5279 2412 5259 2434 5281 2433 5280 2412 5259 2435 5282 2434 5281 2412 5259 2436 5283 2435 5282 2412 5259 2437 5284 2436 5283 2412 5259 2438 5285 2437 5284 2412 5259 2439 5286 2438 5285 2412 5259 2440 5287 2439 5286 2412 5259 2441 5288 2440 5287 2412 5259 2442 5289 2441 5288 2412 5259 2443 5290 2442 5289 2444 5291 2446 5293 2445 5292 2444 5291 2447 5294 2446 5293 2444 5291 2448 5295 2447 5294 2444 5291 2449 5296 2448 5295 2444 5291 2450 5297 2449 5296 2444 5291 2451 5298 2450 5297 2444 5291 2452 5299 2451 5298 2444 5291 2453 5300 2452 5299 2444 5291 2454 5301 2453 5300 2444 5291 2455 5302 2454 5301 2444 5291 2456 5303 2455 5302 2444 5291 2457 5304 2456 5303 2444 5291 2458 5305 2457 5304 2444 5291 2459 5306 2458 5305 2444 5291 2460 5307 2459 5306 2444 5291 2461 5308 2460 5307 2444 5291 2462 5309 2461 5308 2444 5291 2463 5310 2462 5309 2444 5291 2464 5311 2463 5310 2444 5291 2465 5312 2464 5311 2444 5291 2466 5313 2465 5312 2444 5291 2467 5314 2466 5313 2444 5291 2468 5315 2467 5314 2444 5291 2469 5316 2468 5315 2444 5291 2470 5317 2469 5316 2444 5291 2471 5318 2470 5317 2444 5291 2472 5319 2471 5318 2444 5291 2473 5320 2472 5319 2444 5291 2474 5321 2473 5320 2444 5291 2475 5322 2474 5321 2476 5323 2478 5325 2477 5324 2476 5323 2479 5326 2478 5325 2476 5323 2480 5327 2479 5326 2476 5323 2481 5328 2480 5327 2476 5323 2482 5329 2481 5328 2476 5323 2483 5330 2482 5329 2476 5323 2484 5331 2483 5330 2476 5323 2485 5332 2484 5331 2476 5323 2486 5333 2485 5332 2476 5323 2487 5334 2486 5333 2476 5323 2488 5335 2487 5334 2476 5323 2489 5336 2488 5335 2476 5323 2490 5337 2489 5336 2476 5323 2491 5338 2490 5337 2476 5323 2492 5339 2491 5338 2476 5323 2493 5340 2492 5339 2476 5323 2494 5341 2493 5340 2476 5323 2495 5342 2494 5341 2476 5323 2496 5343 2495 5342 2476 5323 2497 5344 2496 5343 2476 5323 2498 5345 2497 5344 2476 5323 2499 5346 2498 5345 2476 5323 2500 5347 2499 5346 2476 5323 2501 5348 2500 5347 2476 5323 2502 5349 2501 5348 2476 5323 2503 5350 2502 5349 2476 5323 2504 5351 2503 5350 2476 5323 2505 5352 2504 5351 2476 5323 2506 5353 2505 5352 2476 5323 2507 5354 2506 5353 2508 5355 2510 5357 2509 5356 2508 5355 2511 5358 2510 5357 2508 5355 2512 5359 2511 5358 2508 5355 2513 5360 2512 5359 2508 5355 2514 5361 2513 5360 2508 5355 2515 5362 2514 5361 2508 5355 2516 5363 2515 5362 2508 5355 2517 5364 2516 5363 2508 5355 2518 5365 2517 5364 2508 5355 2519 5366 2518 5365 2508 5355 2520 5367 2519 5366 2508 5355 2521 5368 2520 5367 2508 5355 2522 5369 2521 5368 2508 5355 2523 5370 2522 5369 2508 5355 2524 5371 2523 5370 2508 5355 2525 5372 2524 5371 2508 5355 2526 5373 2525 5372 2508 5355 2527 5374 2526 5373 2508 5355 2528 5375 2527 5374 2508 5355 2529 5376 2528 5375 2508 5355 2530 5377 2529 5376 2508 5355 2531 5378 2530 5377 2508 5355 2532 5379 2531 5378 2508 5355 2533 5380 2532 5379 2508 5355 2534 5381 2533 5380 2508 5355 2535 5382 2534 5381 2508 5355 2536 5383 2535 5382 2508 5355 2537 5384 2536 5383 2508 5355 2538 5385 2537 5384 2508 5355 2539 5386 2538 5385 2540 5387 2542 5389 2541 5388 2540 5387 2543 5390 2542 5389 2540 5387 2544 5391 2543 5390 2540 5387 2545 5392 2544 5391 2540 5387 2546 5393 2545 5392 2540 5387 2547 5394 2546 5393 2540 5387 2548 5395 2547 5394 2540 5387 2549 5396 2548 5395 2540 5387 2550 5397 2549 5396 2540 5387 2551 5398 2550 5397 2540 5387 2552 5399 2551 5398 2540 5387 2553 2919 2552 5399 2540 5387 2554 5400 2553 2919 2540 5387 2555 5401 2554 5400 2540 5387 2556 5402 2555 5401 2540 5387 2557 5403 2556 5402 2540 5387 2558 5404 2557 5403 2540 5387 2559 5405 2558 5404 2540 5387 2560 5406 2559 5405 2540 5387 2561 5407 2560 5406 2540 5387 2562 5408 2561 5407 2540 5387 2563 5409 2562 5408 2540 5387 2564 5410 2563 5409 2540 5387 2565 5411 2564 5410 2540 5387 2566 5412 2565 5411 2540 5387 2567 5413 2566 5412 2540 5387 2568 5414 2567 5413 2540 5387 2569 5415 2568 5414 2540 5387 2570 5416 2569 5415 2540 5387 2571 5417 2570 5416 2572 5418 2574 5420 2573 5419 2572 5418 2575 5421 2574 5420 2572 5418 2576 5422 2575 5421 2572 5418 2577 5423 2576 5422 2572 5418 2578 5424 2577 5423 2572 5418 2579 5425 2578 5424 2572 5418 2580 5426 2579 5425 2572 5418 2581 5427 2580 5426 2572 5418 2582 5428 2581 5427 2572 5418 2583 5429 2582 5428 2572 5418 2584 5430 2583 5429 2572 5418 2585 5431 2584 5430 2572 5418 2586 5432 2585 5431 2572 5418 2587 5433 2586 5432 2572 5418 2588 5434 2587 5433 2572 5418 2589 5435 2588 5434 2572 5418 2590 5436 2589 5435 2572 5418 2591 5437 2590 5436 2572 5418 2592 5438 2591 5437 2572 5418 2593 5439 2592 5438 2572 5418 2594 5440 2593 5439 2572 5418 2595 5441 2594 5440 2572 5418 2596 5442 2595 5441 2572 5418 2597 5443 2596 5442 2572 5418 2598 5444 2597 5443 2572 5418 2599 5445 2598 5444 2572 5418 2600 5446 2599 5445 2572 5418 2601 5447 2600 5446 2572 5418 2602 5448 2601 5447 2572 5418 2603 5449 2602 5448</p></triangles>
        <triangles count="480" material="MAT_COTTON_LEAF_3-mat"><input semantic="VERTEX" source="#ROW_09_SEG5_foliage-vtx" offset="0"/><input semantic="NORMAL" source="#ROW_09_SEG5_foliage-nrm" offset="1"/><p>2604 2597 2605 2598 2606 2599 2604 2597 2606 2599 2607 2600 2604 2597 2607 2600 2608 2601 2604 2597 2608 2601 2609 2602 2604 2597 2609 2602 2610 2603 2604 2597 2610 2603 2611 2604 2604 2597 2611 2604 2612 2605 2604 2597 2612 2605 2613 2606 2604 2597 2613 2606 2614 2607 2604 2597 2614 2607 2615 2608 2604 2597 2615 2608 2616 2609 2604 2597 2616 2609 2617 2610 2604 2597 2617 2610 2618 2611 2604 2597 2618 2611 2619 2612 2604 2597 2619 2612 2620 2613 2604 2597 2620 2613 2621 2614 2604 2597 2621 2614 2622 2615 2604 2597 2622 2615 2623 2616 2604 2597 2623 2616 2624 2617 2604 2597 2624 2617 2625 2618 2604 2597 2625 2618 2626 2619 2604 2597 2626 2619 2627 2620 2604 2597 2627 2620 2628 2621 2604 2597 2628 2621 2629 2622 2604 2597 2629 2622 2630 2623 2604 2597 2630 2623 2631 2624 2604 2597 2631 2624 2632 2625 2604 2597 2632 2625 2633 2626 2604 2597 2633 2626 2634 2627 2604 2597 2634 2627 2635 2628 2636 2629 2637 2630 2638 2631 2636 2629 2638 2631 2639 2632 2636 2629 2639 2632 2640 2633 2636 2629 2640 2633 2641 2634 2636 2629 2641 2634 2642 2635 2636 2629 2642 2635 2643 2636 2636 2629 2643 2636 2644 2637 2636 2629 2644 2637 2645 2638 2636 2629 2645 2638 2646 2639 2636 2629 2646 2639 2647 2640 2636 2629 2647 2640 2648 2641 2636 2629 2648 2641 2649 2642 2636 2629 2649 2642 2650 2643 2636 2629 2650 2643 2651 2644 2636 2629 2651 2644 2652 2645 2636 2629 2652 2645 2653 2646 2636 2629 2653 2646 2654 2647 2636 2629 2654 2647 2655 2648 2636 2629 2655 2648 2656 2649 2636 2629 2656 2649 2657 2650 2636 2629 2657 2650 2658 2651 2636 2629 2658 2651 2659 2652 2636 2629 2659 2652 2660 2653 2636 2629 2660 2653 2661 2654 2636 2629 2661 2654 2662 2655 2636 2629 2662 2655 2663 2656 2636 2629 2663 2656 2664 2657 2636 2629 2664 2657 2665 2658 2636 2629 2665 2658 2666 2659 2636 2629 2666 2659 2667 2660 2668 2661 2669 2662 2670 2663 2668 2661 2670 2663 2671 2664 2668 2661 2671 2664 2672 2665 2668 2661 2672 2665 2673 2666 2668 2661 2673 2666 2674 2667 2668 2661 2674 2667 2675 2668 2668 2661 2675 2668 2676 2669 2668 2661 2676 2669 2677 2670 2668 2661 2677 2670 2678 2671 2668 2661 2678 2671 2679 2672 2668 2661 2679 2672 2680 2673 2668 2661 2680 2673 2681 2674 2668 2661 2681 2674 2682 2675 2668 2661 2682 2675 2683 2676 2668 2661 2683 2676 2684 2677 2668 2661 2684 2677 2685 2678 2668 2661 2685 2678 2686 2679 2668 2661 2686 2679 2687 2680 2668 2661 2687 2680 2688 2681 2668 2661 2688 2681 2689 2682 2668 2661 2689 2682 2690 2683 2668 2661 2690 2683 2691 2684 2668 2661 2691 2684 2692 2685 2668 2661 2692 2685 2693 2686 2668 2661 2693 2686 2694 2687 2668 2661 2694 2687 2695 2688 2668 2661 2695 2688 2696 2689 2668 2661 2696 2689 2697 2690 2668 2661 2697 2690 2698 2691 2668 2661 2698 2691 2699 2692 2700 2693 2701 2694 2702 2695 2700 2693 2702 2695 2703 2696 2700 2693 2703 2696 2704 2697 2700 2693 2704 2697 2705 2698 2700 2693 2705 2698 2706 2699 2700 2693 2706 2699 2707 2700 2700 2693 2707 2700 2708 2701 2700 2693 2708 2701 2709 2702 2700 2693 2709 2702 2710 2703 2700 2693 2710 2703 2711 2704 2700 2693 2711 2704 2712 2705 2700 2693 2712 2705 2713 2706 2700 2693 2713 2706 2714 2707 2700 2693 2714 2707 2715 2708 2700 2693 2715 2708 2716 2709 2700 2693 2716 2709 2717 2710 2700 2693 2717 2710 2718 2711 2700 2693 2718 2711 2719 2712 2700 2693 2719 2712 2720 2713 2700 2693 2720 2713 2721 2714 2700 2693 2721 2714 2722 2715 2700 2693 2722 2715 2723 2716 2700 2693 2723 2716 2724 2717 2700 2693 2724 2717 2725 2718 2700 2693 2725 2718 2726 2719 2700 2693 2726 2719 2727 2720 2700 2693 2727 2720 2728 2721 2700 2693 2728 2721 2729 2722 2700 2693 2729 2722 2730 2723 2700 2693 2730 2723 2731 2724 2732 2725 2733 2726 2734 2727 2732 2725 2734 2727 2735 2728 2732 2725 2735 2728 2736 2729 2732 2725 2736 2729 2737 2730 2732 2725 2737 2730 2738 2731 2732 2725 2738 2731 2739 2732 2732 2725 2739 2732 2740 2733 2732 2725 2740 2733 2741 2734 2732 2725 2741 2734 2742 2735 2732 2725 2742 2735 2743 2736 2732 2725 2743 2736 2744 2737 2732 2725 2744 2737 2745 2738 2732 2725 2745 2738 2746 2739 2732 2725 2746 2739 2747 2740 2732 2725 2747 2740 2748 2741 2732 2725 2748 2741 2749 2742 2732 2725 2749 2742 2750 2743 2732 2725 2750 2743 2751 2744 2732 2725 2751 2744 2752 2745 2732 2725 2752 2745 2753 2746 2732 2725 2753 2746 2754 2747 2732 2725 2754 2747 2755 2748 2732 2725 2755 2748 2756 2749 2732 2725 2756 2749 2757 2750 2732 2725 2757 2750 2758 2751 2732 2725 2758 2751 2759 2752 2732 2725 2759 2752 2760 2753 2732 2725 2760 2753 2761 2754 2732 2725 2761 2754 2762 2755 2732 2725 2762 2755 2763 2756 2764 2757 2765 2758 2766 2759 2764 2757 2766 2759 2767 2760 2764 2757 2767 2760 2768 2761 2764 2757 2768 2761 2769 2762 2764 2757 2769 2762 2770 2763 2764 2757 2770 2763 2771 2764 2764 2757 2771 2764 2772 2765 2764 2757 2772 2765 2773 2766 2764 2757 2773 2766 2774 2767 2764 2757 2774 2767 2775 2768 2764 2757 2775 2768 2776 2769 2764 2757 2776 2769 2777 2770 2764 2757 2777 2770 2778 2771 2764 2757 2778 2771 2779 2772 2764 2757 2779 2772 2780 2773 2764 2757 2780 2773 2781 2774 2764 2757 2781 2774 2782 2775 2764 2757 2782 2775 2783 2776 2764 2757 2783 2776 2784 2777 2764 2757 2784 2777 2785 2778 2764 2757 2785 2778 2786 2779 2764 2757 2786 2779 2787 2780 2764 2757 2787 2780 2788 2781 2764 2757 2788 2781 2789 2782 2764 2757 2789 2782 2790 2783 2764 2757 2790 2783 2791 2784 2764 2757 2791 2784 2792 2785 2764 2757 2792 2785 2793 2786 2764 2757 2793 2786 2794 2787 2764 2757 2794 2787 2795 2788 2796 2789 2797 2790 2798 2791 2796 2789 2798 2791 2799 2792 2796 2789 2799 2792 2800 2793 2796 2789 2800 2793 2801 2794 2796 2789 2801 2794 2802 2795 2796 2789 2802 2795 2803 2796 2796 2789 2803 2796 2804 2797 2796 2789 2804 2797 2805 2798 2796 2789 2805 2798 2806 2799 2796 2789 2806 2799 2807 2800 2796 2789 2807 2800 2808 2801 2796 2789 2808 2801 2809 2802 2796 2789 2809 2802 2810 2803 2796 2789 2810 2803 2811 2804 2796 2789 2811 2804 2812 2805 2796 2789 2812 2805 2813 2806 2796 2789 2813 2806 2814 2807 2796 2789 2814 2807 2815 2808 2796 2789 2815 2808 2816 2809 2796 2789 2816 2809 2817 2810 2796 2789 2817 2810 2818 2811 2796 2789 2818 2811 2819 2812 2796 2789 2819 2812 2820 2813 2796 2789 2820 2813 2821 2814 2796 2789 2821 2814 2822 2815 2796 2789 2822 2815 2823 2816 2796 2789 2823 2816 2824 2817 2796 2789 2824 2817 2825 2818 2796 2789 2825 2818 2826 2819 2796 2789 2826 2819 2827 2820 2828 2821 2829 2822 2830 2823 2828 2821 2830 2823 2831 2824 2828 2821 2831 2824 2832 2825 2828 2821 2832 2825 2833 2826 2828 2821 2833 2826 2834 2827 2828 2821 2834 2827 2835 2828 2828 2821 2835 2828 2836 2829 2828 2821 2836 2829 2837 2830 2828 2821 2837 2830 2838 2831 2828 2821 2838 2831 2839 2832 2828 2821 2839 2832 2840 2833 2828 2821 2840 2833 2841 2834 2828 2821 2841 2834 2842 2835 2828 2821 2842 2835 2843 2836 2828 2821 2843 2836 2844 2837 2828 2821 2844 2837 2845 2838 2828 2821 2845 2838 2846 2839 2828 2821 2846 2839 2847 2840 2828 2821 2847 2840 2848 2841 2828 2821 2848 2841 2849 2842 2828 2821 2849 2842 2850 2843 2828 2821 2850 2843 2851 2844 2828 2821 2851 2844 2852 2845 2828 2821 2852 2845 2853 2846 2828 2821 2853 2846 2854 2847 2828 2821 2854 2847 2855 2848 2828 2821 2855 2848 2856 2849 2828 2821 2856 2849 2857 2850 2828 2821 2857 2850 2858 2851 2828 2821 2858 2851 2859 2852 2604 5450 2606 5452 2605 5451 2604 5450 2607 5453 2606 5452 2604 5450 2608 5454 2607 5453 2604 5450 2609 5455 2608 5454 2604 5450 2610 5456 2609 5455 2604 5450 2611 5457 2610 5456 2604 5450 2612 5458 2611 5457 2604 5450 2613 5459 2612 5458 2604 5450 2614 5460 2613 5459 2604 5450 2615 5461 2614 5460 2604 5450 2616 5462 2615 5461 2604 5450 2617 5463 2616 5462 2604 5450 2618 5464 2617 5463 2604 5450 2619 5465 2618 5464 2604 5450 2620 5466 2619 5465 2604 5450 2621 5467 2620 5466 2604 5450 2622 5468 2621 5467 2604 5450 2623 5469 2622 5468 2604 5450 2624 5470 2623 5469 2604 5450 2625 5471 2624 5470 2604 5450 2626 5472 2625 5471 2604 5450 2627 5473 2626 5472 2604 5450 2628 5474 2627 5473 2604 5450 2629 5475 2628 5474 2604 5450 2630 5476 2629 5475 2604 5450 2631 5477 2630 5476 2604 5450 2632 5478 2631 5477 2604 5450 2633 5479 2632 5478 2604 5450 2634 5480 2633 5479 2604 5450 2635 5481 2634 5480 2636 5482 2638 5484 2637 5483 2636 5482 2639 5485 2638 5484 2636 5482 2640 5486 2639 5485 2636 5482 2641 5487 2640 5486 2636 5482 2642 5488 2641 5487 2636 5482 2643 5489 2642 5488 2636 5482 2644 5490 2643 5489 2636 5482 2645 5491 2644 5490 2636 5482 2646 5492 2645 5491 2636 5482 2647 5493 2646 5492 2636 5482 2648 5494 2647 5493 2636 5482 2649 5495 2648 5494 2636 5482 2650 5496 2649 5495 2636 5482 2651 5497 2650 5496 2636 5482 2652 5498 2651 5497 2636 5482 2653 5499 2652 5498 2636 5482 2654 5500 2653 5499 2636 5482 2655 5501 2654 5500 2636 5482 2656 5502 2655 5501 2636 5482 2657 5503 2656 5502 2636 5482 2658 5504 2657 5503 2636 5482 2659 5505 2658 5504 2636 5482 2660 5506 2659 5505 2636 5482 2661 5507 2660 5506 2636 5482 2662 5508 2661 5507 2636 5482 2663 5509 2662 5508 2636 5482 2664 5510 2663 5509 2636 5482 2665 5511 2664 5510 2636 5482 2666 5512 2665 5511 2636 5482 2667 5513 2666 5512 2668 5514 2670 5516 2669 5515 2668 5514 2671 5517 2670 5516 2668 5514 2672 5518 2671 5517 2668 5514 2673 5519 2672 5518 2668 5514 2674 5520 2673 5519 2668 5514 2675 5521 2674 5520 2668 5514 2676 5522 2675 5521 2668 5514 2677 5523 2676 5522 2668 5514 2678 5524 2677 5523 2668 5514 2679 5525 2678 5524 2668 5514 2680 5526 2679 5525 2668 5514 2681 5527 2680 5526 2668 5514 2682 5528 2681 5527 2668 5514 2683 5529 2682 5528 2668 5514 2684 5530 2683 5529 2668 5514 2685 5531 2684 5530 2668 5514 2686 5532 2685 5531 2668 5514 2687 5533 2686 5532 2668 5514 2688 5534 2687 5533 2668 5514 2689 5535 2688 5534 2668 5514 2690 5536 2689 5535 2668 5514 2691 5537 2690 5536 2668 5514 2692 5538 2691 5537 2668 5514 2693 5539 2692 5538 2668 5514 2694 5540 2693 5539 2668 5514 2695 5541 2694 5540 2668 5514 2696 5542 2695 5541 2668 5514 2697 5543 2696 5542 2668 5514 2698 5544 2697 5543 2668 5514 2699 5545 2698 5544 2700 5546 2702 5548 2701 5547 2700 5546 2703 5549 2702 5548 2700 5546 2704 5550 2703 5549 2700 5546 2705 5551 2704 5550 2700 5546 2706 5552 2705 5551 2700 5546 2707 5553 2706 5552 2700 5546 2708 5554 2707 5553 2700 5546 2709 5555 2708 5554 2700 5546 2710 5556 2709 5555 2700 5546 2711 5557 2710 5556 2700 5546 2712 5558 2711 5557 2700 5546 2713 5559 2712 5558 2700 5546 2714 5560 2713 5559 2700 5546 2715 5561 2714 5560 2700 5546 2716 5562 2715 5561 2700 5546 2717 5563 2716 5562 2700 5546 2718 5564 2717 5563 2700 5546 2719 5565 2718 5564 2700 5546 2720 5566 2719 5565 2700 5546 2721 5567 2720 5566 2700 5546 2722 5568 2721 5567 2700 5546 2723 5569 2722 5568 2700 5546 2724 5570 2723 5569 2700 5546 2725 5571 2724 5570 2700 5546 2726 5572 2725 5571 2700 5546 2727 5573 2726 5572 2700 5546 2728 5574 2727 5573 2700 5546 2729 5575 2728 5574 2700 5546 2730 5576 2729 5575 2700 5546 2731 5577 2730 5576 2732 5578 2734 5580 2733 5579 2732 5578 2735 5581 2734 5580 2732 5578 2736 5582 2735 5581 2732 5578 2737 5583 2736 5582 2732 5578 2738 5584 2737 5583 2732 5578 2739 5585 2738 5584 2732 5578 2740 5586 2739 5585 2732 5578 2741 5587 2740 5586 2732 5578 2742 5588 2741 5587 2732 5578 2743 5589 2742 5588 2732 5578 2744 5590 2743 5589 2732 5578 2745 5591 2744 5590 2732 5578 2746 5592 2745 5591 2732 5578 2747 5593 2746 5592 2732 5578 2748 5594 2747 5593 2732 5578 2749 5595 2748 5594 2732 5578 2750 5596 2749 5595 2732 5578 2751 5597 2750 5596 2732 5578 2752 5598 2751 5597 2732 5578 2753 5599 2752 5598 2732 5578 2754 5600 2753 5599 2732 5578 2755 5601 2754 5600 2732 5578 2756 5602 2755 5601 2732 5578 2757 5603 2756 5602 2732 5578 2758 5604 2757 5603 2732 5578 2759 5605 2758 5604 2732 5578 2760 5606 2759 5605 2732 5578 2761 5607 2760 5606 2732 5578 2762 5608 2761 5607 2732 5578 2763 5609 2762 5608 2764 5610 2766 5612 2765 5611 2764 5610 2767 5613 2766 5612 2764 5610 2768 5614 2767 5613 2764 5610 2769 5615 2768 5614 2764 5610 2770 5616 2769 5615 2764 5610 2771 5617 2770 5616 2764 5610 2772 5618 2771 5617 2764 5610 2773 5619 2772 5618 2764 5610 2774 5620 2773 5619 2764 5610 2775 5621 2774 5620 2764 5610 2776 5622 2775 5621 2764 5610 2777 5623 2776 5622 2764 5610 2778 5624 2777 5623 2764 5610 2779 5625 2778 5624 2764 5610 2780 5626 2779 5625 2764 5610 2781 5627 2780 5626 2764 5610 2782 5628 2781 5627 2764 5610 2783 5629 2782 5628 2764 5610 2784 5630 2783 5629 2764 5610 2785 5631 2784 5630 2764 5610 2786 5632 2785 5631 2764 5610 2787 5633 2786 5632 2764 5610 2788 5634 2787 5633 2764 5610 2789 5635 2788 5634 2764 5610 2790 5636 2789 5635 2764 5610 2791 5637 2790 5636 2764 5610 2792 5638 2791 5637 2764 5610 2793 5639 2792 5638 2764 5610 2794 5640 2793 5639 2764 5610 2795 5641 2794 5640 2796 5642 2798 5644 2797 5643 2796 5642 2799 5645 2798 5644 2796 5642 2800 5646 2799 5645 2796 5642 2801 5647 2800 5646 2796 5642 2802 5648 2801 5647 2796 5642 2803 5649 2802 5648 2796 5642 2804 5650 2803 5649 2796 5642 2805 5651 2804 5650 2796 5642 2806 5652 2805 5651 2796 5642 2807 5653 2806 5652 2796 5642 2808 5654 2807 5653 2796 5642 2809 5655 2808 5654 2796 5642 2810 5656 2809 5655 2796 5642 2811 5657 2810 5656 2796 5642 2812 5658 2811 5657 2796 5642 2813 5659 2812 5658 2796 5642 2814 5660 2813 5659 2796 5642 2815 5661 2814 5660 2796 5642 2816 5662 2815 5661 2796 5642 2817 5663 2816 5662 2796 5642 2818 5664 2817 5663 2796 5642 2819 5665 2818 5664 2796 5642 2820 5666 2819 5665 2796 5642 2821 5667 2820 5666 2796 5642 2822 5668 2821 5667 2796 5642 2823 5669 2822 5668 2796 5642 2824 5670 2823 5669 2796 5642 2825 5671 2824 5670 2796 5642 2826 5672 2825 5671 2796 5642 2827 5673 2826 5672 2828 5674 2830 5676 2829 5675 2828 5674 2831 5677 2830 5676 2828 5674 2832 5678 2831 5677 2828 5674 2833 5679 2832 5678 2828 5674 2834 5680 2833 5679 2828 5674 2835 5681 2834 5680 2828 5674 2836 5682 2835 5681 2828 5674 2837 5683 2836 5682 2828 5674 2838 5684 2837 5683 2828 5674 2839 5685 2838 5684 2828 5674 2840 5686 2839 5685 2828 5674 2841 5687 2840 5686 2828 5674 2842 5688 2841 5687 2828 5674 2843 5689 2842 5688 2828 5674 2844 5690 2843 5689 2828 5674 2845 5691 2844 5690 2828 5674 2846 5692 2845 5691 2828 5674 2847 5693 2846 5692 2828 5674 2848 5694 2847 5693 2828 5674 2849 5695 2848 5694 2828 5674 2850 5696 2849 5695 2828 5674 2851 5697 2850 5696 2828 5674 2852 5698 2851 5697 2828 5674 2853 5699 2852 5698 2828 5674 2854 5700 2853 5699 2828 5674 2855 5701 2854 5700 2828 5674 2856 5702 2855 5701 2828 5674 2857 5703 2856 5702 2828 5674 2858 5704 2857 5703 2828 5674 2859 5705 2858 5704</p></triangles>
      </mesh>
    </geometry>
  </library_geometries>
  <library_visual_scenes><visual_scene id="scene" name="scene">
    <node id="ROW_09_SEG5_foliage" name="ROW_09_SEG5_foliage" type="NODE"><instance_geometry url="#ROW_09_SEG5_foliage-mesh"><bind_material><technique_common>
      <instance_material symbol="MAT_COTTON_LEAF_5-mat" target="#MAT_COTTON_LEAF_5"/>
      <instance_material symbol="MAT_COTTON_COTYL-mat" target="#MAT_COTTON_COTYL"/>
      <instance_material symbol="MAT_COTTON_LEAF_0-mat" target="#MAT_COTTON_LEAF_0"/>
      <instance_material symbol="MAT_COTTON_LEAF_1-mat" target="#MAT_COTTON_LEAF_1"/>
      <instance_material symbol="MAT_COTTON_LEAF_4-mat" target="#MAT_COTTON_LEAF_4"/>
      <instance_material symbol="MAT_COTTON_LEAF_3-mat" target="#MAT_COTTON_LEAF_3"/>
    </technique_common></bind_material></instance_geometry></node>
  </visual_scene></library_visual_scenes>
  <scene><instance_visual_scene url="#scene"/></scene>
<!-- vigil:double-sided -->
</COLLADA>
