<?xml version="1.0" encoding="utf-8"?>
<COLLADA xmlns="http://www.collada.org/2005/11/COLLADASchema" version="1.4.1">
  <asset>
    <contributor><authoring_tool>VIGIL SIH26126 farm generator</authoring_tool></contributor>
    <unit name="meter" meter="1"/>
    <up_axis>Z_UP</up_axis>
  </asset>
  <library_effects>
    <effect id="MAT_COTTON_STEM-fx"><profile_COMMON><technique sid="c"><lambert><diffuse><color>0.0620 0.0820 0.0240 1</color></diffuse></lambert></technique></profile_COMMON></effect>
  </library_effects>
  <library_materials>
    <material id="MAT_COTTON_STEM" name="MAT_COTTON_STEM"><instance_effect url="#MAT_COTTON_STEM-fx"/></material>
  </library_materials>
  <library_geometries>
    <geometry id="ROW_18_SEG1_solid-mesh" name="ROW_18_SEG1_solid">
      <mesh>
        <source id="ROW_18_SEG1_solid-pos"><float_array id="ROW_18_SEG1_solid-pos-a" count="5013">-2.4269 -0.016694 0.014752 -2.4317 -0.017642 0.014857 -2.4307 -0.018247 0.041436 -2.4264 -0.017396 0.041233 -2.4332 -0.022211 0.014857 -2.4321 -0.022344 0.041442 -2.43 -0.025833 0.014751 -2.4292 -0.02559 0.041243 -2.4253 -0.024886 0.014646 -2.425 -0.024739 0.041039 -2.4237 -0.020316 0.014646 -2.4236 -0.020642 0.041034 -2.4282 -0.019282 0.067994 -2.4245 -0.018528 0.067699 -2.4294 -0.022907 0.068011 -2.4269 -0.025779 0.067734 -2.4232 -0.025024 0.06744 -2.422 -0.021399 0.067422 -2.4255 -0.020277 0.094359 -2.4222 -0.019623 0.09416 -2.4266 -0.02343 0.094391 -2.4244 -0.025928 0.094225 -2.4211 -0.025275 0.094026 -2.4201 -0.022122 0.093993 -2.4242 -0.020648 0.12064 -2.4214 -0.020092 0.12063 -2.4251 -0.023329 0.12069 -2.4232 -0.025453 0.12072 -2.4204 -0.024898 0.1207 -2.4195 -0.022217 0.12066 -2.4247 -0.020181 0.14701 -2.4225 -0.019719 0.14711 -2.4255 -0.022388 0.14706 -2.424 -0.024135 0.14721 -2.4217 -0.023673 0.14731 -2.4209 -0.021465 0.14726 -2.4264 -0.019202 0.17349 -2.4246 -0.018838 0.1736 -2.4269 -0.020939 0.17354 -2.4257 -0.022309 0.17369 -2.4239 -0.021945 0.1738 -2.4234 -0.020209 0.17376 -2.4285 -0.021264 0.014752 -2.4251 -0.020574 0.17365 -2.4272 -0.020679 0.045168 -2.4281 -0.021216 0.044227 -2.4394 -0.019758 0.053604 -2.4386 -0.019292 0.05442 -2.4278 -0.022492 0.044722 -2.4391 -0.020864 0.054033 -2.427 -0.021954 0.045663 -2.4384 -0.020397 0.054848 -2.4486 -0.018575 0.061293 -2.4479 -0.01818 0.061984 -2.4484 -0.019509 0.061656 -2.4478 -0.019114 0.062346 -2.4252 -0.020852 0.069212 -2.4268 -0.022057 0.069615 -2.4125 -0.034047 0.090808 -2.4111 -0.033004 0.090459 -2.4261 -0.023504 0.06834 -2.4119 -0.035302 0.089703 -2.4244 -0.0223 0.067937 -2.4105 -0.034259 0.089354 -2.4008 -0.043861 0.10813 -2.3996 -0.042978 0.10783 -2.4003 -0.044923 0.10719 -2.3991 -0.044041 0.1069 -2.423 -0.021467 0.091563 -2.4251 -0.022401 0.092348 -2.4246 -0.0054483 0.11275 -2.4228 -0.0046396 0.11207 -2.4239 -0.02401 0.093645 -2.4236 -0.0068417 0.11388 -2.4218 -0.023076 0.092859 -2.4218 -0.0060329 0.1132 -2.4242 0.0084143 0.12946 -2.4227 0.009099 0.12888 -2.4233 0.0072346 0.13041 -2.4218 0.0079193 0.12983 -2.422 -0.021547 0.11728 -2.4238 -0.022047 0.11604 -2.4358 -0.032747 0.1369 -2.4343 -0.032314 0.13798 -2.4229 -0.023998 0.11559 -2.435 -0.034439 0.13651 -2.4211 -0.023499 0.11683 -2.4335 -0.034006 0.13758 -2.4455 -0.04152 0.15398 -2.4443 -0.041154 0.15489 -2.4449 -0.042952 0.15364 -2.4436 -0.042585 0.15455 -2.4227 -0.021264 0.1398 -2.4235 -0.021584 0.141 -2.4069 -0.0214 0.15144 -2.4062 -0.021123 0.1504 -2.4233 -0.02303 0.14075 -2.4068 -0.022654 0.15122 -2.4225 -0.02271 0.13954 -2.4061 -0.022377 0.15018 -2.3934 -0.021264 0.15996 -2.3928 -0.021029 0.15908 -2.3932 -0.022325 0.15978 -2.3927 -0.02209 0.15889 -2.4243 -0.020484 0.16385 -2.4249 -0.021132 0.16364 -2.4332 -0.015104 0.17056 -2.4326 -0.014542 0.17074 -2.4246 -0.021638 0.16438 -2.4329 -0.015542 0.1712 -2.424 -0.020989 0.16459 -2.4324 -0.01498 0.17138 -2.4399 -0.01017 0.17623 -2.4394 -0.0096941 0.17639 -2.4397 -0.010541 0.17678 -2.4392 -0.010065 0.17693 -1.8062 -0.012711 0.0078903 -1.8104 -0.009263 0.0073553 -1.8137 -0.008667 0.036595 -1.8099 -0.01176 0.036984 -1.8155 -0.011215 0.0069658 -1.8182 -0.010417 0.036303 -1.8164 -0.016616 0.0071112 -1.819 -0.015261 0.036399 -1.8121 -0.020063 0.0076462 -1.8152 -0.018353 0.036788 -1.807 -0.018111 0.0080357 -1.8107 -0.016603 0.037081 -1.8159 -0.0086985 0.065719 -1.8125 -0.011436 0.065969 -1.8199 -0.010244 0.065605 -1.8206 -0.014529 0.065742 -1.8173 -0.017267 0.065991 -1.8132 -0.01572 0.066105 -1.817 -0.0077066 0.094582 -1.8141 -0.010084 0.094786 -1.8205 -0.0090446 0.094674 -1.8211 -0.012761 0.09497 -1.8182 -0.01514 0.095174 -1.8147 -0.013801 0.095082 -1.8167 -0.0051003 0.12332 -1.8143 -0.0071201 0.12344 -1.8197 -0.0062275 0.12359 -1.8202 -0.0093756 0.12398 -1.8177 -0.011396 0.12409 -1.8148 -0.010268 0.12382 -1.8146 -0.0019264 0.15205 -1.8125 -0.0036039 0.15199 -1.817 -0.0028439 0.15243 -1.8174 -0.0054379 0.15275 -1.8154 -0.0071154 0.15269 -1.813 -0.0061989 0.15231 -1.81 4.3869e-05 0.18073 -1.8084 -0.0012827 0.1806 -1.8119 -0.00067139 0.18109 -1.8122 -0.0027132 0.18132 -1.8106 -0.0040398 0.18119 -1.8087 -0.0033245 0.18083 -1.8113 -0.014664 0.0075008 -1.8103 -0.0019979 0.18096 -1.8139 -0.013085 0.041357 -1.8147 -0.012481 0.04022 -1.8276 -0.0043068 0.052887 -1.8269 -0.0048304 0.053873 -1.8156 -0.013787 0.040192 -1.8284 -0.0054388 0.052863 -1.8148 -0.014392 0.041329 -1.8277 -0.0059633 0.053849 -1.8382 0.0023584 0.063265 -1.8376 0.001915 0.064099 -1.8388 0.0014 0.063245 -1.8382 0.00095654 0.064079 -1.8149 -0.012505 0.06229 -1.8166 -0.011711 0.063418 -1.8074 -0.02264 0.083072 -1.8059 -0.023328 0.082094 -1.8178 -0.013577 0.063004 -1.8084 -0.024258 0.082713 -1.816 -0.014371 0.061876 -1.8069 -0.024945 0.081735 -1.7999 -0.031615 0.099133 -1.7986 -0.032197 0.098306 -1.8007 -0.032984 0.09883 -1.7995 -0.033566 0.098002 -1.8163 -0.011687 0.082893 -1.8186 -0.010873 0.083843 -1.8039 0.014718 0.096386 -1.8018 0.014012 0.095562 -1.8182 -0.012281 0.085967 -1.8035 0.013497 0.098227 -1.8158 -0.013096 0.085017 -1.8014 0.012792 0.097403 -1.7918 0.035628 0.10666 -1.7901 0.035031 0.10597 -1.7914 0.034595 0.10822 -1.7897 0.033998 0.10752 -1.8161 -0.009613 0.10723 -1.8181 -0.0084085 0.10606 -1.836 -0.014865 0.12916 -1.8342 -0.015909 0.13018 -1.8188 -0.010756 0.10501 -1.8366 -0.0169 0.12825 -1.8168 -0.011961 0.10618 -1.8348 -0.017944 0.12927 -1.8506 -0.020191 0.14807 -1.8491 -0.021075 0.14893 -1.8512 -0.021914 0.1473 -1.8496 -0.022797 0.14815 -1.8161 -0.0074463 0.12645 -1.8168 -0.006176 0.1281 -1.7959 -0.011553 0.14004 -1.7953 -0.012654 0.13861 -1.8178 -0.0080061 0.12899 -1.7968 -0.013139 0.14081 -1.8171 -0.0092764 0.12734 -1.7961 -0.014239 0.13938 -1.7788 -0.01599 0.1498 -1.7783 -0.016922 0.14859 -1.7795 -0.017331 0.15045 -1.779 -0.018263 0.14924 -1.8143 -0.0045614 0.14954 -1.8153 -0.0041628 0.14851 -1.823 0.0054903 0.15854 -1.8222 0.0051451 0.15943 -1.8162 -0.0053005 0.14889 -1.8238 0.0045042 0.15887 -1.8152 -0.0056992 0.14993 -1.823 0.004159 0.15977 -1.8293 0.01337 0.16676 -1.8286 0.013077 0.16752 -1.83 0.012535 0.16704 -1.8293 0.012242 0.1678 -1.8113 -0.0026417 0.17087 -1.8123 -0.0023251 0.17099 -1.8131 -0.0093212 0.18138 -1.8123 -0.0095959 0.18128 -1.8127 -0.00317 0.17047 -1.8134 -0.010054 0.18093 -1.8117 -0.0034876 0.17034 -1.8125 -0.010328 0.18082 -1.8138 -0.015059 0.18988 -1.813 -0.015292 0.18979 -1.814 -0.015679 0.18949 -1.8133 -0.015912 0.1894 -1.815 -0.010791 0.089201 -1.8189 -0.0091858 0.089845 -1.8074 0.0065937 0.1146 -1.8044 0.0053682 0.11411 -1.8199 -0.012502 0.092248 -1.8081 0.0040617 0.11644 -1.816 -0.014107 0.091604 -1.8051 0.0028362 0.11595 -1.7959 0.022418 0.13935 -1.7938 0.021543 0.139 -1.7964 0.020609 0.14066 -1.7943 0.019733 0.14031 -1.7951 0.021075 0.13983 -1.5036 -0.00982 0.0066674 -1.4993 -0.0064669 0.0071356 -1.5021 -0.0075045 0.036905 -1.506 -0.010505 0.036364 -1.5001 -0.0010614 0.0073064 -1.5028 -0.0026579 0.037064 -1.5051 0.00098991 0.0070091 -1.5073 -0.00081253 0.036682 -1.5094 -0.0023623 0.0065409 -1.5112 -0.0038137 0.03614 -1.5087 -0.0077677 0.0063701 -1.5105 -0.0086603 0.035981 -1.5067 -0.0088568 0.06655 -1.51 -0.011505 0.065943 -1.5073 -0.00457 0.066706 -1.5113 -0.0029306 0.066254 -1.5146 -0.005578 0.065647 -1.514 -0.0098658 0.065491 -1.5114 -0.010371 0.095961 -1.5144 -0.012677 0.095497 -1.512 -0.0066433 0.096116 -1.5154 -0.0052214 0.095806 -1.5184 -0.0075264 0.095342 -1.5178 -0.011254 0.095188 -1.5145 -0.011823 0.12537 -1.517 -0.013792 0.12515 -1.5149 -0.0086546 0.12552 -1.5179 -0.0074549 0.12545 -1.5204 -0.0094242 0.12523 -1.52 -0.012593 0.12508 -1.5152 -0.013137 0.155 -1.5172 -0.014767 0.15494 -1.5155 -0.010527 0.15513 -1.518 -0.0095472 0.15522 -1.5201 -0.011177 0.15516 -1.5197 -0.013786 0.15502 -1.5145 -0.014459 0.18482 -1.5162 -0.015742 0.18481 -1.5148 -0.012407 0.18494 -1.5168 -0.01164 0.18505 -1.5184 -0.012923 0.18504 -1.5181 -0.014975 0.18492 -1.5044 -0.0044146 0.0068383 -1.5165 -0.013691 0.18493 -1.5071 -0.0069599 0.04088 -1.5064 -0.0059385 0.039892 -1.4948 -0.0020971 0.0512 -1.4954 -0.0029831 0.052056 -1.5074 -0.0047941 0.040447 -1.4956 -0.0011053 0.051681 -1.508 -0.0058155 0.041435 -1.4962 -0.0019913 0.052537 -1.4854 0.0010471 0.060471 -1.4858 0.00029755 0.061196 -1.486 0.0018864 0.060878 -1.4865 0.0011368 0.061603 -1.5106 -0.0088749 0.06772 -1.5096 -0.0068417 0.068305 -1.5313 -0.0028791 0.091234 -1.5322 -0.0046406 0.090727 -1.511 -0.0056992 0.066841 -1.5326 -0.0018883 0.089965 -1.512 -0.0077324 0.066256 -1.5335 -0.0036507 0.089458 -1.5492 0.00035286 0.10997 -1.5499 -0.0011387 0.10954 -1.5502 0.0011911 0.1089 -1.5509 -0.00030041 0.10847 -1.5144 -0.010301 0.092663 -1.5128 -0.008338 0.093705 -1.5058 -0.026604 0.11635 -1.5072 -0.028305 0.11544 -1.5149 -0.0073891 0.095094 -1.5076 -0.025782 0.11755 -1.5165 -0.0093527 0.094052 -1.509 -0.027483 0.11665 -1.5001 -0.04156 0.13488 -1.5013 -0.043 0.13411 -1.5017 -0.040865 0.1359 -1.5028 -0.042304 0.13513 -1.5169 -0.011845 0.12146 -1.5153 -0.010406 0.1202 -1.5099 0.0055981 0.14461 -1.5112 0.0043507 0.1457 -1.5172 -0.0088673 0.11965 -1.5115 0.0069313 0.14413 -1.5188 -0.010306 0.12091 -1.5128 0.0056839 0.14522 -1.5054 0.018693 0.16459 -1.5066 0.017637 0.16551 -1.5068 0.01982 0.16418 -1.5079 0.018765 0.16511 -1.5174 -0.012781 0.14677 -1.5168 -0.012113 0.14818 -1.534 -0.021144 0.15872 -1.5345 -0.021724 0.15749 -1.5177 -0.010736 0.1479 -1.5348 -0.01995 0.15847 -1.5183 -0.011403 0.14649 -1.5353 -0.02053 0.15725 -1.5481 -0.028525 0.16731 -1.5485 -0.029016 0.16628 -1.5488 -0.027514 0.16711 -1.5492 -0.028005 0.16607 -1.5168 -0.013809 0.17386 -1.5164 -0.012815 0.17368 -1.5054 -0.015024 0.18196 -1.5057 -0.015885 0.18212 -1.517 -0.012467 0.1745 -1.5059 -0.014723 0.18267 -1.5173 -0.013462 0.17468 -1.5062 -0.015584 0.18283 -1.4964 -0.016839 0.18875 -1.4967 -0.017568 0.18888 -1.4968 -0.016583 0.18935 -1.4971 -0.017313 0.18948 -1.2004 -0.013533 0.0074103 -1.1965 -0.017365 0.0064237 -1.1894 -0.017706 0.035252 -1.1929 -0.014269 0.036047 -1.1914 -0.015862 0.0053027 -1.1848 -0.016357 0.034303 -1.19 -0.010526 0.0051683 -1.1836 -0.011572 0.034149 -1.1938 -0.0066938 0.0061549 -1.187 -0.0081348 0.034945 -1.199 -0.0081978 0.0072759 -1.1917 -0.0094833 0.035893 -1.1833 -0.017326 0.064085 -1.1864 -0.014285 0.064695 -1.1792 -0.016134 0.063389 -1.1781 -0.011901 0.063304 -1.1812 -0.0088596 0.063914 -1.1853 -0.010052 0.06461 -1.1784 -0.01788 0.092835 -1.1811 -0.01524 0.093353 -1.1748 -0.016847 0.09242 -1.1738 -0.013171 0.092523 -1.1765 -0.01053 0.093042 -1.1801 -0.011563 0.093457 -1.175 -0.019938 0.12169 -1.1773 -0.017694 0.12207 -1.1719 -0.019065 0.12153 -1.1711 -0.015948 0.12175 -1.1734 -0.013704 0.12213 -1.1765 -0.014577 0.12229 -1.1736 -0.022394 0.1508 -1.1755 -0.020535 0.15096 -1.171 -0.021683 0.15083 -1.1703 -0.019114 0.15102 -1.1722 -0.017256 0.15118 -1.1748 -0.017967 0.15115 -1.1745 -0.023434 0.18015 -1.1759 -0.021968 0.18019 -1.1724 -0.022879 0.18023 -1.1719 -0.020857 0.18035 -1.1734 -0.019391 0.18039 -1.1754 -0.019946 0.18031 -1.1952 -0.01203 0.0062893 -1.1739 -0.021413 0.18027 -1.1882 -0.01321 0.039851 -1.1876 -0.01391 0.038622 -1.1737 -0.022991 0.049834 -1.1743 -0.022385 0.0509 -1.1866 -0.012679 0.038438 -1.1729 -0.021924 0.049675 -1.1872 -0.011979 0.039667 -1.1734 -0.021317 0.05074 -1.1624 -0.030398 0.059021 -1.1629 -0.029884 0.059923 -1.1617 -0.029495 0.058886 -1.1621 -0.028982 0.059788 -1.1844 -0.013492 0.060671 -1.1826 -0.014418 0.061594 -1.1882 -0.0022993 0.082132 -1.1898 -0.0014973 0.081333 -1.1814 -0.012657 0.06097 -1.1871 -0.00077343 0.081591 -1.1832 -0.011731 0.060047 -1.1887 2.861e-05 0.080792 -1.1928 0.0076475 0.098918 -1.1941 0.0083265 0.098241 -1.1919 0.0089388 0.09846 -1.1932 0.0096178 0.097783 -1.1804 -0.014049 0.081117 -1.178 -0.015051 0.081783 -1.1931 -0.039164 0.09705 -1.1952 -0.038294 0.096473 -1.178 -0.013561 0.083924 -1.1931 -0.037872 0.098906 -1.1804 -0.012559 0.083258 -1.1952 -0.037004 0.098329 -1.2055 -0.058861 0.10956 -1.2072 -0.058125 0.10907 -1.2055 -0.057769 0.11113 -1.2073 -0.057034 0.11064 -1.1775 -0.015656 0.10555 -1.1757 -0.017066 0.10414 -1.1543 -0.011733 0.12469 -1.1558 -0.010511 0.12591 -1.1749 -0.014794 0.10293 -1.1536 -0.0097637 0.12364 -1.1767 -0.013385 0.10433 -1.1552 -0.0085421 0.12485 -1.1368 -0.0073242 0.1415 -1.1381 -0.0062904 0.14253 -1.1362 -0.0056581 0.14061 -1.1375 -0.0046244 0.14164 -1.1751 -0.017468 0.12484 -1.1742 -0.018775 0.12643 -1.1929 -0.01134 0.14096 -1.1937 -0.010208 0.13958 -1.173 -0.017015 0.12712 -1.1918 -0.0098143 0.14157 -1.1738 -0.015708 0.12553 -1.1926 -0.0086823 0.14019 -1.2082 -0.0052204 0.15285 -1.2089 -0.004262 0.15168 -1.2073 -0.0039291 0.15336 -1.2079 -0.0029707 0.15219 -1.174 -0.019776 0.14825 -1.1732 -0.02028 0.1471 -1.165 -0.030439 0.1564 -1.1656 -0.030004 0.1574 -1.1721 -0.019212 0.14733 -1.1641 -0.029514 0.1566 -1.1729 -0.018709 0.14848 -1.1647 -0.029078 0.15759 -1.1582 -0.038733 0.16403 -1.1588 -0.038364 0.16487 -1.1575 -0.037951 0.16419 -1.158 -0.037581 0.16504 -1.1742 -0.021043 0.17003 -1.1732 -0.021446 0.17003 -1.1705 -0.014315 0.1801 -1.1713 -0.013965 0.18011 -1.1729 -0.020638 0.16943 -1.1702 -0.013614 0.17959 -1.1739 -0.020235 0.16943 -1.171 -0.013265 0.17959 -1.1682 -0.0084639 0.18834 -1.169 -0.0081682 0.18834 -1.168 -0.0078716 0.1879 -1.1687 -0.007576 0.18791 -1.1808 -0.01472 0.087618 -1.177 -0.016656 0.087798 -1.1865 -0.030994 0.11456 -1.1894 -0.029517 0.11442 -1.1755 -0.013371 0.089976 -1.1853 -0.028487 0.11622 -1.1793 -0.011436 0.089796 -1.1882 -0.027009 0.11608 -1.1959 -0.045382 0.1413 -1.198 -0.044326 0.1412 -1.1951 -0.04359 0.14249 -1.1971 -0.042534 0.14239 -1.1965 -0.043958 0.14185 -0.89534 0.0083313 0.0058537 -0.89503 0.015233 0.0055479 -0.89345 0.016464 0.044778 -0.89371 0.010283 0.045192 -0.90085 0.018961 0.005738 -0.89867 0.019807 0.044935 -0.90698 0.015787 0.006234 -0.90415 0.016969 0.045507 -0.90728 0.0088854 0.0065399 -0.90441 0.010787 0.045921 -0.90146 0.0051575 0.0063498 -0.89919 0.0074444 0.045764 -0.89097 0.019368 0.084072 -0.8912 0.013907 0.084549 -0.89559 0.022326 0.084178 -0.90044 0.019823 0.08476 -0.90067 0.014361 0.085237 -0.89605 0.011404 0.085132 -0.88894 0.022129 0.12365 -0.88915 0.017369 0.12391 -0.89296 0.024702 0.1237 -0.89719 0.022515 0.12401 -0.8974 0.017756 0.12427 -0.89338 0.015182 0.12422 -0.8888 0.022669 0.16332 -0.88899 0.018617 0.16327 -0.89222 0.024857 0.16332 -0.89582 0.022992 0.16326 -0.896 0.018941 0.16321 -0.89259 0.016753 0.16321 -0.89092 0.020468 0.20284 -0.89107 0.017137 0.20261 -0.89373 0.02227 0.2028 -0.8967 0.020741 0.20253 -0.89684 0.017409 0.2023 -0.89403 0.015608 0.20234 -0.89432 0.016996 0.24214 -0.89443 0.01438 0.24192 -0.89653 0.018413 0.2421 -0.89885 0.017214 0.24183 -0.89896 0.014598 0.2416 -0.89675 0.013181 0.24165 -0.90116 0.012059 0.0060439 -0.89664 0.015797 0.24187 -0.89736 0.013354 0.051288 -0.89809 0.015175 0.051663 -0.90996 0.006794 0.069365 -0.90933 0.0052166 0.069041 -0.89963 0.014805 0.050416 -0.9113 0.0064735 0.068286 -0.8989 0.012984 0.050042 -0.91066 0.0048952 0.067961 -0.91969 -8.9645e-05 0.08383 -0.91915 -0.0014238 0.083555 -0.92081 -0.00036049 0.082916 -0.92028 -0.0016956 0.082641 -0.89479 0.016392 0.084395 -0.89516 0.018984 0.085841 -0.86413 0.013503 0.10421 -0.8638 0.011257 0.10296 -0.89665 0.017584 0.08806 -0.86541 0.01229 0.10613 -0.89627 0.014993 0.086613 -0.86509 0.010044 0.10488 -0.83875 0.0089703 0.11925 -0.83847 0.0070705 0.11819 -0.83984 0.0079441 0.12088 -0.83956 0.0060434 0.11982 -0.89171 0.018722 0.12315 -0.89184 0.021675 0.12132 -0.90935 0.039307 0.1529 -0.90924 0.036746 0.15449 -0.89495 0.020794 0.12006 -0.91204 0.038543 0.15181 -0.89482 0.017839 0.12189 -0.91193 0.035982 0.1534 -0.92371 0.053686 0.17875 -0.92362 0.051519 0.18009 -0.92599 0.053039 0.17783 -0.92589 0.050873 0.17917 -0.89103 0.019711 0.15559 -0.89088 0.02172 0.15807 -0.88768 -0.01137 0.18566 -0.88781 -0.01311 0.18351 -0.89402 0.021623 0.15836 -0.8904 -0.011454 0.1859 -0.89417 0.019614 0.15588 -0.89053 -0.013195 0.18375 -0.88511 -0.038468 0.2082 -0.88522 -0.039942 0.20638 -0.88741 -0.03854 0.2084 -0.88752 -0.040012 0.20659 -0.8923 0.018661 0.19184 -0.89344 0.020308 0.19111 -0.87847 0.035707 0.2035 -0.87748 0.03428 0.20413 -0.89469 0.020187 0.19286 -0.87955 0.035604 0.20502 -0.89355 0.01854 0.19359 -0.87856 0.034176 0.20565 -0.86622 0.048285 0.21367 -0.86538 0.047078 0.2142 -0.86713 0.048198 0.21496 -0.8663 0.04699 0.21549 -0.89503 0.016536 0.22836 -0.89543 0.017795 0.22806 -0.90571 0.016648 0.23776 -0.90537 0.015556 0.23801 -0.89626 0.017321 0.22709 -0.90644 0.016236 0.23691 -0.89587 0.016061 0.22738 -0.9061 0.015145 0.23717 -0.91413 0.015689 0.24568 -0.91385 0.014765 0.24589 -0.91475 0.015341 0.24497 -0.91446 0.014417 0.24518 -0.89381 0.014626 0.075217 -0.89461 0.019613 0.077106 -0.87913 0.013082 0.10012 -0.87852 0.0092726 0.098674 -0.89897 0.017929 0.079829 -0.88246 0.011795 0.1022 -0.89817 0.012941 0.07794 -0.88185 0.007987 0.10075 -0.86363 0.0066109 0.12312 -0.86319 0.00389 0.12209 -0.86601 0.0056915 0.12461 -0.86557 0.0029716 0.12358 -0.8646 0.0047913 0.12335 -0.57095 -0.01181 0.0046928 -0.5719 -0.007925 0.0045947 -0.57308 -0.007865 0.026549 -0.57222 -0.011349 0.026573 -0.57574 -0.0068102 0.0044263 -0.57652 -0.0068645 0.026404 -0.57863 -0.0095797 0.004356 -0.57911 -0.0093479 0.026283 -0.57768 -0.013464 0.0044541 -0.57825 -0.012832 0.026307 -0.57384 -0.01458 0.0046225 -0.57481 -0.013832 0.026452 -0.57443 -0.0086784 0.04855 -0.57367 -0.011758 0.048449 -0.57748 -0.0077934 0.048437 -0.57976 -0.0099869 0.048222 -0.579 -0.013066 0.048121 -0.57595 -0.013951 0.048234 -0.57593 -0.010498 0.070474 -0.57526 -0.013173 0.070327 -0.57858 -0.0097284 0.070394 -0.58056 -0.011634 0.070169 -0.5799 -0.014309 0.070022 -0.57725 -0.015079 0.070101 -0.57722 -0.01228 0.092276 -0.57666 -0.014558 0.092212 -0.57948 -0.011625 0.092228 -0.58117 -0.013248 0.092116 -0.58061 -0.015527 0.092053 -0.57835 -0.016181 0.0921 -0.57792 -0.012689 0.11404 -0.57746 -0.014565 0.1141 -0.57978 -0.012149 0.11401 -0.58117 -0.013486 0.11406 -0.58071 -0.015363 0.11412 -0.57885 -0.015903 0.11415 -0.5779 -0.011268 0.1359 -0.57753 -0.01274 0.13601 -0.57936 -0.010843 0.13589 -0.58045 -0.011891 0.13598 -0.58009 -0.013364 0.13609 -0.57863 -0.013788 0.1361 -0.57479 -0.010695 0.0045244 -0.57899 -0.012316 0.136 -0.57513 -0.010617 0.029899 -0.57544 -0.0097609 0.029197 -0.57964 -0.0028267 0.039331 -0.57937 -0.0035696 0.039939 -0.57649 -0.010225 0.029091 -0.58055 -0.0032291 0.039239 -0.57619 -0.011082 0.029793 -0.58028 -0.0039711 0.039847 -0.58308 0.0028305 0.047629 -0.58285 0.002202 0.048144 -0.58385 0.00249 0.047551 -0.58362 0.0018616 0.048066 -0.57619 -0.012226 0.06268 -0.57746 -0.010909 0.063353 -0.58576 -0.026743 0.077882 -0.58466 -0.027884 0.077299 -0.57877 -0.011478 0.062039 -0.5869 -0.027237 0.076743 -0.5775 -0.012795 0.061366 -0.5858 -0.028378 0.076159 -0.59255 -0.039721 0.089745 -0.59162 -0.040688 0.089252 -0.59351 -0.040139 0.088781 -0.59258 -0.041105 0.088288 -0.57796 -0.014215 0.094715 -0.57887 -0.012826 0.094819 -0.56992 -0.0082293 0.10926 -0.56914 -0.0094337 0.10917 -0.57998 -0.013625 0.09575 -0.57089 -0.0089226 0.11006 -0.57907 -0.015016 0.095646 -0.5701 -0.010127 0.10997 -0.56261 -0.0044956 0.12108 -0.56194 -0.0055151 0.12101 -0.56342 -0.0050821 0.12176 -0.56276 -0.0061016 0.12169 -0.57877 -0.013028 0.12853 -0.57896 -0.0124 0.12811 -0.5861 -0.010521 0.13405 -0.58594 -0.011065 0.13441 -0.57944 -0.012835 0.12768 -0.58652 -0.010898 0.13368 -0.57926 -0.013463 0.1281 -0.58636 -0.011442 0.13405 -0.59195 -0.008996 0.13891 -0.59181 -0.0094566 0.13922 -0.5923 -0.0093155 0.1386 -0.59216 -0.0097761 0.13891 -0.27589 -0.010565 0.0019733 -0.27421 -0.0064363 0.0016576 -0.27432 -0.0047655 0.026254 -0.27583 -0.008461 0.02662 -0.27696 -0.0029163 0.0014507 -0.27678 -0.0016079 0.026085 -0.28138 -0.0035248 0.0015595 -0.28075 -0.0021458 0.02628 -0.28306 -0.0076532 0.0018752 -0.28225 -0.0058403 0.026646 -0.28032 -0.011173 0.0020821 -0.27979 -0.0089979 0.026815 -0.27329 -0.0024662 0.050647 -0.27461 -0.0057211 0.051114 -0.27547 0.00033188 0.050536 -0.27896 -0.00012684 0.050893 -0.28029 -0.0033817 0.05136 -0.27811 -0.0061798 0.05147 -0.27095 0.00039291 0.075004 -0.27209 -0.0024338 0.075463 -0.27284 0.0028296 0.074959 -0.27587 0.0024405 0.075374 -0.27701 -0.00038624 0.075833 -0.27513 -0.0028238 0.075877 -0.26822 0.0029554 0.099497 -0.26919 0.00054359 0.099805 -0.26982 0.0050316 0.099512 -0.2724 0.0046949 0.099834 -0.27338 0.0022821 0.10014 -0.27177 0.00020695 0.10013 -0.26623 0.0042782 0.12418 -0.26705 0.0022831 0.1243 -0.26755 0.00599 0.12424 -0.26968 0.0057068 0.12441 -0.2705 0.0037117 0.12453 -0.26919 0.0019999 0.12447 -0.26532 0.0041714 0.14896 -0.26597 0.0026016 0.149 -0.26635 0.005518 0.14902 -0.26803 0.0052948 0.14911 -0.26868 0.003726 0.14915 -0.26765 0.0023794 0.14909 -0.27864 -0.0070448 0.0017664 -0.267 0.0039482 0.14905 -0.27755 -0.0056839 0.029676 -0.27782 -0.00455 0.029126 -0.26549 0.0021257 0.037083 -0.26526 0.0011425 0.03756 -0.2786 -0.0042562 0.030099 -0.26617 0.0023804 0.037926 -0.27834 -0.0053902 0.030649 -0.26594 0.0013971 0.038403 -0.25541 0.0075769 0.043611 -0.25522 0.0067453 0.044015 -0.25599 0.0077934 0.044325 -0.25579 0.0069609 0.044729 -0.27526 -0.0030231 0.058311 -0.27519 -0.0010414 0.057828 -0.28989 0.0039663 0.076561 -0.28995 0.0022488 0.076979 -0.27683 -0.0012732 0.056636 -0.2913 0.0037651 0.075528 -0.2769 -0.0032558 0.057119 -0.29137 0.0020475 0.075947 -0.30193 0.0080366 0.091879 -0.30198 0.0065832 0.092233 -0.30313 0.0078659 0.091005 -0.30318 0.0064125 0.091359 -0.27229 0.00023365 0.083679 -0.27144 0.0018826 0.08486 -0.26014 -0.014301 0.09894 -0.26087 -0.015731 0.097917 -0.27319 0.001812 0.086191 -0.26165 -0.014362 0.10009 -0.27403 0.00016403 0.08501 -0.26239 -0.015792 0.099071 -0.25092 -0.027564 0.11046 -0.25154 -0.028773 0.1096 -0.25221 -0.027616 0.11144 -0.25282 -0.028825 0.11057 -0.26894 0.0026445 0.11308 -0.26861 0.0037775 0.11205 -0.26885 0.015659 0.125 -0.26913 0.014677 0.1259 -0.27015 0.0040102 0.11182 -0.27018 0.015861 0.12481 -0.27048 0.0028772 0.11286 -0.27046 0.014879 0.1257 -0.26906 0.02537 0.13561 -0.2693 0.024538 0.13637 -0.27019 0.02554 0.13544 -0.27042 0.024709 0.1362 -0.26712 0.003479 0.14018 -0.26717 0.0042295 0.14062 -0.27307 -0.00011253 0.14711 -0.27302 -0.00076389 0.14673 -0.26787 0.0044518 0.14014 -0.27367 8.0109e-05 0.1467 -0.26781 0.0037012 0.13971 -0.27362 -0.00057125 0.14632 -0.2779 -0.0036716 0.15241 -0.27786 -0.0042229 0.15209 -0.27841 -0.0035086 0.15207 -0.27837 -0.0040598 0.15175 0.013219 0.0035276 -0.0011551 0.011915 0.0079718 -0.001195 0.008502 0.006979 0.025351 0.0096841 0.0029984 0.025278 0.0074425 0.0090685 -0.0016925 0.0044913 0.0079622 0.02491 0.0042744 0.0057211 -0.0021501 0.0016627 0.0049648 0.024397 0.005578 0.001277 -0.0021103 0.0028448 0.00098419 0.024323 0.01005 0.00018024 -0.0016127 0.0068555 9.5367e-07 0.024764 0.0048041 0.00453 0.051845 0.0058632 0.0010157 0.051665 0.0012546 0.0053997 0.051468 -0.0012364 0.0027552 0.050911 -0.00017738 -0.00075912 0.050732 0.0033727 -0.0016289 0.051109 0.0011883 0.0018454 0.078152 0.0021014 -0.0012159 0.078054 -0.0019011 0.0026016 0.077842 -0.0040774 0.00029659 0.077432 -0.0031643 -0.0027647 0.077334 -7.4863e-05 -0.003521 0.077644 -0.0019388 0.00051117 0.10443 -0.0011792 -0.0020962 0.1045 -0.0045676 0.0011549 0.10418 -0.0064359 -0.00081062 0.10401 -0.0056763 -0.003418 0.10408 -0.0030479 -0.0040617 0.10433 -0.0044394 0.0011129 0.13086 -0.0038223 -0.0010328 0.13103 -0.0066061 0.0016422 0.13067 -0.0081558 2.6703e-05 0.13065 -0.0075393 -0.0021181 0.13083 -0.0053725 -0.0026484 0.13101 -0.0065513 0.0027237 0.15746 -0.0060682 0.0010395 0.15762 -0.008255 0.0031404 0.15731 -0.0094762 0.0018721 0.15733 -0.0089927 0.00018787 0.1575 -0.0072889 -0.00022888 0.15764 0.0087466 0.0046244 -0.0016526 -0.007772 0.0014553 0.15748 0.0060663 0.0034695 0.028863 0.0055866 0.0042467 0.027855 0.0050097 0.015154 0.037285 0.0054255 0.01448 0.038158 0.0043397 0.0039062 0.028218 0.0039291 0.014859 0.0376 0.0048194 0.003129 0.029226 0.0043449 0.014185 0.038473 0.0045285 0.024064 0.045017 0.0048804 0.023494 0.045756 0.0036144 0.023814 0.045283 0.0039663 0.023244 0.046022 0.0034313 0.0014715 0.052927 0.0021067 0.0029421 0.053188 -0.01044 -0.011722 0.073269 -0.0092916 -0.012996 0.073044 0.00093174 0.0021124 0.051766 -0.011458 -0.012441 0.072037 0.0022559 0.00064182 0.051506 -0.01031 -0.013715 0.071812 -0.020703 -0.023747 0.08968 -0.019732 -0.024825 0.089489 -0.021565 -0.024356 0.088637 -0.020594 -0.025434 0.088446 0.00056791 -0.00061893 0.075252 -0.00057793 0.0012875 0.07592 0.013338 0.0022507 0.098136 0.01433 0.00059795 0.097558 -0.0021477 -1.9073e-05 0.077059 0.011977 0.0011177 0.099124 -0.0010023 -0.0019255 0.076392 0.01297 -0.00053501 0.098545 0.024718 0.0029993 0.11632 0.025558 0.0016012 0.11583 0.023567 0.0020409 0.11716 0.024407 0.00064278 0.11667 -0.0022497 -0.0015926 0.101 -0.0027323 2.4796e-05 0.099686 -0.01619 0.0106 0.11932 -0.015771 0.0091982 0.12045 -0.0044632 -0.00099659 0.09903 -0.01769 0.0097151 0.11875 -0.0039811 -0.002614 0.10034 -0.017272 0.0083132 0.11988 -0.027215 0.01922 0.13538 -0.026861 0.018034 0.13635 -0.028484 0.018472 0.1349 -0.028131 0.017285 0.13586 -0.0045056 -0.0009594 0.12355 -0.0050068 -0.00023842 0.12471 -0.0046096 -0.016048 0.13534 -0.0041757 -0.016674 0.13433 -0.0063381 -0.00053978 0.12431 -0.005764 -0.016311 0.13499 -0.0058374 -0.0012617 0.12315 -0.0053296 -0.016935 0.13398 -0.0042949 -0.028996 0.14401 -0.0039277 -0.029526 0.14316 -0.0052714 -0.029218 0.14372 -0.0049043 -0.029747 0.14286 -0.006536 0.00061321 0.14769 -0.0071836 0.0011787 0.1474 -0.0028954 0.0095758 0.15489 -0.0023341 0.0090857 0.15513 -0.0077243 0.00088787 0.14809 -0.0033641 0.0093231 0.15549 -0.0070772 0.00032234 0.14838 -0.0028028 0.0088329 0.15573 0.00061417 0.016436 0.16102 0.0010891 0.016021 0.16123 0.00021744 0.016222 0.16153 0.00069237 0.015807 0.16174 0.34003 -0.00051117 -0.005074 0.34424 -0.00057888 -0.0049522 0.34333 0.0016069 0.019208 0.33957 0.0016632 0.019029 0.34641 0.0030193 -0.0051654 0.34528 0.0048342 0.019024 0.34437 0.0066862 -0.0055003 0.34346 0.0081167 0.018659 0.34017 0.0067549 -0.0056221 0.33969 0.008173 0.01848 0.338 0.0031567 -0.005409 0.33774 0.0049458 0.018664 0.34159 0.0042076 0.043358 0.33826 0.0042458 0.043064 0.34331 0.0070639 0.043211 0.3417 0.0099583 0.042771 0.33838 0.0099964 0.042477 0.33666 0.0071392 0.042624 0.33886 0.0072193 0.067353 0.33598 0.007247 0.067033 0.34036 0.0097055 0.067247 0.33897 0.012218 0.066821 0.33608 0.012246 0.066501 0.33459 0.0097609 0.066608 0.33613 0.010011 0.091221 0.33367 0.010041 0.091016 0.3374 0.012125 0.091153 0.33621 0.014271 0.090879 0.33375 0.014302 0.090674 0.33248 0.012187 0.090743 0.33463 0.011824 0.11515 0.3326 0.011857 0.11511 0.33568 0.013567 0.11511 0.33469 0.015344 0.11504 0.33266 0.015377 0.115 0.33161 0.013634 0.11504 0.33479 0.012427 0.13933 0.3332 0.012454 0.13936 0.33562 0.013798 0.13931 0.33484 0.015196 0.13932 0.33324 0.015223 0.13935 0.33242 0.013852 0.13937 0.3422 0.003088 -0.0052872 0.33402 0.013824 0.13934 0.34089 0.0045805 0.022664 0.34188 0.004631 0.02194 0.34946 0.0075207 0.033449 0.3486 0.0074768 0.034077 0.3417 0.0058184 0.021764 0.3493 0.0085497 0.033297 0.34071 0.0057678 0.022489 0.34844 0.0085049 0.033925 0.35564 0.0098982 0.042872 0.35491 0.009861 0.043403 0.35551 0.010769 0.042743 0.35478 0.010732 0.043275 0.33763 0.0075893 0.058646 0.33927 0.0085602 0.059441 0.32457 0.021871 0.074191 0.32315 0.021029 0.073502 0.33912 0.0099821 0.057921 0.32444 0.023103 0.072874 0.33748 0.0090113 0.057126 0.32302 0.022262 0.072185 0.31252 0.032766 0.086231 0.31132 0.032054 0.085648 0.31241 0.033809 0.085116 0.3112 0.033096 0.084533 0.33422 0.011385 0.093763 0.33587 0.011945 0.093945 0.3373 0.0022917 0.11039 0.33587 0.0018063 0.11023 0.3353 0.013331 0.094888 0.33681 0.0034933 0.11121 0.33365 0.012772 0.094706 0.33538 0.0030088 0.11105 0.33844 -0.0055971 0.12385 0.33723 -0.0060072 0.12372 0.33803 -0.0045795 0.12454 0.33682 -0.0049906 0.12441 0.33367 0.013448 0.13107 0.33438 0.013452 0.13065 0.33786 0.020484 0.13713 0.33724 0.02048 0.1375 0.3341 0.01404 0.13014 0.33761 0.020993 0.13669 0.33338 0.014036 0.13056 0.33699 0.020989 0.13706 0.34069 0.026244 0.14243 0.34016 0.02624 0.14274 0.34048 0.026675 0.14206 0.33995 0.026672 0.14237 0.63717 0.015659 -0.0063666 0.64348 0.016271 -0.0056366 0.63866 0.01872 0.031296 0.63303 0.018164 0.03049 0.64613 0.022063 -0.0056272 0.64105 0.023913 0.031312 0.64249 0.027244 -0.0063479 0.6378 0.028551 0.030522 0.63619 0.026632 -0.0070779 0.63217 0.027994 0.029716 0.63353 0.02084 -0.0070873 0.62978 0.0228 0.0297 0.63197 0.021935 0.067985 0.62702 0.021434 0.067113 0.63408 0.026531 0.068017 0.63123 0.030625 0.067177 0.62627 0.030124 0.066306 0.62417 0.025527 0.066273 0.62497 0.025119 0.10437 0.62065 0.024689 0.1037 0.6268 0.029117 0.10443 0.62431 0.032685 0.1038 0.61999 0.032255 0.10312 0.61816 0.028257 0.10307 0.61968 0.027295 0.14085 0.61597 0.026939 0.14049 0.62123 0.030695 0.14092 0.61908 0.03374 0.14063 0.61538 0.033384 0.14027 0.61382 0.029984 0.1402 0.6168 0.028111 0.17774 0.61374 0.02782 0.1776 0.61808 0.030913 0.17782 0.61629 0.033423 0.17775 0.61323 0.033132 0.17761 0.61195 0.03033 0.17754 0.61516 0.028128 0.21495 0.61275 0.027898 0.21488 0.61616 0.030331 0.21502 0.61476 0.032304 0.21502 0.61235 0.032073 0.21495 0.61134 0.02987 0.21488 0.63983 0.021451 -0.0063573 0.61375 0.030101 0.21495 0.63398 0.022594 0.035945 0.6353 0.023131 0.034722 0.64857 0.020229 0.049353 0.64742 0.019764 0.050413 0.63509 0.024868 0.035326 0.64839 0.021734 0.049877 0.63377 0.024331 0.036549 0.64724 0.021269 0.050937 0.65941 0.01787 0.061346 0.65843 0.017476 0.062243 0.65925 0.019143 0.061789 0.65828 0.018749 0.062686 0.62802 0.024481 0.069215 0.63028 0.025863 0.069942 0.6104 0.044754 0.097124 0.60845 0.043556 0.096494 0.62969 0.027791 0.068004 0.60989 0.046426 0.095445 0.62743 0.026409 0.067277 0.60793 0.045228 0.094814 0.59411 0.060218 0.11933 0.59245 0.059204 0.1188 0.59367 0.061632 0.11791 0.59201 0.060618 0.11738 0.62229 0.026856 0.1001 0.62502 0.027846 0.10143 0.61927 0.0068159 0.13056 0.61689 0.0059576 0.1294 0.62347 0.030199 0.10301 0.61792 0.0088539 0.13193 0.62073 0.029208 0.10168 0.61555 0.0079956 0.13077 0.6145 -0.010375 0.15439 0.61249 -0.011101 0.15342 0.61336 -0.0086498 0.15555 0.61135 -0.0093765 0.15458 0.61748 0.028571 0.13585 0.61999 0.028921 0.13433 0.63433 0.042548 0.16456 0.63216 0.042244 0.16588 0.61915 0.03158 0.13349 0.63361 0.044852 0.16383 0.61665 0.031229 0.13501 0.63143 0.044548 0.16515 0.64603 0.053725 0.1893 0.64419 0.053469 0.19042 0.64541 0.055675 0.18869 0.64358 0.055418 0.1898 0.61522 0.029402 0.16736 0.61613 0.029784 0.16913 0.59305 0.032378 0.18152 0.59226 0.032045 0.17999 0.61611 0.031695 0.16869 0.59304 0.034034 0.18114 0.61521 0.031312 0.16692 0.59225 0.033702 0.17961 0.57415 0.034518 0.19164 0.57349 0.034237 0.19034 0.57414 0.035919 0.19131 0.57348 0.035638 0.19002 0.61391 0.029541 0.20116 0.61487 0.030293 0.20092 0.62388 0.021658 0.21193 0.62305 0.021006 0.21213 0.6145 0.031035 0.2019 0.62356 0.022301 0.21277 0.61354 0.030283 0.20214 0.62273 0.021648 0.21298 0.63124 0.014592 0.22094 0.63053 0.01404 0.22112 0.63097 0.015136 0.22166 0.63026 0.014585 0.22183 0.91604 0.011742 -0.0065315 0.92022 0.011815 -0.0063091 0.9188 0.01259 0.016315 0.91505 0.012524 0.01605 0.92225 0.015478 -0.006262 0.92062 0.015875 0.016364 0.9201 0.019068 -0.0064373 0.91869 0.019093 0.016147 0.91591 0.018994 -0.0066597 0.91495 0.019026 0.015882 0.91388 0.015331 -0.0067068 0.91313 0.015741 0.015833 0.91653 0.013749 0.038929 0.91323 0.013685 0.038569 0.91814 0.016655 0.038988 0.91645 0.019499 0.038685 0.91314 0.019436 0.038324 0.91153 0.016529 0.038266 0.91327 0.015289 0.061394 0.91041 0.015234 0.06102 0.91467 0.017817 0.061464 0.9132 0.020289 0.061162 0.91034 0.020233 0.060788 0.90894 0.017706 0.060717 0.91002 0.016618 0.083729 0.90757 0.016574 0.083474 0.9112 0.018767 0.083809 0.90995 0.020872 0.083634 0.90751 0.020828 0.083379 0.90632 0.018679 0.083299 0.90803 0.017015 0.1061 0.906 0.016978 0.10602 0.909 0.018785 0.10618 0.90796 0.02052 0.10618 0.90594 0.020484 0.10609 0.90496 0.018713 0.10601 0.90772 0.016254 0.12869 0.90613 0.016223 0.12868 0.90849 0.017647 0.12876 0.90767 0.019008 0.12882 0.90608 0.018976 0.12881 0.90531 0.017584 0.12874 0.91807 0.015405 -0.0064844 0.9069 0.017615 0.12875 0.9162 0.015264 0.019629 0.9172 0.015389 0.018982 0.92442 0.017877 0.03007 0.92355 0.017768 0.030631 0.91698 0.016573 0.018876 0.92422 0.018902 0.029978 0.91598 0.016446 0.019523 0.92336 0.018792 0.030538 0.93031 0.019925 0.039149 0.92957 0.019833 0.039623 0.93014 0.020792 0.039071 0.92941 0.0207 0.039545 0.91219 0.016106 0.05326 0.91377 0.017083 0.054095 0.8984 0.028954 0.068155 0.89703 0.028107 0.06743 0.9136 0.018576 0.052748 0.89825 0.030248 0.066987 0.91202 0.017598 0.051912 0.89688 0.029401 0.066263 0.8858 0.038672 0.079631 0.88464 0.037955 0.079018 0.88567 0.039767 0.078643 0.88451 0.03905 0.07803 0.90802 0.017773 0.08612 0.90964 0.018376 0.086363 0.91111 0.0079079 0.10123 0.90971 0.0073853 0.10102 0.909 0.019681 0.0873 0.91056 0.0090389 0.10205 0.90739 0.019077 0.087057 0.90916 0.0085154 0.10184 0.91229 -0.00064754 0.11341 0.9111 -0.00109 0.11323 0.91183 0.00030804 0.1141 0.91064 -0.00013447 0.11392 0.90672 0.017695 0.12101 0.90744 0.017749 0.12063 0.91052 0.02449 0.12714 0.9099 0.024445 0.12747 0.90714 0.018352 0.12018 0.91026 0.025013 0.12675 0.90642 0.018298 0.12056 0.90964 0.024967 0.12707 0.91302 0.030013 0.13246 0.9125 0.029974 0.13274 0.91281 0.030456 0.13213 0.91228 0.030416 0.13241 1.2511 0.020513 -0.0056899 1.2471 0.016944 -0.0054556 1.2503 0.015697 0.025494 1.2539 0.018901 0.025157 1.2482 0.011681 -0.0057375 1.2513 0.010978 0.025247 1.2532 0.0099859 -0.0062538 1.2558 0.0094624 0.024664 1.2572 0.013555 -0.0064881 1.2594 0.012666 0.024327 1.2562 0.018818 -0.0062062 1.2585 0.017385 0.024573 1.2553 0.014869 0.056329 1.2584 0.017705 0.055897 1.2561 0.010693 0.056126 1.2601 0.0093527 0.055491 1.2633 0.01219 0.05506 1.2624 0.016366 0.055263 1.2604 0.01423 0.086933 1.2632 0.016694 0.086624 1.2611 0.010597 0.086776 1.2646 0.009429 0.086311 1.2674 0.011894 0.086002 1.2666 0.015527 0.086159 1.2639 0.013432 0.11754 1.2662 0.015524 0.11746 1.2645 0.010343 0.11743 1.2675 0.0093451 0.11723 1.2698 0.011436 0.11715 1.2692 0.014525 0.11726 1.265 0.012343 0.14838 1.2669 0.014064 0.14844 1.2655 0.009798 0.1483 1.268 0.0089731 0.14829 1.2699 0.010693 0.14836 1.2694 0.013238 0.14843 1.2649 0.011174 0.17944 1.2664 0.012526 0.17952 1.2653 0.0091734 0.17938 1.2672 0.008523 0.17942 1.2687 0.0098743 0.1795 1.2683 0.011876 0.17956 1.2522 0.015249 -0.0059718 1.2668 0.010525 0.17947 1.2553 0.015125 0.029537 1.2547 0.014168 0.02843 1.2437 0.0088186 0.03992 1.2443 0.0096474 0.040879 1.2557 0.013055 0.028904 1.2446 0.0078535 0.04033 1.2563 0.014012 0.03001 1.2451 0.0086832 0.041289 1.2348 0.0044394 0.049341 1.2352 0.0051413 0.050152 1.2355 0.003623 0.049687 1.2359 0.0043249 0.050499 1.2592 0.015018 0.057516 1.2583 0.012921 0.05796 1.2803 0.0084229 0.08126 1.2811 0.010242 0.080875 1.2597 0.012002 0.056334 1.2815 0.0076265 0.079851 1.2606 0.0141 0.055891 1.2823 0.0094452 0.079467 1.2983 0.0047579 0.1003 1.299 0.0062962 0.099973 1.2994 0.0040836 0.099107 1.3 0.0056219 0.098782 1.2632 0.014598 0.083484 1.2618 0.012501 0.084412 1.2543 0.028141 0.10948 1.2556 0.02996 0.10868 1.264 0.011581 0.085758 1.2562 0.027345 0.11065 1.2654 0.013679 0.084831 1.2574 0.029162 0.10985 1.2482 0.040952 0.13 1.2493 0.042491 0.12932 1.2498 0.040278 0.13099 1.2509 0.041817 0.13031 1.2662 0.013909 0.11347 1.2647 0.012513 0.11205 1.2607 -0.0054617 0.13607 1.2619 -0.0042505 0.1373 1.2666 0.01116 0.11134 1.2623 -0.0066347 0.13545 1.2681 0.012556 0.11276 1.2636 -0.0054235 0.13668 1.2574 -0.020167 0.15573 1.2585 -0.019143 0.15677 1.2588 -0.021159 0.1552 1.2599 -0.020135 0.15624 1.2671 0.012794 0.1398 1.2666 0.011992 0.14121 1.2832 0.020968 0.15278 1.2836 0.021664 0.15156 1.2675 0.010719 0.1408 1.284 0.019865 0.15242 1.268 0.01152 0.13939 1.2844 0.020559 0.1512 1.2968 0.028307 0.16222 1.2971 0.028895 0.16118 1.2975 0.027373 0.16192 1.2978 0.027961 0.16088 1.2669 0.011559 0.168 1.2666 0.010581 0.16773 1.2558 0.011436 0.17658 1.2561 0.012283 0.17681 1.2672 0.010206 0.16855 1.2563 0.011111 0.17729 1.2675 0.011184 0.16882 1.2566 0.011958 0.17752 1.247 0.012143 0.18383 1.2472 0.01286 0.18403 1.2474 0.011868 0.18443 1.2476 0.012585 0.18463 1.5391 -0.00057507 -0.0040622 1.5444 -0.00050068 -0.003529 1.5412 -0.0001545 0.025971 1.5364 -0.00022221 0.025592 1.5471 0.0042 -0.0032441 1.5436 0.0040598 0.026246 1.5443 0.0088243 -0.0034923 1.5411 0.0082054 0.026141 1.539 0.00875 -0.0040254 1.5363 0.0081377 0.025762 1.5363 0.0040493 -0.0043104 1.5339 0.0039234 0.025488 1.5393 -0.00077438 0.055419 1.535 -0.00084209 0.055257 1.5413 0.0029516 0.05571 1.5391 0.0066109 0.055839 1.5349 0.0065432 0.055678 1.5328 0.0028172 0.055387 1.5385 -0.0025873 0.08501 1.5348 -0.0026531 0.084934 1.5403 0.00065136 0.085326 1.5384 0.0038233 0.085565 1.5347 0.0037565 0.085488 1.5329 0.0005188 0.085173 1.5376 -0.0049791 0.11473 1.5345 -0.0050297 0.11456 1.5391 -0.0022297 0.11506 1.5375 0.00046825 0.11523 1.5343 0.00041771 0.11506 1.5328 -0.0023317 0.11473 1.535 -0.0071201 0.14439 1.5324 -0.0071487 0.14409 1.5362 -0.0048599 0.14471 1.5349 -0.0026274 0.14473 1.5323 -0.002655 0.14444 1.531 -0.0049162 0.14411 1.5302 -0.0087481 0.17381 1.5282 -0.0087643 0.17351 1.5312 -0.0069723 0.17409 1.5302 -0.0052128 0.17406 1.5281 -0.005229 0.17375 1.5272 -0.0070047 0.17348 1.5417 0.0041246 -0.0037772 1.5292 -0.0069885 0.17378 1.538 0.002924 0.029662 1.5392 0.0037603 0.029216 1.5507 -0.0069761 0.040683 1.5496 -0.0077009 0.04107 1.539 0.0047493 0.030382 1.5504 -0.0061197 0.041694 1.5378 0.0039129 0.030828 1.5494 -0.0068445 0.042081 1.56 -0.015759 0.050085 1.5591 -0.016373 0.050412 1.5598 -0.015035 0.050941 1.5589 -0.015648 0.051268 1.5362 0.00097942 0.064286 1.5385 0.0018368 0.064106 1.5333 0.020068 0.086455 1.5313 0.019325 0.086611 1.5377 0.0035706 0.062552 1.5326 0.02157 0.085107 1.5354 0.0027132 0.062732 1.5306 0.020827 0.085263 1.529 0.034995 0.10472 1.5273 0.034367 0.10485 1.5285 0.036266 0.10358 1.5268 0.035637 0.10371 1.536 -0.0013752 0.095193 1.5379 -0.0015659 0.096966 1.5226 -0.022013 0.11115 1.5209 -0.021848 0.10962 1.5367 0.00030994 0.098429 1.5216 -0.020388 0.11242 1.5348 0.00050068 0.096656 1.5199 -0.020222 0.11089 1.5101 -0.038717 0.12276 1.5086 -0.038577 0.12146 1.5092 -0.037341 0.12383 1.5078 -0.037202 0.12253 1.5342 -0.004631 0.13074 1.5358 -0.0044374 0.12976 1.546 0.001091 0.14744 1.5446 0.00092316 0.1483 1.5354 -0.0026159 0.12945 1.5457 0.0026693 0.14717 1.5338 -0.0028095 0.13043 1.5443 0.0025015 0.14803 1.5544 0.0056334 0.16192 1.5532 0.0054913 0.16264 1.5541 0.0069685 0.16169 1.5529 0.0068264 0.16241 1.5304 -0.0068808 0.16316 1.5311 -0.0064726 0.16382 1.5223 -0.0021105 0.17033 1.5217 -0.0024643 0.16975 1.5311 -0.0055847 0.16326 1.5223 -0.0013409 0.16984 1.5304 -0.0059919 0.1626 1.5217 -0.0016937 0.16927 1.5151 0.0014639 0.17564 1.5146 0.0011654 0.17515 1.5151 0.0021162 0.17523 1.5146 0.0018167 0.17474 1.8444 -0.017596 0.00016413 1.8443 -0.022031 0.00014025 1.8466 -0.022024 0.023711 1.8467 -0.018048 0.023663 1.848 -0.024364 -0.00017793 1.85 -0.024117 0.023432 1.8519 -0.022263 -0.00047222 1.8535 -0.022232 0.023106 1.8521 -0.017828 -0.00044833 1.8536 -0.018255 0.023058 1.8483 -0.015495 -0.00013016 1.8502 -0.016164 0.023337 1.8494 -0.021135 0.047295 1.8495 -0.017621 0.047122 1.8524 -0.022986 0.047065 1.8554 -0.021323 0.046661 1.8555 -0.017809 0.046487 1.8525 -0.015958 0.046718 1.8526 -0.019215 0.070758 1.8527 -0.016162 0.070545 1.8552 -0.020824 0.070578 1.8579 -0.019382 0.070185 1.8579 -0.01633 0.069972 1.8553 -0.01472 0.070152 1.8556 -0.017278 0.0941 1.8556 -0.014679 0.093984 1.8578 -0.018647 0.093969 1.8601 -0.017416 0.09372 1.8601 -0.014817 0.093604 1.8579 -0.013449 0.093736 1.8575 -0.016631 0.11747 1.8576 -0.014488 0.1175 1.8593 -0.017758 0.11738 1.8612 -0.016743 0.11732 1.8613 -0.0146 0.11735 1.8595 -0.013473 0.11744 1.8582 -0.017724 0.14104 1.8582 -0.016042 0.14112 1.8596 -0.018611 0.14098 1.8611 -0.017815 0.14099 1.8611 -0.016131 0.14108 1.8597 -0.015245 0.14114 1.8482 -0.01993 -0.00015404 1.8596 -0.016928 0.14106 1.8498 -0.019629 0.027134 1.8498 -0.020647 0.026393 1.8527 -0.029106 0.03733 1.8527 -0.028223 0.037972 1.8511 -0.020465 0.026217 1.8538 -0.028948 0.037177 1.851 -0.019446 0.026958 1.8538 -0.028065 0.037819 1.8552 -0.036013 0.046285 1.8551 -0.035265 0.046828 1.8561 -0.035879 0.046155 1.856 -0.035131 0.046699 1.853 -0.017596 0.062306 1.854 -0.019367 0.063015 1.8683 -0.004632 0.077766 1.8674 -0.0030975 0.077151 1.8555 -0.019172 0.061524 1.8696 -0.0044632 0.076474 1.8545 -0.017401 0.060814 1.8687 -0.0029278 0.075859 1.8799 0.0074472 0.089809 1.8792 0.0087461 0.089288 1.881 0.0075912 0.088715 1.8803 0.0088892 0.088195 1.8571 -0.015382 0.09663 1.8576 -0.017135 0.096746 1.8474 -0.019116 0.11283 1.8469 -0.017597 0.11273 1.8591 -0.016592 0.097671 1.8487 -0.018646 0.11363 1.8585 -0.014839 0.097555 1.8482 -0.017127 0.11353 1.8391 -0.02071 0.126 1.8387 -0.019424 0.12592 1.8402 -0.020312 0.12668 1.8398 -0.019027 0.1266 1.8592 -0.016245 0.13301 1.8592 -0.016979 0.13257 1.8666 -0.02099 0.13871 1.8666 -0.020353 0.13909 1.8599 -0.016666 0.13208 1.8671 -0.020719 0.13828 1.8599 -0.015931 0.13252 1.8671 -0.020082 0.13866 1.8726 -0.024259 0.14372 1.8726 -0.023721 0.14404 1.8731 -0.02403 0.14336 1.8731 -0.023491 0.14368 2.1411 0.018119 0.0029624 2.1372 0.014869 0.0033097 2.1396 0.015554 0.032095 2.143 0.018472 0.031881 2.1381 0.0099192 0.0033813 2.1404 0.011117 0.032178 2.1429 0.0082197 0.0031056 2.1446 0.0095968 0.032046 2.1467 0.01147 0.0027583 2.1481 0.012513 0.031831 2.1458 0.016419 0.0026867 2.1472 0.016951 0.031749 2.1404 0.016192 0.060815 2.1435 0.018779 0.060795 2.1411 0.012268 0.060935 2.1449 0.010929 0.061035 2.1479 0.013515 0.061015 2.1472 0.01744 0.060895 2.1397 0.016957 0.089668 2.1423 0.019211 0.089712 2.1403 0.013546 0.089833 2.1436 0.012389 0.090043 2.1462 0.014644 0.090088 2.1456 0.018054 0.089922 2.1387 0.018235 0.11866 2.141 0.020148 0.11861 2.1393 0.015339 0.11887 2.142 0.014357 0.11901 2.1443 0.01627 0.11895 2.1438 0.019166 0.11875 2.1392 0.02037 0.14765 2.141 0.021934 0.14744 2.1396 0.017987 0.14787 2.1419 0.01717 0.14787 2.1438 0.018734 0.14767 2.1433 0.021115 0.14745 2.1414 0.023374 0.17646 2.1429 0.024596 0.17623 2.1418 0.021502 0.17665 2.1436 0.020854 0.17661 2.145 0.022077 0.17638 2.1447 0.023947 0.17619 2.142 0.013169 0.003034 2.1432 0.022725 0.17642 2.1437 0.015112 0.035706 2.1433 0.013794 0.035211 2.1286 0.014388 0.046285 2.1289 0.01553 0.046714 2.1441 0.013186 0.036328 2.1293 0.013861 0.047253 2.1444 0.014503 0.036822 2.1296 0.015003 0.047681 2.1166 0.014882 0.055365 2.1169 0.015848 0.055728 2.1172 0.014437 0.056184 2.1175 0.015403 0.056547 2.1436 0.016463 0.069492 2.1425 0.014487 0.069222 2.1569 0.003664 0.090644 2.1579 0.0053768 0.090879 2.1441 0.013746 0.067688 2.1583 0.0030222 0.089316 2.1452 0.015722 0.067959 2.1593 0.004735 0.08955 2.1687 -0.0051765 0.10816 2.1696 -0.003727 0.10836 2.1699 -0.0057192 0.10703 2.1707 -0.0042706 0.10723 2.1422 0.017263 0.099621 2.1407 0.016183 0.10129 2.1395 0.039534 0.11611 2.1408 0.04047 0.11466 2.1426 0.01547 0.1027 2.1411 0.038916 0.11733 2.1441 0.01655 0.10103 2.1425 0.039852 0.11588 2.1385 0.058644 0.12823 2.1396 0.059437 0.127 2.1399 0.058121 0.12926 2.1411 0.058913 0.12804 2.1413 0.019493 0.13434 2.1403 0.018436 0.13333 2.1361 0.0077858 0.15006 2.137 0.0087013 0.15094 2.1417 0.01738 0.13299 2.1373 0.0068693 0.14976 2.1427 0.018436 0.134 2.1382 0.0077848 0.15064 2.1326 -0.00092888 0.16375 2.1334 -0.0001545 0.1645 2.1337 -0.0017042 0.16351 2.1344 -0.00092983 0.16425 2.1425 0.022265 0.16604 2.1422 0.021531 0.16665 2.1511 0.023395 0.17315 2.1513 0.024031 0.17262 2.1427 0.0209 0.16609 2.1516 0.022847 0.17266 2.143 0.021634 0.16548 2.1518 0.023484 0.17213 2.1584 0.02492 0.17845 2.1586 0.025459 0.178 2.1588 0.024458 0.17803 2.159 0.024996 0.17759</float_array><technique_common><accessor source="#ROW_18_SEG1_solid-pos-a" count="1671" stride="3"><param name="X" type="float"/><param name="Y" type="float"/><param name="Z" type="float"/></accessor></technique_common></source>
        <source id="ROW_18_SEG1_solid-nrm"><float_array id="ROW_18_SEG1_solid-nrm-a" count="4779">0.265 0.734 0.626 -0.5 0.58 0.643 -0.662 0.747 0.066 0.313 0.95 0.018 -0.749 -0.158 0.643 -0.979 -0.193 0.067 -0.235 -0.744 0.625 -0.328 -0.945 0.02 0.53 -0.591 0.608 0.656 -0.754 -0.028 0.78 0.148 0.608 0.979 0.201 -0.029 -0.656 0.749 0.093 0.32 0.947 0.014 -0.976 -0.197 0.097 -0.32 -0.947 0.023 0.657 -0.751 -0.055 0.979 0.197 -0.06 -0.655 0.753 0.07 0.329 0.944 0.009 -0.976 -0.202 0.08 -0.311 -0.95 0.028 0.662 -0.749 -0.033 0.981 0.191 -0.042 -0.656 0.755 0.008 0.332 0.943 0.003 -0.979 -0.203 0.024 -0.308 -0.951 0.035 0.664 -0.747 0.029 0.982 0.19 0.014 -0.658 0.751 -0.048 0.325 0.946 -0.003 -0.979 -0.201 -0.026 -0.315 -0.948 0.041 0.66 -0.746 0.085 0.979 0.195 0.063 -0.482 0.566 -0.669 0.298 0.725 -0.62 -0.737 -0.189 -0.649 -0.213 -0.786 -0.581 0.568 -0.628 -0.532 0.824 0.129 -0.552 0.024 -0.008 1 0.071 -0.05 -0.996 0.306 0.922 0.238 -0.564 0.373 -0.737 -0.565 0.373 -0.736 0.305 0.922 0.239 -0.319 -0.92 -0.227 -0.32 -0.92 -0.226 0.551 -0.371 0.748 0.55 -0.371 0.748 -0.566 0.373 -0.735 0.304 0.922 0.239 -0.321 -0.92 -0.226 0.549 -0.371 0.749 0.31 0.899 0.309 -0.805 0.08 0.588 0.31 0.899 0.31 -0.303 -0.905 -0.299 -0.303 -0.905 -0.298 0.812 -0.086 -0.577 -0.804 0.079 0.589 0.31 0.898 0.31 -0.302 -0.906 -0.298 0.813 -0.086 -0.576 0.248 0.748 -0.616 -0.968 0.203 -0.147 -0.968 0.204 -0.146 0.248 0.748 -0.615 -0.248 -0.737 0.629 -0.248 -0.736 0.63 0.968 -0.192 0.16 0.968 -0.192 0.161 -0.968 0.204 -0.145 0.248 0.749 -0.614 0.968 -0.191 0.162 0.265 0.783 0.564 -0.85 0.464 -0.251 -0.85 0.463 -0.25 0.264 0.782 0.564 -0.272 -0.789 -0.551 -0.272 -0.789 -0.55 0.843 -0.47 0.263 0.842 -0.47 0.264 -0.851 0.463 -0.249 0.264 0.782 0.565 -0.273 -0.79 -0.55 0.842 -0.471 0.265 0.288 0.841 -0.458 -0.455 0.535 0.712 0.289 0.841 -0.457 -0.276 -0.841 0.466 -0.275 -0.841 0.466 0.467 -0.535 -0.704 0.468 -0.535 -0.704 -0.454 0.535 0.713 -0.275 -0.841 0.467 0.468 -0.535 -0.703 0.286 0.869 -0.403 -0.682 -0.103 -0.724 -0.683 -0.103 -0.723 0.285 0.87 -0.403 -0.296 -0.862 0.411 -0.296 -0.862 0.412 0.673 0.11 0.732 0.672 0.111 0.732 0.285 0.87 -0.402 -0.297 -0.861 0.412 0.651 0.299 0.697 0.064 0.783 0.618 0.153 0.988 0.005 0.927 0.362 0.093 -0.655 0.513 0.555 -0.774 0.629 -0.069 -0.78 -0.25 0.573 -0.934 -0.352 -0.056 -0.183 -0.734 0.654 -0.167 -0.985 0.033 0.53 -0.454 0.716 0.77 -0.629 0.108 0.154 0.988 -0.008 0.933 0.355 0.057 -0.78 0.624 -0.045 -0.933 -0.359 -0.018 -0.165 -0.985 0.046 0.768 -0.635 0.084 0.154 0.986 -0.059 0.936 0.351 0.002 -0.782 0.622 -0.041 -0.933 -0.359 0.038 -0.165 -0.981 0.098 0.768 -0.635 0.081 0.148 0.983 -0.105 0.933 0.354 -0.064 -0.781 0.624 -0.02 -0.932 -0.348 0.103 -0.164 -0.976 0.144 0.772 -0.633 0.061 0.143 0.984 -0.105 0.925 0.357 -0.131 -0.772 0.634 0.044 -0.928 -0.334 0.168 -0.165 -0.975 0.146 0.772 -0.635 -0.004 0.028 0.719 -0.695 0.629 0.217 -0.747 -0.699 0.451 -0.555 -0.823 -0.323 -0.467 -0.216 -0.826 -0.521 0.508 -0.553 -0.66 -0.092 0.042 0.995 -0.152 -0.085 -0.985 0.754 0.315 0.577 0.015 0.847 -0.532 0.014 0.847 -0.531 0.753 0.315 0.577 -0.763 -0.309 -0.567 -0.764 -0.309 -0.566 -0.024 -0.84 0.541 -0.024 -0.84 0.542 0.014 0.848 -0.531 0.753 0.316 0.578 -0.765 -0.309 -0.566 -0.025 -0.84 0.542 0.914 0.333 -0.232 -0.172 0.824 0.539 -0.172 0.824 0.54 0.914 0.333 -0.231 -0.908 -0.34 0.247 -0.907 -0.34 0.247 0.179 -0.832 -0.525 0.179 -0.832 -0.524 -0.172 0.824 0.541 0.915 0.332 -0.23 -0.907 -0.341 0.248 0.179 -0.833 -0.524 0.484 0.153 -0.862 -0.734 0.589 -0.339 -0.734 0.589 -0.338 0.484 0.154 -0.861 -0.477 -0.141 0.868 -0.476 -0.14 0.868 0.741 -0.576 0.345 0.741 -0.576 0.346 -0.733 0.59 -0.338 0.485 0.154 -0.861 0.741 -0.575 0.346 0.708 0.296 0.641 -0.366 0.93 -0.023 0.707 0.295 0.642 -0.718 -0.299 -0.629 -0.718 -0.299 -0.628 0.356 -0.934 0.037 0.356 -0.934 0.038 -0.367 0.93 -0.022 0.707 0.295 0.643 -0.719 -0.299 -0.627 0.355 -0.934 0.038 0.528 0.162 -0.834 0.09 0.958 0.273 0.091 0.957 0.274 0.529 0.162 -0.833 -0.514 -0.165 0.842 -0.513 -0.165 0.842 -0.076 -0.961 -0.264 -0.075 -0.962 -0.264 0.092 0.957 0.274 0.53 0.162 -0.833 -0.512 -0.166 0.843 -0.074 -0.962 -0.263 0.87 0.352 0.347 -0.034 0.707 -0.707 -0.035 0.707 -0.706 0.869 0.352 0.348 -0.878 -0.341 -0.335 -0.879 -0.341 -0.335 0.026 -0.696 0.718 0.026 -0.695 0.718 -0.035 0.708 -0.705 0.869 0.353 0.348 -0.879 -0.34 -0.334 0.025 -0.695 0.719 0.886 0.346 0.309 -0.442 0.759 0.478 0.886 0.345 0.31 -0.887 -0.354 -0.296 -0.887 -0.354 -0.295 0.441 -0.768 -0.464 -0.442 0.758 0.479 0.886 0.345 0.311 -0.888 -0.355 -0.294 0.441 -0.769 -0.463 0.799 0.289 -0.528 -0.481 0.823 -0.301 -0.482 0.823 -0.301 0.798 0.289 -0.528 -0.782 -0.267 0.563 -0.783 -0.267 0.562 0.496 -0.8 0.337 0.496 -0.801 0.336 -0.586 0.379 -0.716 0.448 -0.051 -0.892 -0.856 -0.517 -0.014 0.21 -0.956 -0.205 -0.335 -0.488 -0.806 0.061 -0.796 0.602 0.672 -0.319 0.669 0.922 -0.373 0.099 0.147 -0.989 -0.012 0.563 0.451 0.693 0.783 0.608 0.131 -0.157 0.743 0.65 -0.133 0.99 0.052 -0.768 0.266 0.583 -0.923 0.381 -0.061 -0.658 -0.504 0.559 -0.782 -0.617 -0.093 0.917 -0.378 0.126 0.14 -0.99 -0.017 0.776 0.609 0.161 -0.142 0.988 0.054 -0.921 0.379 -0.088 -0.781 -0.612 -0.124 0.919 -0.382 0.103 0.13 -0.991 -0.023 0.776 0.615 0.144 -0.152 0.987 0.058 -0.925 0.373 -0.066 -0.786 -0.609 -0.106 0.924 -0.38 0.041 0.128 -0.991 -0.029 0.78 0.619 0.088 -0.155 0.986 0.065 -0.93 0.368 -0.004 -0.791 -0.61 -0.05 0.927 -0.374 -0.015 0.135 -0.99 -0.034 0.784 0.62 0.038 -0.148 0.986 0.072 -0.928 0.368 0.053 -0.789 -0.615 0 0.716 -0.263 -0.646 0.092 -0.755 -0.649 0.604 0.523 -0.602 -0.134 0.818 -0.56 -0.76 0.326 -0.562 -0.647 -0.462 -0.607 -0.076 -0.042 0.996 -0.034 0.051 -0.998 0.13 -0.969 0.209 0.706 -0.051 -0.706 0.707 -0.051 -0.706 0.13 -0.969 0.21 -0.117 0.973 -0.197 -0.117 0.974 -0.196 -0.694 0.055 0.718 -0.693 0.055 0.719 0.707 -0.051 -0.705 0.131 -0.969 0.211 -0.116 0.974 -0.196 -0.692 0.055 0.72 0.112 -0.953 0.281 0.722 0.266 0.639 -0.121 0.955 -0.271 -0.122 0.955 -0.27 -0.732 -0.264 -0.629 -0.732 -0.264 -0.628 0.721 0.266 0.64 0.111 -0.953 0.282 -0.122 0.955 -0.269 -0.733 -0.264 -0.627 0.146 -0.753 -0.641 0.962 0.258 -0.089 0.962 0.257 -0.088 0.146 -0.754 -0.641 -0.142 0.743 0.654 -0.142 0.742 0.655 -0.958 -0.268 0.102 -0.958 -0.269 0.103 0.147 -0.754 -0.64 -0.142 0.742 0.656 -0.957 -0.269 0.104 0.087 -0.838 0.539 0.979 -0.023 -0.204 0.979 -0.023 -0.203 0.087 -0.837 0.54 -0.084 0.846 -0.526 -0.084 0.847 -0.526 -0.976 0.032 0.217 -0.975 0.032 0.218 0.979 -0.023 -0.202 0.087 -0.837 0.541 -0.084 0.847 -0.525 -0.975 0.033 0.218 0.145 -0.861 -0.487 0.608 -0.3 0.735 0.607 -0.301 0.735 0.144 -0.862 -0.487 -0.155 0.855 0.494 -0.156 0.855 0.495 -0.619 0.295 -0.728 -0.619 0.294 -0.728 0.607 -0.301 0.736 0.143 -0.862 -0.486 -0.157 0.855 0.495 -0.62 0.294 -0.727 0.156 -0.888 -0.433 0.597 0.425 -0.681 0.598 0.425 -0.68 0.157 -0.888 -0.432 -0.145 0.886 0.441 -0.144 0.885 0.442 -0.586 -0.427 0.689 -0.585 -0.427 0.689 0.158 -0.888 -0.432 -0.584 -0.427 0.69 -0.577 -0.229 0.784 -0.047 -0.764 0.643 -0.233 -0.971 0.054 -0.934 -0.279 0.224 0.678 -0.558 0.479 0.703 -0.695 -0.151 0.868 0.192 0.457 0.945 0.268 -0.188 0.329 0.728 0.601 0.252 0.968 -0.019 -0.391 0.513 0.764 -0.693 0.696 0.188 -0.236 -0.971 0.042 -0.944 -0.271 0.189 0.712 -0.691 -0.128 0.949 0.276 -0.151 0.252 0.968 -0.006 -0.694 0.701 0.164 -0.242 -0.97 -0.009 -0.954 -0.268 0.135 0.715 -0.688 -0.124 0.956 0.277 -0.095 0.258 0.965 0.046 -0.694 0.701 0.161 -0.242 -0.969 -0.055 -0.96 -0.272 0.069 0.716 -0.69 -0.104 0.963 0.268 -0.03 0.263 0.96 0.092 -0.701 0.699 0.142 -0.238 -0.97 -0.056 -0.961 -0.278 0.002 0.715 -0.698 -0.039 0.966 0.255 0.035 0.264 0.96 0.094 -0.71 0.7 0.078 -0.181 -0.727 -0.662 -0.74 -0.175 -0.65 0.579 -0.521 -0.627 0.778 0.242 -0.579 0.214 0.795 -0.568 -0.544 0.584 -0.603 0.22 -0.031 0.975 0.026 0.053 -0.998 -0.695 -0.238 0.678 -0.156 -0.853 -0.498 -0.695 -0.238 0.679 0.706 0.231 -0.67 0.706 0.231 -0.669 0.166 0.846 0.507 -0.155 -0.854 -0.497 -0.694 -0.238 0.679 0.707 0.231 -0.669 0.167 0.845 0.508 -0.961 -0.257 -0.1 0.173 -0.827 0.535 0.173 -0.826 0.536 -0.962 -0.256 -0.099 0.958 0.264 0.115 0.957 0.265 0.116 -0.177 0.835 -0.521 -0.177 0.836 -0.52 0.173 -0.826 0.537 -0.962 -0.256 -0.098 -0.177 0.836 -0.519 -0.607 -0.127 -0.785 0.631 -0.657 -0.413 0.63 -0.658 -0.413 -0.607 -0.127 -0.784 0.599 0.116 0.792 0.599 0.115 0.792 -0.638 0.645 0.421 0.63 -0.658 -0.412 -0.607 -0.128 -0.784 0.599 0.114 0.793 -0.638 0.644 0.422 -0.64 -0.221 0.736 0.28 -0.959 -0.043 0.281 -0.959 -0.043 -0.639 -0.221 0.737 0.652 0.224 -0.725 0.652 0.224 -0.724 -0.269 0.962 0.055 -0.268 0.962 0.056 0.282 -0.959 -0.042 -0.638 -0.221 0.737 0.653 0.224 -0.723 -0.268 0.962 0.057 -0.647 -0.131 -0.751 -0.133 -0.941 0.31 -0.134 -0.941 0.311 -0.648 -0.131 -0.75 0.634 0.136 0.761 0.634 0.136 0.762 0.12 0.946 -0.3 0.12 0.947 -0.299 -0.134 -0.941 0.312 -0.649 -0.131 -0.75 0.633 0.136 0.762 0.119 0.947 -0.298 -0.843 -0.268 0.467 -0.12 -0.721 -0.682 -0.119 -0.722 -0.682 -0.842 -0.269 0.468 0.852 0.257 -0.456 0.128 0.71 0.692 0.129 0.709 0.693 -0.119 -0.722 -0.681 0.853 0.256 -0.455 0.129 0.709 0.694 -0.863 -0.261 0.432 0.437 -0.786 0.437 0.437 -0.786 0.438 0.867 0.27 -0.419 0.867 0.27 -0.418 -0.434 0.795 -0.424 -0.434 0.796 -0.423 0.437 -0.785 0.438 -0.863 -0.26 0.433 0.868 0.271 -0.417 -0.433 0.796 -0.423 -0.884 -0.229 -0.408 0.367 -0.868 -0.336 0.367 -0.867 -0.336 -0.884 -0.228 -0.409 0.871 0.209 0.446 0.871 0.209 0.445 -0.378 0.847 0.374 -0.378 0.847 0.373 0.453 -0.443 -0.774 -0.559 0.073 -0.826 0.887 0.44 -0.142 -0.154 0.967 -0.203 0.266 0.443 -0.856 0.701 -0.4 0.59 0.735 0.388 0.556 0.888 0.455 -0.07 0.839 -0.544 -0.006 0.071 0.814 0.577 0.041 0.998 -0.045 -0.629 0.452 0.632 -0.845 0.534 0.043 -0.665 -0.338 0.666 -0.881 -0.461 0.106 0.002 -0.764 0.645 -0.045 -0.996 0.082 0.885 0.458 -0.083 0.844 -0.536 -0.001 0.045 0.997 -0.065 -0.84 0.542 0.036 -0.882 -0.455 0.119 -0.039 -0.994 0.101 0.885 0.463 -0.044 0.849 -0.528 0.008 0.052 0.998 -0.034 -0.835 0.55 0.027 -0.888 -0.453 0.08 -0.036 -0.997 0.07 0.885 0.464 0.032 0.85 -0.527 0.019 0.054 0.998 0.031 -0.834 0.551 0.018 -0.891 -0.455 0.005 -0.037 -0.999 0.005 0.884 0.458 0.095 0.845 -0.534 0.03 0.048 0.995 0.084 -0.839 0.544 0.008 -0.888 -0.457 -0.059 -0.04 -0.998 -0.047 0.756 0.417 -0.506 0.723 -0.386 -0.573 0.077 0.852 -0.519 -0.637 0.485 -0.599 -0.673 -0.32 -0.667 0.009 -0.756 -0.654 0.059 0.042 0.997 0.073 0.083 -0.994 0.8 -0.518 0.302 0.284 0.779 0.559 0.283 0.779 0.56 0.8 -0.519 0.303 -0.809 0.512 -0.289 -0.292 -0.785 -0.546 -0.293 -0.785 -0.546 0.283 0.778 0.561 0.799 -0.519 0.303 -0.81 0.511 -0.288 -0.293 -0.785 -0.545 0.456 -0.289 -0.842 0.269 0.948 -0.172 0.27 0.948 -0.171 0.457 -0.289 -0.841 -0.443 0.287 0.849 -0.442 0.287 0.85 -0.256 -0.95 0.179 -0.255 -0.95 0.18 0.27 0.947 -0.171 0.458 -0.289 -0.841 -0.441 0.287 0.85 -0.254 -0.95 0.18 0.664 -0.424 0.615 0.605 0.789 -0.105 0.605 0.789 -0.104 0.664 -0.424 0.616 -0.671 0.431 -0.603 -0.672 0.432 -0.602 -0.613 -0.782 0.117 -0.613 -0.781 0.118 0.605 0.79 -0.103 0.664 -0.423 0.617 -0.672 0.432 -0.601 -0.613 -0.781 0.119 0.676 -0.438 -0.593 0.743 0.47 0.477 0.743 0.469 0.478 0.676 -0.438 -0.592 -0.675 0.427 0.602 -0.741 -0.48 -0.469 -0.741 -0.481 -0.468 0.743 0.468 0.478 0.676 -0.439 -0.592 -0.675 0.426 0.603 -0.741 -0.482 -0.468 0.8 -0.504 -0.324 0.041 0.602 -0.798 0.041 0.602 -0.797 0.801 -0.504 -0.324 -0.791 0.515 0.332 -0.79 0.515 0.333 -0.031 -0.592 0.806 -0.03 -0.591 0.806 0.042 0.603 -0.797 0.801 -0.503 -0.323 -0.789 0.516 0.333 0.641 -0.416 0.645 0.225 0.91 0.347 -0.655 0.414 -0.632 -0.239 -0.912 -0.335 -0.239 -0.912 -0.334 0.224 0.91 0.348 0.64 -0.416 0.646 -0.656 0.414 -0.631 -0.24 -0.912 -0.333 0.701 -0.444 -0.558 0.486 0.87 -0.08 0.485 0.871 -0.081 0.7 -0.444 -0.559 -0.665 0.431 0.609 -0.666 0.432 0.608 -0.45 -0.884 0.13 -0.451 -0.883 0.129 0.075 0.848 -0.524 0.254 -0.252 -0.934 -0.879 0.475 0.048 -0.706 -0.617 -0.347 -0.575 0.208 -0.792 0.723 -0.207 0.659 0.538 0.549 0.64 0.717 0.695 0.053 0.96 -0.273 0.06 -0.21 0.767 0.607 -0.237 0.971 0.012 -0.773 0.227 0.593 -0.958 0.285 -0.022 -0.587 -0.53 0.612 -0.724 -0.69 -0.016 0.161 -0.747 0.645 0.24 -0.97 0.026 0.715 0.693 0.088 0.961 -0.273 0.055 -0.239 0.97 0.052 -0.958 0.285 -0.017 -0.723 -0.689 -0.05 0.242 -0.97 -0.014 0.717 0.689 0.103 0.959 -0.281 0.048 -0.243 0.967 0.074 -0.961 0.277 -0.01 -0.72 -0.691 -0.065 0.239 -0.97 -0.036 0.723 0.688 0.068 0.956 -0.29 0.039 -0.246 0.968 0.047 -0.963 0.268 -0.002 -0.718 -0.695 -0.03 0.233 -0.973 -0.01 0.726 0.688 -0.004 0.956 -0.292 0.031 -0.246 0.969 -0.016 -0.964 0.266 0.007 -0.718 -0.695 0.042 0.23 -0.972 0.054 0.567 0.503 -0.653 0.757 -0.269 -0.596 -0.198 0.726 -0.659 -0.774 0.177 -0.608 -0.584 -0.596 -0.551 0.182 -0.819 -0.545 -0.039 0.016 0.999 -0.014 -0.076 -0.997 0.825 -0.235 0.513 0.454 0.812 -0.368 0.453 0.812 -0.367 0.825 -0.234 0.514 -0.831 0.244 -0.5 -0.831 0.244 -0.499 -0.459 -0.803 0.381 -0.459 -0.802 0.382 0.453 0.813 -0.366 0.825 -0.234 0.515 -0.831 0.245 -0.499 0.93 -0.276 0.243 0.011 0.673 0.74 0.011 0.672 0.74 0.93 -0.276 0.244 -0.936 0.265 -0.233 -0.936 0.265 -0.232 -0.017 -0.684 -0.73 -0.017 -0.684 -0.729 0.011 0.672 0.741 0.929 -0.277 0.244 -0.936 0.264 -0.232 -0.017 -0.685 -0.728 0.861 -0.248 -0.444 0.091 0.931 -0.353 0.092 0.931 -0.352 0.862 -0.248 -0.443 -0.852 0.253 0.458 -0.852 0.253 0.459 -0.082 -0.926 0.368 0.092 0.932 -0.351 0.862 -0.247 -0.442 -0.851 0.253 0.46 -0.081 -0.926 0.369 0.597 -0.172 0.784 0.263 0.965 0.011 0.263 0.965 0.012 0.596 -0.171 0.784 -0.609 0.175 -0.774 -0.275 -0.962 -0.001 -0.275 -0.961 -0.001 0.262 0.965 0.012 0.596 -0.171 0.785 -0.61 0.175 -0.773 -0.276 -0.961 -0 0.489 -0.572 0.658 0.783 0.15 0.603 0.991 0.133 -0.029 0.608 -0.791 0.062 0.304 0.766 0.567 0.371 0.926 -0.072 -0.471 0.66 0.585 -0.62 0.784 -0.024 -0.765 -0.063 0.641 -0.988 -0.136 0.067 -0.285 -0.679 0.677 -0.38 -0.919 0.11 0.988 0.129 -0.082 0.608 -0.792 0.051 0.368 0.923 -0.113 -0.619 0.785 -0.012 -0.984 -0.13 0.119 -0.377 -0.914 0.151 0.985 0.131 -0.117 0.614 -0.789 0.033 0.37 0.92 -0.131 -0.611 0.792 0.004 -0.981 -0.122 0.153 -0.371 -0.913 0.168 0.985 0.137 -0.105 0.619 -0.785 0.012 0.377 0.921 -0.1 -0.602 0.798 0.023 -0.983 -0.119 0.141 -0.37 -0.919 0.136 0.988 0.139 -0.061 0.619 -0.785 -0.008 0.383 0.923 -0.036 -0.599 0.8 0.043 -0.988 -0.122 0.098 -0.375 -0.924 0.073 0.758 0.106 -0.643 0.453 -0.633 -0.628 0.272 0.74 -0.615 -0.52 0.635 -0.572 -0.825 -0.104 -0.556 -0.338 -0.738 -0.584 0.015 0.07 0.997 -0.056 0.001 -0.998 0.581 -0.78 -0.231 0.291 0.462 -0.838 0.582 -0.78 -0.23 -0.57 0.787 0.238 -0.569 0.787 0.239 -0.279 -0.456 0.845 -0.279 -0.455 0.846 0.292 0.463 -0.837 0.583 -0.78 -0.23 -0.278 -0.455 0.846 0.536 -0.603 0.592 0.587 0.768 0.255 0.587 0.768 0.256 0.535 -0.602 0.592 -0.545 0.606 -0.579 -0.546 0.606 -0.579 -0.596 -0.765 -0.243 -0.597 -0.765 -0.242 0.586 0.769 0.256 0.535 -0.602 0.593 -0.546 0.606 -0.578 -0.598 -0.765 -0.242 0.293 -0.511 -0.808 0.836 0.547 -0.043 0.837 0.546 -0.042 0.293 -0.512 -0.807 -0.284 0.5 0.818 -0.828 -0.558 0.053 -0.828 -0.559 0.053 0.837 0.545 -0.042 0.293 -0.513 -0.807 -0.284 0.499 0.819 -0.827 -0.559 0.054 0.545 -0.607 0.578 0.837 0.41 -0.361 0.837 0.411 -0.361 0.545 -0.607 0.579 -0.545 0.619 -0.566 -0.545 0.619 -0.565 -0.837 -0.399 0.374 -0.837 -0.398 0.375 0.837 0.412 -0.36 0.545 -0.606 0.579 -0.545 0.62 -0.564 0.608 -0.793 0.035 0.511 0.424 0.748 -0.618 0.786 -0.023 -0.619 0.785 -0.023 -0.521 -0.431 -0.736 -0.522 -0.432 -0.736 0.51 0.423 0.749 0.607 -0.794 0.036 -0.619 0.785 -0.022 -0.522 -0.432 -0.735 0.696 -0.204 0.688 0.473 0.559 0.681 0.676 0.724 0.137 0.966 -0.229 0.124 -0.295 0.747 0.596 -0.283 0.959 0.033 -0.837 0.172 0.519 -0.966 0.245 -0.087 -0.614 -0.589 0.526 -0.687 -0.719 -0.102 0.152 -0.777 0.611 0.286 -0.958 0.004 0.675 0.719 0.163 0.964 -0.237 0.12 -0.29 0.955 0.062 -0.968 0.237 -0.084 -0.682 -0.72 -0.128 0.286 -0.958 -0.026 0.682 0.718 0.142 0.963 -0.246 0.114 -0.292 0.955 0.045 -0.971 0.227 -0.08 -0.681 -0.725 -0.106 0.278 -0.96 -0.01 0.69 0.719 0.084 0.962 -0.249 0.108 -0.288 0.957 -0.008 -0.972 0.224 -0.073 -0.685 -0.727 -0.047 0.271 -0.962 0.042 0.692 0.721 0.03 0.965 -0.242 0.103 -0.281 0.958 -0.055 -0.971 0.231 -0.067 -0.691 -0.722 0.006 0.271 -0.958 0.09 0.602 0.54 -0.589 0.823 -0.239 -0.515 -0.186 0.732 -0.655 -0.747 0.146 -0.648 -0.523 -0.629 -0.575 0.26 -0.821 -0.509 -0.117 -0.025 0.993 0.064 -0.079 -0.995 0.917 -0.225 0.33 0.408 0.609 -0.68 0.408 0.61 -0.679 0.917 -0.224 0.33 -0.917 0.239 -0.319 -0.917 0.239 -0.318 -0.409 -0.596 0.691 -0.409 -0.595 0.692 0.408 0.611 -0.679 0.917 -0.223 0.331 -0.917 0.24 -0.318 -0.409 -0.594 0.693 0.889 -0.231 0.396 -0.053 0.822 0.567 -0.053 0.822 0.568 0.888 -0.232 0.396 -0.895 0.224 -0.386 0.047 -0.829 -0.557 0.046 -0.829 -0.557 -0.054 0.821 0.568 0.888 -0.232 0.397 -0.896 0.223 -0.385 0.046 -0.83 -0.556 0.841 -0.186 -0.509 0.133 0.983 -0.126 0.134 0.983 -0.125 0.841 -0.186 -0.508 -0.832 0.187 0.523 -0.831 0.187 0.524 -0.124 -0.982 0.14 -0.124 -0.982 0.141 0.842 -0.186 -0.507 -0.123 -0.982 0.141 0.75 -0.198 0.631 0.413 0.889 -0.196 0.413 0.89 -0.195 0.749 -0.198 0.632 -0.758 0.205 -0.62 -0.758 0.205 -0.619 -0.422 -0.883 0.207 -0.422 -0.882 0.208 0.412 0.89 -0.194 -0.759 0.206 -0.618 -0.423 -0.882 0.208 0.914 -0.216 -0.343 0.425 0.512 0.746 0.425 0.511 0.747 0.914 -0.217 -0.343 -0.914 0.204 0.351 -0.425 -0.524 -0.738 -0.425 -0.525 -0.738 0.914 -0.217 -0.342 -0.914 0.203 0.352 -0.425 -0.525 -0.737 0.934 -0.211 -0.287 -0.087 0.687 -0.721 -0.087 0.688 -0.721 0.935 -0.211 -0.287 -0.929 0.221 0.295 -0.929 0.222 0.296 0.093 -0.677 0.73 -0.087 0.688 -0.72 0.935 -0.21 -0.286 -0.929 0.223 0.296 0.093 -0.676 0.731 -0.427 -0.633 0.646 0.367 -0.646 0.669 0.485 -0.867 0.112 -0.511 -0.857 0.066 0.776 0.033 0.629 0.998 -0.016 0.065 0.392 0.725 0.567 0.52 0.854 -0.029 -0.401 0.738 0.543 -0.481 0.874 -0.077 -0.811 0.059 0.583 -0.999 0.014 -0.029 0.483 -0.863 0.145 -0.511 -0.858 0.062 0.995 -0.012 0.103 0.52 0.854 -0.024 -0.478 0.871 -0.11 -0.998 0.011 -0.067 0.478 -0.864 0.159 -0.517 -0.854 0.054 0.992 -0.007 0.123 0.513 0.858 -0.018 -0.48 0.868 -0.124 -0.996 0.013 -0.088 0.477 -0.87 0.126 -0.525 -0.85 0.045 0.995 -0.005 0.098 0.504 0.863 -0.011 -0.487 0.869 -0.091 -0.998 0.02 -0.063 0.479 -0.876 0.058 -0.527 -0.849 0.037 0.999 -0.007 0.038 0.502 0.865 -0.002 -0.49 0.871 -0.022 -1 0.025 -0.002 0.383 -0.714 -0.586 -0.429 -0.699 -0.572 0.801 -0.017 -0.598 0.405 0.692 -0.598 -0.404 0.704 -0.584 -0.821 0.011 -0.572 -0.028 0.076 0.997 -0.019 -0.006 -1 -0.469 -0.727 0.501 0.692 -0.662 -0.289 0.692 -0.662 -0.288 -0.468 -0.727 0.502 0.478 0.73 -0.488 0.478 0.731 -0.487 -0.683 0.665 0.302 -0.682 0.666 0.303 0.693 -0.661 -0.288 -0.468 -0.727 0.503 0.479 0.731 -0.486 -0.682 0.666 0.304 -0.517 -0.822 0.24 0.625 -0.157 0.765 0.625 -0.156 0.765 -0.517 -0.821 0.24 0.507 0.83 -0.231 0.507 0.831 -0.23 -0.634 0.165 -0.755 -0.635 0.166 -0.754 0.624 -0.156 0.766 -0.518 -0.821 0.241 0.506 0.831 -0.229 -0.636 0.166 -0.754 -0.44 -0.795 -0.418 0.899 -0.339 -0.277 0.899 -0.339 -0.276 -0.44 -0.795 -0.417 0.442 0.786 0.433 0.442 0.785 0.434 -0.898 0.33 0.292 -0.898 0.329 0.293 0.899 -0.34 -0.276 -0.44 -0.796 -0.416 0.442 0.785 0.435 -0.368 -0.518 0.772 0.864 -0.498 0.077 0.864 -0.497 0.078 0.374 0.529 -0.762 0.374 0.53 -0.761 -0.858 0.508 -0.068 -0.858 0.509 -0.067 0.865 -0.497 0.078 -0.368 -0.517 0.773 -0.858 0.51 -0.067 -0.406 -0.693 0.596 0.384 -0.617 0.687 0.57 -0.808 0.151 -0.411 -0.911 0.015 0.717 0.109 0.689 0.983 0.094 0.155 0.26 0.757 0.6 0.423 0.906 0.023 -0.528 0.68 0.509 -0.567 0.816 -0.115 -0.861 -0.044 0.507 -0.988 -0.1 -0.12 0.562 -0.808 0.176 -0.418 -0.908 0.01 0.978 0.1 0.183 0.415 0.91 0.025 -0.566 0.812 -0.141 -0.984 -0.098 -0.149 0.562 -0.813 0.155 -0.427 -0.904 0.004 0.98 0.104 0.167 0.405 0.914 0.028 -0.573 0.811 -0.12 -0.987 -0.092 -0.133 0.569 -0.817 0.097 -0.429 -0.903 -0.002 0.988 0.103 0.115 0.402 0.915 0.034 -0.581 0.811 -0.062 -0.993 -0.088 -0.08 0.576 -0.816 0.044 -0.422 -0.907 -0.007 0.993 0.099 0.069 0.408 0.912 0.041 -0.582 0.813 -0.009 -0.995 -0.091 -0.033 0.49 -0.655 -0.575 -0.323 -0.731 -0.602 0.828 0.089 -0.553 0.353 0.751 -0.558 -0.456 0.672 -0.584 -0.792 -0.067 -0.606 -0.12 0.054 0.991 0.026 0.018 -0.999 -0.423 -0.879 0.221 0.604 -0.472 -0.642 0.605 -0.472 -0.641 -0.422 -0.879 0.222 0.435 0.876 -0.209 0.436 0.876 -0.208 -0.592 0.47 0.655 0.606 -0.473 -0.64 0.436 0.875 -0.208 -0.591 0.47 0.656 -0.432 -0.855 0.288 0.75 -0.141 0.646 0.749 -0.141 0.647 -0.433 -0.854 0.288 0.425 0.861 -0.278 0.424 0.862 -0.278 -0.757 0.148 -0.637 -0.757 0.148 -0.636 0.749 -0.14 0.648 -0.433 -0.854 0.289 0.424 0.862 -0.277 -0.757 0.149 -0.636 -0.275 -0.758 -0.591 0.951 -0.307 -0.034 0.951 -0.308 -0.033 -0.275 -0.759 -0.59 0.273 0.748 0.605 0.272 0.748 0.605 -0.954 0.297 0.047 0.951 -0.308 -0.032 0.272 0.747 0.606 -0.954 0.296 0.048 -0.403 -0.742 0.535 0.818 -0.56 -0.136 0.818 -0.559 -0.135 -0.403 -0.742 0.536 0.41 0.748 -0.522 -0.811 0.566 0.148 -0.811 0.566 0.149 0.818 -0.559 -0.134 -0.402 -0.742 0.537 0.41 0.749 -0.521 -0.81 0.567 0.149 -0.337 -0.834 -0.437 0.34 -0.566 0.751 0.339 -0.566 0.751 0.324 0.836 0.443 0.323 0.836 0.444 -0.352 0.567 -0.744 -0.353 0.568 -0.744 0.338 -0.566 0.752 -0.338 -0.834 -0.436 -0.354 0.568 -0.743 -0.342 -0.858 -0.383 0.775 0.004 -0.631 0.776 0.004 -0.631 -0.341 -0.859 -0.383 0.35 0.851 0.392 0.35 0.85 0.393 -0.768 -0.012 0.641 -0.767 -0.013 0.641 0.776 0.003 -0.63 -0.341 -0.859 -0.382 0.351 0.85 0.393 -0.767 -0.013 0.642 -0.409 -0.666 0.623 0.364 -0.653 0.664 0.514 -0.854 0.078 -0.481 -0.877 0.008 0.74 0.024 0.672 0.996 0.016 0.09 0.342 0.689 0.639 0.489 0.872 0.031 -0.432 0.675 0.599 -0.511 0.859 -0.04 -0.807 -0.003 0.591 -0.998 -0.02 -0.052 0.511 -0.852 0.114 -0.48 -0.877 0.003 0.991 0.017 0.13 0.489 0.872 0.036 -0.507 0.859 -0.075 -0.996 -0.021 -0.092 0.505 -0.854 0.128 -0.487 -0.873 -0.005 0.988 0.022 0.152 0.481 0.876 0.043 -0.509 0.856 -0.09 -0.993 -0.017 -0.114 0.505 -0.858 0.092 -0.494 -0.869 -0.015 0.992 0.025 0.125 0.472 0.88 0.05 -0.516 0.855 -0.055 -0.996 -0.011 -0.087 0.51 -0.86 0.019 -0.496 -0.868 -0.023 0.998 0.026 0.061 0.47 0.881 0.06 -0.522 0.853 0.018 -1 -0.011 -0.023 0.413 -0.648 -0.64 -0.379 -0.664 -0.645 0.796 0.044 -0.604 0.387 0.723 -0.573 -0.407 0.708 -0.577 -0.79 0.014 -0.613 -0.053 0.017 0.998 0.007 0.047 -0.999 -0.448 -0.759 0.472 0.717 -0.614 -0.329 0.718 -0.614 -0.328 -0.447 -0.759 0.473 0.457 0.762 -0.458 0.457 0.763 -0.457 -0.708 0.617 0.343 -0.708 0.617 0.344 -0.447 -0.759 0.474 0.458 0.763 -0.457 -0.707 0.617 0.345 -0.491 -0.849 0.194 0.589 -0.172 0.789 0.589 -0.171 0.79 0.481 0.857 -0.184 0.48 0.858 -0.184 -0.599 0.179 -0.78 -0.6 0.18 -0.78 0.588 -0.171 0.79 -0.492 -0.848 0.195 0.48 0.858 -0.183 -0.601 0.18 -0.779 -0.394 -0.774 -0.495 0.912 -0.288 -0.293 0.912 -0.289 -0.292 -0.394 -0.775 -0.494 0.395 0.764 0.51 -0.91 0.278 0.308 -0.91 0.278 0.309 -0.394 -0.775 -0.493 0.396 0.763 0.511 -0.91 0.277 0.31 -0.356 -0.553 0.753 0.88 -0.47 0.071 0.88 -0.47 0.072 -0.356 -0.553 0.754 0.361 0.564 -0.743 -0.875 0.481 -0.06 0.88 -0.469 0.072 -0.355 -0.552 0.754 0.361 0.565 -0.742 -0.874 0.482 -0.059 -0.103 0.757 0.645 -0.697 0.229 0.68 -0.941 0.31 0.135 -0.204 0.976 0.069 -0.539 -0.549 0.638 -0.745 -0.662 0.085 0.211 -0.799 0.563 0.191 -0.981 -0.031 0.804 -0.272 0.529 0.942 -0.32 -0.099 0.648 0.506 0.57 0.743 0.667 -0.049 -0.936 0.313 0.161 -0.197 0.978 0.065 -0.738 -0.665 0.114 0.199 -0.98 -0.029 0.941 -0.316 -0.125 0.743 0.665 -0.078 -0.938 0.318 0.139 -0.188 0.981 0.059 -0.737 -0.669 0.097 0.209 -0.978 -0.025 0.944 -0.312 -0.104 0.748 0.66 -0.062 -0.944 0.321 0.081 -0.185 0.981 0.053 -0.742 -0.669 0.044 0.212 -0.977 -0.019 0.949 -0.312 -0.045 0.754 0.657 -0.009 -0.947 0.319 0.027 -0.192 0.98 0.048 -0.746 -0.666 -0.003 0.205 -0.979 -0.012 0.949 -0.316 0.009 0.752 0.658 0.038 -0.756 0.278 -0.593 -0.145 0.814 -0.562 -0.593 -0.519 -0.615 0.178 -0.776 -0.605 0.783 -0.238 -0.574 0.622 0.555 -0.552 0.089 -0.035 0.995 0.027 0.033 -0.999 -0.184 0.943 0.277 -0.737 0.068 -0.672 -0.738 0.068 -0.672 0.172 -0.949 -0.265 0.171 -0.949 -0.265 0.726 -0.074 0.684 0.725 -0.074 0.685 -0.739 0.067 -0.671 -0.185 0.943 0.278 0.17 -0.949 -0.264 0.724 -0.075 0.686 -0.165 0.925 0.343 -0.711 -0.365 0.601 -0.711 -0.365 0.602 -0.164 0.925 0.344 0.174 -0.926 -0.334 0.175 -0.927 -0.333 0.72 0.362 -0.591 0.721 0.362 -0.591 -0.71 -0.365 0.602 -0.164 0.924 0.344 0.721 0.362 -0.59 -0.201 0.808 -0.554 -0.947 -0.306 -0.092 -0.948 -0.306 -0.091 -0.201 0.809 -0.553 0.196 -0.8 0.568 0.196 -0.799 0.568 0.943 0.315 0.105 0.943 0.316 0.106 -0.948 -0.305 -0.09 -0.201 0.809 -0.552 0.196 -0.799 0.569 0.943 0.316 0.107 -0.131 0.8 0.586 -0.984 -0.018 -0.178 -0.984 -0.018 -0.177 -0.131 0.799 0.587 0.129 -0.809 -0.574 0.129 -0.809 -0.573 0.982 0.008 0.19 0.982 0.008 0.191 -0.984 -0.019 -0.177 -0.131 0.798 0.587 0.129 -0.81 -0.573 0.982 0.007 0.191 -0.202 0.897 -0.393 -0.633 0.21 0.745 -0.632 0.211 0.745 -0.201 0.897 -0.393 0.212 -0.891 0.4 0.213 -0.891 0.401 0.644 -0.204 -0.738 0.644 -0.204 -0.737 -0.632 0.211 0.746 -0.2 0.898 -0.393 0.214 -0.891 0.401 0.645 -0.204 -0.737 -0.214 0.916 -0.338 -0.596 -0.415 -0.687 -0.597 -0.415 -0.686 -0.215 0.916 -0.338 0.203 -0.916 0.347 0.202 -0.916 0.347 0.585 0.416 0.696 0.584 0.416 0.696 -0.598 -0.415 -0.686 -0.215 0.917 -0.337 0.201 -0.916 0.348 0.584 0.416 0.697 -0.441 -0.685 0.58 0.337 -0.674 0.657 0.508 -0.861 0.041 -0.493 -0.869 -0.038 0.716 0.007 0.698 0.995 0.019 0.097 0.318 0.679 0.662 0.476 0.876 0.074 -0.46 0.668 0.584 -0.516 0.857 -0.004 -0.839 -0.014 0.543 -0.998 -0.009 -0.06 0.512 -0.859 -0.012 -0.492 -0.869 -0.049 0.998 0.021 0.056 0.475 0.876 0.086 -0.518 0.854 0.049 -1 -0.011 -0.018 0.518 -0.854 -0.046 -0.484 -0.873 -0.066 0.999 0.019 0.039 0.482 0.87 0.103 -0.515 0.853 0.084 -1 -0.016 -0.001 0.522 -0.852 -0.034 -0.475 -0.876 -0.086 0.997 0.013 0.07 0.488 0.864 0.123 -0.512 0.856 0.072 -0.999 -0.019 -0.033 0.518 -0.855 0.01 -0.472 -0.875 -0.105 0.991 0.006 0.133 0.487 0.862 0.144 -0.509 0.861 0.029 -0.995 -0.015 -0.097 0.497 -0.645 -0.58 -0.293 -0.651 -0.7 0.88 0.049 -0.473 0.472 0.736 -0.485 -0.319 0.73 -0.605 -0.701 0.036 -0.712 -0.099 -0.005 0.995 0.148 0.071 -0.986 -0.444 -0.834 -0.326 0.672 -0.072 -0.737 0.673 -0.073 -0.736 -0.444 -0.835 -0.326 0.453 0.826 0.335 0.454 0.826 0.336 -0.663 0.064 0.746 -0.443 -0.835 -0.325 0.454 0.825 0.336 -0.662 0.063 0.747 -0.44 -0.739 0.511 0.88 -0.247 0.405 0.88 -0.246 0.406 -0.44 -0.738 0.512 0.437 0.748 -0.499 0.437 0.749 -0.498 -0.883 0.257 -0.393 -0.883 0.257 -0.392 0.88 -0.246 0.407 -0.883 0.258 -0.392 -0.214 -0.453 -0.866 0.826 -0.557 0.087 0.825 -0.558 0.088 -0.215 -0.453 -0.865 0.205 0.441 0.874 0.205 0.44 0.874 -0.835 0.545 -0.079 -0.835 0.544 -0.079 -0.215 -0.454 -0.865 0.204 0.439 0.875 -0.836 0.544 -0.078 -0.438 -0.749 0.498 0.756 -0.605 -0.249 0.757 -0.605 -0.248 -0.437 -0.749 0.498 0.446 0.753 -0.484 0.446 0.753 -0.483 -0.748 0.609 0.263 -0.748 0.609 0.264 0.757 -0.604 -0.247 -0.437 -0.748 0.499 0.447 0.754 -0.482 -0.747 0.61 0.265 -0.49 -0.869 -0.066 0.455 -0.32 0.831 -0.491 -0.869 -0.065 0.478 0.875 0.075 0.477 0.876 0.076 -0.468 0.326 -0.821 -0.469 0.326 -0.821 0.454 -0.319 0.832 -0.492 -0.868 -0.064 0.476 0.876 0.076 -0.469 0.327 -0.82 -0.601 0.4 0.692 -0.625 -0.37 0.687 -0.873 -0.476 0.103 -0.849 0.521 0.092 0.027 -0.775 0.631 -0.03 -0.999 0.032 0.704 -0.41 0.58 0.846 -0.531 -0.052 0.727 0.36 0.584 0.88 0.471 -0.065 0.074 0.764 0.64 0.028 1 0.007 -0.869 -0.475 0.139 -0.849 0.52 0.087 -0.026 -0.997 0.072 0.846 -0.531 -0.047 0.877 0.469 -0.101 0.025 0.999 -0.033 -0.869 -0.471 0.154 -0.846 0.527 0.079 -0.02 -0.995 0.094 0.851 -0.524 -0.04 0.874 0.472 -0.116 0.027 0.998 -0.056 -0.876 -0.468 0.118 -0.842 0.535 0.069 -0.018 -0.998 0.067 0.856 -0.516 -0.032 0.875 0.477 -0.08 0.035 0.999 -0.03 -0.882 -0.469 0.044 -0.841 0.537 0.061 -0.022 -1 0.002 0.858 -0.514 -0.023 0.878 0.478 -0.005 0.04 0.999 0.036 -0.702 -0.34 -0.626 -0.678 0.446 -0.584 -0.034 -0.754 -0.656 0.662 -0.384 -0.644 0.688 0.405 -0.602 0.017 0.82 -0.572 0.079 -0.008 0.997 -0.014 0.05 -0.999 -0.702 0.453 0.549 -0.668 -0.665 -0.335 -0.668 -0.665 -0.334 -0.702 0.452 0.55 0.706 -0.463 -0.536 0.706 -0.463 -0.535 0.671 0.655 0.348 0.671 0.654 0.349 -0.668 -0.666 -0.333 -0.702 0.452 0.551 0.706 -0.464 -0.535 0.671 0.653 0.35 -0.809 0.518 0.278 -0.152 -0.622 0.768 -0.151 -0.622 0.769 -0.808 0.518 0.279 0.818 -0.509 -0.268 0.818 -0.508 -0.268 0.161 0.631 -0.759 0.161 0.632 -0.758 -0.151 -0.621 0.769 -0.808 0.519 0.279 0.819 -0.508 -0.267 0.162 0.632 -0.758 -0.78 0.458 -0.427 -0.352 -0.876 -0.331 -0.352 -0.876 -0.33 -0.78 0.458 -0.426 0.77 -0.46 0.442 0.77 -0.46 0.443 0.342 0.873 0.346 0.342 0.873 0.347 -0.353 -0.876 -0.329 -0.781 0.458 -0.425 0.769 -0.46 0.444 0.341 0.873 0.348 -0.483 0.333 0.81 -0.51 -0.859 0.05 -0.509 -0.859 0.051 -0.482 0.332 0.811 0.494 -0.339 -0.801 0.521 0.853 -0.04 0.495 -0.339 -0.8 0.522 0.852 -0.039 -0.102 0.798 0.593 -0.706 0.285 0.648 -0.939 0.34 0.045 -0.171 0.985 -0.004 -0.563 -0.497 0.661 -0.757 -0.65 0.066 0.183 -0.763 0.62 0.189 -0.981 0.039 0.786 -0.251 0.565 0.943 -0.333 -0.009 0.644 0.529 0.552 0.765 0.643 -0.03 -0.941 0.338 -0.006 -0.172 0.985 -0.015 -0.758 -0.652 0.027 0.189 -0.981 0.051 0.942 -0.332 0.042 0.765 0.643 0.009 -0.942 0.332 -0.039 -0.18 0.983 -0.031 -0.759 -0.65 0.01 0.18 -0.981 0.067 0.939 -0.335 0.075 0.762 0.647 0.026 -0.944 0.328 -0.028 -0.189 0.981 -0.05 -0.763 -0.646 0.04 0.171 -0.981 0.086 0.939 -0.339 0.064 0.76 0.65 -0.004 -0.944 0.33 0.015 -0.191 0.979 -0.069 -0.762 -0.639 0.101 0.17 -0.98 0.106 0.939 -0.342 0.023 0.76 0.647 -0.066 -0.8 0.209 -0.563 -0.185 0.729 -0.659 -0.652 -0.583 -0.484 0.109 -0.858 -0.501 0.726 -0.341 -0.597 0.58 0.454 -0.677 0.068 0.027 0.997 -0.064 -0.112 -0.992 -0.185 0.941 -0.283 -0.573 -0.349 -0.741 -0.574 -0.349 -0.741 -0.186 0.941 -0.283 0.173 -0.941 0.292 0.172 -0.941 0.292 0.561 0.349 0.75 0.56 0.349 0.751 -0.575 -0.349 -0.74 -0.186 0.941 -0.282 0.171 -0.941 0.293 -0.136 0.84 0.526 -0.844 -0.386 0.372 -0.843 -0.387 0.373 -0.136 0.839 0.527 0.144 -0.846 -0.514 0.145 -0.846 -0.513 0.852 0.38 -0.361 0.852 0.38 -0.36 -0.843 -0.387 0.374 -0.135 0.839 0.527 0.853 0.379 -0.359 -0.118 0.535 -0.837 -0.992 -0.098 0.074 -0.992 -0.097 0.074 -0.118 0.536 -0.836 0.118 -0.52 0.846 0.117 -0.52 0.846 0.992 0.112 -0.065 0.991 0.113 -0.065 -0.993 -0.096 0.075 -0.118 0.537 -0.835 0.117 -0.519 0.847 0.991 0.114 -0.064 -0.144 0.846 0.513 -0.969 -0.003 -0.246 0.14 -0.855 -0.499 0.14 -0.856 -0.498 0.966 -0.006 0.26 0.965 -0.007 0.261 -0.97 -0.004 -0.245 -0.144 0.845 0.514 0.14 -0.856 -0.497 -0.173 0.984 -0.031 -0.577 -0.078 0.813 -0.576 -0.078 0.814 -0.173 0.985 -0.03 0.187 -0.982 0.04 0.188 -0.981 0.04 0.59 0.081 -0.803 0.591 0.081 -0.803 -0.575 -0.078 0.814 -0.172 0.985 -0.03 0.188 -0.981 0.041 0.592 0.082 -0.802</float_array><technique_common><accessor source="#ROW_18_SEG1_solid-nrm-a" count="1593" stride="3"><param name="X" type="float"/><param name="Y" type="float"/><param name="Z" type="float"/></accessor></technique_common></source>
        <vertices id="ROW_18_SEG1_solid-vtx"><input semantic="POSITION" source="#ROW_18_SEG1_solid-pos"/></vertices>
        <triangles count="2616" material="MAT_COTTON_STEM-mat"><input semantic="VERTEX" source="#ROW_18_SEG1_solid-vtx" offset="0"/><input semantic="NORMAL" source="#ROW_18_SEG1_solid-nrm" offset="1"/><p>0 0 1 1 2 2 0 0 2 2 3 3 1 1 4 4 5 5 1 1 5 5 2 2 4 4 6 6 7 7 4 4 7 7 5 5 6 6 8 8 9 9 6 6 9 9 7 7 8 8 10 10 11 11 8 8 11 11 9 9 10 10 0 0 3 3 10 10 3 3 11 11 3 3 2 2 12 12 3 3 12 12 13 13 2 2 5 5 14 14 2 2 14 14 12 12 5 5 7 7 15 15 5 5 15 15 14 14 7 7 9 9 16 16 7 7 16 16 15 15 9 9 11 11 17 17 9 9 17 17 16 16 11 11 3 3 13 13 11 11 13 13 17 17 13 13 12 12 18 18 13 13 18 18 19 19 12 12 14 14 20 20 12 12 20 20 18 18 14 14 15 15 21 21 14 14 21 21 20 20 15 15 16 16 22 22 15 15 22 22 21 21 16 16 17 17 23 23 16 16 23 23 22 22 17 17 13 13 19 19 17 17 19 19 23 23 19 19 18 18 24 24 19 19 24 24 25 25 18 18 20 20 26 26 18 18 26 26 24 24 20 20 21 21 27 27 20 20 27 27 26 26 21 21 22 22 28 28 21 21 28 28 27 27 22 22 23 23 29 29 22 22 29 29 28 28 23 23 19 19 25 25 23 23 25 25 29 29 25 25 24 24 30 30 25 25 30 30 31 31 24 24 26 26 32 32 24 24 32 32 30 30 26 26 27 27 33 33 26 26 33 33 32 32 27 27 28 28 34 34 27 27 34 34 33 33 28 28 29 29 35 35 28 28 35 35 34 34 29 29 25 25 31 31 29 29 31 31 35 35 31 31 30 30 36 36 31 31 36 36 37 37 30 30 32 32 38 38 30 30 38 38 36 36 32 32 33 33 39 39 32 32 39 39 38 38 33 33 34 34 40 40 33 33 40 40 39 39 34 34 35 35 41 41 34 34 41 41 40 40 35 35 31 31 37 37 35 35 37 37 41 41 0 0 1 1 42 42 1 1 4 4 42 42 4 4 6 6 42 42 6 6 8 8 42 42 8 8 10 10 42 42 10 10 0 0 42 42 36 36 37 37 43 43 38 38 36 36 43 43 39 39 38 38 43 43 40 40 39 39 43 43 41 41 40 40 43 43 37 37 41 41 43 43 44 44 45 45 46 46 44 44 46 46 47 47 45 45 48 48 49 49 45 45 49 49 46 46 48 48 50 50 51 51 48 48 51 51 49 49 50 50 44 44 47 47 50 50 47 47 51 51 47 47 46 46 52 52 47 47 52 52 53 53 46 46 49 49 54 54 46 46 54 54 52 52 49 49 51 51 55 55 49 49 55 55 54 54 51 51 47 47 53 53 51 51 53 53 55 55 56 56 57 57 58 57 56 56 58 57 59 58 57 57 60 59 61 60 57 57 61 60 58 57 60 59 62 61 63 61 60 59 63 61 61 60 62 61 56 56 59 58 62 61 59 58 63 61 59 58 58 57 64 62 59 58 64 62 65 63 58 57 61 60 66 64 58 57 66 64 64 62 61 60 63 61 67 65 61 60 67 65 66 64 63 61 59 58 65 63 63 61 65 63 67 65 68 66 69 67 70 68 68 66 70 68 71 69 69 67 72 70 73 71 69 67 73 71 70 68 72 70 74 72 75 73 72 70 75 73 73 71 74 72 68 66 71 69 74 72 71 69 75 73 71 69 70 68 76 74 71 69 76 74 77 75 70 68 73 71 78 71 70 68 78 71 76 74 73 71 75 73 79 76 73 71 79 76 78 71 75 73 71 69 77 75 75 73 77 75 79 76 80 77 81 78 82 79 80 77 82 79 83 80 81 78 84 81 85 82 81 78 85 82 82 79 84 81 86 83 87 84 84 81 87 84 85 82 86 83 80 77 83 80 86 83 83 80 87 84 83 80 82 79 88 85 83 80 88 85 89 86 82 79 85 82 90 87 82 79 90 87 88 85 85 82 87 84 91 88 85 82 91 88 90 87 87 84 83 80 89 86 87 84 89 86 91 88 92 89 93 90 94 90 92 89 94 90 95 91 93 90 96 92 97 93 93 90 97 93 94 90 96 92 98 94 99 95 96 92 99 95 97 93 98 94 92 89 95 91 98 94 95 91 99 95 95 91 94 90 100 96 95 91 100 96 101 91 94 90 97 93 102 97 94 90 102 97 100 96 97 93 99 95 103 98 97 93 103 98 102 97 99 95 95 91 101 91 99 95 101 91 103 98 104 99 105 100 106 101 104 99 106 101 107 102 105 100 108 103 109 104 105 100 109 104 106 101 108 103 110 105 111 106 108 103 111 106 109 104 110 105 104 99 107 102 110 105 107 102 111 106 107 102 106 101 112 101 107 102 112 101 113 107 106 101 109 104 114 108 106 101 114 108 112 101 109 104 111 106 115 106 109 104 115 106 114 108 111 106 107 102 113 107 111 106 113 107 115 106 116 109 117 110 118 111 116 109 118 111 119 112 117 110 120 113 121 114 117 110 121 114 118 111 120 113 122 115 123 116 120 113 123 116 121 114 122 115 124 117 125 118 122 115 125 118 123 116 124 117 126 119 127 120 124 117 127 120 125 118 126 119 116 109 119 112 126 119 119 112 127 120 119 112 118 111 128 121 119 112 128 121 129 122 118 111 121 114 130 123 118 111 130 123 128 121 121 114 123 116 131 124 121 114 131 124 130 123 123 116 125 118 132 125 123 116 132 125 131 124 125 118 127 120 133 126 125 118 133 126 132 125 127 120 119 112 129 122 127 120 129 122 133 126 129 122 128 121 134 127 129 122 134 127 135 128 128 121 130 123 136 129 128 121 136 129 134 127 130 123 131 124 137 130 130 123 137 130 136 129 131 124 132 125 138 131 131 124 138 131 137 130 132 125 133 126 139 132 132 125 139 132 138 131 133 126 129 122 135 128 133 126 135 128 139 132 135 128 134 127 140 133 135 128 140 133 141 134 134 127 136 129 142 135 134 127 142 135 140 133 136 129 137 130 143 136 136 129 143 136 142 135 137 130 138 131 144 137 137 130 144 137 143 136 138 131 139 132 145 138 138 131 145 138 144 137 139 132 135 128 141 134 139 132 141 134 145 138 141 134 140 133 146 139 141 134 146 139 147 140 140 133 142 135 148 141 140 133 148 141 146 139 142 135 143 136 149 142 142 135 149 142 148 141 143 136 144 137 150 143 143 136 150 143 149 142 144 137 145 138 151 144 144 137 151 144 150 143 145 138 141 134 147 140 145 138 147 140 151 144 147 140 146 139 152 145 147 140 152 145 153 146 146 139 148 141 154 147 146 139 154 147 152 145 148 141 149 142 155 148 148 141 155 148 154 147 149 142 150 143 156 149 149 142 156 149 155 148 150 143 151 144 157 150 150 143 157 150 156 149 151 144 147 140 153 146 151 144 153 146 157 150 116 109 117 110 158 151 117 110 120 113 158 151 120 113 122 115 158 151 122 115 124 117 158 151 124 117 126 119 158 151 126 119 116 109 158 151 152 145 153 146 159 152 154 147 152 145 159 152 155 148 154 147 159 152 156 149 155 148 159 152 157 150 156 149 159 152 153 146 157 150 159 152 160 153 161 154 162 155 160 153 162 155 163 156 161 154 164 157 165 158 161 154 165 158 162 155 164 157 166 159 167 160 164 157 167 160 165 158 166 159 160 153 163 156 166 159 163 156 167 160 163 156 162 155 168 161 163 156 168 161 169 162 162 155 165 158 170 163 162 155 170 163 168 161 165 158 167 160 171 164 165 158 171 164 170 163 167 160 163 156 169 162 167 160 169 162 171 164 172 165 173 166 174 167 172 165 174 167 175 168 173 166 176 169 177 170 173 166 177 170 174 167 176 169 178 171 179 172 176 169 179 172 177 170 178 171 172 165 175 168 178 171 175 168 179 172 175 168 174 167 180 173 175 168 180 173 181 174 174 167 177 170 182 175 174 167 182 175 180 173 177 170 179 172 183 176 177 170 183 176 182 175 179 172 175 168 181 174 179 172 181 174 183 176 184 177 185 178 186 179 184 177 186 179 187 180 185 178 188 181 189 182 185 178 189 182 186 179 188 181 190 183 191 184 188 181 191 184 189 182 190 183 184 177 187 180 190 183 187 180 191 184 187 180 186 179 192 185 187 180 192 185 193 186 186 179 189 182 194 182 186 179 194 182 192 185 189 182 191 184 195 187 189 182 195 187 194 182 191 184 187 180 193 186 191 184 193 186 195 187 196 188 197 189 198 189 196 188 198 189 199 190 197 189 200 191 201 192 197 189 201 192 198 189 200 191 202 193 203 194 200 191 203 194 201 192 202 193 196 188 199 190 202 193 199 190 203 194 199 190 198 189 204 195 199 190 204 195 205 196 198 189 201 192 206 197 198 189 206 197 204 195 201 192 203 194 207 198 201 192 207 198 206 197 203 194 199 190 205 196 203 194 205 196 207 198 208 199 209 200 210 201 208 199 210 201 211 202 209 200 212 203 213 204 209 200 213 204 210 201 212 203 214 205 215 206 212 203 215 206 213 204 214 205 208 199 211 202 214 205 211 202 215 206 211 202 210 201 216 207 211 202 216 207 217 208 210 201 213 204 218 209 210 201 218 209 216 207 213 204 215 206 219 210 213 204 219 210 218 209 215 206 211 202 217 208 215 206 217 208 219 210 220 211 221 212 222 213 220 211 222 213 223 214 221 212 224 215 225 216 221 212 225 216 222 213 224 215 226 217 227 218 224 215 227 218 225 216 226 217 220 211 223 214 226 217 223 214 227 218 223 214 222 213 228 219 223 214 228 219 229 220 222 213 225 216 230 221 222 213 230 221 228 219 225 216 227 218 231 222 225 216 231 222 230 221 227 218 223 214 229 220 227 218 229 220 231 222 232 223 233 224 234 224 232 223 234 224 235 225 233 224 236 226 237 227 233 224 237 227 234 224 236 226 238 228 239 228 236 226 239 228 237 227 238 228 232 223 235 225 238 228 235 225 239 228 235 225 234 224 240 229 235 225 240 229 241 230 234 224 237 227 242 231 234 224 242 231 240 229 237 227 239 228 243 232 237 227 243 232 242 231 239 228 235 225 241 230 239 228 241 230 243 232 244 233 245 234 246 235 244 233 246 235 247 236 245 234 248 237 249 238 245 234 249 238 246 235 248 237 250 239 251 240 248 237 251 240 249 238 250 239 244 233 247 236 250 239 247 236 251 240 247 236 246 235 252 241 247 236 252 241 253 242 246 235 249 238 254 243 246 235 254 243 252 241 249 238 251 240 255 244 249 238 255 244 254 243 251 240 247 236 253 242 251 240 253 242 255 244 252 241 253 242 256 245 254 243 252 241 256 245 255 244 254 243 256 245 253 242 255 244 256 245 257 246 258 247 259 248 257 246 259 248 260 249 258 247 261 250 262 251 258 247 262 251 259 248 261 250 263 252 264 253 261 250 264 253 262 251 263 252 265 254 266 255 263 252 266 255 264 253 265 254 267 256 268 257 265 254 268 257 266 255 267 256 257 246 260 249 267 256 260 249 268 257 260 249 259 248 269 258 260 249 269 258 270 259 259 248 262 251 271 260 259 248 271 260 269 258 262 251 264 253 272 261 262 251 272 261 271 260 264 253 266 255 273 262 264 253 273 262 272 261 266 255 268 257 274 263 266 255 274 263 273 262 268 257 260 249 270 259 268 257 270 259 274 263 270 259 269 258 275 264 270 259 275 264 276 265 269 258 271 260 277 266 269 258 277 266 275 264 271 260 272 261 278 267 271 260 278 267 277 266 272 261 273 262 279 268 272 261 279 268 278 267 273 262 274 263 280 269 273 262 280 269 279 268 274 263 270 259 276 265 274 263 276 265 280 269 276 265 275 264 281 270 276 265 281 270 282 271 275 264 277 266 283 272 275 264 283 272 281 270 277 266 278 267 284 273 277 266 284 273 283 272 278 267 279 268 285 274 278 267 285 274 284 273 279 268 280 269 286 275 279 268 286 275 285 274 280 269 276 265 282 271 280 269 282 271 286 275 282 271 281 270 287 276 282 271 287 276 288 277 281 270 283 272 289 278 281 270 289 278 287 276 283 272 284 273 290 279 283 272 290 279 289 278 284 273 285 274 291 280 284 273 291 280 290 279 285 274 286 275 292 281 285 274 292 281 291 280 286 275 282 271 288 277 286 275 288 277 292 281 288 277 287 276 293 282 288 277 293 282 294 283 287 276 289 278 295 284 287 276 295 284 293 282 289 278 290 279 296 285 289 278 296 285 295 284 290 279 291 280 297 286 290 279 297 286 296 285 291 280 292 281 298 287 291 280 298 287 297 286 292 281 288 277 294 283 292 281 294 283 298 287 257 246 258 247 299 288 258 247 261 250 299 288 261 250 263 252 299 288 263 252 265 254 299 288 265 254 267 256 299 288 267 256 257 246 299 288 293 282 294 283 300 289 295 284 293 282 300 289 296 285 295 284 300 289 297 286 296 285 300 289 298 287 297 286 300 289 294 283 298 287 300 289 301 290 302 291 303 292 301 290 303 292 304 293 302 291 305 294 306 295 302 291 306 295 303 292 305 294 307 296 308 297 305 294 308 297 306 295 307 296 301 290 304 293 307 296 304 293 308 297 304 293 303 292 309 298 304 293 309 298 310 299 303 292 306 295 311 300 303 292 311 300 309 298 306 295 308 297 312 301 306 295 312 301 311 300 308 297 304 293 310 299 308 297 310 299 312 301 313 302 314 303 315 303 313 302 315 303 316 302 314 303 317 304 318 305 314 303 318 305 315 303 317 304 319 306 320 307 317 304 320 307 318 305 319 306 313 302 316 302 319 306 316 302 320 307 316 302 315 303 321 308 316 302 321 308 322 309 315 303 318 305 323 310 315 303 323 310 321 308 318 305 320 307 324 311 318 305 324 311 323 310 320 307 316 302 322 309 320 307 322 309 324 311 325 312 326 313 327 314 325 312 327 314 328 315 326 313 329 316 330 317 326 313 330 317 327 314 329 316 331 318 332 319 329 316 332 319 330 317 331 318 325 312 328 315 331 318 328 315 332 319 328 315 327 314 333 314 328 315 333 314 334 320 327 314 330 317 335 321 327 314 335 321 333 314 330 317 332 319 336 322 330 317 336 322 335 321 332 319 328 315 334 320 332 319 334 320 336 322 337 323 338 324 339 325 337 323 339 325 340 326 338 324 341 327 342 328 338 324 342 328 339 325 341 327 343 329 344 330 341 327 344 330 342 328 343 329 337 323 340 326 343 329 340 326 344 330 340 326 339 325 345 331 340 326 345 331 346 332 339 325 342 328 347 333 339 325 347 333 345 331 342 328 344 330 348 334 342 328 348 334 347 333 344 330 340 326 346 332 344 330 346 332 348 334 349 335 350 336 351 337 349 335 351 337 352 338 350 336 353 339 354 340 350 336 354 340 351 337 353 339 355 341 356 342 353 339 356 342 354 340 355 341 349 335 352 338 355 341 352 338 356 342 352 338 351 337 357 343 352 338 357 343 358 344 351 337 354 340 359 345 351 337 359 345 357 343 354 340 356 342 360 346 354 340 360 346 359 345 356 342 352 338 358 344 356 342 358 344 360 346 361 347 362 348 363 349 361 347 363 349 364 350 362 348 365 351 366 352 362 348 366 352 363 349 365 351 367 353 368 354 365 351 368 354 366 352 367 353 361 347 364 350 367 353 364 350 368 354 364 350 363 349 369 349 364 350 369 349 370 355 363 349 366 352 371 352 363 349 371 352 369 349 366 352 368 354 372 356 366 352 372 356 371 352 368 354 364 350 370 355 368 354 370 355 372 356 373 357 374 358 375 359 373 357 375 359 376 360 374 358 377 361 378 362 374 358 378 362 375 359 377 361 379 363 380 364 377 361 380 364 378 362 379 363 381 365 382 366 379 363 382 366 380 364 381 365 383 367 384 368 381 365 384 368 382 366 383 367 373 357 376 360 383 367 376 360 384 368 376 360 375 359 385 369 376 360 385 369 386 370 375 359 378 362 387 371 375 359 387 371 385 369 378 362 380 364 388 372 378 362 388 372 387 371 380 364 382 366 389 373 380 364 389 373 388 372 382 366 384 368 390 374 382 366 390 374 389 373 384 368 376 360 386 370 384 368 386 370 390 374 386 370 385 369 391 375 386 370 391 375 392 376 385 369 387 371 393 377 385 369 393 377 391 375 387 371 388 372 394 378 387 371 394 378 393 377 388 372 389 373 395 379 388 372 395 379 394 378 389 373 390 374 396 380 389 373 396 380 395 379 390 374 386 370 392 376 390 374 392 376 396 380 392 376 391 375 397 381 392 376 397 381 398 382 391 375 393 377 399 383 391 375 399 383 397 381 393 377 394 378 400 384 393 377 400 384 399 383 394 378 395 379 401 385 394 378 401 385 400 384 395 379 396 380 402 386 395 379 402 386 401 385 396 380 392 376 398 382 396 380 398 382 402 386 398 382 397 381 403 387 398 382 403 387 404 388 397 381 399 383 405 389 397 381 405 389 403 387 399 383 400 384 406 390 399 383 406 390 405 389 400 384 401 385 407 391 400 384 407 391 406 390 401 385 402 386 408 392 401 385 408 392 407 391 402 386 398 382 404 388 402 386 404 388 408 392 404 388 403 387 409 393 404 388 409 393 410 394 403 387 405 389 411 395 403 387 411 395 409 393 405 389 406 390 412 396 405 389 412 396 411 395 406 390 407 391 413 397 406 390 413 397 412 396 407 391 408 392 414 398 407 391 414 398 413 397 408 392 404 388 410 394 408 392 410 394 414 398 373 357 374 358 415 399 374 358 377 361 415 399 377 361 379 363 415 399 379 363 381 365 415 399 381 365 383 367 415 399 383 367 373 357 415 399 409 393 410 394 416 400 411 395 409 393 416 400 412 396 411 395 416 400 413 397 412 396 416 400 414 398 413 397 416 400 410 394 414 398 416 400 417 401 418 402 419 402 417 401 419 402 420 403 418 402 421 404 422 405 418 402 422 405 419 402 421 404 423 406 424 406 421 404 424 406 422 405 423 406 417 401 420 403 423 406 420 403 424 406 420 403 419 402 425 407 420 403 425 407 426 408 419 402 422 405 427 409 419 402 427 409 425 407 422 405 424 406 428 410 422 405 428 410 427 409 424 406 420 403 426 408 424 406 426 408 428 410 429 411 430 412 431 413 429 411 431 413 432 414 430 412 433 415 434 416 430 412 434 416 431 413 433 415 435 417 436 418 433 415 436 418 434 416 435 417 429 411 432 414 435 417 432 414 436 418 432 414 431 413 437 419 432 414 437 419 438 420 431 413 434 416 439 416 431 413 439 416 437 419 434 416 436 418 440 421 434 416 440 421 439 416 436 418 432 414 438 420 436 418 438 420 440 421 441 422 442 423 443 424 441 422 443 424 444 425 442 423 445 426 446 427 442 423 446 427 443 424 445 426 447 428 448 428 445 426 448 428 446 427 447 428 441 422 444 425 447 428 444 425 448 428 444 425 443 424 449 429 444 425 449 429 450 430 443 424 446 427 451 431 443 424 451 431 449 429 446 427 448 428 452 432 446 427 452 432 451 431 448 428 444 425 450 430 448 428 450 430 452 432 453 433 454 434 455 435 453 433 455 435 456 436 454 434 457 437 458 438 454 434 458 438 455 435 457 437 459 439 460 440 457 437 460 440 458 438 459 439 453 433 456 436 459 439 456 436 460 440 456 436 455 435 461 441 456 436 461 441 462 442 455 435 458 438 463 443 455 435 463 443 461 441 458 438 460 440 464 444 458 438 464 444 463 443 460 440 456 436 462 442 460 440 462 442 464 444 465 445 466 446 467 447 465 445 467 447 468 448 466 446 469 449 470 450 466 446 470 450 467 447 469 449 471 451 472 452 469 449 472 452 470 450 471 451 465 445 468 448 471 451 468 448 472 452 468 448 467 447 473 453 468 448 473 453 474 454 467 447 470 450 475 455 467 447 475 455 473 453 470 450 472 452 476 456 470 450 476 456 475 455 472 452 468 448 474 454 472 452 474 454 476 456 477 457 478 458 479 459 477 457 479 459 480 460 478 458 481 461 482 461 478 458 482 461 479 459 481 461 483 462 484 463 481 461 484 463 482 461 483 462 477 457 480 460 483 462 480 460 484 463 480 460 479 459 485 464 480 460 485 464 486 460 479 459 482 461 487 465 479 459 487 465 485 464 482 461 484 463 488 466 482 461 488 466 487 465 484 463 480 460 486 460 484 463 486 460 488 466 489 467 490 468 491 469 489 467 491 469 492 467 490 468 493 470 494 471 490 468 494 471 491 469 493 470 495 472 496 473 493 470 496 473 494 471 495 472 489 467 492 467 495 472 492 467 496 473 492 467 491 469 497 474 492 467 497 474 498 475 491 469 494 471 499 476 491 469 499 476 497 474 494 471 496 473 500 477 494 471 500 477 499 476 496 473 492 467 498 475 496 473 498 475 500 477 501 478 502 479 503 480 501 478 503 480 504 481 502 479 505 482 506 483 502 479 506 483 503 480 505 482 507 484 508 485 505 482 508 485 506 483 507 484 501 478 504 481 507 484 504 481 508 485 504 481 503 480 509 486 504 481 509 486 510 487 503 480 506 483 511 488 503 480 511 488 509 486 506 483 508 485 512 489 506 483 512 489 511 488 508 485 504 481 510 487 508 485 510 487 512 489 509 486 510 487 513 490 511 488 509 486 513 490 512 489 511 488 513 490 510 487 512 489 513 490 514 491 515 492 516 493 514 491 516 493 517 494 515 492 518 495 519 496 515 492 519 496 516 493 518 495 520 497 521 498 518 495 521 498 519 496 520 497 522 499 523 500 520 497 523 500 521 498 522 499 524 501 525 502 522 499 525 502 523 500 524 501 514 491 517 494 524 501 517 494 525 502 517 494 516 493 526 503 517 494 526 503 527 504 516 493 519 496 528 505 516 493 528 505 526 503 519 496 521 498 529 506 519 496 529 506 528 505 521 498 523 500 530 507 521 498 530 507 529 506 523 500 525 502 531 508 523 500 531 508 530 507 525 502 517 494 527 504 525 502 527 504 531 508 527 504 526 503 532 509 527 504 532 509 533 510 526 503 528 505 534 511 526 503 534 511 532 509 528 505 529 506 535 512 528 505 535 512 534 511 529 506 530 507 536 513 529 506 536 513 535 512 530 507 531 508 537 514 530 507 537 514 536 513 531 508 527 504 533 510 531 508 533 510 537 514 533 510 532 509 538 515 533 510 538 515 539 516 532 509 534 511 540 517 532 509 540 517 538 515 534 511 535 512 541 518 534 511 541 518 540 517 535 512 536 513 542 519 535 512 542 519 541 518 536 513 537 514 543 520 536 513 543 520 542 519 537 514 533 510 539 516 537 514 539 516 543 520 539 516 538 515 544 521 539 516 544 521 545 522 538 515 540 517 546 523 538 515 546 523 544 521 540 517 541 518 547 524 540 517 547 524 546 523 541 518 542 519 548 525 541 518 548 525 547 524 542 519 543 520 549 526 542 519 549 526 548 525 543 520 539 516 545 522 543 520 545 522 549 526 545 522 544 521 550 527 545 522 550 527 551 528 544 521 546 523 552 529 544 521 552 529 550 527 546 523 547 524 553 530 546 523 553 530 552 529 547 524 548 525 554 531 547 524 554 531 553 530 548 525 549 526 555 532 548 525 555 532 554 531 549 526 545 522 551 528 549 526 551 528 555 532 514 491 515 492 556 533 515 492 518 495 556 533 518 495 520 497 556 533 520 497 522 499 556 533 522 499 524 501 556 533 524 501 514 491 556 533 550 527 551 528 557 534 552 529 550 527 557 534 553 530 552 529 557 534 554 531 553 530 557 534 555 532 554 531 557 534 551 528 555 532 557 534 558 535 559 536 560 537 558 535 560 537 561 538 559 536 562 539 563 539 559 536 563 539 560 537 562 539 564 540 565 541 562 539 565 541 563 539 564 540 558 535 561 538 564 540 561 538 565 541 561 538 560 537 566 542 561 538 566 542 567 543 560 537 563 539 568 544 560 537 568 544 566 542 563 539 565 541 569 545 563 539 569 545 568 544 565 541 561 538 567 543 565 541 567 543 569 545 570 546 571 547 572 548 570 546 572 548 573 549 571 547 574 550 575 551 571 547 575 551 572 548 574 550 576 552 577 553 574 550 577 553 575 551 576 552 570 546 573 549 576 552 573 549 577 553 573 549 572 548 578 554 573 549 578 554 579 555 572 548 575 551 580 556 572 548 580 556 578 554 575 551 577 553 581 557 575 551 581 557 580 556 577 553 573 549 579 555 577 553 579 555 581 557 582 558 583 559 584 560 582 558 584 560 585 561 583 559 586 562 587 563 583 559 587 563 584 560 586 562 588 564 589 565 586 562 589 565 587 563 588 564 582 558 585 561 588 564 585 561 589 565 585 561 584 560 590 566 585 561 590 566 591 567 584 560 587 563 592 568 584 560 592 568 590 566 587 563 589 565 593 569 587 563 593 569 592 568 589 565 585 561 591 567 589 565 591 567 593 569 594 570 595 571 596 572 594 570 596 572 597 573 595 571 598 574 599 574 595 571 599 574 596 572 598 574 600 575 601 576 598 574 601 576 599 574 600 575 594 570 597 573 600 575 597 573 601 576 597 573 596 572 602 577 597 573 602 577 603 578 596 572 599 574 604 579 596 572 604 579 602 577 599 574 601 576 605 580 599 574 605 580 604 579 601 576 597 573 603 578 601 576 603 578 605 580 606 581 607 582 608 583 606 581 608 583 609 584 607 582 610 585 611 586 607 582 611 586 608 583 610 585 612 587 613 588 610 585 613 588 611 586 612 587 606 581 609 584 612 587 609 584 613 588 609 584 608 583 614 589 609 584 614 589 615 590 608 583 611 586 616 591 608 583 616 591 614 589 611 586 613 588 617 588 611 586 617 588 616 591 613 588 609 584 615 590 613 588 615 590 617 588 618 592 619 593 620 593 618 592 620 593 621 592 619 593 622 594 623 594 619 593 623 594 620 593 622 594 624 595 625 596 622 594 625 596 623 594 624 595 618 592 621 592 624 595 621 592 625 596 621 592 620 593 626 597 621 592 626 597 627 598 620 593 623 594 628 599 620 593 628 599 626 597 623 594 625 596 629 600 623 594 629 600 628 599 625 596 621 592 627 598 625 596 627 598 629 600 630 601 631 602 632 603 630 601 632 603 633 604 631 602 634 605 635 606 631 602 635 606 632 603 634 605 636 607 637 608 634 605 637 608 635 606 636 607 630 601 633 604 636 607 633 604 637 608 633 604 632 603 638 609 633 604 638 609 639 610 632 603 635 606 640 611 632 603 640 611 638 609 635 606 637 608 641 612 635 606 641 612 640 611 637 608 633 604 639 610 637 608 639 610 641 612 638 609 639 610 642 613 640 611 638 609 642 613 641 612 640 611 642 613 639 610 641 612 642 613 643 614 644 615 645 616 643 614 645 616 646 617 644 615 647 618 648 619 644 615 648 619 645 616 647 618 649 620 650 621 647 618 650 621 648 619 649 620 651 622 652 623 649 620 652 623 650 621 651 622 653 624 654 625 651 622 654 625 652 623 653 624 643 614 646 617 653 624 646 617 654 625 646 617 645 616 655 626 646 617 655 626 656 627 645 616 648 619 657 628 645 616 657 628 655 626 648 619 650 621 658 629 648 619 658 629 657 628 650 621 652 623 659 630 650 621 659 630 658 629 652 623 654 625 660 631 652 623 660 631 659 630 654 625 646 617 656 627 654 625 656 627 660 631 656 627 655 626 661 632 656 627 661 632 662 633 655 626 657 628 663 634 655 626 663 634 661 632 657 628 658 629 664 635 657 628 664 635 663 634 658 629 659 630 665 636 658 629 665 636 664 635 659 630 660 631 666 637 659 630 666 637 665 636 660 631 656 627 662 633 660 631 662 633 666 637 662 633 661 632 667 638 662 633 667 638 668 639 661 632 663 634 669 640 661 632 669 640 667 638 663 634 664 635 670 641 663 634 670 641 669 640 664 635 665 636 671 642 664 635 671 642 670 641 665 636 666 637 672 643 665 636 672 643 671 642 666 637 662 633 668 639 666 637 668 639 672 643 668 639 667 638 673 644 668 639 673 644 674 645 667 638 669 640 675 646 667 638 675 646 673 644 669 640 670 641 676 647 669 640 676 647 675 646 670 641 671 642 677 648 670 641 677 648 676 647 671 642 672 643 678 649 671 642 678 649 677 648 672 643 668 639 674 645 672 643 674 645 678 649 674 645 673 644 679 650 674 645 679 650 680 651 673 644 675 646 681 652 673 644 681 652 679 650 675 646 676 647 682 653 675 646 682 653 681 652 676 647 677 648 683 654 676 647 683 654 682 653 677 648 678 649 684 655 677 648 684 655 683 654 678 649 674 645 680 651 678 649 680 651 684 655 643 614 644 615 685 656 644 615 647 618 685 656 647 618 649 620 685 656 649 620 651 622 685 656 651 622 653 624 685 656 653 624 643 614 685 656 679 650 680 651 686 657 681 652 679 650 686 657 682 653 681 652 686 657 683 654 682 653 686 657 684 655 683 654 686 657 680 651 684 655 686 657 687 658 688 659 689 660 687 658 689 660 690 661 688 659 691 662 692 663 688 659 692 663 689 660 691 662 693 664 694 665 691 662 694 665 692 663 693 664 687 658 690 661 693 664 690 661 694 665 690 661 689 660 695 666 690 661 695 666 696 667 689 660 692 663 697 668 689 660 697 668 695 666 692 663 694 665 698 665 692 663 698 665 697 668 694 665 690 661 696 667 694 665 696 667 698 665 699 669 700 670 701 671 699 669 701 671 702 672 700 670 703 673 704 674 700 670 704 674 701 671 703 673 705 675 706 676 703 673 706 676 704 674 705 675 699 669 702 672 705 675 702 672 706 676 702 672 701 671 707 677 702 672 707 677 708 678 701 671 704 674 709 679 701 671 709 679 707 677 704 674 706 676 710 680 704 674 710 680 709 679 706 676 702 672 708 678 706 676 708 678 710 680 711 681 712 682 713 683 711 681 713 683 714 684 712 682 715 685 716 686 712 682 716 686 713 683 715 685 717 687 718 687 715 685 718 687 716 686 717 687 711 681 714 684 717 687 714 684 718 687 714 684 713 683 719 688 714 684 719 688 720 689 713 683 716 686 721 690 713 683 721 690 719 688 716 686 718 687 722 691 716 686 722 691 721 690 718 687 714 684 720 689 718 687 720 689 722 691 723 692 724 693 725 694 723 692 725 694 726 695 724 693 727 696 728 696 724 693 728 696 725 694 727 696 729 697 730 698 727 696 730 698 728 696 729 697 723 692 726 695 729 697 726 695 730 698 726 695 725 694 731 699 726 695 731 699 732 700 725 694 728 696 733 701 725 694 733 701 731 699 728 696 730 698 734 702 728 696 734 702 733 701 730 698 726 695 732 700 730 698 732 700 734 702 735 703 736 704 737 705 735 703 737 705 738 706 736 704 739 707 740 708 736 704 740 708 737 705 739 707 741 709 742 710 739 707 742 710 740 708 741 709 743 711 744 712 741 709 744 712 742 710 743 711 745 713 746 714 743 711 746 714 744 712 745 713 735 703 738 706 745 713 738 706 746 714 738 706 737 705 747 715 738 706 747 715 748 716 737 705 740 708 749 717 737 705 749 717 747 715 740 708 742 710 750 718 740 708 750 718 749 717 742 710 744 712 751 719 742 710 751 719 750 718 744 712 746 714 752 720 744 712 752 720 751 719 746 714 738 706 748 716 746 714 748 716 752 720 748 716 747 715 753 721 748 716 753 721 754 722 747 715 749 717 755 723 747 715 755 723 753 721 749 717 750 718 756 724 749 717 756 724 755 723 750 718 751 719 757 725 750 718 757 725 756 724 751 719 752 720 758 726 751 719 758 726 757 725 752 720 748 716 754 722 752 720 754 722 758 726 754 722 753 721 759 727 754 722 759 727 760 728 753 721 755 723 761 729 753 721 761 729 759 727 755 723 756 724 762 730 755 723 762 730 761 729 756 724 757 725 763 731 756 724 763 731 762 730 757 725 758 726 764 732 757 725 764 732 763 731 758 726 754 722 760 728 758 726 760 728 764 732 760 728 759 727 765 733 760 728 765 733 766 734 759 727 761 729 767 735 759 727 767 735 765 733 761 729 762 730 768 736 761 729 768 736 767 735 762 730 763 731 769 737 762 730 769 737 768 736 763 731 764 732 770 738 763 731 770 738 769 737 764 732 760 728 766 734 764 732 766 734 770 738 766 734 765 733 771 739 766 734 771 739 772 740 765 733 767 735 773 741 765 733 773 741 771 739 767 735 768 736 774 742 767 735 774 742 773 741 768 736 769 737 775 743 768 736 775 743 774 742 769 737 770 738 776 744 769 737 776 744 775 743 770 738 766 734 772 740 770 738 772 740 776 744 735 703 736 704 777 745 736 704 739 707 777 745 739 707 741 709 777 745 741 709 743 711 777 745 743 711 745 713 777 745 745 713 735 703 777 745 771 739 772 740 778 746 773 741 771 739 778 746 774 742 773 741 778 746 775 743 774 742 778 746 776 744 775 743 778 746 772 740 776 744 778 746 779 747 780 748 781 748 779 747 781 748 782 749 780 748 783 750 784 751 780 748 784 751 781 748 783 750 785 752 786 753 783 750 786 753 784 751 785 752 779 747 782 749 785 752 782 749 786 753 782 749 781 748 787 754 782 749 787 754 788 755 781 748 784 751 789 751 781 748 789 751 787 754 784 751 786 753 790 756 784 751 790 756 789 751 786 753 782 749 788 755 786 753 788 755 790 756 791 757 792 758 793 759 791 757 793 759 794 760 792 758 795 761 796 762 792 758 796 762 793 759 795 761 797 763 798 764 795 761 798 764 796 762 797 763 791 757 794 760 797 763 794 760 798 764 794 760 793 759 799 765 794 760 799 765 800 766 793 759 796 762 801 767 793 759 801 767 799 765 796 762 798 764 802 768 796 762 802 768 801 767 798 764 794 760 800 766 798 764 800 766 802 768 803 769 804 770 805 771 803 769 805 771 806 772 804 770 807 773 808 773 804 770 808 773 805 771 807 773 809 774 810 775 807 773 810 775 808 773 809 774 803 769 806 772 809 774 806 772 810 775 806 772 805 771 811 776 806 772 811 776 812 777 805 771 808 773 813 778 805 771 813 778 811 776 808 773 810 775 814 779 808 773 814 779 813 778 810 775 806 772 812 777 810 775 812 777 814 779 815 780 816 781 817 782 815 780 817 782 818 783 816 781 819 784 820 785 816 781 820 785 817 782 819 784 821 786 822 787 819 784 822 787 820 785 821 786 815 780 818 783 821 786 818 783 822 787 818 783 817 782 823 788 818 783 823 788 824 789 817 782 820 785 825 790 817 782 825 790 823 788 820 785 822 787 826 787 820 785 826 787 825 790 822 787 818 783 824 789 822 787 824 789 826 787 827 791 828 792 829 792 827 791 829 792 830 791 828 792 831 793 832 794 828 792 832 794 829 792 831 793 833 795 834 796 831 793 834 796 832 794 833 795 827 791 830 791 833 795 830 791 834 796 830 791 829 792 835 797 830 791 835 797 836 798 829 792 832 794 837 799 829 792 837 799 835 797 832 794 834 796 838 800 832 794 838 800 837 799 834 796 830 791 836 798 834 796 836 798 838 800 839 801 840 802 841 803 839 801 841 803 842 804 840 802 843 805 844 806 840 802 844 806 841 803 843 805 845 807 846 808 843 805 846 808 844 806 845 807 847 809 848 810 845 807 848 810 846 808 847 809 849 811 850 812 847 809 850 812 848 810 849 811 839 801 842 804 849 811 842 804 850 812 842 804 841 803 851 813 842 804 851 813 852 814 841 803 844 806 853 815 841 803 853 815 851 813 844 806 846 808 854 816 844 806 854 816 853 815 846 808 848 810 855 817 846 808 855 817 854 816 848 810 850 812 856 818 848 810 856 818 855 817 850 812 842 804 852 814 850 812 852 814 856 818 852 814 851 813 857 819 852 814 857 819 858 820 851 813 853 815 859 821 851 813 859 821 857 819 853 815 854 816 860 822 853 815 860 822 859 821 854 816 855 817 861 823 854 816 861 823 860 822 855 817 856 818 862 824 855 817 862 824 861 823 856 818 852 814 858 820 856 818 858 820 862 824 858 820 857 819 863 825 858 820 863 825 864 826 857 819 859 821 865 827 857 819 865 827 863 825 859 821 860 822 866 828 859 821 866 828 865 827 860 822 861 823 867 829 860 822 867 829 866 828 861 823 862 824 868 830 861 823 868 830 867 829 862 824 858 820 864 826 862 824 864 826 868 830 864 826 863 825 869 831 864 826 869 831 870 832 863 825 865 827 871 833 863 825 871 833 869 831 865 827 866 828 872 834 865 827 872 834 871 833 866 828 867 829 873 835 866 828 873 835 872 834 867 829 868 830 874 836 867 829 874 836 873 835 868 830 864 826 870 832 868 830 870 832 874 836 870 832 869 831 875 837 870 832 875 837 876 838 869 831 871 833 877 839 869 831 877 839 875 837 871 833 872 834 878 840 871 833 878 840 877 839 872 834 873 835 879 841 872 834 879 841 878 840 873 835 874 836 880 842 873 835 880 842 879 841 874 836 870 832 876 838 874 836 876 838 880 842 839 801 840 802 881 843 840 802 843 805 881 843 843 805 845 807 881 843 845 807 847 809 881 843 847 809 849 811 881 843 849 811 839 801 881 843 875 837 876 838 882 844 877 839 875 837 882 844 878 840 877 839 882 844 879 841 878 840 882 844 880 842 879 841 882 844 876 838 880 842 882 844 883 845 884 846 885 847 883 845 885 847 886 848 884 846 887 849 888 850 884 846 888 850 885 847 887 849 889 851 890 852 887 849 890 852 888 850 889 851 883 845 886 848 889 851 886 848 890 852 886 848 885 847 891 853 886 848 891 853 892 854 885 847 888 850 893 855 885 847 893 855 891 853 888 850 890 852 894 856 888 850 894 856 893 855 890 852 886 848 892 854 890 852 892 854 894 856 895 857 896 858 897 859 895 857 897 859 898 860 896 858 899 861 900 861 896 858 900 861 897 859 899 861 901 862 902 863 899 861 902 863 900 861 901 862 895 857 898 860 901 862 898 860 902 863 898 860 897 859 903 864 898 860 903 864 904 865 897 859 900 861 905 866 897 859 905 866 903 864 900 861 902 863 906 867 900 861 906 867 905 866 902 863 898 860 904 865 902 863 904 865 906 867 907 868 908 869 909 870 907 868 909 870 910 871 908 869 911 872 912 873 908 869 912 873 909 870 911 872 913 874 914 875 911 872 914 875 912 873 913 874 907 868 910 871 913 874 910 871 914 875 910 871 909 870 915 870 910 871 915 870 916 876 909 870 912 873 917 873 909 870 917 873 915 870 912 873 914 875 918 877 912 873 918 877 917 873 914 875 910 871 916 876 914 875 916 876 918 877 919 878 920 879 921 880 919 878 921 880 922 881 920 879 923 882 924 883 920 879 924 883 921 880 923 882 925 884 926 885 923 882 926 885 924 883 925 884 919 878 922 881 925 884 922 881 926 885 922 881 921 880 927 886 922 881 927 886 928 881 921 880 924 883 929 887 921 880 929 887 927 886 924 883 926 885 930 888 924 883 930 888 929 887 926 885 922 881 928 881 926 885 928 881 930 888 931 889 932 890 933 891 931 889 933 891 934 892 932 890 935 893 936 893 932 890 936 893 933 891 935 893 937 894 938 895 935 893 938 895 936 893 937 894 931 889 934 892 937 894 934 892 938 895 934 892 933 891 939 891 934 892 939 891 940 896 933 891 936 893 941 897 933 891 941 897 939 891 936 893 938 895 942 898 936 893 942 898 941 897 938 895 934 892 940 896 938 895 940 896 942 898 943 899 944 900 945 901 943 899 945 901 946 902 944 900 947 903 948 904 944 900 948 904 945 901 947 903 949 905 950 905 947 903 950 905 948 904 949 905 943 899 946 902 949 905 946 902 950 905 946 902 945 901 951 906 946 902 951 906 952 907 945 901 948 904 953 908 945 901 953 908 951 906 948 904 950 905 954 909 948 904 954 909 953 908 950 905 946 902 952 907 950 905 952 907 954 909 955 910 956 911 957 912 955 910 957 912 958 913 956 911 959 914 960 915 956 911 960 915 957 912 959 914 961 916 962 917 959 914 962 917 960 915 961 916 963 918 964 919 961 916 964 919 962 917 963 918 965 920 966 921 963 918 966 921 964 919 965 920 955 910 958 913 965 920 958 913 966 921 958 913 957 912 967 922 958 913 967 922 968 923 957 912 960 915 969 924 957 912 969 924 967 922 960 915 962 917 970 925 960 915 970 925 969 924 962 917 964 919 971 926 962 917 971 926 970 925 964 919 966 921 972 927 964 919 972 927 971 926 966 921 958 913 968 923 966 921 968 923 972 927 968 923 967 922 973 928 968 923 973 928 974 929 967 922 969 924 975 930 967 922 975 930 973 928 969 924 970 925 976 931 969 924 976 931 975 930 970 925 971 926 977 932 970 925 977 932 976 931 971 926 972 927 978 933 971 926 978 933 977 932 972 927 968 923 974 929 972 927 974 929 978 933 974 929 973 928 979 934 974 929 979 934 980 935 973 928 975 930 981 936 973 928 981 936 979 934 975 930 976 931 982 937 975 930 982 937 981 936 976 931 977 932 983 938 976 931 983 938 982 937 977 932 978 933 984 939 977 932 984 939 983 938 978 933 974 929 980 935 978 933 980 935 984 939 980 935 979 934 985 940 980 935 985 940 986 941 979 934 981 936 987 942 979 934 987 942 985 940 981 936 982 937 988 943 981 936 988 943 987 942 982 937 983 938 989 944 982 937 989 944 988 943 983 938 984 939 990 945 983 938 990 945 989 944 984 939 980 935 986 941 984 939 986 941 990 945 986 941 985 940 991 946 986 941 991 946 992 947 985 940 987 942 993 948 985 940 993 948 991 946 987 942 988 943 994 949 987 942 994 949 993 948 988 943 989 944 995 950 988 943 995 950 994 949 989 944 990 945 996 951 989 944 996 951 995 950 990 945 986 941 992 947 990 945 992 947 996 951 955 910 956 911 997 952 956 911 959 914 997 952 959 914 961 916 997 952 961 916 963 918 997 952 963 918 965 920 997 952 965 920 955 910 997 952 991 946 992 947 998 953 993 948 991 946 998 953 994 949 993 948 998 953 995 950 994 949 998 953 996 951 995 950 998 953 992 947 996 951 998 953 999 954 1000 955 1001 956 999 954 1001 956 1002 957 1000 955 1003 958 1004 959 1000 955 1004 959 1001 956 1003 958 1005 960 1006 961 1003 958 1006 961 1004 959 1005 960 999 954 1002 957 1005 960 1002 957 1006 961 1002 957 1001 956 1007 962 1002 957 1007 962 1008 963 1001 956 1004 959 1009 964 1001 956 1009 964 1007 962 1004 959 1006 961 1010 965 1004 959 1010 965 1009 964 1006 961 1002 957 1008 963 1006 961 1008 963 1010 965 1011 966 1012 967 1013 968 1011 966 1013 968 1014 969 1012 967 1015 970 1016 971 1012 967 1016 971 1013 968 1015 970 1017 972 1018 973 1015 970 1018 973 1016 971 1017 972 1011 966 1014 969 1017 972 1014 969 1018 973 1014 969 1013 968 1019 974 1014 969 1019 974 1020 975 1013 968 1016 971 1021 976 1013 968 1021 976 1019 974 1016 971 1018 973 1022 977 1016 971 1022 977 1021 976 1018 973 1014 969 1020 975 1018 973 1020 975 1022 977 1023 978 1024 979 1025 980 1023 978 1025 980 1026 981 1024 979 1027 982 1028 983 1024 979 1028 983 1025 980 1027 982 1029 984 1030 985 1027 982 1030 985 1028 983 1029 984 1023 978 1026 981 1029 984 1026 981 1030 985 1026 981 1025 980 1031 986 1026 981 1031 986 1032 987 1025 980 1028 983 1033 988 1025 980 1033 988 1031 986 1028 983 1030 985 1034 985 1028 983 1034 985 1033 988 1030 985 1026 981 1032 987 1030 985 1032 987 1034 985 1035 989 1036 990 1037 991 1035 989 1037 991 1038 989 1036 990 1039 992 1040 993 1036 990 1040 993 1037 991 1039 992 1041 994 1042 995 1039 992 1042 995 1040 993 1041 994 1035 989 1038 989 1041 994 1038 989 1042 995 1038 989 1037 991 1043 996 1038 989 1043 996 1044 997 1037 991 1040 993 1045 993 1037 991 1045 993 1043 996 1040 993 1042 995 1046 998 1040 993 1046 998 1045 993 1042 995 1038 989 1044 997 1042 995 1044 997 1046 998 1047 999 1048 1000 1049 1001 1047 999 1049 1001 1050 1002 1048 1000 1051 1003 1052 1004 1048 1000 1052 1004 1049 1001 1051 1003 1053 1005 1054 1006 1051 1003 1054 1006 1052 1004 1053 1005 1055 1007 1056 1008 1053 1005 1056 1008 1054 1006 1055 1007 1057 1009 1058 1010 1055 1007 1058 1010 1056 1008 1057 1009 1047 999 1050 1002 1057 1009 1050 1002 1058 1010 1050 1002 1049 1001 1059 1011 1050 1002 1059 1011 1060 1012 1049 1001 1052 1004 1061 1013 1049 1001 1061 1013 1059 1011 1052 1004 1054 1006 1062 1014 1052 1004 1062 1014 1061 1013 1054 1006 1056 1008 1063 1015 1054 1006 1063 1015 1062 1014 1056 1008 1058 1010 1064 1016 1056 1008 1064 1016 1063 1015 1058 1010 1050 1002 1060 1012 1058 1010 1060 1012 1064 1016 1060 1012 1059 1011 1065 1017 1060 1012 1065 1017 1066 1018 1059 1011 1061 1013 1067 1019 1059 1011 1067 1019 1065 1017 1061 1013 1062 1014 1068 1020 1061 1013 1068 1020 1067 1019 1062 1014 1063 1015 1069 1021 1062 1014 1069 1021 1068 1020 1063 1015 1064 1016 1070 1022 1063 1015 1070 1022 1069 1021 1064 1016 1060 1012 1066 1018 1064 1016 1066 1018 1070 1022 1066 1018 1065 1017 1071 1023 1066 1018 1071 1023 1072 1024 1065 1017 1067 1019 1073 1025 1065 1017 1073 1025 1071 1023 1067 1019 1068 1020 1074 1026 1067 1019 1074 1026 1073 1025 1068 1020 1069 1021 1075 1027 1068 1020 1075 1027 1074 1026 1069 1021 1070 1022 1076 1028 1069 1021 1076 1028 1075 1027 1070 1022 1066 1018 1072 1024 1070 1022 1072 1024 1076 1028 1072 1024 1071 1023 1077 1029 1072 1024 1077 1029 1078 1030 1071 1023 1073 1025 1079 1031 1071 1023 1079 1031 1077 1029 1073 1025 1074 1026 1080 1032 1073 1025 1080 1032 1079 1031 1074 1026 1075 1027 1081 1033 1074 1026 1081 1033 1080 1032 1075 1027 1076 1028 1082 1034 1075 1027 1082 1034 1081 1033 1076 1028 1072 1024 1078 1030 1076 1028 1078 1030 1082 1034 1078 1030 1077 1029 1083 1035 1078 1030 1083 1035 1084 1036 1077 1029 1079 1031 1085 1037 1077 1029 1085 1037 1083 1035 1079 1031 1080 1032 1086 1038 1079 1031 1086 1038 1085 1037 1080 1032 1081 1033 1087 1039 1080 1032 1087 1039 1086 1038 1081 1033 1082 1034 1088 1040 1081 1033 1088 1040 1087 1039 1082 1034 1078 1030 1084 1036 1082 1034 1084 1036 1088 1040 1047 999 1048 1000 1089 1041 1048 1000 1051 1003 1089 1041 1051 1003 1053 1005 1089 1041 1053 1005 1055 1007 1089 1041 1055 1007 1057 1009 1089 1041 1057 1009 1047 999 1089 1041 1083 1035 1084 1036 1090 1042 1085 1037 1083 1035 1090 1042 1086 1038 1085 1037 1090 1042 1087 1039 1086 1038 1090 1042 1088 1040 1087 1039 1090 1042 1084 1036 1088 1040 1090 1042 1091 1043 1092 1044 1093 1045 1091 1043 1093 1045 1094 1046 1092 1044 1095 1047 1096 1048 1092 1044 1096 1048 1093 1045 1095 1047 1097 1049 1098 1049 1095 1047 1098 1049 1096 1048 1097 1049 1091 1043 1094 1046 1097 1049 1094 1046 1098 1049 1094 1046 1093 1045 1099 1050 1094 1046 1099 1050 1100 1046 1093 1045 1096 1048 1101 1051 1093 1045 1101 1051 1099 1050 1096 1048 1098 1049 1102 1052 1096 1048 1102 1052 1101 1051 1098 1049 1094 1046 1100 1046 1098 1049 1100 1046 1102 1052 1103 1053 1104 1054 1105 1055 1103 1053 1105 1055 1106 1056 1104 1054 1107 1057 1108 1058 1104 1054 1108 1058 1105 1055 1107 1057 1109 1059 1110 1060 1107 1057 1110 1060 1108 1058 1109 1059 1103 1053 1106 1056 1109 1059 1106 1056 1110 1060 1106 1056 1105 1055 1111 1061 1106 1056 1111 1061 1112 1062 1105 1055 1108 1058 1113 1063 1105 1055 1113 1063 1111 1061 1108 1058 1110 1060 1114 1064 1108 1058 1114 1064 1113 1063 1110 1060 1106 1056 1112 1062 1110 1060 1112 1062 1114 1064 1115 1065 1116 1066 1117 1067 1115 1065 1117 1067 1118 1068 1116 1066 1119 1069 1120 1070 1116 1066 1120 1070 1117 1067 1119 1069 1121 1071 1122 1071 1119 1069 1122 1071 1120 1070 1121 1071 1115 1065 1118 1068 1121 1071 1118 1068 1122 1071 1118 1068 1117 1067 1123 1072 1118 1068 1123 1072 1124 1068 1117 1067 1120 1070 1125 1073 1117 1067 1125 1073 1123 1072 1120 1070 1122 1071 1126 1074 1120 1070 1126 1074 1125 1073 1122 1071 1118 1068 1124 1068 1122 1071 1124 1068 1126 1074 1127 1075 1128 1076 1129 1077 1127 1075 1129 1077 1130 1078 1128 1076 1131 1079 1132 1079 1128 1076 1132 1079 1129 1077 1131 1079 1133 1080 1134 1081 1131 1079 1134 1081 1132 1079 1133 1080 1127 1075 1130 1078 1133 1080 1130 1078 1134 1081 1130 1078 1129 1077 1135 1082 1130 1078 1135 1082 1136 1083 1129 1077 1132 1079 1137 1084 1129 1077 1137 1084 1135 1082 1132 1079 1134 1081 1138 1085 1132 1079 1138 1085 1137 1084 1134 1081 1130 1078 1136 1083 1134 1081 1136 1083 1138 1085 1139 1086 1140 1087 1141 1088 1139 1086 1141 1088 1142 1086 1140 1087 1143 1089 1144 1090 1140 1087 1144 1090 1141 1088 1143 1089 1145 1091 1146 1092 1143 1089 1146 1092 1144 1090 1145 1091 1139 1086 1142 1086 1145 1091 1142 1086 1146 1092 1142 1086 1141 1088 1147 1093 1142 1086 1147 1093 1148 1094 1141 1088 1144 1090 1149 1090 1141 1088 1149 1090 1147 1093 1144 1090 1146 1092 1150 1095 1144 1090 1150 1095 1149 1090 1146 1092 1142 1086 1148 1094 1146 1092 1148 1094 1150 1095 1151 1096 1152 1097 1153 1098 1151 1096 1153 1098 1154 1099 1152 1097 1155 1100 1156 1101 1152 1097 1156 1101 1153 1098 1155 1100 1157 1102 1158 1103 1155 1100 1158 1103 1156 1101 1157 1102 1151 1096 1154 1099 1157 1102 1154 1099 1158 1103 1154 1099 1153 1098 1159 1104 1154 1099 1159 1104 1160 1105 1153 1098 1156 1101 1161 1106 1153 1098 1161 1106 1159 1104 1156 1101 1158 1103 1162 1107 1156 1101 1162 1107 1161 1106 1158 1103 1154 1099 1160 1105 1158 1103 1160 1105 1162 1107 1163 1108 1164 1109 1165 1110 1163 1108 1165 1110 1166 1111 1164 1109 1167 1112 1168 1113 1164 1109 1168 1113 1165 1110 1167 1112 1169 1114 1170 1115 1167 1112 1170 1115 1168 1113 1169 1114 1171 1116 1172 1117 1169 1114 1172 1117 1170 1115 1171 1116 1173 1118 1174 1119 1171 1116 1174 1119 1172 1117 1173 1118 1163 1108 1166 1111 1173 1118 1166 1111 1174 1119 1166 1111 1165 1110 1175 1120 1166 1111 1175 1120 1176 1121 1165 1110 1168 1113 1177 1122 1165 1110 1177 1122 1175 1120 1168 1113 1170 1115 1178 1123 1168 1113 1178 1123 1177 1122 1170 1115 1172 1117 1179 1124 1170 1115 1179 1124 1178 1123 1172 1117 1174 1119 1180 1125 1172 1117 1180 1125 1179 1124 1174 1119 1166 1111 1176 1121 1174 1119 1176 1121 1180 1125 1176 1121 1175 1120 1181 1126 1176 1121 1181 1126 1182 1127 1175 1120 1177 1122 1183 1128 1175 1120 1183 1128 1181 1126 1177 1122 1178 1123 1184 1129 1177 1122 1184 1129 1183 1128 1178 1123 1179 1124 1185 1130 1178 1123 1185 1130 1184 1129 1179 1124 1180 1125 1186 1131 1179 1124 1186 1131 1185 1130 1180 1125 1176 1121 1182 1127 1180 1125 1182 1127 1186 1131 1182 1127 1181 1126 1187 1132 1182 1127 1187 1132 1188 1133 1181 1126 1183 1128 1189 1134 1181 1126 1189 1134 1187 1132 1183 1128 1184 1129 1190 1135 1183 1128 1190 1135 1189 1134 1184 1129 1185 1130 1191 1136 1184 1129 1191 1136 1190 1135 1185 1130 1186 1131 1192 1137 1185 1130 1192 1137 1191 1136 1186 1131 1182 1127 1188 1133 1186 1131 1188 1133 1192 1137 1188 1133 1187 1132 1193 1138 1188 1133 1193 1138 1194 1139 1187 1132 1189 1134 1195 1140 1187 1132 1195 1140 1193 1138 1189 1134 1190 1135 1196 1141 1189 1134 1196 1141 1195 1140 1190 1135 1191 1136 1197 1142 1190 1135 1197 1142 1196 1141 1191 1136 1192 1137 1198 1143 1191 1136 1198 1143 1197 1142 1192 1137 1188 1133 1194 1139 1192 1137 1194 1139 1198 1143 1194 1139 1193 1138 1199 1144 1194 1139 1199 1144 1200 1145 1193 1138 1195 1140 1201 1146 1193 1138 1201 1146 1199 1144 1195 1140 1196 1141 1202 1147 1195 1140 1202 1147 1201 1146 1196 1141 1197 1142 1203 1148 1196 1141 1203 1148 1202 1147 1197 1142 1198 1143 1204 1149 1197 1142 1204 1149 1203 1148 1198 1143 1194 1139 1200 1145 1198 1143 1200 1145 1204 1149 1163 1108 1164 1109 1205 1150 1164 1109 1167 1112 1205 1150 1167 1112 1169 1114 1205 1150 1169 1114 1171 1116 1205 1150 1171 1116 1173 1118 1205 1150 1173 1118 1163 1108 1205 1150 1199 1144 1200 1145 1206 1151 1201 1146 1199 1144 1206 1151 1202 1147 1201 1146 1206 1151 1203 1148 1202 1147 1206 1151 1204 1149 1203 1148 1206 1151 1200 1145 1204 1149 1206 1151 1207 1152 1208 1153 1209 1154 1207 1152 1209 1154 1210 1155 1208 1153 1211 1156 1212 1157 1208 1153 1212 1157 1209 1154 1211 1156 1213 1158 1214 1159 1211 1156 1214 1159 1212 1157 1213 1158 1207 1152 1210 1155 1213 1158 1210 1155 1214 1159 1210 1155 1209 1154 1215 1154 1210 1155 1215 1154 1216 1160 1209 1154 1212 1157 1217 1161 1209 1154 1217 1161 1215 1154 1212 1157 1214 1159 1218 1162 1212 1157 1218 1162 1217 1161 1214 1159 1210 1155 1216 1160 1214 1159 1216 1160 1218 1162 1219 1163 1220 1164 1221 1165 1219 1163 1221 1165 1222 1163 1220 1164 1223 1166 1224 1167 1220 1164 1224 1167 1221 1165 1223 1166 1225 1168 1226 1169 1223 1166 1226 1169 1224 1167 1225 1168 1219 1163 1222 1163 1225 1168 1222 1163 1226 1169 1222 1163 1221 1165 1227 1170 1222 1163 1227 1170 1228 1171 1221 1165 1224 1167 1229 1172 1221 1165 1229 1172 1227 1170 1224 1167 1226 1169 1230 1173 1224 1167 1230 1173 1229 1172 1226 1169 1222 1163 1228 1171 1226 1169 1228 1171 1230 1173 1231 1174 1232 1175 1233 1176 1231 1174 1233 1176 1234 1177 1232 1175 1235 1178 1236 1178 1232 1175 1236 1178 1233 1176 1235 1178 1237 1179 1238 1180 1235 1178 1238 1180 1236 1178 1237 1179 1231 1174 1234 1177 1237 1179 1234 1177 1238 1180 1234 1177 1233 1176 1239 1176 1234 1177 1239 1176 1240 1181 1233 1176 1236 1178 1241 1182 1233 1176 1241 1182 1239 1176 1236 1178 1238 1180 1242 1183 1236 1178 1242 1183 1241 1182 1238 1180 1234 1177 1240 1181 1238 1180 1240 1181 1242 1183 1243 1184 1244 1185 1245 1186 1243 1184 1245 1186 1246 1187 1244 1185 1247 1188 1248 1188 1244 1185 1248 1188 1245 1186 1247 1188 1249 1189 1250 1189 1247 1188 1250 1189 1248 1188 1249 1189 1243 1184 1246 1187 1249 1189 1246 1187 1250 1189 1246 1187 1245 1186 1251 1190 1246 1187 1251 1190 1252 1191 1245 1186 1248 1188 1253 1192 1245 1186 1253 1192 1251 1190 1248 1188 1250 1189 1254 1193 1248 1188 1254 1193 1253 1192 1250 1189 1246 1187 1252 1191 1250 1189 1252 1191 1254 1193 1255 1194 1256 1195 1257 1196 1255 1194 1257 1196 1258 1197 1256 1195 1259 1198 1260 1199 1256 1195 1260 1199 1257 1196 1259 1198 1261 1200 1262 1201 1259 1198 1262 1201 1260 1199 1261 1200 1263 1202 1264 1203 1261 1200 1264 1203 1262 1201 1263 1202 1265 1204 1266 1205 1263 1202 1266 1205 1264 1203 1265 1204 1255 1194 1258 1197 1265 1204 1258 1197 1266 1205 1258 1197 1257 1196 1267 1206 1258 1197 1267 1206 1268 1207 1257 1196 1260 1199 1269 1208 1257 1196 1269 1208 1267 1206 1260 1199 1262 1201 1270 1209 1260 1199 1270 1209 1269 1208 1262 1201 1264 1203 1271 1210 1262 1201 1271 1210 1270 1209 1264 1203 1266 1205 1272 1211 1264 1203 1272 1211 1271 1210 1266 1205 1258 1197 1268 1207 1266 1205 1268 1207 1272 1211 1268 1207 1267 1206 1273 1212 1268 1207 1273 1212 1274 1213 1267 1206 1269 1208 1275 1214 1267 1206 1275 1214 1273 1212 1269 1208 1270 1209 1276 1215 1269 1208 1276 1215 1275 1214 1270 1209 1271 1210 1277 1216 1270 1209 1277 1216 1276 1215 1271 1210 1272 1211 1278 1217 1271 1210 1278 1217 1277 1216 1272 1211 1268 1207 1274 1213 1272 1211 1274 1213 1278 1217 1274 1213 1273 1212 1279 1218 1274 1213 1279 1218 1280 1219 1273 1212 1275 1214 1281 1220 1273 1212 1281 1220 1279 1218 1275 1214 1276 1215 1282 1221 1275 1214 1282 1221 1281 1220 1276 1215 1277 1216 1283 1222 1276 1215 1283 1222 1282 1221 1277 1216 1278 1217 1284 1223 1277 1216 1284 1223 1283 1222 1278 1217 1274 1213 1280 1219 1278 1217 1280 1219 1284 1223 1280 1219 1279 1218 1285 1224 1280 1219 1285 1224 1286 1225 1279 1218 1281 1220 1287 1226 1279 1218 1287 1226 1285 1224 1281 1220 1282 1221 1288 1227 1281 1220 1288 1227 1287 1226 1282 1221 1283 1222 1289 1228 1282 1221 1289 1228 1288 1227 1283 1222 1284 1223 1290 1229 1283 1222 1290 1229 1289 1228 1284 1223 1280 1219 1286 1225 1284 1223 1286 1225 1290 1229 1286 1225 1285 1224 1291 1230 1286 1225 1291 1230 1292 1231 1285 1224 1287 1226 1293 1232 1285 1224 1293 1232 1291 1230 1287 1226 1288 1227 1294 1233 1287 1226 1294 1233 1293 1232 1288 1227 1289 1228 1295 1234 1288 1227 1295 1234 1294 1233 1289 1228 1290 1229 1296 1235 1289 1228 1296 1235 1295 1234 1290 1229 1286 1225 1292 1231 1290 1229 1292 1231 1296 1235 1255 1194 1256 1195 1297 1236 1256 1195 1259 1198 1297 1236 1259 1198 1261 1200 1297 1236 1261 1200 1263 1202 1297 1236 1263 1202 1265 1204 1297 1236 1265 1204 1255 1194 1297 1236 1291 1230 1292 1231 1298 1237 1293 1232 1291 1230 1298 1237 1294 1233 1293 1232 1298 1237 1295 1234 1294 1233 1298 1237 1296 1235 1295 1234 1298 1237 1292 1231 1296 1235 1298 1237 1299 1238 1300 1239 1301 1240 1299 1238 1301 1240 1302 1238 1300 1239 1303 1241 1304 1242 1300 1239 1304 1242 1301 1240 1303 1241 1305 1243 1306 1244 1303 1241 1306 1244 1304 1242 1305 1243 1299 1238 1302 1238 1305 1243 1302 1238 1306 1244 1302 1238 1301 1240 1307 1245 1302 1238 1307 1245 1308 1246 1301 1240 1304 1242 1309 1247 1301 1240 1309 1247 1307 1245 1304 1242 1306 1244 1310 1248 1304 1242 1310 1248 1309 1247 1306 1244 1302 1238 1308 1246 1306 1244 1308 1246 1310 1248 1311 1249 1312 1250 1313 1251 1311 1249 1313 1251 1314 1252 1312 1250 1315 1253 1316 1254 1312 1250 1316 1254 1313 1251 1315 1253 1317 1255 1318 1256 1315 1253 1318 1256 1316 1254 1317 1255 1311 1249 1314 1252 1317 1255 1314 1252 1318 1256 1314 1252 1313 1251 1319 1257 1314 1252 1319 1257 1320 1258 1313 1251 1316 1254 1321 1254 1313 1251 1321 1254 1319 1257 1316 1254 1318 1256 1322 1259 1316 1254 1322 1259 1321 1254 1318 1256 1314 1252 1320 1258 1318 1256 1320 1258 1322 1259 1323 1260 1324 1261 1325 1262 1323 1260 1325 1262 1326 1263 1324 1261 1327 1264 1328 1265 1324 1261 1328 1265 1325 1262 1327 1264 1329 1266 1330 1267 1327 1264 1330 1267 1328 1265 1329 1266 1323 1260 1326 1263 1329 1266 1326 1263 1330 1267 1326 1263 1325 1262 1331 1268 1326 1263 1331 1268 1332 1269 1325 1262 1328 1265 1333 1270 1325 1262 1333 1270 1331 1268 1328 1265 1330 1267 1334 1271 1328 1265 1334 1271 1333 1270 1330 1267 1326 1263 1332 1269 1330 1267 1332 1269 1334 1271 1335 1272 1336 1273 1337 1274 1335 1272 1337 1274 1338 1275 1336 1273 1339 1276 1340 1277 1336 1273 1340 1277 1337 1274 1339 1276 1341 1278 1342 1279 1339 1276 1342 1279 1340 1277 1341 1278 1335 1272 1338 1275 1341 1278 1338 1275 1342 1279 1338 1275 1337 1274 1343 1280 1338 1275 1343 1280 1344 1281 1337 1274 1340 1277 1345 1282 1337 1274 1345 1282 1343 1280 1340 1277 1342 1279 1346 1283 1340 1277 1346 1283 1345 1282 1342 1279 1338 1275 1344 1281 1342 1279 1344 1281 1346 1283 1347 1284 1348 1285 1349 1286 1347 1284 1349 1286 1350 1287 1348 1285 1351 1288 1352 1289 1348 1285 1352 1289 1349 1286 1351 1288 1353 1290 1354 1291 1351 1288 1354 1291 1352 1289 1353 1290 1347 1284 1350 1287 1353 1290 1350 1287 1354 1291 1350 1287 1349 1286 1355 1292 1350 1287 1355 1292 1356 1293 1349 1286 1352 1289 1357 1294 1349 1286 1357 1294 1355 1292 1352 1289 1354 1291 1358 1295 1352 1289 1358 1295 1357 1294 1354 1291 1350 1287 1356 1293 1354 1291 1356 1293 1358 1295 1359 1296 1360 1297 1361 1298 1359 1296 1361 1298 1362 1299 1360 1297 1363 1300 1364 1301 1360 1297 1364 1301 1361 1298 1363 1300 1365 1302 1366 1303 1363 1300 1366 1303 1364 1301 1365 1302 1359 1296 1362 1299 1365 1302 1362 1299 1366 1303 1362 1299 1361 1298 1367 1304 1362 1299 1367 1304 1368 1305 1361 1298 1364 1301 1369 1306 1361 1298 1369 1306 1367 1304 1364 1301 1366 1303 1370 1307 1364 1301 1370 1307 1369 1306 1366 1303 1362 1299 1368 1305 1366 1303 1368 1305 1370 1307 1371 1308 1372 1309 1373 1310 1371 1308 1373 1310 1374 1311 1372 1309 1375 1312 1376 1313 1372 1309 1376 1313 1373 1310 1375 1312 1377 1314 1378 1315 1375 1312 1378 1315 1376 1313 1377 1314 1379 1316 1380 1317 1377 1314 1380 1317 1378 1315 1379 1316 1381 1318 1382 1319 1379 1316 1382 1319 1380 1317 1381 1318 1371 1308 1374 1311 1381 1318 1374 1311 1382 1319 1374 1311 1373 1310 1383 1320 1374 1311 1383 1320 1384 1321 1373 1310 1376 1313 1385 1322 1373 1310 1385 1322 1383 1320 1376 1313 1378 1315 1386 1323 1376 1313 1386 1323 1385 1322 1378 1315 1380 1317 1387 1324 1378 1315 1387 1324 1386 1323 1380 1317 1382 1319 1388 1325 1380 1317 1388 1325 1387 1324 1382 1319 1374 1311 1384 1321 1382 1319 1384 1321 1388 1325 1384 1321 1383 1320 1389 1326 1384 1321 1389 1326 1390 1327 1383 1320 1385 1322 1391 1328 1383 1320 1391 1328 1389 1326 1385 1322 1386 1323 1392 1329 1385 1322 1392 1329 1391 1328 1386 1323 1387 1324 1393 1330 1386 1323 1393 1330 1392 1329 1387 1324 1388 1325 1394 1331 1387 1324 1394 1331 1393 1330 1388 1325 1384 1321 1390 1327 1388 1325 1390 1327 1394 1331 1390 1327 1389 1326 1395 1332 1390 1327 1395 1332 1396 1333 1389 1326 1391 1328 1397 1334 1389 1326 1397 1334 1395 1332 1391 1328 1392 1329 1398 1335 1391 1328 1398 1335 1397 1334 1392 1329 1393 1330 1399 1336 1392 1329 1399 1336 1398 1335 1393 1330 1394 1331 1400 1337 1393 1330 1400 1337 1399 1336 1394 1331 1390 1327 1396 1333 1394 1331 1396 1333 1400 1337 1396 1333 1395 1332 1401 1338 1396 1333 1401 1338 1402 1339 1395 1332 1397 1334 1403 1340 1395 1332 1403 1340 1401 1338 1397 1334 1398 1335 1404 1341 1397 1334 1404 1341 1403 1340 1398 1335 1399 1336 1405 1342 1398 1335 1405 1342 1404 1341 1399 1336 1400 1337 1406 1343 1399 1336 1406 1343 1405 1342 1400 1337 1396 1333 1402 1339 1400 1337 1402 1339 1406 1343 1402 1339 1401 1338 1407 1344 1402 1339 1407 1344 1408 1345 1401 1338 1403 1340 1409 1346 1401 1338 1409 1346 1407 1344 1403 1340 1404 1341 1410 1347 1403 1340 1410 1347 1409 1346 1404 1341 1405 1342 1411 1348 1404 1341 1411 1348 1410 1347 1405 1342 1406 1343 1412 1349 1405 1342 1412 1349 1411 1348 1406 1343 1402 1339 1408 1345 1406 1343 1408 1345 1412 1349 1371 1308 1372 1309 1413 1350 1372 1309 1375 1312 1413 1350 1375 1312 1377 1314 1413 1350 1377 1314 1379 1316 1413 1350 1379 1316 1381 1318 1413 1350 1381 1318 1371 1308 1413 1350 1407 1344 1408 1345 1414 1351 1409 1346 1407 1344 1414 1351 1410 1347 1409 1346 1414 1351 1411 1348 1410 1347 1414 1351 1412 1349 1411 1348 1414 1351 1408 1345 1412 1349 1414 1351 1415 1352 1416 1353 1417 1354 1415 1352 1417 1354 1418 1355 1416 1353 1419 1356 1420 1357 1416 1353 1420 1357 1417 1354 1419 1356 1421 1358 1422 1358 1419 1356 1422 1358 1420 1357 1421 1358 1415 1352 1418 1355 1421 1358 1418 1355 1422 1358 1418 1355 1417 1354 1423 1354 1418 1355 1423 1354 1424 1359 1417 1354 1420 1357 1425 1360 1417 1354 1425 1360 1423 1354 1420 1357 1422 1358 1426 1361 1420 1357 1426 1361 1425 1360 1422 1358 1418 1355 1424 1359 1422 1358 1424 1359 1426 1361 1427 1362 1428 1363 1429 1364 1427 1362 1429 1364 1430 1365 1428 1363 1431 1366 1432 1367 1428 1363 1432 1367 1429 1364 1431 1366 1433 1368 1434 1369 1431 1366 1434 1369 1432 1367 1433 1368 1427 1362 1430 1365 1433 1368 1430 1365 1434 1369 1430 1365 1429 1364 1435 1370 1430 1365 1435 1370 1436 1365 1429 1364 1432 1367 1437 1367 1429 1364 1437 1367 1435 1370 1432 1367 1434 1369 1438 1371 1432 1367 1438 1371 1437 1367 1434 1369 1430 1365 1436 1365 1434 1369 1436 1365 1438 1371 1439 1372 1440 1373 1441 1374 1439 1372 1441 1374 1442 1375 1440 1373 1443 1376 1444 1377 1440 1373 1444 1377 1441 1374 1443 1376 1445 1378 1446 1379 1443 1376 1446 1379 1444 1377 1445 1378 1439 1372 1442 1375 1445 1378 1442 1375 1446 1379 1442 1375 1441 1374 1447 1374 1442 1375 1447 1374 1448 1380 1441 1374 1444 1377 1449 1381 1441 1374 1449 1381 1447 1374 1444 1377 1446 1379 1450 1382 1444 1377 1450 1382 1449 1381 1446 1379 1442 1375 1448 1380 1446 1379 1448 1380 1450 1382 1451 1383 1452 1384 1453 1385 1451 1383 1453 1385 1454 1386 1452 1384 1455 1387 1456 1388 1452 1384 1456 1388 1453 1385 1455 1387 1457 1389 1458 1390 1455 1387 1458 1390 1456 1388 1457 1389 1451 1383 1454 1386 1457 1389 1454 1386 1458 1390 1454 1386 1453 1385 1459 1391 1454 1386 1459 1391 1460 1392 1453 1385 1456 1388 1461 1393 1453 1385 1461 1393 1459 1391 1456 1388 1458 1390 1462 1394 1456 1388 1462 1394 1461 1393 1458 1390 1454 1386 1460 1392 1458 1390 1460 1392 1462 1394 1463 1395 1464 1396 1465 1396 1463 1395 1465 1396 1466 1397 1464 1396 1467 1398 1468 1399 1464 1396 1468 1399 1465 1396 1467 1398 1469 1400 1470 1401 1467 1398 1470 1401 1468 1399 1469 1400 1463 1395 1466 1397 1469 1400 1466 1397 1470 1401 1466 1397 1465 1396 1471 1402 1466 1397 1471 1402 1472 1403 1465 1396 1468 1399 1473 1404 1465 1396 1473 1404 1471 1402 1468 1399 1470 1401 1474 1405 1468 1399 1474 1405 1473 1404 1470 1401 1466 1397 1472 1403 1470 1401 1472 1403 1474 1405 1475 1406 1476 1407 1477 1408 1475 1406 1477 1408 1478 1409 1476 1407 1479 1410 1480 1411 1476 1407 1480 1411 1477 1408 1479 1410 1481 1412 1482 1413 1479 1410 1482 1413 1480 1411 1481 1412 1483 1414 1484 1415 1481 1412 1484 1415 1482 1413 1483 1414 1485 1416 1486 1417 1483 1414 1486 1417 1484 1415 1485 1416 1475 1406 1478 1409 1485 1416 1478 1409 1486 1417 1478 1409 1477 1408 1487 1418 1478 1409 1487 1418 1488 1419 1477 1408 1480 1411 1489 1420 1477 1408 1489 1420 1487 1418 1480 1411 1482 1413 1490 1421 1480 1411 1490 1421 1489 1420 1482 1413 1484 1415 1491 1422 1482 1413 1491 1422 1490 1421 1484 1415 1486 1417 1492 1423 1484 1415 1492 1423 1491 1422 1486 1417 1478 1409 1488 1419 1486 1417 1488 1419 1492 1423 1488 1419 1487 1418 1493 1424 1488 1419 1493 1424 1494 1425 1487 1418 1489 1420 1495 1426 1487 1418 1495 1426 1493 1424 1489 1420 1490 1421 1496 1427 1489 1420 1496 1427 1495 1426 1490 1421 1491 1422 1497 1428 1490 1421 1497 1428 1496 1427 1491 1422 1492 1423 1498 1429 1491 1422 1498 1429 1497 1428 1492 1423 1488 1419 1494 1425 1492 1423 1494 1425 1498 1429 1494 1425 1493 1424 1499 1430 1494 1425 1499 1430 1500 1431 1493 1424 1495 1426 1501 1432 1493 1424 1501 1432 1499 1430 1495 1426 1496 1427 1502 1433 1495 1426 1502 1433 1501 1432 1496 1427 1497 1428 1503 1434 1496 1427 1503 1434 1502 1433 1497 1428 1498 1429 1504 1435 1497 1428 1504 1435 1503 1434 1498 1429 1494 1425 1500 1431 1498 1429 1500 1431 1504 1435 1500 1431 1499 1430 1505 1436 1500 1431 1505 1436 1506 1437 1499 1430 1501 1432 1507 1438 1499 1430 1507 1438 1505 1436 1501 1432 1502 1433 1508 1439 1501 1432 1508 1439 1507 1438 1502 1433 1503 1434 1509 1440 1502 1433 1509 1440 1508 1439 1503 1434 1504 1435 1510 1441 1503 1434 1510 1441 1509 1440 1504 1435 1500 1431 1506 1437 1504 1435 1506 1437 1510 1441 1506 1437 1505 1436 1511 1442 1506 1437 1511 1442 1512 1443 1505 1436 1507 1438 1513 1444 1505 1436 1513 1444 1511 1442 1507 1438 1508 1439 1514 1445 1507 1438 1514 1445 1513 1444 1508 1439 1509 1440 1515 1446 1508 1439 1515 1446 1514 1445 1509 1440 1510 1441 1516 1447 1509 1440 1516 1447 1515 1446 1510 1441 1506 1437 1512 1443 1510 1441 1512 1443 1516 1447 1475 1406 1476 1407 1517 1448 1476 1407 1479 1410 1517 1448 1479 1410 1481 1412 1517 1448 1481 1412 1483 1414 1517 1448 1483 1414 1485 1416 1517 1448 1485 1416 1475 1406 1517 1448 1511 1442 1512 1443 1518 1449 1513 1444 1511 1442 1518 1449 1514 1445 1513 1444 1518 1449 1515 1446 1514 1445 1518 1449 1516 1447 1515 1446 1518 1449 1512 1443 1516 1447 1518 1449 1519 1450 1520 1451 1521 1452 1519 1450 1521 1452 1522 1453 1520 1451 1523 1454 1524 1455 1520 1451 1524 1455 1521 1452 1523 1454 1525 1456 1526 1457 1523 1454 1526 1457 1524 1455 1525 1456 1519 1450 1522 1453 1525 1456 1522 1453 1526 1457 1522 1453 1521 1452 1527 1458 1522 1453 1527 1458 1528 1459 1521 1452 1524 1455 1529 1460 1521 1452 1529 1460 1527 1458 1524 1455 1526 1457 1530 1461 1524 1455 1530 1461 1529 1460 1526 1457 1522 1453 1528 1459 1526 1457 1528 1459 1530 1461 1531 1462 1532 1463 1533 1464 1531 1462 1533 1464 1534 1465 1532 1463 1535 1466 1536 1467 1532 1463 1536 1467 1533 1464 1535 1466 1537 1468 1538 1469 1535 1466 1538 1469 1536 1467 1537 1468 1531 1462 1534 1465 1537 1468 1534 1465 1538 1469 1534 1465 1533 1464 1539 1470 1534 1465 1539 1470 1540 1471 1533 1464 1536 1467 1541 1472 1533 1464 1541 1472 1539 1470 1536 1467 1538 1469 1542 1473 1536 1467 1542 1473 1541 1472 1538 1469 1534 1465 1540 1471 1538 1469 1540 1471 1542 1473 1543 1474 1544 1475 1545 1476 1543 1474 1545 1476 1546 1477 1544 1475 1547 1478 1548 1479 1544 1475 1548 1479 1545 1476 1547 1478 1549 1480 1550 1481 1547 1478 1550 1481 1548 1479 1549 1480 1543 1474 1546 1477 1549 1480 1546 1477 1550 1481 1546 1477 1545 1476 1551 1482 1546 1477 1551 1482 1552 1483 1545 1476 1548 1479 1553 1484 1545 1476 1553 1484 1551 1482 1548 1479 1550 1481 1554 1485 1548 1479 1554 1485 1553 1484 1550 1481 1546 1477 1552 1483 1550 1481 1552 1483 1554 1485 1555 1486 1556 1487 1557 1488 1555 1486 1557 1488 1558 1489 1556 1487 1559 1490 1560 1490 1556 1487 1560 1490 1557 1488 1559 1490 1561 1491 1562 1491 1559 1490 1562 1491 1560 1490 1561 1491 1555 1486 1558 1489 1561 1491 1558 1489 1562 1491 1558 1489 1557 1488 1563 1488 1558 1489 1563 1488 1564 1489 1557 1488 1560 1490 1565 1492 1557 1488 1565 1492 1563 1488 1560 1490 1562 1491 1566 1493 1560 1490 1566 1493 1565 1492 1562 1491 1558 1489 1564 1489 1562 1491 1564 1489 1566 1493 1567 1494 1568 1495 1569 1496 1567 1494 1569 1496 1570 1497 1568 1495 1571 1498 1572 1499 1568 1495 1572 1499 1569 1496 1571 1498 1573 1500 1574 1501 1571 1498 1574 1501 1572 1499 1573 1500 1575 1502 1576 1503 1573 1500 1576 1503 1574 1501 1575 1502 1577 1504 1578 1505 1575 1502 1578 1505 1576 1503 1577 1504 1567 1494 1570 1497 1577 1504 1570 1497 1578 1505 1570 1497 1569 1496 1579 1506 1570 1497 1579 1506 1580 1507 1569 1496 1572 1499 1581 1508 1569 1496 1581 1508 1579 1506 1572 1499 1574 1501 1582 1509 1572 1499 1582 1509 1581 1508 1574 1501 1576 1503 1583 1510 1574 1501 1583 1510 1582 1509 1576 1503 1578 1505 1584 1511 1576 1503 1584 1511 1583 1510 1578 1505 1570 1497 1580 1507 1578 1505 1580 1507 1584 1511 1580 1507 1579 1506 1585 1512 1580 1507 1585 1512 1586 1513 1579 1506 1581 1508 1587 1514 1579 1506 1587 1514 1585 1512 1581 1508 1582 1509 1588 1515 1581 1508 1588 1515 1587 1514 1582 1509 1583 1510 1589 1516 1582 1509 1589 1516 1588 1515 1583 1510 1584 1511 1590 1517 1583 1510 1590 1517 1589 1516 1584 1511 1580 1507 1586 1513 1584 1511 1586 1513 1590 1517 1586 1513 1585 1512 1591 1518 1586 1513 1591 1518 1592 1519 1585 1512 1587 1514 1593 1520 1585 1512 1593 1520 1591 1518 1587 1514 1588 1515 1594 1521 1587 1514 1594 1521 1593 1520 1588 1515 1589 1516 1595 1522 1588 1515 1595 1522 1594 1521 1589 1516 1590 1517 1596 1523 1589 1516 1596 1523 1595 1522 1590 1517 1586 1513 1592 1519 1590 1517 1592 1519 1596 1523 1592 1519 1591 1518 1597 1524 1592 1519 1597 1524 1598 1525 1591 1518 1593 1520 1599 1526 1591 1518 1599 1526 1597 1524 1593 1520 1594 1521 1600 1527 1593 1520 1600 1527 1599 1526 1594 1521 1595 1522 1601 1528 1594 1521 1601 1528 1600 1527 1595 1522 1596 1523 1602 1529 1595 1522 1602 1529 1601 1528 1596 1523 1592 1519 1598 1525 1596 1523 1598 1525 1602 1529 1598 1525 1597 1524 1603 1530 1598 1525 1603 1530 1604 1531 1597 1524 1599 1526 1605 1532 1597 1524 1605 1532 1603 1530 1599 1526 1600 1527 1606 1533 1599 1526 1606 1533 1605 1532 1600 1527 1601 1528 1607 1534 1600 1527 1607 1534 1606 1533 1601 1528 1602 1529 1608 1535 1601 1528 1608 1535 1607 1534 1602 1529 1598 1525 1604 1531 1602 1529 1604 1531 1608 1535 1567 1494 1568 1495 1609 1536 1568 1495 1571 1498 1609 1536 1571 1498 1573 1500 1609 1536 1573 1500 1575 1502 1609 1536 1575 1502 1577 1504 1609 1536 1577 1504 1567 1494 1609 1536 1603 1530 1604 1531 1610 1537 1605 1532 1603 1530 1610 1537 1606 1533 1605 1532 1610 1537 1607 1534 1606 1533 1610 1537 1608 1535 1607 1534 1610 1537 1604 1531 1608 1535 1610 1537 1611 1538 1612 1539 1613 1540 1611 1538 1613 1540 1614 1541 1612 1539 1615 1542 1616 1543 1612 1539 1616 1543 1613 1540 1615 1542 1617 1544 1618 1545 1615 1542 1618 1545 1616 1543 1617 1544 1611 1538 1614 1541 1617 1544 1614 1541 1618 1545 1614 1541 1613 1540 1619 1546 1614 1541 1619 1546 1620 1547 1613 1540 1616 1543 1621 1548 1613 1540 1621 1548 1619 1546 1616 1543 1618 1545 1622 1545 1616 1543 1622 1545 1621 1548 1618 1545 1614 1541 1620 1547 1618 1545 1620 1547 1622 1545 1623 1549 1624 1550 1625 1551 1623 1549 1625 1551 1626 1552 1624 1550 1627 1553 1628 1554 1624 1550 1628 1554 1625 1551 1627 1553 1629 1555 1630 1556 1627 1553 1630 1556 1628 1554 1629 1555 1623 1549 1626 1552 1629 1555 1626 1552 1630 1556 1626 1552 1625 1551 1631 1557 1626 1552 1631 1557 1632 1558 1625 1551 1628 1554 1633 1554 1625 1551 1633 1554 1631 1557 1628 1554 1630 1556 1634 1559 1628 1554 1634 1559 1633 1554 1630 1556 1626 1552 1632 1558 1630 1556 1632 1558 1634 1559 1635 1560 1636 1561 1637 1562 1635 1560 1637 1562 1638 1563 1636 1561 1639 1564 1640 1565 1636 1561 1640 1565 1637 1562 1639 1564 1641 1566 1642 1567 1639 1564 1642 1567 1640 1565 1641 1566 1635 1560 1638 1563 1641 1566 1638 1563 1642 1567 1638 1563 1637 1562 1643 1568 1638 1563 1643 1568 1644 1569 1637 1562 1640 1565 1645 1570 1637 1562 1645 1570 1643 1568 1640 1565 1642 1567 1646 1571 1640 1565 1646 1571 1645 1570 1642 1567 1638 1563 1644 1569 1642 1567 1644 1569 1646 1571 1647 1572 1648 1573 1649 1573 1647 1572 1649 1573 1650 1572 1648 1573 1651 1574 1652 1575 1648 1573 1652 1575 1649 1573 1651 1574 1653 1576 1654 1577 1651 1574 1654 1577 1652 1575 1653 1576 1647 1572 1650 1572 1653 1576 1650 1572 1654 1577 1650 1572 1649 1573 1655 1578 1650 1572 1655 1578 1656 1579 1649 1573 1652 1575 1657 1580 1649 1573 1657 1580 1655 1578 1652 1575 1654 1577 1658 1577 1652 1575 1658 1577 1657 1580 1654 1577 1650 1572 1656 1579 1654 1577 1656 1579 1658 1577 1659 1581 1660 1582 1661 1583 1659 1581 1661 1583 1662 1584 1660 1582 1663 1585 1664 1586 1660 1582 1664 1586 1661 1583 1663 1585 1665 1587 1666 1588 1663 1585 1666 1588 1664 1586 1665 1587 1659 1581 1662 1584 1665 1587 1662 1584 1666 1588 1662 1584 1661 1583 1667 1589 1662 1584 1667 1589 1668 1590 1661 1583 1664 1586 1669 1591 1661 1583 1669 1591 1667 1589 1664 1586 1666 1588 1670 1592 1664 1586 1670 1592 1669 1591 1666 1588 1662 1584 1668 1590 1666 1588 1668 1590 1670 1592</p></triangles>
      </mesh>
    </geometry>
  </library_geometries>
  <library_visual_scenes><visual_scene id="scene" name="scene">
    <node id="ROW_18_SEG1_solid" name="ROW_18_SEG1_solid" type="NODE"><instance_geometry url="#ROW_18_SEG1_solid-mesh"><bind_material><technique_common>
      <instance_material symbol="MAT_COTTON_STEM-mat" target="#MAT_COTTON_STEM"/>
    </technique_common></bind_material></instance_geometry></node>
  </visual_scene></library_visual_scenes>
  <scene><instance_visual_scene url="#scene"/></scene>
</COLLADA>
