<?xml version="1.0" encoding="utf-8"?>
<COLLADA xmlns="http://www.collada.org/2005/11/COLLADASchema" version="1.4.1">
  <asset>
    <contributor><authoring_tool>VIGIL SIH26126 farm generator</authoring_tool></contributor>
    <unit name="meter" meter="1"/>
    <up_axis>Z_UP</up_axis>
  </asset>
  <library_effects>
    <effect id="MAT_LEAF_EUCA-fx"><profile_COMMON><technique sid="c"><lambert><diffuse><color>0.0580 0.0880 0.0500 1</color></diffuse></lambert></technique></profile_COMMON></effect>
    <effect id="MAT_BARK_EUCA-fx"><profile_COMMON><technique sid="c"><lambert><diffuse><color>0.1750 0.1680 0.1500 1</color></diffuse></lambert></technique></profile_COMMON></effect>
  </library_effects>
  <library_materials>
    <material id="MAT_LEAF_EUCA" name="MAT_LEAF_EUCA"><instance_effect url="#MAT_LEAF_EUCA-fx"/></material>
    <material id="MAT_BARK_EUCA" name="MAT_BARK_EUCA"><instance_effect url="#MAT_BARK_EUCA-fx"/></material>
  </library_materials>
  <library_geometries>
    <geometry id="TREE_EUCA_1-mesh" name="TREE_EUCA_1">
      <mesh>
        <source id="TREE_EUCA_1-pos"><float_array id="TREE_EUCA_1-pos-a" count="7617">-1.5375 3.1459 13.316 -1.3591 3.0504 13.452 -1.6088 2.9844 13.448 -1.3505 3.246 13.447 -1.7576 3.1459 13.453 -1.6042 3.2972 13.455 -1.3094 3.1459 13.67 -1.4707 2.9944 13.665 -1.6982 3.0599 13.656 -1.7545 3.2621 13.69 -1.4618 3.3176 13.679 -1.5375 3.1459 13.805 4.1272 3.3566 15.576 4.2814 3.218 15.711 4.0742 3.1549 15.723 4.2849 3.4983 15.708 3.9631 3.3566 15.728 4.0686 3.5797 15.711 4.2973 3.3566 15.952 4.1745 3.1764 15.94 3.9845 3.2283 15.956 3.9787 3.49 15.961 4.1797 3.5565 15.951 4.1272 3.3566 16.137 0.4211 0.38067 17.748 0.58423 0.23855 17.925 0.34001 0.081382 17.891 0.64387 0.57475 17.883 0.18258 0.38067 17.904 0.34765 0.65176 17.905 0.64612 0.38067 18.169 0.487 0.13747 18.162 0.23823 0.22135 18.169 0.21655 0.55888 18.185 0.50421 0.6874 18.194 0.4211 0.38067 18.39 -0.93504 8.1737 14.908 -0.77555 8.0552 15.031 -0.99572 7.9827 15.031 -0.79516 8.2776 15.044 -1.1672 8.1737 15.012 -1.0045 8.3924 15.016 -0.73168 8.1737 15.243 -0.87297 7.9783 15.242 -1.0959 8.0542 15.241 -1.0815 8.2825 15.231 -0.87073 8.3761 15.246 -0.93504 8.1737 15.406 -4.8738 -5.6566 13.649 -4.6928 -5.7839 13.849 -4.9455 -5.8701 13.844 -4.7286 -5.5544 13.878 -5.0445 -5.6566 13.883 -4.9388 -5.4629 13.858 -4.637 -5.6566 14.142 -4.8129 -5.8381 14.117 -5.0268 -5.7642 14.112 -5.0497 -5.5328 14.13 -4.8072 -5.4579 14.129 -4.8738 -5.6566 14.295 1.2806 2.4671 16.102 1.5406 2.3059 16.211 1.1888 2.2262 16.222 1.5374 2.6262 16.212 1.0163 2.4671 16.237 1.1901 2.7044 16.224 1.5849 2.4671 16.497 1.3825 2.1993 16.509 1.0212 2.3063 16.504 1.0176 2.63 16.506 1.3719 2.7068 16.493 1.2806 2.4671 16.67 -4.0395 0.97934 16.498 -3.821 0.79982 16.68 -4.1054 0.74996 16.716 -3.8224 1.1577 16.681 -4.2931 0.97934 16.691 -4.1153 1.2432 16.696 -3.7907 0.97934 17.004 -3.9428 0.64263 17.044 -4.2201 0.83102 16.988 -4.2894 1.1846 17.042 -3.9485 1.2962 17.033 -4.0395 0.97934 17.229 -3.6625 3.5797 14.849 -3.505 3.4341 14.997 -3.7254 3.3334 14.993 -3.4915 3.7377 14.989 -3.8649 3.5797 14.993 -3.7389 3.8787 14.971 -3.4472 3.5797 15.199 -3.5856 3.2787 15.216 -3.8223 3.4319 15.191 -3.8361 3.7401 15.199 -3.6002 3.8237 15.193 -3.6625 3.5797 15.308 -0.87592 4.6382 13.565 -0.64026 4.4451 13.715 -0.96127 4.3419 13.722 -0.64047 4.8311 13.716 -1.139 4.6382 13.729 -0.95129 4.8998 13.738 -0.59704 4.6382 13.983 -0.7916 4.3455 13.98 -1.0762 4.4741 13.968 -1.0931 4.8162 13.978 -0.78017 4.9706 13.997 -0.87592 4.6382 14.121 1.7088 4.3356 16.083 1.9065 4.146 16.292 1.6373 4.045 16.301 1.9171 4.5355 16.283 1.488 4.3356 16.308 1.6403 4.6139 16.308 1.9312 4.3356 16.606 1.7798 4.047 16.611 1.5252 4.1596 16.609 1.5479 4.4899 16.59 1.7832 4.6381 16.618 1.7088 4.3356 16.74 -0.60615 -3.2586 16.654 -0.44906 -3.3469 16.733 -0.66787 -3.4056 16.731 -0.43499 -3.1623 16.726 -0.76693 -3.2586 16.747 -0.66135 -3.127 16.74 -0.40789 -3.2586 16.892 -0.54529 -3.4036 16.891 -0.75094 -3.34 16.884 -0.75337 -3.1758 16.885 -0.54729 -3.1183 16.889 -0.60615 -3.2586 16.985 -0.5593 -0.65964 16.296 -0.28928 -0.81141 16.469 -0.66132 -0.90257 16.471 -0.2906 -0.5086 16.47 -0.84862 -0.65964 16.487 -0.65975 -0.42044 16.473 -0.19053 -0.65964 16.753 -0.44584 -0.9298 16.752 -0.81995 -0.80615 16.734 -0.80542 -0.5213 16.727 -0.46396 -0.43262 16.729 -0.5593 -0.65964 16.905 -4.9445 7.5154 14.352 -4.8129 7.4191 14.459 -5.0053 7.3271 14.445 -4.806 7.6167 14.455 -5.1116 7.5154 14.457 -4.9998 7.6869 14.452 -4.7407 7.5154 14.611 -4.8865 7.3358 14.604 -5.0921 7.4074 14.602 -5.0963 7.6264 14.604 -4.8864 7.6954 14.605 -4.9445 7.5154 14.68 7.6646 3.173 16.872 7.8248 3.0734 17.001 7.6009 3.0052 16.997 7.844 3.2845 16.989 7.4432 3.173 16.989 7.5933 3.3609 16.984 7.8642 3.173 17.196 7.7331 2.9925 17.207 7.4774 3.0566 17.212 7.5183 3.2639 17.187 7.7352 3.3589 17.211 7.6646 3.173 17.37 10.701 -0.25589 16.052 10.872 -0.353 16.191 10.627 -0.43351 16.179 10.896 -0.14511 16.179 10.463 -0.25589 16.18 10.627 -0.077467 16.179 10.93 -0.25589 16.379 10.779 -0.44424 16.389 10.511 -0.36365 16.381 10.521 -0.15413 16.375 10.773 -0.082289 16.38 10.701 -0.25589 16.506 -1.1764 1.3936 14.287 -0.98699 1.2547 14.424 -1.243 1.1864 14.434 -0.98162 1.5365 14.421 -1.4016 1.3936 14.429 -1.2483 1.6172 14.425 -0.94753 1.3936 14.666 -1.0989 1.153 14.677 -1.3603 1.2586 14.665 -1.3509 1.5217 14.659 -1.1062 1.6116 14.665 -1.1764 1.3936 14.868 5.0087 -3.2841 15.039 5.3031 -3.4543 15.203 4.8972 -3.5571 15.204 5.2979 -3.117 15.206 4.6549 -3.2841 15.207 4.9123 -3.0481 15.225 5.3703 -3.2841 15.504 5.111 -3.5347 15.491 4.7155 -3.4536 15.504 4.7812 -3.1526 15.471 5.1169 -3.0193 15.499 5.0087 -3.2841 15.688 -0.18174 -3.8991 14.868 -0.049043 -3.9903 14.949 -0.22625 -4.0286 14.958 -0.060602 -3.816 14.955 -0.3228 -3.8991 14.96 -0.23203 -3.7529 14.949 -0.023254 -3.8991 15.101 -0.13811 -4.026 15.093 -0.31547 -3.991 15.104 -0.29857 -3.8189 15.094 -0.128 -3.7428 15.108 -0.18174 -3.8991 15.211 -1.8339 -0.95199 16.221 -1.7016 -1.0515 16.41 -1.8894 -1.1286 16.399 -1.6602 -0.82141 16.376 -2.0065 -0.95199 16.404 -1.8954 -0.75603 16.386 -1.6121 -0.95199 16.662 -1.7798 -1.1243 16.631 -2.0126 -1.0864 16.661 -2.0069 -0.82189 16.657 -1.7726 -0.75657 16.646 -1.8339 -0.95199 16.83 5.8882 2.937 11.45 6.1022 2.7717 11.571 5.8075 2.673 11.572 6.0809 3.0859 11.582 5.6409 2.937 11.578 5.8135 3.1813 11.581 6.1257 2.937 11.793 5.9698 2.6699 11.804 5.6843 2.7795 11.799 5.7228 3.0648 11.778 5.9566 3.1609 11.785 5.8882 2.937 11.934 1.5717 -2.9344 16.386 1.7221 -3.0282 16.477 1.5171 -3.0787 16.481 1.7176 -2.8434 16.479 1.3935 -2.9344 16.48 1.511 -2.7743 16.472 1.7618 -2.9344 16.648 1.6323 -3.0945 16.65 1.4203 -3.0289 16.646 1.4262 -2.8437 16.643 1.6306 -2.7787 16.648 1.5717 -2.9344 16.73 2.4293 -2.6548 13.234 2.633 -2.8205 13.449 2.3619 -2.8873 13.472 2.6097 -2.5081 13.469 2.2037 -2.6548 13.467 2.3615 -2.4211 13.472 2.6608 -2.6548 13.79 2.4901 -2.8643 13.766 2.2409 -2.8081 13.791 2.2602 -2.5172 13.774 2.5089 -2.3806 13.809 2.4293 -2.6548 13.991 -0.019852 -1.0597 16.959 0.15694 -1.2269 17.118 -0.081497 -1.3067 17.13 0.14366 -0.90511 17.128 -0.25137 -1.0597 17.11 -0.082372 -0.80929 17.128 0.22505 -1.0597 17.412 0.044848 -1.3189 17.39 -0.17999 -1.2112 17.383 -0.22785 -0.86304 17.42 0.037709 -0.82915 17.375 -0.019852 -1.0597 17.579 -0.32306 0.84292 15.823 -0.19513 0.72218 15.884 -0.37033 0.65392 15.887 -0.18483 0.97336 15.878 -0.47607 0.84292 15.887 -0.36228 0.99972 15.9 -0.16655 0.84292 16.039 -0.27639 0.65636 16.037 -0.4376 0.73481 16.032 -0.43758 0.951 16.032 -0.27485 1.0356 16.039 -0.32306 0.84292 16.116 -5.2657 1.8411 14.939 -5.0819 1.7116 15.173 -5.3436 1.6085 15.16 -5.0276 2.009 15.137 -5.5396 1.8411 15.148 -5.3391 2.0604 15.168 -5.0013 1.8411 15.437 -5.1988 1.6414 15.411 -5.4997 1.6761 15.45 -5.4926 2.0011 15.446 -5.1775 2.1047 15.448 -5.2657 1.8411 15.629 -1.3561 1.6387 17.062 -1.1581 1.5313 17.175 -1.4242 1.482 17.187 -1.156 1.7473 17.174 -1.5702 1.6387 17.19 -1.4212 1.7884 17.192 -1.118 1.6387 17.413 -1.2869 1.4797 17.406 -1.5204 1.5495 17.396 -1.5353 1.736 17.405 -1.2959 1.7771 17.392 -1.3561 1.6387 17.54 -3.5623 -5.1377 16.246 -3.376 -5.2606 16.352 -3.6251 -5.3133 16.363 -3.4058 -5.0344 16.367 -3.7694 -5.1377 16.362 -3.6315 -4.9443 16.355 -3.3366 -5.1377 16.544 -3.4917 -5.3352 16.545 -3.7789 -5.2806 16.562 -3.7379 -5.0218 16.54 -3.4978 -4.9573 16.537 -3.5623 -5.1377 16.653 -0.41722 5.634 17.168 -0.22362 5.4662 17.337 -0.49217 5.3589 17.335 -0.21073 5.8129 17.328 -0.66259 5.634 17.333 -0.4743 5.8435 17.369 -0.20094 5.634 17.606 -0.33602 5.3359 17.633 -0.6224 5.4562 17.628 -0.64289 5.8295 17.643 -0.33847 5.923 17.629 -0.41722 5.634 17.831 -1.5662 1.7792 15.814 -1.4318 1.6694 15.958 -1.6207 1.5905 15.952 -1.4515 1.8728 15.972 -1.7304 1.7792 15.959 -1.6133 1.9423 15.966 -1.4345 1.7792 16.134 -1.5162 1.6063 16.151 -1.705 1.6658 16.157 -1.672 1.8656 16.133 -1.5196 1.9403 16.145 -1.5662 1.7792 16.273 -1.8783 2.2189 14.255 -1.6325 2.0345 14.515 -1.9694 1.9293 14.519 -1.5962 2.4306 14.494 -2.1917 2.2189 14.51 -1.9865 2.5631 14.494 -1.5518 2.2189 14.8 -1.7767 1.896 14.801 -2.1686 2.001 14.814 -2.1645 2.4338 14.812 -1.7792 2.5339 14.797 -1.8783 2.2189 14.967 -4.942 -2.3078 17.124 -4.7095 -2.4846 17.31 -5.0245 -2.5732 17.322 -4.7391 -2.1536 17.331 -5.2554 -2.3078 17.295 -5.0129 -2.0797 17.344 -4.697 -2.3078 17.616 -4.8623 -2.5644 17.623 -5.1455 -2.4625 17.619 -5.1597 -2.1424 17.629 -4.8505 -2.0131 17.645 -4.942 -2.3078 17.846 2.6804 5.9323 15.433 2.8835 5.7541 15.595 2.6171 5.6969 15.623 2.8722 6.1004 15.604 2.412 5.9323 15.585 2.6107 6.1914 15.611 2.9198 5.9323 15.891 2.7557 5.6524 15.894 2.4955 5.77 15.885 2.4768 6.1108 15.899 2.7532 6.2028 15.889 2.6804 5.9323 16.034 1.1741 3.976 16.13 1.3234 3.8314 16.273 1.1137 3.7281 16.267 1.3494 4.1457 16.255 0.95974 3.976 16.256 1.1002 4.2794 16.242 1.3878 3.976 16.5 1.2427 3.6945 16.505 0.99503 3.8026 16.504 0.98474 4.1593 16.511 1.244 4.2626 16.507 1.1741 3.976 16.605 -4.0697 4.7747 16.03 -3.8268 4.6051 16.198 -4.166 4.4897 16.193 -3.8412 4.9343 16.205 -4.3689 4.7747 16.198 -4.1611 5.045 16.199 -3.8125 4.7747 16.434 -3.975 4.4944 16.454 -4.3251 4.5963 16.458 -4.2945 4.9317 16.442 -3.9915 5.0061 16.432 -4.0697 4.7747 16.622 4.2136 2.44 15.565 4.3999 2.333 15.661 4.1442 2.271 15.663 4.3982 2.546 15.661 3.9851 2.44 15.661 4.139 2.6216 15.656 4.402 2.44 15.839 4.2812 2.2755 15.852 4.0508 2.3465 15.845 4.0373 2.5412 15.852 4.2799 2.6013 15.85 4.2136 2.44 15.963 -1.4234 0.34467 17.44 -1.2753 0.24597 17.565 -1.4892 0.15913 17.553 -1.2442 0.46403 17.55 -1.662 0.34467 17.543 -1.4977 0.55408 17.543 -1.1737 0.34467 17.735 -1.3585 0.16154 17.719 -1.5781 0.24165 17.712 -1.6013 0.46313 17.723 -1.3545 0.53922 17.725 -1.4234 0.34467 17.861 -4.1027 5.261 15.672 -3.929 5.1294 15.817 -4.1668 5.0553 15.82 -3.8895 5.4224 15.793 -4.3524 5.261 15.8 -4.1704 5.4781 15.815 -3.8842 5.261 16.022 -4.032 5.034 16.027 -4.3087 5.105 16.039 -4.3074 5.4159 16.039 -4.0377 5.4694 16.018 -4.1027 5.261 16.141 0.99498 -4.2258 14.316 1.2064 -4.4074 14.547 0.9163 -4.5122 14.551 1.2092 -4.0417 14.545 0.73732 -4.2258 14.549 0.91841 -3.947 14.555 1.2624 -4.2258 14.885 1.0595 -4.4604 14.848 0.8134 -4.3818 14.858 0.82236 -4.0774 14.851 1.0729 -3.9422 14.876 0.99498 -4.2258 15.073 -3.7799 -1.976 15.947 -3.6157 -2.128 16.147 -3.8629 -2.3011 16.107 -3.5891 -1.7994 16.127 -4.0245 -1.976 16.122 -3.8617 -1.6555 16.11 -3.5507 -1.976 16.412 -3.695 -2.3087 16.44 -3.9616 -2.1441 16.409 -3.972 -1.7982 16.417 -3.7132 -1.7145 16.404 -3.7799 -1.976 16.648 -3.6252 -0.0050125 15.158 -3.455 -0.13408 15.27 -3.6923 -0.22066 15.267 -3.442 0.13392 15.263 -3.8535 -0.0050125 15.262 -3.6898 0.20265 15.271 -3.4138 -0.0050125 15.464 -3.5618 -0.20857 15.461 -3.8153 -0.14926 15.475 -3.8059 0.13207 15.47 -3.5585 0.20921 15.466 -3.6252 -0.0050125 15.546 1.5125 3.7582 19.723 1.6572 3.6488 19.863 1.4559 3.577 19.861 1.6727 3.8794 19.853 1.3143 3.7582 19.853 1.4604 3.9249 19.869 1.6971 3.7582 20.062 1.566 3.5866 20.056 1.3549 3.6391 20.067 1.3526 3.8791 20.069 1.5671 3.9331 20.058 1.5125 3.7582 20.221 -2.5032 7.2907 16.418 -2.3655 7.1802 16.501 -2.559 7.1009 16.496 -2.3877 7.3834 16.513 -2.6692 7.2907 16.503 -2.5561 7.4705 16.501 -2.3408 7.2907 16.653 -2.4565 7.132 16.648 -2.6321 7.1873 16.651 -2.6475 7.4065 16.66 -2.451 7.4682 16.656 -2.5032 7.2907 16.744 3.5836 1.0364 16.454 3.7017 0.92708 16.588 3.5323 0.8352 16.576 3.7087 1.1523 16.583 3.4496 1.0364 16.595 3.5409 1.2037 16.592 3.73 1.0364 16.76 3.6314 0.84902 16.764 3.4465 0.90952 16.773 3.4671 1.1443 16.758 3.629 1.2144 16.76 3.5836 1.0364 16.898 -2.2744 3.6286 13.049 -2.0312 3.4845 13.168 -2.356 3.4238 13.185 -2.0512 3.7608 13.18 -2.5328 3.6286 13.188 -2.3604 3.8445 13.178 -1.9998 3.6286 13.43 -2.1901 3.4169 13.43 -2.5003 3.4947 13.433 -2.4692 3.744 13.415 -2.1937 3.831 13.424 -2.2744 3.6286 13.565 2.7182 7.53 17.865 2.943 7.3931 18.032 2.6473 7.347 18.055 2.9073 7.6451 18.053 2.402 7.53 18.013 2.6245 7.7718 18.019 2.9583 7.53 18.281 2.8082 7.2979 18.305 2.5199 7.4092 18.283 2.5189 7.6514 18.284 2.7916 7.7192 18.279 2.7182 7.53 18.47 0.47206 -3.9852 15.96 0.59437 -4.102 16.065 0.42999 -4.1554 16.074 0.58603 -3.8764 16.071 0.34332 -3.9852 16.078 0.4246 -3.7932 16.064 0.60311 -3.9852 16.229 0.52053 -4.1812 16.244 0.36829 -4.0843 16.227 0.35649 -3.8748 16.235 0.51497 -3.8117 16.233 0.47206 -3.9852 16.352 2.9129 7.4369 14.426 3.055 7.357 14.538 2.8563 7.3019 14.535 3.056 7.5175 14.538 2.7247 7.4369 14.532 2.8631 7.5558 14.545 3.0983 7.4369 14.712 2.9626 7.3184 14.701 2.7646 7.3534 14.711 2.7686 7.5182 14.709 2.9622 7.5545 14.7 2.9129 7.4369 14.811 11.35 1.2138 15.792 11.495 1.0844 15.984 11.286 0.97515 15.969 11.518 1.3637 15.967 11.173 1.2138 15.986 11.287 1.4503 15.97 11.529 1.2138 16.203 11.403 1.0115 16.199 11.18 1.0622 16.222 11.2 1.3469 16.206 11.421 1.4826 16.234 11.35 1.2138 16.36 2.1096 -2.7867 15.439 2.2973 -2.9465 15.632 2.0321 -3.066 15.62 2.3051 -2.6203 15.626 1.8705 -2.7867 15.628 2.0299 -2.4992 15.615 2.3449 -2.7867 15.933 2.1876 -3.0679 15.944 1.9594 -2.9145 15.901 1.8903 -2.6 15.956 2.1897 -2.498 15.949 2.1096 -2.7867 16.086 4.7028 3.1674 13.891 4.8893 3.0289 13.994 4.6328 2.9469 13.996 4.8876 3.3046 13.995 4.4648 3.1674 13.99 4.6411 3.3617 14.009 4.9494 3.1674 14.224 4.7817 2.9192 14.229 4.4967 3.0142 14.228 4.5133 3.3081 14.218 4.7782 3.4044 14.223 4.7028 3.1674 14.358 11.51 1.3176 14.413 11.669 1.1897 14.477 11.445 1.0947 14.471 11.668 1.4446 14.478 11.341 1.3176 14.489 11.455 1.5044 14.485 11.701 1.3176 14.64 11.566 1.1287 14.636 11.375 1.2089 14.63 11.35 1.4469 14.644 11.567 1.5117 14.638 11.51 1.3176 14.743 -2.9623 0.40877 16.429 -2.8046 0.303 16.526 -3.024 0.23366 16.524 -2.8076 0.51257 16.527 -3.1495 0.40877 16.529 -3.028 0.59547 16.519 -2.7357 0.40877 16.683 -2.9106 0.2618 16.661 -3.1036 0.31403 16.663 -3.1166 0.51224 16.669 -2.9012 0.58232 16.672 -2.9623 0.40877 16.774 1.0339 -1.9797 15.786 1.1942 -2.0854 15.885 0.96843 -2.1626 15.879 1.1804 -1.883 15.893 0.85415 -1.9797 15.894 0.97589 -1.8176 15.89 1.2027 -1.9797 16.056 1.0887 -2.1327 16.06 0.8707 -2.0873 16.071 0.8764 -1.8758 16.068 1.1008 -1.7926 16.078 1.0339 -1.9797 16.167 -0.63991 -3.6394 13.93 -0.42687 -3.8026 14.088 -0.71911 -3.8964 14.092 -0.42285 -3.4731 14.085 -0.85943 -3.6394 14.114 -0.71136 -3.4075 14.107 -0.41435 -3.6394 14.375 -0.56418 -3.8851 14.386 -0.8286 -3.7839 14.379 -0.80997 -3.5091 14.366 -0.55909 -3.3771 14.396 -0.63991 -3.6394 14.542 -2.2338 -2.3164 19.16 -2.0394 -2.4418 19.295 -2.3129 -2.5326 19.287 -2.0149 -2.1753 19.28 -2.5132 -2.3164 19.276 -2.3072 -2.1158 19.296 -1.9927 -2.3164 19.524 -2.1543 -2.5337 19.532 -2.4327 -2.4447 19.526 -2.4283 -2.191 19.524 -2.1643 -2.1267 19.516 -2.2338 -2.3164 19.693 -2.9861 -1.4522 16.715 -2.8345 -1.5757 16.817 -3.0447 -1.6541 16.816 -2.8474 -1.3393 16.826 -3.1452 -1.4522 16.832 -3.0412 -1.2624 16.822 -2.7965 -1.4522 17.023 -2.9293 -1.6484 17.02 -3.1251 -1.5653 17.013 -3.1152 -1.3471 17.006 -2.9316 -1.264 17.016 -2.9861 -1.4522 17.149 8.3763 3.09 14.316 8.5962 2.9394 14.508 8.29 2.8396 14.505 8.6196 3.2567 14.496 8.0432 3.09 14.483 8.2552 3.4415 14.46 8.7219 3.09 14.752 8.4779 2.7953 14.746 8.1446 2.9313 14.729 8.0768 3.2951 14.762 8.4754 3.3775 14.742 8.3763 3.09 14.902 -3.6177 6.6636 19.071 -3.3339 6.4675 19.271 -3.7341 6.323 19.26 -3.3193 6.8698 19.263 -3.9 6.6636 19.299 -3.7123 6.9405 19.289 -3.2961 6.6636 19.552 -3.5152 6.3635 19.556 -3.8977 6.4701 19.562 -3.8964 6.8562 19.562 -3.4999 7.0085 19.577 -3.6177 6.6636 19.727 6.9044 -5.0719 17.765 7.1588 -5.2087 17.94 6.8034 -5.302 17.935 7.1401 -4.9451 17.95 6.5589 -5.0719 17.928 6.789 -4.8089 17.916 7.1872 -5.0719 18.183 7.0133 -5.3202 18.212 6.6504 -5.2085 18.196 6.6585 -4.9396 18.192 6.9975 -4.8596 18.191 6.9044 -5.0719 18.381 -3.8893 3.9663 17.311 -3.6778 3.8421 17.409 -3.9718 3.7612 17.406 -3.6781 4.0902 17.409 -4.1402 3.9663 17.414 -3.9651 4.1547 17.417 -3.6437 3.9663 17.656 -3.8187 3.7907 17.648 -4.0839 3.8521 17.654 -4.0814 4.079 17.652 -3.8138 4.1541 17.656 -3.8893 3.9663 17.793 -1.6222 -7.4631 14.211 -1.4638 -7.5463 14.306 -1.6842 -7.601 14.305 -1.4411 -7.3679 14.295 -1.8465 -7.4631 14.295 -1.6817 -7.3307 14.308 -1.3963 -7.4631 14.471 -1.5603 -7.6011 14.461 -1.801 -7.5571 14.469 -1.7981 -7.3706 14.468 -1.5593 -7.3229 14.463 -1.6222 -7.4631 14.553 -0.17543 6.6423 15.187 0.020397 6.4558 15.391 -0.25423 6.3245 15.383 0.031494 6.8392 15.382 -0.42271 6.6423 15.388 -0.24388 6.9183 15.405 0.072498 6.6423 15.719 -0.10609 6.3626 15.703 -0.37309 6.4541 15.717 -0.3688 6.8263 15.713 -0.08632 7.0016 15.746 -0.17543 6.6423 15.941 6.002 0.09137 14.358 6.1511 -0.038402 14.501 5.9469 -0.1118 14.504 6.167 0.23499 14.49 5.8254 0.09137 14.505 5.941 0.31619 14.493 6.163 0.09137 14.693 6.0631 -0.13385 14.713 5.8409 -0.048831 14.714 5.8513 0.22256 14.707 6.0563 0.29164 14.701 6.002 0.09137 14.837 -0.13021 -6.035 14.949 0.039992 -6.1411 15.132 -0.1986 -6.2156 15.126 0.066271 -5.9125 15.115 -0.35961 -6.035 15.122 -0.19503 -5.8638 15.132 0.085266 -6.035 15.35 -0.051447 -6.243 15.37 -0.34038 -6.166 15.372 -0.33704 -5.9061 15.37 -0.043274 -5.8054 15.383 -0.13021 -6.035 15.535 -1.4379 4.9149 15.285 -1.3164 4.8372 15.36 -1.4829 4.7927 15.362 -1.3301 4.9839 15.369 -1.5836 4.9149 15.362 -1.4889 5.0533 15.352 -1.2884 4.9149 15.521 -1.3924 4.7918 15.52 -1.5642 4.8341 15.525 -1.5676 4.9979 15.527 -1.3882 5.0494 15.527 -1.4379 4.9149 15.643 -0.16969 3.3524 16.88 0.032194 3.2396 17.006 -0.24377 3.177 17.011 0.0065417 3.4509 17.021 -0.45692 3.3524 16.988 -0.24003 3.519 17.017 0.10053 3.3524 17.252 -0.09678 3.1798 17.236 -0.37779 3.2361 17.246 -0.3825 3.4714 17.248 -0.091103 3.5385 17.244 -0.16969 3.3524 17.383 1.1304 6.8475 15.1 1.2797 6.7443 15.211 1.0705 6.6723 15.206 1.2723 6.9455 15.216 0.92377 6.8475 15.199 1.0629 7.0448 15.193 1.3566 6.8475 15.439 1.1869 6.682 15.415 0.96865 6.7358 15.424 0.95544 6.9683 15.433 1.1931 7.0309 15.426 1.1304 6.8475 15.537 3.868 -0.56329 13.196 4.0777 -0.70392 13.327 3.797 -0.76486 13.34 4.0405 -0.4476 13.348 3.6773 -0.56329 13.358 3.8093 -0.39662 13.358 4.0893 -0.56329 13.545 3.932 -0.74517 13.539 3.6939 -0.68002 13.542 3.6904 -0.44421 13.544 3.9346 -0.3741 13.543 3.868 -0.56329 13.674 11.802 1.8062 16.819 11.96 1.6939 16.949 11.729 1.5853 16.932 11.968 1.9241 16.945 11.532 1.8062 16.919 11.721 2.0508 16.922 12.038 1.8062 17.122 11.879 1.5745 17.127 11.621 1.6772 17.117 11.632 1.9279 17.112 11.883 2.0499 17.132 11.802 1.8062 17.237 3.632 0.35887 18.692 3.8386 0.20193 18.826 3.5549 0.11063 18.829 3.7985 0.48532 18.85 3.3997 0.35887 18.837 3.558 0.59704 18.834 3.87 0.35887 19.064 3.7078 0.11494 19.068 3.422 0.19935 19.075 3.4504 0.49681 19.058 3.7119 0.61584 19.074 3.632 0.35887 19.252 8.9609 3.1653 11.206 9.1586 3.0422 11.324 8.8851 2.9652 11.324 9.1186 3.2636 11.35 8.7017 3.1653 11.317 8.8814 3.3752 11.318 9.2051 3.1653 11.579 9.0394 2.9581 11.584 8.7635 3.0423 11.579 8.7787 3.2789 11.569 9.0295 3.3464 11.567 8.9609 3.1653 11.718 3.5221 5.1814 14.052 3.7144 5.0477 14.172 3.4512 4.9726 14.176 3.6877 5.2965 14.189 3.2988 5.1814 14.179 3.4514 5.3897 14.176 3.75 5.1814 14.404 3.5873 4.9893 14.396 3.3577 5.0671 14.392 3.3448 5.3046 14.4 3.5952 5.3965 14.409 3.5221 5.1814 14.557 -0.06138 -5.8474 15.944 0.091123 -5.9383 16.067 -0.11867 -5.9921 16.069 0.096719 -5.7532 16.064 -0.27982 -5.8474 16.052 -0.12427 -5.6887 16.059 0.15813 -5.8474 16.274 -0.0052118 -5.9892 16.255 -0.19702 -5.9283 16.248 -0.2183 -5.7539 16.261 -0.00081896 -5.6946 16.262 -0.06138 -5.8474 16.377 -1.0671 1.2706 14.371 -0.93178 1.1645 14.483 -1.1265 1.0732 14.471 -0.93913 1.3709 14.487 -1.2578 1.2706 14.471 -1.1324 1.4876 14.461 -0.8732 1.2706 14.657 -1.0082 1.0749 14.655 -1.2247 1.147 14.657 -1.2248 1.3943 14.657 -1.0085 1.4651 14.655 -1.0671 1.2706 14.771 -4.8371 2.5403 13.334 -4.7185 2.4437 13.442 -4.8834 2.3803 13.44 -4.6988 2.653 13.429 -4.9742 2.5403 13.447 -4.8838 2.7015 13.439 -4.689 2.5403 13.604 -4.7877 2.37 13.61 -4.9657 2.4355 13.61 -4.9609 2.6412 13.607 -4.7874 2.7119 13.611 -4.8371 2.5403 13.724 -0.90284 5.6495 15.896 -0.76227 5.5543 16.014 -0.96857 5.461 15.994 -0.74438 5.7568 16.002 -1.0664 5.6495 16.019 -0.95637 5.803 16.014 -0.74609 5.6495 16.186 -0.85153 5.5023 16.191 -1.0331 5.5613 16.188 -1.043 5.7444 16.195 -0.83875 5.8333 16.213 -0.90284 5.6495 16.319 1.1669 1.4033 16.748 1.3419 1.2797 16.895 1.1152 1.2487 16.923 1.3239 1.5142 16.908 0.9976 1.4033 16.922 1.1144 1.5604 16.922 1.3457 1.4033 17.126 1.2287 1.2184 17.138 0.99874 1.2846 17.143 1.0369 1.4951 17.115 1.2233 1.5719 17.128 1.1669 1.4033 17.282 0.49252 -1.5443 13.451 0.64165 -1.65 13.532 0.43634 -1.713 13.533 0.63763 -1.4414 13.534 0.29807 -1.5443 13.528 0.44384 -1.3981 13.542 0.67378 -1.5443 13.675 0.55415 -1.7293 13.682 0.34472 -1.649 13.675 0.33085 -1.4297 13.682 0.54842 -1.3765 13.674 0.49252 -1.5443 13.802 3.6217 9.0404 13.74 3.8007 8.8877 13.861 3.5672 8.8437 13.885 3.753 9.1525 13.892 3.4424 9.0404 13.883 3.56 9.2634 13.872 3.8068 9.0404 14.073 3.6765 8.8424 14.069 3.4513 8.895 14.087 3.4744 9.1661 14.072 3.6793 9.2487 14.074 3.6217 9.0404 14.226 2.6408 4.7137 14.179 2.8192 4.5916 14.327 2.5759 4.5255 14.332 2.8138 4.832 14.33 2.4105 4.7137 14.322 2.5809 4.8871 14.34 2.8182 4.7137 14.52 2.7123 4.5065 14.547 2.4841 4.6065 14.528 2.4908 4.8163 14.524 2.7049 4.8996 14.535 2.6408 4.7137 14.673 3.4433 8.9009 15.387 3.5844 8.7944 15.525 3.3992 8.7598 15.544 3.5821 9.0057 15.526 3.2894 8.9009 15.537 3.3935 9.0602 15.533 3.5852 8.9009 15.718 3.4885 8.7564 15.72 3.3085 8.7992 15.733 3.3378 8.9805 15.711 3.4868 9.04 15.717 3.4433 8.9009 15.859 1.6577 10.212 14.141 1.8672 10.055 14.238 1.5846 9.9796 14.247 1.8476 10.354 14.248 1.4534 10.212 14.262 1.5761 10.471 14.235 1.9241 10.212 14.47 1.7375 9.9585 14.466 1.446 10.053 14.468 1.4491 10.368 14.466 1.7388 10.469 14.468 1.6577 10.212 14.567 -3.093 -0.45289 14.663 -2.9049 -0.56991 14.757 -3.1525 -0.60965 14.774 -2.9366 -0.35562 14.774 -3.3076 -0.45289 14.764 -3.1539 -0.2923 14.772 -2.8658 -0.45289 14.954 -3.0275 -0.62558 14.948 -3.2609 -0.55735 14.946 -3.2622 -0.34765 14.946 -3.0248 -0.27313 14.951 -3.093 -0.45289 15.032 3.7934 0.44368 13.888 4.0764 0.27684 14.119 3.6981 0.20562 14.138 4.0612 0.60154 14.128 3.4433 0.44368 14.119 3.6795 0.72834 14.111 4.1233 0.44368 14.432 3.885 0.21489 14.417 3.5272 0.28666 14.432 3.5025 0.61524 14.446 3.9093 0.73316 14.453 3.7934 0.44368 14.629 -2.8146 0.23663 16.217 -2.682 0.13666 16.338 -2.8698 0.060279 16.331 -2.6538 0.35788 16.321 -2.9908 0.23663 16.332 -2.8746 0.4281 16.324 -2.6585 0.23663 16.494 -2.7593 0.060074 16.506 -2.9732 0.11708 16.514 -2.9688 0.35287 16.511 -2.7634 0.40025 16.499 -2.8146 0.23663 16.615 -6.3809 -6.1943 17.018 -6.1894 -6.3483 17.161 -6.4639 -6.4774 17.148 -6.1662 -6.0215 17.149 -6.6802 -6.1943 17.135 -6.4641 -5.9105 17.148 -6.1109 -6.1943 17.369 -6.3144 -6.4208 17.347 -6.5868 -6.36 17.363 -6.5957 -6.0214 17.367 -6.3068 -5.9416 17.357 -6.3809 -6.1943 17.496 4.6933 -0.031966 16.495 4.863 -0.14731 16.578 4.6318 -0.20901 16.583 4.8668 0.085971 16.576 4.4971 -0.031966 16.584 4.6371 0.12977 16.591 4.8901 -0.031966 16.754 4.7547 -0.2087 16.755 4.5313 -0.14204 16.755 4.5188 0.086561 16.762 4.756 0.14859 16.757 4.6933 -0.031966 16.847 -3.8509 -3.9142 15.348 -3.6642 -4.1026 15.583 -3.9326 -4.2631 15.56 -3.6809 -3.7428 15.597 -4.0976 -3.9142 15.572 -3.9145 -3.6424 15.6 -3.6169 -3.9142 15.897 -3.7771 -4.2297 15.9 -4.0347 -4.0996 15.892 -4.0186 -3.7451 15.879 -3.7812 -3.6162 15.891 -3.8509 -3.9142 16.047 1.5472 6.1658 16.004 1.6915 6.0362 16.173 1.4845 5.9273 16.16 1.7259 6.3263 16.15 1.3867 6.1658 16.183 1.4816 6.4151 16.155 1.7211 6.1658 16.364 1.6188 5.8935 16.395 1.3569 5.9949 16.397 1.375 6.3205 16.385 1.6129 6.4157 16.385 1.5472 6.1658 16.506 -1.2032 2.7721 12.681 -0.97625 2.6131 12.813 -1.2978 2.4914 12.799 -1.0059 2.9102 12.834 -1.4728 2.7721 12.819 -1.278 2.9942 12.835 -0.92278 2.7721 13.126 -1.1151 2.5108 13.129 -1.3986 2.6352 13.104 -1.383 2.898 13.094 -1.1345 2.9758 13.094 -1.2032 2.7721 13.291 1.1308 2.9649 16.82 1.3446 2.7765 16.959 1.0414 2.631 16.946 1.3576 3.1649 16.951 0.90314 2.9649 16.978 1.057 3.2406 16.973 1.4053 2.9649 17.242 1.2151 2.6503 17.241 0.88695 2.7499 17.256 0.90007 3.1684 17.247 1.2068 3.2488 17.227 1.1308 2.9649 17.411 -3.2376 0.68314 14.492 -3.0702 0.53117 14.63 -3.3039 0.42782 14.626 -3.0868 0.82005 14.642 -3.4289 0.68314 14.639 -3.294 0.90041 14.644 -3.0308 0.68314 14.869 -3.1832 0.47395 14.851 -3.3906 0.5442 14.858 -3.3857 0.81761 14.855 -3.1736 0.929 14.869 -3.2376 0.68314 15.009 -2.1014 -3.7892 17.06 -1.9051 -3.9231 17.249 -2.1814 -4.0205 17.241 -1.9211 -3.6661 17.259 -2.3834 -3.7892 17.229 -2.1698 -3.5915 17.26 -1.8464 -3.7892 17.506 -2.0119 -4.0479 17.524 -2.2879 -3.9165 17.494 -2.2899 -3.6605 17.495 -2.0237 -3.5645 17.505 -2.1014 -3.7892 17.69 2.2816 0.66117 17.45 2.4617 0.53071 17.634 2.2033 0.42109 17.616 2.4743 0.80076 17.625 2.0342 0.66117 17.619 2.2105 0.87937 17.629 2.5403 0.66117 17.915 2.3522 0.4445 17.897 2.0884 0.52126 17.903 2.0969 0.79497 17.897 2.3474 0.86306 17.888 2.2816 0.66117 18.069 -6.1899 2.6279 14.148 -6.0191 2.5096 14.3 -6.26 2.4224 14.293 -6.0259 2.7415 14.304 -6.4295 2.6279 14.287 -6.2559 2.8214 14.299 -5.9704 2.6279 14.497 -6.115 2.4079 14.508 -6.3791 2.4969 14.504 -6.3643 2.7486 14.495 -6.1312 2.8001 14.484 -6.1899 2.6279 14.633 0.085259 -2.9744 18.329 0.31861 -3.1038 18.468 -0.010595 -3.1995 18.459 0.30873 -2.8504 18.473 -0.23887 -2.9744 18.453 -0.0070211 -2.7576 18.464 0.38668 -2.9744 18.717 0.19772 -3.2385 18.743 -0.14118 -3.0999 18.707 -0.18677 -2.8235 18.731 0.17567 -2.762 18.713 0.085259 -2.9744 18.871 -1.4309 5.3137 14.782 -1.2751 5.2265 14.88 -1.5069 5.1334 14.856 -1.2702 5.4037 14.877 -1.6537 5.3137 14.866 -1.4983 5.4736 14.868 -1.2262 5.3137 15.057 -1.3657 5.159 15.06 -1.6246 5.2052 15.073 -1.6044 5.4109 15.062 -1.3636 5.4734 15.063 -1.4309 5.3137 15.196 0.88328 7.3861 17.945 1.0809 7.2418 18.1 0.80224 7.1354 18.092 1.1064 7.549 18.086 0.63681 7.3861 18.099 0.78727 7.683 18.069 1.1761 7.3861 18.349 0.96415 7.1359 18.335 0.65107 7.2165 18.347 0.67592 7.5375 18.332 0.98046 7.6867 18.359 0.88328 7.3861 18.472 -5.1791 7.5935 13.984 -5.0308 7.4848 14.081 -5.2364 7.4155 14.08 -5.0163 7.7129 14.073 -5.3356 7.5935 14.094 -5.2368 7.7728 14.08 -5.0114 7.5935 14.249 -5.1185 7.4053 14.262 -5.3084 7.4987 14.245 -5.3409 7.7122 14.264 -5.1147 7.7936 14.268 -5.1791 7.5935 14.385 6.05 2.0142 14.451 6.3519 1.8084 14.555 5.9458 1.7134 14.57 6.3302 2.2052 14.566 5.7575 2.0142 14.59 5.9497 2.3037 14.576 6.4139 2.0142 14.873 6.1733 1.6582 14.889 5.765 1.8199 14.868 5.7995 2.1849 14.85 6.1587 2.328 14.868 6.05 2.0142 15.005 -5.1746 6.514 15.057 -4.8882 6.3466 15.239 -5.2842 6.2426 15.239 -4.8913 6.6797 15.241 -5.5615 6.514 15.225 -5.2722 6.7557 15.256 -4.7803 6.514 15.565 -5.048 6.2006 15.572 -5.4291 6.3652 15.53 -5.467 6.685 15.551 -5.0799 6.7487 15.527 -5.1746 6.514 15.776 -6.3124 4.1276 10.668 -6.1268 4 10.869 -6.3966 3.8826 10.843 -6.1174 4.2617 10.862 -6.5752 4.1276 10.849 -6.4013 4.3865 10.833 -6.0294 4.1276 11.187 -6.2397 3.9159 11.157 -6.5337 3.9755 11.181 -6.489 4.249 11.147 -6.2418 4.3334 11.153 -6.3124 4.1276 11.367 -0.44818 -1.0809 15.743 -0.23595 -1.2115 15.908 -0.53616 -1.3102 15.896 -0.24599 -0.95648 15.915 -0.71958 -1.0809 15.903 -0.52182 -0.88893 15.921 -0.2216 -1.0809 16.181 -0.35831 -1.3151 16.216 -0.65845 -1.2103 16.199 -0.65017 -0.9566 16.194 -0.37466 -0.88926 16.187 -0.44818 -1.0809 16.394 -0.30156 3.2178 18.213 -0.15372 3.1254 18.311 -0.34375 3.106 18.335 -0.14026 3.3187 18.303 -0.46118 3.2178 18.323 -0.35292 3.3539 18.32 -0.14266 3.2178 18.485 -0.24645 3.0718 18.495 -0.44618 3.1274 18.495 -0.44793 3.3093 18.496 -0.24566 3.3659 18.496 -0.30156 3.2178 18.615 -1.9163 1.1477 16.269 -1.6145 0.93373 16.427 -2.0349 0.7914 16.423 -1.668 1.3238 16.454 -2.2675 1.1477 16.436 -2.0268 1.4798 16.433 -1.5918 1.1477 16.71 -1.8144 0.84157 16.713 -2.1908 0.95311 16.716 -2.1687 1.3267 16.705 -1.8052 1.4813 16.725 -1.9163 1.1477 16.897 -5.4555 -0.80456 17.807 -5.2805 -0.90702 17.938 -5.5114 -0.94313 17.956 -5.2816 -0.70274 17.939 -5.685 -0.80456 17.932 -5.5206 -0.64307 17.941 -5.2533 -0.80456 18.147 -5.4011 -0.93945 18.134 -5.6195 -0.90058 18.147 -5.6216 -0.70732 18.148 -5.3899 -0.64183 18.152 -5.4555 -0.80456 18.27 -6.4043 0.39747 15.089 -6.1474 0.25044 15.253 -6.4923 0.18388 15.267 -6.1846 0.52322 15.272 -6.7035 0.39747 15.261 -6.4842 0.59141 15.277 -6.0856 0.39747 15.513 -6.3198 0.19259 15.494 -6.6547 0.2541 15.509 -6.6291 0.5262 15.496 -6.31 0.62605 15.507 -6.4043 0.39747 15.662 5.0784 6.7678 14.806 5.2361 6.6385 14.934 5.0075 6.5218 14.915 5.24 6.9003 14.931 4.8889 6.7678 14.937 5.0172 6.9801 14.932 5.306 6.7678 15.159 5.1438 6.5406 15.15 4.8955 6.618 15.158 4.8784 6.9317 15.169 5.1412 6.9861 15.146 5.0784 6.7678 15.306 4.8015 -1.1355 15.576 4.9679 -1.291 15.698 4.7296 -1.4203 15.683 4.9785 -0.97024 15.691 4.6066 -1.1355 15.704 4.728 -0.84444 15.681 5.0445 -1.1355 15.945 4.8711 -1.4108 15.935 4.6244 -1.301 15.932 4.6494 -0.9934 15.915 4.8676 -0.87402 15.929 4.8015 -1.1355 16.038 -5.1754 3.086 12.906 -4.9411 2.8947 13.079 -5.2588 2.7975 13.09 -4.9745 3.25 13.102 -5.4632 3.086 13.08 -5.245 3.3266 13.116 -4.9178 3.086 13.395 -5.104 2.8392 13.379 -5.3837 2.916 13.395 -5.4123 3.2794 13.415 -5.0878 3.3892 13.41 -5.1754 3.086 13.566 2.0074 -6.9185 15.366 2.1895 -7.0488 15.471 1.9409 -7.1201 15.476 2.1836 -6.7925 15.475 1.7907 -6.9185 15.475 1.9417 -6.7192 15.477 2.2016 -6.9185 15.667 2.0787 -7.1346 15.684 1.8353 -7.0417 15.675 1.8411 -6.7995 15.672 2.0764 -6.7093 15.68 2.0074 -6.9185 15.809 4.1582 2.1743 19.311 4.2944 2.0492 19.421 4.1045 1.9656 19.417 4.2737 2.2804 19.438 4.0059 2.1743 19.432 4.0994 2.4029 19.406 4.3463 2.1743 19.668 4.2109 1.9694 19.656 4.0024 2.0313 19.671 4.0141 2.3066 19.661 4.208 2.368 19.649 4.1582 2.1743 19.807 5.1708 5.5471 13.513 5.307 5.4241 13.64 5.1175 5.3433 13.637 5.3104 5.6731 13.637 5.001 5.5471 13.639 5.1141 5.7639 13.631 5.3419 5.5471 13.836 5.2318 5.3135 13.851 5.0327 5.4225 13.835 5.0446 5.661 13.827 5.2267 5.7611 13.841 5.1708 5.5471 13.97 5.4284 0.82848 17.244 5.5371 0.73945 17.359 5.3774 0.65153 17.342 5.5635 0.93906 17.341 5.2711 0.82848 17.347 5.3794 0.99856 17.346 5.5963 0.82848 17.522 5.4826 0.64061 17.526 5.2759 0.70366 17.533 5.306 0.92868 17.513 5.4768 0.99622 17.516 5.4284 0.82848 17.64 -6.0008 6.0314 12.871 -5.8513 5.8936 12.988 -6.0562 5.815 12.991 -5.8669 6.1549 12.999 -6.2044 6.0314 12.977 -6.0636 6.2767 12.977 -5.8068 6.0314 13.203 -5.9407 5.7968 13.203 -6.1681 5.8771 13.21 -6.1818 6.1984 13.22 -5.946 6.2454 13.193 -6.0008 6.0314 13.294 4.2607 -4.2517 15.01 4.4807 -4.3904 15.244 4.1696 -4.4952 15.232 4.5196 -4.0885 15.218 3.9432 -4.2517 15.22 4.1812 -4.0393 15.251 4.5284 -4.2517 15.528 4.3593 -4.5151 15.555 4.0182 -4.4046 15.545 3.9856 -4.0783 15.566 4.349 -4.016 15.538 4.2607 -4.2517 15.794 5.3616 -2.8949 16.03 5.5945 -3.0269 16.235 5.2716 -3.1108 16.234 5.6607 -2.7255 16.201 4.9881 -2.8949 16.199 5.2438 -2.6122 16.196 5.7216 -2.8949 16.509 5.4579 -3.1261 16.488 5.1112 -3.0368 16.487 5.0828 -2.737 16.502 5.4666 -2.6428 16.5 5.3616 -2.8949 16.634 -3.3479 -1.8979 14.301 -3.1874 -2.0495 14.468 -3.4059 -2.1299 14.476 -3.2112 -1.7687 14.489 -3.531 -1.8979 14.479 -3.4122 -1.6409 14.461 -3.1674 -1.8979 14.736 -3.2925 -2.1197 14.735 -3.4718 -2.0149 14.716 -3.5193 -1.736 14.758 -3.299 -1.7022 14.72 -3.3479 -1.8979 14.858 0 0.19817 -0.0062288 -0.17169 0.099025 -0.0049937 -0.17414 0.16309 2.4909 -0.027342 0.24786 2.4898 -0.17169 -0.099143 0.0012352 -0.17414 -0.0063272 2.4967 -2.4279e-17 -0.19817 0.0062288 -0.027342 -0.090976 2.5014 0.17169 -0.099025 0.0049937 0.11945 -0.0062075 2.5002 0.17169 0.099143 -0.0012352 0.11945 0.16321 2.4944 -0.17658 0.22713 4.5816 -0.054685 0.29753 4.5804 -0.17658 0.086486 4.5874 -0.054685 0.016236 4.5921 0.067211 0.086633 4.5909 0.067211 0.22728 4.5851 -0.17902 0.29116 6.2673 -0.082027 0.34719 6.2661 -0.17902 0.1793 6.2732 -0.082027 0.12346 6.278 0.014968 0.17949 6.2768 0.014968 0.29135 6.2709 -0.18147 0.35523 7.5489 -0.10937 0.39688 7.5479 -0.18147 0.27211 7.554 -0.10937 0.23065 7.558 -0.037271 0.2723 7.557 -0.037271 0.35542 7.5519 -0.10937 0.43174 7.5928 -0.21663 0.3763 7.5624 -0.37836 -0.18167 9.1871 -0.28673 -0.13529 9.2152 -0.21663 0.25833 7.5225 -0.37836 -0.28153 9.1503 -0.10937 0.19579 7.5131 -0.28673 -0.33502 9.1414 -0.0021066 0.25123 7.5435 -0.19511 -0.28864 9.1695 -0.0021066 0.3692 7.5834 -0.19511 -0.18878 9.2064 -0.53999 -0.73964 10.534 -0.4641 -0.70359 10.562 -0.53999 -0.82012 10.498 -0.4641 -0.86456 10.489 -0.38821 -0.82852 10.516 -0.38821 -0.74803 10.553 -0.70158 -1.2977 11.603 -0.64146 -1.2724 11.629 -0.70158 -1.3583 11.567 -0.64146 -1.3936 11.558 -0.58134 -1.3683 11.584 -0.58134 -1.3077 11.62 -0.86337 -1.8558 12.392 -0.81883 -1.839 12.413 -0.86337 -1.8987 12.362 -0.81883 -1.9249 12.354 -0.77429 -1.9081 12.375 -0.77429 -1.8651 12.405 -0.81883 -1.8172 12.372 -0.88448 -1.882 12.383 -0.8857 -1.6446 13.762 -0.83274 -1.5925 13.753 -0.81883 -1.9466 12.395 -0.83274 -1.6965 13.773 -0.75317 -1.8818 12.384 -0.77978 -1.6444 13.764 -0.88692 -1.4073 14.831 -0.84666 -1.3681 14.822 -0.84666 -1.4461 14.842 -0.80639 -1.407 14.832 -0.88814 -1.1698 15.59 -0.86057 -1.1434 15.582 -0.86057 -1.196 15.598 -0.833 -1.1696 15.59 -0.86057 -1.1304 15.587 -0.89684 -1.1684 15.605 -0.54506 -1.1008 16.411 -0.51643 -1.0705 16.395 -0.86057 -1.209 15.593 -0.51643 -1.1338 16.401 -0.82431 -1.171 15.575 -0.4878 -1.1034 16.384 -0.19244 -1.0328 17.025 -0.17228 -1.0106 17.008 -0.17228 -1.0585 17.015 -0.15212 -1.0363 16.998 0.159 -0.96531 17.441 0.17186 -0.95062 17.428 0.17186 -0.9833 17.434 0.18473 -0.96862 17.421 0.17186 -0.96696 17.431 -0.86057 -1.1337 15.566 -0.90326 -1.1723 15.586 -1.0115 -0.60605 16.455 -0.97711 -0.57579 16.437 -0.86057 -1.2057 15.613 -0.97711 -0.6312 16.479 -0.81789 -1.1671 15.594 -0.94273 -0.60094 16.461 -1.1197 -0.040169 17.095 -1.0937 -0.019357 17.079 -1.0937 -0.055226 17.117 -1.0676 -0.034415 17.101 -1.228 0.52652 17.509 -1.2102 0.53953 17.496 -1.2102 0.51829 17.525 -1.1924 0.53131 17.512 -1.2102 0.52891 17.51 -0.86057 -1.1318 15.586 -0.89353 -1.1715 15.571 -1.3395 -1.0965 16.35 -1.3139 -1.0641 16.364 -0.86057 -1.2076 15.594 -1.3139 -1.1252 16.371 -0.82761 -1.1679 15.609 -1.2883 -1.0928 16.384 -1.7844 -1.022 16.931 -1.7673 -0.99648 16.943 -1.7673 -1.0427 16.951 -1.7502 -1.0171 16.963 -2.231 -0.94686 17.317 -2.2206 -0.92881 17.325 -2.2206 -0.96022 17.332 -2.2102 -0.94217 17.34 -2.2206 -0.94451 17.329 -0.86057 -1.1338 15.596 -0.89694 -1.1696 15.59 -0.89947 -1.3207 16.487 -0.87013 -1.2919 16.493 -0.86057 -1.2056 15.584 -0.87013 -1.3496 16.482 -0.8242 -1.1698 15.59 -0.84079 -1.3208 16.488 -0.902 -1.4717 17.182 -0.8797 -1.4501 17.188 -0.8797 -1.4934 17.177 -0.85739 -1.4718 17.183 -0.90454 -1.6227 17.676 -0.88926 -1.6082 17.681 -0.88926 -1.6374 17.672 -0.87399 -1.6229 17.676 -0.88926 -1.6228 17.676 -0.81883 -1.8081 12.406 -0.8868 -1.8716 12.349 -1.5263 -2.2218 13.533 -1.4731 -2.1734 13.584 -0.81883 -1.9557 12.362 -1.4731 -2.2909 13.543 -0.75086 -1.8922 12.418 -1.4199 -2.2425 13.594 -2.1639 -2.5693 14.412 -2.1273 -2.5399 14.459 -2.1273 -2.6248 14.418 -2.0907 -2.5954 14.465 -2.8047 -2.9207 14.989 -2.7816 -2.905 15.025 -2.7816 -2.9601 14.991 -2.7585 -2.9444 15.028 -2.7816 -2.893 15.038 -2.825 -2.9181 14.989 -3.2238 -3.365 15.582 -3.1897 -3.3491 15.624 -2.7816 -2.9721 14.978 -3.1897 -3.4087 15.571 -2.7382 -2.9471 15.027 -3.1555 -3.3928 15.613 -3.6221 -3.8104 15.994 -3.5977 -3.8077 16.029 -3.5977 -3.8428 15.979 -3.5733 -3.8401 16.015 -4.0219 -4.2598 16.223 -4.0058 -4.2622 16.248 -4.0058 -4.281 16.211 -3.9897 -4.2834 16.235 -4.0058 -4.2716 16.229 -2.7816 -2.8913 15.009 -2.8227 -2.9325 15.005 -2.8948 -2.9482 15.979 -2.8617 -2.915 15.983 -2.7816 -2.9738 15.008 -2.8617 -2.9816 15.981 -2.7405 -2.9326 15.012 -2.8285 -2.9484 15.985 -2.9669 -2.964 16.736 -2.9417 -2.9387 16.739 -2.9417 -2.9893 16.738 -2.9166 -2.9641 16.742 -3.039 -2.9797 17.276 -3.0218 -2.9625 17.279 -3.0218 -2.9971 17.278 -3.0047 -2.9798 17.281 -3.0218 -2.9798 17.278 -2.7816 -2.8887 15.01 -2.8128 -2.9317 14.977 -3.3832 -2.9485 15.564 -3.3602 -2.914 15.592 -2.7816 -2.9765 15.007 -3.3602 -2.9848 15.59 -2.7504 -2.9335 15.039 -3.3371 -2.9504 15.618 -3.9517 -2.965 15.973 -3.9387 -2.9394 15.998 -3.9387 -2.9932 15.995 -3.9258 -2.9675 16.02 -4.5241 -2.9819 16.208 -4.5173 -2.9648 16.227 -4.5173 -3.0015 16.224 -4.5105 -2.9844 16.242 -4.5173 -2.9832 16.225 -0.81883 -1.8221 12.423 -0.88934 -1.8881 12.393 -0.67524 -2.5663 13.43 -0.61851 -2.5142 13.457 -0.81883 -1.9417 12.345 -0.61851 -2.6063 13.387 -0.74831 -1.8757 12.374 -0.56177 -2.5542 13.414 -0.461 -3.2454 14.192 -0.41818 -3.2089 14.218 -0.41818 -3.2683 14.154 -0.37537 -3.2318 14.179 -0.24704 -3.9226 14.679 -0.21786 -3.8994 14.7 -0.21786 -3.9345 14.651 -0.18869 -3.9113 14.671 -0.21786 -3.8786 14.694 -0.25868 -3.9113 14.664 -0.49555 -4.2551 15.363 -0.46297 -4.2307 15.39 -0.21786 -3.9554 14.656 -0.46297 -4.2908 15.356 -0.17705 -3.9227 14.687 -0.4304 -4.2663 15.383 -0.73206 -4.5978 15.884 -0.70809 -4.584 15.909 -0.70809 -4.625 15.876 -0.68411 -4.6111 15.901 -0.96923 -4.9425 16.227 -0.9532 -4.9356 16.246 -0.9532 -4.9609 16.22 -0.93717 -4.954 16.239 -0.9532 -4.9482 16.233 -0.21786 -3.8879 14.711 -0.26351 -3.9121 14.671 -0.38022 -4.6285 15.254 -0.34345 -4.6122 15.288 -0.21786 -3.946 14.64 -0.34345 -4.6537 15.227 -0.17222 -3.9218 14.679 -0.30668 -4.6374 15.26 -0.49692 -5.3447 15.638 -0.46904 -5.3386 15.666 -0.46904 -5.3593 15.614 -0.44115 -5.3532 15.642 -0.6137 -6.0618 15.823 -0.59463 -6.0601 15.842 -0.59463 -6.0697 15.805 -0.57555 -6.0681 15.824 -0.59463 -6.0649 15.823 -0.21786 -3.8898 14.706 -0.25508 -3.9297 14.687 0.049243 -4.4137 15.116 0.07884 -4.3825 15.134 -0.21786 -3.9442 14.645 0.07884 -4.4215 15.081 -0.18065 -3.9043 14.664 0.10844 -4.3902 15.099 0.35369 -4.8984 15.392 0.37554 -4.8773 15.41 0.37554 -4.8967 15.364 0.3974 -4.8756 15.382 0.65746 -5.3804 15.516 0.67225 -5.3676 15.531 0.67225 -5.3763 15.497 0.68703 -5.3635 15.512 0.67225 -5.372 15.514 -0.21786 -3.8736 14.683 -0.26064 -3.9187 14.685 -0.087311 -4.033 15.366 -0.053046 -3.9965 15.363 -0.21786 -3.9603 14.668 -0.053046 -4.0662 15.35 -0.17508 -3.9153 14.665 -0.018782 -4.0296 15.348 0.086375 -4.148 15.89 0.11177 -4.1196 15.888 0.11177 -4.1718 15.874 0.13717 -4.1434 15.872 0.25961 -4.2622 16.255 0.27659 -4.2424 16.254 0.27659 -4.2777 16.243 0.29356 -4.2579 16.241 0.27659 -4.26 16.248 -0.10937 0.44065 7.5583 -0.20913 0.37526 7.6019 0.55598 0.29814 9.2104 0.63977 0.35434 9.1702 -0.20913 0.24837 7.5965 0.55598 0.18967 9.2054 -0.10937 0.18688 7.5476 0.63977 0.1374 9.1602 -0.009611 0.25227 7.504 0.72356 0.19361 9.1201 -0.009611 0.37916 7.5093 0.72356 0.30208 9.1251 1.3229 0.2206 10.535 1.3889 0.268 10.496 1.3229 0.13058 10.53 1.3889 0.087957 10.486 1.4549 0.13536 10.447 1.4549 0.22538 10.452 2.0903 0.14285 11.573 2.1381 0.18163 11.536 2.0903 0.071303 11.567 2.1381 0.038535 11.525 2.1858 0.077316 11.488 2.1858 0.14887 11.493 2.8544 0.065832 12.318 2.8872 0.095314 12.288 2.8544 0.012708 12.313 2.8872 -0.010934 12.278 2.92 0.018549 12.248 2.92 0.071673 12.253 2.8872 0.1115 12.31 2.8161 0.03458 12.303 3.2397 -0.45405 13.577 3.2965 -0.39158 13.584 2.8872 -0.027123 12.257 3.2965 -0.50132 13.536 2.9583 0.049801 12.263 3.3532 -0.43884 13.542 3.664 -0.94448 14.538 3.7057 -0.89616 14.546 3.7057 -0.97401 14.499 3.7475 -0.92568 14.507 4.0872 -1.4322 15.183 4.115 -1.3988 15.19 4.115 -1.4486 15.153 4.1429 -1.4153 15.16 4.115 -1.3805 15.174 4.0718 -1.4239 15.174 4.1332 -1.481 16.078 4.168 -1.446 16.079 4.115 -1.4669 15.169 4.168 -1.5157 16.074 4.1582 -1.4236 15.169 4.2029 -1.4807 16.074 4.1946 -1.5382 16.781 4.221 -1.5116 16.781 4.221 -1.5644 16.776 4.2475 -1.5378 16.777 4.256 -1.5953 17.282 4.274 -1.5771 17.282 4.274 -1.6132 17.278 4.2921 -1.5949 17.278 4.274 -1.5951 17.28 4.115 -1.39 15.203 4.0692 -1.4228 15.171 4.0504 -2.0825 15.885 4.0874 -2.0582 15.913 4.115 -1.4574 15.14 4.0874 -2.1084 15.858 4.1609 -1.4246 15.172 4.1243 -2.0841 15.886 4.0316 -2.742 16.389 4.0597 -2.7283 16.413 4.0597 -2.7574 16.365 4.0878 -2.7437 16.39 4.0128 -3.4018 16.682 4.0321 -3.3946 16.7 4.0321 -3.4103 16.665 4.0513 -3.4031 16.683 4.0321 -3.4024 16.682 4.115 -1.3785 15.173 4.0809 -1.4246 15.201 4.6798 -1.4444 15.879 4.7055 -1.407 15.854 4.115 -1.4689 15.17 4.7055 -1.4799 15.851 4.1492 -1.4229 15.142 4.7311 -1.4426 15.827 5.2807 -1.4644 16.361 5.2959 -1.4356 16.34 5.2959 -1.4909 16.337 5.3111 -1.4621 16.315 5.878 -1.4842 16.645 5.8863 -1.4641 16.63 5.8863 -1.502 16.627 5.8947 -1.4819 16.611 5.8863 -1.483 16.628 2.8872 0.12839 12.279 2.8289 0.045375 12.347 3.9362 0.095557 13.338 3.9787 0.16177 13.278 2.8872 -0.04401 12.287 3.9787 0.022777 13.287 2.9455 0.039006 12.22 4.0212 0.088995 13.228 5.0472 0.14692 14.011 5.0701 0.19505 13.958 5.0701 0.089668 13.969 5.093 0.1378 13.916 6.1501 0.19715 14.36 6.1616 0.22836 14.321 6.1616 0.15654 14.331 6.1731 0.18774 14.292 6.1616 0.23572 14.289 6.1232 0.21936 14.358 6.7755 0.60147 14.803 6.8044 0.607 14.745 6.1616 0.14918 14.362 6.8044 0.54436 14.812 6.2 0.16553 14.294 6.8334 0.54989 14.754 7.4282 0.98536 15.058 7.4473 0.97335 15.015 7.4473 0.94447 15.078 7.4663 0.93245 15.034 8.0777 1.362 15.133 8.0901 1.3471 15.105 8.0901 1.3371 15.152 8.1025 1.3223 15.124 8.0901 1.3421 15.129 6.1616 0.23851 14.324 6.1167 0.19289 14.336 6.3303 0.22997 15.208 6.3662 0.26667 15.196 6.1616 0.14639 14.328 6.3662 0.19237 15.2 6.2065 0.192 14.315 6.4022 0.22906 15.189 6.5442 0.2672 15.881 6.5709 0.29481 15.87 6.5709 0.23837 15.873 6.5975 0.26598 15.862 6.7577 0.30426 16.354 6.7755 0.32296 16.345 6.7755 0.28436 16.348 6.7933 0.30307 16.339 6.7755 0.30366 16.346 6.1616 0.24085 14.354 6.1162 0.17634 14.354 6.7606 -0.26416 15.119 6.7956 -0.21108 15.121 6.1616 0.14405 14.298 6.7956 -0.28564 15.071 6.207 0.20855 14.298 6.8307 -0.23256 15.073 7.406 -0.70712 15.648 7.4296 -0.66566 15.656 7.4296 -0.71268 15.606 7.4533 -0.67122 15.614 8.0486 -1.1448 15.94 8.0637 -1.1168 15.949 8.0637 -1.1431 15.911 8.0787 -1.1151 15.92 8.0637 -1.13 15.93 6.1616 0.24751 14.322 6.1332 0.19569 14.373 6.8978 0.22709 14.819 6.917 0.26798 14.775 6.1616 0.13739 14.33 6.917 0.17927 14.783 6.1901 0.1892 14.279 6.9362 0.22016 14.739 7.6738 0.22098 15.046 7.6649 0.2548 15.079 7.68 0.2548 15.013 7.6711 0.28863 15.046 8.4288 0.26282 15.126 8.4254 0.28598 15.149 8.4303 0.28598 15.103 8.4269 0.30914 15.126 8.4279 0.28598 15.126 2.8872 0.11125 12.242 2.8141 0.058981 12.312 3.4275 0.7303 13.446 3.4852 0.76724 13.385 2.8872 -0.02687 12.324 3.4852 0.66051 13.458 2.9603 0.0254 12.255 3.543 0.69745 13.398 4.0417 1.4042 14.263 4.0833 1.4202 14.21 4.0833 1.351 14.28 4.1248 1.3669 14.226 4.6539 2.0728 14.764 4.6813 2.0775 14.726 4.6813 2.0369 14.779 4.7088 2.0417 14.741 4.6813 2.1107 14.749 4.6322 2.0586 14.774 5.0533 2.1175 15.715 5.092 2.1592 15.693 4.6813 2.0038 14.756 5.092 2.073 15.699 4.7304 2.0559 14.731 5.1308 2.1148 15.677 5.4756 2.1768 16.431 5.5027 2.2077 16.41 5.5027 2.1423 16.416 5.5299 2.1732 16.395 5.8962 2.2356 16.917 5.9135 2.2562 16.9 5.9135 2.2115 16.905 5.9307 2.2321 16.888 5.9135 2.2339 16.902 4.6813 2.0925 14.721 4.6438 2.0764 14.774 5.3112 2.6471 15.41 5.3403 2.6547 15.365 4.6813 2.022 14.784 5.3403 2.6031 15.421 4.7188 2.0381 14.731 5.3694 2.6107 15.376 5.9791 3.219 15.812 5.9993 3.2138 15.777 5.9993 3.1873 15.828 6.0196 3.1821 15.793 6.645 3.7863 15.986 6.6583 3.7782 15.962 6.6583 3.7663 16 6.6717 3.7582 15.977 6.6583 3.7722 15.981 4.6813 2.0935 14.726 4.6365 2.0601 14.756 4.7515 2.661 15.564 4.7877 2.6858 15.538 4.6813 2.021 14.779 4.7877 2.6307 15.585 4.7262 2.0544 14.749 4.8238 2.6555 15.558 4.8666 3.2623 16.152 4.894 3.2765 16.128 4.894 3.2421 16.171 4.9214 3.2563 16.147 4.9816 3.8627 16.518 5.0004 3.8702 16.501 5.0004 3.8504 16.533 5.0191 3.8579 16.515 5.0004 3.8603 16.517 2.8872 0.11786 12.277 2.8114 0.041907 12.279 2.7597 0.14607 13.637 2.8208 0.20735 13.635 2.8872 -0.033475 12.289 2.8208 0.085372 13.646 2.963 0.042473 12.287 2.8819 0.14665 13.644 2.708 0.25014 14.692 2.7544 0.29677 14.69 2.7544 0.20429 14.7 2.8008 0.25092 14.698 2.6563 0.35432 15.444 2.688 0.38627 15.442 2.688 0.32313 15.451 2.7198 0.35508 15.45 2.688 0.39725 15.464 2.6423 0.35383 15.449 2.691 0.069959 16.164 2.7278 0.1045 16.177 2.688 0.31215 15.43 2.7278 0.037162 16.146 2.7337 0.35557 15.445 2.7647 0.071705 16.16 2.7397 -0.21412 16.708 2.7677 -0.18914 16.721 2.7677 -0.23693 16.692 2.7957 -0.21195 16.705 2.7883 -0.49788 17.083 2.8075 -0.48157 17.093 2.8075 -0.51224 17.07 2.8266 -0.49593 17.08 2.8075 -0.49691 17.082 2.688 0.39866 15.435 2.6444 0.35801 15.459 2.8969 0.57187 16.259 2.9318 0.60366 16.238 2.688 0.31074 15.459 2.9318 0.53341 16.259 2.7317 0.35139 15.434 2.9666 0.5652 16.237 3.1499 0.78665 16.869 3.1755 0.80814 16.848 3.1755 0.75659 16.87 3.201 0.77809 16.849 3.4022 1.0002 17.287 3.4192 1.0132 17.27 3.4192 0.97917 17.288 3.4362 0.99222 17.271 3.4192 0.9962 17.279 2.688 0.40038 15.433 2.6454 0.34862 15.426 2.2762 0.56315 16.152 2.3097 0.60567 16.157 2.688 0.30902 15.46 2.3097 0.53288 16.182 2.7306 0.36078 15.467 2.3431 0.5754 16.188 1.9081 0.77614 16.691 1.9313 0.81018 16.695 1.9313 0.75752 16.72 1.9545 0.79156 16.723 1.5382 0.9914 17.049 1.5529 1.0155 17.05 1.5529 0.98132 17.071 1.5677 1.0054 17.072 1.5529 0.99842 17.061 -0.10937 0.41603 7.5035 -0.20762 0.36693 7.5324 -0.11677 1.0587 8.9826 -0.032784 1.0996 8.956 -0.20762 0.26467 7.5819 -0.11677 0.97294 9.0281 -0.10937 0.2115 7.6024 -0.032784 0.92804 9.0471 -0.011121 0.2606 7.5734 0.051203 0.96891 9.0205 -0.011121 0.36286 7.524 0.051203 1.0547 8.975 -0.025908 1.7498 10.172 0.043801 1.7811 10.146 -0.025908 1.6825 10.217 0.043801 1.6466 10.235 0.11351 1.6779 10.21 0.11351 1.7452 10.165 0.064957 2.4407 11.103 0.12039 2.4622 11.079 0.064957 2.3924 11.145 0.12039 2.3656 11.163 0.17582 2.3871 11.139 0.17582 2.4354 11.097 0.15579 3.1328 11.777 0.19697 3.147 11.758 0.15579 3.0998 11.811 0.19697 3.0809 11.826 0.23815 3.0951 11.807 0.23815 3.1281 11.773 0.19697 3.1621 11.75 0.13588 3.126 11.806 0.57538 4.057 12.873 0.62429 4.0814 12.825 0.19697 3.0658 11.834 0.62429 4.0095 12.899 0.25807 3.1019 11.778 0.67319 4.034 12.851 1.0151 4.989 13.619 1.0516 4.998 13.579 1.0516 4.9561 13.645 1.0881 4.9651 13.604 1.4542 5.9179 14.046 1.4789 5.9198 14.017 1.4789 5.8973 14.066 1.5037 5.8992 14.037 1.4789 5.9334 14.017 1.451 5.9236 14.057 2.132 6.5462 14.679 2.1537 6.5499 14.645 1.4789 5.8837 14.066 2.1537 6.5142 14.689 1.5068 5.8935 14.026 2.1753 6.518 14.656 2.8131 7.1695 15.063 2.8284 7.1642 15.037 2.8284 7.147 15.076 2.8437 7.1417 15.051 3.493 7.7895 15.212 3.5031 7.7826 15.195 3.5031 7.7756 15.224 3.5133 7.7688 15.207 3.5031 7.7791 15.209 1.4789 5.9298 14.006 1.4384 5.9168 14.046 1.6601 6.6932 14.507 1.6927 6.7001 14.473 1.4789 5.8873 14.077 1.6927 6.6716 14.534 1.5194 5.9003 14.037 1.7252 6.6785 14.5 1.8817 7.4697 14.77 1.9064 7.4686 14.744 1.9064 7.4578 14.794 1.931 7.4567 14.767 2.1033 8.2451 14.838 2.1201 8.2421 14.82 2.1201 8.239 14.855 2.137 8.2359 14.837 2.1201 8.2405 14.838 1.4789 5.9355 14.02 1.4447 5.9065 14.039 1.367 6.4364 14.708 1.3946 6.4588 14.692 1.4789 5.8816 14.063 1.3946 6.418 14.729 1.5131 5.9107 14.044 1.4221 6.4404 14.713 1.2893 6.9661 15.191 1.3102 6.9808 15.176 1.3102 6.9558 15.21 1.3311 6.9704 15.195 1.2116 7.4964 15.488 1.2259 7.5052 15.477 1.2259 7.4911 15.502 1.2402 7.4999 15.49 1.2259 7.4981 15.489 1.4789 5.9435 14.037 1.4456 5.9102 14.053 1.7451 6.03 14.898 1.7716 6.0565 14.884 1.4789 5.8736 14.046 1.7716 6.0003 14.893 1.5123 5.907 14.03 1.7981 6.0268 14.878 2.0451 6.1504 15.545 2.0643 6.1694 15.53 2.0643 6.1272 15.54 2.0835 6.1461 15.525 2.3445 6.2702 15.99 2.357 6.2825 15.979 2.357 6.2538 15.986 2.3695 6.2661 15.975 2.357 6.2682 15.983 0.19697 3.1768 11.769 0.13872 3.1025 11.761 -0.53343 3.5197 12.896 -0.48798 3.5809 12.902 0.19697 3.0511 11.815 -0.48798 3.4814 12.944 0.25522 3.1254 11.823 -0.44253 3.5426 12.95 -1.2041 3.9343 13.729 -1.1729 3.9833 13.731 -1.1729 3.9134 13.774 -1.1418 3.9624 13.775 -1.8776 4.3531 14.263 -1.8579 4.3876 14.261 -1.8579 4.3435 14.296 -1.8382 4.378 14.294 -1.8579 4.3949 14.248 -1.8933 4.3486 14.262 -2.3378 4.8414 14.737 -2.3101 4.8783 14.722 -1.8579 4.3362 14.309 -2.3101 4.8361 14.776 -1.8225 4.3825 14.295 -2.2823 4.8731 14.762 -2.7821 5.3334 15.04 -2.7622 5.3591 15.022 -2.7622 5.3387 15.07 -2.7423 5.3644 15.053 -3.2277 5.8291 15.166 -3.2144 5.8449 15.152 -3.2144 5.8363 15.187 -3.2011 5.8521 15.172 -3.2144 5.8406 15.169 -1.8579 4.41 14.281 -1.8866 4.3676 14.244 -2.5238 4.335 14.792 -2.5032 4.3688 14.824 -1.8579 4.3211 14.276 -2.5032 4.2971 14.819 -1.8291 4.3635 14.312 -2.4825 4.3308 14.851 -3.1591 4.3033 15.159 -3.1484 4.3274 15.187 -3.1484 4.2732 15.181 -3.1378 4.2973 15.209 -3.7928 4.249 15.365 -3.7988 4.2677 15.347 -3.7887 4.2677 15.383 -3.7946 4.2864 15.365 -3.7937 4.2677 15.365 -1.8579 4.4045 14.283 -1.8954 4.3668 14.267 -2.1508 4.2725 15.123 -2.121 4.3026 15.137 -1.8579 4.3266 14.274 -2.121 4.2399 15.13 -1.8204 4.3643 14.29 -2.0911 4.27 15.144 -2.4058 4.1786 15.78 -2.384 4.2006 15.794 -2.384 4.1532 15.786 -2.3622 4.1752 15.8 -2.6615 4.0843 16.239 -2.6471 4.0988 16.25 -2.6471 4.0665 16.244 -2.6328 4.081 16.255 -2.6471 4.0826 16.247 -1.8579 4.3962 14.252 -1.8983 4.3624 14.275 -1.9885 4.9081 14.9 -1.956 4.934 14.879 -1.8579 4.3349 14.305 -1.956 4.8881 14.926 -1.8174 4.3687 14.282 -1.9234 4.9141 14.906 -2.0788 5.4535 15.344 -2.0541 5.4701 15.325 -2.0541 5.443 15.367 -2.0294 5.4597 15.348 -2.169 5.9996 15.608 -2.1522 6.0095 15.593 -2.1522 5.9947 15.624 -2.1353 6.0046 15.61 -2.1522 6.0021 15.609 0.19697 3.1873 11.78 0.12575 3.1173 11.813 0.52474 3.3256 13.098 0.58158 3.3811 13.068 0.19697 3.0406 11.804 0.58158 3.2633 13.09 0.26819 3.1106 11.771 0.63841 3.3188 13.061 0.92459 3.535 14.084 0.96618 3.5747 14.055 0.96618 3.4863 14.077 1.0078 3.526 14.048 1.3233 3.7431 14.766 1.3508 3.7686 14.743 1.3508 3.7089 14.761 1.3783 3.7345 14.738 1.3508 3.7805 14.728 1.3029 3.7384 14.751 1.2959 4.1952 15.557 1.3345 4.228 15.537 1.3508 3.6971 14.776 1.3345 4.1632 15.579 1.3987 3.7392 14.753 1.3732 4.196 15.559 1.2888 4.6519 16.16 1.3182 4.6741 16.141 1.3182 4.6307 16.181 1.3476 4.6529 16.161 1.2818 5.1088 16.56 1.3019 5.1225 16.545 1.3019 5.096 16.575 1.3221 5.1096 16.561 1.3019 5.1092 16.56 1.3508 3.7781 14.761 1.3106 3.738 14.755 1.386 3.5684 15.483 1.4184 3.6008 15.488 1.3508 3.6995 14.743 1.4184 3.5378 15.472 1.391 3.7396 14.748 1.4508 3.5701 15.477 1.4615 3.3987 16.045 1.486 3.4231 16.05 1.486 3.3764 16.033 1.5106 3.4009 16.039 1.5369 3.2292 16.44 1.5536 3.2459 16.444 1.5536 3.2147 16.43 1.5704 3.2313 16.435 1.5536 3.2303 16.437 1.3508 3.7865 14.746 1.3151 3.7428 14.784 2.0103 3.8376 15.531 2.0369 3.8719 15.497 1.3508 3.691 14.758 2.0369 3.7951 15.509 1.3864 3.7347 14.72 2.0635 3.8294 15.475 2.7073 3.9337 16.057 2.723 3.957 16.026 2.723 3.8994 16.039 2.7387 3.9227 16.008 3.4005 4.0283 16.359 3.4091 4.0422 16.336 3.4091 4.0036 16.347 3.4177 4.0176 16.324 3.4091 4.0229 16.342 -0.10937 0.41687 7.5236 -0.19763 0.35743 7.5106 -0.631 0.7245 8.831 -0.5562 0.77616 8.8427 -0.19763 0.25433 7.5399 -0.631 0.63701 8.8583 -0.10937 0.21066 7.5823 -0.5562 0.60118 8.8973 -0.021113 0.2701 7.5953 -0.4814 0.65284 8.909 -0.021113 0.3732 7.566 -0.4814 0.74033 8.8817 -1.0636 1.0897 9.917 -1.003 1.1346 9.9275 -1.0636 1.0187 9.9444 -1.003 0.99259 9.9824 -0.94248 1.0375 9.993 -0.94248 1.1085 9.9655 -1.496 1.4542 10.772 -1.4499 1.4925 10.78 -1.496 1.4002 10.799 -1.4499 1.3845 10.835 -1.4037 1.4228 10.844 -1.4037 1.4768 10.816 -1.9299 1.8221 11.4 -1.8967 1.8519 11.405 -1.9299 1.7835 11.423 -1.8967 1.7748 11.452 -1.8635 1.8047 11.458 -1.8635 1.8432 11.435 -1.8967 1.8651 11.394 -1.9547 1.8005 11.41 -2.3819 2.4226 12.331 -2.3358 2.4746 12.316 -1.8967 1.7617 11.464 -2.3358 2.3956 12.378 -1.8387 1.8263 11.448 -2.2897 2.4476 12.363 -2.8086 3.043 12.994 -2.7749 3.0816 12.977 -2.7749 3.032 13.035 -2.7412 3.0706 13.017 -3.2365 3.6673 13.399 -3.214 3.6927 13.384 -3.214 3.6643 13.428 -3.1914 3.6898 13.413 -3.214 3.7157 13.401 -3.2436 3.6755 13.383 -3.7377 3.76 14.026 -3.7152 3.7929 14.042 -3.214 3.6414 13.411 -3.7152 3.7332 14.051 -3.1844 3.6815 13.429 -3.6927 3.7661 14.066 -4.2304 3.8435 14.491 -4.2164 3.87 14.504 -4.2164 3.8252 14.514 -4.2025 3.8516 14.527 -4.7257 3.9282 14.781 -4.7176 3.9472 14.789 -4.7176 3.917 14.798 -4.7096 3.9359 14.807 -4.7176 3.9321 14.794 -3.214 3.7146 13.389 -3.2532 3.6808 13.411 -3.1548 3.9517 14.008 -3.1233 3.9779 13.989 -3.214 3.6425 13.422 -3.1233 3.9211 14.019 -3.1748 3.6763 13.401 -3.0917 3.9473 14 -3.0564 4.2231 14.46 -3.0325 4.2402 14.442 -3.0325 4.2007 14.47 -3.0087 4.2178 14.452 -2.958 4.4938 14.765 -2.9418 4.5039 14.751 -2.9418 4.479 14.773 -2.9256 4.489 14.76 -2.9418 4.4914 14.762 -3.214 3.7042 13.378 -3.2456 3.663 13.392 -3.6473 4.1162 13.808 -3.6225 4.1489 13.794 -3.214 3.6529 13.434 -3.6225 4.1124 13.844 -3.1824 3.6941 13.42 -3.5977 4.1452 13.83 -4.0488 4.5689 14.07 -4.031 4.5914 14.054 -4.031 4.5743 14.097 -4.0131 4.5968 14.081 -4.4515 5.0246 14.173 -4.4395 5.0384 14.16 -4.4395 5.0315 14.191 -4.4275 5.0453 14.178 -4.4395 5.035 14.176 -1.8967 1.8703 11.441 -1.9496 1.8184 11.405 -2.4365 1.5911 12.473 -2.3949 1.6315 12.505 -1.8967 1.7565 11.417 -2.3949 1.5404 12.483 -1.8438 1.8083 11.452 -2.3532 1.5808 12.515 -2.9222 1.3651 13.276 -2.8931 1.3923 13.307 -2.8931 1.3247 13.284 -2.8639 1.3519 13.315 -3.4098 1.1373 13.82 -3.3912 1.1536 13.844 -3.3912 1.1086 13.825 -3.3726 1.1249 13.849 -3.3912 1.1618 13.85 -3.4156 1.1423 13.813 -3.9364 0.9021 14.282 -3.9181 0.91463 14.315 -3.3912 1.1003 13.819 -3.9181 0.86723 14.285 -3.3668 1.1198 13.856 -3.8999 0.87976 14.318 -4.4563 0.66384 14.594 -4.4451 0.66535 14.622 -4.4451 0.63619 14.591 -4.4338 0.6377 14.619 -4.9788 0.42153 14.747 -4.972 0.41821 14.766 -4.972 0.403 14.741 -4.9651 0.39968 14.761 -4.972 0.41061 14.754 -3.3912 1.1645 13.855 -3.4303 1.1312 13.834 -3.4281 0.74209 14.474 -3.3966 0.76781 14.493 -3.3912 1.0977 13.814 -3.3966 0.71609 14.457 -3.3522 1.1309 13.835 -3.3651 0.74181 14.475 -3.4259 0.35298 14.951 -3.4019 0.36987 14.968 -3.4019 0.33576 14.934 -3.378 0.35265 14.951 -3.4237 -0.036188 15.263 -3.4073 -0.026057 15.276 -3.4073 -0.046592 15.25 -3.3909 -0.036462 15.263 -3.4073 -0.036325 15.263 -3.3912 1.1622 13.834 -3.4223 1.1311 13.837 -3.3682 1.1304 14.53 -3.3432 1.1555 14.528 -3.3912 1.1 13.834 -3.3432 1.1054 14.528 -3.3602 1.1311 13.832 -3.3182 1.1304 14.526 -3.3141 1.1298 15.07 -3.2952 1.1489 15.068 -3.2952 1.1107 15.068 -3.2762 1.1298 15.066 -3.2601 1.1292 15.454 -3.2471 1.1422 15.453 -3.2471 1.1161 15.453 -3.2342 1.1292 15.451 -3.2471 1.1292 15.453 -3.3912 1.1637 13.821 -3.4212 1.1242 13.817 -3.7694 1.3397 14.357 -3.7461 1.3723 14.36 -3.3912 1.0984 13.848 -3.7461 1.3208 14.384 -3.3612 1.1379 13.851 -3.7228 1.3534 14.386 -4.1168 1.5538 14.749 -4.101 1.5799 14.749 -4.101 1.5442 14.773 -4.0852 1.5703 14.773 -4.4658 1.7703 14.994 -4.4558 1.7886 14.993 -4.4558 1.7665 15.012 -4.4459 1.7848 15.011 -4.4558 1.7775 15.003 -1.8967 1.871 11.413 -1.9557 1.8159 11.438 -1.7291 2.1749 12.742 -1.6816 2.2184 12.72 -1.8967 1.7557 11.445 -1.6816 2.1263 12.748 -1.8377 1.8109 11.42 -1.6341 2.1699 12.726 -1.5022 2.5346 13.744 -1.4665 2.5652 13.722 -1.4665 2.4976 13.751 -1.4308 2.5281 13.729 -1.2757 2.8934 14.441 -1.2514 2.9127 14.424 -1.2514 2.868 14.447 -1.2272 2.8873 14.429 -1.2514 2.9268 14.443 -1.287 2.8881 14.446 -0.99943 2.7051 15.332 -0.97107 2.7366 15.329 -1.2514 2.8539 14.428 -0.97107 2.6781 15.316 -1.2159 2.8926 14.425 -0.94272 2.7096 15.313 -0.7114 2.5214 16.01 -0.69071 2.5461 16.007 -0.69071 2.5026 15.994 -0.67001 2.5273 15.991 -0.42399 2.3385 16.476 -0.41034 2.3559 16.475 -0.41034 2.3267 16.463 -0.39668 2.3441 16.462 -0.41034 2.3413 16.469 -1.2514 2.9216 14.412 -1.289 2.8974 14.445 -1.0194 3.4103 15.117 -0.98942 3.4273 15.089 -1.2514 2.8591 14.459 -0.98942 3.3798 15.131 -1.2139 2.8833 14.426 -0.95939 3.3968 15.102 -0.74972 3.924 15.597 -0.7274 3.9312 15.572 -0.7274 3.9022 15.611 -0.70508 3.9094 15.586 -0.48046 4.4357 15.884 -0.46538 4.438 15.867 -0.46538 4.4218 15.895 -0.4503 4.4241 15.878 -0.46538 4.4299 15.881 -1.2514 2.9297 14.432 -1.2887 2.8891 14.422 -1.5982 2.9728 15.304 -1.5687 3.0058 15.312 -1.2514 2.851 14.439 -1.5687 2.9424 15.319 -1.2142 2.8916 14.449 -1.5391 2.9754 15.328 -1.9072 3.0562 15.977 -1.8859 3.0819 15.985 -1.8859 3.0339 15.992 -1.8647 3.0596 16 -2.217 3.14 16.445 -2.2032 3.158 16.451 -2.2032 3.1253 16.457 -2.1894 3.1433 16.463 -2.2032 3.1417 16.454</float_array><technique_common><accessor source="#TREE_EUCA_1-pos-a" count="2539" stride="3"><param name="X" type="float"/><param name="Y" type="float"/><param name="Z" type="float"/></accessor></technique_common></source>
        <source id="TREE_EUCA_1-nrm"><float_array id="TREE_EUCA_1-nrm-a" count="7608">-0.008 0.012 -1 0.696 -0.574 -0.431 -0.273 -0.878 -0.392 0.703 0.538 -0.466 -0.885 -0.032 -0.464 -0.241 0.857 -0.455 0.894 -0.046 0.445 0.222 -0.883 0.413 -0.65 -0.64 0.41 -0.76 0.476 0.442 0.288 0.866 0.41 0.005 -0.09 0.996 -0.064 -0.033 -0.997 0.724 -0.566 -0.393 -0.322 -0.858 -0.401 0.752 0.519 -0.407 -0.916 -0.034 -0.401 -0.324 0.841 -0.434 0.912 -0.033 0.408 0.303 -0.862 0.406 -0.733 -0.567 0.376 -0.761 0.517 0.393 0.316 0.845 0.432 0.033 -0.033 0.999 0.015 -0.03 -0.999 0.763 -0.515 -0.39 -0.225 -0.871 -0.438 0.749 0.455 -0.482 -0.9 0.009 -0.436 -0.34 0.805 -0.486 0.92 -0.109 0.377 0.343 -0.844 0.413 -0.729 -0.534 0.427 -0.784 0.481 0.393 0.289 0.849 0.442 0.017 -0.08 0.997 0.095 -0.017 -0.995 0.735 -0.489 -0.469 -0.236 -0.866 -0.442 0.749 0.485 -0.451 -0.904 -0.023 -0.428 -0.221 0.87 -0.441 0.93 0.01 0.367 0.278 -0.874 0.399 -0.73 -0.523 0.44 -0.728 0.513 0.455 0.291 0.865 0.409 -0.032 0.006 0.999 -0.027 0.065 -0.998 0.774 -0.497 -0.392 -0.367 -0.857 -0.362 0.725 0.578 -0.375 -0.943 0.01 -0.331 -0.295 0.862 -0.413 0.911 0.001 0.412 0.213 -0.882 0.42 -0.753 -0.541 0.375 -0.784 0.489 0.383 0.279 0.887 0.367 -0.051 -0.05 0.997 -0.067 0.006 -0.998 0.683 -0.522 -0.511 -0.302 -0.795 -0.527 0.675 0.552 -0.49 -0.84 0.002 -0.543 -0.282 0.813 -0.509 0.88 0.034 0.474 0.267 -0.855 0.446 -0.744 -0.535 0.401 -0.728 0.552 0.406 0.265 0.86 0.435 0.022 0.03 0.999 -0.05 -0.037 -0.998 0.694 -0.537 -0.48 -0.367 -0.823 -0.434 0.726 0.515 -0.455 -0.89 -0.085 -0.448 -0.291 0.819 -0.495 0.923 0.018 0.385 0.219 -0.881 0.419 -0.775 -0.544 0.322 -0.779 0.474 0.409 0.335 0.85 0.408 -0.007 -0.045 0.999 0.016 -0.062 -0.998 0.738 -0.455 -0.498 -0.32 -0.802 -0.505 0.782 0.454 -0.426 -0.908 -0.061 -0.415 -0.276 0.858 -0.433 0.895 0.036 0.444 0.263 -0.858 0.44 -0.776 -0.445 0.447 -0.734 0.442 0.515 0.319 0.784 0.533 -0.028 0.036 0.999 -0.049 0.032 -0.998 0.72 -0.526 -0.454 -0.331 -0.836 -0.437 0.696 0.521 -0.494 -0.9 0.017 -0.436 -0.337 0.798 -0.5 0.872 -0.032 0.488 0.235 -0.831 0.504 -0.734 -0.485 0.476 -0.765 0.476 0.434 0.236 0.86 0.453 -0.043 -0.046 0.998 -0.056 0.001 -0.998 0.749 -0.533 -0.393 -0.329 -0.848 -0.415 0.736 0.533 -0.417 -0.936 0.029 -0.35 -0.383 0.837 -0.392 0.872 -0.02 0.489 0.278 -0.815 0.508 -0.753 -0.447 0.482 -0.771 0.454 0.446 0.213 0.826 0.522 -0.036 0.013 0.999 -0.07 0.019 -0.997 0.669 -0.563 -0.485 -0.318 -0.82 -0.475 0.68 0.549 -0.487 -0.875 0.03 -0.482 -0.319 0.825 -0.467 0.871 -0.009 0.49 0.233 -0.859 0.457 -0.743 -0.511 0.433 -0.74 0.532 0.411 0.202 0.869 0.452 -0.039 0.007 0.999 -0.038 0.005 -0.999 0.674 -0.539 -0.505 -0.308 -0.831 -0.462 0.668 0.579 -0.468 -0.893 0.017 -0.45 -0.297 0.86 -0.415 0.891 0.047 0.452 0.224 -0.871 0.438 -0.755 -0.497 0.428 -0.711 0.553 0.434 0.197 0.879 0.434 -0.057 0.06 0.997 0.02 0.016 -1 0.71 -0.491 -0.505 -0.271 -0.838 -0.473 0.701 0.497 -0.512 -0.882 0.019 -0.471 -0.277 0.828 -0.488 0.903 -0.011 0.43 0.285 -0.837 0.467 -0.73 -0.486 0.481 -0.733 0.504 0.457 0.264 0.85 0.455 -0.028 -0.005 1 0.024 -0.054 -0.998 0.706 -0.553 -0.443 -0.222 -0.857 -0.465 0.75 0.482 -0.454 -0.9 0.01 -0.436 -0.304 0.854 -0.422 0.919 -0.029 0.394 0.321 -0.872 0.37 -0.758 -0.499 0.42 -0.712 0.569 0.412 0.253 0.864 0.435 -0.01 0.032 0.999 0.026 -0.023 -0.999 0.695 -0.552 -0.461 -0.238 -0.859 -0.453 0.732 0.51 -0.452 -0.899 0.01 -0.439 -0.27 0.868 -0.417 0.898 -0.003 0.439 0.289 -0.858 0.425 -0.72 -0.517 0.464 -0.69 0.554 0.466 0.245 0.857 0.454 -0.015 0.034 0.999 -0.027 -0.027 -0.999 0.705 -0.531 -0.47 -0.301 -0.832 -0.467 0.723 0.527 -0.447 -0.898 -0.013 -0.439 -0.305 0.847 -0.435 0.917 0.024 0.399 0.272 -0.881 0.387 -0.773 -0.515 0.371 -0.748 0.536 0.392 0.261 0.873 0.412 -0.021 0.035 0.999 -0.018 0.046 -0.999 0.693 -0.556 -0.458 -0.247 -0.859 -0.447 0.666 0.573 -0.477 -0.897 0.089 -0.434 -0.29 0.869 -0.401 0.88 -0.011 0.475 0.247 -0.861 0.445 -0.729 -0.483 0.486 -0.666 0.605 0.436 0.18 0.886 0.428 -0.045 0.024 0.999 -0.034 -0.019 -0.999 0.7 -0.551 -0.453 -0.282 -0.845 -0.455 0.711 0.512 -0.483 -0.885 -0.01 -0.466 -0.314 0.821 -0.476 0.905 -0.042 0.423 0.265 -0.876 0.404 -0.741 -0.544 0.394 -0.759 0.518 0.394 0.268 0.867 0.421 -0.011 -0.035 0.999 -0.025 -0.079 -0.997 0.698 -0.607 -0.381 -0.236 -0.874 -0.424 0.748 0.488 -0.45 -0.904 -0.029 -0.426 -0.337 0.84 -0.425 0.917 -0.069 0.393 0.311 -0.9 0.304 -0.72 -0.59 0.365 -0.747 0.556 0.365 0.267 0.882 0.389 0.023 -0.028 0.999 -0.004 0.037 -0.999 0.745 -0.477 -0.467 -0.302 -0.823 -0.481 0.713 0.552 -0.432 -0.904 0.061 -0.424 -0.293 0.867 -0.404 0.88 0.066 0.471 0.285 -0.825 0.488 -0.756 -0.447 0.478 -0.696 0.535 0.478 0.241 0.844 0.479 -0.023 0.08 0.997 -0.004 -0.026 -1 0.693 -0.526 -0.494 -0.274 -0.835 -0.477 0.704 0.525 -0.479 -0.882 -0.023 -0.471 -0.277 0.84 -0.467 0.883 0.014 0.469 0.25 -0.851 0.461 -0.72 -0.52 0.46 -0.708 0.517 0.48 0.258 0.84 0.477 -0.02 0.015 1 -0.029 0.021 -0.999 0.737 -0.562 -0.376 -0.313 -0.884 -0.348 0.737 0.549 -0.393 -0.931 0.011 -0.365 -0.316 0.863 -0.394 0.911 -0.068 0.408 0.281 -0.873 0.398 -0.725 -0.549 0.416 -0.784 0.503 0.364 0.249 0.872 0.422 -0.021 -0.058 0.998 0.025 0.01 -1 0.715 -0.52 -0.467 -0.3 -0.855 -0.423 0.719 0.546 -0.429 -0.888 -0.039 -0.458 -0.202 0.866 -0.457 0.907 0.042 0.419 0.223 -0.882 0.416 -0.731 -0.556 0.396 -0.695 0.561 0.449 0.347 0.859 0.375 -0.005 -0.015 1 -0.047 0.032 -0.998 0.707 -0.502 -0.498 -0.312 -0.817 -0.485 0.668 0.535 -0.518 -0.877 0.045 -0.478 -0.358 0.779 -0.515 0.865 -0.021 0.502 0.252 -0.825 0.506 -0.74 -0.458 0.493 -0.747 0.497 0.442 0.198 0.861 0.468 -0.045 -0.008 0.999 0.006 -0.026 -1 0.704 -0.617 -0.351 -0.187 -0.903 -0.386 0.737 0.506 -0.448 -0.892 0.022 -0.452 -0.3 0.86 -0.413 0.898 -0.12 0.423 0.323 -0.874 0.362 -0.676 -0.596 0.434 -0.724 0.564 0.398 0.263 0.868 0.42 0.046 -0.071 0.996 -0.066 0.013 -0.998 0.675 -0.577 -0.46 -0.3 -0.862 -0.409 0.668 0.599 -0.442 -0.896 -0.001 -0.444 -0.27 0.878 -0.395 0.863 0.037 0.503 0.196 -0.881 0.43 -0.704 -0.569 0.425 -0.708 0.551 0.441 0.2 0.894 0.401 -0.031 0.027 0.999 -0.002 0.002 -1 0.708 -0.503 -0.495 -0.251 -0.816 -0.521 0.687 0.557 -0.466 -0.851 0.017 -0.525 -0.246 0.853 -0.46 0.893 0.059 0.446 0.287 -0.853 0.436 -0.74 -0.526 0.418 -0.683 0.582 0.441 0.284 0.854 0.435 0.035 0.059 0.998 -0.029 0.061 -0.998 0.754 -0.492 -0.435 -0.282 -0.83 -0.482 0.691 0.556 -0.462 -0.87 0.061 -0.489 -0.301 0.821 -0.485 0.923 -0.001 0.384 0.328 -0.845 0.423 -0.75 -0.531 0.394 -0.739 0.572 0.355 0.318 0.876 0.363 0.066 -0.01 0.998 0.03 0.066 -0.997 0.811 -0.461 -0.359 -0.28 -0.865 -0.417 0.773 0.538 -0.337 -0.93 0.08 -0.358 -0.274 0.893 -0.356 0.92 0.043 0.39 0.361 -0.807 0.468 -0.757 -0.457 0.466 -0.728 0.551 0.407 0.29 0.854 0.432 0.032 0.07 0.997 -0.013 -0.067 -0.998 0.711 -0.564 -0.421 -0.254 -0.852 -0.457 0.762 0.507 -0.403 -0.889 -0.044 -0.457 -0.292 0.858 -0.422 0.883 -0.02 0.469 0.302 -0.854 0.423 -0.715 -0.554 0.426 -0.713 0.523 0.466 0.293 0.815 0.499 0.041 0.009 0.999 0.032 0.065 -0.997 0.753 -0.513 -0.412 -0.269 -0.881 -0.389 0.711 0.555 -0.431 -0.899 0.032 -0.437 -0.236 0.87 -0.434 0.918 -0.02 0.396 0.277 -0.855 0.438 -0.709 -0.552 0.438 -0.745 0.532 0.404 0.299 0.874 0.383 0.007 -0.051 0.999 0.009 -0.016 -1 0.701 -0.542 -0.464 -0.3 -0.851 -0.432 0.723 0.533 -0.44 -0.887 -0.039 -0.46 -0.249 0.857 -0.451 0.885 0.018 0.464 0.238 -0.858 0.456 -0.714 -0.54 0.446 -0.709 0.515 0.482 0.297 0.839 0.455 0 -0.009 1 0.037 -0.08 -0.996 0.732 -0.48 -0.485 -0.245 -0.817 -0.522 0.775 0.414 -0.477 -0.876 -0.059 -0.479 -0.271 0.82 -0.505 0.891 -0.03 0.453 0.31 -0.842 0.443 -0.725 -0.507 0.467 -0.73 0.453 0.512 0.326 0.79 0.519 0.023 -0.014 1 0.015 0.024 -1 0.764 -0.487 -0.423 -0.266 -0.844 -0.466 0.74 0.554 -0.381 -0.894 0.04 -0.447 -0.249 0.883 -0.399 0.884 0.064 0.464 0.328 -0.823 0.464 -0.735 -0.498 0.46 -0.676 0.574 0.462 0.297 0.836 0.462 0.049 0.072 0.996 0.003 -0.021 -1 0.729 -0.532 -0.431 -0.27 -0.857 -0.439 0.737 0.528 -0.422 -0.895 -0.037 -0.445 -0.255 0.853 -0.455 0.862 0.008 0.507 0.269 -0.834 0.482 -0.679 -0.552 0.483 -0.699 0.507 0.505 0.295 0.821 0.488 0.021 -0.008 1 0.064 -0.062 -0.996 0.655 -0.56 -0.507 -0.227 -0.878 -0.421 0.716 0.479 -0.507 -0.908 -0.06 -0.415 -0.255 0.857 -0.447 0.924 -0.051 0.379 0.24 -0.896 0.373 -0.683 -0.564 0.465 -0.724 0.488 0.488 0.253 0.863 0.437 -0.061 -0.037 0.997 -0.006 -0.048 -0.999 0.697 -0.567 -0.439 -0.217 -0.85 -0.481 0.731 0.533 -0.426 -0.864 -0.013 -0.503 -0.263 0.858 -0.44 0.866 -0.015 0.5 0.315 -0.843 0.436 -0.683 -0.567 0.461 -0.666 0.572 0.479 0.277 0.82 0.5 0.07 0.024 0.997 -0.014 0.005 -1 0.738 -0.568 -0.365 -0.294 -0.893 -0.341 0.735 0.541 -0.408 -0.942 0.014 -0.337 -0.333 0.868 -0.368 0.89 -0.056 0.452 0.242 -0.864 0.442 -0.728 -0.516 0.451 -0.772 0.48 0.416 0.208 0.867 0.452 -0.072 -0.044 0.996 0.069 -0.023 -0.997 0.799 -0.42 -0.431 -0.253 -0.838 -0.483 0.794 0.455 -0.403 -0.918 -0.004 -0.396 -0.259 0.867 -0.426 0.941 0.044 0.336 0.311 -0.853 0.419 -0.801 -0.445 0.402 -0.743 0.508 0.435 0.331 0.835 0.44 -0.008 0.053 0.999 0.009 -0.002 -1 0.715 -0.532 -0.453 -0.228 -0.848 -0.479 0.718 0.514 -0.469 -0.868 0.02 -0.496 -0.268 0.837 -0.477 0.855 -0.028 0.517 0.305 -0.808 0.504 -0.677 -0.526 0.516 -0.678 0.534 0.505 0.268 0.816 0.512 0.037 -0.005 0.999 0.003 0.006 -1 0.724 -0.559 -0.403 -0.237 -0.876 -0.42 0.718 0.549 -0.428 -0.889 0.021 -0.457 -0.268 0.869 -0.416 0.91 -0.021 0.413 0.308 -0.869 0.386 -0.709 -0.572 0.413 -0.713 0.579 0.396 0.283 0.877 0.389 0.038 -0.007 0.999 0.039 0.043 -0.998 0.757 -0.478 -0.446 -0.279 -0.857 -0.434 0.729 0.487 -0.48 -0.883 -0.008 -0.469 -0.224 0.832 -0.508 0.897 0.004 0.441 0.283 -0.809 0.515 -0.698 -0.519 0.494 -0.732 0.493 0.47 0.344 0.831 0.437 0.02 -0.048 0.999 -0.031 0.037 -0.999 0.786 -0.475 -0.396 -0.281 -0.837 -0.469 0.741 0.53 -0.412 -0.915 0.071 -0.398 -0.345 0.84 -0.42 0.923 0.005 0.385 0.359 -0.829 0.428 -0.774 -0.48 0.412 -0.762 0.542 0.356 0.271 0.868 0.415 0.025 0.043 0.999 -0.041 -0.001 -0.999 0.698 -0.538 -0.473 -0.287 -0.84 -0.461 0.682 0.574 -0.453 -0.889 0.013 -0.457 -0.293 0.853 -0.431 0.864 0.029 0.502 0.237 -0.852 0.467 -0.732 -0.502 0.461 -0.688 0.56 0.462 0.222 0.856 0.467 -0.022 0.039 0.999 0.071 -0.054 -0.996 0.735 -0.506 -0.452 -0.248 -0.887 -0.391 0.739 0.563 -0.37 -0.913 -0.074 -0.401 -0.193 0.903 -0.384 0.903 0.094 0.418 0.257 -0.872 0.417 -0.705 -0.559 0.437 -0.671 0.539 0.509 0.306 0.855 0.419 -0.008 0.057 0.998 -0.039 -0.018 -0.999 0.75 -0.489 -0.446 -0.376 -0.809 -0.452 0.779 0.485 -0.398 -0.922 -0.046 -0.385 -0.298 0.844 -0.447 0.915 0.041 0.402 0.25 -0.855 0.454 -0.803 -0.461 0.377 -0.775 0.464 0.429 0.33 0.822 0.465 -0.005 0.012 1 0.015 0.036 -0.999 0.704 -0.57 -0.424 -0.224 -0.889 -0.4 0.685 0.587 -0.432 -0.889 0.041 -0.456 -0.22 0.899 -0.379 0.883 0.001 0.47 0.249 -0.875 0.415 -0.679 -0.562 0.473 -0.666 0.597 0.446 0.227 0.89 0.395 0.018 0.007 1 -0.017 -0.025 -1 0.781 -0.525 -0.34 -0.258 -0.871 -0.418 0.783 0.458 -0.421 -0.929 0.021 -0.37 -0.365 0.82 -0.44 0.91 -0.098 0.402 0.369 -0.822 0.435 -0.731 -0.517 0.446 -0.796 0.459 0.394 0.27 0.836 0.478 0.024 -0.053 0.998 0.016 -0.016 -1 0.762 -0.492 -0.421 -0.321 -0.856 -0.406 0.769 0.473 -0.43 -0.923 -0.06 -0.381 -0.275 0.834 -0.478 0.9 -0.013 0.435 0.215 -0.841 0.496 -0.755 -0.498 0.427 -0.762 0.423 0.491 0.331 0.814 0.477 -0.039 -0.081 0.996 -0.003 0.037 -0.999 0.692 -0.493 -0.527 -0.256 -0.807 -0.532 0.665 0.53 -0.526 -0.851 0.049 -0.523 -0.265 0.818 -0.51 0.902 0.014 0.431 0.286 -0.857 0.429 -0.737 -0.514 0.439 -0.713 0.568 0.41 0.247 0.879 0.408 -0.006 0.027 1 -0.042 0.041 -0.998 0.723 -0.495 -0.482 -0.326 -0.83 -0.452 0.689 0.523 -0.502 -0.866 0.006 -0.5 -0.29 0.795 -0.533 0.877 -0.006 0.48 0.256 -0.812 0.525 -0.735 -0.481 0.478 -0.757 0.499 0.423 0.276 0.846 0.456 -0.012 -0.035 0.999 0.003 -0.014 -1 0.675 -0.574 -0.464 -0.28 -0.876 -0.393 0.684 0.527 -0.504 -0.904 -0.037 -0.427 -0.284 0.847 -0.449 0.9 -0.035 0.435 0.205 -0.859 0.469 -0.691 -0.543 0.478 -0.738 0.478 0.476 0.247 0.856 0.453 -0.055 -0.056 0.997 -0.005 0.051 -0.999 0.76 -0.501 -0.414 -0.275 -0.847 -0.455 0.727 0.511 -0.459 -0.878 0.042 -0.477 -0.28 0.823 -0.495 0.886 -0.041 0.462 0.315 -0.812 0.492 -0.71 -0.522 0.473 -0.737 0.521 0.431 0.315 0.835 0.451 0.047 -0.052 0.998 -0.076 0.026 -0.997 0.738 -0.53 -0.417 -0.338 -0.834 -0.436 0.719 0.537 -0.441 -0.92 0.046 -0.388 -0.374 0.827 -0.42 0.885 -0.022 0.464 0.278 -0.828 0.486 -0.766 -0.464 0.444 -0.771 0.493 0.403 0.231 0.845 0.482 -0.03 0 1 0.02 0.002 -1 0.704 -0.545 -0.455 -0.232 -0.86 -0.455 0.713 0.543 -0.444 -0.89 0.024 -0.455 -0.246 0.877 -0.413 0.892 0.018 0.452 0.287 -0.859 0.424 -0.709 -0.532 0.463 -0.678 0.577 0.455 0.244 0.869 0.431 0.004 0.041 0.999 -0.033 0.034 -0.999 0.733 -0.487 -0.475 -0.332 -0.82 -0.467 0.713 0.525 -0.464 -0.91 0.029 -0.414 -0.317 0.834 -0.452 0.906 0.026 0.424 0.257 -0.852 0.457 -0.781 -0.462 0.419 -0.768 0.498 0.403 0.245 0.869 0.43 -0.056 0.024 0.998 0.066 -0.105 -0.992 0.668 -0.536 -0.517 -0.245 -0.858 -0.452 0.747 0.46 -0.48 -0.881 -0.142 -0.452 -0.222 0.856 -0.467 0.917 -0.014 0.398 0.24 -0.89 0.388 -0.674 -0.593 0.44 -0.727 0.456 0.513 0.332 0.813 0.478 -0.016 -0.034 0.999 -0.075 0.046 -0.996 0.741 -0.534 -0.406 -0.32 -0.838 -0.442 0.718 0.528 -0.454 -0.881 0.057 -0.47 -0.348 0.802 -0.485 0.866 -0.048 0.498 0.293 -0.813 0.504 -0.747 -0.492 0.447 -0.765 0.513 0.389 0.255 0.852 0.457 0.014 -0.037 0.999 0.063 -0.027 -0.998 0.745 -0.493 -0.448 -0.242 -0.867 -0.436 0.739 0.541 -0.402 -0.909 -0.031 -0.416 -0.227 0.883 -0.411 0.899 0.064 0.432 0.297 -0.85 0.436 -0.705 -0.532 0.469 -0.671 0.543 0.504 0.303 0.845 0.44 0.011 0.051 0.999 -0.015 0.028 -1 0.697 -0.546 -0.465 -0.262 -0.847 -0.462 0.684 0.549 -0.481 -0.881 0.028 -0.472 -0.266 0.845 -0.463 0.869 -0.02 0.495 0.247 -0.853 0.46 -0.693 -0.536 0.483 -0.7 0.546 0.46 0.239 0.859 0.452 -0.006 -0.018 1 0.006 -0.009 -1 0.631 -0.603 -0.488 -0.19 -0.869 -0.458 0.675 0.542 -0.5 -0.862 0.014 -0.507 -0.219 0.866 -0.449 0.877 -0.032 0.48 0.236 -0.872 0.429 -0.66 -0.574 0.485 -0.654 0.588 0.475 0.202 0.869 0.451 0.007 -0.002 1 -0.009 0.028 -1 0.76 -0.514 -0.399 -0.271 -0.864 -0.424 0.723 0.502 -0.474 -0.912 0.042 -0.408 -0.347 0.815 -0.464 0.919 -0.076 0.388 0.31 -0.848 0.43 -0.741 -0.519 0.427 -0.802 0.474 0.364 0.246 0.873 0.42 -0.018 -0.065 0.998 -0.034 -0.045 -0.998 0.752 -0.516 -0.409 -0.297 -0.828 -0.475 0.774 0.503 -0.385 -0.905 -0.017 -0.426 -0.319 0.851 -0.418 0.899 0.015 0.438 0.333 -0.834 0.44 -0.757 -0.503 0.416 -0.731 0.519 0.444 0.316 0.808 0.497 0.06 0.043 0.997 -0.005 -0.008 -1 0.719 -0.561 -0.41 -0.236 -0.865 -0.443 0.74 0.497 -0.454 -0.877 0.019 -0.479 -0.285 0.85 -0.443 0.925 -0.057 0.377 0.336 -0.865 0.373 -0.733 -0.559 0.386 -0.746 0.556 0.367 0.307 0.862 0.402 0.043 -0.027 0.999 0.029 -0.017 -0.999 0.717 -0.504 -0.481 -0.261 -0.844 -0.469 0.72 0.51 -0.47 -0.871 -0.043 -0.49 -0.239 0.827 -0.509 0.926 -0.009 0.376 0.282 -0.882 0.378 -0.723 -0.574 0.385 -0.747 0.526 0.407 0.325 0.864 0.384 0.022 -0.03 0.999 0.058 0.038 -0.998 0.696 -0.524 -0.491 -0.197 -0.883 -0.426 0.649 0.584 -0.488 -0.869 0.009 -0.495 -0.167 0.88 -0.445 0.904 0.002 0.428 0.23 -0.884 0.407 -0.655 -0.59 0.472 -0.674 0.576 0.462 0.258 0.889 0.379 0.001 -0.027 1 0.07 -0.027 -0.997 0.699 -0.521 -0.489 -0.226 -0.861 -0.455 0.717 0.495 -0.491 -0.873 -0.048 -0.486 -0.212 0.84 -0.5 0.9 -0.021 0.435 0.246 -0.874 0.419 -0.677 -0.574 0.46 -0.712 0.507 0.487 0.293 0.852 0.434 -0.011 -0.046 0.999 -0.079 0.084 -0.993 0.741 -0.53 -0.411 -0.349 -0.847 -0.4 0.668 0.615 -0.419 -0.896 0.051 -0.441 -0.296 0.852 -0.433 0.872 0.026 0.488 0.233 -0.84 0.489 -0.735 -0.525 0.429 -0.741 0.549 0.386 0.254 0.879 0.404 -0 -0.014 1 0.118 -0.034 -0.992 0.716 -0.466 -0.519 -0.213 -0.856 -0.471 0.741 0.424 -0.521 -0.913 -0.014 -0.408 -0.25 0.855 -0.454 0.927 -0.023 0.376 0.304 -0.855 0.421 -0.699 -0.495 0.516 -0.697 0.471 0.541 0.296 0.84 0.455 -0.049 -0.003 0.999 0.015 0.049 -0.999 0.75 -0.471 -0.463 -0.29 -0.831 -0.476 0.72 0.512 -0.469 -0.891 0.038 -0.453 -0.268 0.838 -0.475 0.924 0.023 0.381 0.302 -0.85 0.432 -0.759 -0.502 0.415 -0.752 0.529 0.393 0.296 0.875 0.384 -0.003 0.011 1 0.08 0.026 -0.996 0.734 -0.456 -0.503 -0.248 -0.848 -0.47 0.698 0.563 -0.443 -0.888 -0.001 -0.46 -0.192 0.872 -0.45 0.905 0.076 0.418 0.265 -0.853 0.449 -0.718 -0.511 0.473 -0.676 0.56 0.479 0.283 0.869 0.406 -0.015 0.055 0.998 0.011 0.027 -1 0.729 -0.511 -0.455 -0.3 -0.857 -0.419 0.708 0.532 -0.465 -0.903 -0.012 -0.43 -0.259 0.844 -0.469 0.906 -0.007 0.424 0.235 -0.863 0.448 -0.718 -0.539 0.439 -0.752 0.495 0.436 0.286 0.865 0.412 -0.032 -0.044 0.998 0.04 -0.035 -0.999 0.675 -0.581 -0.455 -0.236 -0.899 -0.37 0.702 0.537 -0.468 -0.907 -0.048 -0.418 -0.233 0.878 -0.419 0.891 -0.026 0.453 0.185 -0.895 0.406 -0.663 -0.592 0.458 -0.713 0.498 0.494 0.23 0.874 0.429 -0.066 -0.047 0.997 0.084 -0.016 -0.996 0.74 -0.459 -0.492 -0.236 -0.839 -0.49 0.753 0.451 -0.48 -0.882 -0.025 -0.47 -0.221 0.846 -0.485 0.925 0.011 0.38 0.312 -0.85 0.425 -0.725 -0.52 0.451 -0.725 0.499 0.474 0.338 0.834 0.435 0.006 0.001 1 -0.053 -0.03 -0.998 0.727 -0.531 -0.435 -0.297 -0.827 -0.478 0.737 0.502 -0.452 -0.898 0.004 -0.439 -0.353 0.817 -0.456 0.907 -0.026 0.42 0.31 -0.855 0.416 -0.766 -0.508 0.394 -0.766 0.511 0.39 0.27 0.849 0.454 0.011 0.005 1 -0.027 0.039 -0.999 0.761 -0.53 -0.374 -0.301 -0.856 -0.421 0.745 0.493 -0.45 -0.916 0.049 -0.398 -0.344 0.822 -0.454 0.895 -0.088 0.437 0.304 -0.829 0.47 -0.732 -0.51 0.452 -0.782 0.478 0.401 0.283 0.842 0.46 -0.002 -0.078 0.997 -0.091 0.015 -0.996 0.719 -0.557 -0.416 -0.343 -0.846 -0.409 0.704 0.602 -0.376 -0.917 0.032 -0.397 -0.342 0.871 -0.353 0.899 0.045 0.435 0.288 -0.865 0.411 -0.782 -0.492 0.383 -0.73 0.588 0.348 0.232 0.883 0.408 0 0.072 0.997 0.005 0.041 -0.999 0.713 -0.492 -0.5 -0.271 -0.825 -0.496 0.681 0.547 -0.487 -0.864 0.015 -0.503 -0.222 0.828 -0.515 0.911 0.031 0.411 0.28 -0.869 0.408 -0.723 -0.549 0.419 -0.718 0.579 0.387 0.284 0.886 0.367 0.015 0.011 1 -0.018 0.021 -1 0.736 -0.523 -0.429 -0.323 -0.837 -0.442 0.75 0.52 -0.408 -0.9 -0.01 -0.436 -0.258 0.858 -0.445 0.91 0.036 0.413 0.291 -0.849 0.441 -0.739 -0.543 0.399 -0.747 0.522 0.412 0.322 0.851 0.414 0.029 0.012 1 0.003 0.027 -1 0.76 -0.511 -0.4 -0.293 -0.866 -0.405 0.738 0.557 -0.38 -0.923 0.029 -0.383 -0.277 0.885 -0.373 0.893 0.037 0.448 0.288 -0.838 0.464 -0.739 -0.492 0.459 -0.711 0.543 0.447 0.271 0.854 0.443 -0.007 0.038 0.999 -0.058 -0.029 -0.998 0.725 -0.586 -0.362 -0.31 -0.876 -0.369 0.748 0.569 -0.342 -0.933 -0.003 -0.361 -0.336 0.884 -0.326 0.896 0.014 0.445 0.305 -0.861 0.406 -0.751 -0.517 0.411 -0.722 0.568 0.395 0.245 0.86 0.448 0.017 0.052 0.998 -0.051 -0.012 -0.999 0.688 -0.501 -0.525 -0.319 -0.783 -0.534 0.695 0.494 -0.523 -0.847 -0.025 -0.531 -0.298 0.794 -0.529 0.88 0.016 0.475 0.252 -0.841 0.478 -0.75 -0.505 0.428 -0.754 0.477 0.452 0.289 0.828 0.481 -0.007 -0.002 1 -0.012 0.023 -1 0.691 -0.525 -0.496 -0.277 -0.848 -0.451 0.649 0.576 -0.496 -0.878 -0.008 -0.478 -0.238 0.848 -0.473 0.874 0.027 0.486 0.199 -0.853 0.483 -0.686 -0.548 0.479 -0.695 0.534 0.481 0.246 0.86 0.448 -0.03 -0.013 0.999 0.008 -0.041 -0.999 0.713 -0.579 -0.395 -0.245 -0.901 -0.357 0.733 0.532 -0.424 -0.899 -0.067 -0.433 -0.256 0.864 -0.435 0.886 -0.059 0.46 0.234 -0.877 0.419 -0.66 -0.609 0.439 -0.727 0.501 0.469 0.302 0.841 0.449 0.017 -0.085 0.996 -0.002 -0.056 -0.998 -0.24 -0.847 -0.475 0.775 0.492 -0.396 -0.883 -0.018 -0.469 -0.289 0.854 -0.432 0.888 -0.013 0.459 0.355 -0.829 0.433 -0.72 -0.537 0.439 -0.703 0.541 0.461 0.32 0.804 0.501 0.083 0.026 0.996 0.061 -0.018 -0.998 0.715 -0.548 -0.434 -0.196 -0.893 -0.406 0.732 0.507 -0.456 -0.896 -0.009 -0.444 -0.235 0.868 -0.438 0.885 -0.049 0.463 0.298 -0.82 0.489 -0.649 -0.545 0.53 -0.678 0.521 0.519 0.28 0.82 0.499 0.012 -0.034 0.999 -0.041 0.022 -0.999 0.698 -0.54 -0.47 -0.28 -0.832 -0.479 0.687 0.545 -0.481 -0.858 0.009 -0.514 -0.269 0.82 -0.505 0.86 -0.01 0.51 0.258 -0.834 0.487 -0.697 -0.544 0.467 -0.714 0.54 0.446 0.26 0.846 0.466 0.021 -0.018 1 0.044 0.082 -0.996 0.812 -0.437 -0.387 -0.271 -0.866 -0.419 0.754 0.526 -0.394 -0.932 0.079 -0.354 -0.279 0.875 -0.395 0.902 0.028 0.431 0.295 -0.809 0.509 -0.757 -0.425 0.497 -0.748 0.497 0.441 0.251 0.861 0.443 -0.04 0.033 0.999 -0.054 -0.051 -0.997 0.779 -0.47 -0.416 -0.289 -0.792 -0.538 0.788 0.459 -0.411 -0.898 0.004 -0.44 -0.361 0.808 -0.465 0.908 -0.013 0.419 0.376 -0.822 0.428 -0.785 -0.471 0.403 -0.768 0.491 0.412 0.32 0.805 0.5 0.081 0.04 0.996 0.017 0.098 -0.995 0.741 -0.458 -0.491 -0.306 -0.829 -0.468 0.67 0.595 -0.444 -0.906 0.082 -0.415 -0.251 0.881 -0.4 0.89 0.093 0.446 0.24 -0.843 0.482 -0.762 -0.444 0.472 -0.698 0.567 0.437 0.211 0.893 0.398 -0.074 0.086 0.994 -0.061 0.038 -0.997 0.735 -0.478 -0.481 -0.285 -0.803 -0.524 0.693 0.541 -0.477 -0.859 0.056 -0.509 -0.315 0.808 -0.497 0.891 0.017 0.454 0.334 -0.821 0.463 -0.755 -0.492 0.432 -0.726 0.564 0.393 0.28 0.852 0.441 0.042 0.036 0.998 -0.006 0.062 -0.998 0.759 -0.501 -0.416 -0.297 -0.862 -0.41 0.722 0.518 -0.459 -0.916 0.048 -0.399 -0.307 0.835 -0.457 0.903 -0.028 0.429 0.278 -0.83 0.484 -0.737 -0.492 0.463 -0.773 0.487 0.406 0.252 0.872 0.421 -0.038 -0.037 0.999 0.061 0.057 -0.997 0.751 -0.476 -0.458 -0.268 -0.868 -0.417 0.705 0.562 -0.432 -0.916 0.041 -0.399 -0.223 0.893 -0.39 0.925 0.056 0.375 0.262 -0.867 0.424 -0.747 -0.497 0.44 -0.72 0.552 0.421 0.258 0.894 0.367 -0.055 0.039 0.998 0.031 0.016 -0.999 0.733 -0.534 -0.421 -0.244 -0.872 -0.424 0.72 0.546 -0.427 -0.908 0.035 -0.417 -0.264 0.883 -0.388 0.898 0.011 0.44 0.276 -0.865 0.42 -0.721 -0.52 0.459 -0.699 0.565 0.439 0.24 0.879 0.412 -0.021 0.028 0.999 0.052 0.023 -0.998 0.743 -0.488 -0.457 -0.244 -0.856 -0.456 0.721 0.563 -0.404 -0.899 0.031 -0.437 -0.215 0.897 -0.387 0.905 0.075 0.418 0.304 -0.85 0.43 -0.727 -0.509 0.461 -0.665 0.587 0.462 0.278 0.864 0.419 0.014 0.081 0.997 0.051 0.019 -0.998 0.703 -0.478 -0.527 -0.258 -0.839 -0.479 0.683 0.549 -0.482 -0.875 -0.027 -0.483 -0.183 0.86 -0.477 0.905 0.073 0.419 0.264 -0.853 0.45 -0.681 -0.567 0.464 -0.702 0.524 0.482 0.288 0.864 0.413 -0.01 0.035 0.999 0.069 0.032 -0.997 0.719 -0.506 -0.477 -0.2 -0.84 -0.505 0.708 0.505 -0.494 -0.863 0.058 -0.502 -0.222 0.848 -0.481 0.917 -0.015 0.4 0.328 -0.852 0.409 -0.713 -0.521 0.469 -0.683 0.59 0.431 0.287 0.869 0.403 0.037 0.009 0.999 0.001 -0.067 -0.998 0.688 -0.542 -0.482 -0.251 -0.835 -0.49 0.738 0.439 -0.513 -0.886 -0.024 -0.463 -0.332 0.808 -0.486 0.893 -0.072 0.444 0.286 -0.853 0.437 -0.753 0.459 0.472 0.257 0.828 0.499 -0.033 -0.031 0.999 -0.065 -0.018 -0.998 0.725 -0.517 -0.455 -0.348 -0.814 -0.464 0.739 0.481 -0.472 -0.888 -0.043 -0.458 -0.335 0.787 -0.518 0.901 -0.034 0.433 0.267 -0.854 0.447 -0.763 -0.52 0.383 -0.799 0.455 0.393 0.309 0.839 0.448 -0.002 -0.056 0.998 -0.069 0.022 -0.997 0.679 -0.487 -0.55 -0.332 -0.763 -0.554 0.655 0.542 -0.527 -0.856 0.037 -0.516 -0.326 0.798 -0.507 0.867 0.05 0.496 0.24 -0.839 0.488 -0.772 -0.453 0.445 -0.728 0.52 0.446 0.214 0.851 0.48 -0.048 0.055 0.997 0.016 0.036 -0.999 0.679 -0.52 -0.519 -0.273 -0.855 -0.442 0.652 0.598 -0.466 -0.895 0.005 -0.446 -0.2 0.889 -0.412 0.903 0.079 0.423 0.216 -0.884 0.414 -0.703 -0.556 0.442 -0.692 0.565 0.45 0.216 0.904 0.369 -0.055 0.06 0.997 0.068 -0.027 -0.997 0.737 -0.534 -0.415 -0.218 -0.875 -0.433 0.755 0.509 -0.415 -0.917 0.015 -0.398 -0.264 0.88 -0.395 0.909 0.002 0.417 0.292 -0.88 0.375 -0.733 -0.5 0.46 -0.698 0.578 0.424 0.221 0.886 0.406 -0.034 0.045 0.998 0.022 0.064 -0.998 0.763 -0.485 -0.427 -0.271 -0.851 -0.45 0.718 0.573 -0.395 -0.898 0.06 -0.437 -0.236 0.891 -0.389 0.913 0.074 0.402 0.321 -0.838 0.441 -0.747 -0.505 0.433 -0.697 0.589 0.408 0.293 0.877 0.38 0.025 0.066 0.998 -0.099 -0.071 -0.993 0.666 -0.607 -0.434 -0.289 -0.854 -0.433 0.72 0.537 -0.44 -0.869 -0.06 -0.492 -0.319 0.836 -0.445 0.887 -0.02 0.462 0.269 -0.884 0.383 -0.73 -0.584 0.354 -0.741 0.546 0.391 0.278 0.856 0.436 0.035 -0.006 0.999 0.026 0.05 -0.998 0.761 -0.482 -0.434 -0.286 -0.854 -0.435 0.717 0.515 -0.469 -0.903 0.036 -0.428 -0.269 0.849 -0.456 0.887 0.019 0.461 0.278 -0.808 0.519 -0.714 -0.482 0.508 -0.714 0.503 0.487 0.294 0.843 0.449 -0.009 -0.009 1 -0.001 -0.043 -0.999 0.689 -0.603 -0.402 -0.22 -0.91 -0.352 0.717 0.552 -0.425 -0.897 -0.043 -0.441 -0.247 0.881 -0.403 0.874 -0.055 0.484 0.228 -0.886 0.403 -0.655 -0.603 0.456 -0.694 0.542 0.474 0.261 0.856 0.447 0.012 -0.058 0.998 -0.01 0.05 -0.999 0.706 -0.546 -0.451 -0.248 -0.878 -0.41 0.644 0.603 -0.471 -0.888 0.047 -0.457 -0.241 0.877 -0.417 0.893 0.002 0.451 0.221 -0.874 0.433 -0.703 -0.545 0.457 -0.684 0.594 0.424 0.224 0.894 0.389 -0.02 -0.015 1 0.001 0.036 -0.999 0.739 -0.474 -0.478 -0.266 -0.824 -0.5 0.709 0.512 -0.485 -0.865 0.025 -0.502 -0.255 0.819 -0.514 0.917 0.007 0.399 0.317 -0.848 0.425 -0.74 -0.531 0.413 -0.733 0.555 0.394 0.321 0.864 0.388 0.035 -0.005 0.999 -0.01 -0.017 -1 0.731 -0.461 -0.503 -0.288 -0.812 -0.507 0.737 0.463 -0.492 -0.903 0.019 -0.428 -0.327 0.828 -0.455 0.879 0.003 0.476 0.284 -0.823 0.492 -0.764 -0.42 0.49 -0.753 0.439 0.49 0.228 0.818 0.528 -0.074 0.039 0.997 0.007 0.077 -0.997 0.745 -0.525 -0.411 -0.279 -0.876 -0.394 0.699 0.557 -0.449 -0.887 0.032 -0.46 -0.24 0.847 -0.474 0.89 -0.035 0.455 0.273 -0.831 0.485 -0.674 -0.566 0.476 -0.727 0.53 0.437 0.308 0.859 0.408 0.033 -0.082 0.996 -0.012 0.009 -1 0.734 -0.5 -0.461 -0.294 -0.827 -0.479 0.726 0.517 -0.453 -0.888 0.009 -0.46 -0.288 0.836 -0.467 0.891 0.015 0.453 0.289 -0.839 0.46 -0.741 -0.504 0.444 -0.73 0.521 0.443 0.285 0.844 0.455 0.007 0.015 1 0.022 0.007 -1 0.748 -0.455 -0.483 -0.286 -0.814 -0.506 0.773 0.465 -0.431 -0.894 -0.015 -0.447 -0.23 0.834 -0.502 0.922 0.036 0.385 0.318 -0.856 0.407 -0.749 -0.521 0.409 -0.739 0.531 0.415 0.335 0.853 0.4 0.014 0.03 0.999 0.006 -0.021 -1 0.75 -0.471 -0.464 -0.307 -0.818 -0.486 0.764 0.471 -0.442 -0.917 -0.003 -0.399 -0.314 0.84 -0.442 0.919 0.019 0.395 0.282 -0.855 0.435 -0.793 -0.447 0.413 -0.774 0.467 0.428 0.265 0.844 0.466 -0.039 0.04 0.998 0.029 -0.028 -0.999 0.735 -0.488 -0.47 -0.213 -0.821 -0.529 0.738 0.485 -0.469 -0.885 0.047 -0.464 -0.309 0.844 -0.439 0.923 -0.003 0.386 0.357 -0.852 0.383 -0.762 -0.489 0.425 -0.724 0.558 0.406 0.25 0.863 0.44 0.006 0.069 0.998 0.066 -0.014 -0.998 0.734 -0.471 -0.489 -0.252 -0.827 -0.502 0.763 0.469 -0.445 -0.862 -0.045 -0.505 -0.179 0.848 -0.498 0.889 0.041 0.457 0.303 -0.83 0.468 -0.694 -0.537 0.48 -0.675 0.525 0.519 0.382 0.795 0.471 0.059 0.01 0.998 0.009 0.012 -1 0.728 -0.562 -0.393 -0.234 -0.879 -0.415 0.735 0.541 -0.409 -0.885 0.019 -0.466 -0.238 0.887 -0.395 0.921 0.008 0.39 0.322 -0.869 0.376 -0.711 -0.588 0.386 -0.717 0.577 0.391 0.31 0.88 0.361 0.058 0.009 0.998 0.039 -0.118 -0.992 0.623 -0.639 -0.452 -0.188 -0.9 -0.393 0.742 0.477 -0.472 -0.897 -0.091 -0.433 -0.254 0.867 -0.429 0.876 -0.072 0.478 0.217 -0.883 0.415 -0.627 -0.604 0.491 -0.678 0.491 0.547 0.231 0.826 0.514 -0.025 -0.044 0.999 0.013 0.002 -1 0.768 -0.498 -0.403 -0.346 -0.861 -0.373 0.796 0.505 -0.334 -0.931 -0.069 -0.359 -0.216 0.876 -0.431 0.888 0.056 0.456 0.219 -0.832 0.51 -0.747 -0.506 0.432 -0.695 0.487 0.528 0.397 0.796 0.458 0.01 -0.028 1 -0 1 -0.02 -0.866 0.5 -0.014 -0.866 0.499 -0.015 0 1 -0.022 -0.866 -0.5 0.018 -0.866 -0.5 0.019 -0 -0.999 0.043 0 -0.999 0.047 0.866 -0.499 0.037 0.865 -0.499 0.04 0.866 0.5 0.005 0.866 0.5 0.006 -0.867 0.499 -0.018 0 1 -0.027 -0.865 -0.501 0.024 0 -0.998 0.057 0.865 -0.499 0.049 0.866 0.499 0.007 -0.867 0.498 -0.023 0 0.999 -0.034 -0.865 -0.501 0.03 0 -0.997 0.073 0.865 -0.499 0.063 0.867 0.499 0.009 -0.866 0.499 -0.027 -0 0.999 -0.039 -0.866 -0.499 0.034 -0.001 -0.997 0.083 0.865 -0.497 0.071 0.865 0.501 0.01 0 0.944 0.33 -0.862 0.5 0.086 -0.856 0.507 0.098 0.002 0.933 0.36 -0.863 -0.448 -0.234 -0.866 -0.432 -0.253 -0.002 -0.951 -0.31 0.001 -0.941 -0.338 0.86 -0.507 -0.066 0.864 -0.499 -0.07 0.861 0.441 0.254 0.856 0.436 0.277 -0.853 0.508 0.122 0.003 0.903 0.43 -0.865 -0.403 -0.298 0.002 -0.914 -0.405 0.863 -0.498 -0.086 0.852 0.408 0.329 -0.848 0.506 0.159 -0 0.849 0.529 -0.863 -0.354 -0.36 0.006 -0.866 -0.499 0.863 -0.493 -0.109 0.843 0.361 0.399 -0.858 0.486 0.168 -0.01 0.811 0.584 -0.851 -0.337 -0.402 0.003 -0.832 -0.555 0.852 -0.506 -0.137 0.844 0.317 0.432 -0 0.987 -0.161 -1 -0 -0.001 -1 -0.011 0.001 0 0.983 -0.183 0 -0.984 0.179 0.001 -0.979 0.203 1 0.003 0.019 1 -0.006 0.023 -1 -0.019 0.004 0.001 0.97 -0.245 0.001 -0.963 0.271 0.999 -0.011 0.033 -1 -0 -0.002 0 0.959 -0.284 -0.001 -0.949 0.314 0.999 0.009 0.032 0.005 0.997 -0.076 -0.917 0.035 0.397 -0.894 0.04 0.446 -0.016 0.997 -0.078 0.002 -0.996 0.092 -0.019 -0.993 0.116 0.924 -0.034 -0.381 0.903 -0.049 -0.428 -0.822 0.064 0.566 -0.028 0.995 -0.099 -0.022 -0.986 0.163 0.835 -0.08 -0.544 -0.997 0.004 0.078 -0.364 0.743 -0.561 -0.351 -0.884 -0.31 0.283 -0.144 -0.948 -0.629 -0.124 -0.767 -0.004 0.842 -0.54 -0.995 -0.059 -0.085 -0.993 -0.097 -0.07 0.002 0.801 -0.599 0.002 -0.833 0.553 0.006 -0.79 0.613 0.993 0.068 0.098 0.991 0.056 0.123 -0.989 -0.132 -0.06 0.01 0.682 -0.731 0 -0.666 0.746 0.986 0.083 0.146 -0.717 -0.558 -0.417 0.102 0.032 -0.994 0.085 -0.939 0.335 0.904 -0.351 -0.244 0.164 -0.797 -0.581 -0.007 0.996 -0.091 -0.869 -0.051 -0.492 -0.834 -0.071 -0.547 0.018 0.996 -0.089 -0.001 -0.995 0.105 0.022 -0.99 0.138 0.861 0.052 0.506 0.825 0.06 0.563 -0.732 -0.114 -0.672 0.03 0.993 -0.116 0.02 -0.981 0.194 0.717 0.096 0.69 -0.105 -0.179 -0.978 0.441 0.737 -0.512 0.423 -0.88 -0.215 0.967 0.036 0.253 0.759 -0.126 -0.639 0 0.985 0.174 -1 0.001 -0.003 -1 0.011 -0.001 0.001 0.98 0.198 -0 -0.987 -0.158 0 -0.984 -0.18 1 -0.003 0.018 1 0.006 0.022 -1 0.019 0.001 0.001 0.965 0.264 0.001 -0.97 -0.241 0.999 0.011 0.032 -0.813 0.17 -0.557 0.01 0.953 -0.301 0.011 -0.621 -0.783 0.834 0.162 -0.528 0.019 0.293 -0.956 0.002 0.955 0.297 -0.888 0.139 -0.438 -0.86 0.191 -0.474 0.021 0.935 0.353 -0.013 -0.96 -0.279 0.012 -0.951 -0.308 0.878 -0.144 0.457 0.848 -0.164 0.504 -0.78 0.295 -0.552 0.008 0.883 0.469 0.032 -0.914 -0.406 0.762 -0.252 0.597 -0.725 0.328 -0.605 -0.038 0.859 0.51 0.016 -0.871 -0.491 0.703 -0.339 0.625 0.01 0.786 0.619 -0.881 0.3 -0.367 -0.859 0.378 -0.346 0.019 0.721 0.692 -0.021 -0.798 -0.603 0.003 -0.75 -0.662 0.87 -0.312 0.382 0.847 -0.341 0.409 -0.811 0.496 -0.309 -0.011 0.562 0.827 0.028 -0.6 -0.8 0.793 -0.458 0.402 -0.278 0.838 -0.47 0.325 0.786 0.526 0.392 -0.003 -0.92 0.996 -0.052 0.075 0.632 0.692 -0.349 -0.001 1 0.024 -0.997 0.001 -0.074 -0.996 0.003 -0.084 0.004 1 0.028 -0.001 -1 -0.008 0.004 -1 -0.009 0.996 -0.002 0.09 0.995 -0.001 0.103 -0.994 0.005 -0.113 0.008 0.999 0.039 0.008 -1 -0.011 0.99 -0.001 0.138 -0.732 0.02 -0.681 0.083 0.84 -0.536 0.084 -0.807 -0.584 0.898 0.013 -0.439 0.147 0.029 -0.989 -0.006 0.999 0.037 -0.717 0.022 -0.697 -0.653 0.03 -0.756 0.018 0.997 0.074 -0.009 -1 -0.023 0.016 -1 0.002 0.703 -0.022 0.711 0.637 -0.027 0.771 -0.486 0.049 -0.873 0.012 0.994 0.106 0.015 -1 -0 0.464 -0.043 0.885 0.224 0.063 -0.973 0.526 0.836 -0.156 0.532 -0.806 -0.261 0.83 -0.032 0.557 0.93 0.027 -0.367 -0.003 0.831 0.557 -0.985 -0.097 0.14 -0.982 -0.091 0.167 -0.008 0.787 0.617 0.006 -0.843 -0.538 -0.003 -0.802 -0.597 0.989 0.085 -0.122 0.986 0.128 -0.108 -0.972 -0.132 0.192 0.001 0.661 0.751 -0.013 -0.684 -0.729 0.979 0.175 -0.101 -0.969 -0.192 0.158 0.018 0.575 0.818 -0.011 -0.6 -0.8 0.976 0.168 -0.139 0.004 0.892 0.453 -0.957 0.135 -0.258 -0.946 0.189 -0.263 0.015 0.859 0.512 -0.01 -0.9 -0.435 0.007 -0.874 -0.485 0.951 -0.144 0.275 0.939 -0.153 0.309 -0.918 0.276 -0.286 0.002 0.764 0.646 0.026 -0.79 -0.613 0.906 -0.226 0.359 -0.478 0.607 -0.634 0.235 0.946 0.223 0.277 -0.229 -0.933 0.991 0.112 -0.077 0.452 0.634 -0.628 0.004 0.623 0.782 -0.992 0.1 -0.075 -0.99 0.136 -0.036 0.005 0.545 0.838 -0.007 -0.638 -0.77 0 -0.562 -0.827 0.99 -0.116 0.087 0.987 -0.106 0.118 -0.988 0.155 -0.009 -0.004 0.353 0.935 0.008 -0.375 -0.927 0.984 -0.138 0.117 -0.715 0.675 -0.183 0.085 0.748 0.658 0.105 0.337 -0.936 0.906 0.413 -0.095 0.168 0.955 -0.245 -0.011 0.652 0.758 -0.905 -0.329 0.27 -0.892 -0.348 0.29 -0.014 0.57 0.822 0.02 -0.667 -0.745 0.001 -0.596 -0.803 0.914 0.314 -0.257 0.902 0.378 -0.211 -0.864 -0.433 0.255 0.015 0.375 0.927 -0.021 -0.405 -0.914 0.879 0.453 -0.15 -0.997 0.077 0.015 -0.26 0.697 0.669 -0.318 0.247 -0.915 0.418 0.87 -0.262 -0.509 0.833 -0.218 0.001 0.984 0.177 -0.97 -0.043 0.24 -0.961 -0.044 0.272 -0.012 0.978 0.206 0.005 -0.988 -0.154 -0.009 -0.985 -0.173 0.975 0.039 -0.217 0.968 0.059 -0.243 -0.933 -0.071 0.354 -0.012 0.961 0.277 -0.021 -0.973 -0.229 0.945 0.098 -0.312 -0.982 0.065 -0.18 -0.214 0.944 -0.251 -0.23 -0.636 -0.736 0.538 0.243 -0.807 -0.394 0.273 -0.878 0.004 0.999 0.052 -0.781 0.483 0.395 -0.768 0.476 0.429 -0.006 0.998 0.062 -0.781 -0.516 0.352 -0.768 -0.513 0.383 0.005 -0.999 -0.033 -0.006 -1 -0.031 0.79 -0.484 -0.376 0.774 -0.486 -0.407 0.79 0.515 -0.334 0.772 0.524 -0.359 -0.726 0.465 0.507 -0.008 0.997 0.079 -0.727 -0.519 0.45 -0.007 -0.999 -0.038 0.734 -0.479 -0.482 0.732 0.535 -0.422 -0.654 0.448 0.61 -0.007 0.995 0.104 -0.657 -0.529 0.537 -0.011 -0.999 -0.047 0.667 -0.467 -0.581 0.666 0.552 -0.501 -0.601 0.446 0.663 0.015 0.995 0.099 -0.605 -0.549 0.577 0.008 -0.997 -0.074 0.625 -0.449 -0.638 0.629 0.547 -0.552 -0.003 0.93 0.368 -0.955 -0.112 0.275 -0.943 -0.118 0.31 -0.015 0.907 0.421 0.009 -0.937 -0.35 -0.008 -0.92 -0.392 0.961 0.105 -0.257 0.95 0.15 -0.272 -0.909 -0.181 0.376 -0.006 0.84 0.543 -0.026 -0.863 -0.505 0.921 0.229 -0.315 -0.886 -0.259 0.385 0.028 0.797 0.604 -0.015 -0.814 -0.581 0.9 0.243 -0.362 0 0.997 0.072 -0.998 -0.004 0.067 -0.997 -0.002 0.077 -0.003 0.997 0.083 0.001 -0.999 -0.054 -0.003 -0.998 -0.061 0.999 0.003 -0.049 0.998 0.008 -0.056 -0.995 -0.003 0.104 -0.005 0.994 0.112 -0.006 -0.997 -0.082 0.997 0.014 -0.075 -0.879 0.055 -0.473 -0.058 0.883 -0.465 -0.06 -0.756 -0.652 0.761 0.073 -0.644 -0.105 0.113 -0.988 0.001 0.728 0.685 -1 0.014 -0.014 -0.999 0.042 0.015 0.001 0.666 0.746 -0.001 -0.741 -0.672 0 -0.681 -0.733 0.999 -0.026 0.027 0.998 -0.005 0.056 -0.998 0.047 0.032 -0.001 0.501 0.865 0.002 -0.52 -0.854 0.997 -0.013 0.07 -0.8 0.548 -0.246 0.02 0.853 0.522 0.024 0.184 -0.983 0.843 0.492 -0.216 0.038 0.913 -0.406 0.005 0.999 0.037 -0.749 -0.021 0.662 -0.691 -0.025 0.722 -0.019 0.997 0.07 0.008 -1 -0.023 -0.018 -1 -0.001 0.762 0.02 -0.647 0.706 0.028 -0.708 -0.533 -0.039 0.845 -0.016 0.995 0.101 -0.019 -1 -0 0.553 0.045 -0.832 -0.873 -0.026 0.488 -0.507 0.838 -0.201 -0.513 -0.804 -0.3 -0.145 0.06 -0.988 -0.897 0.03 -0.441 0.011 0.999 -0.045 -0.667 0.04 0.744 -0.596 0.049 0.801 -0.013 1 -0.024 0.006 -0.998 0.06 -0.017 -0.994 0.104 0.684 -0.04 -0.728 0.615 -0.055 -0.786 -0.416 0.081 0.906 -0.013 0.999 -0.042 -0.007 -0.989 0.149 0.44 -0.091 -0.894 -0.304 0.108 0.946 0.006 0.994 -0.111 0.02 -0.992 0.121 0.331 -0.107 -0.937 0.034 0.751 -0.66 -0.668 0.508 0.543 -0.626 0.566 0.537 0.006 0.685 -0.728 -0.015 -0.74 0.672 -0.019 -0.642 0.766 0.687 -0.496 -0.531 0.645 -0.602 -0.471 -0.543 0.725 0.423 -0.026 0.461 -0.887 0.028 -0.419 0.907 0.569 -0.754 -0.328 -0.911 0.376 0.169 -0.529 -0.044 -0.848 -0.439 -0.532 0.724 -0.058 -0.954 -0.293 -0.854 -0.509 -0.109 0.003 0.999 -0.033 -0.971 0.011 0.238 -0.963 0.011 0.27 -0.011 0.999 -0.034 0.002 -0.999 0.052 -0.011 -0.998 0.063 0.976 -0.01 -0.218 0.969 -0.015 -0.248 -0.934 0.018 0.356 -0.019 0.999 -0.043 -0.017 -0.996 0.088 0.944 -0.026 -0.328 -0.981 -0.017 -0.192 -0.226 0.782 -0.581 -0.221 -0.863 -0.454 0.535 -0.063 -0.842 -0.395 -0.072 -0.916 -0.01 0.858 0.513 -0.808 -0.31 0.502 -0.771 -0.349 0.533 -0.023 0.804 0.594 0.022 -0.866 -0.499 -0.005 -0.833 -0.553 0.819 0.301 -0.488 0.784 0.387 -0.485 -0.683 -0.488 0.544 0.008 0.671 0.742 -0.033 -0.713 -0.7 -0.963 -0.185 0.195 -0.398 0.799 0.45 -0.471 -0.195 -0.86 0.093 0.791 -0.605 -0.766 0.532 -0.362 0.014 0.998 -0.068 -0.505 0.066 0.861 -0.398 -0.253 0.882 -0.112 0.957 0.269 0.007 -0.997 0.08 0.105 -0.979 -0.176 0.526 -0.065 -0.848 0.428 0.247 -0.869 -0.108 -0.867 0.487 -0.168 0.455 0.874 0.204 -0.457 -0.866 0.124 0.915 -0.385 -0.531 -0.846 -0.054 -0.65 -0.021 0.76 -0.476 -0.026 -0.879 -0.598 0.799 -0.065 -0.994 -0.041 -0.105 0.016 0.864 -0.504 -0.907 0.225 0.357 -0.887 0.246 0.391 -0.006 0.83 -0.558 -0.007 -0.854 0.521 -0.019 -0.808 0.589 0.915 -0.215 -0.34 0.897 -0.284 -0.339 -0.836 0.349 0.423 -0.029 0.719 -0.694 0.003 -0.685 0.728 0.852 -0.396 -0.342 -0.806 0.445 0.39 -0.026 0.632 -0.775 0.043 -0.612 0.79 0.823 -0.427 -0.375 0.006 0.999 -0.054 -0.913 0.027 0.407 -0.889 0.03 0.456 -0.016 0.999 -0.051 0.003 -0.997 0.072 -0.018 -0.995 0.094 0.921 -0.026 -0.388 0.899 -0.037 -0.436 -0.814 0.049 0.579 -0.027 0.998 -0.064 -0.022 -0.991 0.133 0.83 -0.061 -0.555 -0.996 0.005 0.094 -0.368 0.767 -0.526 -0.358 -0.871 -0.337 0.272 -0.109 -0.956 -0.64 -0.092 -0.763 0.027 0.739 -0.673 -0.788 0.43 0.441 -0.757 0.471 0.452 -0 0.678 -0.735 -0.016 -0.73 0.683 -0.022 -0.646 0.763 0.798 -0.421 -0.431 0.768 -0.51 -0.387 -0.694 0.603 0.394 -0.03 0.488 -0.872 0.018 -0.453 0.891 0.71 -0.637 -0.299 -0.973 0.194 0.123 -0.462 -0.079 -0.884 -0.381 -0.652 0.655 0.128 -0.927 -0.352 -0.74 -0.642 -0.201 0.004 0.808 -0.59 -0.994 0.071 0.089 -0.992 0.057 0.115 -0.002 0.76 -0.65 -0.002 -0.797 0.604 -0.005 -0.747 0.665 0.995 -0.06 -0.075 0.994 -0.097 -0.055 -0.987 0.084 0.134 -0.009 0.624 -0.781 0.001 -0.607 0.795 0.991 -0.127 -0.041 -0.898 -0.38 -0.222 -0.093 -0.049 -0.994 -0.077 -0.909 0.409 0.728 -0.581 -0.365 -0.149 -0.844 -0.516 -0.001 0.998 -0.066 -0.999 -0.003 -0.038 -0.999 -0.009 -0.043 0.002 0.997 -0.075 -0 -0.996 0.087 0.003 -0.995 0.1 0.998 0.005 0.059 0.998 0.001 0.068 -0.998 -0.015 -0.057 0.005 0.995 -0.101 0.004 -0.991 0.134 0.996 0.002 0.092 -0.998 -0.008 -0.067 -0.001 0.993 -0.118 -0.003 -0.988 0.156 0.994 0.013 0.105 -0 0.925 0.38 -0.998 -0.024 0.058 -0.997 -0.01 0.074 -0.003 0.904 0.428 0.002 -0.934 -0.358 -0.001 -0.915 -0.404 0.999 0.016 -0.037 0.999 0.04 -0.031 -0.995 -0.016 0.098 -0.001 0.837 0.548 -0.005 -0.854 -0.52 0.998 0.061 -0.029 -0.87 0.301 -0.39 -0.044 0.998 0.051 -0.051 -0.32 -0.946 0.775 0.379 -0.506 -0.084 0.601 -0.794 0.007 0.968 -0.249 -0.957 0.079 0.281 -0.945 0.084 0.317 -0.009 0.96 -0.279 -0.001 -0.963 0.268 -0.015 -0.951 0.31 0.962 -0.074 -0.262 0.952 -0.109 -0.287 -0.907 0.133 0.399 -0.026 0.93 -0.366 -0.011 -0.912 0.411 0.919 -0.174 -0.353 -0.992 -0.07 -0.103 -0.274 0.51 -0.815 -0.246 -0.966 -0.08 0.473 -0.386 -0.792 -0.459 -0.403 -0.792 -0.012 0.96 -0.279 -0.899 -0.132 -0.418 -0.873 -0.183 -0.453 0.011 0.951 -0.308 0.002 -0.955 0.297 0.021 -0.936 0.352 0.889 0.138 0.437 0.861 0.156 0.484 -0.799 -0.283 -0.53 0.032 0.914 -0.405 0.008 -0.884 0.467 0.781 0.24 0.577 -0.226 -0.481 -0.847 0.404 0.498 -0.767 0.361 -0.931 0.055 0.99 0.047 0.135 0.675 -0.383 -0.63 0.001 0.905 -0.426 -0.864 0.473 -0.172 -0.87 0.459 -0.182 -0 0.887 -0.462 -0.865 -0.427 0.264 -0.859 -0.422 0.289 -0 -0.896 0.444 -0.001 -0.877 0.481 0.865 -0.464 0.19 0.859 -0.466 0.211 0.866 0.436 -0.245 0.871 0.416 -0.261 -0.872 0.441 -0.215 -0.001 0.839 -0.544 -0.856 -0.39 0.338 -0.001 -0.825 0.566 0.857 -0.449 0.253 0.873 0.383 -0.303 -0.875 0.41 -0.258 -0.003 0.758 -0.652 -0.851 -0.337 0.402 0.001 -0.738 0.675 0.854 -0.418 0.309 0.875 0.329 -0.356 -0.864 0.405 -0.3 -0.002 0.704 -0.71 -0.86 -0.288 0.423 0.005 -0.68 0.733 0.866 -0.382 0.324 0.863 0.311 -0.399 0.012 0.757 -0.653 -0.955 0.203 0.217 -0.947 0.209 0.245 -0.003 0.701 -0.713 -0.008 -0.747 0.665 -0.013 -0.684 0.73 0.96 -0.192 -0.205 0.952 -0.249 -0.178 -0.927 0.28 0.249 -0.02 0.543 -0.839 0.005 -0.521 0.854 0.936 -0.318 -0.151 -0.918 0.346 0.191 -0.022 0.438 -0.899 0.03 -0.419 0.907 0.927 -0.328 -0.182 0.026 0.699 -0.714 -0.791 0.452 0.413 -0.763 0.49 0.421 -0.001 0.631 -0.776 -0.019 -0.693 0.721 -0.023 -0.603 0.798 0.798 -0.445 -0.406 0.771 -0.531 -0.353 -0.708 0.614 0.35 -0.031 0.427 -0.904 0.019 -0.399 0.917 0.72 -0.646 -0.254 -0.979 0.178 0.103 -0.454 -0.147 -0.879 -0.374 -0.618 0.691 0.148 -0.945 -0.291 -0.724 -0.669 -0.164 0.012 0.516 -0.857 -0.971 0.21 0.113 -0.968 0.209 0.141 0.001 0.428 -0.904 -0.008 -0.501 0.865 -0.007 -0.41 0.912 0.975 -0.195 -0.105 0.972 -0.231 -0.052 -0.962 0.248 0.116 -0.01 0.22 -0.975 0.01 -0.201 0.98 0.968 -0.251 -0.01 -0.942 -0.334 -0.014 -0.165 -0.47 -0.867 -0.136 -0.624 0.77 0.641 -0.763 -0.083 -0.264 -0.961 -0.085 -0.004 0.788 -0.615 -0.996 -0.059 -0.069 -0.994 -0.095 -0.046 0.002 0.737 -0.676 0.002 -0.779 0.627 0.005 -0.725 0.689 0.994 0.069 0.081 0.993 0.054 0.108 -0.992 -0.122 -0.03 0.008 0.593 -0.805 -0.001 -0.577 0.817 0.989 0.079 0.125 -0.735 -0.588 -0.337 0.086 -0.09 -0.992 0.071 -0.894 0.443 0.892 -0.399 -0.213 0.138 -0.865 -0.483 0.005 0.991 -0.134 -0.944 0.049 0.327 -0.928 0.054 0.369 -0.014 0.989 -0.147 -0 -0.989 0.148 -0.017 -0.984 0.177 0.949 -0.047 -0.313 0.934 -0.069 -0.351 -0.877 0.087 0.473 -0.028 0.981 -0.193 -0.019 -0.97 0.242 0.887 -0.113 -0.448 -0.999 -0.021 -0.036 -0.313 0.672 -0.672 -0.295 -0.92 -0.257 0.392 -0.228 -0.891 -0.534 -0.219 -0.817 -0.014 0.939 -0.343 -0.874 -0.178 -0.452 -0.844 -0.241 -0.479 0.011 0.925 -0.38 0.005 -0.933 0.359 0.023 -0.906 0.423 0.865 0.184 0.467 0.833 0.209 0.512 -0.763 -0.362 -0.535 0.034 0.868 -0.496 0.005 -0.833 0.553 0.746 0.313 0.587 -0.709 -0.401 -0.58 0.023 0.809 -0.587 -0.042 -0.797 0.602 0.69 0.412 0.595 -0.026 0.688 -0.725 -0.838 -0.41 -0.359 -0.816 -0.489 -0.308 -0.001 0.619 -0.786 0.015 -0.676 0.737 0.018 -0.588 0.809 0.827 0.423 0.371 0.804 0.455 0.382 -0.775 -0.592 -0.222 0.026 0.42 -0.907 -0.019 -0.387 0.922 0.758 0.567 0.322 -0.233 -0.93 -0.283 0.415 -0.18 -0.892 0.341 -0.642 0.686 0.991 0.106 0.078 0.666 -0.724 -0.181 -0.005 0.998 0.07 -0.653 0.049 -0.756 -0.579 0.069 -0.812 0.017 0.993 0.118 -0.011 -0.998 -0.057 0.013 -0.999 -0.037 0.637 -0.05 0.769 0.562 -0.062 0.825 -0.388 -0.205 -0.899 -0.083 0.988 -0.133 0.093 -0.966 0.241 0.358 0.215 0.908 0.38 -0.394 -0.837 0.405 0.729 -0.551 0.699 -0.673 0.242 0.72 0.45 0.529 0.962 0.049 -0.27 -0.001 0.993 0.118 -0.959 0.033 -0.282 -0.947 0.049 -0.318 0.015 0.99 0.141 -0.004 -0.995 -0.102 0.013 -0.994 -0.111 0.954 -0.035 0.298 0.941 -0.038 0.338 -0.908 0.081 -0.412 0.019 0.981 0.194 0.026 -0.989 -0.146 0.897 -0.061 0.437 -0.439 0.174 -0.881 0.272 0.907 -0.321 0.285 -0.707 -0.647 0.996 0.026 -0.086 0.491 0.176 -0.853 -0.005 0.759 -0.651 -0.994 -0.074 -0.079 -0.992 -0.112 -0.052 0.001 0.702 -0.712 0.003 -0.747 0.665 0.005 -0.687 0.727 0.992 0.087 0.093 0.99 0.075 0.121 -0.99 -0.141 -0.033 0.009 0.547 -0.837 -0.002 -0.527 0.85 0.985 0.105 0.134 -0.721 -0.621 -0.309 0.1 -0.146 -0.984 0.082 -0.863 0.499 0.903 -0.392 -0.178 0.16 -0.889 -0.428 0.006 0.989 -0.15 -0.956 0.049 0.289 -0.944 0.053 0.327 -0.011 0.986 -0.167 0.001 -0.985 0.17 -0.014 -0.98 0.2 0.962 -0.046 -0.269 0.951 -0.069 -0.301 -0.903 0.085 0.421 -0.025 0.975 -0.22 -0.015 -0.962 0.271 0.916 -0.113 -0.385 -0.873 0.129 0.471 -0.003 0.963 -0.27 0.019 -0.954 0.3 0.889 -0.121 -0.441 -0.001 0.875 -0.484 -1 -0.004 -0.006 -1 -0.03 0.01 0 0.841 -0.54 0 -0.865 0.502 0.001 -0.829 0.559 1 0.014 0.024 0.999 -0.008 0.042 -0.999 -0.04 0.024 0.002 0.741 -0.672 0 -0.723 0.691 0.998 -0.008 0.06 -0.808 -0.443 -0.388 0.016 0.117 -0.993 0.014 -0.969 0.249 0.839 -0.411 -0.357 0.027 -0.752 -0.658 -0 0.972 0.237 -0.995 -0.024 0.098 -0.993 -0.017 0.114 -0.005 0.963 0.27 0.002 -0.976 -0.217 -0.003 -0.969 -0.246 0.997 0.019 -0.077 0.996 0.038 -0.083 -0.988 -0.026 0.15 -0.005 0.934 0.357 -0.009 -0.945 -0.326 0.993 0.063 -0.104 -0.903 0.174 -0.393 -0.083 0.979 -0.188 -0.092 -0.539 -0.837 0.728 0.267 -0.632 -0.155 0.389 -0.908 0.011 0.992 -0.123 -0.735 0.091 0.672 -0.675 0.109 0.73 -0.015 0.993 -0.12 0.002 -0.991 0.136 -0.022 -0.982 0.188 0.747 -0.09 -0.659 0.689 -0.123 -0.714 -0.516 0.173 0.839 -0.023 0.985 -0.171 -0.01 -0.964 0.267 0.535 -0.197 -0.822 -0.864 0.117 0.49 -0.529 0.723 -0.445 -0.502 -0.865 -0.018 -0.164 -0.259 -0.952 -0.905 -0.125 -0.407 -0.007 0.964 -0.265 -0.828 0.407 -0.385 -0.822 0.388 -0.417 0.002 0.958 -0.287 -0.825 -0.554 -0.11 -0.813 -0.572 -0.111 0 -0.959 0.285 0.006 -0.949 0.314 0.822 -0.401 0.405 0.811 -0.386 0.438 0.818 0.56 0.13 0.816 0.561 0.142 -0.803 0.34 -0.49 0.004 0.937 -0.349 -0.792 -0.599 -0.117 0.007 -0.924 0.381 0.788 -0.338 0.515 0.796 0.585 0.157 -0.768 0.26 -0.585 0.014 0.9 -0.436 -0.761 -0.639 -0.115 -0.001 -0.879 0.476 0.746 -0.26 0.613 0.766 0.62 0.171 -0.738 0.219 -0.638 0.007 0.869 -0.495 -0.755 -0.643 -0.13 -0.026 -0.853 0.521 0.719 -0.203 0.665 0.736 0.658 0.158 -0.015 0.831 -0.556 -0.933 -0.211 -0.29 -0.919 -0.277 -0.279 0.005 0.789 -0.614 0.007 -0.82 0.572 0.017 -0.768 0.64 0.926 0.222 0.306 0.911 0.238 0.337 -0.887 -0.375 -0.269 0.026 0.662 -0.749 -0.004 -0.631 0.776 0.873 0.331 0.358 -0.866 -0.399 -0.301 0.025 0.567 -0.823 -0.039 -0.547 0.836 0.852 0.418 0.315 -0.01 0.992 -0.127 -0.796 -0.085 -0.6 -0.746 -0.116 -0.656 0.016 0.992 -0.127 -0.001 -0.99 0.141 0.023 -0.982 0.188 0.785 0.087 0.614 0.733 0.102 0.672 -0.61 -0.186 -0.77 0.027 0.984 -0.174 0.013 -0.964 0.265 0.592 0.161 0.789 0.069 -0.259 -0.963 0.503 0.712 -0.49 0.477 -0.877 -0.066 0.908 0.094 0.409 0.86 -0.145 -0.489 0.005 0.915 -0.403 -0.989 0.064 0.134 -0.986 0.057 0.158 -0.003 0.892 -0.452 -0.001 -0.906 0.423 -0.007 -0.879 0.476 0.992 -0.054 -0.113 0.99 -0.09 -0.111 -0.977 0.087 0.195 -0.013 0.818 -0.575 -0.002 -0.798 0.603 0.984 -0.134 -0.121 -0.928 -0.255 -0.272 -0.132 0.255 -0.958 -0.112 -0.985 0.134 0.683 -0.477 -0.553 -0.217 -0.647 -0.731 -0.027 0.67 -0.742 -0.837 -0.42 -0.35 -0.816 -0.498 -0.295 -0.002 0.598 -0.801 0.015 -0.658 0.753 0.018 -0.568 0.823 0.826 0.433 0.361 0.804 0.464 0.371 -0.777 -0.595 -0.204 0.026 0.394 -0.919 -0.02 -0.362 0.932 0.76 0.573 0.306 -0.238 -0.937 -0.257 0.413 -0.207 -0.887 0.339 -0.625 0.703 0.992 0.102 0.073 0.662 -0.732 -0.162 0.001 0.976 0.219 -0.913 0.09 -0.397 -0.89 0.127 -0.438 0.02 0.965 0.262 -0.009 -0.979 -0.203 0.014 -0.975 -0.222 0.905 -0.094 0.414 0.881 -0.106 0.462 -0.82 0.202 -0.535 0.014 0.935 0.355 0.031 -0.956 -0.293 0.805 -0.167 0.569 -0.77 0.225 -0.597 -0.028 0.923 0.384 0.01 -0.932 -0.363 0.751 -0.233 0.617 0.011 0.877 0.48 -0.711 0.344 -0.613 -0.659 0.444 -0.607 0.025 0.818 0.575 -0.024 -0.883 -0.469 0.003 -0.852 -0.523 0.698 -0.35 0.624 0.645 -0.405 0.648 -0.545 0.624 -0.56 -0.013 0.673 0.74 0.031 -0.721 -0.692 0.525 -0.574 0.628 0.117 0.799 -0.59 0.462 0.72 0.518 0.542 -0.263 -0.798 0.888 -0.341 0.309 0.882 0.402 -0.247 0 0.849 0.528 -1 -0.001 0.003 -1 0.023 0.021 0 0.81 0.586 -0 -0.86 -0.511 0 -0.823 -0.568 1 -0.009 0.015 0.999 0.014 0.034 -0.999 0.03 0.036 0 0.695 0.719 0.001 -0.714 -0.701 0.999 0.016 0.05 -0.817 0.449 -0.36 0.006 0.957 0.29 0.007 -0.074 -0.997 0.83 0.436 -0.349 0.011 0.78 -0.626 0.001 1 0.01 -0.997 -0 0.078 -0.996 -0 0.089 -0.004 1 0.011 0.001 -1 0.008 -0.004 -1 0.009 0.998 0 -0.06 0.998 0 -0.069 -0.993 -0 0.119 -0.006 1 0.016 -0.007 -1 0.013 0.996 0 -0.093 -0.888 0.001 -0.46 -0.07 0.825 -0.56 -0.07 -0.823 -0.563 0.748 0.001 -0.664 -0.124 0.002 -0.992 -0.016 0.929 -0.37 -0.858 -0.203 -0.472 -0.825 -0.271 -0.496 0.009 0.912 -0.41 0.005 -0.922 0.386 0.023 -0.89 0.455 0.847 0.21 0.488 0.813 0.238 0.532 -0.74 -0.402 -0.54 0.033 0.845 -0.534 0.002 -0.807 0.591 0.721 0.353 0.596 -0.135 -0.627 -0.767 0.448 0.381 -0.809 0.39 -0.889 0.239 0.973 0.117 0.197 0.739 -0.449 -0.503 0.004 0.966 -0.257 -0.986 0.046 0.159 -0.982 0.042 0.182 -0.006 0.957 -0.291 -0.001 -0.962 0.274 -0.009 -0.95 0.312 0.989 -0.042 -0.143 0.986 -0.068 -0.154 -0.97 0.067 0.236 -0.017 0.924 -0.382 -0.008 -0.912 0.41 0.975 -0.11 -0.191 -0.961 0.117 0.252 -0.007 0.897 -0.442 0.014 -0.884 0.466 0.968 -0.105 -0.227 -0.001 0.978 0.21 -0.953 -0.065 0.296 -0.94 -0.07 0.334 -0.016 0.969 0.246 0.006 -0.981 -0.196 -0.012 -0.976 -0.218 0.958 0.062 -0.282 0.946 0.091 -0.313 -0.898 -0.111 0.426 -0.015 0.944 0.33 -0.028 -0.957 -0.287 0.908 0.147 -0.393 -0.995 0.048 -0.084 -0.265 0.949 -0.169 -0.289 -0.588 -0.756 0.442 0.314 -0.84 -0.487 0.318 -0.814 0.012 0.799 -0.601 -0.953 0.192 0.235 -0.943 0.2 0.265 -0.004 0.75 -0.661 -0.007 -0.789 0.614 -0.014 -0.733 0.68 0.958 -0.182 -0.223 0.949 -0.24 -0.204 -0.92 0.275 0.279 -0.022 0.609 -0.793 0.004 -0.585 0.811 0.93 -0.317 -0.186 -0.982 -0.175 -0.07 -0.253 -0.04 -0.967 -0.209 -0.865 0.457 0.519 -0.732 -0.441 -0.406 -0.796 -0.449 -0.005 0.996 -0.088 -0.944 -0.033 -0.328 -0.928 -0.048 -0.369 0.014 0.996 -0.093 -0.001 -0.995 0.103 0.017 -0.992 0.126 0.938 0.035 0.344 0.921 0.038 0.387 -0.876 -0.08 -0.475 0.028 0.992 -0.121 0.021 -0.984 0.175 0.865 0.062 0.498 -0.368 -0.157 -0.917 0.323 0.727 -0.606 0.31 -0.894 -0.323 1 -0.01 -0.011 0.557 -0.147 -0.817</float_array><technique_common><accessor source="#TREE_EUCA_1-nrm-a" count="2536" stride="3"><param name="X" type="float"/><param name="Y" type="float"/><param name="Z" type="float"/></accessor></technique_common></source>
        <vertices id="TREE_EUCA_1-vtx"><input semantic="POSITION" source="#TREE_EUCA_1-pos"/></vertices>
        <triangles count="2360" material="MAT_LEAF_EUCA-mat"><input semantic="VERTEX" source="#TREE_EUCA_1-vtx" offset="0"/><input semantic="NORMAL" source="#TREE_EUCA_1-nrm" offset="1"/><p>0 0 1 1 2 2 1 1 0 0 3 3 0 0 2 2 4 4 0 0 4 4 5 5 0 0 5 5 3 3 1 1 3 3 6 6 2 2 1 1 7 7 4 4 2 2 8 8 5 5 4 4 9 9 3 3 5 5 10 10 1 1 6 6 7 7 2 2 7 7 8 8 4 4 8 8 9 9 5 5 9 9 10 10 3 3 10 10 6 6 7 7 6 6 11 11 8 8 7 7 11 11 9 9 8 8 11 11 10 10 9 9 11 11 6 6 10 10 11 11 12 12 13 13 14 14 13 13 12 12 15 15 12 12 14 14 16 16 12 12 16 16 17 17 12 12 17 17 15 15 13 13 15 15 18 18 14 14 13 13 19 19 16 16 14 14 20 20 17 17 16 16 21 21 15 15 17 17 22 22 13 13 18 18 19 19 14 14 19 19 20 20 16 16 20 20 21 21 17 17 21 21 22 22 15 15 22 22 18 18 19 19 18 18 23 23 20 20 19 19 23 23 21 21 20 20 23 23 22 22 21 21 23 23 18 18 22 22 23 23 24 24 25 25 26 26 25 25 24 24 27 27 24 24 26 26 28 28 24 24 28 28 29 29 24 24 29 29 27 27 25 25 27 27 30 30 26 26 25 25 31 31 28 28 26 26 32 32 29 29 28 28 33 33 27 27 29 29 34 34 25 25 30 30 31 31 26 26 31 31 32 32 28 28 32 32 33 33 29 29 33 33 34 34 27 27 34 34 30 30 31 31 30 30 35 35 32 32 31 31 35 35 33 33 32 32 35 35 34 34 33 33 35 35 30 30 34 34 35 35 36 36 37 37 38 38 37 37 36 36 39 39 36 36 38 38 40 40 36 36 40 40 41 41 36 36 41 41 39 39 37 37 39 39 42 42 38 38 37 37 43 43 40 40 38 38 44 44 41 41 40 40 45 45 39 39 41 41 46 46 37 37 42 42 43 43 38 38 43 43 44 44 40 40 44 44 45 45 41 41 45 45 46 46 39 39 46 46 42 42 43 43 42 42 47 47 44 44 43 43 47 47 45 45 44 44 47 47 46 46 45 45 47 47 42 42 46 46 47 47 48 48 49 49 50 50 49 49 48 48 51 51 48 48 50 50 52 52 48 48 52 52 53 53 48 48 53 53 51 51 49 49 51 51 54 54 50 50 49 49 55 55 52 52 50 50 56 56 53 53 52 52 57 57 51 51 53 53 58 58 49 49 54 54 55 55 50 50 55 55 56 56 52 52 56 56 57 57 53 53 57 57 58 58 51 51 58 58 54 54 55 55 54 54 59 59 56 56 55 55 59 59 57 57 56 56 59 59 58 58 57 57 59 59 54 54 58 58 59 59 60 60 61 61 62 62 61 61 60 60 63 63 60 60 62 62 64 64 60 60 64 64 65 65 60 60 65 65 63 63 61 61 63 63 66 66 62 62 61 61 67 67 64 64 62 62 68 68 65 65 64 64 69 69 63 63 65 65 70 70 61 61 66 66 67 67 62 62 67 67 68 68 64 64 68 68 69 69 65 65 69 69 70 70 63 63 70 70 66 66 67 67 66 66 71 71 68 68 67 67 71 71 69 69 68 68 71 71 70 70 69 69 71 71 66 66 70 70 71 71 72 72 73 73 74 74 73 73 72 72 75 75 72 72 74 74 76 76 72 72 76 76 77 77 72 72 77 77 75 75 73 73 75 75 78 78 74 74 73 73 79 79 76 76 74 74 80 80 77 77 76 76 81 81 75 75 77 77 82 82 73 73 78 78 79 79 74 74 79 79 80 80 76 76 80 80 81 81 77 77 81 81 82 82 75 75 82 82 78 78 79 79 78 78 83 83 80 80 79 79 83 83 81 81 80 80 83 83 82 82 81 81 83 83 78 78 82 82 83 83 84 84 85 85 86 86 85 85 84 84 87 87 84 84 86 86 88 88 84 84 88 88 89 89 84 84 89 89 87 87 85 85 87 87 90 90 86 86 85 85 91 91 88 88 86 86 92 92 89 89 88 88 93 93 87 87 89 89 94 94 85 85 90 90 91 91 86 86 91 91 92 92 88 88 92 92 93 93 89 89 93 93 94 94 87 87 94 94 90 90 91 91 90 90 95 95 92 92 91 91 95 95 93 93 92 92 95 95 94 94 93 93 95 95 90 90 94 94 95 95 96 96 97 97 98 98 97 97 96 96 99 99 96 96 98 98 100 100 96 96 100 100 101 101 96 96 101 101 99 99 97 97 99 99 102 102 98 98 97 97 103 103 100 100 98 98 104 104 101 101 100 100 105 105 99 99 101 101 106 106 97 97 102 102 103 103 98 98 103 103 104 104 100 100 104 104 105 105 101 101 105 105 106 106 99 99 106 106 102 102 103 103 102 102 107 107 104 104 103 103 107 107 105 105 104 104 107 107 106 106 105 105 107 107 102 102 106 106 107 107 108 108 109 109 110 110 109 109 108 108 111 111 108 108 110 110 112 112 108 108 112 112 113 113 108 108 113 113 111 111 109 109 111 111 114 114 110 110 109 109 115 115 112 112 110 110 116 116 113 113 112 112 117 117 111 111 113 113 118 118 109 109 114 114 115 115 110 110 115 115 116 116 112 112 116 116 117 117 113 113 117 117 118 118 111 111 118 118 114 114 115 115 114 114 119 119 116 116 115 115 119 119 117 117 116 116 119 119 118 118 117 117 119 119 114 114 118 118 119 119 120 120 121 121 122 122 121 121 120 120 123 123 120 120 122 122 124 124 120 120 124 124 125 125 120 120 125 125 123 123 121 121 123 123 126 126 122 122 121 121 127 127 124 124 122 122 128 128 125 125 124 124 129 129 123 123 125 125 130 130 121 121 126 126 127 127 122 122 127 127 128 128 124 124 128 128 129 129 125 125 129 129 130 130 123 123 130 130 126 126 127 127 126 126 131 131 128 128 127 127 131 131 129 129 128 128 131 131 130 130 129 129 131 131 126 126 130 130 131 131 132 132 133 133 134 134 133 133 132 132 135 135 132 132 134 134 136 136 132 132 136 136 137 137 132 132 137 137 135 135 133 133 135 135 138 138 134 134 133 133 139 139 136 136 134 134 140 140 137 137 136 136 141 141 135 135 137 137 142 142 133 133 138 138 139 139 134 134 139 139 140 140 136 136 140 140 141 141 137 137 141 141 142 142 135 135 142 142 138 138 139 139 138 138 143 143 140 140 139 139 143 143 141 141 140 140 143 143 142 142 141 141 143 143 138 138 142 142 143 143 144 144 145 145 146 146 145 145 144 144 147 147 144 144 146 146 148 148 144 144 148 148 149 149 144 144 149 149 147 147 145 145 147 147 150 150 146 146 145 145 151 151 148 148 146 146 152 152 149 149 148 148 153 153 147 147 149 149 154 154 145 145 150 150 151 151 146 146 151 151 152 152 148 148 152 152 153 153 149 149 153 153 154 154 147 147 154 154 150 150 151 151 150 150 155 155 152 152 151 151 155 155 153 153 152 152 155 155 154 154 153 153 155 155 150 150 154 154 155 155 156 156 157 157 158 158 157 157 156 156 159 159 156 156 158 158 160 160 156 156 160 160 161 161 156 156 161 161 159 159 157 157 159 159 162 162 158 158 157 157 163 163 160 160 158 158 164 164 161 161 160 160 165 165 159 159 161 161 166 166 157 157 162 162 163 163 158 158 163 163 164 164 160 160 164 164 165 165 161 161 165 165 166 166 159 159 166 166 162 162 163 163 162 162 167 167 164 164 163 163 167 167 165 165 164 164 167 167 166 166 165 165 167 167 162 162 166 166 167 167 168 168 169 169 170 170 169 169 168 168 171 171 168 168 170 170 172 172 168 168 172 172 173 173 168 168 173 173 171 171 169 169 171 171 174 174 170 170 169 169 175 175 172 172 170 170 176 176 173 173 172 172 177 177 171 171 173 173 178 178 169 169 174 174 175 175 170 170 175 175 176 176 172 172 176 176 177 177 173 173 177 177 178 178 171 171 178 178 174 174 175 175 174 174 179 179 176 176 175 175 179 179 177 177 176 176 179 179 178 178 177 177 179 179 174 174 178 178 179 179 180 180 181 181 182 182 181 181 180 180 183 183 180 180 182 182 184 184 180 180 184 184 185 185 180 180 185 185 183 183 181 181 183 183 186 186 182 182 181 181 187 187 184 184 182 182 188 188 185 185 184 184 189 189 183 183 185 185 190 190 181 181 186 186 187 187 182 182 187 187 188 188 184 184 188 188 189 189 185 185 189 189 190 190 183 183 190 190 186 186 187 187 186 186 191 191 188 188 187 187 191 191 189 189 188 188 191 191 190 190 189 189 191 191 186 186 190 190 191 191 192 192 193 193 194 194 193 193 192 192 195 195 192 192 194 194 196 196 192 192 196 196 197 197 192 192 197 197 195 195 193 193 195 195 198 198 194 194 193 193 199 199 196 196 194 194 200 200 197 197 196 196 201 201 195 195 197 197 202 202 193 193 198 198 199 199 194 194 199 199 200 200 196 196 200 200 201 201 197 197 201 201 202 202 195 195 202 202 198 198 199 199 198 198 203 203 200 200 199 199 203 203 201 201 200 200 203 203 202 202 201 201 203 203 198 198 202 202 203 203 204 204 205 205 206 206 205 205 204 204 207 207 204 204 206 206 208 208 204 204 208 208 209 209 204 204 209 209 207 207 205 205 207 207 210 210 206 206 205 205 211 211 208 208 206 206 212 212 209 209 208 208 213 213 207 207 209 209 214 214 205 205 210 210 211 211 206 206 211 211 212 212 208 208 212 212 213 213 209 209 213 213 214 214 207 207 214 214 210 210 211 211 210 210 215 215 212 212 211 211 215 215 213 213 212 212 215 215 214 214 213 213 215 215 210 210 214 214 215 215 216 216 217 217 218 218 217 217 216 216 219 219 216 216 218 218 220 220 216 216 220 220 221 221 216 216 221 221 219 219 217 217 219 219 222 222 218 218 217 217 223 223 220 220 218 218 224 224 221 221 220 220 225 225 219 219 221 221 226 226 217 217 222 222 223 223 218 218 223 223 224 224 220 220 224 224 225 225 221 221 225 225 226 226 219 219 226 226 222 222 223 223 222 222 227 227 224 224 223 223 227 227 225 225 224 224 227 227 226 226 225 225 227 227 222 222 226 226 227 227 228 228 229 229 230 230 229 229 228 228 231 231 228 228 230 230 232 232 228 228 232 232 233 233 228 228 233 233 231 231 229 229 231 231 234 234 230 230 229 229 235 235 232 232 230 230 236 236 233 233 232 232 237 237 231 231 233 233 238 238 229 229 234 234 235 235 230 230 235 235 236 236 232 232 236 236 237 237 233 233 237 237 238 238 231 231 238 238 234 234 235 235 234 234 239 239 236 236 235 235 239 239 237 237 236 236 239 239 238 238 237 237 239 239 234 234 238 238 239 239 240 240 241 241 242 242 241 241 240 240 243 243 240 240 242 242 244 244 240 240 244 244 245 245 240 240 245 245 243 243 241 241 243 243 246 246 242 242 241 241 247 247 244 244 242 242 248 248 245 245 244 244 249 249 243 243 245 245 250 250 241 241 246 246 247 247 242 242 247 247 248 248 244 244 248 248 249 249 245 245 249 249 250 250 243 243 250 250 246 246 247 247 246 246 251 251 248 248 247 247 251 251 249 249 248 248 251 251 250 250 249 249 251 251 246 246 250 250 251 251 252 252 253 253 254 254 253 253 252 252 255 255 252 252 254 254 256 256 252 252 256 256 257 257 252 252 257 257 255 255 253 253 255 255 258 258 254 254 253 253 259 259 256 256 254 254 260 260 257 257 256 256 261 261 255 255 257 257 262 262 253 253 258 258 259 259 254 254 259 259 260 260 256 256 260 260 261 261 257 257 261 261 262 262 255 255 262 262 258 258 259 259 258 258 263 263 260 260 259 259 263 263 261 261 260 260 263 263 262 262 261 261 263 263 258 258 262 262 263 263 264 264 265 265 266 266 265 265 264 264 267 267 264 264 266 266 268 268 264 264 268 268 269 269 264 264 269 269 267 267 265 265 267 267 270 270 266 266 265 265 271 271 268 268 266 266 272 272 269 269 268 268 273 273 267 267 269 269 274 274 265 265 270 270 271 271 266 266 271 271 272 272 268 268 272 272 273 273 269 269 273 273 274 274 267 267 274 274 270 270 271 271 270 270 275 275 272 272 271 271 275 275 273 273 272 272 275 275 274 274 273 273 275 275 270 270 274 274 275 275 276 276 277 277 278 278 277 277 276 276 279 279 276 276 278 278 280 280 276 276 280 280 281 281 276 276 281 281 279 279 277 277 279 279 282 282 278 278 277 277 283 283 280 280 278 278 284 284 281 281 280 280 285 285 279 279 281 281 286 286 277 277 282 282 283 283 278 278 283 283 284 284 280 280 284 284 285 285 281 281 285 285 286 286 279 279 286 286 282 282 283 283 282 282 287 287 284 284 283 283 287 287 285 285 284 284 287 287 286 286 285 285 287 287 282 282 286 286 287 287 288 288 289 289 290 290 289 289 288 288 291 291 288 288 290 290 292 292 288 288 292 292 293 293 288 288 293 293 291 291 289 289 291 291 294 294 290 290 289 289 295 295 292 292 290 290 296 296 293 293 292 292 297 297 291 291 293 293 298 298 289 289 294 294 295 295 290 290 295 295 296 296 292 292 296 296 297 297 293 293 297 297 298 298 291 291 298 298 294 294 295 295 294 294 299 299 296 296 295 295 299 299 297 297 296 296 299 299 298 298 297 297 299 299 294 294 298 298 299 299 300 300 301 301 302 302 301 301 300 300 303 303 300 300 302 302 304 304 300 300 304 304 305 305 300 300 305 305 303 303 301 301 303 303 306 306 302 302 301 301 307 307 304 304 302 302 308 308 305 305 304 304 309 309 303 303 305 305 310 310 301 301 306 306 307 307 302 302 307 307 308 308 304 304 308 308 309 309 305 305 309 309 310 310 303 303 310 310 306 306 307 307 306 306 311 311 308 308 307 307 311 311 309 309 308 308 311 311 310 310 309 309 311 311 306 306 310 310 311 311 312 312 313 313 314 314 313 313 312 312 315 315 312 312 314 314 316 316 312 312 316 316 317 317 312 312 317 317 315 315 313 313 315 315 318 318 314 314 313 313 319 319 316 316 314 314 320 320 317 317 316 316 321 321 315 315 317 317 322 322 313 313 318 318 319 319 314 314 319 319 320 320 316 316 320 320 321 321 317 317 321 321 322 322 315 315 322 322 318 318 319 319 318 318 323 323 320 320 319 319 323 323 321 321 320 320 323 323 322 322 321 321 323 323 318 318 322 322 323 323 324 324 325 325 326 326 325 325 324 324 327 327 324 324 326 326 328 328 324 324 328 328 329 329 324 324 329 329 327 327 325 325 327 327 330 330 326 326 325 325 331 331 328 328 326 326 332 332 329 329 328 328 333 333 327 327 329 329 334 334 325 325 330 330 331 331 326 326 331 331 332 332 328 328 332 332 333 333 329 329 333 333 334 334 327 327 334 334 330 330 331 331 330 330 335 335 332 332 331 331 335 335 333 333 332 332 335 335 334 334 333 333 335 335 330 330 334 334 335 335 336 336 337 337 338 338 337 337 336 336 339 339 336 336 338 338 340 340 336 336 340 340 341 341 336 336 341 341 339 339 337 337 339 339 342 342 338 338 337 337 343 343 340 340 338 338 344 344 341 341 340 340 345 345 339 339 341 341 346 346 337 337 342 342 343 343 338 338 343 343 344 344 340 340 344 344 345 345 341 341 345 345 346 346 339 339 346 346 342 342 343 343 342 342 347 347 344 344 343 343 347 347 345 345 344 344 347 347 346 346 345 345 347 347 342 342 346 346 347 347 348 348 349 349 350 350 349 349 348 348 351 351 348 348 350 350 352 352 348 348 352 352 353 353 348 348 353 353 351 351 349 349 351 351 354 354 350 350 349 349 355 355 352 352 350 350 356 356 353 353 352 352 357 357 351 351 353 353 358 358 349 349 354 354 355 355 350 350 355 355 356 356 352 352 356 356 357 357 353 353 357 357 358 358 351 351 358 358 354 354 355 355 354 354 359 359 356 356 355 355 359 359 357 357 356 356 359 359 358 358 357 357 359 359 354 354 358 358 359 359 360 360 361 361 362 362 361 361 360 360 363 363 360 360 362 362 364 364 360 360 364 364 365 365 360 360 365 365 363 363 361 361 363 363 366 366 362 362 361 361 367 367 364 364 362 362 368 368 365 365 364 364 369 369 363 363 365 365 370 370 361 361 366 366 367 367 362 362 367 367 368 368 364 364 368 368 369 369 365 365 369 369 370 370 363 363 370 370 366 366 367 367 366 366 371 371 368 368 367 367 371 371 369 369 368 368 371 371 370 370 369 369 371 371 366 366 370 370 371 371 372 372 373 373 374 374 373 373 372 372 375 375 372 372 374 374 376 376 372 372 376 376 377 377 372 372 377 377 375 375 373 373 375 375 378 378 374 374 373 373 379 379 376 376 374 374 380 380 377 377 376 376 381 381 375 375 377 377 382 382 373 373 378 378 379 379 374 374 379 379 380 380 376 376 380 380 381 381 377 377 381 381 382 382 375 375 382 382 378 378 379 379 378 378 383 383 380 380 379 379 383 383 381 381 380 380 383 383 382 382 381 381 383 383 378 378 382 382 383 383 384 384 385 385 386 386 385 385 384 384 387 387 384 384 386 386 388 388 384 384 388 388 389 389 384 384 389 389 387 387 385 385 387 387 390 390 386 386 385 385 391 391 388 388 386 386 392 392 389 389 388 388 393 393 387 387 389 389 394 394 385 385 390 390 391 391 386 386 391 391 392 392 388 388 392 392 393 393 389 389 393 393 394 394 387 387 394 394 390 390 391 391 390 390 395 395 392 392 391 391 395 395 393 393 392 392 395 395 394 394 393 393 395 395 390 390 394 394 395 395 396 396 397 397 398 398 397 397 396 396 399 399 396 396 398 398 400 400 396 396 400 400 401 401 396 396 401 401 399 399 397 397 399 399 402 402 398 398 397 397 403 403 400 400 398 398 404 404 401 401 400 400 405 405 399 399 401 401 406 406 397 397 402 402 403 403 398 398 403 403 404 404 400 400 404 404 405 405 401 401 405 405 406 406 399 399 406 406 402 402 403 403 402 402 407 407 404 404 403 403 407 407 405 405 404 404 407 407 406 406 405 405 407 407 402 402 406 406 407 407 408 408 409 409 410 410 409 409 408 408 411 411 408 408 410 410 412 412 408 408 412 412 413 413 408 408 413 413 411 411 409 409 411 411 414 414 410 410 409 409 415 415 412 412 410 410 416 416 413 413 412 412 417 417 411 411 413 413 418 418 409 409 414 414 415 415 410 410 415 415 416 416 412 412 416 416 417 417 413 413 417 417 418 418 411 411 418 418 414 414 415 415 414 414 419 419 416 416 415 415 419 419 417 417 416 416 419 419 418 418 417 417 419 419 414 414 418 418 419 419 420 420 421 421 422 422 421 421 420 420 423 423 420 420 422 422 424 424 420 420 424 424 425 425 420 420 425 425 423 423 421 421 423 423 426 426 422 422 421 421 427 427 424 424 422 422 428 428 425 425 424 424 429 429 423 423 425 425 430 430 421 421 426 426 427 427 422 422 427 427 428 428 424 424 428 428 429 429 425 425 429 429 430 430 423 423 430 430 426 426 427 427 426 426 431 431 428 428 427 427 431 431 429 429 428 428 431 431 430 430 429 429 431 431 426 426 430 430 431 431 432 432 433 433 434 434 433 433 432 432 435 435 432 432 434 434 436 436 432 432 436 436 437 437 432 432 437 437 435 435 433 433 435 435 438 438 434 434 433 433 439 439 436 436 434 434 440 440 437 437 436 436 441 441 435 435 437 437 442 442 433 433 438 438 439 439 434 434 439 439 440 440 436 436 440 440 441 441 437 437 441 441 442 442 435 435 442 442 438 438 439 439 438 438 443 443 440 440 439 439 443 443 441 441 440 440 443 443 442 442 441 441 443 443 438 438 442 442 443 443 444 444 445 445 446 446 445 445 444 444 447 447 444 444 446 446 448 448 444 444 448 448 449 449 444 444 449 449 447 447 445 445 447 447 450 450 446 446 445 445 451 451 448 448 446 446 452 452 449 449 448 448 453 453 447 447 449 449 454 454 445 445 450 450 451 451 446 446 451 451 452 452 448 448 452 452 453 453 449 449 453 453 454 454 447 447 454 454 450 450 451 451 450 450 455 455 452 452 451 451 455 455 453 453 452 452 455 455 454 454 453 453 455 455 450 450 454 454 455 455 456 456 457 457 458 458 457 457 456 456 459 459 456 456 458 458 460 460 456 456 460 460 461 461 456 456 461 461 459 459 457 457 459 459 462 462 458 458 457 457 463 463 460 460 458 458 464 464 461 461 460 460 465 465 459 459 461 461 466 466 457 457 462 462 463 463 458 458 463 463 464 464 460 460 464 464 465 465 461 461 465 465 466 466 459 459 466 466 462 462 463 463 462 462 467 467 464 464 463 463 467 467 465 465 464 464 467 467 466 466 465 465 467 467 462 462 466 466 467 467 468 468 469 469 470 470 469 469 468 468 471 471 468 468 470 470 472 472 468 468 472 472 473 473 468 468 473 473 471 471 469 469 471 471 474 474 470 470 469 469 475 475 472 472 470 470 476 476 473 473 472 472 477 477 471 471 473 473 478 478 469 469 474 474 475 475 470 470 475 475 476 476 472 472 476 476 477 477 473 473 477 477 478 478 471 471 478 478 474 474 475 475 474 474 479 479 476 476 475 475 479 479 477 477 476 476 479 479 478 478 477 477 479 479 474 474 478 478 479 479 480 480 481 481 482 482 481 481 480 480 483 483 480 480 482 482 484 484 480 480 484 484 485 485 480 480 485 485 483 483 481 481 483 483 486 486 482 482 481 481 487 487 484 484 482 482 488 488 485 485 484 484 489 489 483 483 485 485 490 490 481 481 486 486 487 487 482 482 487 487 488 488 484 484 488 488 489 489 485 485 489 489 490 490 483 483 490 490 486 486 487 487 486 486 491 491 488 488 487 487 491 491 489 489 488 488 491 491 490 490 489 489 491 491 486 486 490 490 491 491 492 492 493 493 494 494 493 493 492 492 495 495 492 492 494 494 496 496 492 492 496 496 497 497 492 492 497 497 495 495 493 493 495 495 498 498 494 494 493 493 499 499 496 496 494 494 500 500 497 497 496 496 501 501 495 495 497 497 502 502 493 493 498 498 499 499 494 494 499 499 500 500 496 496 500 500 501 501 497 497 501 501 502 502 495 495 502 502 498 498 499 499 498 498 503 503 500 500 499 499 503 503 501 501 500 500 503 503 502 502 501 501 503 503 498 498 502 502 503 503 504 504 505 505 506 506 505 505 504 504 507 507 504 504 506 506 508 508 504 504 508 508 509 509 504 504 509 509 507 507 505 505 507 507 510 510 506 506 505 505 511 511 508 508 506 506 512 512 509 509 508 508 513 513 507 507 509 509 514 514 505 505 510 510 511 511 506 506 511 511 512 512 508 508 512 512 513 513 509 509 513 513 514 514 507 507 514 514 510 510 511 511 510 510 515 515 512 512 511 511 515 515 513 513 512 512 515 515 514 514 513 513 515 515 510 510 514 514 515 515 516 516 517 517 518 518 517 517 516 516 519 519 516 516 518 518 520 520 516 516 520 520 521 521 516 516 521 521 519 519 517 517 519 519 522 522 518 518 517 517 523 523 520 520 518 518 524 524 521 521 520 520 525 525 519 519 521 521 526 526 517 517 522 522 523 523 518 518 523 523 524 524 520 520 524 524 525 525 521 521 525 525 526 526 519 519 526 526 522 522 523 523 522 522 527 527 524 524 523 523 527 527 525 525 524 524 527 527 526 526 525 525 527 527 522 522 526 526 527 527 528 528 529 529 530 530 529 529 528 528 531 531 528 528 530 530 532 532 528 528 532 532 533 533 528 528 533 533 531 531 529 529 531 531 534 534 530 530 529 529 535 535 532 532 530 530 536 536 533 533 532 532 537 537 531 531 533 533 538 538 529 529 534 534 535 535 530 530 535 535 536 536 532 532 536 536 537 537 533 533 537 537 538 538 531 531 538 538 534 534 535 535 534 534 539 539 536 536 535 535 539 539 537 537 536 536 539 539 538 538 537 537 539 539 534 534 538 538 539 539 540 540 541 541 542 542 541 541 540 540 543 543 540 540 542 542 544 544 540 540 544 544 545 545 540 540 545 545 543 543 541 541 543 543 546 546 542 542 541 541 547 547 544 544 542 542 548 548 545 545 544 544 549 549 543 543 545 545 550 550 541 541 546 546 547 547 542 542 547 547 548 548 544 544 548 548 549 549 545 545 549 549 550 550 543 543 550 550 546 546 547 547 546 546 551 551 548 548 547 547 551 551 549 549 548 548 551 551 550 550 549 549 551 551 546 546 550 550 551 551 552 552 553 553 554 554 553 553 552 552 555 555 552 552 554 554 556 556 552 552 556 556 557 557 552 552 557 557 555 555 553 553 555 555 558 558 554 554 553 553 559 559 556 556 554 554 560 560 557 557 556 556 561 561 555 555 557 557 562 562 553 553 558 558 559 559 554 554 559 559 560 560 556 556 560 560 561 561 557 557 561 561 562 562 555 555 562 562 558 558 559 559 558 558 563 563 560 560 559 559 563 563 561 561 560 560 563 563 562 562 561 561 563 563 558 558 562 562 563 563 564 564 565 565 566 566 565 565 564 564 567 567 564 564 566 566 568 568 564 564 568 568 569 569 564 564 569 569 567 567 565 565 567 567 570 570 566 566 565 565 571 571 568 568 566 566 572 572 569 569 568 568 573 573 567 567 569 569 574 574 565 565 570 570 571 571 566 566 571 571 572 572 568 568 572 572 573 573 569 569 573 573 574 574 567 567 574 574 570 570 571 571 570 570 575 575 572 572 571 571 575 575 573 573 572 572 575 575 574 574 573 573 575 575 570 570 574 574 575 575 576 576 577 577 578 578 577 577 576 576 579 579 576 576 578 578 580 580 576 576 580 580 581 581 576 576 581 581 579 579 577 577 579 579 582 582 578 578 577 577 583 583 580 580 578 578 584 584 581 581 580 580 585 585 579 579 581 581 586 586 577 577 582 582 583 583 578 578 583 583 584 584 580 580 584 584 585 585 581 581 585 585 586 586 579 579 586 586 582 582 583 583 582 582 587 587 584 584 583 583 587 587 585 585 584 584 587 587 586 586 585 585 587 587 582 582 586 586 587 587 588 588 589 589 590 590 589 589 588 588 591 591 588 588 590 590 592 592 588 588 592 592 593 593 588 588 593 593 591 591 589 589 591 591 594 594 590 590 589 589 595 595 592 592 590 590 596 596 593 593 592 592 597 597 591 591 593 593 598 598 589 589 594 594 595 595 590 590 595 595 596 596 592 592 596 596 597 597 593 593 597 597 598 598 591 591 598 598 594 594 595 595 594 594 599 599 596 596 595 595 599 599 597 597 596 596 599 599 598 598 597 597 599 599 594 594 598 598 599 599 600 600 601 601 602 602 601 601 600 600 603 603 600 600 602 602 604 604 600 600 604 604 605 605 600 600 605 605 603 603 601 601 603 603 606 606 602 602 601 601 607 607 604 604 602 602 608 608 605 605 604 604 609 609 603 603 605 605 610 610 601 601 606 606 607 607 602 602 607 607 608 608 604 604 608 608 609 609 605 605 609 609 610 610 603 603 610 610 606 606 607 607 606 606 611 611 608 608 607 607 611 611 609 609 608 608 611 611 610 610 609 609 611 611 606 606 610 610 611 611 612 612 613 613 614 614 613 613 612 612 615 615 612 612 614 614 616 616 612 612 616 616 617 617 612 612 617 617 615 615 613 613 615 615 618 618 614 614 613 613 619 619 616 616 614 614 620 620 617 617 616 616 621 621 615 615 617 617 622 622 613 613 618 618 619 619 614 614 619 619 620 620 616 616 620 620 621 621 617 617 621 621 622 622 615 615 622 622 618 618 619 619 618 618 623 623 620 620 619 619 623 623 621 621 620 620 623 623 622 622 621 621 623 623 618 618 622 622 623 623 624 624 625 625 626 626 625 625 624 624 627 627 624 624 626 626 628 628 624 624 628 628 629 629 624 624 629 629 627 627 625 625 627 627 630 630 626 626 625 625 631 631 628 628 626 626 632 632 629 629 628 628 633 633 627 627 629 629 634 634 625 625 630 630 631 631 626 626 631 631 632 632 628 628 632 632 633 633 629 629 633 633 634 634 627 627 634 634 630 630 631 631 630 630 635 635 632 632 631 631 635 635 633 633 632 632 635 635 634 634 633 633 635 635 630 630 634 634 635 635 636 636 637 637 638 638 637 637 636 636 639 639 636 636 638 638 640 640 636 636 640 640 641 641 636 636 641 641 639 639 637 637 639 639 642 642 638 638 637 637 643 643 640 640 638 638 644 644 641 641 640 640 645 645 639 639 641 641 646 646 637 637 642 642 643 643 638 638 643 643 644 644 640 640 644 644 645 645 641 641 645 645 646 646 639 639 646 646 642 642 643 643 642 642 647 647 644 644 643 643 647 647 645 645 644 644 647 647 646 646 645 645 647 647 642 642 646 646 647 647 648 648 649 649 650 650 649 649 648 648 651 651 648 648 650 650 652 652 648 648 652 652 653 653 648 648 653 653 651 651 649 649 651 651 654 654 650 650 649 649 655 655 652 652 650 650 656 656 653 653 652 652 657 657 651 651 653 653 658 658 649 649 654 654 655 655 650 650 655 655 656 656 652 652 656 656 657 657 653 653 657 657 658 658 651 651 658 658 654 654 655 655 654 654 659 659 656 656 655 655 659 659 657 657 656 656 659 659 658 658 657 657 659 659 654 654 658 658 659 659 660 660 661 661 662 662 661 661 660 660 663 663 660 660 662 662 664 664 660 660 664 664 665 665 660 660 665 665 663 663 661 661 663 663 666 666 662 662 661 661 667 667 664 664 662 662 668 668 665 665 664 664 669 669 663 663 665 665 670 670 661 661 666 666 667 667 662 662 667 667 668 668 664 664 668 668 669 669 665 665 669 669 670 670 663 663 670 670 666 666 667 667 666 666 671 671 668 668 667 667 671 671 669 669 668 668 671 671 670 670 669 669 671 671 666 666 670 670 671 671 672 672 673 673 674 674 673 673 672 672 675 675 672 672 674 674 676 676 672 672 676 676 677 677 672 672 677 677 675 675 673 673 675 675 678 678 674 674 673 673 679 679 676 676 674 674 680 680 677 677 676 676 681 681 675 675 677 677 682 682 673 673 678 678 679 679 674 674 679 679 680 680 676 676 680 680 681 681 677 677 681 681 682 682 675 675 682 682 678 678 679 679 678 678 683 683 680 680 679 679 683 683 681 681 680 680 683 683 682 682 681 681 683 683 678 678 682 682 683 683 684 684 685 685 686 686 685 685 684 684 687 687 684 684 686 686 688 688 684 684 688 688 689 689 684 684 689 689 687 687 685 685 687 687 690 690 686 686 685 685 691 691 688 688 686 686 692 692 689 689 688 688 693 693 687 687 689 689 694 694 685 685 690 690 691 691 686 686 691 691 692 692 688 688 692 692 693 693 689 689 693 693 694 694 687 687 694 694 690 690 691 691 690 690 695 695 692 692 691 691 695 695 693 693 692 692 695 695 694 694 693 693 695 695 690 690 694 694 695 695 696 696 697 697 698 698 697 697 696 696 699 699 696 696 698 698 700 700 696 696 700 700 701 701 696 696 701 701 699 699 697 697 699 699 702 702 698 698 697 697 703 703 700 700 698 698 704 704 701 701 700 700 705 705 699 699 701 701 706 706 697 697 702 702 703 703 698 698 703 703 704 704 700 700 704 704 705 705 701 701 705 705 706 706 699 699 706 706 702 702 703 703 702 702 707 707 704 704 703 703 707 707 705 705 704 704 707 707 706 706 705 705 707 707 702 702 706 706 707 707 708 708 709 709 710 710 709 709 708 708 711 711 708 708 710 710 712 712 708 708 712 712 713 713 708 708 713 713 711 711 709 709 711 711 714 714 710 710 709 709 715 715 712 712 710 710 716 716 713 713 712 712 717 717 711 711 713 713 718 718 709 709 714 714 715 715 710 710 715 715 716 716 712 712 716 716 717 717 713 713 717 717 718 718 711 711 718 718 714 714 715 715 714 714 719 719 716 716 715 715 719 719 717 717 716 716 719 719 718 718 717 717 719 719 714 714 718 718 719 719 720 720 721 721 722 722 721 721 720 720 723 723 720 720 722 722 724 724 720 720 724 724 725 725 720 720 725 725 723 723 721 721 723 723 726 726 722 722 721 721 727 727 724 724 722 722 728 728 725 725 724 724 729 729 723 723 725 725 730 730 721 721 726 726 727 727 722 722 727 727 728 728 724 724 728 728 729 729 725 725 729 729 730 730 723 723 730 730 726 726 727 727 726 726 731 731 728 728 727 727 731 731 729 729 728 728 731 731 730 730 729 729 731 731 726 726 730 730 731 731 732 732 733 733 734 734 733 733 732 732 735 735 732 732 734 734 736 736 732 732 736 736 737 737 732 732 737 737 735 735 733 733 735 735 738 738 734 734 733 733 739 739 736 736 734 734 740 740 737 737 736 736 741 741 735 735 737 737 742 742 733 733 738 738 739 739 734 734 739 739 740 740 736 736 740 740 741 741 737 737 741 741 742 742 735 735 742 742 738 738 739 739 738 738 743 743 740 740 739 739 743 743 741 741 740 740 743 743 742 742 741 741 743 743 738 738 742 742 743 743 744 744 745 745 746 746 745 745 744 744 747 747 744 744 746 746 748 748 744 744 748 748 749 749 744 744 749 749 747 747 745 745 747 747 750 750 746 746 745 745 751 751 748 748 746 746 752 752 749 749 748 748 753 753 747 747 749 749 754 754 745 745 750 750 751 751 746 746 751 751 752 752 748 748 752 752 753 753 749 749 753 753 754 754 747 747 754 754 750 750 751 751 750 750 755 755 752 752 751 751 755 755 753 753 752 752 755 755 754 754 753 753 755 755 750 750 754 754 755 755 756 756 757 757 758 758 757 757 756 756 759 759 756 756 758 758 760 760 756 756 760 760 761 761 756 756 761 761 759 759 757 757 759 759 762 762 758 758 757 757 763 763 760 760 758 758 764 764 761 761 760 760 765 765 759 759 761 761 766 766 757 757 762 762 763 763 758 758 763 763 764 764 760 760 764 764 765 765 761 761 765 765 766 766 759 759 766 766 762 762 763 763 762 762 767 767 764 764 763 763 767 767 765 765 764 764 767 767 766 766 765 765 767 767 762 762 766 766 767 767 768 768 769 769 770 770 769 769 768 768 771 771 768 768 770 770 772 772 768 768 772 772 773 773 768 768 773 773 771 771 769 769 771 771 774 774 770 770 769 769 775 775 772 772 770 770 776 776 773 773 772 772 777 777 771 771 773 773 778 778 769 769 774 774 775 775 770 770 775 775 776 776 772 772 776 776 777 777 773 773 777 777 778 778 771 771 778 778 774 774 775 775 774 774 779 779 776 776 775 775 779 779 777 777 776 776 779 779 778 778 777 777 779 779 774 774 778 778 779 779 780 780 781 781 782 782 781 781 780 780 783 783 780 780 782 782 784 784 780 780 784 784 785 785 780 780 785 785 783 783 781 781 783 783 786 786 782 782 781 781 787 787 784 784 782 782 788 788 785 785 784 784 789 789 783 783 785 785 790 790 781 781 786 786 787 787 782 782 787 787 788 788 784 784 788 788 789 789 785 785 789 789 790 790 783 783 790 790 786 786 787 787 786 786 791 791 788 788 787 787 791 791 789 789 788 788 791 791 790 790 789 789 791 791 786 786 790 790 791 791 792 792 793 793 794 794 793 793 792 792 795 795 792 792 794 794 796 796 792 792 796 796 797 797 792 792 797 797 795 795 793 793 795 795 798 798 794 794 793 793 799 799 796 796 794 794 800 800 797 797 796 796 801 801 795 795 797 797 802 802 793 793 798 798 799 799 794 794 799 799 800 800 796 796 800 800 801 801 797 797 801 801 802 802 795 795 802 802 798 798 799 799 798 798 803 803 800 800 799 799 803 803 801 801 800 800 803 803 802 802 801 801 803 803 798 798 802 802 803 803 804 804 805 805 806 806 805 805 804 804 807 807 804 804 806 806 808 808 804 804 808 808 809 809 804 804 809 809 807 807 805 805 807 807 810 810 806 806 805 805 811 811 808 808 806 806 812 812 809 809 808 808 813 813 807 807 809 809 814 814 805 805 810 810 811 811 806 806 811 811 812 812 808 808 812 812 813 813 809 809 813 813 814 814 807 807 814 814 810 810 811 811 810 810 815 815 812 812 811 811 815 815 813 813 812 812 815 815 814 814 813 813 815 815 810 810 814 814 815 815 816 816 817 817 818 818 817 817 816 816 819 819 816 816 818 818 820 820 816 816 820 820 821 821 816 816 821 821 819 819 817 817 819 819 822 822 818 818 817 817 823 823 820 820 818 818 824 824 821 821 820 820 825 825 819 819 821 821 826 826 817 817 822 822 823 823 818 818 823 823 824 824 820 820 824 824 825 825 821 821 825 825 826 826 819 819 826 826 822 822 823 823 822 822 827 827 824 824 823 823 827 827 825 825 824 824 827 827 826 826 825 825 827 827 822 822 826 826 827 827 828 828 829 829 830 830 829 829 828 828 831 831 828 828 830 830 832 832 828 828 832 832 833 833 828 828 833 833 831 831 829 829 831 831 834 834 830 830 829 829 835 835 832 832 830 830 836 836 833 833 832 832 837 837 831 831 833 833 838 838 829 829 834 834 835 835 830 830 835 835 836 836 832 832 836 836 837 837 833 833 837 837 838 838 831 831 838 838 834 834 835 835 834 834 839 839 836 836 835 835 839 839 837 837 836 836 839 839 838 838 837 837 839 839 834 834 838 838 839 839 840 840 841 841 842 842 841 841 840 840 843 843 840 840 842 842 844 844 840 840 844 844 845 845 840 840 845 845 843 843 841 841 843 843 846 846 842 842 841 841 847 847 844 844 842 842 848 848 845 845 844 844 849 849 843 843 845 845 850 850 841 841 846 846 847 847 842 842 847 847 848 848 844 844 848 848 849 849 845 845 849 849 850 850 843 843 850 850 846 846 847 847 846 846 851 851 848 848 847 847 851 851 849 849 848 848 851 851 850 850 849 849 851 851 846 846 850 850 851 851 852 852 853 853 854 854 853 853 852 852 855 855 852 852 854 854 856 856 852 852 856 856 857 857 852 852 857 857 855 855 853 853 855 855 858 858 854 854 853 853 859 859 856 856 854 854 860 860 857 857 856 856 861 861 855 855 857 857 862 862 853 853 858 858 859 859 854 854 859 859 860 860 856 856 860 860 861 861 857 857 861 861 862 862 855 855 862 862 858 858 859 859 858 858 863 863 860 860 859 859 863 863 861 861 860 860 863 863 862 862 861 861 863 863 858 858 862 862 863 863 864 864 865 865 866 866 865 865 864 864 867 867 864 864 866 866 868 868 864 864 868 868 869 869 864 864 869 869 867 867 865 865 867 867 870 870 866 866 865 865 871 871 868 868 866 866 872 872 869 869 868 868 873 873 867 867 869 869 874 874 865 865 870 870 871 871 866 866 871 871 872 872 868 868 872 872 873 873 869 869 873 873 874 874 867 867 874 874 870 870 871 871 870 870 875 875 872 872 871 871 875 875 873 873 872 872 875 875 874 874 873 873 875 875 870 870 874 874 875 875 876 876 877 877 878 878 877 877 876 876 879 879 876 876 878 878 880 880 876 876 880 880 881 881 876 876 881 881 879 879 877 877 879 879 882 882 878 878 877 877 883 883 880 880 878 878 884 884 881 881 880 880 885 885 879 879 881 881 886 886 877 877 882 882 883 883 878 878 883 883 884 884 880 880 884 884 885 885 881 881 885 885 886 886 879 879 886 886 882 882 883 883 882 882 887 887 884 884 883 883 887 887 885 885 884 884 887 887 886 886 885 885 887 887 882 882 886 886 887 887 888 888 889 889 890 890 889 889 888 888 891 891 888 888 890 890 892 892 888 888 892 892 893 893 888 888 893 893 891 891 889 889 891 891 894 894 890 890 889 889 895 895 892 892 890 890 896 896 893 893 892 892 897 897 891 891 893 893 898 898 889 889 894 894 895 895 890 890 895 895 896 896 892 892 896 896 897 897 893 893 897 897 898 898 891 891 898 898 894 894 895 895 894 894 899 899 896 896 895 895 899 899 897 897 896 896 899 899 898 898 897 897 899 899 894 894 898 898 899 899 900 900 901 901 902 902 901 901 900 900 903 903 900 900 902 902 904 904 900 900 904 904 905 905 900 900 905 905 903 903 901 901 903 903 906 906 902 902 901 901 907 907 904 904 902 902 908 908 905 905 904 904 909 909 903 903 905 905 910 910 901 901 906 906 907 907 902 902 907 907 908 908 904 904 908 908 909 909 905 905 909 909 910 910 903 903 910 910 906 906 907 907 906 906 911 911 908 908 907 907 911 911 909 909 908 908 911 911 910 910 909 909 911 911 906 906 910 910 911 911 912 912 913 913 914 914 913 913 912 912 915 915 912 912 914 914 916 916 912 912 916 916 917 917 912 912 917 917 915 915 913 913 915 915 918 918 914 914 913 913 919 919 916 916 914 914 920 920 917 917 916 916 921 921 915 915 917 917 922 922 913 913 918 918 919 919 914 914 919 919 920 920 916 916 920 920 921 921 917 917 921 921 922 922 915 915 922 922 918 918 919 919 918 918 923 923 920 920 919 919 923 923 921 921 920 920 923 923 922 922 921 921 923 923 918 918 922 922 923 923 924 924 925 925 926 926 925 925 924 924 927 927 924 924 926 926 928 928 924 924 928 928 929 929 924 924 929 929 927 927 925 925 927 927 930 930 926 926 925 925 931 931 928 928 926 926 932 932 929 929 928 928 933 933 927 927 929 929 934 934 925 925 930 930 931 931 926 926 931 931 932 932 928 928 932 932 933 933 929 929 933 933 934 934 927 927 934 934 930 930 931 931 930 930 935 935 932 932 931 931 935 935 933 933 932 932 935 935 934 934 933 933 935 935 930 930 934 934 935 935 936 936 937 937 938 938 937 937 936 936 939 939 936 936 938 938 940 940 936 936 940 940 941 941 936 936 941 941 939 939 937 937 939 939 942 942 938 938 937 937 943 943 940 940 938 938 944 944 941 941 940 940 945 945 939 939 941 941 946 946 937 937 942 942 943 943 938 938 943 943 944 944 940 940 944 944 945 945 941 941 945 945 946 946 939 939 946 946 942 942 943 943 942 942 947 947 944 944 943 943 947 947 945 945 944 944 947 947 946 946 945 945 947 947 942 942 946 946 947 947 948 948 949 949 950 950 949 949 948 948 951 951 948 948 950 950 952 952 948 948 952 952 953 953 948 948 953 953 951 951 949 949 951 951 954 954 950 950 949 949 955 955 952 952 950 950 956 956 953 953 952 952 957 957 951 951 953 953 958 958 949 949 954 954 955 955 950 950 955 955 956 956 952 952 956 956 957 957 953 953 957 957 958 958 951 951 958 958 954 954 955 955 954 954 959 959 956 956 955 955 959 959 957 957 956 956 959 959 958 958 957 957 959 959 954 954 958 958 959 959 960 960 961 961 962 962 961 961 960 960 963 963 960 960 962 962 964 964 960 960 964 964 965 965 960 960 965 965 963 963 961 961 963 963 966 966 962 962 961 961 967 967 964 964 962 962 968 968 965 965 964 964 969 969 963 963 965 965 970 970 961 961 966 966 967 967 962 962 967 967 968 968 964 964 968 968 969 969 965 965 969 969 970 970 963 963 970 970 966 966 967 967 966 966 971 971 968 968 967 967 971 971 969 969 968 968 971 971 970 970 969 969 971 971 966 966 970 970 971 971 972 972 973 973 974 974 973 973 972 972 975 975 972 972 974 974 976 976 972 972 976 976 977 977 972 972 977 977 975 975 973 973 975 975 978 978 974 974 973 973 979 979 976 976 974 974 980 980 977 977 976 976 981 981 975 975 977 977 982 982 973 973 978 978 979 979 974 974 979 979 980 980 976 976 980 980 981 981 977 977 981 981 982 982 975 975 982 982 978 978 979 979 978 978 983 983 980 980 979 979 983 983 981 981 980 980 983 983 982 982 981 981 983 983 978 978 982 982 983 983 984 984 985 985 986 986 985 985 984 984 987 987 984 984 986 986 988 988 984 984 988 988 989 989 984 984 989 989 987 987 985 985 987 987 990 990 986 986 985 985 991 991 988 988 986 986 992 992 989 989 988 988 993 993 987 987 989 989 994 994 985 985 990 990 991 991 986 986 991 991 992 992 988 988 992 992 993 993 989 989 993 993 994 994 987 987 994 994 990 990 991 991 990 990 995 995 992 992 991 991 995 995 993 993 992 992 995 995 994 994 993 993 995 995 990 990 994 994 995 995 996 996 997 997 998 998 997 997 996 996 999 999 996 996 998 998 1000 1000 996 996 1000 1000 1001 1001 996 996 1001 1001 999 999 997 997 999 999 1002 1002 998 998 997 997 1003 1003 1000 1000 998 998 1004 1004 1001 1001 1000 1000 1005 1005 999 999 1001 1001 1006 1006 997 997 1002 1002 1003 1003 998 998 1003 1003 1004 1004 1000 1000 1004 1004 1005 1005 1001 1001 1005 1005 1006 1006 999 999 1006 1006 1002 1002 1003 1003 1002 1002 1007 1007 1004 1004 1003 1003 1007 1007 1005 1005 1004 1004 1007 1007 1006 1006 1005 1005 1007 1007 1002 1002 1006 1006 1007 1007 1008 1008 1009 685 1010 1009 1009 685 1008 1008 1011 1010 1008 1008 1010 1009 1012 1011 1008 1008 1012 1011 1013 1012 1008 1008 1013 1012 1011 1010 1009 685 1011 1010 1014 1013 1010 1009 1009 685 1015 1014 1012 1011 1010 1009 1016 1015 1013 1012 1012 1011 1017 1016 1011 1010 1013 1012 1018 1017 1009 685 1014 1013 1015 1014 1010 1009 1015 1014 1016 1015 1012 1011 1016 1015 1017 1016 1013 1012 1017 1016 1018 1017 1011 1010 1018 1017 1014 1013 1015 1014 1014 1013 1019 1018 1016 1015 1015 1014 1019 1018 1017 1016 1016 1015 1019 1018 1018 1017 1017 1016 1019 1018 1014 1013 1018 1017 1019 1018 1020 1019 1021 1020 1022 1021 1021 1020 1020 1019 1023 1022 1020 1019 1022 1021 1024 1023 1020 1019 1024 1023 1025 1024 1020 1019 1025 1024 1023 1022 1021 1020 1023 1022 1026 1025 1022 1021 1021 1020 1027 1026 1024 1023 1022 1021 1028 1027 1025 1024 1024 1023 1029 1028 1023 1022 1025 1024 1030 1029 1021 1020 1026 1025 1027 1026 1022 1021 1027 1026 1028 1027 1024 1023 1028 1027 1029 1028 1025 1024 1029 1028 1030 1029 1023 1022 1030 1029 1026 1025 1027 1026 1026 1025 1031 1030 1028 1027 1027 1026 1031 1030 1029 1028 1028 1027 1031 1030 1030 1029 1029 1028 1031 1030 1026 1025 1030 1029 1031 1030 1032 1031 1033 1032 1034 1033 1033 1032 1032 1031 1035 1034 1032 1031 1034 1033 1036 1035 1032 1031 1036 1035 1037 1036 1032 1031 1037 1036 1035 1034 1033 1032 1035 1034 1038 1037 1034 1033 1033 1032 1039 1038 1036 1035 1034 1033 1040 1039 1037 1036 1036 1035 1041 1040 1035 1034 1037 1036 1042 1041 1033 1032 1038 1037 1039 1038 1034 1033 1039 1038 1040 1039 1036 1035 1040 1039 1041 1040 1037 1036 1041 1040 1042 1041 1035 1034 1042 1041 1038 1037 1039 1038 1038 1037 1043 1042 1040 1039 1039 1038 1043 1042 1041 1040 1040 1039 1043 1042 1042 1041 1041 1040 1043 1042 1038 1037 1042 1041 1043 1042 1044 1043 1045 1044 1046 1045 1045 1044 1044 1043 1047 1046 1044 1043 1046 1045 1048 1047 1044 1043 1048 1047 1049 1048 1044 1043 1049 1048 1047 1046 1045 1044 1047 1046 1050 1049 1046 1045 1045 1044 1051 1050 1048 1047 1046 1045 1052 1051 1049 1048 1048 1047 1053 1052 1047 1046 1049 1048 1054 1053 1045 1044 1050 1049 1051 1050 1046 1045 1051 1050 1052 1051 1048 1047 1052 1051 1053 1052 1049 1048 1053 1052 1054 1053 1047 1046 1054 1053 1050 1049 1051 1050 1050 1049 1055 1054 1052 1051 1051 1050 1055 1054 1053 1052 1052 1051 1055 1054 1054 1053 1053 1052 1055 1054 1050 1049 1054 1053 1055 1054 1056 1055 1057 1056 1058 1057 1057 1056 1056 1055 1059 1058 1056 1055 1058 1057 1060 1059 1056 1055 1060 1059 1061 1060 1056 1055 1061 1060 1059 1058 1057 1056 1059 1058 1062 1061 1058 1057 1057 1056 1063 1062 1060 1059 1058 1057 1064 1063 1061 1060 1060 1059 1065 1064 1059 1058 1061 1060 1066 1065 1057 1056 1062 1061 1063 1062 1058 1057 1063 1062 1064 1063 1060 1059 1064 1063 1065 1064 1061 1060 1065 1064 1066 1065 1059 1058 1066 1065 1062 1061 1063 1062 1062 1061 1067 1066 1064 1063 1063 1062 1067 1066 1065 1064 1064 1063 1067 1066 1066 1065 1065 1064 1067 1066 1062 1061 1066 1065 1067 1066 1068 1067 1069 1068 1070 1069 1069 1068 1068 1067 1071 1070 1068 1067 1070 1069 1072 1071 1068 1067 1072 1071 1073 1072 1068 1067 1073 1072 1071 1070 1069 1068 1071 1070 1074 1073 1070 1069 1069 1068 1075 1074 1072 1071 1070 1069 1076 1075 1073 1072 1072 1071 1077 1076 1071 1070 1073 1072 1078 1077 1069 1068 1074 1073 1075 1074 1070 1069 1075 1074 1076 1075 1072 1071 1076 1075 1077 1076 1073 1072 1077 1076 1078 1077 1071 1070 1078 1077 1074 1073 1075 1074 1074 1073 1079 1078 1076 1075 1075 1074 1079 1078 1077 1076 1076 1075 1079 1078 1078 1077 1077 1076 1079 1078 1074 1073 1078 1077 1079 1078 1080 1079 1081 1080 1082 1081 1081 1080 1080 1079 1083 1082 1080 1079 1082 1081 1084 1083 1080 1079 1084 1083 1085 1084 1080 1079 1085 1084 1083 1082 1081 1080 1083 1082 1086 1085 1082 1081 1081 1080 1087 1086 1084 1083 1082 1081 1088 1087 1085 1084 1084 1083 1089 1088 1083 1082 1085 1084 1090 1089 1081 1080 1086 1085 1087 1086 1082 1081 1087 1086 1088 1087 1084 1083 1088 1087 1089 1088 1085 1084 1089 1088 1090 1089 1083 1082 1090 1089 1086 1085 1087 1086 1086 1085 1091 1090 1088 1087 1087 1086 1091 1090 1089 1088 1088 1087 1091 1090 1090 1089 1089 1088 1091 1090 1086 1085 1090 1089 1091 1090 1092 1091 1093 1092 1094 1093 1093 1092 1092 1091 1095 1094 1092 1091 1094 1093 1096 1095 1092 1091 1096 1095 1097 1096 1092 1091 1097 1096 1095 1094 1093 1092 1095 1094 1098 1097 1094 1093 1093 1092 1099 1098 1096 1095 1094 1093 1100 1099 1097 1096 1096 1095 1101 1100 1095 1094 1097 1096 1102 1101 1093 1092 1098 1097 1099 1098 1094 1093 1099 1098 1100 1099 1096 1095 1100 1099 1101 1100 1097 1096 1101 1100 1102 1101 1095 1094 1102 1101 1098 1097 1099 1098 1098 1097 1103 1102 1100 1099 1099 1098 1103 1102 1101 1100 1100 1099 1103 1102 1102 1101 1101 1100 1103 1102 1098 1097 1102 1101 1103 1102 1104 1103 1105 1104 1106 1105 1105 1104 1104 1103 1107 1106 1104 1103 1106 1105 1108 1107 1104 1103 1108 1107 1109 1108 1104 1103 1109 1108 1107 1106 1105 1104 1107 1106 1110 1109 1106 1105 1105 1104 1111 1110 1108 1107 1106 1105 1112 1111 1109 1108 1108 1107 1113 1112 1107 1106 1109 1108 1114 1113 1105 1104 1110 1109 1111 1110 1106 1105 1111 1110 1112 1111 1108 1107 1112 1111 1113 1112 1109 1108 1113 1112 1114 1113 1107 1106 1114 1113 1110 1109 1111 1110 1110 1109 1115 1114 1112 1111 1111 1110 1115 1114 1113 1112 1112 1111 1115 1114 1114 1113 1113 1112 1115 1114 1110 1109 1114 1113 1115 1114 1116 1115 1117 1116 1118 1117 1117 1116 1116 1115 1119 1118 1116 1115 1118 1117 1120 1119 1116 1115 1120 1119 1121 1120 1116 1115 1121 1120 1119 1118 1117 1116 1119 1118 1122 1121 1118 1117 1117 1116 1123 1122 1120 1119 1118 1117 1124 1123 1121 1120 1120 1119 1125 1124 1119 1118 1121 1120 1126 1125 1117 1116 1122 1121 1123 1122 1118 1117 1123 1122 1124 1123 1120 1119 1124 1123 1125 1124 1121 1120 1125 1124 1126 1125 1119 1118 1126 1125 1122 1121 1123 1122 1122 1121 1127 1126 1124 1123 1123 1122 1127 1126 1125 1124 1124 1123 1127 1126 1126 1125 1125 1124 1127 1126 1122 1121 1126 1125 1127 1126 1128 1127 1129 1128 1130 1129 1129 1128 1128 1127 1131 1130 1128 1127 1130 1129 1132 1131 1128 1127 1132 1131 1133 1132 1128 1127 1133 1132 1131 1130 1129 1128 1131 1130 1134 1133 1130 1129 1129 1128 1135 1134 1132 1131 1130 1129 1136 1135 1133 1132 1132 1131 1137 1136 1131 1130 1133 1132 1138 1137 1129 1128 1134 1133 1135 1134 1130 1129 1135 1134 1136 1135 1132 1131 1136 1135 1137 1136 1133 1132 1137 1136 1138 1137 1131 1130 1138 1137 1134 1133 1135 1134 1134 1133 1139 1138 1136 1135 1135 1134 1139 1138 1137 1136 1136 1135 1139 1138 1138 1137 1137 1136 1139 1138 1134 1133 1138 1137 1139 1138 1140 1139 1141 1140 1142 1141 1141 1140 1140 1139 1143 1142 1140 1139 1142 1141 1144 1143 1140 1139 1144 1143 1145 1144 1140 1139 1145 1144 1143 1142 1141 1140 1143 1142 1146 1145 1142 1141 1141 1140 1147 1146 1144 1143 1142 1141 1148 1147 1145 1144 1144 1143 1149 1148 1143 1142 1145 1144 1150 1149 1141 1140 1146 1145 1147 1146 1142 1141 1147 1146 1148 1147 1144 1143 1148 1147 1149 1148 1145 1144 1149 1148 1150 1149 1143 1142 1150 1149 1146 1145 1147 1146 1146 1145 1151 1150 1148 1147 1147 1146 1151 1150 1149 1148 1148 1147 1151 1150 1150 1149 1149 1148 1151 1150 1146 1145 1150 1149 1151 1150 1152 1151 1153 1152 1154 1153 1153 1152 1152 1151 1155 1154 1152 1151 1154 1153 1156 1155 1152 1151 1156 1155 1157 1156 1152 1151 1157 1156 1155 1154 1153 1152 1155 1154 1158 1157 1154 1153 1153 1152 1159 1158 1156 1155 1154 1153 1160 1159 1157 1156 1156 1155 1161 1160 1155 1154 1157 1156 1162 1161 1153 1152 1158 1157 1159 1158 1154 1153 1159 1158 1160 1159 1156 1155 1160 1159 1161 1160 1157 1156 1161 1160 1162 1161 1155 1154 1162 1161 1158 1157 1159 1158 1158 1157 1163 1162 1160 1159 1159 1158 1163 1162 1161 1160 1160 1159 1163 1162 1162 1161 1161 1160 1163 1162 1158 1157 1162 1161 1163 1162 1164 1163 1165 1164 1166 1165 1165 1164 1164 1163 1167 1166 1164 1163 1166 1165 1168 1167 1164 1163 1168 1167 1169 1168 1164 1163 1169 1168 1167 1166 1165 1164 1167 1166 1170 1169 1166 1165 1165 1164 1171 1170 1168 1167 1166 1165 1172 908 1169 1168 1168 1167 1173 1171 1167 1166 1169 1168 1174 1172 1165 1164 1170 1169 1171 1170 1166 1165 1171 1170 1172 908 1168 1167 1172 908 1173 1171 1169 1168 1173 1171 1174 1172 1167 1166 1174 1172 1170 1169 1171 1170 1170 1169 1175 1173 1172 908 1171 1170 1175 1173 1173 1171 1172 908 1175 1173 1174 1172 1173 1171 1175 1173 1170 1169 1174 1172 1175 1173 1176 1174 1177 1175 1178 1176 1177 1175 1176 1174 1179 1177 1176 1174 1178 1176 1180 1178 1176 1174 1180 1178 1181 1179 1176 1174 1181 1179 1179 1177 1177 1175 1179 1177 1182 1180 1178 1176 1177 1175 1183 1181 1180 1178 1178 1176 1184 1182 1181 1179 1180 1178 1185 1183 1179 1177 1181 1179 1186 1184 1177 1175 1182 1180 1183 1181 1178 1176 1183 1181 1184 1182 1180 1178 1184 1182 1185 1183 1181 1179 1185 1183 1186 1184 1179 1177 1186 1184 1182 1180 1183 1181 1182 1180 1187 1185 1184 1182 1183 1181 1187 1185 1185 1183 1184 1182 1187 1185 1186 1184 1185 1183 1187 1185 1182 1180 1186 1184 1187 1185 1188 1186 1189 1187 1190 1188 1189 1187 1188 1186 1191 1189 1188 1186 1190 1188 1192 1190 1188 1186 1192 1190 1193 1191 1188 1186 1193 1191 1191 1189 1189 1187 1191 1189 1194 1192 1190 1188 1189 1187 1195 1193 1192 1190 1190 1188 1196 1194 1193 1191 1192 1190 1197 1195 1191 1189 1193 1191 1198 1196 1189 1187 1194 1192 1195 1193 1190 1188 1195 1193 1196 1194 1192 1190 1196 1194 1197 1195 1193 1191 1197 1195 1198 1196 1191 1189 1198 1196 1194 1192 1195 1193 1194 1192 1199 1197 1196 1194 1195 1193 1199 1197 1197 1195 1196 1194 1199 1197 1198 1196 1197 1195 1199 1197 1194 1192 1198 1196 1199 1197 1200 1198 1201 1199 1202 1200 1201 1199 1200 1198 1203 1201 1200 1198 1202 1200 1204 1202 1200 1198 1204 1202 1205 1203 1200 1198 1205 1203 1203 1201 1201 1199 1203 1201 1206 1204 1202 1200 1201 1199 1207 1205 1204 1202 1202 1200 1208 1206 1205 1203 1204 1202 1209 1207 1203 1201 1205 1203 1210 1208 1201 1199 1206 1204 1207 1205 1202 1200 1207 1205 1208 1206 1204 1202 1208 1206 1209 1207 1205 1203 1209 1207 1210 1208 1203 1201 1210 1208 1206 1204 1207 1205 1206 1204 1211 1209 1208 1206 1207 1205 1211 1209 1209 1207 1208 1206 1211 1209 1210 1208 1209 1207 1211 1209 1206 1204 1210 1208 1211 1209 1212 1210 1213 1211 1214 1212 1213 1211 1212 1210 1215 1213 1212 1210 1214 1212 1216 1214 1212 1210 1216 1214 1217 1215 1212 1210 1217 1215 1215 1213 1213 1211 1215 1213 1218 1216 1214 1212 1213 1211 1219 1217 1216 1214 1214 1212 1220 1218 1217 1215 1216 1214 1221 1219 1215 1213 1217 1215 1222 1220 1213 1211 1218 1216 1219 1217 1214 1212 1219 1217 1220 1218 1216 1214 1220 1218 1221 1219 1217 1215 1221 1219 1222 1220 1215 1213 1222 1220 1218 1216 1219 1217 1218 1216 1223 1221 1220 1218 1219 1217 1223 1221 1221 1219 1220 1218 1223 1221 1222 1220 1221 1219 1223 1221 1218 1216 1222 1220 1223 1221 1224 1222 1225 1223 1226 1224 1225 1223 1224 1222 1227 1225 1224 1222 1226 1224 1228 1226 1224 1222 1228 1226 1229 1227 1224 1222 1229 1227 1227 1225 1225 1223 1227 1225 1230 1228 1226 1224 1225 1223 1231 1229 1228 1226 1226 1224 1232 1230 1229 1227 1228 1226 1233 1231 1227 1225 1229 1227 1234 1232 1225 1223 1230 1228 1231 1229 1226 1224 1231 1229 1232 1230 1228 1226 1232 1230 1233 1231 1229 1227 1233 1231 1234 1232 1227 1225 1234 1232 1230 1228 1231 1229 1230 1228 1235 1233 1232 1230 1231 1229 1235 1233 1233 1231 1232 1230 1235 1233 1234 1232 1233 1231 1235 1233 1230 1228 1234 1232 1235 1233 1236 1234 1237 1235 1238 1236 1237 1235 1236 1234 1239 1237 1236 1234 1238 1236 1240 1238 1236 1234 1240 1238 1241 1239 1236 1234 1241 1239 1239 1237 1237 1235 1239 1237 1242 1240 1238 1236 1237 1235 1243 1241 1240 1238 1238 1236 1244 1242 1241 1239 1240 1238 1245 1243 1239 1237 1241 1239 1246 1244 1237 1235 1242 1240 1243 1241 1238 1236 1243 1241 1244 1242 1240 1238 1244 1242 1245 1243 1241 1239 1245 1243 1246 1244 1239 1237 1246 1244 1242 1240 1243 1241 1242 1240 1247 1245 1244 1242 1243 1241 1247 1245 1245 1243 1244 1242 1247 1245 1246 1244 1245 1243 1247 1245 1242 1240 1246 1244 1247 1245 1248 1246 1249 1247 1250 1248 1249 1247 1248 1246 1251 1249 1248 1246 1250 1248 1252 1250 1248 1246 1252 1250 1253 1251 1248 1246 1253 1251 1251 1249 1249 1247 1251 1249 1254 1252 1250 1248 1249 1247 1255 1253 1252 1250 1250 1248 1256 1254 1253 1251 1252 1250 1257 1255 1251 1249 1253 1251 1258 1256 1249 1247 1254 1252 1255 1253 1250 1248 1255 1253 1256 1254 1252 1250 1256 1254 1257 1255 1253 1251 1257 1255 1258 1256 1251 1249 1258 1256 1254 1252 1255 1253 1254 1252 1259 1257 1256 1254 1255 1253 1259 1257 1257 1255 1256 1254 1259 1257 1258 1256 1257 1255 1259 1257 1254 1252 1258 1256 1259 1257 1260 1258 1261 1259 1262 1260 1261 1259 1260 1258 1263 1261 1260 1258 1262 1260 1264 1262 1260 1258 1264 1262 1265 1263 1260 1258 1265 1263 1263 1261 1261 1259 1263 1261 1266 1264 1262 1260 1261 1259 1267 1265 1264 1262 1262 1260 1268 1266 1265 1263 1264 1262 1269 1267 1263 1261 1265 1263 1270 1268 1261 1259 1266 1264 1267 1265 1262 1260 1267 1265 1268 1266 1264 1262 1268 1266 1269 1267 1265 1263 1269 1267 1270 1268 1263 1261 1270 1268 1266 1264 1267 1265 1266 1264 1271 1269 1268 1266 1267 1265 1271 1269 1269 1267 1268 1266 1271 1269 1270 1268 1269 1267 1271 1269 1266 1264 1270 1268 1271 1269 1272 1270 1273 1271 1274 1272 1273 1271 1272 1270 1275 1273 1272 1270 1274 1272 1276 1274 1272 1270 1276 1274 1277 1275 1272 1270 1277 1275 1275 1273 1273 1271 1275 1273 1278 1276 1274 1272 1273 1271 1279 1277 1276 1274 1274 1272 1280 1278 1277 1275 1276 1274 1281 1279 1275 1273 1277 1275 1282 1280 1273 1271 1278 1276 1279 1277 1274 1272 1279 1277 1280 1278 1276 1274 1280 1278 1281 1279 1277 1275 1281 1279 1282 1280 1275 1273 1282 1280 1278 1276 1279 1277 1278 1276 1283 1281 1280 1278 1279 1277 1283 1281 1281 1279 1280 1278 1283 1281 1282 1280 1281 1279 1283 1281 1278 1276 1282 1280 1283 1281 1284 1282 1285 1283 1286 1284 1285 1283 1284 1282 1287 1285 1284 1282 1286 1284 1288 1286 1284 1282 1288 1286 1289 1287 1284 1282 1289 1287 1287 1285 1285 1283 1287 1285 1290 1288 1286 1284 1285 1283 1291 1289 1288 1286 1286 1284 1292 1290 1289 1287 1288 1286 1293 1291 1287 1285 1289 1287 1294 1292 1285 1283 1290 1288 1291 1289 1286 1284 1291 1289 1292 1290 1288 1286 1292 1290 1293 1291 1289 1287 1293 1291 1294 1292 1287 1285 1294 1292 1290 1288 1291 1289 1290 1288 1295 1293 1292 1290 1291 1289 1295 1293 1293 1291 1292 1290 1295 1293 1294 1292 1293 1291 1295 1293 1290 1288 1294 1292 1295 1293 1296 1294 1297 1295 1298 1296 1297 1295 1296 1294 1299 1297 1296 1294 1298 1296 1300 1298 1296 1294 1300 1298 1301 1299 1296 1294 1301 1299 1299 1297 1297 1295 1299 1297 1302 1300 1298 1296 1297 1295 1303 1301 1300 1298 1298 1296 1304 1302 1301 1299 1300 1298 1305 1303 1299 1297 1301 1299 1306 1304 1297 1295 1302 1300 1303 1301 1298 1296 1303 1301 1304 1302 1300 1298 1304 1302 1305 1303 1301 1299 1305 1303 1306 1304 1299 1297 1306 1304 1302 1300 1303 1301 1302 1300 1307 1305 1304 1302 1303 1301 1307 1305 1305 1303 1304 1302 1307 1305 1306 1304 1305 1303 1307 1305 1302 1300 1306 1304 1307 1305 1308 1306 1309 1307 1310 1308 1309 1307 1308 1306 1311 1309 1308 1306 1310 1308 1312 1310 1308 1306 1312 1310 1313 1311 1308 1306 1313 1311 1311 1309 1309 1307 1311 1309 1314 1312 1310 1308 1309 1307 1315 1313 1312 1310 1310 1308 1316 1314 1313 1311 1312 1310 1317 1315 1311 1309 1313 1311 1318 1316 1309 1307 1314 1312 1315 1313 1310 1308 1315 1313 1316 1314 1312 1310 1316 1314 1317 1315 1313 1311 1317 1315 1318 1316 1311 1309 1318 1316 1314 1312 1315 1313 1314 1312 1319 1317 1316 1314 1315 1313 1319 1317 1317 1315 1316 1314 1319 1317 1318 1316 1317 1315 1319 1317 1314 1312 1318 1316 1319 1317 1320 1318 1321 1319 1322 1320 1321 1319 1320 1318 1323 1321 1320 1318 1322 1320 1324 1322 1320 1318 1324 1322 1325 1323 1320 1318 1325 1323 1323 1321 1321 1319 1323 1321 1326 1324 1322 1320 1321 1319 1327 1325 1324 1322 1322 1320 1328 1326 1325 1323 1324 1322 1329 1327 1323 1321 1325 1323 1330 1328 1321 1319 1326 1324 1327 1325 1322 1320 1327 1325 1328 1326 1324 1322 1328 1326 1329 1327 1325 1323 1329 1327 1330 1328 1323 1321 1330 1328 1326 1324 1327 1325 1326 1324 1331 1329 1328 1326 1327 1325 1331 1329 1329 1327 1328 1326 1331 1329 1330 1328 1329 1327 1331 1329 1326 1324 1330 1328 1331 1329 1332 1330 1333 1331 1334 1332 1333 1331 1332 1330 1335 1333 1332 1330 1334 1332 1336 1334 1332 1330 1336 1334 1337 1335 1332 1330 1337 1335 1335 1333 1333 1331 1335 1333 1338 1336 1334 1332 1333 1331 1339 1337 1336 1334 1334 1332 1340 1338 1337 1335 1336 1334 1341 1339 1335 1333 1337 1335 1342 1340 1333 1331 1338 1336 1339 1337 1334 1332 1339 1337 1340 1338 1336 1334 1340 1338 1341 1339 1337 1335 1341 1339 1342 1340 1335 1333 1342 1340 1338 1336 1339 1337 1338 1336 1343 1341 1340 1338 1339 1337 1343 1341 1341 1339 1340 1338 1343 1341 1342 1340 1341 1339 1343 1341 1338 1336 1342 1340 1343 1341 1344 1342 1345 1343 1346 1344 1345 1343 1344 1342 1347 1345 1344 1342 1346 1344 1348 1346 1344 1342 1348 1346 1349 1347 1344 1342 1349 1347 1347 1345 1345 1343 1347 1345 1350 1348 1346 1344 1345 1343 1351 1349 1348 1346 1346 1344 1352 1350 1349 1347 1348 1346 1353 1351 1347 1345 1349 1347 1354 1352 1345 1343 1350 1348 1351 1349 1346 1344 1351 1349 1352 1350 1348 1346 1352 1350 1353 1351 1349 1347 1353 1351 1354 1352 1347 1345 1354 1352 1350 1348 1351 1349 1350 1348 1355 1353 1352 1350 1351 1349 1355 1353 1353 1351 1352 1350 1355 1353 1354 1352 1353 1351 1355 1353 1350 1348 1354 1352 1355 1353 1356 1354 1357 1355 1358 1356 1357 1355 1356 1354 1359 1357 1356 1354 1358 1356 1360 1358 1356 1354 1360 1358 1361 1359 1356 1354 1361 1359 1359 1357 1357 1355 1359 1357 1362 1360 1358 1356 1357 1355 1363 1361 1360 1358 1358 1356 1364 1362 1361 1359 1360 1358 1365 1363 1359 1357 1361 1359 1366 1364 1357 1355 1362 1360 1363 1361 1358 1356 1363 1361 1364 1362 1360 1358 1364 1362 1365 1363 1361 1359 1365 1363 1366 1364 1359 1357 1366 1364 1362 1360 1363 1361 1362 1360 1367 1365 1364 1362 1363 1361 1367 1365 1365 1363 1364 1362 1367 1365 1366 1364 1365 1363 1367 1365 1362 1360 1366 1364 1367 1365 1368 1366 1369 1367 1370 1368 1369 1367 1368 1366 1371 1369 1368 1366 1370 1368 1372 1370 1368 1366 1372 1370 1373 1371 1368 1366 1373 1371 1371 1369 1369 1367 1371 1369 1374 1372 1370 1368 1369 1367 1375 1373 1372 1370 1370 1368 1376 1374 1373 1371 1372 1370 1377 1375 1371 1369 1373 1371 1378 1376 1369 1367 1374 1372 1375 1373 1370 1368 1375 1373 1376 1374 1372 1370 1376 1374 1377 1375 1373 1371 1377 1375 1378 1376 1371 1369 1378 1376 1374 1372 1375 1373 1374 1372 1379 1377 1376 1374 1375 1373 1379 1377 1377 1375 1376 1374 1379 1377 1378 1376 1377 1375 1379 1377 1374 1372 1378 1376 1379 1377 1380 1378 1381 1379 1382 1380 1381 1379 1380 1378 1383 1381 1380 1378 1382 1380 1384 1382 1380 1378 1384 1382 1385 1383 1380 1378 1385 1383 1383 1381 1381 1379 1383 1381 1386 1384 1382 1380 1381 1379 1387 1385 1384 1382 1382 1380 1388 1386 1385 1383 1384 1382 1389 1387 1383 1381 1385 1383 1390 1388 1381 1379 1386 1384 1387 1385 1382 1380 1387 1385 1388 1386 1384 1382 1388 1386 1389 1387 1385 1383 1389 1387 1390 1388 1383 1381 1390 1388 1386 1384 1387 1385 1386 1384 1391 1389 1388 1386 1387 1385 1391 1389 1389 1387 1388 1386 1391 1389 1390 1388 1389 1387 1391 1389 1386 1384 1390 1388 1391 1389 1392 1390 1393 1391 1394 1392 1393 1391 1392 1390 1395 1393 1392 1390 1394 1392 1396 1394 1392 1390 1396 1394 1397 1395 1392 1390 1397 1395 1395 1393 1393 1391 1395 1393 1398 1396 1394 1392 1393 1391 1399 1397 1396 1394 1394 1392 1400 1398 1397 1395 1396 1394 1401 1399 1395 1393 1397 1395 1402 1400 1393 1391 1398 1396 1399 1397 1394 1392 1399 1397 1400 1398 1396 1394 1400 1398 1401 1399 1397 1395 1401 1399 1402 1400 1395 1393 1402 1400 1398 1396 1399 1397 1398 1396 1403 1401 1400 1398 1399 1397 1403 1401 1401 1399 1400 1398 1403 1401 1402 1400 1401 1399 1403 1401 1398 1396 1402 1400 1403 1401 1404 1402 1405 1403 1406 1404 1405 1403 1404 1402 1407 1405 1404 1402 1406 1404 1408 1406 1404 1402 1408 1406 1409 1407 1404 1402 1409 1407 1407 1405 1405 1403 1407 1405 1410 1408 1406 1404 1405 1403 1411 1409 1408 1406 1406 1404 1412 1410 1409 1407 1408 1406 1413 1411 1407 1405 1409 1407 1414 1412 1405 1403 1410 1408 1411 1409 1406 1404 1411 1409 1412 1410 1408 1406 1412 1410 1413 1411 1409 1407 1413 1411 1414 1412 1407 1405 1414 1412 1410 1408 1411 1409 1410 1408 1415 1413 1412 1410 1411 1409 1415 1413 1413 1411 1412 1410 1415 1413 1414 1412 1413 1411 1415 1413 1410 1408 1414 1412 1415 1413</p></triangles>
        <triangles count="1812" material="MAT_BARK_EUCA-mat"><input semantic="VERTEX" source="#TREE_EUCA_1-vtx" offset="0"/><input semantic="NORMAL" source="#TREE_EUCA_1-nrm" offset="1"/><p>1416 1414 1417 1415 1418 1416 1416 1414 1418 1416 1419 1417 1417 1415 1420 1418 1421 1419 1417 1415 1421 1419 1418 1416 1420 1418 1422 1420 1423 1421 1420 1418 1423 1421 1421 1419 1422 1420 1424 1422 1425 1423 1422 1420 1425 1423 1423 1421 1424 1422 1426 1424 1427 1425 1424 1422 1427 1425 1425 1423 1426 1424 1416 1414 1419 1417 1426 1424 1419 1417 1427 1425 1419 1417 1418 1416 1428 1426 1419 1417 1428 1426 1429 1427 1418 1416 1421 1419 1430 1428 1418 1416 1430 1428 1428 1426 1421 1419 1423 1421 1431 1429 1421 1419 1431 1429 1430 1428 1423 1421 1425 1423 1432 1430 1423 1421 1432 1430 1431 1429 1425 1423 1427 1425 1433 1431 1425 1423 1433 1431 1432 1430 1427 1425 1419 1417 1429 1427 1427 1425 1429 1427 1433 1431 1429 1427 1428 1426 1434 1432 1429 1427 1434 1432 1435 1433 1428 1426 1430 1428 1436 1434 1428 1426 1436 1434 1434 1432 1430 1428 1431 1429 1437 1435 1430 1428 1437 1435 1436 1434 1431 1429 1432 1430 1438 1436 1431 1429 1438 1436 1437 1435 1432 1430 1433 1431 1439 1437 1432 1430 1439 1437 1438 1436 1433 1431 1429 1427 1435 1433 1433 1431 1435 1433 1439 1437 1435 1433 1434 1432 1440 1438 1435 1433 1440 1438 1441 1439 1434 1432 1436 1434 1442 1440 1434 1432 1442 1440 1440 1438 1436 1434 1437 1435 1443 1441 1436 1434 1443 1441 1442 1440 1437 1435 1438 1436 1444 1442 1437 1435 1444 1442 1443 1441 1438 1436 1439 1437 1445 1443 1438 1436 1445 1443 1444 1442 1439 1437 1435 1433 1441 1439 1439 1437 1441 1439 1445 1443 1446 1444 1447 1445 1448 1446 1446 1444 1448 1446 1449 1447 1447 1445 1450 1448 1451 1449 1447 1445 1451 1449 1448 1446 1450 1448 1452 1450 1453 1451 1450 1448 1453 1451 1451 1449 1452 1450 1454 1452 1455 1453 1452 1450 1455 1453 1453 1451 1454 1452 1456 1454 1457 1455 1454 1452 1457 1455 1455 1453 1456 1454 1446 1444 1449 1447 1456 1454 1449 1447 1457 1455 1449 1447 1448 1446 1458 1456 1449 1447 1458 1456 1459 1457 1448 1446 1451 1449 1460 1458 1448 1446 1460 1458 1458 1456 1451 1449 1453 1451 1461 1459 1451 1449 1461 1459 1460 1458 1453 1451 1455 1453 1462 1460 1453 1451 1462 1460 1461 1459 1455 1453 1457 1455 1463 1461 1455 1453 1463 1461 1462 1460 1457 1455 1449 1447 1459 1457 1457 1455 1459 1457 1463 1461 1459 1457 1458 1456 1464 1462 1459 1457 1464 1462 1465 1463 1458 1456 1460 1458 1466 1464 1458 1456 1466 1464 1464 1462 1460 1458 1461 1459 1467 1465 1460 1458 1467 1465 1466 1464 1461 1459 1462 1460 1468 1466 1461 1459 1468 1466 1467 1465 1462 1460 1463 1461 1469 1467 1462 1460 1469 1467 1468 1466 1463 1461 1459 1457 1465 1463 1463 1461 1465 1463 1469 1467 1465 1463 1464 1462 1470 1468 1465 1463 1470 1468 1471 1469 1464 1462 1466 1464 1472 1470 1464 1462 1472 1470 1470 1468 1466 1464 1467 1465 1473 1471 1466 1464 1473 1471 1472 1470 1467 1465 1468 1466 1474 1472 1467 1465 1474 1472 1473 1471 1468 1466 1469 1467 1475 1473 1468 1466 1475 1473 1474 1472 1469 1467 1465 1463 1471 1469 1469 1467 1471 1469 1475 1473 1476 1474 1477 1475 1478 1476 1476 1474 1478 1476 1479 1477 1477 1475 1480 1478 1481 1479 1477 1475 1481 1479 1478 1476 1480 1478 1482 1480 1483 1481 1480 1478 1483 1481 1481 1479 1482 1480 1476 1474 1479 1477 1482 1480 1479 1477 1483 1481 1479 1477 1478 1476 1484 1482 1479 1477 1484 1482 1485 1483 1478 1476 1481 1479 1486 1484 1478 1476 1486 1484 1484 1482 1481 1479 1483 1481 1487 1485 1481 1479 1487 1485 1486 1484 1483 1481 1479 1477 1485 1483 1483 1481 1485 1483 1487 1485 1485 1483 1484 1482 1488 1486 1485 1483 1488 1486 1489 1487 1484 1482 1486 1484 1490 1488 1484 1482 1490 1488 1488 1486 1486 1484 1487 1485 1491 1489 1486 1484 1491 1489 1490 1488 1487 1485 1485 1483 1489 1487 1487 1485 1489 1487 1491 1489 1492 1490 1493 1491 1494 1492 1492 1490 1494 1492 1495 1493 1493 1491 1496 1494 1497 1495 1493 1491 1497 1495 1494 1492 1496 1494 1498 1496 1499 1497 1496 1494 1499 1497 1497 1495 1498 1496 1492 1490 1495 1493 1498 1496 1495 1493 1499 1497 1495 1493 1494 1492 1500 1498 1495 1493 1500 1498 1501 1499 1494 1492 1497 1495 1502 1500 1494 1492 1502 1500 1500 1498 1497 1495 1499 1497 1503 1501 1497 1495 1503 1501 1502 1500 1499 1497 1495 1493 1501 1499 1499 1497 1501 1499 1503 1501 1501 1499 1500 1498 1504 1502 1501 1499 1504 1502 1505 1503 1500 1498 1502 1500 1506 1504 1500 1498 1506 1504 1504 1502 1502 1500 1503 1501 1507 1505 1502 1500 1507 1505 1506 1504 1503 1501 1501 1499 1505 1503 1503 1501 1505 1503 1507 1505 1504 1502 1505 1503 1508 1506 1506 1504 1504 1502 1508 1506 1507 1505 1506 1504 1508 1506 1505 1503 1507 1505 1508 1506 1509 1507 1510 1508 1511 1509 1509 1507 1511 1509 1512 1510 1510 1508 1513 1511 1514 1512 1510 1508 1514 1512 1511 1509 1513 1511 1515 1513 1516 1514 1513 1511 1516 1514 1514 1512 1515 1513 1509 1507 1512 1510 1515 1513 1512 1510 1516 1514 1512 1510 1511 1509 1517 1515 1512 1510 1517 1515 1518 1516 1511 1509 1514 1512 1519 1517 1511 1509 1519 1517 1517 1515 1514 1512 1516 1514 1520 1518 1514 1512 1520 1518 1519 1517 1516 1514 1512 1510 1518 1516 1516 1514 1518 1516 1520 1518 1518 1516 1517 1515 1521 1519 1518 1516 1521 1519 1522 1520 1517 1515 1519 1517 1523 1521 1517 1515 1523 1521 1521 1519 1519 1517 1520 1518 1524 1522 1519 1517 1524 1522 1523 1521 1520 1518 1518 1516 1522 1520 1520 1518 1522 1520 1524 1522 1521 1519 1522 1520 1525 1523 1523 1521 1521 1519 1525 1523 1524 1522 1523 1521 1525 1523 1522 1520 1524 1522 1525 1523 1526 1524 1527 1525 1528 1526 1526 1524 1528 1526 1529 1527 1527 1525 1530 1528 1531 1529 1527 1525 1531 1529 1528 1526 1530 1528 1532 1530 1533 1531 1530 1528 1533 1531 1531 1529 1532 1530 1526 1524 1529 1527 1532 1530 1529 1527 1533 1531 1529 1527 1528 1526 1534 1532 1529 1527 1534 1532 1535 1533 1528 1526 1531 1529 1536 1534 1528 1526 1536 1534 1534 1532 1531 1529 1533 1531 1537 1535 1531 1529 1537 1535 1536 1534 1533 1531 1529 1527 1535 1533 1533 1531 1535 1533 1537 1535 1535 1533 1534 1532 1538 1536 1535 1533 1538 1536 1539 1537 1534 1532 1536 1534 1540 1538 1534 1532 1540 1538 1538 1536 1536 1534 1537 1535 1541 1539 1536 1534 1541 1539 1540 1538 1537 1535 1535 1533 1539 1537 1537 1535 1539 1537 1541 1539 1538 1536 1539 1537 1542 1540 1540 1538 1538 1536 1542 1540 1541 1539 1540 1538 1542 1540 1539 1537 1541 1539 1542 1540 1543 1541 1544 1542 1545 1543 1543 1541 1545 1543 1546 1544 1544 1542 1547 1545 1548 1546 1544 1542 1548 1546 1545 1543 1547 1545 1549 1547 1550 1548 1547 1545 1550 1548 1548 1546 1549 1547 1543 1541 1546 1544 1549 1547 1546 1544 1550 1548 1546 1544 1545 1543 1551 1549 1546 1544 1551 1549 1552 1550 1545 1543 1548 1546 1553 1551 1545 1543 1553 1551 1551 1549 1548 1546 1550 1548 1554 1552 1548 1546 1554 1552 1553 1551 1550 1548 1546 1544 1552 1550 1550 1548 1552 1550 1554 1552 1552 1550 1551 1549 1555 1553 1552 1550 1555 1553 1556 1554 1551 1549 1553 1551 1557 1555 1551 1549 1557 1555 1555 1553 1553 1551 1554 1552 1558 1556 1553 1551 1558 1556 1557 1555 1554 1552 1552 1550 1556 1554 1554 1552 1556 1554 1558 1556 1555 1553 1556 1554 1559 1557 1557 1555 1555 1553 1559 1557 1558 1556 1557 1555 1559 1557 1556 1554 1558 1556 1559 1557 1560 1558 1561 1559 1562 1560 1560 1558 1562 1560 1563 1561 1561 1559 1564 1562 1565 1563 1561 1559 1565 1563 1562 1560 1564 1562 1566 1564 1567 1565 1564 1562 1567 1565 1565 1563 1566 1564 1560 1558 1563 1561 1566 1564 1563 1561 1567 1565 1563 1561 1562 1560 1568 1566 1563 1561 1568 1566 1569 1567 1562 1560 1565 1563 1570 1568 1562 1560 1570 1568 1568 1566 1565 1563 1567 1565 1571 1569 1565 1563 1571 1569 1570 1568 1567 1565 1563 1561 1569 1567 1567 1565 1569 1567 1571 1569 1569 1567 1568 1566 1572 1570 1569 1567 1572 1570 1573 1571 1568 1566 1570 1568 1574 1572 1568 1566 1574 1572 1572 1570 1570 1568 1571 1569 1575 1573 1570 1568 1575 1573 1574 1572 1571 1569 1569 1567 1573 1571 1571 1569 1573 1571 1575 1573 1576 1574 1577 1575 1578 1576 1576 1574 1578 1576 1579 1577 1577 1575 1580 1578 1581 1579 1577 1575 1581 1579 1578 1576 1580 1578 1582 1580 1583 1581 1580 1578 1583 1581 1581 1579 1582 1580 1576 1574 1579 1577 1582 1580 1579 1577 1583 1581 1579 1577 1578 1576 1584 1582 1579 1577 1584 1582 1585 1583 1578 1576 1581 1579 1586 1584 1578 1576 1586 1584 1584 1582 1581 1579 1583 1581 1587 1585 1581 1579 1587 1585 1586 1584 1583 1581 1579 1577 1585 1583 1583 1581 1585 1583 1587 1585 1585 1583 1584 1582 1588 1586 1585 1583 1588 1586 1589 1587 1584 1582 1586 1584 1590 1588 1584 1582 1590 1588 1588 1586 1586 1584 1587 1585 1591 1589 1586 1584 1591 1589 1590 1588 1587 1585 1585 1583 1589 1587 1587 1585 1589 1587 1591 1589 1588 1586 1589 1587 1592 1590 1590 1588 1588 1586 1592 1590 1591 1589 1590 1588 1592 1590 1589 1587 1591 1589 1592 1590 1593 1591 1594 1592 1595 1593 1593 1591 1595 1593 1596 1594 1594 1592 1597 1595 1598 1596 1594 1592 1598 1596 1595 1593 1597 1595 1599 1597 1600 1598 1597 1595 1600 1598 1598 1596 1599 1597 1593 1591 1596 1594 1599 1597 1596 1594 1600 1598 1596 1594 1595 1593 1601 1599 1596 1594 1601 1599 1602 1600 1595 1593 1598 1596 1603 1601 1595 1593 1603 1601 1601 1599 1598 1596 1600 1598 1604 1602 1598 1596 1604 1602 1603 1601 1600 1598 1596 1594 1602 1600 1600 1598 1602 1600 1604 1602 1602 1600 1601 1599 1605 1603 1602 1600 1605 1603 1606 1604 1601 1599 1603 1601 1607 1605 1601 1599 1607 1605 1605 1603 1603 1601 1604 1602 1608 1606 1603 1601 1608 1606 1607 1605 1604 1602 1602 1600 1606 1604 1604 1602 1606 1604 1608 1606 1605 1603 1606 1604 1609 1607 1607 1605 1605 1603 1609 1607 1608 1606 1607 1605 1609 1607 1606 1604 1608 1606 1609 1607 1610 1608 1611 1609 1612 1610 1610 1608 1612 1610 1613 1611 1611 1609 1614 1612 1615 1613 1611 1609 1615 1613 1612 1610 1614 1612 1616 1614 1617 1615 1614 1612 1617 1615 1615 1613 1616 1614 1610 1608 1613 1611 1616 1614 1613 1611 1617 1615 1613 1611 1612 1610 1618 1616 1613 1611 1618 1616 1619 1617 1612 1610 1615 1613 1620 1618 1612 1610 1620 1618 1618 1616 1615 1613 1617 1615 1621 1619 1615 1613 1621 1619 1620 1618 1617 1615 1613 1611 1619 1617 1617 1615 1619 1617 1621 1619 1619 1617 1618 1616 1622 1620 1619 1617 1622 1620 1623 1621 1618 1616 1620 1618 1624 1622 1618 1616 1624 1622 1622 1620 1620 1618 1621 1619 1625 1623 1620 1618 1625 1623 1624 1622 1621 1619 1619 1617 1623 1621 1621 1619 1623 1621 1625 1623 1622 1620 1623 1621 1626 1624 1624 1622 1622 1620 1626 1624 1625 1623 1624 1622 1626 1624 1623 1621 1625 1623 1626 1624 1627 1625 1628 1626 1629 1627 1627 1625 1629 1627 1630 1628 1628 1626 1631 1629 1632 1630 1628 1626 1632 1630 1629 1627 1631 1629 1633 1631 1634 1632 1631 1629 1634 1632 1632 1630 1633 1631 1627 1625 1630 1628 1633 1631 1630 1628 1634 1632 1630 1628 1629 1627 1635 1633 1630 1628 1635 1633 1636 1634 1629 1627 1632 1630 1637 1635 1629 1627 1637 1635 1635 1633 1632 1630 1634 1632 1638 1636 1632 1630 1638 1636 1637 1635 1634 1632 1630 1628 1636 1634 1634 1632 1636 1634 1638 1636 1636 1634 1635 1633 1639 1637 1636 1634 1639 1637 1640 1638 1635 1633 1637 1635 1641 1639 1635 1633 1641 1639 1639 1637 1637 1635 1638 1636 1642 1640 1637 1635 1642 1640 1641 1639 1638 1636 1636 1634 1640 1638 1638 1636 1640 1638 1642 1640 1643 1641 1644 1642 1645 1643 1643 1641 1645 1643 1646 1644 1644 1642 1647 1645 1648 1646 1644 1642 1648 1646 1645 1643 1647 1645 1649 1647 1650 1648 1647 1645 1650 1648 1648 1646 1649 1647 1643 1641 1646 1644 1649 1647 1646 1644 1650 1648 1646 1644 1645 1643 1651 1649 1646 1644 1651 1649 1652 1650 1645 1643 1648 1646 1653 1651 1645 1643 1653 1651 1651 1649 1648 1646 1650 1648 1654 1652 1648 1646 1654 1652 1653 1651 1650 1648 1646 1644 1652 1650 1650 1648 1652 1650 1654 1652 1652 1650 1651 1649 1655 1653 1652 1650 1655 1653 1656 1654 1651 1649 1653 1651 1657 1655 1651 1649 1657 1655 1655 1653 1653 1651 1654 1652 1658 1656 1653 1651 1658 1656 1657 1655 1654 1652 1652 1650 1656 1654 1654 1652 1656 1654 1658 1656 1655 1653 1656 1654 1659 1657 1657 1655 1655 1653 1659 1657 1658 1656 1657 1655 1659 1657 1656 1654 1658 1656 1659 1657 1660 1658 1661 1659 1662 1660 1660 1658 1662 1660 1663 1661 1661 1659 1664 1662 1665 1663 1661 1659 1665 1663 1662 1660 1664 1662 1666 1664 1667 1665 1664 1662 1667 1665 1665 1663 1666 1664 1660 1658 1663 1661 1666 1664 1663 1661 1667 1665 1663 1661 1662 1660 1668 1666 1663 1661 1668 1666 1669 1667 1662 1660 1665 1663 1670 1668 1662 1660 1670 1668 1668 1666 1665 1663 1667 1665 1671 1669 1665 1663 1671 1669 1670 1668 1667 1665 1663 1661 1669 1667 1667 1665 1669 1667 1671 1669 1669 1667 1668 1666 1672 1670 1669 1667 1672 1670 1673 1671 1668 1666 1670 1668 1674 1672 1668 1666 1674 1672 1672 1670 1670 1668 1671 1669 1675 1673 1670 1668 1675 1673 1674 1672 1671 1669 1669 1667 1673 1671 1671 1669 1673 1671 1675 1673 1672 1670 1673 1671 1676 1674 1674 1672 1672 1670 1676 1674 1675 1673 1674 1672 1676 1674 1673 1671 1675 1673 1676 1674 1677 1675 1678 1676 1679 1677 1677 1675 1679 1677 1680 1678 1678 1676 1681 1679 1682 1680 1678 1676 1682 1680 1679 1677 1681 1679 1683 1681 1684 1682 1681 1679 1684 1682 1682 1680 1683 1681 1677 1675 1680 1678 1683 1681 1680 1678 1684 1682 1680 1678 1679 1677 1685 1683 1680 1678 1685 1683 1686 1684 1679 1677 1682 1680 1687 1685 1679 1677 1687 1685 1685 1683 1682 1680 1684 1682 1688 1686 1682 1680 1688 1686 1687 1685 1684 1682 1680 1678 1686 1684 1684 1682 1686 1684 1688 1686 1686 1684 1685 1683 1689 1687 1686 1684 1689 1687 1690 1688 1685 1683 1687 1685 1691 1689 1685 1683 1691 1689 1689 1687 1687 1685 1688 1686 1692 1690 1687 1685 1692 1690 1691 1689 1688 1686 1686 1684 1690 1688 1688 1686 1690 1688 1692 1690 1689 1687 1690 1688 1693 1691 1691 1689 1689 1687 1693 1691 1692 1690 1691 1689 1693 1691 1690 1688 1692 1690 1693 1691 1694 1692 1695 1693 1696 1694 1694 1692 1696 1694 1697 1695 1695 1693 1698 1696 1699 1697 1695 1693 1699 1697 1696 1694 1698 1696 1700 1698 1701 1699 1698 1696 1701 1699 1699 1697 1700 1698 1694 1692 1697 1695 1700 1698 1697 1695 1701 1699 1697 1695 1696 1694 1702 1700 1697 1695 1702 1700 1703 1701 1696 1694 1699 1697 1704 1702 1696 1694 1704 1702 1702 1700 1699 1697 1701 1699 1705 1703 1699 1697 1705 1703 1704 1702 1701 1699 1697 1695 1703 1701 1701 1699 1703 1701 1705 1703 1703 1701 1702 1700 1706 1704 1703 1701 1706 1704 1707 1705 1702 1700 1704 1702 1708 1706 1702 1700 1708 1706 1706 1704 1704 1702 1705 1703 1709 1707 1704 1702 1709 1707 1708 1706 1705 1703 1703 1701 1707 1705 1705 1703 1707 1705 1709 1707 1706 1704 1707 1705 1710 1708 1708 1706 1706 1704 1710 1708 1709 1707 1708 1706 1710 1708 1707 1705 1709 1707 1710 1708 1711 1709 1712 1710 1713 1711 1711 1709 1713 1711 1714 1712 1712 1710 1715 1713 1716 1714 1712 1710 1716 1714 1713 1711 1715 1713 1717 1715 1718 1716 1715 1713 1718 1716 1716 1714 1717 1715 1719 1717 1720 1718 1717 1715 1720 1718 1718 1716 1719 1717 1721 1719 1722 1720 1719 1717 1722 1720 1720 1718 1721 1719 1711 1709 1714 1712 1721 1719 1714 1712 1722 1720 1714 1712 1713 1711 1723 1721 1714 1712 1723 1721 1724 1722 1713 1711 1716 1714 1725 1723 1713 1711 1725 1723 1723 1721 1716 1714 1718 1716 1726 1724 1716 1714 1726 1724 1725 1723 1718 1716 1720 1718 1727 1725 1718 1716 1727 1725 1726 1724 1720 1718 1722 1720 1728 1726 1720 1718 1728 1726 1727 1725 1722 1720 1714 1712 1724 1722 1722 1720 1724 1722 1728 1726 1724 1722 1723 1721 1729 1727 1724 1722 1729 1727 1730 1728 1723 1721 1725 1723 1731 1729 1723 1721 1731 1729 1729 1727 1725 1723 1726 1724 1732 1730 1725 1723 1732 1730 1731 1729 1726 1724 1727 1725 1733 1731 1726 1724 1733 1731 1732 1730 1727 1725 1728 1726 1734 1732 1727 1725 1734 1732 1733 1731 1728 1726 1724 1722 1730 1728 1728 1726 1730 1728 1734 1732 1730 1728 1729 1727 1735 1733 1730 1728 1735 1733 1736 1734 1729 1727 1731 1729 1737 1735 1729 1727 1737 1735 1735 1733 1731 1729 1732 1730 1738 1736 1731 1729 1738 1736 1737 1735 1732 1730 1733 1731 1739 1737 1732 1730 1739 1737 1738 1736 1733 1731 1734 1732 1740 1738 1733 1731 1740 1738 1739 1737 1734 1732 1730 1728 1736 1734 1734 1732 1736 1734 1740 1738 1741 1739 1742 1740 1743 1741 1741 1739 1743 1741 1744 1742 1742 1740 1745 1743 1746 1744 1742 1740 1746 1744 1743 1741 1745 1743 1747 1745 1748 1746 1745 1743 1748 1746 1746 1744 1747 1745 1741 1739 1744 1742 1747 1745 1744 1742 1748 1746 1744 1742 1743 1741 1749 1747 1744 1742 1749 1747 1750 1748 1743 1741 1746 1744 1751 1749 1743 1741 1751 1749 1749 1747 1746 1744 1748 1746 1752 1750 1746 1744 1752 1750 1751 1749 1748 1746 1744 1742 1750 1748 1748 1746 1750 1748 1752 1750 1750 1748 1749 1747 1753 1751 1750 1748 1753 1751 1754 1752 1749 1747 1751 1749 1755 1753 1749 1747 1755 1753 1753 1751 1751 1749 1752 1750 1756 1754 1751 1749 1756 1754 1755 1753 1752 1750 1750 1748 1754 1752 1752 1750 1754 1752 1756 1754 1757 1755 1758 1756 1759 1757 1757 1755 1759 1757 1760 1758 1758 1756 1761 1759 1762 1760 1758 1756 1762 1760 1759 1757 1761 1759 1763 1761 1764 1762 1761 1759 1764 1762 1762 1760 1763 1761 1757 1755 1760 1758 1763 1761 1760 1758 1764 1762 1760 1758 1759 1757 1765 1763 1760 1758 1765 1763 1766 1764 1759 1757 1762 1760 1767 1765 1759 1757 1767 1765 1765 1763 1762 1760 1764 1762 1768 1766 1762 1760 1768 1766 1767 1765 1764 1762 1760 1758 1766 1764 1764 1762 1766 1764 1768 1766 1766 1764 1765 1763 1769 1767 1766 1764 1769 1767 1770 1768 1765 1763 1767 1765 1771 1769 1765 1763 1771 1769 1769 1767 1767 1765 1768 1766 1772 1770 1767 1765 1772 1770 1771 1769 1768 1766 1766 1764 1770 1768 1768 1766 1770 1768 1772 1770 1769 1767 1770 1768 1773 1771 1771 1769 1769 1767 1773 1771 1772 1770 1771 1769 1773 1771 1770 1768 1772 1770 1773 1771 1774 1772 1775 1773 1776 1774 1774 1772 1776 1774 1777 1775 1775 1773 1778 1776 1779 1777 1775 1773 1779 1777 1776 1774 1778 1776 1780 1778 1781 1779 1778 1776 1781 1779 1779 1777 1780 1778 1774 1772 1777 1775 1780 1778 1777 1775 1781 1779 1777 1775 1776 1774 1782 1780 1777 1775 1782 1780 1783 1781 1776 1774 1779 1777 1784 1782 1776 1774 1784 1782 1782 1780 1779 1777 1781 1779 1785 1783 1779 1777 1785 1783 1784 1782 1781 1779 1777 1775 1783 1781 1781 1779 1783 1781 1785 1783 1783 1781 1782 1780 1786 1784 1783 1781 1786 1784 1787 1785 1782 1780 1784 1782 1788 1786 1782 1780 1788 1786 1786 1784 1784 1782 1785 1783 1789 1787 1784 1782 1789 1787 1788 1786 1785 1783 1783 1781 1787 1785 1785 1783 1787 1785 1789 1787 1786 1784 1787 1785 1790 1788 1788 1786 1786 1784 1790 1788 1789 1787 1788 1786 1790 1788 1787 1785 1789 1787 1790 1788 1791 1789 1792 1790 1793 1791 1791 1789 1793 1791 1794 1792 1792 1790 1795 1793 1796 1794 1792 1790 1796 1794 1793 1791 1795 1793 1797 1795 1798 1796 1795 1793 1798 1796 1796 1794 1797 1795 1791 1789 1794 1792 1797 1795 1794 1792 1798 1796 1794 1792 1793 1791 1799 1797 1794 1792 1799 1797 1800 1798 1793 1791 1796 1794 1801 1799 1793 1791 1801 1799 1799 1797 1796 1794 1798 1796 1802 1800 1796 1794 1802 1800 1801 1799 1798 1796 1794 1792 1800 1798 1798 1796 1800 1798 1802 1800 1800 1798 1799 1797 1803 1801 1800 1798 1803 1801 1804 1802 1799 1797 1801 1799 1805 1803 1799 1797 1805 1803 1803 1801 1801 1799 1802 1800 1806 1804 1801 1799 1806 1804 1805 1803 1802 1800 1800 1798 1804 1802 1802 1800 1804 1802 1806 1804 1803 1801 1804 1802 1807 1805 1805 1803 1803 1801 1807 1805 1806 1804 1805 1803 1807 1805 1804 1802 1806 1804 1807 1805 1808 1806 1809 1807 1810 1808 1808 1806 1810 1808 1811 1809 1809 1807 1812 1810 1813 1811 1809 1807 1813 1811 1810 1808 1812 1810 1814 1812 1815 1813 1812 1810 1815 1813 1813 1811 1814 1812 1808 1806 1811 1809 1814 1812 1811 1809 1815 1813 1811 1809 1810 1808 1816 1814 1811 1809 1816 1814 1817 1815 1810 1808 1813 1811 1818 1816 1810 1808 1818 1816 1816 1814 1813 1811 1815 1813 1819 1817 1813 1811 1819 1817 1818 1816 1815 1813 1811 1809 1817 1815 1815 1813 1817 1815 1819 1817 1817 1815 1816 1814 1820 1818 1817 1815 1820 1818 1821 1819 1816 1814 1818 1816 1822 1820 1816 1814 1822 1820 1820 1818 1818 1816 1819 1817 1823 1821 1818 1816 1823 1821 1822 1820 1819 1817 1817 1815 1821 1819 1819 1817 1821 1819 1823 1821 1824 1822 1825 1823 1826 1824 1824 1822 1826 1824 1827 1825 1825 1823 1828 1826 1829 1827 1825 1823 1829 1827 1826 1824 1828 1826 1830 1828 1831 1829 1828 1826 1831 1829 1829 1827 1830 1828 1824 1822 1827 1825 1830 1828 1827 1825 1831 1829 1827 1825 1826 1824 1832 1830 1827 1825 1832 1830 1833 1831 1826 1824 1829 1827 1834 1832 1826 1824 1834 1832 1832 1830 1829 1827 1831 1829 1835 1833 1829 1827 1835 1833 1834 1832 1831 1829 1827 1825 1833 1831 1831 1829 1833 1831 1835 1833 1833 1831 1832 1830 1836 1834 1833 1831 1836 1834 1837 1835 1832 1830 1834 1832 1838 1836 1832 1830 1838 1836 1836 1834 1834 1832 1835 1833 1839 1837 1834 1832 1839 1837 1838 1836 1835 1833 1833 1831 1837 1835 1835 1833 1837 1835 1839 1837 1836 1834 1837 1835 1840 1838 1838 1836 1836 1834 1840 1838 1839 1837 1838 1836 1840 1838 1837 1835 1839 1837 1840 1838 1841 1839 1842 1840 1843 1841 1841 1839 1843 1841 1844 1842 1842 1840 1845 1843 1846 1844 1842 1840 1846 1844 1843 1841 1845 1843 1847 1845 1848 1846 1845 1843 1848 1846 1846 1844 1847 1845 1841 1839 1844 1842 1847 1845 1844 1842 1848 1846 1844 1842 1843 1841 1849 1847 1844 1842 1849 1847 1850 1848 1843 1841 1846 1844 1851 1849 1843 1841 1851 1849 1849 1847 1846 1844 1848 1846 1852 1850 1846 1844 1852 1850 1851 1849 1848 1846 1844 1842 1850 1848 1848 1846 1850 1848 1852 1850 1850 1848 1849 1847 1853 1851 1850 1848 1853 1851 1854 1852 1849 1847 1851 1849 1855 1853 1849 1847 1855 1853 1853 1851 1851 1849 1852 1850 1856 1854 1851 1849 1856 1854 1855 1853 1852 1850 1850 1848 1854 1852 1852 1850 1854 1852 1856 1854 1853 1851 1854 1852 1857 1855 1855 1853 1853 1851 1857 1855 1856 1854 1855 1853 1857 1855 1854 1852 1856 1854 1857 1855 1858 1856 1859 1857 1860 1858 1858 1856 1860 1858 1861 1859 1859 1857 1862 1860 1863 1861 1859 1857 1863 1861 1860 1858 1862 1860 1864 1862 1865 1863 1862 1860 1865 1863 1863 1861 1864 1862 1858 1856 1861 1859 1864 1862 1861 1859 1865 1863 1861 1859 1860 1858 1866 1864 1861 1859 1866 1864 1867 1865 1860 1858 1863 1861 1868 1866 1860 1858 1868 1866 1866 1864 1863 1861 1865 1863 1869 867 1863 1861 1869 867 1868 1866 1865 1863 1861 1859 1867 1865 1865 1863 1867 1865 1869 867 1867 1865 1866 1864 1870 1867 1867 1865 1870 1867 1871 1868 1866 1864 1868 1866 1872 1869 1866 1864 1872 1869 1870 1867 1868 1866 1869 867 1873 1870 1868 1866 1873 1870 1872 1869 1869 867 1867 1865 1871 1868 1869 867 1871 1868 1873 1870 1870 1867 1871 1868 1874 1871 1872 1869 1870 1867 1874 1871 1873 1870 1872 1869 1874 1871 1871 1868 1873 1870 1874 1871 1875 1872 1876 1873 1877 1874 1875 1872 1877 1874 1878 1875 1876 1873 1879 1876 1880 1877 1876 1873 1880 1877 1877 1874 1879 1876 1881 1878 1882 1879 1879 1876 1882 1879 1880 1877 1881 1878 1875 1872 1878 1875 1881 1878 1878 1875 1882 1879 1878 1875 1877 1874 1883 1880 1878 1875 1883 1880 1884 1881 1877 1874 1880 1877 1885 1882 1877 1874 1885 1882 1883 1880 1880 1877 1882 1879 1886 1883 1880 1877 1886 1883 1885 1882 1882 1879 1878 1875 1884 1881 1882 1879 1884 1881 1886 1883 1884 1881 1883 1880 1887 1884 1884 1881 1887 1884 1888 1885 1883 1880 1885 1882 1889 1886 1883 1880 1889 1886 1887 1884 1885 1882 1886 1883 1890 1887 1885 1882 1890 1887 1889 1886 1886 1883 1884 1881 1888 1885 1886 1883 1888 1885 1890 1887 1887 1884 1888 1885 1891 1888 1889 1886 1887 1884 1891 1888 1890 1887 1889 1886 1891 1888 1888 1885 1890 1887 1891 1888 1892 1889 1893 1890 1894 1891 1892 1889 1894 1891 1895 1892 1893 1890 1896 1893 1897 1894 1893 1890 1897 1894 1894 1891 1896 1893 1898 1895 1899 1896 1896 1893 1899 1896 1897 1894 1898 1895 1892 1889 1895 1892 1898 1895 1895 1892 1899 1896 1895 1892 1894 1891 1900 1897 1895 1892 1900 1897 1901 1898 1894 1891 1897 1894 1902 1899 1894 1891 1902 1899 1900 1897 1897 1894 1899 1896 1903 1900 1897 1894 1903 1900 1902 1899 1899 1896 1895 1892 1901 1898 1899 1896 1901 1898 1903 1900 1901 1898 1900 1897 1904 1901 1901 1898 1904 1901 1905 1902 1900 1897 1902 1899 1906 1903 1900 1897 1906 1903 1904 1901 1902 1899 1903 1900 1907 1904 1902 1899 1907 1904 1906 1903 1903 1900 1901 1898 1905 1902 1903 1900 1905 1902 1907 1904 1908 1905 1909 1906 1910 1907 1908 1905 1910 1907 1911 1908 1909 1906 1912 1909 1913 1910 1909 1906 1913 1910 1910 1907 1912 1909 1914 1911 1915 1912 1912 1909 1915 1912 1913 1910 1914 1911 1908 1905 1911 1908 1914 1911 1911 1908 1915 1912 1911 1908 1910 1907 1916 1913 1911 1908 1916 1913 1917 1914 1910 1907 1913 1910 1918 1915 1910 1907 1918 1915 1916 1913 1913 1910 1915 1912 1919 1916 1913 1910 1919 1916 1918 1915 1915 1912 1911 1908 1917 1914 1915 1912 1917 1914 1919 1916 1917 1914 1916 1913 1920 1917 1917 1914 1920 1917 1921 1918 1916 1913 1918 1915 1922 1919 1916 1913 1922 1919 1920 1917 1918 1915 1919 1916 1923 1920 1918 1915 1923 1920 1922 1919 1919 1916 1917 1914 1921 1918 1919 1916 1921 1918 1923 1920 1920 1917 1921 1918 1924 1921 1922 1919 1920 1917 1924 1921 1923 1920 1922 1919 1924 1921 1921 1918 1923 1920 1924 1921 1925 1922 1926 1923 1927 1924 1925 1922 1927 1924 1928 1925 1926 1923 1929 1926 1930 1927 1926 1923 1930 1927 1927 1924 1929 1926 1931 1928 1932 1929 1929 1926 1932 1929 1930 1927 1931 1928 1925 1922 1928 1925 1931 1928 1928 1925 1932 1929 1928 1925 1927 1924 1933 1930 1928 1925 1933 1930 1934 1931 1927 1924 1930 1927 1935 1932 1927 1924 1935 1932 1933 1930 1930 1927 1932 1929 1936 1933 1930 1927 1936 1933 1935 1932 1932 1929 1928 1925 1934 1931 1932 1929 1934 1931 1936 1933 1934 1931 1933 1930 1937 1934 1934 1931 1937 1934 1938 1935 1933 1930 1935 1932 1939 1936 1933 1930 1939 1936 1937 1934 1935 1932 1936 1933 1940 1937 1935 1932 1940 1937 1939 1936 1936 1933 1934 1931 1938 1935 1936 1933 1938 1935 1940 1937 1937 1934 1938 1935 1941 1938 1939 1936 1937 1934 1941 1938 1940 1937 1939 1936 1941 1938 1938 1935 1940 1937 1941 1938 1942 1939 1943 1940 1944 1941 1942 1939 1944 1941 1945 1942 1943 1940 1946 1943 1947 1944 1943 1940 1947 1944 1944 1941 1946 1943 1948 1945 1949 1946 1946 1943 1949 1946 1947 1944 1948 1945 1942 1939 1945 1942 1948 1945 1945 1942 1949 1946 1945 1942 1944 1941 1950 1947 1945 1942 1950 1947 1951 1948 1944 1941 1947 1944 1952 1949 1944 1941 1952 1949 1950 1947 1947 1944 1949 1946 1953 1950 1947 1944 1953 1950 1952 1949 1949 1946 1945 1942 1951 1948 1949 1946 1951 1948 1953 1950 1951 1948 1950 1947 1954 1951 1951 1948 1954 1951 1955 1952 1950 1947 1952 1949 1956 1953 1950 1947 1956 1953 1954 1951 1952 1949 1953 1950 1957 1954 1952 1949 1957 1954 1956 1953 1953 1950 1951 1948 1955 1952 1953 1950 1955 1952 1957 1954 1954 1951 1955 1952 1958 1955 1956 1953 1954 1951 1958 1955 1957 1954 1956 1953 1958 1955 1955 1952 1957 1954 1958 1955 1959 1956 1960 1957 1961 1958 1959 1956 1961 1958 1962 1959 1960 1957 1963 1960 1964 1961 1960 1957 1964 1961 1961 1958 1963 1960 1965 1962 1966 1963 1963 1960 1966 1963 1964 1961 1965 1962 1959 1956 1962 1959 1965 1962 1962 1959 1966 1963 1962 1959 1961 1958 1967 1964 1962 1959 1967 1964 1968 1965 1961 1958 1964 1961 1969 1966 1961 1958 1969 1966 1967 1964 1964 1961 1966 1963 1970 1967 1964 1961 1970 1967 1969 1966 1966 1963 1962 1959 1968 1965 1966 1963 1968 1965 1970 1967 1968 1965 1967 1964 1971 1968 1968 1965 1971 1968 1972 1969 1967 1964 1969 1966 1973 1970 1967 1964 1973 1970 1971 1968 1969 1966 1970 1967 1974 1971 1969 1966 1974 1971 1973 1970 1970 1967 1968 1965 1972 1969 1970 1967 1972 1969 1974 1971 1975 1972 1976 1973 1977 1974 1975 1972 1977 1974 1978 1975 1976 1973 1979 1976 1980 1977 1976 1973 1980 1977 1977 1974 1979 1976 1981 1978 1982 1979 1979 1976 1982 1979 1980 1977 1981 1978 1975 1972 1978 1975 1981 1978 1978 1975 1982 1979 1978 1975 1977 1974 1983 1980 1978 1975 1983 1980 1984 1981 1977 1974 1980 1977 1985 1982 1977 1974 1985 1982 1983 1980 1980 1977 1982 1979 1986 1983 1980 1977 1986 1983 1985 1982 1982 1979 1978 1975 1984 1981 1982 1979 1984 1981 1986 1983 1984 1981 1983 1980 1987 1984 1984 1981 1987 1984 1988 1985 1983 1980 1985 1982 1989 1986 1983 1980 1989 1986 1987 1984 1985 1982 1986 1983 1990 1987 1985 1982 1990 1987 1989 1986 1986 1983 1984 1981 1988 1985 1986 1983 1988 1985 1990 1987 1987 1984 1988 1985 1991 1988 1989 1986 1987 1984 1991 1988 1990 1987 1989 1986 1991 1988 1988 1985 1990 1987 1991 1988 1992 1989 1993 1990 1994 1991 1992 1989 1994 1991 1995 1992 1993 1990 1996 1993 1997 1994 1993 1990 1997 1994 1994 1991 1996 1993 1998 1995 1999 1996 1996 1993 1999 1996 1997 1994 1998 1995 1992 1989 1995 1992 1998 1995 1995 1992 1999 1996 1995 1992 1994 1991 2000 1997 1995 1992 2000 1997 2001 1998 1994 1991 1997 1994 2002 1999 1994 1991 2002 1999 2000 1997 1997 1994 1999 1996 2003 2000 1997 1994 2003 2000 2002 1999 1999 1996 1995 1992 2001 1998 1999 1996 2001 1998 2003 2000 2001 1998 2000 1997 2004 2001 2001 1998 2004 2001 2005 2002 2000 1997 2002 1999 2006 2003 2000 1997 2006 2003 2004 2001 2002 1999 2003 2000 2007 2004 2002 1999 2007 2004 2006 2003 2003 2000 2001 1998 2005 2002 2003 2000 2005 2002 2007 2004 2004 2001 2005 2002 2008 2005 2006 2003 2004 2001 2008 2005 2007 2004 2006 2003 2008 2005 2005 2002 2007 2004 2008 2005 2009 2006 2010 2007 2011 2008 2009 2006 2011 2008 2012 2009 2010 2007 2013 2010 2014 2011 2010 2007 2014 2011 2011 2008 2013 2010 2015 2012 2016 2013 2013 2010 2016 2013 2014 2011 2015 2012 2009 2006 2012 2009 2015 2012 2012 2009 2016 2013 2012 2009 2011 2008 2017 2014 2012 2009 2017 2014 2018 2015 2011 2008 2014 2011 2019 2016 2011 2008 2019 2016 2017 2014 2014 2011 2016 2013 2020 2017 2014 2011 2020 2017 2019 2016 2016 2013 2012 2009 2018 2015 2016 2013 2018 2015 2020 2017 2018 2015 2017 2014 2021 2018 2018 2015 2021 2018 2022 2019 2017 2014 2019 2016 2023 2020 2017 2014 2023 2020 2021 2018 2019 2016 2020 2017 2024 2021 2019 2016 2024 2021 2023 2020 2020 2017 2018 2015 2022 2019 2020 2017 2022 2019 2024 2021 2021 2018 2022 2019 2025 2022 2023 2020 2021 2018 2025 2022 2024 2021 2023 2020 2025 2022 2022 2019 2024 2021 2025 2022 2026 2023 2027 2024 2028 2025 2026 2023 2028 2025 2029 2026 2027 2024 2030 2027 2031 2028 2027 2024 2031 2028 2028 2025 2030 2027 2032 2029 2033 2030 2030 2027 2033 2030 2031 2028 2032 2029 2034 2031 2035 2032 2032 2029 2035 2032 2033 2030 2034 2031 2036 2033 2037 2034 2034 2031 2037 2034 2035 2032 2036 2033 2026 2023 2029 2026 2036 2033 2029 2026 2037 2034 2029 2026 2028 2025 2038 2035 2029 2026 2038 2035 2039 2036 2028 2025 2031 2028 2040 2037 2028 2025 2040 2037 2038 2035 2031 2028 2033 2030 2041 2038 2031 2028 2041 2038 2040 2037 2033 2030 2035 2032 2042 2039 2033 2030 2042 2039 2041 2038 2035 2032 2037 2034 2043 2040 2035 2032 2043 2040 2042 2039 2037 2034 2029 2026 2039 2036 2037 2034 2039 2036 2043 2040 2039 2036 2038 2035 2044 2041 2039 2036 2044 2041 2045 2042 2038 2035 2040 2037 2046 2043 2038 2035 2046 2043 2044 2041 2040 2037 2041 2038 2047 2044 2040 2037 2047 2044 2046 2043 2041 2038 2042 2039 2048 2045 2041 2038 2048 2045 2047 2044 2042 2039 2043 2040 2049 2046 2042 2039 2049 2046 2048 2045 2043 2040 2039 2036 2045 2042 2043 2040 2045 2042 2049 2046 2045 2042 2044 2041 2050 2047 2045 2042 2050 2047 2051 2048 2044 2041 2046 2043 2052 2049 2044 2041 2052 2049 2050 2047 2046 2043 2047 2044 2053 2050 2046 2043 2053 2050 2052 2049 2047 2044 2048 2045 2054 2051 2047 2044 2054 2051 2053 2050 2048 2045 2049 2046 2055 2052 2048 2045 2055 2052 2054 2051 2049 2046 2045 2042 2051 2048 2049 2046 2051 2048 2055 2052 2056 2053 2057 2054 2058 2055 2056 2053 2058 2055 2059 2056 2057 2054 2060 2057 2061 2058 2057 2054 2061 2058 2058 2055 2060 2057 2062 2059 2063 2060 2060 2057 2063 2060 2061 2058 2062 2059 2056 2053 2059 2056 2062 2059 2059 2056 2063 2060 2059 2056 2058 2055 2064 2061 2059 2056 2064 2061 2065 2062 2058 2055 2061 2058 2066 2063 2058 2055 2066 2063 2064 2061 2061 2058 2063 2060 2067 2064 2061 2058 2067 2064 2066 2063 2063 2060 2059 2056 2065 2062 2063 2060 2065 2062 2067 2064 2065 2062 2064 2061 2068 2065 2065 2062 2068 2065 2069 2066 2064 2061 2066 2063 2070 2067 2064 2061 2070 2067 2068 2065 2066 2063 2067 2064 2071 2068 2066 2063 2071 2068 2070 2067 2067 2064 2065 2062 2069 2066 2067 2064 2069 2066 2071 2068 2072 2069 2073 2070 2074 2071 2072 2069 2074 2071 2075 2072 2073 2070 2076 2073 2077 2074 2073 2070 2077 2074 2074 2071 2076 2073 2078 2075 2079 2076 2076 2073 2079 2076 2077 2074 2078 2075 2072 2069 2075 2072 2078 2075 2075 2072 2079 2076 2075 2072 2074 2071 2080 2077 2075 2072 2080 2077 2081 2078 2074 2071 2077 2074 2082 2079 2074 2071 2082 2079 2080 2077 2077 2074 2079 2076 2083 2080 2077 2074 2083 2080 2082 2079 2079 2076 2075 2072 2081 2078 2079 2076 2081 2078 2083 2080 2081 2078 2080 2077 2084 2081 2081 2078 2084 2081 2085 2082 2080 2077 2082 2079 2086 2083 2080 2077 2086 2083 2084 2081 2082 2079 2083 2080 2087 2084 2082 2079 2087 2084 2086 2083 2083 2080 2081 2078 2085 2082 2083 2080 2085 2082 2087 2084 2084 2081 2085 2082 2088 2085 2086 2083 2084 2081 2088 2085 2087 2084 2086 2083 2088 2085 2085 2082 2087 2084 2088 2085 2089 2086 2090 2087 2091 2088 2089 2086 2091 2088 2092 2089 2090 2087 2093 2090 2094 2091 2090 2087 2094 2091 2091 2088 2093 2090 2095 2092 2096 2093 2093 2090 2096 2093 2094 2091 2095 2092 2089 2086 2092 2089 2095 2092 2092 2089 2096 2093 2092 2089 2091 2088 2097 2094 2092 2089 2097 2094 2098 2095 2091 2088 2094 2091 2099 2096 2091 2088 2099 2096 2097 2094 2094 2091 2096 2093 2100 2097 2094 2091 2100 2097 2099 2096 2096 2093 2092 2089 2098 2095 2096 2093 2098 2095 2100 2097 2098 2095 2097 2094 2101 2098 2098 2095 2101 2098 2102 2099 2097 2094 2099 2096 2103 2100 2097 2094 2103 2100 2101 2098 2099 2096 2100 2097 2104 2101 2099 2096 2104 2101 2103 2100 2100 2097 2098 2095 2102 2099 2100 2097 2102 2099 2104 2101 2101 2098 2102 2099 2105 2102 2103 2100 2101 2098 2105 2102 2104 2101 2103 2100 2105 2102 2102 2099 2104 2101 2105 2102 2106 2103 2107 2104 2108 2105 2106 2103 2108 2105 2109 2106 2107 2104 2110 2107 2111 2108 2107 2104 2111 2108 2108 2105 2110 2107 2112 2109 2113 2110 2110 2107 2113 2110 2111 2108 2112 2109 2106 2103 2109 2106 2112 2109 2109 2106 2113 2110 2109 2106 2108 2105 2114 2111 2109 2106 2114 2111 2115 2112 2108 2105 2111 2108 2116 2113 2108 2105 2116 2113 2114 2111 2111 2108 2113 2110 2117 2114 2111 2108 2117 2114 2116 2113 2113 2110 2109 2106 2115 2112 2113 2110 2115 2112 2117 2114 2115 2112 2114 2111 2118 2115 2115 2112 2118 2115 2119 2116 2114 2111 2116 2113 2120 2117 2114 2111 2120 2117 2118 2115 2116 2113 2117 2114 2121 2118 2116 2113 2121 2118 2120 2117 2117 2114 2115 2112 2119 2116 2117 2114 2119 2116 2121 2118 2118 2115 2119 2116 2122 2119 2120 2117 2118 2115 2122 2119 2121 2118 2120 2117 2122 2119 2119 2116 2121 2118 2122 2119 2123 2120 2124 2121 2125 2122 2123 2120 2125 2122 2126 2123 2124 2121 2127 2124 2128 2125 2124 2121 2128 2125 2125 2122 2127 2124 2129 2126 2130 2127 2127 2124 2130 2127 2128 2125 2129 2126 2123 2120 2126 2123 2129 2126 2126 2123 2130 2127 2126 2123 2125 2122 2131 2128 2126 2123 2131 2128 2132 2129 2125 2122 2128 2125 2133 2130 2125 2122 2133 2130 2131 2128 2128 2125 2130 2127 2134 2131 2128 2125 2134 2131 2133 2130 2130 2127 2126 2123 2132 2129 2130 2127 2132 2129 2134 2131 2132 2129 2131 2128 2135 2132 2132 2129 2135 2132 2136 2133 2131 2128 2133 2130 2137 2134 2131 2128 2137 2134 2135 2132 2133 2130 2134 2131 2138 2135 2133 2130 2138 2135 2137 2134 2134 2131 2132 2129 2136 2133 2134 2131 2136 2133 2138 2135 2135 2132 2136 2133 2139 2136 2137 2134 2135 2132 2139 2136 2138 2135 2137 2134 2139 2136 2136 2133 2138 2135 2139 2136 2140 2137 2141 2138 2142 2139 2140 2137 2142 2139 2143 2140 2141 2138 2144 2141 2145 2142 2141 2138 2145 2142 2142 2139 2144 2141 2146 2143 2147 2144 2144 2141 2147 2144 2145 2142 2146 2143 2140 2137 2143 2140 2146 2143 2143 2140 2147 2144 2143 2140 2142 2139 2148 2145 2143 2140 2148 2145 2149 2146 2142 2139 2145 2142 2150 2147 2142 2139 2150 2147 2148 2145 2145 2142 2147 2144 2151 2148 2145 2142 2151 2148 2150 2147 2147 2144 2143 2140 2149 2146 2147 2144 2149 2146 2151 2148 2149 2146 2148 2145 2152 2149 2149 2146 2152 2149 2153 2150 2148 2145 2150 2147 2154 2151 2148 2145 2154 2151 2152 2149 2150 2147 2151 2148 2155 2152 2150 2147 2155 2152 2154 2151 2151 2148 2149 2146 2153 2150 2151 2148 2153 2150 2155 2152 2156 2153 2157 2154 2158 2155 2156 2153 2158 2155 2159 2156 2157 2154 2160 2157 2161 2158 2157 2154 2161 2158 2158 2155 2160 2157 2162 2159 2163 2160 2160 2157 2163 2160 2161 2158 2162 2159 2156 2153 2159 2156 2162 2159 2159 2156 2163 2160 2159 2156 2158 2155 2164 2161 2159 2156 2164 2161 2165 2162 2158 2155 2161 2158 2166 2163 2158 2155 2166 2163 2164 2161 2161 2158 2163 2160 2167 2164 2161 2158 2167 2164 2166 2163 2163 2160 2159 2156 2165 2162 2163 2160 2165 2162 2167 2164 2165 2162 2164 2161 2168 2165 2165 2162 2168 2165 2169 2166 2164 2161 2166 2163 2170 2167 2164 2161 2170 2167 2168 2165 2166 2163 2167 2164 2171 2168 2166 2163 2171 2168 2170 2167 2167 2164 2165 2162 2169 2166 2167 2164 2169 2166 2171 2168 2168 2165 2169 2166 2172 2169 2170 2167 2168 2165 2172 2169 2171 2168 2170 2167 2172 2169 2169 2166 2171 2168 2172 2169 2173 2170 2174 2171 2175 2172 2173 2170 2175 2172 2176 2173 2174 2171 2177 2174 2178 2175 2174 2171 2178 2175 2175 2172 2177 2174 2179 2176 2180 2177 2177 2174 2180 2177 2178 2175 2179 2176 2173 2170 2176 2173 2179 2176 2176 2173 2180 2177 2176 2173 2175 2172 2181 2178 2176 2173 2181 2178 2182 2179 2175 2172 2178 2175 2183 2180 2175 2172 2183 2180 2181 2178 2178 2175 2180 2177 2184 2181 2178 2175 2184 2181 2183 2180 2180 2177 2176 2173 2182 2179 2180 2177 2182 2179 2184 2181 2182 2179 2181 2178 2185 2182 2182 2179 2185 2182 2186 2183 2181 2178 2183 2180 2187 2184 2181 2178 2187 2184 2185 2182 2183 2180 2184 2181 2188 2185 2183 2180 2188 2185 2187 2184 2184 2181 2182 2179 2186 2183 2184 2181 2186 2183 2188 2185 2185 2182 2186 2183 2189 2186 2187 2184 2185 2182 2189 2186 2188 2185 2187 2184 2189 2186 2186 2183 2188 2185 2189 2186 2190 2187 2191 2188 2192 2189 2190 2187 2192 2189 2193 2190 2191 2188 2194 2191 2195 2192 2191 2188 2195 2192 2192 2189 2194 2191 2196 2193 2197 2194 2194 2191 2197 2194 2195 2192 2196 2193 2190 2187 2193 2190 2196 2193 2193 2190 2197 2194 2193 2190 2192 2189 2198 2195 2193 2190 2198 2195 2199 2196 2192 2189 2195 2192 2200 2197 2192 2189 2200 2197 2198 2195 2195 2192 2197 2194 2201 2198 2195 2192 2201 2198 2200 2197 2197 2194 2193 2190 2199 2196 2197 2194 2199 2196 2201 2198 2199 2196 2198 2195 2202 2199 2199 2196 2202 2199 2203 2200 2198 2195 2200 2197 2204 2201 2198 2195 2204 2201 2202 2199 2200 2197 2201 2198 2205 2202 2200 2197 2205 2202 2204 2201 2201 2198 2199 2196 2203 2200 2201 2198 2203 2200 2205 2202 2202 2199 2203 2200 2206 2203 2204 2201 2202 2199 2206 2203 2205 2202 2204 2201 2206 2203 2203 2200 2205 2202 2206 2203 2207 2204 2208 2205 2209 2206 2207 2204 2209 2206 2210 2207 2208 2205 2211 2208 2212 2209 2208 2205 2212 2209 2209 2206 2211 2208 2213 2210 2214 2211 2211 2208 2214 2211 2212 2209 2213 2210 2207 2204 2210 2207 2213 2210 2210 2207 2214 2211 2210 2207 2209 2206 2215 2212 2210 2207 2215 2212 2216 2213 2209 2206 2212 2209 2217 2214 2209 2206 2217 2214 2215 2212 2212 2209 2214 2211 2218 2215 2212 2209 2218 2215 2217 2214 2214 2211 2210 2207 2216 2213 2214 2211 2216 2213 2218 2215 2216 2213 2215 2212 2219 2216 2216 2213 2219 2216 2220 2217 2215 2212 2217 2214 2221 2218 2215 2212 2221 2218 2219 2216 2217 2214 2218 2215 2222 2219 2217 2214 2222 2219 2221 2218 2218 2215 2216 2213 2220 2217 2218 2215 2220 2217 2222 2219 2219 2216 2220 2217 2223 2220 2221 2218 2219 2216 2223 2220 2222 2219 2221 2218 2223 2220 2220 2217 2222 2219 2223 2220 2224 2221 2225 2222 2226 2223 2224 2221 2226 2223 2227 2224 2225 2222 2228 2225 2229 2226 2225 2222 2229 2226 2226 2223 2228 2225 2230 2227 2231 2228 2228 2225 2231 2228 2229 2226 2230 2227 2224 2221 2227 2224 2230 2227 2227 2224 2231 2228 2227 2224 2226 2223 2232 2229 2227 2224 2232 2229 2233 2230 2226 2223 2229 2226 2234 2231 2226 2223 2234 2231 2232 2229 2229 2226 2231 2228 2235 2232 2229 2226 2235 2232 2234 2231 2231 2228 2227 2224 2233 2230 2231 2228 2233 2230 2235 2232 2233 2230 2232 2229 2236 2233 2233 2230 2236 2233 2237 2234 2232 2229 2234 2231 2238 2235 2232 2229 2238 2235 2236 2233 2234 2231 2235 2232 2239 2236 2234 2231 2239 2236 2238 2235 2235 2232 2233 2230 2237 2234 2235 2232 2237 2234 2239 2236 2240 2237 2241 2238 2242 2239 2240 2237 2242 2239 2243 2240 2241 2238 2244 2241 2245 2242 2241 2238 2245 2242 2242 2239 2244 2241 2246 2243 2247 2244 2244 2241 2247 2244 2245 2242 2246 2243 2240 2237 2243 2240 2246 2243 2243 2240 2247 2244 2243 2240 2242 2239 2248 2245 2243 2240 2248 2245 2249 2246 2242 2239 2245 2242 2250 2247 2242 2239 2250 2247 2248 2245 2245 2242 2247 2244 2251 2248 2245 2242 2251 2248 2250 2247 2247 2244 2243 2240 2249 2246 2247 2244 2249 2246 2251 2248 2249 2246 2248 2245 2252 2249 2249 2246 2252 2249 2253 2250 2248 2245 2250 2247 2254 2251 2248 2245 2254 2251 2252 2249 2250 2247 2251 2248 2255 2252 2250 2247 2255 2252 2254 2251 2251 2248 2249 2246 2253 2250 2251 2248 2253 2250 2255 2252 2252 2249 2253 2250 2256 2253 2254 2251 2252 2249 2256 2253 2255 2252 2254 2251 2256 2253 2253 2250 2255 2252 2256 2253 2257 2254 2258 2255 2259 2256 2257 2254 2259 2256 2260 2257 2258 2255 2261 2258 2262 2259 2258 2255 2262 2259 2259 2256 2261 2258 2263 2260 2264 2261 2261 2258 2264 2261 2262 2259 2263 2260 2257 2254 2260 2257 2263 2260 2260 2257 2264 2261 2260 2257 2259 2256 2265 2262 2260 2257 2265 2262 2266 2263 2259 2256 2262 2259 2267 2264 2259 2256 2267 2264 2265 2262 2262 2259 2264 2261 2268 2265 2262 2259 2268 2265 2267 2264 2264 2261 2260 2257 2266 2263 2264 2261 2266 2263 2268 2265 2266 2263 2265 2262 2269 2266 2266 2263 2269 2266 2270 2267 2265 2262 2267 2264 2271 2268 2265 2262 2271 2268 2269 2266 2267 2264 2268 2265 2272 2269 2267 2264 2272 2269 2271 2268 2268 2265 2266 2263 2270 2267 2268 2265 2270 2267 2272 2269 2269 2266 2270 2267 2273 2270 2271 2268 2269 2266 2273 2270 2272 2269 2271 2268 2273 2270 2270 2267 2272 2269 2273 2270 2274 2271 2275 2272 2276 2273 2274 2271 2276 2273 2277 2274 2275 2272 2278 2275 2279 2276 2275 2272 2279 2276 2276 2273 2278 2275 2280 2277 2281 2278 2278 2275 2281 2278 2279 2276 2280 2277 2274 2271 2277 2274 2280 2277 2277 2274 2281 2278 2277 2274 2276 2273 2282 2279 2277 2274 2282 2279 2283 2280 2276 2273 2279 2276 2284 2281 2276 2273 2284 2281 2282 2279 2279 2276 2281 2278 2285 2282 2279 2276 2285 2282 2284 2281 2281 2278 2277 2274 2283 2280 2281 2278 2283 2280 2285 2282 2283 2280 2282 2279 2286 2283 2283 2280 2286 2283 2287 2284 2282 2279 2284 2281 2288 2285 2282 2279 2288 2285 2286 2283 2284 2281 2285 2282 2289 2286 2284 2281 2289 2286 2288 2285 2285 2282 2283 2280 2287 2284 2285 2282 2287 2284 2289 2286 2286 2283 2287 2284 2290 2287 2288 2285 2286 2283 2290 2287 2289 2286 2288 2285 2290 2287 2287 2284 2289 2286 2290 2287 2291 2288 2292 2289 2293 2290 2291 2288 2293 2290 2294 2291 2292 2289 2295 2292 2296 2293 2292 2289 2296 2293 2293 2290 2295 2292 2297 2294 2298 2295 2295 2292 2298 2295 2296 2293 2297 2294 2299 2296 2300 2297 2297 2294 2300 2297 2298 2295 2299 2296 2301 2298 2302 2299 2299 2296 2302 2299 2300 2297 2301 2298 2291 2288 2294 2291 2301 2298 2294 2291 2302 2299 2294 2291 2293 2290 2303 2300 2294 2291 2303 2300 2304 2301 2293 2290 2296 2293 2305 2302 2293 2290 2305 2302 2303 2300 2296 2293 2298 2295 2306 2303 2296 2293 2306 2303 2305 2302 2298 2295 2300 2297 2307 2304 2298 2295 2307 2304 2306 2303 2300 2297 2302 2299 2308 2305 2300 2297 2308 2305 2307 2304 2302 2299 2294 2291 2304 2301 2302 2299 2304 2301 2308 2305 2304 2301 2303 2300 2309 2306 2304 2301 2309 2306 2310 2307 2303 2300 2305 2302 2311 2308 2303 2300 2311 2308 2309 2306 2305 2302 2306 2303 2312 2309 2305 2302 2312 2309 2311 2308 2306 2303 2307 2304 2313 2310 2306 2303 2313 2310 2312 2309 2307 2304 2308 2305 2314 2311 2307 2304 2314 2311 2313 2310 2308 2305 2304 2301 2310 2307 2308 2305 2310 2307 2314 2311 2310 2307 2309 2306 2315 2312 2310 2307 2315 2312 2316 2313 2309 2306 2311 2308 2317 2314 2309 2306 2317 2314 2315 2312 2311 2308 2312 2309 2318 2315 2311 2308 2318 2315 2317 2314 2312 2309 2313 2310 2319 2316 2312 2309 2319 2316 2318 2315 2313 2310 2314 2311 2320 2317 2313 2310 2320 2317 2319 2316 2314 2311 2310 2307 2316 2313 2314 2311 2316 2313 2320 2317 2321 2318 2322 2319 2323 2320 2321 2318 2323 2320 2324 2321 2322 2319 2325 2322 2326 2323 2322 2319 2326 2323 2323 2320 2325 2322 2327 2324 2328 2325 2325 2322 2328 2325 2326 2323 2327 2324 2321 2318 2324 2321 2327 2324 2324 2321 2328 2325 2324 2321 2323 2320 2329 2326 2324 2321 2329 2326 2330 2327 2323 2320 2326 2323 2331 2328 2323 2320 2331 2328 2329 2326 2326 2323 2328 2325 2332 2329 2326 2323 2332 2329 2331 2328 2328 2325 2324 2321 2330 2327 2328 2325 2330 2327 2332 2329 2330 2327 2329 2326 2333 2330 2330 2327 2333 2330 2334 2331 2329 2326 2331 2328 2335 2332 2329 2326 2335 2332 2333 2330 2331 2328 2332 2329 2336 2333 2331 2328 2336 2333 2335 2332 2332 2329 2330 2327 2334 2331 2332 2329 2334 2331 2336 2333 2337 2334 2338 2335 2339 2336 2337 2334 2339 2336 2340 2337 2338 2335 2341 2338 2342 2339 2338 2335 2342 2339 2339 2336 2341 2338 2343 2340 2344 2341 2341 2338 2344 2341 2342 2339 2343 2340 2337 2334 2340 2337 2343 2340 2340 2337 2344 2341 2340 2337 2339 2336 2345 2342 2340 2337 2345 2342 2346 2343 2339 2336 2342 2339 2347 2344 2339 2336 2347 2344 2345 2342 2342 2339 2344 2341 2348 2345 2342 2339 2348 2345 2347 2344 2344 2341 2340 2337 2346 2343 2344 2341 2346 2343 2348 2345 2346 2343 2345 2342 2349 2346 2346 2343 2349 2346 2350 2347 2345 2342 2347 2344 2351 2348 2345 2342 2351 2348 2349 2346 2347 2344 2348 2345 2352 2349 2347 2344 2352 2349 2351 2348 2348 2345 2346 2343 2350 2347 2348 2345 2350 2347 2352 2349 2349 2346 2350 2347 2353 2350 2351 2348 2349 2346 2353 2350 2352 2349 2351 2348 2353 2350 2350 2347 2352 2349 2353 2350 2354 2351 2355 2352 2356 2353 2354 2351 2356 2353 2357 2354 2355 2352 2358 2355 2359 2356 2355 2352 2359 2356 2356 2353 2358 2355 2360 2357 2361 2358 2358 2355 2361 2358 2359 2356 2360 2357 2354 2351 2357 2354 2360 2357 2357 2354 2361 2358 2357 2354 2356 2353 2362 2359 2357 2354 2362 2359 2363 2360 2356 2353 2359 2356 2364 2361 2356 2353 2364 2361 2362 2359 2359 2356 2361 2358 2365 2362 2359 2356 2365 2362 2364 2361 2361 2358 2357 2354 2363 2360 2361 2358 2363 2360 2365 2362 2363 2360 2362 2359 2366 2363 2363 2360 2366 2363 2367 2364 2362 2359 2364 2361 2368 2365 2362 2359 2368 2365 2366 2363 2364 2361 2365 2362 2369 2366 2364 2361 2369 2366 2368 2365 2365 2362 2363 2360 2367 2364 2365 2362 2367 2364 2369 2366 2366 2363 2367 2364 2370 2367 2368 2365 2366 2363 2370 2367 2369 2366 2368 2365 2370 2367 2367 2364 2369 2366 2370 2367 2371 2368 2372 2369 2373 2370 2371 2368 2373 2370 2374 2371 2372 2369 2375 2372 2376 2373 2372 2369 2376 2373 2373 2370 2375 2372 2377 2374 2378 2375 2375 2372 2378 2375 2376 2373 2377 2374 2371 2368 2374 2371 2377 2374 2374 2371 2378 2375 2374 2371 2373 2370 2379 2376 2374 2371 2379 2376 2380 2377 2373 2370 2376 2373 2381 2378 2373 2370 2381 2378 2379 2376 2376 2373 2378 2375 2382 2379 2376 2373 2382 2379 2381 2378 2378 2375 2374 2371 2380 2377 2378 2375 2380 2377 2382 2379 2380 2377 2379 2376 2383 2380 2380 2377 2383 2380 2384 2381 2379 2376 2381 2378 2385 2382 2379 2376 2385 2382 2383 2380 2381 2378 2382 2379 2386 2383 2381 2378 2386 2383 2385 2382 2382 2379 2380 2377 2384 2381 2382 2379 2384 2381 2386 2383 2383 2380 2384 2381 2387 2384 2385 2382 2383 2380 2387 2384 2386 2383 2385 2382 2387 2384 2384 2381 2386 2383 2387 2384 2388 2385 2389 2386 2390 2387 2388 2385 2390 2387 2391 2388 2389 2386 2392 2389 2393 2390 2389 2386 2393 2390 2390 2387 2392 2389 2394 2391 2395 2392 2392 2389 2395 2392 2393 2390 2394 2391 2388 2385 2391 2388 2394 2391 2391 2388 2395 2392 2391 2388 2390 2387 2396 2393 2391 2388 2396 2393 2397 2394 2390 2387 2393 2390 2398 2395 2390 2387 2398 2395 2396 2393 2393 2390 2395 2392 2399 2396 2393 2390 2399 2396 2398 2395 2395 2392 2391 2388 2397 2394 2395 2392 2397 2394 2399 2396 2397 2394 2396 2393 2400 2397 2397 2394 2400 2397 2401 2398 2396 2393 2398 2395 2402 2399 2396 2393 2402 2399 2400 2397 2398 2395 2399 2396 2403 2400 2398 2395 2403 2400 2402 2399 2399 2396 2397 2394 2401 2398 2399 2396 2401 2398 2403 2400 2404 2401 2405 2402 2406 2403 2404 2401 2406 2403 2407 2404 2405 2402 2408 2405 2409 2406 2405 2402 2409 2406 2406 2403 2408 2405 2410 2407 2411 2408 2408 2405 2411 2408 2409 2406 2410 2407 2404 2401 2407 2404 2410 2407 2407 2404 2411 2408 2407 2404 2406 2403 2412 2409 2407 2404 2412 2409 2413 2410 2406 2403 2409 2406 2414 2411 2406 2403 2414 2411 2412 2409 2409 2406 2411 2408 2415 2412 2409 2406 2415 2412 2414 2411 2411 2408 2407 2404 2413 2410 2411 2408 2413 2410 2415 2412 2413 2410 2412 2409 2416 2413 2413 2410 2416 2413 2417 2414 2412 2409 2414 2411 2418 2415 2412 2409 2418 2415 2416 2413 2414 2411 2415 2412 2419 2416 2414 2411 2419 2416 2418 2415 2415 2412 2413 2410 2417 2414 2415 2412 2417 2414 2419 2416 2416 2413 2417 2414 2420 2417 2418 2415 2416 2413 2420 2417 2419 2416 2418 2415 2420 2417 2417 2414 2419 2416 2420 2417 2421 2418 2422 2419 2423 2420 2421 2418 2423 2420 2424 2421 2422 2419 2425 2422 2426 2423 2422 2419 2426 2423 2423 2420 2425 2422 2427 2424 2428 2425 2425 2422 2428 2425 2426 2423 2427 2424 2421 2418 2424 2421 2427 2424 2424 2421 2428 2425 2424 2421 2423 2420 2429 2426 2424 2421 2429 2426 2430 2427 2423 2420 2426 2423 2431 2428 2423 2420 2431 2428 2429 2426 2426 2423 2428 2425 2432 2429 2426 2423 2432 2429 2431 2428 2428 2425 2424 2421 2430 2427 2428 2425 2430 2427 2432 2429 2430 2427 2429 2426 2433 2430 2430 2427 2433 2430 2434 2431 2429 2426 2431 2428 2435 2432 2429 2426 2435 2432 2433 2430 2431 2428 2432 2429 2436 2433 2431 2428 2436 2433 2435 2432 2432 2429 2430 2427 2434 2431 2432 2429 2434 2431 2436 2433 2433 2430 2434 2431 2437 2434 2435 2432 2433 2430 2437 2434 2436 2433 2435 2432 2437 2434 2434 2431 2436 2433 2437 2434 2438 2435 2439 2436 2440 2437 2438 2435 2440 2437 2441 2438 2439 2436 2442 2439 2443 2440 2439 2436 2443 2440 2440 2437 2442 2439 2444 2441 2445 2442 2442 2439 2445 2442 2443 2440 2444 2441 2438 2435 2441 2438 2444 2441 2441 2438 2445 2442 2441 2438 2440 2437 2446 2443 2441 2438 2446 2443 2447 2444 2440 2437 2443 2440 2448 2445 2440 2437 2448 2445 2446 2443 2443 2440 2445 2442 2449 2446 2443 2440 2449 2446 2448 2445 2445 2442 2441 2438 2447 2444 2445 2442 2447 2444 2449 2446 2447 2444 2446 2443 2450 2447 2447 2444 2450 2447 2451 2448 2446 2443 2448 2445 2452 2449 2446 2443 2452 2449 2450 2447 2448 2445 2449 2446 2453 2450 2448 2445 2453 2450 2452 2449 2449 2446 2447 2444 2451 2448 2449 2446 2451 2448 2453 2450 2450 2447 2451 2448 2454 2451 2452 2449 2450 2447 2454 2451 2453 2450 2452 2449 2454 2451 2451 2448 2453 2450 2454 2451 2455 2452 2456 2453 2457 2454 2455 2452 2457 2454 2458 2455 2456 2453 2459 2456 2460 2457 2456 2453 2460 2457 2457 2454 2459 2456 2461 2458 2462 2459 2459 2456 2462 2459 2460 2457 2461 2458 2455 2452 2458 2455 2461 2458 2458 2455 2462 2459 2458 2455 2457 2454 2463 2460 2458 2455 2463 2460 2464 2461 2457 2454 2460 2457 2465 2462 2457 2454 2465 2462 2463 2460 2460 2457 2462 2459 2466 2463 2460 2457 2466 2463 2465 2462 2462 2459 2458 2455 2464 2461 2462 2459 2464 2461 2466 2463 2464 2461 2463 2460 2467 2464 2464 2461 2467 2464 2468 2465 2463 2460 2465 2462 2469 2466 2463 2460 2469 2466 2467 2464 2465 2462 2466 2463 2470 2467 2465 2462 2470 2467 2469 2466 2466 2463 2464 2461 2468 2465 2466 2463 2468 2465 2470 2467 2467 2464 2468 2465 2471 2468 2469 2466 2467 2464 2471 2468 2470 2467 2469 2466 2471 2468 2468 2465 2470 2467 2471 2468 2472 2469 2473 2470 2474 2471 2472 2469 2474 2471 2475 2472 2473 2470 2476 2473 2477 2474 2473 2470 2477 2474 2474 2471 2476 2473 2478 2475 2479 2476 2476 2473 2479 2476 2477 2474 2478 2475 2472 2469 2475 2472 2478 2475 2475 2472 2479 2476 2475 2472 2474 2471 2480 2477 2475 2472 2480 2477 2481 2478 2474 2471 2477 2474 2482 2479 2474 2471 2482 2479 2480 2477 2477 2474 2479 2476 2483 2480 2477 2474 2483 2480 2482 2479 2479 2476 2475 2472 2481 2478 2479 2476 2481 2478 2483 2480 2481 2478 2480 2477 2484 2481 2481 2478 2484 2481 2485 2482 2480 2477 2482 2479 2486 2483 2480 2477 2486 2483 2484 2481 2482 2479 2483 2480 2487 2484 2482 2479 2487 2484 2486 2483 2483 2480 2481 2478 2485 2482 2483 2480 2485 2482 2487 2484 2488 2485 2489 2486 2490 2487 2488 2485 2490 2487 2491 2488 2489 2486 2492 2489 2493 2490 2489 2486 2493 2490 2490 2487 2492 2489 2494 2491 2495 2492 2492 2489 2495 2492 2493 2490 2494 2491 2488 2485 2491 2488 2494 2491 2491 2488 2495 2492 2491 2488 2490 2487 2496 2493 2491 2488 2496 2493 2497 2494 2490 2487 2493 2490 2498 2495 2490 2487 2498 2495 2496 2493 2493 2490 2495 2492 2499 2496 2493 2490 2499 2496 2498 2495 2495 2492 2491 2488 2497 2494 2495 2492 2497 2494 2499 2496 2497 2494 2496 2493 2500 2497 2497 2494 2500 2497 2501 2498 2496 2493 2498 2495 2502 2499 2496 2493 2502 2499 2500 2497 2498 2495 2499 2496 2503 2500 2498 2495 2503 2500 2502 2499 2499 2496 2497 2494 2501 2498 2499 2496 2501 2498 2503 2500 2500 2497 2501 2498 2504 2501 2502 2499 2500 2497 2504 2501 2503 2500 2502 2499 2504 2501 2501 2498 2503 2500 2504 2501 2505 2502 2506 2503 2507 2504 2505 2502 2507 2504 2508 2505 2506 2503 2509 2506 2510 2507 2506 2503 2510 2507 2507 2504 2509 2506 2511 2508 2512 2509 2509 2506 2512 2509 2510 2507 2511 2508 2505 2502 2508 2505 2511 2508 2508 2505 2512 2509 2508 2505 2507 2504 2513 2510 2508 2505 2513 2510 2514 2511 2507 2504 2510 2507 2515 2512 2507 2504 2515 2512 2513 2510 2510 2507 2512 2509 2516 2513 2510 2507 2516 2513 2515 2512 2512 2509 2508 2505 2514 2511 2512 2509 2514 2511 2516 2513 2514 2511 2513 2510 2517 2514 2514 2511 2517 2514 2518 2515 2513 2510 2515 2512 2519 2516 2513 2510 2519 2516 2517 2514 2515 2512 2516 2513 2520 2517 2515 2512 2520 2517 2519 2516 2516 2513 2514 2511 2518 2515 2516 2513 2518 2515 2520 2517 2517 2514 2518 2515 2521 2518 2519 2516 2517 2514 2521 2518 2520 2517 2519 2516 2521 2518 2518 2515 2520 2517 2521 2518 2522 2519 2523 2520 2524 2521 2522 2519 2524 2521 2525 2522 2523 2520 2526 2523 2527 2524 2523 2520 2527 2524 2524 2521 2526 2523 2528 2525 2529 2526 2526 2523 2529 2526 2527 2524 2528 2525 2522 2519 2525 2522 2528 2525 2525 2522 2529 2526 2525 2522 2524 2521 2530 2527 2525 2522 2530 2527 2531 2528 2524 2521 2527 2524 2532 2529 2524 2521 2532 2529 2530 2527 2527 2524 2529 2526 2533 2530 2527 2524 2533 2530 2532 2529 2529 2526 2525 2522 2531 2528 2529 2526 2531 2528 2533 2530 2531 2528 2530 2527 2534 2531 2531 2528 2534 2531 2535 2532 2530 2527 2532 2529 2536 2533 2530 2527 2536 2533 2534 2531 2532 2529 2533 2530 2537 2534 2532 2529 2537 2534 2536 2533 2533 2530 2531 2528 2535 2532 2533 2530 2535 2532 2537 2534 2534 2531 2535 2532 2538 2535 2536 2533 2534 2531 2538 2535 2537 2534 2536 2533 2538 2535 2535 2532 2537 2534 2538 2535</p></triangles>
      </mesh>
    </geometry>
  </library_geometries>
  <library_visual_scenes><visual_scene id="scene" name="scene">
    <node id="TREE_EUCA_1" name="TREE_EUCA_1" type="NODE"><instance_geometry url="#TREE_EUCA_1-mesh"><bind_material><technique_common>
      <instance_material symbol="MAT_LEAF_EUCA-mat" target="#MAT_LEAF_EUCA"/>
      <instance_material symbol="MAT_BARK_EUCA-mat" target="#MAT_BARK_EUCA"/>
    </technique_common></bind_material></instance_geometry></node>
  </visual_scene></library_visual_scenes>
  <scene><instance_visual_scene url="#scene"/></scene>
</COLLADA>
