<?xml version="1.0" encoding="utf-8"?>
<COLLADA xmlns="http://www.collada.org/2005/11/COLLADASchema" version="1.4.1">
  <asset>
    <contributor><authoring_tool>VIGIL SIH26126 farm generator</authoring_tool></contributor>
    <unit name="meter" meter="1"/>
    <up_axis>Z_UP</up_axis>
  </asset>
  <library_effects>
    <effect id="MAT_COTTON_LEAF_4-fx"><profile_COMMON><technique sid="c"><lambert><diffuse><color>0.0460 0.1080 0.0220 1</color></diffuse></lambert></technique></profile_COMMON></effect>
    <effect id="MAT_COTTON_COTYL-fx"><profile_COMMON><technique sid="c"><lambert><diffuse><color>0.0720 0.1320 0.0380 1</color></diffuse></lambert></technique></profile_COMMON></effect>
    <effect id="MAT_COTTON_LEAF_0-fx"><profile_COMMON><technique sid="c"><lambert><diffuse><color>0.0400 0.0980 0.0190 1</color></diffuse></lambert></technique></profile_COMMON></effect>
    <effect id="MAT_COTTON_LEAF_2-fx"><profile_COMMON><technique sid="c"><lambert><diffuse><color>0.0310 0.0810 0.0150 1</color></diffuse></lambert></technique></profile_COMMON></effect>
    <effect id="MAT_COTTON_LEAF_3-fx"><profile_COMMON><technique sid="c"><lambert><diffuse><color>0.0630 0.1360 0.0300 1</color></diffuse></lambert></technique></profile_COMMON></effect>
    <effect id="MAT_COTTON_LEAF_5-fx"><profile_COMMON><technique sid="c"><lambert><diffuse><color>0.0360 0.0900 0.0170 1</color></diffuse></lambert></technique></profile_COMMON></effect>
    <effect id="MAT_COTTON_LEAF_1-fx"><profile_COMMON><technique sid="c"><lambert><diffuse><color>0.0530 0.1240 0.0240 1</color></diffuse></lambert></technique></profile_COMMON></effect>
  </library_effects>
  <library_materials>
    <material id="MAT_COTTON_LEAF_4" name="MAT_COTTON_LEAF_4"><instance_effect url="#MAT_COTTON_LEAF_4-fx"/></material>
    <material id="MAT_COTTON_COTYL" name="MAT_COTTON_COTYL"><instance_effect url="#MAT_COTTON_COTYL-fx"/></material>
    <material id="MAT_COTTON_LEAF_0" name="MAT_COTTON_LEAF_0"><instance_effect url="#MAT_COTTON_LEAF_0-fx"/></material>
    <material id="MAT_COTTON_LEAF_2" name="MAT_COTTON_LEAF_2"><instance_effect url="#MAT_COTTON_LEAF_2-fx"/></material>
    <material id="MAT_COTTON_LEAF_3" name="MAT_COTTON_LEAF_3"><instance_effect url="#MAT_COTTON_LEAF_3-fx"/></material>
    <material id="MAT_COTTON_LEAF_5" name="MAT_COTTON_LEAF_5"><instance_effect url="#MAT_COTTON_LEAF_5-fx"/></material>
    <material id="MAT_COTTON_LEAF_1" name="MAT_COTTON_LEAF_1"><instance_effect url="#MAT_COTTON_LEAF_1-fx"/></material>
  </library_materials>
  <library_geometries>
    <geometry id="ROW_14_SEG2_foliage-mesh" name="ROW_14_SEG2_foliage">
      <mesh>
        <source id="ROW_14_SEG2_foliage-pos"><float_array id="ROW_14_SEG2_foliage-pos-a" count="11166">-2.0841 0.0087061 0.087255 -2.1022 0.01052 0.088304 -2.1052 0.015549 0.08717 -2.1055 0.023306 0.085102 -2.1024 0.030746 0.082806 -2.0974 0.037947 0.080211 -2.0936 0.046699 0.076888 -2.087 0.056498 0.072473 -2.0782 0.063298 0.068351 -2.0694 0.064545 0.066028 -2.0626 0.058595 0.066891 -2.0585 0.048263 0.069995 -2.059 0.037367 0.074167 -2.0512 0.037839 0.071896 -2.0387 0.037412 0.06803 -2.0256 0.032442 0.06489 -2.0169 0.024339 0.063921 -2.0201 0.01369 0.068404 -2.0288 0.0039387 0.074303 -2.0395 -0.0017831 0.079322 -2.0466 -0.0047803 0.082066 -2.04 -0.014413 0.08174 -2.0377 -0.02565 0.082678 -2.0403 -0.034184 0.08453 -2.0486 -0.037091 0.087164 -2.0599 -0.035041 0.089627 -2.0711 -0.029407 0.09115 -2.0792 -0.023477 0.091722 -2.0875 -0.019675 0.092255 -2.0943 -0.014709 0.092226 -2.0983 -0.0078173 0.091549 -2.0985 -0.0019298 0.090637 -2.1515 0.012849 0.14662 -2.1275 -0.0033441 0.1515 -2.1281 -0.011769 0.15371 -2.1344 -0.02145 0.15637 -2.1446 -0.028297 0.15813 -2.1572 -0.033461 0.15886 -2.1691 -0.041532 0.15948 -2.1853 -0.049412 0.15854 -2.2019 -0.052708 0.15521 -2.2142 -0.049333 0.15044 -2.2185 -0.037941 0.14591 -2.2161 -0.022393 0.1425 -2.2074 -0.008564 0.14153 -2.2177 -0.0051041 0.13619 -2.2335 0.0012858 0.12605 -2.2464 0.012905 0.11342 -2.2515 0.026337 0.1034 -2.2393 0.038668 0.10457 -2.2207 0.047557 0.11016 -2.2025 0.050179 0.1172 -2.1911 0.050695 0.12118 -2.1921 0.064687 0.11259 -2.1865 0.078322 0.10598 -2.1767 0.086569 0.10376 -2.1637 0.085762 0.10765 -2.1503 0.077638 0.1149 -2.1397 0.065247 0.12281 -2.1331 0.053855 0.12887 -2.1246 0.044064 0.13328 -2.1192 0.033649 0.13744 -2.1186 0.022642 0.14189 -2.1223 0.015411 0.14505 -2.0937 -0.062755 0.1644 -2.0907 -0.029606 0.15444 -2.0814 -0.02535 0.15044 -2.0671 -0.026284 0.14648 -2.0535 -0.032978 0.14419 -2.0404 -0.043313 0.1425 -2.0249 -0.051787 0.13842 -2.0078 -0.065545 0.13367 -1.9959 -0.082782 0.1305 -1.9938 -0.09912 0.13076 -2.0043 -0.11042 0.13631 -2.0224 -0.11591 0.14485 -2.0415 -0.11316 0.15303 -2.041 -0.12772 0.15259 -2.0423 -0.15135 0.15116 -2.0517 -0.17544 0.15102 -2.0666 -0.19106 0.15293 -2.0855 -0.18336 0.16023 -2.1027 -0.16554 0.16767 -2.1129 -0.14461 0.17225 -2.1184 -0.13122 0.17404 -2.1359 -0.14257 0.17586 -2.1562 -0.1461 0.17782 -2.1716 -0.14086 0.17933 -2.1769 -0.12528 0.17995 -2.1734 -0.10445 0.17894 -2.1636 -0.084349 0.17631 -2.1533 -0.06981 0.17333 -2.1467 -0.054859 0.16965 -2.1378 -0.042884 0.1658 -2.1253 -0.035657 0.16243 -2.1144 -0.035178 0.16093 -2.0829 0.058695 0.21037 -2.1053 0.037205 0.20864 -2.1147 0.039543 0.2073 -2.1245 0.048212 0.20568 -2.1304 0.060447 0.20431 -2.1338 0.074791 0.20274 -2.1403 0.089051 0.19999 -2.1452 0.10775 0.19609 -2.1443 0.1258 0.1922 -2.1368 0.13793 0.18993 -2.1226 0.13993 0.19101 -2.1058 0.13389 0.19444 -2.0928 0.12176 0.1989 -2.0853 0.13172 0.19625 -2.072 0.14662 0.19122 -2.0528 0.15729 0.18625 -2.0341 0.1594 0.18367 -2.0241 0.14398 0.18851 -2.0206 0.12274 0.19527 -2.024 0.10323 0.20109 -2.0272 0.091268 0.20407 -2.0091 0.088985 0.20206 -1.9934 0.079906 0.20119 -1.9858 0.067742 0.20184 -1.9905 0.054311 0.20433 -2.0041 0.042222 0.2072 -2.022 0.034081 0.20932 -2.0373 0.02994 0.21035 -2.0505 0.023336 0.2106 -2.0638 0.020001 0.21047 -2.0768 0.021971 0.21028 -2.0847 0.027663 0.21026 -2.1503 -0.013714 0.22839 -2.1233 -0.011317 0.22534 -2.1177 -0.018253 0.22406 -2.1153 -0.030066 0.22294 -2.1177 -0.042272 0.22235 -2.1231 -0.054657 0.22172 -2.1263 -0.068999 0.21998 -2.1333 -0.085769 0.2174 -2.1441 -0.098697 0.2147 -2.1565 -0.10325 0.21306 -2.1679 -0.096253 0.21399 -2.1765 -0.081751 0.21684 -2.1788 -0.065037 0.22052 -2.19 -0.068137 0.21839 -2.2085 -0.071502 0.21406 -2.2289 -0.068291 0.20956 -2.244 -0.059028 0.20718 -2.2422 -0.041845 0.21174 -2.2322 -0.024196 0.21796 -2.2181 -0.011967 0.22301 -2.2088 -0.005132 0.22545 -2.221 0.0069754 0.22414 -2.2276 0.022739 0.22379 -2.2264 0.03608 0.22453 -2.2152 0.043072 0.22637 -2.1982 0.043772 0.22806 -2.1805 0.039096 0.22888 -2.167 0.032974 0.22894 -2.1539 0.029896 0.22829 -2.1427 0.024531 0.22743 -2.1346 0.015492 0.22684 -2.1324 0.0068066 0.22683 -2.0678 0.0072758 0.24528 -2.0845 0.014812 0.24502 -2.0858 0.020471 0.24271 -2.0839 0.027779 0.23899 -2.0789 0.0337 0.23523 -2.0721 0.038689 0.23129 -2.0661 0.045376 0.22607 -2.0573 0.052016 0.21956 -2.0473 0.055191 0.21418 -2.0388 0.053381 0.21209 -2.034 0.045842 0.21497 -2.0329 0.035265 0.22094 -2.0363 0.025604 0.22766 -2.0289 0.023327 0.22566 -2.0174 0.018466 0.22243 -2.0068 0.0091729 0.22079 -2.0011 -0.0015755 0.22157 -2.0071 -0.010428 0.22755 -2.0179 -0.016558 0.2345 -2.0295 -0.018192 0.23997 -2.0369 -0.018616 0.2429 -2.0339 -0.030368 0.24356 -2.0352 -0.042282 0.24534 -2.0403 -0.049852 0.24767 -2.0488 -0.049811 0.25037 -2.0587 -0.043826 0.25259 -2.0673 -0.034446 0.25358 -2.073 -0.025871 0.25354 -2.0796 -0.019379 0.25352 -2.0844 -0.012305 0.2528 -2.0862 -0.0042329 0.25122 -2.0847 0.0015988 0.24957 -2.1082 0.024887 0.28107 -2.1062 0.012578 0.27915 -2.1092 0.010015 0.27925 -2.1143 0.0086386 0.2799 -2.1196 0.0093088 0.28085 -2.1251 0.011266 0.28178 -2.1312 0.012198 0.28236 -2.1385 0.014574 0.28279 -2.1443 0.018687 0.28282 -2.1468 0.02374 0.28255 -2.1444 0.028863 0.28236 -2.1387 0.033169 0.2823 -2.1318 0.034949 0.2824 -2.1336 0.039531 0.28175 -2.1359 0.047094 0.2802 -2.1357 0.05571 0.27799 -2.1327 0.062334 0.27615 -2.1252 0.062403 0.27655 -2.117 0.059136 0.27761 -2.1109 0.053955 0.27865 -2.1074 0.050443 0.27906 -2.103 0.055862 0.27742 -2.0969 0.059105 0.27585 -2.0913 0.059065 0.27496 -2.0877 0.0547 0.27507 -2.0864 0.047675 0.27567 -2.0873 0.040101 0.27636 -2.0891 0.034164 0.27686 -2.0897 0.028334 0.27676 -2.0915 0.023163 0.27678 -2.0949 0.019124 0.27729 -2.0984 0.017571 0.27808 -2.0981 -0.038801 0.21197 -2.0838 -0.031591 0.20725 -2.0794 -0.034441 0.20652 -2.0757 -0.040486 0.20643 -2.0745 -0.047601 0.20707 -2.0747 -0.055322 0.20802 -2.0736 -0.063462 0.20832 -2.0738 -0.073564 0.20877 -2.0768 -0.082471 0.20948 -2.0822 -0.087388 0.2105 -2.0894 -0.086161 0.212 -2.0969 -0.080495 0.21358 -2.1017 -0.072389 0.21461 -2.1068 -0.076234 0.2152 -2.1156 -0.081741 0.21581 -2.1267 -0.084326 0.21627 -2.1363 -0.08269 0.21657 -2.1392 -0.073329 0.21706 -2.1381 -0.061948 0.21722 -2.1338 -0.052509 0.21689 -2.1307 -0.04689 0.21642 -2.1394 -0.043179 0.21624 -2.1461 -0.036457 0.21553 -2.1483 -0.02934 0.21464 -2.1442 -0.023284 0.2137 -2.1359 -0.01914 0.21264 -2.1259 -0.017549 0.21158 -2.1177 -0.017608 0.21071 -2.1102 -0.016246 0.2093 -2.103 -0.016532 0.20814 -2.0966 -0.019403 0.2076 -2.0932 -0.023335 0.20784 -2.0981 -0.038801 0.21197 -2.1078 -0.027272 0.21271 -2.1063 -0.022862 0.2122 -2.1018 -0.018394 0.21131 -2.0959 -0.015892 0.21029 -2.0892 -0.014655 0.20901 -2.0825 -0.011988 0.2073 -2.0739 -0.010134 0.20481 -2.0659 -0.010911 0.20215 -2.0608 -0.014673 0.20024 -2.0603 -0.021392 0.20009 -2.0634 -0.029217 0.20136 -2.069 -0.035165 0.20358 -2.0649 -0.038858 0.2016 -2.059 -0.045334 0.19805 -2.0551 -0.054436 0.19457 -2.055 -0.063136 0.19271 -2.0621 -0.067642 0.19561 -2.0716 -0.069106 0.19993 -2.08 -0.067352 0.20386 -2.0852 -0.06579 0.20601 -2.0871 -0.074033 0.20491 -2.0918 -0.081086 0.20483 -2.0976 -0.084387 0.20576 -2.1035 -0.081994 0.20778 -2.1085 -0.075497 0.21 -2.1117 -0.067129 0.21168 -2.1131 -0.059949 0.21261 -2.1158 -0.053549 0.21328 -2.1171 -0.047162 0.21359 -2.1158 -0.040922 0.21363 -2.113 -0.037187 0.2135 -1.5356 -0.046009 0.083328 -1.5269 -0.032819 0.081802 -1.522 -0.032691 0.080182 -1.5161 -0.035845 0.077969 -1.5119 -0.041422 0.076004 -1.5087 -0.048483 0.074054 -1.5038 -0.055262 0.071228 -1.4994 -0.064692 0.067763 -1.4981 -0.074515 0.064979 -1.5009 -0.081938 0.064036 -1.5081 -0.084628 0.06596 -1.5173 -0.083219 0.069691 -1.525 -0.078023 0.073791 -1.528 -0.08435 0.0728 -1.5338 -0.094117 0.071087 -1.5431 -0.1023 0.070286 -1.5529 -0.10573 0.07097 -1.5593 -0.098526 0.074975 -1.5627 -0.08739 0.079458 -1.5623 -0.076387 0.082708 -1.5615 -0.069552 0.084331 -1.5715 -0.070622 0.085364 -1.5809 -0.067696 0.087027 -1.5862 -0.062096 0.088725 -1.5849 -0.05434 0.090082 -1.5785 -0.046295 0.090654 -1.5696 -0.039966 0.09026 -1.5618 -0.036138 0.089414 -1.5555 -0.031288 0.088612 -1.549 -0.028204 0.087475 -1.5422 -0.027995 0.086025 -1.5376 -0.030317 0.084915 -1.4994 0.009059 0.12602 -1.5208 -0.0021563 0.13416 -1.5268 0.0019255 0.13643 -1.5314 0.010936 0.1384 -1.5324 0.02171 0.13894 -1.5313 0.033491 0.13819 -1.5326 0.045927 0.13759 -1.5323 0.061405 0.13506 -1.5286 0.075084 0.13018 -1.5216 0.082677 0.12426 -1.5116 0.080909 0.11921 -1.501 0.072352 0.1158 -1.494 0.060008 0.11541 -1.4878 0.065962 0.10925 -1.4777 0.074435 0.098086 -1.4649 0.078379 0.084862 -1.4537 0.075845 0.074832 -1.449 0.061616 0.076828 -1.449 0.044329 0.083657 -1.4535 0.029992 0.092012 -1.4572 0.021451 0.096927 -1.447 0.015693 0.088647 -1.4395 0.0052633 0.082952 -1.4373 -0.0057466 0.081881 -1.4427 -0.015011 0.086996 -1.4535 -0.021259 0.095438 -1.4664 -0.023548 0.10429 -1.4771 -0.023321 0.11096 -1.4875 -0.025372 0.11637 -1.4973 -0.024915 0.12121 -1.5055 -0.020464 0.12569 -1.5092 -0.014359 0.12831 -1.5785 -0.0024445 0.15266 -1.5553 -0.019167 0.14277 -1.5562 -0.028368 0.14028 -1.563 -0.039231 0.13874 -1.5738 -0.047099 0.13883 -1.5871 -0.052979 0.13956 -1.6002 -0.061676 0.13843 -1.6181 -0.069585 0.1372 -1.6364 -0.071848 0.13682 -1.6497 -0.066734 0.13811 -1.6536 -0.053644 0.14214 -1.6497 -0.036816 0.14749 -1.6391 -0.022624 0.15199 -1.6505 -0.017098 0.15239 -1.6682 -0.0065517 0.15213 -1.6829 0.010481 0.15196 -1.6888 0.028356 0.15247 -1.6746 0.040265 0.15599 -1.6533 0.046816 0.15935 -1.6327 0.046439 0.16099 -1.62 0.045286 0.16119 -1.6216 0.063426 0.16107 -1.616 0.080533 0.16031 -1.6057 0.090262 0.15938 -1.5915 0.08799 0.15846 -1.5771 0.076725 0.15702 -1.5659 0.060789 0.15502 -1.5592 0.046674 0.15306 -1.5507 0.035194 0.14998 -1.5455 0.023201 0.14719 -1.5453 0.010395 0.14553 -1.5494 0.0017865 0.14561 -1.4849 -0.056218 0.18811 -1.4926 -0.030492 0.18475 -1.4872 -0.024425 0.18226 -1.4768 -0.020619 0.17915 -1.4653 -0.021244 0.1766 -1.4531 -0.02467 0.17409 -1.4399 -0.025819 0.17017 -1.424 -0.030086 0.16523 -1.4109 -0.038461 0.16107 -1.4048 -0.049359 0.15948 -1.4089 -0.060919 0.16216 -1.4198 -0.070959 0.16762 -1.4338 -0.075491 0.17377 -1.4295 -0.085494 0.17195 -1.4239 -0.10222 0.16856 -1.4239 -0.12169 0.16621 -1.43 -0.13701 0.16629 -1.4453 -0.13787 0.17253 -1.4623 -0.13126 0.17991 -1.4752 -0.12013 0.18548 -1.4828 -0.11257 0.18825 -1.492 -0.12556 0.18895 -1.5053 -0.1339 0.19067 -1.5176 -0.13471 0.19282 -1.5258 -0.12539 0.19503 -1.5293 -0.10976 0.19635 -1.5282 -0.092661 0.19628 -1.5251 -0.079209 0.1954 -1.5249 -0.066369 0.19423 -1.5222 -0.054923 0.19256 -1.5155 -0.045793 0.1906 -1.508 -0.042096 0.18928 -1.5116 0.026468 0.19858 -1.5209 0.0046101 0.19931 -1.5285 0.0030949 0.19926 -1.5387 0.0059841 0.19917 -1.5471 0.012751 0.19894 -1.5545 0.02188 0.19831 -1.5644 0.030035 0.19708 -1.5748 0.04196 0.19475 -1.5806 0.055289 0.19163 -1.5793 0.06645 0.18882 -1.5693 0.072366 0.18781 -1.5545 0.073238 0.18847 -1.5404 0.068438 0.19056 -1.5385 0.07805 0.18741 -1.5342 0.093139 0.18142 -1.524 0.10701 0.1747 -1.5112 0.11449 0.17023 -1.4983 0.10649 0.17358 -1.4881 0.092206 0.17942 -1.4838 0.076943 0.18504 -1.482 0.067258 0.18804 -1.468 0.071489 0.18473 -1.4533 0.070021 0.1828 -1.4435 0.063704 0.18295 -1.4424 0.052495 0.18566 -1.4485 0.039407 0.18929 -1.4591 0.027904 0.19252 -1.4691 0.020153 0.19461 -1.4768 0.011328 0.1959 -1.4855 0.0049081 0.19687 -1.4956 0.0024297 0.19783 -1.5032 0.0042529 0.19855 -1.5267 -0.043477 0.22292 -1.5143 -0.033863 0.22017 -1.5096 -0.035371 0.21771 -1.5052 -0.040211 0.21437 -1.5031 -0.046772 0.21146 -1.5024 -0.054355 0.20867 -1.5002 -0.062111 0.20458 -1.4993 -0.072132 0.19973 -1.5014 -0.08153 0.1962 -1.5064 -0.08749 0.19557 -1.5138 -0.087804 0.19907 -1.5217 -0.083736 0.20491 -1.527 -0.076613 0.21079 -1.5319 -0.081459 0.21011 -1.5406 -0.08854 0.20903 -1.5521 -0.092985 0.20944 -1.5626 -0.092896 0.21138 -1.5663 -0.084136 0.21623 -1.5659 -0.072727 0.22117 -1.562 -0.062714 0.22451 -1.5591 -0.056648 0.22612 -1.5692 -0.054105 0.22767 -1.5776 -0.048018 0.22962 -1.5812 -0.040882 0.23136 -1.5774 -0.034123 0.2326 -1.5687 -0.028862 0.23296 -1.558 -0.026073 0.23225 -1.5491 -0.025207 0.23106 -1.5415 -0.022808 0.22986 -1.5342 -0.022114 0.22827 -1.5275 -0.024218 0.22628 -1.5238 -0.027898 0.22475 -1.4933 -0.016633 0.24796 -1.5037 -0.013284 0.24715 -1.5045 -0.0099699 0.24697 -1.5035 -0.0054648 0.24695 -1.5007 -0.0015886 0.24705 -1.4969 0.0018501 0.24706 -1.4937 0.0061803 0.24673 -1.489 0.010786 0.24604 -1.4835 0.013581 0.24511 -1.4786 0.01338 0.24431 -1.4757 0.0094366 0.2442 -1.4747 0.0033276 0.24468 -1.4761 -0.0026772 0.24557 -1.4719 -0.0032346 0.24456 -1.4653 -0.0046737 0.24253 -1.459 -0.008554 0.24021 -1.4554 -0.013736 0.23868 -1.4583 -0.019442 0.24 -1.4639 -0.024263 0.24214 -1.4702 -0.0267 0.24409 -1.4743 -0.027883 0.24507 -1.472 -0.033591 0.24394 -1.4722 -0.039761 0.24322 -1.4745 -0.044087 0.24317 -1.4793 -0.045006 0.24394 -1.4851 -0.043061 0.24497 -1.4905 -0.039212 0.24582 -1.4943 -0.035401 0.24632 -1.4985 -0.032539 0.24643 -1.5018 -0.029094 0.24648 -1.5034 -0.024788 0.24668 -1.5031 -0.021407 0.24699 -1.5534 -0.0045359 0.19229 -1.5541 -0.018873 0.18969 -1.558 -0.021057 0.18976 -1.5642 -0.021415 0.19045 -1.5701 -0.019421 0.19152 -1.5758 -0.015957 0.19269 -1.5824 -0.013487 0.19349 -1.59 -0.0091357 0.19435 -1.5956 -0.0031738 0.19502 -1.5971 0.0030484 0.19545 -1.5931 0.0082192 0.19575 -1.5856 0.011725 0.19588 -1.5774 0.012136 0.19576 -1.5782 0.017673 0.19581 -1.5789 0.026665 0.19547 -1.5764 0.036248 0.19456 -1.5713 0.042971 0.19348 -1.5629 0.041374 0.19308 -1.5546 0.035891 0.19281 -1.5491 0.028732 0.19262 -1.5461 0.024021 0.19233 -1.5398 0.029119 0.19087 -1.5321 0.031387 0.18906 -1.5258 0.030105 0.18764 -1.5229 0.024414 0.18706 -1.5232 0.016232 0.18703 -1.526 0.0079143 0.18731 -1.5294 0.0016224 0.18761 -1.5315 -0.0048058 0.1873 -1.5347 -0.01025 0.18723 -1.5396 -0.014048 0.18773 -1.5439 -0.015025 0.18858 -1.5534 -0.0045359 0.19229 -1.5406 -0.0018487 0.19112 -1.5379 -0.0048351 0.19065 -1.5363 -0.010127 0.19023 -1.5369 -0.015758 0.18999 -1.5387 -0.021528 0.1897 -1.5395 -0.02786 0.18894 -1.5418 -0.035359 0.18779 -1.5459 -0.041397 0.18655 -1.551 -0.043963 0.18574 -1.5564 -0.041606 0.18601 -1.561 -0.035922 0.18709 -1.5631 -0.028961 0.18858 -1.5677 -0.030748 0.18757 -1.5754 -0.032969 0.18557 -1.5843 -0.032485 0.18348 -1.5912 -0.029179 0.18231 -1.5915 -0.021659 0.18413 -1.5884 -0.013482 0.18674 -1.5833 -0.0073898 0.18897 -1.5798 -0.0038557 0.19009 -1.5855 0.00081706 0.1893 -1.589 0.0073292 0.18895 -1.5891 0.013186 0.18918 -1.5847 0.016875 0.19006 -1.5775 0.018224 0.19102 -1.5697 0.017344 0.19166 -1.5635 0.015604 0.19193 -1.5575 0.015112 0.19185 -1.552 0.013457 0.19165 -1.5478 0.0099704 0.19154 -1.546 0.0062795 0.19161 -0.8832 0.010045 0.07336 -0.8962 0.016969 0.072326 -0.89677 0.021608 0.071202 -0.89439 0.027424 0.069669 -0.88962 0.031982 0.068298 -0.88339 0.03573 0.066909 -0.87756 0.041008 0.064854 -0.86924 0.046185 0.06227 -0.86027 0.048469 0.060108 -0.85314 0.046646 0.059265 -0.84999 0.040144 0.060567 -0.85045 0.03128 0.063242 -0.85455 0.023412 0.066255 -0.84842 0.021321 0.065346 -0.83885 0.017041 0.063725 -0.83041 0.0092545 0.06267 -0.82632 0.00050116 0.062788 -0.8324 -0.0063405 0.06576 -0.8424 -0.010797 0.06924 -0.85262 -0.011631 0.071873 -0.85902 -0.01164 0.073199 -0.8571 -0.020844 0.073568 -0.85893 -0.029918 0.074446 -0.86362 -0.035462 0.075531 -0.87092 -0.035019 0.076646 -0.87895 -0.029944 0.077351 -0.88563 -0.022285 0.077392 -0.8899 -0.015353 0.077028 -0.89497 -0.0099506 0.076605 -0.89842 -0.0041912 0.075932 -0.89925 0.0021751 0.075051 -0.89752 0.0066152 0.074377 -0.93772 0.035596 0.11087 -0.92539 0.016333 0.11684 -0.92861 0.010279 0.1184 -0.93652 0.0050499 0.1197 -0.94638 0.0031123 0.11995 -0.95738 0.0031161 0.1192 -0.96874 0.00073338 0.11843 -0.98305 -0.00025177 0.11607 -0.99602 0.0022299 0.1119 -1.0037 0.0083635 0.10712 -1.0029 0.018056 0.10336 -0.996 0.028815 0.10114 -0.98525 0.036484 0.10135 -0.9913 0.042041 0.096343 -1 0.051296 0.087232 -1.0048 0.063515 0.076569 -1.0034 0.074783 0.068648 -0.99074 0.080323 0.070806 -0.97481 0.081485 0.076881 -0.96118 0.07811 0.083977 -0.95296 0.075147 0.088096 -0.94855 0.08563 0.081659 -0.93959 0.093911 0.077352 -0.92962 0.097032 0.076716 -0.92057 0.092574 0.080927 -0.91383 0.082641 0.087648 -0.91056 0.070401 0.094547 -0.9098 0.060086 0.099672 -0.90696 0.050324 0.10376 -0.9065 0.040999 0.10737 -0.90987 0.03273 0.1107 -0.91517 0.028569 0.11265 -0.91982 -0.037975 0.12958 -0.90649 -0.014416 0.12261 -0.89789 -0.0142 0.12058 -0.8872 -0.019379 0.11906 -0.87892 -0.028617 0.11869 -0.87224 -0.04038 0.1187 -0.86297 -0.051563 0.11717 -0.85398 -0.067243 0.1153 -0.85017 -0.083842 0.11404 -0.85365 -0.096686 0.11437 -0.86541 -0.10177 0.1174 -0.88135 -0.10008 0.12193 -0.89549 -0.091931 0.12611 -0.89953 -0.10298 0.12577 -0.90761 -0.1203 0.12446 -0.92197 -0.13543 0.12329 -0.93794 -0.14253 0.12316 -0.9503 -0.13077 0.12673 -0.95837 -0.11195 0.13063 -0.95996 -0.093046 0.13311 -0.96008 -0.081311 0.13396 -0.9767 -0.084404 0.13351 -0.99303 -0.08079 0.13291 -1.003 -0.072133 0.13252 -1.0022 -0.058845 0.13251 -0.99314 -0.044362 0.13221 -0.97945 -0.032411 0.13133 -0.96702 -0.024795 0.13022 -0.95719 -0.015747 0.1282 -0.94658 -0.0096157 0.12628 -0.93476 -0.0081382 0.12506 -0.92642 -0.011138 0.12504 -0.8791 0.050991 0.16552 -0.90213 0.041707 0.16188 -0.90823 0.04627 0.15995 -0.9127 0.055699 0.15779 -0.9132 0.066603 0.15623 -0.91116 0.078311 0.15479 -0.91132 0.090857 0.15215 -0.90883 0.1062 0.14884 -0.9023 0.11932 0.14611 -0.89279 0.12603 0.14523 -0.88174 0.12322 0.14747 -0.87146 0.11368 0.15169 -0.866 0.1008 0.15627 -0.85716 0.10589 0.15509 -0.8422 0.11279 0.15275 -0.8242 0.11475 0.15102 -0.80947 0.11056 0.15099 -0.80727 0.096142 0.15552 -0.81183 0.079399 0.16082 -0.82093 0.066052 0.16472 -0.82722 0.058159 0.16658 -0.81436 0.050892 0.16688 -0.80541 0.039286 0.16777 -0.80353 0.027876 0.16897 -0.81138 0.019353 0.17029 -0.8255 0.014576 0.171 -0.84141 0.01399 0.17074 -0.85412 0.015594 0.16995 -0.866 0.01471 0.16878 -0.87683 0.01625 0.16733 -0.88588 0.021698 0.16589 -0.89 0.028363 0.1651 -0.95306 0.018007 0.17183 -0.932 0.011461 0.17229 -0.92988 0.0045404 0.17186 -0.9316 -0.005064 0.17121 -0.93706 -0.013478 0.17047 -0.9448 -0.021109 0.16941 -0.9514 -0.030909 0.16772 -0.96144 -0.041409 0.16502 -0.97319 -0.047848 0.16185 -0.98361 -0.047525 0.15936 -0.99001 -0.038786 0.15894 -0.99221 -0.025235 0.16027 -0.9891 -0.01194 0.16286 -0.99814 -0.010911 0.16014 -1.0125 -0.0079231 0.15503 -1.0262 0.00057173 0.14964 -1.0343 0.012015 0.14639 -1.0281 0.024453 0.15005 -1.0159 0.034795 0.15578 -1.0022 0.039811 0.16102 -0.99347 0.042156 0.1638 -0.99868 0.054886 0.16166 -0.99869 0.068665 0.16081 -0.99377 0.078293 0.16155 -0.98353 0.080172 0.16408 -0.97089 0.075568 0.16705 -0.95928 0.066703 0.16942 -0.95119 0.058023 0.17078 -0.94232 0.051692 0.17161 -0.93558 0.044238 0.17207 -0.93234 0.035012 0.17239 -0.93332 0.027827 0.17257 -0.88715 0.0090852 0.19282 -0.89718 0.019799 0.19099 -0.89621 0.024362 0.18916 -0.89213 0.029102 0.18661 -0.88626 0.031888 0.18434 -0.8793 0.033418 0.18211 -0.87231 0.036431 0.17885 -0.86311 0.038501 0.17491 -0.85421 0.037658 0.17192 -0.84823 0.033634 0.17121 -0.84726 0.026626 0.17381 -0.85032 0.018589 0.17831 -0.85643 0.012607 0.18294 -0.85149 0.0086019 0.18218 -0.84413 0.0013537 0.1809 -0.83894 -0.0088856 0.18071 -0.83805 -0.018647 0.18181 -0.84583 -0.023236 0.18562 -0.85643 -0.024288 0.18969 -0.86607 -0.021795 0.19259 -0.87196 -0.019767 0.19403 -0.87337 -0.029461 0.19478 -0.87821 -0.037891 0.19591 -0.88449 -0.041944 0.19711 -0.89109 -0.039216 0.19826 -0.89677 -0.031666 0.19895 -0.90035 -0.022008 0.19887 -0.90197 -0.013847 0.1983 -0.9049 -0.0069718 0.19766 -0.90621 -0.00024462 0.19667 -0.90489 0.0062761 0.19535 -0.90182 0.010125 0.1943 -0.91522 0.035719 0.21553 -0.91734 0.02585 0.21424 -0.92033 0.02484 0.214 -0.92459 0.025385 0.21398 -0.92843 0.027542 0.21415 -0.93196 0.030697 0.21431 -0.93626 0.033276 0.21413 -0.94096 0.037282 0.21373 -0.94405 0.042147 0.21318 -0.94431 0.046672 0.21275 -0.94095 0.049764 0.21287 -0.9354 0.051244 0.21342 -0.92972 0.050464 0.2142 -0.92959 0.054419 0.21356 -0.92887 0.060742 0.2122 -0.92586 0.067051 0.21061 -0.92141 0.071022 0.20958 -0.91587 0.0688 0.21063 -0.9109 0.063891 0.21223 -0.90807 0.05819 0.2136 -0.9066 0.054515 0.21424 -0.90153 0.057178 0.21348 -0.89581 0.057671 0.21294 -0.89159 0.055908 0.21284 -0.8903 0.051563 0.21326 -0.89155 0.045936 0.2138 -0.89461 0.040571 0.21419 -0.89778 0.036683 0.21436 -0.90003 0.032516 0.21419 -0.90291 0.029182 0.21401 -0.90673 0.027221 0.21403 -0.90988 0.027155 0.21425 -0.92046 -0.017186 0.16472 -0.90713 -0.01633 0.16268 -0.90474 -0.019798 0.16256 -0.90384 -0.025449 0.16283 -0.90514 -0.031137 0.16341 -0.90781 -0.036791 0.16405 -0.90947 -0.043223 0.16435 -0.91279 -0.050689 0.16462 -0.91778 -0.056424 0.16481 -0.92339 -0.05842 0.165 -0.92854 -0.05524 0.16539 -0.93248 -0.048682 0.16585 -0.93363 -0.041135 0.16617 -0.93867 -0.042426 0.16609 -0.94692 -0.04385 0.16563 -0.956 -0.042374 0.16485 -0.96269 -0.038196 0.1641 -0.962 -0.030306 0.16422 -0.95771 -0.02213 0.16451 -0.95161 -0.01639 0.16474 -0.94753 -0.013152 0.16473 -0.95283 -0.0077312 0.16373 -0.95564 -0.00069547 0.16257 -0.95503 0.0052807 0.16171 -0.95004 0.0085275 0.16145 -0.94246 0.0090356 0.16152 -0.9345 0.0071626 0.16174 -0.92837 0.0045958 0.16191 -0.92223 0.0032716 0.16162 -0.9169 0.0008378 0.16147 -0.91294 -0.0032952 0.16171 -0.91163 -0.0072699 0.16221 -0.92046 -0.017186 0.16472 -0.92414 -0.0056074 0.16436 -0.92163 -0.0027812 0.16415 -0.91688 -0.00082278 0.16395 -0.91163 -0.00079083 0.1638 -0.90612 -0.001966 0.16353 -0.90019 -0.0020614 0.16294 -0.89304 -0.0033607 0.16195 -0.88707 -0.0064726 0.16077 -0.88421 -0.010919 0.15984 -0.88589 -0.016099 0.15975 -0.89071 -0.020961 0.16035 -0.89696 -0.023607 0.16141 -0.89487 -0.027678 0.16032 -0.89208 -0.034453 0.15825 -0.89169 -0.042538 0.15599 -0.89409 -0.049136 0.15458 -0.90102 -0.050247 0.15601 -0.90888 -0.048328 0.15828 -0.915 -0.044309 0.16036 -0.9186 -0.041481 0.16145 -0.92238 -0.047119 0.1604 -0.92807 -0.050941 0.15983 -0.93347 -0.05161 0.15993 -0.93729 -0.047962 0.16085 -0.93922 -0.041512 0.16203 -0.93915 -0.034246 0.16301 -0.93812 -0.028403 0.16359 -0.93823 -0.022771 0.16384 -0.93721 -0.017614 0.16399 -0.93439 -0.013323 0.16417 -0.93114 -0.011395 0.16437 0.63569 0.00076747 0.080517 0.62103 0.0062718 0.079737 0.61976 0.011098 0.078604 0.62144 0.017582 0.076996 0.6258 0.02307 0.0755 0.63182 0.02791 0.073941 0.63719 0.034316 0.071683 0.64519 0.040971 0.068793 0.65429 0.044664 0.066294 0.66203 0.04375 0.065198 0.66627 0.037317 0.066444 0.66706 0.027869 0.069222 0.66389 0.018957 0.072458 0.67062 0.017624 0.071297 0.68127 0.014479 0.069238 0.69122 0.0074716 0.067743 0.69674 -0.0011797 0.067602 0.69133 -0.0092843 0.070848 0.68148 -0.015432 0.07478 0.67087 -0.017781 0.077858 0.66415 -0.018704 0.079437 0.66746 -0.028137 0.079599 0.66681 -0.037961 0.080393 0.66266 -0.044471 0.081546 0.65493 -0.04504 0.082916 0.64578 -0.040826 0.08395 0.63768 -0.033691 0.084284 0.63221 -0.026977 0.084111 0.62612 -0.021985 0.083849 0.62168 -0.016387 0.08329 0.61991 -0.0097814 0.082473 0.6211 -0.004853 0.081799 0.57534 0.01939 0.12377 0.5911 0.00070715 0.12978 0.58857 -0.0061445 0.13142 0.58099 -0.012774 0.13287 0.57087 -0.01619 0.13327 0.55929 -0.017699 0.13261 0.54764 -0.021772 0.13188 0.53266 -0.024755 0.12945 0.5186 -0.023865 0.12508 0.50962 -0.018378 0.12001 0.50898 -0.0080006 0.11605 0.51475 0.0043349 0.11371 0.52501 0.0139 0.11396 0.51779 0.019005 0.10861 0.50718 0.02771 0.09882 0.50029 0.040116 0.087308 0.50001 0.052317 0.078729 0.51265 0.059875 0.08106 0.52937 0.063198 0.087598 0.5443 0.061404 0.095203 0.55343 0.059349 0.099589 0.55652 0.071121 0.092596 0.56474 0.081167 0.08785 0.5748 0.085852 0.087055 0.58501 0.082335 0.091495 0.59359 0.072686 0.098638 0.59885 0.060122 0.10598 0.60116 0.049268 0.11143 0.60558 0.039308 0.11572 0.60742 0.029485 0.11951 0.60507 0.020247 0.12307 0.60009 0.015091 0.12523 0.6047 -0.055945 0.1426 0.61537 -0.029152 0.13518 0.62436 -0.027693 0.13278 0.6363 -0.031633 0.13079 0.6463 -0.040202 0.13003 0.65497 -0.05166 0.12965 0.66626 -0.062119 0.12754 0.67787 -0.077346 0.12494 0.68416 -0.094272 0.12308 0.68228 -0.10829 0.1232 0.67066 -0.11533 0.12665 0.6537 -0.11585 0.13198 0.63776 -0.10931 0.13707 0.63503 -0.12151 0.13649 0.6289 -0.14084 0.13475 0.61586 -0.15874 0.13332 0.60002 -0.16844 0.13326 0.58544 -0.15784 0.13772 0.57439 -0.13922 0.14263 0.57013 -0.11958 0.14588 0.56839 -0.10725 0.1471 0.55131 -0.11281 0.14679 0.53361 -0.11126 0.14647 0.52192 -0.10352 0.1464 0.5209 -0.089423 0.14669 0.52843 -0.072908 0.14655 0.54117 -0.058404 0.14563 0.55318 -0.048637 0.14437 0.56225 -0.037706 0.14219 0.57254 -0.029739 0.14002 0.58476 -0.026517 0.13851 0.59396 -0.028517 0.13827 0.63584 0.04272 0.18408 0.61281 0.029811 0.18017 0.60572 0.033805 0.17822 0.59967 0.043152 0.17612 0.59761 0.054595 0.17464 0.59811 0.067234 0.17328 0.59616 0.080473 0.17064 0.59659 0.09704 0.16727 0.60161 0.11181 0.16444 0.61068 0.12021 0.16346 0.62274 0.11875 0.16572 0.63495 0.11006 0.17003 0.64257 0.097166 0.17473 0.65116 0.10377 0.1734 0.66591 0.11316 0.17071 0.68457 0.11776 0.16855 0.70066 0.11539 0.16818 0.70505 0.10043 0.17285 0.70266 0.082069 0.17843 0.69499 0.066677 0.18261 0.6895 0.057457 0.18459 0.70405 0.051586 0.18455 0.71509 0.040591 0.18512 0.71868 0.028816 0.18615 0.71161 0.018724 0.18755 0.69742 0.011719 0.18845 0.68074 0.0088961 0.18841 0.66712 0.0088329 0.18778 0.65471 0.0062735 0.18664 0.64308 0.0064185 0.18524 0.63276 0.010924 0.1839 0.62749 0.017386 0.18325 0.56262 -0.0024102 0.19152 0.58572 -0.0063844 0.19153 0.58891 -0.01337 0.19086 0.58842 -0.02371 0.18994 0.58382 -0.033314 0.189 0.57671 -0.042405 0.18776 0.57109 -0.05361 0.18575 0.56194 -0.066011 0.18265 0.5504 -0.074364 0.17916 0.53935 -0.075425 0.17656 0.53139 -0.067105 0.17641 0.52721 -0.053166 0.17824 0.52868 -0.038784 0.1814 0.51897 -0.038905 0.17853 0.5034 -0.037653 0.17315 0.48766 -0.030515 0.16755 0.4775 -0.019529 0.16434 0.48233 -0.0056434 0.16861 0.49385 0.0068357 0.17504 0.50764 0.01392 0.18077 0.51659 0.017554 0.18379 0.50931 0.030277 0.18179 0.50737 0.044801 0.18117 0.51123 0.055608 0.18214 0.52179 0.058963 0.18483 0.53579 0.055815 0.18783 0.54928 0.048048 0.19007 0.55903 0.040007 0.19126 0.56926 0.034557 0.19189 0.5774 0.027636 0.19212 0.5821 0.018366 0.19221 0.58206 0.01066 0.19225 0.63362 -0.0030408 0.21362 0.62154 0.0068812 0.21199 0.6219 0.011856 0.21005 0.62549 0.017461 0.20726 0.63126 0.021255 0.2047 0.63833 0.023875 0.20214 0.64522 0.02808 0.19847 0.65456 0.031612 0.19398 0.664 0.032018 0.19049 0.67085 0.028625 0.1895 0.67288 0.02133 0.19222 0.67085 0.012359 0.1971 0.66532 0.0051236 0.20221 0.67107 0.0016067 0.20118 0.6798 -0.0049787 0.19947 0.68668 -0.015036 0.19893 0.68899 -0.025213 0.19992 0.6815 -0.031197 0.20418 0.67055 -0.033854 0.20885 0.6601 -0.032624 0.2123 0.65364 -0.031334 0.21405 0.65351 -0.041752 0.21467 0.64959 -0.051323 0.21582 0.64357 -0.056485 0.21715 0.63626 -0.054551 0.21861 0.62924 -0.047404 0.21965 0.62413 -0.037729 0.21984 0.62128 -0.029351 0.21943 0.61723 -0.022506 0.21891 0.6149 -0.015586 0.218 0.61537 -0.0085108 0.21666 0.61804 -0.0040123 0.21553 0.60073 0.020676 0.24 0.59985 0.010015 0.23837 0.59684 0.0085404 0.23812 0.59228 0.0085225 0.23818 0.58794 0.010257 0.23848 0.58378 0.013086 0.23879 0.57889 0.015207 0.23871 0.57338 0.01878 0.23844 0.56944 0.023484 0.23799 0.56853 0.02822 0.23763 0.57165 0.031942 0.23778 0.5773 0.034261 0.23834 0.58339 0.034214 0.2391 0.58297 0.038408 0.23848 0.58284 0.045193 0.2371 0.5851 0.052284 0.23543 0.58922 0.057103 0.2343 0.59538 0.055514 0.23533 0.60133 0.051005 0.23692 0.60512 0.04537 0.23826 0.60719 0.041692 0.23886 0.61214 0.045215 0.238 0.61809 0.046539 0.23732 0.62277 0.045271 0.2371 0.62474 0.040866 0.23745 0.62421 0.034757 0.23794 0.62174 0.028675 0.23829 0.61895 0.024138 0.23844 0.61715 0.01944 0.23819 0.61458 0.015533 0.23795 0.61083 0.012937 0.23799 0.60752 0.012425 0.23829 0.60172 -0.034804 0.18224 0.6156 -0.032012 0.17978 0.6186 -0.03533 0.17952 0.62034 -0.04116 0.17967 0.61977 -0.047341 0.1802 0.61775 -0.053678 0.18083 0.6169 -0.060687 0.18103 0.61445 -0.069015 0.18121 0.60999 -0.07575 0.18137 0.60436 -0.078635 0.18163 0.5985 -0.076011 0.18222 0.59345 -0.069661 0.18295 0.5912 -0.06188 0.1835 0.58607 -0.063939 0.18346 0.57757 -0.066576 0.18305 0.56779 -0.066269 0.18235 0.56015 -0.062784 0.18173 0.55979 -0.054383 0.18204 0.56318 -0.045182 0.18248 0.56881 -0.038295 0.18278 0.57265 -0.034319 0.18277 0.56631 -0.029327 0.18188 0.56235 -0.022287 0.18079 0.56215 -0.015894 0.17997 0.56695 -0.011777 0.17967 0.57487 -0.010189 0.17965 0.58351 -0.01106 0.17972 0.59032 -0.012914 0.17975 0.59697 -0.01345 0.1793 0.60292 -0.015269 0.17899 0.60767 -0.019075 0.17909 0.6096 -0.023089 0.17954 0.60172 -0.034804 0.18224 0.59624 -0.023116 0.18217 0.59848 -0.019787 0.18196 0.60321 -0.017062 0.18171 0.60874 -0.016295 0.18146 0.6147 -0.016762 0.18104 0.62095 -0.016027 0.18029 0.62864 -0.016383 0.17904 0.63533 -0.018809 0.17755 0.63895 -0.023077 0.17637 0.6379 -0.028762 0.17618 0.6335 -0.034563 0.1768 0.6273 -0.038237 0.17802 0.63006 -0.042213 0.17668 0.6339 -0.048921 0.17416 0.6354 -0.057337 0.17145 0.63376 -0.064592 0.16976 0.62664 -0.066751 0.17144 0.61814 -0.065865 0.17414 0.61116 -0.062524 0.17665 0.607 -0.060067 0.17799 0.60378 -0.066509 0.17675 0.59832 -0.071313 0.17611 0.59272 -0.07277 0.17629 0.5882 -0.069479 0.17747 0.5853 -0.062976 0.17897 0.58438 -0.055333 0.18023 0.58466 -0.049049 0.181 0.58377 -0.043138 0.18142 0.58413 -0.037569 0.18168 0.58651 -0.032661 0.18194 0.58967 -0.030184 0.18216 -1.8171 -0.017329 0.016895 -1.8126 -0.012771 0.016954 -1.8192 -0.0042312 0.016626 -1.8109 -0.0086629 0.016926 -1.8101 -0.0047207 0.016822 -1.8103 -0.00092578 0.016643 -1.8114 0.0027242 0.01639 -1.8133 0.0062268 0.016063 -1.8163 0.009563 0.01566 -1.822 0.012451 0.015169 -1.8264 0.0078881 0.015585 -1.8282 0.0037758 0.015954 -1.8289 -0.0001688 0.016262 -1.8288 -0.0039642 0.016508 -1.8277 -0.0076134 0.016693 -1.8257 -0.011114 0.016817 -1.8228 -0.014446 0.01688 -1.8171 -0.017329 0.016895 -1.8216 -0.021888 0.01676 -1.8149 -0.030425 0.016204 -1.8233 -0.025998 0.016577 -1.824 -0.029939 0.016333 -1.8239 -0.033731 0.016028 -1.8228 -0.037376 0.015661 -1.8208 -0.040872 0.015233 -1.8179 -0.0442 0.014744 -1.8122 -0.047078 0.014207 -1.8077 -0.042524 0.014819 -1.8059 -0.038419 0.015342 -1.8052 -0.034481 0.01579 -1.8054 -0.03069 0.016163 -1.8064 -0.027044 0.016462 -1.8084 -0.023545 0.016686 -1.8114 -0.020212 0.016834 -1.2237 -0.0093756 0.019054 -1.2209 -0.0032604 0.019289 -1.2304 0.0027342 0.021247 -1.2206 0.0014212 0.019718 -1.2213 0.0055757 0.020178 -1.2228 0.0092633 0.020657 -1.2251 0.012493 0.021154 -1.2283 0.015255 0.021672 -1.2324 0.01749 0.02222 -1.2391 0.018292 0.022961 -1.2418 0.012115 0.023185 -1.2421 0.0073888 0.023084 -1.2414 0.0032077 0.022821 -1.2398 -0.00048876 0.022408 -1.2375 -0.0037091 0.021844 -1.2344 -0.0064452 0.02113 -1.2303 -0.0086362 0.020254 -1.2237 -0.0093756 0.019054 -1.2269 -0.016384 0.019047 -1.216 -0.023217 0.016704 -1.2272 -0.02174 0.018668 -1.2264 -0.026479 0.018104 -1.2247 -0.030671 0.017367 -1.2221 -0.034324 0.016458 -1.2186 -0.03743 0.015375 -1.2139 -0.039919 0.014107 -1.2064 -0.040756 0.012467 -1.2032 -0.033781 0.013005 -1.2028 -0.028449 0.013763 -1.2036 -0.023723 0.014555 -1.2052 -0.019536 0.015368 -1.2079 -0.015878 0.016201 -1.2115 -0.012758 0.017056 -1.2161 -0.010246 0.017945 0.30729 0.014107 0.019412 0.30049 0.011325 0.020334 0.30376 -0.00072002 0.021512 0.29681 0.0077724 0.021065 0.29427 0.003926 0.021681 0.29275 -0.00018287 0.022185 0.29224 -0.0045495 0.02258 0.29275 -0.0091784 0.022864 0.29441 -0.014102 0.023031 0.29918 -0.019795 0.023009 0.30602 -0.016926 0.022589 0.30973 -0.013311 0.022216 0.31229 -0.0094271 0.021815 0.31381 -0.005306 0.021382 0.31431 -0.00095177 0.020916 0.31379 0.0036399 0.020417 0.3121 0.0085006 0.019891 0.30729 0.014107 0.019412 0.31507 0.017321 0.018645 0.31133 0.031057 0.017182 0.31929 0.021393 0.017932 0.32218 0.025779 0.017186 0.3239 0.030443 0.016402 0.32446 0.035379 0.015579 0.32384 0.040593 0.014718 0.32189 0.04612 0.013825 0.31639 0.052506 0.012985 0.30864 0.049345 0.014331 0.30445 0.045311 0.015458 0.30157 0.040948 0.016452 0.29986 0.036292 0.017319 0.2993 0.031348 0.018059 0.2999 0.026111 0.018671 0.30182 0.020545 0.019151 1.8326 -0.0077708 0.020302 1.8348 -0.0012531 0.02115 1.8243 0.0039179 0.022075 1.8346 0.003551 0.021798 1.8334 0.0077252 0.02233 1.8315 0.011342 0.02275 1.8287 0.014411 0.02306 1.8251 0.016922 0.023258 1.8206 0.018804 0.02334 1.8137 0.018972 0.023221 1.8115 0.012379 0.022847 1.8117 0.0075204 0.022537 1.8129 0.0033138 0.022209 1.8148 -0.00031376 0.021856 1.8176 -0.003372 0.021479 1.8212 -0.005851 0.021077 1.8256 -0.0076785 0.020657 1.8326 -0.0077708 0.020302 1.8303 -0.014281 0.019378 1.8408 -0.019315 0.017572 1.8305 -0.019055 0.018518 1.8317 -0.023177 0.01764 1.8336 -0.026719 0.016738 1.8363 -0.029691 0.015811 1.8399 -0.032083 0.01486 1.8443 -0.033823 0.01389 1.8512 -0.033827 0.012985 1.8535 -0.027393 0.014383 1.8533 -0.022674 0.015581 1.8522 -0.018585 0.016663 1.8502 -0.015054 0.017633 1.8475 -0.012071 0.018492 1.844 -0.0096459 0.01924 1.8395 -0.0078509 0.019871 2.1238 -0.0010822 0.02032 2.1259 -0.0076821 0.020351 2.1374 -0.0056612 0.020942 2.1289 -0.011437 0.020444 2.1324 -0.014135 0.020516 2.1361 -0.015894 0.020559 2.1401 -0.016732 0.020575 2.1445 -0.01663 0.020563 2.1492 -0.015471 0.020529 2.1549 -0.011468 0.020558 2.1528 -0.0048771 0.021029 2.1497 -0.0011282 0.021293 2.1462 0.0015657 0.021437 2.1425 0.0033238 0.021465 2.1385 0.0041623 0.021377 2.1341 0.0040648 0.021174 2.1294 0.0029123 0.02085 2.1238 -0.0010822 0.02032 2.1215 0.0061131 0.020328 2.109 0.0039248 0.018992 2.1182 0.01021 0.020112 2.1145 0.013158 0.019763 2.1105 0.015085 0.019288 2.1061 0.016011 0.018687 2.1014 0.015917 0.017961 2.0963 0.014673 0.017101 2.0902 0.010331 0.016017 2.0924 0.0031219 0.016557 2.0957 -0.00098562 0.017164 2.0994 -0.0039394 0.017748 2.1035 -0.0058692 0.018301 2.1078 -0.0067928 0.018823 2.1125 -0.0066926 0.019316 2.1177 -0.0054386 0.019784 -1.8064 -0.0012162 0.061201 -1.8185 -0.0069141 0.063437 -1.822 -0.0046682 0.063286 -1.8248 0.00013447 0.062641 -1.8255 0.0057828 0.061604 -1.8251 0.011861 0.060134 -1.8259 0.018178 0.058314 -1.8257 0.025906 0.055495 -1.8234 0.032578 0.052258 -1.8191 0.036127 0.049671 -1.8133 0.03504 0.048902 -1.8072 0.030634 0.049665 -1.8033 0.024457 0.051696 -1.7994 0.027093 0.049061 -1.7928 0.030657 0.044389 -1.7846 0.031771 0.039575 -1.7774 0.029805 0.036646 -1.775 0.022734 0.039459 -1.7755 0.014398 0.044181 -1.7787 0.007618 0.048812 -1.781 0.0035379 0.051428 -1.7747 -7.391e-06 0.049272 -1.7699 -0.005795 0.048378 -1.7685 -0.011572 0.049059 -1.7717 -0.016049 0.051634 -1.7782 -0.018787 0.054921 -1.7859 -0.019495 0.057831 -1.7922 -0.019054 0.059737 -1.7983 -0.019902 0.061275 -1.8039 -0.019473 0.062389 -1.8089 -0.016964 0.063128 -1.8114 -0.013654 0.06335 -1.859 -0.0041234 0.11137 -1.8419 -0.014607 0.10949 -1.8415 -0.021349 0.10915 -1.8452 -0.029695 0.10922 -1.8519 -0.036149 0.10962 -1.8605 -0.041412 0.10998 -1.8687 -0.048933 0.10975 -1.8803 -0.056358 0.10905 -1.8925 -0.059708 0.10791 -1.902 -0.057172 0.10684 -1.9059 -0.04781 0.10675 -1.9047 -0.034961 0.10752 -1.8986 -0.0235 0.10888 -1.9068 -0.020639 0.1074 -1.9196 -0.014873 0.10424 -1.9307 -0.0042181 0.10048 -1.9359 0.0079203 0.097929 -1.9272 0.017932 0.10012 -1.9133 0.02472 0.1036 -1.8993 0.026323 0.10664 -1.8906 0.02654 0.10807 -1.8928 0.039255 0.10632 -1.8899 0.0518 0.10514 -1.8834 0.059499 0.10496 -1.8735 0.058977 0.10599 -1.8629 0.052012 0.1073 -1.8543 0.041383 0.10829 -1.8488 0.031693 0.1088 -1.8423 0.02399 0.10865 -1.8379 0.015749 0.10848 -1.837 0.006685 0.10869 -1.8395 0.00040913 0.10925 -1.8093 -0.023107 0.1534 -1.8164 -0.0047672 0.14966 -1.8125 0.00054169 0.14961 -1.8048 0.0049145 0.15033 -1.796 0.0061769 0.15159 -1.7866 0.0054634 0.153 -1.7764 0.0066209 0.1538 -1.7639 0.0059717 0.15465 -1.7532 0.001967 0.15544 -1.7477 -0.004961 0.15623 -1.7501 -0.01404 0.15718 -1.758 -0.023208 0.15797 -1.7686 -0.028913 0.15818 -1.7643 -0.035408 0.15842 -1.7584 -0.046435 0.15829 -1.7562 -0.060256 0.15745 -1.7591 -0.072124 0.1562 -1.7709 -0.075417 0.15537 -1.7848 -0.073697 0.15455 -1.7959 -0.068035 0.15395 -1.8025 -0.063935 0.15337 -1.8077 -0.074561 0.15092 -1.8164 -0.082518 0.14778 -1.8251 -0.084968 0.14525 -1.8321 -0.079583 0.14425 -1.8364 -0.068938 0.14437 -1.8375 -0.056461 0.14514 -1.8366 -0.046242 0.14591 -1.8375 -0.036745 0.1457 -1.8365 -0.027824 0.14584 -1.8324 -0.019961 0.14679 -1.8273 -0.015985 0.14812 -1.8251 0.0094995 0.17339 -1.8279 0.0019364 0.1745 -1.8305 0.0013957 0.1747 -1.834 0.0022423 0.17479 -1.8369 0.0043461 0.17464 -1.8396 0.0072017 0.17426 -1.843 0.009635 0.1737 -1.8466 0.013204 0.17267 -1.8489 0.017268 0.17133 -1.8487 0.020799 0.17018 -1.8455 0.022909 0.16973 -1.8406 0.023569 0.16984 -1.8358 0.022442 0.17044 -1.8354 0.025449 0.1692 -1.8343 0.030144 0.1669 -1.8313 0.034528 0.16428 -1.8273 0.036974 0.16234 -1.8228 0.034718 0.16296 -1.8191 0.030485 0.16454 -1.8172 0.025856 0.16637 -1.8163 0.022879 0.16742 -1.8119 0.024212 0.16539 -1.8072 0.023767 0.16379 -1.804 0.021802 0.16324 -1.8033 0.01829 0.16426 -1.8049 0.014141 0.16618 -1.8079 0.010422 0.16825 -1.8109 0.0078454 0.16981 -1.8132 0.0048792 0.17095 -1.8159 0.0026481 0.17198 -1.8192 0.0016491 0.17295 -1.8217 0.0020745 0.17354 1.838 0.0064003 0.067214 1.829 -0.0051682 0.06836 1.8245 -0.0046089 0.068512 1.8195 -0.0011988 0.068587 1.816 0.0040481 0.068435 1.8135 0.010366 0.067938 1.8096 0.016346 0.06711 1.8061 0.024339 0.065525 1.805 0.032364 0.063387 1.8073 0.038188 0.061432 1.8135 0.040019 0.060581 1.8216 0.03852 0.060736 1.8285 0.034114 0.061844 1.8309 0.0389 0.059692 1.8354 0.046129 0.055694 1.8426 0.051817 0.051192 1.8504 0.053744 0.048067 1.8563 0.047638 0.04979 1.8599 0.03861 0.053172 1.8603 0.029893 0.056671 1.86 0.024439 0.058599 1.8678 0.024349 0.055984 1.8752 0.021135 0.054247 1.8793 0.016129 0.054034 1.8784 0.0098758 0.055844 1.8735 0.0036707 0.058592 1.8665 -0.001076 0.061267 1.8602 -0.0039313 0.063143 1.8548 -0.0078299 0.064452 1.8491 -0.010266 0.065546 1.8431 -0.010295 0.066605 1.8392 -0.008285 0.067314 1.7908 -0.028657 0.11601 1.8124 -0.030401 0.11273 1.8159 -0.036702 0.11133 1.8163 -0.046512 0.11002 1.8128 -0.055999 0.1093 1.8068 -0.065229 0.1087 1.8023 -0.076352 0.10715 1.7944 -0.088904 0.1051 1.784 -0.097784 0.10325 1.7734 -0.099682 0.10245 1.7652 -0.092423 0.10377 1.7604 -0.079539 0.1066 1.761 -0.065791 0.10986 1.7516 -0.066683 0.10871 1.7362 -0.066698 0.10628 1.7201 -0.061102 0.10405 1.7092 -0.051427 0.10335 1.7131 -0.037944 0.10725 1.7237 -0.025303 0.11201 1.7368 -0.017584 0.1155 1.7453 -0.013474 0.1171 1.7371 -0.0019441 0.11733 1.7339 0.01172 0.11818 1.7367 0.022298 0.11932 1.7466 0.026302 0.12042 1.7604 0.024399 0.12078 1.7739 0.018074 0.12021 1.7838 0.011204 0.11927 1.7938 0.0068772 0.118 1.802 0.0010002 0.11659 1.8071 -0.0073917 0.11538 1.8077 -0.014702 0.1149 1.8509 -0.029607 0.15568 1.835 -0.014692 0.15474 1.8364 -0.0077031 0.15559 1.8419 8.6308e-05 0.15713 1.85 0.0052953 0.15871 1.8597 0.0088568 0.16015 1.8691 0.014682 0.16128 1.8817 0.019847 0.16222 1.8941 0.020939 0.16253 1.9028 0.016721 0.16231 1.9048 0.0066688 0.16178 1.9014 -0.0060668 0.161 1.8937 -0.016644 0.16014 1.9009 -0.02095 0.15942 1.912 -0.028764 0.15764 1.9205 -0.040986 0.15464 1.9232 -0.053652 0.15147 1.9132 -0.062301 0.14994 1.8987 -0.06709 0.14919 1.8851 -0.066818 0.14931 1.8767 -0.06588 0.14929 1.8765 -0.078261 0.14509 1.8716 -0.089601 0.14056 1.864 -0.095757 0.13752 1.8545 -0.093709 0.13727 1.8453 -0.085465 0.139 1.8385 -0.074002 0.14174 1.8346 -0.063833 0.14413 1.8292 -0.055047 0.14541 1.826 -0.04594 0.14698 1.8264 -0.036527 0.14924 1.8296 -0.030462 0.15127 1.8212 -0.0084519 0.18055 1.8221 -0.017262 0.18042 1.8198 -0.019041 0.1805 1.816 -0.019886 0.18066 1.8121 -0.019238 0.18081 1.8082 -0.01767 0.18084 1.8037 -0.016853 0.18061 1.7984 -0.014978 0.18009 1.7942 -0.0119 0.17937 1.7926 -0.00823 0.17878 1.7948 -0.0046108 0.17872 1.7993 -0.0016601 0.179 1.8045 -0.00056577 0.1795 1.8034 0.0027213 0.17873 1.8021 0.0081065 0.1772 1.8028 0.014136 0.17533 1.8055 0.018679 0.17384 1.811 0.018527 0.17417 1.8168 0.015991 0.17513 1.8209 0.012139 0.17626 1.8232 0.0095263 0.17684 1.8267 0.013176 0.1751 1.8314 0.015201 0.1735 1.8355 0.014931 0.17269 1.8379 0.011697 0.17316 1.8384 0.0066686 0.17439 1.8373 0.001333 0.17583 1.8357 -0.0028052 0.17693 1.8349 -0.0069232 0.17756 1.8334 -0.010512 0.17819 1.8307 -0.01319 0.17896 1.828 -0.014075 0.17958 -1.2409 -0.018528 0.063891 -1.2262 -0.018278 0.059935 -1.2236 -0.022489 0.058385 -1.2228 -0.029268 0.056767 -1.2246 -0.036009 0.055763 -1.228 -0.042658 0.055042 -1.2303 -0.050345 0.053381 -1.2348 -0.05915 0.051566 -1.241 -0.065699 0.050641 -1.2477 -0.067669 0.051307 -1.2533 -0.063458 0.054057 -1.2572 -0.055274 0.057746 -1.2577 -0.046101 0.060861 -1.2637 -0.047254 0.061289 -1.2736 -0.0482 0.061864 -1.2843 -0.045447 0.063064 -1.292 -0.039597 0.064493 -1.2906 -0.030109 0.066296 -1.2849 -0.020684 0.067662 -1.2772 -0.014434 0.068206 -1.2722 -0.01097 0.068264 -1.2784 -0.0035381 0.068649 -1.2818 0.0057025 0.068632 -1.281 0.013212 0.068351 -1.2749 0.016679 0.068001 -1.2658 0.016347 0.067476 -1.2564 0.012982 0.066726 -1.2492 0.0090029 0.065929 -1.2422 0.0067308 0.06477 -1.2362 0.0032184 0.063613 -1.2319 -0.0022573 0.062649 -1.2307 -0.0072947 0.06225 -1.174 -0.014751 0.1094 -1.1931 -0.0027614 0.10931 -1.193 0.0042322 0.10881 -1.1886 0.012667 0.10812 -1.1812 0.01898 0.10739 -1.1719 0.0239 0.10638 -1.1633 0.03092 0.10465 -1.1514 0.037684 0.10198 -1.1391 0.040421 0.099047 -1.1296 0.037487 0.096977 -1.1257 0.028037 0.097045 -1.1268 0.01527 0.09871 -1.1326 0.0039945 0.10132 -1.1246 0.00070643 0.098978 -1.1124 -0.0056286 0.094581 -1.102 -0.01672 0.089943 -1.0974 -0.029042 0.087074 -1.1061 -0.038897 0.090032 -1.1198 -0.045492 0.094743 -1.1335 -0.046977 0.099171 -1.1421 -0.047168 0.10153 -1.1407 -0.059799 0.099013 -1.1443 -0.072104 0.09745 -1.1513 -0.079532 0.097451 -1.1612 -0.07884 0.099529 -1.1718 -0.071827 0.10243 -1.1804 -0.061244 0.10502 -1.1859 -0.051589 0.10668 -1.1928 -0.043653 0.10764 -1.1975 -0.035083 0.10831 -1.1985 -0.025646 0.10893 -1.1961 -0.019089 0.10938 -1.2251 0.023243 0.13884 -1.2202 -0.0045412 0.1391 -1.2263 -0.0099742 0.14108 -1.2369 -0.012402 0.14429 -1.2483 -0.010163 0.14737 -1.26 -0.0050571 0.15006 -1.2732 -0.0022826 0.1527 -1.2891 0.0037901 0.15502 -1.3022 0.013509 0.1557 -1.308 0.024931 0.15453 -1.3032 0.036065 0.15189 -1.2911 0.045074 0.14863 -1.2762 0.04834 0.14592 -1.2806 0.058534 0.14406 -1.2866 0.075171 0.13996 -1.2873 0.093704 0.13355 -1.2817 0.10761 0.12733 -1.2655 0.10709 0.12517 -1.2475 0.099216 0.12489 -1.2338 0.087284 0.12605 -1.226 0.079176 0.1266 -1.2174 0.090344 0.12026 -1.2047 0.096473 0.11404 -1.193 0.095528 0.1103 -1.185 0.085452 0.11062 -1.1815 0.069833 0.11364 -1.1827 0.053271 0.1179 -1.1859 0.040418 0.12157 -1.1868 0.027551 0.12374 -1.1901 0.016338 0.12629 -1.197 0.0079963 0.12982 -1.2042 0.0052698 0.13295 -1.2144 -0.039053 0.16589 -1.1984 -0.02001 0.16574 -1.1905 -0.020921 0.1645 -1.1815 -0.026807 0.16256 -1.1754 -0.035908 0.16056 -1.171 -0.046925 0.15834 -1.1642 -0.057568 0.15514 -1.1581 -0.071865 0.15086 -1.1569 -0.086203 0.14694 -1.1617 -0.096509 0.14496 -1.1731 -0.099471 0.14634 -1.1876 -0.096324 0.14991 -1.1995 -0.087967 0.15422 -1.2045 -0.096536 0.15211 -1.2138 -0.10953 0.14832 -1.2284 -0.11969 0.14501 -1.2435 -0.123 0.14359 -1.2534 -0.11168 0.14747 -1.2586 -0.095174 0.15273 -1.2578 -0.079429 0.15736 -1.2565 -0.06967 0.15984 -1.2716 -0.069345 0.15819 -1.2856 -0.063382 0.15743 -1.2932 -0.054293 0.15792 -1.2908 -0.043215 0.16014 -1.2808 -0.032492 0.16296 -1.267 -0.024579 0.16528 -1.2548 -0.020048 0.16659 -1.2446 -0.013693 0.16739 -1.2341 -0.0099385 0.16774 -1.2232 -0.010431 0.16773 -1.2161 -0.014328 0.16749 -1.1751 0.011528 0.16797 -1.1891 0.0092659 0.16578 -1.1928 0.012799 0.1644 -1.195 0.019365 0.16282 -1.1945 0.026491 0.16165 -1.1923 0.033979 0.16058 -1.1914 0.042778 0.15868 -1.1883 0.053254 0.15634 -1.1826 0.061522 0.15442 -1.1755 0.064699 0.15377 -1.1685 0.060781 0.1553 -1.1629 0.052222 0.15827 -1.1611 0.042138 0.16154 -1.1545 0.044498 0.16071 -1.1435 0.047233 0.15906 -1.1309 0.045968 0.15792 -1.1213 0.04085 0.15813 -1.1218 0.030623 0.16178 -1.1274 0.019977 0.1659 -1.1356 0.012482 0.16875 -1.141 0.0082989 0.17004 -1.1328 0.0013993 0.17103 -1.1278 -0.0079088 0.17254 -1.1277 -0.01597 0.17402 -1.1341 -0.020365 0.17498 -1.1443 -0.021036 0.17499 -1.1551 -0.018434 0.17405 -1.1633 -0.014877 0.17284 -1.1709 -0.013283 0.17164 -1.1774 -0.010362 0.17028 -1.1821 -0.0052106 0.16892 -1.1835 -0.00012732 0.16814 -1.226 -0.0044496 0.19199 -1.2176 -0.0086854 0.19172 -1.2174 -0.011692 0.1915 -1.2188 -0.015522 0.19127 -1.2216 -0.018589 0.19109 -1.2252 -0.021137 0.19081 -1.2284 -0.024527 0.19027 -1.2329 -0.027951 0.18941 -1.2378 -0.02968 0.18839 -1.2417 -0.028863 0.18759 -1.2437 -0.025018 0.1875 -1.2438 -0.019533 0.188 -1.242 -0.01446 0.18893 -1.2453 -0.013407 0.18802 -1.2505 -0.011236 0.18629 -1.2552 -0.0069451 0.18445 -1.2576 -0.0018682 0.18338 -1.2545 0.0027361 0.18472 -1.2493 0.0061822 0.18677 -1.2438 0.0074599 0.1886 -1.2403 0.0079553 0.18955 -1.2414 0.013295 0.18891 -1.2405 0.018728 0.18872 -1.238 0.022234 0.18901 -1.234 0.022414 0.18984 -1.2294 0.019931 0.19074 -1.2254 0.015839 0.1914 -1.2228 0.011992 0.19173 -1.2196 0.0089388 0.19185 -1.2173 0.0054951 0.19186 -1.2164 0.0014899 0.19187 -1.2171 -0.0014584 0.19192 0.33353 0.0061293 0.06498 0.32118 0.017206 0.062635 0.3221 0.022604 0.061093 0.32639 0.028674 0.05911 0.33274 0.032775 0.057464 0.34032 0.035587 0.05592 0.34775 0.040048 0.053446 0.35763 0.04386 0.050483 0.3674 0.04443 0.048353 0.37423 0.040965 0.048113 0.37585 0.033243 0.050559 0.37323 0.023607 0.054439 0.36716 0.0157 0.058178 0.37283 0.012087 0.057807 0.38141 0.0054054 0.057107 0.38795 -0.00489 0.057157 0.38982 -0.015424 0.057994 0.38182 -0.022065 0.060586 0.37043 -0.025408 0.063258 0.35973 -0.024664 0.065144 0.35314 -0.02364 0.066031 0.35257 -0.034327 0.066005 0.34824 -0.044202 0.06602 0.34195 -0.049605 0.066193 0.33452 -0.047817 0.066768 0.3275 -0.040681 0.06736 0.32247 -0.030864 0.067602 0.3197 -0.022263 0.067468 0.31568 -0.015085 0.067018 0.31342 -0.0077035 0.066372 0.31402 -5.126e-05 0.065615 0.3168 0.0049067 0.065091 0.28366 0.050939 0.12275 0.28969 0.027054 0.1208 0.28431 0.02155 0.12062 0.27444 0.018109 0.12086 0.26372 0.018691 0.12135 0.25255 0.021789 0.1217 0.24024 0.022738 0.1213 0.22544 0.026372 0.1203 0.21323 0.033631 0.11887 0.20765 0.043235 0.11772 0.2117 0.053689 0.11782 0.22236 0.063 0.11884 0.23579 0.067489 0.12033 0.23166 0.076234 0.11868 0.22616 0.090745 0.11521 0.22568 0.10767 0.11101 0.23098 0.12108 0.10789 0.24562 0.1223 0.10947 0.262 0.11704 0.11244 0.27453 0.10769 0.11536 0.28179 0.10124 0.11678 0.28986 0.11252 0.11362 0.30174 0.11975 0.11087 0.31286 0.12043 0.1096 0.32046 0.1123 0.11059 0.3239 0.098613 0.11269 0.3231 0.083536 0.1149 0.32042 0.071587 0.11646 0.32003 0.060009 0.117 0.31737 0.049608 0.11754 0.31117 0.04126 0.11854 0.30437 0.037825 0.11967 0.29932 -0.019412 0.14974 0.31634 0.0064857 0.14926 0.32546 0.0061805 0.15034 0.33613 -5.6028e-05 0.1523 0.3438 -0.010527 0.15426 0.34959 -0.023572 0.1559 0.3583 -0.035864 0.15718 0.36661 -0.052784 0.15792 0.36972 -0.070408 0.15745 0.36558 -0.083845 0.15602 0.35307 -0.088989 0.15435 0.33635 -0.086966 0.15284 0.32174 -0.078222 0.15201 0.31733 -0.089589 0.14995 0.30906 -0.10719 0.14559 0.29483 -0.12217 0.13954 0.27912 -0.12872 0.13427 0.26646 -0.11604 0.134 0.25807 -0.096179 0.13563 0.25637 -0.076423 0.13804 0.25635 -0.064101 0.13924 0.24035 -0.066235 0.13409 0.22497 -0.061326 0.12933 0.21587 -0.051516 0.12677 0.21716 -0.037462 0.12765 0.22656 -0.022541 0.13056 0.2405 -0.010424 0.13417 0.25316 -0.0027473 0.13706 0.26383 0.0067439 0.13864 0.27518 0.013105 0.1404 0.28735 0.01441 0.1429 0.29554 0.010978 0.14519 0.34108 0.037068 0.17712 0.31414 0.033832 0.17997 0.3084 0.040575 0.17961 0.30548 0.052129 0.17838 0.3072 0.06413 0.17657 0.31178 0.076306 0.17418 0.31394 0.09014 0.1711 0.31935 0.10634 0.16657 0.32861 0.11897 0.1618 0.33994 0.12368 0.15852 0.35138 0.11738 0.15839 0.36088 0.10384 0.16052 0.3646 0.087958 0.16404 0.37474 0.091146 0.16069 0.39138 0.094737 0.15477 0.41014 0.092067 0.14882 0.42437 0.083455 0.14518 0.42416 0.066791 0.14865 0.41653 0.049419 0.15447 0.4047 0.037146 0.16033 0.39664 0.0302 0.16365 0.40814 0.018676 0.15995 0.41459 0.003463 0.15762 0.41388 -0.009582 0.15762 0.40391 -0.016726 0.16088 0.38831 -0.017943 0.16573 0.37172 -0.013996 0.1704 0.35885 -0.0085366 0.17361 0.34611 -0.0059946 0.1761 0.33503 -0.0011206 0.17802 0.32678 0.0074639 0.17939 0.32409 0.015896 0.17985 0.27225 0.026049 0.18695 0.28476 0.017441 0.18268 0.28486 0.011896 0.18088 0.28149 0.0050521 0.17922 0.27558 -0.00019956 0.17839 0.26805 -0.0044515 0.17789 0.26048 -0.01071 0.1764 0.24988 -0.016661 0.1748 0.23892 -0.018886 0.17389 0.23084 -0.016062 0.17426 0.22842 -0.0077353 0.17661 0.23082 0.0031528 0.1801 0.23737 0.012419 0.18336 0.23032 0.01548 0.18342 0.21933 0.021673 0.1832 0.21016 0.032225 0.18355 0.20642 0.043541 0.18475 0.21499 0.051124 0.1881 0.22792 0.055242 0.19129 0.24041 0.054911 0.19292 0.24803 0.054096 0.1934 0.24683 0.065747 0.19518 0.25007 0.076864 0.19699 0.25625 0.08329 0.19819 0.26472 0.081968 0.19818 0.27329 0.074836 0.19684 0.27977 0.06468 0.19457 0.28344 0.05572 0.19239 0.28811 0.048787 0.19019 0.29086 0.041664 0.18804 0.29054 0.034077 0.18623 0.28772 0.02901 0.18546 0.3276 -0.00069237 0.20543 0.32416 0.0089664 0.20601 0.3262 0.011564 0.20565 0.33018 0.013562 0.20503 0.33465 0.013942 0.20432 0.33936 0.013307 0.20343 0.34437 0.013638 0.20227 0.35041 0.013028 0.20059 0.35544 0.01079 0.19878 0.35787 0.007195 0.19745 0.35652 0.0026491 0.19729 0.35255 -0.0018506 0.19808 0.34739 -0.0045559 0.19957 0.34913 -0.0078731 0.19821 0.3514 -0.013433 0.19579 0.35163 -0.020268 0.19343 0.34954 -0.026041 0.19222 0.34383 -0.027495 0.19429 0.33737 -0.026435 0.19734 0.33233 -0.023449 0.20007 0.32933 -0.021288 0.20157 0.32611 -0.026355 0.20101 0.32129 -0.030005 0.20118 0.31671 -0.030947 0.202 0.31349 -0.028095 0.20342 0.31184 -0.022714 0.20486 0.31186 -0.016493 0.20587 0.31268 -0.011423 0.20638 0.31248 -0.0066063 0.20677 0.31325 -0.0021255 0.2069 0.31558 0.0017242 0.20682 0.31834 0.003572 0.20665 -0.62757 0.010791 0.065437 -0.6254 -0.00082374 0.065497 -0.62828 -0.0038698 0.065634 -0.63355 -0.0058653 0.06591 -0.63924 -0.0057294 0.066152 -0.64519 -0.0042863 0.066202 -0.65208 -0.0040288 0.065911 -0.66036 -0.0023203 0.065099 -0.66705 0.0014143 0.063829 -0.66986 0.0064964 0.062618 -0.6671 0.012106 0.062177 -0.6606 0.017079 0.062401 -0.65274 0.0194 0.063173 -0.65488 0.024022 0.0617 -0.65766 0.031754 0.058761 -0.6575 0.0408 0.055208 -0.65414 0.047983 0.052541 -0.64589 0.048576 0.053601 -0.63695 0.04563 0.055893 -0.63038 0.040439 0.058307 -0.62668 0.036855 0.059565 -0.62183 0.043053 0.057033 -0.61496 0.047033 0.054958 -0.60875 0.047435 0.054156 -0.60492 0.043036 0.055226 -0.60372 0.035619 0.057258 -0.60503 0.027494 0.059395 -0.60724 0.021135 0.060948 -0.6081 0.015126 0.061841 -0.61009 0.0098493 0.062662 -0.61387 0.00578 0.06364 -0.61773 0.0043104 0.064435 -0.62327 -0.048874 0.093941 -0.61124 -0.030571 0.091481 -0.60381 -0.030452 0.091076 -0.59474 -0.034689 0.091238 -0.58782 -0.042157 0.09183 -0.58228 -0.051626 0.09233 -0.57428 -0.060678 0.092039 -0.56647 -0.073318 0.091092 -0.5631 -0.086598 0.089502 -0.56609 -0.096763 0.087983 -0.5764 -0.10062 0.087751 -0.59041 -0.098975 0.088702 -0.60282 -0.092183 0.090483 -0.60614 -0.1009 0.088389 -0.61272 -0.11448 0.083978 -0.62457 -0.12613 0.078705 -0.63793 -0.13134 0.075103 -0.64873 -0.12168 0.07803 -0.65593 -0.10652 0.082771 -0.65747 -0.091441 0.086955 -0.65758 -0.082095 0.088953 -0.67147 -0.084039 0.086436 -0.68508 -0.08059 0.084714 -0.69334 -0.073315 0.084427 -0.69259 -0.062739 0.085884 -0.68481 -0.051512 0.087785 -0.67307 -0.042476 0.089279 -0.6624 -0.036863 0.090091 -0.65383 -0.029995 0.089986 -0.64469 -0.025485 0.089843 -0.6347 -0.02476 0.090213 -0.62784 -0.027511 0.091017 -0.59063 0.01497 0.13883 -0.60963 0.0074511 0.13715 -0.61483 0.011245 0.137 -0.61879 0.019033 0.13717 -0.61946 0.028028 0.13757 -0.61808 0.037721 0.13792 -0.61863 0.048219 0.13769 -0.61714 0.061148 0.1371 -0.61229 0.072296 0.13634 -0.60475 0.078066 0.13588 -0.59551 0.075733 0.13632 -0.58661 0.067671 0.13727 -0.58153 0.056748 0.1383 -0.57456 0.061244 0.13747 -0.5628 0.067541 0.13558 -0.54845 0.069844 0.13316 -0.5365 0.066863 0.13121 -0.53407 0.054667 0.13182 -0.53699 0.040313 0.13317 -0.54378 0.028769 0.1346 -0.54858 0.021986 0.13524 -0.53808 0.016477 0.13276 -0.53065 0.0072966 0.13028 -0.52888 -0.0019698 0.12882 -0.53502 -0.0092206 0.12915 -0.54633 -0.013558 0.13051 -0.55923 -0.014441 0.13216 -0.56963 -0.013395 0.1334 -0.57938 -0.01426 0.13384 -0.58832 -0.013109 0.13434 -0.59586 -0.0087714 0.13524 -0.59933 -0.0034149 0.13619 -0.65979 -0.012213 0.15822 -0.64204 -0.017634 0.15802 -0.63977 -0.023666 0.15891 -0.64088 -0.032158 0.16055 -0.64543 -0.039705 0.16223 -0.65213 -0.046732 0.16379 -0.65796 -0.056029 0.16534 -0.66712 -0.066194 0.1667 -0.67805 -0.072704 0.1671 -0.68783 -0.072861 0.16643 -0.69375 -0.064918 0.165 -0.69561 -0.052307 0.16331 -0.6924 -0.039776 0.16197 -0.70104 -0.039431 0.1609 -0.71494 -0.037714 0.15838 -0.72846 -0.030998 0.15444 -0.73655 -0.02121 0.1507 -0.73055 -0.0094647 0.1499 -0.71867 0.00059533 0.1503 -0.70544 0.0056801 0.15139 -0.69705 0.0080044 0.1519 -0.70257 0.019222 0.14823 -0.70315 0.031584 0.14465 -0.69886 0.040393 0.14255 -0.68926 0.042324 0.14285 -0.6773 0.038335 0.14466 -0.66637 0.030352 0.14712 -0.65887 0.022465 0.1492 -0.65093 0.016784 0.15032 -0.645 0.010185 0.15162 -0.64228 0.0021119 0.15348 -0.64336 -0.0040915 0.15516 -0.59573 -0.028007 0.1662 -0.60127 -0.015158 0.16478 -0.59886 -0.010734 0.16349 -0.59323 -0.0069935 0.16188 -0.5864 -0.0057416 0.16053 -0.57882 -0.0060377 0.15916 -0.57034 -0.0047195 0.15699 -0.55978 -0.0050285 0.1542 -0.55067 -0.0083792 0.15171 -0.546 -0.014313 0.15052 -0.548 -0.021965 0.15172 -0.55468 -0.029431 0.1546 -0.56368 -0.033711 0.15809 -0.55992 -0.03929 0.15675 -0.55478 -0.049007 0.15424 -0.55302 -0.061187 0.15223 -0.55558 -0.071513 0.1519 -0.56525 -0.073601 0.15598 -0.5765 -0.071056 0.1609 -0.58544 -0.065188 0.16457 -0.59064 -0.061082 0.16635 -0.59518 -0.070543 0.16702 -0.60274 -0.077532 0.1685 -0.61029 -0.079572 0.17022 -0.61592 -0.074624 0.17171 -0.61898 -0.065125 0.17234 -0.61912 -0.054232 0.17194 -0.61775 -0.045551 0.17109 -0.61809 -0.037908 0.17024 -0.61691 -0.031032 0.16913 -0.6132 -0.025296 0.16789 -0.60875 -0.022752 0.16707 -0.62019 0.0084295 0.18796 -0.62221 0.0014791 0.18896 -0.6245 0.00047183 0.18864 -0.62777 0.00078726 0.18787 -0.63069 0.0024931 0.1869 -0.6334 0.0050504 0.18571 -0.63697 0.0072191 0.18427 -0.64081 0.010667 0.18226 -0.64315 0.014826 0.1802 -0.64303 0.018591 0.1788 -0.63987 0.020976 0.17877 -0.63502 0.021853 0.17981 -0.63031 0.020765 0.18158 -0.62997 0.024071 0.18022 -0.62886 0.029344 0.17788 -0.62573 0.034462 0.17578 -0.62157 0.037554 0.17488 -0.61728 0.035444 0.17714 -0.61385 0.031086 0.1803 -0.61234 0.026117 0.18306 -0.61168 0.022927 0.18459 -0.60704 0.025101 0.18433 -0.60205 0.025367 0.18487 -0.5986 0.023748 0.18597 -0.59806 0.02006 0.18748 -0.5999 0.015415 0.18886 -0.60328 0.01113 0.18971 -0.60652 0.0081711 0.19005 -0.60881 0.005033 0.19043 -0.61142 0.0026848 0.19051 -0.61461 0.001621 0.19023 -0.61705 0.0020781 0.18979 -0.62509 -0.029899 0.096433 -0.6137 -0.030786 0.095805 -0.61212 -0.033975 0.09567 -0.61209 -0.038811 0.095649 -0.61391 -0.043413 0.095708 -0.61688 -0.047815 0.095684 -0.61906 -0.052978 0.095349 -0.62274 -0.058792 0.094699 -0.62759 -0.062948 0.093851 -0.6325 -0.06391 0.093161 -0.63644 -0.060627 0.093107 -0.63897 -0.054683 0.093566 -0.63905 -0.048261 0.094362 -0.64338 -0.048697 0.093484 -0.65033 -0.04882 0.091739 -0.6576 -0.046405 0.089745 -0.66256 -0.042042 0.088397 -0.66105 -0.035554 0.089434 -0.65654 -0.029288 0.091179 -0.65082 -0.025284 0.092813 -0.64705 -0.023098 0.093641 -0.65068 -0.017858 0.09251 -0.65203 -0.011577 0.0917 -0.65072 -0.0066276 0.091519 -0.64616 -0.0045402 0.092177 -0.63982 -0.0050845 0.093159 -0.63347 -0.0076687 0.094049 -0.62871 -0.010598 0.094617 -0.62375 -0.012471 0.09482 -0.6196 -0.015173 0.094971 -0.61684 -0.019135 0.095244 -0.61629 -0.022639 0.095572 -0.62509 -0.029899 0.096433 -0.62655 -0.019322 0.093868 -0.62389 -0.017192 0.093632 -0.61938 -0.01611 0.093833 -0.61471 -0.01678 0.094423 -0.60999 -0.018556 0.095163 -0.6047 -0.01949 0.09555 -0.59847 -0.021691 0.096029 -0.59355 -0.02535 0.096557 -0.59161 -0.029733 0.097119 -0.59388 -0.034052 0.097789 -0.59895 -0.037597 0.09841 -0.60498 -0.038964 0.098709 -0.60364 -0.042944 0.098995 -0.602 -0.049514 0.099206 -0.60266 -0.056953 0.099178 -0.60563 -0.062627 0.098989 -0.61204 -0.062551 0.098942 -0.6189 -0.05959 0.098779 -0.62389 -0.055022 0.098484 -0.62674 -0.051945 0.09816 -0.6308 -0.056593 0.097607 -0.6363 -0.059355 0.096719 -0.64115 -0.059283 0.095869 -0.64406 -0.05548 0.095283 -0.64492 -0.049396 0.094858 -0.64389 -0.042863 0.094562 -0.64218 -0.037755 0.094351 -0.64148 -0.032742 0.093748 -0.63983 -0.028304 0.093317 -0.63673 -0.024848 0.093309 -0.6336 -0.023525 0.09369 0.018856 -0.021012 0.061902 0.018241 -0.0090122 0.062527 0.021542 -0.0063553 0.063082 0.027083 -0.0050972 0.063889 0.032762 -0.0060432 0.064563 0.038552 -0.0083354 0.064995 0.045467 -0.0095487 0.065262 0.053621 -0.012394 0.065065 0.059956 -0.017039 0.064184 0.062199 -0.022498 0.062961 0.058697 -0.02774 0.06197 0.051474 -0.031846 0.061337 0.043183 -0.033114 0.061272 0.044843 -0.038006 0.059781 0.046839 -0.046051 0.056781 0.045756 -0.05498 0.05289 0.041636 -0.061624 0.049685 0.03317 -0.061111 0.049967 0.024381 -0.05699 0.051564 0.018275 -0.050948 0.053609 0.014934 -0.046875 0.054709 0.0094364 -0.052324 0.051571 0.0021713 -0.055276 0.048838 -0.004056 -0.054773 0.04757 -0.0074046 -0.049852 0.048536 -0.0077794 -0.042304 0.050801 -0.0055494 -0.0344 0.053411 -0.0025902 -0.028377 0.055438 -0.00099158 -0.022485 0.056721 0.0016499 -0.017486 0.057981 0.0059245 -0.013963 0.059454 0.0099325 -0.01306 0.060597 0.020166 0.038411 0.091834 0.0057998 0.021775 0.087409 -0.0016456 0.022716 0.086429 -0.010209 0.02825 0.086122 -0.016196 0.036716 0.086595 -0.020529 0.047008 0.08722 -0.027315 0.057261 0.086888 -0.033377 0.07113 0.086191 -0.03482 0.085048 0.085297 -0.030309 0.094934 0.084779 -0.019403 0.097378 0.08564 -0.0056171 0.093715 0.087544 0.005784 0.085053 0.089759 0.010483 0.093458 0.088642 0.019314 0.10641 0.085948 0.033268 0.11672 0.082755 0.047706 0.12025 0.08082 0.057001 0.10888 0.083785 0.061775 0.09238 0.087791 0.060917 0.076793 0.090831 0.059586 0.067275 0.092094 0.074037 0.067395 0.091001 0.087397 0.062088 0.090275 0.094736 0.053615 0.090206 0.092422 0.043004 0.09082 0.082915 0.032704 0.091239 0.069759 0.025184 0.091101 0.058203 0.020992 0.090637 0.048665 0.015284 0.08941 0.038877 0.012031 0.088253 0.02871 0.012686 0.087747 0.022116 0.016384 0.088118 -0.025177 -0.02331 0.12677 -0.0049174 -0.018329 0.12722 -0.00018525 -0.022874 0.12726 0.0027206 -0.031281 0.12724 0.0021446 -0.040452 0.12708 -0.00059032 -0.050036 0.12667 -0.001446 -0.060675 0.12583 -0.0046422 -0.073462 0.12434 -0.010969 -0.083974 0.12253 -0.019291 -0.088706 0.12113 -0.028294 -0.08508 0.12094 -0.036233 -0.075753 0.12162 -0.039945 -0.064085 0.12287 -0.047492 -0.067597 0.12125 -0.060006 -0.072204 0.11814 -0.074529 -0.072402 0.1146 -0.085968 -0.067636 0.11202 -0.086817 -0.055037 0.11318 -0.08205 -0.041051 0.11559 -0.073783 -0.030442 0.11819 -0.068087 -0.024314 0.11961 -0.077679 -0.01718 0.11681 -0.083699 -0.0067799 0.11451 -0.084087 0.0028648 0.11361 -0.076963 0.0092914 0.11487 -0.065124 0.012012 0.11732 -0.052175 0.011016 0.11994 -0.041973 0.0084474 0.12187 -0.032091 0.0079305 0.12311 -0.023301 0.0054939 0.12422 -0.01639 2.718e-05 0.12538 -0.013714 -0.0058968 0.1262 0.046353 -0.0065048 0.15207 0.029263 0.0014546 0.1508 0.027723 0.007808 0.15184 0.029845 0.016132 0.15399 0.035298 0.02302 0.1564 0.042852 0.029087 0.15884 0.049841 0.037563 0.16134 0.060309 0.046453 0.16399 0.072151 0.051456 0.16566 0.082056 0.050273 0.16583 0.087056 0.041506 0.16447 0.087357 0.028619 0.16225 0.082547 0.01651 0.15994 0.091285 0.014997 0.15962 0.10524 0.011428 0.15829 0.11825 0.002943 0.15528 0.12538 -0.0078838 0.15184 0.11783 -0.018835 0.14986 0.10449 -0.027318 0.14863 0.090405 -0.030629 0.14825 0.081616 -0.031816 0.1479 0.085963 -0.043725 0.14422 0.085176 -0.056097 0.14016 0.079849 -0.064272 0.13729 0.06991 -0.064883 0.13667 0.058272 -0.059268 0.13766 0.048158 -0.049803 0.13957 0.041504 -0.040899 0.1414 0.034197 -0.034113 0.14217 0.02902 -0.026692 0.14332 0.027221 -0.018264 0.14534 0.028999 -0.012242 0.14739 -0.016585 0.018037 0.15534 -0.012637 0.0043821 0.15364 -0.015551 0.00032282 0.15197 -0.021576 -0.0025826 0.14978 -0.028491 -0.0028248 0.14789 -0.035953 -0.0014019 0.14603 -0.044468 -0.0014424 0.14326 -0.054806 0.00047636 0.13984 -0.063299 0.0052416 0.13701 -0.067081 0.011926 0.13591 -0.06414 0.019298 0.13767 -0.056663 0.025752 0.14137 -0.047336 0.028644 0.1456 -0.050235 0.034849 0.14441 -0.053875 0.045469 0.14229 -0.053812 0.058072 0.14107 -0.049814 0.068127 0.14163 -0.040159 0.06869 0.14632 -0.029625 0.064329 0.15163 -0.021753 0.057001 0.15538 -0.017233 0.052056 0.15719 -0.011448 0.060918 0.15878 -0.0030258 0.06683 0.16121 0.0046926 0.067747 0.16355 0.009558 0.061906 0.16506 0.011288 0.051882 0.16529 0.0099864 0.04091 0.16423 0.0075054 0.032398 0.16277 0.006886 0.02469 0.16152 0.0048621 0.01798 0.15996 0.00046468 0.012779 0.15814 -0.0042858 0.010877 0.15686 0.0011761 -0.023063 0.17516 0.0040674 -0.016392 0.17669 0.0065384 -0.015685 0.17665 0.0098455 -0.016427 0.17618 0.012634 -0.018512 0.1754 0.015116 -0.021415 0.17436 0.018532 -0.024035 0.17317 0.022094 -0.027956 0.17138 0.024063 -0.032382 0.1694 0.023549 -0.036094 0.16785 0.020057 -0.038052 0.16741 0.014975 -0.038301 0.16793 0.010231 -0.036623 0.16926 0.0095558 -0.039844 0.16776 0.0079334 -0.044895 0.16516 0.0042737 -0.049517 0.16263 -0.00025463 -0.052005 0.16126 -0.0044725 -0.049379 0.16315 -0.0075994 -0.044651 0.16609 -0.0086849 -0.039557 0.16885 -0.0090437 -0.03632 0.17042 -0.013984 -0.037846 0.16966 -0.019089 -0.037437 0.16975 -0.022428 -0.035372 0.1706 -0.022606 -0.031649 0.17219 -0.020238 -0.027291 0.17392 -0.016337 -0.023488 0.17525 -0.012704 -0.020978 0.17602 -0.010009 -0.018156 0.17675 -0.0070727 -0.016161 0.17719 -0.0037065 -0.015524 0.17726 -0.001272 -0.016308 0.17701 0.019206 0.018934 0.093076 0.0079346 0.021453 0.091635 0.0067904 0.024892 0.091587 0.0074117 0.029769 0.091874 0.0098636 0.034146 0.092371 0.013448 0.038163 0.09287 0.016373 0.043071 0.093066 0.020911 0.04844 0.093131 0.026423 0.051982 0.093001 0.031553 0.052293 0.092817 0.035068 0.048436 0.092872 0.036767 0.042074 0.093121 0.03591 0.035559 0.093455 0.04039 0.03543 0.093015 0.047551 0.034656 0.091963 0.0547 0.031293 0.090541 0.05921 0.026262 0.08941 0.056724 0.019893 0.089834 0.051193 0.014138 0.090689 0.044756 0.010835 0.091489 0.040602 0.0091257 0.091814 0.043633 0.0033901 0.090721 0.044214 -0.0030899 0.089675 0.042234 -0.0078819 0.089083 0.037314 -0.0093739 0.089194 0.030926 -0.0079789 0.08963 0.024822 -0.0045254 0.090112 0.020387 -0.00093269 0.090444 0.015634 0.0016415 0.090354 0.01182 0.0049376 0.090333 0.0095577 0.0093031 0.090619 0.0094538 0.012894 0.091104 0.019206 0.018934 0.093076 0.019465 0.0081904 0.090135 0.016521 0.006429 0.089566 0.011823 0.0059636 0.08932 0.00717 0.007267 0.089535 0.0026004 0.009686 0.089956 -0.0026271 0.011352 0.08995 -0.0086298 0.014421 0.090035 -0.013131 0.018775 0.090363 -0.014535 0.023436 0.09101 -0.011725 0.027437 0.092091 -0.0061996 0.030267 0.093303 2.3842e-05 0.030784 0.094152 -0.00080776 0.034968 0.094566 -0.0015807 0.041805 0.095051 8.8215e-05 0.049207 0.095555 0.0038655 0.054512 0.095983 0.010303 0.053538 0.096449 0.016805 0.049601 0.09666 0.02123 0.044312 0.096494 0.02371 0.040827 0.096225 0.028463 0.044964 0.096336 0.034444 0.047013 0.096132 0.039383 0.046298 0.095729 0.041847 0.042085 0.095175 0.041924 0.035856 0.094459 0.040021 0.029434 0.093682 0.037632 0.024539 0.093022 0.036295 0.019616 0.092084 0.034073 0.015398 0.091267 0.03049 0.012352 0.090788 0.027133 0.011442 0.090806 0.92005 0.028925 0.076294 0.92327 0.014379 0.07738 0.91976 0.010445 0.077967 0.91321 0.0077574 0.078724 0.90603 0.0077364 0.079256 0.89845 0.0093355 0.079451 0.88972 0.009376 0.079405 0.87917 0.011147 0.078676 0.8705 0.015491 0.077144 0.86669 0.021682 0.075373 0.86993 0.028815 0.074191 0.87794 0.035343 0.073675 0.88782 0.03863 0.073988 0.88484 0.044245 0.071924 0.88089 0.053625 0.06788 0.88056 0.064717 0.062856 0.88438 0.07366 0.058898 0.89482 0.07481 0.059696 0.90634 0.071634 0.062241 0.91496 0.065551 0.065253 0.91984 0.061284 0.066895 0.92559 0.069054 0.06312 0.93401 0.074145 0.059998 0.94179 0.074813 0.058737 0.94686 0.069508 0.060231 0.94877 0.060386 0.06326 0.94756 0.050287 0.066596 0.94509 0.042328 0.069121 0.94429 0.034804 0.070782 0.94204 0.028152 0.072339 0.93747 0.022969 0.074046 0.93269 0.021042 0.075293 0.92924 -0.043594 0.11509 0.94357 -0.020297 0.1099 0.95293 -0.019904 0.10908 0.96457 -0.024888 0.10925 0.97363 -0.033986 0.11034 0.98104 -0.045664 0.11158 0.9915 -0.056795 0.11174 1.0018 -0.07251 0.11149 1.0066 -0.089254 0.11076 1.0031 -0.10231 0.1101 0.99026 -0.10757 0.11068 0.97253 -0.10594 0.11228 0.95667 -0.097695 0.11428 0.95273 -0.10898 0.11283 0.94478 -0.12673 0.10929 0.93004 -0.14232 0.1048 0.91323 -0.14969 0.10172 0.89933 -0.13767 0.10471 0.88984 -0.11842 0.10911 0.88747 -0.099118 0.11262 0.88705 -0.087172 0.11405 0.86946 -0.090362 0.11195 0.85206 -0.086679 0.11023 0.84132 -0.077847 0.10958 0.8419 -0.064367 0.11023 0.85136 -0.049763 0.11101 0.86588 -0.037808 0.11134 0.87916 -0.030264 0.11125 0.8897 -0.0213 0.11007 0.90105 -0.015287 0.10905 0.91365 -0.013967 0.10895 0.92246 -0.017105 0.10984 0.96994 0.041993 0.15981 0.94618 0.031661 0.15946 0.93944 0.036233 0.15916 0.93414 0.045912 0.1588 0.93294 0.057254 0.15843 0.9343 0.069549 0.15783 0.93318 0.082735 0.15658 0.9345 0.099029 0.15459 0.94014 0.11319 0.1524 0.9494 0.1207 0.15097 0.96118 0.11815 0.15127 0.97279 0.10841 0.15275 0.9797 0.094925 0.15477 0.98828 0.10078 0.15304 1.0028 0.10899 0.14968 1.0207 0.11222 0.14598 1.0358 0.10874 0.14344 1.0394 0.093517 0.14521 1.0364 0.075441 0.1483 1.0283 0.060767 0.15139 1.0226 0.052096 0.15301 1.0359 0.045332 0.15016 1.0456 0.033828 0.14781 1.0481 0.022092 0.14692 1.0407 0.012755 0.14828 1.0267 0.0069845 0.1508 1.0105 0.005532 0.15341 0.99736 0.0065696 0.15525 0.9851 0.0051517 0.15629 0.97379 0.0063102 0.15717 0.96414 0.011571 0.15815 0.95958 0.018273 0.15891 0.88462 0.0068462 0.18825 0.90725 0.00066543 0.18772 0.9104 -0.0067706 0.18924 0.90943 -0.017369 0.19201 0.90407 -0.026901 0.19492 0.89597 -0.035869 0.19772 0.88905 -0.047666 0.20069 0.87797 -0.060697 0.20369 0.86444 -0.069274 0.20528 0.85207 -0.069898 0.20496 0.8442 -0.060237 0.20281 0.84127 -0.044566 0.19971 0.84475 -0.028775 0.19679 0.83376 -0.028759 0.19591 0.81603 -0.027336 0.19344 0.7985 -0.019726 0.18882 0.78771 -0.0080247 0.1839 0.79476 0.0069275 0.18155 0.80938 0.020084 0.18051 0.82593 0.027081 0.18067 0.83645 0.030369 0.18066 0.82885 0.043974 0.17556 0.82745 0.059215 0.17022 0.83241 0.07029 0.16672 0.84447 0.073109 0.16644 0.85982 0.068691 0.16839 0.87405 0.059258 0.17152 0.88395 0.049784 0.17435 0.89426 0.043022 0.17584 0.90207 0.035043 0.17771 0.90592 0.025137 0.18054 0.9049 0.017428 0.18315 0.96652 -0.0099514 0.19613 0.95894 0.0059049 0.19349 0.96175 0.011456 0.19145 0.96862 0.016239 0.18894 0.97713 0.017955 0.18693 0.98665 0.017746 0.18501 0.9972 0.019536 0.18197 1.0104 0.019299 0.17825 1.022 0.015201 0.17524 1.028 0.0077958 0.17421 1.0259 -0.0018144 0.17644 1.0179 -0.01122 0.18083 1.0069 -0.016646 0.18572 1.0118 -0.023651 0.18452 1.0185 -0.035919 0.1823 1.0212 -0.051375 0.18104 1.0183 -0.06451 0.18176 1.0064 -0.067147 0.18717 0.99233 -0.063931 0.19319 0.98097 -0.056553 0.19732 0.97431 -0.051419 0.19925 0.969 -0.063451 0.20114 0.95981 -0.072411 0.20389 0.95044 -0.075114 0.20645 0.94319 -0.06896 0.20797 0.93897 -0.057051 0.20794 0.93833 -0.043368 0.20643 0.93967 -0.032454 0.20453 0.93888 -0.022912 0.20282 0.94004 -0.014301 0.20082 0.94443 -0.0070438 0.19864 0.94991 -0.0037422 0.19724 0.93517 0.036941 0.21914 0.93295 0.028195 0.22106 0.93007 0.026812 0.2209 0.9259 0.02702 0.22012 0.9221 0.028975 0.21896 0.91851 0.031991 0.21746 0.91385 0.034464 0.21573 0.90878 0.038488 0.21323 0.90555 0.04346 0.21054 0.90549 0.048086 0.20853 0.90937 0.051206 0.20812 0.91551 0.052584 0.20903 0.92159 0.051545 0.21098 0.92182 0.055604 0.20905 0.92289 0.062084 0.20576 0.92654 0.068467 0.20268 0.93163 0.072439 0.20114 0.93723 0.070139 0.20378 0.94188 0.065054 0.20773 0.94413 0.059092 0.21136 0.94516 0.05523 0.21342 0.95092 0.058121 0.21269 0.95724 0.058691 0.21307 0.96171 0.056876 0.21435 0.96262 0.052382 0.21644 0.96054 0.046582 0.21858 0.95649 0.041131 0.22014 0.95253 0.037311 0.22098 0.94979 0.033304 0.22182 0.94659 0.030255 0.22226 0.9426 0.028771 0.22219 0.93947 0.029216 0.22174 0.92629 -0.019537 0.11626 0.94067 -0.020282 0.11509 0.94279 -0.024252 0.11516 0.94303 -0.030346 0.1156 0.94092 -0.036208 0.1162 0.93735 -0.041867 0.11673 0.93479 -0.048483 0.11693 0.93035 -0.056003 0.11691 0.92436 -0.061495 0.11654 0.91816 -0.062952 0.11605 0.91306 -0.058967 0.11586 0.90964 -0.051534 0.11594 0.90931 -0.043377 0.11625 0.90383 -0.044164 0.11547 0.89497 -0.044734 0.11377 0.8856 -0.042137 0.11155 0.8791 -0.036944 0.10978 0.88078 -0.028622 0.1103 0.8863 -0.020406 0.11152 0.89344 -0.015004 0.11278 0.89814 -0.012036 0.11336 0.8933 -0.0056694 0.11171 0.89129 0.0021226 0.11022 0.89275 0.0083923 0.10947 0.89845 0.011251 0.10983 0.90652 0.010889 0.11073 0.91468 0.0079486 0.11173 0.92084 0.0044858 0.11245 0.92719 0.0023301 0.11264 0.93254 -0.00090528 0.11288 0.93621 -0.0057693 0.11346 0.93706 -0.010135 0.11415 0.92629 -0.019537 0.11626 0.92389 -0.0064907 0.11232 0.92715 -0.0037272 0.11171 0.93281 -0.0021777 0.11164 0.93876 -0.0027945 0.11217 0.94483 -0.004791 0.11299 0.95157 -0.0057344 0.11329 0.95954 -0.0082321 0.11377 0.96594 -0.012612 0.11451 0.96859 -0.018012 0.1155 0.96593 -0.02348 0.1168 0.9597 -0.028082 0.1181 0.95215 -0.030005 0.11886 0.95402 -0.034944 0.11951 0.95637 -0.043141 0.12031 0.95584 -0.052541 0.12103 0.95231 -0.059818 0.12149 0.94421 -0.059967 0.12172 0.93543 -0.056507 0.12157 0.92892 -0.050965 0.12101 0.92518 -0.047224 0.12047 0.92022 -0.053281 0.12046 0.91335 -0.057044 0.11994 0.90718 -0.05721 0.11917 0.90332 -0.052579 0.11825 0.90196 -0.044983 0.11721 0.90299 -0.036738 0.11619 0.90493 -0.030258 0.11538 0.90559 -0.023968 0.11416 0.90747 -0.018353 0.11315 0.91124 -0.013882 0.11267 0.91515 -0.012065 0.11284 1.23 0.0045891 0.072822 1.219 0.01132 0.071674 1.2187 0.015897 0.07151 1.2209 0.021651 0.071605 1.2252 0.026186 0.071886 1.2307 0.029974 0.072103 1.236 0.035361 0.071844 1.2435 0.040778 0.071196 1.2515 0.043406 0.070275 1.2578 0.041898 0.069546 1.2603 0.035524 0.06966 1.2596 0.026628 0.070393 1.2556 0.018589 0.071417 1.261 0.016862 0.070365 1.2696 0.013278 0.068109 1.277 0.0063076 0.065339 1.2806 -0.0018404 0.063293 1.2749 -0.0089066 0.064438 1.2658 -0.013871 0.066501 1.2566 -0.015256 0.068463 1.2509 -0.015561 0.069395 1.2525 -0.024191 0.067383 1.2509 -0.03281 0.065613 1.2467 -0.038197 0.064803 1.2402 -0.038026 0.065453 1.2332 -0.033448 0.0668 1.2274 -0.026312 0.068192 1.2238 -0.019763 0.069157 1.2195 -0.014618 0.069469 1.2166 -0.0090947 0.069784 1.216 -0.0029821 0.070392 1.2176 0.0012748 0.071079 1.1764 0.046524 0.096358 1.1825 0.023214 0.095656 1.1772 0.017072 0.095227 1.1671 0.012809 0.094934 1.156 0.012693 0.094759 1.1442 0.015144 0.094285 1.131 0.015249 0.093024 1.1151 0.018083 0.090706 1.1021 0.024959 0.087663 1.0962 0.034719 0.085033 1.1006 0.045894 0.084419 1.1122 0.056137 0.085617 1.1266 0.061363 0.088211 1.1222 0.070298 0.085133 1.1164 0.085286 0.079143 1.1161 0.1031 0.072467 1.122 0.11752 0.068206 1.1375 0.11942 0.072287 1.1546 0.11448 0.078821 1.1676 0.10497 0.084751 1.1751 0.098354 0.087803 1.1839 0.1109 0.085013 1.1968 0.11932 0.08361 1.2088 0.12069 0.084085 1.2167 0.11244 0.086699 1.2199 0.098037 0.089825 1.2185 0.081991 0.092288 1.2151 0.069275 0.093689 1.2144 0.057287 0.094268 1.2113 0.046557 0.094562 1.2046 0.037942 0.094997 1.1972 0.034432 0.095532 1.2005 -0.023817 0.1497 1.2085 -0.0030005 0.14722 1.2154 -0.0015552 0.14747 1.2246 -0.0040252 0.14847 1.2323 -0.010029 0.14982 1.2391 -0.018217 0.15118 1.248 -0.025464 0.15203 1.2574 -0.03616 0.15275 1.2629 -0.048301 0.1531 1.2621 -0.058671 0.1532 1.2534 -0.064436 0.15339 1.2403 -0.065712 0.15353 1.2276 -0.061784 0.15346 1.2262 -0.070787 0.15303 1.2228 -0.085062 0.15168 1.2143 -0.098547 0.14937 1.2033 -0.10619 0.14699 1.1916 -0.099218 0.14636 1.182 -0.086266 0.14629 1.1776 -0.072223 0.1466 1.1756 -0.063321 0.14657 1.1636 -0.067976 0.14339 1.1509 -0.067463 0.13983 1.1423 -0.06221 0.13735 1.1409 -0.051906 0.13695 1.1456 -0.039464 0.13795 1.1542 -0.028235 0.13962 1.1626 -0.020478 0.14105 1.169 -0.011899 0.14144 1.1765 -0.0054467 0.1421 1.1854 -0.0024405 0.14351 1.1922 -0.0034811 0.14507 1.2278 0.053444 0.16729 1.2104 0.04298 0.16647 1.2038 0.045604 0.16677 1.1976 0.052814 0.1676 1.1947 0.062134 0.16859 1.1938 0.072812 0.1695 1.1905 0.084442 0.17017 1.1889 0.099398 0.17057 1.1916 0.11306 0.17033 1.1987 0.12107 0.16964 1.2096 0.11999 0.16899 1.2213 0.11217 0.16854 1.2291 0.10031 0.16843 1.2358 0.10702 0.16737 1.2476 0.11689 0.16496 1.2633 0.1227 0.16158 1.2774 0.12188 0.15872 1.2826 0.10837 0.15908 1.282 0.091397 0.16051 1.2763 0.077001 0.16214 1.272 0.068524 0.16289 1.2854 0.064577 0.16024 1.2961 0.05578 0.15779 1.3002 0.045722 0.1565 1.2947 0.036532 0.15698 1.2825 0.029852 0.15843 1.2679 0.02697 0.16014 1.2558 0.026773 0.16147 1.2453 0.02455 0.16203 1.2355 0.024642 0.16269 1.2269 0.028453 0.16378 1.2225 0.03397 0.1649 1.1674 0.013477 0.17381 1.1819 0.008491 0.17367 1.1838 0.0032172 0.17279 1.1828 -0.0041909 0.17147 1.1789 -0.010735 0.17017 1.1733 -0.016761 0.1687 1.1683 -0.024748 0.16655 1.1605 -0.033279 0.16358 1.1513 -0.038388 0.16061 1.1431 -0.037914 0.15874 1.1383 -0.030623 0.15921 1.137 -0.019558 0.16146 1.1398 -0.008899 0.16467 1.1327 -0.007952 0.16269 1.1213 -0.0051868 0.15905 1.1103 0.0021672 0.15569 1.1038 0.01177 0.15428 1.1089 0.021411 0.15835 1.1189 0.028994 0.16377 1.1299 0.032194 0.16823 1.1369 0.033531 0.17053 1.1325 0.044173 0.17025 1.1323 0.055518 0.17109 1.136 0.063251 0.1727 1.1441 0.064303 0.17478 1.1539 0.059882 0.17643 1.1629 0.052006 0.17714 1.169 0.044493 0.17715 1.1754 0.039129 0.17705 1.1802 0.033074 0.17661 1.1822 0.025791 0.1759 1.1811 0.020262 0.1753 1.213 0.0080733 0.20034 1.2088 0.014862 0.20067 1.2097 0.017442 0.20024 1.2124 0.019815 0.19948 1.216 0.020878 0.19865 1.2202 0.021137 0.19769 1.2247 0.022357 0.19642 1.2304 0.022823 0.19468 1.2357 0.021555 0.19297 1.2387 0.018613 0.1919 1.2384 0.014305 0.1921 1.2354 0.0097938 0.19328 1.231 0.0068734 0.19499 1.2335 0.004091 0.19391 1.2371 -0.00080848 0.19202 1.2391 -0.0072255 0.19035 1.2386 -0.012924 0.18972 1.2336 -0.01472 0.19185 1.2273 -0.014117 0.19468 1.222 -0.011538 0.19705 1.2188 -0.0096424 0.1983 1.2172 -0.015019 0.19825 1.2137 -0.019237 0.19883 1.2097 -0.020781 0.1998 1.2062 -0.018432 0.20099 1.2037 -0.013449 0.20195 1.2027 -0.0075207 0.2024 1.2026 -0.0027008 0.20246 1.2018 0.0014765 0.20253 1.2018 0.0053191 0.20238 1.2033 0.0086634 0.202 1.2055 0.010287 0.20158 1.1929 0.034285 0.10093 1.1838 0.025648 0.10015 1.1801 0.026687 0.099675 1.1762 0.030193 0.099152 1.1738 0.035042 0.098741 1.1724 0.04067 0.098268 1.1699 0.046197 0.097389 1.1679 0.053391 0.096119 1.1682 0.060314 0.094817 1.1711 0.064964 0.094011 1.1766 0.065756 0.094304 1.1832 0.063495 0.095406 1.1884 0.058918 0.096902 1.1913 0.062691 0.095952 1.1965 0.068321 0.094137 1.2039 0.07233 0.092326 1.2112 0.073081 0.091385 1.2152 0.067178 0.093135 1.2169 0.059048 0.095592 1.2158 0.051577 0.097696 1.2147 0.046972 0.098777 1.2217 0.046014 0.09815 1.2278 0.042472 0.097959 1.2309 0.037772 0.098279 1.2292 0.032587 0.09917 1.224 0.027895 0.10012 1.2172 0.024688 0.10077 1.2113 0.023002 0.10104 1.2061 0.020353 0.10105 1.2008 0.018971 0.10091 1.1956 0.019643 0.10078 1.1923 0.02178 0.10076 1.1929 0.034285 0.10093 1.2027 0.02758 0.099351 1.2025 0.023847 0.099319 1.2 0.019405 0.099629 1.196 0.016141 0.10016 1.191 0.013652 0.10074 1.1864 0.010061 0.10103 1.18 0.0066431 0.10129 1.1734 0.0053515 0.10145 1.1684 0.0070159 0.10157 1.1665 0.012059 0.10183 1.1673 0.018809 0.10212 1.1706 0.024726 0.10231 1.1664 0.026566 0.10219 1.1598 0.030053 0.10173 1.1543 0.036021 0.10093 1.1519 0.042575 0.10015 1.1567 0.047721 0.10013 1.1641 0.051112 0.10028 1.1715 0.051809 0.10046 1.1761 0.051856 0.10045 1.1754 0.058511 0.099401 1.1773 0.064942 0.098203 1.1809 0.068774 0.097337 1.1862 0.068323 0.097127 1.1918 0.064547 0.097316 1.1963 0.05891 0.097681 1.1992 0.053777 0.097986 1.2028 0.049501 0.097874 1.2052 0.044891 0.097881 1.2057 0.039846 0.098222 1.2045 0.036364 0.098748 1.5182 0.014939 0.069583 1.5297 0.0099516 0.06956 1.5307 0.0056145 0.069755 1.5293 -0.00018787 0.070146 1.5258 -0.0050955 0.070518 1.521 -0.0094683 0.07071 1.5167 -0.015368 0.070581 1.5103 -0.02163 0.069971 1.503 -0.025315 0.068874 1.4969 -0.02479 0.06775 1.4936 -0.019041 0.067264 1.4931 -0.010383 0.06735 1.4957 -0.0020838 0.06794 1.4904 -0.0012538 0.066539 1.4819 0.00084376 0.063705 1.4739 0.0062888 0.060195 1.4696 0.013451 0.057487 1.474 0.021064 0.05835 1.4819 0.02721 0.060413 1.4904 0.029938 0.062645 1.4958 0.031082 0.063799 1.4932 0.03897 0.061187 1.4937 0.047322 0.058977 1.497 0.052996 0.058038 1.5032 0.053769 0.059 1.5104 0.050456 0.060971 1.5168 0.044527 0.063103 1.5211 0.038834 0.064679 1.5259 0.034532 0.06557 1.5294 0.029671 0.066418 1.5307 0.02395 0.067466 1.5298 0.019707 0.068341 1.5737 -0.016168 0.097642 1.5647 0.0052147 0.094968 1.569 0.011795 0.094394 1.5781 0.017249 0.094334 1.5888 0.018894 0.094741 1.6004 0.018149 0.095083 1.6131 0.019789 0.094584 1.6288 0.019127 0.093427 1.6425 0.014166 0.091733 1.6496 0.005481 0.090264 1.6468 -0.0058603 0.090262 1.6371 -0.017171 0.091536 1.6238 -0.023998 0.093613 1.6294 -0.032126 0.091585 1.6374 -0.046043 0.087318 1.6405 -0.06347 0.082321 1.6371 -0.078349 0.079038 1.6222 -0.082041 0.082222 1.6047 -0.079267 0.087142 1.5907 -0.071588 0.091376 1.5824 -0.066096 0.09339 1.5758 -0.079497 0.091206 1.5647 -0.089427 0.08982 1.5534 -0.09236 0.089746 1.5446 -0.085395 0.091205 1.5394 -0.071865 0.092945 1.5385 -0.056167 0.094182 1.5399 -0.043455 0.094757 1.5389 -0.031857 0.094472 1.5404 -0.021158 0.09413 1.5457 -0.011956 0.094268 1.5522 -0.0075517 0.0949 1.5379 0.051242 0.14166 1.5332 0.030073 0.14041 1.5267 0.027752 0.1404 1.5176 0.028907 0.14068 1.5093 0.033663 0.14112 1.5016 0.040638 0.14145 1.492 0.046388 0.14127 1.4816 0.055357 0.14068 1.4746 0.066222 0.13985 1.474 0.076256 0.13924 1.4816 0.082984 0.13945 1.494 0.086031 0.14017 1.5066 0.084022 0.14104 1.5068 0.092797 0.14006 1.5082 0.10682 0.13793 1.5146 0.12073 0.1352 1.5243 0.12942 0.13298 1.5365 0.12433 0.1335 1.5473 0.11327 0.13487 1.5535 0.10048 0.13641 1.5566 0.092247 0.13714 1.5676 0.098144 0.13441 1.58 0.099176 0.13175 1.5892 0.095193 0.13024 1.5919 0.085509 0.13069 1.589 0.073032 0.13229 1.5822 0.061213 0.13422 1.5751 0.052732 0.13571 1.5701 0.043668 0.13636 1.5638 0.036511 0.13707 1.5555 0.032488 0.13815 1.5488 0.032644 0.13919 1.5211 -0.025227 0.16246 1.5363 -0.01287 0.16183 1.543 -0.014442 0.16265 1.5498 -0.020423 0.16428 1.5538 -0.028867 0.16604 1.556 -0.03889 0.16772 1.5607 -0.049499 0.16937 1.5643 -0.063547 0.17091 1.5635 -0.077003 0.17154 1.5578 -0.085688 0.1711 1.5473 -0.086199 0.16984 1.5351 -0.080374 0.16824 1.526 -0.070142 0.16687 1.5205 -0.077547 0.166 1.5107 -0.088773 0.16383 1.4967 -0.096724 0.16024 1.4833 -0.098088 0.15674 1.4765 -0.085868 0.15584 1.4747 -0.069459 0.15599 1.4781 -0.054804 0.15678 1.4811 -0.046053 0.1571 1.4679 -0.044312 0.15361 1.4566 -0.037547 0.1501 1.4514 -0.02859 0.14794 1.4554 -0.019011 0.14802 1.466 -0.010847 0.14953 1.4796 -0.0059485 0.1517 1.491 -0.0040035 0.15357 1.5007 -0.00038671 0.15448 1.51 0.00092411 0.15562 1.5188 -0.001446 0.15738 1.5236 -0.0060422 0.15906 1.5731 0.021773 0.16886 1.5585 0.024513 0.16761 1.556 0.029232 0.16629 1.556 0.036362 0.16456 1.559 0.043071 0.16307 1.5637 0.049522 0.16153 1.5675 0.057707 0.15919 1.574 0.066744 0.15616 1.5823 0.072707 0.15347 1.5903 0.073256 0.15216 1.5958 0.066984 0.15338 1.5985 0.056744 0.15638 1.597 0.046369 0.16004 1.6041 0.046325 0.15861 1.6156 0.045026 0.15597 1.6273 0.039295 0.1539 1.6348 0.030916 0.1536 1.631 0.021263 0.15787 1.6222 0.012998 0.16303 1.6118 0.0087059 0.16689 1.6051 0.0066104 0.1688 1.6108 -0.002975 0.16954 1.6124 -0.013734 0.17117 1.6098 -0.02154 0.17305 1.6021 -0.02352 0.17467 1.592 -0.020552 0.1754 1.5823 -0.014216 0.17503 1.5755 -0.0078757 0.17418 1.5686 -0.0036542 0.17336 1.5632 0.0014429 0.17226 1.5604 0.0080788 0.17095 1.5608 0.013483 0.17004 1.527 0.022357 0.19115 1.5319 0.016473 0.19216 1.5314 0.013855 0.1919 1.5292 0.01116 0.19121 1.5259 0.0095909 0.19032 1.5221 0.0087054 0.18921 1.518 0.0068343 0.18787 1.5127 0.0054767 0.18597 1.5076 0.0058494 0.18399 1.5043 0.008167 0.18261 1.5041 0.012351 0.1825 1.5062 0.017147 0.18343 1.51 0.020672 0.18508 1.5073 0.02291 0.18372 1.5033 0.026965 0.18139 1.5006 0.032711 0.17924 1.5004 0.038185 0.17826 1.5048 0.040738 0.1804 1.5107 0.041219 0.18345 1.516 0.03965 0.18615 1.5192 0.038361 0.18764 1.5201 0.043723 0.18728 1.5228 0.048276 0.1877 1.5263 0.05036 0.18871 1.5299 0.048677 0.19019 1.5329 0.044325 0.19159 1.5347 0.038835 0.1925 1.5354 0.034236 0.19291 1.5368 0.030371 0.19333 1.5373 0.026686 0.19346 1.5363 0.023256 0.19326 1.5345 0.021373 0.19287 1.556 -0.0064504 0.10021 1.5635 0.003005 0.099322 1.5673 0.002496 0.099142 1.5715 -0.00034404 0.099107 1.5745 -0.0046754 0.099195 1.5766 -0.0098956 0.099228 1.5798 -0.014884 0.098932 1.5827 -0.021574 0.098355 1.5835 -0.028315 0.097614 1.5814 -0.033212 0.09704 1.5762 -0.034718 0.097086 1.5695 -0.033402 0.097617 1.5638 -0.029647 0.098428 1.5616 -0.033717 0.097654 1.5576 -0.03993 0.096081 1.5511 -0.044912 0.094275 1.5443 -0.0467 0.093063 1.5395 -0.041504 0.094075 1.5367 -0.033795 0.095722 1.5366 -0.026363 0.097224 1.537 -0.021744 0.097966 1.5302 -0.021837 0.096941 1.5239 -0.019313 0.096185 1.5203 -0.015222 0.095987 1.5212 -0.0099707 0.096541 1.5254 -0.0047069 0.097368 1.5315 -0.00065446 0.098099 1.5369 0.0017931 0.098544 1.5415 0.0050426 0.098627 1.5463 0.0070801 0.098672 1.5514 0.0071568 0.098869 1.5548 0.0055637 0.099172 1.556 -0.0064504 0.10021 1.5458 -0.0015059 0.097726 1.5455 0.0020905 0.097436 1.5473 0.0066955 0.097534 1.5506 0.010407 0.09801 1.555 0.013511 0.098631 1.559 0.01761 0.098891 1.5646 0.021779 0.099216 1.5707 0.02394 0.099616 1.5758 0.023052 0.10012 1.5782 0.018507 0.10082 1.5783 0.011963 0.10155 1.576 0.0058622 0.10198 1.5802 0.0046806 0.10222 1.587 0.0022211 0.10238 1.5931 -0.0027702 0.10235 1.5963 -0.008755 0.10221 1.5925 -0.014336 0.10231 1.5858 -0.018597 0.10232 1.5788 -0.020274 0.10215 1.5744 -0.020958 0.10191 1.5761 -0.027287 0.10144 1.5752 -0.033772 0.10068 1.5723 -0.038003 0.099944 1.5672 -0.038313 0.099439 1.5613 -0.035465 0.099053 1.5562 -0.030682 0.098753 1.5527 -0.026157 0.098518 1.5487 -0.022572 0.097916 1.5458 -0.018499 0.097462 1.5446 -0.013727 0.097391 1.5453 -0.010189 0.097701 -0.31468 -0.016212 0.067946 -0.3031 -0.004796 0.064508 -0.29778 -0.0057542 0.06225 -0.29206 -0.01043 0.05959 -0.2885 -0.017331 0.05756 -0.28634 -0.025599 0.055668 -0.28238 -0.03408 0.052493 -0.27949 -0.045347 0.048608 -0.28025 -0.056242 0.045496 -0.28503 -0.063474 0.044522 -0.29352 -0.064426 0.047085 -0.30322 -0.060423 0.05194 -0.31034 -0.052742 0.057232 -0.31514 -0.058806 0.056017 -0.32401 -0.06788 0.053674 -0.3366 -0.074321 0.052286 -0.3485 -0.075541 0.052934 -0.35353 -0.066204 0.058596 -0.35414 -0.053428 0.064908 -0.35067 -0.041768 0.069262 -0.34801 -0.034678 0.071275 -0.35952 -0.033423 0.07293 -0.36942 -0.02803 0.075379 -0.37407 -0.020774 0.077717 -0.3707 -0.012862 0.079219 -0.36176 -0.0058949 0.079278 -0.35045 -0.0014322 0.077873 -0.34097 0.00059962 0.076035 -0.33316 0.0040841 0.074207 -0.32558 0.0056441 0.072086 -0.31823 0.0040534 0.069874 -0.31388 0.0003736 0.068526 -0.25667 0.030492 0.093515 -0.27604 0.029978 0.09777 -0.28031 0.035387 0.099584 -0.28184 0.044535 0.10159 -0.27954 0.053941 0.10279 -0.27496 0.06364 0.10316 -0.27214 0.075573 0.10354 -0.26643 0.089734 0.10246 -0.25798 0.10077 0.099269 -0.24869 0.10467 0.094947 -0.2404 0.09846 0.09115 -0.23445 0.085721 0.088588 -0.23342 0.07115 0.088259 -0.22525 0.074218 0.083532 -0.21205 0.078038 0.074428 -0.19799 0.076568 0.06309 -0.188 0.069702 0.054167 -0.18971 0.054915 0.055737 -0.19734 0.039582 0.061368 -0.20797 0.029057 0.068195 -0.21515 0.023427 0.072053 -0.20701 0.014025 0.06424 -0.20331 0.0015433 0.058237 -0.20514 -0.009155 0.056292 -0.21377 -0.014767 0.060032 -0.22633 -0.015071 0.066868 -0.2391 -0.010759 0.074221 -0.2486 -0.0052426 0.07977 -0.25808 -0.0021238 0.083752 -0.26581 0.0026433 0.087367 -0.2706 0.010018 0.090969 -0.27098 0.016755 0.093279 -0.34447 0.0177 0.14712 -0.32513 0.0068152 0.14687 -0.32394 -0.0011835 0.14784 -0.32724 -0.011445 0.14957 -0.33432 -0.019736 0.15131 -0.34378 -0.026886 0.15284 -0.35278 -0.037082 0.15411 -0.36585 -0.047601 0.15496 -0.38012 -0.053167 0.1548 -0.3915 -0.051081 0.15384 -0.39646 -0.039786 0.15267 -0.39559 -0.02364 0.15148 -0.38887 -0.0088077 0.1506 -0.39883 -0.0063772 0.14911 -0.41458 -0.0010469 0.14571 -0.42871 0.010359 0.14061 -0.43582 0.024279 0.13582 -0.4261 0.037348 0.13487 -0.40994 0.046974 0.13549 -0.39337 0.050181 0.13708 -0.38308 0.051106 0.13786 -0.38693 0.066031 0.13241 -0.38479 0.081178 0.12694 -0.3778 0.090875 0.12365 -0.3662 0.091018 0.12413 -0.3532 0.083439 0.12709 -0.34232 0.071229 0.13108 -0.3354 0.0599 0.13438 -0.32748 0.051126 0.13624 -0.32211 0.041681 0.13827 -0.32081 0.03117 0.14096 -0.32349 0.02382 0.14326 -0.27426 -0.027592 0.17391 -0.27473 0.0019319 0.17075 -0.26709 0.007004 0.16674 -0.2549 0.0085454 0.16105 -0.24288 0.005172 0.15588 -0.23116 -0.0012617 0.15086 -0.2179 -0.0054924 0.14413 -0.20292 -0.013497 0.13612 -0.19199 -0.025088 0.13004 -0.18895 -0.037732 0.1284 -0.19633 -0.048914 0.13319 -0.21043 -0.057092 0.14187 -0.22612 -0.058957 0.15111 -0.22467 -0.07025 0.14962 -0.22406 -0.088658 0.14731 -0.23008 -0.10865 0.14749 -0.24123 -0.1231 0.15048 -0.25765 -0.12088 0.15878 -0.27364 -0.11065 0.16762 -0.28401 -0.096565 0.17392 -0.28982 -0.087205 0.1772 -0.30383 -0.098511 0.18013 -0.32087 -0.10414 0.1842 -0.33445 -0.10226 0.188 -0.3403 -0.090859 0.19079 -0.33916 -0.073914 0.19193 -0.33264 -0.056373 0.19113 -0.32521 -0.042969 0.18939 -0.32095 -0.029452 0.18786 -0.31446 -0.017866 0.18545 -0.30439 -0.0095372 0.18202 -0.29514 -0.0071189 0.17911 -0.27826 0.061439 0.18456 -0.29279 0.040354 0.1869 -0.30111 0.040419 0.18635 -0.31105 0.045571 0.18512 -0.31839 0.054366 0.18345 -0.32408 0.065306 0.18109 -0.3325 0.075576 0.17783 -0.34053 0.089624 0.17274 -0.34361 0.10407 0.16687 -0.3398 0.1149 0.16227 -0.32815 0.1189 0.16127 -0.31262 0.11701 0.1633 -0.2991 0.10966 0.16765 -0.29498 0.11867 0.16279 -0.28704 0.13234 0.15393 -0.27333 0.14346 0.14473 -0.25827 0.14781 0.13923 -0.24666 0.1375 0.14526 -0.23926 0.12167 0.15488 -0.23815 0.10597 0.16392 -0.23839 0.096094 0.16885 -0.22292 0.096972 0.16508 -0.20802 0.092058 0.16365 -0.19921 0.083492 0.16506 -0.2005 0.072096 0.16971 -0.2096 0.060372 0.17534 -0.223 0.051113 0.18001 -0.23507 0.045421 0.18285 -0.24494 0.037957 0.1849 -0.25537 0.033132 0.18622 -0.26659 0.032706 0.18703 -0.27416 0.036192 0.18727 -0.32477 -0.0059986 0.19802 -0.30296 -0.0015626 0.19461 -0.29837 -0.0063803 0.19235 -0.29614 -0.015244 0.18976 -0.29775 -0.024833 0.18779 -0.30177 -0.034737 0.18584 -0.30402 -0.045749 0.18258 -0.30925 -0.05873 0.17832 -0.31775 -0.068978 0.17443 -0.32769 -0.073044 0.1725 -0.33709 -0.06859 0.17432 -0.34436 -0.058506 0.17884 -0.34655 -0.046443 0.18442 -0.3556 -0.049183 0.18218 -0.37066 -0.052209 0.17791 -0.38752 -0.050271 0.17434 -0.4001 -0.043713 0.17356 -0.39892 -0.031202 0.18033 -0.39107 -0.01806 0.18863 -0.37988 -0.0085633 0.19494 -0.37248 -0.0030601 0.19804 -0.38268 0.0056057 0.19898 -0.38841 0.017282 0.20129 -0.38776 0.027457 0.20407 -0.37889 0.033322 0.20657 -0.36518 0.034855 0.20771 -0.35079 0.032502 0.20716 -0.33978 0.028856 0.20582 -0.3291 0.027634 0.20427 -0.31991 0.024521 0.20225 -0.31311 0.018272 0.20009 -0.31091 0.011734 0.19878 -0.25949 0.01436 0.2047 -0.27208 0.020135 0.20494 -0.27271 0.024092 0.20382 -0.2708 0.029121 0.20209 -0.26675 0.03311 0.20035 -0.26145 0.03637 0.19837 -0.25676 0.040762 0.19576 -0.25008 0.045038 0.19221 -0.2428 0.046881 0.18868 -0.23684 0.045301 0.18642 -0.23376 0.039879 0.18676 -0.23339 0.032518 0.18914 -0.23602 0.025997 0.19271 -0.231 0.024098 0.19041 -0.22327 0.020253 0.18636 -0.21638 0.013446 0.18278 -0.21286 0.0059493 0.18145 -0.21714 0.00036693 0.18609 -0.22463 -0.0032067 0.19231 -0.23262 -0.0038738 0.1975 -0.23775 -0.0039375 0.20029 -0.23595 -0.011584 0.20031 -0.23718 -0.019089 0.2017 -0.24084 -0.023665 0.20389 -0.24688 -0.023358 0.20647 -0.25382 -0.01932 0.20851 -0.25989 -0.013201 0.20943 -0.264 -0.0076334 0.20952 -0.26886 -0.003283 0.20956 -0.2724 0.001467 0.2091 -0.27371 0.0068791 0.20818 -0.27262 0.010797 0.20731 -0.29743 0.033189 0.2286 -0.29373 0.021945 0.22937 -0.29608 0.019045 0.22912 -0.30069 0.016987 0.22861 -0.30588 0.016857 0.22793 -0.31137 0.017922 0.22702 -0.31732 0.017862 0.22576 -0.32452 0.018997 0.22385 -0.33056 0.021996 0.22177 -0.33347 0.026413 0.22028 -0.33182 0.031664 0.22017 -0.32699 0.036631 0.22112 -0.32072 0.039354 0.22275 -0.32288 0.043388 0.22117 -0.32575 0.050121 0.21831 -0.32619 0.058194 0.21538 -0.3238 0.064814 0.21361 -0.31688 0.065988 0.21549 -0.30903 0.064107 0.21851 -0.30293 0.060079 0.22141 -0.29936 0.057228 0.22301 -0.29556 0.062935 0.2215 -0.28981 0.066814 0.22068 -0.28435 0.067514 0.22088 -0.28052 0.063862 0.22238 -0.27865 0.05738 0.22441 -0.27882 0.050077 0.22623 -0.27994 0.044222 0.22741 -0.27986 0.038627 0.22825 -0.28091 0.033543 0.22885 -0.28375 0.029365 0.22928 -0.28702 0.027554 0.22945 -0.25948 0.018076 0.11509 -0.26532 0.030269 0.11632 -0.26307 0.033813 0.11585 -0.25823 0.036764 0.11493 -0.25254 0.037672 0.1138 -0.24641 0.037297 0.11238 -0.24005 0.038202 0.11058 -0.23228 0.038004 0.10795 -0.22555 0.035626 0.10513 -0.22196 0.03125 0.10305 -0.22303 0.025269 0.10275 -0.22743 0.019077 0.10391 -0.23361 0.015066 0.10611 -0.23095 0.010988 0.104 -0.22733 0.0041063 0.10029 -0.22616 -0.0046029 0.09667 -0.22809 -0.012186 0.094759 -0.23515 -0.014643 0.097735 -0.24351 -0.013966 0.10221 -0.25034 -0.010674 0.1063 -0.25445 -0.0082164 0.10858 -0.25793 -0.014995 0.10752 -0.26366 -0.020113 0.10757 -0.26941 -0.02175 0.10867 -0.27393 -0.018415 0.11086 -0.27676 -0.011688 0.11322 -0.27758 -0.0037193 0.11502 -0.27724 0.002862 0.11603 -0.27817 0.0090432 0.11684 -0.27781 0.014893 0.11725 -0.27536 0.020082 0.11731 -0.27207 0.022731 0.11712 -0.25948 0.018076 0.11509 -0.26754 0.011503 0.11563 -0.27059 0.012613 0.11573 -0.27365 0.015782 0.1158 -0.27535 0.019964 0.11577 -0.27617 0.024729 0.11556 -0.278 0.029493 0.11519 -0.27929 0.035608 0.11444 -0.27878 0.041358 0.11341 -0.2762 0.045046 0.11248 -0.27156 0.045344 0.11207 -0.26613 0.043025 0.11213 -0.26199 0.038869 0.11264 -0.25948 0.041832 0.1116 -0.25511 0.046207 0.10964 -0.24895 0.04909 0.10741 -0.24305 0.049265 0.10583 -0.2399 0.044074 0.10658 -0.23882 0.037179 0.10814 -0.23995 0.031011 0.1098 -0.241 0.027238 0.11071 -0.23542 0.026005 0.10931 -0.23065 0.022673 0.1083 -0.22842 0.01857 0.10808 -0.23006 0.014361 0.10893 -0.23449 0.010784 0.11031 -0.24021 0.0085509 0.11171 -0.24513 0.0075276 0.1127 -0.24954 0.0056627 0.11339 -0.25394 0.0048559 0.11399 -0.25821 0.0057535 0.11459 -0.26075 0.0077369 0.115 2.1071 0.022029 0.065112 2.1081 0.0093601 0.066538 2.1049 0.0066626 0.067158 2.0992 0.0054741 0.067954 2.0934 0.006582 0.068499 2.0875 0.0090733 0.068678 2.0805 0.010432 0.068737 2.0723 0.013442 0.068103 2.0658 0.018211 0.066491 2.0634 0.023738 0.064387 2.0667 0.029025 0.062667 2.0737 0.033186 0.061676 2.082 0.03451 0.061831 2.0802 0.039413 0.059476 2.078 0.0474 0.054947 2.0789 0.056209 0.049447 2.0829 0.062769 0.04534 2.0915 0.062404 0.046746 2.1005 0.058467 0.050122 2.1069 0.052528 0.053758 2.1104 0.048475 0.055742 2.1159 0.053922 0.052637 2.1233 0.056872 0.050527 2.1298 0.056362 0.050164 2.1333 0.051393 0.052025 2.1339 0.043722 0.054902 2.1318 0.035642 0.057746 2.129 0.029454 0.059793 2.1275 0.023333 0.061196 2.125 0.01812 0.062441 2.1207 0.014452 0.063762 2.1166 0.013523 0.064724 2.1069 -0.040921 0.11664 2.119 -0.024367 0.11425 2.1262 -0.024299 0.11215 2.1348 -0.028666 0.10941 2.1411 -0.036238 0.10705 2.146 -0.045785 0.10457 2.1533 -0.055142 0.10051 2.16 -0.068101 0.09516 2.1621 -0.081434 0.090438 2.1581 -0.091273 0.088378 2.1475 -0.094413 0.09096 2.1339 -0.091846 0.096519 2.1225 -0.084223 0.10284 2.1183 -0.092627 0.10044 2.1098 -0.10555 0.095896 2.096 -0.11608 0.09204 2.0815 -0.12014 0.090801 2.0721 -0.10998 0.096933 2.0672 -0.094683 0.10461 2.068 -0.079823 0.11071 2.0692 -0.070648 0.11373 2.0542 -0.071552 0.11279 2.04 -0.067055 0.1129 2.032 -0.059175 0.11412 2.034 -0.048825 0.11659 2.0436 -0.038448 0.11894 2.0569 -0.030608 0.12018 2.0686 -0.026102 0.12036 2.0779 -0.020151 0.11995 2.0873 -0.016594 0.11909 2.0973 -0.016935 0.11805 2.1038 -0.020487 0.11736 2.1499 0.017593 0.1465 2.1297 0.013498 0.14304 2.1245 0.018002 0.14038 2.1217 0.026748 0.13701 2.1228 0.036462 0.13422 2.1265 0.046768 0.13148 2.1284 0.058674 0.12694 2.1335 0.072904 0.12125 2.1424 0.084276 0.11664 2.1529 0.088922 0.11519 2.1627 0.084159 0.11881 2.1701 0.073123 0.12551 2.172 0.059776 0.13263 2.1817 0.06322 0.13084 2.198 0.06723 0.12747 2.2164 0.065782 0.12525 2.2302 0.058988 0.12553 2.2288 0.045152 0.13218 2.22 0.030605 0.13978 2.2076 0.020233 0.14529 2.1994 0.014372 0.14788 2.2112 0.0048597 0.14845 2.2183 -0.0081549 0.14983 2.2182 -0.019514 0.15163 2.2087 -0.025779 0.15363 2.1936 -0.026889 0.15478 2.1779 -0.023474 0.15454 2.1659 -0.01872 0.15349 2.1549 -0.016806 0.15212 2.1456 -0.013026 0.15037 2.139 -0.0060573 0.14846 2.1373 0.00097942 0.14724 2.0852 -0.0072026 0.17497 2.1028 -0.012709 0.17249 2.1044 -0.018654 0.17134 2.1029 -0.026863 0.17009 2.0985 -0.034022 0.16919 2.0924 -0.040426 0.16824 2.0872 -0.048389 0.16628 2.0793 -0.056862 0.16359 2.0701 -0.062027 0.16113 2.0618 -0.06174 0.16005 2.0566 -0.054682 0.16152 2.0546 -0.043696 0.16459 2.0567 -0.032857 0.16802 2.0496 -0.031865 0.16658 2.0382 -0.0292 0.16372 2.0272 -0.022012 0.16094 2.0205 -0.012448 0.15952 2.0252 -0.0021045 0.16253 2.0346 0.0065908 0.16659 2.0453 0.01096 0.17002 2.0521 0.013104 0.17171 2.0479 0.023715 0.17 2.0476 0.035224 0.16874 2.0513 0.043309 0.16848 2.0594 0.045043 0.16972 2.0695 0.041475 0.17148 2.0789 0.0344 0.17293 2.0856 0.027412 0.17369 2.0929 0.02228 0.1737 2.0986 0.016073 0.17353 2.1017 0.008225 0.17349 2.1014 0.0019898 0.17367 2.1202 -0.019554 0.19359 2.1176 -0.0093348 0.19315 2.1199 -0.0069485 0.19277 2.1242 -0.005425 0.19238 2.1288 -0.0056219 0.19206 2.1336 -0.0068944 0.19163 2.1388 -0.0072386 0.19085 2.145 -0.0087183 0.18962 2.1501 -0.011762 0.18819 2.1523 -0.015843 0.18708 2.1505 -0.020341 0.18697 2.146 -0.024387 0.18773 2.1403 -0.026385 0.1891 2.1419 -0.030105 0.18784 2.1439 -0.03628 0.18547 2.1437 -0.043512 0.183 2.1411 -0.049276 0.18164 2.1351 -0.049884 0.18369 2.1284 -0.047734 0.1867 2.1233 -0.043807 0.18931 2.1204 -0.041089 0.19067 2.1167 -0.045958 0.19004 2.1114 -0.049114 0.19006 2.1066 -0.049463 0.19068 2.1035 -0.046028 0.19186 2.1022 -0.040185 0.19299 2.1028 -0.033725 0.19369 2.1041 -0.028592 0.19396 2.1043 -0.023627 0.19399 2.1055 -0.019153 0.19385 2.1082 -0.01554 0.19369 2.1112 -0.014031 0.19365</float_array><technique_common><accessor source="#ROW_14_SEG2_foliage-pos-a" count="3722" stride="3"><param name="X" type="float"/><param name="Y" type="float"/><param name="Z" type="float"/></accessor></technique_common></source>
        <source id="ROW_14_SEG2_foliage-nrm"><float_array id="ROW_14_SEG2_foliage-nrm-a" count="22206">-0.169 -0.23 -0.959 -0.082 -0.266 -0.961 -0.081 -0.261 -0.962 -0.082 -0.262 -0.962 -0.093 -0.271 -0.958 -0.133 -0.289 -0.948 -0.174 -0.299 -0.938 -0.2 -0.301 -0.933 -0.204 -0.301 -0.932 -0.18 -0.308 -0.934 -0.147 -0.319 -0.936 -0.115 -0.334 -0.936 -0.172 -0.281 -0.944 -0.288 -0.172 -0.942 -0.292 -0.168 -0.941 -0.285 -0.186 -0.941 -0.265 -0.253 -0.931 -0.245 -0.319 -0.916 -0.242 -0.337 -0.91 -0.241 -0.332 -0.912 -0.2 -0.186 -0.962 -0.181 -0.112 -0.977 -0.2 -0.14 -0.97 -0.222 -0.166 -0.961 -0.239 -0.183 -0.954 -0.235 -0.182 -0.955 -0.212 -0.171 -0.962 -0.171 -0.161 -0.972 -0.126 -0.157 -0.979 -0.112 -0.16 -0.981 -0.111 -0.159 -0.981 -0.114 -0.156 -0.981 0.141 -0.356 -0.924 0.024 -0.256 -0.966 0.013 -0.266 -0.964 0.011 -0.268 -0.963 0.037 -0.264 -0.964 0.107 -0.267 -0.958 0.179 -0.281 -0.943 0.234 -0.304 -0.923 0.259 -0.318 -0.912 0.244 -0.303 -0.921 0.215 -0.271 -0.938 0.183 -0.225 -0.957 0.21 -0.332 -0.92 0.273 -0.547 -0.791 0.275 -0.553 -0.787 0.283 -0.514 -0.81 0.322 -0.386 -0.865 0.358 -0.249 -0.9 0.373 -0.206 -0.905 0.368 -0.211 -0.906 0.19 -0.402 -0.895 0.111 -0.483 -0.868 0.163 -0.456 -0.875 0.206 -0.438 -0.875 0.228 -0.429 -0.874 0.198 -0.434 -0.879 0.136 -0.435 -0.89 0.064 -0.42 -0.905 0 -0.393 -0.919 -0.019 -0.378 -0.926 -0.019 -0.381 -0.924 -0.015 -0.394 -0.919 -0.234 -0.123 -0.964 -0.283 -0.253 -0.925 -0.276 -0.255 -0.927 -0.277 -0.253 -0.927 -0.292 -0.236 -0.927 -0.319 -0.174 -0.931 -0.336 -0.11 -0.935 -0.338 -0.068 -0.939 -0.338 -0.059 -0.939 -0.348 -0.091 -0.933 -0.363 -0.138 -0.922 -0.383 -0.181 -0.906 -0.309 -0.106 -0.945 -0.15 0.058 -0.987 -0.144 0.064 -0.987 -0.171 0.053 -0.984 -0.27 0.029 -0.962 -0.367 0.007 -0.93 -0.393 0.005 -0.92 -0.386 0.002 -0.923 -0.175 -0.075 -0.982 -0.067 -0.107 -0.992 -0.109 -0.078 -0.991 -0.145 -0.044 -0.988 -0.17 -0.019 -0.985 -0.165 -0.027 -0.986 -0.148 -0.066 -0.987 -0.132 -0.13 -0.983 -0.126 -0.197 -0.972 -0.129 -0.219 -0.967 -0.129 -0.221 -0.967 -0.124 -0.216 -0.969 0.023 -0.118 -0.993 0.128 -0.054 -0.99 0.125 -0.048 -0.991 0.124 -0.049 -0.991 0.124 -0.069 -0.99 0.109 -0.124 -0.986 0.085 -0.175 -0.981 0.062 -0.206 -0.977 0.054 -0.215 -0.975 0.076 -0.2 -0.977 0.111 -0.178 -0.978 0.151 -0.161 -0.975 0.058 -0.17 -0.984 -0.138 -0.192 -0.972 -0.145 -0.193 -0.97 -0.12 -0.201 -0.972 -0.035 -0.24 -0.97 0.049 -0.279 -0.959 0.07 -0.293 -0.953 0.067 -0.287 -0.955 -0.039 -0.125 -0.991 -0.093 -0.047 -0.995 -0.081 -0.089 -0.993 -0.075 -0.13 -0.989 -0.072 -0.156 -0.985 -0.07 -0.145 -0.987 -0.061 -0.107 -0.992 -0.036 -0.056 -0.998 -0.003 -0.01 -1 0.012 0.003 -1 0.012 0.004 -1 0.005 0.003 -1 0.008 0.086 -0.996 -0.119 0.086 -0.989 -0.121 0.074 -0.99 -0.121 0.071 -0.99 -0.108 0.086 -0.99 -0.063 0.12 -0.991 -0.008 0.147 -0.989 0.041 0.16 -0.986 0.065 0.163 -0.984 0.047 0.165 -0.985 0.008 0.17 -0.985 -0.039 0.182 -0.983 0.035 0.133 -0.991 0.213 0.024 -0.977 0.22 0.021 -0.975 0.199 0.051 -0.979 0.147 0.154 -0.977 0.096 0.257 -0.962 0.084 0.29 -0.953 0.083 0.284 -0.955 0.062 0.079 -0.995 0.057 -0.01 -0.998 0.076 0.035 -0.996 0.095 0.069 -0.993 0.104 0.084 -0.991 0.087 0.067 -0.994 0.047 0.036 -0.998 -0.007 0.009 -1 -0.061 -0.007 -0.998 -0.081 -0.009 -0.997 -0.079 -0.011 -0.997 -0.068 -0.017 -0.998 -0.251 -0.312 -0.916 -0.17 -0.407 -0.898 -0.171 -0.409 -0.896 -0.178 -0.413 -0.893 -0.195 -0.419 -0.887 -0.259 -0.422 -0.869 -0.31 -0.417 -0.855 -0.325 -0.413 -0.851 -0.308 -0.422 -0.853 -0.265 -0.448 -0.854 -0.218 -0.478 -0.851 -0.187 -0.502 -0.845 -0.248 -0.415 -0.875 -0.351 -0.252 -0.902 -0.355 -0.245 -0.902 -0.354 -0.252 -0.901 -0.354 -0.3 -0.886 -0.355 -0.347 -0.868 -0.356 -0.353 -0.865 -0.352 -0.348 -0.869 -0.245 -0.205 -0.948 -0.182 -0.119 -0.976 -0.213 -0.142 -0.967 -0.262 -0.166 -0.951 -0.305 -0.185 -0.934 -0.322 -0.19 -0.927 -0.307 -0.19 -0.933 -0.256 -0.196 -0.947 -0.193 -0.211 -0.958 -0.175 -0.22 -0.96 -0.169 -0.226 -0.959 -0.167 -0.228 -0.959 -0.129 -0.011 -0.992 -0.144 0.13 -0.981 -0.157 0.131 -0.979 -0.159 0.13 -0.979 -0.14 0.117 -0.983 -0.099 0.071 -0.993 -0.064 0.014 -0.998 -0.044 -0.037 -0.998 -0.037 -0.064 -0.997 -0.037 -0.046 -0.998 -0.036 -0.007 -0.999 -0.028 0.043 -0.999 -0.073 -0.04 -0.997 -0.162 -0.236 -0.958 -0.165 -0.243 -0.956 -0.137 -0.219 -0.966 -0.037 -0.154 -0.987 0.066 -0.09 -0.994 0.1 -0.075 -0.992 0.092 -0.074 -0.993 -0.127 -0.074 -0.989 -0.219 -0.078 -0.973 -0.172 -0.093 -0.981 -0.136 -0.109 -0.985 -0.119 -0.116 -0.986 -0.141 -0.099 -0.985 -0.179 -0.059 -0.982 -0.214 -0.002 -0.977 -0.237 0.055 -0.97 -0.24 0.078 -0.968 -0.242 0.077 -0.967 -0.246 0.065 -0.967 -0.156 -0.108 -0.982 -0.249 -0.131 -0.96 -0.248 -0.135 -0.959 -0.248 -0.133 -0.96 -0.243 -0.118 -0.963 -0.22 -0.079 -0.972 -0.192 -0.045 -0.98 -0.17 -0.028 -0.985 -0.164 -0.024 -0.986 -0.185 -0.031 -0.982 -0.217 -0.04 -0.975 -0.248 -0.045 -0.968 -0.178 -0.058 -0.982 -0.028 -0.08 -0.996 -0.022 -0.08 -0.997 -0.037 -0.071 -0.997 -0.087 -0.028 -0.996 -0.136 0.016 -0.991 -0.147 0.03 -0.989 -0.145 0.023 -0.989 -0.104 -0.123 -0.987 -0.081 -0.192 -0.978 -0.081 -0.159 -0.984 -0.076 -0.127 -0.989 -0.072 -0.105 -0.992 -0.075 -0.111 -0.991 -0.09 -0.135 -0.987 -0.119 -0.168 -0.979 -0.153 -0.197 -0.968 -0.168 -0.203 -0.965 -0.17 -0.204 -0.964 -0.166 -0.205 -0.965 -0.225 0.042 -0.973 -0.153 -0.064 -0.986 -0.144 -0.06 -0.988 -0.143 -0.058 -0.988 -0.164 -0.056 -0.985 -0.218 -0.039 -0.975 -0.27 -0.01 -0.963 -0.305 0.02 -0.952 -0.319 0.035 -0.947 -0.311 0.019 -0.95 -0.294 -0.014 -0.956 -0.277 -0.056 -0.959 -0.281 0.032 -0.959 -0.29 0.227 -0.93 -0.291 0.234 -0.928 -0.302 0.205 -0.931 -0.352 0.112 -0.929 -0.4 0.02 -0.916 -0.418 -0.005 -0.909 -0.411 -0.002 -0.911 -0.247 0.095 -0.964 -0.173 0.141 -0.975 -0.217 0.131 -0.967 -0.253 0.128 -0.959 -0.271 0.126 -0.954 -0.251 0.123 -0.96 -0.207 0.109 -0.972 -0.155 0.08 -0.985 -0.111 0.045 -0.993 -0.097 0.028 -0.995 -0.097 0.029 -0.995 -0.098 0.04 -0.994 -0.24 0.158 -0.958 -0.313 0.098 -0.945 -0.31 0.094 -0.946 -0.31 0.096 -0.946 -0.312 0.11 -0.944 -0.309 0.155 -0.938 -0.298 0.198 -0.934 -0.286 0.222 -0.932 -0.284 0.226 -0.932 -0.302 0.208 -0.93 -0.328 0.183 -0.927 -0.355 0.163 -0.921 -0.283 0.187 -0.941 -0.131 0.238 -0.962 -0.126 0.24 -0.963 -0.145 0.242 -0.959 -0.213 0.257 -0.943 -0.279 0.272 -0.921 -0.296 0.279 -0.914 -0.293 0.275 -0.916 -0.188 0.165 -0.968 -0.132 0.111 -0.985 -0.148 0.142 -0.979 -0.159 0.175 -0.972 -0.166 0.199 -0.966 -0.166 0.195 -0.967 -0.168 0.168 -0.971 -0.18 0.126 -0.976 -0.198 0.084 -0.977 -0.207 0.072 -0.976 -0.208 0.071 -0.976 -0.203 0.073 -0.976 -0.492 -0.053 -0.869 -0.354 -0.001 -0.935 -0.357 0.013 -0.934 -0.359 0.016 -0.933 -0.367 -0.008 -0.93 -0.401 -0.068 -0.914 -0.446 -0.124 -0.887 -0.489 -0.16 -0.858 -0.512 -0.173 -0.842 -0.492 -0.169 -0.854 -0.453 -0.16 -0.877 -0.399 -0.156 -0.904 -0.502 -0.125 -0.856 -0.705 -0.064 -0.706 -0.711 -0.063 -0.701 -0.683 -0.091 -0.724 -0.594 -0.192 -0.781 -0.494 -0.293 -0.819 -0.463 -0.327 -0.824 -0.466 -0.32 -0.825 -0.553 -0.071 -0.83 -0.584 0.04 -0.811 -0.585 -0.02 -0.811 -0.589 -0.066 -0.806 -0.591 -0.089 -0.802 -0.582 -0.061 -0.811 -0.556 -0.007 -0.831 -0.511 0.048 -0.858 -0.46 0.09 -0.884 -0.438 0.1 -0.894 -0.44 0.101 -0.892 -0.454 0.104 -0.885 -0.116 0.165 -0.979 -0.204 0.274 -0.94 -0.209 0.269 -0.94 -0.207 0.269 -0.941 -0.185 0.273 -0.944 -0.118 0.268 -0.956 -0.054 0.252 -0.966 -0.016 0.233 -0.972 -0.007 0.228 -0.974 -0.031 0.253 -0.967 -0.064 0.29 -0.955 -0.091 0.331 -0.939 -0.064 0.225 -0.972 0.004 0.001 -1 0.006 -0.007 -1 0.009 0.022 -1 0.036 0.124 -0.992 0.066 0.224 -0.972 0.077 0.249 -0.965 0.071 0.244 -0.967 -0.103 0.088 -0.991 -0.183 0.006 -0.983 -0.137 0.029 -0.99 -0.089 0.046 -0.995 -0.056 0.056 -0.997 -0.065 0.056 -0.996 -0.108 0.059 -0.992 -0.172 0.075 -0.982 -0.233 0.103 -0.967 -0.25 0.117 -0.961 -0.252 0.118 -0.96 -0.25 0.111 -0.962 -0.234 -0.069 -0.97 -0.226 -0.192 -0.955 -0.219 -0.192 -0.957 -0.219 -0.191 -0.957 -0.237 -0.181 -0.955 -0.278 -0.141 -0.95 -0.312 -0.095 -0.945 -0.329 -0.059 -0.943 -0.332 -0.048 -0.942 -0.33 -0.075 -0.941 -0.327 -0.117 -0.938 -0.329 -0.16 -0.931 -0.295 -0.074 -0.952 -0.223 0.112 -0.968 -0.221 0.118 -0.968 -0.24 0.1 -0.966 -0.313 0.043 -0.949 -0.386 -0.011 -0.923 -0.407 -0.023 -0.913 -0.401 -0.023 -0.916 -0.211 -0.01 -0.977 -0.118 0 -0.993 -0.16 0.01 -0.987 -0.199 0.024 -0.98 -0.223 0.034 -0.974 -0.214 0.027 -0.976 -0.186 0 -0.983 -0.152 -0.046 -0.987 -0.126 -0.098 -0.987 -0.122 -0.117 -0.986 -0.121 -0.118 -0.986 -0.119 -0.111 -0.987 -0.046 -0.153 -0.987 0.015 -0.039 -0.999 0.004 -0.032 -0.999 0.001 -0.031 -1 0.009 -0.049 -0.999 0.018 -0.106 -0.994 0.017 -0.167 -0.986 0.006 -0.216 -0.976 -0.002 -0.239 -0.971 0.008 -0.224 -0.975 0.03 -0.192 -0.981 0.063 -0.155 -0.986 -0.016 -0.198 -0.98 -0.194 -0.303 -0.933 -0.199 -0.307 -0.931 -0.164 -0.304 -0.939 -0.047 -0.306 -0.951 0.07 -0.308 -0.949 0.106 -0.313 -0.944 0.1 -0.309 -0.946 -0.077 -0.197 -0.977 -0.154 -0.151 -0.976 -0.122 -0.189 -0.974 -0.101 -0.222 -0.97 -0.092 -0.237 -0.967 -0.099 -0.214 -0.972 -0.109 -0.164 -0.98 -0.108 -0.103 -0.989 -0.097 -0.047 -0.994 -0.089 -0.029 -0.996 -0.092 -0.03 -0.995 -0.102 -0.037 -0.994 -0.27 0.275 -0.923 -0.39 0.249 -0.886 -0.391 0.252 -0.885 -0.391 0.26 -0.883 -0.388 0.279 -0.879 -0.359 0.338 -0.87 -0.329 0.382 -0.864 -0.318 0.394 -0.862 -0.334 0.383 -0.861 -0.377 0.358 -0.855 -0.425 0.33 -0.843 -0.46 0.315 -0.83 -0.359 0.325 -0.875 -0.169 0.336 -0.927 -0.161 0.336 -0.928 -0.167 0.338 -0.926 -0.208 0.363 -0.908 -0.248 0.388 -0.888 -0.252 0.392 -0.885 -0.25 0.385 -0.888 -0.182 0.215 -0.959 -0.138 0.115 -0.984 -0.142 0.155 -0.978 -0.14 0.211 -0.967 -0.134 0.26 -0.956 -0.13 0.278 -0.952 -0.138 0.264 -0.955 -0.168 0.221 -0.961 -0.213 0.17 -0.962 -0.229 0.159 -0.96 -0.237 0.156 -0.959 -0.24 0.156 -0.958 -0.068 0.015 -0.998 0.066 -0.037 -0.997 0.072 -0.026 -0.997 0.073 -0.024 -0.997 0.052 -0.035 -0.998 -0.009 -0.05 -0.999 -0.076 -0.055 -0.996 -0.132 -0.048 -0.99 -0.159 -0.041 -0.986 -0.143 -0.05 -0.988 -0.108 -0.07 -0.992 -0.067 -0.101 -0.993 -0.12 -0.021 -0.993 -0.249 0.155 -0.956 -0.254 0.161 -0.954 -0.247 0.124 -0.961 -0.238 0.002 -0.971 -0.229 -0.12 -0.966 -0.231 -0.158 -0.96 -0.227 -0.151 -0.962 -0.125 0.043 -0.991 -0.084 0.129 -0.988 -0.12 0.093 -0.988 -0.151 0.069 -0.986 -0.166 0.057 -0.984 -0.14 0.068 -0.988 -0.086 0.083 -0.993 -0.019 0.088 -0.996 0.043 0.081 -0.996 0.066 0.074 -0.995 0.065 0.076 -0.995 0.057 0.086 -0.995 -0.141 0.086 -0.986 -0.116 0.182 -0.976 -0.119 0.183 -0.976 -0.118 0.182 -0.976 -0.107 0.17 -0.98 -0.084 0.13 -0.988 -0.068 0.089 -0.994 -0.063 0.06 -0.996 -0.063 0.054 -0.997 -0.059 0.076 -0.995 -0.051 0.109 -0.993 -0.04 0.14 -0.989 -0.087 0.082 -0.993 -0.177 -0.042 -0.983 -0.18 -0.047 -0.982 -0.165 -0.039 -0.985 -0.104 -0.014 -0.995 -0.041 0.009 -0.999 -0.023 0.012 -1 -0.03 0.014 -0.999 -0.179 0.047 -0.983 -0.25 0.06 -0.966 -0.222 0.044 -0.974 -0.195 0.024 -0.98 -0.178 0.01 -0.984 -0.182 0.015 -0.983 -0.197 0.04 -0.98 -0.211 0.082 -0.974 -0.22 0.127 -0.967 -0.218 0.144 -0.965 -0.218 0.146 -0.965 -0.22 0.143 -0.965 0.026 0.077 -0.997 -0.104 0.062 -0.993 -0.104 0.052 -0.993 -0.103 0.051 -0.993 -0.091 0.069 -0.993 -0.049 0.109 -0.993 0.001 0.143 -0.99 0.046 0.161 -0.986 0.067 0.167 -0.984 0.048 0.166 -0.985 0.01 0.166 -0.986 -0.035 0.172 -0.985 0.044 0.133 -0.99 0.226 0.051 -0.973 0.233 0.049 -0.971 0.212 0.072 -0.975 0.153 0.16 -0.975 0.095 0.249 -0.964 0.081 0.277 -0.958 0.081 0.27 -0.96 0.085 0.072 -0.994 0.09 -0.016 -0.996 0.102 0.028 -0.994 0.117 0.063 -0.991 0.125 0.08 -0.989 0.111 0.063 -0.992 0.077 0.029 -0.997 0.026 -0.005 -1 -0.027 -0.028 -0.999 -0.048 -0.032 -0.998 -0.048 -0.033 -0.998 -0.038 -0.037 -0.999 -0.113 -0.179 -0.977 -0.051 -0.241 -0.969 -0.048 -0.238 -0.97 -0.049 -0.238 -0.97 -0.062 -0.242 -0.968 -0.104 -0.243 -0.964 -0.145 -0.238 -0.961 -0.168 -0.229 -0.959 -0.172 -0.228 -0.958 -0.154 -0.243 -0.958 -0.129 -0.264 -0.956 -0.107 -0.288 -0.952 -0.136 -0.222 -0.965 -0.197 -0.086 -0.977 -0.199 -0.082 -0.977 -0.199 -0.1 -0.975 -0.207 -0.165 -0.964 -0.216 -0.228 -0.949 -0.221 -0.245 -0.944 -0.217 -0.242 -0.946 -0.124 -0.131 -0.984 -0.08 -0.074 -0.994 -0.106 -0.092 -0.99 -0.136 -0.105 -0.985 -0.157 -0.114 -0.981 -0.153 -0.114 -0.982 -0.128 -0.113 -0.985 -0.089 -0.119 -0.989 -0.048 -0.132 -0.99 -0.037 -0.139 -0.99 -0.036 -0.14 -0.99 -0.038 -0.136 -0.99 0.104 -0.399 -0.911 0.044 -0.27 -0.962 0.03 -0.275 -0.961 0.028 -0.277 -0.961 0.051 -0.282 -0.958 0.11 -0.309 -0.945 0.166 -0.348 -0.923 0.203 -0.387 -0.899 0.218 -0.409 -0.886 0.212 -0.39 -0.896 0.2 -0.352 -0.915 0.191 -0.3 -0.935 0.172 -0.403 -0.899 0.136 -0.617 -0.775 0.136 -0.622 -0.771 0.159 -0.591 -0.791 0.245 -0.491 -0.836 0.328 -0.384 -0.863 0.357 -0.352 -0.865 0.351 -0.355 -0.867 0.127 -0.458 -0.88 0.026 -0.5 -0.866 0.082 -0.495 -0.865 0.126 -0.495 -0.86 0.148 -0.495 -0.857 0.121 -0.488 -0.865 0.068 -0.467 -0.882 0.012 -0.427 -0.904 -0.031 -0.381 -0.924 -0.042 -0.361 -0.932 -0.043 -0.363 -0.931 -0.044 -0.377 -0.925 -0.131 -0.064 -0.989 -0.224 -0.158 -0.962 -0.219 -0.163 -0.962 -0.219 -0.161 -0.962 -0.225 -0.14 -0.964 -0.226 -0.077 -0.971 -0.217 -0.017 -0.976 -0.203 0.021 -0.979 -0.2 0.029 -0.979 -0.22 0.004 -0.975 -0.252 -0.03 -0.967 -0.287 -0.06 -0.956 -0.191 -0.023 -0.981 0.008 0.061 -0.998 0.015 0.064 -0.998 -0.011 0.065 -0.998 -0.107 0.08 -0.991 -0.202 0.096 -0.975 -0.227 0.105 -0.968 -0.222 0.099 -0.97 -0.061 -0.044 -0.997 0.022 -0.111 -0.994 -0.004 -0.071 -0.997 -0.024 -0.028 -0.999 -0.036 0.002 -0.999 -0.035 -0.007 -0.999 -0.034 -0.047 -0.998 -0.043 -0.107 -0.993 -0.063 -0.166 -0.984 -0.074 -0.184 -0.98 -0.075 -0.186 -0.98 -0.069 -0.183 -0.981 0.095 -0.152 -0.984 0.207 -0.133 -0.969 0.206 -0.127 -0.97 0.205 -0.128 -0.97 0.198 -0.145 -0.969 0.165 -0.187 -0.968 0.126 -0.222 -0.967 0.095 -0.241 -0.966 0.085 -0.245 -0.966 0.109 -0.241 -0.964 0.147 -0.235 -0.961 0.188 -0.233 -0.954 0.105 -0.208 -0.972 -0.072 -0.158 -0.985 -0.078 -0.157 -0.985 -0.059 -0.172 -0.983 -0.001 -0.236 -0.972 0.056 -0.299 -0.952 0.069 -0.319 -0.945 0.068 -0.313 -0.947 0.039 -0.135 -0.99 0.021 -0.05 -0.999 0.016 -0.09 -0.996 0.006 -0.127 -0.992 -0.001 -0.151 -0.989 0.005 -0.142 -0.99 0.027 -0.113 -0.993 0.066 -0.078 -0.995 0.111 -0.049 -0.993 0.128 -0.043 -0.991 0.129 -0.042 -0.991 0.123 -0.041 -0.992 0.154 0.03 -0.988 0.045 0.075 -0.996 0.039 0.065 -0.997 0.038 0.062 -0.997 0.054 0.071 -0.996 0.105 0.084 -0.991 0.161 0.088 -0.983 0.208 0.083 -0.975 0.229 0.077 -0.97 0.215 0.085 -0.973 0.183 0.103 -0.978 0.147 0.13 -0.981 0.193 0.061 -0.979 0.307 -0.096 -0.947 0.311 -0.101 -0.945 0.305 -0.068 -0.95 0.296 0.041 -0.954 0.287 0.149 -0.946 0.289 0.182 -0.94 0.286 0.177 -0.942 0.198 0.005 -0.98 0.163 -0.07 -0.984 0.195 -0.038 -0.98 0.223 -0.016 -0.975 0.236 -0.006 -0.972 0.215 -0.014 -0.976 0.171 -0.027 -0.985 0.115 -0.031 -0.993 0.062 -0.027 -0.998 0.044 -0.021 -0.999 0.046 -0.023 -0.999 0.053 -0.032 -0.998 -0.219 -0.221 -0.95 -0.185 -0.332 -0.925 -0.187 -0.333 -0.924 -0.195 -0.334 -0.922 -0.213 -0.333 -0.918 -0.271 -0.313 -0.91 -0.316 -0.29 -0.903 -0.328 -0.281 -0.902 -0.316 -0.295 -0.902 -0.288 -0.333 -0.898 -0.258 -0.376 -0.89 -0.241 -0.409 -0.88 -0.258 -0.311 -0.914 -0.285 -0.133 -0.949 -0.286 -0.126 -0.95 -0.287 -0.132 -0.949 -0.308 -0.173 -0.936 -0.327 -0.214 -0.92 -0.331 -0.218 -0.918 -0.325 -0.215 -0.921 -0.171 -0.131 -0.976 -0.083 -0.08 -0.993 -0.119 -0.088 -0.989 -0.171 -0.091 -0.981 -0.217 -0.092 -0.972 -0.235 -0.09 -0.968 -0.221 -0.095 -0.971 -0.177 -0.119 -0.977 -0.127 -0.155 -0.98 -0.115 -0.169 -0.979 -0.112 -0.176 -0.978 -0.111 -0.179 -0.978 0.003 -0.006 -1 0.038 0.122 -0.992 0.027 0.127 -0.992 0.025 0.127 -0.992 0.037 0.109 -0.993 0.057 0.054 -0.997 0.068 -0.007 -0.998 0.066 -0.059 -0.996 0.063 -0.084 -0.995 0.069 -0.069 -0.995 0.084 -0.035 -0.996 0.108 0.006 -0.994 0.041 -0.05 -0.998 -0.11 -0.187 -0.976 -0.114 -0.192 -0.975 -0.081 -0.182 -0.98 0.03 -0.161 -0.986 0.141 -0.142 -0.98 0.176 -0.141 -0.974 0.17 -0.138 -0.976 -0.018 -0.061 -0.998 -0.101 -0.031 -0.994 -0.064 -0.061 -0.996 -0.039 -0.088 -0.995 -0.027 -0.1 -0.995 -0.04 -0.077 -0.996 -0.058 -0.029 -0.998 -0.069 0.032 -0.997 -0.069 0.09 -0.994 -0.064 0.111 -0.992 -0.066 0.11 -0.992 -0.074 0.102 -0.992 -0.056 -0.079 -0.995 -0.147 -0.066 -0.987 -0.147 -0.07 -0.987 -0.146 -0.068 -0.987 -0.136 -0.056 -0.989 -0.102 -0.032 -0.994 -0.065 -0.013 -0.998 -0.039 -0.006 -0.999 -0.033 -0.004 -0.999 -0.054 -0.003 -0.999 -0.085 0.001 -0.996 -0.114 0.008 -0.993 -0.057 -0.029 -0.998 0.065 -0.1 -0.993 0.07 -0.103 -0.992 0.061 -0.09 -0.994 0.032 -0.036 -0.999 0.006 0.02 -1 0.001 0.036 -0.999 0 0.03 -1 -0.017 -0.111 -0.994 -0.022 -0.178 -0.984 -0.01 -0.15 -0.989 0.006 -0.124 -0.992 0.018 -0.107 -0.994 0.013 -0.11 -0.994 -0.008 -0.126 -0.992 -0.046 -0.144 -0.988 -0.087 -0.157 -0.984 -0.102 -0.157 -0.982 -0.104 -0.157 -0.982 -0.101 -0.159 -0.982 -0.063 0.075 -0.995 -0.037 -0.043 -0.998 -0.028 -0.042 -0.999 -0.027 -0.041 -0.999 -0.045 -0.032 -0.998 -0.085 0.002 -0.996 -0.121 0.046 -0.992 -0.142 0.085 -0.986 -0.15 0.103 -0.983 -0.148 0.086 -0.985 -0.144 0.051 -0.988 -0.144 0.009 -0.989 -0.116 0.086 -0.99 -0.059 0.261 -0.964 -0.057 0.267 -0.962 -0.077 0.246 -0.966 -0.152 0.183 -0.971 -0.229 0.12 -0.966 -0.254 0.105 -0.962 -0.247 0.105 -0.963 -0.064 0.129 -0.99 0.016 0.142 -0.99 -0.025 0.149 -0.988 -0.059 0.159 -0.985 -0.075 0.165 -0.983 -0.058 0.154 -0.986 -0.024 0.126 -0.992 0.012 0.082 -0.997 0.038 0.036 -0.999 0.044 0.017 -0.999 0.045 0.018 -0.999 0.047 0.027 -0.999 -0.11 -0.182 -0.977 -0.038 -0.238 -0.971 -0.035 -0.234 -0.972 -0.036 -0.234 -0.972 -0.049 -0.24 -0.97 -0.092 -0.247 -0.965 -0.134 -0.247 -0.96 -0.16 -0.241 -0.957 -0.164 -0.24 -0.957 -0.143 -0.253 -0.957 -0.114 -0.272 -0.955 -0.089 -0.294 -0.952 -0.128 -0.23 -0.965 -0.21 -0.097 -0.973 -0.213 -0.093 -0.973 -0.21 -0.111 -0.971 -0.209 -0.18 -0.961 -0.209 -0.247 -0.946 -0.212 -0.265 -0.941 -0.209 -0.261 -0.943 -0.128 -0.133 -0.983 -0.09 -0.068 -0.994 -0.116 -0.09 -0.989 -0.144 -0.108 -0.984 -0.165 -0.121 -0.979 -0.161 -0.12 -0.98 -0.135 -0.115 -0.984 -0.093 -0.116 -0.989 -0.05 -0.124 -0.991 -0.037 -0.13 -0.991 -0.036 -0.13 -0.991 -0.038 -0.126 -0.991 0.145 -0.38 -0.914 0.065 -0.255 -0.965 0.052 -0.262 -0.964 0.05 -0.264 -0.963 0.075 -0.266 -0.961 0.139 -0.286 -0.948 0.202 -0.318 -0.926 0.246 -0.354 -0.902 0.265 -0.374 -0.889 0.256 -0.355 -0.899 0.238 -0.318 -0.918 0.222 -0.266 -0.938 0.217 -0.374 -0.902 0.208 -0.596 -0.775 0.209 -0.602 -0.771 0.228 -0.567 -0.791 0.303 -0.454 -0.838 0.374 -0.333 -0.865 0.4 -0.296 -0.867 0.394 -0.3 -0.869 0.178 -0.436 -0.882 0.08 -0.493 -0.866 0.136 -0.48 -0.866 0.181 -0.474 -0.861 0.204 -0.471 -0.858 0.175 -0.468 -0.866 0.118 -0.454 -0.883 0.055 -0.421 -0.905 0.003 -0.38 -0.925 -0.011 -0.36 -0.933 -0.012 -0.363 -0.932 -0.011 -0.377 -0.926 -0.145 -0.065 -0.987 -0.227 -0.175 -0.958 -0.221 -0.179 -0.959 -0.222 -0.177 -0.959 -0.231 -0.157 -0.96 -0.241 -0.092 -0.966 -0.24 -0.027 -0.97 -0.231 0.013 -0.973 -0.228 0.022 -0.973 -0.247 -0.006 -0.969 -0.274 -0.046 -0.961 -0.306 -0.082 -0.948 -0.212 -0.03 -0.977 -0.017 0.085 -0.996 -0.011 0.089 -0.996 -0.038 0.086 -0.996 -0.14 0.088 -0.986 -0.24 0.092 -0.966 -0.266 0.097 -0.959 -0.26 0.092 -0.961 -0.075 -0.034 -0.997 0.02 -0.092 -0.996 -0.012 -0.054 -0.998 -0.039 -0.012 -0.999 -0.056 0.017 -0.998 -0.054 0.008 -0.999 -0.046 -0.033 -0.998 -0.048 -0.097 -0.994 -0.06 -0.162 -0.985 -0.069 -0.182 -0.981 -0.07 -0.184 -0.98 -0.064 -0.18 -0.982 0.102 -0.125 -0.987 0.216 -0.091 -0.972 0.214 -0.084 -0.973 0.213 -0.085 -0.973 0.208 -0.103 -0.973 0.18 -0.151 -0.972 0.144 -0.194 -0.97 0.114 -0.218 -0.969 0.104 -0.224 -0.969 0.129 -0.216 -0.968 0.168 -0.204 -0.964 0.209 -0.197 -0.958 0.12 -0.182 -0.976 -0.071 -0.155 -0.985 -0.078 -0.154 -0.985 -0.056 -0.167 -0.984 0.014 -0.225 -0.974 0.082 -0.284 -0.955 0.098 -0.302 -0.948 0.096 -0.296 -0.95 0.041 -0.115 -0.992 0.011 -0.029 -1 0.011 -0.072 -0.997 0.006 -0.112 -0.994 0.002 -0.137 -0.991 0.007 -0.127 -0.992 0.026 -0.094 -0.995 0.062 -0.052 -0.997 0.104 -0.016 -0.994 0.122 -0.007 -0.993 0.122 -0.006 -0.992 0.115 -0.006 -0.993 0.139 0.072 -0.988 0.018 0.104 -0.994 0.014 0.093 -0.996 0.013 0.09 -0.996 0.029 0.101 -0.994 0.08 0.121 -0.989 0.138 0.133 -0.981 0.187 0.134 -0.973 0.21 0.131 -0.969 0.194 0.137 -0.971 0.159 0.151 -0.976 0.117 0.174 -0.978 0.175 0.109 -0.979 0.314 -0.038 -0.949 0.319 -0.043 -0.947 0.308 -0.01 -0.951 0.284 0.101 -0.953 0.26 0.212 -0.942 0.257 0.246 -0.934 0.254 0.24 -0.937 0.187 0.052 -0.981 0.161 -0.031 -0.986 0.19 0.007 -0.982 0.216 0.033 -0.976 0.228 0.046 -0.973 0.208 0.034 -0.978 0.163 0.015 -0.986 0.106 0.003 -0.994 0.051 0.001 -0.999 0.031 0.005 -1 0.033 0.002 -0.999 0.042 -0.006 -0.999 -0.213 -0.239 -0.947 -0.162 -0.349 -0.923 -0.165 -0.351 -0.922 -0.172 -0.353 -0.92 -0.191 -0.355 -0.915 -0.253 -0.342 -0.905 -0.302 -0.324 -0.897 -0.315 -0.316 -0.895 -0.301 -0.329 -0.895 -0.268 -0.364 -0.892 -0.231 -0.405 -0.885 -0.208 -0.436 -0.876 -0.241 -0.338 -0.91 -0.294 -0.158 -0.943 -0.295 -0.15 -0.943 -0.296 -0.157 -0.942 -0.311 -0.202 -0.929 -0.325 -0.247 -0.913 -0.328 -0.252 -0.91 -0.322 -0.248 -0.914 -0.177 -0.14 -0.974 -0.093 -0.075 -0.993 -0.129 -0.088 -0.988 -0.183 -0.099 -0.978 -0.23 -0.105 -0.968 -0.248 -0.106 -0.963 -0.233 -0.109 -0.966 -0.185 -0.128 -0.974 -0.128 -0.158 -0.979 -0.114 -0.172 -0.979 -0.109 -0.178 -0.978 -0.109 -0.181 -0.977 -0.014 0.015 -1 0.005 0.151 -0.988 -0.007 0.155 -0.988 -0.009 0.155 -0.988 0.006 0.138 -0.99 0.034 0.084 -0.996 0.053 0.022 -0.998 0.059 -0.032 -0.998 0.059 -0.059 -0.997 0.064 -0.042 -0.997 0.074 -0.005 -0.997 0.094 0.041 -0.995 0.031 -0.027 -0.999 -0.106 -0.19 -0.976 -0.11 -0.196 -0.974 -0.077 -0.18 -0.981 0.035 -0.144 -0.989 0.149 -0.109 -0.983 0.185 -0.103 -0.977 0.177 -0.101 -0.979 -0.028 -0.045 -0.999 -0.118 -0.026 -0.993 -0.076 -0.052 -0.996 -0.046 -0.076 -0.996 -0.033 -0.087 -0.996 -0.048 -0.066 -0.997 -0.074 -0.018 -0.997 -0.094 0.044 -0.995 -0.102 0.104 -0.989 -0.099 0.126 -0.987 -0.101 0.125 -0.987 -0.109 0.116 -0.987 -0.065 -0.07 -0.995 -0.161 -0.069 -0.985 -0.161 -0.073 -0.984 -0.16 -0.071 -0.985 -0.152 -0.057 -0.987 -0.119 -0.027 -0.992 -0.083 -0.002 -0.997 -0.058 0.009 -0.998 -0.052 0.011 -0.999 -0.074 0.01 -0.997 -0.106 0.009 -0.994 -0.138 0.013 -0.99 -0.073 -0.018 -0.997 0.064 -0.076 -0.995 0.069 -0.078 -0.995 0.058 -0.066 -0.996 0.021 -0.013 -1 -0.015 0.042 -0.999 -0.022 0.057 -0.998 -0.022 0.051 -0.998 -0.02 -0.097 -0.995 -0.016 -0.168 -0.986 -0.007 -0.138 -0.99 0.006 -0.108 -0.994 0.015 -0.088 -0.996 0.011 -0.093 -0.996 -0.009 -0.113 -0.994 -0.046 -0.136 -0.99 -0.086 -0.155 -0.984 -0.104 -0.158 -0.982 -0.1 -0.159 -0.982 -0.094 0.089 -0.992 -0.051 -0.03 -0.998 -0.041 -0.028 -0.999 -0.04 -0.027 -0.999 -0.06 -0.02 -0.998 -0.107 0.011 -0.994 -0.15 0.051 -0.987 -0.177 0.088 -0.98 -0.187 0.106 -0.977 -0.182 0.089 -0.979 -0.174 0.053 -0.983 -0.169 0.01 -0.986 -0.15 0.093 -0.984 -0.114 0.281 -0.953 -0.113 0.288 -0.951 -0.13 0.263 -0.956 -0.2 0.188 -0.962 -0.27 0.113 -0.956 -0.294 0.093 -0.951 -0.287 0.095 -0.953 -0.102 0.144 -0.984 -0.02 0.169 -0.985 -0.064 0.171 -0.983 -0.1 0.177 -0.979 -0.118 0.18 -0.977 -0.099 0.172 -0.98 -0.06 0.147 -0.987 -0.017 0.107 -0.994 0.017 0.063 -0.998 0.025 0.044 -0.999 0.026 0.044 -0.999 0.028 0.054 -0.998 -0.01 0.019 1 -0.028 0.017 0.999 -0.015 0.05 0.999 -0.023 0.023 0.999 -0.019 0.038 0.999 -0.022 0.055 0.998 -0.031 0.069 0.997 -0.042 0.077 0.996 -0.046 0.08 0.996 -0.021 0.084 0.996 0.003 0.088 0.996 0.001 0.085 0.996 -0.007 0.073 0.997 -0.011 0.057 0.998 -0.008 0.04 0.999 0 0.027 1 0.007 0.022 1 0.001 -0.052 0.999 0.019 -0.05 0.999 0.006 -0.083 0.997 0.014 -0.057 0.998 0.01 -0.072 0.997 0.013 -0.089 0.996 0.022 -0.103 0.994 0.033 -0.111 0.993 0.037 -0.113 0.993 0.012 -0.117 0.993 -0.012 -0.121 0.993 -0.01 -0.118 0.993 -0.002 -0.107 0.994 0.002 -0.091 0.996 -0.001 -0.074 0.997 -0.01 -0.061 0.998 -0.016 -0.056 0.998 0.154 -0.093 0.984 0.139 -0.101 0.985 0.14 -0.068 0.988 0.141 -0.093 0.986 0.14 -0.079 0.987 0.132 -0.065 0.989 0.12 -0.056 0.991 0.108 -0.052 0.993 0.104 -0.051 0.993 0.124 -0.04 0.991 0.144 -0.028 0.989 0.143 -0.032 0.989 0.14 -0.044 0.989 0.142 -0.06 0.988 0.149 -0.074 0.986 0.161 -0.082 0.984 0.168 -0.084 0.982 0.149 -0.085 0.985 0.164 -0.077 0.983 0.163 -0.11 0.98 0.162 -0.084 0.983 0.163 -0.099 0.982 0.171 -0.112 0.979 0.183 -0.122 0.976 0.195 -0.126 0.973 0.199 -0.126 0.972 0.179 -0.138 0.974 0.158 -0.149 0.976 0.16 -0.146 0.976 0.163 -0.133 0.978 0.161 -0.118 0.98 0.154 -0.104 0.983 0.142 -0.095 0.985 0.135 -0.093 0.986 0.068 0.124 0.99 0.084 0.12 0.989 0.061 0.096 0.993 0.077 0.116 0.99 0.069 0.104 0.992 0.065 0.089 0.994 0.068 0.074 0.995 0.074 0.063 0.995 0.076 0.06 0.995 0.054 0.065 0.996 0.032 0.071 0.997 0.035 0.072 0.997 0.046 0.079 0.996 0.055 0.092 0.994 0.058 0.107 0.993 0.056 0.121 0.991 0.052 0.127 0.991 0.066 0.115 0.991 0.05 0.119 0.992 0.072 0.143 0.987 0.056 0.123 0.991 0.065 0.134 0.989 0.069 0.15 0.986 0.066 0.165 0.984 0.06 0.176 0.983 0.057 0.179 0.982 0.08 0.173 0.982 0.102 0.168 0.981 0.099 0.166 0.981 0.088 0.159 0.983 0.079 0.147 0.986 0.075 0.132 0.988 0.078 0.118 0.99 0.082 0.111 0.99 0.035 -0.126 0.991 0.021 -0.135 0.991 0.018 -0.102 0.995 0.022 -0.127 0.992 0.02 -0.113 0.993 0.01 -0.1 0.995 -0.003 -0.092 0.996 -0.015 -0.09 0.996 -0.019 -0.089 0.996 -0 -0.076 0.997 0.019 -0.063 0.998 0.018 -0.066 0.998 0.016 -0.079 0.997 0.019 -0.094 0.995 0.028 -0.107 0.994 0.041 -0.114 0.993 0.048 -0.116 0.992 0.073 -0.18 0.981 0.087 -0.171 0.981 0.09 -0.203 0.975 0.086 -0.178 0.98 0.088 -0.192 0.977 0.098 -0.205 0.974 0.111 -0.212 0.971 0.123 -0.215 0.969 0.127 -0.215 0.968 0.108 -0.228 0.968 0.089 -0.242 0.966 0.09 -0.238 0.967 0.092 -0.226 0.97 0.089 -0.211 0.973 0.08 -0.198 0.977 0.067 -0.191 0.979 0.06 -0.19 0.98 -0.055 -0.029 0.998 -0.049 -0.012 0.999 -0.026 -0.038 0.999 -0.045 -0.019 0.999 -0.034 -0.03 0.999 -0.018 -0.035 0.999 -0.002 -0.034 0.999 0.01 -0.028 1 0.013 -0.026 1 0.006 -0.049 0.999 -0.002 -0.072 0.997 -0.003 -0.068 0.998 -0.01 -0.056 0.998 -0.022 -0.046 0.999 -0.038 -0.04 0.998 -0.053 -0.042 0.998 -0.06 -0.045 0.997 -0.094 -0.015 0.995 -0.101 -0.032 0.994 -0.123 -0.006 0.992 -0.104 -0.025 0.994 -0.115 -0.014 0.993 -0.131 -0.009 0.991 -0.147 -0.01 0.989 -0.159 -0.016 0.987 -0.162 -0.018 0.987 -0.155 0.005 0.988 -0.147 0.028 0.989 -0.146 0.024 0.989 -0.139 0.012 0.99 -0.127 0.002 0.992 -0.112 -0.004 0.994 -0.097 -0.002 0.995 -0.09 0.001 0.996 -0.237 -0.239 -0.942 -0.087 -0.199 -0.976 -0.089 -0.189 -0.978 -0.091 -0.189 -0.978 -0.099 -0.213 -0.972 -0.136 -0.272 -0.953 -0.183 -0.323 -0.929 -0.225 -0.351 -0.909 -0.242 -0.36 -0.901 -0.216 -0.354 -0.91 -0.169 -0.345 -0.923 -0.115 -0.341 -0.933 -0.227 -0.314 -0.922 -0.456 -0.252 -0.853 -0.464 -0.25 -0.85 -0.437 -0.273 -0.857 -0.349 -0.359 -0.866 -0.257 -0.442 -0.859 -0.233 -0.469 -0.852 -0.235 -0.461 -0.856 -0.311 -0.234 -0.921 -0.345 -0.124 -0.93 -0.346 -0.179 -0.921 -0.352 -0.226 -0.908 -0.356 -0.253 -0.9 -0.349 -0.235 -0.907 -0.323 -0.191 -0.927 -0.275 -0.141 -0.951 -0.219 -0.099 -0.971 -0.196 -0.09 -0.977 -0.195 -0.089 -0.977 -0.206 -0.087 -0.975 0.019 -0.019 -1 -0.081 0.046 -0.996 -0.091 0.037 -0.995 -0.093 0.033 -0.995 -0.075 0.038 -0.996 -0.024 0.038 -0.999 0.033 0.029 -0.999 0.08 0.012 -0.997 0.104 -0.001 -0.995 0.095 0.008 -0.995 0.07 0.031 -0.997 0.039 0.066 -0.997 0.067 -0.008 -0.998 0.145 -0.185 -0.972 0.148 -0.191 -0.97 0.149 -0.155 -0.977 0.166 -0.042 -0.985 0.185 0.07 -0.98 0.195 0.105 -0.975 0.191 0.1 -0.977 0.061 -0.045 -0.997 0.012 -0.107 -0.994 0.051 -0.083 -0.995 0.082 -0.069 -0.994 0.094 -0.063 -0.994 0.068 -0.068 -0.995 0.017 -0.069 -0.997 -0.04 -0.06 -0.997 -0.088 -0.044 -0.995 -0.104 -0.034 -0.994 -0.103 -0.038 -0.994 -0.096 -0.05 -0.994 0.167 -0.026 -0.986 0.169 -0.133 -0.977 0.168 -0.134 -0.977 0.162 -0.133 -0.978 0.145 -0.127 -0.981 0.102 -0.095 -0.99 0.069 -0.063 -0.996 0.058 -0.048 -0.997 0.062 -0.057 -0.996 0.073 -0.092 -0.993 0.084 -0.134 -0.987 0.087 -0.167 -0.982 0.105 -0.083 -0.991 0.131 0.074 -0.989 0.132 0.082 -0.988 0.128 0.076 -0.989 0.097 0.043 -0.994 0.065 0.01 -0.998 0.059 0.006 -0.998 0.066 0.007 -0.998 0.221 0.037 -0.975 0.302 0.055 -0.952 0.27 0.059 -0.961 0.229 0.069 -0.971 0.195 0.08 -0.978 0.186 0.083 -0.979 0.2 0.073 -0.977 0.233 0.04 -0.972 0.265 -0.003 -0.964 0.271 -0.02 -0.962 0.272 -0.026 -0.962 0.272 -0.027 -0.962 -0.144 -0.241 -0.96 -0.052 -0.126 -0.991 -0.053 -0.125 -0.991 -0.049 -0.131 -0.99 -0.038 -0.152 -0.988 -0.023 -0.224 -0.974 -0.019 -0.287 -0.958 -0.023 -0.318 -0.948 -0.02 -0.313 -0.95 -0.001 -0.274 -0.962 0.027 -0.225 -0.974 0.055 -0.186 -0.981 -0.041 -0.254 -0.966 -0.22 -0.378 -0.899 -0.227 -0.383 -0.895 -0.211 -0.38 -0.9 -0.134 -0.379 -0.916 -0.055 -0.377 -0.924 -0.038 -0.379 -0.925 -0.047 -0.375 -0.926 -0.242 -0.258 -0.935 -0.341 -0.195 -0.92 -0.31 -0.232 -0.922 -0.278 -0.28 -0.919 -0.255 -0.318 -0.913 -0.252 -0.322 -0.913 -0.259 -0.292 -0.921 -0.263 -0.229 -0.937 -0.256 -0.157 -0.954 -0.247 -0.135 -0.959 -0.244 -0.13 -0.961 -0.245 -0.13 -0.961 -0.151 -0.165 -0.975 -0.042 -0.066 -0.997 -0.049 -0.058 -0.997 -0.05 -0.059 -0.997 -0.046 -0.083 -0.995 -0.053 -0.149 -0.987 -0.072 -0.215 -0.974 -0.095 -0.259 -0.961 -0.105 -0.275 -0.956 -0.085 -0.257 -0.963 -0.051 -0.229 -0.972 -0.007 -0.201 -0.98 -0.112 -0.226 -0.968 -0.33 -0.281 -0.901 -0.337 -0.283 -0.898 -0.305 -0.289 -0.908 -0.194 -0.324 -0.926 -0.082 -0.357 -0.931 -0.051 -0.37 -0.928 -0.056 -0.364 -0.93 -0.215 -0.195 -0.957 -0.289 -0.115 -0.95 -0.267 -0.163 -0.95 -0.253 -0.206 -0.945 -0.245 -0.232 -0.941 -0.246 -0.213 -0.946 -0.242 -0.163 -0.956 -0.223 -0.097 -0.97 -0.194 -0.038 -0.98 -0.178 -0.02 -0.984 -0.178 -0.018 -0.984 -0.188 -0.021 -0.982 -0.028 0.129 -0.991 -0.137 0.142 -0.98 -0.141 0.13 -0.981 -0.142 0.126 -0.982 -0.129 0.137 -0.982 -0.086 0.159 -0.984 -0.035 0.174 -0.984 0.012 0.179 -0.984 0.037 0.178 -0.983 0.025 0.182 -0.983 -0.005 0.19 -0.982 -0.045 0.207 -0.977 0.008 0.157 -0.988 0.146 0.039 -0.988 0.151 0.035 -0.988 0.137 0.066 -0.988 0.105 0.167 -0.98 0.076 0.268 -0.96 0.072 0.3 -0.951 0.069 0.295 -0.953 0.018 0.124 -0.992 0.002 0.053 -0.999 0.025 0.089 -0.996 0.046 0.113 -0.993 0.054 0.122 -0.991 0.033 0.108 -0.994 -0.009 0.086 -0.996 -0.06 0.071 -0.996 -0.107 0.065 -0.992 -0.124 0.066 -0.99 -0.121 0.064 -0.991 -0.111 0.056 -0.992 0.1 0.181 -0.978 0.145 0.092 -0.985 0.144 0.092 -0.985 0.139 0.09 -0.986 0.122 0.089 -0.988 0.073 0.099 -0.992 0.032 0.112 -0.993 0.017 0.12 -0.993 0.024 0.114 -0.993 0.047 0.09 -0.995 0.073 0.058 -0.996 0.09 0.032 -0.995 0.07 0.11 -0.991 0.029 0.25 -0.968 0.027 0.257 -0.966 0.026 0.25 -0.968 0.013 0.211 -0.977 -0.001 0.171 -0.985 -0.004 0.165 -0.986 0.001 0.17 -0.985 0.12 0.255 -0.96 0.182 0.3 -0.936 0.154 0.291 -0.944 0.114 0.284 -0.952 0.081 0.279 -0.957 0.072 0.279 -0.958 0.089 0.276 -0.957 0.129 0.261 -0.957 0.174 0.237 -0.956 0.186 0.226 -0.956 0.189 0.221 -0.957 0.19 0.22 -0.957 -0.073 -0.126 -0.989 -0.043 0.011 -0.999 -0.045 0.011 -0.999 -0.039 0.008 -0.999 -0.021 -0.006 -1 0.021 -0.061 -0.998 0.051 -0.114 -0.992 0.06 -0.142 -0.988 0.061 -0.137 -0.989 0.061 -0.095 -0.994 0.063 -0.041 -0.997 0.071 0.003 -0.997 0.018 -0.094 -0.995 -0.079 -0.28 -0.957 -0.083 -0.288 -0.954 -0.071 -0.279 -0.958 -0.006 -0.243 -0.97 0.059 -0.208 -0.976 0.073 -0.203 -0.976 0.064 -0.203 -0.977 -0.148 -0.184 -0.972 -0.256 -0.174 -0.951 -0.215 -0.192 -0.957 -0.169 -0.22 -0.961 -0.133 -0.242 -0.961 -0.129 -0.245 -0.961 -0.148 -0.222 -0.964 -0.177 -0.168 -0.97 -0.201 -0.103 -0.974 -0.203 -0.08 -0.976 -0.202 -0.074 -0.977 -0.203 -0.075 -0.976 -0.162 0.139 -0.977 -0.258 0.19 -0.947 -0.256 0.196 -0.947 -0.252 0.204 -0.946 -0.239 0.217 -0.946 -0.189 0.248 -0.95 -0.148 0.266 -0.953 -0.14 0.268 -0.953 -0.164 0.267 -0.95 -0.209 0.27 -0.94 -0.26 0.274 -0.926 -0.289 0.281 -0.915 -0.213 0.234 -0.949 -0.079 0.152 -0.985 -0.072 0.147 -0.986 -0.072 0.147 -0.987 -0.083 0.173 -0.981 -0.094 0.199 -0.976 -0.093 0.198 -0.976 -0.095 0.19 -0.977 -0.13 0.034 -0.991 -0.149 -0.059 -0.987 -0.134 -0.032 -0.991 -0.103 0.01 -0.995 -0.073 0.046 -0.996 -0.056 0.063 -0.996 -0.063 0.059 -0.996 -0.104 0.042 -0.994 -0.161 0.026 -0.987 -0.178 0.026 -0.984 -0.187 0.029 -0.982 -0.192 0.032 -0.981 -0.134 0.021 -0.991 -0.04 -0.071 -0.997 -0.036 -0.066 -0.997 -0.038 -0.067 -0.997 -0.059 -0.072 -0.996 -0.119 -0.071 -0.99 -0.178 -0.06 -0.982 -0.214 -0.046 -0.976 -0.224 -0.041 -0.974 -0.202 -0.06 -0.977 -0.171 -0.09 -0.981 -0.142 -0.125 -0.982 -0.177 -0.033 -0.984 -0.25 0.156 -0.955 -0.253 0.163 -0.953 -0.255 0.138 -0.957 -0.272 0.047 -0.961 -0.289 -0.045 -0.956 -0.296 -0.069 -0.953 -0.291 -0.063 -0.955 -0.155 0.087 -0.984 -0.089 0.16 -0.983 -0.128 0.138 -0.982 -0.169 0.121 -0.978 -0.195 0.111 -0.974 -0.185 0.112 -0.976 -0.146 0.112 -0.983 -0.087 0.101 -0.991 -0.03 0.08 -0.996 -0.013 0.068 -0.998 -0.011 0.067 -0.998 -0.013 0.073 -0.997 -0.267 -0.161 -0.95 -0.266 -0.056 -0.962 -0.273 -0.055 -0.96 -0.274 -0.056 -0.96 -0.26 -0.066 -0.963 -0.229 -0.102 -0.968 -0.203 -0.143 -0.969 -0.19 -0.177 -0.966 -0.187 -0.191 -0.964 -0.187 -0.171 -0.967 -0.185 -0.138 -0.973 -0.179 -0.101 -0.979 -0.217 -0.17 -0.961 -0.287 -0.318 -0.903 -0.289 -0.323 -0.901 -0.271 -0.307 -0.912 -0.201 -0.263 -0.943 -0.128 -0.22 -0.967 -0.105 -0.209 -0.972 -0.111 -0.209 -0.972 -0.28 -0.209 -0.937 -0.357 -0.211 -0.91 -0.322 -0.222 -0.92 -0.274 -0.245 -0.93 -0.285 -0.236 -0.929 -0.31 -0.209 -0.928 -0.335 -0.167 -0.927 -0.352 -0.122 -0.928 -0.354 -0.105 -0.929 -0.355 -0.105 -0.929 -0.358 -0.112 -0.927 -0.045 0.164 -0.985 -0.141 0.111 -0.984 -0.143 0.116 -0.983 -0.145 0.133 -0.981 -0.136 0.187 -0.973 -0.121 0.232 -0.965 -0.111 0.25 -0.962 -0.116 0.245 -0.963 -0.143 0.22 -0.965 -0.177 0.192 -0.965 -0.207 0.172 -0.963 -0.119 0.196 -0.973 0.046 0.24 -0.97 0.053 0.242 -0.969 0.042 0.244 -0.969 -0.012 0.26 -0.965 -0.064 0.278 -0.959 -0.074 0.283 -0.956 -0.07 0.277 -0.958 0.035 0.146 -0.989 0.093 0.076 -0.993 0.08 0.109 -0.991 0.07 0.152 -0.986 0.063 0.187 -0.98 0.062 0.194 -0.979 0.059 0.174 -0.983 0.043 0.129 -0.991 0.018 0.081 -0.997 0.006 0.068 -0.998 0.002 0.065 -0.998 0.079 -0.198 -0.977 0.181 -0.188 -0.965 0.182 -0.175 -0.967 0.183 -0.171 -0.968 0.173 -0.183 -0.968 0.138 -0.213 -0.967 0.095 -0.238 -0.967 0.054 -0.252 -0.966 0.032 -0.257 -0.966 0.045 -0.257 -0.965 0.077 -0.258 -0.963 0.119 -0.264 -0.957 0.059 -0.231 -0.971 -0.1 -0.155 -0.983 -0.105 -0.152 -0.983 -0.085 -0.177 -0.981 -0.034 -0.262 -0.964 0.015 -0.347 -0.938 0.026 -0.375 -0.927 0.027 -0.369 -0.929 0.041 -0.2 -0.979 0.04 -0.131 -0.991 0.025 -0.17 -0.985 0.01 -0.198 -0.98 0.004 -0.21 -0.978 0.019 -0.194 -0.981 0.052 -0.165 -0.985 0.095 -0.14 -0.986 0.137 -0.123 -0.983 0.152 -0.12 -0.981 0.148 -0.118 -0.982 0.137 -0.113 -0.984 0.117 0.019 -0.993 0.006 0.074 -0.997 -0.002 0.065 -0.998 -0.003 0.062 -0.998 0.016 0.069 -0.997 0.069 0.074 -0.995 0.126 0.069 -0.99 0.175 0.056 -0.983 0.2 0.046 -0.979 0.19 0.053 -0.98 0.165 0.072 -0.984 0.133 0.103 -0.986 0.166 0.035 -0.985 0.254 -0.125 -0.959 0.258 -0.131 -0.957 0.256 -0.098 -0.962 0.263 0.008 -0.965 0.272 0.113 -0.956 0.279 0.145 -0.949 0.274 0.14 -0.952 0.163 -0.004 -0.987 0.121 -0.066 -0.99 0.156 -0.041 -0.987 0.185 -0.026 -0.982 0.195 -0.02 -0.981 0.169 -0.026 -0.985 0.119 -0.032 -0.992 0.061 -0.028 -0.998 0.01 -0.015 -1 -0.008 -0.006 -1 -0.007 -0.009 -1 -0.001 -0.019 -1 -0.092 -0.163 -0.982 -0.056 -0.266 -0.962 -0.06 -0.269 -0.961 -0.069 -0.272 -0.96 -0.087 -0.273 -0.958 -0.144 -0.26 -0.955 -0.186 -0.246 -0.951 -0.193 -0.242 -0.951 -0.175 -0.258 -0.95 -0.143 -0.291 -0.946 -0.109 -0.329 -0.938 -0.091 -0.354 -0.931 -0.117 -0.267 -0.957 -0.161 -0.116 -0.98 -0.163 -0.108 -0.981 -0.163 -0.107 -0.981 -0.172 -0.133 -0.976 -0.181 -0.16 -0.97 -0.181 -0.159 -0.97 -0.175 -0.154 -0.972 -0.046 -0.065 -0.997 0.031 -0.011 -0.999 0.001 -0.02 -1 -0.05 -0.029 -0.998 -0.095 -0.035 -0.995 -0.119 -0.035 -0.992 -0.111 -0.037 -0.993 -0.07 -0.053 -0.996 -0.018 -0.08 -0.997 -0.005 -0.092 -0.996 -0.001 -0.1 -0.995 0.001 -0.106 -0.994 -0.035 -0.058 -0.998 -0.039 0.071 -0.997 -0.046 0.071 -0.996 -0.044 0.07 -0.997 -0.026 0.059 -0.998 0.017 0.018 -1 0.053 -0.03 -0.998 0.07 -0.065 -0.995 0.073 -0.075 -0.994 0.071 -0.047 -0.996 0.068 -0.004 -0.998 0.072 0.041 -0.997 0.033 -0.049 -0.998 -0.039 -0.236 -0.971 -0.041 -0.243 -0.969 -0.024 -0.226 -0.974 0.05 -0.171 -0.984 0.124 -0.117 -0.985 0.146 -0.105 -0.984 0.139 -0.106 -0.985 -0.063 -0.12 -0.991 -0.159 -0.129 -0.979 -0.116 -0.139 -0.983 -0.076 -0.155 -0.985 -0.05 -0.165 -0.985 -0.058 -0.159 -0.986 -0.087 -0.132 -0.987 -0.122 -0.085 -0.989 -0.149 -0.031 -0.988 -0.153 -0.01 -0.988 -0.154 -0.008 -0.988 -0.156 -0.014 -0.988 0.188 -0.019 -0.982 0.115 -0.094 -0.989 0.12 -0.099 -0.988 0.121 -0.099 -0.988 0.117 -0.082 -0.99 0.119 -0.036 -0.992 0.128 0.012 -0.992 0.143 0.045 -0.989 0.149 0.057 -0.987 0.135 0.043 -0.99 0.112 0.02 -0.994 0.081 -0.001 -0.997 0.158 0.022 -0.987 0.314 0.078 -0.946 0.319 0.08 -0.944 0.295 0.082 -0.952 0.211 0.099 -0.972 0.127 0.117 -0.985 0.103 0.126 -0.987 0.107 0.122 -0.987 0.231 0.006 -0.973 0.29 -0.046 -0.956 0.272 -0.014 -0.962 0.259 0.016 -0.966 0.252 0.035 -0.967 0.254 0.021 -0.967 0.254 -0.015 -0.967 0.243 -0.062 -0.968 0.225 -0.106 -0.969 0.215 -0.119 -0.969 0.215 -0.12 -0.969 0.222 -0.117 -0.968 -0.194 -0.101 -0.976 -0.089 -0.128 -0.988 -0.091 -0.133 -0.987 -0.101 -0.147 -0.984 -0.143 -0.18 -0.973 -0.183 -0.203 -0.962 -0.202 -0.209 -0.957 -0.195 -0.209 -0.958 -0.16 -0.209 -0.965 -0.116 -0.211 -0.97 -0.082 -0.218 -0.973 -0.161 -0.175 -0.971 -0.308 -0.096 -0.947 -0.314 -0.092 -0.945 -0.307 -0.101 -0.946 -0.28 -0.149 -0.948 -0.254 -0.198 -0.947 -0.25 -0.208 -0.946 -0.25 -0.201 -0.947 -0.239 -0.034 -0.97 -0.233 0.056 -0.971 -0.246 0.023 -0.969 -0.268 -0.015 -0.963 -0.286 -0.045 -0.957 -0.29 -0.051 -0.956 -0.274 -0.038 -0.961 -0.234 -0.016 -0.972 -0.184 0.002 -0.983 -0.166 0.003 -0.986 -0.161 0.002 -0.987 -0.162 0.002 -0.987 -0.036 0.243 -0.969 -0.114 0.304 -0.946 -0.124 0.296 -0.947 -0.127 0.293 -0.948 -0.112 0.295 -0.949 -0.067 0.293 -0.954 -0.019 0.281 -0.959 0.02 0.264 -0.964 0.038 0.253 -0.967 0.029 0.262 -0.965 0.007 0.284 -0.959 -0.018 0.316 -0.948 0.001 0.253 -0.968 0.061 0.091 -0.994 0.063 0.085 -0.994 0.066 0.116 -0.991 0.089 0.212 -0.973 0.114 0.305 -0.946 0.127 0.332 -0.935 0.122 0.328 -0.937 -0.008 0.218 -0.976 -0.056 0.168 -0.984 -0.018 0.186 -0.982 0.012 0.196 -0.981 0.025 0.2 -0.979 0.003 0.199 -0.98 -0.04 0.201 -0.979 -0.088 0.212 -0.973 -0.129 0.228 -0.965 -0.141 0.236 -0.961 -0.14 0.232 -0.963 -0.135 0.221 -0.966 -0.212 0.112 -0.971 -0.17 -0.002 -0.985 -0.159 -0 -0.987 -0.156 0.001 -0.988 -0.174 0.009 -0.985 -0.215 0.041 -0.976 -0.252 0.083 -0.964 -0.277 0.125 -0.953 -0.287 0.149 -0.946 -0.286 0.137 -0.948 -0.281 0.106 -0.954 -0.279 0.063 -0.958 -0.257 0.134 -0.957 -0.208 0.308 -0.928 -0.207 0.315 -0.926 -0.228 0.29 -0.93 -0.305 0.219 -0.927 -0.382 0.148 -0.912 -0.407 0.129 -0.904 -0.401 0.13 -0.907 -0.228 0.161 -0.96 -0.157 0.176 -0.972 -0.199 0.182 -0.963 -0.228 0.19 -0.955 -0.239 0.193 -0.952 -0.217 0.18 -0.959 -0.179 0.151 -0.972 -0.141 0.109 -0.984 -0.114 0.065 -0.991 -0.107 0.047 -0.993 -0.105 0.049 -0.993 -0.103 0.06 -0.993 -0.032 -0.157 -0.987 -0.035 -0.012 -0.999 -0.045 -0.011 -0.999 -0.044 -0.012 -0.999 -0.025 -0.026 -0.999 0.023 -0.077 -0.997 0.062 -0.134 -0.989 0.08 -0.175 -0.981 0.084 -0.186 -0.979 0.081 -0.154 -0.985 0.078 -0.102 -0.992 0.082 -0.047 -0.995 0.039 -0.146 -0.989 -0.046 -0.358 -0.932 -0.049 -0.366 -0.929 -0.027 -0.347 -0.937 0.061 -0.288 -0.956 0.15 -0.229 -0.962 0.177 -0.215 -0.96 0.168 -0.215 -0.962 -0.068 -0.217 -0.974 -0.174 -0.219 -0.96 -0.123 -0.236 -0.964 -0.075 -0.258 -0.963 -0.046 -0.272 -0.961 -0.054 -0.265 -0.963 -0.087 -0.233 -0.969 -0.126 -0.177 -0.976 -0.156 -0.113 -0.981 -0.161 -0.09 -0.983 -0.162 -0.09 -0.983 -0.165 -0.099 -0.981 0.033 0.027 -0.999 -0.053 -0.099 -0.994 -0.041 -0.111 -0.993 -0.037 -0.114 -0.993 -0.042 -0.091 -0.995 -0.041 -0.025 -0.999 -0.027 0.047 -0.999 -0.004 0.106 -0.994 0.012 0.136 -0.991 0.001 0.124 -0.992 -0.028 0.093 -0.995 -0.073 0.056 -0.996 0.019 0.088 -0.996 0.238 0.18 -0.954 0.246 0.184 -0.952 0.203 0.186 -0.961 0.066 0.211 -0.975 -0.071 0.237 -0.969 -0.112 0.25 -0.962 -0.107 0.244 -0.964 0.068 0.079 -0.995 0.142 0.017 -0.99 0.113 0.067 -0.991 0.097 0.107 -0.99 0.091 0.122 -0.988 0.095 0.088 -0.992 0.096 0.024 -0.995 0.083 -0.048 -0.995 0.061 -0.11 -0.992 0.048 -0.13 -0.99 0.052 -0.128 -0.99 0.067 -0.121 -0.99 -0.04 0.05 -0.998 0.067 0.053 -0.996 0.067 0.055 -0.996 0.066 0.051 -0.997 0.059 0.035 -0.998 0.028 -0.006 -1 -0.006 -0.039 -0.999 -0.026 -0.052 -0.998 -0.024 -0.052 -0.998 0.008 -0.045 -0.999 0.048 -0.037 -0.998 0.083 -0.036 -0.996 -0.002 -0.012 -1 -0.165 0.028 -0.986 -0.172 0.03 -0.985 -0.16 0.021 -0.987 -0.117 -0.023 -0.993 -0.075 -0.069 -0.995 -0.066 -0.081 -0.994 -0.068 -0.075 -0.995 -0.1 0.091 -0.991 -0.118 0.177 -0.977 -0.122 0.142 -0.982 -0.132 0.102 -0.986 -0.141 0.071 -0.987 -0.141 0.069 -0.988 -0.127 0.089 -0.988 -0.092 0.121 -0.988 -0.049 0.15 -0.988 -0.033 0.155 -0.987 -0.029 0.156 -0.987 -0.031 0.156 -0.987 0.015 -0.205 -0.979 -0.063 -0.17 -0.983 -0.067 -0.177 -0.982 -0.068 -0.179 -0.982 -0.056 -0.173 -0.983 -0.019 -0.163 -0.986 0.022 -0.159 -0.987 0.055 -0.162 -0.985 0.068 -0.165 -0.984 0.054 -0.158 -0.986 0.028 -0.145 -0.989 -0 -0.126 -0.992 0.037 -0.178 -0.983 0.129 -0.289 -0.948 0.132 -0.292 -0.947 0.126 -0.27 -0.954 0.118 -0.194 -0.974 0.112 -0.116 -0.987 0.113 -0.092 -0.989 0.111 -0.096 -0.989 0.042 -0.227 -0.973 0.015 -0.284 -0.959 0.039 -0.26 -0.965 0.062 -0.242 -0.968 0.074 -0.233 -0.97 0.062 -0.238 -0.969 0.031 -0.248 -0.968 -0.01 -0.251 -0.968 -0.049 -0.248 -0.967 -0.061 -0.245 -0.968 -0.06 -0.246 -0.967 -0.055 -0.253 -0.966 -0.217 -0.08 -0.973 -0.178 -0.184 -0.967 -0.164 -0.182 -0.97 -0.159 -0.181 -0.971 -0.174 -0.174 -0.969 -0.213 -0.146 -0.966 -0.251 -0.107 -0.962 -0.278 -0.066 -0.958 -0.289 -0.043 -0.956 -0.286 -0.056 -0.957 -0.279 -0.089 -0.956 -0.274 -0.135 -0.952 -0.256 -0.064 -0.965 -0.217 0.124 -0.968 -0.216 0.13 -0.968 -0.237 0.102 -0.966 -0.314 0.023 -0.949 -0.389 -0.054 -0.92 -0.415 -0.074 -0.907 -0.41 -0.073 -0.909 -0.232 -0.04 -0.972 -0.162 -0.021 -0.987 -0.207 -0.016 -0.978 -0.239 -0.008 -0.971 -0.252 -0.005 -0.968 -0.23 -0.017 -0.973 -0.19 -0.045 -0.981 -0.152 -0.083 -0.985 -0.123 -0.123 -0.985 -0.117 -0.138 -0.984 -0.116 -0.133 -0.984 -0.114 -0.119 -0.986 0.185 -0.284 -0.941 0.221 -0.201 -0.954 0.21 -0.196 -0.958 0.207 -0.194 -0.959 0.213 -0.205 -0.955 0.222 -0.242 -0.944 0.225 -0.285 -0.932 0.219 -0.323 -0.921 0.214 -0.342 -0.915 0.22 -0.332 -0.917 0.235 -0.307 -0.922 0.258 -0.276 -0.926 0.202 -0.314 -0.928 0.065 -0.41 -0.91 0.062 -0.412 -0.909 0.093 -0.406 -0.909 0.191 -0.395 -0.899 0.287 -0.383 -0.878 0.317 -0.382 -0.868 0.314 -0.38 -0.87 0.172 -0.318 -0.932 0.11 -0.294 -0.95 0.138 -0.319 -0.938 0.155 -0.339 -0.928 0.163 -0.348 -0.923 0.155 -0.331 -0.931 0.145 -0.295 -0.945 0.142 -0.252 -0.957 0.146 -0.213 -0.966 0.15 -0.201 -0.968 0.147 -0.203 -0.968 0.137 -0.211 -0.968 0.066 -0.008 -0.998 -0.054 0.016 -0.998 -0.056 0.007 -0.998 -0.055 0.007 -0.998 -0.04 0.02 -0.999 0.008 0.046 -0.999 0.062 0.063 -0.996 0.105 0.068 -0.992 0.122 0.068 -0.99 0.103 0.073 -0.992 0.068 0.083 -0.994 0.029 0.099 -0.995 0.092 0.042 -0.995 0.235 -0.076 -0.969 0.24 -0.081 -0.967 0.228 -0.056 -0.972 0.199 0.035 -0.979 0.17 0.126 -0.977 0.166 0.154 -0.974 0.164 0.147 -0.975 0.116 -0.034 -0.993 0.097 -0.116 -0.989 0.119 -0.08 -0.99 0.143 -0.052 -0.988 0.156 -0.036 -0.987 0.141 -0.047 -0.989 0.104 -0.067 -0.992 0.05 -0.084 -0.995 -0.025 -0.09 -0.996 -0.025 -0.091 -0.996 -0.018 -0.096 -0.995 0.103 -0.131 -0.986 0.092 -0.223 -0.971 0.095 -0.223 -0.97 0.093 -0.222 -0.971 0.081 -0.213 -0.974 0.052 -0.18 -0.982 0.031 -0.144 -0.989 0.022 -0.121 -0.992 0.021 -0.117 -0.993 0.021 -0.14 -0.99 0.02 -0.173 -0.985 0.014 -0.203 -0.979 0.048 -0.141 -0.989 0.112 -0.011 -0.994 0.103 -0.015 -0.995 0.053 -0.046 -0.998 0.001 -0.076 -0.997 -0.013 -0.081 -0.997 -0.006 -0.082 -0.997 0.137 -0.088 -0.987 0.208 -0.087 -0.974 0.179 -0.078 -0.981 0.15 -0.063 -0.987 0.13 -0.052 -0.99 0.132 -0.055 -0.99 0.149 -0.074 -0.986 0.17 -0.11 -0.979 0.185 -0.15 -0.971 0.187 -0.166 -0.968 0.187 -0.168 -0.968 0.188 -0.166 -0.968 0.134 0.19 -0.973 0.12 0.058 -0.991 0.129 0.056 -0.99 0.128 0.057 -0.99 0.112 0.072 -0.991 0.075 0.125 -0.989 0.046 0.18 -0.983 0.034 0.22 -0.975 0.032 0.23 -0.973 0.031 0.201 -0.979 0.028 0.153 -0.988 0.018 0.105 -0.994 0.068 0.188 -0.98 0.168 0.371 -0.913 0.171 0.377 -0.91 0.15 0.363 -0.92 0.064 0.32 -0.945 -0.025 0.277 -0.961 -0.051 0.269 -0.962 -0.043 0.267 -0.963 0.173 0.239 -0.955 0.269 0.228 -0.936 0.225 0.25 -0.942 0.184 0.276 -0.943 0.159 0.292 -0.943 0.166 0.285 -0.944 0.192 0.251 -0.949 0.221 0.196 -0.955 0.241 0.134 -0.961 0.243 0.113 -0.964 0.243 0.112 -0.963 0.247 0.12 -0.962 0.054 0.031 -0.998 0.146 0.135 -0.98 0.137 0.147 -0.98 0.134 0.15 -0.98 0.136 0.128 -0.982 0.127 0.069 -0.99 0.106 0.006 -0.994 0.077 -0.046 -0.996 0.058 -0.071 -0.996 0.07 -0.061 -0.996 0.101 -0.037 -0.994 0.146 -0.009 -0.989 0.059 -0.026 -0.998 -0.156 -0.084 -0.984 -0.163 -0.087 -0.983 -0.123 -0.094 -0.988 -0.001 -0.133 -0.991 0.12 -0.174 -0.977 0.155 -0.192 -0.969 0.151 -0.186 -0.971 0.015 -0.012 -1 -0.045 0.054 -0.998 -0.025 0.004 -1 -0.015 -0.033 -0.999 -0.011 -0.048 -0.999 -0.011 -0.017 -1 -0.004 0.042 -0.999 0.017 0.105 -0.994 0.045 0.158 -0.986 0.059 0.175 -0.983 0.055 0.174 -0.983 0.04 0.17 -0.985 0.117 0.001 -0.993 0.02 0.012 -1 0.02 0.01 -1 0.021 0.013 -1 0.029 0.027 -0.999 0.062 0.061 -0.996 0.097 0.086 -0.992 0.117 0.096 -0.989 0.115 0.096 -0.989 0.085 0.093 -0.992 0.048 0.091 -0.995 0.015 0.094 -0.995 0.09 0.062 -0.994 0.232 0.004 -0.973 0.238 0.002 -0.971 0.229 0.011 -0.973 0.195 0.058 -0.979 0.162 0.105 -0.981 0.156 0.117 -0.981 0.157 0.11 -0.981 0.165 -0.044 -0.985 0.171 -0.125 -0.977 0.179 -0.094 -0.979 0.193 -0.059 -0.979 0.205 -0.032 -0.978 0.205 -0.029 -0.978 0.19 -0.046 -0.981 0.155 -0.07 -0.985 0.112 -0.091 -0.99 0.097 -0.094 -0.991 0.093 -0.094 -0.991 0.095 -0.095 -0.991 0.097 0.239 -0.966 0.163 0.197 -0.967 0.168 0.203 -0.965 0.169 0.205 -0.964 0.158 0.201 -0.967 0.123 0.197 -0.973 0.085 0.199 -0.976 0.056 0.205 -0.977 0.044 0.209 -0.977 0.056 0.202 -0.978 0.078 0.187 -0.979 0.102 0.166 -0.981 0.074 0.217 -0.973 0.001 0.33 -0.944 -0.002 0.333 -0.943 0.001 0.312 -0.95 0.001 0.242 -0.97 -0.001 0.17 -0.985 -0.005 0.149 -0.989 -0.002 0.152 -0.988 0.075 0.262 -0.962 0.105 0.31 -0.945 0.08 0.292 -0.953 0.058 0.279 -0.959 0.045 0.272 -0.961 0.057 0.275 -0.96 0.087 0.28 -0.956 0.124 0.278 -0.953 0.159 0.27 -0.949 0.17 0.265 -0.949 0.169 0.267 -0.949 0.165 0.273 -0.948 0.292 0.095 -0.952 0.269 0.195 -0.943 0.256 0.195 -0.947 0.251 0.195 -0.948 0.264 0.187 -0.946 0.296 0.156 -0.942 0.326 0.116 -0.938 0.345 0.075 -0.936 0.352 0.052 -0.934 0.352 0.065 -0.934 0.349 0.096 -0.932 0.35 0.138 -0.927 0.325 0.076 -0.943 0.266 -0.091 -0.96 0.265 -0.096 -0.959 0.288 -0.073 -0.955 0.367 -0.011 -0.93 0.445 0.048 -0.894 0.471 0.062 -0.88 0.466 0.063 -0.883 0.301 0.058 -0.952 0.235 0.05 -0.971 0.275 0.039 -0.961 0.303 0.027 -0.952 0.314 0.023 -0.949 0.296 0.037 -0.955 0.264 0.068 -0.962 0.234 0.108 -0.966 0.213 0.147 -0.966 0.208 0.161 -0.965 0.207 0.157 -0.966 0.204 0.145 -0.968 -0.051 0.332 -0.942 -0.093 0.261 -0.961 -0.083 0.255 -0.963 -0.08 0.253 -0.964 -0.085 0.264 -0.961 -0.09 0.299 -0.95 -0.089 0.338 -0.937 -0.08 0.372 -0.925 -0.073 0.389 -0.918 -0.08 0.38 -0.922 -0.096 0.359 -0.928 -0.121 0.334 -0.935 -0.064 0.362 -0.93 0.071 0.432 -0.899 0.074 0.434 -0.898 0.045 0.432 -0.901 -0.047 0.434 -0.9 -0.138 0.436 -0.889 -0.167 0.439 -0.883 -0.164 0.437 -0.885 -0.036 0.361 -0.932 0.019 0.331 -0.943 -0.004 0.358 -0.934 -0.019 0.379 -0.925 -0.025 0.388 -0.921 -0.019 0.371 -0.928 -0.013 0.337 -0.942 -0.015 0.297 -0.955 -0.022 0.263 -0.965 -0.027 0.252 -0.967 -0.024 0.254 -0.967 -0.015 0.26 -0.966 0.028 0.067 -0.997 0.134 0.031 -0.991 0.137 0.038 -0.99 0.136 0.038 -0.99 0.121 0.028 -0.992 0.074 0.011 -0.997 0.023 0.002 -1 -0.017 0.003 -1 -0.033 0.005 -0.999 -0.016 -0.002 -1 0.015 -0.015 -1 0.048 -0.035 -0.998 -0.002 0.025 -1 -0.119 0.149 -0.982 -0.124 0.154 -0.98 -0.116 0.13 -0.985 -0.099 0.044 -0.994 -0.085 -0.043 -0.995 -0.084 -0.068 -0.994 -0.082 -0.062 -0.995 -0.015 0.096 -0.995 0.012 0.169 -0.986 -0.012 0.139 -0.99 -0.037 0.116 -0.993 -0.051 0.104 -0.993 -0.036 0.111 -0.993 0.001 0.126 -0.992 0.052 0.134 -0.99 0.102 0.134 -0.986 0.12 0.13 -0.984 0.115 0.136 -0.984 0.009 0.183 -0.983 0.028 0.265 -0.964 0.025 0.265 -0.964 0.027 0.264 -0.964 0.038 0.254 -0.966 0.06 0.221 -0.973 0.076 0.186 -0.98 0.081 0.164 -0.983 0.082 0.16 -0.984 0.084 0.181 -0.98 0.089 0.211 -0.974 0.097 0.237 -0.967 0.059 0.185 -0.981 -0.014 0.076 -0.997 -0.017 0.071 -0.997 -0.005 0.078 -0.997 0.044 0.1 -0.994 0.095 0.121 -0.988 0.108 0.124 -0.986 0.102 0.125 -0.987 -0.028 0.148 -0.989 -0.093 0.156 -0.983 -0.068 0.144 -0.987 -0.043 0.127 -0.991 -0.025 0.115 -0.993 -0.027 0.118 -0.993 -0.04 0.137 -0.99 -0.055 0.172 -0.984 -0.065 0.211 -0.975 -0.065 0.225 -0.972 -0.065 0.227 -0.972 -0.066 0.225 -0.972 -0.058 -0.222 -0.973 -0.067 -0.089 -0.994 -0.075 -0.089 -0.993 -0.075 -0.09 -0.993 -0.057 -0.101 -0.993 -0.01 -0.148 -0.989 0.027 -0.198 -0.98 0.046 -0.236 -0.971 0.05 -0.245 -0.968 0.046 -0.216 -0.975 0.042 -0.168 -0.985 0.044 -0.118 -0.992 0.007 -0.21 -0.978 -0.064 -0.408 -0.911 -0.067 -0.415 -0.908 -0.047 -0.397 -0.917 0.032 -0.34 -0.94 0.113 -0.282 -0.953 0.138 -0.269 -0.953 0.13 -0.27 -0.954 -0.09 -0.278 -0.956 -0.189 -0.283 -0.94 -0.14 -0.297 -0.945 -0.095 -0.316 -0.944 -0.067 -0.328 -0.942 -0.076 -0.322 -0.944 -0.107 -0.293 -0.95 -0.145 -0.243 -0.959 -0.175 -0.185 -0.967 -0.18 -0.164 -0.97 -0.181 -0.164 -0.97 -0.184 -0.172 -0.968 -0.005 -0.051 -0.999 -0.08 -0.17 -0.982 -0.068 -0.181 -0.981 -0.065 -0.183 -0.981 -0.07 -0.162 -0.984 -0.071 -0.101 -0.992 -0.061 -0.035 -0.998 -0.041 0.022 -0.999 -0.027 0.05 -0.998 -0.037 0.038 -0.999 -0.063 0.009 -0.998 -0.103 -0.027 -0.994 -0.019 0.005 -1 0.184 0.1 -0.978 0.19 0.104 -0.976 0.15 0.104 -0.983 0.022 0.122 -0.992 -0.106 0.142 -0.984 -0.145 0.154 -0.977 -0.14 0.149 -0.979 0.026 -0.002 -1 0.097 -0.057 -0.994 0.069 -0.011 -0.998 0.053 0.025 -0.998 0.046 0.039 -0.998 0.052 0.007 -0.999 0.054 -0.052 -0.997 0.044 -0.119 -0.992 0.025 -0.176 -0.984 0.014 -0.195 -0.981 0.018 -0.194 -0.981 0.032 -0.187 -0.982 -0.073 -0.032 -0.997 0.026 -0.026 -0.999 0.026 -0.024 -0.999 0.025 -0.028 -0.999 0.02 -0.043 -0.999 -0.008 -0.082 -0.997 -0.038 -0.113 -0.993 -0.057 -0.126 -0.99 -0.055 -0.126 -0.991 -0.026 -0.118 -0.993 0.011 -0.11 -0.994 0.044 -0.108 -0.993 -0.035 -0.088 -0.995 -0.188 -0.054 -0.981 -0.194 -0.053 -0.98 -0.183 -0.061 -0.981 -0.142 -0.102 -0.985 -0.101 -0.143 -0.985 -0.093 -0.153 -0.984 -0.095 -0.148 -0.985 -0.129 0.005 -0.992 -0.148 0.085 -0.985 -0.151 0.052 -0.987 -0.159 0.015 -0.987 -0.167 -0.014 -0.986 -0.167 -0.016 -0.986 -0.154 0.002 -0.988 -0.123 0.033 -0.992 -0.084 0.061 -0.995 -0.069 0.066 -0.995 -0.065 0.067 -0.996 -0.067 0.067 -0.995 -0.014 -0.265 -0.964 -0.087 -0.235 -0.968 -0.091 -0.242 -0.966 -0.091 -0.243 -0.966 -0.081 -0.238 -0.968 -0.046 -0.228 -0.973 -0.008 -0.223 -0.975 0.022 -0.225 -0.974 0.034 -0.227 -0.973 0.021 -0.221 -0.975 -0.003 -0.21 -0.978 -0.03 -0.193 -0.981 0.006 -0.239 -0.971 0.096 -0.339 -0.936 0.099 -0.342 -0.935 0.093 -0.321 -0.942 0.082 -0.252 -0.964 0.073 -0.18 -0.981 0.074 -0.158 -0.985 0.071 -0.162 -0.984 0.012 -0.285 -0.959 -0.01 -0.337 -0.941 0.011 -0.315 -0.949 0.032 -0.298 -0.954 0.043 -0.289 -0.956 0.032 -0.294 -0.955 0.003 -0.304 -0.953 -0.035 -0.308 -0.951 -0.071 -0.307 -0.949 -0.083 -0.303 -0.949 -0.082 -0.305 -0.949 -0.076 -0.311 -0.947 -0.233 -0.155 -0.96 -0.193 -0.25 -0.949 -0.18 -0.248 -0.952 -0.175 -0.247 -0.953 -0.19 -0.241 -0.952 -0.227 -0.216 -0.95 -0.264 -0.181 -0.948 -0.29 -0.144 -0.946 -0.301 -0.122 -0.946 -0.298 -0.134 -0.945 -0.29 -0.165 -0.943 -0.284 -0.207 -0.936 -0.269 -0.141 -0.953 -0.238 0.034 -0.971 -0.238 0.04 -0.97 -0.257 0.013 -0.966 -0.326 -0.061 -0.943 -0.395 -0.133 -0.909 -0.419 -0.152 -0.895 -0.414 -0.151 -0.898 -0.248 -0.119 -0.961 -0.183 -0.1 -0.978 -0.226 -0.096 -0.969 -0.256 -0.089 -0.963 -0.267 -0.087 -0.96 -0.246 -0.098 -0.964 -0.209 -0.123 -0.97 -0.172 -0.158 -0.972 -0.138 -0.207 -0.969 -0.137 -0.202 -0.97 -0.136 -0.189 -0.973 0.148 -0.332 -0.931 0.178 -0.255 -0.95 0.168 -0.25 -0.953 0.165 -0.249 -0.954 0.171 -0.259 -0.951 0.182 -0.292 -0.939 0.186 -0.332 -0.925 0.183 -0.367 -0.912 0.178 -0.385 -0.906 0.184 -0.375 -0.909 0.197 -0.352 -0.915 0.218 -0.322 -0.921 0.166 -0.359 -0.918 0.042 -0.452 -0.891 0.039 -0.454 -0.89 0.068 -0.447 -0.892 0.16 -0.434 -0.887 0.25 -0.419 -0.873 0.279 -0.418 -0.865 0.276 -0.416 -0.867 0.138 -0.363 -0.921 0.079 -0.343 -0.936 0.106 -0.366 -0.925 0.123 -0.384 -0.915 0.131 -0.392 -0.911 0.123 -0.376 -0.919 0.111 -0.343 -0.933 0.107 -0.304 -0.947 0.109 -0.268 -0.957 0.112 -0.257 -0.96 0.109 -0.259 -0.96 0.101 -0.267 -0.959 0.027 -0.082 -0.996 -0.084 -0.064 -0.994 -0.087 -0.072 -0.994 -0.086 -0.072 -0.994 -0.072 -0.059 -0.996 -0.028 -0.035 -0.999 0.021 -0.017 -1 0.061 -0.011 -0.998 0.077 -0.01 -0.997 0.059 -0.006 -0.998 0.026 0.001 -1 -0.01 0.015 -1 0.05 -0.035 -0.998 0.187 -0.139 -0.972 0.192 -0.143 -0.971 0.18 -0.12 -0.976 0.15 -0.038 -0.988 0.121 0.046 -0.992 0.116 0.072 -0.991 0.114 0.065 -0.991 0.074 -0.104 -0.992 0.059 -0.181 -0.982 0.079 -0.147 -0.986 0.1 -0.12 -0.988 0.111 -0.106 -0.988 0.098 -0.116 -0.988 0.064 -0.136 -0.989 0.014 -0.153 -0.988 -0.036 -0.162 -0.986 -0.054 -0.16 -0.986 -0.055 -0.161 -0.985 -0.048 -0.166 -0.985 0.065 -0.194 -0.979 0.059 -0.279 -0.959 0.062 -0.279 -0.958 0.06 -0.278 -0.959 0.048 -0.27 -0.962 0.02 -0.241 -0.97 -0.001 -0.209 -0.978 -0.01 -0.187 -0.982 -0.011 -0.184 -0.983 -0.01 -0.206 -0.979 -0.01 -0.236 -0.972 -0.014 -0.263 -0.965 0.07 -0.084 -0.994 0.072 -0.079 -0.994 0.062 -0.088 -0.994 0.016 -0.118 -0.993 -0.031 -0.147 -0.989 -0.043 -0.152 -0.987 -0.038 -0.153 -0.988 0.096 -0.153 -0.983 0.162 -0.151 -0.975 0.135 -0.143 -0.981 0.107 -0.131 -0.986 0.088 -0.121 -0.989 0.09 -0.123 -0.988 0.106 -0.14 -0.984 0.127 -0.173 -0.977 0.143 -0.209 -0.967 0.145 -0.223 -0.964 0.145 -0.226 -0.963 0.146 -0.223 -0.964 -0.02 0.062 -0.998 0.086 -0.029 -0.996 0.093 -0.023 -0.995 0.091 -0.022 -0.996 0.07 -0.028 -0.997 0.002 -0.028 -1 -0.063 -0.019 -0.998 -0.105 -0.006 -0.994 -0.115 -0.001 -0.993 -0.09 -0.02 -0.996 -0.051 -0.052 -0.997 -0.015 -0.09 -0.996 -0.057 0.004 -0.998 -0.158 0.205 -0.966 -0.161 0.212 -0.964 -0.161 0.184 -0.97 -0.174 0.082 -0.981 -0.189 -0.02 -0.982 -0.197 -0.047 -0.979 -0.192 -0.041 -0.981 -0.04 0.127 -0.991 0.026 0.205 -0.978 -0.019 0.179 -0.984 -0.065 0.159 -0.985 -0.094 0.148 -0.985 -0.083 0.149 -0.985 -0.039 0.151 -0.988 0.026 0.142 -0.989 0.091 0.123 -0.988 0.11 0.112 -0.988 0.111 0.112 -0.987 0.107 0.12 -0.987 0.07 -0.102 -0.992 0.035 0.039 -0.999 0.019 0.039 -0.999 0.014 0.038 -0.999 0.034 0.026 -0.999 0.08 -0.017 -0.997 0.122 -0.072 -0.99 0.149 -0.127 -0.981 0.16 -0.157 -0.975 0.159 -0.141 -0.977 0.156 -0.101 -0.983 0.158 -0.046 -0.986 0.122 -0.131 -0.984 0.043 -0.345 -0.938 0.041 -0.352 -0.935 0.071 -0.323 -0.944 0.177 -0.243 -0.954 0.283 -0.161 -0.945 0.319 -0.14 -0.937 0.311 -0.14 -0.94 0.084 -0.16 -0.983 -0.008 -0.173 -0.985 0.046 -0.185 -0.982 0.084 -0.198 -0.977 0.099 -0.203 -0.974 0.072 -0.185 -0.98 0.027 -0.145 -0.989 -0.016 -0.09 -0.996 -0.045 -0.034 -0.998 -0.051 -0.012 -0.999 -0.053 -0.016 -0.998 -0.058 -0.032 -0.998 0.133 -0.065 -0.989 0.066 -0.143 -0.987 0.068 -0.144 -0.987 0.065 -0.141 -0.988 0.058 -0.126 -0.99 0.049 -0.078 -0.996 0.048 -0.033 -0.998 0.051 -0.01 -0.999 0.05 -0.011 -0.999 0.035 -0.038 -0.999 0.014 -0.072 -0.997 -0.007 -0.098 -0.995 0.064 -0.053 -0.997 0.197 0.038 -0.98 0.202 0.042 -0.978 0.189 0.039 -0.981 0.13 0.037 -0.991 0.07 0.036 -0.997 0.057 0.038 -0.998 0.062 0.034 -0.997 0.2 -0.049 -0.979 0.271 -0.09 -0.958 0.249 -0.065 -0.966 0.228 -0.033 -0.973 0.212 -0.006 -0.977 0.21 -0.005 -0.978 0.215 -0.028 -0.976 0.216 -0.073 -0.974 0.208 -0.122 -0.97 0.202 -0.137 -0.97 0.2 -0.14 -0.97 0.201 -0.139 -0.97 -0.084 0.06 -0.995 -0.009 0.093 -0.996 -0.012 0.1 -0.995 -0.012 0.102 -0.995 -0.015 0.09 -0.996 -0.033 0.057 -0.998 -0.056 0.025 -0.998 -0.079 0.004 -0.997 -0.09 -0.003 -0.996 -0.076 0.002 -0.997 -0.05 0.012 -0.999 -0.018 0.019 -1 -0.079 0.027 -0.997 -0.22 0.035 -0.975 -0.224 0.035 -0.974 -0.204 0.024 -0.979 -0.143 -0.02 -0.99 -0.083 -0.066 -0.994 -0.066 -0.083 -0.994 -0.068 -0.078 -0.995 -0.118 0.056 -0.991 -0.142 0.112 -0.984 -0.14 0.079 -0.987 -0.142 0.051 -0.989 -0.143 0.036 -0.989 -0.139 0.049 -0.989 -0.126 0.077 -0.989 -0.102 0.108 -0.989 -0.075 0.134 -0.988 -0.064 0.141 -0.988 -0.066 0.141 -0.988 -0.074 0.141 -0.987 0.153 0.146 -0.977 0.054 0.184 -0.981 0.046 0.173 -0.984 0.044 0.169 -0.985 0.058 0.176 -0.983 0.104 0.185 -0.977 0.155 0.188 -0.97 0.201 0.181 -0.963 0.225 0.174 -0.959 0.214 0.181 -0.96 0.185 0.197 -0.963 0.149 0.223 -0.963 0.189 0.163 -0.968 0.297 0.015 -0.955 0.301 0.01 -0.954 0.294 0.044 -0.955 0.287 0.151 -0.946 0.28 0.256 -0.925 0.282 0.289 -0.915 0.279 0.284 -0.917 0.191 0.131 -0.973 0.16 0.067 -0.985 0.192 0.097 -0.977 0.218 0.116 -0.969 0.228 0.123 -0.966 0.206 0.114 -0.972 0.161 0.104 -0.981 0.109 0.101 -0.989 0.063 0.105 -0.992 0.048 0.11 -0.993 0.051 0.107 -0.993 0.06 0.096 -0.994 -0.253 -0.008 -0.967 -0.216 -0.087 -0.973 -0.205 -0.083 -0.975 -0.201 -0.082 -0.976 -0.213 -0.079 -0.974 -0.247 -0.061 -0.967 -0.28 -0.035 -0.959 -0.305 -0.006 -0.952 -0.315 0.011 -0.949 -0.311 -0.001 -0.95 -0.303 -0.027 -0.953 -0.296 -0.065 -0.953 -0.286 0 -0.958 -0.268 0.16 -0.95 -0.268 0.165 -0.949 -0.283 0.138 -0.949 -0.339 0.062 -0.939 -0.395 -0.013 -0.919 -0.415 -0.035 -0.909 -0.411 -0.034 -0.911 -0.269 0.023 -0.963 -0.211 0.051 -0.976 -0.247 0.048 -0.968 -0.274 0.049 -0.96 -0.286 0.05 -0.957 -0.268 0.044 -0.963 -0.234 0.027 -0.972 -0.201 0.001 -0.98 -0.175 -0.027 -0.984 -0.169 -0.038 -0.985 -0.169 -0.034 -0.985 -0.168 -0.022 -0.986 0.024 -0.104 -0.994 0.117 -0.033 -0.993 0.113 -0.026 -0.993 0.112 -0.027 -0.993 0.112 -0.046 -0.993 0.099 -0.097 -0.99 0.076 -0.146 -0.986 0.052 -0.179 -0.982 0.041 -0.192 -0.981 0.057 -0.181 -0.982 0.086 -0.162 -0.983 0.123 -0.145 -0.982 0.043 -0.154 -0.987 -0.135 -0.178 -0.975 -0.142 -0.179 -0.974 -0.116 -0.187 -0.976 -0.032 -0.224 -0.974 0.05 -0.262 -0.964 0.073 -0.277 -0.958 0.069 -0.271 -0.96 -0.027 -0.122 -0.992 -0.073 -0.056 -0.996 -0.062 -0.095 -0.994 -0.057 -0.129 -0.99 -0.055 -0.148 -0.987 -0.053 -0.132 -0.99 -0.043 -0.092 -0.995 -0.02 -0.043 -0.999 0.01 0 -1 0.024 0.013 -1 0.024 0.014 -1 0.016 0.013 -1 -0.087 -0.05 -0.995 -0.147 0.017 -0.989 -0.149 0.015 -0.989 -0.147 0.016 -0.989 -0.132 0.019 -0.991 -0.09 0.017 -0.996 -0.051 0.009 -0.999 -0.028 0 -1 -0.025 -0.001 -1 -0.042 0.014 -0.999 -0.064 0.036 -0.997 -0.082 0.059 -0.995 -0.06 -0.006 -0.998 -0.008 -0.134 -0.991 -0.006 -0.139 -0.99 -0.006 -0.125 -0.992 0.005 -0.069 -0.998 0.017 -0.014 -1 0.022 -0.001 -1 0.018 -0.005 -1 -0.079 -0.103 -0.992 -0.125 -0.152 -0.98 -0.1 -0.138 -0.985 -0.07 -0.127 -0.989 -0.049 -0.12 -0.992 -0.053 -0.12 -0.991 -0.077 -0.12 -0.99 -0.116 -0.111 -0.987 -0.156 -0.095 -0.983 -0.168 -0.087 -0.982 -0.17 -0.085 -0.982 -0.168 -0.088 -0.982 0.091 -0.124 -0.988 -0.024 -0.05 -0.998 -0.029 -0.057 -0.998 -0.028 -0.058 -0.998 -0.008 -0.05 -0.999 0.058 -0.039 -0.998 0.122 -0.039 -0.992 0.164 -0.046 -0.985 0.175 -0.049 -0.983 0.148 -0.034 -0.988 0.106 -0.009 -0.994 0.066 0.023 -0.998 0.12 -0.063 -0.991 0.243 -0.241 -0.94 0.247 -0.248 -0.937 0.243 -0.221 -0.945 0.243 -0.121 -0.963 0.243 -0.02 -0.97 0.247 0.008 -0.969 0.243 0.002 -0.97 0.119 -0.183 -0.976 0.065 -0.268 -0.961 0.106 -0.236 -0.966 0.148 -0.211 -0.966 0.174 -0.195 -0.965 0.164 -0.198 -0.966 0.122 -0.207 -0.971 0.058 -0.207 -0.977 -0.008 -0.198 -0.98 -0.028 -0.189 -0.981 -0.03 -0.19 -0.981 -0.024 -0.197 -0.98 -0.018 0.023 -1 0.035 -0.11 -0.993 0.051 -0.107 -0.993 0.055 -0.106 -0.993 0.034 -0.097 -0.995 -0.016 -0.062 -0.998 -0.099 0.036 -0.994 -0.111 0.049 -0.993 -0.102 0.011 -0.995 -0.096 -0.044 -0.994 -0.073 0.045 -0.996 -0.029 0.265 -0.964 -0.028 0.273 -0.962 -0.052 0.24 -0.969 -0.144 0.146 -0.979 -0.236 0.053 -0.97 -0.268 0.028 -0.963 -0.261 0.029 -0.965 -0.041 0.078 -0.996 0.047 0.103 -0.994 -0.007 0.107 -0.994 -0.046 0.115 -0.992 -0.061 0.118 -0.991 -0.033 0.104 -0.994 0.018 0.071 -0.997 0.067 0.023 -0.998 0.103 -0.027 -0.994 0.112 -0.048 -0.993 0.113 -0.044 -0.993 0.115 -0.028 -0.993 -0.074 -0.022 -0.997 -0.021 0.063 -0.998 -0.022 0.064 -0.998 -0.02 0.061 -0.998 -0.011 0.048 -0.999 0.005 0.002 -1 0.013 -0.042 -0.999 0.013 -0.065 -0.998 0.014 -0.063 -0.998 0.024 -0.034 -0.999 0.04 0.001 -0.999 0.057 0.029 -0.998 -0.006 -0.024 -1 -0.123 -0.13 -0.984 -0.128 -0.134 -0.983 -0.115 -0.13 -0.985 -0.058 -0.12 -0.991 0 -0.111 -0.994 0.014 -0.111 -0.994 0.008 -0.108 -0.994 -0.138 -0.046 -0.989 -0.214 -0.015 -0.977 -0.189 -0.037 -0.981 -0.163 -0.065 -0.984 -0.144 -0.089 -0.986 -0.142 -0.09 -0.986 -0.15 -0.068 -0.986 -0.157 -0.025 -0.987 -0.157 0.024 -0.987 -0.152 0.04 -0.988 -0.151 0.043 -0.988 -0.152 0.042 -0.988 0.153 -0.113 -0.982 0.085 -0.155 -0.984 0.088 -0.162 -0.983 0.089 -0.163 -0.982 0.091 -0.151 -0.984 0.103 -0.117 -0.988 0.122 -0.083 -0.989 0.141 -0.059 -0.988 0.15 -0.05 -0.987 0.137 -0.058 -0.989 0.114 -0.071 -0.991 0.083 -0.083 -0.993 0.143 -0.081 -0.986 0.28 -0.068 -0.958 0.285 -0.067 -0.956 0.264 -0.06 -0.963 0.199 -0.026 -0.98 0.134 0.009 -0.991 0.116 0.023 -0.993 0.118 0.019 -0.993 0.216 -0.154 -0.964 0.209 -0.122 -0.97 0.208 -0.096 -0.974 0.207 -0.081 -0.975 0.204 -0.093 -0.974 0.195 -0.123 -0.973 0.177 -0.156 -0.972 0.154 -0.185 -0.971 0.144 -0.193 -0.971 0.146 -0.193 -0.97 0.154 -0.192 -0.969 -0.067 -0.228 -0.971 0.036 -0.252 -0.967 0.041 -0.24 -0.97 0.043 -0.235 -0.971 0.03 -0.244 -0.969 -0.013 -0.259 -0.966 -0.063 -0.269 -0.961 -0.109 -0.268 -0.957 -0.133 -0.265 -0.955 -0.121 -0.269 -0.955 -0.092 -0.281 -0.955 -0.053 -0.301 -0.952 -0.099 -0.249 -0.963 -0.225 -0.12 -0.967 -0.23 -0.116 -0.966 -0.219 -0.147 -0.965 -0.197 -0.25 -0.948 -0.178 -0.35 -0.92 -0.176 -0.381 -0.908 -0.173 -0.376 -0.91 -0.105 -0.219 -0.97 -0.083 -0.153 -0.985 -0.111 -0.186 -0.976 -0.134 -0.207 -0.969 -0.143 -0.216 -0.966 -0.122 -0.204 -0.971 -0.079 -0.188 -0.979 -0.029 -0.179 -0.983 0.016 -0.177 -0.984 0.032 -0.18 -0.983 0.028 -0.177 -0.984 0.018 -0.168 -0.986 0.306 -0.022 -0.952 0.259 0.05 -0.964 0.25 0.045 -0.967 0.246 0.043 -0.968 0.258 0.041 -0.965 0.293 0.03 -0.956 0.328 0.01 -0.944 0.356 -0.015 -0.934 0.368 -0.029 -0.929 0.363 -0.019 -0.932 0.351 0.006 -0.936 0.339 0.041 -0.94 0.339 -0.024 -0.94 0.343 -0.181 -0.922 0.343 -0.186 -0.921 0.354 -0.157 -0.922 0.398 -0.075 -0.914 0.44 0.007 -0.898 0.457 0.031 -0.889 0.453 0.03 -0.891 0.326 -0.049 -0.944 0.274 -0.085 -0.958 0.308 -0.076 -0.948 0.334 -0.074 -0.94 0.346 -0.072 -0.936 0.327 -0.069 -0.942 0.293 -0.058 -0.954 0.257 -0.038 -0.966 0.229 -0.015 -0.973 0.221 -0.005 -0.975 0.222 -0.009 -0.975 0.223 -0.02 -0.975 0.026 0.031 -0.999 -0.055 -0.05 -0.997 -0.05 -0.057 -0.997 -0.049 -0.056 -0.997 -0.051 -0.037 -0.998 -0.045 0.014 -0.999 -0.031 0.065 -0.997 -0.012 0.101 -0.995 -0.003 0.114 -0.993 -0.017 0.102 -0.995 -0.043 0.079 -0.996 -0.076 0.058 -0.995 0.001 0.077 -0.997 0.169 0.126 -0.977 0.175 0.129 -0.976 0.149 0.132 -0.98 0.063 0.157 -0.986 -0.023 0.183 -0.983 -0.047 0.194 -0.98 -0.043 0.189 -0.981 0.073 0.056 -0.996 0.127 -0.002 -0.992 0.111 0.034 -0.993 0.101 0.067 -0.993 0.096 0.085 -0.992 0.096 0.069 -0.993 0.092 0.028 -0.995 0.077 -0.022 -0.997 0.055 -0.068 -0.996 0.042 -0.083 -0.996 0.043 -0.084 -0.996 0.05 -0.081 -0.995 0.141 -0.005 -0.99 0.208 -0.062 -0.976 0.21 -0.059 -0.976 0.208 -0.061 -0.976 0.194 -0.066 -0.979 0.153 -0.07 -0.986 0.114 -0.068 -0.991 0.091 -0.063 -0.994 0.088 -0.062 -0.994 0.106 -0.074 -0.992 0.131 -0.092 -0.987 0.151 -0.112 -0.982 0.121 -0.053 -0.991 0.053 0.065 -0.997 0.05 0.07 -0.996 0.052 0.056 -0.997 0.05 0 -0.999 0.045 -0.055 -0.997 0.042 -0.069 -0.997 0.046 -0.064 -0.997 0.126 0.044 -0.991 0.163 0.1 -0.982 0.141 0.082 -0.987 0.114 0.067 -0.991 0.095 0.057 -0.994 0.098 0.058 -0.994 0.121 0.061 -0.991 0.161 0.058 -0.985 0.201 0.049 -0.978 0.213 0.042 -0.976 0.215 0.041 -0.976 0.214 0.043 -0.976 -0.264 0.186 -0.946 -0.373 0.101 -0.922 -0.366 0.088 -0.926 -0.364 0.084 -0.927 -0.363 0.106 -0.926 -0.345 0.167 -0.924 -0.314 0.228 -0.921 -0.28 0.273 -0.92 -0.262 0.291 -0.92 -0.281 0.279 -0.918 -0.319 0.255 -0.913 -0.369 0.23 -0.901 -0.274 0.241 -0.931 -0.038 0.27 -0.962 -0.031 0.271 -0.962 -0.068 0.284 -0.956 -0.182 0.338 -0.923 -0.291 0.389 -0.874 -0.32 0.409 -0.855 -0.317 0.403 -0.858 -0.212 0.211 -0.954 -0.171 0.184 -0.968 -0.175 0.228 -0.958 -0.177 0.25 -0.952 -0.181 0.225 -0.957 -0.197 0.172 -0.965 -0.227 0.111 -0.968 -0.263 0.058 -0.963 -0.278 0.043 -0.96 -0.274 0.043 -0.961 -0.26 0.046 -0.965 -0.369 0.169 -0.914 -0.216 0.153 -0.964 -0.212 0.17 -0.962 -0.211 0.175 -0.962 -0.228 0.157 -0.961 -0.29 0.116 -0.95 -0.359 0.084 -0.93 -0.415 0.069 -0.907 -0.439 0.065 -0.896 -0.412 0.062 -0.909 -0.363 0.054 -0.93 -0.302 0.036 -0.953 -0.392 0.106 -0.914 -0.588 0.247 -0.77 -0.593 0.25 -0.765 -0.577 0.214 -0.788 -0.531 0.083 -0.843 -0.476 -0.052 -0.878 -0.463 -0.096 -0.881 -0.462 -0.088 -0.883 -0.425 0.192 -0.885 -0.405 0.308 -0.861 -0.437 0.249 -0.865 -0.466 0.203 -0.861 -0.482 0.178 -0.858 -0.464 0.197 -0.864 -0.416 0.234 -0.879 -0.348 0.267 -0.899 -0.278 0.286 -0.917 -0.254 0.287 -0.924 -0.258 0.29 -0.922 -0.271 0.298 -0.915 -0.009 -0.207 -0.978 -0.088 -0.135 -0.987 -0.071 -0.13 -0.989 -0.015 -0.127 -0.992 0.035 -0.132 -0.991 0.061 -0.139 -0.988 0.06 -0.137 -0.989 0.034 -0.12 -0.992 -0.003 -0.093 -0.996 -0.032 -0.065 -0.997 0.008 -0.144 -0.99 0.1 -0.302 -0.948 0.098 -0.285 -0.953 0.104 -0.217 -0.971 0.112 -0.147 -0.983 0.117 -0.13 -0.985 0.112 -0.135 -0.984 -0.004 -0.272 -0.962 -0.059 -0.338 -0.939 -0.025 -0.317 -0.948 0.016 -0.299 -0.954 0.046 -0.287 -0.957 0.047 -0.285 -0.957 0.02 -0.288 -0.957 -0.03 -0.283 -0.959 -0.085 -0.269 -0.959 -0.1 -0.261 -0.96 -0.102 -0.26 -0.96 -0.1 -0.263 -0.959 -0.377 -0.006 -0.926 -0.408 -0.104 -0.907 -0.409 -0.103 -0.907 -0.414 -0.1 -0.905 -0.426 -0.088 -0.901 -0.451 -0.042 -0.891 -0.467 -0.001 -0.884 -0.471 0.016 -0.882 -0.471 0.006 -0.882 -0.473 -0.028 -0.881 -0.477 -0.071 -0.876 -0.483 -0.101 -0.87 -0.446 -0.033 -0.895 -0.37 0.096 -0.924 -0.366 0.102 -0.925 -0.371 0.099 -0.923 -0.409 0.082 -0.909 -0.445 0.066 -0.893 -0.452 0.064 -0.89 -0.445 0.063 -0.893 -0.308 0.028 -0.951 -0.231 0.011 -0.973 -0.258 0.027 -0.966 -0.29 0.054 -0.955 -0.315 0.076 -0.946 -0.321 0.083 -0.943 -0.313 0.068 -0.947 -0.298 0.026 -0.954 -0.285 -0.026 -0.958 -0.285 -0.043 -0.958 -0.287 -0.049 -0.957 -0.287 -0.05 -0.957 -0.042 -0.274 -0.961 0.064 -0.154 -0.986 0.054 -0.143 -0.988 0.052 -0.142 -0.988 0.057 -0.168 -0.984 0.053 -0.239 -0.97 0.037 -0.311 -0.95 0.012 -0.364 -0.931 -0.002 -0.386 -0.923 0.016 -0.369 -0.929 0.052 -0.336 -0.94 0.1 -0.301 -0.948 -0.009 -0.334 -0.942 -0.25 -0.407 -0.878 -0.258 -0.41 -0.875 -0.217 -0.416 -0.883 -0.082 -0.448 -0.89 0.053 -0.476 -0.878 0.092 -0.487 -0.868 0.086 -0.482 -0.872 -0.099 -0.314 -0.944 -0.183 -0.238 -0.954 -0.155 -0.29 -0.944 -0.137 -0.335 -0.932 -0.128 -0.358 -0.925 -0.131 -0.333 -0.934 -0.13 -0.274 -0.953 -0.113 -0.202 -0.973 -0.085 -0.136 -0.987 -0.07 -0.115 -0.991 -0.073 -0.115 -0.991 -0.086 -0.12 -0.989 -0.049 0.272 -0.961 -0.2 0.253 -0.947 -0.201 0.235 -0.951 -0.201 0.229 -0.952 -0.187 0.248 -0.95 -0.138 0.291 -0.947 -0.074 0.327 -0.942 -0.01 0.347 -0.938 0.027 0.353 -0.935 0.012 0.355 -0.935 -0.029 0.359 -0.933 -0.087 0.37 -0.925 0 0.319 -0.948 0.22 0.194 -0.956 0.226 0.191 -0.955 0.196 0.231 -0.953 0.119 0.362 -0.925 0.044 0.485 -0.873 0.025 0.526 -0.85 0.024 0.52 -0.854 0.017 0.29 -0.957 0.022 0.189 -0.982 0.04 0.245 -0.969 0.057 0.281 -0.958 0.063 0.294 -0.954 0.038 0.266 -0.963 -0.012 0.223 -0.975 -0.076 0.186 -0.98 -0.136 0.164 -0.977 -0.16 0.16 -0.974 -0.155 0.157 -0.975 -0.138 0.15 -0.979 -0.286 -0.22 -0.933 -0.153 -0.293 -0.944 -0.142 -0.279 -0.95 -0.139 -0.274 -0.952 -0.161 -0.282 -0.946 -0.223 -0.287 -0.931 -0.294 -0.279 -0.914 -0.356 -0.257 -0.899 -0.39 -0.238 -0.89 -0.38 -0.248 -0.891 -0.351 -0.276 -0.895 -0.311 -0.32 -0.895 -0.353 -0.224 -0.908 -0.45 0.008 -0.893 -0.453 0.014 -0.891 -0.454 -0.038 -0.89 -0.465 -0.192 -0.864 -0.47 -0.34 -0.815 -0.475 -0.385 -0.791 -0.472 -0.381 -0.795 -0.351 -0.197 -0.915 -0.3 -0.112 -0.947 -0.343 -0.146 -0.928 -0.375 -0.165 -0.912 -0.386 -0.172 -0.906 -0.351 -0.163 -0.922 -0.287 -0.158 -0.945 -0.216 -0.167 -0.962 -0.156 -0.185 -0.97 -0.135 -0.197 -0.971 -0.137 -0.191 -0.972 -0.146 -0.175 -0.974 0.14 -0.153 -0.978 0.131 -0.024 -0.991 0.125 -0.025 -0.992 0.127 -0.026 -0.992 0.146 -0.035 -0.989 0.192 -0.074 -0.979 0.229 -0.118 -0.966 0.247 -0.151 -0.957 0.25 -0.158 -0.955 0.246 -0.127 -0.961 0.241 -0.083 -0.967 0.241 -0.038 -0.97 0.209 -0.133 -0.969 0.143 -0.325 -0.935 0.14 -0.332 -0.933 0.157 -0.315 -0.936 0.226 -0.257 -0.94 0.295 -0.198 -0.935 0.316 -0.185 -0.931 0.308 -0.186 -0.933 0.108 -0.217 -0.97 0.008 -0.233 -0.972 0.053 -0.24 -0.969 0.096 -0.253 -0.963 0.125 -0.263 -0.957 0.119 -0.258 -0.959 0.09 -0.235 -0.968 0.053 -0.191 -0.98 0.023 -0.138 -0.99 0.017 -0.118 -0.993 0.016 -0.116 -0.993 0.015 -0.122 -0.992 -0.254 0.126 -0.959 -0.206 0.001 -0.979 -0.195 0.003 -0.981 -0.193 0.005 -0.981 -0.214 0.012 -0.977 -0.263 0.043 -0.964 -0.308 0.085 -0.948 -0.337 0.126 -0.933 -0.348 0.147 -0.926 -0.344 0.13 -0.93 -0.336 0.093 -0.937 -0.33 0.046 -0.943 -0.311 0.134 -0.941 -0.268 0.334 -0.904 -0.267 0.341 -0.901 -0.287 0.313 -0.905 -0.363 0.23 -0.903 -0.437 0.146 -0.887 -0.462 0.123 -0.878 -0.455 0.125 -0.882 -0.267 0.183 -0.946 -0.183 0.211 -0.96 -0.229 0.212 -0.95 -0.266 0.218 -0.939 -0.282 0.22 -0.934 -0.261 0.21 -0.942 -0.219 0.185 -0.958 -0.174 0.143 -0.974 -0.139 0.096 -0.986 -0.13 0.076 -0.989 -0.128 0.077 -0.989 -0.136 -0.082 -0.987 -0.043 -0.029 -0.999 -0.046 -0.023 -0.999 -0.046 -0.025 -0.999 -0.048 -0.043 -0.998 -0.064 -0.089 -0.994 -0.108 -0.159 -0.981 -0.116 -0.166 -0.979 -0.098 -0.156 -0.983 -0.068 -0.14 -0.988 -0.034 -0.126 -0.991 -0.111 -0.129 -0.985 -0.273 -0.14 -0.952 -0.28 -0.14 -0.95 -0.26 -0.148 -0.954 -0.191 -0.185 -0.964 -0.123 -0.224 -0.967 -0.106 -0.237 -0.966 -0.109 -0.231 -0.967 -0.189 -0.086 -0.978 -0.228 -0.019 -0.974 -0.221 -0.055 -0.974 -0.218 -0.089 -0.972 -0.217 -0.11 -0.97 -0.215 -0.1 -0.972 -0.205 -0.067 -0.977 -0.181 -0.024 -0.983 -0.151 0.015 -0.988 -0.137 0.025 -0.99 -0.136 0.027 -0.99 -0.142 0.026 -0.99 -0.075 -0.267 -0.961 -0.108 -0.116 -0.987 -0.115 -0.115 -0.987 -0.097 -0.13 -0.987 -0.059 -0.181 -0.982 -0.025 -0.245 -0.969 -0.006 -0.308 -0.951 0.001 -0.346 -0.938 0.003 -0.334 -0.943 0.007 -0.296 -0.955 0.02 -0.239 -0.971 -0.033 -0.316 -0.948 -0.151 -0.508 -0.848 -0.153 -0.514 -0.844 -0.115 -0.491 -0.864 0.017 -0.428 -0.903 0.151 -0.36 -0.921 0.197 -0.342 -0.919 0.189 -0.341 -0.921 -0.056 -0.327 -0.943 -0.151 -0.323 -0.934 -0.096 -0.346 -0.933 -0.06 -0.365 -0.929 -0.049 -0.37 -0.928 -0.078 -0.344 -0.936 -0.121 -0.292 -0.949 -0.156 -0.229 -0.961 -0.175 -0.168 -0.97 -0.177 -0.145 -0.973 -0.18 -0.151 -0.972 -0.189 -0.168 -0.967 -0.155 0.173 -0.973 -0.282 0.069 -0.957 -0.277 0.063 -0.959 -0.277 0.066 -0.959 -0.28 0.091 -0.956 -0.271 0.174 -0.947 -0.25 0.247 -0.936 -0.229 0.287 -0.93 -0.228 0.29 -0.929 -0.26 0.258 -0.931 -0.306 0.213 -0.928 -0.354 0.175 -0.919 -0.233 0.217 -0.948 0.025 0.304 -0.952 0.034 0.307 -0.951 0.004 0.31 -0.951 -0.105 0.339 -0.935 -0.211 0.365 -0.907 -0.237 0.376 -0.896 -0.232 0.369 -0.9 -0.061 0.174 -0.983 0.028 0.078 -0.997 0.003 0.134 -0.991 -0.015 0.196 -0.981 -0.025 0.239 -0.971 -0.026 0.235 -0.972 -0.03 0.191 -0.981 -0.051 0.118 -0.992 -0.084 0.041 -0.996 -0.1 0.02 -0.995 -0.101 0.018 -0.995 -0.094 0.021 -0.995 0.075 -0.277 -0.958 0.219 -0.297 -0.929 0.22 -0.289 -0.932 0.219 -0.291 -0.931 0.206 -0.309 -0.929 0.148 -0.356 -0.923 0.089 -0.39 -0.917 0.051 -0.402 -0.914 0.05 -0.403 -0.914 0.094 -0.403 -0.91 0.154 -0.405 -0.901 0.209 -0.411 -0.887 0.099 -0.358 -0.929 -0.13 -0.24 -0.962 -0.136 -0.237 -0.962 -0.118 -0.26 -0.958 -0.063 -0.352 -0.934 -0.009 -0.441 -0.898 0.001 -0.465 -0.885 0.002 -0.458 -0.889 0.013 -0.215 -0.977 0.014 -0.087 -0.996 -0.005 -0.141 -0.99 -0.032 -0.194 -0.98 -0.054 -0.232 -0.971 -0.052 -0.232 -0.971 -0.022 -0.206 -0.978 0.038 -0.173 -0.984 0.107 -0.145 -0.984 0.129 -0.142 -0.981 0.131 -0.142 -0.981 0.124 -0.139 -0.983 0.058 0.086 -0.995 -0.085 0.169 -0.982 -0.087 0.166 -0.982 -0.082 0.17 -0.982 -0.057 0.183 -0.981 0.022 0.203 -0.979 0.095 0.21 -0.973 0.136 0.206 -0.969 0.137 0.207 -0.969 0.097 0.224 -0.97 0.041 0.249 -0.968 -0.004 0.277 -0.961 0.073 0.185 -0.98 0.231 -0.003 -0.973 0.238 -0.012 -0.971 0.233 0.009 -0.972 0.223 0.1 -0.97 0.215 0.191 -0.958 0.216 0.212 -0.953 0.211 0.203 -0.956 0.092 -0.009 -0.996 0.035 -0.117 -0.993 0.074 -0.08 -0.994 0.124 -0.044 -0.991 0.159 -0.02 -0.987 0.158 -0.02 -0.987 0.119 -0.03 -0.992 0.046 -0.037 -0.998 -0.036 -0.033 -0.999 -0.062 -0.026 -0.998 -0.068 -0.023 -0.997 -0.065 -0.026 -0.998 -0.132 0.073 -0.989 -0.092 -0.067 -0.994 -0.075 -0.066 -0.995 -0.071 -0.066 -0.995 -0.091 -0.053 -0.994 -0.134 -0.012 -0.991 -0.174 0.043 -0.984 -0.2 0.101 -0.975 -0.211 0.137 -0.968 -0.211 0.127 -0.969 -0.21 0.092 -0.973 -0.214 0.039 -0.976 -0.178 0.118 -0.977 -0.094 0.319 -0.943 -0.092 0.326 -0.941 -0.234 0.216 -0.948 -0.342 0.136 -0.93 -0.379 0.115 -0.918 -0.372 0.115 -0.921 -0.16 0.131 -0.978 -0.074 0.142 -0.987 -0.125 0.154 -0.98 -0.158 0.166 -0.973 -0.167 0.169 -0.971 -0.137 0.147 -0.98 -0.091 0.105 -0.99 -0.05 0.049 -0.998 -0.024 -0.004 -1 -0.019 -0.027 -0.999 -0.016 -0.023 -1 -0.011 -0.007 -1 0.169 0.23 0.959 0.082 0.266 0.961 0.081 0.261 0.962 0.082 0.262 0.962 0.093 0.271 0.958 0.133 0.289 0.948 0.174 0.299 0.938 0.2 0.301 0.933 0.204 0.301 0.932 0.18 0.308 0.934 0.147 0.319 0.936 0.115 0.334 0.936 0.172 0.281 0.944 0.288 0.172 0.942 0.292 0.168 0.941 0.285 0.186 0.941 0.265 0.253 0.931 0.245 0.319 0.916 0.242 0.337 0.91 0.241 0.332 0.912 0.2 0.186 0.962 0.181 0.112 0.977 0.2 0.14 0.97 0.222 0.166 0.961 0.239 0.183 0.954 0.235 0.182 0.955 0.212 0.171 0.962 0.171 0.161 0.972 0.126 0.157 0.979 0.112 0.16 0.981 0.111 0.159 0.981 0.114 0.156 0.981 -0.141 0.356 0.924 -0.024 0.256 0.966 -0.013 0.266 0.964 -0.011 0.268 0.963 -0.037 0.264 0.964 -0.107 0.267 0.958 -0.179 0.281 0.943 -0.234 0.304 0.923 -0.259 0.318 0.912 -0.244 0.303 0.921 -0.215 0.271 0.938 -0.183 0.225 0.957 -0.21 0.332 0.92 -0.273 0.547 0.791 -0.275 0.553 0.787 -0.283 0.514 0.81 -0.322 0.386 0.865 -0.358 0.249 0.9 -0.373 0.206 0.905 -0.368 0.211 0.906 -0.19 0.402 0.895 -0.111 0.483 0.868 -0.163 0.456 0.875 -0.206 0.438 0.875 -0.228 0.429 0.874 -0.198 0.434 0.879 -0.136 0.435 0.89 -0.064 0.42 0.905 -0 0.393 0.919 0.019 0.378 0.926 0.019 0.381 0.924 0.015 0.394 0.919 0.234 0.123 0.964 0.283 0.253 0.925 0.276 0.255 0.927 0.277 0.253 0.927 0.292 0.236 0.927 0.319 0.174 0.931 0.336 0.11 0.935 0.338 0.068 0.939 0.338 0.059 0.939 0.348 0.091 0.933 0.363 0.138 0.922 0.383 0.181 0.906 0.309 0.106 0.945 0.15 -0.058 0.987 0.144 -0.064 0.987 0.171 -0.053 0.984 0.27 -0.029 0.962 0.367 -0.007 0.93 0.393 -0.005 0.92 0.386 -0.002 0.923 0.175 0.075 0.982 0.067 0.107 0.992 0.109 0.078 0.991 0.145 0.044 0.988 0.17 0.019 0.985 0.165 0.027 0.986 0.148 0.066 0.987 0.132 0.13 0.983 0.126 0.197 0.972 0.129 0.219 0.967 0.129 0.221 0.967 0.124 0.216 0.969 -0.023 0.118 0.993 -0.128 0.054 0.99 -0.125 0.048 0.991 -0.124 0.049 0.991 -0.124 0.069 0.99 -0.109 0.124 0.986 -0.085 0.175 0.981 -0.062 0.206 0.977 -0.054 0.215 0.975 -0.076 0.2 0.977 -0.111 0.178 0.978 -0.151 0.161 0.975 -0.058 0.17 0.984 0.138 0.192 0.972 0.145 0.193 0.97 0.12 0.201 0.972 0.035 0.24 0.97 -0.049 0.279 0.959 -0.07 0.293 0.953 -0.067 0.287 0.955 0.039 0.125 0.991 0.093 0.047 0.995 0.081 0.089 0.993 0.075 0.13 0.989 0.072 0.156 0.985 0.07 0.145 0.987 0.061 0.107 0.992 0.036 0.056 0.998 0.003 0.01 1 -0.012 -0.003 1 -0.012 -0.004 1 -0.005 -0.003 1 -0.008 -0.086 0.996 0.119 -0.086 0.989 0.121 -0.074 0.99 0.121 -0.071 0.99 0.108 -0.086 0.99 0.063 -0.12 0.991 0.008 -0.147 0.989 -0.041 -0.16 0.986 -0.065 -0.163 0.984 -0.047 -0.165 0.985 -0.008 -0.17 0.985 0.039 -0.182 0.983 -0.035 -0.133 0.991 -0.213 -0.024 0.977 -0.22 -0.021 0.975 -0.199 -0.051 0.979 -0.147 -0.154 0.977 -0.096 -0.257 0.962 -0.084 -0.29 0.953 -0.083 -0.284 0.955 -0.062 -0.079 0.995 -0.057 0.01 0.998 -0.076 -0.035 0.996 -0.095 -0.069 0.993 -0.104 -0.084 0.991 -0.087 -0.067 0.994 -0.047 -0.036 0.998 0.007 -0.009 1 0.061 0.007 0.998 0.081 0.009 0.997 0.079 0.011 0.997 0.068 0.017 0.998 0.251 0.312 0.916 0.17 0.407 0.898 0.171 0.409 0.896 0.178 0.413 0.893 0.195 0.419 0.887 0.259 0.422 0.869 0.31 0.417 0.855 0.325 0.413 0.851 0.308 0.422 0.853 0.265 0.448 0.854 0.218 0.478 0.851 0.187 0.502 0.845 0.248 0.415 0.875 0.351 0.252 0.902 0.355 0.245 0.902 0.354 0.252 0.901 0.354 0.3 0.886 0.355 0.347 0.868 0.356 0.353 0.865 0.352 0.348 0.869 0.245 0.205 0.948 0.182 0.119 0.976 0.213 0.142 0.967 0.262 0.166 0.951 0.305 0.185 0.934 0.322 0.19 0.927 0.307 0.19 0.933 0.256 0.196 0.947 0.193 0.211 0.958 0.175 0.22 0.96 0.169 0.226 0.959 0.167 0.228 0.959 0.129 0.011 0.992 0.144 -0.13 0.981 0.157 -0.131 0.979 0.159 -0.13 0.979 0.14 -0.117 0.983 0.099 -0.071 0.993 0.064 -0.014 0.998 0.044 0.037 0.998 0.037 0.064 0.997 0.037 0.046 0.998 0.036 0.007 0.999 0.028 -0.043 0.999 0.073 0.04 0.997 0.162 0.236 0.958 0.165 0.243 0.956 0.137 0.219 0.966 0.037 0.154 0.987 -0.066 0.09 0.994 -0.1 0.075 0.992 -0.092 0.074 0.993 0.127 0.074 0.989 0.219 0.078 0.973 0.172 0.093 0.981 0.136 0.109 0.985 0.119 0.116 0.986 0.141 0.099 0.985 0.179 0.059 0.982 0.214 0.002 0.977 0.237 -0.055 0.97 0.24 -0.078 0.968 0.242 -0.077 0.967 0.246 -0.065 0.967 0.156 0.108 0.982 0.249 0.131 0.96 0.248 0.135 0.959 0.248 0.133 0.96 0.243 0.118 0.963 0.22 0.079 0.972 0.192 0.045 0.98 0.17 0.028 0.985 0.164 0.024 0.986 0.185 0.031 0.982 0.217 0.04 0.975 0.248 0.045 0.968 0.178 0.058 0.982 0.028 0.08 0.996 0.022 0.08 0.997 0.037 0.071 0.997 0.087 0.028 0.996 0.136 -0.016 0.991 0.147 -0.03 0.989 0.145 -0.023 0.989 0.104 0.123 0.987 0.081 0.192 0.978 0.081 0.159 0.984 0.076 0.127 0.989 0.072 0.105 0.992 0.075 0.111 0.991 0.09 0.135 0.987 0.119 0.168 0.979 0.153 0.197 0.968 0.168 0.203 0.965 0.17 0.204 0.964 0.166 0.205 0.965 0.225 -0.042 0.973 0.153 0.064 0.986 0.144 0.06 0.988 0.143 0.058 0.988 0.164 0.056 0.985 0.218 0.039 0.975 0.27 0.01 0.963 0.305 -0.02 0.952 0.319 -0.035 0.947 0.311 -0.019 0.95 0.294 0.014 0.956 0.277 0.056 0.959 0.281 -0.032 0.959 0.29 -0.227 0.93 0.291 -0.234 0.928 0.302 -0.205 0.931 0.352 -0.112 0.929 0.4 -0.02 0.916 0.418 0.005 0.909 0.411 0.002 0.911 0.247 -0.095 0.964 0.173 -0.141 0.975 0.217 -0.131 0.967 0.253 -0.128 0.959 0.271 -0.126 0.954 0.251 -0.123 0.96 0.207 -0.109 0.972 0.155 -0.08 0.985 0.111 -0.045 0.993 0.097 -0.028 0.995 0.097 -0.029 0.995 0.098 -0.04 0.994 0.24 -0.158 0.958 0.313 -0.098 0.945 0.31 -0.094 0.946 0.31 -0.096 0.946 0.312 -0.11 0.944 0.309 -0.155 0.938 0.298 -0.198 0.934 0.286 -0.222 0.932 0.284 -0.226 0.932 0.302 -0.208 0.93 0.328 -0.183 0.927 0.355 -0.163 0.921 0.283 -0.187 0.941 0.131 -0.238 0.962 0.126 -0.24 0.963 0.145 -0.242 0.959 0.213 -0.257 0.943 0.279 -0.272 0.921 0.296 -0.279 0.914 0.293 -0.275 0.916 0.188 -0.165 0.968 0.132 -0.111 0.985 0.148 -0.142 0.979 0.159 -0.175 0.972 0.166 -0.199 0.966 0.166 -0.195 0.967 0.168 -0.168 0.971 0.18 -0.126 0.976 0.198 -0.084 0.977 0.207 -0.072 0.976 0.208 -0.071 0.976 0.203 -0.073 0.976 0.492 0.053 0.869 0.354 0.001 0.935 0.357 -0.013 0.934 0.359 -0.016 0.933 0.367 0.008 0.93 0.401 0.068 0.914 0.446 0.124 0.887 0.489 0.16 0.858 0.512 0.173 0.842 0.492 0.169 0.854 0.453 0.16 0.877 0.399 0.156 0.904 0.502 0.125 0.856 0.705 0.064 0.706 0.711 0.063 0.701 0.683 0.091 0.724 0.594 0.192 0.781 0.494 0.293 0.819 0.463 0.327 0.824 0.466 0.32 0.825 0.553 0.071 0.83 0.584 -0.04 0.811 0.585 0.02 0.811 0.589 0.066 0.806 0.591 0.089 0.802 0.582 0.061 0.811 0.556 0.007 0.831 0.511 -0.048 0.858 0.46 -0.09 0.884 0.438 -0.1 0.894 0.44 -0.101 0.892 0.454 -0.104 0.885 0.116 -0.165 0.979 0.204 -0.274 0.94 0.209 -0.269 0.94 0.207 -0.269 0.941 0.185 -0.273 0.944 0.118 -0.268 0.956 0.054 -0.252 0.966 0.016 -0.233 0.972 0.007 -0.228 0.974 0.031 -0.253 0.967 0.064 -0.29 0.955 0.091 -0.331 0.939 0.064 -0.225 0.972 -0.004 -0.001 1 -0.006 0.007 1 -0.009 -0.022 1 -0.036 -0.124 0.992 -0.066 -0.224 0.972 -0.077 -0.249 0.965 -0.071 -0.244 0.967 0.103 -0.088 0.991 0.183 -0.006 0.983 0.137 -0.029 0.99 0.089 -0.046 0.995 0.056 -0.056 0.997 0.065 -0.056 0.996 0.108 -0.059 0.992 0.172 -0.075 0.982 0.233 -0.103 0.967 0.25 -0.117 0.961 0.252 -0.118 0.96 0.25 -0.111 0.962 0.234 0.069 0.97 0.226 0.192 0.955 0.219 0.192 0.957 0.219 0.191 0.957 0.237 0.181 0.955 0.278 0.141 0.95 0.312 0.095 0.945 0.329 0.059 0.943 0.332 0.048 0.942 0.33 0.075 0.941 0.327 0.117 0.938 0.329 0.16 0.931 0.295 0.074 0.952 0.223 -0.112 0.968 0.221 -0.118 0.968 0.24 -0.1 0.966 0.313 -0.043 0.949 0.386 0.011 0.923 0.407 0.023 0.913 0.401 0.023 0.916 0.211 0.01 0.977 0.118 -0 0.993 0.16 -0.01 0.987 0.199 -0.024 0.98 0.223 -0.034 0.974 0.214 -0.027 0.976 0.186 -0 0.983 0.152 0.046 0.987 0.126 0.098 0.987 0.122 0.117 0.986 0.121 0.118 0.986 0.119 0.111 0.987 0.046 0.153 0.987 -0.015 0.039 0.999 -0.004 0.032 0.999 -0.001 0.031 1 -0.009 0.049 0.999 -0.018 0.106 0.994 -0.017 0.167 0.986 -0.006 0.216 0.976 0.002 0.239 0.971 -0.008 0.224 0.975 -0.03 0.192 0.981 -0.063 0.155 0.986 0.016 0.198 0.98 0.194 0.303 0.933 0.199 0.307 0.931 0.164 0.304 0.939 0.047 0.306 0.951 -0.07 0.308 0.949 -0.106 0.313 0.944 -0.1 0.309 0.946 0.077 0.197 0.977 0.154 0.151 0.976 0.122 0.189 0.974 0.101 0.222 0.97 0.092 0.237 0.967 0.099 0.214 0.972 0.109 0.164 0.98 0.108 0.103 0.989 0.097 0.047 0.994 0.089 0.029 0.996 0.092 0.03 0.995 0.102 0.037 0.994 0.27 -0.275 0.923 0.39 -0.249 0.886 0.391 -0.252 0.885 0.391 -0.26 0.883 0.388 -0.279 0.879 0.359 -0.338 0.87 0.329 -0.382 0.864 0.318 -0.394 0.862 0.334 -0.383 0.861 0.377 -0.358 0.855 0.425 -0.33 0.843 0.46 -0.315 0.83 0.359 -0.325 0.875 0.169 -0.336 0.927 0.161 -0.336 0.928 0.167 -0.338 0.926 0.208 -0.363 0.908 0.248 -0.388 0.888 0.252 -0.392 0.885 0.25 -0.385 0.888 0.182 -0.215 0.959 0.138 -0.115 0.984 0.142 -0.155 0.978 0.14 -0.211 0.967 0.134 -0.26 0.956 0.13 -0.278 0.952 0.138 -0.264 0.955 0.168 -0.221 0.961 0.213 -0.17 0.962 0.229 -0.159 0.96 0.237 -0.156 0.959 0.24 -0.156 0.958 0.068 -0.015 0.998 -0.066 0.037 0.997 -0.072 0.026 0.997 -0.073 0.024 0.997 -0.052 0.035 0.998 0.009 0.05 0.999 0.076 0.055 0.996 0.132 0.048 0.99 0.159 0.041 0.986 0.143 0.05 0.988 0.108 0.07 0.992 0.067 0.101 0.993 0.12 0.021 0.993 0.249 -0.155 0.956 0.254 -0.161 0.954 0.247 -0.124 0.961 0.238 -0.002 0.971 0.229 0.12 0.966 0.231 0.158 0.96 0.227 0.151 0.962 0.125 -0.043 0.991 0.084 -0.129 0.988 0.12 -0.093 0.988 0.151 -0.069 0.986 0.166 -0.057 0.984 0.14 -0.068 0.988 0.086 -0.083 0.993 0.019 -0.088 0.996 -0.043 -0.081 0.996 -0.066 -0.074 0.995 -0.065 -0.076 0.995 -0.057 -0.086 0.995 0.141 -0.086 0.986 0.116 -0.182 0.976 0.119 -0.183 0.976 0.118 -0.182 0.976 0.107 -0.17 0.98 0.084 -0.13 0.988 0.068 -0.089 0.994 0.063 -0.06 0.996 0.063 -0.054 0.997 0.059 -0.076 0.995 0.051 -0.109 0.993 0.04 -0.14 0.989 0.087 -0.082 0.993 0.177 0.042 0.983 0.18 0.047 0.982 0.165 0.039 0.985 0.104 0.014 0.995 0.041 -0.009 0.999 0.023 -0.012 1 0.03 -0.014 0.999 0.179 -0.047 0.983 0.25 -0.06 0.966 0.222 -0.044 0.974 0.195 -0.024 0.98 0.178 -0.01 0.984 0.182 -0.015 0.983 0.197 -0.04 0.98 0.211 -0.082 0.974 0.22 -0.127 0.967 0.218 -0.144 0.965 0.218 -0.146 0.965 0.22 -0.143 0.965 -0.026 -0.077 0.997 0.104 -0.062 0.993 0.104 -0.052 0.993 0.103 -0.051 0.993 0.091 -0.069 0.993 0.049 -0.109 0.993 -0.001 -0.143 0.99 -0.046 -0.161 0.986 -0.067 -0.167 0.984 -0.048 -0.166 0.985 -0.01 -0.166 0.986 0.035 -0.172 0.985 -0.044 -0.133 0.99 -0.226 -0.051 0.973 -0.233 -0.049 0.971 -0.212 -0.072 0.975 -0.153 -0.16 0.975 -0.095 -0.249 0.964 -0.081 -0.277 0.958 -0.081 -0.27 0.96 -0.085 -0.072 0.994 -0.09 0.016 0.996 -0.102 -0.028 0.994 -0.117 -0.063 0.991 -0.125 -0.08 0.989 -0.111 -0.063 0.992 -0.077 -0.029 0.997 -0.026 0.005 1 0.027 0.028 0.999 0.048 0.032 0.998 0.048 0.033 0.998 0.038 0.037 0.999 0.113 0.179 0.977 0.051 0.241 0.969 0.048 0.238 0.97 0.049 0.238 0.97 0.062 0.242 0.968 0.104 0.243 0.964 0.145 0.238 0.961 0.168 0.229 0.959 0.172 0.228 0.958 0.154 0.243 0.958 0.129 0.264 0.956 0.107 0.288 0.952 0.136 0.222 0.965 0.197 0.086 0.977 0.199 0.082 0.977 0.199 0.1 0.975 0.207 0.165 0.964 0.216 0.228 0.949 0.221 0.245 0.944 0.217 0.242 0.946 0.124 0.131 0.984 0.08 0.074 0.994 0.106 0.092 0.99 0.136 0.105 0.985 0.157 0.114 0.981 0.153 0.114 0.982 0.128 0.113 0.985 0.089 0.119 0.989 0.048 0.132 0.99 0.037 0.139 0.99 0.036 0.14 0.99 0.038 0.136 0.99 -0.104 0.399 0.911 -0.044 0.27 0.962 -0.03 0.275 0.961 -0.028 0.277 0.961 -0.051 0.282 0.958 -0.11 0.309 0.945 -0.166 0.348 0.923 -0.203 0.387 0.899 -0.218 0.409 0.886 -0.212 0.39 0.896 -0.2 0.352 0.915 -0.191 0.3 0.935 -0.172 0.403 0.899 -0.136 0.617 0.775 -0.136 0.622 0.771 -0.159 0.591 0.791 -0.245 0.491 0.836 -0.328 0.384 0.863 -0.357 0.352 0.865 -0.351 0.355 0.867 -0.127 0.458 0.88 -0.026 0.5 0.866 -0.082 0.495 0.865 -0.126 0.495 0.86 -0.148 0.495 0.857 -0.121 0.488 0.865 -0.068 0.467 0.882 -0.012 0.427 0.904 0.031 0.381 0.924 0.042 0.361 0.932 0.043 0.363 0.931 0.044 0.377 0.925 0.131 0.064 0.989 0.224 0.158 0.962 0.219 0.163 0.962 0.219 0.161 0.962 0.225 0.14 0.964 0.226 0.077 0.971 0.217 0.017 0.976 0.203 -0.021 0.979 0.2 -0.029 0.979 0.22 -0.004 0.975 0.252 0.03 0.967 0.287 0.06 0.956 0.191 0.023 0.981 -0.008 -0.061 0.998 -0.015 -0.064 0.998 0.011 -0.065 0.998 0.107 -0.08 0.991 0.202 -0.096 0.975 0.227 -0.105 0.968 0.222 -0.099 0.97 0.061 0.044 0.997 -0.022 0.111 0.994 0.004 0.071 0.997 0.024 0.028 0.999 0.036 -0.002 0.999 0.035 0.007 0.999 0.034 0.047 0.998 0.043 0.107 0.993 0.063 0.166 0.984 0.074 0.184 0.98 0.075 0.186 0.98 0.069 0.183 0.981 -0.095 0.152 0.984 -0.207 0.133 0.969 -0.206 0.127 0.97 -0.205 0.128 0.97 -0.198 0.145 0.969 -0.165 0.187 0.968 -0.126 0.222 0.967 -0.095 0.241 0.966 -0.085 0.245 0.966 -0.109 0.241 0.964 -0.147 0.235 0.961 -0.188 0.233 0.954 -0.105 0.208 0.972 0.072 0.158 0.985 0.078 0.157 0.985 0.059 0.172 0.983 0.001 0.236 0.972 -0.056 0.299 0.952 -0.069 0.319 0.945 -0.068 0.313 0.947 -0.039 0.135 0.99 -0.021 0.05 0.999 -0.016 0.09 0.996 -0.006 0.127 0.992 0.001 0.151 0.989 -0.005 0.142 0.99 -0.027 0.113 0.993 -0.066 0.078 0.995 -0.111 0.049 0.993 -0.128 0.043 0.991 -0.129 0.042 0.991 -0.123 0.041 0.992 -0.154 -0.03 0.988 -0.045 -0.075 0.996 -0.039 -0.065 0.997 -0.038 -0.062 0.997 -0.054 -0.071 0.996 -0.105 -0.084 0.991 -0.161 -0.088 0.983 -0.208 -0.083 0.975 -0.229 -0.077 0.97 -0.215 -0.085 0.973 -0.183 -0.103 0.978 -0.147 -0.13 0.981 -0.193 -0.061 0.979 -0.307 0.096 0.947 -0.311 0.101 0.945 -0.305 0.068 0.95 -0.296 -0.041 0.954 -0.287 -0.149 0.946 -0.289 -0.182 0.94 -0.286 -0.177 0.942 -0.198 -0.005 0.98 -0.163 0.07 0.984 -0.195 0.038 0.98 -0.223 0.016 0.975 -0.236 0.006 0.972 -0.215 0.014 0.976 -0.171 0.027 0.985 -0.115 0.031 0.993 -0.062 0.027 0.998 -0.044 0.021 0.999 -0.046 0.023 0.999 -0.053 0.032 0.998 0.219 0.221 0.95 0.185 0.332 0.925 0.187 0.333 0.924 0.195 0.334 0.922 0.213 0.333 0.918 0.271 0.313 0.91 0.316 0.29 0.903 0.328 0.281 0.902 0.316 0.295 0.902 0.288 0.333 0.898 0.258 0.376 0.89 0.241 0.409 0.88 0.258 0.311 0.914 0.285 0.133 0.949 0.286 0.126 0.95 0.287 0.132 0.949 0.308 0.173 0.936 0.327 0.214 0.92 0.331 0.218 0.918 0.325 0.215 0.921 0.171 0.131 0.976 0.083 0.08 0.993 0.119 0.088 0.989 0.171 0.091 0.981 0.217 0.092 0.972 0.235 0.09 0.968 0.221 0.095 0.971 0.177 0.119 0.977 0.127 0.155 0.98 0.115 0.169 0.979 0.112 0.176 0.978 0.111 0.179 0.978 -0.003 0.006 1 -0.038 -0.122 0.992 -0.027 -0.127 0.992 -0.025 -0.127 0.992 -0.037 -0.109 0.993 -0.057 -0.054 0.997 -0.068 0.007 0.998 -0.066 0.059 0.996 -0.063 0.084 0.995 -0.069 0.069 0.995 -0.084 0.035 0.996 -0.108 -0.006 0.994 -0.041 0.05 0.998 0.11 0.187 0.976 0.114 0.192 0.975 0.081 0.182 0.98 -0.03 0.161 0.986 -0.141 0.142 0.98 -0.176 0.141 0.974 -0.17 0.138 0.976 0.018 0.061 0.998 0.101 0.031 0.994 0.064 0.061 0.996 0.039 0.088 0.995 0.027 0.1 0.995 0.04 0.077 0.996 0.058 0.029 0.998 0.069 -0.032 0.997 0.069 -0.09 0.994 0.064 -0.111 0.992 0.066 -0.11 0.992 0.074 -0.102 0.992 0.056 0.079 0.995 0.147 0.066 0.987 0.147 0.07 0.987 0.146 0.068 0.987 0.136 0.056 0.989 0.102 0.032 0.994 0.065 0.013 0.998 0.039 0.006 0.999 0.033 0.004 0.999 0.054 0.003 0.999 0.085 -0.001 0.996 0.114 -0.008 0.993 0.057 0.029 0.998 -0.065 0.1 0.993 -0.07 0.103 0.992 -0.061 0.09 0.994 -0.032 0.036 0.999 -0.006 -0.02 1 -0.001 -0.036 0.999 -0 -0.03 1 0.017 0.111 0.994 0.022 0.178 0.984 0.01 0.15 0.989 -0.006 0.124 0.992 -0.018 0.107 0.994 -0.013 0.11 0.994 0.008 0.126 0.992 0.046 0.144 0.988 0.087 0.157 0.984 0.102 0.157 0.982 0.104 0.157 0.982 0.101 0.159 0.982 0.063 -0.075 0.995 0.037 0.043 0.998 0.028 0.042 0.999 0.027 0.041 0.999 0.045 0.032 0.998 0.085 -0.002 0.996 0.121 -0.046 0.992 0.142 -0.085 0.986 0.15 -0.103 0.983 0.148 -0.086 0.985 0.144 -0.051 0.988 0.144 -0.009 0.989 0.116 -0.086 0.99 0.059 -0.261 0.964 0.057 -0.267 0.962 0.077 -0.246 0.966 0.152 -0.183 0.971 0.229 -0.12 0.966 0.254 -0.105 0.962 0.247 -0.105 0.963 0.064 -0.129 0.99 -0.016 -0.142 0.99 0.025 -0.149 0.988 0.059 -0.159 0.985 0.075 -0.165 0.983 0.058 -0.154 0.986 0.024 -0.126 0.992 -0.012 -0.082 0.997 -0.038 -0.036 0.999 -0.044 -0.017 0.999 -0.045 -0.018 0.999 -0.047 -0.027 0.999 0.11 0.182 0.977 0.038 0.238 0.971 0.035 0.234 0.972 0.036 0.234 0.972 0.049 0.24 0.97 0.092 0.247 0.965 0.134 0.247 0.96 0.16 0.241 0.957 0.164 0.24 0.957 0.143 0.253 0.957 0.114 0.272 0.955 0.089 0.294 0.952 0.128 0.23 0.965 0.21 0.097 0.973 0.213 0.093 0.973 0.21 0.111 0.971 0.209 0.18 0.961 0.209 0.247 0.946 0.212 0.265 0.941 0.209 0.261 0.943 0.128 0.133 0.983 0.09 0.068 0.994 0.116 0.09 0.989 0.144 0.108 0.984 0.165 0.121 0.979 0.161 0.12 0.98 0.135 0.115 0.984 0.093 0.116 0.989 0.05 0.124 0.991 0.037 0.13 0.991 0.036 0.13 0.991 0.038 0.126 0.991 -0.145 0.38 0.914 -0.065 0.255 0.965 -0.052 0.262 0.964 -0.05 0.264 0.963 -0.075 0.266 0.961 -0.139 0.286 0.948 -0.202 0.318 0.926 -0.246 0.354 0.902 -0.265 0.374 0.889 -0.256 0.355 0.899 -0.238 0.318 0.918 -0.222 0.266 0.938 -0.217 0.374 0.902 -0.208 0.596 0.775 -0.209 0.602 0.771 -0.228 0.567 0.791 -0.303 0.454 0.838 -0.374 0.333 0.865 -0.4 0.296 0.867 -0.394 0.3 0.869 -0.178 0.436 0.882 -0.08 0.493 0.866 -0.136 0.48 0.866 -0.181 0.474 0.861 -0.204 0.471 0.858 -0.175 0.468 0.866 -0.118 0.454 0.883 -0.055 0.421 0.905 -0.003 0.38 0.925 0.011 0.36 0.933 0.012 0.363 0.932 0.011 0.377 0.926 0.145 0.065 0.987 0.227 0.175 0.958 0.221 0.179 0.959 0.222 0.177 0.959 0.231 0.157 0.96 0.241 0.092 0.966 0.24 0.027 0.97 0.231 -0.013 0.973 0.228 -0.022 0.973 0.247 0.006 0.969 0.274 0.046 0.961 0.306 0.082 0.948 0.212 0.03 0.977 0.017 -0.085 0.996 0.011 -0.089 0.996 0.038 -0.086 0.996 0.14 -0.088 0.986 0.24 -0.092 0.966 0.266 -0.097 0.959 0.26 -0.092 0.961 0.075 0.034 0.997 -0.02 0.092 0.996 0.012 0.054 0.998 0.039 0.012 0.999 0.056 -0.017 0.998 0.054 -0.008 0.999 0.046 0.033 0.998 0.048 0.097 0.994 0.06 0.162 0.985 0.069 0.182 0.981 0.07 0.184 0.98 0.064 0.18 0.982 -0.102 0.125 0.987 -0.216 0.091 0.972 -0.214 0.084 0.973 -0.213 0.085 0.973 -0.208 0.103 0.973 -0.18 0.151 0.972 -0.144 0.194 0.97 -0.114 0.218 0.969 -0.104 0.224 0.969 -0.129 0.216 0.968 -0.168 0.204 0.964 -0.209 0.197 0.958 -0.12 0.182 0.976 0.071 0.155 0.985 0.078 0.154 0.985 0.056 0.167 0.984 -0.014 0.225 0.974 -0.082 0.284 0.955 -0.098 0.302 0.948 -0.096 0.296 0.95 -0.041 0.115 0.992 -0.011 0.029 1 -0.011 0.072 0.997 -0.006 0.112 0.994 -0.002 0.137 0.991 -0.007 0.127 0.992 -0.026 0.094 0.995 -0.062 0.052 0.997 -0.104 0.016 0.994 -0.122 0.007 0.993 -0.122 0.006 0.992 -0.115 0.006 0.993 -0.139 -0.072 0.988 -0.018 -0.104 0.994 -0.014 -0.093 0.996 -0.013 -0.09 0.996 -0.029 -0.101 0.994 -0.08 -0.121 0.989 -0.138 -0.133 0.981 -0.187 -0.134 0.973 -0.21 -0.131 0.969 -0.194 -0.137 0.971 -0.159 -0.151 0.976 -0.117 -0.174 0.978 -0.175 -0.109 0.979 -0.314 0.038 0.949 -0.319 0.043 0.947 -0.308 0.01 0.951 -0.284 -0.101 0.953 -0.26 -0.212 0.942 -0.257 -0.246 0.934 -0.254 -0.24 0.937 -0.187 -0.052 0.981 -0.161 0.031 0.986 -0.19 -0.007 0.982 -0.216 -0.033 0.976 -0.228 -0.046 0.973 -0.208 -0.034 0.978 -0.163 -0.015 0.986 -0.106 -0.003 0.994 -0.051 -0.001 0.999 -0.031 -0.005 1 -0.033 -0.002 0.999 -0.042 0.006 0.999 0.213 0.239 0.947 0.162 0.349 0.923 0.165 0.351 0.922 0.172 0.353 0.92 0.191 0.355 0.915 0.253 0.342 0.905 0.302 0.324 0.897 0.315 0.316 0.895 0.301 0.329 0.895 0.268 0.364 0.892 0.231 0.405 0.885 0.208 0.436 0.876 0.241 0.338 0.91 0.294 0.158 0.943 0.295 0.15 0.943 0.296 0.157 0.942 0.311 0.202 0.929 0.325 0.247 0.913 0.328 0.252 0.91 0.322 0.248 0.914 0.177 0.14 0.974 0.093 0.075 0.993 0.129 0.088 0.988 0.183 0.099 0.978 0.23 0.105 0.968 0.248 0.106 0.963 0.233 0.109 0.966 0.185 0.128 0.974 0.128 0.158 0.979 0.114 0.172 0.979 0.109 0.178 0.978 0.109 0.181 0.977 0.014 -0.015 1 -0.005 -0.151 0.988 0.007 -0.155 0.988 0.009 -0.155 0.988 -0.006 -0.138 0.99 -0.034 -0.084 0.996 -0.053 -0.022 0.998 -0.059 0.032 0.998 -0.059 0.059 0.997 -0.064 0.042 0.997 -0.074 0.005 0.997 -0.094 -0.041 0.995 -0.031 0.027 0.999 0.106 0.19 0.976 0.11 0.196 0.974 0.077 0.18 0.981 -0.035 0.144 0.989 -0.149 0.109 0.983 -0.185 0.103 0.977 -0.177 0.101 0.979 0.028 0.045 0.999 0.118 0.026 0.993 0.076 0.052 0.996 0.046 0.076 0.996 0.033 0.087 0.996 0.048 0.066 0.997 0.074 0.018 0.997 0.094 -0.044 0.995 0.102 -0.104 0.989 0.099 -0.126 0.987 0.101 -0.125 0.987 0.109 -0.116 0.987 0.065 0.07 0.995 0.161 0.069 0.985 0.161 0.073 0.984 0.16 0.071 0.985 0.152 0.057 0.987 0.119 0.027 0.992 0.083 0.002 0.997 0.058 -0.009 0.998 0.052 -0.011 0.999 0.074 -0.01 0.997 0.106 -0.009 0.994 0.138 -0.013 0.99 0.073 0.018 0.997 -0.064 0.076 0.995 -0.069 0.078 0.995 -0.058 0.066 0.996 -0.021 0.013 1 0.015 -0.042 0.999 0.022 -0.057 0.998 0.022 -0.051 0.998 0.02 0.097 0.995 0.016 0.168 0.986 0.007 0.138 0.99 -0.006 0.108 0.994 -0.015 0.088 0.996 -0.011 0.093 0.996 0.009 0.113 0.994 0.046 0.136 0.99 0.086 0.155 0.984 0.104 0.158 0.982 0.1 0.159 0.982 0.094 -0.089 0.992 0.051 0.03 0.998 0.041 0.028 0.999 0.04 0.027 0.999 0.06 0.02 0.998 0.107 -0.011 0.994 0.15 -0.051 0.987 0.177 -0.088 0.98 0.187 -0.106 0.977 0.182 -0.089 0.979 0.174 -0.053 0.983 0.169 -0.01 0.986 0.15 -0.093 0.984 0.114 -0.281 0.953 0.113 -0.288 0.951 0.13 -0.263 0.956 0.2 -0.188 0.962 0.27 -0.113 0.956 0.294 -0.093 0.951 0.287 -0.095 0.953 0.102 -0.144 0.984 0.02 -0.169 0.985 0.064 -0.171 0.983 0.1 -0.177 0.979 0.118 -0.18 0.977 0.099 -0.172 0.98 0.06 -0.147 0.987 0.017 -0.107 0.994 -0.017 -0.063 0.998 -0.025 -0.044 0.999 -0.026 -0.044 0.999 -0.028 -0.054 0.998 0.01 -0.019 -1 0.028 -0.017 -0.999 0.015 -0.05 -0.999 0.023 -0.023 -0.999 0.019 -0.038 -0.999 0.022 -0.055 -0.998 0.031 -0.069 -0.997 0.042 -0.077 -0.996 0.046 -0.08 -0.996 0.021 -0.084 -0.996 -0.003 -0.088 -0.996 -0.001 -0.085 -0.996 0.007 -0.073 -0.997 0.011 -0.057 -0.998 0.008 -0.04 -0.999 -0 -0.027 -1 -0.007 -0.022 -1 -0.001 0.052 -0.999 -0.019 0.05 -0.999 -0.006 0.083 -0.997 -0.014 0.057 -0.998 -0.01 0.072 -0.997 -0.013 0.089 -0.996 -0.022 0.103 -0.994 -0.033 0.111 -0.993 -0.037 0.113 -0.993 -0.012 0.117 -0.993 0.012 0.121 -0.993 0.01 0.118 -0.993 0.002 0.107 -0.994 -0.002 0.091 -0.996 0.001 0.074 -0.997 0.01 0.061 -0.998 0.016 0.056 -0.998 -0.154 0.093 -0.984 -0.139 0.101 -0.985 -0.14 0.068 -0.988 -0.141 0.093 -0.986 -0.14 0.079 -0.987 -0.132 0.065 -0.989 -0.12 0.056 -0.991 -0.108 0.052 -0.993 -0.104 0.051 -0.993 -0.124 0.04 -0.991 -0.144 0.028 -0.989 -0.143 0.032 -0.989 -0.14 0.044 -0.989 -0.142 0.06 -0.988 -0.149 0.074 -0.986 -0.161 0.082 -0.984 -0.168 0.084 -0.982 -0.149 0.085 -0.985 -0.164 0.077 -0.983 -0.163 0.11 -0.98 -0.162 0.084 -0.983 -0.163 0.099 -0.982 -0.171 0.112 -0.979 -0.183 0.122 -0.976 -0.195 0.126 -0.973 -0.199 0.126 -0.972 -0.179 0.138 -0.974 -0.158 0.149 -0.976 -0.16 0.146 -0.976 -0.163 0.133 -0.978 -0.161 0.118 -0.98 -0.154 0.104 -0.983 -0.142 0.095 -0.985 -0.135 0.093 -0.986 -0.068 -0.124 -0.99 -0.084 -0.12 -0.989 -0.061 -0.096 -0.993 -0.077 -0.116 -0.99 -0.069 -0.104 -0.992 -0.065 -0.089 -0.994 -0.068 -0.074 -0.995 -0.074 -0.063 -0.995 -0.076 -0.06 -0.995 -0.054 -0.065 -0.996 -0.032 -0.071 -0.997 -0.035 -0.072 -0.997 -0.046 -0.079 -0.996 -0.055 -0.092 -0.994 -0.058 -0.107 -0.993 -0.056 -0.121 -0.991 -0.052 -0.127 -0.991 -0.066 -0.115 -0.991 -0.05 -0.119 -0.992 -0.072 -0.143 -0.987 -0.056 -0.123 -0.991 -0.065 -0.134 -0.989 -0.069 -0.15 -0.986 -0.066 -0.165 -0.984 -0.06 -0.176 -0.983 -0.057 -0.179 -0.982 -0.08 -0.173 -0.982 -0.102 -0.168 -0.981 -0.099 -0.166 -0.981 -0.088 -0.159 -0.983 -0.079 -0.147 -0.986 -0.075 -0.132 -0.988 -0.078 -0.118 -0.99 -0.082 -0.111 -0.99 -0.035 0.126 -0.991 -0.021 0.135 -0.991 -0.018 0.102 -0.995 -0.022 0.127 -0.992 -0.02 0.113 -0.993 -0.01 0.1 -0.995 0.003 0.092 -0.996 0.015 0.09 -0.996 0.019 0.089 -0.996 0 0.076 -0.997 -0.019 0.063 -0.998 -0.018 0.066 -0.998 -0.016 0.079 -0.997 -0.019 0.094 -0.995 -0.028 0.107 -0.994 -0.041 0.114 -0.993 -0.048 0.116 -0.992 -0.073 0.18 -0.981 -0.087 0.171 -0.981 -0.09 0.203 -0.975 -0.086 0.178 -0.98 -0.088 0.192 -0.977 -0.098 0.205 -0.974 -0.111 0.212 -0.971 -0.123 0.215 -0.969 -0.127 0.215 -0.968 -0.108 0.228 -0.968 -0.089 0.242 -0.966 -0.09 0.238 -0.967 -0.092 0.226 -0.97 -0.089 0.211 -0.973 -0.08 0.198 -0.977 -0.067 0.191 -0.979 -0.06 0.19 -0.98 0.055 0.029 -0.998 0.049 0.012 -0.999 0.026 0.038 -0.999 0.045 0.019 -0.999 0.034 0.03 -0.999 0.018 0.035 -0.999 0.002 0.034 -0.999 -0.01 0.028 -1 -0.013 0.026 -1 -0.006 0.049 -0.999 0.002 0.072 -0.997 0.003 0.068 -0.998 0.01 0.056 -0.998 0.022 0.046 -0.999 0.038 0.04 -0.998 0.053 0.042 -0.998 0.06 0.045 -0.997 0.094 0.015 -0.995 0.101 0.032 -0.994 0.123 0.006 -0.992 0.104 0.025 -0.994 0.115 0.014 -0.993 0.131 0.009 -0.991 0.147 0.01 -0.989 0.159 0.016 -0.987 0.162 0.018 -0.987 0.155 -0.005 -0.988 0.147 -0.028 -0.989 0.146 -0.024 -0.989 0.139 -0.012 -0.99 0.127 -0.002 -0.992 0.112 0.004 -0.994 0.097 0.002 -0.995 0.09 -0.001 -0.996 0.237 0.239 0.942 0.087 0.199 0.976 0.089 0.189 0.978 0.091 0.189 0.978 0.099 0.213 0.972 0.136 0.272 0.953 0.183 0.323 0.929 0.225 0.351 0.909 0.242 0.36 0.901 0.216 0.354 0.91 0.169 0.345 0.923 0.115 0.341 0.933 0.227 0.314 0.922 0.456 0.252 0.853 0.464 0.25 0.85 0.437 0.273 0.857 0.349 0.359 0.866 0.257 0.442 0.859 0.233 0.469 0.852 0.235 0.461 0.856 0.311 0.234 0.921 0.345 0.124 0.93 0.346 0.179 0.921 0.352 0.226 0.908 0.356 0.253 0.9 0.349 0.235 0.907 0.323 0.191 0.927 0.275 0.141 0.951 0.219 0.099 0.971 0.196 0.09 0.977 0.195 0.089 0.977 0.206 0.087 0.975 -0.019 0.019 1 0.081 -0.046 0.996 0.091 -0.037 0.995 0.093 -0.033 0.995 0.075 -0.038 0.996 0.024 -0.038 0.999 -0.033 -0.029 0.999 -0.08 -0.012 0.997 -0.104 0.001 0.995 -0.095 -0.008 0.995 -0.07 -0.031 0.997 -0.039 -0.066 0.997 -0.067 0.008 0.998 -0.145 0.185 0.972 -0.148 0.191 0.97 -0.149 0.155 0.977 -0.166 0.042 0.985 -0.185 -0.07 0.98 -0.195 -0.105 0.975 -0.191 -0.1 0.977 -0.061 0.045 0.997 -0.012 0.107 0.994 -0.051 0.083 0.995 -0.082 0.069 0.994 -0.094 0.063 0.994 -0.068 0.068 0.995 -0.017 0.069 0.997 0.04 0.06 0.997 0.088 0.044 0.995 0.104 0.034 0.994 0.103 0.038 0.994 0.096 0.05 0.994 -0.167 0.026 0.986 -0.169 0.133 0.977 -0.168 0.134 0.977 -0.162 0.133 0.978 -0.145 0.127 0.981 -0.102 0.095 0.99 -0.069 0.063 0.996 -0.058 0.048 0.997 -0.062 0.057 0.996 -0.073 0.092 0.993 -0.084 0.134 0.987 -0.087 0.167 0.982 -0.105 0.083 0.991 -0.131 -0.074 0.989 -0.132 -0.082 0.988 -0.128 -0.076 0.989 -0.097 -0.043 0.994 -0.065 -0.01 0.998 -0.059 -0.006 0.998 -0.066 -0.007 0.998 -0.221 -0.037 0.975 -0.302 -0.055 0.952 -0.27 -0.059 0.961 -0.229 -0.069 0.971 -0.195 -0.08 0.978 -0.186 -0.083 0.979 -0.2 -0.073 0.977 -0.233 -0.04 0.972 -0.265 0.003 0.964 -0.271 0.02 0.962 -0.272 0.026 0.962 -0.272 0.027 0.962 0.144 0.241 0.96 0.052 0.126 0.991 0.053 0.125 0.991 0.049 0.131 0.99 0.038 0.152 0.988 0.023 0.224 0.974 0.019 0.287 0.958 0.023 0.318 0.948 0.02 0.313 0.95 0.001 0.274 0.962 -0.027 0.225 0.974 -0.055 0.186 0.981 0.041 0.254 0.966 0.22 0.378 0.899 0.227 0.383 0.895 0.211 0.38 0.9 0.134 0.379 0.916 0.055 0.377 0.924 0.038 0.379 0.925 0.047 0.375 0.926 0.242 0.258 0.935 0.341 0.195 0.92 0.31 0.232 0.922 0.278 0.28 0.919 0.255 0.318 0.913 0.252 0.322 0.913 0.259 0.292 0.921 0.263 0.229 0.937 0.256 0.157 0.954 0.247 0.135 0.959 0.244 0.13 0.961 0.245 0.13 0.961 0.151 0.165 0.975 0.042 0.066 0.997 0.049 0.058 0.997 0.05 0.059 0.997 0.046 0.083 0.995 0.053 0.149 0.987 0.072 0.215 0.974 0.095 0.259 0.961 0.105 0.275 0.956 0.085 0.257 0.963 0.051 0.229 0.972 0.007 0.201 0.98 0.112 0.226 0.968 0.33 0.281 0.901 0.337 0.283 0.898 0.305 0.289 0.908 0.194 0.324 0.926 0.082 0.357 0.931 0.051 0.37 0.928 0.056 0.364 0.93 0.215 0.195 0.957 0.289 0.115 0.95 0.267 0.163 0.95 0.253 0.206 0.945 0.245 0.232 0.941 0.246 0.213 0.946 0.242 0.163 0.956 0.223 0.097 0.97 0.194 0.038 0.98 0.178 0.02 0.984 0.178 0.018 0.984 0.188 0.021 0.982 0.028 -0.129 0.991 0.137 -0.142 0.98 0.141 -0.13 0.981 0.142 -0.126 0.982 0.129 -0.137 0.982 0.086 -0.159 0.984 0.035 -0.174 0.984 -0.012 -0.179 0.984 -0.037 -0.178 0.983 -0.025 -0.182 0.983 0.005 -0.19 0.982 0.045 -0.207 0.977 -0.008 -0.157 0.988 -0.146 -0.039 0.988 -0.151 -0.035 0.988 -0.137 -0.066 0.988 -0.105 -0.167 0.98 -0.076 -0.268 0.96 -0.072 -0.3 0.951 -0.069 -0.295 0.953 -0.018 -0.124 0.992 -0.002 -0.053 0.999 -0.025 -0.089 0.996 -0.046 -0.113 0.993 -0.054 -0.122 0.991 -0.033 -0.108 0.994 0.009 -0.086 0.996 0.06 -0.071 0.996 0.107 -0.065 0.992 0.124 -0.066 0.99 0.121 -0.064 0.991 0.111 -0.056 0.992 -0.1 -0.181 0.978 -0.145 -0.092 0.985 -0.144 -0.092 0.985 -0.139 -0.09 0.986 -0.122 -0.089 0.988 -0.073 -0.099 0.992 -0.032 -0.112 0.993 -0.017 -0.12 0.993 -0.024 -0.114 0.993 -0.047 -0.09 0.995 -0.073 -0.058 0.996 -0.09 -0.032 0.995 -0.07 -0.11 0.991 -0.029 -0.25 0.968 -0.027 -0.257 0.966 -0.026 -0.25 0.968 -0.013 -0.211 0.977 0.001 -0.171 0.985 0.004 -0.165 0.986 -0.001 -0.17 0.985 -0.12 -0.255 0.96 -0.182 -0.3 0.936 -0.154 -0.291 0.944 -0.114 -0.284 0.952 -0.081 -0.279 0.957 -0.072 -0.279 0.958 -0.089 -0.276 0.957 -0.129 -0.261 0.957 -0.174 -0.237 0.956 -0.186 -0.226 0.956 -0.189 -0.221 0.957 -0.19 -0.22 0.957 0.073 0.126 0.989 0.043 -0.011 0.999 0.045 -0.011 0.999 0.039 -0.008 0.999 0.021 0.006 1 -0.021 0.061 0.998 -0.051 0.114 0.992 -0.06 0.142 0.988 -0.061 0.137 0.989 -0.061 0.095 0.994 -0.063 0.041 0.997 -0.071 -0.003 0.997 -0.018 0.094 0.995 0.079 0.28 0.957 0.083 0.288 0.954 0.071 0.279 0.958 0.006 0.243 0.97 -0.059 0.208 0.976 -0.073 0.203 0.976 -0.064 0.203 0.977 0.148 0.184 0.972 0.256 0.174 0.951 0.215 0.192 0.957 0.169 0.22 0.961 0.133 0.242 0.961 0.129 0.245 0.961 0.148 0.222 0.964 0.177 0.168 0.97 0.201 0.103 0.974 0.203 0.08 0.976 0.202 0.074 0.977 0.203 0.075 0.976 0.162 -0.139 0.977 0.258 -0.19 0.947 0.256 -0.196 0.947 0.252 -0.204 0.946 0.239 -0.217 0.946 0.189 -0.248 0.95 0.148 -0.266 0.953 0.14 -0.268 0.953 0.164 -0.267 0.95 0.209 -0.27 0.94 0.26 -0.274 0.926 0.289 -0.281 0.915 0.213 -0.234 0.949 0.079 -0.152 0.985 0.072 -0.147 0.986 0.072 -0.147 0.987 0.083 -0.173 0.981 0.094 -0.199 0.976 0.093 -0.198 0.976 0.095 -0.19 0.977 0.13 -0.034 0.991 0.149 0.059 0.987 0.134 0.032 0.991 0.103 -0.01 0.995 0.073 -0.046 0.996 0.056 -0.063 0.996 0.063 -0.059 0.996 0.104 -0.042 0.994 0.161 -0.026 0.987 0.178 -0.026 0.984 0.187 -0.029 0.982 0.192 -0.032 0.981 0.134 -0.021 0.991 0.04 0.071 0.997 0.036 0.066 0.997 0.038 0.067 0.997 0.059 0.072 0.996 0.119 0.071 0.99 0.178 0.06 0.982 0.214 0.046 0.976 0.224 0.041 0.974 0.202 0.06 0.977 0.171 0.09 0.981 0.142 0.125 0.982 0.177 0.033 0.984 0.25 -0.156 0.955 0.253 -0.163 0.953 0.255 -0.138 0.957 0.272 -0.047 0.961 0.289 0.045 0.956 0.296 0.069 0.953 0.291 0.063 0.955 0.155 -0.087 0.984 0.089 -0.16 0.983 0.128 -0.138 0.982 0.169 -0.121 0.978 0.195 -0.111 0.974 0.185 -0.112 0.976 0.146 -0.112 0.983 0.087 -0.101 0.991 0.03 -0.08 0.996 0.013 -0.068 0.998 0.011 -0.067 0.998 0.013 -0.073 0.997 0.267 0.161 0.95 0.266 0.056 0.962 0.273 0.055 0.96 0.274 0.056 0.96 0.26 0.066 0.963 0.229 0.102 0.968 0.203 0.143 0.969 0.19 0.177 0.966 0.187 0.191 0.964 0.187 0.171 0.967 0.185 0.138 0.973 0.179 0.101 0.979 0.217 0.17 0.961 0.287 0.318 0.903 0.289 0.323 0.901 0.271 0.307 0.912 0.201 0.263 0.943 0.128 0.22 0.967 0.105 0.209 0.972 0.111 0.209 0.972 0.28 0.209 0.937 0.357 0.211 0.91 0.322 0.222 0.92 0.274 0.245 0.93 0.285 0.236 0.929 0.31 0.209 0.928 0.335 0.167 0.927 0.352 0.122 0.928 0.354 0.105 0.929 0.355 0.105 0.929 0.358 0.112 0.927 0.045 -0.164 0.985 0.141 -0.111 0.984 0.143 -0.116 0.983 0.145 -0.133 0.981 0.136 -0.187 0.973 0.121 -0.232 0.965 0.111 -0.25 0.962 0.116 -0.245 0.963 0.143 -0.22 0.965 0.177 -0.192 0.965 0.207 -0.172 0.963 0.119 -0.196 0.973 -0.046 -0.24 0.97 -0.053 -0.242 0.969 -0.042 -0.244 0.969 0.012 -0.26 0.965 0.064 -0.278 0.959 0.074 -0.283 0.956 0.07 -0.277 0.958 -0.035 -0.146 0.989 -0.093 -0.076 0.993 -0.08 -0.109 0.991 -0.07 -0.152 0.986 -0.063 -0.187 0.98 -0.062 -0.194 0.979 -0.059 -0.174 0.983 -0.043 -0.129 0.991 -0.018 -0.081 0.997 -0.006 -0.068 0.998 -0.002 -0.065 0.998 -0.079 0.198 0.977 -0.181 0.188 0.965 -0.182 0.175 0.967 -0.183 0.171 0.968 -0.173 0.183 0.968 -0.138 0.213 0.967 -0.095 0.238 0.967 -0.054 0.252 0.966 -0.032 0.257 0.966 -0.045 0.257 0.965 -0.077 0.258 0.963 -0.119 0.264 0.957 -0.059 0.231 0.971 0.1 0.155 0.983 0.105 0.152 0.983 0.085 0.177 0.981 0.034 0.262 0.964 -0.015 0.347 0.938 -0.026 0.375 0.927 -0.027 0.369 0.929 -0.041 0.2 0.979 -0.04 0.131 0.991 -0.025 0.17 0.985 -0.01 0.198 0.98 -0.004 0.21 0.978 -0.019 0.194 0.981 -0.052 0.165 0.985 -0.095 0.14 0.986 -0.137 0.123 0.983 -0.152 0.12 0.981 -0.148 0.118 0.982 -0.137 0.113 0.984 -0.117 -0.019 0.993 -0.006 -0.074 0.997 0.002 -0.065 0.998 0.003 -0.062 0.998 -0.016 -0.069 0.997 -0.069 -0.074 0.995 -0.126 -0.069 0.99 -0.175 -0.056 0.983 -0.2 -0.046 0.979 -0.19 -0.053 0.98 -0.165 -0.072 0.984 -0.133 -0.103 0.986 -0.166 -0.035 0.985 -0.254 0.125 0.959 -0.258 0.131 0.957 -0.256 0.098 0.962 -0.263 -0.008 0.965 -0.272 -0.113 0.956 -0.279 -0.145 0.949 -0.274 -0.14 0.952 -0.163 0.004 0.987 -0.121 0.066 0.99 -0.156 0.041 0.987 -0.185 0.026 0.982 -0.195 0.02 0.981 -0.169 0.026 0.985 -0.119 0.032 0.992 -0.061 0.028 0.998 -0.01 0.015 1 0.008 0.006 1 0.007 0.009 1 0.001 0.019 1 0.092 0.163 0.982 0.056 0.266 0.962 0.06 0.269 0.961 0.069 0.272 0.96 0.087 0.273 0.958 0.144 0.26 0.955 0.186 0.246 0.951 0.193 0.242 0.951 0.175 0.258 0.95 0.143 0.291 0.946 0.109 0.329 0.938 0.091 0.354 0.931 0.117 0.267 0.957 0.161 0.116 0.98 0.163 0.108 0.981 0.163 0.107 0.981 0.172 0.133 0.976 0.181 0.16 0.97 0.181 0.159 0.97 0.175 0.154 0.972 0.046 0.065 0.997 -0.031 0.011 0.999 -0.001 0.02 1 0.05 0.029 0.998 0.095 0.035 0.995 0.119 0.035 0.992 0.111 0.037 0.993 0.07 0.053 0.996 0.018 0.08 0.997 0.005 0.092 0.996 0.001 0.1 0.995 -0.001 0.106 0.994 0.035 0.058 0.998 0.039 -0.071 0.997 0.046 -0.071 0.996 0.044 -0.07 0.997 0.026 -0.059 0.998 -0.017 -0.018 1 -0.053 0.03 0.998 -0.07 0.065 0.995 -0.073 0.075 0.994 -0.071 0.047 0.996 -0.068 0.004 0.998 -0.072 -0.041 0.997 -0.033 0.049 0.998 0.039 0.236 0.971 0.041 0.243 0.969 0.024 0.226 0.974 -0.05 0.171 0.984 -0.124 0.117 0.985 -0.146 0.105 0.984 -0.139 0.106 0.985 0.063 0.12 0.991 0.159 0.129 0.979 0.116 0.139 0.983 0.076 0.155 0.985 0.05 0.165 0.985 0.058 0.159 0.986 0.087 0.132 0.987 0.122 0.085 0.989 0.149 0.031 0.988 0.153 0.01 0.988 0.154 0.008 0.988 0.156 0.014 0.988 -0.188 0.019 0.982 -0.115 0.094 0.989 -0.12 0.099 0.988 -0.121 0.099 0.988 -0.117 0.082 0.99 -0.119 0.036 0.992 -0.128 -0.012 0.992 -0.143 -0.045 0.989 -0.149 -0.057 0.987 -0.135 -0.043 0.99 -0.112 -0.02 0.994 -0.081 0.001 0.997 -0.158 -0.022 0.987 -0.314 -0.078 0.946 -0.319 -0.08 0.944 -0.295 -0.082 0.952 -0.211 -0.099 0.972 -0.127 -0.117 0.985 -0.103 -0.126 0.987 -0.107 -0.122 0.987 -0.231 -0.006 0.973 -0.29 0.046 0.956 -0.272 0.014 0.962 -0.259 -0.016 0.966 -0.252 -0.035 0.967 -0.254 -0.021 0.967 -0.254 0.015 0.967 -0.243 0.062 0.968 -0.225 0.106 0.969 -0.215 0.119 0.969 -0.215 0.12 0.969 -0.222 0.117 0.968 0.194 0.101 0.976 0.089 0.128 0.988 0.091 0.133 0.987 0.101 0.147 0.984 0.143 0.18 0.973 0.183 0.203 0.962 0.202 0.209 0.957 0.195 0.209 0.958 0.16 0.209 0.965 0.116 0.211 0.97 0.082 0.218 0.973 0.161 0.175 0.971 0.308 0.096 0.947 0.314 0.092 0.945 0.307 0.101 0.946 0.28 0.149 0.948 0.254 0.198 0.947 0.25 0.208 0.946 0.25 0.201 0.947 0.239 0.034 0.97 0.233 -0.056 0.971 0.246 -0.023 0.969 0.268 0.015 0.963 0.286 0.045 0.957 0.29 0.051 0.956 0.274 0.038 0.961 0.234 0.016 0.972 0.184 -0.002 0.983 0.166 -0.003 0.986 0.161 -0.002 0.987 0.162 -0.002 0.987 0.036 -0.243 0.969 0.114 -0.304 0.946 0.124 -0.296 0.947 0.127 -0.293 0.948 0.112 -0.295 0.949 0.067 -0.293 0.954 0.019 -0.281 0.959 -0.02 -0.264 0.964 -0.038 -0.253 0.967 -0.029 -0.262 0.965 -0.007 -0.284 0.959 0.018 -0.316 0.948 -0.001 -0.253 0.968 -0.061 -0.091 0.994 -0.063 -0.085 0.994 -0.066 -0.116 0.991 -0.089 -0.212 0.973 -0.114 -0.305 0.946 -0.127 -0.332 0.935 -0.122 -0.328 0.937 0.008 -0.218 0.976 0.056 -0.168 0.984 0.018 -0.186 0.982 -0.012 -0.196 0.981 -0.025 -0.2 0.979 -0.003 -0.199 0.98 0.04 -0.201 0.979 0.088 -0.212 0.973 0.129 -0.228 0.965 0.141 -0.236 0.961 0.14 -0.232 0.963 0.135 -0.221 0.966 0.212 -0.112 0.971 0.17 0.002 0.985 0.159 0 0.987 0.156 -0.001 0.988 0.174 -0.009 0.985 0.215 -0.041 0.976 0.252 -0.083 0.964 0.277 -0.125 0.953 0.287 -0.149 0.946 0.286 -0.137 0.948 0.281 -0.106 0.954 0.279 -0.063 0.958 0.257 -0.134 0.957 0.208 -0.308 0.928 0.207 -0.315 0.926 0.228 -0.29 0.93 0.305 -0.219 0.927 0.382 -0.148 0.912 0.407 -0.129 0.904 0.401 -0.13 0.907 0.228 -0.161 0.96 0.157 -0.176 0.972 0.199 -0.182 0.963 0.228 -0.19 0.955 0.239 -0.193 0.952 0.217 -0.18 0.959 0.179 -0.151 0.972 0.141 -0.109 0.984 0.114 -0.065 0.991 0.107 -0.047 0.993 0.105 -0.049 0.993 0.103 -0.06 0.993 0.032 0.157 0.987 0.035 0.012 0.999 0.045 0.011 0.999 0.044 0.012 0.999 0.025 0.026 0.999 -0.023 0.077 0.997 -0.062 0.134 0.989 -0.08 0.175 0.981 -0.084 0.186 0.979 -0.081 0.154 0.985 -0.078 0.102 0.992 -0.082 0.047 0.995 -0.039 0.146 0.989 0.046 0.358 0.932 0.049 0.366 0.929 0.027 0.347 0.937 -0.061 0.288 0.956 -0.15 0.229 0.962 -0.177 0.215 0.96 -0.168 0.215 0.962 0.068 0.217 0.974 0.174 0.219 0.96 0.123 0.236 0.964 0.075 0.258 0.963 0.046 0.272 0.961 0.054 0.265 0.963 0.087 0.233 0.969 0.126 0.177 0.976 0.156 0.113 0.981 0.161 0.09 0.983 0.162 0.09 0.983 0.165 0.099 0.981 -0.033 -0.027 0.999 0.053 0.099 0.994 0.041 0.111 0.993 0.037 0.114 0.993 0.042 0.091 0.995 0.041 0.025 0.999 0.027 -0.047 0.999 0.004 -0.106 0.994 -0.012 -0.136 0.991 -0.001 -0.124 0.992 0.028 -0.093 0.995 0.073 -0.056 0.996 -0.019 -0.088 0.996 -0.238 -0.18 0.954 -0.246 -0.184 0.952 -0.203 -0.186 0.961 -0.066 -0.211 0.975 0.071 -0.237 0.969 0.112 -0.25 0.962 0.107 -0.244 0.964 -0.068 -0.079 0.995 -0.142 -0.017 0.99 -0.113 -0.067 0.991 -0.097 -0.107 0.99 -0.091 -0.122 0.988 -0.095 -0.088 0.992 -0.096 -0.024 0.995 -0.083 0.048 0.995 -0.061 0.11 0.992 -0.048 0.13 0.99 -0.052 0.128 0.99 -0.067 0.121 0.99 0.04 -0.05 0.998 -0.067 -0.053 0.996 -0.067 -0.055 0.996 -0.066 -0.051 0.997 -0.059 -0.035 0.998 -0.028 0.006 1 0.006 0.039 0.999 0.026 0.052 0.998 0.024 0.052 0.998 -0.008 0.045 0.999 -0.048 0.037 0.998 -0.083 0.036 0.996 0.002 0.012 1 0.165 -0.028 0.986 0.172 -0.03 0.985 0.16 -0.021 0.987 0.117 0.023 0.993 0.075 0.069 0.995 0.066 0.081 0.994 0.068 0.075 0.995 0.1 -0.091 0.991 0.118 -0.177 0.977 0.122 -0.142 0.982 0.132 -0.102 0.986 0.141 -0.071 0.987 0.141 -0.069 0.988 0.127 -0.089 0.988 0.092 -0.121 0.988 0.049 -0.15 0.988 0.033 -0.155 0.987 0.029 -0.156 0.987 0.031 -0.156 0.987 -0.015 0.205 0.979 0.063 0.17 0.983 0.067 0.177 0.982 0.068 0.179 0.982 0.056 0.173 0.983 0.019 0.163 0.986 -0.022 0.159 0.987 -0.055 0.162 0.985 -0.068 0.165 0.984 -0.054 0.158 0.986 -0.028 0.145 0.989 0 0.126 0.992 -0.037 0.178 0.983 -0.129 0.289 0.948 -0.132 0.292 0.947 -0.126 0.27 0.954 -0.118 0.194 0.974 -0.112 0.116 0.987 -0.113 0.092 0.989 -0.111 0.096 0.989 -0.042 0.227 0.973 -0.015 0.284 0.959 -0.039 0.26 0.965 -0.062 0.242 0.968 -0.074 0.233 0.97 -0.062 0.238 0.969 -0.031 0.248 0.968 0.01 0.251 0.968 0.049 0.248 0.967 0.061 0.245 0.968 0.06 0.246 0.967 0.055 0.253 0.966 0.217 0.08 0.973 0.178 0.184 0.967 0.164 0.182 0.97 0.159 0.181 0.971 0.174 0.174 0.969 0.213 0.146 0.966 0.251 0.107 0.962 0.278 0.066 0.958 0.289 0.043 0.956 0.286 0.056 0.957 0.279 0.089 0.956 0.274 0.135 0.952 0.256 0.064 0.965 0.217 -0.124 0.968 0.216 -0.13 0.968 0.237 -0.102 0.966 0.314 -0.023 0.949 0.389 0.054 0.92 0.415 0.074 0.907 0.41 0.073 0.909 0.232 0.04 0.972 0.162 0.021 0.987 0.207 0.016 0.978 0.239 0.008 0.971 0.252 0.005 0.968 0.23 0.017 0.973 0.19 0.045 0.981 0.152 0.083 0.985 0.123 0.123 0.985 0.117 0.138 0.984 0.116 0.133 0.984 0.114 0.119 0.986 -0.185 0.284 0.941 -0.221 0.201 0.954 -0.21 0.196 0.958 -0.207 0.194 0.959 -0.213 0.205 0.955 -0.222 0.242 0.944 -0.225 0.285 0.932 -0.219 0.323 0.921 -0.214 0.342 0.915 -0.22 0.332 0.917 -0.235 0.307 0.922 -0.258 0.276 0.926 -0.202 0.314 0.928 -0.065 0.41 0.91 -0.062 0.412 0.909 -0.093 0.406 0.909 -0.191 0.395 0.899 -0.287 0.383 0.878 -0.317 0.382 0.868 -0.314 0.38 0.87 -0.172 0.318 0.932 -0.11 0.294 0.95 -0.138 0.319 0.938 -0.155 0.339 0.928 -0.163 0.348 0.923 -0.155 0.331 0.931 -0.145 0.295 0.945 -0.142 0.252 0.957 -0.146 0.213 0.966 -0.15 0.201 0.968 -0.147 0.203 0.968 -0.137 0.211 0.968 -0.066 0.008 0.998 0.054 -0.016 0.998 0.056 -0.007 0.998 0.055 -0.007 0.998 0.04 -0.02 0.999 -0.008 -0.046 0.999 -0.062 -0.063 0.996 -0.105 -0.068 0.992 -0.122 -0.068 0.99 -0.103 -0.073 0.992 -0.068 -0.083 0.994 -0.029 -0.099 0.995 -0.092 -0.042 0.995 -0.235 0.076 0.969 -0.24 0.081 0.967 -0.228 0.056 0.972 -0.199 -0.035 0.979 -0.17 -0.126 0.977 -0.166 -0.154 0.974 -0.164 -0.147 0.975 -0.116 0.034 0.993 -0.097 0.116 0.989 -0.119 0.08 0.99 -0.143 0.052 0.988 -0.156 0.036 0.987 -0.141 0.047 0.989 -0.104 0.067 0.992 -0.05 0.084 0.995 0.025 0.09 0.996 0.025 0.091 0.996 0.018 0.096 0.995 -0.103 0.131 0.986 -0.092 0.223 0.971 -0.095 0.223 0.97 -0.093 0.222 0.971 -0.081 0.213 0.974 -0.052 0.18 0.982 -0.031 0.144 0.989 -0.022 0.121 0.992 -0.021 0.117 0.993 -0.021 0.14 0.99 -0.02 0.173 0.985 -0.014 0.203 0.979 -0.048 0.141 0.989 -0.112 0.011 0.994 -0.103 0.015 0.995 -0.053 0.046 0.998 -0.001 0.076 0.997 0.013 0.081 0.997 0.006 0.082 0.997 -0.137 0.088 0.987 -0.208 0.087 0.974 -0.179 0.078 0.981 -0.15 0.063 0.987 -0.13 0.052 0.99 -0.132 0.055 0.99 -0.149 0.074 0.986 -0.17 0.11 0.979 -0.185 0.15 0.971 -0.187 0.166 0.968 -0.187 0.168 0.968 -0.188 0.166 0.968 -0.134 -0.19 0.973 -0.12 -0.058 0.991 -0.129 -0.056 0.99 -0.128 -0.057 0.99 -0.112 -0.072 0.991 -0.075 -0.125 0.989 -0.046 -0.18 0.983 -0.034 -0.22 0.975 -0.032 -0.23 0.973 -0.031 -0.201 0.979 -0.028 -0.153 0.988 -0.018 -0.105 0.994 -0.068 -0.188 0.98 -0.168 -0.371 0.913 -0.171 -0.377 0.91 -0.15 -0.363 0.92 -0.064 -0.32 0.945 0.025 -0.277 0.961 0.051 -0.269 0.962 0.043 -0.267 0.963 -0.173 -0.239 0.955 -0.269 -0.228 0.936 -0.225 -0.25 0.942 -0.184 -0.276 0.943 -0.159 -0.292 0.943 -0.166 -0.285 0.944 -0.192 -0.251 0.949 -0.221 -0.196 0.955 -0.241 -0.134 0.961 -0.243 -0.113 0.964 -0.243 -0.112 0.963 -0.247 -0.12 0.962 -0.054 -0.031 0.998 -0.146 -0.135 0.98 -0.137 -0.147 0.98 -0.134 -0.15 0.98 -0.136 -0.128 0.982 -0.127 -0.069 0.99 -0.106 -0.006 0.994 -0.077 0.046 0.996 -0.058 0.071 0.996 -0.07 0.061 0.996 -0.101 0.037 0.994 -0.146 0.009 0.989 -0.059 0.026 0.998 0.156 0.084 0.984 0.163 0.087 0.983 0.123 0.094 0.988 0.001 0.133 0.991 -0.12 0.174 0.977 -0.155 0.192 0.969 -0.151 0.186 0.971 -0.015 0.012 1 0.045 -0.054 0.998 0.025 -0.004 1 0.015 0.033 0.999 0.011 0.048 0.999 0.011 0.017 1 0.004 -0.042 0.999 -0.017 -0.105 0.994 -0.045 -0.158 0.986 -0.059 -0.175 0.983 -0.055 -0.174 0.983 -0.04 -0.17 0.985 -0.117 -0.001 0.993 -0.02 -0.012 1 -0.02 -0.01 1 -0.021 -0.013 1 -0.029 -0.027 0.999 -0.062 -0.061 0.996 -0.097 -0.086 0.992 -0.117 -0.096 0.989 -0.115 -0.096 0.989 -0.085 -0.093 0.992 -0.048 -0.091 0.995 -0.015 -0.094 0.995 -0.09 -0.062 0.994 -0.232 -0.004 0.973 -0.238 -0.002 0.971 -0.229 -0.011 0.973 -0.195 -0.058 0.979 -0.162 -0.105 0.981 -0.156 -0.117 0.981 -0.157 -0.11 0.981 -0.165 0.044 0.985 -0.171 0.125 0.977 -0.179 0.094 0.979 -0.193 0.059 0.979 -0.205 0.032 0.978 -0.205 0.029 0.978 -0.19 0.046 0.981 -0.155 0.07 0.985 -0.112 0.091 0.99 -0.097 0.094 0.991 -0.093 0.094 0.991 -0.095 0.095 0.991 -0.097 -0.239 0.966 -0.163 -0.197 0.967 -0.168 -0.203 0.965 -0.169 -0.205 0.964 -0.158 -0.201 0.967 -0.123 -0.197 0.973 -0.085 -0.199 0.976 -0.056 -0.205 0.977 -0.044 -0.209 0.977 -0.056 -0.202 0.978 -0.078 -0.187 0.979 -0.102 -0.166 0.981 -0.074 -0.217 0.973 -0.001 -0.33 0.944 0.002 -0.333 0.943 -0.001 -0.312 0.95 -0.001 -0.242 0.97 0.001 -0.17 0.985 0.005 -0.149 0.989 0.002 -0.152 0.988 -0.075 -0.262 0.962 -0.105 -0.31 0.945 -0.08 -0.292 0.953 -0.058 -0.279 0.959 -0.045 -0.272 0.961 -0.057 -0.275 0.96 -0.087 -0.28 0.956 -0.124 -0.278 0.953 -0.159 -0.27 0.949 -0.17 -0.265 0.949 -0.169 -0.267 0.949 -0.165 -0.273 0.948 -0.292 -0.095 0.952 -0.269 -0.195 0.943 -0.256 -0.195 0.947 -0.251 -0.195 0.948 -0.264 -0.187 0.946 -0.296 -0.156 0.942 -0.326 -0.116 0.938 -0.345 -0.075 0.936 -0.352 -0.052 0.934 -0.352 -0.065 0.934 -0.349 -0.096 0.932 -0.35 -0.138 0.927 -0.325 -0.076 0.943 -0.266 0.091 0.96 -0.265 0.096 0.959 -0.288 0.073 0.955 -0.367 0.011 0.93 -0.445 -0.048 0.894 -0.471 -0.062 0.88 -0.466 -0.063 0.883 -0.301 -0.058 0.952 -0.235 -0.05 0.971 -0.275 -0.039 0.961 -0.303 -0.027 0.952 -0.314 -0.023 0.949 -0.296 -0.037 0.955 -0.264 -0.068 0.962 -0.234 -0.108 0.966 -0.213 -0.147 0.966 -0.208 -0.161 0.965 -0.207 -0.157 0.966 -0.204 -0.145 0.968 0.051 -0.332 0.942 0.093 -0.261 0.961 0.083 -0.255 0.963 0.08 -0.253 0.964 0.085 -0.264 0.961 0.09 -0.299 0.95 0.089 -0.338 0.937 0.08 -0.372 0.925 0.073 -0.389 0.918 0.08 -0.38 0.922 0.096 -0.359 0.928 0.121 -0.334 0.935 0.064 -0.362 0.93 -0.071 -0.432 0.899 -0.074 -0.434 0.898 -0.045 -0.432 0.901 0.047 -0.434 0.9 0.138 -0.436 0.889 0.167 -0.439 0.883 0.164 -0.437 0.885 0.036 -0.361 0.932 -0.019 -0.331 0.943 0.004 -0.358 0.934 0.019 -0.379 0.925 0.025 -0.388 0.921 0.019 -0.371 0.928 0.013 -0.337 0.942 0.015 -0.297 0.955 0.022 -0.263 0.965 0.027 -0.252 0.967 0.024 -0.254 0.967 0.015 -0.26 0.966 -0.028 -0.067 0.997 -0.134 -0.031 0.991 -0.137 -0.038 0.99 -0.136 -0.038 0.99 -0.121 -0.028 0.992 -0.074 -0.011 0.997 -0.023 -0.002 1 0.017 -0.003 1 0.033 -0.005 0.999 0.016 0.002 1 -0.015 0.015 1 -0.048 0.035 0.998 0.002 -0.025 1 0.119 -0.149 0.982 0.124 -0.154 0.98 0.116 -0.13 0.985 0.099 -0.044 0.994 0.085 0.043 0.995 0.084 0.068 0.994 0.082 0.062 0.995 0.015 -0.096 0.995 -0.012 -0.169 0.986 0.012 -0.139 0.99 0.037 -0.116 0.993 0.051 -0.104 0.993 0.036 -0.111 0.993 -0.001 -0.126 0.992 -0.052 -0.134 0.99 -0.102 -0.134 0.986 -0.12 -0.13 0.984 -0.115 -0.136 0.984 -0.009 -0.183 0.983 -0.028 -0.265 0.964 -0.025 -0.265 0.964 -0.027 -0.264 0.964 -0.038 -0.254 0.966 -0.06 -0.221 0.973 -0.076 -0.186 0.98 -0.081 -0.164 0.983 -0.082 -0.16 0.984 -0.084 -0.181 0.98 -0.089 -0.211 0.974 -0.097 -0.237 0.967 -0.059 -0.185 0.981 0.014 -0.076 0.997 0.017 -0.071 0.997 0.005 -0.078 0.997 -0.044 -0.1 0.994 -0.095 -0.121 0.988 -0.108 -0.124 0.986 -0.102 -0.125 0.987 0.028 -0.148 0.989 0.093 -0.156 0.983 0.068 -0.144 0.987 0.043 -0.127 0.991 0.025 -0.115 0.993 0.027 -0.118 0.993 0.04 -0.137 0.99 0.055 -0.172 0.984 0.065 -0.211 0.975 0.065 -0.225 0.972 0.065 -0.227 0.972 0.066 -0.225 0.972 0.058 0.222 0.973 0.067 0.089 0.994 0.075 0.089 0.993 0.075 0.09 0.993 0.057 0.101 0.993 0.01 0.148 0.989 -0.027 0.198 0.98 -0.046 0.236 0.971 -0.05 0.245 0.968 -0.046 0.216 0.975 -0.042 0.168 0.985 -0.044 0.118 0.992 -0.007 0.21 0.978 0.064 0.408 0.911 0.067 0.415 0.908 0.047 0.397 0.917 -0.032 0.34 0.94 -0.113 0.282 0.953 -0.138 0.269 0.953 -0.13 0.27 0.954 0.09 0.278 0.956 0.189 0.283 0.94 0.14 0.297 0.945 0.095 0.316 0.944 0.067 0.328 0.942 0.076 0.322 0.944 0.107 0.293 0.95 0.145 0.243 0.959 0.175 0.185 0.967 0.18 0.164 0.97 0.181 0.164 0.97 0.184 0.172 0.968 0.005 0.051 0.999 0.08 0.17 0.982 0.068 0.181 0.981 0.065 0.183 0.981 0.07 0.162 0.984 0.071 0.101 0.992 0.061 0.035 0.998 0.041 -0.022 0.999 0.027 -0.05 0.998 0.037 -0.038 0.999 0.063 -0.009 0.998 0.103 0.027 0.994 0.019 -0.005 1 -0.184 -0.1 0.978 -0.19 -0.104 0.976 -0.15 -0.104 0.983 -0.022 -0.122 0.992 0.106 -0.142 0.984 0.145 -0.154 0.977 0.14 -0.149 0.979 -0.026 0.002 1 -0.097 0.057 0.994 -0.069 0.011 0.998 -0.053 -0.025 0.998 -0.046 -0.039 0.998 -0.052 -0.007 0.999 -0.054 0.052 0.997 -0.044 0.119 0.992 -0.025 0.176 0.984 -0.014 0.195 0.981 -0.018 0.194 0.981 -0.032 0.187 0.982 0.073 0.032 0.997 -0.026 0.026 0.999 -0.026 0.024 0.999 -0.025 0.028 0.999 -0.02 0.043 0.999 0.008 0.082 0.997 0.038 0.113 0.993 0.057 0.126 0.99 0.055 0.126 0.991 0.026 0.118 0.993 -0.011 0.11 0.994 -0.044 0.108 0.993 0.035 0.088 0.995 0.188 0.054 0.981 0.194 0.053 0.98 0.183 0.061 0.981 0.142 0.102 0.985 0.101 0.143 0.985 0.093 0.153 0.984 0.095 0.148 0.985 0.129 -0.005 0.992 0.148 -0.085 0.985 0.151 -0.052 0.987 0.159 -0.015 0.987 0.167 0.014 0.986 0.167 0.016 0.986 0.154 -0.002 0.988 0.123 -0.033 0.992 0.084 -0.061 0.995 0.069 -0.066 0.995 0.065 -0.067 0.996 0.067 -0.067 0.995 0.014 0.265 0.964 0.087 0.235 0.968 0.091 0.242 0.966 0.091 0.243 0.966 0.081 0.238 0.968 0.046 0.228 0.973 0.008 0.223 0.975 -0.022 0.225 0.974 -0.034 0.227 0.973 -0.021 0.221 0.975 0.003 0.21 0.978 0.03 0.193 0.981 -0.006 0.239 0.971 -0.096 0.339 0.936 -0.099 0.342 0.935 -0.093 0.321 0.942 -0.082 0.252 0.964 -0.073 0.18 0.981 -0.074 0.158 0.985 -0.071 0.162 0.984 -0.012 0.285 0.959 0.01 0.337 0.941 -0.011 0.315 0.949 -0.032 0.298 0.954 -0.043 0.289 0.956 -0.032 0.294 0.955 -0.003 0.304 0.953 0.035 0.308 0.951 0.071 0.307 0.949 0.083 0.303 0.949 0.082 0.305 0.949 0.076 0.311 0.947 0.233 0.155 0.96 0.193 0.25 0.949 0.18 0.248 0.952 0.175 0.247 0.953 0.19 0.241 0.952 0.227 0.216 0.95 0.264 0.181 0.948 0.29 0.144 0.946 0.301 0.122 0.946 0.298 0.134 0.945 0.29 0.165 0.943 0.284 0.207 0.936 0.269 0.141 0.953 0.238 -0.034 0.971 0.238 -0.04 0.97 0.257 -0.013 0.966 0.326 0.061 0.943 0.395 0.133 0.909 0.419 0.152 0.895 0.414 0.151 0.898 0.248 0.119 0.961 0.183 0.1 0.978 0.226 0.096 0.969 0.256 0.089 0.963 0.267 0.087 0.96 0.246 0.098 0.964 0.209 0.123 0.97 0.172 0.158 0.972 0.138 0.207 0.969 0.137 0.202 0.97 0.136 0.189 0.973 -0.148 0.332 0.931 -0.178 0.255 0.95 -0.168 0.25 0.953 -0.165 0.249 0.954 -0.171 0.259 0.951 -0.182 0.292 0.939 -0.186 0.332 0.925 -0.183 0.367 0.912 -0.178 0.385 0.906 -0.184 0.375 0.909 -0.197 0.352 0.915 -0.218 0.322 0.921 -0.166 0.359 0.918 -0.042 0.452 0.891 -0.039 0.454 0.89 -0.068 0.447 0.892 -0.16 0.434 0.887 -0.25 0.419 0.873 -0.279 0.418 0.865 -0.276 0.416 0.867 -0.138 0.363 0.921 -0.079 0.343 0.936 -0.106 0.366 0.925 -0.123 0.384 0.915 -0.131 0.392 0.911 -0.123 0.376 0.919 -0.111 0.343 0.933 -0.107 0.304 0.947 -0.109 0.268 0.957 -0.112 0.257 0.96 -0.109 0.259 0.96 -0.101 0.267 0.959 -0.027 0.082 0.996 0.084 0.064 0.994 0.087 0.072 0.994 0.086 0.072 0.994 0.072 0.059 0.996 0.028 0.035 0.999 -0.021 0.017 1 -0.061 0.011 0.998 -0.077 0.01 0.997 -0.059 0.006 0.998 -0.026 -0.001 1 0.01 -0.015 1 -0.05 0.035 0.998 -0.187 0.139 0.972 -0.192 0.143 0.971 -0.18 0.12 0.976 -0.15 0.038 0.988 -0.121 -0.046 0.992 -0.116 -0.072 0.991 -0.114 -0.065 0.991 -0.074 0.104 0.992 -0.059 0.181 0.982 -0.079 0.147 0.986 -0.1 0.12 0.988 -0.111 0.106 0.988 -0.098 0.116 0.988 -0.064 0.136 0.989 -0.014 0.153 0.988 0.036 0.162 0.986 0.054 0.16 0.986 0.055 0.161 0.985 0.048 0.166 0.985 -0.065 0.194 0.979 -0.059 0.279 0.959 -0.062 0.279 0.958 -0.06 0.278 0.959 -0.048 0.27 0.962 -0.02 0.241 0.97 0.001 0.209 0.978 0.01 0.187 0.982 0.011 0.184 0.983 0.01 0.206 0.979 0.01 0.236 0.972 0.014 0.263 0.965 -0.07 0.084 0.994 -0.072 0.079 0.994 -0.062 0.088 0.994 -0.016 0.118 0.993 0.031 0.147 0.989 0.043 0.152 0.987 0.038 0.153 0.988 -0.096 0.153 0.983 -0.162 0.151 0.975 -0.135 0.143 0.981 -0.107 0.131 0.986 -0.088 0.121 0.989 -0.09 0.123 0.988 -0.106 0.14 0.984 -0.127 0.173 0.977 -0.143 0.209 0.967 -0.145 0.223 0.964 -0.145 0.226 0.963 -0.146 0.223 0.964 0.02 -0.062 0.998 -0.086 0.029 0.996 -0.093 0.023 0.995 -0.091 0.022 0.996 -0.07 0.028 0.997 -0.002 0.028 1 0.063 0.019 0.998 0.105 0.006 0.994 0.115 0.001 0.993 0.09 0.02 0.996 0.051 0.052 0.997 0.015 0.09 0.996 0.057 -0.004 0.998 0.158 -0.205 0.966 0.161 -0.212 0.964 0.161 -0.184 0.97 0.174 -0.082 0.981 0.189 0.02 0.982 0.197 0.047 0.979 0.192 0.041 0.981 0.04 -0.127 0.991 -0.026 -0.205 0.978 0.019 -0.179 0.984 0.065 -0.159 0.985 0.094 -0.148 0.985 0.083 -0.149 0.985 0.039 -0.151 0.988 -0.026 -0.142 0.989 -0.091 -0.123 0.988 -0.11 -0.112 0.988 -0.111 -0.112 0.987 -0.107 -0.12 0.987 -0.07 0.102 0.992 -0.035 -0.039 0.999 -0.019 -0.039 0.999 -0.014 -0.038 0.999 -0.034 -0.026 0.999 -0.08 0.017 0.997 -0.122 0.072 0.99 -0.149 0.127 0.981 -0.16 0.157 0.975 -0.159 0.141 0.977 -0.156 0.101 0.983 -0.158 0.046 0.986 -0.122 0.131 0.984 -0.043 0.345 0.938 -0.041 0.352 0.935 -0.071 0.323 0.944 -0.177 0.243 0.954 -0.283 0.161 0.945 -0.319 0.14 0.937 -0.311 0.14 0.94 -0.084 0.16 0.983 0.008 0.173 0.985 -0.046 0.185 0.982 -0.084 0.198 0.977 -0.099 0.203 0.974 -0.072 0.185 0.98 -0.027 0.145 0.989 0.016 0.09 0.996 0.045 0.034 0.998 0.051 0.012 0.999 0.053 0.016 0.998 0.058 0.032 0.998 -0.133 0.065 0.989 -0.066 0.143 0.987 -0.068 0.144 0.987 -0.065 0.141 0.988 -0.058 0.126 0.99 -0.049 0.078 0.996 -0.048 0.033 0.998 -0.051 0.01 0.999 -0.05 0.011 0.999 -0.035 0.038 0.999 -0.014 0.072 0.997 0.007 0.098 0.995 -0.064 0.053 0.997 -0.197 -0.038 0.98 -0.202 -0.042 0.978 -0.189 -0.039 0.981 -0.13 -0.037 0.991 -0.07 -0.036 0.997 -0.057 -0.038 0.998 -0.062 -0.034 0.997 -0.2 0.049 0.979 -0.271 0.09 0.958 -0.249 0.065 0.966 -0.228 0.033 0.973 -0.212 0.006 0.977 -0.21 0.005 0.978 -0.215 0.028 0.976 -0.216 0.073 0.974 -0.208 0.122 0.97 -0.202 0.137 0.97 -0.2 0.14 0.97 -0.201 0.139 0.97 0.084 -0.06 0.995 0.009 -0.093 0.996 0.012 -0.1 0.995 0.012 -0.102 0.995 0.015 -0.09 0.996 0.033 -0.057 0.998 0.056 -0.025 0.998 0.079 -0.004 0.997 0.09 0.003 0.996 0.076 -0.002 0.997 0.05 -0.012 0.999 0.018 -0.019 1 0.079 -0.027 0.997 0.22 -0.035 0.975 0.224 -0.035 0.974 0.204 -0.024 0.979 0.143 0.02 0.99 0.083 0.066 0.994 0.066 0.083 0.994 0.068 0.078 0.995 0.118 -0.056 0.991 0.142 -0.112 0.984 0.14 -0.079 0.987 0.142 -0.051 0.989 0.143 -0.036 0.989 0.139 -0.049 0.989 0.126 -0.077 0.989 0.102 -0.108 0.989 0.075 -0.134 0.988 0.064 -0.141 0.988 0.066 -0.141 0.988 0.074 -0.141 0.987 -0.153 -0.146 0.977 -0.054 -0.184 0.981 -0.046 -0.173 0.984 -0.044 -0.169 0.985 -0.058 -0.176 0.983 -0.104 -0.185 0.977 -0.155 -0.188 0.97 -0.201 -0.181 0.963 -0.225 -0.174 0.959 -0.214 -0.181 0.96 -0.185 -0.197 0.963 -0.149 -0.223 0.963 -0.189 -0.163 0.968 -0.297 -0.015 0.955 -0.301 -0.01 0.954 -0.294 -0.044 0.955 -0.287 -0.151 0.946 -0.28 -0.256 0.925 -0.282 -0.289 0.915 -0.279 -0.284 0.917 -0.191 -0.131 0.973 -0.16 -0.067 0.985 -0.192 -0.097 0.977 -0.218 -0.116 0.969 -0.228 -0.123 0.966 -0.206 -0.114 0.972 -0.161 -0.104 0.981 -0.109 -0.101 0.989 -0.063 -0.105 0.992 -0.048 -0.11 0.993 -0.051 -0.107 0.993 -0.06 -0.096 0.994 0.253 0.008 0.967 0.216 0.087 0.973 0.205 0.083 0.975 0.201 0.082 0.976 0.213 0.079 0.974 0.247 0.061 0.967 0.28 0.035 0.959 0.305 0.006 0.952 0.315 -0.011 0.949 0.311 0.001 0.95 0.303 0.027 0.953 0.296 0.065 0.953 0.286 -0 0.958 0.268 -0.16 0.95 0.268 -0.165 0.949 0.283 -0.138 0.949 0.339 -0.062 0.939 0.395 0.013 0.919 0.415 0.035 0.909 0.411 0.034 0.911 0.269 -0.023 0.963 0.211 -0.051 0.976 0.247 -0.048 0.968 0.274 -0.049 0.96 0.286 -0.05 0.957 0.268 -0.044 0.963 0.234 -0.027 0.972 0.201 -0.001 0.98 0.175 0.027 0.984 0.169 0.038 0.985 0.169 0.034 0.985 0.168 0.022 0.986 -0.024 0.104 0.994 -0.117 0.033 0.993 -0.113 0.026 0.993 -0.112 0.027 0.993 -0.112 0.046 0.993 -0.099 0.097 0.99 -0.076 0.146 0.986 -0.052 0.179 0.982 -0.041 0.192 0.981 -0.057 0.181 0.982 -0.086 0.162 0.983 -0.123 0.145 0.982 -0.043 0.154 0.987 0.135 0.178 0.975 0.142 0.179 0.974 0.116 0.187 0.976 0.032 0.224 0.974 -0.05 0.262 0.964 -0.073 0.277 0.958 -0.069 0.271 0.96 0.027 0.122 0.992 0.073 0.056 0.996 0.062 0.095 0.994 0.057 0.129 0.99 0.055 0.148 0.987 0.053 0.132 0.99 0.043 0.092 0.995 0.02 0.043 0.999 -0.01 -0 1 -0.024 -0.013 1 -0.024 -0.014 1 -0.016 -0.013 1 0.087 0.05 0.995 0.147 -0.017 0.989 0.149 -0.015 0.989 0.147 -0.016 0.989 0.132 -0.019 0.991 0.09 -0.017 0.996 0.051 -0.009 0.999 0.028 -0 1 0.025 0.001 1 0.042 -0.014 0.999 0.064 -0.036 0.997 0.082 -0.059 0.995 0.06 0.006 0.998 0.008 0.134 0.991 0.006 0.139 0.99 0.006 0.125 0.992 -0.005 0.069 0.998 -0.017 0.014 1 -0.022 0.001 1 -0.018 0.005 1 0.079 0.103 0.992 0.125 0.152 0.98 0.1 0.138 0.985 0.07 0.127 0.989 0.049 0.12 0.992 0.053 0.12 0.991 0.077 0.12 0.99 0.116 0.111 0.987 0.156 0.095 0.983 0.168 0.087 0.982 0.17 0.085 0.982 0.168 0.088 0.982 -0.091 0.124 0.988 0.024 0.05 0.998 0.029 0.057 0.998 0.028 0.058 0.998 0.008 0.05 0.999 -0.058 0.039 0.998 -0.122 0.039 0.992 -0.164 0.046 0.985 -0.175 0.049 0.983 -0.148 0.034 0.988 -0.106 0.009 0.994 -0.066 -0.023 0.998 -0.12 0.063 0.991 -0.243 0.241 0.94 -0.247 0.248 0.937 -0.243 0.221 0.945 -0.243 0.121 0.963 -0.243 0.02 0.97 -0.247 -0.008 0.969 -0.243 -0.002 0.97 -0.119 0.183 0.976 -0.065 0.268 0.961 -0.106 0.236 0.966 -0.148 0.211 0.966 -0.174 0.195 0.965 -0.164 0.198 0.966 -0.122 0.207 0.971 -0.058 0.207 0.977 0.008 0.198 0.98 0.028 0.189 0.981 0.03 0.19 0.981 0.024 0.197 0.98 0.018 -0.023 1 -0.035 0.11 0.993 -0.051 0.107 0.993 -0.055 0.106 0.993 -0.034 0.097 0.995 0.016 0.062 0.998 0.099 -0.036 0.994 0.111 -0.049 0.993 0.102 -0.011 0.995 0.096 0.044 0.994 0.073 -0.045 0.996 0.029 -0.265 0.964 0.028 -0.273 0.962 0.052 -0.24 0.969 0.144 -0.146 0.979 0.236 -0.053 0.97 0.268 -0.028 0.963 0.261 -0.029 0.965 0.041 -0.078 0.996 -0.047 -0.103 0.994 0.007 -0.107 0.994 0.046 -0.115 0.992 0.061 -0.118 0.991 0.033 -0.104 0.994 -0.018 -0.071 0.997 -0.067 -0.023 0.998 -0.103 0.027 0.994 -0.112 0.048 0.993 -0.113 0.044 0.993 -0.115 0.028 0.993 0.074 0.022 0.997 0.021 -0.063 0.998 0.022 -0.064 0.998 0.02 -0.061 0.998 0.011 -0.048 0.999 -0.005 -0.002 1 -0.013 0.042 0.999 -0.013 0.065 0.998 -0.014 0.063 0.998 -0.024 0.034 0.999 -0.04 -0.001 0.999 -0.057 -0.029 0.998 0.006 0.024 1 0.123 0.13 0.984 0.128 0.134 0.983 0.115 0.13 0.985 0.058 0.12 0.991 -0 0.111 0.994 -0.014 0.111 0.994 -0.008 0.108 0.994 0.138 0.046 0.989 0.214 0.015 0.977 0.189 0.037 0.981 0.163 0.065 0.984 0.144 0.089 0.986 0.142 0.09 0.986 0.15 0.068 0.986 0.157 0.025 0.987 0.157 -0.024 0.987 0.152 -0.04 0.988 0.151 -0.043 0.988 0.152 -0.042 0.988 -0.153 0.113 0.982 -0.085 0.155 0.984 -0.088 0.162 0.983 -0.089 0.163 0.982 -0.091 0.151 0.984 -0.103 0.117 0.988 -0.122 0.083 0.989 -0.141 0.059 0.988 -0.15 0.05 0.987 -0.137 0.058 0.989 -0.114 0.071 0.991 -0.083 0.083 0.993 -0.143 0.081 0.986 -0.28 0.068 0.958 -0.285 0.067 0.956 -0.264 0.06 0.963 -0.199 0.026 0.98 -0.134 -0.009 0.991 -0.116 -0.023 0.993 -0.118 -0.019 0.993 -0.216 0.154 0.964 -0.209 0.122 0.97 -0.208 0.096 0.974 -0.207 0.081 0.975 -0.204 0.093 0.974 -0.195 0.123 0.973 -0.177 0.156 0.972 -0.154 0.185 0.971 -0.144 0.193 0.971 -0.146 0.193 0.97 -0.154 0.192 0.969 0.067 0.228 0.971 -0.036 0.252 0.967 -0.041 0.24 0.97 -0.043 0.235 0.971 -0.03 0.244 0.969 0.013 0.259 0.966 0.063 0.269 0.961 0.109 0.268 0.957 0.133 0.265 0.955 0.121 0.269 0.955 0.092 0.281 0.955 0.053 0.301 0.952 0.099 0.249 0.963 0.225 0.12 0.967 0.23 0.116 0.966 0.219 0.147 0.965 0.197 0.25 0.948 0.178 0.35 0.92 0.176 0.381 0.908 0.173 0.376 0.91 0.105 0.219 0.97 0.083 0.153 0.985 0.111 0.186 0.976 0.134 0.207 0.969 0.143 0.216 0.966 0.122 0.204 0.971 0.079 0.188 0.979 0.029 0.179 0.983 -0.016 0.177 0.984 -0.032 0.18 0.983 -0.028 0.177 0.984 -0.018 0.168 0.986 -0.306 0.022 0.952 -0.259 -0.05 0.964 -0.25 -0.045 0.967 -0.246 -0.043 0.968 -0.258 -0.041 0.965 -0.293 -0.03 0.956 -0.328 -0.01 0.944 -0.356 0.015 0.934 -0.368 0.029 0.929 -0.363 0.019 0.932 -0.351 -0.006 0.936 -0.339 -0.041 0.94 -0.339 0.024 0.94 -0.343 0.181 0.922 -0.343 0.186 0.921 -0.354 0.157 0.922 -0.398 0.075 0.914 -0.44 -0.007 0.898 -0.457 -0.031 0.889 -0.453 -0.03 0.891 -0.326 0.049 0.944 -0.274 0.085 0.958 -0.308 0.076 0.948 -0.334 0.074 0.94 -0.346 0.072 0.936 -0.327 0.069 0.942 -0.293 0.058 0.954 -0.257 0.038 0.966 -0.229 0.015 0.973 -0.221 0.005 0.975 -0.222 0.009 0.975 -0.223 0.02 0.975 -0.026 -0.031 0.999 0.055 0.05 0.997 0.05 0.057 0.997 0.049 0.056 0.997 0.051 0.037 0.998 0.045 -0.014 0.999 0.031 -0.065 0.997 0.012 -0.101 0.995 0.003 -0.114 0.993 0.017 -0.102 0.995 0.043 -0.079 0.996 0.076 -0.058 0.995 -0.001 -0.077 0.997 -0.169 -0.126 0.977 -0.175 -0.129 0.976 -0.149 -0.132 0.98 -0.063 -0.157 0.986 0.023 -0.183 0.983 0.047 -0.194 0.98 0.043 -0.189 0.981 -0.073 -0.056 0.996 -0.127 0.002 0.992 -0.111 -0.034 0.993 -0.101 -0.067 0.993 -0.096 -0.085 0.992 -0.096 -0.069 0.993 -0.092 -0.028 0.995 -0.077 0.022 0.997 -0.055 0.068 0.996 -0.042 0.083 0.996 -0.043 0.084 0.996 -0.05 0.081 0.995 -0.141 0.005 0.99 -0.208 0.062 0.976 -0.21 0.059 0.976 -0.208 0.061 0.976 -0.194 0.066 0.979 -0.153 0.07 0.986 -0.114 0.068 0.991 -0.091 0.063 0.994 -0.088 0.062 0.994 -0.106 0.074 0.992 -0.131 0.092 0.987 -0.151 0.112 0.982 -0.121 0.053 0.991 -0.053 -0.065 0.997 -0.05 -0.07 0.996 -0.052 -0.056 0.997 -0.05 -0 0.999 -0.045 0.055 0.997 -0.042 0.069 0.997 -0.046 0.064 0.997 -0.126 -0.044 0.991 -0.163 -0.1 0.982 -0.141 -0.082 0.987 -0.114 -0.067 0.991 -0.095 -0.057 0.994 -0.098 -0.058 0.994 -0.121 -0.061 0.991 -0.161 -0.058 0.985 -0.201 -0.049 0.978 -0.213 -0.042 0.976 -0.215 -0.041 0.976 -0.214 -0.043 0.976 0.264 -0.186 0.946 0.373 -0.101 0.922 0.366 -0.088 0.926 0.364 -0.084 0.927 0.363 -0.106 0.926 0.345 -0.167 0.924 0.314 -0.228 0.921 0.28 -0.273 0.92 0.262 -0.291 0.92 0.281 -0.279 0.918 0.319 -0.255 0.913 0.369 -0.23 0.901 0.274 -0.241 0.931 0.038 -0.27 0.962 0.031 -0.271 0.962 0.068 -0.284 0.956 0.182 -0.338 0.923 0.291 -0.389 0.874 0.32 -0.409 0.855 0.317 -0.403 0.858 0.212 -0.211 0.954 0.171 -0.184 0.968 0.175 -0.228 0.958 0.177 -0.25 0.952 0.181 -0.225 0.957 0.197 -0.172 0.965 0.227 -0.111 0.968 0.263 -0.058 0.963 0.278 -0.043 0.96 0.274 -0.043 0.961 0.26 -0.046 0.965 0.369 -0.169 0.914 0.216 -0.153 0.964 0.212 -0.17 0.962 0.211 -0.175 0.962 0.228 -0.157 0.961 0.29 -0.116 0.95 0.359 -0.084 0.93 0.415 -0.069 0.907 0.439 -0.065 0.896 0.412 -0.062 0.909 0.363 -0.054 0.93 0.302 -0.036 0.953 0.392 -0.106 0.914 0.588 -0.247 0.77 0.593 -0.25 0.765 0.577 -0.214 0.788 0.531 -0.083 0.843 0.476 0.052 0.878 0.463 0.096 0.881 0.462 0.088 0.883 0.425 -0.192 0.885 0.405 -0.308 0.861 0.437 -0.249 0.865 0.466 -0.203 0.861 0.482 -0.178 0.858 0.464 -0.197 0.864 0.416 -0.234 0.879 0.348 -0.267 0.899 0.278 -0.286 0.917 0.254 -0.287 0.924 0.258 -0.29 0.922 0.271 -0.298 0.915 0.009 0.207 0.978 0.088 0.135 0.987 0.071 0.13 0.989 0.015 0.127 0.992 -0.035 0.132 0.991 -0.061 0.139 0.988 -0.06 0.137 0.989 -0.034 0.12 0.992 0.003 0.093 0.996 0.032 0.065 0.997 -0.008 0.144 0.99 -0.1 0.302 0.948 -0.098 0.285 0.953 -0.104 0.217 0.971 -0.112 0.147 0.983 -0.117 0.13 0.985 -0.112 0.135 0.984 0.004 0.272 0.962 0.059 0.338 0.939 0.025 0.317 0.948 -0.016 0.299 0.954 -0.046 0.287 0.957 -0.047 0.285 0.957 -0.02 0.288 0.957 0.03 0.283 0.959 0.085 0.269 0.959 0.1 0.261 0.96 0.102 0.26 0.96 0.1 0.263 0.959 0.377 0.006 0.926 0.408 0.104 0.907 0.409 0.103 0.907 0.414 0.1 0.905 0.426 0.088 0.901 0.451 0.042 0.891 0.467 0.001 0.884 0.471 -0.016 0.882 0.471 -0.006 0.882 0.473 0.028 0.881 0.477 0.071 0.876 0.483 0.101 0.87 0.446 0.033 0.895 0.37 -0.096 0.924 0.366 -0.102 0.925 0.371 -0.099 0.923 0.409 -0.082 0.909 0.445 -0.066 0.893 0.452 -0.064 0.89 0.445 -0.063 0.893 0.308 -0.028 0.951 0.231 -0.011 0.973 0.258 -0.027 0.966 0.29 -0.054 0.955 0.315 -0.076 0.946 0.321 -0.083 0.943 0.313 -0.068 0.947 0.298 -0.026 0.954 0.285 0.026 0.958 0.285 0.043 0.958 0.287 0.049 0.957 0.287 0.05 0.957 0.042 0.274 0.961 -0.064 0.154 0.986 -0.054 0.143 0.988 -0.052 0.142 0.988 -0.057 0.168 0.984 -0.053 0.239 0.97 -0.037 0.311 0.95 -0.012 0.364 0.931 0.002 0.386 0.923 -0.016 0.369 0.929 -0.052 0.336 0.94 -0.1 0.301 0.948 0.009 0.334 0.942 0.25 0.407 0.878 0.258 0.41 0.875 0.217 0.416 0.883 0.082 0.448 0.89 -0.053 0.476 0.878 -0.092 0.487 0.868 -0.086 0.482 0.872 0.099 0.314 0.944 0.183 0.238 0.954 0.155 0.29 0.944 0.137 0.335 0.932 0.128 0.358 0.925 0.131 0.333 0.934 0.13 0.274 0.953 0.113 0.202 0.973 0.085 0.136 0.987 0.07 0.115 0.991 0.073 0.115 0.991 0.086 0.12 0.989 0.049 -0.272 0.961 0.2 -0.253 0.947 0.201 -0.235 0.951 0.201 -0.229 0.952 0.187 -0.248 0.95 0.138 -0.291 0.947 0.074 -0.327 0.942 0.01 -0.347 0.938 -0.027 -0.353 0.935 -0.012 -0.355 0.935 0.029 -0.359 0.933 0.087 -0.37 0.925 -0 -0.319 0.948 -0.22 -0.194 0.956 -0.226 -0.191 0.955 -0.196 -0.231 0.953 -0.119 -0.362 0.925 -0.044 -0.485 0.873 -0.025 -0.526 0.85 -0.024 -0.52 0.854 -0.017 -0.29 0.957 -0.022 -0.189 0.982 -0.04 -0.245 0.969 -0.057 -0.281 0.958 -0.063 -0.294 0.954 -0.038 -0.266 0.963 0.012 -0.223 0.975 0.076 -0.186 0.98 0.136 -0.164 0.977 0.16 -0.16 0.974 0.155 -0.157 0.975 0.138 -0.15 0.979 0.286 0.22 0.933 0.153 0.293 0.944 0.142 0.279 0.95 0.139 0.274 0.952 0.161 0.282 0.946 0.223 0.287 0.931 0.294 0.279 0.914 0.356 0.257 0.899 0.39 0.238 0.89 0.38 0.248 0.891 0.351 0.276 0.895 0.311 0.32 0.895 0.353 0.224 0.908 0.45 -0.008 0.893 0.453 -0.014 0.891 0.454 0.038 0.89 0.465 0.192 0.864 0.47 0.34 0.815 0.475 0.385 0.791 0.472 0.381 0.795 0.351 0.197 0.915 0.3 0.112 0.947 0.343 0.146 0.928 0.375 0.165 0.912 0.386 0.172 0.906 0.351 0.163 0.922 0.287 0.158 0.945 0.216 0.167 0.962 0.156 0.185 0.97 0.135 0.197 0.971 0.137 0.191 0.972 0.146 0.175 0.974 -0.14 0.153 0.978 -0.131 0.024 0.991 -0.125 0.025 0.992 -0.127 0.026 0.992 -0.146 0.035 0.989 -0.192 0.074 0.979 -0.229 0.118 0.966 -0.247 0.151 0.957 -0.25 0.158 0.955 -0.246 0.127 0.961 -0.241 0.083 0.967 -0.241 0.038 0.97 -0.209 0.133 0.969 -0.143 0.325 0.935 -0.14 0.332 0.933 -0.157 0.315 0.936 -0.226 0.257 0.94 -0.295 0.198 0.935 -0.316 0.185 0.931 -0.308 0.186 0.933 -0.108 0.217 0.97 -0.008 0.233 0.972 -0.053 0.24 0.969 -0.096 0.253 0.963 -0.125 0.263 0.957 -0.119 0.258 0.959 -0.09 0.235 0.968 -0.053 0.191 0.98 -0.023 0.138 0.99 -0.017 0.118 0.993 -0.016 0.116 0.993 -0.015 0.122 0.992 0.254 -0.126 0.959 0.206 -0.001 0.979 0.195 -0.003 0.981 0.193 -0.005 0.981 0.214 -0.012 0.977 0.263 -0.043 0.964 0.308 -0.085 0.948 0.337 -0.126 0.933 0.348 -0.147 0.926 0.344 -0.13 0.93 0.336 -0.093 0.937 0.33 -0.046 0.943 0.311 -0.134 0.941 0.268 -0.334 0.904 0.267 -0.341 0.901 0.287 -0.313 0.905 0.363 -0.23 0.903 0.437 -0.146 0.887 0.462 -0.123 0.878 0.455 -0.125 0.882 0.267 -0.183 0.946 0.183 -0.211 0.96 0.229 -0.212 0.95 0.266 -0.218 0.939 0.282 -0.22 0.934 0.261 -0.21 0.942 0.219 -0.185 0.958 0.174 -0.143 0.974 0.139 -0.096 0.986 0.13 -0.076 0.989 0.128 -0.077 0.989 0.136 0.082 0.987 0.043 0.029 0.999 0.046 0.023 0.999 0.046 0.025 0.999 0.048 0.043 0.998 0.064 0.089 0.994 0.108 0.159 0.981 0.116 0.166 0.979 0.098 0.156 0.983 0.068 0.14 0.988 0.034 0.126 0.991 0.111 0.129 0.985 0.273 0.14 0.952 0.28 0.14 0.95 0.26 0.148 0.954 0.191 0.185 0.964 0.123 0.224 0.967 0.106 0.237 0.966 0.109 0.231 0.967 0.189 0.086 0.978 0.228 0.019 0.974 0.221 0.055 0.974 0.218 0.089 0.972 0.217 0.11 0.97 0.215 0.1 0.972 0.205 0.067 0.977 0.181 0.024 0.983 0.151 -0.015 0.988 0.137 -0.025 0.99 0.136 -0.027 0.99 0.142 -0.026 0.99 0.075 0.267 0.961 0.108 0.116 0.987 0.115 0.115 0.987 0.097 0.13 0.987 0.059 0.181 0.982 0.025 0.245 0.969 0.006 0.308 0.951 -0.001 0.346 0.938 -0.003 0.334 0.943 -0.007 0.296 0.955 -0.02 0.239 0.971 0.033 0.316 0.948 0.151 0.508 0.848 0.153 0.514 0.844 0.115 0.491 0.864 -0.017 0.428 0.903 -0.151 0.36 0.921 -0.197 0.342 0.919 -0.189 0.341 0.921 0.056 0.327 0.943 0.151 0.323 0.934 0.096 0.346 0.933 0.06 0.365 0.929 0.049 0.37 0.928 0.078 0.344 0.936 0.121 0.292 0.949 0.156 0.229 0.961 0.175 0.168 0.97 0.177 0.145 0.973 0.18 0.151 0.972 0.189 0.168 0.967 0.155 -0.173 0.973 0.282 -0.069 0.957 0.277 -0.063 0.959 0.277 -0.066 0.959 0.28 -0.091 0.956 0.271 -0.174 0.947 0.25 -0.247 0.936 0.229 -0.287 0.93 0.228 -0.29 0.929 0.26 -0.258 0.931 0.306 -0.213 0.928 0.354 -0.175 0.919 0.233 -0.217 0.948 -0.025 -0.304 0.952 -0.034 -0.307 0.951 -0.004 -0.31 0.951 0.105 -0.339 0.935 0.211 -0.365 0.907 0.237 -0.376 0.896 0.232 -0.369 0.9 0.061 -0.174 0.983 -0.028 -0.078 0.997 -0.003 -0.134 0.991 0.015 -0.196 0.981 0.025 -0.239 0.971 0.026 -0.235 0.972 0.03 -0.191 0.981 0.051 -0.118 0.992 0.084 -0.041 0.996 0.1 -0.02 0.995 0.101 -0.018 0.995 0.094 -0.021 0.995 -0.075 0.277 0.958 -0.219 0.297 0.929 -0.22 0.289 0.932 -0.219 0.291 0.931 -0.206 0.309 0.929 -0.148 0.356 0.923 -0.089 0.39 0.917 -0.051 0.402 0.914 -0.05 0.403 0.914 -0.094 0.403 0.91 -0.154 0.405 0.901 -0.209 0.411 0.887 -0.099 0.358 0.929 0.13 0.24 0.962 0.136 0.237 0.962 0.118 0.26 0.958 0.063 0.352 0.934 0.009 0.441 0.898 -0.001 0.465 0.885 -0.002 0.458 0.889 -0.013 0.215 0.977 -0.014 0.087 0.996 0.005 0.141 0.99 0.032 0.194 0.98 0.054 0.232 0.971 0.052 0.232 0.971 0.022 0.206 0.978 -0.038 0.173 0.984 -0.107 0.145 0.984 -0.129 0.142 0.981 -0.131 0.142 0.981 -0.124 0.139 0.983 -0.058 -0.086 0.995 0.085 -0.169 0.982 0.087 -0.166 0.982 0.082 -0.17 0.982 0.057 -0.183 0.981 -0.022 -0.203 0.979 -0.095 -0.21 0.973 -0.136 -0.206 0.969 -0.137 -0.207 0.969 -0.097 -0.224 0.97 -0.041 -0.249 0.968 0.004 -0.277 0.961 -0.073 -0.185 0.98 -0.231 0.003 0.973 -0.238 0.012 0.971 -0.233 -0.009 0.972 -0.223 -0.1 0.97 -0.215 -0.191 0.958 -0.216 -0.212 0.953 -0.211 -0.203 0.956 -0.092 0.009 0.996 -0.035 0.117 0.993 -0.074 0.08 0.994 -0.124 0.044 0.991 -0.159 0.02 0.987 -0.158 0.02 0.987 -0.119 0.03 0.992 -0.046 0.037 0.998 0.036 0.033 0.999 0.062 0.026 0.998 0.068 0.023 0.997 0.065 0.026 0.998 0.132 -0.073 0.989 0.092 0.067 0.994 0.075 0.066 0.995 0.071 0.066 0.995 0.091 0.053 0.994 0.134 0.012 0.991 0.174 -0.043 0.984 0.2 -0.101 0.975 0.211 -0.137 0.968 0.211 -0.127 0.969 0.21 -0.092 0.973 0.214 -0.039 0.976 0.178 -0.118 0.977 0.094 -0.319 0.943 0.092 -0.326 0.941 0.234 -0.216 0.948 0.342 -0.136 0.93 0.379 -0.115 0.918 0.372 -0.115 0.921 0.16 -0.131 0.978 0.074 -0.142 0.987 0.125 -0.154 0.98 0.158 -0.166 0.973 0.167 -0.169 0.971 0.137 -0.147 0.98 0.091 -0.105 0.99 0.05 -0.049 0.998 0.024 0.004 1 0.019 0.027 0.999 0.016 0.023 1 0.011 0.007 1</float_array><technique_common><accessor source="#ROW_14_SEG2_foliage-nrm-a" count="7402" stride="3"><param name="X" type="float"/><param name="Y" type="float"/><param name="Z" type="float"/></accessor></technique_common></source>
        <vertices id="ROW_14_SEG2_foliage-vtx"><input semantic="POSITION" source="#ROW_14_SEG2_foliage-pos"/></vertices>
        <triangles count="2160" material="MAT_COTTON_LEAF_4-mat"><input semantic="VERTEX" source="#ROW_14_SEG2_foliage-vtx" offset="0"/><input semantic="NORMAL" source="#ROW_14_SEG2_foliage-nrm" offset="1"/><p>0 0 1 1 2 2 0 0 2 2 3 3 0 0 3 3 4 4 0 0 4 4 5 5 0 0 5 5 6 6 0 0 6 6 7 7 0 0 7 7 8 8 0 0 8 8 9 9 0 0 9 9 10 10 0 0 10 10 11 11 0 0 11 11 12 12 0 0 12 12 13 13 0 0 13 13 14 14 0 0 14 14 15 15 0 0 15 15 16 16 0 0 16 16 17 17 0 0 17 17 18 18 0 0 18 18 19 19 0 0 19 19 20 20 0 0 20 20 21 21 0 0 21 21 22 22 0 0 22 22 23 23 0 0 23 23 24 24 0 0 24 24 25 25 0 0 25 25 26 26 0 0 26 26 27 27 0 0 27 27 28 28 0 0 28 28 29 29 0 0 29 29 30 30 0 0 30 30 31 31 32 32 33 33 34 34 32 32 34 34 35 35 32 32 35 35 36 36 32 32 36 36 37 37 32 32 37 37 38 38 32 32 38 38 39 39 32 32 39 39 40 40 32 32 40 40 41 41 32 32 41 41 42 42 32 32 42 42 43 43 32 32 43 43 44 44 32 32 44 44 45 45 32 32 45 45 46 46 32 32 46 46 47 47 32 32 47 47 48 48 32 32 48 48 49 49 32 32 49 49 50 50 32 32 50 50 51 51 32 32 51 51 52 52 32 32 52 52 53 53 32 32 53 53 54 54 32 32 54 54 55 55 32 32 55 55 56 56 32 32 56 56 57 57 32 32 57 57 58 58 32 32 58 58 59 59 32 32 59 59 60 60 32 32 60 60 61 61 32 32 61 61 62 62 32 32 62 62 63 63 64 64 65 65 66 66 64 64 66 66 67 67 64 64 67 67 68 68 64 64 68 68 69 69 64 64 69 69 70 70 64 64 70 70 71 71 64 64 71 71 72 72 64 64 72 72 73 73 64 64 73 73 74 74 64 64 74 74 75 75 64 64 75 75 76 76 64 64 76 76 77 77 64 64 77 77 78 78 64 64 78 78 79 79 64 64 79 79 80 80 64 64 80 80 81 81 64 64 81 81 82 82 64 64 82 82 83 83 64 64 83 83 84 84 64 64 84 84 85 85 64 64 85 85 86 86 64 64 86 86 87 87 64 64 87 87 88 88 64 64 88 88 89 89 64 64 89 89 90 90 64 64 90 90 91 91 64 64 91 91 92 92 64 64 92 92 93 93 64 64 93 93 94 94 64 64 94 94 95 95 96 96 97 97 98 98 96 96 98 98 99 99 96 96 99 99 100 100 96 96 100 100 101 101 96 96 101 101 102 102 96 96 102 102 103 103 96 96 103 103 104 104 96 96 104 104 105 105 96 96 105 105 106 106 96 96 106 106 107 107 96 96 107 107 108 108 96 96 108 108 109 109 96 96 109 109 110 110 96 96 110 110 111 111 96 96 111 111 112 112 96 96 112 112 113 113 96 96 113 113 114 114 96 96 114 114 115 115 96 96 115 115 116 116 96 96 116 116 117 117 96 96 117 117 118 118 96 96 118 118 119 119 96 96 119 119 120 120 96 96 120 120 121 121 96 96 121 121 122 122 96 96 122 122 123 123 96 96 123 123 124 124 96 96 124 124 125 125 96 96 125 125 126 126 96 96 126 126 127 127 128 128 129 129 130 130 128 128 130 130 131 131 128 128 131 131 132 132 128 128 132 132 133 133 128 128 133 133 134 134 128 128 134 134 135 135 128 128 135 135 136 136 128 128 136 136 137 137 128 128 137 137 138 138 128 128 138 138 139 139 128 128 139 139 140 140 128 128 140 140 141 141 128 128 141 141 142 142 128 128 142 142 143 143 128 128 143 143 144 144 128 128 144 144 145 145 128 128 145 145 146 146 128 128 146 146 147 147 128 128 147 147 148 148 128 128 148 148 149 149 128 128 149 149 150 150 128 128 150 150 151 151 128 128 151 151 152 152 128 128 152 152 153 153 128 128 153 153 154 154 128 128 154 154 155 155 128 128 155 155 156 156 128 128 156 156 157 157 128 128 157 157 158 158 128 128 158 158 159 159 160 160 161 161 162 162 160 160 162 162 163 163 160 160 163 163 164 164 160 160 164 164 165 165 160 160 165 165 166 166 160 160 166 166 167 167 160 160 167 167 168 168 160 160 168 168 169 169 160 160 169 169 170 170 160 160 170 170 171 171 160 160 171 171 172 172 160 160 172 172 173 173 160 160 173 173 174 174 160 160 174 174 175 175 160 160 175 175 176 176 160 160 176 176 177 177 160 160 177 177 178 178 160 160 178 178 179 179 160 160 179 179 180 180 160 160 180 180 181 181 160 160 181 181 182 182 160 160 182 182 183 183 160 160 183 183 184 184 160 160 184 184 185 185 160 160 185 185 186 186 160 160 186 186 187 187 160 160 187 187 188 188 160 160 188 188 189 189 160 160 189 189 190 190 160 160 190 190 191 191 192 192 193 193 194 194 192 192 194 194 195 195 192 192 195 195 196 196 192 192 196 196 197 197 192 192 197 197 198 198 192 192 198 198 199 199 192 192 199 199 200 200 192 192 200 200 201 201 192 192 201 201 202 202 192 192 202 202 203 203 192 192 203 203 204 204 192 192 204 204 205 205 192 192 205 205 206 206 192 192 206 206 207 207 192 192 207 207 208 208 192 192 208 208 209 209 192 192 209 209 210 210 192 192 210 210 211 211 192 192 211 211 212 212 192 192 212 212 213 213 192 192 213 213 214 214 192 192 214 214 215 215 192 192 215 215 216 216 192 192 216 216 217 217 192 192 217 217 218 218 192 192 218 218 219 219 192 192 219 219 220 220 192 192 220 220 221 221 192 192 221 221 222 222 192 192 222 222 223 223 224 224 225 225 226 226 224 224 226 226 227 227 224 224 227 227 228 228 224 224 228 228 229 229 224 224 229 229 230 230 224 224 230 230 231 231 224 224 231 231 232 232 224 224 232 232 233 233 224 224 233 233 234 234 224 224 234 234 235 235 224 224 235 235 236 236 224 224 236 236 237 237 224 224 237 237 238 238 224 224 238 238 239 239 224 224 239 239 240 240 224 224 240 240 241 241 224 224 241 241 242 242 224 224 242 242 243 243 224 224 243 243 244 244 224 224 244 244 245 245 224 224 245 245 246 246 224 224 246 246 247 247 224 224 247 247 248 248 224 224 248 248 249 249 224 224 249 249 250 250 224 224 250 250 251 251 224 224 251 251 252 252 224 224 252 252 253 253 224 224 253 253 254 254 224 224 254 254 255 255 256 256 257 257 258 258 256 256 258 258 259 259 256 256 259 259 260 260 256 256 260 260 261 261 256 256 261 261 262 262 256 256 262 262 263 263 256 256 263 263 264 264 256 256 264 264 265 265 256 256 265 265 266 266 256 256 266 266 267 267 256 256 267 267 268 268 256 256 268 268 269 269 256 256 269 269 270 270 256 256 270 270 271 271 256 256 271 271 272 272 256 256 272 272 273 273 256 256 273 273 274 274 256 256 274 274 275 275 256 256 275 275 276 276 256 256 276 276 277 277 256 256 277 277 278 278 256 256 278 278 279 279 256 256 279 279 280 280 256 256 280 280 281 281 256 256 281 281 282 282 256 256 282 282 283 283 256 256 283 283 284 284 256 256 284 284 285 285 256 256 285 285 286 286 256 256 286 286 287 287 288 288 289 289 290 290 288 288 290 290 291 291 288 288 291 291 292 292 288 288 292 292 293 293 288 288 293 293 294 294 288 288 294 294 295 295 288 288 295 295 296 296 288 288 296 296 297 297 288 288 297 297 298 298 288 288 298 298 299 299 288 288 299 299 300 300 288 288 300 300 301 301 288 288 301 301 302 302 288 288 302 302 303 303 288 288 303 303 304 304 288 288 304 304 305 305 288 288 305 305 306 306 288 288 306 306 307 307 288 288 307 307 308 308 288 288 308 308 309 309 288 288 309 309 310 310 288 288 310 310 311 311 288 288 311 311 312 312 288 288 312 312 313 313 288 288 313 313 314 314 288 288 314 314 315 315 288 288 315 315 316 316 288 288 316 316 317 317 288 288 317 317 318 318 288 288 318 318 319 319 320 320 321 321 322 322 320 320 322 322 323 323 320 320 323 323 324 324 320 320 324 324 325 325 320 320 325 325 326 326 320 320 326 326 327 327 320 320 327 327 328 328 320 320 328 328 329 329 320 320 329 329 330 330 320 320 330 330 331 331 320 320 331 331 332 332 320 320 332 332 333 333 320 320 333 333 334 334 320 320 334 334 335 335 320 320 335 335 336 336 320 320 336 336 337 337 320 320 337 337 338 338 320 320 338 338 339 339 320 320 339 339 340 340 320 320 340 340 341 341 320 320 341 341 342 342 320 320 342 342 343 343 320 320 343 343 344 344 320 320 344 344 345 345 320 320 345 345 346 346 320 320 346 346 347 347 320 320 347 347 348 348 320 320 348 348 349 349 320 320 349 349 350 350 320 320 350 350 351 351 352 352 353 353 354 354 352 352 354 354 355 355 352 352 355 355 356 356 352 352 356 356 357 357 352 352 357 357 358 358 352 352 358 358 359 359 352 352 359 359 360 360 352 352 360 360 361 361 352 352 361 361 362 362 352 352 362 362 363 363 352 352 363 363 364 364 352 352 364 364 365 365 352 352 365 365 366 366 352 352 366 366 367 367 352 352 367 367 368 368 352 352 368 368 369 369 352 352 369 369 370 370 352 352 370 370 371 371 352 352 371 371 372 372 352 352 372 372 373 373 352 352 373 373 374 374 352 352 374 374 375 375 352 352 375 375 376 376 352 352 376 376 377 377 352 352 377 377 378 378 352 352 378 378 379 379 352 352 379 379 380 380 352 352 380 380 381 381 352 352 381 381 382 382 352 352 382 382 383 383 384 384 385 385 386 386 384 384 386 386 387 387 384 384 387 387 388 388 384 384 388 388 389 389 384 384 389 389 390 390 384 384 390 390 391 391 384 384 391 391 392 392 384 384 392 392 393 393 384 384 393 393 394 394 384 384 394 394 395 395 384 384 395 395 396 396 384 384 396 396 397 397 384 384 397 397 398 398 384 384 398 398 399 399 384 384 399 399 400 400 384 384 400 400 401 401 384 384 401 401 402 402 384 384 402 402 403 403 384 384 403 403 404 404 384 384 404 404 405 405 384 384 405 405 406 406 384 384 406 406 407 407 384 384 407 407 408 408 384 384 408 408 409 409 384 384 409 409 410 410 384 384 410 410 411 411 384 384 411 411 412 412 384 384 412 412 413 413 384 384 413 413 414 414 384 384 414 414 415 415 416 416 417 417 418 418 416 416 418 418 419 419 416 416 419 419 420 420 416 416 420 420 421 421 416 416 421 421 422 422 416 416 422 422 423 423 416 416 423 423 424 424 416 416 424 424 425 425 416 416 425 425 426 426 416 416 426 426 427 427 416 416 427 427 428 428 416 416 428 428 429 429 416 416 429 429 430 430 416 416 430 430 431 431 416 416 431 431 432 432 416 416 432 432 433 433 416 416 433 433 434 434 416 416 434 434 435 435 416 416 435 435 436 436 416 416 436 436 437 437 416 416 437 437 438 438 416 416 438 438 439 439 416 416 439 439 440 440 416 416 440 440 441 441 416 416 441 441 442 442 416 416 442 442 443 443 416 416 443 443 444 444 416 416 444 444 445 445 416 416 445 445 446 446 416 416 446 446 447 447 448 448 449 449 450 450 448 448 450 450 451 451 448 448 451 451 452 452 448 448 452 452 453 453 448 448 453 453 454 454 448 448 454 454 455 455 448 448 455 455 456 456 448 448 456 456 457 457 448 448 457 457 458 458 448 448 458 458 459 459 448 448 459 459 460 460 448 448 460 460 461 461 448 448 461 461 462 462 448 448 462 462 463 463 448 448 463 463 464 464 448 448 464 464 465 465 448 448 465 465 466 466 448 448 466 466 467 467 448 448 467 467 468 468 448 448 468 468 469 469 448 448 469 469 470 470 448 448 470 470 471 471 448 448 471 471 472 472 448 448 472 472 473 473 448 448 473 473 474 474 448 448 474 474 475 475 448 448 475 475 476 476 448 448 476 476 477 477 448 448 477 477 478 478 448 448 478 478 479 479 480 480 481 481 482 482 480 480 482 482 483 483 480 480 483 483 484 484 480 480 484 484 485 485 480 480 485 485 486 486 480 480 486 486 487 487 480 480 487 487 488 488 480 480 488 488 489 489 480 480 489 489 490 490 480 480 490 490 491 491 480 480 491 491 492 492 480 480 492 492 493 493 480 480 493 493 494 494 480 480 494 494 495 495 480 480 495 495 496 496 480 480 496 496 497 497 480 480 497 497 498 498 480 480 498 498 499 499 480 480 499 499 500 500 480 480 500 500 501 501 480 480 501 501 502 502 480 480 502 502 503 503 480 480 503 503 504 504 480 480 504 504 505 505 480 480 505 505 506 506 480 480 506 506 507 507 480 480 507 507 508 508 480 480 508 508 509 509 480 480 509 509 510 510 480 480 510 510 511 511 512 512 513 513 514 514 512 512 514 514 515 515 512 512 515 515 516 516 512 512 516 516 517 517 512 512 517 517 518 518 512 512 518 518 519 519 512 512 519 519 520 520 512 512 520 520 521 521 512 512 521 521 522 522 512 512 522 522 523 523 512 512 523 523 524 524 512 512 524 524 525 525 512 512 525 525 526 526 512 512 526 526 527 527 512 512 527 527 528 528 512 512 528 528 529 529 512 512 529 529 530 530 512 512 530 530 531 531 512 512 531 531 532 532 512 512 532 532 533 533 512 512 533 533 534 534 512 512 534 534 535 535 512 512 535 535 536 536 512 512 536 536 537 537 512 512 537 537 538 538 512 512 538 538 539 539 512 512 539 539 540 540 512 512 540 540 541 541 512 512 541 541 542 542 512 512 542 542 543 543 544 544 545 545 546 546 544 544 546 546 547 547 544 544 547 547 548 548 544 544 548 548 549 549 544 544 549 549 550 550 544 544 550 550 551 551 544 544 551 551 552 552 544 544 552 552 553 553 544 544 553 553 554 554 544 544 554 554 555 555 544 544 555 555 556 556 544 544 556 556 557 557 544 544 557 557 558 558 544 544 558 558 559 559 544 544 559 559 560 560 544 544 560 560 561 561 544 544 561 561 562 562 544 544 562 562 563 563 544 544 563 563 564 564 544 544 564 564 565 565 544 544 565 565 566 566 544 544 566 566 567 567 544 544 567 567 568 568 544 544 568 568 569 569 544 544 569 569 570 570 544 544 570 570 571 571 544 544 571 571 572 572 544 544 572 572 573 573 544 544 573 573 574 574 544 544 574 574 575 575 576 576 577 577 578 578 576 576 578 578 579 579 576 576 579 579 580 580 576 576 580 580 581 581 576 576 581 581 582 582 576 576 582 582 583 583 576 576 583 583 584 584 576 576 584 584 585 585 576 576 585 585 586 586 576 576 586 586 587 587 576 576 587 587 588 588 576 576 588 588 589 589 576 576 589 589 590 590 576 576 590 590 591 591 576 576 591 591 592 592 576 576 592 592 593 593 576 576 593 593 594 594 576 576 594 594 595 595 576 576 595 595 596 596 576 576 596 596 597 597 576 576 597 597 598 598 576 576 598 598 599 599 576 576 599 599 600 600 576 576 600 600 601 601 576 576 601 601 602 602 576 576 602 602 603 603 576 576 603 603 604 604 576 576 604 604 605 605 576 576 605 605 606 606 576 576 606 606 607 607 608 608 609 609 610 610 608 608 610 610 611 611 608 608 611 611 612 612 608 608 612 612 613 613 608 608 613 613 614 614 608 608 614 614 615 615 608 608 615 615 616 616 608 608 616 616 617 617 608 608 617 617 618 618 608 608 618 618 619 619 608 608 619 619 620 620 608 608 620 620 621 621 608 608 621 621 622 622 608 608 622 622 623 623 608 608 623 623 624 624 608 608 624 624 625 625 608 608 625 625 626 626 608 608 626 626 627 627 608 608 627 627 628 628 608 608 628 628 629 629 608 608 629 629 630 630 608 608 630 630 631 631 608 608 631 631 632 632 608 608 632 632 633 633 608 608 633 633 634 634 608 608 634 634 635 635 608 608 635 635 636 636 608 608 636 636 637 637 608 608 637 637 638 638 608 608 638 638 639 639 640 640 641 641 642 642 640 640 642 642 643 643 640 640 643 643 644 644 640 640 644 644 645 645 640 640 645 645 646 646 640 640 646 646 647 647 640 640 647 647 648 648 640 640 648 648 649 649 640 640 649 649 650 650 640 640 650 650 651 651 640 640 651 651 652 652 640 640 652 652 653 653 640 640 653 653 654 654 640 640 654 654 655 655 640 640 655 655 656 656 640 640 656 656 657 657 640 640 657 657 658 658 640 640 658 658 659 659 640 640 659 659 660 660 640 640 660 660 661 661 640 640 661 661 662 662 640 640 662 662 663 663 640 640 663 663 664 664 640 640 664 664 665 665 640 640 665 665 666 666 640 640 666 666 667 667 640 640 667 667 668 668 640 640 668 668 669 669 640 640 669 669 670 670 640 640 670 670 671 671 672 672 673 673 674 674 672 672 674 674 675 675 672 672 675 675 676 676 672 672 676 676 677 677 672 672 677 677 678 678 672 672 678 678 679 679 672 672 679 679 680 680 672 672 680 680 681 681 672 672 681 681 682 682 672 672 682 682 683 683 672 672 683 683 684 684 672 672 684 684 685 685 672 672 685 685 686 686 672 672 686 686 687 687 672 672 687 687 688 688 672 672 688 688 689 689 672 672 689 689 690 690 672 672 690 690 691 691 672 672 691 691 692 692 672 672 692 692 693 693 672 672 693 693 694 694 672 672 694 694 695 695 672 672 695 695 696 696 672 672 696 696 697 697 672 672 697 697 698 698 672 672 698 698 699 699 672 672 699 699 700 700 672 672 700 700 701 701 672 672 701 701 702 702 672 672 702 702 703 703 704 704 705 705 706 706 704 704 706 706 707 707 704 704 707 707 708 708 704 704 708 708 709 709 704 704 709 709 710 710 704 704 710 710 711 711 704 704 711 711 712 712 704 704 712 712 713 713 704 704 713 713 714 714 704 704 714 714 715 715 704 704 715 715 716 716 704 704 716 716 717 717 704 704 717 717 718 718 704 704 718 718 719 719 704 704 719 719 720 720 704 704 720 720 721 721 704 704 721 721 722 722 704 704 722 722 723 723 704 704 723 723 724 724 704 704 724 724 725 725 704 704 725 725 726 726 704 704 726 726 727 727 704 704 727 727 728 728 704 704 728 728 729 729 704 704 729 729 730 730 704 704 730 730 731 731 704 704 731 731 732 732 704 704 732 732 733 733 704 704 733 733 734 734 704 704 734 734 735 735 736 736 737 737 738 738 736 736 738 738 739 739 736 736 739 739 740 740 736 736 740 740 741 741 736 736 741 741 742 742 736 736 742 742 743 743 736 736 743 743 744 744 736 736 744 744 745 745 736 736 745 745 746 746 736 736 746 746 747 747 736 736 747 747 748 748 736 736 748 748 749 749 736 736 749 749 750 750 736 736 750 750 751 751 736 736 751 751 752 752 736 736 752 752 753 753 736 736 753 753 754 754 736 736 754 754 755 755 736 736 755 755 756 756 736 736 756 756 757 757 736 736 757 757 758 758 736 736 758 758 759 759 736 736 759 759 760 760 736 736 760 760 761 761 736 736 761 761 762 762 736 736 762 762 763 763 736 736 763 763 764 764 736 736 764 764 765 765 736 736 765 765 766 766 736 736 766 766 767 767 768 768 769 769 770 770 768 768 770 770 771 771 768 768 771 771 772 772 768 768 772 772 773 773 768 768 773 773 774 774 768 768 774 774 775 775 768 768 775 775 776 776 768 768 776 776 777 777 768 768 777 777 778 778 768 768 778 778 779 779 768 768 779 779 780 780 768 768 780 780 781 781 768 768 781 781 782 782 768 768 782 782 783 783 768 768 783 783 784 784 768 768 784 784 785 785 768 768 785 785 786 786 768 768 786 786 787 787 768 768 787 787 788 788 768 768 788 788 789 789 768 768 789 789 790 790 768 768 790 790 791 791 768 768 791 791 792 792 768 768 792 792 793 793 768 768 793 793 794 794 768 768 794 794 795 795 768 768 795 795 796 796 768 768 796 796 797 797 768 768 797 797 798 798 768 768 798 798 799 799 800 800 801 801 802 802 800 800 802 802 803 803 800 800 803 803 804 804 800 800 804 804 805 805 800 800 805 805 806 806 800 800 806 806 807 807 800 800 807 807 808 808 800 800 808 808 809 809 800 800 809 809 810 810 800 800 810 810 811 811 800 800 811 811 812 812 800 800 812 812 813 813 800 800 813 813 814 814 800 800 814 814 815 815 800 800 815 815 816 816 800 800 816 816 817 817 800 800 817 817 818 818 800 800 818 818 819 819 800 800 819 819 820 820 800 800 820 820 821 821 800 800 821 821 822 822 800 800 822 822 823 823 800 800 823 823 824 824 800 800 824 824 825 825 800 800 825 825 826 826 800 800 826 826 827 827 800 800 827 827 828 828 800 800 828 828 829 829 800 800 829 829 830 830 800 800 830 830 831 831 832 832 833 833 834 834 832 832 834 834 835 835 832 832 835 835 836 836 832 832 836 836 837 837 832 832 837 837 838 838 832 832 838 838 839 839 832 832 839 839 840 840 832 832 840 840 841 841 832 832 841 841 842 842 832 832 842 842 843 843 832 832 843 843 844 844 832 832 844 844 845 845 832 832 845 845 846 846 832 832 846 846 847 847 832 832 847 847 848 848 832 832 848 848 849 849 832 832 849 849 850 850 832 832 850 850 851 851 832 832 851 851 852 852 832 832 852 852 853 853 832 832 853 853 854 854 832 832 854 854 855 855 832 832 855 855 856 856 832 832 856 856 857 857 832 832 857 857 858 858 832 832 858 858 859 859 832 832 859 859 860 860 832 832 860 860 861 861 832 832 861 861 862 862 832 832 862 862 863 863 864 864 865 865 866 866 864 864 866 866 867 867 864 864 867 867 868 868 864 864 868 868 869 869 864 864 869 869 870 870 864 864 870 870 871 871 864 864 871 871 872 872 864 864 872 872 873 873 864 864 873 873 874 874 864 864 874 874 875 875 864 864 875 875 876 876 864 864 876 876 877 877 864 864 877 877 878 878 864 864 878 878 879 879 864 864 879 879 880 880 864 864 880 880 881 881 864 864 881 881 882 882 864 864 882 882 883 883 864 864 883 883 884 884 864 864 884 884 885 885 864 864 885 885 886 886 864 864 886 886 887 887 864 864 887 887 888 888 864 864 888 888 889 889 864 864 889 889 890 890 864 864 890 890 891 891 864 864 891 891 892 892 864 864 892 892 893 893 864 864 893 893 894 894 864 864 894 894 895 895 896 896 897 897 898 898 896 896 898 898 899 899 896 896 899 899 900 900 896 896 900 900 901 901 896 896 901 901 902 902 896 896 902 902 903 903 896 896 903 903 904 904 896 896 904 904 905 905 896 896 905 905 906 906 896 896 906 906 907 907 896 896 907 907 908 908 896 896 908 908 909 909 896 896 909 909 910 910 896 896 910 910 911 911 896 896 911 911 912 912 896 896 912 912 913 913 896 896 913 913 914 914 896 896 914 914 915 915 896 896 915 915 916 916 896 896 916 916 917 917 896 896 917 917 918 918 896 896 918 918 919 919 896 896 919 919 920 920 896 896 920 920 921 921 896 896 921 921 922 922 896 896 922 922 923 923 896 896 923 923 924 924 896 896 924 924 925 925 896 896 925 925 926 926 896 896 926 926 927 927 928 928 929 929 930 930 928 928 930 930 931 931 928 928 931 931 932 932 928 928 932 932 933 933 928 928 933 933 934 934 928 928 934 934 935 935 928 928 935 935 936 936 928 928 936 936 937 937 928 928 937 937 938 938 928 928 938 938 939 939 928 928 939 939 940 940 928 928 940 940 941 941 928 928 941 941 942 942 928 928 942 942 943 943 928 928 943 943 944 944 928 928 944 944 945 945 928 928 945 945 946 946 928 928 946 946 947 947 928 928 947 947 948 948 928 928 948 948 949 949 928 928 949 949 950 950 928 928 950 950 951 951 928 928 951 951 952 952 928 928 952 952 953 953 928 928 953 953 954 954 928 928 954 954 955 955 928 928 955 955 956 956 928 928 956 956 957 957 928 928 957 957 958 958 928 928 958 958 959 959 960 960 961 961 962 962 960 960 962 962 963 963 960 960 963 963 964 964 960 960 964 964 965 965 960 960 965 965 966 966 960 960 966 966 967 967 960 960 967 967 968 968 960 960 968 968 969 969 960 960 969 969 970 970 960 960 970 970 971 971 960 960 971 971 972 972 960 960 972 972 973 973 960 960 973 973 974 974 960 960 974 974 975 975 960 960 975 975 976 976 960 960 976 976 977 977 960 960 977 977 978 978 960 960 978 978 979 979 960 960 979 979 980 980 960 960 980 980 981 981 960 960 981 981 982 982 960 960 982 982 983 983 960 960 983 983 984 984 960 960 984 984 985 985 960 960 985 985 986 986 960 960 986 986 987 987 960 960 987 987 988 988 960 960 988 988 989 989 960 960 989 989 990 990 960 960 990 990 991 991 992 992 993 993 994 994 992 992 994 994 995 995 992 992 995 995 996 996 992 992 996 996 997 997 992 992 997 997 998 998 992 992 998 998 999 999 992 992 999 999 1000 1000 992 992 1000 1000 1001 1001 992 992 1001 1001 1002 1002 992 992 1002 1002 1003 1003 992 992 1003 1003 1004 1004 992 992 1004 1004 1005 1005 992 992 1005 1005 1006 1006 992 992 1006 1006 1007 1007 992 992 1007 1007 1008 1008 992 992 1008 1008 1009 1009 992 992 1009 1009 1010 1010 992 992 1010 1010 1011 1011 992 992 1011 1011 1012 1012 992 992 1012 1012 1013 1013 992 992 1013 1013 1014 1014 992 992 1014 1014 1015 1015 992 992 1015 1015 1016 1016 992 992 1016 1016 1017 1017 992 992 1017 1017 1018 1018 992 992 1018 1018 1019 1019 992 992 1019 1019 1020 1020 992 992 1020 1020 1021 1021 992 992 1021 1021 1022 1022 992 992 1022 1022 1023 1023 1024 1024 1025 1025 1026 1026 1024 1024 1026 1026 1027 1027 1024 1024 1027 1027 1028 1028 1024 1024 1028 1028 1029 1029 1024 1024 1029 1029 1030 1030 1024 1024 1030 1030 1031 1031 1024 1024 1031 1031 1032 1032 1024 1024 1032 1032 1033 1033 1024 1024 1033 1033 1034 1034 1024 1024 1034 1034 1035 1035 1024 1024 1035 1035 1036 1036 1024 1024 1036 1036 1037 1037 1024 1024 1037 1037 1038 1038 1024 1024 1038 1038 1039 1039 1024 1024 1039 1039 1040 1040 1024 1024 1040 1040 1041 1041 1024 1024 1041 1041 1042 1042 1024 1024 1042 1042 1043 1043 1024 1024 1043 1043 1044 1044 1024 1024 1044 1044 1045 1045 1024 1024 1045 1045 1046 1046 1024 1024 1046 1046 1047 1047 1024 1024 1047 1047 1048 1048 1024 1024 1048 1048 1049 1049 1024 1024 1049 1049 1050 1050 1024 1024 1050 1050 1051 1051 1024 1024 1051 1051 1052 1052 1024 1024 1052 1052 1053 1053 1024 1024 1053 1053 1054 1054 1024 1024 1054 1054 1055 1055 1056 1056 1057 1057 1058 1058 1056 1056 1058 1058 1059 1059 1056 1056 1059 1059 1060 1060 1056 1056 1060 1060 1061 1061 1056 1056 1061 1061 1062 1062 1056 1056 1062 1062 1063 1063 1056 1056 1063 1063 1064 1064 1056 1056 1064 1064 1065 1065 1056 1056 1065 1065 1066 1066 1056 1056 1066 1066 1067 1067 1056 1056 1067 1067 1068 1068 1056 1056 1068 1068 1069 1069 1056 1056 1069 1069 1070 1070 1056 1056 1070 1070 1071 1071 1056 1056 1071 1071 1072 1072 1056 1056 1072 1072 1073 1073 1056 1056 1073 1073 1074 1074 1056 1056 1074 1074 1075 1075 1056 1056 1075 1075 1076 1076 1056 1056 1076 1076 1077 1077 1056 1056 1077 1077 1078 1078 1056 1056 1078 1078 1079 1079 1056 1056 1079 1079 1080 1080 1056 1056 1080 1080 1081 1081 1056 1056 1081 1081 1082 1082 1056 1056 1082 1082 1083 1083 1056 1056 1083 1083 1084 1084 1056 1056 1084 1084 1085 1085 1056 1056 1085 1085 1086 1086 1056 1056 1086 1086 1087 1087 1088 1088 1089 1089 1090 1090 1088 1088 1090 1090 1091 1091 1088 1088 1091 1091 1092 1092 1088 1088 1092 1092 1093 1093 1088 1088 1093 1093 1094 1094 1088 1088 1094 1094 1095 1095 1088 1088 1095 1095 1096 1096 1088 1088 1096 1096 1097 1097 1088 1088 1097 1097 1098 1098 1088 1088 1098 1098 1099 1099 1088 1088 1099 1099 1100 1100 1088 1088 1100 1100 1101 1101 1088 1088 1101 1101 1102 1102 1088 1088 1102 1102 1103 1103 1088 1088 1103 1103 1104 1104 1088 1088 1104 1104 1105 1105 1088 1088 1105 1105 1106 1106 1088 1088 1106 1106 1107 1107 1088 1088 1107 1107 1108 1108 1088 1088 1108 1108 1109 1109 1088 1088 1109 1109 1110 1110 1088 1088 1110 1110 1111 1111 1088 1088 1111 1111 1112 1112 1088 1088 1112 1112 1113 1113 1088 1088 1113 1113 1114 1114 1088 1088 1114 1114 1115 1115 1088 1088 1115 1115 1116 1116 1088 1088 1116 1116 1117 829 1088 1088 1117 829 1118 1117 1088 1088 1118 1117 1119 1118 1120 1119 1121 1120 1122 1121 1120 1119 1122 1121 1123 1122 1120 1119 1123 1122 1124 1123 1120 1119 1124 1123 1125 1124 1120 1119 1125 1124 1126 1125 1120 1119 1126 1125 1127 1126 1120 1119 1127 1126 1128 1127 1120 1119 1128 1127 1129 1128 1120 1119 1129 1128 1130 1129 1120 1119 1130 1129 1131 1130 1120 1119 1131 1130 1132 1131 1120 1119 1132 1131 1133 1132 1120 1119 1133 1132 1134 1133 1120 1119 1134 1133 1135 1134 1120 1119 1135 1134 1136 1135 1120 1119 1136 1135 1137 1136 1120 1119 1137 1136 1138 1137 1120 1119 1138 1137 1139 1138 1120 1119 1139 1138 1140 1139 1120 1119 1140 1139 1141 1140 1120 1119 1141 1140 1142 1141 1120 1119 1142 1141 1143 1142 1120 1119 1143 1142 1144 1143 1120 1119 1144 1143 1145 1144 1120 1119 1145 1144 1146 1145 1120 1119 1146 1145 1147 1146 1120 1119 1147 1146 1148 1147 1120 1119 1148 1147 1149 1148 1120 1119 1149 1148 1150 1149 1120 1119 1150 1149 1151 1150 0 3701 2 3703 1 3702 0 3701 3 3704 2 3703 0 3701 4 3705 3 3704 0 3701 5 3706 4 3705 0 3701 6 3707 5 3706 0 3701 7 3708 6 3707 0 3701 8 3709 7 3708 0 3701 9 3710 8 3709 0 3701 10 3711 9 3710 0 3701 11 3712 10 3711 0 3701 12 3713 11 3712 0 3701 13 3714 12 3713 0 3701 14 3715 13 3714 0 3701 15 3716 14 3715 0 3701 16 3717 15 3716 0 3701 17 3718 16 3717 0 3701 18 3719 17 3718 0 3701 19 3720 18 3719 0 3701 20 3721 19 3720 0 3701 21 3722 20 3721 0 3701 22 3723 21 3722 0 3701 23 3724 22 3723 0 3701 24 3725 23 3724 0 3701 25 3726 24 3725 0 3701 26 3727 25 3726 0 3701 27 3728 26 3727 0 3701 28 3729 27 3728 0 3701 29 3730 28 3729 0 3701 30 3731 29 3730 0 3701 31 3732 30 3731 32 3733 34 3735 33 3734 32 3733 35 3736 34 3735 32 3733 36 3737 35 3736 32 3733 37 3738 36 3737 32 3733 38 3739 37 3738 32 3733 39 3740 38 3739 32 3733 40 3741 39 3740 32 3733 41 3742 40 3741 32 3733 42 3743 41 3742 32 3733 43 3744 42 3743 32 3733 44 3745 43 3744 32 3733 45 3746 44 3745 32 3733 46 3747 45 3746 32 3733 47 3748 46 3747 32 3733 48 3749 47 3748 32 3733 49 3750 48 3749 32 3733 50 3751 49 3750 32 3733 51 3752 50 3751 32 3733 52 3753 51 3752 32 3733 53 3754 52 3753 32 3733 54 3755 53 3754 32 3733 55 3756 54 3755 32 3733 56 3757 55 3756 32 3733 57 3758 56 3757 32 3733 58 3759 57 3758 32 3733 59 3760 58 3759 32 3733 60 3761 59 3760 32 3733 61 3762 60 3761 32 3733 62 3763 61 3762 32 3733 63 3764 62 3763 64 3765 66 3767 65 3766 64 3765 67 3768 66 3767 64 3765 68 3769 67 3768 64 3765 69 3770 68 3769 64 3765 70 3771 69 3770 64 3765 71 3772 70 3771 64 3765 72 3773 71 3772 64 3765 73 3774 72 3773 64 3765 74 3775 73 3774 64 3765 75 3776 74 3775 64 3765 76 3777 75 3776 64 3765 77 3778 76 3777 64 3765 78 3779 77 3778 64 3765 79 3780 78 3779 64 3765 80 3781 79 3780 64 3765 81 3782 80 3781 64 3765 82 3783 81 3782 64 3765 83 3784 82 3783 64 3765 84 3785 83 3784 64 3765 85 3786 84 3785 64 3765 86 3787 85 3786 64 3765 87 3788 86 3787 64 3765 88 3789 87 3788 64 3765 89 3790 88 3789 64 3765 90 3791 89 3790 64 3765 91 3792 90 3791 64 3765 92 3793 91 3792 64 3765 93 3794 92 3793 64 3765 94 3795 93 3794 64 3765 95 3796 94 3795 96 3797 98 3799 97 3798 96 3797 99 3800 98 3799 96 3797 100 3801 99 3800 96 3797 101 3802 100 3801 96 3797 102 3803 101 3802 96 3797 103 3804 102 3803 96 3797 104 3805 103 3804 96 3797 105 3806 104 3805 96 3797 106 3807 105 3806 96 3797 107 3808 106 3807 96 3797 108 3809 107 3808 96 3797 109 3810 108 3809 96 3797 110 3811 109 3810 96 3797 111 3812 110 3811 96 3797 112 3813 111 3812 96 3797 113 3814 112 3813 96 3797 114 3815 113 3814 96 3797 115 3816 114 3815 96 3797 116 3817 115 3816 96 3797 117 3818 116 3817 96 3797 118 3819 117 3818 96 3797 119 3820 118 3819 96 3797 120 3821 119 3820 96 3797 121 3822 120 3821 96 3797 122 3823 121 3822 96 3797 123 3824 122 3823 96 3797 124 3825 123 3824 96 3797 125 3826 124 3825 96 3797 126 3827 125 3826 96 3797 127 3828 126 3827 128 3829 130 3831 129 3830 128 3829 131 3832 130 3831 128 3829 132 3833 131 3832 128 3829 133 3834 132 3833 128 3829 134 3835 133 3834 128 3829 135 3836 134 3835 128 3829 136 3837 135 3836 128 3829 137 3838 136 3837 128 3829 138 3839 137 3838 128 3829 139 3840 138 3839 128 3829 140 3841 139 3840 128 3829 141 3842 140 3841 128 3829 142 3843 141 3842 128 3829 143 3844 142 3843 128 3829 144 3845 143 3844 128 3829 145 3846 144 3845 128 3829 146 3847 145 3846 128 3829 147 3848 146 3847 128 3829 148 3849 147 3848 128 3829 149 3850 148 3849 128 3829 150 3851 149 3850 128 3829 151 3852 150 3851 128 3829 152 3853 151 3852 128 3829 153 3854 152 3853 128 3829 154 3855 153 3854 128 3829 155 3856 154 3855 128 3829 156 3857 155 3856 128 3829 157 3858 156 3857 128 3829 158 3859 157 3858 128 3829 159 3860 158 3859 160 3861 162 3863 161 3862 160 3861 163 3864 162 3863 160 3861 164 3865 163 3864 160 3861 165 3866 164 3865 160 3861 166 3867 165 3866 160 3861 167 3868 166 3867 160 3861 168 3869 167 3868 160 3861 169 3870 168 3869 160 3861 170 3871 169 3870 160 3861 171 3872 170 3871 160 3861 172 3873 171 3872 160 3861 173 3874 172 3873 160 3861 174 3875 173 3874 160 3861 175 3876 174 3875 160 3861 176 3877 175 3876 160 3861 177 3878 176 3877 160 3861 178 3879 177 3878 160 3861 179 3880 178 3879 160 3861 180 3881 179 3880 160 3861 181 3882 180 3881 160 3861 182 3883 181 3882 160 3861 183 3884 182 3883 160 3861 184 3885 183 3884 160 3861 185 3886 184 3885 160 3861 186 3887 185 3886 160 3861 187 3888 186 3887 160 3861 188 3889 187 3888 160 3861 189 3890 188 3889 160 3861 190 3891 189 3890 160 3861 191 3892 190 3891 192 3893 194 3895 193 3894 192 3893 195 3896 194 3895 192 3893 196 3897 195 3896 192 3893 197 3898 196 3897 192 3893 198 3899 197 3898 192 3893 199 3900 198 3899 192 3893 200 3901 199 3900 192 3893 201 3902 200 3901 192 3893 202 3903 201 3902 192 3893 203 3904 202 3903 192 3893 204 3905 203 3904 192 3893 205 3906 204 3905 192 3893 206 3907 205 3906 192 3893 207 3908 206 3907 192 3893 208 3909 207 3908 192 3893 209 3910 208 3909 192 3893 210 3911 209 3910 192 3893 211 3912 210 3911 192 3893 212 3913 211 3912 192 3893 213 3914 212 3913 192 3893 214 3915 213 3914 192 3893 215 3916 214 3915 192 3893 216 3917 215 3916 192 3893 217 3918 216 3917 192 3893 218 3919 217 3918 192 3893 219 3920 218 3919 192 3893 220 3921 219 3920 192 3893 221 3922 220 3921 192 3893 222 3923 221 3922 192 3893 223 3924 222 3923 224 3925 226 3927 225 3926 224 3925 227 3928 226 3927 224 3925 228 3929 227 3928 224 3925 229 3930 228 3929 224 3925 230 3931 229 3930 224 3925 231 3932 230 3931 224 3925 232 3933 231 3932 224 3925 233 3934 232 3933 224 3925 234 3935 233 3934 224 3925 235 3936 234 3935 224 3925 236 3937 235 3936 224 3925 237 3938 236 3937 224 3925 238 3939 237 3938 224 3925 239 3940 238 3939 224 3925 240 3941 239 3940 224 3925 241 3942 240 3941 224 3925 242 3943 241 3942 224 3925 243 3944 242 3943 224 3925 244 3945 243 3944 224 3925 245 3946 244 3945 224 3925 246 3947 245 3946 224 3925 247 3948 246 3947 224 3925 248 3949 247 3948 224 3925 249 3950 248 3949 224 3925 250 3951 249 3950 224 3925 251 3952 250 3951 224 3925 252 3953 251 3952 224 3925 253 3954 252 3953 224 3925 254 3955 253 3954 224 3925 255 3956 254 3955 256 3957 258 3959 257 3958 256 3957 259 3960 258 3959 256 3957 260 3961 259 3960 256 3957 261 3962 260 3961 256 3957 262 3963 261 3962 256 3957 263 3964 262 3963 256 3957 264 3965 263 3964 256 3957 265 3966 264 3965 256 3957 266 3967 265 3966 256 3957 267 3968 266 3967 256 3957 268 3969 267 3968 256 3957 269 3970 268 3969 256 3957 270 3971 269 3970 256 3957 271 3972 270 3971 256 3957 272 3973 271 3972 256 3957 273 3974 272 3973 256 3957 274 3975 273 3974 256 3957 275 3976 274 3975 256 3957 276 3977 275 3976 256 3957 277 3978 276 3977 256 3957 278 3979 277 3978 256 3957 279 3980 278 3979 256 3957 280 3981 279 3980 256 3957 281 3982 280 3981 256 3957 282 3983 281 3982 256 3957 283 3984 282 3983 256 3957 284 3985 283 3984 256 3957 285 3986 284 3985 256 3957 286 3987 285 3986 256 3957 287 3988 286 3987 288 3989 290 3991 289 3990 288 3989 291 3992 290 3991 288 3989 292 3993 291 3992 288 3989 293 3994 292 3993 288 3989 294 3995 293 3994 288 3989 295 3996 294 3995 288 3989 296 3997 295 3996 288 3989 297 3998 296 3997 288 3989 298 3999 297 3998 288 3989 299 4000 298 3999 288 3989 300 4001 299 4000 288 3989 301 4002 300 4001 288 3989 302 4003 301 4002 288 3989 303 4004 302 4003 288 3989 304 4005 303 4004 288 3989 305 4006 304 4005 288 3989 306 4007 305 4006 288 3989 307 4008 306 4007 288 3989 308 4009 307 4008 288 3989 309 4010 308 4009 288 3989 310 4011 309 4010 288 3989 311 4012 310 4011 288 3989 312 4013 311 4012 288 3989 313 4014 312 4013 288 3989 314 4015 313 4014 288 3989 315 4016 314 4015 288 3989 316 4017 315 4016 288 3989 317 4018 316 4017 288 3989 318 4019 317 4018 288 3989 319 4020 318 4019 320 4021 322 4023 321 4022 320 4021 323 4024 322 4023 320 4021 324 4025 323 4024 320 4021 325 4026 324 4025 320 4021 326 4027 325 4026 320 4021 327 4028 326 4027 320 4021 328 4029 327 4028 320 4021 329 4030 328 4029 320 4021 330 4031 329 4030 320 4021 331 4032 330 4031 320 4021 332 4033 331 4032 320 4021 333 4034 332 4033 320 4021 334 4035 333 4034 320 4021 335 4036 334 4035 320 4021 336 4037 335 4036 320 4021 337 4038 336 4037 320 4021 338 4039 337 4038 320 4021 339 4040 338 4039 320 4021 340 4041 339 4040 320 4021 341 4042 340 4041 320 4021 342 4043 341 4042 320 4021 343 4044 342 4043 320 4021 344 4045 343 4044 320 4021 345 4046 344 4045 320 4021 346 4047 345 4046 320 4021 347 4048 346 4047 320 4021 348 4049 347 4048 320 4021 349 4050 348 4049 320 4021 350 4051 349 4050 320 4021 351 4052 350 4051 352 4053 354 4055 353 4054 352 4053 355 4056 354 4055 352 4053 356 4057 355 4056 352 4053 357 4058 356 4057 352 4053 358 4059 357 4058 352 4053 359 4060 358 4059 352 4053 360 4061 359 4060 352 4053 361 4062 360 4061 352 4053 362 4063 361 4062 352 4053 363 4064 362 4063 352 4053 364 4065 363 4064 352 4053 365 4066 364 4065 352 4053 366 4067 365 4066 352 4053 367 4068 366 4067 352 4053 368 4069 367 4068 352 4053 369 4070 368 4069 352 4053 370 4071 369 4070 352 4053 371 4072 370 4071 352 4053 372 4073 371 4072 352 4053 373 4074 372 4073 352 4053 374 4075 373 4074 352 4053 375 4076 374 4075 352 4053 376 4077 375 4076 352 4053 377 4078 376 4077 352 4053 378 4079 377 4078 352 4053 379 4080 378 4079 352 4053 380 4081 379 4080 352 4053 381 4082 380 4081 352 4053 382 4083 381 4082 352 4053 383 4084 382 4083 384 4085 386 4087 385 4086 384 4085 387 4088 386 4087 384 4085 388 4089 387 4088 384 4085 389 4090 388 4089 384 4085 390 4091 389 4090 384 4085 391 4092 390 4091 384 4085 392 4093 391 4092 384 4085 393 4094 392 4093 384 4085 394 4095 393 4094 384 4085 395 4096 394 4095 384 4085 396 4097 395 4096 384 4085 397 4098 396 4097 384 4085 398 4099 397 4098 384 4085 399 4100 398 4099 384 4085 400 4101 399 4100 384 4085 401 4102 400 4101 384 4085 402 4103 401 4102 384 4085 403 4104 402 4103 384 4085 404 4105 403 4104 384 4085 405 4106 404 4105 384 4085 406 4107 405 4106 384 4085 407 4108 406 4107 384 4085 408 4109 407 4108 384 4085 409 4110 408 4109 384 4085 410 4111 409 4110 384 4085 411 4112 410 4111 384 4085 412 4113 411 4112 384 4085 413 4114 412 4113 384 4085 414 4115 413 4114 384 4085 415 4116 414 4115 416 4117 418 4119 417 4118 416 4117 419 4120 418 4119 416 4117 420 4121 419 4120 416 4117 421 4122 420 4121 416 4117 422 4123 421 4122 416 4117 423 4124 422 4123 416 4117 424 4125 423 4124 416 4117 425 4126 424 4125 416 4117 426 4127 425 4126 416 4117 427 4128 426 4127 416 4117 428 4129 427 4128 416 4117 429 4130 428 4129 416 4117 430 4131 429 4130 416 4117 431 4132 430 4131 416 4117 432 4133 431 4132 416 4117 433 4134 432 4133 416 4117 434 4135 433 4134 416 4117 435 4136 434 4135 416 4117 436 4137 435 4136 416 4117 437 4138 436 4137 416 4117 438 4139 437 4138 416 4117 439 4140 438 4139 416 4117 440 4141 439 4140 416 4117 441 4142 440 4141 416 4117 442 4143 441 4142 416 4117 443 4144 442 4143 416 4117 444 4145 443 4144 416 4117 445 4146 444 4145 416 4117 446 4147 445 4146 416 4117 447 4148 446 4147 448 4149 450 4151 449 4150 448 4149 451 4152 450 4151 448 4149 452 4153 451 4152 448 4149 453 4154 452 4153 448 4149 454 4155 453 4154 448 4149 455 4156 454 4155 448 4149 456 4157 455 4156 448 4149 457 4158 456 4157 448 4149 458 4159 457 4158 448 4149 459 4160 458 4159 448 4149 460 4161 459 4160 448 4149 461 4162 460 4161 448 4149 462 4163 461 4162 448 4149 463 4164 462 4163 448 4149 464 4165 463 4164 448 4149 465 4166 464 4165 448 4149 466 4167 465 4166 448 4149 467 4168 466 4167 448 4149 468 4169 467 4168 448 4149 469 4170 468 4169 448 4149 470 4171 469 4170 448 4149 471 4172 470 4171 448 4149 472 4173 471 4172 448 4149 473 4174 472 4173 448 4149 474 4175 473 4174 448 4149 475 4176 474 4175 448 4149 476 4177 475 4176 448 4149 477 4178 476 4177 448 4149 478 4179 477 4178 448 4149 479 4180 478 4179 480 4181 482 4183 481 4182 480 4181 483 4184 482 4183 480 4181 484 4185 483 4184 480 4181 485 4186 484 4185 480 4181 486 4187 485 4186 480 4181 487 4188 486 4187 480 4181 488 4189 487 4188 480 4181 489 4190 488 4189 480 4181 490 4191 489 4190 480 4181 491 4192 490 4191 480 4181 492 4193 491 4192 480 4181 493 4194 492 4193 480 4181 494 4195 493 4194 480 4181 495 4196 494 4195 480 4181 496 4197 495 4196 480 4181 497 4198 496 4197 480 4181 498 4199 497 4198 480 4181 499 4200 498 4199 480 4181 500 4201 499 4200 480 4181 501 4202 500 4201 480 4181 502 4203 501 4202 480 4181 503 4204 502 4203 480 4181 504 4205 503 4204 480 4181 505 4206 504 4205 480 4181 506 4207 505 4206 480 4181 507 4208 506 4207 480 4181 508 4209 507 4208 480 4181 509 4210 508 4209 480 4181 510 4211 509 4210 480 4181 511 4212 510 4211 512 4213 514 4215 513 4214 512 4213 515 4216 514 4215 512 4213 516 4217 515 4216 512 4213 517 4218 516 4217 512 4213 518 4219 517 4218 512 4213 519 4220 518 4219 512 4213 520 4221 519 4220 512 4213 521 4222 520 4221 512 4213 522 4223 521 4222 512 4213 523 4224 522 4223 512 4213 524 4225 523 4224 512 4213 525 4226 524 4225 512 4213 526 4227 525 4226 512 4213 527 4228 526 4227 512 4213 528 4229 527 4228 512 4213 529 4230 528 4229 512 4213 530 4231 529 4230 512 4213 531 4232 530 4231 512 4213 532 4233 531 4232 512 4213 533 4234 532 4233 512 4213 534 4235 533 4234 512 4213 535 4236 534 4235 512 4213 536 4237 535 4236 512 4213 537 4238 536 4237 512 4213 538 4239 537 4238 512 4213 539 4240 538 4239 512 4213 540 4241 539 4240 512 4213 541 4242 540 4241 512 4213 542 4243 541 4242 512 4213 543 4244 542 4243 544 4245 546 4247 545 4246 544 4245 547 4248 546 4247 544 4245 548 4249 547 4248 544 4245 549 4250 548 4249 544 4245 550 4251 549 4250 544 4245 551 4252 550 4251 544 4245 552 4253 551 4252 544 4245 553 4254 552 4253 544 4245 554 4255 553 4254 544 4245 555 4256 554 4255 544 4245 556 4257 555 4256 544 4245 557 4258 556 4257 544 4245 558 4259 557 4258 544 4245 559 4260 558 4259 544 4245 560 4261 559 4260 544 4245 561 4262 560 4261 544 4245 562 4263 561 4262 544 4245 563 4264 562 4263 544 4245 564 4265 563 4264 544 4245 565 4266 564 4265 544 4245 566 4267 565 4266 544 4245 567 4268 566 4267 544 4245 568 4269 567 4268 544 4245 569 4270 568 4269 544 4245 570 4271 569 4270 544 4245 571 4272 570 4271 544 4245 572 4273 571 4272 544 4245 573 4274 572 4273 544 4245 574 4275 573 4274 544 4245 575 4276 574 4275 576 4277 578 4279 577 4278 576 4277 579 4280 578 4279 576 4277 580 4281 579 4280 576 4277 581 4282 580 4281 576 4277 582 4283 581 4282 576 4277 583 4284 582 4283 576 4277 584 4285 583 4284 576 4277 585 4286 584 4285 576 4277 586 4287 585 4286 576 4277 587 4288 586 4287 576 4277 588 4289 587 4288 576 4277 589 4290 588 4289 576 4277 590 4291 589 4290 576 4277 591 4292 590 4291 576 4277 592 4293 591 4292 576 4277 593 4294 592 4293 576 4277 594 4295 593 4294 576 4277 595 4296 594 4295 576 4277 596 4297 595 4296 576 4277 597 4298 596 4297 576 4277 598 4299 597 4298 576 4277 599 4300 598 4299 576 4277 600 4301 599 4300 576 4277 601 4302 600 4301 576 4277 602 4303 601 4302 576 4277 603 4304 602 4303 576 4277 604 4305 603 4304 576 4277 605 4306 604 4305 576 4277 606 4307 605 4306 576 4277 607 4308 606 4307 608 4309 610 4311 609 4310 608 4309 611 4312 610 4311 608 4309 612 4313 611 4312 608 4309 613 4314 612 4313 608 4309 614 4315 613 4314 608 4309 615 4316 614 4315 608 4309 616 4317 615 4316 608 4309 617 4318 616 4317 608 4309 618 4319 617 4318 608 4309 619 4320 618 4319 608 4309 620 4321 619 4320 608 4309 621 4322 620 4321 608 4309 622 4323 621 4322 608 4309 623 4324 622 4323 608 4309 624 4325 623 4324 608 4309 625 4326 624 4325 608 4309 626 4327 625 4326 608 4309 627 4328 626 4327 608 4309 628 4329 627 4328 608 4309 629 4330 628 4329 608 4309 630 4331 629 4330 608 4309 631 4332 630 4331 608 4309 632 4333 631 4332 608 4309 633 4334 632 4333 608 4309 634 4335 633 4334 608 4309 635 4336 634 4335 608 4309 636 4337 635 4336 608 4309 637 4338 636 4337 608 4309 638 4339 637 4338 608 4309 639 4340 638 4339 640 4341 642 4343 641 4342 640 4341 643 4344 642 4343 640 4341 644 4345 643 4344 640 4341 645 4346 644 4345 640 4341 646 4347 645 4346 640 4341 647 4348 646 4347 640 4341 648 4349 647 4348 640 4341 649 4350 648 4349 640 4341 650 4351 649 4350 640 4341 651 4352 650 4351 640 4341 652 4353 651 4352 640 4341 653 4354 652 4353 640 4341 654 4355 653 4354 640 4341 655 4356 654 4355 640 4341 656 4357 655 4356 640 4341 657 4358 656 4357 640 4341 658 4359 657 4358 640 4341 659 4360 658 4359 640 4341 660 4361 659 4360 640 4341 661 4362 660 4361 640 4341 662 4363 661 4362 640 4341 663 4364 662 4363 640 4341 664 4365 663 4364 640 4341 665 4366 664 4365 640 4341 666 4367 665 4366 640 4341 667 4368 666 4367 640 4341 668 4369 667 4368 640 4341 669 4370 668 4369 640 4341 670 4371 669 4370 640 4341 671 4372 670 4371 672 4373 674 4375 673 4374 672 4373 675 4376 674 4375 672 4373 676 4377 675 4376 672 4373 677 4378 676 4377 672 4373 678 4379 677 4378 672 4373 679 4380 678 4379 672 4373 680 4381 679 4380 672 4373 681 4382 680 4381 672 4373 682 4383 681 4382 672 4373 683 4384 682 4383 672 4373 684 4385 683 4384 672 4373 685 4386 684 4385 672 4373 686 4387 685 4386 672 4373 687 4388 686 4387 672 4373 688 4389 687 4388 672 4373 689 4390 688 4389 672 4373 690 4391 689 4390 672 4373 691 4392 690 4391 672 4373 692 4393 691 4392 672 4373 693 4394 692 4393 672 4373 694 4395 693 4394 672 4373 695 4396 694 4395 672 4373 696 4397 695 4396 672 4373 697 4398 696 4397 672 4373 698 4399 697 4398 672 4373 699 4400 698 4399 672 4373 700 4401 699 4400 672 4373 701 4402 700 4401 672 4373 702 4403 701 4402 672 4373 703 4404 702 4403 704 4405 706 4407 705 4406 704 4405 707 4408 706 4407 704 4405 708 4409 707 4408 704 4405 709 4410 708 4409 704 4405 710 4411 709 4410 704 4405 711 4412 710 4411 704 4405 712 4413 711 4412 704 4405 713 4414 712 4413 704 4405 714 4415 713 4414 704 4405 715 4416 714 4415 704 4405 716 4417 715 4416 704 4405 717 4418 716 4417 704 4405 718 4419 717 4418 704 4405 719 4420 718 4419 704 4405 720 4421 719 4420 704 4405 721 4422 720 4421 704 4405 722 4423 721 4422 704 4405 723 4424 722 4423 704 4405 724 4425 723 4424 704 4405 725 4426 724 4425 704 4405 726 4427 725 4426 704 4405 727 4428 726 4427 704 4405 728 4429 727 4428 704 4405 729 4430 728 4429 704 4405 730 4431 729 4430 704 4405 731 4432 730 4431 704 4405 732 4433 731 4432 704 4405 733 4434 732 4433 704 4405 734 4435 733 4434 704 4405 735 4436 734 4435 736 4437 738 4439 737 4438 736 4437 739 4440 738 4439 736 4437 740 4441 739 4440 736 4437 741 4442 740 4441 736 4437 742 4443 741 4442 736 4437 743 4444 742 4443 736 4437 744 4445 743 4444 736 4437 745 4446 744 4445 736 4437 746 4447 745 4446 736 4437 747 4448 746 4447 736 4437 748 4449 747 4448 736 4437 749 4450 748 4449 736 4437 750 4451 749 4450 736 4437 751 4452 750 4451 736 4437 752 4453 751 4452 736 4437 753 4454 752 4453 736 4437 754 4455 753 4454 736 4437 755 4456 754 4455 736 4437 756 4457 755 4456 736 4437 757 4458 756 4457 736 4437 758 4459 757 4458 736 4437 759 4460 758 4459 736 4437 760 4461 759 4460 736 4437 761 4462 760 4461 736 4437 762 4463 761 4462 736 4437 763 4464 762 4463 736 4437 764 4465 763 4464 736 4437 765 4466 764 4465 736 4437 766 4467 765 4466 736 4437 767 4468 766 4467 768 4469 770 4471 769 4470 768 4469 771 4472 770 4471 768 4469 772 4473 771 4472 768 4469 773 4474 772 4473 768 4469 774 4475 773 4474 768 4469 775 4476 774 4475 768 4469 776 4477 775 4476 768 4469 777 4478 776 4477 768 4469 778 4479 777 4478 768 4469 779 4480 778 4479 768 4469 780 4481 779 4480 768 4469 781 4482 780 4481 768 4469 782 4483 781 4482 768 4469 783 4484 782 4483 768 4469 784 4485 783 4484 768 4469 785 4486 784 4485 768 4469 786 4487 785 4486 768 4469 787 4488 786 4487 768 4469 788 4489 787 4488 768 4469 789 4490 788 4489 768 4469 790 4491 789 4490 768 4469 791 4492 790 4491 768 4469 792 4493 791 4492 768 4469 793 4494 792 4493 768 4469 794 4495 793 4494 768 4469 795 4496 794 4495 768 4469 796 4497 795 4496 768 4469 797 4498 796 4497 768 4469 798 4499 797 4498 768 4469 799 4500 798 4499 800 4501 802 4503 801 4502 800 4501 803 4504 802 4503 800 4501 804 4505 803 4504 800 4501 805 4506 804 4505 800 4501 806 4507 805 4506 800 4501 807 4508 806 4507 800 4501 808 4509 807 4508 800 4501 809 4510 808 4509 800 4501 810 4511 809 4510 800 4501 811 4512 810 4511 800 4501 812 4513 811 4512 800 4501 813 4514 812 4513 800 4501 814 4515 813 4514 800 4501 815 4516 814 4515 800 4501 816 4517 815 4516 800 4501 817 4518 816 4517 800 4501 818 4519 817 4518 800 4501 819 4520 818 4519 800 4501 820 4521 819 4520 800 4501 821 4522 820 4521 800 4501 822 4523 821 4522 800 4501 823 4524 822 4523 800 4501 824 4525 823 4524 800 4501 825 4526 824 4525 800 4501 826 4527 825 4526 800 4501 827 4528 826 4527 800 4501 828 4529 827 4528 800 4501 829 4530 828 4529 800 4501 830 4531 829 4530 800 4501 831 4532 830 4531 832 4533 834 4535 833 4534 832 4533 835 4536 834 4535 832 4533 836 4537 835 4536 832 4533 837 4538 836 4537 832 4533 838 4539 837 4538 832 4533 839 4540 838 4539 832 4533 840 4541 839 4540 832 4533 841 4542 840 4541 832 4533 842 4543 841 4542 832 4533 843 4544 842 4543 832 4533 844 4545 843 4544 832 4533 845 4546 844 4545 832 4533 846 4547 845 4546 832 4533 847 4548 846 4547 832 4533 848 4549 847 4548 832 4533 849 4550 848 4549 832 4533 850 4551 849 4550 832 4533 851 4552 850 4551 832 4533 852 4553 851 4552 832 4533 853 4554 852 4553 832 4533 854 4555 853 4554 832 4533 855 4556 854 4555 832 4533 856 4557 855 4556 832 4533 857 4558 856 4557 832 4533 858 4559 857 4558 832 4533 859 4560 858 4559 832 4533 860 4561 859 4560 832 4533 861 4562 860 4561 832 4533 862 4563 861 4562 832 4533 863 4564 862 4563 864 4565 866 4567 865 4566 864 4565 867 4568 866 4567 864 4565 868 4569 867 4568 864 4565 869 4570 868 4569 864 4565 870 4571 869 4570 864 4565 871 4572 870 4571 864 4565 872 4573 871 4572 864 4565 873 4574 872 4573 864 4565 874 4575 873 4574 864 4565 875 4576 874 4575 864 4565 876 4577 875 4576 864 4565 877 4578 876 4577 864 4565 878 4579 877 4578 864 4565 879 4580 878 4579 864 4565 880 4581 879 4580 864 4565 881 4582 880 4581 864 4565 882 4583 881 4582 864 4565 883 4584 882 4583 864 4565 884 4585 883 4584 864 4565 885 4586 884 4585 864 4565 886 4587 885 4586 864 4565 887 4588 886 4587 864 4565 888 4589 887 4588 864 4565 889 4590 888 4589 864 4565 890 4591 889 4590 864 4565 891 4592 890 4591 864 4565 892 4593 891 4592 864 4565 893 4594 892 4593 864 4565 894 4595 893 4594 864 4565 895 4596 894 4595 896 4597 898 4599 897 4598 896 4597 899 4600 898 4599 896 4597 900 4601 899 4600 896 4597 901 4602 900 4601 896 4597 902 4603 901 4602 896 4597 903 4604 902 4603 896 4597 904 4605 903 4604 896 4597 905 4606 904 4605 896 4597 906 4607 905 4606 896 4597 907 4608 906 4607 896 4597 908 4609 907 4608 896 4597 909 4610 908 4609 896 4597 910 4611 909 4610 896 4597 911 4612 910 4611 896 4597 912 4613 911 4612 896 4597 913 4614 912 4613 896 4597 914 4615 913 4614 896 4597 915 4616 914 4615 896 4597 916 4617 915 4616 896 4597 917 4618 916 4617 896 4597 918 4619 917 4618 896 4597 919 4620 918 4619 896 4597 920 4621 919 4620 896 4597 921 4622 920 4621 896 4597 922 4623 921 4622 896 4597 923 4624 922 4623 896 4597 924 4625 923 4624 896 4597 925 4626 924 4625 896 4597 926 4627 925 4626 896 4597 927 4628 926 4627 928 4629 930 4631 929 4630 928 4629 931 4632 930 4631 928 4629 932 4633 931 4632 928 4629 933 4634 932 4633 928 4629 934 4635 933 4634 928 4629 935 4636 934 4635 928 4629 936 4637 935 4636 928 4629 937 4638 936 4637 928 4629 938 4639 937 4638 928 4629 939 4640 938 4639 928 4629 940 4641 939 4640 928 4629 941 4642 940 4641 928 4629 942 4643 941 4642 928 4629 943 4644 942 4643 928 4629 944 4645 943 4644 928 4629 945 4646 944 4645 928 4629 946 4647 945 4646 928 4629 947 4648 946 4647 928 4629 948 4649 947 4648 928 4629 949 4650 948 4649 928 4629 950 4651 949 4650 928 4629 951 4652 950 4651 928 4629 952 4653 951 4652 928 4629 953 4654 952 4653 928 4629 954 4655 953 4654 928 4629 955 4656 954 4655 928 4629 956 4657 955 4656 928 4629 957 4658 956 4657 928 4629 958 4659 957 4658 928 4629 959 4660 958 4659 960 4661 962 4663 961 4662 960 4661 963 4664 962 4663 960 4661 964 4665 963 4664 960 4661 965 4666 964 4665 960 4661 966 4667 965 4666 960 4661 967 4668 966 4667 960 4661 968 4669 967 4668 960 4661 969 4670 968 4669 960 4661 970 4671 969 4670 960 4661 971 4672 970 4671 960 4661 972 4673 971 4672 960 4661 973 4674 972 4673 960 4661 974 4675 973 4674 960 4661 975 4676 974 4675 960 4661 976 4677 975 4676 960 4661 977 4678 976 4677 960 4661 978 4679 977 4678 960 4661 979 4680 978 4679 960 4661 980 4681 979 4680 960 4661 981 4682 980 4681 960 4661 982 4683 981 4682 960 4661 983 4684 982 4683 960 4661 984 4685 983 4684 960 4661 985 4686 984 4685 960 4661 986 4687 985 4686 960 4661 987 4688 986 4687 960 4661 988 4689 987 4688 960 4661 989 4690 988 4689 960 4661 990 4691 989 4690 960 4661 991 4692 990 4691 992 4693 994 4695 993 4694 992 4693 995 4696 994 4695 992 4693 996 4697 995 4696 992 4693 997 4698 996 4697 992 4693 998 4699 997 4698 992 4693 999 4700 998 4699 992 4693 1000 4701 999 4700 992 4693 1001 4702 1000 4701 992 4693 1002 4703 1001 4702 992 4693 1003 4704 1002 4703 992 4693 1004 4705 1003 4704 992 4693 1005 4706 1004 4705 992 4693 1006 4707 1005 4706 992 4693 1007 4708 1006 4707 992 4693 1008 4709 1007 4708 992 4693 1009 4710 1008 4709 992 4693 1010 4711 1009 4710 992 4693 1011 4712 1010 4711 992 4693 1012 4713 1011 4712 992 4693 1013 4714 1012 4713 992 4693 1014 4715 1013 4714 992 4693 1015 4716 1014 4715 992 4693 1016 4717 1015 4716 992 4693 1017 4718 1016 4717 992 4693 1018 4719 1017 4718 992 4693 1019 4720 1018 4719 992 4693 1020 4721 1019 4720 992 4693 1021 4722 1020 4721 992 4693 1022 4723 1021 4722 992 4693 1023 4724 1022 4723 1024 4725 1026 4727 1025 4726 1024 4725 1027 4728 1026 4727 1024 4725 1028 4729 1027 4728 1024 4725 1029 4730 1028 4729 1024 4725 1030 4731 1029 4730 1024 4725 1031 4732 1030 4731 1024 4725 1032 4733 1031 4732 1024 4725 1033 4734 1032 4733 1024 4725 1034 4735 1033 4734 1024 4725 1035 4736 1034 4735 1024 4725 1036 4737 1035 4736 1024 4725 1037 4738 1036 4737 1024 4725 1038 4739 1037 4738 1024 4725 1039 4740 1038 4739 1024 4725 1040 4741 1039 4740 1024 4725 1041 4742 1040 4741 1024 4725 1042 4743 1041 4742 1024 4725 1043 4744 1042 4743 1024 4725 1044 4745 1043 4744 1024 4725 1045 4746 1044 4745 1024 4725 1046 4747 1045 4746 1024 4725 1047 4748 1046 4747 1024 4725 1048 4749 1047 4748 1024 4725 1049 4750 1048 4749 1024 4725 1050 4751 1049 4750 1024 4725 1051 4752 1050 4751 1024 4725 1052 4753 1051 4752 1024 4725 1053 4754 1052 4753 1024 4725 1054 4755 1053 4754 1024 4725 1055 4756 1054 4755 1056 4757 1058 4759 1057 4758 1056 4757 1059 4760 1058 4759 1056 4757 1060 4761 1059 4760 1056 4757 1061 4762 1060 4761 1056 4757 1062 4763 1061 4762 1056 4757 1063 4764 1062 4763 1056 4757 1064 4765 1063 4764 1056 4757 1065 4766 1064 4765 1056 4757 1066 4767 1065 4766 1056 4757 1067 4768 1066 4767 1056 4757 1068 4769 1067 4768 1056 4757 1069 4770 1068 4769 1056 4757 1070 4771 1069 4770 1056 4757 1071 4772 1070 4771 1056 4757 1072 4773 1071 4772 1056 4757 1073 4774 1072 4773 1056 4757 1074 4775 1073 4774 1056 4757 1075 4776 1074 4775 1056 4757 1076 4777 1075 4776 1056 4757 1077 4778 1076 4777 1056 4757 1078 4779 1077 4778 1056 4757 1079 4780 1078 4779 1056 4757 1080 4781 1079 4780 1056 4757 1081 4782 1080 4781 1056 4757 1082 4783 1081 4782 1056 4757 1083 4784 1082 4783 1056 4757 1084 4785 1083 4784 1056 4757 1085 4786 1084 4785 1056 4757 1086 4787 1085 4786 1056 4757 1087 4788 1086 4787 1088 4789 1090 4791 1089 4790 1088 4789 1091 4792 1090 4791 1088 4789 1092 4793 1091 4792 1088 4789 1093 4794 1092 4793 1088 4789 1094 4795 1093 4794 1088 4789 1095 4796 1094 4795 1088 4789 1096 4797 1095 4796 1088 4789 1097 4798 1096 4797 1088 4789 1098 4799 1097 4798 1088 4789 1099 4800 1098 4799 1088 4789 1100 4801 1099 4800 1088 4789 1101 4802 1100 4801 1088 4789 1102 4803 1101 4802 1088 4789 1103 4804 1102 4803 1088 4789 1104 4805 1103 4804 1088 4789 1105 4806 1104 4805 1088 4789 1106 4807 1105 4806 1088 4789 1107 4808 1106 4807 1088 4789 1108 4809 1107 4808 1088 4789 1109 4810 1108 4809 1088 4789 1110 4811 1109 4810 1088 4789 1111 4812 1110 4811 1088 4789 1112 4813 1111 4812 1088 4789 1113 4814 1112 4813 1088 4789 1114 4815 1113 4814 1088 4789 1115 4816 1114 4815 1088 4789 1116 4817 1115 4816 1088 4789 1117 4530 1116 4817 1088 4789 1118 4818 1117 4530 1088 4789 1119 4819 1118 4818 1120 4820 1122 4822 1121 4821 1120 4820 1123 4823 1122 4822 1120 4820 1124 4824 1123 4823 1120 4820 1125 4825 1124 4824 1120 4820 1126 4826 1125 4825 1120 4820 1127 4827 1126 4826 1120 4820 1128 4828 1127 4827 1120 4820 1129 4829 1128 4828 1120 4820 1130 4830 1129 4829 1120 4820 1131 4831 1130 4830 1120 4820 1132 4832 1131 4831 1120 4820 1133 4833 1132 4832 1120 4820 1134 4834 1133 4833 1120 4820 1135 4835 1134 4834 1120 4820 1136 4836 1135 4835 1120 4820 1137 4837 1136 4836 1120 4820 1138 4838 1137 4837 1120 4820 1139 4839 1138 4838 1120 4820 1140 4840 1139 4839 1120 4820 1141 4841 1140 4840 1120 4820 1142 4842 1141 4841 1120 4820 1143 4843 1142 4842 1120 4820 1144 4844 1143 4843 1120 4820 1145 4845 1144 4844 1120 4820 1146 4846 1145 4845 1120 4820 1147 4847 1146 4846 1120 4820 1148 4848 1147 4847 1120 4820 1149 4849 1148 4848 1120 4820 1150 4850 1149 4849 1120 4820 1151 4851 1150 4850</p></triangles>
        <triangles count="320" material="MAT_COTTON_COTYL-mat"><input semantic="VERTEX" source="#ROW_14_SEG2_foliage-vtx" offset="0"/><input semantic="NORMAL" source="#ROW_14_SEG2_foliage-nrm" offset="1"/><p>1152 1151 1153 1152 1154 1153 1153 1152 1155 1154 1154 1153 1155 1154 1156 1155 1154 1153 1156 1155 1157 1156 1154 1153 1157 1156 1158 1157 1154 1153 1158 1157 1159 1158 1154 1153 1159 1158 1160 1159 1154 1153 1160 1159 1161 1160 1154 1153 1161 1160 1162 1161 1154 1153 1162 1161 1163 1162 1154 1153 1163 1162 1164 1163 1154 1153 1164 1163 1165 1164 1154 1153 1165 1164 1166 1165 1154 1153 1166 1165 1167 1166 1154 1153 1167 1166 1168 1167 1154 1153 1168 1167 1152 1151 1154 1153 1169 1168 1170 1169 1171 1170 1170 1169 1172 1171 1171 1170 1172 1171 1173 1172 1171 1170 1173 1172 1174 1173 1171 1170 1174 1173 1175 1174 1171 1170 1175 1174 1176 1175 1171 1170 1176 1175 1177 1176 1171 1170 1177 1176 1178 1177 1171 1170 1178 1177 1179 1178 1171 1170 1179 1178 1180 1179 1171 1170 1180 1179 1181 1180 1171 1170 1181 1180 1182 1181 1171 1170 1182 1181 1183 1182 1171 1170 1183 1182 1184 1183 1171 1170 1184 1183 1185 1184 1171 1170 1185 1184 1169 1168 1171 1170 1186 1185 1187 1186 1188 1187 1187 1186 1189 1188 1188 1187 1189 1188 1190 1189 1188 1187 1190 1189 1191 1190 1188 1187 1191 1190 1192 1191 1188 1187 1192 1191 1193 1192 1188 1187 1193 1192 1194 1193 1188 1187 1194 1193 1195 1194 1188 1187 1195 1194 1196 1195 1188 1187 1196 1195 1197 1196 1188 1187 1197 1196 1198 1197 1188 1187 1198 1197 1199 1198 1188 1187 1199 1198 1200 1199 1188 1187 1200 1199 1201 1200 1188 1187 1201 1200 1202 1201 1188 1187 1202 1201 1186 1185 1188 1187 1203 1202 1204 1203 1205 1204 1204 1203 1206 1205 1205 1204 1206 1205 1207 1206 1205 1204 1207 1206 1208 1207 1205 1204 1208 1207 1209 1208 1205 1204 1209 1208 1210 1209 1205 1204 1210 1209 1211 1210 1205 1204 1211 1210 1212 1211 1205 1204 1212 1211 1213 1212 1205 1204 1213 1212 1214 1213 1205 1204 1214 1213 1215 1214 1205 1204 1215 1214 1216 1215 1205 1204 1216 1215 1217 1216 1205 1204 1217 1216 1218 1217 1205 1204 1218 1217 1219 1218 1205 1204 1219 1218 1203 1202 1205 1204 1220 1219 1221 1220 1222 1221 1221 1220 1223 1222 1222 1221 1223 1222 1224 1223 1222 1221 1224 1223 1225 1224 1222 1221 1225 1224 1226 1225 1222 1221 1226 1225 1227 1226 1222 1221 1227 1226 1228 1227 1222 1221 1228 1227 1229 1228 1222 1221 1229 1228 1230 1229 1222 1221 1230 1229 1231 1230 1222 1221 1231 1230 1232 1231 1222 1221 1232 1231 1233 1232 1222 1221 1233 1232 1234 1233 1222 1221 1234 1233 1235 1234 1222 1221 1235 1234 1236 1235 1222 1221 1236 1235 1220 1219 1222 1221 1237 1236 1238 1237 1239 1238 1238 1237 1240 1239 1239 1238 1240 1239 1241 1240 1239 1238 1241 1240 1242 1241 1239 1238 1242 1241 1243 1242 1239 1238 1243 1242 1244 1243 1239 1238 1244 1243 1245 1244 1239 1238 1245 1244 1246 1245 1239 1238 1246 1245 1247 1246 1239 1238 1247 1246 1248 1247 1239 1238 1248 1247 1249 1248 1239 1238 1249 1248 1250 1249 1239 1238 1250 1249 1251 1250 1239 1238 1251 1250 1252 1251 1239 1238 1252 1251 1253 1252 1239 1238 1253 1252 1237 1236 1239 1238 1254 1253 1255 1254 1256 1255 1255 1254 1257 1256 1256 1255 1257 1256 1258 1257 1256 1255 1258 1257 1259 1258 1256 1255 1259 1258 1260 1259 1256 1255 1260 1259 1261 1260 1256 1255 1261 1260 1262 1261 1256 1255 1262 1261 1263 1262 1256 1255 1263 1262 1264 1263 1256 1255 1264 1263 1265 1264 1256 1255 1265 1264 1266 1265 1256 1255 1266 1265 1267 1266 1256 1255 1267 1266 1268 1267 1256 1255 1268 1267 1269 1268 1256 1255 1269 1268 1270 1269 1256 1255 1270 1269 1254 1253 1256 1255 1271 1270 1272 1271 1273 1272 1272 1271 1274 1273 1273 1272 1274 1273 1275 1274 1273 1272 1275 1274 1276 1275 1273 1272 1276 1275 1277 1276 1273 1272 1277 1276 1278 1277 1273 1272 1278 1277 1279 1278 1273 1272 1279 1278 1280 1279 1273 1272 1280 1279 1281 1280 1273 1272 1281 1280 1282 1281 1273 1272 1282 1281 1283 1282 1273 1272 1283 1282 1284 1283 1273 1272 1284 1283 1285 1284 1273 1272 1285 1284 1286 1285 1273 1272 1286 1285 1287 1286 1273 1272 1287 1286 1271 1270 1273 1272 1288 1287 1289 1288 1290 1289 1289 1288 1291 1290 1290 1289 1291 1290 1292 1291 1290 1289 1292 1291 1293 1292 1290 1289 1293 1292 1294 1293 1290 1289 1294 1293 1295 1294 1290 1289 1295 1294 1296 1295 1290 1289 1296 1295 1297 1296 1290 1289 1297 1296 1298 1297 1290 1289 1298 1297 1299 1298 1290 1289 1299 1298 1300 1299 1290 1289 1300 1299 1301 1300 1290 1289 1301 1300 1302 1301 1290 1289 1302 1301 1303 1302 1290 1289 1303 1302 1304 1303 1290 1289 1304 1303 1288 1287 1290 1289 1305 1304 1306 1305 1307 1306 1306 1305 1308 1307 1307 1306 1308 1307 1309 1308 1307 1306 1309 1308 1310 1309 1307 1306 1310 1309 1311 1310 1307 1306 1311 1310 1312 1311 1307 1306 1312 1311 1313 1312 1307 1306 1313 1312 1314 1313 1307 1306 1314 1313 1315 1314 1307 1306 1315 1314 1316 1315 1307 1306 1316 1315 1317 1316 1307 1306 1317 1316 1318 1317 1307 1306 1318 1317 1319 1318 1307 1306 1319 1318 1320 1319 1307 1306 1320 1319 1321 1320 1307 1306 1321 1320 1305 1304 1307 1306 1152 4852 1154 4854 1153 4853 1153 4853 1154 4854 1155 4855 1155 4855 1154 4854 1156 4856 1156 4856 1154 4854 1157 4857 1157 4857 1154 4854 1158 4858 1158 4858 1154 4854 1159 4859 1159 4859 1154 4854 1160 4860 1160 4860 1154 4854 1161 4861 1161 4861 1154 4854 1162 4862 1162 4862 1154 4854 1163 4863 1163 4863 1154 4854 1164 4864 1164 4864 1154 4854 1165 4865 1165 4865 1154 4854 1166 4866 1166 4866 1154 4854 1167 4867 1167 4867 1154 4854 1168 4868 1168 4868 1154 4854 1152 4852 1169 4869 1171 4871 1170 4870 1170 4870 1171 4871 1172 4872 1172 4872 1171 4871 1173 4873 1173 4873 1171 4871 1174 4874 1174 4874 1171 4871 1175 4875 1175 4875 1171 4871 1176 4876 1176 4876 1171 4871 1177 4877 1177 4877 1171 4871 1178 4878 1178 4878 1171 4871 1179 4879 1179 4879 1171 4871 1180 4880 1180 4880 1171 4871 1181 4881 1181 4881 1171 4871 1182 4882 1182 4882 1171 4871 1183 4883 1183 4883 1171 4871 1184 4884 1184 4884 1171 4871 1185 4885 1185 4885 1171 4871 1169 4869 1186 4886 1188 4888 1187 4887 1187 4887 1188 4888 1189 4889 1189 4889 1188 4888 1190 4890 1190 4890 1188 4888 1191 4891 1191 4891 1188 4888 1192 4892 1192 4892 1188 4888 1193 4893 1193 4893 1188 4888 1194 4894 1194 4894 1188 4888 1195 4895 1195 4895 1188 4888 1196 4896 1196 4896 1188 4888 1197 4897 1197 4897 1188 4888 1198 4898 1198 4898 1188 4888 1199 4899 1199 4899 1188 4888 1200 4900 1200 4900 1188 4888 1201 4901 1201 4901 1188 4888 1202 4902 1202 4902 1188 4888 1186 4886 1203 4903 1205 4905 1204 4904 1204 4904 1205 4905 1206 4906 1206 4906 1205 4905 1207 4907 1207 4907 1205 4905 1208 4908 1208 4908 1205 4905 1209 4909 1209 4909 1205 4905 1210 4910 1210 4910 1205 4905 1211 4911 1211 4911 1205 4905 1212 4912 1212 4912 1205 4905 1213 4913 1213 4913 1205 4905 1214 4914 1214 4914 1205 4905 1215 4915 1215 4915 1205 4905 1216 4916 1216 4916 1205 4905 1217 4917 1217 4917 1205 4905 1218 4918 1218 4918 1205 4905 1219 4919 1219 4919 1205 4905 1203 4903 1220 4920 1222 4922 1221 4921 1221 4921 1222 4922 1223 4923 1223 4923 1222 4922 1224 4924 1224 4924 1222 4922 1225 4925 1225 4925 1222 4922 1226 4926 1226 4926 1222 4922 1227 4927 1227 4927 1222 4922 1228 4928 1228 4928 1222 4922 1229 4929 1229 4929 1222 4922 1230 4930 1230 4930 1222 4922 1231 4931 1231 4931 1222 4922 1232 4932 1232 4932 1222 4922 1233 4933 1233 4933 1222 4922 1234 4934 1234 4934 1222 4922 1235 4935 1235 4935 1222 4922 1236 4936 1236 4936 1222 4922 1220 4920 1237 4937 1239 4939 1238 4938 1238 4938 1239 4939 1240 4940 1240 4940 1239 4939 1241 4941 1241 4941 1239 4939 1242 4942 1242 4942 1239 4939 1243 4943 1243 4943 1239 4939 1244 4944 1244 4944 1239 4939 1245 4945 1245 4945 1239 4939 1246 4946 1246 4946 1239 4939 1247 4947 1247 4947 1239 4939 1248 4948 1248 4948 1239 4939 1249 4949 1249 4949 1239 4939 1250 4950 1250 4950 1239 4939 1251 4951 1251 4951 1239 4939 1252 4952 1252 4952 1239 4939 1253 4953 1253 4953 1239 4939 1237 4937 1254 4954 1256 4956 1255 4955 1255 4955 1256 4956 1257 4957 1257 4957 1256 4956 1258 4958 1258 4958 1256 4956 1259 4959 1259 4959 1256 4956 1260 4960 1260 4960 1256 4956 1261 4961 1261 4961 1256 4956 1262 4962 1262 4962 1256 4956 1263 4963 1263 4963 1256 4956 1264 4964 1264 4964 1256 4956 1265 4965 1265 4965 1256 4956 1266 4966 1266 4966 1256 4956 1267 4967 1267 4967 1256 4956 1268 4968 1268 4968 1256 4956 1269 4969 1269 4969 1256 4956 1270 4970 1270 4970 1256 4956 1254 4954 1271 4971 1273 4973 1272 4972 1272 4972 1273 4973 1274 4974 1274 4974 1273 4973 1275 4975 1275 4975 1273 4973 1276 4976 1276 4976 1273 4973 1277 4977 1277 4977 1273 4973 1278 4978 1278 4978 1273 4973 1279 4979 1279 4979 1273 4973 1280 4980 1280 4980 1273 4973 1281 4981 1281 4981 1273 4973 1282 4982 1282 4982 1273 4973 1283 4983 1283 4983 1273 4973 1284 4984 1284 4984 1273 4973 1285 4985 1285 4985 1273 4973 1286 4986 1286 4986 1273 4973 1287 4987 1287 4987 1273 4973 1271 4971 1288 4988 1290 4990 1289 4989 1289 4989 1290 4990 1291 4991 1291 4991 1290 4990 1292 4992 1292 4992 1290 4990 1293 4993 1293 4993 1290 4990 1294 4994 1294 4994 1290 4990 1295 4995 1295 4995 1290 4990 1296 4996 1296 4996 1290 4990 1297 4997 1297 4997 1290 4990 1298 4998 1298 4998 1290 4990 1299 4999 1299 4999 1290 4990 1300 5000 1300 5000 1290 4990 1301 5001 1301 5001 1290 4990 1302 5002 1302 5002 1290 4990 1303 5003 1303 5003 1290 4990 1304 5004 1304 5004 1290 4990 1288 4988 1305 5005 1307 5007 1306 5006 1306 5006 1307 5007 1308 5008 1308 5008 1307 5007 1309 5009 1309 5009 1307 5007 1310 5010 1310 5010 1307 5007 1311 5011 1311 5011 1307 5007 1312 5012 1312 5012 1307 5007 1313 5013 1313 5013 1307 5007 1314 5014 1314 5014 1307 5007 1315 5015 1315 5015 1307 5007 1316 5016 1316 5016 1307 5007 1317 5017 1317 5017 1307 5007 1318 5018 1318 5018 1307 5007 1319 5019 1319 5019 1307 5007 1320 5020 1320 5020 1307 5007 1321 5021 1321 5021 1307 5007 1305 5005</p></triangles>
        <triangles count="480" material="MAT_COTTON_LEAF_0-mat"><input semantic="VERTEX" source="#ROW_14_SEG2_foliage-vtx" offset="0"/><input semantic="NORMAL" source="#ROW_14_SEG2_foliage-nrm" offset="1"/><p>1322 1321 1323 1322 1324 1323 1322 1321 1324 1323 1325 1324 1322 1321 1325 1324 1326 1325 1322 1321 1326 1325 1327 1326 1322 1321 1327 1326 1328 1327 1322 1321 1328 1327 1329 1328 1322 1321 1329 1328 1330 1329 1322 1321 1330 1329 1331 1330 1322 1321 1331 1330 1332 1331 1322 1321 1332 1331 1333 1332 1322 1321 1333 1332 1334 1333 1322 1321 1334 1333 1335 1334 1322 1321 1335 1334 1336 1335 1322 1321 1336 1335 1337 1336 1322 1321 1337 1336 1338 1337 1322 1321 1338 1337 1339 1338 1322 1321 1339 1338 1340 1339 1322 1321 1340 1339 1341 1340 1322 1321 1341 1340 1342 1341 1322 1321 1342 1341 1343 1342 1322 1321 1343 1342 1344 1343 1322 1321 1344 1343 1345 1344 1322 1321 1345 1344 1346 1345 1322 1321 1346 1345 1347 1346 1322 1321 1347 1346 1348 1347 1322 1321 1348 1347 1349 1348 1322 1321 1349 1348 1350 1349 1322 1321 1350 1349 1351 1350 1322 1321 1351 1350 1352 1351 1322 1321 1352 1351 1353 1352 1354 1353 1355 1354 1356 1355 1354 1353 1356 1355 1357 1356 1354 1353 1357 1356 1358 1357 1354 1353 1358 1357 1359 1358 1354 1353 1359 1358 1360 1359 1354 1353 1360 1359 1361 1360 1354 1353 1361 1360 1362 1361 1354 1353 1362 1361 1363 1362 1354 1353 1363 1362 1364 1363 1354 1353 1364 1363 1365 1364 1354 1353 1365 1364 1366 1365 1354 1353 1366 1365 1367 1366 1354 1353 1367 1366 1368 1367 1354 1353 1368 1367 1369 1368 1354 1353 1369 1368 1370 1369 1354 1353 1370 1369 1371 1370 1354 1353 1371 1370 1372 1371 1354 1353 1372 1371 1373 1372 1354 1353 1373 1372 1374 1373 1354 1353 1374 1373 1375 1374 1354 1353 1375 1374 1376 1375 1354 1353 1376 1375 1377 1376 1354 1353 1377 1376 1378 1377 1354 1353 1378 1377 1379 1378 1354 1353 1379 1378 1380 1379 1354 1353 1380 1379 1381 1380 1354 1353 1381 1380 1382 1381 1354 1353 1382 1381 1383 1382 1354 1353 1383 1382 1384 1383 1354 1353 1384 1383 1385 1384 1386 1385 1387 1386 1388 1387 1386 1385 1388 1387 1389 1388 1386 1385 1389 1388 1390 1389 1386 1385 1390 1389 1391 1390 1386 1385 1391 1390 1392 1391 1386 1385 1392 1391 1393 1392 1386 1385 1393 1392 1394 1393 1386 1385 1394 1393 1395 1394 1386 1385 1395 1394 1396 1395 1386 1385 1396 1395 1397 1396 1386 1385 1397 1396 1398 1397 1386 1385 1398 1397 1399 1398 1386 1385 1399 1398 1400 1399 1386 1385 1400 1399 1401 1400 1386 1385 1401 1400 1402 1401 1386 1385 1402 1401 1403 1402 1386 1385 1403 1402 1404 1403 1386 1385 1404 1403 1405 1404 1386 1385 1405 1404 1406 1405 1386 1385 1406 1405 1407 1406 1386 1385 1407 1406 1408 1407 1386 1385 1408 1407 1409 1408 1386 1385 1409 1408 1410 1409 1386 1385 1410 1409 1411 1410 1386 1385 1411 1410 1412 1411 1386 1385 1412 1411 1413 1412 1386 1385 1413 1412 1414 1413 1386 1385 1414 1413 1415 1414 1386 1385 1415 1414 1416 1415 1386 1385 1416 1415 1417 1416 1418 1417 1419 1418 1420 1419 1418 1417 1420 1419 1421 1420 1418 1417 1421 1420 1422 1421 1418 1417 1422 1421 1423 1422 1418 1417 1423 1422 1424 1423 1418 1417 1424 1423 1425 1424 1418 1417 1425 1424 1426 1425 1418 1417 1426 1425 1427 1426 1418 1417 1427 1426 1428 1427 1418 1417 1428 1427 1429 1428 1418 1417 1429 1428 1430 1429 1418 1417 1430 1429 1431 1430 1418 1417 1431 1430 1432 1431 1418 1417 1432 1431 1433 1432 1418 1417 1433 1432 1434 1433 1418 1417 1434 1433 1435 1434 1418 1417 1435 1434 1436 1435 1418 1417 1436 1435 1437 1436 1418 1417 1437 1436 1438 1437 1418 1417 1438 1437 1439 1438 1418 1417 1439 1438 1440 1439 1418 1417 1440 1439 1441 1440 1418 1417 1441 1440 1442 1441 1418 1417 1442 1441 1443 1442 1418 1417 1443 1442 1444 1443 1418 1417 1444 1443 1445 1444 1418 1417 1445 1444 1446 1445 1418 1417 1446 1445 1447 1446 1418 1417 1447 1446 1448 1447 1418 1417 1448 1447 1449 1448 1450 1449 1451 1450 1452 1451 1450 1449 1452 1451 1453 1452 1450 1449 1453 1452 1454 1453 1450 1449 1454 1453 1455 1454 1450 1449 1455 1454 1456 1455 1450 1449 1456 1455 1457 1456 1450 1449 1457 1456 1458 1457 1450 1449 1458 1457 1459 1458 1450 1449 1459 1458 1460 1459 1450 1449 1460 1459 1461 1460 1450 1449 1461 1460 1462 1461 1450 1449 1462 1461 1463 1462 1450 1449 1463 1462 1464 1463 1450 1449 1464 1463 1465 1464 1450 1449 1465 1464 1466 1465 1450 1449 1466 1465 1467 1466 1450 1449 1467 1466 1468 1467 1450 1449 1468 1467 1469 1468 1450 1449 1469 1468 1470 1469 1450 1449 1470 1469 1471 1470 1450 1449 1471 1470 1472 1471 1450 1449 1472 1471 1473 1472 1450 1449 1473 1472 1474 1473 1450 1449 1474 1473 1475 1474 1450 1449 1475 1474 1476 1475 1450 1449 1476 1475 1477 1476 1450 1449 1477 1476 1478 1477 1450 1449 1478 1477 1479 1478 1450 1449 1479 1478 1480 1479 1450 1449 1480 1479 1481 1480 1482 1481 1483 1482 1484 1483 1482 1481 1484 1483 1485 1484 1482 1481 1485 1484 1486 1485 1482 1481 1486 1485 1487 1486 1482 1481 1487 1486 1488 1487 1482 1481 1488 1487 1489 1488 1482 1481 1489 1488 1490 1489 1482 1481 1490 1489 1491 1490 1482 1481 1491 1490 1492 1491 1482 1481 1492 1491 1493 1492 1482 1481 1493 1492 1494 1493 1482 1481 1494 1493 1495 1494 1482 1481 1495 1494 1496 1495 1482 1481 1496 1495 1497 1496 1482 1481 1497 1496 1498 1497 1482 1481 1498 1497 1499 1498 1482 1481 1499 1498 1500 1499 1482 1481 1500 1499 1501 1500 1482 1481 1501 1500 1502 1501 1482 1481 1502 1501 1503 1502 1482 1481 1503 1502 1504 1503 1482 1481 1504 1503 1505 1504 1482 1481 1505 1504 1506 1505 1482 1481 1506 1505 1507 1506 1482 1481 1507 1506 1508 1507 1482 1481 1508 1507 1509 1508 1482 1481 1509 1508 1510 1509 1482 1481 1510 1509 1511 1510 1482 1481 1511 1510 1512 1511 1482 1481 1512 1511 1513 1512 1514 1513 1515 1514 1516 1515 1514 1513 1516 1515 1517 1516 1514 1513 1517 1516 1518 1517 1514 1513 1518 1517 1519 1518 1514 1513 1519 1518 1520 1519 1514 1513 1520 1519 1521 1520 1514 1513 1521 1520 1522 1521 1514 1513 1522 1521 1523 1522 1514 1513 1523 1522 1524 1523 1514 1513 1524 1523 1525 1524 1514 1513 1525 1524 1526 1525 1514 1513 1526 1525 1527 1526 1514 1513 1527 1526 1528 1527 1514 1513 1528 1527 1529 1528 1514 1513 1529 1528 1530 1529 1514 1513 1530 1529 1531 1530 1514 1513 1531 1530 1532 1531 1514 1513 1532 1531 1533 1532 1514 1513 1533 1532 1534 1533 1514 1513 1534 1533 1535 1534 1514 1513 1535 1534 1536 1535 1514 1513 1536 1535 1537 1536 1514 1513 1537 1536 1538 1537 1514 1513 1538 1537 1539 1538 1514 1513 1539 1538 1540 1539 1514 1513 1540 1539 1541 1540 1514 1513 1541 1540 1542 1541 1514 1513 1542 1541 1543 1542 1514 1513 1543 1542 1544 1543 1514 1513 1544 1543 1545 1544 1546 1545 1547 1546 1548 1547 1546 1545 1548 1547 1549 1548 1546 1545 1549 1548 1550 1549 1546 1545 1550 1549 1551 1550 1546 1545 1551 1550 1552 1551 1546 1545 1552 1551 1553 1552 1546 1545 1553 1552 1554 1553 1546 1545 1554 1553 1555 1554 1546 1545 1555 1554 1556 1555 1546 1545 1556 1555 1557 1556 1546 1545 1557 1556 1558 1557 1546 1545 1558 1557 1559 1558 1546 1545 1559 1558 1560 1559 1546 1545 1560 1559 1561 1560 1546 1545 1561 1560 1562 1561 1546 1545 1562 1561 1563 1562 1546 1545 1563 1562 1564 1563 1546 1545 1564 1563 1565 1564 1546 1545 1565 1564 1566 1565 1546 1545 1566 1565 1567 1566 1546 1545 1567 1566 1568 1567 1546 1545 1568 1567 1569 1568 1546 1545 1569 1568 1570 1569 1546 1545 1570 1569 1571 1570 1546 1545 1571 1570 1572 1571 1546 1545 1572 1571 1573 1572 1546 1545 1573 1572 1574 1573 1546 1545 1574 1573 1575 1574 1546 1545 1575 1574 1576 1575 1546 1545 1576 1575 1577 1576 1322 5022 1324 5024 1323 5023 1322 5022 1325 5025 1324 5024 1322 5022 1326 5026 1325 5025 1322 5022 1327 5027 1326 5026 1322 5022 1328 5028 1327 5027 1322 5022 1329 5029 1328 5028 1322 5022 1330 5030 1329 5029 1322 5022 1331 5031 1330 5030 1322 5022 1332 5032 1331 5031 1322 5022 1333 5033 1332 5032 1322 5022 1334 5034 1333 5033 1322 5022 1335 5035 1334 5034 1322 5022 1336 5036 1335 5035 1322 5022 1337 5037 1336 5036 1322 5022 1338 5038 1337 5037 1322 5022 1339 5039 1338 5038 1322 5022 1340 5040 1339 5039 1322 5022 1341 5041 1340 5040 1322 5022 1342 5042 1341 5041 1322 5022 1343 5043 1342 5042 1322 5022 1344 5044 1343 5043 1322 5022 1345 5045 1344 5044 1322 5022 1346 5046 1345 5045 1322 5022 1347 5047 1346 5046 1322 5022 1348 5048 1347 5047 1322 5022 1349 5049 1348 5048 1322 5022 1350 5050 1349 5049 1322 5022 1351 5051 1350 5050 1322 5022 1352 5052 1351 5051 1322 5022 1353 5053 1352 5052 1354 5054 1356 5056 1355 5055 1354 5054 1357 5057 1356 5056 1354 5054 1358 5058 1357 5057 1354 5054 1359 5059 1358 5058 1354 5054 1360 5060 1359 5059 1354 5054 1361 5061 1360 5060 1354 5054 1362 5062 1361 5061 1354 5054 1363 5063 1362 5062 1354 5054 1364 5064 1363 5063 1354 5054 1365 5065 1364 5064 1354 5054 1366 5066 1365 5065 1354 5054 1367 5067 1366 5066 1354 5054 1368 5068 1367 5067 1354 5054 1369 5069 1368 5068 1354 5054 1370 5070 1369 5069 1354 5054 1371 5071 1370 5070 1354 5054 1372 5072 1371 5071 1354 5054 1373 5073 1372 5072 1354 5054 1374 5074 1373 5073 1354 5054 1375 5075 1374 5074 1354 5054 1376 5076 1375 5075 1354 5054 1377 5077 1376 5076 1354 5054 1378 5078 1377 5077 1354 5054 1379 5079 1378 5078 1354 5054 1380 5080 1379 5079 1354 5054 1381 5081 1380 5080 1354 5054 1382 5082 1381 5081 1354 5054 1383 5083 1382 5082 1354 5054 1384 5084 1383 5083 1354 5054 1385 5085 1384 5084 1386 5086 1388 5088 1387 5087 1386 5086 1389 5089 1388 5088 1386 5086 1390 5090 1389 5089 1386 5086 1391 5091 1390 5090 1386 5086 1392 5092 1391 5091 1386 5086 1393 5093 1392 5092 1386 5086 1394 5094 1393 5093 1386 5086 1395 5095 1394 5094 1386 5086 1396 5096 1395 5095 1386 5086 1397 5097 1396 5096 1386 5086 1398 5098 1397 5097 1386 5086 1399 5099 1398 5098 1386 5086 1400 5100 1399 5099 1386 5086 1401 5101 1400 5100 1386 5086 1402 5102 1401 5101 1386 5086 1403 5103 1402 5102 1386 5086 1404 5104 1403 5103 1386 5086 1405 5105 1404 5104 1386 5086 1406 5106 1405 5105 1386 5086 1407 5107 1406 5106 1386 5086 1408 5108 1407 5107 1386 5086 1409 5109 1408 5108 1386 5086 1410 5110 1409 5109 1386 5086 1411 5111 1410 5110 1386 5086 1412 5112 1411 5111 1386 5086 1413 5113 1412 5112 1386 5086 1414 5114 1413 5113 1386 5086 1415 5115 1414 5114 1386 5086 1416 5116 1415 5115 1386 5086 1417 5117 1416 5116 1418 5118 1420 5120 1419 5119 1418 5118 1421 5121 1420 5120 1418 5118 1422 5122 1421 5121 1418 5118 1423 5123 1422 5122 1418 5118 1424 5124 1423 5123 1418 5118 1425 5125 1424 5124 1418 5118 1426 5126 1425 5125 1418 5118 1427 5127 1426 5126 1418 5118 1428 5128 1427 5127 1418 5118 1429 5129 1428 5128 1418 5118 1430 5130 1429 5129 1418 5118 1431 5131 1430 5130 1418 5118 1432 5132 1431 5131 1418 5118 1433 5133 1432 5132 1418 5118 1434 5134 1433 5133 1418 5118 1435 5135 1434 5134 1418 5118 1436 5136 1435 5135 1418 5118 1437 5137 1436 5136 1418 5118 1438 5138 1437 5137 1418 5118 1439 5139 1438 5138 1418 5118 1440 5140 1439 5139 1418 5118 1441 5141 1440 5140 1418 5118 1442 5142 1441 5141 1418 5118 1443 5143 1442 5142 1418 5118 1444 5144 1443 5143 1418 5118 1445 5145 1444 5144 1418 5118 1446 5146 1445 5145 1418 5118 1447 5147 1446 5146 1418 5118 1448 5148 1447 5147 1418 5118 1449 5149 1448 5148 1450 5150 1452 5152 1451 5151 1450 5150 1453 5153 1452 5152 1450 5150 1454 5154 1453 5153 1450 5150 1455 5155 1454 5154 1450 5150 1456 5156 1455 5155 1450 5150 1457 5157 1456 5156 1450 5150 1458 5158 1457 5157 1450 5150 1459 5159 1458 5158 1450 5150 1460 5160 1459 5159 1450 5150 1461 5161 1460 5160 1450 5150 1462 5162 1461 5161 1450 5150 1463 5163 1462 5162 1450 5150 1464 5164 1463 5163 1450 5150 1465 5165 1464 5164 1450 5150 1466 5166 1465 5165 1450 5150 1467 5167 1466 5166 1450 5150 1468 5168 1467 5167 1450 5150 1469 5169 1468 5168 1450 5150 1470 5170 1469 5169 1450 5150 1471 5171 1470 5170 1450 5150 1472 5172 1471 5171 1450 5150 1473 5173 1472 5172 1450 5150 1474 5174 1473 5173 1450 5150 1475 5175 1474 5174 1450 5150 1476 5176 1475 5175 1450 5150 1477 5177 1476 5176 1450 5150 1478 5178 1477 5177 1450 5150 1479 5179 1478 5178 1450 5150 1480 5180 1479 5179 1450 5150 1481 5181 1480 5180 1482 5182 1484 5184 1483 5183 1482 5182 1485 5185 1484 5184 1482 5182 1486 5186 1485 5185 1482 5182 1487 5187 1486 5186 1482 5182 1488 5188 1487 5187 1482 5182 1489 5189 1488 5188 1482 5182 1490 5190 1489 5189 1482 5182 1491 5191 1490 5190 1482 5182 1492 5192 1491 5191 1482 5182 1493 5193 1492 5192 1482 5182 1494 5194 1493 5193 1482 5182 1495 5195 1494 5194 1482 5182 1496 5196 1495 5195 1482 5182 1497 5197 1496 5196 1482 5182 1498 5198 1497 5197 1482 5182 1499 5199 1498 5198 1482 5182 1500 5200 1499 5199 1482 5182 1501 5201 1500 5200 1482 5182 1502 5202 1501 5201 1482 5182 1503 5203 1502 5202 1482 5182 1504 5204 1503 5203 1482 5182 1505 5205 1504 5204 1482 5182 1506 5206 1505 5205 1482 5182 1507 5207 1506 5206 1482 5182 1508 5208 1507 5207 1482 5182 1509 5209 1508 5208 1482 5182 1510 5210 1509 5209 1482 5182 1511 5211 1510 5210 1482 5182 1512 5212 1511 5211 1482 5182 1513 5213 1512 5212 1514 5214 1516 5216 1515 5215 1514 5214 1517 5217 1516 5216 1514 5214 1518 5218 1517 5217 1514 5214 1519 5219 1518 5218 1514 5214 1520 5220 1519 5219 1514 5214 1521 5221 1520 5220 1514 5214 1522 5222 1521 5221 1514 5214 1523 5223 1522 5222 1514 5214 1524 5224 1523 5223 1514 5214 1525 5225 1524 5224 1514 5214 1526 5226 1525 5225 1514 5214 1527 5227 1526 5226 1514 5214 1528 5228 1527 5227 1514 5214 1529 5229 1528 5228 1514 5214 1530 5230 1529 5229 1514 5214 1531 5231 1530 5230 1514 5214 1532 5232 1531 5231 1514 5214 1533 5233 1532 5232 1514 5214 1534 5234 1533 5233 1514 5214 1535 5235 1534 5234 1514 5214 1536 5236 1535 5235 1514 5214 1537 5237 1536 5236 1514 5214 1538 5238 1537 5237 1514 5214 1539 5239 1538 5238 1514 5214 1540 5240 1539 5239 1514 5214 1541 5241 1540 5240 1514 5214 1542 5242 1541 5241 1514 5214 1543 5243 1542 5242 1514 5214 1544 5244 1543 5243 1514 5214 1545 5245 1544 5244 1546 5246 1548 5248 1547 5247 1546 5246 1549 5249 1548 5248 1546 5246 1550 5250 1549 5249 1546 5246 1551 5251 1550 5250 1546 5246 1552 5252 1551 5251 1546 5246 1553 5253 1552 5252 1546 5246 1554 5254 1553 5253 1546 5246 1555 5255 1554 5254 1546 5246 1556 5256 1555 5255 1546 5246 1557 5257 1556 5256 1546 5246 1558 5258 1557 5257 1546 5246 1559 5259 1558 5258 1546 5246 1560 5260 1559 5259 1546 5246 1561 5261 1560 5260 1546 5246 1562 5262 1561 5261 1546 5246 1563 5263 1562 5262 1546 5246 1564 5264 1563 5263 1546 5246 1565 5265 1564 5264 1546 5246 1566 5266 1565 5265 1546 5246 1567 5267 1566 5266 1546 5246 1568 5268 1567 5267 1546 5246 1569 5269 1568 5268 1546 5246 1570 5270 1569 5269 1546 5246 1571 5271 1570 5270 1546 5246 1572 5272 1571 5271 1546 5246 1573 5273 1572 5272 1546 5246 1574 5274 1573 5273 1546 5246 1575 5275 1574 5274 1546 5246 1576 5276 1575 5275 1546 5246 1577 5277 1576 5276</p></triangles>
        <triangles count="720" material="MAT_COTTON_LEAF_2-mat"><input semantic="VERTEX" source="#ROW_14_SEG2_foliage-vtx" offset="0"/><input semantic="NORMAL" source="#ROW_14_SEG2_foliage-nrm" offset="1"/><p>1578 1577 1579 1578 1580 1579 1578 1577 1580 1579 1581 1580 1578 1577 1581 1580 1582 1581 1578 1577 1582 1581 1583 1582 1578 1577 1583 1582 1584 1583 1578 1577 1584 1583 1585 1584 1578 1577 1585 1584 1586 1585 1578 1577 1586 1585 1587 1586 1578 1577 1587 1586 1588 1587 1578 1577 1588 1587 1589 1588 1578 1577 1589 1588 1590 1589 1578 1577 1590 1589 1591 1590 1578 1577 1591 1590 1592 1591 1578 1577 1592 1591 1593 1592 1578 1577 1593 1592 1594 1593 1578 1577 1594 1593 1595 1594 1578 1577 1595 1594 1596 1595 1578 1577 1596 1595 1597 1596 1578 1577 1597 1596 1598 1597 1578 1577 1598 1597 1599 1598 1578 1577 1599 1598 1600 1599 1578 1577 1600 1599 1601 1600 1578 1577 1601 1600 1602 1601 1578 1577 1602 1601 1603 1602 1578 1577 1603 1602 1604 1603 1578 1577 1604 1603 1605 1604 1578 1577 1605 1604 1606 1605 1578 1577 1606 1605 1607 1606 1578 1577 1607 1606 1608 1607 1578 1577 1608 1607 1609 1608 1610 1609 1611 1610 1612 1611 1610 1609 1612 1611 1613 1612 1610 1609 1613 1612 1614 1613 1610 1609 1614 1613 1615 1614 1610 1609 1615 1614 1616 1615 1610 1609 1616 1615 1617 1616 1610 1609 1617 1616 1618 1617 1610 1609 1618 1617 1619 1618 1610 1609 1619 1618 1620 1619 1610 1609 1620 1619 1621 1620 1610 1609 1621 1620 1622 1621 1610 1609 1622 1621 1623 1622 1610 1609 1623 1622 1624 1623 1610 1609 1624 1623 1625 1624 1610 1609 1625 1624 1626 1625 1610 1609 1626 1625 1627 1626 1610 1609 1627 1626 1628 1627 1610 1609 1628 1627 1629 1628 1610 1609 1629 1628 1630 1629 1610 1609 1630 1629 1631 1630 1610 1609 1631 1630 1632 1631 1610 1609 1632 1631 1633 1632 1610 1609 1633 1632 1634 1633 1610 1609 1634 1633 1635 1634 1610 1609 1635 1634 1636 1635 1610 1609 1636 1635 1637 1636 1610 1609 1637 1636 1638 1637 1610 1609 1638 1637 1639 1638 1610 1609 1639 1638 1640 1639 1610 1609 1640 1639 1641 1640 1642 1641 1643 1642 1644 1643 1642 1641 1644 1643 1645 1644 1642 1641 1645 1644 1646 1645 1642 1641 1646 1645 1647 1646 1642 1641 1647 1646 1648 1647 1642 1641 1648 1647 1649 1648 1642 1641 1649 1648 1650 1649 1642 1641 1650 1649 1651 1650 1642 1641 1651 1650 1652 1651 1642 1641 1652 1651 1653 1652 1642 1641 1653 1652 1654 1653 1642 1641 1654 1653 1655 1654 1642 1641 1655 1654 1656 1655 1642 1641 1656 1655 1657 1656 1642 1641 1657 1656 1658 1657 1642 1641 1658 1657 1659 1658 1642 1641 1659 1658 1660 1659 1642 1641 1660 1659 1661 1660 1642 1641 1661 1660 1662 1661 1642 1641 1662 1661 1663 1662 1642 1641 1663 1662 1664 1663 1642 1641 1664 1663 1665 68 1642 1641 1665 68 1666 1664 1642 1641 1666 1664 1667 1665 1642 1641 1667 1665 1668 1666 1642 1641 1668 1666 1669 1667 1642 1641 1669 1667 1670 1668 1642 1641 1670 1668 1671 1669 1642 1641 1671 1669 1672 1670 1642 1641 1672 1670 1673 1671 1674 1672 1675 1673 1676 1673 1674 1672 1676 1673 1677 1674 1674 1672 1677 1674 1678 1675 1674 1672 1678 1675 1679 1676 1674 1672 1679 1676 1680 1677 1674 1672 1680 1677 1681 1678 1674 1672 1681 1678 1682 1679 1674 1672 1682 1679 1683 1680 1674 1672 1683 1680 1684 1681 1674 1672 1684 1681 1685 1682 1674 1672 1685 1682 1686 1683 1674 1672 1686 1683 1687 1684 1674 1672 1687 1684 1688 1685 1674 1672 1688 1685 1689 1686 1674 1672 1689 1686 1690 1687 1674 1672 1690 1687 1691 1688 1674 1672 1691 1688 1692 1689 1674 1672 1692 1689 1693 1690 1674 1672 1693 1690 1694 1691 1674 1672 1694 1691 1695 1692 1674 1672 1695 1692 1696 1693 1674 1672 1696 1693 1697 1694 1674 1672 1697 1694 1698 1695 1674 1672 1698 1695 1699 1696 1674 1672 1699 1696 1700 1697 1674 1672 1700 1697 1701 1698 1674 1672 1701 1698 1702 1699 1674 1672 1702 1699 1703 1700 1674 1672 1703 1700 1704 1701 1674 1672 1704 1701 1705 1701 1706 1702 1707 1703 1708 1704 1706 1702 1708 1704 1709 1705 1706 1702 1709 1705 1710 1706 1706 1702 1710 1706 1711 1707 1706 1702 1711 1707 1712 1708 1706 1702 1712 1708 1713 1709 1706 1702 1713 1709 1714 1710 1706 1702 1714 1710 1715 1711 1706 1702 1715 1711 1716 1712 1706 1702 1716 1712 1717 1713 1706 1702 1717 1713 1718 1714 1706 1702 1718 1714 1719 1715 1706 1702 1719 1715 1720 1716 1706 1702 1720 1716 1721 1717 1706 1702 1721 1717 1722 1718 1706 1702 1722 1718 1723 1719 1706 1702 1723 1719 1724 1720 1706 1702 1724 1720 1725 1721 1706 1702 1725 1721 1726 1722 1706 1702 1726 1722 1727 1723 1706 1702 1727 1723 1728 1724 1706 1702 1728 1724 1729 1725 1706 1702 1729 1725 1730 1726 1706 1702 1730 1726 1731 1727 1706 1702 1731 1727 1732 1728 1706 1702 1732 1728 1733 1729 1706 1702 1733 1729 1734 1730 1706 1702 1734 1730 1735 1731 1706 1702 1735 1731 1736 1732 1706 1702 1736 1732 1737 1733 1738 1734 1739 1735 1740 1736 1738 1734 1740 1736 1741 1737 1738 1734 1741 1737 1742 1738 1738 1734 1742 1738 1743 1739 1738 1734 1743 1739 1744 1740 1738 1734 1744 1740 1745 1741 1738 1734 1745 1741 1746 1742 1738 1734 1746 1742 1747 1743 1738 1734 1747 1743 1748 1744 1738 1734 1748 1744 1749 1745 1738 1734 1749 1745 1750 1746 1738 1734 1750 1746 1751 1747 1738 1734 1751 1747 1752 1748 1738 1734 1752 1748 1753 1749 1738 1734 1753 1749 1754 1750 1738 1734 1754 1750 1755 1751 1738 1734 1755 1751 1756 1752 1738 1734 1756 1752 1757 1753 1738 1734 1757 1753 1758 1754 1738 1734 1758 1754 1759 1755 1738 1734 1759 1755 1760 1756 1738 1734 1760 1756 1761 1757 1738 1734 1761 1757 1762 1758 1738 1734 1762 1758 1763 1759 1738 1734 1763 1759 1764 1760 1738 1734 1764 1760 1765 1761 1738 1734 1765 1761 1766 1762 1738 1734 1766 1762 1767 1763 1738 1734 1767 1763 1768 1764 1738 1734 1768 1764 1769 1765 1770 1766 1771 1767 1772 1768 1770 1766 1772 1768 1773 1769 1770 1766 1773 1769 1774 1770 1770 1766 1774 1770 1775 1771 1770 1766 1775 1771 1776 1772 1770 1766 1776 1772 1777 1773 1770 1766 1777 1773 1778 1774 1770 1766 1778 1774 1779 1775 1770 1766 1779 1775 1780 1776 1770 1766 1780 1776 1781 1777 1770 1766 1781 1777 1782 1778 1770 1766 1782 1778 1783 1779 1770 1766 1783 1779 1784 1780 1770 1766 1784 1780 1785 1781 1770 1766 1785 1781 1786 1782 1770 1766 1786 1782 1787 1783 1770 1766 1787 1783 1788 1784 1770 1766 1788 1784 1789 1785 1770 1766 1789 1785 1790 1786 1770 1766 1790 1786 1791 1787 1770 1766 1791 1787 1792 1788 1770 1766 1792 1788 1793 1789 1770 1766 1793 1789 1794 1790 1770 1766 1794 1790 1795 1791 1770 1766 1795 1791 1796 1792 1770 1766 1796 1792 1797 1793 1770 1766 1797 1793 1798 1794 1770 1766 1798 1794 1799 1795 1770 1766 1799 1795 1800 1796 1770 1766 1800 1796 1801 1797 1802 1798 1803 1799 1804 1800 1802 1798 1804 1800 1805 1801 1802 1798 1805 1801 1806 1802 1802 1798 1806 1802 1807 1803 1802 1798 1807 1803 1808 1804 1802 1798 1808 1804 1809 1805 1802 1798 1809 1805 1810 1806 1802 1798 1810 1806 1811 1807 1802 1798 1811 1807 1812 1808 1802 1798 1812 1808 1813 1809 1802 1798 1813 1809 1814 1810 1802 1798 1814 1810 1815 1811 1802 1798 1815 1811 1816 1812 1802 1798 1816 1812 1817 1813 1802 1798 1817 1813 1818 1814 1802 1798 1818 1814 1819 1815 1802 1798 1819 1815 1820 1816 1802 1798 1820 1816 1821 1817 1802 1798 1821 1817 1822 1818 1802 1798 1822 1818 1823 1819 1802 1798 1823 1819 1824 1820 1802 1798 1824 1820 1825 1821 1802 1798 1825 1821 1826 1822 1802 1798 1826 1822 1827 1823 1802 1798 1827 1823 1828 1824 1802 1798 1828 1824 1829 1825 1802 1798 1829 1825 1830 1826 1802 1798 1830 1826 1831 1827 1802 1798 1831 1827 1832 1828 1802 1798 1832 1828 1833 1829 1834 1830 1835 1831 1836 1832 1834 1830 1836 1832 1837 1833 1834 1830 1837 1833 1838 1834 1834 1830 1838 1834 1839 1835 1834 1830 1839 1835 1840 1836 1834 1830 1840 1836 1841 1837 1834 1830 1841 1837 1842 1838 1834 1830 1842 1838 1843 1839 1834 1830 1843 1839 1844 1840 1834 1830 1844 1840 1845 1841 1834 1830 1845 1841 1846 1842 1834 1830 1846 1842 1847 1843 1834 1830 1847 1843 1848 1844 1834 1830 1848 1844 1849 1845 1834 1830 1849 1845 1850 1846 1834 1830 1850 1846 1851 1847 1834 1830 1851 1847 1852 1848 1834 1830 1852 1848 1853 1849 1834 1830 1853 1849 1854 1850 1834 1830 1854 1850 1855 1851 1834 1830 1855 1851 1856 1852 1834 1830 1856 1852 1857 1853 1834 1830 1857 1853 1858 1854 1834 1830 1858 1854 1859 1855 1834 1830 1859 1855 1860 1856 1834 1830 1860 1856 1861 1857 1834 1830 1861 1857 1862 1858 1834 1830 1862 1858 1863 1859 1834 1830 1863 1859 1864 1860 1834 1830 1864 1860 1865 1861 1866 1862 1867 1863 1868 1863 1866 1862 1868 1863 1869 1864 1866 1862 1869 1864 1870 1865 1866 1862 1870 1865 1871 1866 1866 1862 1871 1866 1872 1867 1866 1862 1872 1867 1873 1868 1866 1862 1873 1868 1874 1869 1866 1862 1874 1869 1875 1870 1866 1862 1875 1870 1876 1871 1866 1862 1876 1871 1877 1872 1866 1862 1877 1872 1878 1873 1866 1862 1878 1873 1879 1874 1866 1862 1879 1874 1880 1875 1866 1862 1880 1875 1881 1876 1866 1862 1881 1876 1882 1877 1866 1862 1882 1877 1883 1878 1866 1862 1883 1878 1884 1879 1866 1862 1884 1879 1885 1880 1866 1862 1885 1880 1886 1881 1866 1862 1886 1881 1887 1882 1866 1862 1887 1882 1888 1883 1866 1862 1888 1883 1889 1884 1866 1862 1889 1884 1890 1885 1866 1862 1890 1885 1891 1886 1866 1862 1891 1886 1892 1887 1866 1862 1892 1887 1893 1888 1866 1862 1893 1888 1894 1889 1866 1862 1894 1889 1895 1890 1866 1862 1895 1890 1896 1891 1866 1862 1896 1891 1897 1892 1898 1893 1899 1894 1900 1895 1898 1893 1900 1895 1901 1896 1898 1893 1901 1896 1902 1897 1898 1893 1902 1897 1903 1898 1898 1893 1903 1898 1904 1899 1898 1893 1904 1899 1905 1900 1898 1893 1905 1900 1906 1901 1898 1893 1906 1901 1907 1902 1898 1893 1907 1902 1908 1903 1898 1893 1908 1903 1909 1904 1898 1893 1909 1904 1910 1905 1898 1893 1910 1905 1911 1906 1898 1893 1911 1906 1912 1907 1898 1893 1912 1907 1913 1908 1898 1893 1913 1908 1914 1909 1898 1893 1914 1909 1915 1910 1898 1893 1915 1910 1916 1911 1898 1893 1916 1911 1917 1912 1898 1893 1917 1912 1918 1913 1898 1893 1918 1913 1919 1914 1898 1893 1919 1914 1920 1915 1898 1893 1920 1915 1921 1916 1898 1893 1921 1916 1922 1917 1898 1893 1922 1917 1923 1918 1898 1893 1923 1918 1924 1919 1898 1893 1924 1919 1925 1920 1898 1893 1925 1920 1926 1921 1898 1893 1926 1921 1927 1922 1898 1893 1927 1922 1928 1923 1898 1893 1928 1923 1929 1924 1930 1925 1931 1926 1932 1927 1930 1925 1932 1927 1933 1928 1930 1925 1933 1928 1934 1929 1930 1925 1934 1929 1935 1930 1930 1925 1935 1930 1936 1931 1930 1925 1936 1931 1937 1932 1930 1925 1937 1932 1938 1933 1930 1925 1938 1933 1939 1934 1930 1925 1939 1934 1940 1935 1930 1925 1940 1935 1941 1936 1930 1925 1941 1936 1942 1937 1930 1925 1942 1937 1943 1938 1930 1925 1943 1938 1944 1939 1930 1925 1944 1939 1945 1940 1930 1925 1945 1940 1946 1941 1930 1925 1946 1941 1947 1942 1930 1925 1947 1942 1948 1943 1930 1925 1948 1943 1949 1944 1930 1925 1949 1944 1950 1945 1930 1925 1950 1945 1951 1946 1930 1925 1951 1946 1952 1947 1930 1925 1952 1947 1953 1948 1930 1925 1953 1948 1954 1949 1930 1925 1954 1949 1955 1950 1930 1925 1955 1950 1956 1951 1930 1925 1956 1951 1957 1952 1930 1925 1957 1952 1958 1953 1930 1925 1958 1953 1959 1954 1930 1925 1959 1954 1960 1955 1930 1925 1960 1955 1961 1956 1578 5278 1580 5280 1579 5279 1578 5278 1581 5281 1580 5280 1578 5278 1582 5282 1581 5281 1578 5278 1583 5283 1582 5282 1578 5278 1584 5284 1583 5283 1578 5278 1585 5285 1584 5284 1578 5278 1586 5286 1585 5285 1578 5278 1587 5287 1586 5286 1578 5278 1588 5288 1587 5287 1578 5278 1589 5289 1588 5288 1578 5278 1590 5290 1589 5289 1578 5278 1591 5291 1590 5290 1578 5278 1592 5292 1591 5291 1578 5278 1593 5293 1592 5292 1578 5278 1594 5294 1593 5293 1578 5278 1595 5295 1594 5294 1578 5278 1596 5296 1595 5295 1578 5278 1597 5297 1596 5296 1578 5278 1598 5298 1597 5297 1578 5278 1599 5299 1598 5298 1578 5278 1600 5300 1599 5299 1578 5278 1601 5301 1600 5300 1578 5278 1602 5302 1601 5301 1578 5278 1603 5303 1602 5302 1578 5278 1604 5304 1603 5303 1578 5278 1605 5305 1604 5304 1578 5278 1606 5306 1605 5305 1578 5278 1607 5307 1606 5306 1578 5278 1608 5308 1607 5307 1578 5278 1609 5309 1608 5308 1610 5310 1612 5312 1611 5311 1610 5310 1613 5313 1612 5312 1610 5310 1614 5314 1613 5313 1610 5310 1615 5315 1614 5314 1610 5310 1616 5316 1615 5315 1610 5310 1617 5317 1616 5316 1610 5310 1618 5318 1617 5317 1610 5310 1619 5319 1618 5318 1610 5310 1620 5320 1619 5319 1610 5310 1621 5321 1620 5320 1610 5310 1622 5322 1621 5321 1610 5310 1623 5323 1622 5322 1610 5310 1624 5324 1623 5323 1610 5310 1625 5325 1624 5324 1610 5310 1626 5326 1625 5325 1610 5310 1627 5327 1626 5326 1610 5310 1628 5328 1627 5327 1610 5310 1629 5329 1628 5328 1610 5310 1630 5330 1629 5329 1610 5310 1631 5331 1630 5330 1610 5310 1632 5332 1631 5331 1610 5310 1633 5333 1632 5332 1610 5310 1634 5334 1633 5333 1610 5310 1635 5335 1634 5334 1610 5310 1636 5336 1635 5335 1610 5310 1637 5337 1636 5336 1610 5310 1638 5338 1637 5337 1610 5310 1639 5339 1638 5338 1610 5310 1640 5340 1639 5339 1610 5310 1641 5341 1640 5340 1642 5342 1644 5344 1643 5343 1642 5342 1645 5345 1644 5344 1642 5342 1646 5346 1645 5345 1642 5342 1647 5347 1646 5346 1642 5342 1648 5348 1647 5347 1642 5342 1649 5349 1648 5348 1642 5342 1650 5350 1649 5349 1642 5342 1651 5351 1650 5350 1642 5342 1652 5352 1651 5351 1642 5342 1653 5353 1652 5352 1642 5342 1654 5354 1653 5353 1642 5342 1655 5355 1654 5354 1642 5342 1656 5356 1655 5355 1642 5342 1657 5357 1656 5356 1642 5342 1658 5358 1657 5357 1642 5342 1659 5359 1658 5358 1642 5342 1660 5360 1659 5359 1642 5342 1661 5361 1660 5360 1642 5342 1662 5362 1661 5361 1642 5342 1663 5363 1662 5362 1642 5342 1664 5364 1663 5363 1642 5342 1665 3769 1664 5364 1642 5342 1666 5365 1665 3769 1642 5342 1667 5366 1666 5365 1642 5342 1668 5367 1667 5366 1642 5342 1669 5368 1668 5367 1642 5342 1670 5369 1669 5368 1642 5342 1671 5370 1670 5369 1642 5342 1672 5371 1671 5370 1642 5342 1673 5372 1672 5371 1674 5373 1676 5374 1675 5374 1674 5373 1677 5375 1676 5374 1674 5373 1678 5376 1677 5375 1674 5373 1679 5377 1678 5376 1674 5373 1680 5378 1679 5377 1674 5373 1681 5379 1680 5378 1674 5373 1682 5380 1681 5379 1674 5373 1683 5381 1682 5380 1674 5373 1684 5382 1683 5381 1674 5373 1685 5383 1684 5382 1674 5373 1686 5384 1685 5383 1674 5373 1687 5385 1686 5384 1674 5373 1688 5386 1687 5385 1674 5373 1689 5387 1688 5386 1674 5373 1690 5388 1689 5387 1674 5373 1691 5389 1690 5388 1674 5373 1692 5390 1691 5389 1674 5373 1693 5391 1692 5390 1674 5373 1694 5392 1693 5391 1674 5373 1695 5393 1694 5392 1674 5373 1696 5394 1695 5393 1674 5373 1697 5395 1696 5394 1674 5373 1698 5396 1697 5395 1674 5373 1699 5397 1698 5396 1674 5373 1700 5398 1699 5397 1674 5373 1701 5399 1700 5398 1674 5373 1702 5400 1701 5399 1674 5373 1703 5401 1702 5400 1674 5373 1704 5402 1703 5401 1674 5373 1705 5402 1704 5402 1706 5403 1708 5405 1707 5404 1706 5403 1709 5406 1708 5405 1706 5403 1710 5407 1709 5406 1706 5403 1711 5408 1710 5407 1706 5403 1712 5409 1711 5408 1706 5403 1713 5410 1712 5409 1706 5403 1714 5411 1713 5410 1706 5403 1715 5412 1714 5411 1706 5403 1716 5413 1715 5412 1706 5403 1717 5414 1716 5413 1706 5403 1718 5415 1717 5414 1706 5403 1719 5416 1718 5415 1706 5403 1720 5417 1719 5416 1706 5403 1721 5418 1720 5417 1706 5403 1722 5419 1721 5418 1706 5403 1723 5420 1722 5419 1706 5403 1724 5421 1723 5420 1706 5403 1725 5422 1724 5421 1706 5403 1726 5423 1725 5422 1706 5403 1727 5424 1726 5423 1706 5403 1728 5425 1727 5424 1706 5403 1729 5426 1728 5425 1706 5403 1730 5427 1729 5426 1706 5403 1731 5428 1730 5427 1706 5403 1732 5429 1731 5428 1706 5403 1733 5430 1732 5429 1706 5403 1734 5431 1733 5430 1706 5403 1735 5432 1734 5431 1706 5403 1736 5433 1735 5432 1706 5403 1737 5434 1736 5433 1738 5435 1740 5437 1739 5436 1738 5435 1741 5438 1740 5437 1738 5435 1742 5439 1741 5438 1738 5435 1743 5440 1742 5439 1738 5435 1744 5441 1743 5440 1738 5435 1745 5442 1744 5441 1738 5435 1746 5443 1745 5442 1738 5435 1747 5444 1746 5443 1738 5435 1748 5445 1747 5444 1738 5435 1749 5446 1748 5445 1738 5435 1750 5447 1749 5446 1738 5435 1751 5448 1750 5447 1738 5435 1752 5449 1751 5448 1738 5435 1753 5450 1752 5449 1738 5435 1754 5451 1753 5450 1738 5435 1755 5452 1754 5451 1738 5435 1756 5453 1755 5452 1738 5435 1757 5454 1756 5453 1738 5435 1758 5455 1757 5454 1738 5435 1759 5456 1758 5455 1738 5435 1760 5457 1759 5456 1738 5435 1761 5458 1760 5457 1738 5435 1762 5459 1761 5458 1738 5435 1763 5460 1762 5459 1738 5435 1764 5461 1763 5460 1738 5435 1765 5462 1764 5461 1738 5435 1766 5463 1765 5462 1738 5435 1767 5464 1766 5463 1738 5435 1768 5465 1767 5464 1738 5435 1769 5466 1768 5465 1770 5467 1772 5469 1771 5468 1770 5467 1773 5470 1772 5469 1770 5467 1774 5471 1773 5470 1770 5467 1775 5472 1774 5471 1770 5467 1776 5473 1775 5472 1770 5467 1777 5474 1776 5473 1770 5467 1778 5475 1777 5474 1770 5467 1779 5476 1778 5475 1770 5467 1780 5477 1779 5476 1770 5467 1781 5478 1780 5477 1770 5467 1782 5479 1781 5478 1770 5467 1783 5480 1782 5479 1770 5467 1784 5481 1783 5480 1770 5467 1785 5482 1784 5481 1770 5467 1786 5483 1785 5482 1770 5467 1787 5484 1786 5483 1770 5467 1788 5485 1787 5484 1770 5467 1789 5486 1788 5485 1770 5467 1790 5487 1789 5486 1770 5467 1791 5488 1790 5487 1770 5467 1792 5489 1791 5488 1770 5467 1793 5490 1792 5489 1770 5467 1794 5491 1793 5490 1770 5467 1795 5492 1794 5491 1770 5467 1796 5493 1795 5492 1770 5467 1797 5494 1796 5493 1770 5467 1798 5495 1797 5494 1770 5467 1799 5496 1798 5495 1770 5467 1800 5497 1799 5496 1770 5467 1801 5498 1800 5497 1802 5499 1804 5501 1803 5500 1802 5499 1805 5502 1804 5501 1802 5499 1806 5503 1805 5502 1802 5499 1807 5504 1806 5503 1802 5499 1808 5505 1807 5504 1802 5499 1809 5506 1808 5505 1802 5499 1810 5507 1809 5506 1802 5499 1811 5508 1810 5507 1802 5499 1812 5509 1811 5508 1802 5499 1813 5510 1812 5509 1802 5499 1814 5511 1813 5510 1802 5499 1815 5512 1814 5511 1802 5499 1816 5513 1815 5512 1802 5499 1817 5514 1816 5513 1802 5499 1818 5515 1817 5514 1802 5499 1819 5516 1818 5515 1802 5499 1820 5517 1819 5516 1802 5499 1821 5518 1820 5517 1802 5499 1822 5519 1821 5518 1802 5499 1823 5520 1822 5519 1802 5499 1824 5521 1823 5520 1802 5499 1825 5522 1824 5521 1802 5499 1826 5523 1825 5522 1802 5499 1827 5524 1826 5523 1802 5499 1828 5525 1827 5524 1802 5499 1829 5526 1828 5525 1802 5499 1830 5527 1829 5526 1802 5499 1831 5528 1830 5527 1802 5499 1832 5529 1831 5528 1802 5499 1833 5530 1832 5529 1834 5531 1836 5533 1835 5532 1834 5531 1837 5534 1836 5533 1834 5531 1838 5535 1837 5534 1834 5531 1839 5536 1838 5535 1834 5531 1840 5537 1839 5536 1834 5531 1841 5538 1840 5537 1834 5531 1842 5539 1841 5538 1834 5531 1843 5540 1842 5539 1834 5531 1844 5541 1843 5540 1834 5531 1845 5542 1844 5541 1834 5531 1846 5543 1845 5542 1834 5531 1847 5544 1846 5543 1834 5531 1848 5545 1847 5544 1834 5531 1849 5546 1848 5545 1834 5531 1850 5547 1849 5546 1834 5531 1851 5548 1850 5547 1834 5531 1852 5549 1851 5548 1834 5531 1853 5550 1852 5549 1834 5531 1854 5551 1853 5550 1834 5531 1855 5552 1854 5551 1834 5531 1856 5553 1855 5552 1834 5531 1857 5554 1856 5553 1834 5531 1858 5555 1857 5554 1834 5531 1859 5556 1858 5555 1834 5531 1860 5557 1859 5556 1834 5531 1861 5558 1860 5557 1834 5531 1862 5559 1861 5558 1834 5531 1863 5560 1862 5559 1834 5531 1864 5561 1863 5560 1834 5531 1865 5562 1864 5561 1866 5563 1868 5564 1867 5564 1866 5563 1869 5565 1868 5564 1866 5563 1870 5566 1869 5565 1866 5563 1871 5567 1870 5566 1866 5563 1872 5568 1871 5567 1866 5563 1873 5569 1872 5568 1866 5563 1874 5570 1873 5569 1866 5563 1875 5571 1874 5570 1866 5563 1876 5572 1875 5571 1866 5563 1877 5573 1876 5572 1866 5563 1878 5574 1877 5573 1866 5563 1879 5575 1878 5574 1866 5563 1880 5576 1879 5575 1866 5563 1881 5577 1880 5576 1866 5563 1882 5578 1881 5577 1866 5563 1883 5579 1882 5578 1866 5563 1884 5580 1883 5579 1866 5563 1885 5581 1884 5580 1866 5563 1886 5582 1885 5581 1866 5563 1887 5583 1886 5582 1866 5563 1888 5584 1887 5583 1866 5563 1889 5585 1888 5584 1866 5563 1890 5586 1889 5585 1866 5563 1891 5587 1890 5586 1866 5563 1892 5588 1891 5587 1866 5563 1893 5589 1892 5588 1866 5563 1894 5590 1893 5589 1866 5563 1895 5591 1894 5590 1866 5563 1896 5592 1895 5591 1866 5563 1897 5593 1896 5592 1898 5594 1900 5596 1899 5595 1898 5594 1901 5597 1900 5596 1898 5594 1902 5598 1901 5597 1898 5594 1903 5599 1902 5598 1898 5594 1904 5600 1903 5599 1898 5594 1905 5601 1904 5600 1898 5594 1906 5602 1905 5601 1898 5594 1907 5603 1906 5602 1898 5594 1908 5604 1907 5603 1898 5594 1909 5605 1908 5604 1898 5594 1910 5606 1909 5605 1898 5594 1911 5607 1910 5606 1898 5594 1912 5608 1911 5607 1898 5594 1913 5609 1912 5608 1898 5594 1914 5610 1913 5609 1898 5594 1915 5611 1914 5610 1898 5594 1916 5612 1915 5611 1898 5594 1917 5613 1916 5612 1898 5594 1918 5614 1917 5613 1898 5594 1919 5615 1918 5614 1898 5594 1920 5616 1919 5615 1898 5594 1921 5617 1920 5616 1898 5594 1922 5618 1921 5617 1898 5594 1923 5619 1922 5618 1898 5594 1924 5620 1923 5619 1898 5594 1925 5621 1924 5620 1898 5594 1926 5622 1925 5621 1898 5594 1927 5623 1926 5622 1898 5594 1928 5624 1927 5623 1898 5594 1929 5625 1928 5624 1930 5626 1932 5628 1931 5627 1930 5626 1933 5629 1932 5628 1930 5626 1934 5630 1933 5629 1930 5626 1935 5631 1934 5630 1930 5626 1936 5632 1935 5631 1930 5626 1937 5633 1936 5632 1930 5626 1938 5634 1937 5633 1930 5626 1939 5635 1938 5634 1930 5626 1940 5636 1939 5635 1930 5626 1941 5637 1940 5636 1930 5626 1942 5638 1941 5637 1930 5626 1943 5639 1942 5638 1930 5626 1944 5640 1943 5639 1930 5626 1945 5641 1944 5640 1930 5626 1946 5642 1945 5641 1930 5626 1947 5643 1946 5642 1930 5626 1948 5644 1947 5643 1930 5626 1949 5645 1948 5644 1930 5626 1950 5646 1949 5645 1930 5626 1951 5647 1950 5646 1930 5626 1952 5648 1951 5647 1930 5626 1953 5649 1952 5648 1930 5626 1954 5650 1953 5649 1930 5626 1955 5651 1954 5650 1930 5626 1956 5652 1955 5651 1930 5626 1957 5653 1956 5652 1930 5626 1958 5654 1957 5653 1930 5626 1959 5655 1958 5654 1930 5626 1960 5656 1959 5655 1930 5626 1961 5657 1960 5656</p></triangles>
        <triangles count="2400" material="MAT_COTTON_LEAF_3-mat"><input semantic="VERTEX" source="#ROW_14_SEG2_foliage-vtx" offset="0"/><input semantic="NORMAL" source="#ROW_14_SEG2_foliage-nrm" offset="1"/><p>1962 1957 1963 1958 1964 1959 1962 1957 1964 1959 1965 1960 1962 1957 1965 1960 1966 1961 1962 1957 1966 1961 1967 1962 1962 1957 1967 1962 1968 1963 1962 1957 1968 1963 1969 1964 1962 1957 1969 1964 1970 1965 1962 1957 1970 1965 1971 1966 1962 1957 1971 1966 1972 1967 1962 1957 1972 1967 1973 1968 1962 1957 1973 1968 1974 1969 1962 1957 1974 1969 1975 1970 1962 1957 1975 1970 1976 1971 1962 1957 1976 1971 1977 1972 1962 1957 1977 1972 1978 1973 1962 1957 1978 1973 1979 1974 1962 1957 1979 1974 1980 1975 1962 1957 1980 1975 1981 1976 1962 1957 1981 1976 1982 1977 1962 1957 1982 1977 1983 1978 1962 1957 1983 1978 1984 1979 1962 1957 1984 1979 1985 1980 1962 1957 1985 1980 1986 1981 1962 1957 1986 1981 1987 1982 1962 1957 1987 1982 1988 1983 1962 1957 1988 1983 1989 1984 1962 1957 1989 1984 1990 1985 1962 1957 1990 1985 1991 1986 1962 1957 1991 1986 1992 1987 1962 1957 1992 1987 1993 1988 1994 1989 1995 1990 1996 1991 1994 1989 1996 1991 1997 1992 1994 1989 1997 1992 1998 1993 1994 1989 1998 1993 1999 1994 1994 1989 1999 1994 2000 1995 1994 1989 2000 1995 2001 1996 1994 1989 2001 1996 2002 1997 1994 1989 2002 1997 2003 1998 1994 1989 2003 1998 2004 1999 1994 1989 2004 1999 2005 2000 1994 1989 2005 2000 2006 2001 1994 1989 2006 2001 2007 2002 1994 1989 2007 2002 2008 2003 1994 1989 2008 2003 2009 2004 1994 1989 2009 2004 2010 2005 1994 1989 2010 2005 2011 2006 1994 1989 2011 2006 2012 2007 1994 1989 2012 2007 2013 2008 1994 1989 2013 2008 2014 2009 1994 1989 2014 2009 2015 2010 1994 1989 2015 2010 2016 2011 1994 1989 2016 2011 2017 2012 1994 1989 2017 2012 2018 2013 1994 1989 2018 2013 2019 2014 1994 1989 2019 2014 2020 2015 1994 1989 2020 2015 2021 2016 1994 1989 2021 2016 2022 2017 1994 1989 2022 2017 2023 2018 1994 1989 2023 2018 2024 2019 1994 1989 2024 2019 2025 2020 2026 2021 2027 2022 2028 2023 2026 2021 2028 2023 2029 2024 2026 2021 2029 2024 2030 2025 2026 2021 2030 2025 2031 2026 2026 2021 2031 2026 2032 2027 2026 2021 2032 2027 2033 2028 2026 2021 2033 2028 2034 2029 2026 2021 2034 2029 2035 2030 2026 2021 2035 2030 2036 2031 2026 2021 2036 2031 2037 2032 2026 2021 2037 2032 2038 2033 2026 2021 2038 2033 2039 2034 2026 2021 2039 2034 2040 2035 2026 2021 2040 2035 2041 2036 2026 2021 2041 2036 2042 2037 2026 2021 2042 2037 2043 2038 2026 2021 2043 2038 2044 2039 2026 2021 2044 2039 2045 2040 2026 2021 2045 2040 2046 2041 2026 2021 2046 2041 2047 2042 2026 2021 2047 2042 2048 2043 2026 2021 2048 2043 2049 2044 2026 2021 2049 2044 2050 2045 2026 2021 2050 2045 2051 2046 2026 2021 2051 2046 2052 2047 2026 2021 2052 2047 2053 2048 2026 2021 2053 2048 2054 2049 2026 2021 2054 2049 2055 2050 2026 2021 2055 2050 2056 2051 2026 2021 2056 2051 2057 2052 2058 2053 2059 2054 2060 2055 2058 2053 2060 2055 2061 2056 2058 2053 2061 2056 2062 2057 2058 2053 2062 2057 2063 2058 2058 2053 2063 2058 2064 2059 2058 2053 2064 2059 2065 2060 2058 2053 2065 2060 2066 2061 2058 2053 2066 2061 2067 2062 2058 2053 2067 2062 2068 2063 2058 2053 2068 2063 2069 2064 2058 2053 2069 2064 2070 2065 2058 2053 2070 2065 2071 2066 2058 2053 2071 2066 2072 2067 2058 2053 2072 2067 2073 2068 2058 2053 2073 2068 2074 2069 2058 2053 2074 2069 2075 2070 2058 2053 2075 2070 2076 2071 2058 2053 2076 2071 2077 2072 2058 2053 2077 2072 2078 2073 2058 2053 2078 2073 2079 2074 2058 2053 2079 2074 2080 2075 2058 2053 2080 2075 2081 2076 2058 2053 2081 2076 2082 2077 2058 2053 2082 2077 2083 2078 2058 2053 2083 2078 2084 2079 2058 2053 2084 2079 2085 2080 2058 2053 2085 2080 2086 2081 2058 2053 2086 2081 2087 2082 2058 2053 2087 2082 2088 2083 2058 2053 2088 2083 2089 2084 2090 2085 2091 2086 2092 2087 2090 2085 2092 2087 2093 2088 2090 2085 2093 2088 2094 2089 2090 2085 2094 2089 2095 2090 2090 2085 2095 2090 2096 2091 2090 2085 2096 2091 2097 2092 2090 2085 2097 2092 2098 2093 2090 2085 2098 2093 2099 2094 2090 2085 2099 2094 2100 2095 2090 2085 2100 2095 2101 2096 2090 2085 2101 2096 2102 2097 2090 2085 2102 2097 2103 2098 2090 2085 2103 2098 2104 2099 2090 2085 2104 2099 2105 2100 2090 2085 2105 2100 2106 2101 2090 2085 2106 2101 2107 2102 2090 2085 2107 2102 2108 2103 2090 2085 2108 2103 2109 2104 2090 2085 2109 2104 2110 2105 2090 2085 2110 2105 2111 2106 2090 2085 2111 2106 2112 2107 2090 2085 2112 2107 2113 2108 2090 2085 2113 2108 2114 2109 2090 2085 2114 2109 2115 2110 2090 2085 2115 2110 2116 2111 2090 2085 2116 2111 2117 2112 2090 2085 2117 2112 2118 2113 2090 2085 2118 2113 2119 2114 2090 2085 2119 2114 2120 2115 2090 2085 2120 2115 2121 2116 2122 2117 2123 2118 2124 2119 2122 2117 2124 2119 2125 2120 2122 2117 2125 2120 2126 2121 2122 2117 2126 2121 2127 2122 2122 2117 2127 2122 2128 2123 2122 2117 2128 2123 2129 2124 2122 2117 2129 2124 2130 2125 2122 2117 2130 2125 2131 2126 2122 2117 2131 2126 2132 2127 2122 2117 2132 2127 2133 2128 2122 2117 2133 2128 2134 2129 2122 2117 2134 2129 2135 2130 2122 2117 2135 2130 2136 2131 2122 2117 2136 2131 2137 2132 2122 2117 2137 2132 2138 2133 2122 2117 2138 2133 2139 2134 2122 2117 2139 2134 2140 2135 2122 2117 2140 2135 2141 2136 2122 2117 2141 2136 2142 2137 2122 2117 2142 2137 2143 2138 2122 2117 2143 2138 2144 2139 2122 2117 2144 2139 2145 2140 2122 2117 2145 2140 2146 2141 2122 2117 2146 2141 2147 2142 2122 2117 2147 2142 2148 2143 2122 2117 2148 2143 2149 2144 2122 2117 2149 2144 2150 2145 2122 2117 2150 2145 2151 2146 2122 2117 2151 2146 2152 2147 2122 2117 2152 2147 2153 2148 2154 2149 2155 2150 2156 2151 2154 2149 2156 2151 2157 2152 2154 2149 2157 2152 2158 2153 2154 2149 2158 2153 2159 2154 2154 2149 2159 2154 2160 2155 2154 2149 2160 2155 2161 2156 2154 2149 2161 2156 2162 2157 2154 2149 2162 2157 2163 2158 2154 2149 2163 2158 2164 2159 2154 2149 2164 2159 2165 2160 2154 2149 2165 2160 2166 2161 2154 2149 2166 2161 2167 2162 2154 2149 2167 2162 2168 2163 2154 2149 2168 2163 2169 2164 2154 2149 2169 2164 2170 2165 2154 2149 2170 2165 2171 2166 2154 2149 2171 2166 2172 2167 2154 2149 2172 2167 2173 2168 2154 2149 2173 2168 2174 2169 2154 2149 2174 2169 2175 2170 2154 2149 2175 2170 2176 2171 2154 2149 2176 2171 2177 2172 2154 2149 2177 2172 2178 2173 2154 2149 2178 2173 2179 2174 2154 2149 2179 2174 2180 2175 2154 2149 2180 2175 2181 2176 2154 2149 2181 2176 2182 1795 2154 2149 2182 1795 2183 2177 2154 2149 2183 2177 2184 2178 2154 2149 2184 2178 2185 2179 2186 2180 2187 2181 2188 2182 2186 2180 2188 2182 2189 2183 2186 2180 2189 2183 2190 2184 2186 2180 2190 2184 2191 2185 2186 2180 2191 2185 2192 2186 2186 2180 2192 2186 2193 2187 2186 2180 2193 2187 2194 2188 2186 2180 2194 2188 2195 2189 2186 2180 2195 2189 2196 2190 2186 2180 2196 2190 2197 2191 2186 2180 2197 2191 2198 2192 2186 2180 2198 2192 2199 2193 2186 2180 2199 2193 2200 991 2186 2180 2200 991 2201 2194 2186 2180 2201 2194 2202 2195 2186 2180 2202 2195 2203 2196 2186 2180 2203 2196 2204 2197 2186 2180 2204 2197 2205 2198 2186 2180 2205 2198 2206 2199 2186 2180 2206 2199 2207 2200 2186 2180 2207 2200 2208 2201 2186 2180 2208 2201 2209 2202 2186 2180 2209 2202 2210 2203 2186 2180 2210 2203 2211 2204 2186 2180 2211 2204 2212 2205 2186 2180 2212 2205 2213 2206 2186 2180 2213 2206 2214 2207 2186 2180 2214 2207 2215 2208 2186 2180 2215 2208 2216 2209 2186 2180 2216 2209 2217 2210 2218 2211 2219 2212 2220 2213 2218 2211 2220 2213 2221 2214 2218 2211 2221 2214 2222 2215 2218 2211 2222 2215 2223 2216 2218 2211 2223 2216 2224 2217 2218 2211 2224 2217 2225 2218 2218 2211 2225 2218 2226 2219 2218 2211 2226 2219 2227 2220 2218 2211 2227 2220 2228 2221 2218 2211 2228 2221 2229 2222 2218 2211 2229 2222 2230 2223 2218 2211 2230 2223 2231 2224 2218 2211 2231 2224 2232 2225 2218 2211 2232 2225 2233 2226 2218 2211 2233 2226 2234 2227 2218 2211 2234 2227 2235 2228 2218 2211 2235 2228 2236 2229 2218 2211 2236 2229 2237 2230 2218 2211 2237 2230 2238 2231 2218 2211 2238 2231 2239 2232 2218 2211 2239 2232 2240 2233 2218 2211 2240 2233 2241 2234 2218 2211 2241 2234 2242 2235 2218 2211 2242 2235 2243 2236 2218 2211 2243 2236 2244 2237 2218 2211 2244 2237 2245 2238 2218 2211 2245 2238 2246 2239 2218 2211 2246 2239 2247 2240 2218 2211 2247 2240 2248 2241 2218 2211 2248 2241 2249 2242 2250 2243 2251 2244 2252 2245 2250 2243 2252 2245 2253 2246 2250 2243 2253 2246 2254 2247 2250 2243 2254 2247 2255 2248 2250 2243 2255 2248 2256 2249 2250 2243 2256 2249 2257 2250 2250 2243 2257 2250 2258 2251 2250 2243 2258 2251 2259 2252 2250 2243 2259 2252 2260 2253 2250 2243 2260 2253 2261 2254 2250 2243 2261 2254 2262 2255 2250 2243 2262 2255 2263 2256 2250 2243 2263 2256 2264 2257 2250 2243 2264 2257 2265 2258 2250 2243 2265 2258 2266 2259 2250 2243 2266 2259 2267 2260 2250 2243 2267 2260 2268 2261 2250 2243 2268 2261 2269 2262 2250 2243 2269 2262 2270 2263 2250 2243 2270 2263 2271 2264 2250 2243 2271 2264 2272 2265 2250 2243 2272 2265 2273 2266 2250 2243 2273 2266 2274 2267 2250 2243 2274 2267 2275 2268 2250 2243 2275 2268 2276 2269 2250 2243 2276 2269 2277 2270 2250 2243 2277 2270 2278 2271 2250 2243 2278 2271 2279 2272 2250 2243 2279 2272 2280 2273 2250 2243 2280 2273 2281 2274 2282 2275 2283 2276 2284 2277 2282 2275 2284 2277 2285 2278 2282 2275 2285 2278 2286 2279 2282 2275 2286 2279 2287 2280 2282 2275 2287 2280 2288 2281 2282 2275 2288 2281 2289 2282 2282 2275 2289 2282 2290 2283 2282 2275 2290 2283 2291 2284 2282 2275 2291 2284 2292 2285 2282 2275 2292 2285 2293 2286 2282 2275 2293 2286 2294 2287 2282 2275 2294 2287 2295 2288 2282 2275 2295 2288 2296 2289 2282 2275 2296 2289 2297 2290 2282 2275 2297 2290 2298 2291 2282 2275 2298 2291 2299 2292 2282 2275 2299 2292 2300 2293 2282 2275 2300 2293 2301 2294 2282 2275 2301 2294 2302 2295 2282 2275 2302 2295 2303 2296 2282 2275 2303 2296 2304 2297 2282 2275 2304 2297 2305 2298 2282 2275 2305 2298 2306 2299 2282 2275 2306 2299 2307 2300 2282 2275 2307 2300 2308 2301 2282 2275 2308 2301 2309 2302 2282 2275 2309 2302 2310 2303 2282 2275 2310 2303 2311 2304 2282 2275 2311 2304 2312 2305 2282 2275 2312 2305 2313 2306 2314 2307 2315 2308 2316 2309 2314 2307 2316 2309 2317 2310 2314 2307 2317 2310 2318 2311 2314 2307 2318 2311 2319 2312 2314 2307 2319 2312 2320 2313 2314 2307 2320 2313 2321 2314 2314 2307 2321 2314 2322 2315 2314 2307 2322 2315 2323 2316 2314 2307 2323 2316 2324 2317 2314 2307 2324 2317 2325 2318 2314 2307 2325 2318 2326 2319 2314 2307 2326 2319 2327 2320 2314 2307 2327 2320 2328 2321 2314 2307 2328 2321 2329 2322 2314 2307 2329 2322 2330 2323 2314 2307 2330 2323 2331 2324 2314 2307 2331 2324 2332 2325 2314 2307 2332 2325 2333 2326 2314 2307 2333 2326 2334 2327 2314 2307 2334 2327 2335 2328 2314 2307 2335 2328 2336 2329 2314 2307 2336 2329 2337 2330 2314 2307 2337 2330 2338 2331 2314 2307 2338 2331 2339 2332 2314 2307 2339 2332 2340 2333 2314 2307 2340 2333 2341 2334 2314 2307 2341 2334 2342 2335 2314 2307 2342 2335 2343 2336 2314 2307 2343 2336 2344 2337 2314 2307 2344 2337 2345 2338 2346 2339 2347 2340 2348 2341 2346 2339 2348 2341 2349 2342 2346 2339 2349 2342 2350 2343 2346 2339 2350 2343 2351 2344 2346 2339 2351 2344 2352 2345 2346 2339 2352 2345 2353 2346 2346 2339 2353 2346 2354 2347 2346 2339 2354 2347 2355 2348 2346 2339 2355 2348 2356 2349 2346 2339 2356 2349 2357 2350 2346 2339 2357 2350 2358 2351 2346 2339 2358 2351 2359 2352 2346 2339 2359 2352 2360 2353 2346 2339 2360 2353 2361 2354 2346 2339 2361 2354 2362 2355 2346 2339 2362 2355 2363 2356 2346 2339 2363 2356 2364 2357 2346 2339 2364 2357 2365 2358 2346 2339 2365 2358 2366 2359 2346 2339 2366 2359 2367 2360 2346 2339 2367 2360 2368 2361 2346 2339 2368 2361 2369 2362 2346 2339 2369 2362 2370 2363 2346 2339 2370 2363 2371 2364 2346 2339 2371 2364 2372 2365 2346 2339 2372 2365 2373 2366 2346 2339 2373 2366 2374 2367 2346 2339 2374 2367 2375 2368 2346 2339 2375 2368 2376 2369 2346 2339 2376 2369 2377 2370 2378 2371 2379 2372 2380 2373 2378 2371 2380 2373 2381 2374 2378 2371 2381 2374 2382 2375 2378 2371 2382 2375 2383 2376 2378 2371 2383 2376 2384 2377 2378 2371 2384 2377 2385 2378 2378 2371 2385 2378 2386 2379 2378 2371 2386 2379 2387 2380 2378 2371 2387 2380 2388 2381 2378 2371 2388 2381 2389 2382 2378 2371 2389 2382 2390 2383 2378 2371 2390 2383 2391 2384 2378 2371 2391 2384 2392 2385 2378 2371 2392 2385 2393 2386 2378 2371 2393 2386 2394 2387 2378 2371 2394 2387 2395 2388 2378 2371 2395 2388 2396 2389 2378 2371 2396 2389 2397 2390 2378 2371 2397 2390 2398 2391 2378 2371 2398 2391 2399 2392 2378 2371 2399 2392 2400 2393 2378 2371 2400 2393 2401 2394 2378 2371 2401 2394 2402 2395 2378 2371 2402 2395 2403 2396 2378 2371 2403 2396 2404 2397 2378 2371 2404 2397 2405 2398 2378 2371 2405 2398 2406 2399 2378 2371 2406 2399 2407 2400 2378 2371 2407 2400 2408 2401 2378 2371 2408 2401 2409 2402 2410 2403 2411 2404 2412 2405 2410 2403 2412 2405 2413 2406 2410 2403 2413 2406 2414 2407 2410 2403 2414 2407 2415 2408 2410 2403 2415 2408 2416 2409 2410 2403 2416 2409 2417 2410 2410 2403 2417 2410 2418 2411 2410 2403 2418 2411 2419 2412 2410 2403 2419 2412 2420 2413 2410 2403 2420 2413 2421 2414 2410 2403 2421 2414 2422 2415 2410 2403 2422 2415 2423 2416 2410 2403 2423 2416 2424 2417 2410 2403 2424 2417 2425 2418 2410 2403 2425 2418 2426 2419 2410 2403 2426 2419 2427 2420 2410 2403 2427 2420 2428 2421 2410 2403 2428 2421 2429 2422 2410 2403 2429 2422 2430 2423 2410 2403 2430 2423 2431 2424 2410 2403 2431 2424 2432 2425 2410 2403 2432 2425 2433 2426 2410 2403 2433 2426 2434 2427 2410 2403 2434 2427 2435 2428 2410 2403 2435 2428 2436 2429 2410 2403 2436 2429 2437 2430 2410 2403 2437 2430 2438 2431 2410 2403 2438 2431 2439 2432 2410 2403 2439 2432 2440 2432 2410 2403 2440 2432 2441 2433 2442 2434 2443 2435 2444 2436 2442 2434 2444 2436 2445 2437 2442 2434 2445 2437 2446 2438 2442 2434 2446 2438 2447 2439 2442 2434 2447 2439 2448 2440 2442 2434 2448 2440 2449 2441 2442 2434 2449 2441 2450 2442 2442 2434 2450 2442 2451 2443 2442 2434 2451 2443 2452 2444 2442 2434 2452 2444 2453 2445 2442 2434 2453 2445 2454 2446 2442 2434 2454 2446 2455 2447 2442 2434 2455 2447 2456 2448 2442 2434 2456 2448 2457 2449 2442 2434 2457 2449 2458 2450 2442 2434 2458 2450 2459 2451 2442 2434 2459 2451 2460 2452 2442 2434 2460 2452 2461 2453 2442 2434 2461 2453 2462 2454 2442 2434 2462 2454 2463 2455 2442 2434 2463 2455 2464 2456 2442 2434 2464 2456 2465 2457 2442 2434 2465 2457 2466 2458 2442 2434 2466 2458 2467 2459 2442 2434 2467 2459 2468 2460 2442 2434 2468 2460 2469 2461 2442 2434 2469 2461 2470 2462 2442 2434 2470 2462 2471 2463 2442 2434 2471 2463 2472 2464 2442 2434 2472 2464 2473 2465 2474 2466 2475 2467 2476 2468 2474 2466 2476 2468 2477 2469 2474 2466 2477 2469 2478 2470 2474 2466 2478 2470 2479 2471 2474 2466 2479 2471 2480 2472 2474 2466 2480 2472 2481 2473 2474 2466 2481 2473 2482 2474 2474 2466 2482 2474 2483 2475 2474 2466 2483 2475 2484 2476 2474 2466 2484 2476 2485 2477 2474 2466 2485 2477 2486 2478 2474 2466 2486 2478 2487 2479 2474 2466 2487 2479 2488 2480 2474 2466 2488 2480 2489 2481 2474 2466 2489 2481 2490 2482 2474 2466 2490 2482 2491 2483 2474 2466 2491 2483 2492 2484 2474 2466 2492 2484 2493 2485 2474 2466 2493 2485 2494 2486 2474 2466 2494 2486 2495 2487 2474 2466 2495 2487 2496 2488 2474 2466 2496 2488 2497 2489 2474 2466 2497 2489 2498 2490 2474 2466 2498 2490 2499 2491 2474 2466 2499 2491 2500 2492 2474 2466 2500 2492 2501 2493 2474 2466 2501 2493 2502 2494 2474 2466 2502 2494 2503 2495 2474 2466 2503 2495 2504 2496 2474 2466 2504 2496 2505 2497 2506 2498 2507 2499 2508 2500 2506 2498 2508 2500 2509 2501 2506 2498 2509 2501 2510 2502 2506 2498 2510 2502 2511 2503 2506 2498 2511 2503 2512 2504 2506 2498 2512 2504 2513 2505 2506 2498 2513 2505 2514 2506 2506 2498 2514 2506 2515 2507 2506 2498 2515 2507 2516 2508 2506 2498 2516 2508 2517 2509 2506 2498 2517 2509 2518 2510 2506 2498 2518 2510 2519 2511 2506 2498 2519 2511 2520 2512 2506 2498 2520 2512 2521 2513 2506 2498 2521 2513 2522 2514 2506 2498 2522 2514 2523 2515 2506 2498 2523 2515 2524 2516 2506 2498 2524 2516 2525 2517 2506 2498 2525 2517 2526 2518 2506 2498 2526 2518 2527 2519 2506 2498 2527 2519 2528 2520 2506 2498 2528 2520 2529 2521 2506 2498 2529 2521 2530 2522 2506 2498 2530 2522 2531 2523 2506 2498 2531 2523 2532 2524 2506 2498 2532 2524 2533 2525 2506 2498 2533 2525 2534 2526 2506 2498 2534 2526 2535 2527 2506 2498 2535 2527 2536 2528 2506 2498 2536 2528 2537 2529 2538 2530 2539 2531 2540 2532 2538 2530 2540 2532 2541 2533 2538 2530 2541 2533 2542 2534 2538 2530 2542 2534 2543 2535 2538 2530 2543 2535 2544 2536 2538 2530 2544 2536 2545 2537 2538 2530 2545 2537 2546 2538 2538 2530 2546 2538 2547 2539 2538 2530 2547 2539 2548 2540 2538 2530 2548 2540 2549 2541 2538 2530 2549 2541 2550 2542 2538 2530 2550 2542 2551 2543 2538 2530 2551 2543 2552 2544 2538 2530 2552 2544 2553 2545 2538 2530 2553 2545 2554 2546 2538 2530 2554 2546 2555 2547 2538 2530 2555 2547 2556 2548 2538 2530 2556 2548 2557 2549 2538 2530 2557 2549 2558 2550 2538 2530 2558 2550 2559 2551 2538 2530 2559 2551 2560 2552 2538 2530 2560 2552 2561 2553 2538 2530 2561 2553 2562 2554 2538 2530 2562 2554 2563 2555 2538 2530 2563 2555 2564 2556 2538 2530 2564 2556 2565 2557 2538 2530 2565 2557 2566 2558 2538 2530 2566 2558 2567 2559 2538 2530 2567 2559 2568 2560 2538 2530 2568 2560 2569 2561 2570 2562 2571 2563 2572 2564 2570 2562 2572 2564 2573 2565 2570 2562 2573 2565 2574 2566 2570 2562 2574 2566 2575 2567 2570 2562 2575 2567 2576 2568 2570 2562 2576 2568 2577 2569 2570 2562 2577 2569 2578 2570 2570 2562 2578 2570 2579 2571 2570 2562 2579 2571 2580 2572 2570 2562 2580 2572 2581 2573 2570 2562 2581 2573 2582 2574 2570 2562 2582 2574 2583 2575 2570 2562 2583 2575 2584 2576 2570 2562 2584 2576 2585 2577 2570 2562 2585 2577 2586 2578 2570 2562 2586 2578 2587 2579 2570 2562 2587 2579 2588 2580 2570 2562 2588 2580 2589 2581 2570 2562 2589 2581 2590 2582 2570 2562 2590 2582 2591 2583 2570 2562 2591 2583 2592 2584 2570 2562 2592 2584 2593 2585 2570 2562 2593 2585 2594 2586 2570 2562 2594 2586 2595 2587 2570 2562 2595 2587 2596 2588 2570 2562 2596 2588 2597 2589 2570 2562 2597 2589 2598 2590 2570 2562 2598 2590 2599 2591 2570 2562 2599 2591 2600 2592 2570 2562 2600 2592 2601 2593 2602 2594 2603 2595 2604 2596 2602 2594 2604 2596 2605 2597 2602 2594 2605 2597 2606 2598 2602 2594 2606 2598 2607 2599 2602 2594 2607 2599 2608 2600 2602 2594 2608 2600 2609 2601 2602 2594 2609 2601 2610 2602 2602 2594 2610 2602 2611 2603 2602 2594 2611 2603 2612 2604 2602 2594 2612 2604 2613 2605 2602 2594 2613 2605 2614 2606 2602 2594 2614 2606 2615 2607 2602 2594 2615 2607 2616 2608 2602 2594 2616 2608 2617 2609 2602 2594 2617 2609 2618 2610 2602 2594 2618 2610 2619 2611 2602 2594 2619 2611 2620 2612 2602 2594 2620 2612 2621 2613 2602 2594 2621 2613 2622 2614 2602 2594 2622 2614 2623 2615 2602 2594 2623 2615 2624 2616 2602 2594 2624 2616 2625 2617 2602 2594 2625 2617 2626 2618 2602 2594 2626 2618 2627 2619 2602 2594 2627 2619 2628 2620 2602 2594 2628 2620 2629 2621 2602 2594 2629 2621 2630 110 2602 2594 2630 110 2631 2622 2602 2594 2631 2622 2632 2623 2602 2594 2632 2623 2633 2624 2634 2625 2635 2626 2636 2627 2634 2625 2636 2627 2637 2628 2634 2625 2637 2628 2638 2629 2634 2625 2638 2629 2639 2630 2634 2625 2639 2630 2640 2631 2634 2625 2640 2631 2641 2632 2634 2625 2641 2632 2642 2633 2634 2625 2642 2633 2643 2634 2634 2625 2643 2634 2644 2635 2634 2625 2644 2635 2645 2636 2634 2625 2645 2636 2646 2637 2634 2625 2646 2637 2647 2638 2634 2625 2647 2638 2648 2639 2634 2625 2648 2639 2649 2640 2634 2625 2649 2640 2650 2641 2634 2625 2650 2641 2651 2642 2634 2625 2651 2642 2652 2643 2634 2625 2652 2643 2653 2644 2634 2625 2653 2644 2654 2645 2634 2625 2654 2645 2655 2646 2634 2625 2655 2646 2656 2647 2634 2625 2656 2647 2657 2648 2634 2625 2657 2648 2658 2649 2634 2625 2658 2649 2659 2650 2634 2625 2659 2650 2660 2651 2634 2625 2660 2651 2661 2652 2634 2625 2661 2652 2662 2653 2634 2625 2662 2653 2663 2654 2634 2625 2663 2654 2664 2655 2634 2625 2664 2655 2665 2656 2666 2657 2667 2658 2668 2659 2666 2657 2668 2659 2669 2660 2666 2657 2669 2660 2670 2661 2666 2657 2670 2661 2671 2662 2666 2657 2671 2662 2672 2663 2666 2657 2672 2663 2673 2664 2666 2657 2673 2664 2674 2665 2666 2657 2674 2665 2675 2666 2666 2657 2675 2666 2676 2667 2666 2657 2676 2667 2677 2668 2666 2657 2677 2668 2678 2669 2666 2657 2678 2669 2679 2670 2666 2657 2679 2670 2680 2671 2666 2657 2680 2671 2681 2672 2666 2657 2681 2672 2682 2673 2666 2657 2682 2673 2683 2674 2666 2657 2683 2674 2684 2675 2666 2657 2684 2675 2685 2676 2666 2657 2685 2676 2686 2677 2666 2657 2686 2677 2687 2678 2666 2657 2687 2678 2688 2679 2666 2657 2688 2679 2689 2680 2666 2657 2689 2680 2690 2681 2666 2657 2690 2681 2691 2682 2666 2657 2691 2682 2692 2683 2666 2657 2692 2683 2693 2684 2666 2657 2693 2684 2694 2685 2666 2657 2694 2685 2695 2686 2666 2657 2695 2686 2696 2687 2666 2657 2696 2687 2697 2688 2698 2689 2699 2690 2700 2691 2698 2689 2700 2691 2701 2692 2698 2689 2701 2692 2702 2693 2698 2689 2702 2693 2703 2694 2698 2689 2703 2694 2704 2695 2698 2689 2704 2695 2705 2696 2698 2689 2705 2696 2706 2697 2698 2689 2706 2697 2707 2698 2698 2689 2707 2698 2708 2699 2698 2689 2708 2699 2709 2700 2698 2689 2709 2700 2710 2053 2698 2689 2710 2053 2711 2701 2698 2689 2711 2701 2712 2702 2698 2689 2712 2702 2713 2703 2698 2689 2713 2703 2714 2704 2698 2689 2714 2704 2715 2705 2698 2689 2715 2705 2716 2706 2698 2689 2716 2706 2717 2707 2698 2689 2717 2707 2718 2708 2698 2689 2718 2708 2719 2709 2698 2689 2719 2709 2720 2710 2698 2689 2720 2710 2721 2711 2698 2689 2721 2711 2722 2712 2698 2689 2722 2712 2723 2713 2698 2689 2723 2713 2724 2714 2698 2689 2724 2714 2725 2715 2698 2689 2725 2715 2726 2716 2698 2689 2726 2716 2727 2717 2698 2689 2727 2717 2728 2718 2698 2689 2728 2718 2729 2719 2730 2720 2731 2721 2732 2722 2730 2720 2732 2722 2733 2723 2730 2720 2733 2723 2734 2724 2730 2720 2734 2724 2735 2725 2730 2720 2735 2725 2736 2726 2730 2720 2736 2726 2737 2727 2730 2720 2737 2727 2738 2728 2730 2720 2738 2728 2739 2729 2730 2720 2739 2729 2740 2730 2730 2720 2740 2730 2741 2731 2730 2720 2741 2731 2742 2732 2730 2720 2742 2732 2743 2733 2730 2720 2743 2733 2744 2734 2730 2720 2744 2734 2745 2735 2730 2720 2745 2735 2746 2736 2730 2720 2746 2736 2747 2737 2730 2720 2747 2737 2748 2738 2730 2720 2748 2738 2749 2739 2730 2720 2749 2739 2750 2740 2730 2720 2750 2740 2751 2741 2730 2720 2751 2741 2752 2742 2730 2720 2752 2742 2753 2743 2730 2720 2753 2743 2754 2744 2730 2720 2754 2744 2755 2745 2730 2720 2755 2745 2756 2746 2730 2720 2756 2746 2757 2747 2730 2720 2757 2747 2758 2748 2730 2720 2758 2748 2759 2749 2730 2720 2759 2749 2760 2750 2730 2720 2760 2750 2761 2751 2762 2752 2763 2753 2764 2754 2762 2752 2764 2754 2765 2755 2762 2752 2765 2755 2766 2756 2762 2752 2766 2756 2767 2757 2762 2752 2767 2757 2768 2758 2762 2752 2768 2758 2769 2759 2762 2752 2769 2759 2770 2760 2762 2752 2770 2760 2771 2761 2762 2752 2771 2761 2772 2762 2762 2752 2772 2762 2773 2763 2762 2752 2773 2763 2774 2764 2762 2752 2774 2764 2775 2765 2762 2752 2775 2765 2776 2766 2762 2752 2776 2766 2777 2767 2762 2752 2777 2767 2778 2768 2762 2752 2778 2768 2779 2769 2762 2752 2779 2769 2780 2770 2762 2752 2780 2770 2781 2771 2762 2752 2781 2771 2782 2772 2762 2752 2782 2772 2783 2773 2762 2752 2783 2773 2784 2774 2762 2752 2784 2774 2785 2775 2762 2752 2785 2775 2786 2776 2762 2752 2786 2776 2787 2777 2762 2752 2787 2777 2788 2778 2762 2752 2788 2778 2789 2779 2762 2752 2789 2779 2790 2780 2762 2752 2790 2780 2791 2781 2762 2752 2791 2781 2792 2782 2762 2752 2792 2782 2793 2783 2794 2784 2795 2785 2796 2786 2794 2784 2796 2786 2797 2787 2794 2784 2797 2787 2798 2788 2794 2784 2798 2788 2799 2789 2794 2784 2799 2789 2800 2790 2794 2784 2800 2790 2801 2791 2794 2784 2801 2791 2802 2792 2794 2784 2802 2792 2803 2793 2794 2784 2803 2793 2804 2794 2794 2784 2804 2794 2805 2795 2794 2784 2805 2795 2806 2796 2794 2784 2806 2796 2807 2797 2794 2784 2807 2797 2808 2798 2794 2784 2808 2798 2809 2799 2794 2784 2809 2799 2810 2800 2794 2784 2810 2800 2811 2801 2794 2784 2811 2801 2812 2802 2794 2784 2812 2802 2813 2803 2794 2784 2813 2803 2814 2804 2794 2784 2814 2804 2815 2805 2794 2784 2815 2805 2816 2806 2794 2784 2816 2806 2817 2807 2794 2784 2817 2807 2818 2808 2794 2784 2818 2808 2819 2809 2794 2784 2819 2809 2820 2810 2794 2784 2820 2810 2821 2811 2794 2784 2821 2811 2822 2812 2794 2784 2822 2812 2823 2813 2794 2784 2823 2813 2824 2814 2794 2784 2824 2814 2825 2815 2826 2816 2827 2817 2828 2818 2826 2816 2828 2818 2829 2819 2826 2816 2829 2819 2830 2820 2826 2816 2830 2820 2831 2821 2826 2816 2831 2821 2832 2822 2826 2816 2832 2822 2833 2823 2826 2816 2833 2823 2834 2824 2826 2816 2834 2824 2835 2825 2826 2816 2835 2825 2836 2826 2826 2816 2836 2826 2837 2827 2826 2816 2837 2827 2838 2828 2826 2816 2838 2828 2839 2829 2826 2816 2839 2829 2840 2830 2826 2816 2840 2830 2841 2831 2826 2816 2841 2831 2842 2832 2826 2816 2842 2832 2843 2833 2826 2816 2843 2833 2844 2834 2826 2816 2844 2834 2845 2835 2826 2816 2845 2835 2846 2836 2826 2816 2846 2836 2847 2837 2826 2816 2847 2837 2848 2838 2826 2816 2848 2838 2849 2839 2826 2816 2849 2839 2850 2840 2826 2816 2850 2840 2851 2841 2826 2816 2851 2841 2852 2842 2826 2816 2852 2842 2853 2843 2826 2816 2853 2843 2854 2844 2826 2816 2854 2844 2855 2845 2826 2816 2855 2845 2856 2846 2826 2816 2856 2846 2857 2847 2858 2848 2859 2849 2860 2850 2858 2848 2860 2850 2861 2851 2858 2848 2861 2851 2862 2852 2858 2848 2862 2852 2863 2853 2858 2848 2863 2853 2864 2854 2858 2848 2864 2854 2865 2855 2858 2848 2865 2855 2866 2856 2858 2848 2866 2856 2867 2857 2858 2848 2867 2857 2868 2858 2858 2848 2868 2858 2869 2859 2858 2848 2869 2859 2870 2860 2858 2848 2870 2860 2871 2861 2858 2848 2871 2861 2872 2862 2858 2848 2872 2862 2873 2863 2858 2848 2873 2863 2874 2864 2858 2848 2874 2864 2875 2865 2858 2848 2875 2865 2876 2866 2858 2848 2876 2866 2877 2867 2858 2848 2877 2867 2878 2868 2858 2848 2878 2868 2879 2869 2858 2848 2879 2869 2880 2870 2858 2848 2880 2870 2881 2871 2858 2848 2881 2871 2882 2872 2858 2848 2882 2872 2883 2873 2858 2848 2883 2873 2884 2874 2858 2848 2884 2874 2885 2875 2858 2848 2885 2875 2886 2876 2858 2848 2886 2876 2887 2877 2858 2848 2887 2877 2888 2878 2858 2848 2888 2878 2889 2879 2890 2880 2891 2881 2892 2882 2890 2880 2892 2882 2893 2883 2890 2880 2893 2883 2894 2884 2890 2880 2894 2884 2895 2885 2890 2880 2895 2885 2896 2886 2890 2880 2896 2886 2897 2887 2890 2880 2897 2887 2898 2888 2890 2880 2898 2888 2899 2889 2890 2880 2899 2889 2900 2890 2890 2880 2900 2890 2901 2891 2890 2880 2901 2891 2902 2892 2890 2880 2902 2892 2903 2893 2890 2880 2903 2893 2904 2894 2890 2880 2904 2894 2905 2895 2890 2880 2905 2895 2906 2896 2890 2880 2906 2896 2907 2897 2890 2880 2907 2897 2908 2898 2890 2880 2908 2898 2909 2899 2890 2880 2909 2899 2910 2900 2890 2880 2910 2900 2911 2901 2890 2880 2911 2901 2912 2902 2890 2880 2912 2902 2913 2903 2890 2880 2913 2903 2914 2904 2890 2880 2914 2904 2915 2905 2890 2880 2915 2905 2916 2906 2890 2880 2916 2906 2917 2907 2890 2880 2917 2907 2918 2908 2890 2880 2918 2908 2919 2909 2890 2880 2919 2909 2920 2910 2890 2880 2920 2910 2921 2911 2922 2912 2923 2913 2924 2914 2922 2912 2924 2914 2925 2915 2922 2912 2925 2915 2926 2916 2922 2912 2926 2916 2927 2917 2922 2912 2927 2917 2928 2918 2922 2912 2928 2918 2929 2919 2922 2912 2929 2919 2930 2920 2922 2912 2930 2920 2931 2921 2922 2912 2931 2921 2932 2922 2922 2912 2932 2922 2933 2923 2922 2912 2933 2923 2934 2924 2922 2912 2934 2924 2935 2925 2922 2912 2935 2925 2936 2926 2922 2912 2936 2926 2937 2927 2922 2912 2937 2927 2938 2928 2922 2912 2938 2928 2939 2929 2922 2912 2939 2929 2940 2930 2922 2912 2940 2930 2941 2931 2922 2912 2941 2931 2942 2932 2922 2912 2942 2932 2943 2933 2922 2912 2943 2933 2944 2934 2922 2912 2944 2934 2945 2935 2922 2912 2945 2935 2946 2936 2922 2912 2946 2936 2947 2937 2922 2912 2947 2937 2948 2938 2922 2912 2948 2938 2949 2939 2922 2912 2949 2939 2950 2940 2922 2912 2950 2940 2951 2941 2922 2912 2951 2941 2952 2942 2922 2912 2952 2942 2953 2943 2954 2944 2955 2945 2956 2946 2954 2944 2956 2946 2957 2947 2954 2944 2957 2947 2958 2948 2954 2944 2958 2948 2959 2949 2954 2944 2959 2949 2960 2950 2954 2944 2960 2950 2961 2951 2954 2944 2961 2951 2962 2952 2954 2944 2962 2952 2963 2953 2954 2944 2963 2953 2964 2954 2954 2944 2964 2954 2965 2955 2954 2944 2965 2955 2966 2956 2954 2944 2966 2956 2967 2957 2954 2944 2967 2957 2968 2958 2954 2944 2968 2958 2969 2959 2954 2944 2969 2959 2970 2960 2954 2944 2970 2960 2971 2961 2954 2944 2971 2961 2972 2962 2954 2944 2972 2962 2973 2963 2954 2944 2973 2963 2974 2964 2954 2944 2974 2964 2975 2965 2954 2944 2975 2965 2976 2966 2954 2944 2976 2966 2977 2967 2954 2944 2977 2967 2978 2968 2954 2944 2978 2968 2979 2969 2954 2944 2979 2969 2980 2970 2954 2944 2980 2970 2981 2971 2954 2944 2981 2971 2982 2972 2954 2944 2982 2972 2983 2973 2954 2944 2983 2973 2984 2974 2954 2944 2984 2974 2985 2975 2986 2976 2987 2977 2988 2978 2986 2976 2988 2978 2989 2979 2986 2976 2989 2979 2990 2980 2986 2976 2990 2980 2991 2981 2986 2976 2991 2981 2992 2982 2986 2976 2992 2982 2993 2983 2986 2976 2993 2983 2994 2984 2986 2976 2994 2984 2995 2985 2986 2976 2995 2985 2996 2986 2986 2976 2996 2986 2997 2987 2986 2976 2997 2987 2998 2988 2986 2976 2998 2988 2999 2989 2986 2976 2999 2989 3000 2990 2986 2976 3000 2990 3001 2991 2986 2976 3001 2991 3002 2992 2986 2976 3002 2992 3003 2993 2986 2976 3003 2993 3004 2994 2986 2976 3004 2994 3005 2995 2986 2976 3005 2995 3006 2996 2986 2976 3006 2996 3007 2997 2986 2976 3007 2997 3008 2998 2986 2976 3008 2998 3009 2999 2986 2976 3009 2999 3010 3000 2986 2976 3010 3000 3011 3001 2986 2976 3011 3001 3012 3002 2986 2976 3012 3002 3013 3003 2986 2976 3013 3003 3014 3004 2986 2976 3014 3004 3015 3005 2986 2976 3015 3005 3016 3006 2986 2976 3016 3006 3017 3007 3018 3008 3019 3009 3020 3010 3018 3008 3020 3010 3021 3011 3018 3008 3021 3011 3022 3012 3018 3008 3022 3012 3023 3013 3018 3008 3023 3013 3024 806 3018 3008 3024 806 3025 3014 3018 3008 3025 3014 3026 1953 3018 3008 3026 1953 3027 3015 3018 3008 3027 3015 3028 3016 3018 3008 3028 3016 3029 3017 3018 3008 3029 3017 3030 3018 3018 3008 3030 3018 3031 3019 3018 3008 3031 3019 3032 3020 3018 3008 3032 3020 3033 3021 3018 3008 3033 3021 3034 3022 3018 3008 3034 3022 3035 3023 3018 3008 3035 3023 3036 3024 3018 3008 3036 3024 3037 3025 3018 3008 3037 3025 3038 3026 3018 3008 3038 3026 3039 3027 3018 3008 3039 3027 3040 3028 3018 3008 3040 3028 3041 3029 3018 3008 3041 3029 3042 3030 3018 3008 3042 3030 3043 3031 3018 3008 3043 3031 3044 3032 3018 3008 3044 3032 3045 3033 3018 3008 3045 3033 3046 3034 3018 3008 3046 3034 3047 3035 3018 3008 3047 3035 3048 3036 3018 3008 3048 3036 3049 3037 3050 3038 3051 3039 3052 3040 3050 3038 3052 3040 3053 3041 3050 3038 3053 3041 3054 3042 3050 3038 3054 3042 3055 3043 3050 3038 3055 3043 3056 3044 3050 3038 3056 3044 3057 3045 3050 3038 3057 3045 3058 3046 3050 3038 3058 3046 3059 3047 3050 3038 3059 3047 3060 3048 3050 3038 3060 3048 3061 3049 3050 3038 3061 3049 3062 3050 3050 3038 3062 3050 3063 3051 3050 3038 3063 3051 3064 3052 3050 3038 3064 3052 3065 3053 3050 3038 3065 3053 3066 3054 3050 3038 3066 3054 3067 3055 3050 3038 3067 3055 3068 3056 3050 3038 3068 3056 3069 3057 3050 3038 3069 3057 3070 3058 3050 3038 3070 3058 3071 3059 3050 3038 3071 3059 3072 3060 3050 3038 3072 3060 3073 3061 3050 3038 3073 3061 3074 3062 3050 3038 3074 3062 3075 3063 3050 3038 3075 3063 3076 3064 3050 3038 3076 3064 3077 3065 3050 3038 3077 3065 3078 3066 3050 3038 3078 3066 3079 3067 3050 3038 3079 3067 3080 3068 3050 3038 3080 3068 3081 3069 3082 3070 3083 3071 3084 3072 3082 3070 3084 3072 3085 3073 3082 3070 3085 3073 3086 3074 3082 3070 3086 3074 3087 3075 3082 3070 3087 3075 3088 3076 3082 3070 3088 3076 3089 3077 3082 3070 3089 3077 3090 3078 3082 3070 3090 3078 3091 3079 3082 3070 3091 3079 3092 3080 3082 3070 3092 3080 3093 3081 3082 3070 3093 3081 3094 3082 3082 3070 3094 3082 3095 3083 3082 3070 3095 3083 3096 3084 3082 3070 3096 3084 3097 3085 3082 3070 3097 3085 3098 3086 3082 3070 3098 3086 3099 3087 3082 3070 3099 3087 3100 3088 3082 3070 3100 3088 3101 3089 3082 3070 3101 3089 3102 1074 3082 3070 3102 1074 3103 3090 3082 3070 3103 3090 3104 3091 3082 3070 3104 3091 3105 3092 3082 3070 3105 3092 3106 3093 3082 3070 3106 3093 3107 3094 3082 3070 3107 3094 3108 3095 3082 3070 3108 3095 3109 3096 3082 3070 3109 3096 3110 3097 3082 3070 3110 3097 3111 3098 3082 3070 3111 3098 3112 3099 3082 3070 3112 3099 3113 3100 3114 3101 3115 3102 3116 3103 3114 3101 3116 3103 3117 3104 3114 3101 3117 3104 3118 3105 3114 3101 3118 3105 3119 3106 3114 3101 3119 3106 3120 3107 3114 3101 3120 3107 3121 3108 3114 3101 3121 3108 3122 3109 3114 3101 3122 3109 3123 3110 3114 3101 3123 3110 3124 3111 3114 3101 3124 3111 3125 3112 3114 3101 3125 3112 3126 3113 3114 3101 3126 3113 3127 3114 3114 3101 3127 3114 3128 3115 3114 3101 3128 3115 3129 3116 3114 3101 3129 3116 3130 3117 3114 3101 3130 3117 3131 3118 3114 3101 3131 3118 3132 3119 3114 3101 3132 3119 3133 3120 3114 3101 3133 3120 3134 3121 3114 3101 3134 3121 3135 3122 3114 3101 3135 3122 3136 3123 3114 3101 3136 3123 3137 3124 3114 3101 3137 3124 3138 3125 3114 3101 3138 3125 3139 3126 3114 3101 3139 3126 3140 3127 3114 3101 3140 3127 3141 3128 3114 3101 3141 3128 3142 3129 3114 3101 3142 3129 3143 3130 3114 3101 3143 3130 3144 3131 3114 3101 3144 3131 3145 3132 3146 3133 3147 3134 3148 3135 3146 3133 3148 3135 3149 3136 3146 3133 3149 3136 3150 3137 3146 3133 3150 3137 3151 3138 3146 3133 3151 3138 3152 3139 3146 3133 3152 3139 3153 3140 3146 3133 3153 3140 3154 3141 3146 3133 3154 3141 3155 3142 3146 3133 3155 3142 3156 3143 3146 3133 3156 3143 3157 3144 3146 3133 3157 3144 3158 3145 3146 3133 3158 3145 3159 3146 3146 3133 3159 3146 3160 3147 3146 3133 3160 3147 3161 3148 3146 3133 3161 3148 3162 3149 3146 3133 3162 3149 3163 3150 3146 3133 3163 3150 3164 3151 3146 3133 3164 3151 3165 3152 3146 3133 3165 3152 3166 3153 3146 3133 3166 3153 3167 3154 3146 3133 3167 3154 3168 3155 3146 3133 3168 3155 3169 3156 3146 3133 3169 3156 3170 3157 3146 3133 3170 3157 3171 3158 3146 3133 3171 3158 3172 3159 3146 3133 3172 3159 3173 3160 3146 3133 3173 3160 3174 3161 3146 3133 3174 3161 3175 3162 3146 3133 3175 3162 3176 3163 3146 3133 3176 3163 3177 3164 3178 3165 3179 3166 3180 3167 3178 3165 3180 3167 3181 3168 3178 3165 3181 3168 3182 3169 3178 3165 3182 3169 3183 3170 3178 3165 3183 3170 3184 3171 3178 3165 3184 3171 3185 3172 3178 3165 3185 3172 3186 3173 3178 3165 3186 3173 3187 3174 3178 3165 3187 3174 3188 3175 3178 3165 3188 3175 3189 3176 3178 3165 3189 3176 3190 3177 3178 3165 3190 3177 3191 3178 3178 3165 3191 3178 3192 3179 3178 3165 3192 3179 3193 3180 3178 3165 3193 3180 3194 3181 3178 3165 3194 3181 3195 3182 3178 3165 3195 3182 3196 3183 3178 3165 3196 3183 3197 3184 3178 3165 3197 3184 3198 3185 3178 3165 3198 3185 3199 3186 3178 3165 3199 3186 3200 3187 3178 3165 3200 3187 3201 3188 3178 3165 3201 3188 3202 3189 3178 3165 3202 3189 3203 3190 3178 3165 3203 3190 3204 3191 3178 3165 3204 3191 3205 3192 3178 3165 3205 3192 3206 3193 3178 3165 3206 3193 3207 3194 3178 3165 3207 3194 3208 3195 3178 3165 3208 3195 3209 3196 3210 3197 3211 3198 3212 3199 3210 3197 3212 3199 3213 3200 3210 3197 3213 3200 3214 3201 3210 3197 3214 3201 3215 3202 3210 3197 3215 3202 3216 3203 3210 3197 3216 3203 3217 3204 3210 3197 3217 3204 3218 3205 3210 3197 3218 3205 3219 3206 3210 3197 3219 3206 3220 3207 3210 3197 3220 3207 3221 3208 3210 3197 3221 3208 3222 3209 3210 3197 3222 3209 3223 3210 3210 3197 3223 3210 3224 3211 3210 3197 3224 3211 3225 3212 3210 3197 3225 3212 3226 3213 3210 3197 3226 3213 3227 3214 3210 3197 3227 3214 3228 3215 3210 3197 3228 3215 3229 3216 3210 3197 3229 3216 3230 3217 3210 3197 3230 3217 3231 3218 3210 3197 3231 3218 3232 3219 3210 3197 3232 3219 3233 3220 3210 3197 3233 3220 3234 3221 3210 3197 3234 3221 3235 3222 3210 3197 3235 3222 3236 3223 3210 3197 3236 3223 3237 3224 3210 3197 3237 3224 3238 3225 3210 3197 3238 3225 3239 3226 3210 3197 3239 3226 3240 3227 3210 3197 3240 3227 3241 3228 1962 5658 1964 5660 1963 5659 1962 5658 1965 5661 1964 5660 1962 5658 1966 5662 1965 5661 1962 5658 1967 5663 1966 5662 1962 5658 1968 5664 1967 5663 1962 5658 1969 5665 1968 5664 1962 5658 1970 5666 1969 5665 1962 5658 1971 5667 1970 5666 1962 5658 1972 5668 1971 5667 1962 5658 1973 5669 1972 5668 1962 5658 1974 5670 1973 5669 1962 5658 1975 5671 1974 5670 1962 5658 1976 5672 1975 5671 1962 5658 1977 5673 1976 5672 1962 5658 1978 5674 1977 5673 1962 5658 1979 5675 1978 5674 1962 5658 1980 5676 1979 5675 1962 5658 1981 5677 1980 5676 1962 5658 1982 5678 1981 5677 1962 5658 1983 5679 1982 5678 1962 5658 1984 5680 1983 5679 1962 5658 1985 5681 1984 5680 1962 5658 1986 5682 1985 5681 1962 5658 1987 5683 1986 5682 1962 5658 1988 5684 1987 5683 1962 5658 1989 5685 1988 5684 1962 5658 1990 5686 1989 5685 1962 5658 1991 5687 1990 5686 1962 5658 1992 5688 1991 5687 1962 5658 1993 5689 1992 5688 1994 5690 1996 5692 1995 5691 1994 5690 1997 5693 1996 5692 1994 5690 1998 5694 1997 5693 1994 5690 1999 5695 1998 5694 1994 5690 2000 5696 1999 5695 1994 5690 2001 5697 2000 5696 1994 5690 2002 5698 2001 5697 1994 5690 2003 5699 2002 5698 1994 5690 2004 5700 2003 5699 1994 5690 2005 5701 2004 5700 1994 5690 2006 5702 2005 5701 1994 5690 2007 5703 2006 5702 1994 5690 2008 5704 2007 5703 1994 5690 2009 5705 2008 5704 1994 5690 2010 5706 2009 5705 1994 5690 2011 5707 2010 5706 1994 5690 2012 5708 2011 5707 1994 5690 2013 5709 2012 5708 1994 5690 2014 5710 2013 5709 1994 5690 2015 5711 2014 5710 1994 5690 2016 5712 2015 5711 1994 5690 2017 5713 2016 5712 1994 5690 2018 5714 2017 5713 1994 5690 2019 5715 2018 5714 1994 5690 2020 5716 2019 5715 1994 5690 2021 5717 2020 5716 1994 5690 2022 5718 2021 5717 1994 5690 2023 5719 2022 5718 1994 5690 2024 5720 2023 5719 1994 5690 2025 5721 2024 5720 2026 5722 2028 5724 2027 5723 2026 5722 2029 5725 2028 5724 2026 5722 2030 5726 2029 5725 2026 5722 2031 5727 2030 5726 2026 5722 2032 5728 2031 5727 2026 5722 2033 5729 2032 5728 2026 5722 2034 5730 2033 5729 2026 5722 2035 5731 2034 5730 2026 5722 2036 5732 2035 5731 2026 5722 2037 5733 2036 5732 2026 5722 2038 5734 2037 5733 2026 5722 2039 5735 2038 5734 2026 5722 2040 5736 2039 5735 2026 5722 2041 5737 2040 5736 2026 5722 2042 5738 2041 5737 2026 5722 2043 5739 2042 5738 2026 5722 2044 5740 2043 5739 2026 5722 2045 5741 2044 5740 2026 5722 2046 5742 2045 5741 2026 5722 2047 5743 2046 5742 2026 5722 2048 5744 2047 5743 2026 5722 2049 5745 2048 5744 2026 5722 2050 5746 2049 5745 2026 5722 2051 5747 2050 5746 2026 5722 2052 5748 2051 5747 2026 5722 2053 5749 2052 5748 2026 5722 2054 5750 2053 5749 2026 5722 2055 5751 2054 5750 2026 5722 2056 5752 2055 5751 2026 5722 2057 5753 2056 5752 2058 5754 2060 5756 2059 5755 2058 5754 2061 5757 2060 5756 2058 5754 2062 5758 2061 5757 2058 5754 2063 5759 2062 5758 2058 5754 2064 5760 2063 5759 2058 5754 2065 5761 2064 5760 2058 5754 2066 5762 2065 5761 2058 5754 2067 5763 2066 5762 2058 5754 2068 5764 2067 5763 2058 5754 2069 5765 2068 5764 2058 5754 2070 5766 2069 5765 2058 5754 2071 5767 2070 5766 2058 5754 2072 5768 2071 5767 2058 5754 2073 5769 2072 5768 2058 5754 2074 5770 2073 5769 2058 5754 2075 5771 2074 5770 2058 5754 2076 5772 2075 5771 2058 5754 2077 5773 2076 5772 2058 5754 2078 5774 2077 5773 2058 5754 2079 5775 2078 5774 2058 5754 2080 5776 2079 5775 2058 5754 2081 5777 2080 5776 2058 5754 2082 5778 2081 5777 2058 5754 2083 5779 2082 5778 2058 5754 2084 5780 2083 5779 2058 5754 2085 5781 2084 5780 2058 5754 2086 5782 2085 5781 2058 5754 2087 5783 2086 5782 2058 5754 2088 5784 2087 5783 2058 5754 2089 5785 2088 5784 2090 5786 2092 5788 2091 5787 2090 5786 2093 5789 2092 5788 2090 5786 2094 5790 2093 5789 2090 5786 2095 5791 2094 5790 2090 5786 2096 5792 2095 5791 2090 5786 2097 5793 2096 5792 2090 5786 2098 5794 2097 5793 2090 5786 2099 5795 2098 5794 2090 5786 2100 5796 2099 5795 2090 5786 2101 5797 2100 5796 2090 5786 2102 5798 2101 5797 2090 5786 2103 5799 2102 5798 2090 5786 2104 5800 2103 5799 2090 5786 2105 5801 2104 5800 2090 5786 2106 5802 2105 5801 2090 5786 2107 5803 2106 5802 2090 5786 2108 5804 2107 5803 2090 5786 2109 5805 2108 5804 2090 5786 2110 5806 2109 5805 2090 5786 2111 5807 2110 5806 2090 5786 2112 5808 2111 5807 2090 5786 2113 5809 2112 5808 2090 5786 2114 5810 2113 5809 2090 5786 2115 5811 2114 5810 2090 5786 2116 5812 2115 5811 2090 5786 2117 5813 2116 5812 2090 5786 2118 5814 2117 5813 2090 5786 2119 5815 2118 5814 2090 5786 2120 5816 2119 5815 2090 5786 2121 5817 2120 5816 2122 5818 2124 5820 2123 5819 2122 5818 2125 5821 2124 5820 2122 5818 2126 5822 2125 5821 2122 5818 2127 5823 2126 5822 2122 5818 2128 5824 2127 5823 2122 5818 2129 5825 2128 5824 2122 5818 2130 5826 2129 5825 2122 5818 2131 5827 2130 5826 2122 5818 2132 5828 2131 5827 2122 5818 2133 5829 2132 5828 2122 5818 2134 5830 2133 5829 2122 5818 2135 5831 2134 5830 2122 5818 2136 5832 2135 5831 2122 5818 2137 5833 2136 5832 2122 5818 2138 5834 2137 5833 2122 5818 2139 5835 2138 5834 2122 5818 2140 5836 2139 5835 2122 5818 2141 5837 2140 5836 2122 5818 2142 5838 2141 5837 2122 5818 2143 5839 2142 5838 2122 5818 2144 5840 2143 5839 2122 5818 2145 5841 2144 5840 2122 5818 2146 5842 2145 5841 2122 5818 2147 5843 2146 5842 2122 5818 2148 5844 2147 5843 2122 5818 2149 5845 2148 5844 2122 5818 2150 5846 2149 5845 2122 5818 2151 5847 2150 5846 2122 5818 2152 5848 2151 5847 2122 5818 2153 5849 2152 5848 2154 5850 2156 5852 2155 5851 2154 5850 2157 5853 2156 5852 2154 5850 2158 5854 2157 5853 2154 5850 2159 5855 2158 5854 2154 5850 2160 5856 2159 5855 2154 5850 2161 5857 2160 5856 2154 5850 2162 5858 2161 5857 2154 5850 2163 5859 2162 5858 2154 5850 2164 5860 2163 5859 2154 5850 2165 5861 2164 5860 2154 5850 2166 5862 2165 5861 2154 5850 2167 5863 2166 5862 2154 5850 2168 5864 2167 5863 2154 5850 2169 5865 2168 5864 2154 5850 2170 5866 2169 5865 2154 5850 2171 5867 2170 5866 2154 5850 2172 5868 2171 5867 2154 5850 2173 5869 2172 5868 2154 5850 2174 5870 2173 5869 2154 5850 2175 5871 2174 5870 2154 5850 2176 5872 2175 5871 2154 5850 2177 5873 2176 5872 2154 5850 2178 5874 2177 5873 2154 5850 2179 5875 2178 5874 2154 5850 2180 5876 2179 5875 2154 5850 2181 5877 2180 5876 2154 5850 2182 5496 2181 5877 2154 5850 2183 5878 2182 5496 2154 5850 2184 5879 2183 5878 2154 5850 2185 5880 2184 5879 2186 5881 2188 5883 2187 5882 2186 5881 2189 5884 2188 5883 2186 5881 2190 5885 2189 5884 2186 5881 2191 5886 2190 5885 2186 5881 2192 5887 2191 5886 2186 5881 2193 5888 2192 5887 2186 5881 2194 5889 2193 5888 2186 5881 2195 5890 2194 5889 2186 5881 2196 5891 2195 5890 2186 5881 2197 5892 2196 5891 2186 5881 2198 5893 2197 5892 2186 5881 2199 5894 2198 5893 2186 5881 2200 4692 2199 5894 2186 5881 2201 5895 2200 4692 2186 5881 2202 5896 2201 5895 2186 5881 2203 5897 2202 5896 2186 5881 2204 5898 2203 5897 2186 5881 2205 5899 2204 5898 2186 5881 2206 5900 2205 5899 2186 5881 2207 5901 2206 5900 2186 5881 2208 5902 2207 5901 2186 5881 2209 5903 2208 5902 2186 5881 2210 5904 2209 5903 2186 5881 2211 5905 2210 5904 2186 5881 2212 5906 2211 5905 2186 5881 2213 5907 2212 5906 2186 5881 2214 5908 2213 5907 2186 5881 2215 5909 2214 5908 2186 5881 2216 5910 2215 5909 2186 5881 2217 5911 2216 5910 2218 5912 2220 5914 2219 5913 2218 5912 2221 5915 2220 5914 2218 5912 2222 5916 2221 5915 2218 5912 2223 5917 2222 5916 2218 5912 2224 5918 2223 5917 2218 5912 2225 5919 2224 5918 2218 5912 2226 5920 2225 5919 2218 5912 2227 5921 2226 5920 2218 5912 2228 5922 2227 5921 2218 5912 2229 5923 2228 5922 2218 5912 2230 5924 2229 5923 2218 5912 2231 5925 2230 5924 2218 5912 2232 5926 2231 5925 2218 5912 2233 5927 2232 5926 2218 5912 2234 5928 2233 5927 2218 5912 2235 5929 2234 5928 2218 5912 2236 5930 2235 5929 2218 5912 2237 5931 2236 5930 2218 5912 2238 5932 2237 5931 2218 5912 2239 5933 2238 5932 2218 5912 2240 5934 2239 5933 2218 5912 2241 5935 2240 5934 2218 5912 2242 5936 2241 5935 2218 5912 2243 5937 2242 5936 2218 5912 2244 5938 2243 5937 2218 5912 2245 5939 2244 5938 2218 5912 2246 5940 2245 5939 2218 5912 2247 5941 2246 5940 2218 5912 2248 5942 2247 5941 2218 5912 2249 5943 2248 5942 2250 5944 2252 5946 2251 5945 2250 5944 2253 5947 2252 5946 2250 5944 2254 5948 2253 5947 2250 5944 2255 5949 2254 5948 2250 5944 2256 5950 2255 5949 2250 5944 2257 5951 2256 5950 2250 5944 2258 5952 2257 5951 2250 5944 2259 5953 2258 5952 2250 5944 2260 5954 2259 5953 2250 5944 2261 5955 2260 5954 2250 5944 2262 5956 2261 5955 2250 5944 2263 5957 2262 5956 2250 5944 2264 5958 2263 5957 2250 5944 2265 5959 2264 5958 2250 5944 2266 5960 2265 5959 2250 5944 2267 5961 2266 5960 2250 5944 2268 5962 2267 5961 2250 5944 2269 5963 2268 5962 2250 5944 2270 5964 2269 5963 2250 5944 2271 5965 2270 5964 2250 5944 2272 5966 2271 5965 2250 5944 2273 5967 2272 5966 2250 5944 2274 5968 2273 5967 2250 5944 2275 5969 2274 5968 2250 5944 2276 5970 2275 5969 2250 5944 2277 5971 2276 5970 2250 5944 2278 5972 2277 5971 2250 5944 2279 5973 2278 5972 2250 5944 2280 5974 2279 5973 2250 5944 2281 5975 2280 5974 2282 5976 2284 5978 2283 5977 2282 5976 2285 5979 2284 5978 2282 5976 2286 5980 2285 5979 2282 5976 2287 5981 2286 5980 2282 5976 2288 5982 2287 5981 2282 5976 2289 5983 2288 5982 2282 5976 2290 5984 2289 5983 2282 5976 2291 5985 2290 5984 2282 5976 2292 5986 2291 5985 2282 5976 2293 5987 2292 5986 2282 5976 2294 5988 2293 5987 2282 5976 2295 5989 2294 5988 2282 5976 2296 5990 2295 5989 2282 5976 2297 5991 2296 5990 2282 5976 2298 5992 2297 5991 2282 5976 2299 5993 2298 5992 2282 5976 2300 5994 2299 5993 2282 5976 2301 5995 2300 5994 2282 5976 2302 5996 2301 5995 2282 5976 2303 5997 2302 5996 2282 5976 2304 5998 2303 5997 2282 5976 2305 5999 2304 5998 2282 5976 2306 6000 2305 5999 2282 5976 2307 6001 2306 6000 2282 5976 2308 6002 2307 6001 2282 5976 2309 6003 2308 6002 2282 5976 2310 6004 2309 6003 2282 5976 2311 6005 2310 6004 2282 5976 2312 6006 2311 6005 2282 5976 2313 6007 2312 6006 2314 6008 2316 6010 2315 6009 2314 6008 2317 6011 2316 6010 2314 6008 2318 6012 2317 6011 2314 6008 2319 6013 2318 6012 2314 6008 2320 6014 2319 6013 2314 6008 2321 6015 2320 6014 2314 6008 2322 6016 2321 6015 2314 6008 2323 6017 2322 6016 2314 6008 2324 6018 2323 6017 2314 6008 2325 6019 2324 6018 2314 6008 2326 6020 2325 6019 2314 6008 2327 6021 2326 6020 2314 6008 2328 6022 2327 6021 2314 6008 2329 6023 2328 6022 2314 6008 2330 6024 2329 6023 2314 6008 2331 6025 2330 6024 2314 6008 2332 6026 2331 6025 2314 6008 2333 6027 2332 6026 2314 6008 2334 6028 2333 6027 2314 6008 2335 6029 2334 6028 2314 6008 2336 6030 2335 6029 2314 6008 2337 6031 2336 6030 2314 6008 2338 6032 2337 6031 2314 6008 2339 6033 2338 6032 2314 6008 2340 6034 2339 6033 2314 6008 2341 6035 2340 6034 2314 6008 2342 6036 2341 6035 2314 6008 2343 6037 2342 6036 2314 6008 2344 6038 2343 6037 2314 6008 2345 6039 2344 6038 2346 6040 2348 6042 2347 6041 2346 6040 2349 6043 2348 6042 2346 6040 2350 6044 2349 6043 2346 6040 2351 6045 2350 6044 2346 6040 2352 6046 2351 6045 2346 6040 2353 6047 2352 6046 2346 6040 2354 6048 2353 6047 2346 6040 2355 6049 2354 6048 2346 6040 2356 6050 2355 6049 2346 6040 2357 6051 2356 6050 2346 6040 2358 6052 2357 6051 2346 6040 2359 6053 2358 6052 2346 6040 2360 6054 2359 6053 2346 6040 2361 6055 2360 6054 2346 6040 2362 6056 2361 6055 2346 6040 2363 6057 2362 6056 2346 6040 2364 6058 2363 6057 2346 6040 2365 6059 2364 6058 2346 6040 2366 6060 2365 6059 2346 6040 2367 6061 2366 6060 2346 6040 2368 6062 2367 6061 2346 6040 2369 6063 2368 6062 2346 6040 2370 6064 2369 6063 2346 6040 2371 6065 2370 6064 2346 6040 2372 6066 2371 6065 2346 6040 2373 6067 2372 6066 2346 6040 2374 6068 2373 6067 2346 6040 2375 6069 2374 6068 2346 6040 2376 6070 2375 6069 2346 6040 2377 6071 2376 6070 2378 6072 2380 6074 2379 6073 2378 6072 2381 6075 2380 6074 2378 6072 2382 6076 2381 6075 2378 6072 2383 6077 2382 6076 2378 6072 2384 6078 2383 6077 2378 6072 2385 6079 2384 6078 2378 6072 2386 6080 2385 6079 2378 6072 2387 6081 2386 6080 2378 6072 2388 6082 2387 6081 2378 6072 2389 6083 2388 6082 2378 6072 2390 6084 2389 6083 2378 6072 2391 6085 2390 6084 2378 6072 2392 6086 2391 6085 2378 6072 2393 6087 2392 6086 2378 6072 2394 6088 2393 6087 2378 6072 2395 6089 2394 6088 2378 6072 2396 6090 2395 6089 2378 6072 2397 6091 2396 6090 2378 6072 2398 6092 2397 6091 2378 6072 2399 6093 2398 6092 2378 6072 2400 6094 2399 6093 2378 6072 2401 6095 2400 6094 2378 6072 2402 6096 2401 6095 2378 6072 2403 6097 2402 6096 2378 6072 2404 6098 2403 6097 2378 6072 2405 6099 2404 6098 2378 6072 2406 6100 2405 6099 2378 6072 2407 6101 2406 6100 2378 6072 2408 6102 2407 6101 2378 6072 2409 6103 2408 6102 2410 6104 2412 6106 2411 6105 2410 6104 2413 6107 2412 6106 2410 6104 2414 6108 2413 6107 2410 6104 2415 6109 2414 6108 2410 6104 2416 6110 2415 6109 2410 6104 2417 6111 2416 6110 2410 6104 2418 6112 2417 6111 2410 6104 2419 6113 2418 6112 2410 6104 2420 6114 2419 6113 2410 6104 2421 6115 2420 6114 2410 6104 2422 6116 2421 6115 2410 6104 2423 6117 2422 6116 2410 6104 2424 6118 2423 6117 2410 6104 2425 6119 2424 6118 2410 6104 2426 6120 2425 6119 2410 6104 2427 6121 2426 6120 2410 6104 2428 6122 2427 6121 2410 6104 2429 6123 2428 6122 2410 6104 2430 6124 2429 6123 2410 6104 2431 6125 2430 6124 2410 6104 2432 6126 2431 6125 2410 6104 2433 6127 2432 6126 2410 6104 2434 6128 2433 6127 2410 6104 2435 6129 2434 6128 2410 6104 2436 6130 2435 6129 2410 6104 2437 6131 2436 6130 2410 6104 2438 6132 2437 6131 2410 6104 2439 6133 2438 6132 2410 6104 2440 6133 2439 6133 2410 6104 2441 6134 2440 6133 2442 6135 2444 6137 2443 6136 2442 6135 2445 6138 2444 6137 2442 6135 2446 6139 2445 6138 2442 6135 2447 6140 2446 6139 2442 6135 2448 6141 2447 6140 2442 6135 2449 6142 2448 6141 2442 6135 2450 6143 2449 6142 2442 6135 2451 6144 2450 6143 2442 6135 2452 6145 2451 6144 2442 6135 2453 6146 2452 6145 2442 6135 2454 6147 2453 6146 2442 6135 2455 6148 2454 6147 2442 6135 2456 6149 2455 6148 2442 6135 2457 6150 2456 6149 2442 6135 2458 6151 2457 6150 2442 6135 2459 6152 2458 6151 2442 6135 2460 6153 2459 6152 2442 6135 2461 6154 2460 6153 2442 6135 2462 6155 2461 6154 2442 6135 2463 6156 2462 6155 2442 6135 2464 6157 2463 6156 2442 6135 2465 6158 2464 6157 2442 6135 2466 6159 2465 6158 2442 6135 2467 6160 2466 6159 2442 6135 2468 6161 2467 6160 2442 6135 2469 6162 2468 6161 2442 6135 2470 6163 2469 6162 2442 6135 2471 6164 2470 6163 2442 6135 2472 6165 2471 6164 2442 6135 2473 6166 2472 6165 2474 6167 2476 6169 2475 6168 2474 6167 2477 6170 2476 6169 2474 6167 2478 6171 2477 6170 2474 6167 2479 6172 2478 6171 2474 6167 2480 6173 2479 6172 2474 6167 2481 6174 2480 6173 2474 6167 2482 6175 2481 6174 2474 6167 2483 6176 2482 6175 2474 6167 2484 6177 2483 6176 2474 6167 2485 6178 2484 6177 2474 6167 2486 6179 2485 6178 2474 6167 2487 6180 2486 6179 2474 6167 2488 6181 2487 6180 2474 6167 2489 6182 2488 6181 2474 6167 2490 6183 2489 6182 2474 6167 2491 6184 2490 6183 2474 6167 2492 6185 2491 6184 2474 6167 2493 6186 2492 6185 2474 6167 2494 6187 2493 6186 2474 6167 2495 6188 2494 6187 2474 6167 2496 6189 2495 6188 2474 6167 2497 6190 2496 6189 2474 6167 2498 6191 2497 6190 2474 6167 2499 6192 2498 6191 2474 6167 2500 6193 2499 6192 2474 6167 2501 6194 2500 6193 2474 6167 2502 6195 2501 6194 2474 6167 2503 6196 2502 6195 2474 6167 2504 6197 2503 6196 2474 6167 2505 6198 2504 6197 2506 6199 2508 6201 2507 6200 2506 6199 2509 6202 2508 6201 2506 6199 2510 6203 2509 6202 2506 6199 2511 6204 2510 6203 2506 6199 2512 6205 2511 6204 2506 6199 2513 6206 2512 6205 2506 6199 2514 6207 2513 6206 2506 6199 2515 6208 2514 6207 2506 6199 2516 6209 2515 6208 2506 6199 2517 6210 2516 6209 2506 6199 2518 6211 2517 6210 2506 6199 2519 6212 2518 6211 2506 6199 2520 6213 2519 6212 2506 6199 2521 6214 2520 6213 2506 6199 2522 6215 2521 6214 2506 6199 2523 6216 2522 6215 2506 6199 2524 6217 2523 6216 2506 6199 2525 6218 2524 6217 2506 6199 2526 6219 2525 6218 2506 6199 2527 6220 2526 6219 2506 6199 2528 6221 2527 6220 2506 6199 2529 6222 2528 6221 2506 6199 2530 6223 2529 6222 2506 6199 2531 6224 2530 6223 2506 6199 2532 6225 2531 6224 2506 6199 2533 6226 2532 6225 2506 6199 2534 6227 2533 6226 2506 6199 2535 6228 2534 6227 2506 6199 2536 6229 2535 6228 2506 6199 2537 6230 2536 6229 2538 6231 2540 6233 2539 6232 2538 6231 2541 6234 2540 6233 2538 6231 2542 6235 2541 6234 2538 6231 2543 6236 2542 6235 2538 6231 2544 6237 2543 6236 2538 6231 2545 6238 2544 6237 2538 6231 2546 6239 2545 6238 2538 6231 2547 6240 2546 6239 2538 6231 2548 6241 2547 6240 2538 6231 2549 6242 2548 6241 2538 6231 2550 6243 2549 6242 2538 6231 2551 6244 2550 6243 2538 6231 2552 6245 2551 6244 2538 6231 2553 6246 2552 6245 2538 6231 2554 6247 2553 6246 2538 6231 2555 6248 2554 6247 2538 6231 2556 6249 2555 6248 2538 6231 2557 6250 2556 6249 2538 6231 2558 6251 2557 6250 2538 6231 2559 6252 2558 6251 2538 6231 2560 6253 2559 6252 2538 6231 2561 6254 2560 6253 2538 6231 2562 6255 2561 6254 2538 6231 2563 6256 2562 6255 2538 6231 2564 6257 2563 6256 2538 6231 2565 6258 2564 6257 2538 6231 2566 6259 2565 6258 2538 6231 2567 6260 2566 6259 2538 6231 2568 6261 2567 6260 2538 6231 2569 6262 2568 6261 2570 6263 2572 6265 2571 6264 2570 6263 2573 6266 2572 6265 2570 6263 2574 6267 2573 6266 2570 6263 2575 6268 2574 6267 2570 6263 2576 6269 2575 6268 2570 6263 2577 6270 2576 6269 2570 6263 2578 6271 2577 6270 2570 6263 2579 6272 2578 6271 2570 6263 2580 6273 2579 6272 2570 6263 2581 6274 2580 6273 2570 6263 2582 6275 2581 6274 2570 6263 2583 6276 2582 6275 2570 6263 2584 6277 2583 6276 2570 6263 2585 6278 2584 6277 2570 6263 2586 6279 2585 6278 2570 6263 2587 6280 2586 6279 2570 6263 2588 6281 2587 6280 2570 6263 2589 6282 2588 6281 2570 6263 2590 6283 2589 6282 2570 6263 2591 6284 2590 6283 2570 6263 2592 6285 2591 6284 2570 6263 2593 6286 2592 6285 2570 6263 2594 6287 2593 6286 2570 6263 2595 6288 2594 6287 2570 6263 2596 6289 2595 6288 2570 6263 2597 6290 2596 6289 2570 6263 2598 6291 2597 6290 2570 6263 2599 6292 2598 6291 2570 6263 2600 6293 2599 6292 2570 6263 2601 6294 2600 6293 2602 6295 2604 6297 2603 6296 2602 6295 2605 6298 2604 6297 2602 6295 2606 6299 2605 6298 2602 6295 2607 6300 2606 6299 2602 6295 2608 6301 2607 6300 2602 6295 2609 6302 2608 6301 2602 6295 2610 6303 2609 6302 2602 6295 2611 6304 2610 6303 2602 6295 2612 6305 2611 6304 2602 6295 2613 6306 2612 6305 2602 6295 2614 6307 2613 6306 2602 6295 2615 6308 2614 6307 2602 6295 2616 6309 2615 6308 2602 6295 2617 6310 2616 6309 2602 6295 2618 6311 2617 6310 2602 6295 2619 6312 2618 6311 2602 6295 2620 6313 2619 6312 2602 6295 2621 6314 2620 6313 2602 6295 2622 6315 2621 6314 2602 6295 2623 6316 2622 6315 2602 6295 2624 6317 2623 6316 2602 6295 2625 6318 2624 6317 2602 6295 2626 6319 2625 6318 2602 6295 2627 6320 2626 6319 2602 6295 2628 6321 2627 6320 2602 6295 2629 6322 2628 6321 2602 6295 2630 3811 2629 6322 2602 6295 2631 6323 2630 3811 2602 6295 2632 6324 2631 6323 2602 6295 2633 6325 2632 6324 2634 6326 2636 6328 2635 6327 2634 6326 2637 6329 2636 6328 2634 6326 2638 6330 2637 6329 2634 6326 2639 6331 2638 6330 2634 6326 2640 6332 2639 6331 2634 6326 2641 6333 2640 6332 2634 6326 2642 6334 2641 6333 2634 6326 2643 6335 2642 6334 2634 6326 2644 6336 2643 6335 2634 6326 2645 6337 2644 6336 2634 6326 2646 6338 2645 6337 2634 6326 2647 6339 2646 6338 2634 6326 2648 6340 2647 6339 2634 6326 2649 6341 2648 6340 2634 6326 2650 6342 2649 6341 2634 6326 2651 6343 2650 6342 2634 6326 2652 6344 2651 6343 2634 6326 2653 6345 2652 6344 2634 6326 2654 6346 2653 6345 2634 6326 2655 6347 2654 6346 2634 6326 2656 6348 2655 6347 2634 6326 2657 6349 2656 6348 2634 6326 2658 6350 2657 6349 2634 6326 2659 6351 2658 6350 2634 6326 2660 6352 2659 6351 2634 6326 2661 6353 2660 6352 2634 6326 2662 6354 2661 6353 2634 6326 2663 6355 2662 6354 2634 6326 2664 6356 2663 6355 2634 6326 2665 6357 2664 6356 2666 6358 2668 6360 2667 6359 2666 6358 2669 6361 2668 6360 2666 6358 2670 6362 2669 6361 2666 6358 2671 6363 2670 6362 2666 6358 2672 6364 2671 6363 2666 6358 2673 6365 2672 6364 2666 6358 2674 6366 2673 6365 2666 6358 2675 6367 2674 6366 2666 6358 2676 6368 2675 6367 2666 6358 2677 6369 2676 6368 2666 6358 2678 6370 2677 6369 2666 6358 2679 6371 2678 6370 2666 6358 2680 6372 2679 6371 2666 6358 2681 6373 2680 6372 2666 6358 2682 6374 2681 6373 2666 6358 2683 6375 2682 6374 2666 6358 2684 6376 2683 6375 2666 6358 2685 6377 2684 6376 2666 6358 2686 6378 2685 6377 2666 6358 2687 6379 2686 6378 2666 6358 2688 6380 2687 6379 2666 6358 2689 6381 2688 6380 2666 6358 2690 6382 2689 6381 2666 6358 2691 6383 2690 6382 2666 6358 2692 6384 2691 6383 2666 6358 2693 6385 2692 6384 2666 6358 2694 6386 2693 6385 2666 6358 2695 6387 2694 6386 2666 6358 2696 6388 2695 6387 2666 6358 2697 6389 2696 6388 2698 6390 2700 6392 2699 6391 2698 6390 2701 6393 2700 6392 2698 6390 2702 6394 2701 6393 2698 6390 2703 6395 2702 6394 2698 6390 2704 6396 2703 6395 2698 6390 2705 6397 2704 6396 2698 6390 2706 6398 2705 6397 2698 6390 2707 6399 2706 6398 2698 6390 2708 6400 2707 6399 2698 6390 2709 6401 2708 6400 2698 6390 2710 5754 2709 6401 2698 6390 2711 6402 2710 5754 2698 6390 2712 6403 2711 6402 2698 6390 2713 6404 2712 6403 2698 6390 2714 6405 2713 6404 2698 6390 2715 6406 2714 6405 2698 6390 2716 6407 2715 6406 2698 6390 2717 6408 2716 6407 2698 6390 2718 6409 2717 6408 2698 6390 2719 6410 2718 6409 2698 6390 2720 6411 2719 6410 2698 6390 2721 6412 2720 6411 2698 6390 2722 6413 2721 6412 2698 6390 2723 6414 2722 6413 2698 6390 2724 6415 2723 6414 2698 6390 2725 6416 2724 6415 2698 6390 2726 6417 2725 6416 2698 6390 2727 6418 2726 6417 2698 6390 2728 6419 2727 6418 2698 6390 2729 6420 2728 6419 2730 6421 2732 6423 2731 6422 2730 6421 2733 6424 2732 6423 2730 6421 2734 6425 2733 6424 2730 6421 2735 6426 2734 6425 2730 6421 2736 6427 2735 6426 2730 6421 2737 6428 2736 6427 2730 6421 2738 6429 2737 6428 2730 6421 2739 6430 2738 6429 2730 6421 2740 6431 2739 6430 2730 6421 2741 6432 2740 6431 2730 6421 2742 6433 2741 6432 2730 6421 2743 6434 2742 6433 2730 6421 2744 6435 2743 6434 2730 6421 2745 6436 2744 6435 2730 6421 2746 6437 2745 6436 2730 6421 2747 6438 2746 6437 2730 6421 2748 6439 2747 6438 2730 6421 2749 6440 2748 6439 2730 6421 2750 6441 2749 6440 2730 6421 2751 6442 2750 6441 2730 6421 2752 6443 2751 6442 2730 6421 2753 6444 2752 6443 2730 6421 2754 6445 2753 6444 2730 6421 2755 6446 2754 6445 2730 6421 2756 6447 2755 6446 2730 6421 2757 6448 2756 6447 2730 6421 2758 6449 2757 6448 2730 6421 2759 6450 2758 6449 2730 6421 2760 6451 2759 6450 2730 6421 2761 6452 2760 6451 2762 6453 2764 6455 2763 6454 2762 6453 2765 6456 2764 6455 2762 6453 2766 6457 2765 6456 2762 6453 2767 6458 2766 6457 2762 6453 2768 6459 2767 6458 2762 6453 2769 6460 2768 6459 2762 6453 2770 6461 2769 6460 2762 6453 2771 6462 2770 6461 2762 6453 2772 6463 2771 6462 2762 6453 2773 6464 2772 6463 2762 6453 2774 6465 2773 6464 2762 6453 2775 6466 2774 6465 2762 6453 2776 6467 2775 6466 2762 6453 2777 6468 2776 6467 2762 6453 2778 6469 2777 6468 2762 6453 2779 6470 2778 6469 2762 6453 2780 6471 2779 6470 2762 6453 2781 6472 2780 6471 2762 6453 2782 6473 2781 6472 2762 6453 2783 6474 2782 6473 2762 6453 2784 6475 2783 6474 2762 6453 2785 6476 2784 6475 2762 6453 2786 6477 2785 6476 2762 6453 2787 6478 2786 6477 2762 6453 2788 6479 2787 6478 2762 6453 2789 6480 2788 6479 2762 6453 2790 6481 2789 6480 2762 6453 2791 6482 2790 6481 2762 6453 2792 6483 2791 6482 2762 6453 2793 6484 2792 6483 2794 6485 2796 6487 2795 6486 2794 6485 2797 6488 2796 6487 2794 6485 2798 6489 2797 6488 2794 6485 2799 6490 2798 6489 2794 6485 2800 6491 2799 6490 2794 6485 2801 6492 2800 6491 2794 6485 2802 6493 2801 6492 2794 6485 2803 6494 2802 6493 2794 6485 2804 6495 2803 6494 2794 6485 2805 6496 2804 6495 2794 6485 2806 6497 2805 6496 2794 6485 2807 6498 2806 6497 2794 6485 2808 6499 2807 6498 2794 6485 2809 6500 2808 6499 2794 6485 2810 6501 2809 6500 2794 6485 2811 6502 2810 6501 2794 6485 2812 6503 2811 6502 2794 6485 2813 6504 2812 6503 2794 6485 2814 6505 2813 6504 2794 6485 2815 6506 2814 6505 2794 6485 2816 6507 2815 6506 2794 6485 2817 6508 2816 6507 2794 6485 2818 6509 2817 6508 2794 6485 2819 6510 2818 6509 2794 6485 2820 6511 2819 6510 2794 6485 2821 6512 2820 6511 2794 6485 2822 6513 2821 6512 2794 6485 2823 6514 2822 6513 2794 6485 2824 6515 2823 6514 2794 6485 2825 6516 2824 6515 2826 6517 2828 6519 2827 6518 2826 6517 2829 6520 2828 6519 2826 6517 2830 6521 2829 6520 2826 6517 2831 6522 2830 6521 2826 6517 2832 6523 2831 6522 2826 6517 2833 6524 2832 6523 2826 6517 2834 6525 2833 6524 2826 6517 2835 6526 2834 6525 2826 6517 2836 6527 2835 6526 2826 6517 2837 6528 2836 6527 2826 6517 2838 6529 2837 6528 2826 6517 2839 6530 2838 6529 2826 6517 2840 6531 2839 6530 2826 6517 2841 6532 2840 6531 2826 6517 2842 6533 2841 6532 2826 6517 2843 6534 2842 6533 2826 6517 2844 6535 2843 6534 2826 6517 2845 6536 2844 6535 2826 6517 2846 6537 2845 6536 2826 6517 2847 6538 2846 6537 2826 6517 2848 6539 2847 6538 2826 6517 2849 6540 2848 6539 2826 6517 2850 6541 2849 6540 2826 6517 2851 6542 2850 6541 2826 6517 2852 6543 2851 6542 2826 6517 2853 6544 2852 6543 2826 6517 2854 6545 2853 6544 2826 6517 2855 6546 2854 6545 2826 6517 2856 6547 2855 6546 2826 6517 2857 6548 2856 6547 2858 6549 2860 6551 2859 6550 2858 6549 2861 6552 2860 6551 2858 6549 2862 6553 2861 6552 2858 6549 2863 6554 2862 6553 2858 6549 2864 6555 2863 6554 2858 6549 2865 6556 2864 6555 2858 6549 2866 6557 2865 6556 2858 6549 2867 6558 2866 6557 2858 6549 2868 6559 2867 6558 2858 6549 2869 6560 2868 6559 2858 6549 2870 6561 2869 6560 2858 6549 2871 6562 2870 6561 2858 6549 2872 6563 2871 6562 2858 6549 2873 6564 2872 6563 2858 6549 2874 6565 2873 6564 2858 6549 2875 6566 2874 6565 2858 6549 2876 6567 2875 6566 2858 6549 2877 6568 2876 6567 2858 6549 2878 6569 2877 6568 2858 6549 2879 6570 2878 6569 2858 6549 2880 6571 2879 6570 2858 6549 2881 6572 2880 6571 2858 6549 2882 6573 2881 6572 2858 6549 2883 6574 2882 6573 2858 6549 2884 6575 2883 6574 2858 6549 2885 6576 2884 6575 2858 6549 2886 6577 2885 6576 2858 6549 2887 6578 2886 6577 2858 6549 2888 6579 2887 6578 2858 6549 2889 6580 2888 6579 2890 6581 2892 6583 2891 6582 2890 6581 2893 6584 2892 6583 2890 6581 2894 6585 2893 6584 2890 6581 2895 6586 2894 6585 2890 6581 2896 6587 2895 6586 2890 6581 2897 6588 2896 6587 2890 6581 2898 6589 2897 6588 2890 6581 2899 6590 2898 6589 2890 6581 2900 6591 2899 6590 2890 6581 2901 6592 2900 6591 2890 6581 2902 6593 2901 6592 2890 6581 2903 6594 2902 6593 2890 6581 2904 6595 2903 6594 2890 6581 2905 6596 2904 6595 2890 6581 2906 6597 2905 6596 2890 6581 2907 6598 2906 6597 2890 6581 2908 6599 2907 6598 2890 6581 2909 6600 2908 6599 2890 6581 2910 6601 2909 6600 2890 6581 2911 6602 2910 6601 2890 6581 2912 6603 2911 6602 2890 6581 2913 6604 2912 6603 2890 6581 2914 6605 2913 6604 2890 6581 2915 6606 2914 6605 2890 6581 2916 6607 2915 6606 2890 6581 2917 6608 2916 6607 2890 6581 2918 6609 2917 6608 2890 6581 2919 6610 2918 6609 2890 6581 2920 6611 2919 6610 2890 6581 2921 6612 2920 6611 2922 6613 2924 6615 2923 6614 2922 6613 2925 6616 2924 6615 2922 6613 2926 6617 2925 6616 2922 6613 2927 6618 2926 6617 2922 6613 2928 6619 2927 6618 2922 6613 2929 6620 2928 6619 2922 6613 2930 6621 2929 6620 2922 6613 2931 6622 2930 6621 2922 6613 2932 6623 2931 6622 2922 6613 2933 6624 2932 6623 2922 6613 2934 6625 2933 6624 2922 6613 2935 6626 2934 6625 2922 6613 2936 6627 2935 6626 2922 6613 2937 6628 2936 6627 2922 6613 2938 6629 2937 6628 2922 6613 2939 6630 2938 6629 2922 6613 2940 6631 2939 6630 2922 6613 2941 6632 2940 6631 2922 6613 2942 6633 2941 6632 2922 6613 2943 6634 2942 6633 2922 6613 2944 6635 2943 6634 2922 6613 2945 6636 2944 6635 2922 6613 2946 6637 2945 6636 2922 6613 2947 6638 2946 6637 2922 6613 2948 6639 2947 6638 2922 6613 2949 6640 2948 6639 2922 6613 2950 6641 2949 6640 2922 6613 2951 6642 2950 6641 2922 6613 2952 6643 2951 6642 2922 6613 2953 6644 2952 6643 2954 6645 2956 6647 2955 6646 2954 6645 2957 6648 2956 6647 2954 6645 2958 6649 2957 6648 2954 6645 2959 6650 2958 6649 2954 6645 2960 6651 2959 6650 2954 6645 2961 6652 2960 6651 2954 6645 2962 6653 2961 6652 2954 6645 2963 6654 2962 6653 2954 6645 2964 6655 2963 6654 2954 6645 2965 6656 2964 6655 2954 6645 2966 6657 2965 6656 2954 6645 2967 6658 2966 6657 2954 6645 2968 6659 2967 6658 2954 6645 2969 6660 2968 6659 2954 6645 2970 6661 2969 6660 2954 6645 2971 6662 2970 6661 2954 6645 2972 6663 2971 6662 2954 6645 2973 6664 2972 6663 2954 6645 2974 6665 2973 6664 2954 6645 2975 6666 2974 6665 2954 6645 2976 6667 2975 6666 2954 6645 2977 6668 2976 6667 2954 6645 2978 6669 2977 6668 2954 6645 2979 6670 2978 6669 2954 6645 2980 6671 2979 6670 2954 6645 2981 6672 2980 6671 2954 6645 2982 6673 2981 6672 2954 6645 2983 6674 2982 6673 2954 6645 2984 6675 2983 6674 2954 6645 2985 6676 2984 6675 2986 6677 2988 6679 2987 6678 2986 6677 2989 6680 2988 6679 2986 6677 2990 6681 2989 6680 2986 6677 2991 6682 2990 6681 2986 6677 2992 6683 2991 6682 2986 6677 2993 6684 2992 6683 2986 6677 2994 6685 2993 6684 2986 6677 2995 6686 2994 6685 2986 6677 2996 6687 2995 6686 2986 6677 2997 6688 2996 6687 2986 6677 2998 6689 2997 6688 2986 6677 2999 6690 2998 6689 2986 6677 3000 6691 2999 6690 2986 6677 3001 6692 3000 6691 2986 6677 3002 6693 3001 6692 2986 6677 3003 6694 3002 6693 2986 6677 3004 6695 3003 6694 2986 6677 3005 6696 3004 6695 2986 6677 3006 6697 3005 6696 2986 6677 3007 6698 3006 6697 2986 6677 3008 6699 3007 6698 2986 6677 3009 6700 3008 6699 2986 6677 3010 6701 3009 6700 2986 6677 3011 6702 3010 6701 2986 6677 3012 6703 3011 6702 2986 6677 3013 6704 3012 6703 2986 6677 3014 6705 3013 6704 2986 6677 3015 6706 3014 6705 2986 6677 3016 6707 3015 6706 2986 6677 3017 6708 3016 6707 3018 6709 3020 6711 3019 6710 3018 6709 3021 6712 3020 6711 3018 6709 3022 6713 3021 6712 3018 6709 3023 6714 3022 6713 3018 6709 3024 4507 3023 6714 3018 6709 3025 6715 3024 4507 3018 6709 3026 5654 3025 6715 3018 6709 3027 6716 3026 5654 3018 6709 3028 6717 3027 6716 3018 6709 3029 6718 3028 6717 3018 6709 3030 6719 3029 6718 3018 6709 3031 6720 3030 6719 3018 6709 3032 6721 3031 6720 3018 6709 3033 6722 3032 6721 3018 6709 3034 6723 3033 6722 3018 6709 3035 6724 3034 6723 3018 6709 3036 6725 3035 6724 3018 6709 3037 6726 3036 6725 3018 6709 3038 6727 3037 6726 3018 6709 3039 6728 3038 6727 3018 6709 3040 6729 3039 6728 3018 6709 3041 6730 3040 6729 3018 6709 3042 6731 3041 6730 3018 6709 3043 6732 3042 6731 3018 6709 3044 6733 3043 6732 3018 6709 3045 6734 3044 6733 3018 6709 3046 6735 3045 6734 3018 6709 3047 6736 3046 6735 3018 6709 3048 6737 3047 6736 3018 6709 3049 6738 3048 6737 3050 6739 3052 6741 3051 6740 3050 6739 3053 6742 3052 6741 3050 6739 3054 6743 3053 6742 3050 6739 3055 6744 3054 6743 3050 6739 3056 6745 3055 6744 3050 6739 3057 6746 3056 6745 3050 6739 3058 6747 3057 6746 3050 6739 3059 6748 3058 6747 3050 6739 3060 6749 3059 6748 3050 6739 3061 6750 3060 6749 3050 6739 3062 6751 3061 6750 3050 6739 3063 6752 3062 6751 3050 6739 3064 6753 3063 6752 3050 6739 3065 6754 3064 6753 3050 6739 3066 6755 3065 6754 3050 6739 3067 6756 3066 6755 3050 6739 3068 6757 3067 6756 3050 6739 3069 6758 3068 6757 3050 6739 3070 6759 3069 6758 3050 6739 3071 6760 3070 6759 3050 6739 3072 6761 3071 6760 3050 6739 3073 6762 3072 6761 3050 6739 3074 6763 3073 6762 3050 6739 3075 6764 3074 6763 3050 6739 3076 6765 3075 6764 3050 6739 3077 6766 3076 6765 3050 6739 3078 6767 3077 6766 3050 6739 3079 6768 3078 6767 3050 6739 3080 6769 3079 6768 3050 6739 3081 6770 3080 6769 3082 6771 3084 6773 3083 6772 3082 6771 3085 6774 3084 6773 3082 6771 3086 6775 3085 6774 3082 6771 3087 6776 3086 6775 3082 6771 3088 6777 3087 6776 3082 6771 3089 6778 3088 6777 3082 6771 3090 6779 3089 6778 3082 6771 3091 6780 3090 6779 3082 6771 3092 6781 3091 6780 3082 6771 3093 6782 3092 6781 3082 6771 3094 6783 3093 6782 3082 6771 3095 6784 3094 6783 3082 6771 3096 6785 3095 6784 3082 6771 3097 6786 3096 6785 3082 6771 3098 6787 3097 6786 3082 6771 3099 6788 3098 6787 3082 6771 3100 6789 3099 6788 3082 6771 3101 6790 3100 6789 3082 6771 3102 4775 3101 6790 3082 6771 3103 6791 3102 4775 3082 6771 3104 6792 3103 6791 3082 6771 3105 6793 3104 6792 3082 6771 3106 6794 3105 6793 3082 6771 3107 6795 3106 6794 3082 6771 3108 6796 3107 6795 3082 6771 3109 6797 3108 6796 3082 6771 3110 6798 3109 6797 3082 6771 3111 6799 3110 6798 3082 6771 3112 6800 3111 6799 3082 6771 3113 6801 3112 6800 3114 6802 3116 6804 3115 6803 3114 6802 3117 6805 3116 6804 3114 6802 3118 6806 3117 6805 3114 6802 3119 6807 3118 6806 3114 6802 3120 6808 3119 6807 3114 6802 3121 6809 3120 6808 3114 6802 3122 6810 3121 6809 3114 6802 3123 6811 3122 6810 3114 6802 3124 6812 3123 6811 3114 6802 3125 6813 3124 6812 3114 6802 3126 6814 3125 6813 3114 6802 3127 6815 3126 6814 3114 6802 3128 6816 3127 6815 3114 6802 3129 6817 3128 6816 3114 6802 3130 6818 3129 6817 3114 6802 3131 6819 3130 6818 3114 6802 3132 6820 3131 6819 3114 6802 3133 6821 3132 6820 3114 6802 3134 6822 3133 6821 3114 6802 3135 6823 3134 6822 3114 6802 3136 6824 3135 6823 3114 6802 3137 6825 3136 6824 3114 6802 3138 6826 3137 6825 3114 6802 3139 6827 3138 6826 3114 6802 3140 6828 3139 6827 3114 6802 3141 6829 3140 6828 3114 6802 3142 6830 3141 6829 3114 6802 3143 6831 3142 6830 3114 6802 3144 6832 3143 6831 3114 6802 3145 6833 3144 6832 3146 6834 3148 6836 3147 6835 3146 6834 3149 6837 3148 6836 3146 6834 3150 6838 3149 6837 3146 6834 3151 6839 3150 6838 3146 6834 3152 6840 3151 6839 3146 6834 3153 6841 3152 6840 3146 6834 3154 6842 3153 6841 3146 6834 3155 6843 3154 6842 3146 6834 3156 6844 3155 6843 3146 6834 3157 6845 3156 6844 3146 6834 3158 6846 3157 6845 3146 6834 3159 6847 3158 6846 3146 6834 3160 6848 3159 6847 3146 6834 3161 6849 3160 6848 3146 6834 3162 6850 3161 6849 3146 6834 3163 6851 3162 6850 3146 6834 3164 6852 3163 6851 3146 6834 3165 6853 3164 6852 3146 6834 3166 6854 3165 6853 3146 6834 3167 6855 3166 6854 3146 6834 3168 6856 3167 6855 3146 6834 3169 6857 3168 6856 3146 6834 3170 6858 3169 6857 3146 6834 3171 6859 3170 6858 3146 6834 3172 6860 3171 6859 3146 6834 3173 6861 3172 6860 3146 6834 3174 6862 3173 6861 3146 6834 3175 6863 3174 6862 3146 6834 3176 6864 3175 6863 3146 6834 3177 6865 3176 6864 3178 6866 3180 6868 3179 6867 3178 6866 3181 6869 3180 6868 3178 6866 3182 6870 3181 6869 3178 6866 3183 6871 3182 6870 3178 6866 3184 6872 3183 6871 3178 6866 3185 6873 3184 6872 3178 6866 3186 6874 3185 6873 3178 6866 3187 6875 3186 6874 3178 6866 3188 6876 3187 6875 3178 6866 3189 6877 3188 6876 3178 6866 3190 6878 3189 6877 3178 6866 3191 6879 3190 6878 3178 6866 3192 6880 3191 6879 3178 6866 3193 6881 3192 6880 3178 6866 3194 6882 3193 6881 3178 6866 3195 6883 3194 6882 3178 6866 3196 6884 3195 6883 3178 6866 3197 6885 3196 6884 3178 6866 3198 6886 3197 6885 3178 6866 3199 6887 3198 6886 3178 6866 3200 6888 3199 6887 3178 6866 3201 6889 3200 6888 3178 6866 3202 6890 3201 6889 3178 6866 3203 6891 3202 6890 3178 6866 3204 6892 3203 6891 3178 6866 3205 6893 3204 6892 3178 6866 3206 6894 3205 6893 3178 6866 3207 6895 3206 6894 3178 6866 3208 6896 3207 6895 3178 6866 3209 6897 3208 6896 3210 6898 3212 6900 3211 6899 3210 6898 3213 6901 3212 6900 3210 6898 3214 6902 3213 6901 3210 6898 3215 6903 3214 6902 3210 6898 3216 6904 3215 6903 3210 6898 3217 6905 3216 6904 3210 6898 3218 6906 3217 6905 3210 6898 3219 6907 3218 6906 3210 6898 3220 6908 3219 6907 3210 6898 3221 6909 3220 6908 3210 6898 3222 6910 3221 6909 3210 6898 3223 6911 3222 6910 3210 6898 3224 6912 3223 6911 3210 6898 3225 6913 3224 6912 3210 6898 3226 6914 3225 6913 3210 6898 3227 6915 3226 6914 3210 6898 3228 6916 3227 6915 3210 6898 3229 6917 3228 6916 3210 6898 3230 6918 3229 6917 3210 6898 3231 6919 3230 6918 3210 6898 3232 6920 3231 6919 3210 6898 3233 6921 3232 6920 3210 6898 3234 6922 3233 6921 3210 6898 3235 6923 3234 6922 3210 6898 3236 6924 3235 6923 3210 6898 3237 6925 3236 6924 3210 6898 3238 6926 3237 6925 3210 6898 3239 6927 3238 6926 3210 6898 3240 6928 3239 6927 3210 6898 3241 6929 3240 6928</p></triangles>
        <triangles count="600" material="MAT_COTTON_LEAF_5-mat"><input semantic="VERTEX" source="#ROW_14_SEG2_foliage-vtx" offset="0"/><input semantic="NORMAL" source="#ROW_14_SEG2_foliage-nrm" offset="1"/><p>3242 3229 3243 3230 3244 3231 3242 3229 3244 3231 3245 3232 3242 3229 3245 3232 3246 3233 3242 3229 3246 3233 3247 3234 3242 3229 3247 3234 3248 3235 3242 3229 3248 3235 3249 3236 3242 3229 3249 3236 3250 3237 3242 3229 3250 3237 3251 3238 3242 3229 3251 3238 3252 3239 3242 3229 3252 3239 3253 3240 3242 3229 3253 3240 3254 3241 3242 3229 3254 3241 3255 3242 3242 3229 3255 3242 3256 3243 3242 3229 3256 3243 3257 3244 3242 3229 3257 3244 3258 3245 3242 3229 3258 3245 3259 3246 3242 3229 3259 3246 3260 3247 3242 3229 3260 3247 3261 3248 3242 3229 3261 3248 3262 3249 3242 3229 3262 3249 3263 195 3242 3229 3263 195 3264 3250 3242 3229 3264 3250 3265 3251 3242 3229 3265 3251 3266 3252 3242 3229 3266 3252 3267 3253 3242 3229 3267 3253 3268 3254 3242 3229 3268 3254 3269 3255 3242 3229 3269 3255 3270 3256 3242 3229 3270 3256 3271 3257 3242 3229 3271 3257 3272 3258 3242 3229 3272 3258 3273 3259 3274 3260 3275 3261 3276 3262 3274 3260 3276 3262 3277 3263 3274 3260 3277 3263 3278 3264 3274 3260 3278 3264 3279 3265 3274 3260 3279 3265 3280 3266 3274 3260 3280 3266 3281 3267 3274 3260 3281 3267 3282 3268 3274 3260 3282 3268 3283 3269 3274 3260 3283 3269 3284 3270 3274 3260 3284 3270 3285 3271 3274 3260 3285 3271 3286 3272 3274 3260 3286 3272 3287 3273 3274 3260 3287 3273 3288 3274 3274 3260 3288 3274 3289 3275 3274 3260 3289 3275 3290 3276 3274 3260 3290 3276 3291 3277 3274 3260 3291 3277 3292 3278 3274 3260 3292 3278 3293 3279 3274 3260 3293 3279 3294 3280 3274 3260 3294 3280 3295 3281 3274 3260 3295 3281 3296 3282 3274 3260 3296 3282 3297 3283 3274 3260 3297 3283 3298 3284 3274 3260 3298 3284 3299 3285 3274 3260 3299 3285 3300 3286 3274 3260 3300 3286 3301 3287 3274 3260 3301 3287 3302 3288 3274 3260 3302 3288 3303 3289 3274 3260 3303 3289 3304 3290 3274 3260 3304 3290 3305 3291 3306 3292 3307 1824 3308 250 3306 3292 3308 250 3309 3293 3306 3292 3309 3293 3310 3294 3306 3292 3310 3294 3311 3295 3306 3292 3311 3295 3312 3296 3306 3292 3312 3296 3313 3297 3306 3292 3313 3297 3314 3298 3306 3292 3314 3298 3315 3299 3306 3292 3315 3299 3316 3300 3306 3292 3316 3300 3317 3301 3306 3292 3317 3301 3318 3302 3306 3292 3318 3302 3319 979 3306 3292 3319 979 3320 3303 3306 3292 3320 3303 3321 3304 3306 3292 3321 3304 3322 3305 3306 3292 3322 3305 3323 3306 3306 3292 3323 3306 3324 3307 3306 3292 3324 3307 3325 3308 3306 3292 3325 3308 3326 3309 3306 3292 3326 3309 3327 3310 3306 3292 3327 3310 3328 3311 3306 3292 3328 3311 3329 3312 3306 3292 3329 3312 3330 3313 3306 3292 3330 3313 3331 3314 3306 3292 3331 3314 3332 3315 3306 3292 3332 3315 3333 3316 3306 3292 3333 3316 3334 3317 3306 3292 3334 3317 3335 3318 3306 3292 3335 3318 3336 3319 3306 3292 3336 3319 3337 3320 3338 3321 3339 3322 3340 3323 3338 3321 3340 3323 3341 3324 3338 3321 3341 3324 3342 3325 3338 3321 3342 3325 3343 3326 3338 3321 3343 3326 3344 3327 3338 3321 3344 3327 3345 3328 3338 3321 3345 3328 3346 3329 3338 3321 3346 3329 3347 3330 3338 3321 3347 3330 3348 3331 3338 3321 3348 3331 3349 3332 3338 3321 3349 3332 3350 3333 3338 3321 3350 3333 3351 3334 3338 3321 3351 3334 3352 3335 3338 3321 3352 3335 3353 3336 3338 3321 3353 3336 3354 3337 3338 3321 3354 3337 3355 3338 3338 3321 3355 3338 3356 3339 3338 3321 3356 3339 3357 3340 3338 3321 3357 3340 3358 3341 3338 3321 3358 3341 3359 3342 3338 3321 3359 3342 3360 3343 3338 3321 3360 3343 3361 3344 3338 3321 3361 3344 3362 3345 3338 3321 3362 3345 3363 3346 3338 3321 3363 3346 3364 3347 3338 3321 3364 3347 3365 3348 3338 3321 3365 3348 3366 3349 3338 3321 3366 3349 3367 3350 3338 3321 3367 3350 3368 3351 3338 3321 3368 3351 3369 3352 3370 3353 3371 3354 3372 3355 3370 3353 3372 3355 3373 3356 3370 3353 3373 3356 3374 3357 3370 3353 3374 3357 3375 3358 3370 3353 3375 3358 3376 3359 3370 3353 3376 3359 3377 3360 3370 3353 3377 3360 3378 3361 3370 3353 3378 3361 3379 3362 3370 3353 3379 3362 3380 3363 3370 3353 3380 3363 3381 3364 3370 3353 3381 3364 3382 3365 3370 3353 3382 3365 3383 3366 3370 3353 3383 3366 3384 3367 3370 3353 3384 3367 3385 3368 3370 3353 3385 3368 3386 3369 3370 3353 3386 3369 3387 3370 3370 3353 3387 3370 3388 3371 3370 3353 3388 3371 3389 3372 3370 3353 3389 3372 3390 3373 3370 3353 3390 3373 3391 3374 3370 3353 3391 3374 3392 3375 3370 3353 3392 3375 3393 3376 3370 3353 3393 3376 3394 3377 3370 3353 3394 3377 3395 3378 3370 3353 3395 3378 3396 3379 3370 3353 3396 3379 3397 3380 3370 3353 3397 3380 3398 3381 3370 3353 3398 3381 3399 3382 3370 3353 3399 3382 3400 3383 3370 3353 3400 3383 3401 3384 3402 3385 3403 3386 3404 3387 3402 3385 3404 3387 3405 3388 3402 3385 3405 3388 3406 3389 3402 3385 3406 3389 3407 3390 3402 3385 3407 3390 3408 3391 3402 3385 3408 3391 3409 3392 3402 3385 3409 3392 3410 3393 3402 3385 3410 3393 3411 3394 3402 3385 3411 3394 3412 3395 3402 3385 3412 3395 3413 3396 3402 3385 3413 3396 3414 3397 3402 3385 3414 3397 3415 3398 3402 3385 3415 3398 3416 3399 3402 3385 3416 3399 3417 3400 3402 3385 3417 3400 3418 3401 3402 3385 3418 3401 3419 3402 3402 3385 3419 3402 3420 3403 3402 3385 3420 3403 3421 3404 3402 3385 3421 3404 3422 3405 3402 3385 3422 3405 3423 3406 3402 3385 3423 3406 3424 3407 3402 3385 3424 3407 3425 3408 3402 3385 3425 3408 3426 3409 3402 3385 3426 3409 3427 3410 3402 3385 3427 3410 3428 3411 3402 3385 3428 3411 3429 3412 3402 3385 3429 3412 3430 3413 3402 3385 3430 3413 3431 3414 3402 3385 3431 3414 3432 3415 3402 3385 3432 3415 3433 3416 3434 3417 3435 3418 3436 3419 3434 3417 3436 3419 3437 3420 3434 3417 3437 3420 3438 3421 3434 3417 3438 3421 3439 3422 3434 3417 3439 3422 3440 3423 3434 3417 3440 3423 3441 3424 3434 3417 3441 3424 3442 3425 3434 3417 3442 3425 3443 3426 3434 3417 3443 3426 3444 3427 3434 3417 3444 3427 3445 3428 3434 3417 3445 3428 3446 3429 3434 3417 3446 3429 3447 3430 3434 3417 3447 3430 3448 3431 3434 3417 3448 3431 3449 3432 3434 3417 3449 3432 3450 3433 3434 3417 3450 3433 3451 3434 3434 3417 3451 3434 3452 3435 3434 3417 3452 3435 3453 3436 3434 3417 3453 3436 3454 3437 3434 3417 3454 3437 3455 3438 3434 3417 3455 3438 3456 3439 3434 3417 3456 3439 3457 3440 3434 3417 3457 3440 3458 3441 3434 3417 3458 3441 3459 3442 3434 3417 3459 3442 3460 3443 3434 3417 3460 3443 3461 3444 3434 3417 3461 3444 3462 3445 3434 3417 3462 3445 3463 3446 3434 3417 3463 3446 3464 3447 3434 3417 3464 3447 3465 3448 3466 3449 3467 3450 3468 3451 3466 3449 3468 3451 3469 3452 3466 3449 3469 3452 3470 3453 3466 3449 3470 3453 3471 3454 3466 3449 3471 3454 3472 3455 3466 3449 3472 3455 3473 3456 3466 3449 3473 3456 3474 3457 3466 3449 3474 3457 3475 3458 3466 3449 3475 3458 3476 3459 3466 3449 3476 3459 3477 3460 3466 3449 3477 3460 3478 3461 3466 3449 3478 3461 3479 3462 3466 3449 3479 3462 3480 3463 3466 3449 3480 3463 3481 3464 3466 3449 3481 3464 3482 3465 3466 3449 3482 3465 3483 3466 3466 3449 3483 3466 3484 3467 3466 3449 3484 3467 3485 3468 3466 3449 3485 3468 3486 3469 3466 3449 3486 3469 3487 3470 3466 3449 3487 3470 3488 3471 3466 3449 3488 3471 3489 3472 3466 3449 3489 3472 3490 3473 3466 3449 3490 3473 3491 3474 3466 3449 3491 3474 3492 3475 3466 3449 3492 3475 3493 3476 3466 3449 3493 3476 3494 3477 3466 3449 3494 3477 3495 3478 3466 3449 3495 3478 3496 3479 3466 3449 3496 3479 3497 3480 3498 3481 3499 3482 3500 3483 3498 3481 3500 3483 3501 3484 3498 3481 3501 3484 3502 3485 3498 3481 3502 3485 3503 3486 3498 3481 3503 3486 3504 3487 3498 3481 3504 3487 3505 3488 3498 3481 3505 3488 3506 3489 3498 3481 3506 3489 3507 3490 3498 3481 3507 3490 3508 3491 3498 3481 3508 3491 3509 3492 3498 3481 3509 3492 3510 3493 3498 3481 3510 3493 3511 3494 3498 3481 3511 3494 3512 3495 3498 3481 3512 3495 3513 3496 3498 3481 3513 3496 3514 3497 3498 3481 3514 3497 3515 3498 3498 3481 3515 3498 3516 3499 3498 3481 3516 3499 3517 3500 3498 3481 3517 3500 3518 3501 3498 3481 3518 3501 3519 3502 3498 3481 3519 3502 3520 3503 3498 3481 3520 3503 3521 3504 3498 3481 3521 3504 3522 3505 3498 3481 3522 3505 3523 3506 3498 3481 3523 3506 3524 3507 3498 3481 3524 3507 3525 3508 3498 3481 3525 3508 3526 3509 3498 3481 3526 3509 3527 3510 3498 3481 3527 3510 3528 3511 3498 3481 3528 3511 3529 2047 3530 3512 3531 3513 3532 3514 3530 3512 3532 3514 3533 3515 3530 3512 3533 3515 3534 3516 3530 3512 3534 3516 3535 3517 3530 3512 3535 3517 3536 1824 3530 3512 3536 1824 3537 3518 3530 3512 3537 3518 3538 3519 3530 3512 3538 3519 3539 3520 3530 3512 3539 3520 3540 3521 3530 3512 3540 3521 3541 3522 3530 3512 3541 3522 3542 3523 3530 3512 3542 3523 3543 3524 3530 3512 3543 3524 3544 3525 3530 3512 3544 3525 3545 3526 3530 3512 3545 3526 3546 3527 3530 3512 3546 3527 3547 3528 3530 3512 3547 3528 3548 3529 3530 3512 3548 3529 3549 3530 3530 3512 3549 3530 3550 3531 3530 3512 3550 3531 3551 3532 3530 3512 3551 3532 3552 3533 3530 3512 3552 3533 3553 3534 3530 3512 3553 3534 3554 3535 3530 3512 3554 3535 3555 3536 3530 3512 3555 3536 3556 3537 3530 3512 3556 3537 3557 3538 3530 3512 3557 3538 3558 3539 3530 3512 3558 3539 3559 3540 3530 3512 3559 3540 3560 3541 3530 3512 3560 3541 3561 3542 3242 6930 3244 6932 3243 6931 3242 6930 3245 6933 3244 6932 3242 6930 3246 6934 3245 6933 3242 6930 3247 6935 3246 6934 3242 6930 3248 6936 3247 6935 3242 6930 3249 6937 3248 6936 3242 6930 3250 6938 3249 6937 3242 6930 3251 6939 3250 6938 3242 6930 3252 6940 3251 6939 3242 6930 3253 6941 3252 6940 3242 6930 3254 6942 3253 6941 3242 6930 3255 6943 3254 6942 3242 6930 3256 6944 3255 6943 3242 6930 3257 6945 3256 6944 3242 6930 3258 6946 3257 6945 3242 6930 3259 6947 3258 6946 3242 6930 3260 6948 3259 6947 3242 6930 3261 6949 3260 6948 3242 6930 3262 6950 3261 6949 3242 6930 3263 3896 3262 6950 3242 6930 3264 6951 3263 3896 3242 6930 3265 6952 3264 6951 3242 6930 3266 6953 3265 6952 3242 6930 3267 6954 3266 6953 3242 6930 3268 6955 3267 6954 3242 6930 3269 6956 3268 6955 3242 6930 3270 6957 3269 6956 3242 6930 3271 6958 3270 6957 3242 6930 3272 6959 3271 6958 3242 6930 3273 6960 3272 6959 3274 6961 3276 6963 3275 6962 3274 6961 3277 6964 3276 6963 3274 6961 3278 6965 3277 6964 3274 6961 3279 6966 3278 6965 3274 6961 3280 6967 3279 6966 3274 6961 3281 6968 3280 6967 3274 6961 3282 6969 3281 6968 3274 6961 3283 6970 3282 6969 3274 6961 3284 6971 3283 6970 3274 6961 3285 6972 3284 6971 3274 6961 3286 6973 3285 6972 3274 6961 3287 6974 3286 6973 3274 6961 3288 6975 3287 6974 3274 6961 3289 6976 3288 6975 3274 6961 3290 6977 3289 6976 3274 6961 3291 6978 3290 6977 3274 6961 3292 6979 3291 6978 3274 6961 3293 6980 3292 6979 3274 6961 3294 6981 3293 6980 3274 6961 3295 6982 3294 6981 3274 6961 3296 6983 3295 6982 3274 6961 3297 6984 3296 6983 3274 6961 3298 6985 3297 6984 3274 6961 3299 6986 3298 6985 3274 6961 3300 6987 3299 6986 3274 6961 3301 6988 3300 6987 3274 6961 3302 6989 3301 6988 3274 6961 3303 6990 3302 6989 3274 6961 3304 6991 3303 6990 3274 6961 3305 6992 3304 6991 3306 6993 3308 3951 3307 5525 3306 6993 3309 6994 3308 3951 3306 6993 3310 6995 3309 6994 3306 6993 3311 6996 3310 6995 3306 6993 3312 6997 3311 6996 3306 6993 3313 6998 3312 6997 3306 6993 3314 6999 3313 6998 3306 6993 3315 7000 3314 6999 3306 6993 3316 7001 3315 7000 3306 6993 3317 7002 3316 7001 3306 6993 3318 7003 3317 7002 3306 6993 3319 4680 3318 7003 3306 6993 3320 7004 3319 4680 3306 6993 3321 7005 3320 7004 3306 6993 3322 7006 3321 7005 3306 6993 3323 7007 3322 7006 3306 6993 3324 7008 3323 7007 3306 6993 3325 7009 3324 7008 3306 6993 3326 7010 3325 7009 3306 6993 3327 7011 3326 7010 3306 6993 3328 7012 3327 7011 3306 6993 3329 7013 3328 7012 3306 6993 3330 7014 3329 7013 3306 6993 3331 7015 3330 7014 3306 6993 3332 7016 3331 7015 3306 6993 3333 7017 3332 7016 3306 6993 3334 7018 3333 7017 3306 6993 3335 7019 3334 7018 3306 6993 3336 7020 3335 7019 3306 6993 3337 7021 3336 7020 3338 7022 3340 7024 3339 7023 3338 7022 3341 7025 3340 7024 3338 7022 3342 7026 3341 7025 3338 7022 3343 7027 3342 7026 3338 7022 3344 7028 3343 7027 3338 7022 3345 7029 3344 7028 3338 7022 3346 7030 3345 7029 3338 7022 3347 7031 3346 7030 3338 7022 3348 7032 3347 7031 3338 7022 3349 7033 3348 7032 3338 7022 3350 7034 3349 7033 3338 7022 3351 7035 3350 7034 3338 7022 3352 7036 3351 7035 3338 7022 3353 7037 3352 7036 3338 7022 3354 7038 3353 7037 3338 7022 3355 7039 3354 7038 3338 7022 3356 7040 3355 7039 3338 7022 3357 7041 3356 7040 3338 7022 3358 7042 3357 7041 3338 7022 3359 7043 3358 7042 3338 7022 3360 7044 3359 7043 3338 7022 3361 7045 3360 7044 3338 7022 3362 7046 3361 7045 3338 7022 3363 7047 3362 7046 3338 7022 3364 7048 3363 7047 3338 7022 3365 7049 3364 7048 3338 7022 3366 7050 3365 7049 3338 7022 3367 7051 3366 7050 3338 7022 3368 7052 3367 7051 3338 7022 3369 7053 3368 7052 3370 7054 3372 7056 3371 7055 3370 7054 3373 7057 3372 7056 3370 7054 3374 7058 3373 7057 3370 7054 3375 7059 3374 7058 3370 7054 3376 7060 3375 7059 3370 7054 3377 7061 3376 7060 3370 7054 3378 7062 3377 7061 3370 7054 3379 7063 3378 7062 3370 7054 3380 7064 3379 7063 3370 7054 3381 7065 3380 7064 3370 7054 3382 7066 3381 7065 3370 7054 3383 7067 3382 7066 3370 7054 3384 7068 3383 7067 3370 7054 3385 7069 3384 7068 3370 7054 3386 7070 3385 7069 3370 7054 3387 7071 3386 7070 3370 7054 3388 7072 3387 7071 3370 7054 3389 7073 3388 7072 3370 7054 3390 7074 3389 7073 3370 7054 3391 7075 3390 7074 3370 7054 3392 7076 3391 7075 3370 7054 3393 7077 3392 7076 3370 7054 3394 7078 3393 7077 3370 7054 3395 7079 3394 7078 3370 7054 3396 7080 3395 7079 3370 7054 3397 7081 3396 7080 3370 7054 3398 7082 3397 7081 3370 7054 3399 7083 3398 7082 3370 7054 3400 7084 3399 7083 3370 7054 3401 7085 3400 7084 3402 7086 3404 7088 3403 7087 3402 7086 3405 7089 3404 7088 3402 7086 3406 7090 3405 7089 3402 7086 3407 7091 3406 7090 3402 7086 3408 7092 3407 7091 3402 7086 3409 7093 3408 7092 3402 7086 3410 7094 3409 7093 3402 7086 3411 7095 3410 7094 3402 7086 3412 7096 3411 7095 3402 7086 3413 7097 3412 7096 3402 7086 3414 7098 3413 7097 3402 7086 3415 7099 3414 7098 3402 7086 3416 7100 3415 7099 3402 7086 3417 7101 3416 7100 3402 7086 3418 7102 3417 7101 3402 7086 3419 7103 3418 7102 3402 7086 3420 7104 3419 7103 3402 7086 3421 7105 3420 7104 3402 7086 3422 7106 3421 7105 3402 7086 3423 7107 3422 7106 3402 7086 3424 7108 3423 7107 3402 7086 3425 7109 3424 7108 3402 7086 3426 7110 3425 7109 3402 7086 3427 7111 3426 7110 3402 7086 3428 7112 3427 7111 3402 7086 3429 7113 3428 7112 3402 7086 3430 7114 3429 7113 3402 7086 3431 7115 3430 7114 3402 7086 3432 7116 3431 7115 3402 7086 3433 7117 3432 7116 3434 7118 3436 7120 3435 7119 3434 7118 3437 7121 3436 7120 3434 7118 3438 7122 3437 7121 3434 7118 3439 7123 3438 7122 3434 7118 3440 7124 3439 7123 3434 7118 3441 7125 3440 7124 3434 7118 3442 7126 3441 7125 3434 7118 3443 7127 3442 7126 3434 7118 3444 7128 3443 7127 3434 7118 3445 7129 3444 7128 3434 7118 3446 7130 3445 7129 3434 7118 3447 7131 3446 7130 3434 7118 3448 7132 3447 7131 3434 7118 3449 7133 3448 7132 3434 7118 3450 7134 3449 7133 3434 7118 3451 7135 3450 7134 3434 7118 3452 7136 3451 7135 3434 7118 3453 7137 3452 7136 3434 7118 3454 7138 3453 7137 3434 7118 3455 7139 3454 7138 3434 7118 3456 7140 3455 7139 3434 7118 3457 7141 3456 7140 3434 7118 3458 7142 3457 7141 3434 7118 3459 7143 3458 7142 3434 7118 3460 7144 3459 7143 3434 7118 3461 7145 3460 7144 3434 7118 3462 7146 3461 7145 3434 7118 3463 7147 3462 7146 3434 7118 3464 7148 3463 7147 3434 7118 3465 7149 3464 7148 3466 7150 3468 7152 3467 7151 3466 7150 3469 7153 3468 7152 3466 7150 3470 7154 3469 7153 3466 7150 3471 7155 3470 7154 3466 7150 3472 7156 3471 7155 3466 7150 3473 7157 3472 7156 3466 7150 3474 7158 3473 7157 3466 7150 3475 7159 3474 7158 3466 7150 3476 7160 3475 7159 3466 7150 3477 7161 3476 7160 3466 7150 3478 7162 3477 7161 3466 7150 3479 7163 3478 7162 3466 7150 3480 7164 3479 7163 3466 7150 3481 7165 3480 7164 3466 7150 3482 7166 3481 7165 3466 7150 3483 7167 3482 7166 3466 7150 3484 7168 3483 7167 3466 7150 3485 7169 3484 7168 3466 7150 3486 7170 3485 7169 3466 7150 3487 7171 3486 7170 3466 7150 3488 7172 3487 7171 3466 7150 3489 7173 3488 7172 3466 7150 3490 7174 3489 7173 3466 7150 3491 7175 3490 7174 3466 7150 3492 7176 3491 7175 3466 7150 3493 7177 3492 7176 3466 7150 3494 7178 3493 7177 3466 7150 3495 7179 3494 7178 3466 7150 3496 7180 3495 7179 3466 7150 3497 7181 3496 7180 3498 7182 3500 7184 3499 7183 3498 7182 3501 7185 3500 7184 3498 7182 3502 7186 3501 7185 3498 7182 3503 7187 3502 7186 3498 7182 3504 7188 3503 7187 3498 7182 3505 7189 3504 7188 3498 7182 3506 7190 3505 7189 3498 7182 3507 7191 3506 7190 3498 7182 3508 7192 3507 7191 3498 7182 3509 7193 3508 7192 3498 7182 3510 7194 3509 7193 3498 7182 3511 7195 3510 7194 3498 7182 3512 7196 3511 7195 3498 7182 3513 7197 3512 7196 3498 7182 3514 7198 3513 7197 3498 7182 3515 7199 3514 7198 3498 7182 3516 7200 3515 7199 3498 7182 3517 7201 3516 7200 3498 7182 3518 7202 3517 7201 3498 7182 3519 7203 3518 7202 3498 7182 3520 7204 3519 7203 3498 7182 3521 7205 3520 7204 3498 7182 3522 7206 3521 7205 3498 7182 3523 7207 3522 7206 3498 7182 3524 7208 3523 7207 3498 7182 3525 7209 3524 7208 3498 7182 3526 7210 3525 7209 3498 7182 3527 7211 3526 7210 3498 7182 3528 7212 3527 7211 3498 7182 3529 5748 3528 7212 3530 7213 3532 7215 3531 7214 3530 7213 3533 7216 3532 7215 3530 7213 3534 7217 3533 7216 3530 7213 3535 7218 3534 7217 3530 7213 3536 5525 3535 7218 3530 7213 3537 7219 3536 5525 3530 7213 3538 7220 3537 7219 3530 7213 3539 7221 3538 7220 3530 7213 3540 7222 3539 7221 3530 7213 3541 7223 3540 7222 3530 7213 3542 7224 3541 7223 3530 7213 3543 7225 3542 7224 3530 7213 3544 7226 3543 7225 3530 7213 3545 7227 3544 7226 3530 7213 3546 7228 3545 7227 3530 7213 3547 7229 3546 7228 3530 7213 3548 7230 3547 7229 3530 7213 3549 7231 3548 7230 3530 7213 3550 7232 3549 7231 3530 7213 3551 7233 3550 7232 3530 7213 3552 7234 3551 7233 3530 7213 3553 7235 3552 7234 3530 7213 3554 7236 3553 7235 3530 7213 3555 7237 3554 7236 3530 7213 3556 7238 3555 7237 3530 7213 3557 7239 3556 7238 3530 7213 3558 7240 3557 7239 3530 7213 3559 7241 3558 7240 3530 7213 3560 7242 3559 7241 3530 7213 3561 7243 3560 7242</p></triangles>
        <triangles count="300" material="MAT_COTTON_LEAF_1-mat"><input semantic="VERTEX" source="#ROW_14_SEG2_foliage-vtx" offset="0"/><input semantic="NORMAL" source="#ROW_14_SEG2_foliage-nrm" offset="1"/><p>3562 3543 3563 603 3564 3544 3562 3543 3564 3544 3565 3545 3562 3543 3565 3545 3566 3546 3562 3543 3566 3546 3567 3547 3562 3543 3567 3547 3568 3548 3562 3543 3568 3548 3569 3549 3562 3543 3569 3549 3570 3550 3562 3543 3570 3550 3571 3551 3562 3543 3571 3551 3572 3552 3562 3543 3572 3552 3573 3553 3562 3543 3573 3553 3574 3554 3562 3543 3574 3554 3575 3555 3562 3543 3575 3555 3576 3556 3562 3543 3576 3556 3577 3557 3562 3543 3577 3557 3578 3558 3562 3543 3578 3558 3579 3559 3562 3543 3579 3559 3580 3560 3562 3543 3580 3560 3581 3561 3562 3543 3581 3561 3582 3562 3562 3543 3582 3562 3583 3563 3562 3543 3583 3563 3584 3564 3562 3543 3584 3564 3585 3565 3562 3543 3585 3565 3586 3566 3562 3543 3586 3566 3587 3567 3562 3543 3587 3567 3588 3568 3562 3543 3588 3568 3589 3569 3562 3543 3589 3569 3590 3570 3562 3543 3590 3570 3591 3571 3562 3543 3591 3571 3592 3572 3562 3543 3592 3572 3593 3573 3594 3574 3595 3575 3596 3576 3594 3574 3596 3576 3597 3577 3594 3574 3597 3577 3598 3578 3594 3574 3598 3578 3599 3579 3594 3574 3599 3579 3600 3580 3594 3574 3600 3580 3601 3581 3594 3574 3601 3581 3602 3582 3594 3574 3602 3582 3603 3583 3594 3574 3603 3583 3604 3584 3594 3574 3604 3584 3605 3585 3594 3574 3605 3585 3606 3586 3594 3574 3606 3586 3607 3587 3594 3574 3607 3587 3608 3588 3594 3574 3608 3588 3609 3589 3594 3574 3609 3589 3610 3590 3594 3574 3610 3590 3611 3591 3594 3574 3611 3591 3612 3592 3594 3574 3612 3592 3613 3593 3594 3574 3613 3593 3614 3594 3594 3574 3614 3594 3615 3595 3594 3574 3615 3595 3616 3596 3594 3574 3616 3596 3617 3597 3594 3574 3617 3597 3618 3598 3594 3574 3618 3598 3619 3599 3594 3574 3619 3599 3620 3600 3594 3574 3620 3600 3621 3601 3594 3574 3621 3601 3622 3602 3594 3574 3622 3602 3623 3603 3594 3574 3623 3603 3624 3604 3594 3574 3624 3604 3625 3605 3626 3606 3627 3607 3628 3608 3626 3606 3628 3608 3629 3609 3626 3606 3629 3609 3630 3610 3626 3606 3630 3610 3631 3611 3626 3606 3631 3611 3632 3612 3626 3606 3632 3612 3633 3613 3626 3606 3633 3613 3634 3614 3626 3606 3634 3614 3635 3615 3626 3606 3635 3615 3636 3616 3626 3606 3636 3616 3637 3617 3626 3606 3637 3617 3638 3618 3626 3606 3638 3618 3639 3619 3626 3606 3639 3619 3640 3620 3626 3606 3640 3620 3641 3621 3626 3606 3641 3621 3642 3622 3626 3606 3642 3622 3643 3623 3626 3606 3643 3623 3644 3624 3626 3606 3644 3624 3645 3625 3626 3606 3645 3625 3646 3626 3626 3606 3646 3626 3647 3627 3626 3606 3647 3627 3648 3628 3626 3606 3648 3628 3649 3629 3626 3606 3649 3629 3650 3630 3626 3606 3650 3630 3651 3631 3626 3606 3651 3631 3652 3632 3626 3606 3652 3632 3653 3633 3626 3606 3653 3633 3654 3634 3626 3606 3654 3634 3655 3635 3626 3606 3655 3635 3656 3636 3626 3606 3656 3636 3657 3637 3658 3638 3659 3639 3660 3640 3658 3638 3660 3640 3661 3641 3658 3638 3661 3641 3662 3642 3658 3638 3662 3642 3663 3643 3658 3638 3663 3643 3664 3644 3658 3638 3664 3644 3665 3645 3658 3638 3665 3645 3666 3646 3658 3638 3666 3646 3667 3647 3658 3638 3667 3647 3668 3648 3658 3638 3668 3648 3669 3649 3658 3638 3669 3649 3670 3650 3658 3638 3670 3650 3671 3651 3658 3638 3671 3651 3672 3652 3658 3638 3672 3652 3673 3653 3658 3638 3673 3653 3674 3654 3658 3638 3674 3654 3675 3655 3658 3638 3675 3655 3676 3656 3658 3638 3676 3656 3677 3657 3658 3638 3677 3657 3678 3658 3658 3638 3678 3658 3679 3659 3658 3638 3679 3659 3680 3660 3658 3638 3680 3660 3681 3661 3658 3638 3681 3661 3682 3662 3658 3638 3682 3662 3683 3663 3658 3638 3683 3663 3684 3664 3658 3638 3684 3664 3685 3665 3658 3638 3685 3665 3686 3666 3658 3638 3686 3666 3687 3667 3658 3638 3687 3667 3688 3668 3658 3638 3688 3668 3689 3669 3690 3670 3691 3671 3692 3672 3690 3670 3692 3672 3693 3673 3690 3670 3693 3673 3694 3674 3690 3670 3694 3674 3695 3675 3690 3670 3695 3675 3696 3676 3690 3670 3696 3676 3697 3677 3690 3670 3697 3677 3698 3678 3690 3670 3698 3678 3699 3679 3690 3670 3699 3679 3700 3680 3690 3670 3700 3680 3701 3681 3690 3670 3701 3681 3702 3682 3690 3670 3702 3682 3703 3683 3690 3670 3703 3683 3704 3684 3690 3670 3704 3684 3705 1895 3690 3670 3705 1895 3706 3685 3690 3670 3706 3685 3707 3686 3690 3670 3707 3686 3708 3687 3690 3670 3708 3687 3709 3688 3690 3670 3709 3688 3710 3689 3690 3670 3710 3689 3711 3690 3690 3670 3711 3690 3712 3691 3690 3670 3712 3691 3713 3692 3690 3670 3713 3692 3714 3693 3690 3670 3714 3693 3715 3694 3690 3670 3715 3694 3716 3695 3690 3670 3716 3695 3717 3696 3690 3670 3717 3696 3718 3697 3690 3670 3718 3697 3719 3698 3690 3670 3719 3698 3720 3699 3690 3670 3720 3699 3721 3700 3562 7244 3564 7245 3563 4304 3562 7244 3565 7246 3564 7245 3562 7244 3566 7247 3565 7246 3562 7244 3567 7248 3566 7247 3562 7244 3568 7249 3567 7248 3562 7244 3569 7250 3568 7249 3562 7244 3570 7251 3569 7250 3562 7244 3571 7252 3570 7251 3562 7244 3572 7253 3571 7252 3562 7244 3573 7254 3572 7253 3562 7244 3574 7255 3573 7254 3562 7244 3575 7256 3574 7255 3562 7244 3576 7257 3575 7256 3562 7244 3577 7258 3576 7257 3562 7244 3578 7259 3577 7258 3562 7244 3579 7260 3578 7259 3562 7244 3580 7261 3579 7260 3562 7244 3581 7262 3580 7261 3562 7244 3582 7263 3581 7262 3562 7244 3583 7264 3582 7263 3562 7244 3584 7265 3583 7264 3562 7244 3585 7266 3584 7265 3562 7244 3586 7267 3585 7266 3562 7244 3587 7268 3586 7267 3562 7244 3588 7269 3587 7268 3562 7244 3589 7270 3588 7269 3562 7244 3590 7271 3589 7270 3562 7244 3591 7272 3590 7271 3562 7244 3592 7273 3591 7272 3562 7244 3593 7274 3592 7273 3594 7275 3596 7277 3595 7276 3594 7275 3597 7278 3596 7277 3594 7275 3598 7279 3597 7278 3594 7275 3599 7280 3598 7279 3594 7275 3600 7281 3599 7280 3594 7275 3601 7282 3600 7281 3594 7275 3602 7283 3601 7282 3594 7275 3603 7284 3602 7283 3594 7275 3604 7285 3603 7284 3594 7275 3605 7286 3604 7285 3594 7275 3606 7287 3605 7286 3594 7275 3607 7288 3606 7287 3594 7275 3608 7289 3607 7288 3594 7275 3609 7290 3608 7289 3594 7275 3610 7291 3609 7290 3594 7275 3611 7292 3610 7291 3594 7275 3612 7293 3611 7292 3594 7275 3613 7294 3612 7293 3594 7275 3614 7295 3613 7294 3594 7275 3615 7296 3614 7295 3594 7275 3616 7297 3615 7296 3594 7275 3617 7298 3616 7297 3594 7275 3618 7299 3617 7298 3594 7275 3619 7300 3618 7299 3594 7275 3620 7301 3619 7300 3594 7275 3621 7302 3620 7301 3594 7275 3622 7303 3621 7302 3594 7275 3623 7304 3622 7303 3594 7275 3624 7305 3623 7304 3594 7275 3625 7306 3624 7305 3626 7307 3628 7309 3627 7308 3626 7307 3629 7310 3628 7309 3626 7307 3630 7311 3629 7310 3626 7307 3631 7312 3630 7311 3626 7307 3632 7313 3631 7312 3626 7307 3633 7314 3632 7313 3626 7307 3634 7315 3633 7314 3626 7307 3635 7316 3634 7315 3626 7307 3636 7317 3635 7316 3626 7307 3637 7318 3636 7317 3626 7307 3638 7319 3637 7318 3626 7307 3639 7320 3638 7319 3626 7307 3640 7321 3639 7320 3626 7307 3641 7322 3640 7321 3626 7307 3642 7323 3641 7322 3626 7307 3643 7324 3642 7323 3626 7307 3644 7325 3643 7324 3626 7307 3645 7326 3644 7325 3626 7307 3646 7327 3645 7326 3626 7307 3647 7328 3646 7327 3626 7307 3648 7329 3647 7328 3626 7307 3649 7330 3648 7329 3626 7307 3650 7331 3649 7330 3626 7307 3651 7332 3650 7331 3626 7307 3652 7333 3651 7332 3626 7307 3653 7334 3652 7333 3626 7307 3654 7335 3653 7334 3626 7307 3655 7336 3654 7335 3626 7307 3656 7337 3655 7336 3626 7307 3657 7338 3656 7337 3658 7339 3660 7341 3659 7340 3658 7339 3661 7342 3660 7341 3658 7339 3662 7343 3661 7342 3658 7339 3663 7344 3662 7343 3658 7339 3664 7345 3663 7344 3658 7339 3665 7346 3664 7345 3658 7339 3666 7347 3665 7346 3658 7339 3667 7348 3666 7347 3658 7339 3668 7349 3667 7348 3658 7339 3669 7350 3668 7349 3658 7339 3670 7351 3669 7350 3658 7339 3671 7352 3670 7351 3658 7339 3672 7353 3671 7352 3658 7339 3673 7354 3672 7353 3658 7339 3674 7355 3673 7354 3658 7339 3675 7356 3674 7355 3658 7339 3676 7357 3675 7356 3658 7339 3677 7358 3676 7357 3658 7339 3678 7359 3677 7358 3658 7339 3679 7360 3678 7359 3658 7339 3680 7361 3679 7360 3658 7339 3681 7362 3680 7361 3658 7339 3682 7363 3681 7362 3658 7339 3683 7364 3682 7363 3658 7339 3684 7365 3683 7364 3658 7339 3685 7366 3684 7365 3658 7339 3686 7367 3685 7366 3658 7339 3687 7368 3686 7367 3658 7339 3688 7369 3687 7368 3658 7339 3689 7370 3688 7369 3690 7371 3692 7373 3691 7372 3690 7371 3693 7374 3692 7373 3690 7371 3694 7375 3693 7374 3690 7371 3695 7376 3694 7375 3690 7371 3696 7377 3695 7376 3690 7371 3697 7378 3696 7377 3690 7371 3698 7379 3697 7378 3690 7371 3699 7380 3698 7379 3690 7371 3700 7381 3699 7380 3690 7371 3701 7382 3700 7381 3690 7371 3702 7383 3701 7382 3690 7371 3703 7384 3702 7383 3690 7371 3704 7385 3703 7384 3690 7371 3705 5596 3704 7385 3690 7371 3706 7386 3705 5596 3690 7371 3707 7387 3706 7386 3690 7371 3708 7388 3707 7387 3690 7371 3709 7389 3708 7388 3690 7371 3710 7390 3709 7389 3690 7371 3711 7391 3710 7390 3690 7371 3712 7392 3711 7391 3690 7371 3713 7393 3712 7392 3690 7371 3714 7394 3713 7393 3690 7371 3715 7395 3714 7394 3690 7371 3716 7396 3715 7395 3690 7371 3717 7397 3716 7396 3690 7371 3718 7398 3717 7397 3690 7371 3719 7399 3718 7398 3690 7371 3720 7400 3719 7399 3690 7371 3721 7401 3720 7400</p></triangles>
      </mesh>
    </geometry>
  </library_geometries>
  <library_visual_scenes><visual_scene id="scene" name="scene">
    <node id="ROW_14_SEG2_foliage" name="ROW_14_SEG2_foliage" type="NODE"><instance_geometry url="#ROW_14_SEG2_foliage-mesh"><bind_material><technique_common>
      <instance_material symbol="MAT_COTTON_LEAF_4-mat" target="#MAT_COTTON_LEAF_4"/>
      <instance_material symbol="MAT_COTTON_COTYL-mat" target="#MAT_COTTON_COTYL"/>
      <instance_material symbol="MAT_COTTON_LEAF_0-mat" target="#MAT_COTTON_LEAF_0"/>
      <instance_material symbol="MAT_COTTON_LEAF_2-mat" target="#MAT_COTTON_LEAF_2"/>
      <instance_material symbol="MAT_COTTON_LEAF_3-mat" target="#MAT_COTTON_LEAF_3"/>
      <instance_material symbol="MAT_COTTON_LEAF_5-mat" target="#MAT_COTTON_LEAF_5"/>
      <instance_material symbol="MAT_COTTON_LEAF_1-mat" target="#MAT_COTTON_LEAF_1"/>
    </technique_common></bind_material></instance_geometry></node>
  </visual_scene></library_visual_scenes>
  <scene><instance_visual_scene url="#scene"/></scene>
<!-- vigil:double-sided -->
</COLLADA>
