<?xml version="1.0" encoding="utf-8"?>
<COLLADA xmlns="http://www.collada.org/2005/11/COLLADASchema" version="1.4.1">
  <asset>
    <contributor><authoring_tool>VIGIL SIH26126 farm generator</authoring_tool></contributor>
    <unit name="meter" meter="1"/>
    <up_axis>Z_UP</up_axis>
  </asset>
  <library_effects>
    <effect id="MAT_COTTON_LEAF_2-fx"><profile_COMMON><technique sid="c"><lambert><diffuse><color>0.0310 0.0810 0.0150 1</color></diffuse></lambert></technique></profile_COMMON></effect>
    <effect id="MAT_COTTON_COTYL-fx"><profile_COMMON><technique sid="c"><lambert><diffuse><color>0.0720 0.1320 0.0380 1</color></diffuse></lambert></technique></profile_COMMON></effect>
    <effect id="MAT_COTTON_LEAF_4-fx"><profile_COMMON><technique sid="c"><lambert><diffuse><color>0.0460 0.1080 0.0220 1</color></diffuse></lambert></technique></profile_COMMON></effect>
    <effect id="MAT_COTTON_LEAF_0-fx"><profile_COMMON><technique sid="c"><lambert><diffuse><color>0.0400 0.0980 0.0190 1</color></diffuse></lambert></technique></profile_COMMON></effect>
    <effect id="MAT_COTTON_LEAF_1-fx"><profile_COMMON><technique sid="c"><lambert><diffuse><color>0.0530 0.1240 0.0240 1</color></diffuse></lambert></technique></profile_COMMON></effect>
    <effect id="MAT_COTTON_LEAF_3-fx"><profile_COMMON><technique sid="c"><lambert><diffuse><color>0.0630 0.1360 0.0300 1</color></diffuse></lambert></technique></profile_COMMON></effect>
    <effect id="MAT_COTTON_LEAF_5-fx"><profile_COMMON><technique sid="c"><lambert><diffuse><color>0.0360 0.0900 0.0170 1</color></diffuse></lambert></technique></profile_COMMON></effect>
  </library_effects>
  <library_materials>
    <material id="MAT_COTTON_LEAF_2" name="MAT_COTTON_LEAF_2"><instance_effect url="#MAT_COTTON_LEAF_2-fx"/></material>
    <material id="MAT_COTTON_COTYL" name="MAT_COTTON_COTYL"><instance_effect url="#MAT_COTTON_COTYL-fx"/></material>
    <material id="MAT_COTTON_LEAF_4" name="MAT_COTTON_LEAF_4"><instance_effect url="#MAT_COTTON_LEAF_4-fx"/></material>
    <material id="MAT_COTTON_LEAF_0" name="MAT_COTTON_LEAF_0"><instance_effect url="#MAT_COTTON_LEAF_0-fx"/></material>
    <material id="MAT_COTTON_LEAF_1" name="MAT_COTTON_LEAF_1"><instance_effect url="#MAT_COTTON_LEAF_1-fx"/></material>
    <material id="MAT_COTTON_LEAF_3" name="MAT_COTTON_LEAF_3"><instance_effect url="#MAT_COTTON_LEAF_3-fx"/></material>
    <material id="MAT_COTTON_LEAF_5" name="MAT_COTTON_LEAF_5"><instance_effect url="#MAT_COTTON_LEAF_5-fx"/></material>
  </library_materials>
  <library_geometries>
    <geometry id="ROW_21_SEG3_foliage-mesh" name="ROW_21_SEG3_foliage">
      <mesh>
        <source id="ROW_21_SEG3_foliage-pos"><float_array id="ROW_21_SEG3_foliage-pos-a" count="10992">-2.1327 -0.019143 0.044608 -2.127 -0.0078764 0.041474 -2.1227 -0.0075645 0.040254 -2.1172 -0.0096598 0.03898 -2.1128 -0.013662 0.038187 -2.1091 -0.01884 0.037604 -2.1042 -0.023644 0.036243 -2.0992 -0.030452 0.034725 -2.0967 -0.037775 0.033902 -2.0979 -0.043593 0.034376 -2.1034 -0.046189 0.036576 -2.1112 -0.045904 0.039561 -2.1184 -0.042718 0.042099 -2.1199 -0.047717 0.042365 -2.1231 -0.055551 0.042674 -2.1294 -0.062554 0.043445 -2.1369 -0.066075 0.044424 -2.1436 -0.061297 0.045857 -2.1485 -0.053295 0.047001 -2.1502 -0.045027 0.047526 -2.1508 -0.039839 0.047623 -2.1589 -0.041664 0.047696 -2.1672 -0.040521 0.047451 -2.1726 -0.036964 0.047093 -2.1728 -0.031023 0.046855 -2.1689 -0.024263 0.046596 -2.1627 -0.018455 0.046201 -2.1568 -0.014606 0.045727 -2.1523 -0.010159 0.044907 -2.1472 -0.0069971 0.044088 -2.1414 -0.0059061 0.043435 -2.1371 -0.0069761 0.043201 -2.1103 0.032559 0.085519 -2.1269 0.022897 0.084836 -2.1321 0.025723 0.08428 -2.1367 0.032344 0.083624 -2.1386 0.040467 0.083037 -2.1386 0.049439 0.082266 -2.1405 0.058736 0.080825 -2.1408 0.070383 0.078637 -2.138 0.080837 0.076296 -2.1319 0.086888 0.074748 -2.1233 0.08608 0.075051 -2.1141 0.080215 0.076699 -2.1079 0.071328 0.079042 -2.1022 0.076079 0.07723 -2.0925 0.082885 0.073774 -2.0799 0.086402 0.070152 -2.0687 0.084993 0.067966 -2.0648 0.074533 0.070528 -2.0653 0.061549 0.074451 -2.0697 0.050558 0.07804 -2.073 0.043945 0.079911 -2.0629 0.040035 0.077974 -2.0549 0.032481 0.076752 -2.0521 0.024257 0.076735 -2.0566 0.017005 0.078322 -2.0661 0.011769 0.080497 -2.0776 0.0094061 0.08239 -2.0871 0.0090351 0.083548 -2.0958 0.0069447 0.084101 -2.1042 0.0067873 0.084435 -2.1117 0.0097313 0.084788 -2.1157 0.014158 0.085114 -2.1599 0.0086689 0.10939 -2.137 0.0014219 0.1102 -2.1353 -0.005311 0.11189 -2.1377 -0.014352 0.1145 -2.144 -0.022065 0.1169 -2.1525 -0.028947 0.11891 -2.1599 -0.037869 0.12088 -2.1708 -0.047509 0.12245 -2.1833 -0.053559 0.1226 -2.1942 -0.053436 0.12126 -2.2007 -0.045382 0.11888 -2.2026 -0.03269 0.11613 -2.1992 -0.020096 0.11404 -2.2086 -0.019395 0.11215 -2.2234 -0.017344 0.10817 -2.2375 -0.010485 0.10226 -2.2457 -0.00068092 0.096728 -2.2388 0.011348 0.095197 -2.2258 0.021888 0.095471 -2.2114 0.027513 0.09697 -2.2022 0.030216 0.097756 -2.2071 0.041171 0.092233 -2.2066 0.05318 0.086983 -2.2011 0.061749 0.083991 -2.1904 0.063822 0.084614 -2.1773 0.060246 0.087583 -2.1653 0.052772 0.091549 -2.157 0.04525 0.094897 -2.1477 0.03947 0.096989 -2.1405 0.032539 0.09933 -2.137 0.02401 0.10241 -2.1379 0.017429 0.10502 -2.1092 -0.0079679 0.13422 -2.1173 0.011607 0.1341 -2.1135 0.017244 0.1332 -2.1055 0.021724 0.1318 -2.0961 0.022796 0.13035 -2.086 0.021735 0.1287 -2.0752 0.022749 0.12625 -2.0619 0.021715 0.12291 -2.0504 0.017051 0.11977 -2.0445 0.0093355 0.11812 -2.0468 -0.00049019 0.11914 -2.055 -0.010186 0.12188 -2.0661 -0.015947 0.12524 -2.0616 -0.023112 0.12344 -2.0553 -0.035255 0.12018 -2.0533 -0.050276 0.11717 -2.0567 -0.062978 0.11567 -2.0693 -0.065999 0.11865 -2.0839 -0.063444 0.12283 -2.0956 -0.056702 0.12659 -2.1025 -0.051875 0.12861 -2.1087 -0.063159 0.12685 -2.1187 -0.071352 0.12579 -2.1286 -0.073558 0.1259 -2.1361 -0.06736 0.12769 -2.1403 -0.055596 0.13016 -2.1409 -0.042028 0.13233 -2.1395 -0.031039 0.13365 -2.1403 -0.020823 0.13445 -2.139 -0.011399 0.13491 -2.1344 -0.0033512 0.13514 -2.1286 0.00045109 0.13515 -2.132 0.041699 0.13598 -2.1358 0.030224 0.13382 -2.1399 0.028817 0.13248 -2.1457 0.029732 0.13094 -2.1508 0.032941 0.12982 -2.1556 0.037592 0.1288 -2.1618 0.041759 0.12701 -2.1685 0.048227 0.12486 -2.1724 0.055817 0.12317 -2.172 0.062439 0.1227 -2.1663 0.06619 0.12424 -2.1577 0.067018 0.12709 -2.1495 0.0644 0.13015 -2.1487 0.070272 0.12952 -2.1463 0.07971 0.12827 -2.1404 0.088761 0.12757 -2.1327 0.094021 0.12804 -2.1253 0.089554 0.13138 -2.1195 0.081118 0.13503 -2.1172 0.071926 0.13747 -2.1162 0.066148 0.13855 -2.1078 0.069643 0.1397 -2.0988 0.069737 0.14129 -2.0927 0.066606 0.14271 -2.0919 0.060046 0.14349 -2.0954 0.052065 0.1433 -2.1016 0.044922 0.1422 -2.1075 0.040115 0.14092 -2.1117 0.034995 0.13969 -2.1164 0.031267 0.13832 -2.1222 0.029747 0.13695 -2.1265 0.030708 0.13615 -2.1406 -0.0032787 0.15607 -2.1341 0.0013494 0.15609 -2.1317 0.00034809 0.15595 -2.1294 -0.002244 0.15579 -2.1282 -0.0055504 0.15562 -2.1276 -0.0092573 0.15535 -2.1263 -0.013014 0.15488 -2.1255 -0.017774 0.15409 -2.1261 -0.022146 0.15314 -2.1283 -0.024821 0.15234 -2.1319 -0.024789 0.15215 -2.1361 -0.022717 0.15249 -2.1393 -0.019313 0.15325 -2.1414 -0.021429 0.15237 -2.145 -0.024501 0.15071 -2.1501 -0.026317 0.14895 -2.1548 -0.026087 0.14788 -2.1571 -0.021967 0.14903 -2.1577 -0.016674 0.15086 -2.1566 -0.012053 0.15254 -2.1556 -0.0092402 0.15343 -2.16 -0.0079651 0.15276 -2.1638 -0.0051327 0.15252 -2.1655 -0.0018606 0.15277 -2.164 0.0012617 0.15357 -2.1604 0.0037422 0.15449 -2.1557 0.005125 0.15521 -2.1518 0.0056295 0.15563 -2.1482 0.0068197 0.15585 -2.1447 0.0071993 0.15597 -2.1413 0.0062704 0.15606 -2.1394 0.0045967 0.15615 -1.8304 0.019752 0.059797 -1.8327 0.0029459 0.056211 -1.8379 0.00069046 0.054548 -1.8456 0.00095463 0.052656 -1.8529 0.0040951 0.051309 -1.8597 0.0090284 0.050183 -1.8679 0.012939 0.048037 -1.877 0.019355 0.045569 -1.8833 0.027499 0.044032 -1.8843 0.035359 0.044347 -1.8786 0.041062 0.047191 -1.8687 0.044161 0.05127 -1.8583 0.04333 0.054914 -1.8585 0.050294 0.05501 -1.8578 0.061552 0.055034 -1.8528 0.073117 0.05577 -1.8449 0.080791 0.056997 -1.8345 0.077661 0.059269 -1.8249 0.069701 0.061312 -1.8193 0.060014 0.062497 -1.8163 0.053735 0.062928 -1.8068 0.059484 0.063072 -1.7959 0.061546 0.062969 -1.7876 0.059315 0.062799 -1.7848 0.051898 0.062824 -1.7868 0.041715 0.062792 -1.7922 0.031694 0.062483 -1.798 0.024329 0.061969 -1.8018 0.016754 0.061059 -1.8068 0.010576 0.060068 -1.8137 0.0066824 0.059163 -1.8196 0.0061989 0.058716 -1.8382 -0.053001 0.11598 -1.8214 -0.033804 0.11485 -1.8135 -0.035174 0.11438 -1.8048 -0.041595 0.11397 -1.7991 -0.051109 0.11369 -1.7952 -0.062462 0.11319 -1.7889 -0.073477 0.11185 -1.7834 -0.088131 0.10964 -1.7825 -0.10267 0.1071 -1.7875 -0.11294 0.1053 -1.7988 -0.11558 0.10549 -1.8129 -0.11199 0.10715 -1.8246 -0.10327 0.10962 -1.8297 -0.11177 0.1074 -1.839 -0.12467 0.10306 -1.8532 -0.13463 0.098274 -1.8679 -0.13771 0.095119 -1.8774 -0.12605 0.09782 -1.8824 -0.10924 0.10225 -1.8816 -0.093323 0.10642 -1.8803 -0.083474 0.10857 -1.8947 -0.082946 0.10562 -1.9079 -0.076834 0.10344 -1.915 -0.067661 0.1029 -1.9124 -0.056521 0.10466 -1.9027 -0.045756 0.1074 -1.8893 -0.037814 0.10997 -1.8774 -0.033252 0.11164 -1.8673 -0.026874 0.11241 -1.8569 -0.023119 0.113 -1.8461 -0.023613 0.11377 -1.8392 -0.027487 0.11452 -1.7865 -0.00060177 0.1469 -1.8186 -0.0011454 0.14712 -1.8236 0.0067282 0.14893 -1.8245 0.019311 0.1519 -1.8199 0.031816 0.15473 -1.8121 0.044235 0.15713 -1.8066 0.058728 0.15935 -1.797 0.075609 0.16108 -1.7838 0.088567 0.16116 -1.7699 0.09297 0.15962 -1.7582 0.08542 0.15706 -1.7503 0.0701 0.15421 -1.7493 0.052617 0.1521 -1.737 0.055628 0.14984 -1.7173 0.059141 0.145 -1.6963 0.056179 0.1379 -1.6817 0.046981 0.13134 -1.6852 0.02882 0.12988 -1.6972 0.0099792 0.13059 -1.7131 -0.0031528 0.13261 -1.7236 -0.010429 0.13362 -1.7125 -0.022457 0.12708 -1.7079 -0.038089 0.12085 -1.711 -0.051372 0.1173 -1.7238 -0.058527 0.11804 -1.7419 -0.059421 0.12149 -1.7603 -0.054856 0.12605 -1.7742 -0.048743 0.12987 -1.7885 -0.045295 0.13212 -1.8005 -0.03945 0.13467 -1.8087 -0.030014 0.13816 -1.8104 -0.021205 0.14124 -1.8585 0.00012589 0.1776 -1.84 -0.021156 0.17869 -1.8424 -0.029948 0.17776 -1.8506 -0.039083 0.17603 -1.8619 -0.044478 0.17401 -1.875 -0.047503 0.17159 -1.8882 -0.0535 0.16824 -1.9053 -0.058004 0.16354 -1.9216 -0.057125 0.15895 -1.9323 -0.049982 0.15625 -1.9336 -0.036549 0.15707 -1.9275 -0.02071 0.16028 -1.916 -0.0085459 0.16456 -1.9247 -0.0015182 0.16172 -1.9376 0.011003 0.15664 -1.9464 0.028967 0.15181 -1.9474 0.046377 0.14919 -1.933 0.05566 0.15316 -1.9136 0.058861 0.15906 -1.896 0.05551 0.1646 -1.8853 0.052451 0.16765 -1.8822 0.069227 0.16482 -1.873 0.083759 0.16315 -1.8615 0.090752 0.16336 -1.8495 0.086184 0.16619 -1.8392 0.073252 0.17017 -1.8328 0.056477 0.1738 -1.8299 0.042096 0.17612 -1.8246 0.029577 0.17776 -1.8223 0.017152 0.17887 -1.8248 0.0050192 0.17953 -1.8304 -0.0022144 0.17965 -1.8087 -0.052824 0.18313 -1.8088 -0.036845 0.17972 -1.8041 -0.033394 0.17795 -1.7964 -0.032162 0.1761 -1.7884 -0.034081 0.1749 -1.7804 -0.037986 0.17391 -1.7707 -0.040685 0.17192 -1.7595 -0.046133 0.16958 -1.7512 -0.054121 0.16786 -1.7489 -0.062679 0.1676 -1.7546 -0.069756 0.16973 -1.7652 -0.07431 0.17336 -1.7769 -0.074361 0.17708 -1.7754 -0.08215 0.17657 -1.7743 -0.095115 0.17541 -1.7779 -0.10911 0.17489 -1.7854 -0.11897 0.17566 -1.7968 -0.11632 0.17965 -1.8078 -0.10793 0.18387 -1.8147 -0.097208 0.1865 -1.8185 -0.090275 0.18758 -1.8277 -0.098213 0.18913 -1.839 -0.10206 0.19105 -1.8481 -0.10062 0.19264 -1.8519 -0.092633 0.19327 -1.8508 -0.081073 0.19263 -1.846 -0.069473 0.19091 -1.8405 -0.060964 0.18907 -1.8373 -0.052787 0.18724 -1.8329 -0.046143 0.18532 -1.8263 -0.041864 0.18354 -1.8203 -0.041263 0.18264 -1.8177 0.0086031 0.20713 -1.8239 4.7684e-06 0.20729 -1.8273 0.00025558 0.20701 -1.8314 0.0025291 0.20661 -1.8343 0.0061722 0.20618 -1.8365 0.010617 0.20561 -1.8398 0.014779 0.20475 -1.8428 0.020399 0.20344 -1.8439 0.026125 0.20195 -1.8422 0.030381 0.2008 -1.8376 0.031893 0.20062 -1.8314 0.031077 0.20125 -1.826 0.028143 0.2025 -1.8242 0.031661 0.20126 -1.8209 0.037008 0.19899 -1.8152 0.041351 0.19666 -1.8091 0.043019 0.19535 -1.8045 0.038854 0.19714 -1.8015 0.032515 0.19985 -1.8011 0.026278 0.2023 -1.8012 0.022361 0.20361 -1.795 0.022609 0.20289 -1.789 0.020608 0.20279 -1.7855 0.0172 0.20333 -1.7861 0.012687 0.20453 -1.7897 0.0080471 0.20582 -1.795 0.0043669 0.20676 -1.7998 0.0020714 0.20725 -1.8038 -0.00092888 0.20755 -1.808 -0.0028925 0.20766 -1.8127 -0.0031452 0.20767 -1.8159 -0.0018597 0.20765 0.0065861 0.0413 0.062233 -0.00072813 0.027517 0.059412 -0.0059233 0.027145 0.057955 -0.012535 0.029719 0.056215 -0.017817 0.034621 0.054888 -0.022205 0.040945 0.053701 -0.028094 0.04678 0.051573 -0.033978 0.055028 0.049045 -0.036844 0.063897 0.047314 -0.035281 0.070962 0.047329 -0.028525 0.074157 0.049803 -0.018985 0.073869 0.053525 -0.010226 0.070039 0.056967 -0.0082586 0.076079 0.056789 -0.0041773 0.085514 0.056352 0.0037084 0.093898 0.05653 0.012926 0.098047 0.057295 0.020943 0.092202 0.059478 0.026742 0.082473 0.061641 0.028619 0.072453 0.063097 0.029249 0.066155 0.06372 0.039149 0.068151 0.06347 0.049187 0.066513 0.063098 0.055601 0.062022 0.062876 0.05572 0.054792 0.063149 0.050855 0.046684 0.063557 0.043063 0.039781 0.063746 0.035844 0.035235 0.063632 0.030207 0.029897 0.063103 0.023968 0.026129 0.06246 0.01681 0.02491 0.061844 0.011614 0.026303 0.061523 -0.02095 -0.017006 0.12058 -0.00058627 -0.0058165 0.11841 0.0056965 -0.0094366 0.11786 0.011153 -0.01765 0.11757 0.01314 -0.027599 0.11758 0.012929 -0.038545 0.11746 0.014924 -0.049994 0.11648 0.015026 -0.064321 0.11479 0.011199 -0.077125 0.11286 0.0036895 -0.084434 0.11158 -0.0068107 -0.083186 0.11206 -0.017779 -0.075673 0.1138 -0.024972 -0.064519 0.11608 -0.032051 -0.070285 0.11432 -0.044137 -0.078579 0.11073 -0.059622 -0.082825 0.10665 -0.073217 -0.081007 0.10392 -0.077698 -0.067986 0.10628 -0.076628 -0.051907 0.11006 -0.070916 -0.03838 0.11352 -0.066674 -0.030286 0.11522 -0.078966 -0.025443 0.11254 -0.088433 -0.01618 0.11038 -0.091689 -0.006134 0.10961 -0.086007 0.0026751 0.11085 -0.074234 0.008956 0.11295 -0.060198 0.011675 0.11493 -0.048601 0.011967 0.11619 -0.03791 0.01431 0.11652 -0.027766 0.0143 0.11677 -0.018656 0.010555 0.11736 -0.013895 0.0051088 0.11813 0.040528 0.012756 0.14803 0.012866 0.022248 0.14883 0.011048 0.030608 0.15039 0.014318 0.041737 0.15281 0.022157 0.051131 0.15502 0.032779 0.059418 0.15676 0.042019 0.070208 0.15828 0.055569 0.081733 0.15914 0.070936 0.088732 0.15848 0.084141 0.08816 0.15655 0.091715 0.078 0.15413 0.093723 0.062314 0.1518 0.089116 0.046955 0.1504 0.10047 0.045673 0.14784 0.11836 0.042412 0.1426 0.13519 0.03317 0.13536 0.14469 0.020558 0.12902 0.13604 0.0060282 0.12837 0.1199 -0.0063591 0.13002 0.10231 -0.012641 0.1328 0.091087 -0.015592 0.13427 0.096617 -0.029509 0.12812 0.095576 -0.044528 0.12253 0.088654 -0.055037 0.11963 0.075535 -0.057194 0.12085 0.059791 -0.052225 0.1246 0.04557 -0.042475 0.12923 0.035686 -0.032823 0.13298 0.024568 -0.025368 0.1353 0.016155 -0.016558 0.13778 0.012197 -0.0058422 0.14099 0.013493 0.0023479 0.14369 -0.020009 0.036589 0.17947 -0.010671 0.012629 0.18107 -0.015506 0.0058212 0.18055 -0.025422 0.00048733 0.17934 -0.03685 -0.00068569 0.17777 -0.049121 0.00072765 0.17574 -0.062366 -0.00042439 0.1729 -0.078581 0.00089169 0.16875 -0.092435 0.0065746 0.16448 -0.09948 0.015939 0.16171 -0.096402 0.027876 0.16201 -0.086174 0.039651 0.16443 -0.072419 0.046633 0.16797 -0.077804 0.055278 0.16504 -0.085156 0.06987 0.15976 -0.087278 0.087855 0.15444 -0.082842 0.10302 0.15119 -0.067455 0.1066 0.15447 -0.049615 0.10348 0.15982 -0.035454 0.095332 0.16511 -0.027121 0.089475 0.16804 -0.019386 0.10282 0.16454 -0.0070596 0.11238 0.16216 0.0050309 0.11479 0.16189 0.013989 0.10723 0.16466 0.018893 0.093081 0.16891 0.019304 0.076819 0.17304 0.017417 0.06366 0.17585 0.018146 0.05133 0.17787 0.016339 0.039985 0.17941 0.010461 0.030381 0.18059 0.0033951 0.025933 0.1811 0.0064394 -0.024076 0.18616 0.011256 -0.010468 0.18217 0.016245 -0.0090008 0.18022 0.023237 -0.01041 0.17821 0.029392 -0.014544 0.17696 0.035022 -0.020406 0.17601 0.042464 -0.025794 0.17399 0.050329 -0.034013 0.17171 0.054896 -0.043475 0.17019 0.054214 -0.051532 0.17024 0.047238 -0.055779 0.17272 0.036834 -0.056286 0.17665 0.026935 -0.052604 0.18052 0.025784 -0.059756 0.1803 0.022684 -0.071244 0.17966 0.015192 -0.082113 0.17977 0.0057585 -0.088233 0.18104 -0.0030723 -0.082309 0.18507 -0.009757 -0.071591 0.18907 -0.012322 -0.060164 0.19135 -0.013341 -0.053035 0.1922 -0.023656 -0.056932 0.19421 -0.034518 -0.056654 0.19644 -0.0418 -0.052559 0.1981 -0.042568 -0.044518 0.19847 -0.038093 -0.034959 0.19737 -0.030392 -0.026573 0.19513 -0.023127 -0.021028 0.19288 -0.017949 -0.015051 0.1907 -0.012145 -0.010788 0.18847 -0.0051908 -0.0092297 0.18644 7.6532e-05 -0.010589 0.18542 0.018526 0.032034 0.2075 0.010518 0.026605 0.20811 0.0076563 0.027872 0.20788 0.0048804 0.031064 0.20747 0.0034676 0.035089 0.20695 0.0029206 0.039572 0.20624 0.0014117 0.044117 0.20529 0.00050879 0.049838 0.20383 0.0013225 0.055033 0.20215 0.0040014 0.058143 0.20082 0.0084662 0.057984 0.2005 0.01353 0.055387 0.20105 0.017255 0.051245 0.2023 0.019838 0.053671 0.20091 0.024315 0.057141 0.19841 0.030438 0.059042 0.19585 0.036166 0.058535 0.19439 0.038891 0.053582 0.19623 0.039524 0.047318 0.1991 0.038057 0.041903 0.20175 0.036827 0.038603 0.2032 0.042194 0.036873 0.20237 0.046662 0.033313 0.20225 0.048616 0.029325 0.20287 0.046807 0.025654 0.20424 0.042316 0.022834 0.20575 0.036657 0.021352 0.20691 0.031847 0.020887 0.20757 0.027503 0.019564 0.20805 0.023231 0.019211 0.20831 0.019166 0.020438 0.20841 0.016828 0.022529 0.2084 2.1398 -0.017886 0.057704 2.1412 -0.0021925 0.054008 2.1459 5.722e-05 0.05206 2.153 3.9101e-05 0.049738 2.1597 -0.0026684 0.047985 2.1662 -0.0070553 0.046476 2.1738 -0.010456 0.043879 2.1823 -0.016163 0.040913 2.1882 -0.023562 0.039037 2.1894 -0.030846 0.039296 2.1845 -0.036313 0.042446 2.1756 -0.039475 0.047056 2.1662 -0.039 0.051264 2.1666 -0.045476 0.051353 2.1663 -0.055979 0.051427 2.1621 -0.066898 0.052456 2.155 -0.074282 0.054139 2.1454 -0.071675 0.056991 2.1364 -0.064549 0.059561 2.1309 -0.055697 0.061055 2.128 -0.049941 0.06165 2.1194 -0.055589 0.062351 2.1093 -0.057854 0.062891 2.1015 -0.056036 0.063206 2.0986 -0.049219 0.06339 2.1002 -0.039676 0.063232 2.1049 -0.030179 0.062599 2.11 -0.023146 0.061749 2.1132 -0.01598 0.06062 2.1176 -0.010078 0.059342 2.1239 -0.0062447 0.058041 2.1293 -0.0056133 0.057255 2.1483 0.050515 0.11271 2.1331 0.032106 0.1126 2.1258 0.033134 0.11259 2.1175 0.038836 0.11269 2.1118 0.047511 0.11274 2.1078 0.057956 0.11246 2.1015 0.068003 0.1115 2.0958 0.081458 0.10963 2.0944 0.094947 0.10715 2.0986 0.10465 0.10507 2.109 0.10747 0.1046 2.1224 0.10458 0.10542 2.1336 0.096843 0.10718 2.138 0.1049 0.10468 2.1459 0.11716 0.099844 2.1586 0.12685 0.094264 2.1719 0.13015 0.090288 2.1813 0.11962 0.09241 2.1867 0.10416 0.096511 2.1867 0.089342 0.10069 2.186 0.080148 0.1029 2.1992 0.080085 0.099141 2.2115 0.07479 0.096227 2.2183 0.066468 0.095289 2.2164 0.05603 0.097185 2.2079 0.045724 0.10047 2.1958 0.037929 0.1038 2.1851 0.033323 0.10615 2.1759 0.027074 0.10751 2.1663 0.023255 0.1087 2.1564 0.023384 0.11009 2.1499 0.026779 0.11123 2.1038 0.00034428 0.14633 2.1336 0.0018559 0.14468 2.1386 -0.0053034 0.14619 2.14 -0.01697 0.14908 2.1363 -0.028733 0.15215 2.1296 -0.040523 0.15499 2.1251 -0.054171 0.15752 2.1168 -0.070176 0.15981 2.1049 -0.082654 0.16068 2.0921 -0.087199 0.15997 2.0808 -0.080553 0.15811 2.0728 -0.066561 0.15575 2.0712 -0.050331 0.15371 2.0597 -0.053535 0.15219 2.0412 -0.05746 0.14857 2.0212 -0.055411 0.14277 2.0069 -0.047355 0.13713 2.0095 -0.030349 0.13547 2.0201 -0.012424 0.13545 2.0346 0.00031281 0.1365 2.0442 0.0074234 0.13689 2.0331 0.018229 0.13105 2.0279 0.032589 0.12516 2.0302 0.045028 0.12146 2.0419 0.052094 0.12143 2.059 0.05352 0.12378 2.0765 0.049881 0.12722 2.0898 0.044652 0.13019 2.1033 0.041905 0.13158 2.1148 0.036859 0.1334 2.1229 0.028356 0.13638 2.125 0.020232 0.13933 2.1726 0.0021486 0.17248 2.1548 0.021391 0.17462 2.1567 0.029646 0.17355 2.1639 0.038395 0.17135 2.1741 0.043757 0.16869 2.1861 0.046966 0.16553 2.1979 0.052936 0.16144 2.2134 0.057631 0.15579 2.2283 0.057287 0.15031 2.2383 0.050952 0.14701 2.24 0.038491 0.14776 2.235 0.023579 0.1513 2.225 0.011925 0.15622 2.2331 0.0056343 0.15291 2.2452 -0.0056572 0.14714 2.2536 -0.022143 0.14187 2.2549 -0.038341 0.13924 2.242 -0.047406 0.14401 2.2244 -0.05095 0.15098 2.2084 -0.048337 0.15748 2.1985 -0.045803 0.16111 2.196 -0.061539 0.15851 2.1878 -0.075369 0.15741 2.1773 -0.082239 0.1583 2.1662 -0.078341 0.1618 2.1565 -0.066591 0.16632 2.1503 -0.051147 0.17026 2.1473 -0.037831 0.17272 2.142 -0.02633 0.17463 2.1396 -0.014826 0.17586 2.1415 -0.0034475 0.17636 2.1466 0.0034647 0.17614 2.125 0.049932 0.1808 2.1253 0.035029 0.17745 2.121 0.031658 0.17598 2.1137 0.030253 0.1746 2.1063 0.031783 0.17387 2.0986 0.035161 0.17336 2.0894 0.037354 0.17196 2.0786 0.042059 0.17029 2.0706 0.049224 0.16907 2.0682 0.057118 0.16895 2.0733 0.063899 0.17072 2.0833 0.0685 0.17367 2.0944 0.068938 0.17667 2.0927 0.076141 0.17624 2.0912 0.088168 0.17516 2.0941 0.10131 0.17442 2.1008 0.11073 0.17473 2.1117 0.10865 0.17801 2.1224 0.10121 0.18155 2.1294 0.091466 0.18375 2.1332 0.085136 0.1846 2.1416 0.092827 0.18559 2.1521 0.096779 0.18682 2.1607 0.095732 0.18786 2.1645 0.088421 0.18827 2.1638 0.07762 0.18771 2.1596 0.066655 0.18631 2.1546 0.058547 0.18481 2.1519 0.050822 0.18319 2.1478 0.044483 0.18157 2.1417 0.040279 0.1802 2.1361 0.039525 0.17965 2.1367 -0.0068007 0.20406 2.1423 0.0014019 0.20384 2.1454 0.0012732 0.20337 2.1492 -0.00072002 0.20274 2.1521 -0.0040226 0.20215 2.1542 -0.0080967 0.20145 2.1573 -0.011877 0.20042 2.1602 -0.017023 0.19895 2.1613 -0.022333 0.19742 2.1599 -0.026355 0.19638 2.1556 -0.027909 0.19647 2.1498 -0.027339 0.19747 2.1448 -0.024765 0.19901 2.1432 -0.028107 0.19789 2.1401 -0.033207 0.19585 2.1348 -0.037445 0.19388 2.1291 -0.039199 0.19295 2.1248 -0.035452 0.19498 2.1221 -0.029621 0.19783 2.1216 -0.023811 0.20026 2.1216 -0.020151 0.20156 2.1158 -0.020582 0.2012 2.1102 -0.018906 0.20145 2.1069 -0.015839 0.20219 2.1073 -0.011611 0.20334 2.1106 -0.0071688 0.2044 2.1155 -0.0035686 0.20501 2.1199 -0.0012779 0.20522 2.1235 0.0016432 0.20528 2.1275 0.0036058 0.20513 2.1318 0.0039864 0.20487 2.1348 0.0028896 0.20467 -2.1317 -0.0021839 0.0058202 -2.1352 0.0023613 0.0059781 -2.1435 -0.0024824 0.0073763 -2.1386 0.0044203 0.0062757 -2.1421 0.0055523 0.0065891 -2.1455 0.0058622 0.0069101 -2.1488 0.0053625 0.0072375 -2.1522 0.0040407 0.0075724 -2.1555 0.001792 0.0079231 -2.1588 -0.0029421 0.0084135 -2.1552 -0.007453 0.0086579 -2.1517 -0.0094881 0.0086476 -2.1483 -0.010605 0.0085066 -2.1449 -0.01091 0.0082431 -2.1415 -0.010416 0.0078582 -2.1382 -0.0091085 0.0073509 -2.1349 -0.0068846 0.0067129 -2.1317 -0.0021839 0.0058202 -2.1277 -0.0073538 0.0058692 -2.1182 -0.001832 0.0041783 -2.1237 -0.009697 0.0056268 -2.1198 -0.010993 0.0052345 -2.116 -0.01136 0.0047016 -2.1122 -0.010816 0.0040296 -2.1084 -0.0093422 0.0032171 -2.1046 -0.0068216 0.0022546 -2.101 -0.0014744 0.0010007 -2.105 0.0037346 0.0014157 -2.1089 0.0061045 0.0019894 -2.1128 0.0074167 0.0025806 -2.1167 0.0077887 0.0031797 -2.1205 0.0072393 0.0037855 -2.1243 0.0057497 0.0043992 -2.128 0.0032015 0.0050302 -1.823 -0.0039921 0.0098241 -1.8167 -0.0082312 0.010352 -1.8082 0.0014887 0.01207 -1.8115 -0.0093575 0.010922 -1.8067 -0.0093222 0.011461 -1.8023 -0.008256 0.011962 -1.7982 -0.0061769 0.012427 -1.7946 -0.003067 0.012854 -1.7913 0.0012045 0.01325 -1.7892 0.0085888 0.013688 -1.7957 0.012774 0.013689 -1.8009 0.013864 0.013496 -1.8057 0.013805 0.013185 -1.8102 0.012733 0.012758 -1.8142 0.010661 0.012218 -1.8178 0.0075731 0.011564 -1.821 0.0033388 0.010791 -1.823 -0.0039921 0.0098241 -1.8303 0.00082111 0.0095228 -1.8399 -0.010266 0.0074374 -1.8363 0.0020962 0.0089998 -1.8417 0.0020599 0.0083397 -1.8467 0.00086117 0.0075481 -1.8513 -0.0014791 0.0066258 -1.8554 -0.004982 0.005572 -1.859 -0.0097971 0.0043811 -1.8613 -0.01815 0.0029685 -1.8541 -0.023006 0.0038802 -1.8481 -0.024312 0.004839 -1.8427 -0.024295 0.0057607 -1.8377 -0.023102 0.0066395 -1.8331 -0.020755 0.0074746 -1.829 -0.017234 0.0082669 -1.8253 -0.012388 0.0090219 -1.2052 0.020927 0.012125 -1.2093 0.017594 0.012236 -1.2046 0.010065 0.011681 -1.2111 0.014394 0.012208 -1.212 0.011242 0.012096 -1.2122 0.0081348 0.011905 -1.2116 0.0050697 0.011633 -1.2104 0.0020485 0.011281 -1.2082 -0.00092316 0.010846 -1.2039 -0.0037613 0.010272 -1.1998 -0.00042725 0.010521 -1.198 0.0027742 0.010806 -1.1971 0.0059252 0.011072 -1.1969 0.0090332 0.011316 -1.1974 0.012097 0.011536 -1.1987 0.015119 0.011733 -1.2008 0.018089 0.011911 -1.2052 0.020927 0.012125 -1.2012 0.024263 0.011957 -1.2059 0.031796 0.011842 -1.1994 0.027466 0.011824 -1.1985 0.030619 0.011673 -1.1983 0.033728 0.011498 -1.1989 0.036794 0.011301 -1.2002 0.039815 0.01108 -1.2023 0.042787 0.010841 -1.2067 0.045626 0.010637 -1.2108 0.042292 0.011166 -1.2125 0.039089 0.011556 -1.2135 0.035937 0.011862 -1.2136 0.032828 0.012088 -1.2131 0.029762 0.012234 -1.2118 0.02674 0.0123 -1.2096 0.023767 0.012282 -0.62973 -0.020576 0.01585 -0.62553 -0.016442 0.015618 -0.63152 -0.008482 0.014864 -0.62386 -0.012684 0.015347 -0.62312 -0.0090666 0.015022 -0.62322 -0.0055752 0.014642 -0.62414 -0.0022068 0.014208 -0.62589 0.0010357 0.01372 -0.62858 0.004137 0.013177 -0.6338 0.0068626 0.012595 -0.638 0.0027494 0.013259 -0.63968 -0.00099468 0.013839 -0.64041 -0.0046034 0.014349 -0.64031 -0.0080919 0.01479 -0.63939 -0.011463 0.015163 -0.63764 -0.014715 0.015466 -0.63495 -0.017831 0.0157 -0.62973 -0.020576 0.01585 -0.63431 -0.025083 0.016138 -0.62778 -0.033798 0.016365 -0.63614 -0.029187 0.016335 -0.63694 -0.033145 0.016456 -0.63683 -0.036975 0.016502 -0.63583 -0.040678 0.016473 -0.63392 -0.044251 0.016369 -0.63098 -0.04768 0.016189 -0.62529 -0.050707 0.015918 -0.62071 -0.046166 0.0161 -0.61889 -0.042038 0.016239 -0.61809 -0.038064 0.01632 -0.6182 -0.034229 0.016341 -0.6192 -0.030532 0.016303 -0.62111 -0.026973 0.016205 -0.62404 -0.023569 0.016049 0.0040202 0.017231 0.013858 0.0081789 0.01164 0.014437 0.018461 0.017407 0.015596 0.01231 0.0090761 0.014954 0.016437 0.007638 0.0154 0.020562 0.0071983 0.015776 0.024685 0.00774 0.016081 0.028806 0.0092793 0.016315 0.032923 0.011945 0.016478 0.037013 0.017638 0.01658 0.032781 0.023226 0.016524 0.028597 0.025787 0.016382 0.024438 0.027225 0.01616 0.020303 0.027663 0.015859 0.01619 0.027122 0.015479 0.012101 0.025584 0.015021 0.0080361 0.022922 0.014483 0.0040202 0.017231 0.013858 -0.00075841 0.023614 0.013495 -0.012486 0.01703 0.012049 -0.0054879 0.02654 0.013032 -0.010195 0.028182 0.012477 -0.014883 0.028686 0.011832 -0.019551 0.028069 0.011095 -0.024199 0.026315 0.010268 -0.028824 0.023275 0.0093498 -0.033401 0.01678 0.0083311 -0.028661 0.010395 0.0092974 -0.02396 0.0074663 0.010192 -0.019269 0.0058231 0.011005 -0.014587 0.0053196 0.011736 -0.0099139 0.0059357 0.012386 -0.0052493 0.0076923 0.012955 -0.00059557 0.010733 0.013442 1.2135 -0.025621 0.0049448 1.2169 -0.021453 0.0052708 1.2106 -0.014924 0.0053247 1.2179 -0.01789 0.0054675 1.2182 -0.014549 0.0055816 1.2177 -0.011405 0.0056161 1.2165 -0.0084534 0.0055715 1.2146 -0.0056992 0.0054473 1.2119 -0.0031672 0.0052405 1.2069 -0.0012407 0.0049044 1.2035 -0.0054379 0.0049637 1.2025 -0.0090218 0.0050423 1.2022 -0.012375 0.0050934 1.2027 -0.015523 0.005114 1.2039 -0.01847 0.0051035 1.2058 -0.021213 0.0050625 1.2085 -0.023724 0.004994 1.2135 -0.025621 0.0049448 1.2102 -0.029789 0.0045573 1.2165 -0.036269 0.0037876 1.2091 -0.033341 0.0041891 1.2089 -0.036664 0.0037934 1.2093 -0.039782 0.0033671 1.2105 -0.042697 0.0029098 1.2125 -0.045407 0.0024219 1.2152 -0.047887 0.0019065 1.2202 -0.049752 0.0014104 1.2236 -0.045614 0.0021835 1.2246 -0.042082 0.0028272 1.2249 -0.038773 0.0033882 1.2244 -0.03566 0.0038696 1.2232 -0.03274 0.0042718 1.2213 -0.030017 0.0045944 1.2185 -0.027516 0.0048343 1.5221 0.0013103 0.0078536 1.5273 -0.0037212 0.0081506 1.5369 0.0038481 0.0086228 1.532 -0.0056648 0.0083888 1.5364 -0.0064602 0.0085585 1.5407 -0.006237 0.008659 1.5448 -0.0050125 0.0086901 1.5488 -0.0027695 0.008652 1.5526 0.0006218 0.0085454 1.5558 0.0071011 0.0083801 1.5506 0.012122 0.0086041 1.5459 0.014058 0.008738 1.5414 0.01485 0.0087915 1.5371 0.014625 0.0087655 1.533 0.013402 0.0086599 1.5291 0.011163 0.0084747 1.5253 0.0077791 0.0082093 1.5221 0.0013103 0.0078536 1.5165 0.0067949 0.0075731 1.506 -0.0014448 0.006339 1.5114 0.0089169 0.007194 1.5065 0.0097885 0.0067273 1.5019 0.009553 0.0061736 1.4974 0.0082283 0.0055331 1.4931 0.0057955 0.0048055 1.4891 0.0021143 0.0039903 1.4856 -0.0049314 0.0030767 1.4913 -0.010426 0.0039263 1.4963 -0.012552 0.0047119 1.5011 -0.013429 0.0054225 1.5058 -0.013193 0.0060575 1.5103 -0.011868 0.0066167 1.5145 -0.0094318 0.0071004 1.5186 -0.005744 0.0075091 2.1291 0.0036163 0.0087221 2.1231 0.0073671 0.0096122 2.1157 -0.0019331 0.011811 2.1183 0.0082569 0.010479 2.1139 0.0080786 0.011291 2.1099 0.0069523 0.012045 2.1062 0.0048933 0.012742 2.1029 0.0018864 0.013382 2.1001 -0.0021896 0.013967 2.0984 -0.0091257 0.014528 2.1045 -0.012822 0.014156 2.1094 -0.013672 0.013658 2.1139 -0.01347 0.013068 2.1179 -0.012335 0.012388 2.1216 -0.010284 0.011617 2.1248 -0.0073013 0.010755 2.1276 -0.0032654 0.009801 2.1291 0.0036163 0.0087221 2.1361 -0.00063992 0.0080016 2.1445 0.0099678 0.0053696 2.1416 -0.0016441 0.0071375 2.1466 -0.0014448 0.0061662 2.1512 -0.00017834 0.0050901 2.1553 0.0021372 0.0039096 2.159 0.0055199 0.0026242 2.1621 0.010106 0.0012316 2.1638 0.017944 -0.00030452 2.157 0.022246 0.0010161 2.1515 0.023283 0.0023088 2.1465 0.023104 0.0035373 2.142 0.021843 0.0046992 2.1379 0.019522 0.005794 2.1342 0.016119 0.0068221 2.131 0.011499 0.0077861 -1.5377 -0.02417 0.071447 -1.5238 -0.016437 0.070891 -1.5193 -0.018611 0.069758 -1.5154 -0.024135 0.068091 -1.514 -0.031087 0.066496 -1.5142 -0.038892 0.064815 -1.5127 -0.047209 0.062447 -1.5128 -0.057711 0.05941 -1.516 -0.067121 0.056764 -1.5217 -0.072484 0.055561 -1.5295 -0.071556 0.056767 -1.5373 -0.06601 0.059565 -1.5422 -0.05776 0.062877 -1.5476 -0.062064 0.061632 -1.557 -0.068188 0.059453 -1.569 -0.071241 0.057877 -1.5793 -0.06982 0.057721 -1.582 -0.060381 0.061075 -1.5803 -0.0488 0.065162 -1.5752 -0.039116 0.068389 -1.5715 -0.033348 0.070065 -1.581 -0.029708 0.070254 -1.5881 -0.022761 0.071135 -1.5904 -0.0153 0.072399 -1.5858 -0.008976 0.073885 -1.5765 -0.0046921 0.075021 -1.5657 -0.0031281 0.075426 -1.5569 -0.0033159 0.075291 -1.5491 -0.0018826 0.075095 -1.5418 -0.0021172 0.074574 -1.5355 -0.0050774 0.073743 -1.5325 -0.0092258 0.073014 -1.4839 0.0094051 0.11475 -1.5088 0.0093927 0.12053 -1.5124 0.015819 0.12225 -1.5126 0.026002 0.12387 -1.5086 0.03606 0.12447 -1.5021 0.04602 0.12405 -1.4976 0.057711 0.12357 -1.49 0.071296 0.12149 -1.4801 0.081664 0.11744 -1.4699 0.085092 0.11258 -1.4614 0.078842 0.10861 -1.4557 0.066317 0.1061 -1.455 0.052097 0.10608 -1.4463 0.054426 0.10091 -1.4326 0.057094 0.091418 -1.4184 0.054483 0.080138 -1.4087 0.046845 0.071618 -1.4112 0.032067 0.073609 -1.4196 0.016834 0.079692 -1.4309 0.0063257 0.0869 -1.4385 0.00053692 0.091058 -1.4314 -0.00945 0.084037 -1.429 -0.022316 0.079145 -1.432 -0.033154 0.078143 -1.4414 -0.038816 0.082349 -1.4546 -0.039248 0.089289 -1.4678 -0.035195 0.096513 -1.4777 -0.029953 0.10192 -1.4884 -0.0269 0.10613 -1.4972 -0.021938 0.10991 -1.5028 -0.014122 0.11353 -1.5035 -0.0069256 0.11578 -1.5616 0.035865 0.13339 -1.5478 0.010159 0.12568 -1.5526 0.0022964 0.12315 -1.5635 -0.0043097 0.12103 -1.5767 -0.0063906 0.12018 -1.5912 -0.0055475 0.11977 -1.6067 -0.0073576 0.11759 -1.6261 -0.0062771 0.11498 -1.6433 2.0981e-05 0.1132 -1.6529 0.010684 0.11349 -1.6507 0.024231 0.11714 -1.64 0.037573 0.12267 -1.6245 0.045501 0.12788 -1.6322 0.055633 0.12747 -1.6431 0.073108 0.12606 -1.6483 0.094985 0.12506 -1.6454 0.1136 0.12537 -1.6276 0.11782 0.1299 -1.606 0.11402 0.13474 -1.5881 0.10434 0.13781 -1.5774 0.097563 0.13892 -1.5705 0.11442 0.13898 -1.5576 0.1271 0.13896 -1.544 0.13104 0.13902 -1.5324 0.12256 0.1392 -1.5246 0.10589 0.13877 -1.5217 0.086527 0.13751 -1.5221 0.070848 0.13597 -1.5196 0.056698 0.13357 -1.5202 0.043553 0.13119 -1.5257 0.032014 0.12946 -1.5333 0.026222 0.12908 -1.506 -0.053835 0.17259 -1.5008 -0.02748 0.16928 -1.4931 -0.02459 0.16746 -1.4819 -0.026014 0.16542 -1.4716 -0.031916 0.1639 -1.4622 -0.040582 0.16244 -1.4507 -0.047727 0.15977 -1.4381 -0.058885 0.1563 -1.43 -0.072417 0.1533 -1.4294 -0.084929 0.1521 -1.4385 -0.093328 0.15411 -1.4533 -0.097138 0.1582 -1.4683 -0.094645 0.1628 -1.4688 -0.1056 0.16128 -1.4712 -0.12312 0.15829 -1.4799 -0.14052 0.1558 -1.4923 -0.15139 0.15517 -1.5068 -0.14504 0.15982 -1.5195 -0.13123 0.1655 -1.5264 -0.11527 0.16987 -1.5299 -0.105 0.172 -1.544 -0.11239 0.17175 -1.5597 -0.11371 0.17222 -1.5712 -0.10876 0.17328 -1.5744 -0.096694 0.17487 -1.5705 -0.081135 0.17607 -1.5617 -0.066393 0.17636 -1.5528 -0.055812 0.17597 -1.5466 -0.044517 0.1751 -1.5388 -0.035594 0.17393 -1.5286 -0.030558 0.17276 -1.5201 -0.030721 0.17216 -1.4928 0.032266 0.1816 -1.5111 0.017028 0.18124 -1.5186 0.019171 0.18059 -1.5262 0.026362 0.17979 -1.5306 0.036242 0.17904 -1.533 0.047734 0.17803 -1.5379 0.059481 0.17627 -1.5415 0.074768 0.17351 -1.5403 0.089237 0.17037 -1.5339 0.098531 0.16803 -1.5222 0.099216 0.16794 -1.5087 0.093246 0.16968 -1.4986 0.082601 0.17262 -1.4923 0.090237 0.16998 -1.481 0.10155 0.16496 -1.4651 0.10913 0.15969 -1.4499 0.10982 0.15662 -1.4424 0.096887 0.16059 -1.4404 0.079657 0.16657 -1.444 0.064236 0.17189 -1.4471 0.054871 0.17465 -1.4324 0.052176 0.1727 -1.4199 0.044136 0.17199 -1.4141 0.034036 0.17277 -1.4185 0.023614 0.1752 -1.4301 0.014805 0.17792 -1.445 0.0094452 0.17995 -1.4577 0.0071716 0.18101 -1.4686 0.0028362 0.1815 -1.4793 0.00109 0.18165 -1.4896 0.0035505 0.18173 -1.4955 0.0086384 0.18185 -1.5401 -0.022608 0.20202 -1.5245 -0.019762 0.20054 -1.5208 -0.023273 0.19858 -1.5189 -0.029682 0.19574 -1.5197 -0.036583 0.19309 -1.5223 -0.043725 0.19043 -1.5236 -0.051739 0.18666 -1.527 -0.061193 0.18207 -1.5328 -0.068691 0.17847 -1.5399 -0.071732 0.17742 -1.5469 -0.068559 0.18011 -1.5526 -0.061191 0.18501 -1.5545 -0.052258 0.19019 -1.561 -0.054367 0.18911 -1.5719 -0.056758 0.18735 -1.5842 -0.055453 0.18679 -1.5935 -0.050565 0.18781 -1.5933 -0.040931 0.19217 -1.5882 -0.030807 0.19697 -1.5804 -0.023604 0.20053 -1.5751 -0.019494 0.20234 -1.5831 -0.012562 0.20306 -1.5879 -0.0032654 0.20434 -1.588 0.004756 0.2058 -1.5817 0.0091076 0.20734 -1.5715 0.0098181 0.20842 -1.5607 0.0074034 0.20861 -1.5524 0.0041094 0.20817 -1.5444 0.0027447 0.20768 -1.5375 1.7166e-05 0.20675 -1.5323 -0.0049706 0.20537 -1.5306 -0.0099716 0.20418 -1.5003 -0.013285 0.22824 -1.5079 -0.0055676 0.22675 -1.5071 -0.0022669 0.22658 -1.5041 0.0012703 0.22672 -1.4999 0.0034781 0.22707 -1.495 0.0048237 0.22742 -1.4902 0.0072098 0.22742 -1.4838 0.0091257 0.22721 -1.4775 0.0090885 0.2268 -1.4733 0.0066872 0.22642 -1.4725 0.0018263 0.22648 -1.4744 -0.0040712 0.2269 -1.4784 -0.0087662 0.22754 -1.4749 -0.011185 0.2269 -1.4696 -0.015512 0.22549 -1.4656 -0.021894 0.22375 -1.4645 -0.028224 0.22252 -1.4698 -0.031958 0.22343 -1.4772 -0.033619 0.22492 -1.4841 -0.032874 0.22623 -1.4883 -0.032064 0.22682 -1.4888 -0.038195 0.22585 -1.4917 -0.043648 0.22507 -1.4958 -0.046431 0.22477 -1.5005 -0.045064 0.22512 -1.5048 -0.040647 0.22567 -1.5079 -0.034747 0.22612 -1.5096 -0.029609 0.22635 -1.512 -0.025129 0.22619 -1.5134 -0.02057 0.22604 -1.5129 -0.015964 0.22616 -1.5111 -0.013077 0.22652 -1.5435 0.023519 0.17211 -1.5505 0.011001 0.16942 -1.555 0.010869 0.16915 -1.5606 0.013356 0.16932 -1.565 0.017846 0.16991 -1.5686 0.023561 0.17062 -1.5735 0.028822 0.1709 -1.5783 0.036184 0.17119 -1.5806 0.044053 0.17149 -1.5791 0.050294 0.17187 -1.5732 0.053089 0.17253 -1.565 0.052807 0.17328 -1.5575 0.049423 0.17379 -1.5557 0.054741 0.17385 -1.5522 0.063046 0.17363 -1.5455 0.07042 0.17312 -1.5378 0.074042 0.17261 -1.5311 0.068795 0.17284 -1.5262 0.060121 0.17313 -1.5246 0.051234 0.17325 -1.524 0.045654 0.17315 -1.516 0.047292 0.17233 -1.5079 0.045743 0.17128 -1.5029 0.041716 0.17041 -1.5028 0.035305 0.17 -1.5068 0.028141 0.16982 -1.5132 0.022037 0.16974 -1.5191 0.017986 0.16966 -1.5239 0.013212 0.16912 -1.5292 0.0098162 0.16872 -1.5352 0.008647 0.16877 -1.5396 0.0097799 0.16921 -1.5435 0.023519 0.17211 -1.5309 0.020073 0.17203 -1.5298 0.016155 0.17175 -1.5308 0.010718 0.1714 -1.5338 0.0059462 0.17105 -1.5381 0.0016546 0.17054 -1.5416 -0.003644 0.16968 -1.5469 -0.0093288 0.16833 -1.5532 -0.012883 0.16677 -1.5589 -0.012846 0.16559 -1.5626 -0.0082951 0.16547 -1.5642 -0.0010958 0.16621 -1.5629 0.0060835 0.16755 -1.5678 0.0065937 0.16623 -1.5755 0.0080824 0.16375 -1.583 0.012506 0.16115 -1.5875 0.018571 0.15959 -1.5845 0.025461 0.16138 -1.5783 0.031402 0.16417 -1.5711 0.034545 0.16672 -1.5665 0.036124 0.16808 -1.5693 0.042867 0.16699 -1.5694 0.050262 0.1665 -1.5669 0.05554 0.1668 -1.5614 0.056847 0.168 -1.5545 0.05479 0.16946 -1.548 0.050448 0.17064 -1.5433 0.046086 0.17133 -1.5381 0.042887 0.1717 -1.5341 0.038939 0.1719 -1.5318 0.033872 0.17206 -1.532 0.029799 0.1722 -0.93678 0.032314 0.065279 -0.9337 0.019354 0.064607 -0.93652 0.016164 0.063761 -0.94192 0.014256 0.062585 -0.94789 0.014718 0.061508 -0.9542 0.016657 0.060384 -0.96131 0.017388 0.058712 -0.96986 0.019854 0.056556 -0.97684 0.024502 0.054674 -0.97989 0.030391 0.053837 -0.97735 0.036443 0.054774 -0.97101 0.041502 0.056871 -0.96316 0.043511 0.059313 -0.96544 0.048887 0.058407 -0.96833 0.057882 0.056772 -0.96815 0.06822 0.05552 -0.96468 0.076225 0.055299 -0.95633 0.076283 0.057743 -0.94724 0.072273 0.060741 -0.94048 0.065922 0.063105 -0.9366 0.061632 0.064311 -0.93153 0.068448 0.064302 -0.92427 0.072661 0.064762 -0.91769 0.072837 0.065543 -0.91359 0.067661 0.066576 -0.91219 0.059209 0.067409 -0.91336 0.050109 0.067735 -0.9155 0.043065 0.067666 -0.91613 0.036395 0.067486 -0.91797 0.030599 0.067092 -0.9218 0.02621 0.066531 -0.92586 0.024706 0.066083 -0.92036 -0.018916 0.10028 -0.91457 0.0010958 0.10498 -0.9085 0.0025768 0.10616 -0.9002 0.00039291 0.10716 -0.89298 -0.0051155 0.10732 -0.88642 -0.012568 0.10665 -0.87803 -0.018846 0.10587 -0.86885 -0.027999 0.1037 -0.86288 -0.038355 0.10002 -0.86258 -0.047311 0.095911 -0.86967 -0.052712 0.092863 -0.88115 -0.054514 0.091244 -0.89277 -0.051827 0.091716 -0.89304 -0.059367 0.087384 -0.89432 -0.071026 0.079471 -0.90002 -0.081823 0.070257 -0.90865 -0.087856 0.063491 -0.91994 -0.08253 0.065646 -0.9301 -0.072295 0.071189 -0.93579 -0.060884 0.07749 -0.93859 -0.053452 0.08111 -0.94849 -0.056902 0.075659 -0.95957 -0.055901 0.072055 -0.96767 -0.051039 0.071587 -0.96996 -0.042152 0.075235 -0.9671 -0.031484 0.080957 -0.9606 -0.021774 0.086757 -0.95394 -0.014964 0.091021 -0.94893 -0.0071001 0.094367 -0.94281 -0.0011177 0.097295 -0.93511 0.0016336 0.1 -0.92907 0.00058174 0.10162 -0.88085 0.03767 0.11451 -0.90495 0.032421 0.10906 -0.9103 0.038056 0.10721 -0.91324 0.048345 0.10564 -0.91197 0.059464 0.10495 -0.90802 0.071017 0.10452 -0.90606 0.083941 0.10271 -0.9009 0.099358 0.10042 -0.89199 0.11183 0.098661 -0.88122 0.11717 0.098485 -0.87066 0.11234 0.10106 -0.86213 0.10065 0.10523 -0.85906 0.086324 0.10934 -0.84918 0.090195 0.10862 -0.83268 0.095056 0.10679 -0.81389 0.094367 0.10518 -0.79953 0.08781 0.1048 -0.79998 0.072508 0.10849 -0.80776 0.055886 0.11273 -0.81951 0.043562 0.11569 -0.82734 0.036481 0.1169 -0.81532 0.027081 0.11638 -0.808 0.013861 0.11599 -0.8079 0.0019407 0.11595 -0.81734 -0.0054817 0.11645 -0.83257 -0.0080261 0.1167 -0.84886 -0.0059414 0.11634 -0.86148 -0.0021219 0.1156 -0.87354 -0.00093365 0.11411 -0.88408 0.0025234 0.11258 -0.8922 0.0096064 0.11153 -0.89516 0.017042 0.11139 -0.96437 0.012878 0.15039 -0.94441 0.0027657 0.14675 -0.94389 -0.004137 0.14517 -0.94764 -0.012857 0.14357 -0.95476 -0.019755 0.14256 -0.96393 -0.025416 0.14169 -0.97238 -0.033093 0.13976 -0.98433 -0.040679 0.13733 -0.99719 -0.044176 0.13534 -1.0074 -0.041777 0.13478 -1.0121 -0.032569 0.1367 -1.0117 -0.01981 0.14017 -1.0061 -0.0082932 0.14384 -1.0149 -0.0053825 0.14295 -1.0286 0.00053883 0.14107 -1.0407 0.011497 0.13957 -1.0467 0.023971 0.13938 -1.0382 0.034193 0.14295 -1.024 0.041258 0.14713 -1.0094 0.043188 0.15018 -1.0003 0.043704 0.15158 -1.003 0.056753 0.15157 -1.0005 0.069771 0.15194 -0.99391 0.077904 0.1526 -0.98341 0.077722 0.15349 -0.9717 0.071047 0.15396 -0.96179 0.060634 0.15372 -0.95528 0.051058 0.15307 -0.9476 0.043521 0.15198 -0.9422 0.035244 0.15073 -0.9405 0.025826 0.14963 -0.94257 0.019036 0.14917 -0.89762 -0.017254 0.15493 -0.90579 0.00091839 0.15509 -0.9024 0.0064812 0.15444 -0.8949 0.011049 0.1535 -0.88596 0.012372 0.15252 -0.8762 0.011678 0.15127 -0.86567 0.013034 0.14938 -0.85264 0.012462 0.14654 -0.84134 0.0082874 0.14344 -0.83539 0.0009861 0.1412 -0.83747 -0.0085802 0.14115 -0.84528 -0.018143 0.14286 -0.85605 -0.023934 0.14571 -0.8514 -0.030731 0.14328 -0.84499 -0.042329 0.13877 -0.84265 -0.056835 0.1342 -0.84563 -0.069235 0.13169 -0.85762 -0.072417 0.13546 -0.87177 -0.070201 0.14103 -0.8832 -0.063827 0.14596 -0.88996 -0.05923 0.14857 -0.8955 -0.07042 0.14711 -0.90483 -0.07869 0.14685 -0.91426 -0.081107 0.14787 -0.9216 -0.075243 0.15023 -0.92597 -0.063864 0.15275 -0.92687 -0.050655 0.15455 -0.92581 -0.039953 0.15546 -0.92682 -0.030149 0.15597 -0.9258 -0.021119 0.15611 -0.9215 -0.013401 0.15606 -0.91605 -0.0097599 0.15595 -0.93048 0.033181 0.17359 -0.93176 0.019942 0.17233 -0.93548 0.017824 0.17084 -0.94119 0.017683 0.16871 -0.94666 0.019935 0.16675 -0.95192 0.023668 0.16478 -0.95823 0.026508 0.16193 -0.96525 0.031396 0.15843 -0.97009 0.037847 0.15568 -0.97097 0.044281 0.15488 -0.96674 0.049191 0.15697 -0.95936 0.052048 0.16076 -0.95153 0.051608 0.16474 -0.9518 0.057325 0.1639 -0.95135 0.066608 0.16247 -0.94754 0.076238 0.1619 -0.94144 0.082705 0.16255 -0.93358 0.080289 0.16584 -0.92641 0.073849 0.16949 -0.92224 0.065908 0.17222 -0.92005 0.060749 0.17361 -0.91263 0.065615 0.17392 -0.904 0.067408 0.17464 -0.89748 0.065621 0.17558 -0.89533 0.059552 0.17673 -0.89701 0.051208 0.17764 -0.9014 0.043008 0.17793 -0.90596 0.037014 0.17772 -0.90887 0.030907 0.17739 -0.91266 0.025969 0.17675 -0.91789 0.022931 0.17579 -0.92236 0.022674 0.17498 -0.93104 -0.001174 0.1952 -0.92315 0.0032692 0.19366 -0.92068 0.0018463 0.19341 -0.9185 -0.0013618 0.19341 -0.91765 -0.0052452 0.19365 -0.91766 -0.0095167 0.19391 -0.91684 -0.013973 0.19385 -0.91674 -0.019558 0.19363 -0.91819 -0.024574 0.19332 -0.9211 -0.02747 0.1931 -0.92521 -0.027039 0.19332 -0.92951 -0.024159 0.19388 -0.93236 -0.019835 0.19455 -0.93513 -0.022129 0.19412 -0.93988 -0.025455 0.19311 -0.94598 -0.027235 0.19191 -0.95136 -0.026625 0.19112 -0.95315 -0.021525 0.19198 -0.95276 -0.015183 0.19325 -0.95057 -0.0098248 0.19427 -0.94895 -0.0066175 0.19472 -0.9538 -0.0047998 0.19412 -0.95758 -0.0012407 0.19365 -0.95891 0.0026646 0.19349 -0.95674 0.0061474 0.19371 -0.95217 0.0086784 0.19399 -0.9467 0.0098295 0.19415 -0.94217 0.010016 0.19416 -0.93801 0.010984 0.19385 -0.93404 0.011028 0.19357 -0.93043 0.0096169 0.19351 -0.92849 0.0075283 0.19372 -0.89355 0.025672 0.14715 -0.90217 0.034123 0.14533 -0.90126 0.037813 0.14508 -0.89797 0.041809 0.14512 -0.89334 0.044351 0.14543 -0.8879 0.045941 0.14581 -0.88255 0.048673 0.14584 -0.87551 0.050906 0.1458 -0.86864 0.050966 0.14577 -0.86393 0.04837 0.14588 -0.86298 0.042992 0.14635 -0.86504 0.036414 0.14701 -0.86944 0.031129 0.14759 -0.86556 0.028492 0.14746 -0.85967 0.023756 0.147 -0.85525 0.016708 0.14635 -0.85409 0.0096674 0.14584 -0.85983 0.0054188 0.14624 -0.86792 0.0034351 0.1468 -0.87544 0.0041342 0.14722 -0.88007 0.0049505 0.14732 -0.88059 -0.0018969 0.14663 -0.88369 -0.0080366 0.14583 -0.88812 -0.011224 0.14527 -0.89331 -0.009798 0.14516 -0.89819 -0.0049686 0.14524 -0.90168 0.0015354 0.14536 -0.90361 0.0072222 0.14541 -0.9064 0.012159 0.1451 -0.90795 0.017218 0.14487 -0.90753 0.022374 0.14493 -0.90561 0.025648 0.14524 -0.89355 0.025672 0.14715 -0.89919 0.016253 0.14726 -0.9026 0.016252 0.14717 -0.90677 0.018285 0.14706 -0.90995 0.021817 0.14692 -0.91246 0.026239 0.14663 -0.91596 0.030293 0.14609 -0.91939 0.035879 0.14514 -0.9209 0.041748 0.14394 -0.91963 0.046318 0.14294 -0.91513 0.048281 0.14266 -0.90894 0.047941 0.14303 -0.90338 0.045324 0.14389 -0.90191 0.04915 0.14276 -0.89906 0.055037 0.14062 -0.89389 0.060086 0.13827 -0.88804 0.062374 0.13675 -0.8831 0.058388 0.13801 -0.87962 0.051979 0.14014 -0.87862 0.045485 0.14218 -0.87834 0.041387 0.14328 -0.8723 0.042177 0.14212 -0.86632 0.040604 0.14146 -0.86263 0.037353 0.14153 -0.86278 0.032606 0.14251 -0.86596 0.027472 0.14382 -0.87088 0.023201 0.14498 -0.87543 0.020414 0.14572 -0.87916 0.016973 0.14616 -0.88326 0.014585 0.14648 -0.88784 0.013928 0.1468 -0.89108 0.014977 0.14706 -1.2143 0.0083847 0.045755 -1.2039 0.011978 0.047179 -1.2013 0.0098524 0.046935 -1.1994 0.0057001 0.046301 -1.1993 0.0010357 0.045416 -1.2002 -0.00387 0.044234 -1.2001 -0.009079 0.042746 -1.201 -0.015342 0.040512 -1.2036 -0.02056 0.038037 -1.2074 -0.023071 0.036152 -1.2121 -0.021679 0.035751 -1.2167 -0.017571 0.036563 -1.2193 -0.012213 0.038298 -1.2228 -0.014008 0.036379 -1.2285 -0.01632 0.032981 -1.2355 -0.016487 0.029557 -1.2412 -0.014247 0.027572 -1.2425 -0.0082941 0.029868 -1.2412 -0.0015812 0.03354 -1.238 0.0036459 0.037049 -1.2356 0.0067511 0.039017 -1.2406 0.010204 0.037616 -1.244 0.015337 0.037155 -1.2446 0.020167 0.037791 -1.2415 0.02352 0.039708 -1.2359 0.025172 0.042048 -1.2295 0.025071 0.04404 -1.2243 0.024154 0.045296 -1.2193 0.024318 0.046299 -1.2147 0.023475 0.046974 -1.2108 0.020998 0.047357 -1.2091 0.018088 0.047411 -1.1699 0.005888 0.082274 -1.1831 0.015919 0.081482 -1.1828 0.02145 0.081324 -1.1791 0.027943 0.081386 -1.173 0.032627 0.08159 -1.1656 0.036177 0.081685 -1.1582 0.041609 0.081377 -1.1482 0.046679 0.08062 -1.1379 0.048369 0.07945 -1.1304 0.045493 0.078337 -1.1281 0.037533 0.078025 -1.1302 0.027153 0.078471 -1.136 0.018315 0.079516 -1.1297 0.015291 0.078119 -1.1198 0.0095167 0.075287 -1.1118 -9.5367e-05 0.071973 -1.1087 -0.010415 0.06973 -1.1166 -0.01785 0.071502 -1.1284 -0.022221 0.074445 -1.1399 -0.022352 0.077119 -1.1469 -0.021797 0.078451 -1.1463 -0.032338 0.076891 -1.1497 -0.042315 0.075905 -1.1557 -0.048029 0.075853 -1.1637 -0.046767 0.076923 -1.1717 -0.040189 0.078313 -1.1778 -0.030787 0.079455 -1.1814 -0.022424 0.080129 -1.1861 -0.01558 0.08031 -1.189 -0.0084848 0.080419 -1.1889 -0.0010214 0.080727 -1.1863 0.0038824 0.081162 -1.2079 0.025324 0.11577 -1.2037 0.0097866 0.11249 -1.2074 0.0057926 0.11249 -1.214 0.0028839 0.1132 -1.2213 0.0025997 0.11439 -1.2289 0.0039778 0.11574 -1.2373 0.0039005 0.11662 -1.2474 0.0054941 0.11762 -1.2557 0.0096731 0.11859 -1.2596 0.015786 0.11943 -1.2569 0.022978 0.12021 -1.2496 0.02977 0.1207 -1.2404 0.033511 0.12064 -1.2433 0.039169 0.12103 -1.2473 0.048675 0.12126 -1.2479 0.060135 0.12087 -1.2445 0.069574 0.12 -1.2346 0.071256 0.11908 -1.2235 0.06867 0.11804 -1.2149 0.063101 0.11718 -1.2099 0.059198 0.1165 -1.2048 0.067435 0.11465 -1.1971 0.073205 0.11213 -1.1898 0.07447 0.10999 -1.1846 0.069488 0.10896 -1.182 0.060438 0.10878 -1.1822 0.050169 0.10917 -1.1838 0.041903 0.10964 -1.1838 0.034082 0.10932 -1.1855 0.026897 0.10934 -1.1895 0.02083 0.11007 -1.1939 0.018015 0.11116 -1.1973 -0.002758 0.13001 -1.1944 0.0031605 0.13088 -1.1922 0.0033779 0.13096 -1.1894 0.002389 0.13091 -1.1872 0.00041962 0.13069 -1.1853 -0.0021324 0.13029 -1.1827 -0.004405 0.12974 -1.1801 -0.0076199 0.1288 -1.1787 -0.011114 0.12767 -1.1791 -0.013969 0.12676 -1.1819 -0.015413 0.12648 -1.186 -0.015532 0.12669 -1.1898 -0.014206 0.1273 -1.1904 -0.016613 0.12632 -1.1918 -0.020333 0.12455 -1.1946 -0.023635 0.1226 -1.1981 -0.025273 0.12121 -1.2016 -0.023054 0.12184 -1.2043 -0.019291 0.12319 -1.2054 -0.015368 0.1247 -1.2058 -0.012872 0.12556 -1.2095 -0.013571 0.12414 -1.2133 -0.012794 0.12306 -1.2159 -0.010908 0.12276 -1.2161 -0.0079947 0.1236 -1.2144 -0.0047588 0.12507 -1.2116 -0.0020008 0.1266 -1.2089 -0.00016689 0.12773 -1.2067 0.0020475 0.12857 -1.2043 0.0036278 0.1293 -1.2015 0.0041523 0.12996 -1.1994 0.003582 0.13033 1.2207 -0.013559 0.041766 1.2111 -0.019454 0.043143 1.208 -0.017882 0.043082 1.2053 -0.014107 0.042751 1.2042 -0.0094337 0.042171 1.204 -0.0042734 0.041276 1.2028 0.00098991 0.040092 1.2023 0.0075665 0.038179 1.2037 0.01347 0.035906 1.2069 0.016915 0.034037 1.2119 0.016561 0.033439 1.2173 0.013392 0.033929 1.2211 0.0085049 0.035333 1.2242 0.011166 0.033375 1.2293 0.01493 0.029847 1.2361 0.016814 0.026109 1.2423 0.015955 0.023738 1.2449 0.010153 0.025712 1.2451 0.0029449 0.029133 1.2431 -0.0031891 0.032519 1.2414 -0.0069151 0.034413 1.2471 -0.0091934 0.032582 1.2515 -0.013538 0.031644 1.2532 -0.018244 0.03194 1.2509 -0.022374 0.033769 1.2457 -0.025377 0.036215 1.2394 -0.026779 0.038436 1.234 -0.027061 0.039917 1.2291 -0.028366 0.041042 1.2243 -0.02856 0.041889 1.22 -0.026945 0.042541 1.2177 -0.024422 0.042847 1.1768 -0.023083 0.081584 1.192 -0.030199 0.079786 1.1929 -0.035747 0.07919 1.1906 -0.042994 0.078799 1.1856 -0.048957 0.07873 1.1789 -0.054093 0.078652 1.1727 -0.061036 0.077994 1.1638 -0.068169 0.076919 1.1539 -0.071958 0.075669 1.1458 -0.070625 0.0748 1.1418 -0.063182 0.075117 1.1416 -0.052452 0.076376 1.1456 -0.042482 0.078105 1.1386 -0.040744 0.076929 1.1275 -0.036909 0.074479 1.1173 -0.02884 0.071788 1.112 -0.019083 0.070233 1.1183 -0.010128 0.072605 1.1293 -0.0034609 0.075939 1.1407 -0.001071 0.078661 1.1479 -0.00020885 0.079951 1.145 0.010245 0.079113 1.1463 0.020967 0.07879 1.1511 0.027937 0.079102 1.1593 0.028306 0.080046 1.1687 0.023381 0.080915 1.1768 0.015261 0.081325 1.1822 0.0076656 0.081347 1.1883 0.0018482 0.080947 1.1927 -0.0046043 0.080474 1.1942 -0.012063 0.080224 1.1927 -0.017513 0.08034 1.2196 -0.036642 0.1154 1.2121 -0.021849 0.11315 1.2148 -0.017101 0.11342 1.2209 -0.012836 0.11432 1.2281 -0.011086 0.11551 1.236 -0.010931 0.11675 1.2443 -0.0091257 0.11759 1.2548 -0.0086212 0.11841 1.264 -0.011053 0.11901 1.2692 -0.016367 0.11939 1.268 -0.024158 0.11969 1.2622 -0.032496 0.11979 1.2539 -0.038166 0.11954 1.258 -0.0432 0.11949 1.2639 -0.051826 0.11894 1.2669 -0.063067 0.11762 1.2656 -0.073107 0.116 1.2561 -0.076823 0.11501 1.2444 -0.076561 0.11425 1.2346 -0.072802 0.11388 1.2288 -0.069941 0.11352 1.2254 -0.079088 0.11095 1.2189 -0.086287 0.10791 1.2119 -0.088956 0.10563 1.2056 -0.085042 0.10498 1.2011 -0.076586 0.10553 1.1991 -0.066359 0.10674 1.1989 -0.057842 0.10786 1.1973 -0.050028 0.10813 1.1974 -0.042539 0.10869 1.2001 -0.035703 0.10989 1.204 -0.032026 0.11122 1.2035 -0.011958 0.13295 1.2018 -0.018537 0.13345 1.1997 -0.019221 0.13356 1.1967 -0.018826 0.13362 1.194 -0.01733 0.13356 1.1916 -0.01517 0.13336 1.1885 -0.013419 0.13297 1.1852 -0.010722 0.13225 1.183 -0.007473 0.13134 1.1829 -0.004468 0.13058 1.1853 -0.0024166 0.13036 1.1894 -0.0014467 0.13054 1.1935 -0.0019951 0.13104 1.1935 0.00059891 0.13018 1.194 0.0047054 0.12855 1.1961 0.0087347 0.12668 1.1993 0.011211 0.12528 1.2032 0.009696 0.12574 1.2067 0.0064316 0.12686 1.2086 0.0026608 0.12815 1.2096 0.00021362 0.12887 1.2132 0.0018005 0.12735 1.2171 0.0019207 0.12609 1.22 0.00060177 0.1256 1.2209 -0.0023079 0.12626 1.2199 -0.0059834 0.1276 1.2177 -0.0094385 0.12906 1.2154 -0.011916 0.13016 1.2138 -0.014635 0.13091 1.2117 -0.016773 0.1316 1.209 -0.017941 0.1323 1.2069 -0.017839 0.13277 -0.6429 -0.037618 0.055968 -0.63376 -0.031768 0.057013 -0.63048 -0.03314 0.057892 -0.62746 -0.03682 0.059181 -0.6261 -0.041562 0.060288 -0.62572 -0.046976 0.061103 -0.62407 -0.052747 0.061924 -0.62316 -0.060183 0.062303 -0.62421 -0.067066 0.06166 -0.62738 -0.071242 0.060155 -0.63258 -0.07098 0.05835 -0.6384 -0.067377 0.056748 -0.64258 -0.061667 0.055979 -0.64551 -0.065149 0.054189 -0.65052 -0.070346 0.050603 -0.65729 -0.073633 0.045853 -0.66363 -0.073556 0.041938 -0.66671 -0.066812 0.042192 -0.66734 -0.058159 0.044063 -0.66545 -0.050707 0.046438 -0.66382 -0.046289 0.047726 -0.66993 -0.044543 0.044494 -0.67492 -0.040315 0.041893 -0.67699 -0.035316 0.040875 -0.67467 -0.030526 0.042051 -0.6692 -0.026837 0.044408 -0.66241 -0.024984 0.047026 -0.65671 -0.024531 0.049058 -0.65157 -0.023115 0.050388 -0.64669 -0.022894 0.051708 -0.64233 -0.024562 0.053289 -0.64009 -0.027184 0.054553 -0.59741 -0.0082731 0.099654 -0.61453 -0.0057611 0.096355 -0.61724 -0.00061035 0.093775 -0.61709 0.0072479 0.090486 -0.61366 0.01469 0.087744 -0.60817 0.021808 0.085058 -0.6037 0.030538 0.080748 -0.59621 0.040085 0.075397 -0.58667 0.046328 0.071088 -0.57756 0.046894 0.069733 -0.57123 0.04041 0.073083 -0.56822 0.029762 0.079322 -0.56993 0.018886 0.085994 -0.56179 0.018662 0.08438 -0.54854 0.016865 0.08138 -0.53507 0.010167 0.079564 -0.52635 0.0006752 0.080087 -0.53072 -0.0097351 0.086392 -0.5408 -0.018568 0.093535 -0.55267 -0.023106 0.098708 -0.56026 -0.025392 0.10118 -0.55376 -0.036433 0.10203 -0.55174 -0.04883 0.1037 -0.55468 -0.057807 0.10565 -0.56343 -0.060038 0.10758 -0.57508 -0.056639 0.10858 -0.58622 -0.049491 0.1082 -0.59414 -0.042397 0.10708 -0.60219 -0.037783 0.10574 -0.60848 -0.03213 0.10399 -0.61199 -0.024631 0.10202 -0.61177 -0.018417 0.1007 -0.65971 0.0044661 0.12063 -0.64869 -0.0094957 0.11988 -0.65 -0.0154 0.1182 -0.65538 -0.021269 0.11568 -0.66307 -0.024442 0.11322 -0.67217 -0.025945 0.11052 -0.68172 -0.029589 0.10649 -0.69424 -0.031775 0.10113 -0.70606 -0.029969 0.096283 -0.71355 -0.024015 0.093913 -0.71388 -0.014418 0.095896 -0.70866 -0.0039005 0.10075 -0.69958 0.003397 0.10655 -0.70582 0.0091534 0.10399 -0.71497 0.019531 0.099341 -0.72083 0.033712 0.095422 -0.721 0.046765 0.094111 -0.71026 0.051734 0.099882 -0.69621 0.051525 0.10726 -0.6838 0.046704 0.11328 -0.67632 0.043059 0.11637 -0.67369 0.055731 0.11551 -0.66659 0.066223 0.11585 -0.658 0.070708 0.11736 -0.64969 0.06617 0.12008 -0.64312 0.055399 0.12271 -0.63964 0.042171 0.12425 -0.63862 0.031262 0.12468 -0.63578 0.02209 0.12474 -0.63501 0.013476 0.12428 -0.63767 0.0056171 0.1234 -0.64227 0.0014391 0.12259 -0.61735 -0.031789 0.1519 -0.61983 -0.016632 0.14783 -0.61585 -0.013302 0.14665 -0.609 -0.01136 0.14572 -0.60184 -0.011975 0.1454 -0.59457 -0.014229 0.14525 -0.58644 -0.015259 0.14411 -0.57687 -0.018158 0.14264 -0.5693 -0.02334 0.14154 -0.5663 -0.029764 0.14152 -0.56973 -0.036263 0.14338 -0.57743 -0.041719 0.14626 -0.58663 -0.043983 0.149 -0.58457 -0.049893 0.14856 -0.58209 -0.059761 0.14738 -0.58318 -0.071129 0.14625 -0.58782 -0.079968 0.14581 -0.5976 -0.080168 0.14791 -0.60801 -0.076012 0.15037 -0.61558 -0.069338 0.15214 -0.61991 -0.064851 0.15284 -0.62625 -0.072328 0.15189 -0.63484 -0.077084 0.15089 -0.64238 -0.077461 0.1503 -0.64684 -0.071955 0.15048 -0.64809 -0.062807 0.15086 -0.64639 -0.052849 0.15103 -0.6437 -0.04503 0.15092 -0.64261 -0.037539 0.15011 -0.64009 -0.030855 0.14931 -0.63531 -0.025506 0.1489 -0.63047 -0.023306 0.14906 -0.62227 0.0011864 0.16388 -0.629 -0.004776 0.16384 -0.63168 -0.0039968 0.16327 -0.63445 -0.0014277 0.16248 -0.63606 0.0020914 0.1617 -0.63691 0.0061417 0.1608 -0.63862 0.010131 0.15956 -0.63984 0.015268 0.15782 -0.63941 0.020119 0.15603 -0.63712 0.02327 0.15482 -0.63301 0.023646 0.15491 -0.62823 0.021873 0.15604 -0.62461 0.018534 0.15782 -0.62234 0.02104 0.15656 -0.61831 0.024692 0.15429 -0.61263 0.027081 0.15218 -0.6072 0.027243 0.15127 -0.6045 0.023096 0.15369 -0.60369 0.017529 0.157 -0.60485 0.012472 0.1598 -0.60585 0.0093393 0.16129 -0.60071 0.0083838 0.16114 -0.5963 0.0056553 0.16171 -0.59422 0.0022469 0.16277 -0.59569 -0.0013075 0.16413 -0.59968 -0.0044079 0.16526 -0.60483 -0.0064306 0.16582 -0.60923 -0.0074253 0.16593 -0.61309 -0.0091667 0.16595 -0.61693 -0.010012 0.16572 -0.62072 -0.0093689 0.1653 -0.62301 -0.0077124 0.16495 1.4947 0.016078 0.053473 1.5019 0.0050182 0.055477 1.5002 0.00094032 0.056249 1.4956 -0.0028849 0.057152 1.4897 -0.0047064 0.057701 1.483 -0.0053368 0.057812 1.4759 -0.0075245 0.057851 1.4668 -0.0088501 0.057108 1.4585 -0.0077248 0.055267 1.4536 -0.0039253 0.052864 1.4541 0.002491 0.050843 1.4585 0.0097561 0.049605 1.4655 0.015044 0.04967 1.4614 0.018574 0.047029 1.4555 0.024653 0.042006 1.4521 0.032972 0.035924 1.4526 0.040822 0.031367 1.4607 0.044775 0.032799 1.4709 0.045739 0.036424 1.4796 0.043563 0.040415 1.4848 0.041652 0.042626 1.4873 0.049263 0.039147 1.4927 0.055548 0.036797 1.4989 0.058234 0.03641 1.5046 0.055495 0.038532 1.5088 0.048842 0.041836 1.5109 0.040508 0.045136 1.5113 0.033496 0.047533 1.5129 0.02721 0.049252 1.5131 0.02121 0.050774 1.511 0.015781 0.05232 1.5077 0.01295 0.053377 1.5247 -0.039855 0.10959 1.5278 -0.018738 0.10636 1.5344 -0.015228 0.10414 1.5445 -0.01513 0.10144 1.554 -0.019072 0.09927 1.5633 -0.025539 0.097074 1.5747 -0.030686 0.093208 1.5874 -0.039488 0.088165 1.5959 -0.050908 0.083809 1.5971 -0.06202 0.0821 1.5888 -0.070017 0.084964 1.575 -0.074127 0.090695 1.5607 -0.072478 0.096998 1.5609 -0.082417 0.094873 1.5596 -0.098624 0.090739 1.5521 -0.11526 0.087244 1.5408 -0.12621 0.086198 1.527 -0.12127 0.092187 1.5149 -0.10932 0.09954 1.5082 -0.095032 0.10525 1.5048 -0.085851 0.108 1.4914 -0.094119 0.10714 1.4762 -0.096969 0.10713 1.4649 -0.093642 0.10811 1.4616 -0.083032 0.11023 1.4652 -0.068699 0.11219 1.4736 -0.054855 0.11308 1.4822 -0.04493 0.11302 1.4878 -0.034919 0.1123 1.4947 -0.027022 0.11122 1.5041 -0.022483 0.11011 1.5118 -0.02256 0.10951 1.5351 0.036322 0.13794 1.5185 0.022465 0.13461 1.5116 0.023948 0.13169 1.5047 0.030446 0.12784 1.501 0.03983 0.12454 1.4994 0.051003 0.12124 1.4953 0.062694 0.11602 1.4931 0.078095 0.1095 1.4957 0.092733 0.1042 1.5031 0.10212 0.10245 1.5144 0.10273 0.10635 1.5266 0.0965 0.11373 1.5348 0.085445 0.12167 1.542 0.093301 0.11962 1.5551 0.10489 0.11588 1.5728 0.11254 0.11354 1.5888 0.11312 0.11404 1.5943 0.099973 0.12154 1.5933 0.082582 0.13007 1.5868 0.067118 0.13629 1.5821 0.057791 0.13926 1.5977 0.054922 0.14019 1.6106 0.046499 0.14213 1.6161 0.036071 0.14448 1.6104 0.0257 0.14686 1.5971 0.017313 0.14818 1.5809 0.012658 0.14786 1.5676 0.011114 0.14663 1.5565 0.0073853 0.14519 1.5461 0.0062199 0.14326 1.5367 0.0092936 0.14101 1.5316 0.014839 0.13947 1.4873 -0.017244 0.16885 1.5063 -0.013708 0.16642 1.5106 -0.018467 0.16546 1.5133 -0.026788 0.16451 1.5129 -0.035562 0.1639 1.5104 -0.044523 0.16322 1.5095 -0.054483 0.16154 1.5065 -0.066247 0.15913 1.5006 -0.075633 0.15684 1.4929 -0.079477 0.15575 1.4846 -0.075497 0.15701 1.4773 -0.06627 0.15974 1.4739 -0.055132 0.16284 1.4668 -0.057804 0.16134 1.4551 -0.061068 0.15832 1.4414 -0.060015 0.15518 1.4306 -0.054553 0.15335 1.4298 -0.042634 0.15602 1.4341 -0.029821 0.15982 1.4417 -0.020416 0.16315 1.4469 -0.015007 0.16478 1.4378 -0.0074177 0.16258 1.4319 0.0029945 0.16079 1.4313 0.012234 0.16017 1.4379 0.017842 0.16135 1.4489 0.019604 0.16327 1.461 0.017795 0.16502 1.4706 0.014703 0.16607 1.4799 0.013592 0.16627 1.4882 0.010697 0.16632 1.4949 0.0049992 0.16659 1.4977 -0.00087547 0.16704 1.5253 -0.010612 0.18852 1.5179 -0.0025234 0.18765 1.5188 0.00079441 0.18715 1.522 0.0042744 0.18665 1.5264 0.0063572 0.18631 1.5314 0.0075302 0.18589 1.5364 0.0097599 0.18507 1.5429 0.011422 0.18382 1.5491 0.011067 0.18244 1.5531 0.0083761 0.18145 1.5537 0.0033512 0.18153 1.5515 -0.0025749 0.18251 1.5473 -0.0071411 0.18404 1.5506 -0.0098276 0.18289 1.5555 -0.014614 0.18067 1.5589 -0.021465 0.17842 1.5594 -0.028083 0.17725 1.5541 -0.031564 0.17943 1.5468 -0.032768 0.1825 1.5402 -0.031546 0.18508 1.5361 -0.030445 0.18639 1.5351 -0.036764 0.18596 1.5319 -0.042253 0.18613 1.5276 -0.044911 0.18682 1.523 -0.043242 0.18791 1.519 -0.038452 0.18885 1.5163 -0.032221 0.1893 1.5149 -0.02686 0.18936 1.5127 -0.02218 0.18918 1.5116 -0.017484 0.18885 1.5123 -0.012822 0.18852 1.5143 -0.0099669 0.1884 -0.31207 -0.01429 0.072213 -0.29868 -0.017797 0.071081 -0.2969 -0.02239 0.070885 -0.29741 -0.028994 0.07093 -0.3004 -0.034976 0.071156 -0.30492 -0.040583 0.0713 -0.30868 -0.04775 0.070921 -0.31473 -0.055635 0.07009 -0.32216 -0.06081 0.068969 -0.32906 -0.061191 0.0681 -0.33364 -0.055428 0.068221 -0.33561 -0.046056 0.06907 -0.33404 -0.036582 0.070276 -0.34014 -0.036474 0.069068 -0.34998 -0.035401 0.066519 -0.35979 -0.03052 0.063444 -0.36593 -0.023224 0.061213 -0.36231 -0.014224 0.062567 -0.35449 -0.0063219 0.064955 -0.34548 -0.0020723 0.067217 -0.33972 -2.861e-06 0.068307 -0.34406 0.0083771 0.066141 -0.345 0.017766 0.064283 -0.34237 0.0246 0.063484 -0.33569 0.026412 0.064276 -0.32706 0.02387 0.065812 -0.31893 0.018308 0.067367 -0.31319 0.012691 0.068433 -0.30718 0.0087299 0.068805 -0.30252 0.0039387 0.069158 -0.30004 -0.0021677 0.069797 -0.30035 -0.0070391 0.070502 -0.24423 -0.041047 0.098299 -0.25776 -0.01899 0.097568 -0.25419 -0.011027 0.097202 -0.24512 -0.003521 0.09704 -0.23369 5.0545e-05 0.097001 -0.22084 0.001173 0.096632 -0.20727 0.0051479 0.095437 -0.19005 0.0071697 0.093118 -0.17446 0.004179 0.089954 -0.16534 -0.0039988 0.087129 -0.16648 -0.016858 0.086348 -0.17518 -0.030965 0.087445 -0.18845 -0.040833 0.090043 -0.18109 -0.048609 0.086716 -0.17043 -0.062155 0.080213 -0.16454 -0.0803 0.072877 -0.16607 -0.096891 0.068099 -0.18146 -0.10368 0.072316 -0.2007 -0.10398 0.079209 -0.21704 -0.098285 0.085523 -0.2268 -0.093826 0.088771 -0.23197 -0.10942 0.085561 -0.24262 -0.12205 0.083822 -0.25449 -0.12716 0.084172 -0.26517 -0.12115 0.086945 -0.27296 -0.10737 0.090368 -0.27648 -0.090466 0.093141 -0.27697 -0.076375 0.09477 -0.27993 -0.063835 0.095467 -0.28012 -0.051868 0.095879 -0.27583 -0.040926 0.096485 -0.26939 -0.03506 0.097182 -0.29131 0.023231 0.15627 -0.29306 -0.00060844 0.15337 -0.29971 -0.0042295 0.15355 -0.30992 -0.0045414 0.15452 -0.31974 -0.00077724 0.1559 -0.32927 0.0055227 0.15733 -0.34066 0.010208 0.15817 -0.35364 0.018285 0.15888 -0.36306 0.029055 0.15925 -0.36541 0.039968 0.15942 -0.35826 0.04858 0.15977 -0.34517 0.053948 0.1601 -0.33097 0.05382 0.16018 -0.33229 0.063515 0.15978 -0.3332 0.079248 0.15843 -0.32864 0.095751 0.15609 -0.31965 0.10704 0.15369 -0.30546 0.1035 0.15313 -0.29163 0.093145 0.15312 -0.28271 0.08009 0.15344 -0.27789 0.071561 0.1534 -0.26701 0.080077 0.15012 -0.25378 0.083508 0.14643 -0.24322 0.080816 0.14382 -0.23861 0.070659 0.14336 -0.23959 0.056413 0.14432 -0.245 0.042189 0.14596 -0.25123 0.031611 0.14737 -0.25518 0.020805 0.14766 -0.26085 0.011863 0.14825 -0.26915 0.0059862 0.14964 -0.27647 0.0049372 0.15125 -0.29561 -0.064776 0.17464 -0.28096 -0.048637 0.17404 -0.27336 -0.049293 0.17444 -0.26479 -0.0548 0.17539 -0.25894 -0.063494 0.17646 -0.25474 -0.074203 0.17741 -0.2477 -0.085123 0.17812 -0.24144 -0.1 0.1785 -0.24002 -0.11489 0.17815 -0.24483 -0.12531 0.17726 -0.25634 -0.12755 0.17641 -0.27077 -0.12312 0.17581 -0.28253 -0.11338 0.17564 -0.28734 -0.12233 0.17436 -0.29637 -0.13609 0.17154 -0.31063 -0.14687 0.16762 -0.32539 -0.15037 0.16433 -0.33487 -0.13809 0.16472 -0.3395 -0.12047 0.16637 -0.33812 -0.10393 0.16828 -0.33631 -0.093892 0.16919 -0.35128 -0.093954 0.16616 -0.36497 -0.088197 0.16339 -0.37232 -0.079126 0.16198 -0.3695 -0.067984 0.16263 -0.3591 -0.057378 0.1644 -0.34494 -0.0499 0.16647 -0.33264 -0.045985 0.16808 -0.32253 -0.040459 0.16884 -0.31245 -0.037534 0.16968 -0.30238 -0.038781 0.17097 -0.29621 -0.043116 0.17221 -0.24596 -0.0050945 0.18273 -0.26246 -0.0044718 0.18241 -0.26604 0.00036812 0.18145 -0.26731 0.008297 0.18007 -0.26532 0.016239 0.17874 -0.26132 0.024208 0.17724 -0.25864 0.03398 0.17502 -0.25325 0.045185 0.17193 -0.24534 0.053311 0.16886 -0.23683 0.055356 0.16693 -0.22963 0.049347 0.16747 -0.22483 0.038373 0.16988 -0.22452 0.026499 0.17328 -0.21685 0.027759 0.17122 -0.20421 0.02849 0.16741 -0.19063 0.024361 0.16386 -0.18102 0.016499 0.16237 -0.18331 0.0049753 0.16667 -0.19122 -0.0059404 0.1724 -0.2016 -0.012682 0.17708 -0.2084 -0.016243 0.17948 -0.20061 -0.025826 0.17918 -0.19689 -0.037426 0.18004 -0.19838 -0.046551 0.1817 -0.20631 -0.050134 0.18385 -0.21784 -0.048659 0.18553 -0.22947 -0.043337 0.18622 -0.23804 -0.037496 0.18618 -0.24637 -0.033991 0.18602 -0.25315 -0.029241 0.18551 -0.25746 -0.022371 0.18474 -0.25799 -0.01633 0.18413 -0.29484 -0.013942 0.21097 -0.28842 -0.019619 0.21135 -0.28854 -0.022542 0.21085 -0.29059 -0.025812 0.20998 -0.29395 -0.028009 0.20903 -0.29812 -0.029549 0.20792 -0.30234 -0.032176 0.20648 -0.3081 -0.034418 0.20452 -0.31386 -0.034719 0.2026 -0.31791 -0.032631 0.20141 -0.31885 -0.028088 0.20165 -0.31724 -0.022556 0.20298 -0.31356 -0.018188 0.20492 -0.31701 -0.0161 0.20373 -0.32224 -0.01217 0.20164 -0.32627 -0.0061779 0.19983 -0.32752 -0.00016403 0.19919 -0.32293 0.0032139 0.20158 -0.31631 0.004509 0.20474 -0.31005 0.0034866 0.20736 -0.3062 0.0025091 0.20876 -0.30619 0.0085392 0.20875 -0.30391 0.013947 0.20945 -0.30036 0.016738 0.21057 -0.29605 0.015393 0.21189 -0.29195 0.011039 0.21295 -0.28904 0.0052671 0.21343 -0.28751 0.0003252 0.21347 -0.28531 -0.0036945 0.21354 -0.28413 -0.0076456 0.21335 -0.28463 -0.011541 0.2129 -0.28638 -0.013885 0.21241 -0.265 -0.033612 0.1031 -0.25839 -0.021937 0.10242 -0.25423 -0.021849 0.10195 -0.2491 -0.024229 0.10142 -0.24514 -0.02847 0.10098 -0.24198 -0.033823 0.10046 -0.23765 -0.038708 0.09951 -0.23341 -0.045485 0.09812 -0.23153 -0.052668 0.096669 -0.23305 -0.05833 0.095731 -0.2385 -0.060862 0.095972 -0.24602 -0.060598 0.097091 -0.25278 -0.057513 0.098669 -0.25458 -0.062275 0.09758 -0.2581 -0.069632 0.095511 -0.26449 -0.076035 0.093425 -0.27173 -0.079045 0.092302 -0.27774 -0.074251 0.094177 -0.28194 -0.066422 0.096864 -0.28315 -0.058429 0.099202 -0.28349 -0.053379 0.10041 -0.29096 -0.054548 0.099642 -0.29836 -0.052803 0.099369 -0.30295 -0.048919 0.099699 -0.3028 -0.043072 0.10071 -0.29895 -0.03666 0.10184 -0.29294 -0.031263 0.10265 -0.2874 -0.027708 0.10303 -0.2829 -0.023386 0.10312 -0.27794 -0.020345 0.10305 -0.27234 -0.01941 0.10298 -0.26833 -0.020598 0.10299 -0.265 -0.033612 0.1031 -0.27715 -0.029743 0.10129 -0.27809 -0.02584 0.10128 -0.27694 -0.020521 0.10167 -0.27383 -0.015931 0.10232 -0.26951 -0.011846 0.10302 -0.26583 -0.0067139 0.10342 -0.26032 -0.0012293 0.1038 -0.25392 0.002142 0.10407 -0.24826 0.0019789 0.10426 -0.24478 -0.0026264 0.10454 -0.24352 -0.0098152 0.10482 -0.24509 -0.016918 0.10495 -0.24018 -0.017502 0.10487 -0.23238 -0.019062 0.10443 -0.22485 -0.023478 0.10361 -0.22036 -0.029466 0.10277 -0.22367 -0.036229 0.10265 -0.23026 -0.042014 0.10271 -0.23764 -0.045014 0.1028 -0.24236 -0.046488 0.10272 -0.23953 -0.053087 0.10156 -0.23945 -0.060263 0.1002 -0.24205 -0.065332 0.099195 -0.24759 -0.066492 0.098898 -0.25449 -0.064341 0.099047 -0.26091 -0.059956 0.09941 -0.26547 -0.055579 0.099727 -0.27048 -0.05229 0.099579 -0.27438 -0.048298 0.099576 -0.27648 -0.043279 0.099964 -0.27627 -0.039316 0.10057 0.29838 0.029843 0.056624 0.28642 0.030785 0.056372 0.2842 0.034412 0.056511 0.28362 0.040094 0.056865 0.28525 0.045627 0.057244 0.28823 0.051083 0.057474 0.29031 0.05777 0.057373 0.29419 0.06544 0.056838 0.29965 0.07104 0.055866 0.30541 0.072477 0.054884 0.31019 0.068295 0.054513 0.31334 0.060611 0.054673 0.31352 0.052272 0.055268 0.31866 0.053185 0.054006 0.32705 0.053922 0.051419 0.33597 0.051445 0.048194 0.3422 0.046309 0.045702 0.34057 0.038048 0.046526 0.33526 0.030016 0.048441 0.32837 0.024904 0.050484 0.32385 0.022202 0.051523 0.32872 0.015863 0.0491 0.33086 0.0081244 0.047018 0.32964 0.0019512 0.0461 0.32429 -0.0006628 0.046936 0.31665 8.2016e-05 0.048698 0.30897 0.0034647 0.050609 0.30328 0.007288 0.052019 0.29759 0.0096979 0.052769 0.29292 0.013022 0.053494 0.28991 0.017789 0.05444 0.28946 0.021939 0.055271 0.23797 0.040818 0.082628 0.2528 0.02424 0.080358 0.25096 0.016942 0.079784 0.24441 0.0091658 0.079619 0.23526 0.0043554 0.079851 0.2245 0.0014162 0.079985 0.21353 -0.0040197 0.079306 0.19912 -0.008316 0.077922 0.18526 -0.0080671 0.076018 0.17614 -0.0024223 0.07441 0.17509 0.0087013 0.074363 0.18037 0.021981 0.075666 0.19024 0.032309 0.07784 0.18264 0.037909 0.07572 0.1712 0.048031 0.071346 0.16306 0.062839 0.066318 0.16158 0.077371 0.063077 0.17381 0.085339 0.066374 0.19043 0.088286 0.071447 0.20548 0.085723 0.07584 0.21461 0.083316 0.077968 0.21645 0.097498 0.075856 0.22346 0.10995 0.074617 0.23278 0.11613 0.074708 0.2429 0.11257 0.076322 0.25179 0.10194 0.0782 0.25751 0.088013 0.079538 0.26017 0.076059 0.080173 0.26464 0.065847 0.080006 0.26665 0.055702 0.079736 0.26472 0.04572 0.079856 0.26019 0.039708 0.080397 0.29061 -0.0089712 0.12637 0.2883 0.011662 0.12507 0.2934 0.015763 0.12515 0.30207 0.017577 0.12558 0.31104 0.015851 0.12617 0.32017 0.011926 0.12668 0.3306 0.0096884 0.12671 0.34289 0.0048265 0.12639 0.35256 -0.002862 0.12578 0.35623 -0.011765 0.12528 0.3515 -0.020205 0.12541 0.34123 -0.026815 0.12593 0.32915 -0.028923 0.12655 0.33174 -0.036927 0.12567 0.33487 -0.050076 0.12369 0.33341 -0.064689 0.12106 0.32739 -0.075568 0.11882 0.31478 -0.074743 0.11908 0.30145 -0.068113 0.12014 0.29189 -0.058439 0.12143 0.2865 -0.05195 0.12201 0.2784 -0.060728 0.11924 0.26751 -0.065538 0.11647 0.25801 -0.064783 0.11482 0.25252 -0.056861 0.11513 0.25121 -0.044662 0.11663 0.2537 -0.031819 0.11852 0.25744 -0.021935 0.12001 0.25915 -0.012162 0.12065 0.26262 -0.0037146 0.12138 0.26883 0.0025043 0.12253 0.27497 0.0044641 0.12365 0.28166 0.06557 0.14617 0.27167 0.049617 0.14541 0.26514 0.04897 0.14609 0.25706 0.052265 0.1475 0.25082 0.058685 0.14907 0.24566 0.067076 0.15058 0.23804 0.075215 0.15202 0.23046 0.086848 0.15334 0.22696 0.099277 0.15385 0.2294 0.10891 0.15345 0.23879 0.11264 0.1524 0.25168 0.11116 0.1511 0.26315 0.10473 0.15 0.2658 0.11313 0.14919 0.27122 0.12634 0.14716 0.28148 0.13789 0.14385 0.29331 0.14331 0.14068 0.30326 0.13435 0.14001 0.30997 0.12004 0.14032 0.31143 0.10571 0.14114 0.31148 0.096864 0.14147 0.32403 0.099386 0.13833 0.3364 0.096756 0.13517 0.34396 0.090266 0.13323 0.34331 0.080343 0.13332 0.33619 0.069643 0.13468 0.32542 0.060997 0.1366 0.31565 0.055685 0.13823 0.30796 0.049387 0.13899 0.29989 0.045296 0.13994 0.29121 0.044727 0.14148 0.28537 0.047388 0.143 0.24906 0.0068216 0.15189 0.26315 0.0088797 0.15094 0.26688 0.005374 0.14974 0.26911 -0.0010958 0.14813 0.26858 -0.0080872 0.14668 0.26633 -0.015407 0.14517 0.26544 -0.024018 0.1429 0.26243 -0.034231 0.13994 0.25682 -0.042223 0.13724 0.24981 -0.0452 0.13585 0.2428 -0.041245 0.13689 0.23717 -0.032787 0.13967 0.23525 -0.02291 0.14315 0.22883 -0.025084 0.14165 0.21803 -0.027505 0.1389 0.20569 -0.02596 0.13665 0.19626 -0.02072 0.13617 0.19664 -0.010774 0.14029 0.20196 -0.00053215 0.14536 0.20996 0.0065975 0.14925 0.21531 0.010573 0.15118 0.20722 0.017506 0.15173 0.20232 0.026731 0.15319 0.20226 0.034634 0.155 0.20855 0.038815 0.15668 0.21865 0.039287 0.15757 0.22937 0.036551 0.15743 0.23754 0.032931 0.15676 0.24514 0.031263 0.15612 0.2516 0.028311 0.15518 0.25627 0.023188 0.15402 0.25762 0.018169 0.15317 0.29058 0.020694 0.17423 0.28427 0.024494 0.17509 0.2839 0.027016 0.17482 0.28509 0.030149 0.17417 0.28756 0.032579 0.17334 0.29082 0.034585 0.17233 0.29393 0.037537 0.17108 0.29837 0.040424 0.16932 0.30313 0.041663 0.16749 0.30682 0.040575 0.16622 0.30833 0.036855 0.16616 0.30788 0.031851 0.16706 0.30552 0.027484 0.16862 0.30871 0.026302 0.16737 0.31365 0.023875 0.16521 0.3179 0.019498 0.16322 0.31985 0.014619 0.16232 0.31659 0.01093 0.16434 0.31133 0.0086594 0.1672 0.30598 0.0084333 0.16971 0.30264 0.0086021 0.17109 0.30355 0.0034828 0.17077 0.30248 -0.0014935 0.17117 0.29995 -0.0044632 0.17211 0.29615 -0.0040531 0.17347 0.29205 -0.0010443 0.17474 0.28871 0.0033779 0.17555 0.28666 0.0073318 0.17589 0.28418 0.010398 0.17624 0.28257 0.013576 0.17634 0.28237 0.01698 0.17613 0.28348 0.019264 0.17577 0.25696 0.037531 0.085485 0.25311 0.026623 0.084575 0.24957 0.025921 0.084335 0.24483 0.027164 0.084208 0.2408 0.030167 0.08421 0.23727 0.034241 0.084166 0.2328 0.037753 0.083786 0.22809 0.042904 0.083126 0.22532 0.048772 0.082343 0.22569 0.053855 0.081782 0.22995 0.056844 0.0819 0.23643 0.057742 0.082536 0.24272 0.056108 0.083444 0.24346 0.060477 0.082699 0.24522 0.067362 0.081192 0.24956 0.073884 0.07951 0.25518 0.077617 0.078434 0.26111 0.074402 0.079535 0.26601 0.068294 0.081237 0.26838 0.061594 0.082752 0.2695 0.057308 0.083501 0.27562 0.059499 0.08262 0.28216 0.059183 0.082012 0.28667 0.056587 0.081912 0.28749 0.051558 0.082476 0.28526 0.045465 0.083249 0.28102 0.039913 0.083889 0.27688 0.036016 0.084251 0.27373 0.031642 0.084281 0.26999 0.028292 0.084262 0.26537 0.026628 0.084369 0.26178 0.027012 0.084593 0.25696 0.037531 0.085485 0.26779 0.036222 0.083285 0.26918 0.033056 0.083039 0.26904 0.028347 0.083141 0.26714 0.023938 0.083576 0.26413 0.019766 0.084131 0.26181 0.014819 0.08435 0.258 0.0092897 0.084605 0.2531 0.0054197 0.084909 0.24827 0.0046663 0.085305 0.24462 0.0080194 0.085912 0.24247 0.013913 0.08656 0.24271 0.020178 0.086969 0.23845 0.019912 0.087124 0.23158 0.020041 0.087141 0.22446 0.02265 0.086969 0.21969 0.02707 0.086738 0.22146 0.03333 0.086856 0.22617 0.039266 0.086937 0.23198 0.042956 0.086879 0.23575 0.044946 0.086705 0.23228 0.050158 0.086174 0.23106 0.056296 0.085398 0.23243 0.061048 0.084705 0.23694 0.062908 0.084298 0.24314 0.062152 0.084043 0.24928 0.059414 0.083875 0.25384 0.056397 0.083741 0.25858 0.054393 0.083253 0.2625 0.051613 0.082894 0.26507 0.047663 0.082883 0.26553 0.044241 0.0832 0.61702 0.027727 0.058986 0.60785 0.012874 0.057011 0.60201 0.012349 0.055012 0.5948 0.015503 0.052395 0.58928 0.021523 0.050127 0.58484 0.029303 0.04781 0.57842 0.03675 0.04428 0.57236 0.047265 0.039749 0.57016 0.058367 0.03576 0.57315 0.06689 0.033916 0.58178 0.070188 0.035863 0.59303 0.068889 0.04042 0.60261 0.063216 0.045866 0.60591 0.07053 0.043839 0.61254 0.081851 0.040123 0.62371 0.09148 0.037272 0.63562 0.09575 0.03693 0.6435 0.087888 0.04303 0.64778 0.075454 0.050375 0.64747 0.062987 0.055926 0.64667 0.05522 0.058681 0.65889 0.056936 0.059575 0.67055 0.054076 0.061684 0.6773 0.047987 0.064209 0.67597 0.039163 0.066536 0.66858 0.0298 0.067738 0.65805 0.022297 0.067441 0.64874 0.017705 0.066397 0.64151 0.012043 0.06532 0.63401 0.0083866 0.063798 0.62593 0.008008 0.06197 0.62046 0.010586 0.060678 0.57111 -0.032568 0.093234 0.59109 -0.026872 0.096115 0.59694 -0.031205 0.098008 0.60096 -0.040034 0.10055 0.60107 -0.050149 0.10257 0.59888 -0.061196 0.10392 0.59905 -0.074092 0.10527 0.59674 -0.090106 0.10547 0.59069 -0.10377 0.10348 0.58189 -0.11042 0.099939 0.57158 -0.10643 0.096241 0.56209 -0.095068 0.093248 0.5573 -0.080429 0.092088 0.54941 -0.085981 0.087979 0.5363 -0.093904 0.079736 0.52081 -0.096801 0.068898 0.50826 -0.092967 0.059931 0.50635 -0.07727 0.060527 0.51062 -0.059217 0.064868 0.51926 -0.045247 0.070519 0.52543 -0.037382 0.073638 0.51421 -0.030399 0.065529 0.50687 -0.019011 0.058771 0.50589 -0.0077524 0.055932 0.51354 0.00044441 0.058813 0.52676 0.0044279 0.06495 0.5414 0.0037794 0.071895 0.55288 0.00093555 0.077288 0.56364 0.00042152 0.080894 0.57299 -0.0022488 0.084357 0.58 -0.0083227 0.0882 0.58226 -0.014945 0.091002 0.66116 0.0066681 0.14157 0.63857 0.012974 0.14217 0.63538 0.020945 0.14279 0.63626 0.032415 0.1437 0.64152 0.042812 0.14445 0.64948 0.052616 0.14486 0.65618 0.065404 0.14485 0.66695 0.079508 0.14405 0.68013 0.088755 0.1424 0.69226 0.089384 0.14062 0.70014 0.07896 0.1397 0.70328 0.062111 0.13952 0.70011 0.045173 0.14005 0.71084 0.045051 0.13784 0.72811 0.043252 0.13336 0.74516 0.034693 0.12761 0.75568 0.021832 0.12289 0.74899 0.0059462 0.12347 0.73493 -0.0078974 0.126 0.71887 -0.01519 0.12917 0.70862 -0.018642 0.13086 0.71602 -0.033401 0.12577 0.71732 -0.049882 0.12116 0.71242 -0.061817 0.11886 0.70061 -0.06482 0.1203 0.68556 -0.060066 0.12396 0.67156 -0.049961 0.12824 0.6618 -0.039823 0.13156 0.65158 -0.032664 0.13358 0.64381 -0.02417 0.13555 0.63997 -0.013515 0.13783 0.64099 -0.0051394 0.13957 0.57943 0.037656 0.17239 0.58722 0.0072823 0.17087 0.58043 -0.00013447 0.16758 0.56799 -0.0052023 0.1627 0.55448 -0.0051565 0.15804 0.54053 -0.0018845 0.15332 0.52545 -0.0013914 0.14706 0.50756 0.0024366 0.13938 0.49304 0.011104 0.13317 0.4866 0.023165 0.13091 0.49163 0.036839 0.13466 0.50453 0.049418 0.14212 0.52071 0.055971 0.15042 0.51626 0.067059 0.14828 0.5108 0.085579 0.14477 0.51189 0.10758 0.14325 0.51983 0.12539 0.1446 0.53774 0.12787 0.15213 0.55727 0.12207 0.16073 0.57187 0.11073 0.16738 0.58041 0.10286 0.17092 0.59207 0.11816 0.17218 0.60835 0.1285 0.17474 0.62297 0.13026 0.17774 0.63204 0.12027 0.1809 0.63525 0.10271 0.18323 0.63299 0.083058 0.18399 0.62868 0.067339 0.18359 0.62766 0.052311 0.18317 0.62381 0.038633 0.18187 0.61539 0.02732 0.17959 0.60635 0.022305 0.17743 0.60684 -0.0517 0.1887 0.61651 -0.026292 0.1887 0.62502 -0.024325 0.18746 0.63643 -0.027219 0.1857 0.64608 -0.034529 0.18391 0.65454 -0.0445 0.18167 0.66556 -0.053177 0.17823 0.67705 -0.065961 0.17312 0.6835 -0.080451 0.16763 0.68206 -0.092862 0.16378 0.67108 -0.09994 0.16391 0.65482 -0.10172 0.16715 0.63939 -0.097219 0.17232 0.63715 -0.10786 0.16812 0.63193 -0.12455 0.16033 0.62014 -0.14008 0.15247 0.60547 -0.14872 0.14818 0.59134 -0.14059 0.15478 0.58035 -0.12546 0.16446 0.57578 -0.10895 0.17303 0.57384 -0.09838 0.17757 0.55797 -0.10344 0.17491 0.54137 -0.10223 0.17429 0.53026 -0.095548 0.17594 0.52898 -0.083185 0.18001 0.53568 -0.068462 0.18445 0.54733 -0.055268 0.1877 0.55843 -0.046201 0.18937 0.56677 -0.035932 0.19026 0.57631 -0.028283 0.19052 0.58774 -0.024984 0.19045 0.5964 -0.026649 0.19031 0.63818 0.030042 0.19494 0.61675 0.019788 0.19337 0.61068 0.023399 0.19108 0.60599 0.031719 0.188 0.60506 0.041783 0.18521 0.60654 0.052778 0.18225 0.60584 0.064363 0.17797 0.60762 0.078626 0.1723 0.61348 0.090938 0.16693 0.62251 0.097431 0.16387 0.63337 0.095356 0.1653 0.64367 0.087198 0.17007 0.64933 0.075829 0.17648 0.65777 0.080717 0.17324 0.67215 0.087237 0.16739 0.68969 0.089177 0.16243 0.70418 0.085537 0.16102 0.70659 0.072962 0.16897 0.70242 0.058199 0.1791 0.69377 0.046176 0.18717 0.68778 0.038937 0.19135 0.7005 0.03268 0.19206 0.70948 0.022333 0.19474 0.71158 0.011969 0.19832 0.70415 0.0039454 0.202 0.69057 -0.00095558 0.20439 0.6752 -0.0021791 0.2048 0.66291 -0.0012989 0.20405 0.65157 -0.0028324 0.2032 0.64123 -0.0020971 0.20164 0.63253 0.0024357 0.19953 0.62854 0.0084801 0.19793 0.57692 -0.0065718 0.20837 0.59129 -0.0093279 0.20798 0.59288 -0.01331 0.20699 0.59209 -0.019074 0.20566 0.58885 -0.024308 0.20439 0.58412 -0.029126 0.20295 0.58027 -0.035001 0.20086 0.5743 -0.041327 0.19794 0.56709 -0.045309 0.19493 0.56043 -0.045358 0.19295 0.55593 -0.040544 0.19322 0.55383 -0.032909 0.19528 0.55508 -0.025294 0.1984 0.54931 -0.024782 0.19629 0.54016 -0.023092 0.19242 0.53115 -0.018122 0.1888 0.52555 -0.011426 0.18722 0.52881 -0.0042744 0.1914 0.53596 0.0017452 0.19709 0.54431 0.0048323 0.20185 0.54972 0.0063982 0.20435 0.54594 0.013783 0.20405 0.54538 0.021887 0.20494 0.5481 0.027659 0.20666 0.55452 0.029054 0.2089 0.56278 0.026811 0.21073 0.57062 0.022132 0.21159 0.57625 0.017462 0.2117 0.58234 0.014222 0.21163 0.58714 0.010203 0.21115 0.5898 0.0049133 0.21042 0.58962 0.00055885 0.20984 0.62208 -0.014505 0.23153 0.61547 -0.0038528 0.23193 0.61713 -0.00031376 0.23131 0.6213 0.0029039 0.23028 0.62653 0.0042772 0.22915 0.63237 0.0044842 0.22783 0.63837 0.0059309 0.22603 0.64591 0.0064154 0.22353 0.65273 0.0046864 0.22106 0.65674 0.00076962 0.21954 0.65637 -0.0050297 0.21988 0.65276 -0.011246 0.22156 0.64712 -0.015472 0.22393 0.65027 -0.019189 0.22236 0.65474 -0.025595 0.21955 0.65706 -0.033984 0.21694 0.65618 -0.0415 0.21569 0.64951 -0.044282 0.21828 0.64119 -0.044075 0.22195 0.6341 -0.041243 0.22522 0.62981 -0.039089 0.227 0.62727 -0.046001 0.22608 0.62232 -0.051473 0.22592 0.61692 -0.053537 0.2266 0.61217 -0.050632 0.22825 0.60873 -0.0443 0.23012 0.60716 -0.036635 0.23156 0.60689 -0.030266 0.23235 0.60544 -0.024487 0.23289 0.60526 -0.018972 0.23312 0.60714 -0.013949 0.23309 0.61004 -0.011265 0.2329 0.57219 -0.017447 0.11482 0.58135 -0.028381 0.1164 0.57991 -0.032611 0.11631 0.57565 -0.036914 0.11591 0.56998 -0.039353 0.11523 0.56352 -0.04061 0.11421 0.55713 -0.043265 0.11288 0.54895 -0.04521 0.11075 0.54128 -0.044675 0.10818 0.53636 -0.041251 0.10602 0.53591 -0.034883 0.10525 0.53891 -0.027352 0.10573 0.54436 -0.021527 0.10729 0.54046 -0.018182 0.10505 0.53478 -0.012327 0.10103 0.53114 -0.0039835 0.096796 0.53106 0.0041122 0.094176 0.53786 0.0086269 0.096577 0.54687 0.010371 0.10063 0.55496 0.0090256 0.10458 0.55994 0.0077152 0.10679 0.56172 0.015442 0.10498 0.56628 0.022118 0.10426 0.57183 0.025317 0.10486 0.57744 0.023201 0.107 0.5822 0.017204 0.10966 0.58518 0.009388 0.11197 0.58657 0.0026398 0.11346 0.58914 -0.0033951 0.11461 0.59029 -0.0094433 0.11543 0.5891 -0.015366 0.11601 0.5864 -0.018914 0.11624 0.57219 -0.017447 0.11482 0.57881 -0.0086603 0.11434 0.58222 -0.0090294 0.11427 0.58617 -0.011505 0.1143 0.58896 -0.015369 0.11439 0.591 -0.020061 0.1144 0.59407 -0.024512 0.11415 0.5969 -0.030514 0.11365 0.59777 -0.036612 0.11297 0.59601 -0.041106 0.11242 0.5913 -0.042603 0.11238 0.58516 -0.041576 0.11274 0.57989 -0.038312 0.11335 0.57801 -0.042055 0.11263 0.57452 -0.047782 0.1112 0.56881 -0.052446 0.10954 0.56271 -0.054224 0.10836 0.55821 -0.049633 0.10907 0.55545 -0.042718 0.11037 0.55515 -0.035985 0.11164 0.55532 -0.031789 0.11228 0.5492 -0.032029 0.11117 0.5434 -0.029885 0.11029 0.54007 -0.026255 0.10998 0.54073 -0.021469 0.11049 0.54445 -0.01659 0.11136 0.54982 -0.012766 0.11223 0.55466 -0.010413 0.11282 0.55875 -0.0073471 0.11307 0.56308 -0.0053768 0.1133 0.56773 -0.0051823 0.11364 0.57085 -0.0065489 0.11399 0.94745 -0.026299 0.068293 0.93253 -0.012847 0.065398 0.93325 -0.0059624 0.06364 0.93847 0.0018129 0.061693 0.94659 0.0070972 0.060276 0.95652 0.010801 0.058886 0.96657 0.016912 0.056285 0.98015 0.022094 0.05285 0.99362 0.022728 0.04973 1.0029 0.017802 0.048272 1.0049 0.0072165 0.050005 1.0008 -0.0056581 0.053942 0.99192 -0.015849 0.058577 0.99984 -0.020871 0.056763 1.0119 -0.030334 0.053173 1.0211 -0.044699 0.049964 1.0237 -0.059047 0.048942 1.0126 -0.06693 0.054236 0.99688 -0.069916 0.060779 0.98216 -0.067538 0.065731 0.97317 -0.065326 0.068085 0.97274 -0.079613 0.068154 0.96708 -0.092472 0.069162 0.95863 -0.099154 0.070748 0.94859 -0.09609 0.072564 0.9392 -0.085965 0.073616 0.93268 -0.07251 0.07347 0.92932 -0.060957 0.072676 0.92437 -0.051558 0.071548 0.92179 -0.042212 0.070153 0.92307 -0.032825 0.068803 0.92716 -0.027007 0.068119 0.88362 0.035141 0.10452 0.88604 0.011106 0.10651 0.87981 0.0051508 0.10765 0.86875 0.0021076 0.10923 0.85702 0.0037975 0.11044 0.84474 0.0083427 0.11101 0.82991 0.01055 0.11119 0.81215 0.016269 0.10998 0.79799 0.025944 0.10691 0.79249 0.037486 0.10307 0.79936 0.048705 0.10028 0.81437 0.057517 0.098958 0.83201 0.060206 0.099593 0.82765 0.070545 0.095149 0.82205 0.087591 0.08632 0.82289 0.10655 0.075323 0.83061 0.12072 0.066837 0.84871 0.11981 0.06928 0.8679 0.11114 0.075589 0.8815 0.098197 0.082546 0.88892 0.089427 0.086275 0.89986 0.10142 0.07895 0.91493 0.10805 0.073232 0.92822 0.10718 0.071302 0.93577 0.096687 0.074667 0.93712 0.080441 0.080731 0.93286 0.063411 0.087096 0.92687 0.05052 0.091789 0.92387 0.038126 0.094791 0.9187 0.027758 0.097539 0.91006 0.020684 0.10057 0.90181 0.019203 0.10282 0.90583 -0.078361 0.15436 0.91712 -0.053941 0.15772 0.92669 -0.051894 0.15951 0.93944 -0.055192 0.16162 0.95017 -0.063235 0.16305 0.95977 -0.07422 0.16379 0.97304 -0.084319 0.16448 0.98713 -0.099244 0.16406 0.99536 -0.11591 0.16197 0.99402 -0.1297 0.15895 0.98083 -0.13657 0.15614 0.96115 -0.13686 0.15394 0.94245 -0.13001 0.15308 0.94057 -0.14203 0.14964 0.93584 -0.16099 0.14288 0.92361 -0.17831 0.13405 0.9076 -0.18744 0.12651 0.89075 -0.1768 0.12614 0.87737 -0.1583 0.12881 0.87171 -0.13886 0.13307 0.8695 -0.12665 0.13553 0.85197 -0.13183 0.12767 0.83355 -0.12979 0.12071 0.82118 -0.12174 0.11737 0.81981 -0.10783 0.11973 0.82758 -0.091898 0.12567 0.84116 -0.078248 0.13275 0.8541 -0.069354 0.13837 0.86389 -0.059262 0.14229 0.87475 -0.052214 0.14606 0.8873 -0.05008 0.15004 0.89641 -0.052987 0.15274 0.95265 0.0063543 0.19934 0.91691 0.0034952 0.19382 0.91013 0.012887 0.19002 0.90726 0.028378 0.18517 0.91036 0.044062 0.18119 0.91721 0.059632 0.17751 0.9213 0.077138 0.17194 0.92986 0.097293 0.16538 0.94311 0.11258 0.16064 0.95826 0.11772 0.15994 0.97241 0.10908 0.16506 0.98343 0.091434 0.17351 0.9869 0.071164 0.18199 1.0006 0.074233 0.18113 1.023 0.077096 0.17961 1.0479 0.071699 0.18006 1.0665 0.059126 0.18268 1.0651 0.037735 0.18971 1.0539 0.016024 0.19696 1.0376 0.0011377 0.2019 1.0266 -0.0072994 0.20428 1.0417 -0.023611 0.2062 1.0501 -0.044321 0.20864 1.049 -0.061507 0.21085 1.0356 -0.070111 0.21254 1.0149 -0.070524 0.21305 0.99288 -0.06419 0.21209 0.97589 -0.056216 0.21043 0.95907 -0.052112 0.20851 0.94441 -0.044983 0.20601 0.9334 -0.033058 0.20307 0.92964 -0.021645 0.20097 0.84427 -0.008666 0.20593 0.8713 -0.024589 0.20766 0.87209 -0.034555 0.20571 0.86689 -0.046843 0.20241 0.857 -0.056268 0.19879 0.84437 -0.063795 0.1945 0.83287 -0.074403 0.18878 0.81681 -0.084615 0.18073 0.7998 -0.08875 0.17253 0.78643 -0.084425 0.16709 0.78042 -0.070576 0.1675 0.78105 -0.051979 0.17241 0.78844 -0.03567 0.18004 0.77726 -0.030761 0.17446 0.76019 -0.021028 0.16453 0.74566 -0.0040445 0.15523 0.73908 0.014621 0.15088 0.75018 0.028642 0.16036 0.76828 0.037512 0.17371 0.78688 0.038881 0.18539 0.79871 0.038719 0.19171 0.79623 0.057932 0.18966 0.80076 0.076624 0.1906 0.81022 0.087843 0.19412 0.82402 0.086608 0.20004 0.83897 0.075821 0.2059 0.8514 0.059771 0.20983 0.85944 0.04527 0.21161 0.86944 0.033729 0.21291 0.87631 0.02138 0.21312 0.87794 0.0077496 0.21235 0.87445 -0.0017614 0.21124 0.93048 -0.060601 0.21843 0.92301 -0.034137 0.21757 0.92851 -0.027771 0.21592 0.93918 -0.02382 0.21376 0.95109 -0.02452 0.21176 0.96364 -0.02812 0.20944 0.9774 -0.029263 0.20592 0.99391 -0.033645 0.20088 1.0074 -0.042302 0.19561 1.0135 -0.053609 0.19204 1.0089 -0.065666 0.19244 0.99719 -0.076141 0.19601 0.9825 -0.080835 0.20149 0.98685 -0.091146 0.19761 0.99225 -0.10835 0.19045 0.99176 -0.1283 0.18352 0.98509 -0.14398 0.18027 0.96945 -0.14485 0.18764 0.95231 -0.13798 0.19781 0.93934 -0.12639 0.20638 0.93176 -0.11848 0.21085 0.92221 -0.13177 0.20984 0.90849 -0.14018 0.21097 0.89592 -0.14082 0.21372 0.88778 -0.13107 0.21768 0.88447 -0.11485 0.22107 0.88589 -0.097166 0.2228 0.88927 -0.083302 0.22316 0.88973 -0.070047 0.22308 0.89267 -0.058327 0.22234 0.89968 -0.049163 0.22124 0.90746 -0.045675 0.22043 0.89878 0.015192 0.23522 0.89303 -0.00059223 0.2332 0.88832 -0.0015535 0.23155 0.88208 0.00055981 0.22954 0.87689 0.0053511 0.22788 0.87247 0.011765 0.22621 0.86676 0.017434 0.22362 0.86103 0.025667 0.22025 0.8582 0.034855 0.21714 0.85961 0.042574 0.21552 0.86588 0.046745 0.21672 0.8747 0.047504 0.21999 0.88275 0.044378 0.22415 0.88465 0.05099 0.22236 0.88871 0.061347 0.21904 0.89645 0.070894 0.21632 0.90527 0.076075 0.21575 0.9123 0.070683 0.22086 0.91714 0.060967 0.22717 0.91855 0.050537 0.23205 0.91903 0.043893 0.23452 0.92815 0.04679 0.23527 0.93734 0.045791 0.23715 0.94319 0.041456 0.23941 0.94332 0.033717 0.24148 0.93903 0.024625 0.24255 0.93216 0.01656 0.24232 0.9258 0.011051 0.24146 0.921 0.0047617 0.24049 0.9156 0.00011158 0.23912 0.90918 -0.001832 0.23751 0.90434 -0.00074387 0.23644 0.87871 -0.036294 0.25618 0.89198 -0.030873 0.25832 0.89576 -0.033404 0.25784 0.89876 -0.038692 0.25663 0.89947 -0.044829 0.25504 0.89877 -0.051409 0.25306 0.8995 -0.058384 0.25066 0.89894 -0.06688 0.24723 0.89599 -0.074115 0.24368 0.89098 -0.077806 0.24122 0.88442 -0.076292 0.24104 0.87785 -0.071093 0.24261 0.87383 -0.064039 0.24534 0.86921 -0.066779 0.24291 0.86143 -0.070417 0.23872 0.85177 -0.071245 0.23474 0.84355 -0.068703 0.23265 0.84134 -0.06076 0.23586 0.8427 -0.051599 0.24074 0.84686 -0.044321 0.24532 0.84989 -0.039989 0.24792 0.84263 -0.0357 0.24641 0.83736 -0.028998 0.24612 0.83594 -0.022505 0.24716 0.83993 -0.017783 0.24973 0.84754 -0.015235 0.25277 0.85637 -0.015038 0.25531 0.86355 -0.016023 0.25686 0.87032 -0.015538 0.25819 0.87659 -0.016415 0.25902 0.88194 -0.019519 0.25933 0.88447 -0.023326 0.25913 0.89809 0.029421 0.13008 0.8838 0.021008 0.12989 0.87928 0.023471 0.12948 0.87523 0.029178 0.12898 0.8736 0.03615 0.12849 0.87349 0.043817 0.12781 0.87182 0.051696 0.12663 0.87138 0.061531 0.12479 0.87371 0.070334 0.12267 0.87876 0.07542 0.12105 0.88616 0.07475 0.12089 0.89409 0.069841 0.12192 0.89951 0.062401 0.12377 0.90429 0.066348 0.12196 0.91246 0.071968 0.11858 0.92309 0.074794 0.11504 0.93259 0.073505 0.11295 0.93618 0.064723 0.11547 0.93601 0.05384 0.11937 0.93253 0.044619 0.1229 0.92986 0.039047 0.12478 0.9385 0.035665 0.1234 0.94531 0.029228 0.12287 0.94784 0.022258 0.12336 0.94415 0.016128 0.12502 0.93615 0.011686 0.12695 0.92646 0.0096455 0.12846 0.91837 0.0092754 0.12931 0.91091 0.0074329 0.12974 0.90374 0.0072393 0.12994 0.89717 0.0096979 0.13008 0.89362 0.013447 0.13022 0.89809 0.029421 0.13008 0.90689 0.020224 0.12983 0.90585 0.016422 0.12941 0.9023 0.01241 0.12884 0.89738 0.0099745 0.12829 0.89168 0.008564 0.12764 0.88608 0.0059576 0.12663 0.8788 0.0039434 0.12519 0.8718 0.0041828 0.12373 0.86709 0.0070934 0.12282 0.86627 0.012739 0.12305 0.86854 0.019502 0.12411 0.87315 0.024815 0.1256 0.86934 0.027728 0.12459 0.86365 0.03291 0.12272 0.85961 0.04043 0.1209 0.85887 0.0478 0.11995 0.86483 0.05197 0.12163 0.87304 0.053681 0.12403 0.88059 0.052626 0.12616 0.88525 0.051573 0.12729 0.88625 0.058661 0.12659 0.88986 0.064898 0.12635 0.89463 0.068008 0.12667 0.89989 0.066294 0.12767 0.90463 0.061056 0.12881 0.90787 0.054139 0.12968 0.90957 0.048141 0.13014 0.91226 0.042878 0.13037 0.91367 0.037547 0.13043 0.91298 0.032204 0.13041 0.91081 0.028888 0.13038 1.8507 0.021461 0.058803 1.8376 0.0098734 0.056896 1.8318 0.01109 0.055093 1.8257 0.016245 0.052785 1.822 0.023663 0.050816 1.8199 0.03246 0.048786 1.8157 0.041536 0.045599 1.8128 0.053484 0.041442 1.8137 0.064878 0.037692 1.819 0.072257 0.035862 1.8283 0.072911 0.037555 1.8388 0.06833 0.041701 1.8466 0.06 0.046734 1.8518 0.066137 0.044685 1.8612 0.07522 0.040869 1.8746 0.081358 0.03772 1.8873 0.08207 0.036983 1.8928 0.072106 0.042705 1.8936 0.058746 0.049746 1.8899 0.046716 0.05515 1.887 0.03941 0.057829 1.8992 0.037551 0.058286 1.9097 0.031422 0.05991 1.9145 0.023582 0.06209 1.9108 0.015428 0.064338 1.901 0.0085115 0.065675 1.8888 0.0043201 0.065653 1.8785 0.0025959 0.064878 1.8699 -0.00074863 0.063969 1.8616 -0.0020781 0.062658 1.8537 -8.9645e-05 0.061118 1.8491 0.0039806 0.060072 1.7905 -0.024281 0.094175 1.8114 -0.024589 0.09641 1.8158 -0.030471 0.098017 1.8172 -0.040163 0.10028 1.8145 -0.04996 0.10213 1.8093 -0.059975 0.10338 1.8058 -0.07244 0.10451 1.799 -0.087158 0.10451 1.7893 -0.098496 0.10249 1.7788 -0.10227 0.099129 1.7699 -0.095401 0.095864 1.764 -0.081704 0.093413 1.7635 -0.066255 0.092692 1.7542 -0.069223 0.088743 1.7391 -0.07286 0.080772 1.7231 -0.070924 0.070359 1.7118 -0.063416 0.061846 1.7145 -0.047821 0.062808 1.7239 -0.031831 0.06736 1.7364 -0.02104 0.072993 1.7447 -0.015338 0.076049 1.7356 -0.0052099 0.068409 1.7316 0.0080023 0.062064 1.7338 0.019168 0.059433 1.7436 0.024776 0.062197 1.7576 0.024661 0.067961 1.7717 0.01967 0.074403 1.7821 0.013518 0.079359 1.7924 0.0098581 0.082577 1.8007 0.0045328 0.085666 1.8058 -0.0034037 0.08917 1.8062 -0.010481 0.091798 1.8897 -0.013634 0.14027 1.8698 -0.0011597 0.14188 1.8691 0.0073853 0.14277 1.8732 0.018119 0.14386 1.8813 0.026581 0.1446 1.8917 0.03371 0.14488 1.9018 0.044076 0.14484 1.9161 0.054566 0.14387 1.9314 0.059731 0.14185 1.9431 0.056927 0.13958 1.9477 0.044701 0.13815 1.9459 0.027637 0.13754 1.938 0.012266 0.13789 1.9482 0.0091534 0.13524 1.9641 0.0026293 0.12999 1.9778 -0.010286 0.12335 1.9841 -0.0255 0.11792 1.9732 -0.038858 0.11849 1.9558 -0.048208 0.12135 1.9384 -0.050721 0.12506 1.9276 -0.05116 0.12711 1.9304 -0.067291 0.1214 1.9267 -0.083356 0.11638 1.9186 -0.093352 0.11404 1.9064 -0.092908 0.1159 1.8934 -0.084156 0.12028 1.883 -0.070585 0.12535 1.8767 -0.058165 0.12927 1.869 -0.048435 0.13185 1.864 -0.038121 0.1343 1.8635 -0.026864 0.13695 1.8669 -0.019162 0.13882 1.8211 0.038549 0.17523 1.8199 0.0072165 0.17283 1.8111 0.0021219 0.16964 1.7976 0.00094223 0.1651 1.7845 0.0049648 0.1609 1.7719 0.012214 0.15674 1.7573 0.01716 0.15101 1.741 0.026149 0.14401 1.7294 0.03878 0.13844 1.7266 0.052256 0.13663 1.7354 0.063846 0.14047 1.7516 0.072034 0.14774 1.7693 0.073481 0.15563 1.7681 0.085452 0.15383 1.7681 0.10488 0.15084 1.7754 0.12573 0.14965 1.7881 0.14052 0.15103 1.8062 0.1376 0.15799 1.8236 0.12622 0.16582 1.8346 0.11099 0.17177 1.8406 0.1009 0.17488 1.8562 0.11223 0.17597 1.8749 0.11745 0.17811 1.8895 0.11488 0.18061 1.8955 0.10261 0.18327 1.8936 0.084785 0.18518 1.8859 0.066543 0.18569 1.8772 0.052692 0.18516 1.8719 0.038569 0.1845 1.8643 0.026575 0.1831 1.8529 0.018176 0.18091 1.8427 0.016001 0.179 1.8224 -0.05549 0.18904 1.8389 -0.033858 0.18912 1.8476 -0.03436 0.18757 1.8577 -0.040341 0.18529 1.8648 -0.050058 0.18297 1.87 -0.061979 0.18018 1.878 -0.073355 0.17611 1.8852 -0.088758 0.17026 1.8871 -0.10435 0.16419 1.882 -0.11575 0.16012 1.8694 -0.11942 0.16055 1.8534 -0.11659 0.16445 1.8401 -0.10801 0.17036 1.8348 -0.11747 0.16601 1.8247 -0.13178 0.15802 1.8087 -0.14311 0.15025 1.792 -0.14711 0.14633 1.781 -0.13545 0.15371 1.7751 -0.11806 0.16421 1.7757 -0.10116 0.17337 1.777 -0.090581 0.17823 1.7603 -0.09084 0.17607 1.7447 -0.084936 0.17612 1.736 -0.075396 0.17834 1.7384 -0.063278 0.18273 1.7492 -0.051177 0.18723 1.7642 -0.041926 0.1903 1.7775 -0.036432 0.19171 1.7885 -0.028977 0.19248 1.7999 -0.024361 0.1925 1.8118 -0.02445 0.19205 1.8196 -0.028511 0.19154 1.876 0.013867 0.19561 1.8525 0.010175 0.19467 1.8476 0.015435 0.19265 1.8454 0.024846 0.18988 1.8473 0.034847 0.18727 1.8518 0.045063 0.18441 1.8543 0.0565 0.18032 1.8599 0.069843 0.17477 1.8688 0.080142 0.16933 1.8793 0.083886 0.16599 1.8891 0.078757 0.16697 1.8968 0.067858 0.17126 1.8992 0.055152 0.17731 1.9086 0.05753 0.1738 1.9241 0.059853 0.16743 1.9413 0.056854 0.16176 1.9541 0.049267 0.15969 1.9531 0.036289 0.16742 1.9452 0.023025 0.17756 1.9337 0.013724 0.18585 1.9261 0.0083656 0.19019 1.9365 -0.0012836 0.19029 1.9422 -0.013852 0.19246 1.9414 -0.0245 0.19582 1.9321 -0.030184 0.19969 1.9178 -0.031084 0.20255 1.9027 -0.027889 0.20355 1.8911 -0.023519 0.20329 1.8798 -0.021735 0.20285 1.87 -0.01804 0.20168 1.8629 -0.011151 0.19997 1.8607 -0.0041656 0.19862 1.8072 -0.0041914 0.21094 1.8202 -0.010923 0.20993 1.8206 -0.015172 0.2088 1.8181 -0.020441 0.20737 1.8135 -0.024507 0.20612 1.8075 -0.027744 0.20476 1.8021 -0.032227 0.2027 1.7944 -0.036514 0.19985 1.7863 -0.038198 0.19703 1.7798 -0.036293 0.19527 1.7769 -0.030395 0.19581 1.7771 -0.022526 0.19812 1.7806 -0.01566 0.20137 1.7751 -0.013466 0.19946 1.7667 -0.0091267 0.19594 1.7594 -0.0016861 0.19272 1.7559 0.0063801 0.19147 1.7612 0.0122 0.1957 1.7699 0.01578 0.20128 1.779 0.016233 0.20582 1.7847 0.016122 0.20818 1.7832 0.024298 0.20815 1.785 0.032212 0.20922 1.7893 0.03693 0.21096 1.7959 0.036375 0.213 1.8033 0.031816 0.21449 1.8095 0.025067 0.21497 1.8136 0.018975 0.21477 1.8185 0.014132 0.2144 1.8219 0.0089188 0.21366 1.8229 0.0031042 0.21271 1.8215 -0.001009 0.21205 1.849 -0.025325 0.23246 1.8458 -0.013227 0.23332 1.8483 -0.010285 0.23269 1.8532 -0.0083551 0.23154 1.8586 -0.0084982 0.23022 1.8642 -0.0099258 0.22865 1.8703 -0.010198 0.22662 1.8776 -0.011813 0.2238 1.8836 -0.015347 0.22101 1.8863 -0.020206 0.21924 1.8843 -0.02568 0.2195 1.8791 -0.030662 0.22122 1.8725 -0.033179 0.22377 1.8744 -0.037599 0.22198 1.8768 -0.044944 0.21885 1.8766 -0.053587 0.21597 1.8735 -0.060517 0.21461 1.8664 -0.061357 0.21744 1.8586 -0.058887 0.22148 1.8527 -0.054239 0.22512 1.8493 -0.050999 0.22713 1.8448 -0.056887 0.22617 1.8385 -0.060722 0.22611 1.8328 -0.061183 0.22697 1.8291 -0.057087 0.22888 1.8277 -0.05008 0.23102 1.8284 -0.042315 0.23268 1.83 -0.036146 0.2336 1.8303 -0.030202 0.23431 1.8317 -0.024861 0.23465 1.8349 -0.020575 0.23463 1.8385 -0.018819 0.23437 1.7966 -0.010677 0.11625 1.8023 -0.023829 0.1173 1.7997 -0.027475 0.11718 1.7943 -0.03038 0.11686 1.7882 -0.031086 0.11636 1.7816 -0.030422 0.11556 1.7747 -0.031112 0.11442 1.7662 -0.030587 0.11254 1.7589 -0.027816 0.11025 1.7551 -0.023067 0.10832 1.7564 -0.016805 0.10768 1.7615 -0.010446 0.10818 1.7684 -0.0064516 0.10965 1.7656 -0.0020666 0.1076 1.7617 0.0052862 0.10386 1.7604 0.014451 0.099866 1.7626 0.022318 0.097364 1.7705 0.024647 0.099609 1.7798 0.023638 0.10339 1.7873 0.019931 0.10704 1.7917 0.017191 0.10906 1.7956 0.024154 0.1073 1.8019 0.02928 0.10652 1.8081 0.030753 0.10696 1.813 0.027061 0.10887 1.8159 0.019875 0.11127 1.8166 0.011458 0.11334 1.816 0.0045452 0.11467 1.8168 -0.0020142 0.11563 1.8162 -0.0081711 0.1163 1.8134 -0.013533 0.11683 1.8098 -0.016174 0.1171 1.7966 -0.010677 0.11625 1.8054 -0.0041161 0.11566 1.8086 -0.0054398 0.11545 1.8117 -0.0089426 0.11529 1.8132 -0.013452 0.11519 1.8138 -0.018538 0.11504 1.8155 -0.023677 0.11459 1.8165 -0.03023 0.11386 1.8156 -0.036312 0.11303 1.8126 -0.04011 0.11246 1.8076 -0.040203 0.11258 1.802 -0.037477 0.1132 1.7979 -0.03286 0.11408 1.795 -0.035897 0.11336 1.79 -0.040359 0.11195 1.7831 -0.043162 0.1104 1.7767 -0.043097 0.10942 1.7738 -0.037428 0.1104 1.7731 -0.030038 0.11195 1.7748 -0.023525 0.11336 1.7762 -0.019563 0.11408 1.7702 -0.018018 0.1132 1.7652 -0.014284 0.11258 1.7631 -0.00984 0.11246 1.7651 -0.0054483 0.11303 1.7701 -0.0018492 0.11386 1.7763 0.00026512 0.11459 1.7817 0.0011292 0.11504 1.7865 0.0028992 0.11519 1.7912 0.0035486 0.11528 1.7957 0.0024023 0.11545 1.7984 0.00018883 0.11566</float_array><technique_common><accessor source="#ROW_21_SEG3_foliage-pos-a" count="3664" stride="3"><param name="X" type="float"/><param name="Y" type="float"/><param name="Z" type="float"/></accessor></technique_common></source>
        <source id="ROW_21_SEG3_foliage-nrm"><float_array id="ROW_21_SEG3_foliage-nrm-a" count="21894">-0.173 -0.069 -0.982 -0.265 -0.131 -0.955 -0.269 -0.127 -0.955 -0.275 -0.119 -0.954 -0.281 -0.102 -0.954 -0.284 -0.042 -0.958 -0.281 0.004 -0.96 -0.28 0.012 -0.96 -0.29 -0.01 -0.957 -0.314 -0.05 -0.948 -0.343 -0.094 -0.935 -0.363 -0.117 -0.925 -0.284 -0.07 -0.956 -0.145 0.013 -0.989 -0.138 0.016 -0.99 -0.166 0.019 -0.986 -0.195 0.021 -0.981 -0.194 0.021 -0.981 -0.188 0.016 -0.982 -0.063 -0.09 -0.994 0.013 -0.15 -0.989 -0.005 -0.123 -0.992 -0.028 -0.076 -0.997 -0.047 -0.032 -0.998 -0.054 -0.008 -0.999 -0.053 -0.017 -0.998 -0.058 -0.062 -0.996 -0.07 -0.121 -0.99 -0.079 -0.137 -0.987 -0.085 -0.144 -0.986 -0.09 -0.147 -0.985 -0.053 -0.099 -0.994 0.075 -0.058 -0.996 0.073 -0.051 -0.996 0.072 -0.053 -0.996 0.067 -0.074 -0.995 0.037 -0.129 -0.991 -0 -0.177 -0.984 -0.031 -0.203 -0.979 -0.04 -0.209 -0.977 -0.012 -0.199 -0.98 0.03 -0.185 -0.982 0.075 -0.176 -0.982 -0.025 -0.163 -0.986 -0.231 -0.141 -0.963 -0.239 -0.14 -0.961 -0.217 -0.153 -0.964 -0.142 -0.211 -0.967 -0.067 -0.27 -0.96 -0.049 -0.288 -0.956 -0.052 -0.281 -0.958 -0.122 -0.087 -0.989 -0.158 0.007 -0.987 -0.156 -0.039 -0.987 -0.16 -0.083 -0.984 -0.164 -0.112 -0.98 -0.16 -0.102 -0.982 -0.141 -0.066 -0.988 -0.103 -0.019 -0.994 -0.057 0.023 -0.998 -0.038 0.033 -0.999 -0.036 0.034 -0.999 -0.043 0.035 -0.998 0.048 -0.305 -0.951 -0.047 -0.255 -0.966 -0.05 -0.261 -0.964 -0.05 -0.262 -0.964 -0.035 -0.254 -0.967 0.012 -0.243 -0.97 0.062 -0.239 -0.969 0.099 -0.243 -0.965 0.113 -0.247 -0.963 0.095 -0.237 -0.967 0.066 -0.22 -0.973 0.036 -0.197 -0.98 0.08 -0.265 -0.961 0.178 -0.398 -0.9 0.182 -0.402 -0.898 0.177 -0.378 -0.909 0.171 -0.294 -0.94 0.166 -0.208 -0.964 0.168 -0.182 -0.969 0.165 -0.186 -0.968 0.085 -0.34 -0.937 0.049 -0.41 -0.911 0.076 -0.384 -0.92 0.103 -0.363 -0.926 0.119 -0.351 -0.929 0.106 -0.357 -0.928 0.07 -0.367 -0.928 0.02 -0.37 -0.929 -0.028 -0.364 -0.931 -0.044 -0.358 -0.933 -0.045 -0.358 -0.933 -0.04 -0.364 -0.93 -0.14 0.049 -0.989 -0.138 -0.063 -0.988 -0.143 -0.062 -0.988 -0.159 -0.056 -0.986 -0.204 -0.023 -0.979 -0.238 0.012 -0.971 -0.25 0.029 -0.968 -0.248 0.022 -0.969 -0.238 -0.013 -0.971 -0.228 -0.058 -0.972 -0.224 -0.094 -0.97 -0.204 -0.003 -0.979 -0.167 0.166 -0.972 -0.165 0.173 -0.971 -0.172 0.164 -0.971 -0.212 0.124 -0.969 -0.253 0.085 -0.964 -0.262 0.078 -0.962 -0.255 0.08 -0.964 -0.086 0.113 -0.99 0.005 0.132 -0.991 -0.031 0.136 -0.99 -0.075 0.147 -0.986 -0.11 0.158 -0.981 -0.117 0.16 -0.98 -0.1 0.148 -0.984 -0.067 0.112 -0.991 -0.035 0.067 -0.997 -0.029 0.05 -0.998 -0.028 0.045 -0.999 0.245 -0.01 -0.969 0.283 0.087 -0.955 0.272 0.094 -0.958 0.269 0.096 -0.958 0.276 0.082 -0.958 0.285 0.037 -0.958 0.288 -0.014 -0.958 0.282 -0.059 -0.958 0.276 -0.08 -0.958 0.282 -0.068 -0.957 0.298 -0.04 -0.954 0.323 -0.005 -0.947 0.265 -0.043 -0.963 0.122 -0.151 -0.981 0.117 -0.155 -0.981 0.149 -0.148 -0.978 0.249 -0.142 -0.958 0.347 -0.138 -0.928 0.377 -0.141 -0.915 0.373 -0.138 -0.918 0.228 -0.045 -0.973 0.166 -0.013 -0.986 0.195 -0.045 -0.98 0.213 -0.072 -0.974 0.22 -0.083 -0.972 0.213 -0.062 -0.975 0.203 -0.019 -0.979 0.2 0.032 -0.979 0.204 0.078 -0.976 0.209 0.093 -0.974 0.205 0.09 -0.974 0.196 0.082 -0.977 0.067 0.127 -0.99 -0.035 0.052 -0.998 -0.03 0.041 -0.999 -0.028 0.039 -0.999 -0.025 0.06 -0.998 -0.005 0.109 -0.994 0.026 0.159 -0.987 0.061 0.197 -0.979 0.081 0.214 -0.973 0.071 0.209 -0.975 0.041 0.195 -0.98 -0.001 0.181 -0.983 0.075 0.179 -0.981 0.261 0.183 -0.948 0.268 0.183 -0.946 0.237 0.197 -0.951 0.145 0.253 -0.956 0.054 0.31 -0.949 0.028 0.331 -0.943 0.031 0.325 -0.945 0.11 0.158 -0.981 0.146 0.09 -0.985 0.14 0.134 -0.981 0.139 0.167 -0.976 0.139 0.179 -0.974 0.132 0.152 -0.979 0.114 0.105 -0.988 0.083 0.055 -0.995 0.048 0.015 -0.999 0.031 0.002 -1 0.034 0.002 -0.999 0.046 0.003 -0.999 0.167 0.084 -0.982 0.232 0.172 -0.957 0.237 0.17 -0.956 0.245 0.164 -0.956 0.256 0.15 -0.955 0.278 0.095 -0.956 0.29 0.051 -0.956 0.291 0.043 -0.956 0.294 0.066 -0.953 0.304 0.112 -0.946 0.316 0.162 -0.935 0.327 0.191 -0.925 0.269 0.121 -0.956 0.166 -0.001 -0.986 0.161 -0.007 -0.987 0.16 -0.007 -0.987 0.188 -0 -0.982 0.215 0.006 -0.977 0.214 0.006 -0.977 0.207 0.009 -0.978 0.057 0.068 -0.996 -0.033 0.101 -0.994 -0.007 0.082 -0.997 0.029 0.044 -0.999 0.06 0.009 -0.998 0.074 -0.011 -0.997 0.071 -0.003 -0.997 0.061 0.041 -0.997 0.054 0.1 -0.994 0.057 0.117 -0.991 0.061 0.126 -0.99 0.065 0.13 -0.989 0.045 0.073 -0.996 -0.061 -0.005 -0.998 -0.057 -0.01 -0.998 -0.057 -0.008 -0.998 -0.059 0.013 -0.998 -0.049 0.074 -0.996 -0.029 0.13 -0.991 -0.009 0.165 -0.986 -0.002 0.173 -0.985 -0.025 0.155 -0.988 -0.06 0.128 -0.99 -0.099 0.106 -0.989 -0.002 0.125 -0.992 0.198 0.17 -0.965 0.205 0.172 -0.964 0.18 0.177 -0.968 0.092 0.208 -0.974 0.004 0.239 -0.971 -0.019 0.251 -0.968 -0.014 0.245 -0.969 0.113 0.084 -0.99 0.176 0.008 -0.984 0.16 0.05 -0.986 0.15 0.093 -0.984 0.144 0.121 -0.982 0.143 0.111 -0.983 0.138 0.071 -0.988 0.117 0.015 -0.993 0.087 -0.039 -0.995 0.072 -0.054 -0.996 0.071 -0.056 -0.996 0.078 -0.054 -0.996 -0.115 0.236 -0.965 -0.01 0.218 -0.976 -0.009 0.225 -0.974 -0.01 0.226 -0.974 -0.022 0.214 -0.977 -0.062 0.188 -0.98 -0.107 0.169 -0.98 -0.143 0.162 -0.976 -0.157 0.161 -0.974 -0.137 0.157 -0.978 -0.105 0.151 -0.983 -0.069 0.138 -0.988 -0.132 0.188 -0.973 -0.268 0.284 -0.921 -0.272 0.287 -0.919 -0.26 0.266 -0.928 -0.227 0.188 -0.956 -0.195 0.107 -0.975 -0.188 0.082 -0.979 -0.187 0.088 -0.978 -0.161 0.258 -0.953 -0.15 0.336 -0.93 -0.167 0.302 -0.939 -0.185 0.275 -0.944 -0.197 0.258 -0.946 -0.186 0.267 -0.945 -0.156 0.288 -0.945 -0.11 0.306 -0.946 -0.063 0.316 -0.947 -0.046 0.315 -0.948 -0.046 0.316 -0.948 -0.052 0.32 -0.946 0.173 -0.037 -0.984 0.135 0.067 -0.989 0.14 0.068 -0.988 0.158 0.067 -0.985 0.21 0.05 -0.976 0.252 0.029 -0.967 0.269 0.016 -0.963 0.264 0.022 -0.964 0.244 0.053 -0.968 0.221 0.091 -0.971 0.206 0.123 -0.971 0.216 0.032 -0.976 0.234 -0.138 -0.962 0.235 -0.145 -0.961 0.238 -0.134 -0.962 0.263 -0.084 -0.961 0.289 -0.034 -0.957 0.295 -0.025 -0.955 0.289 -0.029 -0.957 0.143 -0.114 -0.983 0.063 -0.16 -0.985 0.098 -0.153 -0.983 0.143 -0.149 -0.978 0.179 -0.148 -0.973 0.186 -0.148 -0.971 0.166 -0.141 -0.976 0.124 -0.119 -0.985 0.08 -0.087 -0.993 0.069 -0.073 -0.995 0.067 -0.068 -0.995 0.067 -0.069 -0.995 -0.207 -0.102 -0.973 -0.212 -0.204 -0.956 -0.2 -0.208 -0.958 -0.196 -0.209 -0.958 -0.207 -0.197 -0.958 -0.23 -0.158 -0.96 -0.248 -0.111 -0.962 -0.256 -0.068 -0.964 -0.257 -0.046 -0.965 -0.26 -0.059 -0.964 -0.266 -0.09 -0.96 -0.278 -0.131 -0.952 -0.236 -0.077 -0.969 -0.135 0.068 -0.989 -0.132 0.073 -0.989 -0.159 0.057 -0.986 -0.252 0.02 -0.968 -0.344 -0.013 -0.939 -0.373 -0.019 -0.928 -0.368 -0.021 -0.93 -0.202 -0.064 -0.977 -0.133 -0.075 -0.988 -0.17 -0.054 -0.984 -0.195 -0.034 -0.98 -0.206 -0.026 -0.978 -0.192 -0.043 -0.98 -0.169 -0.081 -0.982 -0.151 -0.128 -0.98 -0.14 -0.172 -0.975 -0.14 -0.187 -0.972 -0.138 -0.184 -0.973 -0.131 -0.173 -0.976 0.004 -0.175 -0.985 0.075 -0.074 -0.994 0.068 -0.064 -0.996 0.065 -0.063 -0.996 0.069 -0.083 -0.994 0.065 -0.136 -0.989 0.052 -0.192 -0.98 0.031 -0.238 -0.971 0.017 -0.26 -0.965 0.026 -0.252 -0.967 0.049 -0.23 -0.972 0.084 -0.204 -0.975 0.012 -0.226 -0.974 -0.161 -0.286 -0.944 -0.168 -0.289 -0.942 -0.135 -0.293 -0.947 -0.031 -0.317 -0.948 0.072 -0.341 -0.937 0.103 -0.352 -0.93 0.098 -0.347 -0.933 -0.027 -0.217 -0.976 -0.082 -0.165 -0.983 -0.062 -0.204 -0.977 -0.052 -0.234 -0.971 -0.048 -0.245 -0.968 -0.05 -0.219 -0.975 -0.048 -0.169 -0.984 -0.034 -0.113 -0.993 -0.014 -0.064 -0.998 -0.002 -0.047 -0.999 -0.004 -0.048 -0.999 -0.015 -0.052 -0.999 0.168 -0.01 -0.986 0.266 0.056 -0.962 0.271 0.052 -0.961 0.276 0.043 -0.96 0.282 0.025 -0.959 0.284 -0.039 -0.958 0.28 -0.088 -0.956 0.278 -0.096 -0.956 0.29 -0.073 -0.954 0.316 -0.03 -0.948 0.347 0.016 -0.938 0.368 0.041 -0.929 0.284 -0.009 -0.959 0.136 -0.096 -0.986 0.128 -0.1 -0.987 0.127 -0.1 -0.987 0.158 -0.103 -0.982 0.188 -0.106 -0.976 0.187 -0.106 -0.977 0.181 -0.101 -0.978 0.051 0.014 -0.999 -0.028 0.08 -0.996 -0.01 0.051 -0.999 0.013 -0.001 -1 0.032 -0.048 -0.998 0.039 -0.073 -0.997 0.039 -0.064 -0.997 0.044 -0.016 -0.999 0.059 0.047 -0.997 0.069 0.064 -0.996 0.076 0.071 -0.995 0.081 0.074 -0.994 0.04 0.023 -0.999 -0.096 -0.017 -0.995 -0.095 -0.024 -0.995 -0.094 -0.022 -0.995 -0.088 0.001 -0.996 -0.055 0.058 -0.997 -0.014 0.108 -0.994 0.02 0.136 -0.991 0.029 0.142 -0.989 -0.001 0.132 -0.991 -0.046 0.118 -0.992 -0.094 0.109 -0.99 0.012 0.093 -0.996 0.23 0.066 -0.971 0.239 0.065 -0.969 0.215 0.079 -0.973 0.137 0.143 -0.98 0.06 0.207 -0.976 0.041 0.227 -0.973 0.044 0.219 -0.975 0.114 0.009 -0.993 0.15 -0.091 -0.985 0.149 -0.042 -0.988 0.154 0.005 -0.988 0.158 0.036 -0.987 0.154 0.026 -0.988 0.133 -0.013 -0.991 0.092 -0.063 -0.994 0.042 -0.106 -0.993 0.021 -0.116 -0.993 0.019 -0.118 -0.993 0.026 -0.118 -0.993 -0.061 0.247 -0.967 0.037 0.191 -0.981 0.042 0.198 -0.979 0.041 0.199 -0.979 0.025 0.191 -0.981 -0.025 0.18 -0.983 -0.078 0.177 -0.981 -0.117 0.183 -0.976 -0.132 0.187 -0.974 -0.113 0.176 -0.978 -0.083 0.157 -0.984 -0.052 0.131 -0.99 -0.097 0.205 -0.974 -0.196 0.351 -0.916 -0.199 0.355 -0.913 -0.195 0.33 -0.924 -0.192 0.239 -0.952 -0.19 0.146 -0.971 -0.192 0.119 -0.974 -0.189 0.124 -0.974 -0.099 0.286 -0.953 -0.059 0.36 -0.931 -0.088 0.333 -0.939 -0.117 0.312 -0.943 -0.135 0.299 -0.945 -0.121 0.305 -0.945 -0.083 0.314 -0.946 -0.03 0.316 -0.948 0.021 0.309 -0.951 0.038 0.302 -0.953 0.038 0.303 -0.952 0.034 0.309 -0.951 0.129 -0.135 -0.982 0.13 -0.016 -0.991 0.129 -0.016 -0.991 0.135 -0.017 -0.991 0.152 -0.024 -0.988 0.199 -0.06 -0.978 0.234 -0.096 -0.968 0.246 -0.115 -0.962 0.244 -0.107 -0.964 0.235 -0.07 -0.97 0.225 -0.023 -0.974 0.222 0.016 -0.975 0.199 -0.08 -0.977 0.155 -0.257 -0.954 0.153 -0.265 -0.952 0.16 -0.255 -0.953 0.204 -0.214 -0.955 0.248 -0.172 -0.953 0.257 -0.166 -0.952 0.25 -0.167 -0.954 0.071 -0.201 -0.977 -0.026 -0.22 -0.975 0.012 -0.225 -0.974 0.058 -0.237 -0.97 0.095 -0.248 -0.964 0.103 -0.25 -0.963 0.084 -0.237 -0.968 0.05 -0.2 -0.978 0.017 -0.152 -0.988 0.011 -0.134 -0.991 0.01 -0.128 -0.992 0.01 -0.129 -0.992 -0.278 -0.061 -0.959 -0.319 -0.161 -0.934 -0.308 -0.169 -0.936 -0.304 -0.172 -0.937 -0.311 -0.156 -0.938 -0.32 -0.108 -0.941 -0.322 -0.055 -0.945 -0.314 -0.008 -0.949 -0.308 0.015 -0.951 -0.315 0.002 -0.949 -0.332 -0.027 -0.943 -0.358 -0.063 -0.932 -0.298 -0.025 -0.954 -0.144 0.084 -0.986 -0.139 0.088 -0.986 -0.173 0.082 -0.982 -0.279 0.079 -0.957 -0.381 0.08 -0.921 -0.411 0.085 -0.908 -0.407 0.081 -0.91 -0.259 -0.025 -0.966 -0.195 -0.061 -0.979 -0.224 -0.026 -0.974 -0.242 0.003 -0.97 -0.25 0.015 -0.968 -0.242 -0.007 -0.97 -0.233 -0.054 -0.971 -0.231 -0.108 -0.967 -0.236 -0.156 -0.959 -0.241 -0.171 -0.955 -0.238 -0.169 -0.957 -0.227 -0.16 -0.961 -0.092 -0.212 -0.973 0.017 -0.137 -0.99 0.013 -0.125 -0.992 0.011 -0.123 -0.992 0.007 -0.144 -0.99 -0.016 -0.196 -0.981 -0.049 -0.247 -0.968 -0.087 -0.285 -0.955 -0.109 -0.302 -0.947 -0.097 -0.297 -0.95 -0.066 -0.284 -0.957 -0.021 -0.27 -0.963 -0.102 -0.266 -0.959 -0.296 -0.262 -0.919 -0.304 -0.262 -0.916 -0.272 -0.277 -0.921 -0.177 -0.339 -0.924 -0.081 -0.4 -0.913 -0.054 -0.422 -0.905 -0.057 -0.416 -0.908 -0.138 -0.243 -0.96 -0.175 -0.171 -0.97 -0.169 -0.217 -0.961 -0.169 -0.251 -0.953 -0.169 -0.263 -0.95 -0.162 -0.236 -0.958 -0.142 -0.187 -0.972 -0.108 -0.136 -0.985 -0.07 -0.095 -0.993 -0.052 -0.082 -0.995 -0.054 -0.081 -0.995 -0.067 -0.082 -0.994 -0.235 -0.098 -0.967 -0.299 -0.193 -0.935 -0.304 -0.191 -0.933 -0.312 -0.185 -0.932 -0.324 -0.17 -0.931 -0.35 -0.113 -0.93 -0.364 -0.067 -0.929 -0.365 -0.058 -0.929 -0.367 -0.084 -0.926 -0.375 -0.132 -0.918 -0.385 -0.185 -0.904 -0.395 -0.215 -0.893 -0.339 -0.14 -0.93 -0.238 -0.008 -0.971 -0.232 -0.001 -0.973 -0.231 -0.001 -0.973 -0.26 -0.009 -0.966 -0.288 -0.017 -0.957 -0.287 -0.017 -0.958 -0.28 -0.02 -0.96 -0.121 -0.077 -0.99 -0.024 -0.109 -0.994 -0.052 -0.09 -0.995 -0.092 -0.051 -0.994 -0.126 -0.014 -0.992 -0.141 0.006 -0.99 -0.138 -0.002 -0.99 -0.126 -0.048 -0.991 -0.116 -0.111 -0.987 -0.118 -0.129 -0.984 -0.122 -0.139 -0.983 -0.126 -0.144 -0.982 -0.107 -0.082 -0.991 0.002 0.005 -1 -0.002 0.01 -1 -0.002 0.008 -1 0 -0.015 -1 -0.008 -0.079 -0.997 -0.027 -0.14 -0.99 -0.047 -0.177 -0.983 -0.053 -0.187 -0.981 -0.03 -0.167 -0.986 0.006 -0.137 -0.991 0.047 -0.112 -0.993 -0.056 -0.136 -0.989 -0.263 -0.19 -0.946 -0.271 -0.192 -0.943 -0.245 -0.196 -0.95 -0.151 -0.226 -0.962 -0.056 -0.257 -0.965 -0.032 -0.268 -0.963 -0.037 -0.262 -0.964 -0.179 -0.096 -0.979 -0.248 -0.018 -0.969 -0.23 -0.062 -0.971 -0.217 -0.107 -0.97 -0.21 -0.137 -0.968 -0.209 -0.126 -0.97 -0.205 -0.083 -0.975 -0.186 -0.023 -0.982 -0.156 0.035 -0.987 -0.141 0.052 -0.989 -0.14 0.054 -0.989 -0.147 0.052 -0.988 0.069 -0.249 -0.966 -0.042 -0.234 -0.971 -0.043 -0.242 -0.969 -0.042 -0.242 -0.969 -0.031 -0.229 -0.973 0.011 -0.201 -0.98 0.058 -0.179 -0.982 0.096 -0.17 -0.981 0.111 -0.168 -0.98 0.09 -0.165 -0.982 0.055 -0.159 -0.986 0.017 -0.147 -0.989 0.086 -0.197 -0.977 0.234 -0.292 -0.927 0.239 -0.295 -0.925 0.225 -0.274 -0.935 0.187 -0.193 -0.963 0.149 -0.11 -0.983 0.141 -0.083 -0.986 0.14 -0.089 -0.986 0.119 -0.27 -0.956 0.112 -0.351 -0.929 0.128 -0.316 -0.94 0.146 -0.286 -0.947 0.158 -0.269 -0.95 0.147 -0.279 -0.949 0.115 -0.301 -0.946 0.068 -0.323 -0.944 0.019 -0.334 -0.942 0.001 -0.334 -0.943 0 -0.335 -0.942 0.007 -0.339 -0.941 -0.245 0.03 -0.969 -0.203 -0.079 -0.976 -0.208 -0.08 -0.975 -0.226 -0.08 -0.971 -0.281 -0.064 -0.958 -0.325 -0.043 -0.945 -0.343 -0.03 -0.939 -0.338 -0.036 -0.94 -0.317 -0.067 -0.946 -0.291 -0.107 -0.951 -0.274 -0.141 -0.951 -0.288 -0.045 -0.956 -0.312 0.134 -0.941 -0.313 0.142 -0.939 -0.316 0.131 -0.94 -0.341 0.076 -0.937 -0.365 0.023 -0.931 -0.371 0.013 -0.928 -0.366 0.017 -0.931 -0.216 0.113 -0.97 -0.135 0.165 -0.977 -0.171 0.155 -0.973 -0.217 0.15 -0.965 -0.255 0.147 -0.956 -0.262 0.147 -0.954 -0.241 0.141 -0.96 -0.197 0.119 -0.973 -0.15 0.086 -0.985 -0.138 0.072 -0.988 -0.136 0.067 -0.988 0.154 0.113 -0.982 0.157 0.22 -0.963 0.144 0.223 -0.964 0.139 0.224 -0.965 0.151 0.213 -0.965 0.177 0.172 -0.969 0.198 0.123 -0.972 0.208 0.078 -0.975 0.21 0.054 -0.976 0.212 0.069 -0.975 0.217 0.102 -0.971 0.229 0.145 -0.963 0.186 0.087 -0.979 0.083 -0.07 -0.994 0.08 -0.076 -0.994 0.109 -0.058 -0.992 0.206 -0.015 -0.978 0.303 0.023 -0.953 0.334 0.03 -0.942 0.328 0.032 -0.944 0.15 0.072 -0.986 0.076 0.081 -0.994 0.117 0.06 -0.991 0.144 0.04 -0.989 0.156 0.032 -0.987 0.141 0.05 -0.989 0.115 0.089 -0.989 0.093 0.138 -0.986 0.081 0.184 -0.98 0.08 0.2 -0.977 0.078 0.196 -0.977 0.071 0.185 -0.98 -0.072 0.182 -0.981 -0.145 0.072 -0.987 -0.136 0.063 -0.989 -0.134 0.062 -0.989 -0.138 0.083 -0.987 -0.136 0.139 -0.981 -0.123 0.198 -0.972 -0.102 0.247 -0.964 -0.087 0.271 -0.958 -0.096 0.263 -0.96 -0.12 0.239 -0.964 -0.157 0.21 -0.965 -0.081 0.236 -0.968 0.101 0.305 -0.947 0.107 0.308 -0.945 0.073 0.31 -0.948 -0.038 0.332 -0.943 -0.146 0.353 -0.924 -0.178 0.364 -0.914 -0.173 0.359 -0.917 -0.04 0.227 -0.973 0.019 0.175 -0.984 -0.002 0.215 -0.977 -0.014 0.247 -0.969 -0.019 0.258 -0.966 -0.016 0.23 -0.973 -0.017 0.178 -0.984 -0.03 0.118 -0.993 -0.05 0.066 -0.997 -0.062 0.047 -0.997 -0.06 0.048 -0.997 -0.048 0.053 -0.997 0.128 0.083 0.988 0.128 0.066 0.99 0.098 0.082 0.992 0.122 0.071 0.99 0.108 0.077 0.991 0.092 0.077 0.993 0.078 0.07 0.995 0.068 0.061 0.996 0.066 0.058 0.996 0.065 0.081 0.995 0.064 0.105 0.992 0.067 0.102 0.993 0.077 0.093 0.993 0.092 0.088 0.992 0.108 0.088 0.99 0.121 0.094 0.988 0.126 0.1 0.987 0.118 0.083 0.99 0.118 0.1 0.988 0.147 0.084 0.986 0.124 0.095 0.988 0.137 0.089 0.987 0.153 0.089 0.984 0.168 0.096 0.981 0.177 0.105 0.979 0.179 0.108 0.978 0.18 0.084 0.98 0.181 0.061 0.982 0.178 0.064 0.982 0.168 0.072 0.983 0.154 0.078 0.985 0.138 0.078 0.987 0.124 0.071 0.99 0.119 0.066 0.991 -0.12 -0.083 0.989 -0.125 -0.067 0.99 -0.092 -0.072 0.993 -0.118 -0.07 0.991 -0.104 -0.071 0.992 -0.088 -0.065 0.994 -0.077 -0.054 0.996 -0.071 -0.043 0.997 -0.07 -0.039 0.997 -0.062 -0.061 0.996 -0.054 -0.083 0.995 -0.057 -0.081 0.995 -0.069 -0.076 0.995 -0.085 -0.075 0.994 -0.1 -0.081 0.992 -0.11 -0.091 0.99 -0.113 -0.098 0.989 -0.111 -0.079 0.991 -0.105 -0.095 0.99 -0.138 -0.089 0.986 -0.112 -0.092 0.989 -0.127 -0.091 0.988 -0.142 -0.097 0.985 -0.153 -0.107 0.982 -0.158 -0.119 0.98 -0.16 -0.122 0.98 -0.168 -0.1 0.981 -0.176 -0.078 0.981 -0.173 -0.08 0.982 -0.161 -0.086 0.983 -0.145 -0.086 0.986 -0.13 -0.081 0.988 -0.12 -0.071 0.99 -0.117 -0.064 0.991 0.041 -0.038 0.998 0.057 -0.038 0.998 0.042 -0.067 0.997 0.052 -0.044 0.998 0.047 -0.057 0.997 0.048 -0.073 0.996 0.055 -0.087 0.995 0.064 -0.095 0.993 0.067 -0.098 0.993 0.044 -0.099 0.994 0.021 -0.1 0.995 0.024 -0.098 0.995 0.032 -0.088 0.996 0.037 -0.074 0.997 0.037 -0.058 0.998 0.03 -0.045 0.999 0.024 -0.04 0.999 0.037 0.028 0.999 0.02 0.028 0.999 0.035 0.057 0.998 0.025 0.034 0.999 0.03 0.047 0.998 0.029 0.063 0.998 0.023 0.076 0.997 0.013 0.085 0.996 0.01 0.087 0.996 0.033 0.089 0.995 0.056 0.09 0.994 0.053 0.088 0.995 0.045 0.078 0.996 0.04 0.063 0.997 0.041 0.047 0.998 0.048 0.035 0.998 0.053 0.03 0.998 -0.003 0.081 0.997 -0.021 0.079 0.997 -0.008 0.111 0.994 -0.016 0.085 0.996 -0.012 0.1 0.995 -0.014 0.117 0.993 -0.023 0.13 0.991 -0.033 0.139 0.99 -0.037 0.141 0.989 -0.013 0.144 0.989 0.011 0.148 0.989 0.009 0.145 0.989 0.001 0.134 0.991 -0.003 0.118 0.993 -0.001 0.102 0.995 0.008 0.089 0.996 0.014 0.084 0.996 0.003 0.039 0.999 0.02 0.041 0.999 0.007 0.009 1 0.016 0.035 0.999 0.011 0.02 1 0.014 0.003 1 0.022 -0.011 1 0.033 -0.019 0.999 0.036 -0.021 0.999 0.012 -0.025 1 -0.012 -0.028 1 -0.009 -0.025 1 -0.001 -0.014 1 0.003 0.002 1 0 0.019 1 -0.008 0.031 0.999 -0.014 0.036 0.999 -0.119 -0.006 0.993 -0.119 0.013 0.993 -0.088 -0.005 0.996 -0.113 0.007 0.994 -0.099 0.001 0.995 -0.081 0.001 0.997 -0.066 0.008 0.998 -0.056 0.017 0.998 -0.053 0.021 0.998 -0.053 -0.005 0.999 -0.053 -0.03 0.998 -0.055 -0.027 0.998 -0.066 -0.017 0.998 -0.081 -0.011 0.997 -0.099 -0.011 0.995 -0.113 -0.018 0.993 -0.118 -0.024 0.993 -0.109 -0.005 0.994 -0.109 -0.023 0.994 -0.14 -0.006 0.99 -0.115 -0.018 0.993 -0.13 -0.011 0.992 -0.147 -0.012 0.989 -0.162 -0.019 0.987 -0.172 -0.028 0.985 -0.175 -0.031 0.984 -0.175 -0.006 0.985 -0.175 0.019 0.984 -0.173 0.016 0.985 -0.162 0.006 0.987 -0.147 0 0.989 -0.13 0 0.992 -0.116 0.007 0.993 -0.11 0.013 0.994 -0.022 -0.041 0.999 -0.039 -0.045 0.998 -0.03 -0.012 0.999 -0.035 -0.038 0.999 -0.033 -0.024 0.999 -0.037 -0.008 0.999 -0.047 0.005 0.999 -0.058 0.012 0.998 -0.062 0.014 0.998 -0.039 0.02 0.999 -0.016 0.027 1 -0.018 0.023 1 -0.024 0.011 1 -0.026 -0.005 1 -0.022 -0.021 1 -0.012 -0.032 0.999 -0.005 -0.036 0.999 -0.003 -0.109 0.994 0.013 -0.105 0.994 0.005 -0.138 0.99 0.01 -0.112 0.994 0.007 -0.127 0.992 0.012 -0.143 0.99 0.022 -0.155 0.988 0.033 -0.162 0.986 0.037 -0.164 0.986 0.014 -0.17 0.985 -0.01 -0.176 0.984 -0.007 -0.173 0.985 -0.001 -0.161 0.987 0.001 -0.146 0.989 -0.003 -0.13 0.992 -0.013 -0.118 0.993 -0.02 -0.114 0.993 -0.05 -0.014 0.999 -0.052 0.004 0.999 -0.02 -0.008 1 -0.045 -0.001 0.999 -0.031 -0.005 1 -0.014 -0.002 1 -0.001 0.007 1 0.007 0.017 1 0.009 0.021 1 0.013 -0.003 1 0.017 -0.027 0.999 0.014 -0.024 1 0.003 -0.017 1 -0.012 -0.013 1 -0.029 -0.016 0.999 -0.041 -0.024 0.999 -0.046 -0.031 0.998 -0.09 -0.021 0.996 -0.088 -0.038 0.995 -0.12 -0.026 0.992 -0.094 -0.033 0.995 -0.109 -0.029 0.994 -0.125 -0.032 0.992 -0.139 -0.041 0.989 -0.147 -0.052 0.988 -0.149 -0.055 0.987 -0.153 -0.031 0.988 -0.157 -0.007 0.988 -0.154 -0.01 0.988 -0.143 -0.017 0.99 -0.127 -0.021 0.992 -0.111 -0.018 0.994 -0.098 -0.01 0.995 -0.094 -0.004 0.996 0.186 0.095 0.978 0.192 0.078 0.978 0.157 0.083 0.984 0.185 0.081 0.979 0.169 0.082 0.982 0.154 0.075 0.985 0.142 0.064 0.988 0.137 0.051 0.989 0.135 0.047 0.99 0.126 0.07 0.99 0.116 0.093 0.989 0.12 0.091 0.989 0.133 0.086 0.987 0.149 0.086 0.985 0.165 0.092 0.982 0.175 0.104 0.979 0.178 0.111 0.978 0.176 0.091 0.98 0.17 0.108 0.98 0.205 0.103 0.973 0.178 0.105 0.979 0.193 0.104 0.976 0.208 0.11 0.972 0.219 0.122 0.968 0.225 0.134 0.965 0.226 0.138 0.964 0.235 0.115 0.965 0.245 0.092 0.965 0.241 0.094 0.966 0.229 0.099 0.968 0.213 0.1 0.972 0.197 0.093 0.976 0.187 0.082 0.979 0.184 0.075 0.98 -0.061 0.214 -0.975 -0.148 0.195 -0.97 -0.146 0.191 -0.971 -0.146 0.192 -0.97 -0.142 0.205 -0.968 -0.12 0.242 -0.963 -0.094 0.273 -0.958 -0.073 0.288 -0.955 -0.07 0.291 -0.954 -0.093 0.283 -0.955 -0.125 0.274 -0.954 -0.157 0.268 -0.95 -0.085 0.257 -0.963 0.064 0.234 -0.97 0.069 0.234 -0.97 0.054 0.243 -0.968 0.003 0.286 -0.958 -0.047 0.328 -0.944 -0.059 0.341 -0.938 -0.057 0.336 -0.94 -0.013 0.197 -0.98 0.011 0.128 -0.992 0.011 0.161 -0.987 0.015 0.193 -0.981 0.019 0.216 -0.976 0.017 0.213 -0.977 0.004 0.191 -0.982 -0.023 0.161 -0.987 -0.056 0.134 -0.989 -0.068 0.128 -0.989 -0.069 0.127 -0.989 -0.065 0.127 -0.99 -0.369 0.149 -0.918 -0.225 0.13 -0.966 -0.221 0.144 -0.964 -0.222 0.147 -0.964 -0.239 0.13 -0.962 -0.294 0.095 -0.951 -0.359 0.069 -0.931 -0.413 0.058 -0.909 -0.44 0.057 -0.896 -0.42 0.052 -0.906 -0.381 0.042 -0.924 -0.332 0.021 -0.943 -0.409 0.093 -0.908 -0.573 0.238 -0.784 -0.578 0.241 -0.78 -0.563 0.205 -0.8 -0.525 0.078 -0.847 -0.48 -0.051 -0.876 -0.468 -0.093 -0.879 -0.467 -0.086 -0.88 -0.432 0.161 -0.888 -0.412 0.269 -0.87 -0.439 0.219 -0.872 -0.463 0.182 -0.868 -0.475 0.163 -0.865 -0.454 0.183 -0.872 -0.407 0.216 -0.888 -0.342 0.242 -0.908 -0.279 0.254 -0.926 -0.255 0.252 -0.933 -0.257 0.255 -0.932 -0.268 0.263 -0.927 0.047 0.166 -0.985 0.018 0.296 -0.955 0.011 0.294 -0.956 0.013 0.293 -0.956 0.033 0.287 -0.957 0.088 0.254 -0.963 0.135 0.213 -0.968 0.159 0.181 -0.971 0.164 0.173 -0.971 0.154 0.204 -0.967 0.142 0.25 -0.958 0.136 0.296 -0.945 0.115 0.195 -0.974 0.078 -0.021 -0.997 0.077 -0.029 -0.997 0.091 -0.006 -0.996 0.157 0.067 -0.985 0.222 0.138 -0.965 0.243 0.155 -0.958 0.236 0.153 -0.96 0.026 0.096 -0.995 -0.076 0.062 -0.995 -0.028 0.062 -0.998 0.019 0.056 -0.998 0.052 0.05 -0.997 0.044 0.054 -0.998 0.009 0.074 -0.997 -0.037 0.115 -0.993 -0.077 0.165 -0.983 -0.086 0.184 -0.979 -0.087 0.186 -0.979 -0.088 0.179 -0.98 -0.151 0.022 -0.988 -0.198 -0.084 -0.977 -0.192 -0.086 -0.978 -0.192 -0.085 -0.978 -0.202 -0.07 -0.977 -0.22 -0.019 -0.975 -0.229 0.034 -0.973 -0.228 0.071 -0.971 -0.226 0.082 -0.971 -0.236 0.059 -0.97 -0.252 0.023 -0.968 -0.273 -0.012 -0.962 -0.206 0.044 -0.978 -0.065 0.168 -0.984 -0.061 0.172 -0.983 -0.084 0.165 -0.983 -0.171 0.15 -0.974 -0.256 0.136 -0.957 -0.28 0.136 -0.95 -0.275 0.133 -0.952 -0.106 0.061 -0.992 -0.024 0.03 -0.999 -0.055 0.056 -0.997 -0.082 0.084 -0.993 -0.098 0.103 -0.99 -0.093 0.094 -0.991 -0.081 0.059 -0.995 -0.072 0.006 -0.997 -0.073 -0.048 -0.996 -0.077 -0.066 -0.995 -0.077 -0.067 -0.995 -0.072 -0.062 -0.995 -0.03 -0.128 -0.991 0.069 -0.06 -0.996 0.064 -0.049 -0.997 0.062 -0.046 -0.997 0.06 -0.065 -0.996 0.043 -0.116 -0.992 0.016 -0.166 -0.986 -0.014 -0.203 -0.979 -0.031 -0.218 -0.975 -0.016 -0.21 -0.978 0.016 -0.193 -0.981 0.059 -0.177 -0.983 -0.025 -0.178 -0.984 -0.221 -0.19 -0.957 -0.228 -0.19 -0.955 -0.196 -0.203 -0.959 -0.099 -0.255 -0.962 -0.003 -0.307 -0.952 0.025 -0.327 -0.945 0.022 -0.321 -0.947 -0.075 -0.151 -0.986 -0.119 -0.08 -0.99 -0.11 -0.125 -0.986 -0.106 -0.161 -0.981 -0.105 -0.178 -0.978 -0.101 -0.156 -0.983 -0.087 -0.111 -0.99 -0.06 -0.06 -0.996 -0.027 -0.019 -0.999 -0.012 -0.007 -1 -0.015 -0.006 -1 -0.027 -0.008 -1 -0.039 0.326 -0.945 -0.152 0.358 -0.921 -0.152 0.36 -0.92 -0.149 0.367 -0.918 -0.138 0.382 -0.914 -0.09 0.42 -0.903 -0.046 0.445 -0.894 -0.032 0.45 -0.892 -0.05 0.448 -0.893 -0.097 0.445 -0.89 -0.151 0.444 -0.883 -0.188 0.446 -0.875 -0.095 0.409 -0.908 0.072 0.334 -0.94 0.079 0.331 -0.94 0.075 0.336 -0.939 0.05 0.375 -0.926 0.026 0.414 -0.91 0.024 0.419 -0.908 0.024 0.412 -0.911 0.012 0.237 -0.971 0.007 0.134 -0.991 0.021 0.169 -0.985 0.046 0.215 -0.975 0.071 0.254 -0.965 0.081 0.268 -0.96 0.07 0.259 -0.963 0.026 0.236 -0.972 -0.032 0.212 -0.977 -0.051 0.21 -0.976 -0.059 0.211 -0.976 -0.061 0.212 -0.975 0.024 0.021 -0.999 0.113 -0.08 -0.99 0.123 -0.073 -0.99 0.124 -0.071 -0.99 0.102 -0.072 -0.992 0.045 -0.058 -0.997 -0.013 -0.034 -0.999 -0.056 -0.005 -0.998 -0.076 0.013 -0.997 -0.066 -0.001 -0.998 -0.046 -0.033 -0.998 -0.025 -0.075 -0.997 -0.035 0.013 -0.999 -0.069 0.216 -0.974 -0.071 0.223 -0.972 -0.08 0.189 -0.979 -0.124 0.083 -0.989 -0.169 -0.022 -0.985 -0.187 -0.052 -0.981 -0.181 -0.049 -0.982 -0.011 0.069 -0.998 0.059 0.123 -0.991 0.014 0.108 -0.994 -0.023 0.101 -0.995 -0.04 0.098 -0.994 -0.014 0.096 -0.995 0.038 0.085 -0.996 0.096 0.061 -0.994 0.144 0.029 -0.989 0.16 0.013 -0.987 0.16 0.015 -0.987 0.158 0.027 -0.987 -0.007 0.111 -0.994 0.055 0.181 -0.982 0.052 0.183 -0.982 0.052 0.181 -0.982 0.057 0.167 -0.984 0.059 0.124 -0.991 0.055 0.082 -0.995 0.047 0.056 -0.997 0.045 0.051 -0.998 0.057 0.067 -0.996 0.077 0.092 -0.993 0.1 0.113 -0.989 0.037 0.084 -0.996 -0.091 0.02 -0.996 -0.096 0.017 -0.995 -0.08 0.018 -0.997 -0.018 0.012 -1 0.044 0.004 -0.999 0.06 -0.001 -0.998 0.055 0.003 -0.998 -0.055 0.095 -0.994 -0.11 0.136 -0.985 -0.093 0.111 -0.99 -0.079 0.083 -0.993 -0.07 0.063 -0.996 -0.071 0.069 -0.995 -0.073 0.096 -0.993 -0.068 0.138 -0.988 -0.056 0.179 -0.982 -0.048 0.193 -0.98 -0.047 0.194 -0.98 -0.05 0.192 -0.98 0.128 0.033 -0.991 0.014 0.075 -0.997 0.01 0.067 -0.998 0.01 0.065 -0.998 0.027 0.076 -0.997 0.079 0.091 -0.993 0.135 0.098 -0.986 0.18 0.094 -0.979 0.2 0.09 -0.976 0.184 0.098 -0.978 0.153 0.114 -0.982 0.117 0.137 -0.984 0.167 0.071 -0.983 0.283 -0.074 -0.956 0.287 -0.079 -0.955 0.28 -0.05 -0.959 0.268 0.048 -0.962 0.257 0.147 -0.955 0.257 0.177 -0.95 0.254 0.171 -0.952 0.175 0.004 -0.985 0.142 -0.072 -0.987 0.171 -0.041 -0.984 0.198 -0.018 -0.98 0.211 -0.007 -0.977 0.193 -0.016 -0.981 0.15 -0.029 -0.988 0.094 -0.036 -0.995 0.04 -0.032 -0.999 0.021 -0.027 -0.999 0.021 -0.028 -0.999 0.027 -0.035 -0.999 0.18 0.007 -0.984 0.186 0.095 -0.978 0.181 0.095 -0.979 0.182 0.094 -0.979 0.194 0.087 -0.977 0.223 0.056 -0.973 0.246 0.023 -0.969 0.255 -0.001 -0.967 0.257 -0.004 -0.966 0.256 0.019 -0.967 0.255 0.052 -0.965 0.259 0.085 -0.962 0.228 0.019 -0.973 0.167 -0.118 -0.979 0.165 -0.122 -0.979 0.178 -0.11 -0.978 0.232 -0.073 -0.97 0.287 -0.037 -0.957 0.302 -0.029 -0.953 0.298 -0.029 -0.954 0.151 -0.034 -0.988 0.078 -0.038 -0.996 0.11 -0.047 -0.993 0.14 -0.059 -0.988 0.161 -0.069 -0.985 0.158 -0.067 -0.985 0.141 -0.049 -0.989 0.119 -0.015 -0.993 0.102 0.024 -0.995 0.099 0.038 -0.994 0.099 0.039 -0.994 0.097 0.034 -0.995 0.203 0.318 -0.926 0.145 0.186 -0.972 0.157 0.179 -0.971 0.16 0.178 -0.971 0.148 0.199 -0.969 0.13 0.262 -0.956 0.123 0.33 -0.936 0.129 0.385 -0.914 0.135 0.411 -0.901 0.125 0.394 -0.911 0.103 0.359 -0.928 0.07 0.317 -0.946 0.16 0.372 -0.914 0.349 0.49 -0.799 0.354 0.494 -0.794 0.314 0.49 -0.813 0.181 0.487 -0.855 0.044 0.478 -0.877 0 0.479 -0.878 0.007 0.475 -0.88 0.232 0.375 -0.897 0.331 0.328 -0.885 0.29 0.367 -0.884 0.262 0.4 -0.879 0.247 0.416 -0.875 0.26 0.391 -0.883 0.278 0.337 -0.899 0.285 0.268 -0.92 0.279 0.205 -0.938 0.271 0.183 -0.945 0.273 0.184 -0.944 0.284 0.191 -0.939 0.106 -0.083 -0.991 0.238 -0.09 -0.967 0.239 -0.083 -0.968 0.237 -0.084 -0.968 0.226 -0.103 -0.969 0.179 -0.146 -0.973 0.127 -0.179 -0.976 0.09 -0.194 -0.977 0.082 -0.197 -0.977 0.114 -0.196 -0.974 0.161 -0.196 -0.967 0.207 -0.203 -0.957 0.115 -0.156 -0.981 -0.082 -0.062 -0.995 -0.089 -0.059 -0.994 -0.071 -0.079 -0.994 -0.018 -0.161 -0.987 0.033 -0.243 -0.969 0.043 -0.267 -0.963 0.044 -0.26 -0.965 0.044 -0.044 -0.998 0.039 0.062 -0.997 0.026 0.016 -1 0.007 -0.027 -1 -0.008 -0.056 -0.998 -0.002 -0.05 -0.999 0.027 -0.022 -0.999 0.079 0.011 -0.997 0.137 0.036 -0.99 0.158 0.039 -0.987 0.16 0.04 -0.986 0.154 0.043 -0.987 0.021 0.145 -0.989 -0.067 0.218 -0.974 -0.072 0.213 -0.975 -0.07 0.212 -0.975 -0.053 0.218 -0.974 0.001 0.222 -0.975 0.054 0.216 -0.975 0.089 0.205 -0.975 0.099 0.2 -0.975 0.079 0.216 -0.973 0.049 0.24 -0.969 0.021 0.27 -0.963 0.057 0.191 -0.98 0.137 0.024 -0.99 0.14 0.018 -0.99 0.139 0.043 -0.989 0.149 0.129 -0.98 0.159 0.215 -0.964 0.165 0.238 -0.957 0.161 0.233 -0.959 0.046 0.092 -0.995 -0.007 0.021 -1 0.027 0.044 -0.999 0.061 0.062 -0.996 0.084 0.072 -0.994 0.073 0.07 -0.995 0.037 0.068 -0.997 -0.016 0.074 -0.997 -0.067 0.089 -0.994 -0.083 0.098 -0.992 -0.084 0.098 -0.992 -0.081 0.092 -0.992 -0.155 0.069 -0.985 -0.116 -0.044 -0.992 -0.105 -0.042 -0.994 -0.102 -0.041 -0.994 -0.12 -0.034 -0.992 -0.163 -0.004 -0.987 -0.204 0.035 -0.978 -0.23 0.074 -0.97 -0.24 0.094 -0.966 -0.236 0.078 -0.969 -0.229 0.043 -0.973 -0.225 -0.003 -0.974 -0.204 0.078 -0.976 -0.161 0.268 -0.95 -0.16 0.275 -0.948 -0.181 0.248 -0.952 -0.256 0.169 -0.952 -0.332 0.091 -0.939 -0.357 0.07 -0.931 -0.351 0.071 -0.934 -0.165 0.118 -0.979 -0.085 0.142 -0.986 -0.131 0.144 -0.981 -0.166 0.151 -0.975 -0.182 0.154 -0.971 -0.162 0.145 -0.976 -0.123 0.119 -0.985 -0.083 0.079 -0.993 -0.052 0.037 -0.998 -0.044 0.019 -0.999 -0.043 0.022 -0.999 -0.041 0.034 -0.999 0.283 -0.044 -0.958 0.344 0.056 -0.937 0.347 0.055 -0.936 0.353 0.05 -0.934 0.364 0.036 -0.931 0.388 -0.021 -0.921 0.401 -0.069 -0.914 0.402 -0.084 -0.912 0.405 -0.066 -0.912 0.415 -0.02 -0.91 0.428 0.031 -0.903 0.441 0.066 -0.895 0.378 -0.013 -0.926 0.261 -0.152 -0.953 0.256 -0.158 -0.954 0.262 -0.155 -0.953 0.306 -0.142 -0.941 0.351 -0.13 -0.928 0.357 -0.129 -0.925 0.35 -0.127 -0.928 0.183 -0.069 -0.981 0.085 -0.037 -0.996 0.115 -0.059 -0.992 0.153 -0.095 -0.984 0.184 -0.129 -0.974 0.195 -0.143 -0.97 0.189 -0.13 -0.973 0.178 -0.081 -0.981 0.171 -0.02 -0.985 0.174 -0.001 -0.985 0.177 0.006 -0.984 0.179 0.008 -0.984 -0.028 -0.022 -0.999 -0.147 -0.08 -0.986 -0.144 -0.091 -0.985 -0.142 -0.093 -0.985 -0.136 -0.072 -0.988 -0.109 -0.021 -0.994 -0.07 0.028 -0.997 -0.03 0.061 -0.998 -0.009 0.075 -0.997 -0.025 0.07 -0.997 -0.06 0.059 -0.996 -0.106 0.05 -0.993 -0.019 0.036 -0.999 0.184 0.015 -0.983 0.191 0.015 -0.981 0.161 0.032 -0.986 0.071 0.102 -0.992 -0.017 0.174 -0.985 -0.04 0.199 -0.979 -0.039 0.192 -0.981 0.027 -0.001 -1 0.06 -0.083 -0.995 0.058 -0.036 -0.998 0.061 0.001 -0.998 0.063 0.018 -0.998 0.054 -0.006 -0.999 0.03 -0.052 -0.998 -0.009 -0.101 -0.995 -0.052 -0.139 -0.989 -0.071 -0.149 -0.986 -0.069 -0.151 -0.986 -0.057 -0.151 -0.987 0.067 -0.017 -0.998 0.117 -0.094 -0.989 0.121 -0.092 -0.988 0.118 -0.092 -0.989 0.103 -0.093 -0.99 0.061 -0.083 -0.995 0.023 -0.068 -0.997 -0 -0.053 -0.999 -0.005 -0.05 -0.999 0.008 -0.066 -0.998 0.026 -0.092 -0.995 0.04 -0.119 -0.992 0.03 -0.051 -0.998 0.002 0.088 -0.996 0.001 0.094 -0.996 -0.003 0.078 -0.997 -0.025 0.02 -0.999 -0.049 -0.037 -0.998 -0.058 -0.051 -0.997 -0.053 -0.047 -0.997 0.064 0.033 -0.997 0.119 0.075 -0.99 0.09 0.065 -0.994 0.059 0.059 -0.996 0.038 0.056 -0.998 0.044 0.056 -0.997 0.071 0.05 -0.996 0.109 0.034 -0.993 0.146 0.012 -0.989 0.156 0.001 -0.988 0.158 -0.001 -0.988 0.157 0.003 -0.988 -0.044 -0.125 -0.991 0.027 -0.027 -0.999 0.02 -0.021 -1 0.019 -0.021 -1 0.024 -0.04 -0.999 0.025 -0.093 -0.995 0.016 -0.149 -0.989 0.001 -0.191 -0.982 -0.008 -0.209 -0.978 0.004 -0.196 -0.981 0.027 -0.17 -0.985 0.059 -0.142 -0.988 -0.017 -0.172 -0.985 -0.186 -0.244 -0.952 -0.192 -0.247 -0.95 -0.163 -0.248 -0.955 -0.065 -0.263 -0.963 0.032 -0.279 -0.96 0.061 -0.287 -0.956 0.056 -0.282 -0.958 -0.084 -0.161 -0.983 -0.147 -0.11 -0.983 -0.125 -0.146 -0.981 -0.111 -0.178 -0.978 -0.104 -0.194 -0.976 -0.107 -0.174 -0.979 -0.109 -0.129 -0.986 -0.1 -0.074 -0.992 -0.083 -0.023 -0.996 -0.072 -0.006 -0.997 -0.073 -0.006 -0.997 -0.082 -0.01 -0.997 0.211 0.218 -0.953 0.067 0.195 -0.979 0.068 0.185 -0.98 0.069 0.185 -0.98 0.079 0.207 -0.975 0.12 0.257 -0.959 0.17 0.3 -0.939 0.213 0.323 -0.922 0.23 0.329 -0.916 0.204 0.326 -0.923 0.16 0.322 -0.933 0.109 0.323 -0.94 0.21 0.287 -0.935 0.423 0.209 -0.882 0.431 0.206 -0.879 0.406 0.23 -0.884 0.331 0.319 -0.888 0.255 0.406 -0.878 0.235 0.432 -0.871 0.236 0.425 -0.874 0.28 0.206 -0.938 0.301 0.1 -0.948 0.308 0.151 -0.939 0.319 0.194 -0.928 0.326 0.219 -0.92 0.316 0.203 -0.927 0.287 0.165 -0.944 0.236 0.123 -0.964 0.18 0.09 -0.98 0.157 0.084 -0.984 0.156 0.083 -0.984 0.166 0.08 -0.983 -0.048 0.04 -0.998 0.037 -0.03 -0.999 0.047 -0.022 -0.999 0.05 -0.02 -0.999 0.032 -0.022 -0.999 -0.015 -0.017 -1 -0.066 -0.003 -0.998 -0.108 0.017 -0.994 -0.129 0.031 -0.991 -0.121 0.022 -0.992 -0.1 -0.002 -0.995 -0.075 -0.037 -0.996 -0.093 0.034 -0.995 -0.148 0.204 -0.968 -0.15 0.21 -0.966 -0.154 0.177 -0.972 -0.181 0.075 -0.981 -0.209 -0.027 -0.977 -0.222 -0.058 -0.973 -0.218 -0.054 -0.975 -0.084 0.067 -0.994 -0.033 0.119 -0.992 -0.072 0.101 -0.992 -0.102 0.091 -0.991 -0.113 0.087 -0.99 -0.088 0.089 -0.992 -0.042 0.086 -0.995 0.009 0.072 -0.997 0.052 0.052 -0.997 0.066 0.041 -0.997 0.065 0.045 -0.997 0.061 0.057 -0.997 -0.183 0.06 -0.981 -0.175 0.159 -0.972 -0.174 0.159 -0.972 -0.168 0.158 -0.973 -0.154 0.15 -0.977 -0.117 0.117 -0.986 -0.09 0.085 -0.992 -0.082 0.07 -0.994 -0.084 0.079 -0.993 -0.091 0.111 -0.99 -0.096 0.152 -0.984 -0.096 0.182 -0.979 -0.121 0.106 -0.987 -0.16 -0.036 -0.986 -0.162 -0.042 -0.986 -0.158 -0.037 -0.987 -0.126 -0.01 -0.992 -0.093 0.017 -0.995 -0.087 0.021 -0.996 -0.094 0.02 -0.995 -0.239 0.007 -0.971 -0.316 -0.002 -0.949 -0.287 -0.008 -0.958 -0.25 -0.022 -0.968 -0.219 -0.035 -0.975 -0.211 -0.039 -0.977 -0.224 -0.028 -0.974 -0.25 0.005 -0.968 -0.276 0.048 -0.96 -0.28 0.064 -0.958 -0.28 0.07 -0.957 -0.28 0.071 -0.957 0.124 0.228 -0.966 0.027 0.131 -0.991 0.028 0.13 -0.991 0.025 0.135 -0.99 0.017 0.156 -0.988 0.011 0.223 -0.975 0.014 0.282 -0.959 0.02 0.31 -0.95 0.018 0.306 -0.952 -0.004 0.272 -0.962 -0.035 0.229 -0.973 -0.065 0.197 -0.978 0.031 0.25 -0.968 0.211 0.348 -0.913 0.219 0.352 -0.91 0.203 0.351 -0.914 0.13 0.357 -0.925 0.057 0.363 -0.93 0.042 0.366 -0.93 0.049 0.361 -0.931 0.218 0.234 -0.947 0.305 0.166 -0.938 0.28 0.204 -0.938 0.255 0.251 -0.934 0.237 0.289 -0.928 0.234 0.293 -0.927 0.238 0.264 -0.935 0.234 0.205 -0.95 0.22 0.14 -0.965 0.21 0.12 -0.97 0.206 0.115 -0.972 0.207 0.116 -0.971 -0.195 -0.2 -0.96 -0.054 -0.144 -0.988 -0.057 -0.134 -0.989 -0.059 -0.134 -0.989 -0.064 -0.159 -0.985 -0.094 -0.22 -0.971 -0.135 -0.276 -0.952 -0.173 -0.309 -0.935 -0.189 -0.32 -0.928 -0.164 -0.311 -0.936 -0.12 -0.297 -0.947 -0.067 -0.286 -0.956 -0.179 -0.272 -0.946 -0.41 -0.241 -0.88 -0.417 -0.24 -0.876 -0.388 -0.259 -0.884 -0.293 -0.333 -0.896 -0.196 -0.405 -0.893 -0.17 -0.428 -0.888 -0.173 -0.421 -0.891 -0.268 -0.204 -0.941 -0.312 -0.1 -0.945 -0.308 -0.154 -0.939 -0.309 -0.201 -0.929 -0.311 -0.228 -0.923 -0.305 -0.21 -0.929 -0.284 -0.163 -0.945 -0.243 -0.108 -0.964 -0.192 -0.061 -0.979 -0.17 -0.049 -0.984 -0.17 -0.048 -0.984 -0.18 -0.047 -0.982 0.03 0.042 -0.999 -0.073 0.095 -0.993 -0.081 0.084 -0.993 -0.083 0.081 -0.993 -0.066 0.087 -0.994 -0.017 0.093 -0.996 0.039 0.09 -0.995 0.086 0.078 -0.993 0.111 0.068 -0.992 0.101 0.076 -0.992 0.074 0.095 -0.993 0.041 0.126 -0.991 0.075 0.057 -0.996 0.169 -0.107 -0.98 0.172 -0.112 -0.979 0.169 -0.077 -0.983 0.174 0.034 -0.984 0.181 0.144 -0.973 0.188 0.178 -0.966 0.184 0.173 -0.968 0.073 0.021 -0.997 0.032 -0.043 -0.999 0.068 -0.016 -0.998 0.097 0 -0.995 0.108 0.007 -0.994 0.082 0 -0.997 0.034 -0.007 -0.999 -0.022 -0.004 -1 -0.071 0.007 -0.997 -0.087 0.015 -0.996 -0.085 0.011 -0.996 -0.078 0 -0.997 0.174 0.049 -0.984 0.187 -0.054 -0.981 0.186 -0.055 -0.981 0.179 -0.055 -0.982 0.163 -0.05 -0.985 0.118 -0.023 -0.993 0.083 0.004 -0.997 0.071 0.018 -0.997 0.076 0.009 -0.997 0.089 -0.023 -0.996 0.104 -0.063 -0.993 0.111 -0.094 -0.989 0.119 -0.011 -0.993 0.129 0.143 -0.981 0.13 0.15 -0.98 0.126 0.144 -0.982 0.099 0.109 -0.989 0.071 0.075 -0.995 0.066 0.07 -0.995 0.073 0.072 -0.995 0.22 0.116 -0.969 0.296 0.14 -0.945 0.265 0.14 -0.954 0.224 0.147 -0.963 0.19 0.154 -0.97 0.181 0.156 -0.971 0.196 0.148 -0.969 0.231 0.119 -0.966 0.266 0.08 -0.961 0.274 0.065 -0.96 0.275 0.059 -0.96 0.275 0.058 -0.96 -0.105 -0.191 -0.976 -0.028 -0.069 -0.997 -0.029 -0.068 -0.997 -0.024 -0.073 -0.997 -0.012 -0.093 -0.996 0.01 -0.161 -0.987 0.02 -0.223 -0.975 0.02 -0.253 -0.967 0.022 -0.249 -0.968 0.037 -0.209 -0.977 0.058 -0.157 -0.986 0.082 -0.117 -0.99 -0.005 -0.193 -0.981 -0.165 -0.335 -0.927 -0.172 -0.341 -0.924 -0.157 -0.337 -0.928 -0.082 -0.326 -0.942 -0.006 -0.316 -0.949 0.011 -0.316 -0.949 0.002 -0.313 -0.95 -0.199 -0.219 -0.955 -0.302 -0.169 -0.938 -0.268 -0.202 -0.942 -0.232 -0.245 -0.941 -0.205 -0.28 -0.938 -0.202 -0.284 -0.937 -0.212 -0.255 -0.943 -0.222 -0.193 -0.956 -0.222 -0.122 -0.967 -0.216 -0.099 -0.971 -0.213 -0.093 -0.973 -0.214 -0.094 -0.972 0.326 -0.056 -0.944 0.201 -0.14 -0.97 0.207 -0.159 -0.965 0.209 -0.165 -0.964 0.215 -0.142 -0.966 0.243 -0.085 -0.966 0.284 -0.024 -0.958 0.331 0.025 -0.943 0.361 0.049 -0.931 0.35 0.045 -0.936 0.315 0.03 -0.949 0.259 0.014 -0.966 0.35 0.004 -0.937 0.57 -0.001 -0.822 0.576 0 -0.817 0.539 0.021 -0.842 0.426 0.105 -0.899 0.305 0.192 -0.933 0.268 0.224 -0.937 0.27 0.217 -0.938 0.37 -0.01 -0.929 0.41 -0.096 -0.907 0.405 -0.036 -0.914 0.405 0.005 -0.914 0.404 0.017 -0.914 0.395 -0.021 -0.918 0.369 -0.085 -0.925 0.328 -0.147 -0.933 0.283 -0.192 -0.94 0.264 -0.205 -0.943 0.27 -0.205 -0.941 0.289 -0.205 -0.935 -0.032 -0.331 -0.943 0.118 -0.395 -0.911 0.121 -0.388 -0.914 0.119 -0.389 -0.914 0.097 -0.403 -0.91 0.018 -0.431 -0.902 -0.057 -0.445 -0.894 -0.103 -0.444 -0.89 -0.107 -0.444 -0.889 -0.063 -0.458 -0.887 -0.002 -0.478 -0.878 0.054 -0.502 -0.863 -0.038 -0.418 -0.908 -0.233 -0.228 -0.945 -0.24 -0.222 -0.945 -0.229 -0.25 -0.941 -0.206 -0.357 -0.911 -0.183 -0.461 -0.868 -0.181 -0.487 -0.854 -0.177 -0.48 -0.859 -0.075 -0.249 -0.966 -0.028 -0.128 -0.991 -0.068 -0.175 -0.982 -0.116 -0.217 -0.969 -0.15 -0.245 -0.958 -0.147 -0.245 -0.958 -0.105 -0.229 -0.968 -0.029 -0.215 -0.976 0.055 -0.21 -0.976 0.081 -0.215 -0.973 0.083 -0.215 -0.973 0.077 -0.21 -0.975 0.266 0.081 -0.96 0.217 0.223 -0.95 0.21 0.22 -0.953 0.212 0.219 -0.952 0.234 0.216 -0.948 0.302 0.187 -0.935 0.359 0.15 -0.921 0.387 0.123 -0.914 0.389 0.122 -0.913 0.368 0.162 -0.915 0.342 0.217 -0.914 0.322 0.27 -0.907 0.326 0.144 -0.934 0.327 -0.118 -0.938 0.327 -0.125 -0.937 0.339 -0.098 -0.936 0.395 -0.004 -0.919 0.448 0.089 -0.89 0.464 0.11 -0.879 0.458 0.108 -0.882 0.24 -0.004 -0.971 0.126 -0.065 -0.99 0.183 -0.056 -0.982 0.242 -0.054 -0.969 0.286 -0.055 -0.957 0.284 -0.054 -0.957 0.248 -0.039 -0.968 0.191 -0.002 -0.982 0.135 0.047 -0.99 0.122 0.066 -0.99 0.121 0.067 -0.99 0.121 0.059 -0.991 -0.049 -0.104 -0.993 -0.06 -0.268 -0.962 -0.057 -0.268 -0.962 -0.062 -0.266 -0.962 -0.085 -0.25 -0.965 -0.139 -0.188 -0.972 -0.179 -0.125 -0.976 -0.194 -0.087 -0.977 -0.196 -0.086 -0.977 -0.193 -0.129 -0.973 -0.19 -0.19 -0.963 -0.195 -0.243 -0.95 -0.146 -0.134 -0.98 -0.049 0.094 -0.994 -0.045 0.104 -0.994 -0.061 0.09 -0.994 -0.139 0.04 -0.989 -0.217 -0.008 -0.976 -0.237 -0.016 -0.971 -0.226 -0.017 -0.974 0.02 -0.03 -0.999 0.143 -0.031 -0.989 0.092 -0.013 -0.996 0.037 0.015 -0.999 -0.001 0.036 -0.999 -0.001 0.035 -0.999 0.027 0.004 -1 0.067 -0.059 -0.996 0.1 -0.133 -0.986 0.105 -0.161 -0.981 0.105 -0.167 -0.98 0.107 -0.163 -0.981 0.048 -0.266 -0.963 0.155 -0.168 -0.974 0.148 -0.153 -0.977 0.145 -0.149 -0.978 0.143 -0.173 -0.975 0.125 -0.23 -0.965 0.093 -0.29 -0.952 0.053 -0.338 -0.939 0.025 -0.363 -0.931 0.035 -0.359 -0.933 0.066 -0.343 -0.937 0.115 -0.323 -0.939 0.028 -0.327 -0.945 -0.193 -0.34 -0.92 -0.2 -0.341 -0.918 -0.158 -0.357 -0.921 -0.037 -0.418 -0.908 0.083 -0.475 -0.876 0.118 -0.497 -0.86 0.116 -0.491 -0.864 0.008 -0.317 -0.948 -0.041 -0.247 -0.968 -0.029 -0.297 -0.955 -0.025 -0.33 -0.944 -0.023 -0.34 -0.94 -0.017 -0.304 -0.953 0.001 -0.245 -0.97 0.033 -0.184 -0.982 0.069 -0.136 -0.988 0.087 -0.121 -0.989 0.082 -0.121 -0.989 0.066 -0.124 -0.99 0.074 -0.305 -0.949 -0.008 -0.183 -0.983 -0.026 -0.189 -0.982 -0.032 -0.192 -0.981 -0.01 -0.197 -0.98 0.048 -0.223 -0.974 0.107 -0.263 -0.959 0.154 -0.309 -0.939 0.177 -0.338 -0.924 0.173 -0.327 -0.929 0.159 -0.292 -0.943 0.144 -0.237 -0.961 0.133 -0.328 -0.935 0.119 -0.549 -0.827 0.12 -0.555 -0.823 0.143 -0.517 -0.844 0.23 -0.402 -0.886 0.316 -0.28 -0.907 0.347 -0.242 -0.906 0.34 -0.245 -0.908 0.119 -0.349 -0.93 0.033 -0.39 -0.92 0.092 -0.384 -0.919 0.132 -0.383 -0.914 0.145 -0.382 -0.913 0.107 -0.374 -0.921 0.045 -0.349 -0.936 -0.015 -0.31 -0.951 -0.06 -0.266 -0.962 -0.073 -0.247 -0.966 -0.073 -0.254 -0.965 -0.073 -0.273 -0.959 -0.203 0.043 -0.978 -0.266 -0.108 -0.958 -0.259 -0.111 -0.96 -0.26 -0.109 -0.959 -0.275 -0.087 -0.957 -0.305 -0.01 -0.952 -0.322 0.064 -0.945 -0.322 0.109 -0.94 -0.323 0.112 -0.94 -0.336 0.069 -0.939 -0.355 0.008 -0.935 -0.38 -0.048 -0.924 -0.293 0.045 -0.955 -0.107 0.242 -0.964 -0.101 0.249 -0.963 -0.128 0.239 -0.963 -0.237 0.213 -0.948 -0.344 0.187 -0.92 -0.372 0.184 -0.91 -0.364 0.181 -0.914 -0.121 0.087 -0.989 0.002 0.044 -0.999 -0.046 0.082 -0.996 -0.09 0.128 -0.988 -0.12 0.161 -0.98 -0.119 0.157 -0.98 -0.102 0.117 -0.988 -0.085 0.042 -0.995 -0.079 -0.04 -0.996 -0.083 -0.066 -0.994 -0.083 -0.069 -0.994 -0.078 -0.063 -0.995 0.21 -0.243 -0.947 0.346 -0.192 -0.918 0.343 -0.185 -0.921 0.343 -0.187 -0.921 0.339 -0.209 -0.917 0.311 -0.277 -0.909 0.275 -0.335 -0.901 0.248 -0.363 -0.898 0.247 -0.365 -0.898 0.286 -0.344 -0.894 0.339 -0.316 -0.886 0.39 -0.296 -0.872 0.269 -0.302 -0.915 0.013 -0.307 -0.951 0.006 -0.308 -0.951 0.032 -0.319 -0.947 0.124 -0.373 -0.92 0.212 -0.424 -0.88 0.233 -0.441 -0.867 0.231 -0.435 -0.871 0.127 -0.219 -0.968 0.067 -0.107 -0.992 0.077 -0.163 -0.984 0.078 -0.222 -0.972 0.076 -0.265 -0.961 0.078 -0.264 -0.961 0.092 -0.228 -0.969 0.129 -0.17 -0.977 0.177 -0.114 -0.978 0.195 -0.101 -0.976 0.196 -0.099 -0.976 0.188 -0.1 -0.977 0.025 0.065 -0.998 -0.14 0.072 -0.988 -0.14 0.068 -0.988 -0.137 0.074 -0.988 -0.122 0.097 -0.988 -0.062 0.151 -0.987 -0.001 0.192 -0.981 0.037 0.208 -0.977 0.037 0.209 -0.977 -0.006 0.205 -0.979 -0.066 0.202 -0.977 -0.12 0.205 -0.971 -0.008 0.159 -0.987 0.219 0.069 -0.973 0.229 0.065 -0.971 0.215 0.081 -0.973 0.163 0.157 -0.974 0.113 0.233 -0.966 0.104 0.252 -0.962 0.104 0.241 -0.965 0.1 -0.002 -0.995 0.1 -0.123 -0.987 0.118 -0.072 -0.99 0.144 -0.018 -0.989 0.164 0.02 -0.986 0.163 0.02 -0.986 0.134 -0.008 -0.991 0.072 -0.049 -0.996 -0.001 -0.084 -0.997 -0.028 -0.089 -0.996 -0.034 -0.089 -0.995 -0.031 -0.091 -0.995 -0.135 -0.035 -0.99 -0.035 -0.139 -0.99 -0.02 -0.131 -0.991 -0.016 -0.128 -0.992 -0.04 -0.127 -0.991 -0.097 -0.111 -0.989 -0.159 -0.081 -0.984 -0.209 -0.042 -0.977 -0.235 -0.016 -0.972 -0.231 -0.024 -0.973 -0.213 -0.055 -0.975 -0.192 -0.103 -0.976 -0.197 -0.017 -0.98 -0.219 0.2 -0.955 -0.22 0.207 -0.953 -0.235 0.166 -0.958 -0.293 0.044 -0.955 -0.351 -0.076 -0.933 -0.373 -0.112 -0.921 -0.367 -0.109 -0.924 -0.187 0.003 -0.982 -0.117 0.053 -0.992 -0.168 0.04 -0.985 -0.202 0.035 -0.979 -0.212 0.033 -0.977 -0.175 0.028 -0.984 -0.114 0.012 -0.993 -0.053 -0.018 -0.998 -0.004 -0.053 -0.999 0.011 -0.07 -0.997 0.011 -0.065 -0.998 0.008 -0.049 -0.999 0.048 -0.046 -0.998 -0.081 0.011 -0.997 -0.086 0.003 -0.996 -0.085 0.003 -0.996 -0.065 0.014 -0.998 0 0.035 -0.999 0.066 0.045 -0.997 0.111 0.044 -0.993 0.122 0.043 -0.992 0.092 0.054 -0.994 -0.001 0.099 -0.995 0.067 0.02 -0.998 0.223 -0.145 -0.964 0.228 -0.151 -0.962 0.22 -0.124 -0.968 0.203 -0.021 -0.979 0.188 0.082 -0.979 0.188 0.111 -0.976 0.184 0.104 -0.977 0.087 -0.103 -0.991 0.045 -0.199 -0.979 0.081 -0.16 -0.984 0.12 -0.127 -0.985 0.145 -0.108 -0.984 0.135 -0.112 -0.985 0.093 -0.127 -0.988 0.027 -0.138 -0.99 -0.041 -0.138 -0.99 -0.064 -0.132 -0.989 -0.065 -0.133 -0.989 -0.058 -0.139 -0.989 -0.087 0.087 -0.992 -0.012 -0.04 -0.999 0.004 -0.035 -0.999 0.008 -0.033 -0.999 -0.015 -0.028 -1 -0.072 0.001 -0.997 -0.129 0.042 -0.991 -0.171 0.087 -0.981 -0.19 0.113 -0.975 -0.185 0.098 -0.978 -0.17 0.06 -0.984 -0.156 0.006 -0.988 -0.146 0.1 -0.984 -0.132 0.329 -0.935 -0.132 0.336 -0.932 -0.153 0.3 -0.942 -0.232 0.191 -0.954 -0.311 0.081 -0.947 -0.339 0.05 -0.939 -0.332 0.052 -0.942 -0.118 0.139 -0.983 -0.032 0.178 -0.984 -0.088 0.174 -0.981 -0.129 0.175 -0.976 -0.145 0.176 -0.974 -0.114 0.166 -0.979 -0.058 0.141 -0.988 -0 0.1 -0.995 0.057 0.034 -0.998 0.057 0.039 -0.998 0.057 0.055 -0.997 -0.137 0.032 -0.99 -0.095 0.127 -0.987 -0.097 0.128 -0.987 -0.094 0.125 -0.988 -0.083 0.113 -0.99 -0.06 0.069 -0.996 -0.045 0.026 -0.999 -0.042 0.002 -0.999 -0.041 0.004 -0.999 -0.035 0.035 -0.999 -0.024 0.073 -0.997 -0.011 0.105 -0.994 -0.067 0.04 -0.997 -0.169 -0.087 -0.982 -0.173 -0.092 -0.981 -0.161 -0.086 -0.983 -0.105 -0.066 -0.992 -0.047 -0.047 -0.998 -0.033 -0.045 -0.998 -0.04 -0.044 -0.998 -0.198 -0.003 -0.98 -0.279 0.015 -0.96 -0.25 -0.002 -0.968 -0.22 -0.027 -0.975 -0.197 -0.048 -0.979 -0.195 -0.049 -0.98 -0.206 -0.028 -0.978 -0.22 0.015 -0.975 -0.227 0.065 -0.972 -0.225 0.082 -0.971 -0.224 0.085 -0.971 -0.225 0.084 -0.971 0.11 -0.026 -0.994 0.046 -0.079 -0.996 0.051 -0.086 -0.995 0.052 -0.088 -0.995 0.052 -0.075 -0.996 0.059 -0.038 -0.998 0.072 -0 -0.997 0.089 0.027 -0.996 0.096 0.037 -0.995 0.085 0.028 -0.996 0.063 0.011 -0.998 0.033 -0.006 -0.999 0.095 0.005 -0.996 0.234 0.038 -0.972 0.238 0.04 -0.971 0.215 0.044 -0.976 0.143 0.069 -0.987 0.071 0.096 -0.993 0.051 0.107 -0.993 0.053 0.104 -0.993 0.141 -0.012 -0.99 0.181 -0.059 -0.982 0.169 -0.028 -0.985 0.163 -0 -0.987 0.16 0.014 -0.987 0.159 0.001 -0.987 0.155 -0.03 -0.988 0.141 -0.067 -0.988 0.122 -0.1 -0.987 0.114 -0.11 -0.987 0.116 -0.109 -0.987 0.124 -0.107 -0.987 -0.096 -0.178 -0.979 0.012 -0.187 -0.982 0.016 -0.173 -0.985 0.017 -0.169 -0.986 0.005 -0.179 -0.984 -0.036 -0.202 -0.979 -0.085 -0.22 -0.972 -0.132 -0.226 -0.965 -0.156 -0.227 -0.961 -0.144 -0.23 -0.963 -0.112 -0.237 -0.965 -0.069 -0.252 -0.965 -0.125 -0.206 -0.971 -0.273 -0.093 -0.957 -0.279 -0.09 -0.956 -0.262 -0.121 -0.957 -0.224 -0.222 -0.949 -0.186 -0.322 -0.928 -0.179 -0.354 -0.918 -0.177 -0.349 -0.92 -0.136 -0.175 -0.975 -0.125 -0.104 -0.987 -0.148 -0.143 -0.979 -0.167 -0.168 -0.972 -0.175 -0.178 -0.968 -0.156 -0.163 -0.974 -0.115 -0.14 -0.983 -0.066 -0.122 -0.99 -0.02 -0.113 -0.993 -0.004 -0.113 -0.994 -0.008 -0.11 -0.994 -0.02 -0.103 -0.995 0.253 0.089 -0.963 0.194 0.155 -0.969 0.185 0.148 -0.972 0.181 0.146 -0.973 0.194 0.146 -0.97 0.232 0.139 -0.963 0.271 0.123 -0.955 0.303 0.102 -0.947 0.318 0.089 -0.944 0.311 0.099 -0.945 0.296 0.122 -0.947 0.278 0.156 -0.948 0.287 0.091 -0.954 0.316 -0.07 -0.946 0.317 -0.074 -0.946 0.324 -0.044 -0.945 0.356 0.047 -0.933 0.387 0.135 -0.912 0.401 0.162 -0.902 0.397 0.16 -0.904 0.278 0.063 -0.959 0.229 0.02 -0.973 0.264 0.033 -0.964 0.29 0.04 -0.956 0.302 0.042 -0.952 0.282 0.043 -0.958 0.245 0.05 -0.968 0.205 0.065 -0.977 0.172 0.085 -0.981 0.163 0.094 -0.982 0.164 0.09 -0.982 0.167 0.079 -0.983 -0.043 0.101 -0.994 -0.113 0.006 -0.994 -0.107 0 -0.994 -0.106 0.001 -0.994 -0.111 0.02 -0.994 -0.113 0.073 -0.991 -0.106 0.127 -0.986 -0.092 0.166 -0.982 -0.085 0.182 -0.98 -0.097 0.167 -0.981 -0.121 0.14 -0.983 -0.151 0.113 -0.982 -0.076 0.144 -0.987 0.089 0.22 -0.971 0.096 0.223 -0.97 0.068 0.223 -0.972 -0.024 0.235 -0.972 -0.115 0.247 -0.962 -0.141 0.255 -0.957 -0.136 0.25 -0.959 0.001 0.134 -0.991 0.065 0.083 -0.994 0.043 0.118 -0.992 0.028 0.15 -0.988 0.02 0.167 -0.986 0.023 0.151 -0.988 0.025 0.109 -0.994 0.018 0.055 -0.998 -0.009 -0.012 -1 -0.008 -0.013 -1 -0.001 -0.009 -1 0.081 0.082 -0.993 0.158 0.035 -0.987 0.16 0.037 -0.987 0.157 0.035 -0.987 0.144 0.028 -0.989 0.103 0.018 -0.995 0.063 0.014 -0.998 0.038 0.016 -0.999 0.035 0.016 -0.999 0.055 0.007 -0.998 0.083 -0.008 -0.996 0.108 -0.025 -0.994 0.067 0.031 -0.997 -0.02 0.14 -0.99 -0.024 0.145 -0.989 -0.02 0.131 -0.991 -0.014 0.074 -0.997 -0.01 0.016 -1 -0.011 0.002 -1 -0.008 0.007 -1 0.058 0.13 -0.99 0.088 0.192 -0.978 0.067 0.171 -0.983 0.042 0.152 -0.988 0.023 0.139 -0.99 0.027 0.14 -0.99 0.05 0.146 -0.988 0.091 0.149 -0.985 0.134 0.146 -0.98 0.148 0.141 -0.979 0.15 0.14 -0.979 0.148 0.142 -0.979 -0.109 0.086 -0.99 0.025 0.054 -0.998 0.028 0.062 -0.998 0.027 0.062 -0.998 0.01 0.048 -0.999 -0.049 0.016 -0.999 -0.111 -0.005 -0.994 -0.154 -0.012 -0.988 -0.164 -0.013 -0.986 -0.134 -0.018 -0.991 -0.085 -0.028 -0.996 -0.037 -0.046 -0.998 -0.116 0.018 -0.993 -0.293 0.149 -0.944 -0.3 0.153 -0.942 -0.287 0.129 -0.949 -0.253 0.033 -0.967 -0.221 -0.064 -0.973 -0.215 -0.091 -0.972 -0.213 -0.083 -0.973 -0.156 0.134 -0.979 -0.132 0.232 -0.964 -0.16 0.189 -0.969 -0.192 0.15 -0.97 -0.213 0.127 -0.969 -0.204 0.133 -0.97 -0.166 0.155 -0.974 -0.105 0.177 -0.979 -0.039 0.189 -0.981 -0.016 0.188 -0.982 -0.016 0.189 -0.982 -0.023 0.194 -0.981 0.044 -0.018 -0.999 -0.051 0.091 -0.995 -0.065 0.083 -0.994 -0.068 0.081 -0.994 -0.046 0.079 -0.996 0.014 0.062 -0.998 0.077 0.032 -0.997 0.126 -0.004 -0.992 0.149 -0.027 -0.989 0.141 -0.013 -0.99 0.12 0.021 -0.993 0.097 0.071 -0.993 0.103 -0.021 -0.994 0.133 -0.246 -0.96 0.134 -0.254 -0.958 0.147 -0.215 -0.966 0.204 -0.095 -0.974 0.261 0.024 -0.965 0.284 0.059 -0.957 0.277 0.055 -0.959 0.083 -0.063 -0.995 0.007 -0.116 -0.993 0.061 -0.102 -0.993 0.101 -0.097 -0.99 0.116 -0.095 -0.989 0.084 -0.091 -0.992 0.025 -0.076 -0.997 -0.088 -0.01 -0.996 -0.104 0.007 -0.995 -0.103 0.002 -0.995 -0.101 -0.014 -0.995 0.083 0.043 -0.996 0.059 -0.056 -0.997 0.061 -0.056 -0.997 0.058 -0.055 -0.997 0.045 -0.045 -0.998 0.015 -0.006 -1 -0.007 0.033 -0.999 -0.014 0.055 -0.998 -0.015 0.053 -0.998 -0.016 0.022 -1 -0.019 -0.016 -1 -0.026 -0.049 -0.998 0.017 0.023 -1 0.094 0.163 -0.982 0.097 0.168 -0.981 0.086 0.16 -0.983 0.035 0.131 -0.991 -0.018 0.104 -0.994 -0.031 0.099 -0.995 -0.024 0.099 -0.995 0.135 0.087 -0.987 0.218 0.083 -0.972 0.187 0.095 -0.978 0.127 0.13 -0.983 0.125 0.13 -0.984 0.14 0.112 -0.984 0.16 0.073 -0.984 0.176 0.026 -0.984 0.177 0.01 -0.984 0.178 0.008 -0.984 -0.165 0.055 -0.985 -0.113 0.118 -0.987 -0.119 0.123 -0.985 -0.121 0.125 -0.985 -0.118 0.113 -0.987 -0.118 0.076 -0.99 -0.125 0.037 -0.992 -0.135 0.008 -0.991 -0.141 -0.003 -0.99 -0.132 0.008 -0.991 -0.113 0.028 -0.993 -0.088 0.05 -0.995 -0.145 0.028 -0.989 -0.272 -0.03 -0.962 -0.276 -0.032 -0.961 -0.253 -0.032 -0.967 -0.18 -0.042 -0.983 -0.107 -0.055 -0.993 -0.085 -0.063 -0.994 -0.088 -0.059 -0.994 -0.192 0.036 -0.981 -0.238 0.074 -0.968 -0.222 0.046 -0.974 -0.211 0.021 -0.977 -0.206 0.007 -0.979 -0.208 0.02 -0.978 -0.208 0.051 -0.977 -0.202 0.089 -0.975 -0.19 0.124 -0.974 -0.183 0.135 -0.974 -0.185 0.134 -0.974 -0.192 0.131 -0.973 0.007 0.237 -0.971 -0.098 0.227 -0.969 -0.1 0.213 -0.972 -0.1 0.209 -0.973 -0.09 0.221 -0.971 -0.055 0.25 -0.967 -0.01 0.275 -0.961 0.034 0.29 -0.957 0.058 0.294 -0.954 0.045 0.295 -0.954 0.013 0.296 -0.955 -0.031 0.303 -0.952 0.031 0.269 -0.963 0.194 0.186 -0.963 0.2 0.184 -0.962 0.179 0.21 -0.961 0.125 0.301 -0.945 0.072 0.39 -0.918 0.06 0.419 -0.906 0.059 0.414 -0.908 0.047 0.241 -0.969 0.048 0.172 -0.984 0.063 0.212 -0.975 0.078 0.24 -0.968 0.084 0.251 -0.964 0.068 0.233 -0.97 0.033 0.204 -0.978 -0.012 0.178 -0.984 -0.055 0.162 -0.985 -0.071 0.159 -0.985 -0.066 0.157 -0.985 -0.054 0.152 -0.987 -0.281 -0.082 -0.956 -0.213 -0.135 -0.968 -0.206 -0.127 -0.97 -0.203 -0.124 -0.971 -0.215 -0.127 -0.968 -0.252 -0.127 -0.959 -0.293 -0.119 -0.949 -0.327 -0.105 -0.939 -0.343 -0.095 -0.934 -0.335 -0.104 -0.937 -0.316 -0.123 -0.941 -0.293 -0.152 -0.944 -0.314 -0.09 -0.945 -0.369 0.059 -0.928 -0.371 0.063 -0.927 -0.372 0.032 -0.928 -0.387 -0.061 -0.92 -0.401 -0.153 -0.903 -0.409 -0.182 -0.894 -0.406 -0.179 -0.896 -0.309 -0.062 -0.949 -0.271 -0.011 -0.962 -0.302 -0.03 -0.953 -0.325 -0.042 -0.945 -0.336 -0.047 -0.941 -0.317 -0.044 -0.947 -0.281 -0.043 -0.959 -0.24 -0.05 -0.969 -0.205 -0.063 -0.977 -0.195 -0.07 -0.978 -0.196 -0.067 -0.978 -0.201 -0.056 -0.978 0.004 -0.04 -0.999 0.055 0.064 -0.996 0.048 0.068 -0.997 0.047 0.067 -0.997 0.056 0.05 -0.997 0.067 -0 -0.998 0.07 -0.054 -0.996 0.064 -0.094 -0.993 0.059 -0.111 -0.992 0.068 -0.094 -0.993 0.086 -0.064 -0.994 0.111 -0.032 -0.993 0.043 -0.076 -0.996 -0.101 -0.179 -0.979 -0.107 -0.183 -0.977 -0.081 -0.178 -0.981 0.01 -0.173 -0.985 0.101 -0.17 -0.98 0.127 -0.172 -0.977 0.121 -0.169 -0.978 -0.032 -0.08 -0.996 -0.103 -0.042 -0.994 -0.076 -0.071 -0.995 -0.055 -0.1 -0.993 -0.045 -0.115 -0.992 -0.051 -0.1 -0.994 -0.062 -0.006 -0.998 -0.056 0.045 -0.997 -0.049 0.063 -0.997 -0.05 0.064 -0.997 -0.056 0.059 -0.997 -0.118 -0.044 -0.992 -0.201 -0.012 -0.98 -0.201 -0.014 -0.979 -0.2 -0.013 -0.98 -0.189 -0.003 -0.982 -0.151 0.014 -0.988 -0.113 0.026 -0.993 -0.089 0.028 -0.996 -0.085 0.028 -0.996 -0.107 0.034 -0.994 -0.136 0.043 -0.99 -0.163 0.055 -0.985 -0.114 0.009 -0.993 -0.011 -0.081 -0.997 -0.006 -0.085 -0.996 -0.012 -0.073 -0.997 -0.028 -0.019 -0.999 -0.043 0.036 -0.998 -0.044 0.05 -0.998 -0.046 0.044 -0.998 -0.087 -0.086 -0.992 -0.105 -0.151 -0.983 -0.089 -0.127 -0.988 -0.068 -0.104 -0.992 -0.053 -0.088 -0.995 -0.056 -0.09 -0.994 -0.077 -0.1 -0.992 -0.116 -0.11 -0.987 -0.157 -0.115 -0.981 -0.172 -0.113 -0.979 -0.174 -0.112 -0.978 -0.172 -0.114 -0.979 0.243 -0.188 -0.952 0.329 -0.078 -0.941 0.319 -0.067 -0.945 0.316 -0.065 -0.946 0.32 -0.086 -0.943 0.318 -0.149 -0.936 0.303 -0.215 -0.928 0.281 -0.266 -0.922 0.268 -0.287 -0.92 0.283 -0.271 -0.92 0.315 -0.239 -0.919 0.357 -0.203 -0.912 0.267 -0.237 -0.934 0.044 -0.323 -0.945 0.038 -0.326 -0.945 0.077 -0.329 -0.941 0.202 -0.352 -0.914 0.322 -0.373 -0.87 0.356 -0.383 -0.852 0.352 -0.378 -0.856 0.199 -0.225 -0.954 0.126 -0.161 -0.979 0.152 -0.21 -0.966 0.167 -0.251 -0.954 0.174 -0.271 -0.947 0.172 -0.246 -0.954 0.174 -0.192 -0.966 0.188 -0.126 -0.974 0.21 -0.066 -0.975 0.222 -0.048 -0.974 0.218 -0.049 -0.975 0.204 -0.056 -0.977 0.342 -0.145 -0.929 0.188 -0.169 -0.968 0.188 -0.186 -0.964 0.188 -0.191 -0.963 0.201 -0.17 -0.965 0.251 -0.115 -0.961 0.311 -0.066 -0.948 0.363 -0.036 -0.931 0.386 -0.027 -0.922 0.359 -0.031 -0.933 0.308 -0.037 -0.951 0.243 -0.035 -0.969 0.35 -0.079 -0.934 0.581 -0.157 -0.798 0.587 -0.159 -0.794 0.561 -0.13 -0.817 0.482 -0.019 -0.876 0.395 0.096 -0.914 0.371 0.135 -0.919 0.372 0.127 -0.92 0.403 -0.151 -0.903 0.414 -0.266 -0.871 0.43 -0.202 -0.88 0.447 -0.151 -0.882 0.456 -0.123 -0.881 0.443 -0.145 -0.885 0.405 -0.193 -0.894 0.346 -0.243 -0.906 0.282 -0.279 -0.918 0.259 -0.286 -0.922 0.263 -0.288 -0.921 0.279 -0.292 -0.915 -0.099 0.129 -0.987 -0.006 0.074 -0.997 -0.004 0.078 -0.997 -0.006 0.077 -0.997 -0.021 0.068 -0.997 -0.075 0.052 -0.996 -0.124 0.045 -0.991 -0.151 0.046 -0.988 -0.15 0.045 -0.988 -0.12 0.034 -0.992 -0.078 0.016 -0.997 -0.044 -0.004 -0.999 -0.101 0.063 -0.993 -0.22 0.192 -0.956 -0.224 0.197 -0.954 -0.22 0.18 -0.959 -0.21 0.112 -0.971 -0.201 0.042 -0.979 -0.202 0.025 -0.979 -0.199 0.031 -0.98 -0.118 0.191 -0.974 -0.08 0.269 -0.96 -0.108 0.241 -0.965 -0.143 0.213 -0.966 -0.169 0.194 -0.966 -0.17 0.193 -0.966 -0.145 0.201 -0.969 -0.095 0.208 -0.973 -0.04 0.208 -0.977 -0.023 0.204 -0.979 -0.021 0.203 -0.979 -0.023 0.206 -0.978 0.307 0.025 -0.951 0.315 0.128 -0.94 0.316 0.128 -0.94 0.322 0.126 -0.938 0.336 0.118 -0.934 0.372 0.08 -0.925 0.398 0.045 -0.916 0.405 0.029 -0.914 0.403 0.038 -0.914 0.397 0.072 -0.915 0.391 0.115 -0.913 0.39 0.146 -0.909 0.369 0.07 -0.927 0.325 -0.075 -0.943 0.322 -0.082 -0.943 0.327 -0.077 -0.942 0.36 -0.051 -0.932 0.392 -0.025 -0.919 0.398 -0.022 -0.917 0.391 -0.023 -0.92 0.247 -0.026 -0.969 0.167 -0.029 -0.985 0.198 -0.038 -0.98 0.236 -0.055 -0.97 0.266 -0.07 -0.962 0.273 -0.075 -0.959 0.262 -0.063 -0.963 0.237 -0.026 -0.971 0.212 0.02 -0.977 0.208 0.037 -0.977 0.208 0.043 -0.977 0.208 0.044 -0.977 -0.082 0.202 -0.976 -0.157 0.06 -0.986 -0.145 0.052 -0.988 -0.143 0.051 -0.988 -0.153 0.075 -0.985 -0.166 0.146 -0.975 -0.166 0.221 -0.961 -0.154 0.279 -0.948 -0.145 0.303 -0.942 -0.159 0.282 -0.946 -0.186 0.242 -0.952 -0.225 0.196 -0.955 -0.127 0.254 -0.959 0.092 0.386 -0.918 0.099 0.391 -0.915 0.058 0.386 -0.921 -0.08 0.385 -0.919 -0.217 0.381 -0.899 -0.257 0.384 -0.887 -0.25 0.38 -0.891 -0.036 0.256 -0.966 0.063 0.201 -0.978 0.024 0.246 -0.969 -0.004 0.285 -0.958 -0.017 0.306 -0.952 -0.009 0.282 -0.96 0.003 0.224 -0.975 0.003 0.149 -0.989 -0.008 0.077 -0.997 -0.018 0.053 -0.998 -0.016 0.054 -0.998 -0.004 0.063 -0.998 0.056 -0.323 -0.945 0.197 -0.268 -0.943 0.194 -0.25 -0.949 0.192 -0.245 -0.95 0.184 -0.266 -0.946 0.147 -0.318 -0.936 0.094 -0.368 -0.925 0.038 -0.402 -0.915 0.003 -0.417 -0.909 0.018 -0.415 -0.91 0.059 -0.409 -0.911 0.118 -0.406 -0.906 0.02 -0.378 -0.926 -0.222 -0.31 -0.924 -0.229 -0.309 -0.923 -0.19 -0.34 -0.921 -0.083 -0.446 -0.891 0.023 -0.544 -0.839 0.052 -0.577 -0.815 0.051 -0.571 -0.819 -0.004 -0.355 -0.935 -0.034 -0.261 -0.965 -0.037 -0.317 -0.948 -0.044 -0.355 -0.934 -0.047 -0.369 -0.928 -0.03 -0.338 -0.941 0.007 -0.285 -0.959 0.06 -0.235 -0.97 0.113 -0.199 -0.974 0.135 -0.19 -0.973 0.129 -0.188 -0.974 0.111 -0.185 -0.976 0.168 0.209 -0.963 0.022 0.248 -0.968 0.014 0.232 -0.973 0.012 0.226 -0.974 0.032 0.239 -0.97 0.091 0.26 -0.961 0.163 0.27 -0.949 0.229 0.264 -0.937 0.266 0.255 -0.93 0.254 0.262 -0.931 0.219 0.281 -0.934 0.171 0.314 -0.934 0.233 0.231 -0.945 0.383 0.032 -0.923 0.388 0.027 -0.921 0.375 0.077 -0.924 0.352 0.23 -0.907 0.324 0.377 -0.868 0.32 0.424 -0.847 0.317 0.419 -0.851 0.237 0.204 -0.95 0.206 0.107 -0.973 0.241 0.152 -0.958 0.269 0.179 -0.947 0.278 0.189 -0.942 0.245 0.171 -0.954 0.183 0.149 -0.972 0.112 0.14 -0.984 0.048 0.142 -0.989 0.025 0.149 -0.989 0.029 0.144 -0.989 0.042 0.13 -0.991 -0.23 0.042 -0.972 -0.191 -0.082 -0.978 -0.185 -0.08 -0.979 -0.188 -0.079 -0.979 -0.208 -0.074 -0.975 -0.261 -0.047 -0.964 -0.307 -0.012 -0.952 -0.331 0.016 -0.944 -0.335 0.022 -0.942 -0.324 -0.007 -0.946 -0.309 -0.049 -0.95 -0.299 -0.093 -0.95 -0.29 0.007 -0.957 -0.271 0.21 -0.939 -0.27 0.218 -0.938 -0.282 0.197 -0.939 -0.335 0.124 -0.934 -0.388 0.052 -0.92 -0.404 0.035 -0.914 -0.397 0.038 -0.917 -0.213 0.112 -0.971 -0.121 0.15 -0.981 -0.166 0.147 -0.975 -0.21 0.15 -0.966 -0.24 0.153 -0.959 -0.233 0.15 -0.961 -0.2 0.134 -0.971 -0.155 0.098 -0.983 -0.114 0.054 -0.992 -0.103 0.036 -0.994 -0.102 0.034 -0.994 -0.102 0.04 -0.994 0.218 -0.133 -0.967 0.14 -0.025 -0.99 0.13 -0.031 -0.991 0.129 -0.032 -0.991 0.152 -0.034 -0.988 0.207 -0.052 -0.977 0.261 -0.08 -0.962 0.3 -0.112 -0.948 0.316 -0.129 -0.94 0.308 -0.114 -0.945 0.29 -0.081 -0.953 0.274 -0.037 -0.961 0.276 -0.127 -0.953 0.285 -0.326 -0.901 0.286 -0.333 -0.898 0.298 -0.302 -0.905 0.352 -0.203 -0.914 0.404 -0.104 -0.909 0.423 -0.076 -0.903 0.417 -0.079 -0.906 0.245 -0.185 -0.952 0.17 -0.232 -0.958 0.216 -0.222 -0.951 0.253 -0.217 -0.943 0.27 -0.215 -0.939 0.246 -0.212 -0.946 0.198 -0.198 -0.96 0.144 -0.169 -0.975 0.098 -0.134 -0.986 0.085 -0.116 -0.99 0.084 -0.118 -0.989 0.085 -0.129 -0.988 0.053 0.037 -0.998 -0.024 -0.037 -0.999 -0.021 -0.041 -0.999 -0.02 -0.04 -0.999 -0.023 -0.022 -0.999 -0.019 0.027 -0.999 -0.007 0.074 -0.997 0.008 0.105 -0.994 0.014 0.115 -0.993 -0.001 0.1 -0.995 -0.026 0.077 -0.997 -0.056 0.056 -0.997 0.018 0.077 -0.997 0.174 0.128 -0.976 0.18 0.13 -0.975 0.158 0.133 -0.978 0.083 0.152 -0.985 0.008 0.172 -0.985 -0.012 0.181 -0.983 -0.007 0.176 -0.984 0.104 0.054 -0.993 0.157 -0.001 -0.988 0.142 0.032 -0.989 0.131 0.065 -0.989 0.125 0.085 -0.988 0.126 0.074 -0.989 0.123 0.04 -0.992 0.111 -0.008 -0.994 0.09 -0.052 -0.995 0.079 -0.066 -0.995 0.079 -0.068 -0.995 0.084 -0.066 -0.994 -0.123 -0.142 -0.982 -0.032 -0.244 -0.969 -0.02 -0.236 -0.972 -0.017 -0.234 -0.972 -0.038 -0.234 -0.971 -0.099 -0.222 -0.97 -0.16 -0.198 -0.967 -0.206 -0.168 -0.964 -0.225 -0.152 -0.962 -0.212 -0.17 -0.962 -0.186 -0.205 -0.961 -0.159 -0.253 -0.954 -0.175 -0.158 -0.972 -0.221 0.069 -0.973 -0.223 0.077 -0.972 -0.232 0.039 -0.972 -0.277 -0.079 -0.958 -0.321 -0.194 -0.927 -0.338 -0.226 -0.913 -0.333 -0.223 -0.916 -0.151 -0.094 -0.984 -0.076 -0.033 -0.997 -0.128 -0.051 -0.991 -0.17 -0.059 -0.984 -0.191 -0.063 -0.98 -0.167 -0.065 -0.984 -0.114 -0.075 -0.991 -0.052 -0.098 -0.994 0.002 -0.129 -0.992 0.017 -0.144 -0.989 0.017 -0.14 -0.99 0.013 -0.126 -0.992 -0.099 -0.246 -0.964 -0.094 -0.092 -0.991 -0.111 -0.089 -0.99 -0.115 -0.089 -0.989 -0.097 -0.104 -0.99 -0.053 -0.162 -0.985 -0.016 -0.228 -0.973 0.002 -0.284 -0.959 0.007 -0.308 -0.951 0.008 -0.281 -0.96 0.012 -0.229 -0.973 0.025 -0.167 -0.986 -0.036 -0.264 -0.964 -0.163 -0.485 -0.859 -0.166 -0.491 -0.855 -0.131 -0.469 -0.874 -0.006 -0.406 -0.914 0.122 -0.338 -0.933 0.164 -0.321 -0.933 0.156 -0.32 -0.934 -0.117 -0.306 -0.945 -0.233 -0.3 -0.925 -0.173 -0.325 -0.93 -0.126 -0.35 -0.928 -0.101 -0.364 -0.926 -0.12 -0.347 -0.93 -0.159 -0.302 -0.94 -0.196 -0.236 -0.952 -0.22 -0.168 -0.961 -0.222 -0.144 -0.964 -0.225 -0.148 -0.963 -0.232 -0.163 -0.959 0.238 0.135 -0.962 0.172 0.056 -0.984 0.175 0.053 -0.983 0.174 0.056 -0.983 0.168 0.071 -0.983 0.162 0.125 -0.979 0.162 0.173 -0.971 0.166 0.199 -0.966 0.165 0.198 -0.966 0.15 0.171 -0.974 0.128 0.135 -0.983 0.103 0.105 -0.989 0.175 0.148 -0.973 0.315 0.24 -0.918 0.32 0.243 -0.916 0.304 0.241 -0.922 0.237 0.244 -0.94 0.17 0.247 -0.954 0.154 0.251 -0.956 0.159 0.247 -0.956 0.299 0.143 -0.943 0.367 0.093 -0.926 0.344 0.125 -0.93 0.324 0.163 -0.932 0.309 0.191 -0.931 0.308 0.192 -0.932 0.313 0.167 -0.935 0.312 0.118 -0.943 0.303 0.065 -0.951 0.297 0.05 -0.954 0.296 0.048 -0.954 0.299 0.05 -0.953 0.072 -0.239 -0.968 0.168 -0.264 -0.95 0.167 -0.265 -0.949 0.165 -0.271 -0.948 0.154 -0.283 -0.947 0.111 -0.312 -0.943 0.072 -0.332 -0.941 0.056 -0.337 -0.94 0.065 -0.336 -0.939 0.099 -0.336 -0.937 0.141 -0.338 -0.931 0.171 -0.342 -0.924 0.103 -0.307 -0.946 -0.028 -0.241 -0.97 -0.034 -0.237 -0.971 -0.03 -0.242 -0.97 -0.011 -0.279 -0.96 0.007 -0.315 -0.949 0.008 -0.321 -0.947 0.009 -0.314 -0.949 0.034 -0.172 -0.985 0.045 -0.094 -0.995 0.031 -0.122 -0.992 0.008 -0.156 -0.988 -0.012 -0.183 -0.983 -0.018 -0.19 -0.982 -0.004 -0.18 -0.984 0.035 -0.162 -0.986 0.084 -0.145 -0.986 0.101 -0.144 -0.984 0.107 -0.145 -0.984 0.108 -0.146 -0.983 0.304 0.106 -0.947 0.181 0.202 -0.962 0.171 0.192 -0.966 0.17 0.19 -0.967 0.194 0.196 -0.961 0.263 0.196 -0.945 0.334 0.183 -0.925 0.387 0.161 -0.908 0.409 0.149 -0.901 0.391 0.166 -0.905 0.357 0.199 -0.913 0.319 0.244 -0.916 0.36 0.141 -0.922 0.448 -0.094 -0.889 0.451 -0.102 -0.886 0.454 -0.061 -0.889 0.475 0.072 -0.877 0.491 0.203 -0.847 0.499 0.24 -0.833 0.494 0.235 -0.837 0.347 0.053 -0.936 0.28 -0.032 -0.959 0.329 -0.002 -0.944 0.37 0.017 -0.929 0.392 0.026 -0.92 0.367 0.023 -0.93 0.312 0.022 -0.95 0.241 0.034 -0.97 0.175 0.058 -0.983 0.154 0.071 -0.985 0.154 0.069 -0.986 0.16 0.056 -0.985 -0.223 0.059 -0.973 -0.175 -0.085 -0.981 -0.169 -0.085 -0.982 -0.189 -0.073 -0.979 -0.234 -0.03 -0.972 -0.275 0.028 -0.961 -0.3 0.087 -0.95 -0.309 0.123 -0.943 -0.31 0.108 -0.945 -0.31 0.068 -0.948 -0.316 0.01 -0.949 -0.272 0.101 -0.957 -0.169 0.322 -0.931 -0.167 0.329 -0.93 -0.204 0.297 -0.933 -0.325 0.209 -0.922 -0.442 0.121 -0.889 -0.481 0.097 -0.871 -0.475 0.096 -0.875 -0.246 0.121 -0.962 -0.147 0.135 -0.98 -0.203 0.147 -0.968 -0.24 0.159 -0.958 -0.253 0.164 -0.953 -0.224 0.143 -0.964 -0.178 0.1 -0.979 -0.137 0.042 -0.99 -0.11 -0.015 -0.994 -0.105 -0.037 -0.994 -0.103 -0.032 -0.994 -0.096 -0.015 -0.995 0.271 -0.135 -0.953 0.332 -0.001 -0.943 0.317 0.009 -0.948 0.312 0.012 -0.95 0.321 -0.009 -0.947 0.331 -0.07 -0.941 0.328 -0.141 -0.934 0.311 -0.204 -0.928 0.296 -0.239 -0.925 0.305 -0.229 -0.924 0.329 -0.198 -0.923 0.369 -0.157 -0.916 0.28 -0.202 -0.938 0.063 -0.315 -0.947 0.058 -0.319 -0.946 0.108 -0.315 -0.943 0.257 -0.319 -0.912 0.399 -0.32 -0.859 0.444 -0.325 -0.835 0.44 -0.321 -0.839 0.253 -0.202 -0.946 0.168 -0.154 -0.974 0.204 -0.196 -0.959 0.224 -0.228 -0.948 0.232 -0.238 -0.943 0.221 -0.203 -0.954 0.212 -0.139 -0.967 0.215 -0.068 -0.974 0.228 -0.008 -0.974 0.237 0.013 -0.971 0.232 0.011 -0.973 0.217 0.001 -0.976 0.174 0.274 -0.946 0.05 0.257 -0.965 0.051 0.252 -0.966 0.052 0.254 -0.966 0.059 0.272 -0.96 0.093 0.318 -0.943 0.132 0.356 -0.925 0.162 0.374 -0.913 0.168 0.378 -0.91 0.14 0.372 -0.918 0.097 0.364 -0.926 0.054 0.362 -0.931 0.148 0.337 -0.93 0.339 0.285 -0.897 0.346 0.283 -0.895 0.328 0.298 -0.897 0.266 0.361 -0.894 0.204 0.422 -0.883 0.189 0.44 -0.878 0.191 0.433 -0.881 0.238 0.247 -0.939 0.261 0.153 -0.953 0.264 0.196 -0.944 0.273 0.237 -0.932 0.28 0.265 -0.923 0.277 0.259 -0.925 0.257 0.231 -0.938 0.217 0.194 -0.957 0.169 0.162 -0.972 0.15 0.156 -0.976 0.148 0.155 -0.977 0.153 0.153 -0.976 -0.065 -0.127 -0.99 0.053 -0.068 -0.996 0.05 -0.058 -0.997 0.048 -0.057 -0.997 0.043 -0.078 -0.996 0.016 -0.129 -0.992 -0.021 -0.177 -0.984 -0.059 -0.21 -0.976 -0.079 -0.223 -0.972 -0.062 -0.217 -0.974 -0.028 -0.206 -0.978 0.018 -0.196 -0.98 -0.069 -0.185 -0.98 -0.267 -0.164 -0.95 -0.274 -0.163 -0.948 -0.246 -0.18 -0.952 -0.158 -0.247 -0.956 -0.072 -0.314 -0.947 -0.048 -0.337 -0.94 -0.05 -0.331 -0.942 -0.12 -0.146 -0.982 -0.153 -0.065 -0.986 -0.15 -0.111 -0.982 -0.153 -0.148 -0.977 -0.154 -0.165 -0.974 -0.147 -0.142 -0.979 -0.124 -0.098 -0.987 -0.087 -0.049 -0.995 -0.044 -0.011 -0.999 -0.025 -0 -1 -0.027 0.001 -1 -0.038 0.001 -0.999 0.127 0.005 -0.992 0.069 0.092 -0.993 0.064 0.089 -0.994 0.065 0.089 -0.994 0.083 0.088 -0.993 0.128 0.076 -0.989 0.172 0.057 -0.984 0.199 0.037 -0.979 0.207 0.03 -0.978 0.195 0.047 -0.98 0.177 0.075 -0.981 0.162 0.107 -0.981 0.171 0.033 -0.985 0.193 -0.126 -0.973 0.194 -0.133 -0.972 0.2 -0.112 -0.973 0.231 -0.043 -0.972 0.262 0.026 -0.965 0.274 0.043 -0.961 0.268 0.04 -0.962 0.135 -0.046 -0.99 0.074 -0.089 -0.993 0.108 -0.079 -0.991 0.141 -0.074 -0.987 0.161 -0.072 -0.984 0.15 -0.071 -0.986 0.118 -0.063 -0.991 0.075 -0.042 -0.996 0.036 -0.016 -0.999 0.024 -0.003 -1 0.023 -0.002 -1 0.024 -0.008 -1 0.15 -0.225 -0.963 0.266 -0.144 -0.953 0.259 -0.13 -0.957 0.257 -0.127 -0.958 0.255 -0.149 -0.956 0.234 -0.209 -0.949 0.201 -0.269 -0.942 0.165 -0.312 -0.936 0.146 -0.329 -0.933 0.166 -0.318 -0.933 0.206 -0.296 -0.933 0.258 -0.273 -0.927 0.159 -0.28 -0.947 -0.081 -0.299 -0.951 -0.088 -0.3 -0.95 -0.05 -0.314 -0.948 0.065 -0.372 -0.926 0.176 -0.428 -0.887 0.206 -0.448 -0.87 0.203 -0.442 -0.874 0.097 -0.248 -0.964 0.044 -0.164 -0.985 0.055 -0.219 -0.974 0.058 -0.263 -0.963 0.06 -0.285 -0.957 0.064 -0.261 -0.963 0.082 -0.208 -0.975 0.114 -0.148 -0.982 0.153 -0.097 -0.984 0.169 -0.082 -0.982 0.165 -0.082 -0.983 0.15 -0.085 -0.985 0.259 -0.212 -0.942 0.102 -0.19 -0.976 0.097 -0.207 -0.974 0.096 -0.211 -0.973 0.114 -0.195 -0.974 0.179 -0.156 -0.971 0.251 -0.126 -0.96 0.311 -0.113 -0.944 0.335 -0.11 -0.936 0.308 -0.106 -0.946 0.256 -0.097 -0.962 0.194 -0.077 -0.978 0.286 -0.15 -0.947 0.49 -0.296 -0.82 0.496 -0.299 -0.815 0.478 -0.263 -0.838 0.432 -0.131 -0.892 0.38 0.006 -0.925 0.368 0.05 -0.928 0.366 0.042 -0.929 0.317 -0.236 -0.918 0.295 -0.351 -0.888 0.328 -0.294 -0.898 0.36 -0.249 -0.899 0.377 -0.225 -0.898 0.358 -0.242 -0.902 0.307 -0.278 -0.91 0.235 -0.309 -0.922 0.163 -0.325 -0.932 0.138 -0.325 -0.935 0.142 -0.328 -0.934 0.156 -0.337 -0.929 -0.09 0.181 -0.979 -0.017 0.102 -0.995 -0.014 0.105 -0.994 -0.016 0.104 -0.994 -0.033 0.1 -0.994 -0.089 0.1 -0.991 -0.139 0.107 -0.984 -0.165 0.116 -0.98 -0.164 0.114 -0.98 -0.138 0.095 -0.986 -0.103 0.067 -0.992 -0.076 0.037 -0.996 -0.112 0.118 -0.987 -0.189 0.276 -0.942 -0.191 0.282 -0.94 -0.191 0.265 -0.945 -0.202 0.196 -0.959 -0.214 0.127 -0.969 -0.22 0.11 -0.969 -0.215 0.115 -0.97 -0.09 0.247 -0.965 -0.031 0.311 -0.95 -0.066 0.292 -0.954 -0.109 0.275 -0.955 -0.139 0.264 -0.954 -0.14 0.263 -0.955 -0.113 0.264 -0.958 -0.064 0.257 -0.964 -0.01 0.241 -0.971 0.005 0.232 -0.973 0.007 0.23 -0.973 0.005 0.234 -0.972 0.273 -0.036 -0.961 0.311 0.06 -0.948 0.312 0.06 -0.948 0.317 0.056 -0.947 0.329 0.044 -0.943 0.353 -0.003 -0.936 0.368 -0.045 -0.929 0.371 -0.062 -0.927 0.371 -0.053 -0.927 0.376 -0.018 -0.927 0.382 0.025 -0.924 0.39 0.055 -0.919 0.347 -0.012 -0.938 0.263 -0.139 -0.955 0.258 -0.145 -0.955 0.264 -0.142 -0.954 0.303 -0.126 -0.945 0.342 -0.111 -0.933 0.349 -0.11 -0.931 0.342 -0.108 -0.933 0.2 -0.068 -0.977 0.122 -0.048 -0.991 0.149 -0.065 -0.987 0.181 -0.093 -0.979 0.206 -0.117 -0.972 0.212 -0.124 -0.969 0.204 -0.108 -0.973 0.19 -0.066 -0.98 0.18 -0.014 -0.984 0.18 0.004 -0.984 0.182 0.01 -0.983 0.183 0.011 -0.983 -0.052 0.247 -0.968 -0.167 0.131 -0.977 -0.158 0.12 -0.98 -0.155 0.119 -0.981 -0.158 0.144 -0.977 -0.15 0.216 -0.965 -0.128 0.289 -0.949 -0.099 0.341 -0.935 -0.083 0.362 -0.928 -0.103 0.346 -0.933 -0.141 0.314 -0.939 -0.192 0.281 -0.94 -0.081 0.31 -0.947 0.17 0.373 -0.912 0.178 0.375 -0.91 0.137 0.383 -0.914 0.003 0.422 -0.907 -0.129 0.456 -0.881 -0.166 0.47 -0.867 -0.161 0.464 -0.871 0.008 0.285 -0.958 0.087 0.204 -0.975 0.062 0.259 -0.964 0.048 0.304 -0.951 0.041 0.328 -0.944 0.041 0.302 -0.952 0.036 0.244 -0.969 0.014 0.171 -0.985 -0.018 0.106 -0.994 -0.035 0.086 -0.996 -0.032 0.085 -0.996 -0.018 0.09 -0.996 -0.07 -0.302 -0.951 0.083 -0.289 -0.954 0.085 -0.271 -0.959 0.085 -0.265 -0.961 0.07 -0.284 -0.956 0.02 -0.324 -0.946 -0.045 -0.357 -0.933 -0.109 -0.374 -0.921 -0.147 -0.378 -0.914 -0.132 -0.381 -0.915 -0.09 -0.387 -0.918 -0.032 -0.401 -0.916 -0.12 -0.345 -0.931 -0.334 -0.21 -0.919 -0.34 -0.207 -0.917 -0.312 -0.248 -0.917 -0.238 -0.382 -0.893 -0.162 -0.508 -0.846 -0.142 -0.548 -0.824 -0.141 -0.543 -0.828 -0.136 -0.316 -0.939 -0.139 -0.215 -0.967 -0.158 -0.27 -0.95 -0.176 -0.305 -0.936 -0.182 -0.318 -0.931 -0.157 -0.291 -0.944 -0.106 -0.251 -0.962 -0.041 -0.217 -0.975 0.02 -0.197 -0.98 0.044 -0.195 -0.98 0.039 -0.192 -0.981 0.022 -0.183 -0.983 0.191 0.182 -0.965 0.061 0.262 -0.963 0.049 0.248 -0.967 0.045 0.243 -0.969 0.068 0.25 -0.966 0.132 0.253 -0.958 0.205 0.241 -0.949 0.267 0.216 -0.939 0.301 0.196 -0.933 0.291 0.207 -0.934 0.263 0.236 -0.936 0.226 0.282 -0.933 0.261 0.184 -0.948 0.35 -0.053 -0.935 0.353 -0.059 -0.934 0.355 -0.007 -0.935 0.377 0.147 -0.914 0.393 0.296 -0.87 0.403 0.342 -0.849 0.399 0.338 -0.852 0.258 0.156 -0.953 0.199 0.072 -0.977 0.246 0.105 -0.963 0.281 0.123 -0.952 0.293 0.13 -0.947 0.255 0.123 -0.959 0.189 0.12 -0.975 0.117 0.131 -0.984 0.056 0.152 -0.987 0.035 0.165 -0.986 0.038 0.159 -0.987 0.046 0.142 -0.989 -0.242 0.134 -0.961 -0.24 0.004 -0.971 -0.234 0.004 -0.972 -0.236 0.005 -0.972 -0.254 0.015 -0.967 -0.297 0.057 -0.953 -0.331 0.104 -0.938 -0.346 0.137 -0.928 -0.349 0.144 -0.926 -0.346 0.114 -0.931 -0.344 0.068 -0.937 -0.347 0.023 -0.938 -0.31 0.117 -0.944 -0.232 0.308 -0.923 -0.229 0.315 -0.921 -0.246 0.298 -0.922 -0.319 0.243 -0.916 -0.39 0.188 -0.902 -0.41 0.176 -0.895 -0.403 0.177 -0.898 -0.206 0.197 -0.959 -0.106 0.208 -0.972 -0.15 0.218 -0.965 -0.191 0.233 -0.954 -0.219 0.244 -0.945 -0.213 0.239 -0.947 -0.187 0.214 -0.959 -0.153 0.167 -0.974 -0.126 0.113 -0.985 -0.122 0.093 -0.988 -0.121 0.09 -0.988 -0.12 0.096 -0.988 0.142 -0.164 -0.976 0.097 -0.037 -0.995 0.085 -0.039 -0.996 0.084 -0.04 -0.996 0.105 -0.048 -0.993 0.154 -0.082 -0.985 0.199 -0.125 -0.972 0.227 -0.167 -0.959 0.238 -0.189 -0.953 0.234 -0.172 -0.957 0.227 -0.135 -0.965 0.223 -0.088 -0.971 0.2 -0.175 -0.964 0.153 -0.372 -0.916 0.151 -0.379 -0.913 0.172 -0.352 -0.92 0.252 -0.272 -0.929 0.332 -0.191 -0.924 0.358 -0.169 -0.918 0.351 -0.17 -0.921 0.154 -0.222 -0.963 0.066 -0.247 -0.967 0.114 -0.249 -0.962 0.151 -0.256 -0.955 0.168 -0.259 -0.951 0.146 -0.249 -0.957 0.104 -0.222 -0.97 0.059 -0.178 -0.982 0.025 -0.13 -0.991 0.016 -0.109 -0.994 0.015 -0.11 -0.994 0.013 -0.122 -0.993 0.03 0.049 -0.998 -0.067 -0 -0.998 -0.064 -0.006 -0.998 -0.064 -0.004 -0.998 -0.061 0.014 -0.998 -0.043 0.06 -0.997 0.006 0.128 -0.992 0.014 0.135 -0.991 -0.004 0.125 -0.992 -0.036 0.11 -0.993 -0.071 0.099 -0.993 0.007 0.098 -0.995 0.173 0.102 -0.98 0.18 0.102 -0.978 0.16 0.111 -0.981 0.092 0.151 -0.984 0.026 0.193 -0.981 0.009 0.207 -0.978 0.012 0.201 -0.98 0.084 0.051 -0.995 0.12 -0.018 -0.993 0.115 0.018 -0.993 0.114 0.053 -0.992 0.114 0.074 -0.991 0.111 0.064 -0.992 0.099 0.031 -0.995 0.073 -0.011 -0.997 0.04 -0.048 -0.998 0.025 -0.059 -0.998 0.024 -0.06 -0.998 0.03 -0.059 -0.998 0.173 0.069 0.982 0.265 0.131 0.955 0.269 0.127 0.955 0.275 0.119 0.954 0.281 0.102 0.954 0.284 0.042 0.958 0.281 -0.004 0.96 0.28 -0.012 0.96 0.29 0.01 0.957 0.314 0.05 0.948 0.343 0.094 0.935 0.363 0.117 0.925 0.284 0.07 0.956 0.145 -0.013 0.989 0.138 -0.016 0.99 0.166 -0.019 0.986 0.195 -0.021 0.981 0.194 -0.021 0.981 0.188 -0.016 0.982 0.063 0.09 0.994 -0.013 0.15 0.989 0.005 0.123 0.992 0.028 0.076 0.997 0.047 0.032 0.998 0.054 0.008 0.999 0.053 0.017 0.998 0.058 0.062 0.996 0.07 0.121 0.99 0.079 0.137 0.987 0.085 0.144 0.986 0.09 0.147 0.985 0.053 0.099 0.994 -0.075 0.058 0.996 -0.073 0.051 0.996 -0.072 0.053 0.996 -0.067 0.074 0.995 -0.037 0.129 0.991 0 0.177 0.984 0.031 0.203 0.979 0.04 0.209 0.977 0.012 0.199 0.98 -0.03 0.185 0.982 -0.075 0.176 0.982 0.025 0.163 0.986 0.231 0.141 0.963 0.239 0.14 0.961 0.217 0.153 0.964 0.142 0.211 0.967 0.067 0.27 0.96 0.049 0.288 0.956 0.052 0.281 0.958 0.122 0.087 0.989 0.158 -0.007 0.987 0.156 0.039 0.987 0.16 0.083 0.984 0.164 0.112 0.98 0.16 0.102 0.982 0.141 0.066 0.988 0.103 0.019 0.994 0.057 -0.023 0.998 0.038 -0.033 0.999 0.036 -0.034 0.999 0.043 -0.035 0.998 -0.048 0.305 0.951 0.047 0.255 0.966 0.05 0.261 0.964 0.05 0.262 0.964 0.035 0.254 0.967 -0.012 0.243 0.97 -0.062 0.239 0.969 -0.099 0.243 0.965 -0.113 0.247 0.963 -0.095 0.237 0.967 -0.066 0.22 0.973 -0.036 0.197 0.98 -0.08 0.265 0.961 -0.178 0.398 0.9 -0.182 0.402 0.898 -0.177 0.378 0.909 -0.171 0.294 0.94 -0.166 0.208 0.964 -0.168 0.182 0.969 -0.165 0.186 0.968 -0.085 0.34 0.937 -0.049 0.41 0.911 -0.076 0.384 0.92 -0.103 0.363 0.926 -0.119 0.351 0.929 -0.106 0.357 0.928 -0.07 0.367 0.928 -0.02 0.37 0.929 0.028 0.364 0.931 0.044 0.358 0.933 0.045 0.358 0.933 0.04 0.364 0.93 0.14 -0.049 0.989 0.138 0.063 0.988 0.143 0.062 0.988 0.159 0.056 0.986 0.204 0.023 0.979 0.238 -0.012 0.971 0.25 -0.029 0.968 0.248 -0.022 0.969 0.238 0.013 0.971 0.228 0.058 0.972 0.224 0.094 0.97 0.204 0.003 0.979 0.167 -0.166 0.972 0.165 -0.173 0.971 0.172 -0.164 0.971 0.212 -0.124 0.969 0.253 -0.085 0.964 0.262 -0.078 0.962 0.255 -0.08 0.964 0.086 -0.113 0.99 -0.005 -0.132 0.991 0.031 -0.136 0.99 0.075 -0.147 0.986 0.11 -0.158 0.981 0.117 -0.16 0.98 0.1 -0.148 0.984 0.067 -0.112 0.991 0.035 -0.067 0.997 0.029 -0.05 0.998 0.028 -0.045 0.999 -0.245 0.01 0.969 -0.283 -0.087 0.955 -0.272 -0.094 0.958 -0.269 -0.096 0.958 -0.276 -0.082 0.958 -0.285 -0.037 0.958 -0.288 0.014 0.958 -0.282 0.059 0.958 -0.276 0.08 0.958 -0.282 0.068 0.957 -0.298 0.04 0.954 -0.323 0.005 0.947 -0.265 0.043 0.963 -0.122 0.151 0.981 -0.117 0.155 0.981 -0.149 0.148 0.978 -0.249 0.142 0.958 -0.347 0.138 0.928 -0.377 0.141 0.915 -0.373 0.138 0.918 -0.228 0.045 0.973 -0.166 0.013 0.986 -0.195 0.045 0.98 -0.213 0.072 0.974 -0.22 0.083 0.972 -0.213 0.062 0.975 -0.203 0.019 0.979 -0.2 -0.032 0.979 -0.204 -0.078 0.976 -0.209 -0.093 0.974 -0.205 -0.09 0.974 -0.196 -0.082 0.977 -0.067 -0.127 0.99 0.035 -0.052 0.998 0.03 -0.041 0.999 0.028 -0.039 0.999 0.025 -0.06 0.998 0.005 -0.109 0.994 -0.026 -0.159 0.987 -0.061 -0.197 0.979 -0.081 -0.214 0.973 -0.071 -0.209 0.975 -0.041 -0.195 0.98 0.001 -0.181 0.983 -0.075 -0.179 0.981 -0.261 -0.183 0.948 -0.268 -0.183 0.946 -0.237 -0.197 0.951 -0.145 -0.253 0.956 -0.054 -0.31 0.949 -0.028 -0.331 0.943 -0.031 -0.325 0.945 -0.11 -0.158 0.981 -0.146 -0.09 0.985 -0.14 -0.134 0.981 -0.139 -0.167 0.976 -0.139 -0.179 0.974 -0.132 -0.152 0.979 -0.114 -0.105 0.988 -0.083 -0.055 0.995 -0.048 -0.015 0.999 -0.031 -0.002 1 -0.034 -0.002 0.999 -0.046 -0.003 0.999 -0.167 -0.084 0.982 -0.232 -0.172 0.957 -0.237 -0.17 0.956 -0.245 -0.164 0.956 -0.256 -0.15 0.955 -0.278 -0.095 0.956 -0.29 -0.051 0.956 -0.291 -0.043 0.956 -0.294 -0.066 0.953 -0.304 -0.112 0.946 -0.316 -0.162 0.935 -0.327 -0.191 0.925 -0.269 -0.121 0.956 -0.166 0.001 0.986 -0.161 0.007 0.987 -0.16 0.007 0.987 -0.188 0 0.982 -0.215 -0.006 0.977 -0.214 -0.006 0.977 -0.207 -0.009 0.978 -0.057 -0.068 0.996 0.033 -0.101 0.994 0.007 -0.082 0.997 -0.029 -0.044 0.999 -0.06 -0.009 0.998 -0.074 0.011 0.997 -0.071 0.003 0.997 -0.061 -0.041 0.997 -0.054 -0.1 0.994 -0.057 -0.117 0.991 -0.061 -0.126 0.99 -0.065 -0.13 0.989 -0.045 -0.073 0.996 0.061 0.005 0.998 0.057 0.01 0.998 0.057 0.008 0.998 0.059 -0.013 0.998 0.049 -0.074 0.996 0.029 -0.13 0.991 0.009 -0.165 0.986 0.002 -0.173 0.985 0.025 -0.155 0.988 0.06 -0.128 0.99 0.099 -0.106 0.989 0.002 -0.125 0.992 -0.198 -0.17 0.965 -0.205 -0.172 0.964 -0.18 -0.177 0.968 -0.092 -0.208 0.974 -0.004 -0.239 0.971 0.019 -0.251 0.968 0.014 -0.245 0.969 -0.113 -0.084 0.99 -0.176 -0.008 0.984 -0.16 -0.05 0.986 -0.15 -0.093 0.984 -0.144 -0.121 0.982 -0.143 -0.111 0.983 -0.138 -0.071 0.988 -0.117 -0.015 0.993 -0.087 0.039 0.995 -0.072 0.054 0.996 -0.071 0.056 0.996 -0.078 0.054 0.996 0.115 -0.236 0.965 0.01 -0.218 0.976 0.009 -0.225 0.974 0.01 -0.226 0.974 0.022 -0.214 0.977 0.062 -0.188 0.98 0.107 -0.169 0.98 0.143 -0.162 0.976 0.157 -0.161 0.974 0.137 -0.157 0.978 0.105 -0.151 0.983 0.069 -0.138 0.988 0.132 -0.188 0.973 0.268 -0.284 0.921 0.272 -0.287 0.919 0.26 -0.266 0.928 0.227 -0.188 0.956 0.195 -0.107 0.975 0.188 -0.082 0.979 0.187 -0.088 0.978 0.161 -0.258 0.953 0.15 -0.336 0.93 0.167 -0.302 0.939 0.185 -0.275 0.944 0.197 -0.258 0.946 0.186 -0.267 0.945 0.156 -0.288 0.945 0.11 -0.306 0.946 0.063 -0.316 0.947 0.046 -0.315 0.948 0.046 -0.316 0.948 0.052 -0.32 0.946 -0.173 0.037 0.984 -0.135 -0.067 0.989 -0.14 -0.068 0.988 -0.158 -0.067 0.985 -0.21 -0.05 0.976 -0.252 -0.029 0.967 -0.269 -0.016 0.963 -0.264 -0.022 0.964 -0.244 -0.053 0.968 -0.221 -0.091 0.971 -0.206 -0.123 0.971 -0.216 -0.032 0.976 -0.234 0.138 0.962 -0.235 0.145 0.961 -0.238 0.134 0.962 -0.263 0.084 0.961 -0.289 0.034 0.957 -0.295 0.025 0.955 -0.289 0.029 0.957 -0.143 0.114 0.983 -0.063 0.16 0.985 -0.098 0.153 0.983 -0.143 0.149 0.978 -0.179 0.148 0.973 -0.186 0.148 0.971 -0.166 0.141 0.976 -0.124 0.119 0.985 -0.08 0.087 0.993 -0.069 0.073 0.995 -0.067 0.068 0.995 -0.067 0.069 0.995 0.207 0.102 0.973 0.212 0.204 0.956 0.2 0.208 0.958 0.196 0.209 0.958 0.207 0.197 0.958 0.23 0.158 0.96 0.248 0.111 0.962 0.256 0.068 0.964 0.257 0.046 0.965 0.26 0.059 0.964 0.266 0.09 0.96 0.278 0.131 0.952 0.236 0.077 0.969 0.135 -0.068 0.989 0.132 -0.073 0.989 0.159 -0.057 0.986 0.252 -0.02 0.968 0.344 0.013 0.939 0.373 0.019 0.928 0.368 0.021 0.93 0.202 0.064 0.977 0.133 0.075 0.988 0.17 0.054 0.984 0.195 0.034 0.98 0.206 0.026 0.978 0.192 0.043 0.98 0.169 0.081 0.982 0.151 0.128 0.98 0.14 0.172 0.975 0.14 0.187 0.972 0.138 0.184 0.973 0.131 0.173 0.976 -0.004 0.175 0.985 -0.075 0.074 0.994 -0.068 0.064 0.996 -0.065 0.063 0.996 -0.069 0.083 0.994 -0.065 0.136 0.989 -0.052 0.192 0.98 -0.031 0.238 0.971 -0.017 0.26 0.965 -0.026 0.252 0.967 -0.049 0.23 0.972 -0.084 0.204 0.975 -0.012 0.226 0.974 0.161 0.286 0.944 0.168 0.289 0.942 0.135 0.293 0.947 0.031 0.317 0.948 -0.072 0.341 0.937 -0.103 0.352 0.93 -0.098 0.347 0.933 0.027 0.217 0.976 0.082 0.165 0.983 0.062 0.204 0.977 0.052 0.234 0.971 0.048 0.245 0.968 0.05 0.219 0.975 0.048 0.169 0.984 0.034 0.113 0.993 0.014 0.064 0.998 0.002 0.047 0.999 0.004 0.048 0.999 0.015 0.052 0.999 -0.168 0.01 0.986 -0.266 -0.056 0.962 -0.271 -0.052 0.961 -0.276 -0.043 0.96 -0.282 -0.025 0.959 -0.284 0.039 0.958 -0.28 0.088 0.956 -0.278 0.096 0.956 -0.29 0.073 0.954 -0.316 0.03 0.948 -0.347 -0.016 0.938 -0.368 -0.041 0.929 -0.284 0.009 0.959 -0.136 0.096 0.986 -0.128 0.1 0.987 -0.127 0.1 0.987 -0.158 0.103 0.982 -0.188 0.106 0.976 -0.187 0.106 0.977 -0.181 0.101 0.978 -0.051 -0.014 0.999 0.028 -0.08 0.996 0.01 -0.051 0.999 -0.013 0.001 1 -0.032 0.048 0.998 -0.039 0.073 0.997 -0.039 0.064 0.997 -0.044 0.016 0.999 -0.059 -0.047 0.997 -0.069 -0.064 0.996 -0.076 -0.071 0.995 -0.081 -0.074 0.994 -0.04 -0.023 0.999 0.096 0.017 0.995 0.095 0.024 0.995 0.094 0.022 0.995 0.088 -0.001 0.996 0.055 -0.058 0.997 0.014 -0.108 0.994 -0.02 -0.136 0.991 -0.029 -0.142 0.989 0.001 -0.132 0.991 0.046 -0.118 0.992 0.094 -0.109 0.99 -0.012 -0.093 0.996 -0.23 -0.066 0.971 -0.239 -0.065 0.969 -0.215 -0.079 0.973 -0.137 -0.143 0.98 -0.06 -0.207 0.976 -0.041 -0.227 0.973 -0.044 -0.219 0.975 -0.114 -0.009 0.993 -0.15 0.091 0.985 -0.149 0.042 0.988 -0.154 -0.005 0.988 -0.158 -0.036 0.987 -0.154 -0.026 0.988 -0.133 0.013 0.991 -0.092 0.063 0.994 -0.042 0.106 0.993 -0.021 0.116 0.993 -0.019 0.118 0.993 -0.026 0.118 0.993 0.061 -0.247 0.967 -0.037 -0.191 0.981 -0.042 -0.198 0.979 -0.041 -0.199 0.979 -0.025 -0.191 0.981 0.025 -0.18 0.983 0.078 -0.177 0.981 0.117 -0.183 0.976 0.132 -0.187 0.974 0.113 -0.176 0.978 0.083 -0.157 0.984 0.052 -0.131 0.99 0.097 -0.205 0.974 0.196 -0.351 0.916 0.199 -0.355 0.913 0.195 -0.33 0.924 0.192 -0.239 0.952 0.19 -0.146 0.971 0.192 -0.119 0.974 0.189 -0.124 0.974 0.099 -0.286 0.953 0.059 -0.36 0.931 0.088 -0.333 0.939 0.117 -0.312 0.943 0.135 -0.299 0.945 0.121 -0.305 0.945 0.083 -0.314 0.946 0.03 -0.316 0.948 -0.021 -0.309 0.951 -0.038 -0.302 0.953 -0.038 -0.303 0.952 -0.034 -0.309 0.951 -0.129 0.135 0.982 -0.13 0.016 0.991 -0.129 0.016 0.991 -0.135 0.017 0.991 -0.152 0.024 0.988 -0.199 0.06 0.978 -0.234 0.096 0.968 -0.246 0.115 0.962 -0.244 0.107 0.964 -0.235 0.07 0.97 -0.225 0.023 0.974 -0.222 -0.016 0.975 -0.199 0.08 0.977 -0.155 0.257 0.954 -0.153 0.265 0.952 -0.16 0.255 0.953 -0.204 0.214 0.955 -0.248 0.172 0.953 -0.257 0.166 0.952 -0.25 0.167 0.954 -0.071 0.201 0.977 0.026 0.22 0.975 -0.012 0.225 0.974 -0.058 0.237 0.97 -0.095 0.248 0.964 -0.103 0.25 0.963 -0.084 0.237 0.968 -0.05 0.2 0.978 -0.017 0.152 0.988 -0.011 0.134 0.991 -0.01 0.128 0.992 -0.01 0.129 0.992 0.278 0.061 0.959 0.319 0.161 0.934 0.308 0.169 0.936 0.304 0.172 0.937 0.311 0.156 0.938 0.32 0.108 0.941 0.322 0.055 0.945 0.314 0.008 0.949 0.308 -0.015 0.951 0.315 -0.002 0.949 0.332 0.027 0.943 0.358 0.063 0.932 0.298 0.025 0.954 0.144 -0.084 0.986 0.139 -0.088 0.986 0.173 -0.082 0.982 0.279 -0.079 0.957 0.381 -0.08 0.921 0.411 -0.085 0.908 0.407 -0.081 0.91 0.259 0.025 0.966 0.195 0.061 0.979 0.224 0.026 0.974 0.242 -0.003 0.97 0.25 -0.015 0.968 0.242 0.007 0.97 0.233 0.054 0.971 0.231 0.108 0.967 0.236 0.156 0.959 0.241 0.171 0.955 0.238 0.169 0.957 0.227 0.16 0.961 0.092 0.212 0.973 -0.017 0.137 0.99 -0.013 0.125 0.992 -0.011 0.123 0.992 -0.007 0.144 0.99 0.016 0.196 0.981 0.049 0.247 0.968 0.087 0.285 0.955 0.109 0.302 0.947 0.097 0.297 0.95 0.066 0.284 0.957 0.021 0.27 0.963 0.102 0.266 0.959 0.296 0.262 0.919 0.304 0.262 0.916 0.272 0.277 0.921 0.177 0.339 0.924 0.081 0.4 0.913 0.054 0.422 0.905 0.057 0.416 0.908 0.138 0.243 0.96 0.175 0.171 0.97 0.169 0.217 0.961 0.169 0.251 0.953 0.169 0.263 0.95 0.162 0.236 0.958 0.142 0.187 0.972 0.108 0.136 0.985 0.07 0.095 0.993 0.052 0.082 0.995 0.054 0.081 0.995 0.067 0.082 0.994 0.235 0.098 0.967 0.299 0.193 0.935 0.304 0.191 0.933 0.312 0.185 0.932 0.324 0.17 0.931 0.35 0.113 0.93 0.364 0.067 0.929 0.365 0.058 0.929 0.367 0.084 0.926 0.375 0.132 0.918 0.385 0.185 0.904 0.395 0.215 0.893 0.339 0.14 0.93 0.238 0.008 0.971 0.232 0.001 0.973 0.231 0.001 0.973 0.26 0.009 0.966 0.288 0.017 0.957 0.287 0.017 0.958 0.28 0.02 0.96 0.121 0.077 0.99 0.024 0.109 0.994 0.052 0.09 0.995 0.092 0.051 0.994 0.126 0.014 0.992 0.141 -0.006 0.99 0.138 0.002 0.99 0.126 0.048 0.991 0.116 0.111 0.987 0.118 0.129 0.984 0.122 0.139 0.983 0.126 0.144 0.982 0.107 0.082 0.991 -0.002 -0.005 1 0.002 -0.01 1 0.002 -0.008 1 -0 0.015 1 0.008 0.079 0.997 0.027 0.14 0.99 0.047 0.177 0.983 0.053 0.187 0.981 0.03 0.167 0.986 -0.006 0.137 0.991 -0.047 0.112 0.993 0.056 0.136 0.989 0.263 0.19 0.946 0.271 0.192 0.943 0.245 0.196 0.95 0.151 0.226 0.962 0.056 0.257 0.965 0.032 0.268 0.963 0.037 0.262 0.964 0.179 0.096 0.979 0.248 0.018 0.969 0.23 0.062 0.971 0.217 0.107 0.97 0.21 0.137 0.968 0.209 0.126 0.97 0.205 0.083 0.975 0.186 0.023 0.982 0.156 -0.035 0.987 0.141 -0.052 0.989 0.14 -0.054 0.989 0.147 -0.052 0.988 -0.069 0.249 0.966 0.042 0.234 0.971 0.043 0.242 0.969 0.042 0.242 0.969 0.031 0.229 0.973 -0.011 0.201 0.98 -0.058 0.179 0.982 -0.096 0.17 0.981 -0.111 0.168 0.98 -0.09 0.165 0.982 -0.055 0.159 0.986 -0.017 0.147 0.989 -0.086 0.197 0.977 -0.234 0.292 0.927 -0.239 0.295 0.925 -0.225 0.274 0.935 -0.187 0.193 0.963 -0.149 0.11 0.983 -0.141 0.083 0.986 -0.14 0.089 0.986 -0.119 0.27 0.956 -0.112 0.351 0.929 -0.128 0.316 0.94 -0.146 0.286 0.947 -0.158 0.269 0.95 -0.147 0.279 0.949 -0.115 0.301 0.946 -0.068 0.323 0.944 -0.019 0.334 0.942 -0.001 0.334 0.943 -0 0.335 0.942 -0.007 0.339 0.941 0.245 -0.03 0.969 0.203 0.079 0.976 0.208 0.08 0.975 0.226 0.08 0.971 0.281 0.064 0.958 0.325 0.043 0.945 0.343 0.03 0.939 0.338 0.036 0.94 0.317 0.067 0.946 0.291 0.107 0.951 0.274 0.141 0.951 0.288 0.045 0.956 0.312 -0.134 0.941 0.313 -0.142 0.939 0.316 -0.131 0.94 0.341 -0.076 0.937 0.365 -0.023 0.931 0.371 -0.013 0.928 0.366 -0.017 0.931 0.216 -0.113 0.97 0.135 -0.165 0.977 0.171 -0.155 0.973 0.217 -0.15 0.965 0.255 -0.147 0.956 0.262 -0.147 0.954 0.241 -0.141 0.96 0.197 -0.119 0.973 0.15 -0.086 0.985 0.138 -0.072 0.988 0.136 -0.067 0.988 -0.154 -0.113 0.982 -0.157 -0.22 0.963 -0.144 -0.223 0.964 -0.139 -0.224 0.965 -0.151 -0.213 0.965 -0.177 -0.172 0.969 -0.198 -0.123 0.972 -0.208 -0.078 0.975 -0.21 -0.054 0.976 -0.212 -0.069 0.975 -0.217 -0.102 0.971 -0.229 -0.145 0.963 -0.186 -0.087 0.979 -0.083 0.07 0.994 -0.08 0.076 0.994 -0.109 0.058 0.992 -0.206 0.015 0.978 -0.303 -0.023 0.953 -0.334 -0.03 0.942 -0.328 -0.032 0.944 -0.15 -0.072 0.986 -0.076 -0.081 0.994 -0.117 -0.06 0.991 -0.144 -0.04 0.989 -0.156 -0.032 0.987 -0.141 -0.05 0.989 -0.115 -0.089 0.989 -0.093 -0.138 0.986 -0.081 -0.184 0.98 -0.08 -0.2 0.977 -0.078 -0.196 0.977 -0.071 -0.185 0.98 0.072 -0.182 0.981 0.145 -0.072 0.987 0.136 -0.063 0.989 0.134 -0.062 0.989 0.138 -0.083 0.987 0.136 -0.139 0.981 0.123 -0.198 0.972 0.102 -0.247 0.964 0.087 -0.271 0.958 0.096 -0.263 0.96 0.12 -0.239 0.964 0.157 -0.21 0.965 0.081 -0.236 0.968 -0.101 -0.305 0.947 -0.107 -0.308 0.945 -0.073 -0.31 0.948 0.038 -0.332 0.943 0.146 -0.353 0.924 0.178 -0.364 0.914 0.173 -0.359 0.917 0.04 -0.227 0.973 -0.019 -0.175 0.984 0.002 -0.215 0.977 0.014 -0.247 0.969 0.019 -0.258 0.966 0.016 -0.23 0.973 0.017 -0.178 0.984 0.03 -0.118 0.993 0.05 -0.066 0.997 0.062 -0.047 0.997 0.06 -0.048 0.997 0.048 -0.053 0.997 -0.128 -0.083 -0.988 -0.128 -0.066 -0.99 -0.098 -0.082 -0.992 -0.122 -0.071 -0.99 -0.108 -0.077 -0.991 -0.092 -0.077 -0.993 -0.078 -0.07 -0.995 -0.068 -0.061 -0.996 -0.066 -0.058 -0.996 -0.065 -0.081 -0.995 -0.064 -0.105 -0.992 -0.067 -0.102 -0.993 -0.077 -0.093 -0.993 -0.092 -0.088 -0.992 -0.108 -0.088 -0.99 -0.121 -0.094 -0.988 -0.126 -0.1 -0.987 -0.118 -0.083 -0.99 -0.118 -0.1 -0.988 -0.147 -0.084 -0.986 -0.124 -0.095 -0.988 -0.137 -0.089 -0.987 -0.153 -0.089 -0.984 -0.168 -0.096 -0.981 -0.177 -0.105 -0.979 -0.179 -0.108 -0.978 -0.18 -0.084 -0.98 -0.181 -0.061 -0.982 -0.178 -0.064 -0.982 -0.168 -0.072 -0.983 -0.154 -0.078 -0.985 -0.138 -0.078 -0.987 -0.124 -0.071 -0.99 -0.119 -0.066 -0.991 0.12 0.083 -0.989 0.125 0.067 -0.99 0.092 0.072 -0.993 0.118 0.07 -0.991 0.104 0.071 -0.992 0.088 0.065 -0.994 0.077 0.054 -0.996 0.071 0.043 -0.997 0.07 0.039 -0.997 0.062 0.061 -0.996 0.054 0.083 -0.995 0.057 0.081 -0.995 0.069 0.076 -0.995 0.085 0.075 -0.994 0.1 0.081 -0.992 0.11 0.091 -0.99 0.113 0.098 -0.989 0.111 0.079 -0.991 0.105 0.095 -0.99 0.138 0.089 -0.986 0.112 0.092 -0.989 0.127 0.091 -0.988 0.142 0.097 -0.985 0.153 0.107 -0.982 0.158 0.119 -0.98 0.16 0.122 -0.98 0.168 0.1 -0.981 0.176 0.078 -0.981 0.173 0.08 -0.982 0.161 0.086 -0.983 0.145 0.086 -0.986 0.13 0.081 -0.988 0.12 0.071 -0.99 0.117 0.064 -0.991 -0.041 0.038 -0.998 -0.057 0.038 -0.998 -0.042 0.067 -0.997 -0.052 0.044 -0.998 -0.047 0.057 -0.997 -0.048 0.073 -0.996 -0.055 0.087 -0.995 -0.064 0.095 -0.993 -0.067 0.098 -0.993 -0.044 0.099 -0.994 -0.021 0.1 -0.995 -0.024 0.098 -0.995 -0.032 0.088 -0.996 -0.037 0.074 -0.997 -0.037 0.058 -0.998 -0.03 0.045 -0.999 -0.024 0.04 -0.999 -0.037 -0.028 -0.999 -0.02 -0.028 -0.999 -0.035 -0.057 -0.998 -0.025 -0.034 -0.999 -0.03 -0.047 -0.998 -0.029 -0.063 -0.998 -0.023 -0.076 -0.997 -0.013 -0.085 -0.996 -0.01 -0.087 -0.996 -0.033 -0.089 -0.995 -0.056 -0.09 -0.994 -0.053 -0.088 -0.995 -0.045 -0.078 -0.996 -0.04 -0.063 -0.997 -0.041 -0.047 -0.998 -0.048 -0.035 -0.998 -0.053 -0.03 -0.998 0.003 -0.081 -0.997 0.021 -0.079 -0.997 0.008 -0.111 -0.994 0.016 -0.085 -0.996 0.012 -0.1 -0.995 0.014 -0.117 -0.993 0.023 -0.13 -0.991 0.033 -0.139 -0.99 0.037 -0.141 -0.989 0.013 -0.144 -0.989 -0.011 -0.148 -0.989 -0.009 -0.145 -0.989 -0.001 -0.134 -0.991 0.003 -0.118 -0.993 0.001 -0.102 -0.995 -0.008 -0.089 -0.996 -0.014 -0.084 -0.996 -0.003 -0.039 -0.999 -0.02 -0.041 -0.999 -0.007 -0.009 -1 -0.016 -0.035 -0.999 -0.011 -0.02 -1 -0.014 -0.003 -1 -0.022 0.011 -1 -0.033 0.019 -0.999 -0.036 0.021 -0.999 -0.012 0.025 -1 0.012 0.028 -1 0.009 0.025 -1 0.001 0.014 -1 -0.003 -0.002 -1 -0 -0.019 -1 0.008 -0.031 -0.999 0.014 -0.036 -0.999 0.119 0.006 -0.993 0.119 -0.013 -0.993 0.088 0.005 -0.996 0.113 -0.007 -0.994 0.099 -0.001 -0.995 0.081 -0.001 -0.997 0.066 -0.008 -0.998 0.056 -0.017 -0.998 0.053 -0.021 -0.998 0.053 0.005 -0.999 0.053 0.03 -0.998 0.055 0.027 -0.998 0.066 0.017 -0.998 0.081 0.011 -0.997 0.099 0.011 -0.995 0.113 0.018 -0.993 0.118 0.024 -0.993 0.109 0.005 -0.994 0.109 0.023 -0.994 0.14 0.006 -0.99 0.115 0.018 -0.993 0.13 0.011 -0.992 0.147 0.012 -0.989 0.162 0.019 -0.987 0.172 0.028 -0.985 0.175 0.031 -0.984 0.175 0.006 -0.985 0.175 -0.019 -0.984 0.173 -0.016 -0.985 0.162 -0.006 -0.987 0.147 -0 -0.989 0.13 -0 -0.992 0.116 -0.007 -0.993 0.11 -0.013 -0.994 0.022 0.041 -0.999 0.039 0.045 -0.998 0.03 0.012 -0.999 0.035 0.038 -0.999 0.033 0.024 -0.999 0.037 0.008 -0.999 0.047 -0.005 -0.999 0.058 -0.012 -0.998 0.062 -0.014 -0.998 0.039 -0.02 -0.999 0.016 -0.027 -1 0.018 -0.023 -1 0.024 -0.011 -1 0.026 0.005 -1 0.022 0.021 -1 0.012 0.032 -0.999 0.005 0.036 -0.999 0.003 0.109 -0.994 -0.013 0.105 -0.994 -0.005 0.138 -0.99 -0.01 0.112 -0.994 -0.007 0.127 -0.992 -0.012 0.143 -0.99 -0.022 0.155 -0.988 -0.033 0.162 -0.986 -0.037 0.164 -0.986 -0.014 0.17 -0.985 0.01 0.176 -0.984 0.007 0.173 -0.985 0.001 0.161 -0.987 -0.001 0.146 -0.989 0.003 0.13 -0.992 0.013 0.118 -0.993 0.02 0.114 -0.993 0.05 0.014 -0.999 0.052 -0.004 -0.999 0.02 0.008 -1 0.045 0.001 -0.999 0.031 0.005 -1 0.014 0.002 -1 0.001 -0.007 -1 -0.007 -0.017 -1 -0.009 -0.021 -1 -0.013 0.003 -1 -0.017 0.027 -0.999 -0.014 0.024 -1 -0.003 0.017 -1 0.012 0.013 -1 0.029 0.016 -0.999 0.041 0.024 -0.999 0.046 0.031 -0.998 0.09 0.021 -0.996 0.088 0.038 -0.995 0.12 0.026 -0.992 0.094 0.033 -0.995 0.109 0.029 -0.994 0.125 0.032 -0.992 0.139 0.041 -0.989 0.147 0.052 -0.988 0.149 0.055 -0.987 0.153 0.031 -0.988 0.157 0.007 -0.988 0.154 0.01 -0.988 0.143 0.017 -0.99 0.127 0.021 -0.992 0.111 0.018 -0.994 0.098 0.01 -0.995 0.094 0.004 -0.996 -0.186 -0.095 -0.978 -0.192 -0.078 -0.978 -0.157 -0.083 -0.984 -0.185 -0.081 -0.979 -0.169 -0.082 -0.982 -0.154 -0.075 -0.985 -0.142 -0.064 -0.988 -0.137 -0.051 -0.989 -0.135 -0.047 -0.99 -0.126 -0.07 -0.99 -0.116 -0.093 -0.989 -0.12 -0.091 -0.989 -0.133 -0.086 -0.987 -0.149 -0.086 -0.985 -0.165 -0.092 -0.982 -0.175 -0.104 -0.979 -0.178 -0.111 -0.978 -0.176 -0.091 -0.98 -0.17 -0.108 -0.98 -0.205 -0.103 -0.973 -0.178 -0.105 -0.979 -0.193 -0.104 -0.976 -0.208 -0.11 -0.972 -0.219 -0.122 -0.968 -0.225 -0.134 -0.965 -0.226 -0.138 -0.964 -0.235 -0.115 -0.965 -0.245 -0.092 -0.965 -0.241 -0.094 -0.966 -0.229 -0.099 -0.968 -0.213 -0.1 -0.972 -0.197 -0.093 -0.976 -0.187 -0.082 -0.979 -0.184 -0.075 -0.98 0.061 -0.214 0.975 0.148 -0.195 0.97 0.146 -0.191 0.971 0.146 -0.192 0.97 0.142 -0.205 0.968 0.12 -0.242 0.963 0.094 -0.273 0.958 0.073 -0.288 0.955 0.07 -0.291 0.954 0.093 -0.283 0.955 0.125 -0.274 0.954 0.157 -0.268 0.95 0.085 -0.257 0.963 -0.064 -0.234 0.97 -0.069 -0.234 0.97 -0.054 -0.243 0.968 -0.003 -0.286 0.958 0.047 -0.328 0.944 0.059 -0.341 0.938 0.057 -0.336 0.94 0.013 -0.197 0.98 -0.011 -0.128 0.992 -0.011 -0.161 0.987 -0.015 -0.193 0.981 -0.019 -0.216 0.976 -0.017 -0.213 0.977 -0.004 -0.191 0.982 0.023 -0.161 0.987 0.056 -0.134 0.989 0.068 -0.128 0.989 0.069 -0.127 0.989 0.065 -0.127 0.99 0.369 -0.149 0.918 0.225 -0.13 0.966 0.221 -0.144 0.964 0.222 -0.147 0.964 0.239 -0.13 0.962 0.294 -0.095 0.951 0.359 -0.069 0.931 0.413 -0.058 0.909 0.44 -0.057 0.896 0.42 -0.052 0.906 0.381 -0.042 0.924 0.332 -0.021 0.943 0.409 -0.093 0.908 0.573 -0.238 0.784 0.578 -0.241 0.78 0.563 -0.205 0.8 0.525 -0.078 0.847 0.48 0.051 0.876 0.468 0.093 0.879 0.467 0.086 0.88 0.432 -0.161 0.888 0.412 -0.269 0.87 0.439 -0.219 0.872 0.463 -0.182 0.868 0.475 -0.163 0.865 0.454 -0.183 0.872 0.407 -0.216 0.888 0.342 -0.242 0.908 0.279 -0.254 0.926 0.255 -0.252 0.933 0.257 -0.255 0.932 0.268 -0.263 0.927 -0.047 -0.166 0.985 -0.018 -0.296 0.955 -0.011 -0.294 0.956 -0.013 -0.293 0.956 -0.033 -0.287 0.957 -0.088 -0.254 0.963 -0.135 -0.213 0.968 -0.159 -0.181 0.971 -0.164 -0.173 0.971 -0.154 -0.204 0.967 -0.142 -0.25 0.958 -0.136 -0.296 0.945 -0.115 -0.195 0.974 -0.078 0.021 0.997 -0.077 0.029 0.997 -0.091 0.006 0.996 -0.157 -0.067 0.985 -0.222 -0.138 0.965 -0.243 -0.155 0.958 -0.236 -0.153 0.96 -0.026 -0.096 0.995 0.076 -0.062 0.995 0.028 -0.062 0.998 -0.019 -0.056 0.998 -0.052 -0.05 0.997 -0.044 -0.054 0.998 -0.009 -0.074 0.997 0.037 -0.115 0.993 0.077 -0.165 0.983 0.086 -0.184 0.979 0.087 -0.186 0.979 0.088 -0.179 0.98 0.151 -0.022 0.988 0.198 0.084 0.977 0.192 0.086 0.978 0.192 0.085 0.978 0.202 0.07 0.977 0.22 0.019 0.975 0.229 -0.034 0.973 0.228 -0.071 0.971 0.226 -0.082 0.971 0.236 -0.059 0.97 0.252 -0.023 0.968 0.273 0.012 0.962 0.206 -0.044 0.978 0.065 -0.168 0.984 0.061 -0.172 0.983 0.084 -0.165 0.983 0.171 -0.15 0.974 0.256 -0.136 0.957 0.28 -0.136 0.95 0.275 -0.133 0.952 0.106 -0.061 0.992 0.024 -0.03 0.999 0.055 -0.056 0.997 0.082 -0.084 0.993 0.098 -0.103 0.99 0.093 -0.094 0.991 0.081 -0.059 0.995 0.072 -0.006 0.997 0.073 0.048 0.996 0.077 0.066 0.995 0.077 0.067 0.995 0.072 0.062 0.995 0.03 0.128 0.991 -0.069 0.06 0.996 -0.064 0.049 0.997 -0.062 0.046 0.997 -0.06 0.065 0.996 -0.043 0.116 0.992 -0.016 0.166 0.986 0.014 0.203 0.979 0.031 0.218 0.975 0.016 0.21 0.978 -0.016 0.193 0.981 -0.059 0.177 0.983 0.025 0.178 0.984 0.221 0.19 0.957 0.228 0.19 0.955 0.196 0.203 0.959 0.099 0.255 0.962 0.003 0.307 0.952 -0.025 0.327 0.945 -0.022 0.321 0.947 0.075 0.151 0.986 0.119 0.08 0.99 0.11 0.125 0.986 0.106 0.161 0.981 0.105 0.178 0.978 0.101 0.156 0.983 0.087 0.111 0.99 0.06 0.06 0.996 0.027 0.019 0.999 0.012 0.007 1 0.015 0.006 1 0.027 0.008 1 0.039 -0.326 0.945 0.152 -0.358 0.921 0.152 -0.36 0.92 0.149 -0.367 0.918 0.138 -0.382 0.914 0.09 -0.42 0.903 0.046 -0.445 0.894 0.032 -0.45 0.892 0.05 -0.448 0.893 0.097 -0.445 0.89 0.151 -0.444 0.883 0.188 -0.446 0.875 0.095 -0.409 0.908 -0.072 -0.334 0.94 -0.079 -0.331 0.94 -0.075 -0.336 0.939 -0.05 -0.375 0.926 -0.026 -0.414 0.91 -0.024 -0.419 0.908 -0.024 -0.412 0.911 -0.012 -0.237 0.971 -0.007 -0.134 0.991 -0.021 -0.169 0.985 -0.046 -0.215 0.975 -0.071 -0.254 0.965 -0.081 -0.268 0.96 -0.07 -0.259 0.963 -0.026 -0.236 0.972 0.032 -0.212 0.977 0.051 -0.21 0.976 0.059 -0.211 0.976 0.061 -0.212 0.975 -0.024 -0.021 0.999 -0.113 0.08 0.99 -0.123 0.073 0.99 -0.124 0.071 0.99 -0.102 0.072 0.992 -0.045 0.058 0.997 0.013 0.034 0.999 0.056 0.005 0.998 0.076 -0.013 0.997 0.066 0.001 0.998 0.046 0.033 0.998 0.025 0.075 0.997 0.035 -0.013 0.999 0.069 -0.216 0.974 0.071 -0.223 0.972 0.08 -0.189 0.979 0.124 -0.083 0.989 0.169 0.022 0.985 0.187 0.052 0.981 0.181 0.049 0.982 0.011 -0.069 0.998 -0.059 -0.123 0.991 -0.014 -0.108 0.994 0.023 -0.101 0.995 0.04 -0.098 0.994 0.014 -0.096 0.995 -0.038 -0.085 0.996 -0.096 -0.061 0.994 -0.144 -0.029 0.989 -0.16 -0.013 0.987 -0.16 -0.015 0.987 -0.158 -0.027 0.987 0.007 -0.111 0.994 -0.055 -0.181 0.982 -0.052 -0.183 0.982 -0.052 -0.181 0.982 -0.057 -0.167 0.984 -0.059 -0.124 0.991 -0.055 -0.082 0.995 -0.047 -0.056 0.997 -0.045 -0.051 0.998 -0.057 -0.067 0.996 -0.077 -0.092 0.993 -0.1 -0.113 0.989 -0.037 -0.084 0.996 0.091 -0.02 0.996 0.096 -0.017 0.995 0.08 -0.018 0.997 0.018 -0.012 1 -0.044 -0.004 0.999 -0.06 0.001 0.998 -0.055 -0.003 0.998 0.055 -0.095 0.994 0.11 -0.136 0.985 0.093 -0.111 0.99 0.079 -0.083 0.993 0.07 -0.063 0.996 0.071 -0.069 0.995 0.073 -0.096 0.993 0.068 -0.138 0.988 0.056 -0.179 0.982 0.048 -0.193 0.98 0.047 -0.194 0.98 0.05 -0.192 0.98 -0.128 -0.033 0.991 -0.014 -0.075 0.997 -0.01 -0.067 0.998 -0.01 -0.065 0.998 -0.027 -0.076 0.997 -0.079 -0.091 0.993 -0.135 -0.098 0.986 -0.18 -0.094 0.979 -0.2 -0.09 0.976 -0.184 -0.098 0.978 -0.153 -0.114 0.982 -0.117 -0.137 0.984 -0.167 -0.071 0.983 -0.283 0.074 0.956 -0.287 0.079 0.955 -0.28 0.05 0.959 -0.268 -0.048 0.962 -0.257 -0.147 0.955 -0.257 -0.177 0.95 -0.254 -0.171 0.952 -0.175 -0.004 0.985 -0.142 0.072 0.987 -0.171 0.041 0.984 -0.198 0.018 0.98 -0.211 0.007 0.977 -0.193 0.016 0.981 -0.15 0.029 0.988 -0.094 0.036 0.995 -0.04 0.032 0.999 -0.021 0.027 0.999 -0.021 0.028 0.999 -0.027 0.035 0.999 -0.18 -0.007 0.984 -0.186 -0.095 0.978 -0.181 -0.095 0.979 -0.182 -0.094 0.979 -0.194 -0.087 0.977 -0.223 -0.056 0.973 -0.246 -0.023 0.969 -0.255 0.001 0.967 -0.257 0.004 0.966 -0.256 -0.019 0.967 -0.255 -0.052 0.965 -0.259 -0.085 0.962 -0.228 -0.019 0.973 -0.167 0.118 0.979 -0.165 0.122 0.979 -0.178 0.11 0.978 -0.232 0.073 0.97 -0.287 0.037 0.957 -0.302 0.029 0.953 -0.298 0.029 0.954 -0.151 0.034 0.988 -0.078 0.038 0.996 -0.11 0.047 0.993 -0.14 0.059 0.988 -0.161 0.069 0.985 -0.158 0.067 0.985 -0.141 0.049 0.989 -0.119 0.015 0.993 -0.102 -0.024 0.995 -0.099 -0.038 0.994 -0.099 -0.039 0.994 -0.097 -0.034 0.995 -0.203 -0.318 0.926 -0.145 -0.186 0.972 -0.157 -0.179 0.971 -0.16 -0.178 0.971 -0.148 -0.199 0.969 -0.13 -0.262 0.956 -0.123 -0.33 0.936 -0.129 -0.385 0.914 -0.135 -0.411 0.901 -0.125 -0.394 0.911 -0.103 -0.359 0.928 -0.07 -0.317 0.946 -0.16 -0.372 0.914 -0.349 -0.49 0.799 -0.354 -0.494 0.794 -0.314 -0.49 0.813 -0.181 -0.487 0.855 -0.044 -0.478 0.877 -0 -0.479 0.878 -0.007 -0.475 0.88 -0.232 -0.375 0.897 -0.331 -0.328 0.885 -0.29 -0.367 0.884 -0.262 -0.4 0.879 -0.247 -0.416 0.875 -0.26 -0.391 0.883 -0.278 -0.337 0.899 -0.285 -0.268 0.92 -0.279 -0.205 0.938 -0.271 -0.183 0.945 -0.273 -0.184 0.944 -0.284 -0.191 0.939 -0.106 0.083 0.991 -0.238 0.09 0.967 -0.239 0.083 0.968 -0.237 0.084 0.968 -0.226 0.103 0.969 -0.179 0.146 0.973 -0.127 0.179 0.976 -0.09 0.194 0.977 -0.082 0.197 0.977 -0.114 0.196 0.974 -0.161 0.196 0.967 -0.207 0.203 0.957 -0.115 0.156 0.981 0.082 0.062 0.995 0.089 0.059 0.994 0.071 0.079 0.994 0.018 0.161 0.987 -0.033 0.243 0.969 -0.043 0.267 0.963 -0.044 0.26 0.965 -0.044 0.044 0.998 -0.039 -0.062 0.997 -0.026 -0.016 1 -0.007 0.027 1 0.008 0.056 0.998 0.002 0.05 0.999 -0.027 0.022 0.999 -0.079 -0.011 0.997 -0.137 -0.036 0.99 -0.158 -0.039 0.987 -0.16 -0.04 0.986 -0.154 -0.043 0.987 -0.021 -0.145 0.989 0.067 -0.218 0.974 0.072 -0.213 0.975 0.07 -0.212 0.975 0.053 -0.218 0.974 -0.001 -0.222 0.975 -0.054 -0.216 0.975 -0.089 -0.205 0.975 -0.099 -0.2 0.975 -0.079 -0.216 0.973 -0.049 -0.24 0.969 -0.021 -0.27 0.963 -0.057 -0.191 0.98 -0.137 -0.024 0.99 -0.14 -0.018 0.99 -0.139 -0.043 0.989 -0.149 -0.129 0.98 -0.159 -0.215 0.964 -0.165 -0.238 0.957 -0.161 -0.233 0.959 -0.046 -0.092 0.995 0.007 -0.021 1 -0.027 -0.044 0.999 -0.061 -0.062 0.996 -0.084 -0.072 0.994 -0.073 -0.07 0.995 -0.037 -0.068 0.997 0.016 -0.074 0.997 0.067 -0.089 0.994 0.083 -0.098 0.992 0.084 -0.098 0.992 0.081 -0.092 0.992 0.155 -0.069 0.985 0.116 0.044 0.992 0.105 0.042 0.994 0.102 0.041 0.994 0.12 0.034 0.992 0.163 0.004 0.987 0.204 -0.035 0.978 0.23 -0.074 0.97 0.24 -0.094 0.966 0.236 -0.078 0.969 0.229 -0.043 0.973 0.225 0.003 0.974 0.204 -0.078 0.976 0.161 -0.268 0.95 0.16 -0.275 0.948 0.181 -0.248 0.952 0.256 -0.169 0.952 0.332 -0.091 0.939 0.357 -0.07 0.931 0.351 -0.071 0.934 0.165 -0.118 0.979 0.085 -0.142 0.986 0.131 -0.144 0.981 0.166 -0.151 0.975 0.182 -0.154 0.971 0.162 -0.145 0.976 0.123 -0.119 0.985 0.083 -0.079 0.993 0.052 -0.037 0.998 0.044 -0.019 0.999 0.043 -0.022 0.999 0.041 -0.034 0.999 -0.283 0.044 0.958 -0.344 -0.056 0.937 -0.347 -0.055 0.936 -0.353 -0.05 0.934 -0.364 -0.036 0.931 -0.388 0.021 0.921 -0.401 0.069 0.914 -0.402 0.084 0.912 -0.405 0.066 0.912 -0.415 0.02 0.91 -0.428 -0.031 0.903 -0.441 -0.066 0.895 -0.378 0.013 0.926 -0.261 0.152 0.953 -0.256 0.158 0.954 -0.262 0.155 0.953 -0.306 0.142 0.941 -0.351 0.13 0.928 -0.357 0.129 0.925 -0.35 0.127 0.928 -0.183 0.069 0.981 -0.085 0.037 0.996 -0.115 0.059 0.992 -0.153 0.095 0.984 -0.184 0.129 0.974 -0.195 0.143 0.97 -0.189 0.13 0.973 -0.178 0.081 0.981 -0.171 0.02 0.985 -0.174 0.001 0.985 -0.177 -0.006 0.984 -0.179 -0.008 0.984 0.028 0.022 0.999 0.147 0.08 0.986 0.144 0.091 0.985 0.142 0.093 0.985 0.136 0.072 0.988 0.109 0.021 0.994 0.07 -0.028 0.997 0.03 -0.061 0.998 0.009 -0.075 0.997 0.025 -0.07 0.997 0.06 -0.059 0.996 0.106 -0.05 0.993 0.019 -0.036 0.999 -0.184 -0.015 0.983 -0.191 -0.015 0.981 -0.161 -0.032 0.986 -0.071 -0.102 0.992 0.017 -0.174 0.985 0.04 -0.199 0.979 0.039 -0.192 0.981 -0.027 0.001 1 -0.06 0.083 0.995 -0.058 0.036 0.998 -0.061 -0.001 0.998 -0.063 -0.018 0.998 -0.054 0.006 0.999 -0.03 0.052 0.998 0.009 0.101 0.995 0.052 0.139 0.989 0.071 0.149 0.986 0.069 0.151 0.986 0.057 0.151 0.987 -0.067 0.017 0.998 -0.117 0.094 0.989 -0.121 0.092 0.988 -0.118 0.092 0.989 -0.103 0.093 0.99 -0.061 0.083 0.995 -0.023 0.068 0.997 0 0.053 0.999 0.005 0.05 0.999 -0.008 0.066 0.998 -0.026 0.092 0.995 -0.04 0.119 0.992 -0.03 0.051 0.998 -0.002 -0.088 0.996 -0.001 -0.094 0.996 0.003 -0.078 0.997 0.025 -0.02 0.999 0.049 0.037 0.998 0.058 0.051 0.997 0.053 0.047 0.997 -0.064 -0.033 0.997 -0.119 -0.075 0.99 -0.09 -0.065 0.994 -0.059 -0.059 0.996 -0.038 -0.056 0.998 -0.044 -0.056 0.997 -0.071 -0.05 0.996 -0.109 -0.034 0.993 -0.146 -0.012 0.989 -0.156 -0.001 0.988 -0.158 0.001 0.988 -0.157 -0.003 0.988 0.044 0.125 0.991 -0.027 0.027 0.999 -0.02 0.021 1 -0.019 0.021 1 -0.024 0.04 0.999 -0.025 0.093 0.995 -0.016 0.149 0.989 -0.001 0.191 0.982 0.008 0.209 0.978 -0.004 0.196 0.981 -0.027 0.17 0.985 -0.059 0.142 0.988 0.017 0.172 0.985 0.186 0.244 0.952 0.192 0.247 0.95 0.163 0.248 0.955 0.065 0.263 0.963 -0.032 0.279 0.96 -0.061 0.287 0.956 -0.056 0.282 0.958 0.084 0.161 0.983 0.147 0.11 0.983 0.125 0.146 0.981 0.111 0.178 0.978 0.104 0.194 0.976 0.107 0.174 0.979 0.109 0.129 0.986 0.1 0.074 0.992 0.083 0.023 0.996 0.072 0.006 0.997 0.073 0.006 0.997 0.082 0.01 0.997 -0.211 -0.218 0.953 -0.067 -0.195 0.979 -0.068 -0.185 0.98 -0.069 -0.185 0.98 -0.079 -0.207 0.975 -0.12 -0.257 0.959 -0.17 -0.3 0.939 -0.213 -0.323 0.922 -0.23 -0.329 0.916 -0.204 -0.326 0.923 -0.16 -0.322 0.933 -0.109 -0.323 0.94 -0.21 -0.287 0.935 -0.423 -0.209 0.882 -0.431 -0.206 0.879 -0.406 -0.23 0.884 -0.331 -0.319 0.888 -0.255 -0.406 0.878 -0.235 -0.432 0.871 -0.236 -0.425 0.874 -0.28 -0.206 0.938 -0.301 -0.1 0.948 -0.308 -0.151 0.939 -0.319 -0.194 0.928 -0.326 -0.219 0.92 -0.316 -0.203 0.927 -0.287 -0.165 0.944 -0.236 -0.123 0.964 -0.18 -0.09 0.98 -0.157 -0.084 0.984 -0.156 -0.083 0.984 -0.166 -0.08 0.983 0.048 -0.04 0.998 -0.037 0.03 0.999 -0.047 0.022 0.999 -0.05 0.02 0.999 -0.032 0.022 0.999 0.015 0.017 1 0.066 0.003 0.998 0.108 -0.017 0.994 0.129 -0.031 0.991 0.121 -0.022 0.992 0.1 0.002 0.995 0.075 0.037 0.996 0.093 -0.034 0.995 0.148 -0.204 0.968 0.15 -0.21 0.966 0.154 -0.177 0.972 0.181 -0.075 0.981 0.209 0.027 0.977 0.222 0.058 0.973 0.218 0.054 0.975 0.084 -0.067 0.994 0.033 -0.119 0.992 0.072 -0.101 0.992 0.102 -0.091 0.991 0.113 -0.087 0.99 0.088 -0.089 0.992 0.042 -0.086 0.995 -0.009 -0.072 0.997 -0.052 -0.052 0.997 -0.066 -0.041 0.997 -0.065 -0.045 0.997 -0.061 -0.057 0.997 0.183 -0.06 0.981 0.175 -0.159 0.972 0.174 -0.159 0.972 0.168 -0.158 0.973 0.154 -0.15 0.977 0.117 -0.117 0.986 0.09 -0.085 0.992 0.082 -0.07 0.994 0.084 -0.079 0.993 0.091 -0.111 0.99 0.096 -0.152 0.984 0.096 -0.182 0.979 0.121 -0.106 0.987 0.16 0.036 0.986 0.162 0.042 0.986 0.158 0.037 0.987 0.126 0.01 0.992 0.093 -0.017 0.995 0.087 -0.021 0.996 0.094 -0.02 0.995 0.239 -0.007 0.971 0.316 0.002 0.949 0.287 0.008 0.958 0.25 0.022 0.968 0.219 0.035 0.975 0.211 0.039 0.977 0.224 0.028 0.974 0.25 -0.005 0.968 0.276 -0.048 0.96 0.28 -0.064 0.958 0.28 -0.07 0.957 0.28 -0.071 0.957 -0.124 -0.228 0.966 -0.027 -0.131 0.991 -0.028 -0.13 0.991 -0.025 -0.135 0.99 -0.017 -0.156 0.988 -0.011 -0.223 0.975 -0.014 -0.282 0.959 -0.02 -0.31 0.95 -0.018 -0.306 0.952 0.004 -0.272 0.962 0.035 -0.229 0.973 0.065 -0.197 0.978 -0.031 -0.25 0.968 -0.211 -0.348 0.913 -0.219 -0.352 0.91 -0.203 -0.351 0.914 -0.13 -0.357 0.925 -0.057 -0.363 0.93 -0.042 -0.366 0.93 -0.049 -0.361 0.931 -0.218 -0.234 0.947 -0.305 -0.166 0.938 -0.28 -0.204 0.938 -0.255 -0.251 0.934 -0.237 -0.289 0.928 -0.234 -0.293 0.927 -0.238 -0.264 0.935 -0.234 -0.205 0.95 -0.22 -0.14 0.965 -0.21 -0.12 0.97 -0.206 -0.115 0.972 -0.207 -0.116 0.971 0.195 0.2 0.96 0.054 0.144 0.988 0.057 0.134 0.989 0.059 0.134 0.989 0.064 0.159 0.985 0.094 0.22 0.971 0.135 0.276 0.952 0.173 0.309 0.935 0.189 0.32 0.928 0.164 0.311 0.936 0.12 0.297 0.947 0.067 0.286 0.956 0.179 0.272 0.946 0.41 0.241 0.88 0.417 0.24 0.876 0.388 0.259 0.884 0.293 0.333 0.896 0.196 0.405 0.893 0.17 0.428 0.888 0.173 0.421 0.891 0.268 0.204 0.941 0.312 0.1 0.945 0.308 0.154 0.939 0.309 0.201 0.929 0.311 0.228 0.923 0.305 0.21 0.929 0.284 0.163 0.945 0.243 0.108 0.964 0.192 0.061 0.979 0.17 0.049 0.984 0.17 0.048 0.984 0.18 0.047 0.982 -0.03 -0.042 0.999 0.073 -0.095 0.993 0.081 -0.084 0.993 0.083 -0.081 0.993 0.066 -0.087 0.994 0.017 -0.093 0.996 -0.039 -0.09 0.995 -0.086 -0.078 0.993 -0.111 -0.068 0.992 -0.101 -0.076 0.992 -0.074 -0.095 0.993 -0.041 -0.126 0.991 -0.075 -0.057 0.996 -0.169 0.107 0.98 -0.172 0.112 0.979 -0.169 0.077 0.983 -0.174 -0.034 0.984 -0.181 -0.144 0.973 -0.188 -0.178 0.966 -0.184 -0.173 0.968 -0.073 -0.021 0.997 -0.032 0.043 0.999 -0.068 0.016 0.998 -0.097 -0 0.995 -0.108 -0.007 0.994 -0.082 -0 0.997 -0.034 0.007 0.999 0.022 0.004 1 0.071 -0.007 0.997 0.087 -0.015 0.996 0.085 -0.011 0.996 0.078 -0 0.997 -0.174 -0.049 0.984 -0.187 0.054 0.981 -0.186 0.055 0.981 -0.179 0.055 0.982 -0.163 0.05 0.985 -0.118 0.023 0.993 -0.083 -0.004 0.997 -0.071 -0.018 0.997 -0.076 -0.009 0.997 -0.089 0.023 0.996 -0.104 0.063 0.993 -0.111 0.094 0.989 -0.119 0.011 0.993 -0.129 -0.143 0.981 -0.13 -0.15 0.98 -0.126 -0.144 0.982 -0.099 -0.109 0.989 -0.071 -0.075 0.995 -0.066 -0.07 0.995 -0.073 -0.072 0.995 -0.22 -0.116 0.969 -0.296 -0.14 0.945 -0.265 -0.14 0.954 -0.224 -0.147 0.963 -0.19 -0.154 0.97 -0.181 -0.156 0.971 -0.196 -0.148 0.969 -0.231 -0.119 0.966 -0.266 -0.08 0.961 -0.274 -0.065 0.96 -0.275 -0.059 0.96 -0.275 -0.058 0.96 0.105 0.191 0.976 0.028 0.069 0.997 0.029 0.068 0.997 0.024 0.073 0.997 0.012 0.093 0.996 -0.01 0.161 0.987 -0.02 0.223 0.975 -0.02 0.253 0.967 -0.022 0.249 0.968 -0.037 0.209 0.977 -0.058 0.157 0.986 -0.082 0.117 0.99 0.005 0.193 0.981 0.165 0.335 0.927 0.172 0.341 0.924 0.157 0.337 0.928 0.082 0.326 0.942 0.006 0.316 0.949 -0.011 0.316 0.949 -0.002 0.313 0.95 0.199 0.219 0.955 0.302 0.169 0.938 0.268 0.202 0.942 0.232 0.245 0.941 0.205 0.28 0.938 0.202 0.284 0.937 0.212 0.255 0.943 0.222 0.193 0.956 0.222 0.122 0.967 0.216 0.099 0.971 0.213 0.093 0.973 0.214 0.094 0.972 -0.326 0.056 0.944 -0.201 0.14 0.97 -0.207 0.159 0.965 -0.209 0.165 0.964 -0.215 0.142 0.966 -0.243 0.085 0.966 -0.284 0.024 0.958 -0.331 -0.025 0.943 -0.361 -0.049 0.931 -0.35 -0.045 0.936 -0.315 -0.03 0.949 -0.259 -0.014 0.966 -0.35 -0.004 0.937 -0.57 0.001 0.822 -0.576 -0 0.817 -0.539 -0.021 0.842 -0.426 -0.105 0.899 -0.305 -0.192 0.933 -0.268 -0.224 0.937 -0.27 -0.217 0.938 -0.37 0.01 0.929 -0.41 0.096 0.907 -0.405 0.036 0.914 -0.405 -0.005 0.914 -0.404 -0.017 0.914 -0.395 0.021 0.918 -0.369 0.085 0.925 -0.328 0.147 0.933 -0.283 0.192 0.94 -0.264 0.205 0.943 -0.27 0.205 0.941 -0.289 0.205 0.935 0.032 0.331 0.943 -0.118 0.395 0.911 -0.121 0.388 0.914 -0.119 0.389 0.914 -0.097 0.403 0.91 -0.018 0.431 0.902 0.057 0.445 0.894 0.103 0.444 0.89 0.107 0.444 0.889 0.063 0.458 0.887 0.002 0.478 0.878 -0.054 0.502 0.863 0.038 0.418 0.908 0.233 0.228 0.945 0.24 0.222 0.945 0.229 0.25 0.941 0.206 0.357 0.911 0.183 0.461 0.868 0.181 0.487 0.854 0.177 0.48 0.859 0.075 0.249 0.966 0.028 0.128 0.991 0.068 0.175 0.982 0.116 0.217 0.969 0.15 0.245 0.958 0.147 0.245 0.958 0.105 0.229 0.968 0.029 0.215 0.976 -0.055 0.21 0.976 -0.081 0.215 0.973 -0.083 0.215 0.973 -0.077 0.21 0.975 -0.266 -0.081 0.96 -0.217 -0.223 0.95 -0.21 -0.22 0.953 -0.212 -0.219 0.952 -0.234 -0.216 0.948 -0.302 -0.187 0.935 -0.359 -0.15 0.921 -0.387 -0.123 0.914 -0.389 -0.122 0.913 -0.368 -0.162 0.915 -0.342 -0.217 0.914 -0.322 -0.27 0.907 -0.326 -0.144 0.934 -0.327 0.118 0.938 -0.327 0.125 0.937 -0.339 0.098 0.936 -0.395 0.004 0.919 -0.448 -0.089 0.89 -0.464 -0.11 0.879 -0.458 -0.108 0.882 -0.24 0.004 0.971 -0.126 0.065 0.99 -0.183 0.056 0.982 -0.242 0.054 0.969 -0.286 0.055 0.957 -0.284 0.054 0.957 -0.248 0.039 0.968 -0.191 0.002 0.982 -0.135 -0.047 0.99 -0.122 -0.066 0.99 -0.121 -0.067 0.99 -0.121 -0.059 0.991 0.049 0.104 0.993 0.06 0.268 0.962 0.057 0.268 0.962 0.062 0.266 0.962 0.085 0.25 0.965 0.139 0.188 0.972 0.179 0.125 0.976 0.194 0.087 0.977 0.196 0.086 0.977 0.193 0.129 0.973 0.19 0.19 0.963 0.195 0.243 0.95 0.146 0.134 0.98 0.049 -0.094 0.994 0.045 -0.104 0.994 0.061 -0.09 0.994 0.139 -0.04 0.989 0.217 0.008 0.976 0.237 0.016 0.971 0.226 0.017 0.974 -0.02 0.03 0.999 -0.143 0.031 0.989 -0.092 0.013 0.996 -0.037 -0.015 0.999 0.001 -0.036 0.999 0.001 -0.035 0.999 -0.027 -0.004 1 -0.067 0.059 0.996 -0.1 0.133 0.986 -0.105 0.161 0.981 -0.105 0.167 0.98 -0.107 0.163 0.981 -0.048 0.266 0.963 -0.155 0.168 0.974 -0.148 0.153 0.977 -0.145 0.149 0.978 -0.143 0.173 0.975 -0.125 0.23 0.965 -0.093 0.29 0.952 -0.053 0.338 0.939 -0.025 0.363 0.931 -0.035 0.359 0.933 -0.066 0.343 0.937 -0.115 0.323 0.939 -0.028 0.327 0.945 0.193 0.34 0.92 0.2 0.341 0.918 0.158 0.357 0.921 0.037 0.418 0.908 -0.083 0.475 0.876 -0.118 0.497 0.86 -0.116 0.491 0.864 -0.008 0.317 0.948 0.041 0.247 0.968 0.029 0.297 0.955 0.025 0.33 0.944 0.023 0.34 0.94 0.017 0.304 0.953 -0.001 0.245 0.97 -0.033 0.184 0.982 -0.069 0.136 0.988 -0.087 0.121 0.989 -0.082 0.121 0.989 -0.066 0.124 0.99 -0.074 0.305 0.949 0.008 0.183 0.983 0.026 0.189 0.982 0.032 0.192 0.981 0.01 0.197 0.98 -0.048 0.223 0.974 -0.107 0.263 0.959 -0.154 0.309 0.939 -0.177 0.338 0.924 -0.173 0.327 0.929 -0.159 0.292 0.943 -0.144 0.237 0.961 -0.133 0.328 0.935 -0.119 0.549 0.827 -0.12 0.555 0.823 -0.143 0.517 0.844 -0.23 0.402 0.886 -0.316 0.28 0.907 -0.347 0.242 0.906 -0.34 0.245 0.908 -0.119 0.349 0.93 -0.033 0.39 0.92 -0.092 0.384 0.919 -0.132 0.383 0.914 -0.145 0.382 0.913 -0.107 0.374 0.921 -0.045 0.349 0.936 0.015 0.31 0.951 0.06 0.266 0.962 0.073 0.247 0.966 0.073 0.254 0.965 0.073 0.273 0.959 0.203 -0.043 0.978 0.266 0.108 0.958 0.259 0.111 0.96 0.26 0.109 0.959 0.275 0.087 0.957 0.305 0.01 0.952 0.322 -0.064 0.945 0.322 -0.109 0.94 0.323 -0.112 0.94 0.336 -0.069 0.939 0.355 -0.008 0.935 0.38 0.048 0.924 0.293 -0.045 0.955 0.107 -0.242 0.964 0.101 -0.249 0.963 0.128 -0.239 0.963 0.237 -0.213 0.948 0.344 -0.187 0.92 0.372 -0.184 0.91 0.364 -0.181 0.914 0.121 -0.087 0.989 -0.002 -0.044 0.999 0.046 -0.082 0.996 0.09 -0.128 0.988 0.12 -0.161 0.98 0.119 -0.157 0.98 0.102 -0.117 0.988 0.085 -0.042 0.995 0.079 0.04 0.996 0.083 0.066 0.994 0.083 0.069 0.994 0.078 0.063 0.995 -0.21 0.243 0.947 -0.346 0.192 0.918 -0.343 0.185 0.921 -0.343 0.187 0.921 -0.339 0.209 0.917 -0.311 0.277 0.909 -0.275 0.335 0.901 -0.248 0.363 0.898 -0.247 0.365 0.898 -0.286 0.344 0.894 -0.339 0.316 0.886 -0.39 0.296 0.872 -0.269 0.302 0.915 -0.013 0.307 0.951 -0.006 0.308 0.951 -0.032 0.319 0.947 -0.124 0.373 0.92 -0.212 0.424 0.88 -0.233 0.441 0.867 -0.231 0.435 0.871 -0.127 0.219 0.968 -0.067 0.107 0.992 -0.077 0.163 0.984 -0.078 0.222 0.972 -0.076 0.265 0.961 -0.078 0.264 0.961 -0.092 0.228 0.969 -0.129 0.17 0.977 -0.177 0.114 0.978 -0.195 0.101 0.976 -0.196 0.099 0.976 -0.188 0.1 0.977 -0.025 -0.065 0.998 0.14 -0.072 0.988 0.14 -0.068 0.988 0.137 -0.074 0.988 0.122 -0.097 0.988 0.062 -0.151 0.987 0.001 -0.192 0.981 -0.037 -0.208 0.977 -0.037 -0.209 0.977 0.006 -0.205 0.979 0.066 -0.202 0.977 0.12 -0.205 0.971 0.008 -0.159 0.987 -0.219 -0.069 0.973 -0.229 -0.065 0.971 -0.215 -0.081 0.973 -0.163 -0.157 0.974 -0.113 -0.233 0.966 -0.104 -0.252 0.962 -0.104 -0.241 0.965 -0.1 0.002 0.995 -0.1 0.123 0.987 -0.118 0.072 0.99 -0.144 0.018 0.989 -0.164 -0.02 0.986 -0.163 -0.02 0.986 -0.134 0.008 0.991 -0.072 0.049 0.996 0.001 0.084 0.997 0.028 0.089 0.996 0.034 0.089 0.995 0.031 0.091 0.995 0.135 0.035 0.99 0.035 0.139 0.99 0.02 0.131 0.991 0.016 0.128 0.992 0.04 0.127 0.991 0.097 0.111 0.989 0.159 0.081 0.984 0.209 0.042 0.977 0.235 0.016 0.972 0.231 0.024 0.973 0.213 0.055 0.975 0.192 0.103 0.976 0.197 0.017 0.98 0.219 -0.2 0.955 0.22 -0.207 0.953 0.235 -0.166 0.958 0.293 -0.044 0.955 0.351 0.076 0.933 0.373 0.112 0.921 0.367 0.109 0.924 0.187 -0.003 0.982 0.117 -0.053 0.992 0.168 -0.04 0.985 0.202 -0.035 0.979 0.212 -0.033 0.977 0.175 -0.028 0.984 0.114 -0.012 0.993 0.053 0.018 0.998 0.004 0.053 0.999 -0.011 0.07 0.997 -0.011 0.065 0.998 -0.008 0.049 0.999 -0.048 0.046 0.998 0.081 -0.011 0.997 0.086 -0.003 0.996 0.085 -0.003 0.996 0.065 -0.014 0.998 -0 -0.035 0.999 -0.066 -0.045 0.997 -0.111 -0.044 0.993 -0.122 -0.043 0.992 -0.092 -0.054 0.994 0.001 -0.099 0.995 -0.067 -0.02 0.998 -0.223 0.145 0.964 -0.228 0.151 0.962 -0.22 0.124 0.968 -0.203 0.021 0.979 -0.188 -0.082 0.979 -0.188 -0.111 0.976 -0.184 -0.104 0.977 -0.087 0.103 0.991 -0.045 0.199 0.979 -0.081 0.16 0.984 -0.12 0.127 0.985 -0.145 0.108 0.984 -0.135 0.112 0.985 -0.093 0.127 0.988 -0.027 0.138 0.99 0.041 0.138 0.99 0.064 0.132 0.989 0.065 0.133 0.989 0.058 0.139 0.989 0.087 -0.087 0.992 0.012 0.04 0.999 -0.004 0.035 0.999 -0.008 0.033 0.999 0.015 0.028 1 0.072 -0.001 0.997 0.129 -0.042 0.991 0.171 -0.087 0.981 0.19 -0.113 0.975 0.185 -0.098 0.978 0.17 -0.06 0.984 0.156 -0.006 0.988 0.146 -0.1 0.984 0.132 -0.329 0.935 0.132 -0.336 0.932 0.153 -0.3 0.942 0.232 -0.191 0.954 0.311 -0.081 0.947 0.339 -0.05 0.939 0.332 -0.052 0.942 0.118 -0.139 0.983 0.032 -0.178 0.984 0.088 -0.174 0.981 0.129 -0.175 0.976 0.145 -0.176 0.974 0.114 -0.166 0.979 0.058 -0.141 0.988 0 -0.1 0.995 -0.057 -0.034 0.998 -0.057 -0.039 0.998 -0.057 -0.055 0.997 0.137 -0.032 0.99 0.095 -0.127 0.987 0.097 -0.128 0.987 0.094 -0.125 0.988 0.083 -0.113 0.99 0.06 -0.069 0.996 0.045 -0.026 0.999 0.042 -0.002 0.999 0.041 -0.004 0.999 0.035 -0.035 0.999 0.024 -0.073 0.997 0.011 -0.105 0.994 0.067 -0.04 0.997 0.169 0.087 0.982 0.173 0.092 0.981 0.161 0.086 0.983 0.105 0.066 0.992 0.047 0.047 0.998 0.033 0.045 0.998 0.04 0.044 0.998 0.198 0.003 0.98 0.279 -0.015 0.96 0.25 0.002 0.968 0.22 0.027 0.975 0.197 0.048 0.979 0.195 0.049 0.98 0.206 0.028 0.978 0.22 -0.015 0.975 0.227 -0.065 0.972 0.225 -0.082 0.971 0.224 -0.085 0.971 0.225 -0.084 0.971 -0.11 0.026 0.994 -0.046 0.079 0.996 -0.051 0.086 0.995 -0.052 0.088 0.995 -0.052 0.075 0.996 -0.059 0.038 0.998 -0.072 0 0.997 -0.089 -0.027 0.996 -0.096 -0.037 0.995 -0.085 -0.028 0.996 -0.063 -0.011 0.998 -0.033 0.006 0.999 -0.095 -0.005 0.996 -0.234 -0.038 0.972 -0.238 -0.04 0.971 -0.215 -0.044 0.976 -0.143 -0.069 0.987 -0.071 -0.096 0.993 -0.051 -0.107 0.993 -0.053 -0.104 0.993 -0.141 0.012 0.99 -0.181 0.059 0.982 -0.169 0.028 0.985 -0.163 0 0.987 -0.16 -0.014 0.987 -0.159 -0.001 0.987 -0.155 0.03 0.988 -0.141 0.067 0.988 -0.122 0.1 0.987 -0.114 0.11 0.987 -0.116 0.109 0.987 -0.124 0.107 0.987 0.096 0.178 0.979 -0.012 0.187 0.982 -0.016 0.173 0.985 -0.017 0.169 0.986 -0.005 0.179 0.984 0.036 0.202 0.979 0.085 0.22 0.972 0.132 0.226 0.965 0.156 0.227 0.961 0.144 0.23 0.963 0.112 0.237 0.965 0.069 0.252 0.965 0.125 0.206 0.971 0.273 0.093 0.957 0.279 0.09 0.956 0.262 0.121 0.957 0.224 0.222 0.949 0.186 0.322 0.928 0.179 0.354 0.918 0.177 0.349 0.92 0.136 0.175 0.975 0.125 0.104 0.987 0.148 0.143 0.979 0.167 0.168 0.972 0.175 0.178 0.968 0.156 0.163 0.974 0.115 0.14 0.983 0.066 0.122 0.99 0.02 0.113 0.993 0.004 0.113 0.994 0.008 0.11 0.994 0.02 0.103 0.995 -0.253 -0.089 0.963 -0.194 -0.155 0.969 -0.185 -0.148 0.972 -0.181 -0.146 0.973 -0.194 -0.146 0.97 -0.232 -0.139 0.963 -0.271 -0.123 0.955 -0.303 -0.102 0.947 -0.318 -0.089 0.944 -0.311 -0.099 0.945 -0.296 -0.122 0.947 -0.278 -0.156 0.948 -0.287 -0.091 0.954 -0.316 0.07 0.946 -0.317 0.074 0.946 -0.324 0.044 0.945 -0.356 -0.047 0.933 -0.387 -0.135 0.912 -0.401 -0.162 0.902 -0.397 -0.16 0.904 -0.278 -0.063 0.959 -0.229 -0.02 0.973 -0.264 -0.033 0.964 -0.29 -0.04 0.956 -0.302 -0.042 0.952 -0.282 -0.043 0.958 -0.245 -0.05 0.968 -0.205 -0.065 0.977 -0.172 -0.085 0.981 -0.163 -0.094 0.982 -0.164 -0.09 0.982 -0.167 -0.079 0.983 0.043 -0.101 0.994 0.113 -0.006 0.994 0.107 -0 0.994 0.106 -0.001 0.994 0.111 -0.02 0.994 0.113 -0.073 0.991 0.106 -0.127 0.986 0.092 -0.166 0.982 0.085 -0.182 0.98 0.097 -0.167 0.981 0.121 -0.14 0.983 0.151 -0.113 0.982 0.076 -0.144 0.987 -0.089 -0.22 0.971 -0.096 -0.223 0.97 -0.068 -0.223 0.972 0.024 -0.235 0.972 0.115 -0.247 0.962 0.141 -0.255 0.957 0.136 -0.25 0.959 -0.001 -0.134 0.991 -0.065 -0.083 0.994 -0.043 -0.118 0.992 -0.028 -0.15 0.988 -0.02 -0.167 0.986 -0.023 -0.151 0.988 -0.025 -0.109 0.994 -0.018 -0.055 0.998 0.009 0.012 1 0.008 0.013 1 0.001 0.009 1 -0.081 -0.082 0.993 -0.158 -0.035 0.987 -0.16 -0.037 0.987 -0.157 -0.035 0.987 -0.144 -0.028 0.989 -0.103 -0.018 0.995 -0.063 -0.014 0.998 -0.038 -0.016 0.999 -0.035 -0.016 0.999 -0.055 -0.007 0.998 -0.083 0.008 0.996 -0.108 0.025 0.994 -0.067 -0.031 0.997 0.02 -0.14 0.99 0.024 -0.145 0.989 0.02 -0.131 0.991 0.014 -0.074 0.997 0.01 -0.016 1 0.011 -0.002 1 0.008 -0.007 1 -0.058 -0.13 0.99 -0.088 -0.192 0.978 -0.067 -0.171 0.983 -0.042 -0.152 0.988 -0.023 -0.139 0.99 -0.027 -0.14 0.99 -0.05 -0.146 0.988 -0.091 -0.149 0.985 -0.134 -0.146 0.98 -0.148 -0.141 0.979 -0.15 -0.14 0.979 -0.148 -0.142 0.979 0.109 -0.086 0.99 -0.025 -0.054 0.998 -0.028 -0.062 0.998 -0.027 -0.062 0.998 -0.01 -0.048 0.999 0.049 -0.016 0.999 0.111 0.005 0.994 0.154 0.012 0.988 0.164 0.013 0.986 0.134 0.018 0.991 0.085 0.028 0.996 0.037 0.046 0.998 0.116 -0.018 0.993 0.293 -0.149 0.944 0.3 -0.153 0.942 0.287 -0.129 0.949 0.253 -0.033 0.967 0.221 0.064 0.973 0.215 0.091 0.972 0.213 0.083 0.973 0.156 -0.134 0.979 0.132 -0.232 0.964 0.16 -0.189 0.969 0.192 -0.15 0.97 0.213 -0.127 0.969 0.204 -0.133 0.97 0.166 -0.155 0.974 0.105 -0.177 0.979 0.039 -0.189 0.981 0.016 -0.188 0.982 0.016 -0.189 0.982 0.023 -0.194 0.981 -0.044 0.018 0.999 0.051 -0.091 0.995 0.065 -0.083 0.994 0.068 -0.081 0.994 0.046 -0.079 0.996 -0.014 -0.062 0.998 -0.077 -0.032 0.997 -0.126 0.004 0.992 -0.149 0.027 0.989 -0.141 0.013 0.99 -0.12 -0.021 0.993 -0.097 -0.071 0.993 -0.103 0.021 0.994 -0.133 0.246 0.96 -0.134 0.254 0.958 -0.147 0.215 0.966 -0.204 0.095 0.974 -0.261 -0.024 0.965 -0.284 -0.059 0.957 -0.277 -0.055 0.959 -0.083 0.063 0.995 -0.007 0.116 0.993 -0.061 0.102 0.993 -0.101 0.097 0.99 -0.116 0.095 0.989 -0.084 0.091 0.992 -0.025 0.076 0.997 0.088 0.01 0.996 0.104 -0.007 0.995 0.103 -0.002 0.995 0.101 0.014 0.995 -0.083 -0.043 0.996 -0.059 0.056 0.997 -0.061 0.056 0.997 -0.058 0.055 0.997 -0.045 0.045 0.998 -0.015 0.006 1 0.007 -0.033 0.999 0.014 -0.055 0.998 0.015 -0.053 0.998 0.016 -0.022 1 0.019 0.016 1 0.026 0.049 0.998 -0.017 -0.023 1 -0.094 -0.163 0.982 -0.097 -0.168 0.981 -0.086 -0.16 0.983 -0.035 -0.131 0.991 0.018 -0.104 0.994 0.031 -0.099 0.995 0.024 -0.099 0.995 -0.135 -0.087 0.987 -0.218 -0.083 0.972 -0.187 -0.095 0.978 -0.127 -0.13 0.983 -0.125 -0.13 0.984 -0.14 -0.112 0.984 -0.16 -0.073 0.984 -0.176 -0.026 0.984 -0.177 -0.01 0.984 -0.178 -0.008 0.984 0.165 -0.055 0.985 0.113 -0.118 0.987 0.119 -0.123 0.985 0.121 -0.125 0.985 0.118 -0.113 0.987 0.118 -0.076 0.99 0.125 -0.037 0.992 0.135 -0.008 0.991 0.141 0.003 0.99 0.132 -0.008 0.991 0.113 -0.028 0.993 0.088 -0.05 0.995 0.145 -0.028 0.989 0.272 0.03 0.962 0.276 0.032 0.961 0.253 0.032 0.967 0.18 0.042 0.983 0.107 0.055 0.993 0.085 0.063 0.994 0.088 0.059 0.994 0.192 -0.036 0.981 0.238 -0.074 0.968 0.222 -0.046 0.974 0.211 -0.021 0.977 0.206 -0.007 0.979 0.208 -0.02 0.978 0.208 -0.051 0.977 0.202 -0.089 0.975 0.19 -0.124 0.974 0.183 -0.135 0.974 0.185 -0.134 0.974 0.192 -0.131 0.973 -0.007 -0.237 0.971 0.098 -0.227 0.969 0.1 -0.213 0.972 0.1 -0.209 0.973 0.09 -0.221 0.971 0.055 -0.25 0.967 0.01 -0.275 0.961 -0.034 -0.29 0.957 -0.058 -0.294 0.954 -0.045 -0.295 0.954 -0.013 -0.296 0.955 0.031 -0.303 0.952 -0.031 -0.269 0.963 -0.194 -0.186 0.963 -0.2 -0.184 0.962 -0.179 -0.21 0.961 -0.125 -0.301 0.945 -0.072 -0.39 0.918 -0.06 -0.419 0.906 -0.059 -0.414 0.908 -0.047 -0.241 0.969 -0.048 -0.172 0.984 -0.063 -0.212 0.975 -0.078 -0.24 0.968 -0.084 -0.251 0.964 -0.068 -0.233 0.97 -0.033 -0.204 0.978 0.012 -0.178 0.984 0.055 -0.162 0.985 0.071 -0.159 0.985 0.066 -0.157 0.985 0.054 -0.152 0.987 0.281 0.082 0.956 0.213 0.135 0.968 0.206 0.127 0.97 0.203 0.124 0.971 0.215 0.127 0.968 0.252 0.127 0.959 0.293 0.119 0.949 0.327 0.105 0.939 0.343 0.095 0.934 0.335 0.104 0.937 0.316 0.123 0.941 0.293 0.152 0.944 0.314 0.09 0.945 0.369 -0.059 0.928 0.371 -0.063 0.927 0.372 -0.032 0.928 0.387 0.061 0.92 0.401 0.153 0.903 0.409 0.182 0.894 0.406 0.179 0.896 0.309 0.062 0.949 0.271 0.011 0.962 0.302 0.03 0.953 0.325 0.042 0.945 0.336 0.047 0.941 0.317 0.044 0.947 0.281 0.043 0.959 0.24 0.05 0.969 0.205 0.063 0.977 0.195 0.07 0.978 0.196 0.067 0.978 0.201 0.056 0.978 -0.004 0.04 0.999 -0.055 -0.064 0.996 -0.048 -0.068 0.997 -0.047 -0.067 0.997 -0.056 -0.05 0.997 -0.067 0 0.998 -0.07 0.054 0.996 -0.064 0.094 0.993 -0.059 0.111 0.992 -0.068 0.094 0.993 -0.086 0.064 0.994 -0.111 0.032 0.993 -0.043 0.076 0.996 0.101 0.179 0.979 0.107 0.183 0.977 0.081 0.178 0.981 -0.01 0.173 0.985 -0.101 0.17 0.98 -0.127 0.172 0.977 -0.121 0.169 0.978 0.032 0.08 0.996 0.103 0.042 0.994 0.076 0.071 0.995 0.055 0.1 0.993 0.045 0.115 0.992 0.051 0.1 0.994 0.062 0.006 0.998 0.056 -0.045 0.997 0.049 -0.063 0.997 0.05 -0.064 0.997 0.056 -0.059 0.997 0.118 0.044 0.992 0.201 0.012 0.98 0.201 0.014 0.979 0.2 0.013 0.98 0.189 0.003 0.982 0.151 -0.014 0.988 0.113 -0.026 0.993 0.089 -0.028 0.996 0.085 -0.028 0.996 0.107 -0.034 0.994 0.136 -0.043 0.99 0.163 -0.055 0.985 0.114 -0.009 0.993 0.011 0.081 0.997 0.006 0.085 0.996 0.012 0.073 0.997 0.028 0.019 0.999 0.043 -0.036 0.998 0.044 -0.05 0.998 0.046 -0.044 0.998 0.087 0.086 0.992 0.105 0.151 0.983 0.089 0.127 0.988 0.068 0.104 0.992 0.053 0.088 0.995 0.056 0.09 0.994 0.077 0.1 0.992 0.116 0.11 0.987 0.157 0.115 0.981 0.172 0.113 0.979 0.174 0.112 0.978 0.172 0.114 0.979 -0.243 0.188 0.952 -0.329 0.078 0.941 -0.319 0.067 0.945 -0.316 0.065 0.946 -0.32 0.086 0.943 -0.318 0.149 0.936 -0.303 0.215 0.928 -0.281 0.266 0.922 -0.268 0.287 0.92 -0.283 0.271 0.92 -0.315 0.239 0.919 -0.357 0.203 0.912 -0.267 0.237 0.934 -0.044 0.323 0.945 -0.038 0.326 0.945 -0.077 0.329 0.941 -0.202 0.352 0.914 -0.322 0.373 0.87 -0.356 0.383 0.852 -0.352 0.378 0.856 -0.199 0.225 0.954 -0.126 0.161 0.979 -0.152 0.21 0.966 -0.167 0.251 0.954 -0.174 0.271 0.947 -0.172 0.246 0.954 -0.174 0.192 0.966 -0.188 0.126 0.974 -0.21 0.066 0.975 -0.222 0.048 0.974 -0.218 0.049 0.975 -0.204 0.056 0.977 -0.342 0.145 0.929 -0.188 0.169 0.968 -0.188 0.186 0.964 -0.188 0.191 0.963 -0.201 0.17 0.965 -0.251 0.115 0.961 -0.311 0.066 0.948 -0.363 0.036 0.931 -0.386 0.027 0.922 -0.359 0.031 0.933 -0.308 0.037 0.951 -0.243 0.035 0.969 -0.35 0.079 0.934 -0.581 0.157 0.798 -0.587 0.159 0.794 -0.561 0.13 0.817 -0.482 0.019 0.876 -0.395 -0.096 0.914 -0.371 -0.135 0.919 -0.372 -0.127 0.92 -0.403 0.151 0.903 -0.414 0.266 0.871 -0.43 0.202 0.88 -0.447 0.151 0.882 -0.456 0.123 0.881 -0.443 0.145 0.885 -0.405 0.193 0.894 -0.346 0.243 0.906 -0.282 0.279 0.918 -0.259 0.286 0.922 -0.263 0.288 0.921 -0.279 0.292 0.915 0.099 -0.129 0.987 0.006 -0.074 0.997 0.004 -0.078 0.997 0.006 -0.077 0.997 0.021 -0.068 0.997 0.075 -0.052 0.996 0.124 -0.045 0.991 0.151 -0.046 0.988 0.15 -0.045 0.988 0.12 -0.034 0.992 0.078 -0.016 0.997 0.044 0.004 0.999 0.101 -0.063 0.993 0.22 -0.192 0.956 0.224 -0.197 0.954 0.22 -0.18 0.959 0.21 -0.112 0.971 0.201 -0.042 0.979 0.202 -0.025 0.979 0.199 -0.031 0.98 0.118 -0.191 0.974 0.08 -0.269 0.96 0.108 -0.241 0.965 0.143 -0.213 0.966 0.169 -0.194 0.966 0.17 -0.193 0.966 0.145 -0.201 0.969 0.095 -0.208 0.973 0.04 -0.208 0.977 0.023 -0.204 0.979 0.021 -0.203 0.979 0.023 -0.206 0.978 -0.307 -0.025 0.951 -0.315 -0.128 0.94 -0.316 -0.128 0.94 -0.322 -0.126 0.938 -0.336 -0.118 0.934 -0.372 -0.08 0.925 -0.398 -0.045 0.916 -0.405 -0.029 0.914 -0.403 -0.038 0.914 -0.397 -0.072 0.915 -0.391 -0.115 0.913 -0.39 -0.146 0.909 -0.369 -0.07 0.927 -0.325 0.075 0.943 -0.322 0.082 0.943 -0.327 0.077 0.942 -0.36 0.051 0.932 -0.392 0.025 0.919 -0.398 0.022 0.917 -0.391 0.023 0.92 -0.247 0.026 0.969 -0.167 0.029 0.985 -0.198 0.038 0.98 -0.236 0.055 0.97 -0.266 0.07 0.962 -0.273 0.075 0.959 -0.262 0.063 0.963 -0.237 0.026 0.971 -0.212 -0.02 0.977 -0.208 -0.037 0.977 -0.208 -0.043 0.977 -0.208 -0.044 0.977 0.082 -0.202 0.976 0.157 -0.06 0.986 0.145 -0.052 0.988 0.143 -0.051 0.988 0.153 -0.075 0.985 0.166 -0.146 0.975 0.166 -0.221 0.961 0.154 -0.279 0.948 0.145 -0.303 0.942 0.159 -0.282 0.946 0.186 -0.242 0.952 0.225 -0.196 0.955 0.127 -0.254 0.959 -0.092 -0.386 0.918 -0.099 -0.391 0.915 -0.058 -0.386 0.921 0.08 -0.385 0.919 0.217 -0.381 0.899 0.257 -0.384 0.887 0.25 -0.38 0.891 0.036 -0.256 0.966 -0.063 -0.201 0.978 -0.024 -0.246 0.969 0.004 -0.285 0.958 0.017 -0.306 0.952 0.009 -0.282 0.96 -0.003 -0.224 0.975 -0.003 -0.149 0.989 0.008 -0.077 0.997 0.018 -0.053 0.998 0.016 -0.054 0.998 0.004 -0.063 0.998 -0.056 0.323 0.945 -0.197 0.268 0.943 -0.194 0.25 0.949 -0.192 0.245 0.95 -0.184 0.266 0.946 -0.147 0.318 0.936 -0.094 0.368 0.925 -0.038 0.402 0.915 -0.003 0.417 0.909 -0.018 0.415 0.91 -0.059 0.409 0.911 -0.118 0.406 0.906 -0.02 0.378 0.926 0.222 0.31 0.924 0.229 0.309 0.923 0.19 0.34 0.921 0.083 0.446 0.891 -0.023 0.544 0.839 -0.052 0.577 0.815 -0.051 0.571 0.819 0.004 0.355 0.935 0.034 0.261 0.965 0.037 0.317 0.948 0.044 0.355 0.934 0.047 0.369 0.928 0.03 0.338 0.941 -0.007 0.285 0.959 -0.06 0.235 0.97 -0.113 0.199 0.974 -0.135 0.19 0.973 -0.129 0.188 0.974 -0.111 0.185 0.976 -0.168 -0.209 0.963 -0.022 -0.248 0.968 -0.014 -0.232 0.973 -0.012 -0.226 0.974 -0.032 -0.239 0.97 -0.091 -0.26 0.961 -0.163 -0.27 0.949 -0.229 -0.264 0.937 -0.266 -0.255 0.93 -0.254 -0.262 0.931 -0.219 -0.281 0.934 -0.171 -0.314 0.934 -0.233 -0.231 0.945 -0.383 -0.032 0.923 -0.388 -0.027 0.921 -0.375 -0.077 0.924 -0.352 -0.23 0.907 -0.324 -0.377 0.868 -0.32 -0.424 0.847 -0.317 -0.419 0.851 -0.237 -0.204 0.95 -0.206 -0.107 0.973 -0.241 -0.152 0.958 -0.269 -0.179 0.947 -0.278 -0.189 0.942 -0.245 -0.171 0.954 -0.183 -0.149 0.972 -0.112 -0.14 0.984 -0.048 -0.142 0.989 -0.025 -0.149 0.989 -0.029 -0.144 0.989 -0.042 -0.13 0.991 0.23 -0.042 0.972 0.191 0.082 0.978 0.185 0.08 0.979 0.188 0.079 0.979 0.208 0.074 0.975 0.261 0.047 0.964 0.307 0.012 0.952 0.331 -0.016 0.944 0.335 -0.022 0.942 0.324 0.007 0.946 0.309 0.049 0.95 0.299 0.093 0.95 0.29 -0.007 0.957 0.271 -0.21 0.939 0.27 -0.218 0.938 0.282 -0.197 0.939 0.335 -0.124 0.934 0.388 -0.052 0.92 0.404 -0.035 0.914 0.397 -0.038 0.917 0.213 -0.112 0.971 0.121 -0.15 0.981 0.166 -0.147 0.975 0.21 -0.15 0.966 0.24 -0.153 0.959 0.233 -0.15 0.961 0.2 -0.134 0.971 0.155 -0.098 0.983 0.114 -0.054 0.992 0.103 -0.036 0.994 0.102 -0.034 0.994 0.102 -0.04 0.994 -0.218 0.133 0.967 -0.14 0.025 0.99 -0.13 0.031 0.991 -0.129 0.032 0.991 -0.152 0.034 0.988 -0.207 0.052 0.977 -0.261 0.08 0.962 -0.3 0.112 0.948 -0.316 0.129 0.94 -0.308 0.114 0.945 -0.29 0.081 0.953 -0.274 0.037 0.961 -0.276 0.127 0.953 -0.285 0.326 0.901 -0.286 0.333 0.898 -0.298 0.302 0.905 -0.352 0.203 0.914 -0.404 0.104 0.909 -0.423 0.076 0.903 -0.417 0.079 0.906 -0.245 0.185 0.952 -0.17 0.232 0.958 -0.216 0.222 0.951 -0.253 0.217 0.943 -0.27 0.215 0.939 -0.246 0.212 0.946 -0.198 0.198 0.96 -0.144 0.169 0.975 -0.098 0.134 0.986 -0.085 0.116 0.99 -0.084 0.118 0.989 -0.085 0.129 0.988 -0.053 -0.037 0.998 0.024 0.037 0.999 0.021 0.041 0.999 0.02 0.04 0.999 0.023 0.022 0.999 0.019 -0.027 0.999 0.007 -0.074 0.997 -0.008 -0.105 0.994 -0.014 -0.115 0.993 0.001 -0.1 0.995 0.026 -0.077 0.997 0.056 -0.056 0.997 -0.018 -0.077 0.997 -0.174 -0.128 0.976 -0.18 -0.13 0.975 -0.158 -0.133 0.978 -0.083 -0.152 0.985 -0.008 -0.172 0.985 0.012 -0.181 0.983 0.007 -0.176 0.984 -0.104 -0.054 0.993 -0.157 0.001 0.988 -0.142 -0.032 0.989 -0.131 -0.065 0.989 -0.125 -0.085 0.988 -0.126 -0.074 0.989 -0.123 -0.04 0.992 -0.111 0.008 0.994 -0.09 0.052 0.995 -0.079 0.066 0.995 -0.079 0.068 0.995 -0.084 0.066 0.994 0.123 0.142 0.982 0.032 0.244 0.969 0.02 0.236 0.972 0.017 0.234 0.972 0.038 0.234 0.971 0.099 0.222 0.97 0.16 0.198 0.967 0.206 0.168 0.964 0.225 0.152 0.962 0.212 0.17 0.962 0.186 0.205 0.961 0.159 0.253 0.954 0.175 0.158 0.972 0.221 -0.069 0.973 0.223 -0.077 0.972 0.232 -0.039 0.972 0.277 0.079 0.958 0.321 0.194 0.927 0.338 0.226 0.913 0.333 0.223 0.916 0.151 0.094 0.984 0.076 0.033 0.997 0.128 0.051 0.991 0.17 0.059 0.984 0.191 0.063 0.98 0.167 0.065 0.984 0.114 0.075 0.991 0.052 0.098 0.994 -0.002 0.129 0.992 -0.017 0.144 0.989 -0.017 0.14 0.99 -0.013 0.126 0.992 0.099 0.246 0.964 0.094 0.092 0.991 0.111 0.089 0.99 0.115 0.089 0.989 0.097 0.104 0.99 0.053 0.162 0.985 0.016 0.228 0.973 -0.002 0.284 0.959 -0.007 0.308 0.951 -0.008 0.281 0.96 -0.012 0.229 0.973 -0.025 0.167 0.986 0.036 0.264 0.964 0.163 0.485 0.859 0.166 0.491 0.855 0.131 0.469 0.874 0.006 0.406 0.914 -0.122 0.338 0.933 -0.164 0.321 0.933 -0.156 0.32 0.934 0.117 0.306 0.945 0.233 0.3 0.925 0.173 0.325 0.93 0.126 0.35 0.928 0.101 0.364 0.926 0.12 0.347 0.93 0.159 0.302 0.94 0.196 0.236 0.952 0.22 0.168 0.961 0.222 0.144 0.964 0.225 0.148 0.963 0.232 0.163 0.959 -0.238 -0.135 0.962 -0.172 -0.056 0.984 -0.175 -0.053 0.983 -0.174 -0.056 0.983 -0.168 -0.071 0.983 -0.162 -0.125 0.979 -0.162 -0.173 0.971 -0.166 -0.199 0.966 -0.165 -0.198 0.966 -0.15 -0.171 0.974 -0.128 -0.135 0.983 -0.103 -0.105 0.989 -0.175 -0.148 0.973 -0.315 -0.24 0.918 -0.32 -0.243 0.916 -0.304 -0.241 0.922 -0.237 -0.244 0.94 -0.17 -0.247 0.954 -0.154 -0.251 0.956 -0.159 -0.247 0.956 -0.299 -0.143 0.943 -0.367 -0.093 0.926 -0.344 -0.125 0.93 -0.324 -0.163 0.932 -0.309 -0.191 0.931 -0.308 -0.192 0.932 -0.313 -0.167 0.935 -0.312 -0.118 0.943 -0.303 -0.065 0.951 -0.297 -0.05 0.954 -0.296 -0.048 0.954 -0.299 -0.05 0.953 -0.072 0.239 0.968 -0.168 0.264 0.95 -0.167 0.265 0.949 -0.165 0.271 0.948 -0.154 0.283 0.947 -0.111 0.312 0.943 -0.072 0.332 0.941 -0.056 0.337 0.94 -0.065 0.336 0.939 -0.099 0.336 0.937 -0.141 0.338 0.931 -0.171 0.342 0.924 -0.103 0.307 0.946 0.028 0.241 0.97 0.034 0.237 0.971 0.03 0.242 0.97 0.011 0.279 0.96 -0.007 0.315 0.949 -0.008 0.321 0.947 -0.009 0.314 0.949 -0.034 0.172 0.985 -0.045 0.094 0.995 -0.031 0.122 0.992 -0.008 0.156 0.988 0.012 0.183 0.983 0.018 0.19 0.982 0.004 0.18 0.984 -0.035 0.162 0.986 -0.084 0.145 0.986 -0.101 0.144 0.984 -0.107 0.145 0.984 -0.108 0.146 0.983 -0.304 -0.106 0.947 -0.181 -0.202 0.962 -0.171 -0.192 0.966 -0.17 -0.19 0.967 -0.194 -0.196 0.961 -0.263 -0.196 0.945 -0.334 -0.183 0.925 -0.387 -0.161 0.908 -0.409 -0.149 0.901 -0.391 -0.166 0.905 -0.357 -0.199 0.913 -0.319 -0.244 0.916 -0.36 -0.141 0.922 -0.448 0.094 0.889 -0.451 0.102 0.886 -0.454 0.061 0.889 -0.475 -0.072 0.877 -0.491 -0.203 0.847 -0.499 -0.24 0.833 -0.494 -0.235 0.837 -0.347 -0.053 0.936 -0.28 0.032 0.959 -0.329 0.002 0.944 -0.37 -0.017 0.929 -0.392 -0.026 0.92 -0.367 -0.023 0.93 -0.312 -0.022 0.95 -0.241 -0.034 0.97 -0.175 -0.058 0.983 -0.154 -0.071 0.985 -0.154 -0.069 0.986 -0.16 -0.056 0.985 0.223 -0.059 0.973 0.175 0.085 0.981 0.169 0.085 0.982 0.189 0.073 0.979 0.234 0.03 0.972 0.275 -0.028 0.961 0.3 -0.087 0.95 0.309 -0.123 0.943 0.31 -0.108 0.945 0.31 -0.068 0.948 0.316 -0.01 0.949 0.272 -0.101 0.957 0.169 -0.322 0.931 0.167 -0.329 0.93 0.204 -0.297 0.933 0.325 -0.209 0.922 0.442 -0.121 0.889 0.481 -0.097 0.871 0.475 -0.096 0.875 0.246 -0.121 0.962 0.147 -0.135 0.98 0.203 -0.147 0.968 0.24 -0.159 0.958 0.253 -0.164 0.953 0.224 -0.143 0.964 0.178 -0.1 0.979 0.137 -0.042 0.99 0.11 0.015 0.994 0.105 0.037 0.994 0.103 0.032 0.994 0.096 0.015 0.995 -0.271 0.135 0.953 -0.332 0.001 0.943 -0.317 -0.009 0.948 -0.312 -0.012 0.95 -0.321 0.009 0.947 -0.331 0.07 0.941 -0.328 0.141 0.934 -0.311 0.204 0.928 -0.296 0.239 0.925 -0.305 0.229 0.924 -0.329 0.198 0.923 -0.369 0.157 0.916 -0.28 0.202 0.938 -0.063 0.315 0.947 -0.058 0.319 0.946 -0.108 0.315 0.943 -0.257 0.319 0.912 -0.399 0.32 0.859 -0.444 0.325 0.835 -0.44 0.321 0.839 -0.253 0.202 0.946 -0.168 0.154 0.974 -0.204 0.196 0.959 -0.224 0.228 0.948 -0.232 0.238 0.943 -0.221 0.203 0.954 -0.212 0.139 0.967 -0.215 0.068 0.974 -0.228 0.008 0.974 -0.237 -0.013 0.971 -0.232 -0.011 0.973 -0.217 -0.001 0.976 -0.174 -0.274 0.946 -0.05 -0.257 0.965 -0.051 -0.252 0.966 -0.052 -0.254 0.966 -0.059 -0.272 0.96 -0.093 -0.318 0.943 -0.132 -0.356 0.925 -0.162 -0.374 0.913 -0.168 -0.378 0.91 -0.14 -0.372 0.918 -0.097 -0.364 0.926 -0.054 -0.362 0.931 -0.148 -0.337 0.93 -0.339 -0.285 0.897 -0.346 -0.283 0.895 -0.328 -0.298 0.897 -0.266 -0.361 0.894 -0.204 -0.422 0.883 -0.189 -0.44 0.878 -0.191 -0.433 0.881 -0.238 -0.247 0.939 -0.261 -0.153 0.953 -0.264 -0.196 0.944 -0.273 -0.237 0.932 -0.28 -0.265 0.923 -0.277 -0.259 0.925 -0.257 -0.231 0.938 -0.217 -0.194 0.957 -0.169 -0.162 0.972 -0.15 -0.156 0.976 -0.148 -0.155 0.977 -0.153 -0.153 0.976 0.065 0.127 0.99 -0.053 0.068 0.996 -0.05 0.058 0.997 -0.048 0.057 0.997 -0.043 0.078 0.996 -0.016 0.129 0.992 0.021 0.177 0.984 0.059 0.21 0.976 0.079 0.223 0.972 0.062 0.217 0.974 0.028 0.206 0.978 -0.018 0.196 0.98 0.069 0.185 0.98 0.267 0.164 0.95 0.274 0.163 0.948 0.246 0.18 0.952 0.158 0.247 0.956 0.072 0.314 0.947 0.048 0.337 0.94 0.05 0.331 0.942 0.12 0.146 0.982 0.153 0.065 0.986 0.15 0.111 0.982 0.153 0.148 0.977 0.154 0.165 0.974 0.147 0.142 0.979 0.124 0.098 0.987 0.087 0.049 0.995 0.044 0.011 0.999 0.025 0 1 0.027 -0.001 1 0.038 -0.001 0.999 -0.127 -0.005 0.992 -0.069 -0.092 0.993 -0.064 -0.089 0.994 -0.065 -0.089 0.994 -0.083 -0.088 0.993 -0.128 -0.076 0.989 -0.172 -0.057 0.984 -0.199 -0.037 0.979 -0.207 -0.03 0.978 -0.195 -0.047 0.98 -0.177 -0.075 0.981 -0.162 -0.107 0.981 -0.171 -0.033 0.985 -0.193 0.126 0.973 -0.194 0.133 0.972 -0.2 0.112 0.973 -0.231 0.043 0.972 -0.262 -0.026 0.965 -0.274 -0.043 0.961 -0.268 -0.04 0.962 -0.135 0.046 0.99 -0.074 0.089 0.993 -0.108 0.079 0.991 -0.141 0.074 0.987 -0.161 0.072 0.984 -0.15 0.071 0.986 -0.118 0.063 0.991 -0.075 0.042 0.996 -0.036 0.016 0.999 -0.024 0.003 1 -0.023 0.002 1 -0.024 0.008 1 -0.15 0.225 0.963 -0.266 0.144 0.953 -0.259 0.13 0.957 -0.257 0.127 0.958 -0.255 0.149 0.956 -0.234 0.209 0.949 -0.201 0.269 0.942 -0.165 0.312 0.936 -0.146 0.329 0.933 -0.166 0.318 0.933 -0.206 0.296 0.933 -0.258 0.273 0.927 -0.159 0.28 0.947 0.081 0.299 0.951 0.088 0.3 0.95 0.05 0.314 0.948 -0.065 0.372 0.926 -0.176 0.428 0.887 -0.206 0.448 0.87 -0.203 0.442 0.874 -0.097 0.248 0.964 -0.044 0.164 0.985 -0.055 0.219 0.974 -0.058 0.263 0.963 -0.06 0.285 0.957 -0.064 0.261 0.963 -0.082 0.208 0.975 -0.114 0.148 0.982 -0.153 0.097 0.984 -0.169 0.082 0.982 -0.165 0.082 0.983 -0.15 0.085 0.985 -0.259 0.212 0.942 -0.102 0.19 0.976 -0.097 0.207 0.974 -0.096 0.211 0.973 -0.114 0.195 0.974 -0.179 0.156 0.971 -0.251 0.126 0.96 -0.311 0.113 0.944 -0.335 0.11 0.936 -0.308 0.106 0.946 -0.256 0.097 0.962 -0.194 0.077 0.978 -0.286 0.15 0.947 -0.49 0.296 0.82 -0.496 0.299 0.815 -0.478 0.263 0.838 -0.432 0.131 0.892 -0.38 -0.006 0.925 -0.368 -0.05 0.928 -0.366 -0.042 0.929 -0.317 0.236 0.918 -0.295 0.351 0.888 -0.328 0.294 0.898 -0.36 0.249 0.899 -0.377 0.225 0.898 -0.358 0.242 0.902 -0.307 0.278 0.91 -0.235 0.309 0.922 -0.163 0.325 0.932 -0.138 0.325 0.935 -0.142 0.328 0.934 -0.156 0.337 0.929 0.09 -0.181 0.979 0.017 -0.102 0.995 0.014 -0.105 0.994 0.016 -0.104 0.994 0.033 -0.1 0.994 0.089 -0.1 0.991 0.139 -0.107 0.984 0.165 -0.116 0.98 0.164 -0.114 0.98 0.138 -0.095 0.986 0.103 -0.067 0.992 0.076 -0.037 0.996 0.112 -0.118 0.987 0.189 -0.276 0.942 0.191 -0.282 0.94 0.191 -0.265 0.945 0.202 -0.196 0.959 0.214 -0.127 0.969 0.22 -0.11 0.969 0.215 -0.115 0.97 0.09 -0.247 0.965 0.031 -0.311 0.95 0.066 -0.292 0.954 0.109 -0.275 0.955 0.139 -0.264 0.954 0.14 -0.263 0.955 0.113 -0.264 0.958 0.064 -0.257 0.964 0.01 -0.241 0.971 -0.005 -0.232 0.973 -0.007 -0.23 0.973 -0.005 -0.234 0.972 -0.273 0.036 0.961 -0.311 -0.06 0.948 -0.312 -0.06 0.948 -0.317 -0.056 0.947 -0.329 -0.044 0.943 -0.353 0.003 0.936 -0.368 0.045 0.929 -0.371 0.062 0.927 -0.371 0.053 0.927 -0.376 0.018 0.927 -0.382 -0.025 0.924 -0.39 -0.055 0.919 -0.347 0.012 0.938 -0.263 0.139 0.955 -0.258 0.145 0.955 -0.264 0.142 0.954 -0.303 0.126 0.945 -0.342 0.111 0.933 -0.349 0.11 0.931 -0.342 0.108 0.933 -0.2 0.068 0.977 -0.122 0.048 0.991 -0.149 0.065 0.987 -0.181 0.093 0.979 -0.206 0.117 0.972 -0.212 0.124 0.969 -0.204 0.108 0.973 -0.19 0.066 0.98 -0.18 0.014 0.984 -0.18 -0.004 0.984 -0.182 -0.01 0.983 -0.183 -0.011 0.983 0.052 -0.247 0.968 0.167 -0.131 0.977 0.158 -0.12 0.98 0.155 -0.119 0.981 0.158 -0.144 0.977 0.15 -0.216 0.965 0.128 -0.289 0.949 0.099 -0.341 0.935 0.083 -0.362 0.928 0.103 -0.346 0.933 0.141 -0.314 0.939 0.192 -0.281 0.94 0.081 -0.31 0.947 -0.17 -0.373 0.912 -0.178 -0.375 0.91 -0.137 -0.383 0.914 -0.003 -0.422 0.907 0.129 -0.456 0.881 0.166 -0.47 0.867 0.161 -0.464 0.871 -0.008 -0.285 0.958 -0.087 -0.204 0.975 -0.062 -0.259 0.964 -0.048 -0.304 0.951 -0.041 -0.328 0.944 -0.041 -0.302 0.952 -0.036 -0.244 0.969 -0.014 -0.171 0.985 0.018 -0.106 0.994 0.035 -0.086 0.996 0.032 -0.085 0.996 0.018 -0.09 0.996 0.07 0.302 0.951 -0.083 0.289 0.954 -0.085 0.271 0.959 -0.085 0.265 0.961 -0.07 0.284 0.956 -0.02 0.324 0.946 0.045 0.357 0.933 0.109 0.374 0.921 0.147 0.378 0.914 0.132 0.381 0.915 0.09 0.387 0.918 0.032 0.401 0.916 0.12 0.345 0.931 0.334 0.21 0.919 0.34 0.207 0.917 0.312 0.248 0.917 0.238 0.382 0.893 0.162 0.508 0.846 0.142 0.548 0.824 0.141 0.543 0.828 0.136 0.316 0.939 0.139 0.215 0.967 0.158 0.27 0.95 0.176 0.305 0.936 0.182 0.318 0.931 0.157 0.291 0.944 0.106 0.251 0.962 0.041 0.217 0.975 -0.02 0.197 0.98 -0.044 0.195 0.98 -0.039 0.192 0.981 -0.022 0.183 0.983 -0.191 -0.182 0.965 -0.061 -0.262 0.963 -0.049 -0.248 0.967 -0.045 -0.243 0.969 -0.068 -0.25 0.966 -0.132 -0.253 0.958 -0.205 -0.241 0.949 -0.267 -0.216 0.939 -0.301 -0.196 0.933 -0.291 -0.207 0.934 -0.263 -0.236 0.936 -0.226 -0.282 0.933 -0.261 -0.184 0.948 -0.35 0.053 0.935 -0.353 0.059 0.934 -0.355 0.007 0.935 -0.377 -0.147 0.914 -0.393 -0.296 0.87 -0.403 -0.342 0.849 -0.399 -0.338 0.852 -0.258 -0.156 0.953 -0.199 -0.072 0.977 -0.246 -0.105 0.963 -0.281 -0.123 0.952 -0.293 -0.13 0.947 -0.255 -0.123 0.959 -0.189 -0.12 0.975 -0.117 -0.131 0.984 -0.056 -0.152 0.987 -0.035 -0.165 0.986 -0.038 -0.159 0.987 -0.046 -0.142 0.989 0.242 -0.134 0.961 0.24 -0.004 0.971 0.234 -0.004 0.972 0.236 -0.005 0.972 0.254 -0.015 0.967 0.297 -0.057 0.953 0.331 -0.104 0.938 0.346 -0.137 0.928 0.349 -0.144 0.926 0.346 -0.114 0.931 0.344 -0.068 0.937 0.347 -0.023 0.938 0.31 -0.117 0.944 0.232 -0.308 0.923 0.229 -0.315 0.921 0.246 -0.298 0.922 0.319 -0.243 0.916 0.39 -0.188 0.902 0.41 -0.176 0.895 0.403 -0.177 0.898 0.206 -0.197 0.959 0.106 -0.208 0.972 0.15 -0.218 0.965 0.191 -0.233 0.954 0.219 -0.244 0.945 0.213 -0.239 0.947 0.187 -0.214 0.959 0.153 -0.167 0.974 0.126 -0.113 0.985 0.122 -0.093 0.988 0.121 -0.09 0.988 0.12 -0.096 0.988 -0.142 0.164 0.976 -0.097 0.037 0.995 -0.085 0.039 0.996 -0.084 0.04 0.996 -0.105 0.048 0.993 -0.154 0.082 0.985 -0.199 0.125 0.972 -0.227 0.167 0.959 -0.238 0.189 0.953 -0.234 0.172 0.957 -0.227 0.135 0.965 -0.223 0.088 0.971 -0.2 0.175 0.964 -0.153 0.372 0.916 -0.151 0.379 0.913 -0.172 0.352 0.92 -0.252 0.272 0.929 -0.332 0.191 0.924 -0.358 0.169 0.918 -0.351 0.17 0.921 -0.154 0.222 0.963 -0.066 0.247 0.967 -0.114 0.249 0.962 -0.151 0.256 0.955 -0.168 0.259 0.951 -0.146 0.249 0.957 -0.104 0.222 0.97 -0.059 0.178 0.982 -0.025 0.13 0.991 -0.016 0.109 0.994 -0.015 0.11 0.994 -0.013 0.122 0.993 -0.03 -0.049 0.998 0.067 0 0.998 0.064 0.006 0.998 0.064 0.004 0.998 0.061 -0.014 0.998 0.043 -0.06 0.997 -0.006 -0.128 0.992 -0.014 -0.135 0.991 0.004 -0.125 0.992 0.036 -0.11 0.993 0.071 -0.099 0.993 -0.007 -0.098 0.995 -0.173 -0.102 0.98 -0.18 -0.102 0.978 -0.16 -0.111 0.981 -0.092 -0.151 0.984 -0.026 -0.193 0.981 -0.009 -0.207 0.978 -0.012 -0.201 0.98 -0.084 -0.051 0.995 -0.12 0.018 0.993 -0.115 -0.018 0.993 -0.114 -0.053 0.992 -0.114 -0.074 0.991 -0.111 -0.064 0.992 -0.099 -0.031 0.995 -0.073 0.011 0.997 -0.04 0.048 0.998 -0.025 0.059 0.998 -0.024 0.06 0.998 -0.03 0.059 0.998</float_array><technique_common><accessor source="#ROW_21_SEG3_foliage-nrm-a" count="7298" stride="3"><param name="X" type="float"/><param name="Y" type="float"/><param name="Z" type="float"/></accessor></technique_common></source>
        <vertices id="ROW_21_SEG3_foliage-vtx"><input semantic="POSITION" source="#ROW_21_SEG3_foliage-pos"/></vertices>
        <triangles count="1440" material="MAT_COTTON_LEAF_2-mat"><input semantic="VERTEX" source="#ROW_21_SEG3_foliage-vtx" offset="0"/><input semantic="NORMAL" source="#ROW_21_SEG3_foliage-nrm" offset="1"/><p>0 0 1 1 2 2 0 0 2 2 3 3 0 0 3 3 4 4 0 0 4 4 5 5 0 0 5 5 6 6 0 0 6 6 7 7 0 0 7 7 8 8 0 0 8 8 9 9 0 0 9 9 10 10 0 0 10 10 11 11 0 0 11 11 12 12 0 0 12 12 13 13 0 0 13 13 14 14 0 0 14 14 15 14 0 0 15 14 16 15 0 0 16 15 17 16 0 0 17 16 18 17 0 0 18 17 19 18 0 0 19 18 20 19 0 0 20 19 21 20 0 0 21 20 22 21 0 0 22 21 23 22 0 0 23 22 24 23 0 0 24 23 25 24 0 0 25 24 26 25 0 0 26 25 27 26 0 0 27 26 28 27 0 0 28 27 29 28 0 0 29 28 30 29 0 0 30 29 31 30 32 31 33 32 34 33 32 31 34 33 35 34 32 31 35 34 36 35 32 31 36 35 37 36 32 31 37 36 38 37 32 31 38 37 39 38 32 31 39 38 40 39 32 31 40 39 41 40 32 31 41 40 42 41 32 31 42 41 43 42 32 31 43 42 44 43 32 31 44 43 45 44 32 31 45 44 46 45 32 31 46 45 47 46 32 31 47 46 48 47 32 31 48 47 49 48 32 31 49 48 50 49 32 31 50 49 51 50 32 31 51 50 52 51 32 31 52 51 53 52 32 31 53 52 54 53 32 31 54 53 55 54 32 31 55 54 56 55 32 31 56 55 57 56 32 31 57 56 58 57 32 31 58 57 59 58 32 31 59 58 60 59 32 31 60 59 61 60 32 31 61 60 62 61 32 31 62 61 63 62 64 63 65 64 66 65 64 63 66 65 67 66 64 63 67 66 68 67 64 63 68 67 69 68 64 63 69 68 70 69 64 63 70 69 71 70 64 63 71 70 72 71 64 63 72 71 73 72 64 63 73 72 74 73 64 63 74 73 75 74 64 63 75 74 76 75 64 63 76 75 77 76 64 63 77 76 78 77 64 63 78 77 79 78 64 63 79 78 80 79 64 63 80 79 81 80 64 63 81 80 82 81 64 63 82 81 83 82 64 63 83 82 84 83 64 63 84 83 85 84 64 63 85 84 86 85 64 63 86 85 87 86 64 63 87 86 88 87 64 63 88 87 89 88 64 63 89 88 90 89 64 63 90 89 91 90 64 63 91 90 92 91 64 63 92 91 93 92 64 63 93 92 94 93 64 63 94 93 95 94 96 95 97 96 98 96 96 95 98 96 99 97 96 95 99 97 100 98 96 95 100 98 101 99 96 95 101 99 102 100 96 95 102 100 103 101 96 95 103 101 104 102 96 95 104 102 105 103 96 95 105 103 106 104 96 95 106 104 107 105 96 95 107 105 108 106 96 95 108 106 109 107 96 95 109 107 110 108 96 95 110 108 111 109 96 95 111 109 112 110 96 95 112 110 113 111 96 95 113 111 114 112 96 95 114 112 115 113 96 95 115 113 116 114 96 95 116 114 117 115 96 95 117 115 118 116 96 95 118 116 119 117 96 95 119 117 120 118 96 95 120 118 121 119 96 95 121 119 122 120 96 95 122 120 123 121 96 95 123 121 124 122 96 95 124 122 125 123 96 95 125 123 126 124 96 95 126 124 127 124 128 125 129 126 130 127 128 125 130 127 131 128 128 125 131 128 132 129 128 125 132 129 133 130 128 125 133 130 134 131 128 125 134 131 135 132 128 125 135 132 136 133 128 125 136 133 137 134 128 125 137 134 138 135 128 125 138 135 139 136 128 125 139 136 140 137 128 125 140 137 141 138 128 125 141 138 142 139 128 125 142 139 143 140 128 125 143 140 144 141 128 125 144 141 145 142 128 125 145 142 146 143 128 125 146 143 147 144 128 125 147 144 148 145 128 125 148 145 149 146 128 125 149 146 150 147 128 125 150 147 151 148 128 125 151 148 152 149 128 125 152 149 153 150 128 125 153 150 154 151 128 125 154 151 155 152 128 125 155 152 156 153 128 125 156 153 157 154 128 125 157 154 158 155 128 125 158 155 159 156 160 157 161 158 162 159 160 157 162 159 163 160 160 157 163 160 164 161 160 157 164 161 165 162 160 157 165 162 166 163 160 157 166 163 167 164 160 157 167 164 168 165 160 157 168 165 169 166 160 157 169 166 170 167 160 157 170 167 171 168 160 157 171 168 172 169 160 157 172 169 173 170 160 157 173 170 174 171 160 157 174 171 175 172 160 157 175 172 176 173 160 157 176 173 177 174 160 157 177 174 178 175 160 157 178 175 179 176 160 157 179 176 180 177 160 157 180 177 181 178 160 157 181 178 182 179 160 157 182 179 183 180 160 157 183 180 184 181 160 157 184 181 185 182 160 157 185 182 186 183 160 157 186 183 187 184 160 157 187 184 188 185 160 157 188 185 189 186 160 157 189 186 190 187 160 157 190 187 191 188 192 189 193 190 194 191 192 189 194 191 195 192 192 189 195 192 196 193 192 189 196 193 197 194 192 189 197 194 198 195 192 189 198 195 199 196 192 189 199 196 200 197 192 189 200 197 201 198 192 189 201 198 202 199 192 189 202 199 203 200 192 189 203 200 204 201 192 189 204 201 205 202 192 189 205 202 206 203 192 189 206 203 207 204 192 189 207 204 208 205 192 189 208 205 209 206 192 189 209 206 210 207 192 189 210 207 211 208 192 189 211 208 212 209 192 189 212 209 213 210 192 189 213 210 214 211 192 189 214 211 215 212 192 189 215 212 216 213 192 189 216 213 217 214 192 189 217 214 218 215 192 189 218 215 219 216 192 189 219 216 220 217 192 189 220 217 221 218 192 189 221 218 222 219 192 189 222 219 223 220 224 221 225 222 226 223 224 221 226 223 227 224 224 221 227 224 228 225 224 221 228 225 229 226 224 221 229 226 230 227 224 221 230 227 231 228 224 221 231 228 232 229 224 221 232 229 233 230 224 221 233 230 234 231 224 221 234 231 235 232 224 221 235 232 236 233 224 221 236 233 237 234 224 221 237 234 238 235 224 221 238 235 239 236 224 221 239 236 240 237 224 221 240 237 241 238 224 221 241 238 242 239 224 221 242 239 243 240 224 221 243 240 244 241 224 221 244 241 245 242 224 221 245 242 246 243 224 221 246 243 247 244 224 221 247 244 248 245 224 221 248 245 249 246 224 221 249 246 250 247 224 221 250 247 251 248 224 221 251 248 252 249 224 221 252 249 253 250 224 221 253 250 254 251 224 221 254 251 255 252 256 253 257 254 258 255 256 253 258 255 259 256 256 253 259 256 260 257 256 253 260 257 261 258 256 253 261 258 262 259 256 253 262 259 263 260 256 253 263 260 264 261 256 253 264 261 265 262 256 253 265 262 266 263 256 253 266 263 267 264 256 253 267 264 268 265 256 253 268 265 269 266 256 253 269 266 270 267 256 253 270 267 271 268 256 253 271 268 272 269 256 253 272 269 273 270 256 253 273 270 274 271 256 253 274 271 275 272 256 253 275 272 276 273 256 253 276 273 277 274 256 253 277 274 278 275 256 253 278 275 279 276 256 253 279 276 280 277 256 253 280 277 281 278 256 253 281 278 282 279 256 253 282 279 283 280 256 253 283 280 284 281 256 253 284 281 285 282 256 253 285 282 286 283 256 253 286 283 287 284 288 285 289 286 290 286 288 285 290 286 291 287 288 285 291 287 292 288 288 285 292 288 293 289 288 285 293 289 294 290 288 285 294 290 295 291 288 285 295 291 296 292 288 285 296 292 297 293 288 285 297 293 298 294 288 285 298 294 299 295 288 285 299 295 300 296 288 285 300 296 301 297 288 285 301 297 302 298 288 285 302 298 303 299 288 285 303 299 304 300 288 285 304 300 305 301 288 285 305 301 306 302 288 285 306 302 307 303 288 285 307 303 308 304 288 285 308 304 309 305 288 285 309 305 310 306 288 285 310 306 311 307 288 285 311 307 312 308 288 285 312 308 313 309 288 285 313 309 314 310 288 285 314 310 315 311 288 285 315 311 316 312 288 285 316 312 317 313 288 285 317 313 318 314 288 285 318 314 319 315 320 316 321 317 322 318 320 316 322 318 323 319 320 316 323 319 324 320 320 316 324 320 325 321 320 316 325 321 326 322 320 316 326 322 327 323 320 316 327 323 328 324 320 316 328 324 329 325 320 316 329 325 330 326 320 316 330 326 331 327 320 316 331 327 332 328 320 316 332 328 333 329 320 316 333 329 334 330 320 316 334 330 335 331 320 316 335 331 336 332 320 316 336 332 337 333 320 316 337 333 338 334 320 316 338 334 339 335 320 316 339 335 340 336 320 316 340 336 341 337 320 316 341 337 342 338 320 316 342 338 343 339 320 316 343 339 344 340 320 316 344 340 345 341 320 316 345 341 346 342 320 316 346 342 347 343 320 316 347 343 348 344 320 316 348 344 349 345 320 316 349 345 350 346 320 316 350 346 351 347 352 348 353 349 354 350 352 348 354 350 355 351 352 348 355 351 356 352 352 348 356 352 357 353 352 348 357 353 358 354 352 348 358 354 359 355 352 348 359 355 360 356 352 348 360 356 361 357 352 348 361 357 362 358 352 348 362 358 363 359 352 348 363 359 364 360 352 348 364 360 365 361 352 348 365 361 366 362 352 348 366 362 367 363 352 348 367 363 368 364 352 348 368 364 369 365 352 348 369 365 370 366 352 348 370 366 371 367 352 348 371 367 372 368 352 348 372 368 373 369 352 348 373 369 374 370 352 348 374 370 375 371 352 348 375 371 376 372 352 348 376 372 377 373 352 348 377 373 378 374 352 348 378 374 379 375 352 348 379 375 380 376 352 348 380 376 381 377 352 348 381 377 382 378 352 348 382 378 383 379 384 380 385 381 386 382 384 380 386 382 387 383 384 380 387 383 388 384 384 380 388 384 389 385 384 380 389 385 390 386 384 380 390 386 391 387 384 380 391 387 392 388 384 380 392 388 393 389 384 380 393 389 394 390 384 380 394 390 395 391 384 380 395 391 396 392 384 380 396 392 397 393 384 380 397 393 398 394 384 380 398 394 399 395 384 380 399 395 400 396 384 380 400 396 401 397 384 380 401 397 402 398 384 380 402 398 403 399 384 380 403 399 404 400 384 380 404 400 405 401 384 380 405 401 406 402 384 380 406 402 407 403 384 380 407 403 408 404 384 380 408 404 409 405 384 380 409 405 410 406 384 380 410 406 411 407 384 380 411 407 412 408 384 380 412 408 413 409 384 380 413 409 414 410 384 380 414 410 415 411 416 412 417 413 418 414 416 412 418 414 419 415 416 412 419 415 420 416 416 412 420 416 421 417 416 412 421 417 422 418 416 412 422 418 423 419 416 412 423 419 424 420 416 412 424 420 425 421 416 412 425 421 426 422 416 412 426 422 427 423 416 412 427 423 428 424 416 412 428 424 429 425 416 412 429 425 430 426 416 412 430 426 431 427 416 412 431 427 432 428 416 412 432 428 433 429 416 412 433 429 434 430 416 412 434 430 435 431 416 412 435 431 436 432 416 412 436 432 437 433 416 412 437 433 438 434 416 412 438 434 439 435 416 412 439 435 440 436 416 412 440 436 441 437 416 412 441 437 442 438 416 412 442 438 443 439 416 412 443 439 444 440 416 412 444 440 445 441 416 412 445 441 446 442 416 412 446 442 447 443 448 444 449 445 450 446 448 444 450 446 451 447 448 444 451 447 452 448 448 444 452 448 453 449 448 444 453 449 454 450 448 444 454 450 455 451 448 444 455 451 456 452 448 444 456 452 457 453 448 444 457 453 458 454 448 444 458 454 459 455 448 444 459 455 460 456 448 444 460 456 461 457 448 444 461 457 462 458 448 444 462 458 463 459 448 444 463 459 464 460 448 444 464 460 465 461 448 444 465 461 466 462 448 444 466 462 467 463 448 444 467 463 468 464 448 444 468 464 469 465 448 444 469 465 470 466 448 444 470 466 471 467 448 444 471 467 472 468 448 444 472 468 473 469 448 444 473 469 474 470 448 444 474 470 475 471 448 444 475 471 476 472 448 444 476 472 477 473 448 444 477 473 478 474 448 444 478 474 479 475 480 476 481 477 482 478 480 476 482 478 483 479 480 476 483 479 484 480 480 476 484 480 485 481 480 476 485 481 486 482 480 476 486 482 487 483 480 476 487 483 488 484 480 476 488 484 489 485 480 476 489 485 490 486 480 476 490 486 491 487 480 476 491 487 492 488 480 476 492 488 493 489 480 476 493 489 494 490 480 476 494 490 495 491 480 476 495 491 496 492 480 476 496 492 497 493 480 476 497 493 498 494 480 476 498 494 499 495 480 476 499 495 500 496 480 476 500 496 501 497 480 476 501 497 502 498 480 476 502 498 503 499 480 476 503 499 504 500 480 476 504 500 505 501 480 476 505 501 506 502 480 476 506 502 507 503 480 476 507 503 508 504 480 476 508 504 509 505 480 476 509 505 510 506 480 476 510 506 511 507 512 508 513 509 514 510 512 508 514 510 515 511 512 508 515 511 516 512 512 508 516 512 517 513 512 508 517 513 518 514 512 508 518 514 519 515 512 508 519 515 520 516 512 508 520 516 521 517 512 508 521 517 522 518 512 508 522 518 523 519 512 508 523 519 524 520 512 508 524 520 525 521 512 508 525 521 526 522 512 508 526 522 527 523 512 508 527 523 528 524 512 508 528 524 529 525 512 508 529 525 530 526 512 508 530 526 531 527 512 508 531 527 532 528 512 508 532 528 533 529 512 508 533 529 534 530 512 508 534 530 535 531 512 508 535 531 536 532 512 508 536 532 537 533 512 508 537 533 538 534 512 508 538 534 539 535 512 508 539 535 540 536 512 508 540 536 541 537 512 508 541 537 542 538 512 508 542 538 543 539 544 540 545 541 546 542 544 540 546 542 547 543 544 540 547 543 548 544 544 540 548 544 549 545 544 540 549 545 550 546 544 540 550 546 551 547 544 540 551 547 552 548 544 540 552 548 553 549 544 540 553 549 554 550 544 540 554 550 555 551 544 540 555 551 556 552 544 540 556 552 557 553 544 540 557 553 558 554 544 540 558 554 559 555 544 540 559 555 560 556 544 540 560 556 561 557 544 540 561 557 562 558 544 540 562 558 563 559 544 540 563 559 564 560 544 540 564 560 565 561 544 540 565 561 566 562 544 540 566 562 567 563 544 540 567 563 568 564 544 540 568 564 569 565 544 540 569 565 570 566 544 540 570 566 571 567 544 540 571 567 572 568 544 540 572 568 573 569 544 540 573 569 574 570 544 540 574 570 575 571 576 572 577 573 578 574 576 572 578 574 579 575 576 572 579 575 580 576 576 572 580 576 581 577 576 572 581 577 582 578 576 572 582 578 583 579 576 572 583 579 584 580 576 572 584 580 585 581 576 572 585 581 586 582 576 572 586 582 587 583 576 572 587 583 588 584 576 572 588 584 589 585 576 572 589 585 590 586 576 572 590 586 591 587 576 572 591 587 592 588 576 572 592 588 593 589 576 572 593 589 594 590 576 572 594 590 595 591 576 572 595 591 596 592 576 572 596 592 597 593 576 572 597 593 598 594 576 572 598 594 599 595 576 572 599 595 600 596 576 572 600 596 601 597 576 572 601 597 602 598 576 572 602 598 603 599 576 572 603 599 604 600 576 572 604 600 605 601 576 572 605 601 606 602 576 572 606 602 607 603 608 604 609 605 610 606 608 604 610 606 611 607 608 604 611 607 612 608 608 604 612 608 613 609 608 604 613 609 614 610 608 604 614 610 615 611 608 604 615 611 616 612 608 604 616 612 617 613 608 604 617 613 618 614 608 604 618 614 619 615 608 604 619 615 620 616 608 604 620 616 621 617 608 604 621 617 622 618 608 604 622 618 623 619 608 604 623 619 624 620 608 604 624 620 625 621 608 604 625 621 626 622 608 604 626 622 627 623 608 604 627 623 628 624 608 604 628 624 629 625 608 604 629 625 630 626 608 604 630 626 631 627 608 604 631 627 632 628 608 604 632 628 633 629 608 604 633 629 634 630 608 604 634 630 635 631 608 604 635 631 636 632 608 604 636 632 637 633 608 604 637 633 638 634 608 604 638 634 639 635 640 636 641 637 642 638 640 636 642 638 643 639 640 636 643 639 644 640 640 636 644 640 645 641 640 636 645 641 646 642 640 636 646 642 647 643 640 636 647 643 648 644 640 636 648 644 649 645 640 636 649 645 650 646 640 636 650 646 651 647 640 636 651 647 652 648 640 636 652 648 653 649 640 636 653 649 654 650 640 636 654 650 655 651 640 636 655 651 656 652 640 636 656 652 657 653 640 636 657 653 658 654 640 636 658 654 659 655 640 636 659 655 660 656 640 636 660 656 661 657 640 636 661 657 662 658 640 636 662 658 663 659 640 636 663 659 664 660 640 636 664 660 665 661 640 636 665 661 666 662 640 636 666 662 667 663 640 636 667 663 668 664 640 636 668 664 669 665 640 636 669 665 670 666 640 636 670 666 671 667 672 668 673 669 674 669 672 668 674 669 675 670 672 668 675 670 676 671 672 668 676 671 677 672 672 668 677 672 678 673 672 668 678 673 679 674 672 668 679 674 680 675 672 668 680 675 681 676 672 668 681 676 682 677 672 668 682 677 683 678 672 668 683 678 684 679 672 668 684 679 685 680 672 668 685 680 686 681 672 668 686 681 687 682 672 668 687 682 688 683 672 668 688 683 689 684 672 668 689 684 690 685 672 668 690 685 691 686 672 668 691 686 692 687 672 668 692 687 693 688 672 668 693 688 694 689 672 668 694 689 695 690 672 668 695 690 696 691 672 668 696 691 697 692 672 668 697 692 698 693 672 668 698 693 699 694 672 668 699 694 700 695 672 668 700 695 701 696 672 668 701 696 702 697 672 668 702 697 703 697 704 698 705 699 706 700 704 698 706 700 707 701 704 698 707 701 708 702 704 698 708 702 709 703 704 698 709 703 710 704 704 698 710 704 711 705 704 698 711 705 712 706 704 698 712 706 713 707 704 698 713 707 714 708 704 698 714 708 715 709 704 698 715 709 716 710 704 698 716 710 717 711 704 698 717 711 718 712 704 698 718 712 719 713 704 698 719 713 720 714 704 698 720 714 721 715 704 698 721 715 722 716 704 698 722 716 723 717 704 698 723 717 724 718 704 698 724 718 725 719 704 698 725 719 726 720 704 698 726 720 727 721 704 698 727 721 728 722 704 698 728 722 729 723 704 698 729 723 730 724 704 698 730 724 731 725 704 698 731 725 732 726 704 698 732 726 733 727 704 698 733 727 734 728 704 698 734 728 735 729 736 730 737 731 738 732 736 730 738 732 739 733 736 730 739 733 740 734 736 730 740 734 741 735 736 730 741 735 742 736 736 730 742 736 743 737 736 730 743 737 744 738 736 730 744 738 745 739 736 730 745 739 746 740 736 730 746 740 747 741 736 730 747 741 748 742 736 730 748 742 749 743 736 730 749 743 750 744 736 730 750 744 751 745 736 730 751 745 752 746 736 730 752 746 753 747 736 730 753 747 754 748 736 730 754 748 755 749 736 730 755 749 756 750 736 730 756 750 757 751 736 730 757 751 758 752 736 730 758 752 759 753 736 730 759 753 760 754 736 730 760 754 761 755 736 730 761 755 762 756 736 730 762 756 763 757 736 730 763 757 764 758 736 730 764 758 765 759 736 730 765 759 766 760 736 730 766 760 767 761 0 3649 2 3651 1 3650 0 3649 3 3652 2 3651 0 3649 4 3653 3 3652 0 3649 5 3654 4 3653 0 3649 6 3655 5 3654 0 3649 7 3656 6 3655 0 3649 8 3657 7 3656 0 3649 9 3658 8 3657 0 3649 10 3659 9 3658 0 3649 11 3660 10 3659 0 3649 12 3661 11 3660 0 3649 13 3662 12 3661 0 3649 14 3663 13 3662 0 3649 15 3663 14 3663 0 3649 16 3664 15 3663 0 3649 17 3665 16 3664 0 3649 18 3666 17 3665 0 3649 19 3667 18 3666 0 3649 20 3668 19 3667 0 3649 21 3669 20 3668 0 3649 22 3670 21 3669 0 3649 23 3671 22 3670 0 3649 24 3672 23 3671 0 3649 25 3673 24 3672 0 3649 26 3674 25 3673 0 3649 27 3675 26 3674 0 3649 28 3676 27 3675 0 3649 29 3677 28 3676 0 3649 30 3678 29 3677 0 3649 31 3679 30 3678 32 3680 34 3682 33 3681 32 3680 35 3683 34 3682 32 3680 36 3684 35 3683 32 3680 37 3685 36 3684 32 3680 38 3686 37 3685 32 3680 39 3687 38 3686 32 3680 40 3688 39 3687 32 3680 41 3689 40 3688 32 3680 42 3690 41 3689 32 3680 43 3691 42 3690 32 3680 44 3692 43 3691 32 3680 45 3693 44 3692 32 3680 46 3694 45 3693 32 3680 47 3695 46 3694 32 3680 48 3696 47 3695 32 3680 49 3697 48 3696 32 3680 50 3698 49 3697 32 3680 51 3699 50 3698 32 3680 52 3700 51 3699 32 3680 53 3701 52 3700 32 3680 54 3702 53 3701 32 3680 55 3703 54 3702 32 3680 56 3704 55 3703 32 3680 57 3705 56 3704 32 3680 58 3706 57 3705 32 3680 59 3707 58 3706 32 3680 60 3708 59 3707 32 3680 61 3709 60 3708 32 3680 62 3710 61 3709 32 3680 63 3711 62 3710 64 3712 66 3714 65 3713 64 3712 67 3715 66 3714 64 3712 68 3716 67 3715 64 3712 69 3717 68 3716 64 3712 70 3718 69 3717 64 3712 71 3719 70 3718 64 3712 72 3720 71 3719 64 3712 73 3721 72 3720 64 3712 74 3722 73 3721 64 3712 75 3723 74 3722 64 3712 76 3724 75 3723 64 3712 77 3725 76 3724 64 3712 78 3726 77 3725 64 3712 79 3727 78 3726 64 3712 80 3728 79 3727 64 3712 81 3729 80 3728 64 3712 82 3730 81 3729 64 3712 83 3731 82 3730 64 3712 84 3732 83 3731 64 3712 85 3733 84 3732 64 3712 86 3734 85 3733 64 3712 87 3735 86 3734 64 3712 88 3736 87 3735 64 3712 89 3737 88 3736 64 3712 90 3738 89 3737 64 3712 91 3739 90 3738 64 3712 92 3740 91 3739 64 3712 93 3741 92 3740 64 3712 94 3742 93 3741 64 3712 95 3743 94 3742 96 3744 98 3745 97 3745 96 3744 99 3746 98 3745 96 3744 100 3747 99 3746 96 3744 101 3748 100 3747 96 3744 102 3749 101 3748 96 3744 103 3750 102 3749 96 3744 104 3751 103 3750 96 3744 105 3752 104 3751 96 3744 106 3753 105 3752 96 3744 107 3754 106 3753 96 3744 108 3755 107 3754 96 3744 109 3756 108 3755 96 3744 110 3757 109 3756 96 3744 111 3758 110 3757 96 3744 112 3759 111 3758 96 3744 113 3760 112 3759 96 3744 114 3761 113 3760 96 3744 115 3762 114 3761 96 3744 116 3763 115 3762 96 3744 117 3764 116 3763 96 3744 118 3765 117 3764 96 3744 119 3766 118 3765 96 3744 120 3767 119 3766 96 3744 121 3768 120 3767 96 3744 122 3769 121 3768 96 3744 123 3770 122 3769 96 3744 124 3771 123 3770 96 3744 125 3772 124 3771 96 3744 126 3773 125 3772 96 3744 127 3773 126 3773 128 3774 130 3776 129 3775 128 3774 131 3777 130 3776 128 3774 132 3778 131 3777 128 3774 133 3779 132 3778 128 3774 134 3780 133 3779 128 3774 135 3781 134 3780 128 3774 136 3782 135 3781 128 3774 137 3783 136 3782 128 3774 138 3784 137 3783 128 3774 139 3785 138 3784 128 3774 140 3786 139 3785 128 3774 141 3787 140 3786 128 3774 142 3788 141 3787 128 3774 143 3789 142 3788 128 3774 144 3790 143 3789 128 3774 145 3791 144 3790 128 3774 146 3792 145 3791 128 3774 147 3793 146 3792 128 3774 148 3794 147 3793 128 3774 149 3795 148 3794 128 3774 150 3796 149 3795 128 3774 151 3797 150 3796 128 3774 152 3798 151 3797 128 3774 153 3799 152 3798 128 3774 154 3800 153 3799 128 3774 155 3801 154 3800 128 3774 156 3802 155 3801 128 3774 157 3803 156 3802 128 3774 158 3804 157 3803 128 3774 159 3805 158 3804 160 3806 162 3808 161 3807 160 3806 163 3809 162 3808 160 3806 164 3810 163 3809 160 3806 165 3811 164 3810 160 3806 166 3812 165 3811 160 3806 167 3813 166 3812 160 3806 168 3814 167 3813 160 3806 169 3815 168 3814 160 3806 170 3816 169 3815 160 3806 171 3817 170 3816 160 3806 172 3818 171 3817 160 3806 173 3819 172 3818 160 3806 174 3820 173 3819 160 3806 175 3821 174 3820 160 3806 176 3822 175 3821 160 3806 177 3823 176 3822 160 3806 178 3824 177 3823 160 3806 179 3825 178 3824 160 3806 180 3826 179 3825 160 3806 181 3827 180 3826 160 3806 182 3828 181 3827 160 3806 183 3829 182 3828 160 3806 184 3830 183 3829 160 3806 185 3831 184 3830 160 3806 186 3832 185 3831 160 3806 187 3833 186 3832 160 3806 188 3834 187 3833 160 3806 189 3835 188 3834 160 3806 190 3836 189 3835 160 3806 191 3837 190 3836 192 3838 194 3840 193 3839 192 3838 195 3841 194 3840 192 3838 196 3842 195 3841 192 3838 197 3843 196 3842 192 3838 198 3844 197 3843 192 3838 199 3845 198 3844 192 3838 200 3846 199 3845 192 3838 201 3847 200 3846 192 3838 202 3848 201 3847 192 3838 203 3849 202 3848 192 3838 204 3850 203 3849 192 3838 205 3851 204 3850 192 3838 206 3852 205 3851 192 3838 207 3853 206 3852 192 3838 208 3854 207 3853 192 3838 209 3855 208 3854 192 3838 210 3856 209 3855 192 3838 211 3857 210 3856 192 3838 212 3858 211 3857 192 3838 213 3859 212 3858 192 3838 214 3860 213 3859 192 3838 215 3861 214 3860 192 3838 216 3862 215 3861 192 3838 217 3863 216 3862 192 3838 218 3864 217 3863 192 3838 219 3865 218 3864 192 3838 220 3866 219 3865 192 3838 221 3867 220 3866 192 3838 222 3868 221 3867 192 3838 223 3869 222 3868 224 3870 226 3872 225 3871 224 3870 227 3873 226 3872 224 3870 228 3874 227 3873 224 3870 229 3875 228 3874 224 3870 230 3876 229 3875 224 3870 231 3877 230 3876 224 3870 232 3878 231 3877 224 3870 233 3879 232 3878 224 3870 234 3880 233 3879 224 3870 235 3881 234 3880 224 3870 236 3882 235 3881 224 3870 237 3883 236 3882 224 3870 238 3884 237 3883 224 3870 239 3885 238 3884 224 3870 240 3886 239 3885 224 3870 241 3887 240 3886 224 3870 242 3888 241 3887 224 3870 243 3889 242 3888 224 3870 244 3890 243 3889 224 3870 245 3891 244 3890 224 3870 246 3892 245 3891 224 3870 247 3893 246 3892 224 3870 248 3894 247 3893 224 3870 249 3895 248 3894 224 3870 250 3896 249 3895 224 3870 251 3897 250 3896 224 3870 252 3898 251 3897 224 3870 253 3899 252 3898 224 3870 254 3900 253 3899 224 3870 255 3901 254 3900 256 3902 258 3904 257 3903 256 3902 259 3905 258 3904 256 3902 260 3906 259 3905 256 3902 261 3907 260 3906 256 3902 262 3908 261 3907 256 3902 263 3909 262 3908 256 3902 264 3910 263 3909 256 3902 265 3911 264 3910 256 3902 266 3912 265 3911 256 3902 267 3913 266 3912 256 3902 268 3914 267 3913 256 3902 269 3915 268 3914 256 3902 270 3916 269 3915 256 3902 271 3917 270 3916 256 3902 272 3918 271 3917 256 3902 273 3919 272 3918 256 3902 274 3920 273 3919 256 3902 275 3921 274 3920 256 3902 276 3922 275 3921 256 3902 277 3923 276 3922 256 3902 278 3924 277 3923 256 3902 279 3925 278 3924 256 3902 280 3926 279 3925 256 3902 281 3927 280 3926 256 3902 282 3928 281 3927 256 3902 283 3929 282 3928 256 3902 284 3930 283 3929 256 3902 285 3931 284 3930 256 3902 286 3932 285 3931 256 3902 287 3933 286 3932 288 3934 290 3935 289 3935 288 3934 291 3936 290 3935 288 3934 292 3937 291 3936 288 3934 293 3938 292 3937 288 3934 294 3939 293 3938 288 3934 295 3940 294 3939 288 3934 296 3941 295 3940 288 3934 297 3942 296 3941 288 3934 298 3943 297 3942 288 3934 299 3944 298 3943 288 3934 300 3945 299 3944 288 3934 301 3946 300 3945 288 3934 302 3947 301 3946 288 3934 303 3948 302 3947 288 3934 304 3949 303 3948 288 3934 305 3950 304 3949 288 3934 306 3951 305 3950 288 3934 307 3952 306 3951 288 3934 308 3953 307 3952 288 3934 309 3954 308 3953 288 3934 310 3955 309 3954 288 3934 311 3956 310 3955 288 3934 312 3957 311 3956 288 3934 313 3958 312 3957 288 3934 314 3959 313 3958 288 3934 315 3960 314 3959 288 3934 316 3961 315 3960 288 3934 317 3962 316 3961 288 3934 318 3963 317 3962 288 3934 319 3964 318 3963 320 3965 322 3967 321 3966 320 3965 323 3968 322 3967 320 3965 324 3969 323 3968 320 3965 325 3970 324 3969 320 3965 326 3971 325 3970 320 3965 327 3972 326 3971 320 3965 328 3973 327 3972 320 3965 329 3974 328 3973 320 3965 330 3975 329 3974 320 3965 331 3976 330 3975 320 3965 332 3977 331 3976 320 3965 333 3978 332 3977 320 3965 334 3979 333 3978 320 3965 335 3980 334 3979 320 3965 336 3981 335 3980 320 3965 337 3982 336 3981 320 3965 338 3983 337 3982 320 3965 339 3984 338 3983 320 3965 340 3985 339 3984 320 3965 341 3986 340 3985 320 3965 342 3987 341 3986 320 3965 343 3988 342 3987 320 3965 344 3989 343 3988 320 3965 345 3990 344 3989 320 3965 346 3991 345 3990 320 3965 347 3992 346 3991 320 3965 348 3993 347 3992 320 3965 349 3994 348 3993 320 3965 350 3995 349 3994 320 3965 351 3996 350 3995 352 3997 354 3999 353 3998 352 3997 355 4000 354 3999 352 3997 356 4001 355 4000 352 3997 357 4002 356 4001 352 3997 358 4003 357 4002 352 3997 359 4004 358 4003 352 3997 360 4005 359 4004 352 3997 361 4006 360 4005 352 3997 362 4007 361 4006 352 3997 363 4008 362 4007 352 3997 364 4009 363 4008 352 3997 365 4010 364 4009 352 3997 366 4011 365 4010 352 3997 367 4012 366 4011 352 3997 368 4013 367 4012 352 3997 369 4014 368 4013 352 3997 370 4015 369 4014 352 3997 371 4016 370 4015 352 3997 372 4017 371 4016 352 3997 373 4018 372 4017 352 3997 374 4019 373 4018 352 3997 375 4020 374 4019 352 3997 376 4021 375 4020 352 3997 377 4022 376 4021 352 3997 378 4023 377 4022 352 3997 379 4024 378 4023 352 3997 380 4025 379 4024 352 3997 381 4026 380 4025 352 3997 382 4027 381 4026 352 3997 383 4028 382 4027 384 4029 386 4031 385 4030 384 4029 387 4032 386 4031 384 4029 388 4033 387 4032 384 4029 389 4034 388 4033 384 4029 390 4035 389 4034 384 4029 391 4036 390 4035 384 4029 392 4037 391 4036 384 4029 393 4038 392 4037 384 4029 394 4039 393 4038 384 4029 395 4040 394 4039 384 4029 396 4041 395 4040 384 4029 397 4042 396 4041 384 4029 398 4043 397 4042 384 4029 399 4044 398 4043 384 4029 400 4045 399 4044 384 4029 401 4046 400 4045 384 4029 402 4047 401 4046 384 4029 403 4048 402 4047 384 4029 404 4049 403 4048 384 4029 405 4050 404 4049 384 4029 406 4051 405 4050 384 4029 407 4052 406 4051 384 4029 408 4053 407 4052 384 4029 409 4054 408 4053 384 4029 410 4055 409 4054 384 4029 411 4056 410 4055 384 4029 412 4057 411 4056 384 4029 413 4058 412 4057 384 4029 414 4059 413 4058 384 4029 415 4060 414 4059 416 4061 418 4063 417 4062 416 4061 419 4064 418 4063 416 4061 420 4065 419 4064 416 4061 421 4066 420 4065 416 4061 422 4067 421 4066 416 4061 423 4068 422 4067 416 4061 424 4069 423 4068 416 4061 425 4070 424 4069 416 4061 426 4071 425 4070 416 4061 427 4072 426 4071 416 4061 428 4073 427 4072 416 4061 429 4074 428 4073 416 4061 430 4075 429 4074 416 4061 431 4076 430 4075 416 4061 432 4077 431 4076 416 4061 433 4078 432 4077 416 4061 434 4079 433 4078 416 4061 435 4080 434 4079 416 4061 436 4081 435 4080 416 4061 437 4082 436 4081 416 4061 438 4083 437 4082 416 4061 439 4084 438 4083 416 4061 440 4085 439 4084 416 4061 441 4086 440 4085 416 4061 442 4087 441 4086 416 4061 443 4088 442 4087 416 4061 444 4089 443 4088 416 4061 445 4090 444 4089 416 4061 446 4091 445 4090 416 4061 447 4092 446 4091 448 4093 450 4095 449 4094 448 4093 451 4096 450 4095 448 4093 452 4097 451 4096 448 4093 453 4098 452 4097 448 4093 454 4099 453 4098 448 4093 455 4100 454 4099 448 4093 456 4101 455 4100 448 4093 457 4102 456 4101 448 4093 458 4103 457 4102 448 4093 459 4104 458 4103 448 4093 460 4105 459 4104 448 4093 461 4106 460 4105 448 4093 462 4107 461 4106 448 4093 463 4108 462 4107 448 4093 464 4109 463 4108 448 4093 465 4110 464 4109 448 4093 466 4111 465 4110 448 4093 467 4112 466 4111 448 4093 468 4113 467 4112 448 4093 469 4114 468 4113 448 4093 470 4115 469 4114 448 4093 471 4116 470 4115 448 4093 472 4117 471 4116 448 4093 473 4118 472 4117 448 4093 474 4119 473 4118 448 4093 475 4120 474 4119 448 4093 476 4121 475 4120 448 4093 477 4122 476 4121 448 4093 478 4123 477 4122 448 4093 479 4124 478 4123 480 4125 482 4127 481 4126 480 4125 483 4128 482 4127 480 4125 484 4129 483 4128 480 4125 485 4130 484 4129 480 4125 486 4131 485 4130 480 4125 487 4132 486 4131 480 4125 488 4133 487 4132 480 4125 489 4134 488 4133 480 4125 490 4135 489 4134 480 4125 491 4136 490 4135 480 4125 492 4137 491 4136 480 4125 493 4138 492 4137 480 4125 494 4139 493 4138 480 4125 495 4140 494 4139 480 4125 496 4141 495 4140 480 4125 497 4142 496 4141 480 4125 498 4143 497 4142 480 4125 499 4144 498 4143 480 4125 500 4145 499 4144 480 4125 501 4146 500 4145 480 4125 502 4147 501 4146 480 4125 503 4148 502 4147 480 4125 504 4149 503 4148 480 4125 505 4150 504 4149 480 4125 506 4151 505 4150 480 4125 507 4152 506 4151 480 4125 508 4153 507 4152 480 4125 509 4154 508 4153 480 4125 510 4155 509 4154 480 4125 511 4156 510 4155 512 4157 514 4159 513 4158 512 4157 515 4160 514 4159 512 4157 516 4161 515 4160 512 4157 517 4162 516 4161 512 4157 518 4163 517 4162 512 4157 519 4164 518 4163 512 4157 520 4165 519 4164 512 4157 521 4166 520 4165 512 4157 522 4167 521 4166 512 4157 523 4168 522 4167 512 4157 524 4169 523 4168 512 4157 525 4170 524 4169 512 4157 526 4171 525 4170 512 4157 527 4172 526 4171 512 4157 528 4173 527 4172 512 4157 529 4174 528 4173 512 4157 530 4175 529 4174 512 4157 531 4176 530 4175 512 4157 532 4177 531 4176 512 4157 533 4178 532 4177 512 4157 534 4179 533 4178 512 4157 535 4180 534 4179 512 4157 536 4181 535 4180 512 4157 537 4182 536 4181 512 4157 538 4183 537 4182 512 4157 539 4184 538 4183 512 4157 540 4185 539 4184 512 4157 541 4186 540 4185 512 4157 542 4187 541 4186 512 4157 543 4188 542 4187 544 4189 546 4191 545 4190 544 4189 547 4192 546 4191 544 4189 548 4193 547 4192 544 4189 549 4194 548 4193 544 4189 550 4195 549 4194 544 4189 551 4196 550 4195 544 4189 552 4197 551 4196 544 4189 553 4198 552 4197 544 4189 554 4199 553 4198 544 4189 555 4200 554 4199 544 4189 556 4201 555 4200 544 4189 557 4202 556 4201 544 4189 558 4203 557 4202 544 4189 559 4204 558 4203 544 4189 560 4205 559 4204 544 4189 561 4206 560 4205 544 4189 562 4207 561 4206 544 4189 563 4208 562 4207 544 4189 564 4209 563 4208 544 4189 565 4210 564 4209 544 4189 566 4211 565 4210 544 4189 567 4212 566 4211 544 4189 568 4213 567 4212 544 4189 569 4214 568 4213 544 4189 570 4215 569 4214 544 4189 571 4216 570 4215 544 4189 572 4217 571 4216 544 4189 573 4218 572 4217 544 4189 574 4219 573 4218 544 4189 575 4220 574 4219 576 4221 578 4223 577 4222 576 4221 579 4224 578 4223 576 4221 580 4225 579 4224 576 4221 581 4226 580 4225 576 4221 582 4227 581 4226 576 4221 583 4228 582 4227 576 4221 584 4229 583 4228 576 4221 585 4230 584 4229 576 4221 586 4231 585 4230 576 4221 587 4232 586 4231 576 4221 588 4233 587 4232 576 4221 589 4234 588 4233 576 4221 590 4235 589 4234 576 4221 591 4236 590 4235 576 4221 592 4237 591 4236 576 4221 593 4238 592 4237 576 4221 594 4239 593 4238 576 4221 595 4240 594 4239 576 4221 596 4241 595 4240 576 4221 597 4242 596 4241 576 4221 598 4243 597 4242 576 4221 599 4244 598 4243 576 4221 600 4245 599 4244 576 4221 601 4246 600 4245 576 4221 602 4247 601 4246 576 4221 603 4248 602 4247 576 4221 604 4249 603 4248 576 4221 605 4250 604 4249 576 4221 606 4251 605 4250 576 4221 607 4252 606 4251 608 4253 610 4255 609 4254 608 4253 611 4256 610 4255 608 4253 612 4257 611 4256 608 4253 613 4258 612 4257 608 4253 614 4259 613 4258 608 4253 615 4260 614 4259 608 4253 616 4261 615 4260 608 4253 617 4262 616 4261 608 4253 618 4263 617 4262 608 4253 619 4264 618 4263 608 4253 620 4265 619 4264 608 4253 621 4266 620 4265 608 4253 622 4267 621 4266 608 4253 623 4268 622 4267 608 4253 624 4269 623 4268 608 4253 625 4270 624 4269 608 4253 626 4271 625 4270 608 4253 627 4272 626 4271 608 4253 628 4273 627 4272 608 4253 629 4274 628 4273 608 4253 630 4275 629 4274 608 4253 631 4276 630 4275 608 4253 632 4277 631 4276 608 4253 633 4278 632 4277 608 4253 634 4279 633 4278 608 4253 635 4280 634 4279 608 4253 636 4281 635 4280 608 4253 637 4282 636 4281 608 4253 638 4283 637 4282 608 4253 639 4284 638 4283 640 4285 642 4287 641 4286 640 4285 643 4288 642 4287 640 4285 644 4289 643 4288 640 4285 645 4290 644 4289 640 4285 646 4291 645 4290 640 4285 647 4292 646 4291 640 4285 648 4293 647 4292 640 4285 649 4294 648 4293 640 4285 650 4295 649 4294 640 4285 651 4296 650 4295 640 4285 652 4297 651 4296 640 4285 653 4298 652 4297 640 4285 654 4299 653 4298 640 4285 655 4300 654 4299 640 4285 656 4301 655 4300 640 4285 657 4302 656 4301 640 4285 658 4303 657 4302 640 4285 659 4304 658 4303 640 4285 660 4305 659 4304 640 4285 661 4306 660 4305 640 4285 662 4307 661 4306 640 4285 663 4308 662 4307 640 4285 664 4309 663 4308 640 4285 665 4310 664 4309 640 4285 666 4311 665 4310 640 4285 667 4312 666 4311 640 4285 668 4313 667 4312 640 4285 669 4314 668 4313 640 4285 670 4315 669 4314 640 4285 671 4316 670 4315 672 4317 674 4318 673 4318 672 4317 675 4319 674 4318 672 4317 676 4320 675 4319 672 4317 677 4321 676 4320 672 4317 678 4322 677 4321 672 4317 679 4323 678 4322 672 4317 680 4324 679 4323 672 4317 681 4325 680 4324 672 4317 682 4326 681 4325 672 4317 683 4327 682 4326 672 4317 684 4328 683 4327 672 4317 685 4329 684 4328 672 4317 686 4330 685 4329 672 4317 687 4331 686 4330 672 4317 688 4332 687 4331 672 4317 689 4333 688 4332 672 4317 690 4334 689 4333 672 4317 691 4335 690 4334 672 4317 692 4336 691 4335 672 4317 693 4337 692 4336 672 4317 694 4338 693 4337 672 4317 695 4339 694 4338 672 4317 696 4340 695 4339 672 4317 697 4341 696 4340 672 4317 698 4342 697 4341 672 4317 699 4343 698 4342 672 4317 700 4344 699 4343 672 4317 701 4345 700 4344 672 4317 702 4346 701 4345 672 4317 703 4346 702 4346 704 4347 706 4349 705 4348 704 4347 707 4350 706 4349 704 4347 708 4351 707 4350 704 4347 709 4352 708 4351 704 4347 710 4353 709 4352 704 4347 711 4354 710 4353 704 4347 712 4355 711 4354 704 4347 713 4356 712 4355 704 4347 714 4357 713 4356 704 4347 715 4358 714 4357 704 4347 716 4359 715 4358 704 4347 717 4360 716 4359 704 4347 718 4361 717 4360 704 4347 719 4362 718 4361 704 4347 720 4363 719 4362 704 4347 721 4364 720 4363 704 4347 722 4365 721 4364 704 4347 723 4366 722 4365 704 4347 724 4367 723 4366 704 4347 725 4368 724 4367 704 4347 726 4369 725 4368 704 4347 727 4370 726 4369 704 4347 728 4371 727 4370 704 4347 729 4372 728 4371 704 4347 730 4373 729 4372 704 4347 731 4374 730 4373 704 4347 732 4375 731 4374 704 4347 733 4376 732 4375 704 4347 734 4377 733 4376 704 4347 735 4378 734 4377 736 4379 738 4381 737 4380 736 4379 739 4382 738 4381 736 4379 740 4383 739 4382 736 4379 741 4384 740 4383 736 4379 742 4385 741 4384 736 4379 743 4386 742 4385 736 4379 744 4387 743 4386 736 4379 745 4388 744 4387 736 4379 746 4389 745 4388 736 4379 747 4390 746 4389 736 4379 748 4391 747 4390 736 4379 749 4392 748 4391 736 4379 750 4393 749 4392 736 4379 751 4394 750 4393 736 4379 752 4395 751 4394 736 4379 753 4396 752 4395 736 4379 754 4397 753 4396 736 4379 755 4398 754 4397 736 4379 756 4399 755 4398 736 4379 757 4400 756 4399 736 4379 758 4401 757 4400 736 4379 759 4402 758 4401 736 4379 760 4403 759 4402 736 4379 761 4404 760 4403 736 4379 762 4405 761 4404 736 4379 763 4406 762 4405 736 4379 764 4407 763 4406 736 4379 765 4408 764 4407 736 4379 766 4409 765 4408 736 4379 767 4410 766 4409</p></triangles>
        <triangles count="512" material="MAT_COTTON_COTYL-mat"><input semantic="VERTEX" source="#ROW_21_SEG3_foliage-vtx" offset="0"/><input semantic="NORMAL" source="#ROW_21_SEG3_foliage-nrm" offset="1"/><p>768 762 769 763 770 764 769 763 771 765 770 764 771 765 772 766 770 764 772 766 773 767 770 764 773 767 774 768 770 764 774 768 775 769 770 764 775 769 776 770 770 764 776 770 777 771 770 764 777 771 778 772 770 764 778 772 779 773 770 764 779 773 780 774 770 764 780 774 781 775 770 764 781 775 782 776 770 764 782 776 783 777 770 764 783 777 784 778 770 764 784 778 768 762 770 764 785 779 786 780 787 781 786 780 788 782 787 781 788 782 789 783 787 781 789 783 790 784 787 781 790 784 791 785 787 781 791 785 792 786 787 781 792 786 793 787 787 781 793 787 794 788 787 781 794 788 795 789 787 781 795 789 796 790 787 781 796 790 797 791 787 781 797 791 798 792 787 781 798 792 799 793 787 781 799 793 800 794 787 781 800 794 801 795 787 781 801 795 785 779 787 781 802 796 803 797 804 798 803 797 805 799 804 798 805 799 806 800 804 798 806 800 807 801 804 798 807 801 808 802 804 798 808 802 809 803 804 798 809 803 810 804 804 798 810 804 811 805 804 798 811 805 812 806 804 798 812 806 813 807 804 798 813 807 814 808 804 798 814 808 815 809 804 798 815 809 816 810 804 798 816 810 817 811 804 798 817 811 818 812 804 798 818 812 802 796 804 798 819 813 820 814 821 815 820 814 822 816 821 815 822 816 823 817 821 815 823 817 824 818 821 815 824 818 825 819 821 815 825 819 826 820 821 815 826 820 827 821 821 815 827 821 828 822 821 815 828 822 829 823 821 815 829 823 830 824 821 815 830 824 831 825 821 815 831 825 832 826 821 815 832 826 833 827 821 815 833 827 834 828 821 815 834 828 835 829 821 815 835 829 819 813 821 815 836 830 837 831 838 832 837 831 839 833 838 832 839 833 840 834 838 832 840 834 841 835 838 832 841 835 842 836 838 832 842 836 843 837 838 832 843 837 844 838 838 832 844 838 845 839 838 832 845 839 846 840 838 832 846 840 847 841 838 832 847 841 848 842 838 832 848 842 849 843 838 832 849 843 850 844 838 832 850 844 851 845 838 832 851 845 852 846 838 832 852 846 836 830 838 832 853 847 854 848 855 849 854 848 856 850 855 849 856 850 857 851 855 849 857 851 858 852 855 849 858 852 859 853 855 849 859 853 860 854 855 849 860 854 861 855 855 849 861 855 862 856 855 849 862 856 863 857 855 849 863 857 864 858 855 849 864 858 865 859 855 849 865 859 866 860 855 849 866 860 867 861 855 849 867 861 868 862 855 849 868 862 869 863 855 849 869 863 853 847 855 849 870 864 871 865 872 866 871 865 873 867 872 866 873 867 874 868 872 866 874 868 875 869 872 866 875 869 876 870 872 866 876 870 877 871 872 866 877 871 878 872 872 866 878 872 879 873 872 866 879 873 880 874 872 866 880 874 881 875 872 866 881 875 882 876 872 866 882 876 883 877 872 866 883 877 884 878 872 866 884 878 885 879 872 866 885 879 886 880 872 866 886 880 870 864 872 866 887 881 888 882 889 883 888 882 890 884 889 883 890 884 891 885 889 883 891 885 892 886 889 883 892 886 893 887 889 883 893 887 894 888 889 883 894 888 895 889 889 883 895 889 896 890 889 883 896 890 897 891 889 883 897 891 898 892 889 883 898 892 899 893 889 883 899 893 900 894 889 883 900 894 901 895 889 883 901 895 902 896 889 883 902 896 903 897 889 883 903 897 887 881 889 883 904 898 905 899 906 900 905 899 907 901 906 900 907 901 908 902 906 900 908 902 909 903 906 900 909 903 910 904 906 900 910 904 911 905 906 900 911 905 912 906 906 900 912 906 913 907 906 900 913 907 914 908 906 900 914 908 915 909 906 900 915 909 916 910 906 900 916 910 917 911 906 900 917 911 918 912 906 900 918 912 919 913 906 900 919 913 920 914 906 900 920 914 904 898 906 900 921 915 922 916 923 917 922 916 924 918 923 917 924 918 925 919 923 917 925 919 926 920 923 917 926 920 927 921 923 917 927 921 928 922 923 917 928 922 929 923 923 917 929 923 930 924 923 917 930 924 931 925 923 917 931 925 932 926 923 917 932 926 933 927 923 917 933 927 934 928 923 917 934 928 935 929 923 917 935 929 936 930 923 917 936 930 937 931 923 917 937 931 921 915 923 917 938 932 939 933 940 934 939 933 941 935 940 934 941 935 942 936 940 934 942 936 943 937 940 934 943 937 944 938 940 934 944 938 945 939 940 934 945 939 946 940 940 934 946 940 947 941 940 934 947 941 948 942 940 934 948 942 949 943 940 934 949 943 950 944 940 934 950 944 951 945 940 934 951 945 952 946 940 934 952 946 953 947 940 934 953 947 954 948 940 934 954 948 938 932 940 934 955 949 956 950 957 951 956 950 958 952 957 951 958 952 959 953 957 951 959 953 960 954 957 951 960 954 961 955 957 951 961 955 962 956 957 951 962 956 963 957 957 951 963 957 964 958 957 951 964 958 965 959 957 951 965 959 966 960 957 951 966 960 967 961 957 951 967 961 968 962 957 951 968 962 969 963 957 951 969 963 970 964 957 951 970 964 971 965 957 951 971 965 955 949 957 951 972 966 973 967 974 968 973 967 975 969 974 968 975 969 976 970 974 968 976 970 977 971 974 968 977 971 978 972 974 968 978 972 979 973 974 968 979 973 980 974 974 968 980 974 981 975 974 968 981 975 982 976 974 968 982 976 983 977 974 968 983 977 984 978 974 968 984 978 985 979 974 968 985 979 986 980 974 968 986 980 987 981 974 968 987 981 988 982 974 968 988 982 972 966 974 968 989 983 990 984 991 985 990 984 992 986 991 985 992 986 993 987 991 985 993 987 994 988 991 985 994 988 995 989 991 985 995 989 996 990 991 985 996 990 997 991 991 985 997 991 998 992 991 985 998 992 999 993 991 985 999 993 1000 994 991 985 1000 994 1001 995 991 985 1001 995 1002 996 991 985 1002 996 1003 997 991 985 1003 997 1004 998 991 985 1004 998 1005 999 991 985 1005 999 989 983 991 985 1006 1000 1007 1001 1008 1002 1007 1001 1009 1003 1008 1002 1009 1003 1010 1004 1008 1002 1010 1004 1011 1005 1008 1002 1011 1005 1012 1006 1008 1002 1012 1006 1013 1007 1008 1002 1013 1007 1014 1008 1008 1002 1014 1008 1015 1009 1008 1002 1015 1009 1016 1010 1008 1002 1016 1010 1017 1011 1008 1002 1017 1011 1018 1012 1008 1002 1018 1012 1019 1013 1008 1002 1019 1013 1020 1014 1008 1002 1020 1014 1021 1015 1008 1002 1021 1015 1022 1016 1008 1002 1022 1016 1006 1000 1008 1002 1023 1017 1024 1018 1025 1019 1024 1018 1026 1020 1025 1019 1026 1020 1027 1021 1025 1019 1027 1021 1028 1022 1025 1019 1028 1022 1029 1023 1025 1019 1029 1023 1030 1024 1025 1019 1030 1024 1031 1025 1025 1019 1031 1025 1032 1026 1025 1019 1032 1026 1033 1027 1025 1019 1033 1027 1034 1028 1025 1019 1034 1028 1035 1029 1025 1019 1035 1029 1036 1030 1025 1019 1036 1030 1037 1031 1025 1019 1037 1031 1038 1032 1025 1019 1038 1032 1039 1033 1025 1019 1039 1033 1023 1017 1025 1019 768 4411 770 4413 769 4412 769 4412 770 4413 771 4414 771 4414 770 4413 772 4415 772 4415 770 4413 773 4416 773 4416 770 4413 774 4417 774 4417 770 4413 775 4418 775 4418 770 4413 776 4419 776 4419 770 4413 777 4420 777 4420 770 4413 778 4421 778 4421 770 4413 779 4422 779 4422 770 4413 780 4423 780 4423 770 4413 781 4424 781 4424 770 4413 782 4425 782 4425 770 4413 783 4426 783 4426 770 4413 784 4427 784 4427 770 4413 768 4411 785 4428 787 4430 786 4429 786 4429 787 4430 788 4431 788 4431 787 4430 789 4432 789 4432 787 4430 790 4433 790 4433 787 4430 791 4434 791 4434 787 4430 792 4435 792 4435 787 4430 793 4436 793 4436 787 4430 794 4437 794 4437 787 4430 795 4438 795 4438 787 4430 796 4439 796 4439 787 4430 797 4440 797 4440 787 4430 798 4441 798 4441 787 4430 799 4442 799 4442 787 4430 800 4443 800 4443 787 4430 801 4444 801 4444 787 4430 785 4428 802 4445 804 4447 803 4446 803 4446 804 4447 805 4448 805 4448 804 4447 806 4449 806 4449 804 4447 807 4450 807 4450 804 4447 808 4451 808 4451 804 4447 809 4452 809 4452 804 4447 810 4453 810 4453 804 4447 811 4454 811 4454 804 4447 812 4455 812 4455 804 4447 813 4456 813 4456 804 4447 814 4457 814 4457 804 4447 815 4458 815 4458 804 4447 816 4459 816 4459 804 4447 817 4460 817 4460 804 4447 818 4461 818 4461 804 4447 802 4445 819 4462 821 4464 820 4463 820 4463 821 4464 822 4465 822 4465 821 4464 823 4466 823 4466 821 4464 824 4467 824 4467 821 4464 825 4468 825 4468 821 4464 826 4469 826 4469 821 4464 827 4470 827 4470 821 4464 828 4471 828 4471 821 4464 829 4472 829 4472 821 4464 830 4473 830 4473 821 4464 831 4474 831 4474 821 4464 832 4475 832 4475 821 4464 833 4476 833 4476 821 4464 834 4477 834 4477 821 4464 835 4478 835 4478 821 4464 819 4462 836 4479 838 4481 837 4480 837 4480 838 4481 839 4482 839 4482 838 4481 840 4483 840 4483 838 4481 841 4484 841 4484 838 4481 842 4485 842 4485 838 4481 843 4486 843 4486 838 4481 844 4487 844 4487 838 4481 845 4488 845 4488 838 4481 846 4489 846 4489 838 4481 847 4490 847 4490 838 4481 848 4491 848 4491 838 4481 849 4492 849 4492 838 4481 850 4493 850 4493 838 4481 851 4494 851 4494 838 4481 852 4495 852 4495 838 4481 836 4479 853 4496 855 4498 854 4497 854 4497 855 4498 856 4499 856 4499 855 4498 857 4500 857 4500 855 4498 858 4501 858 4501 855 4498 859 4502 859 4502 855 4498 860 4503 860 4503 855 4498 861 4504 861 4504 855 4498 862 4505 862 4505 855 4498 863 4506 863 4506 855 4498 864 4507 864 4507 855 4498 865 4508 865 4508 855 4498 866 4509 866 4509 855 4498 867 4510 867 4510 855 4498 868 4511 868 4511 855 4498 869 4512 869 4512 855 4498 853 4496 870 4513 872 4515 871 4514 871 4514 872 4515 873 4516 873 4516 872 4515 874 4517 874 4517 872 4515 875 4518 875 4518 872 4515 876 4519 876 4519 872 4515 877 4520 877 4520 872 4515 878 4521 878 4521 872 4515 879 4522 879 4522 872 4515 880 4523 880 4523 872 4515 881 4524 881 4524 872 4515 882 4525 882 4525 872 4515 883 4526 883 4526 872 4515 884 4527 884 4527 872 4515 885 4528 885 4528 872 4515 886 4529 886 4529 872 4515 870 4513 887 4530 889 4532 888 4531 888 4531 889 4532 890 4533 890 4533 889 4532 891 4534 891 4534 889 4532 892 4535 892 4535 889 4532 893 4536 893 4536 889 4532 894 4537 894 4537 889 4532 895 4538 895 4538 889 4532 896 4539 896 4539 889 4532 897 4540 897 4540 889 4532 898 4541 898 4541 889 4532 899 4542 899 4542 889 4532 900 4543 900 4543 889 4532 901 4544 901 4544 889 4532 902 4545 902 4545 889 4532 903 4546 903 4546 889 4532 887 4530 904 4547 906 4549 905 4548 905 4548 906 4549 907 4550 907 4550 906 4549 908 4551 908 4551 906 4549 909 4552 909 4552 906 4549 910 4553 910 4553 906 4549 911 4554 911 4554 906 4549 912 4555 912 4555 906 4549 913 4556 913 4556 906 4549 914 4557 914 4557 906 4549 915 4558 915 4558 906 4549 916 4559 916 4559 906 4549 917 4560 917 4560 906 4549 918 4561 918 4561 906 4549 919 4562 919 4562 906 4549 920 4563 920 4563 906 4549 904 4547 921 4564 923 4566 922 4565 922 4565 923 4566 924 4567 924 4567 923 4566 925 4568 925 4568 923 4566 926 4569 926 4569 923 4566 927 4570 927 4570 923 4566 928 4571 928 4571 923 4566 929 4572 929 4572 923 4566 930 4573 930 4573 923 4566 931 4574 931 4574 923 4566 932 4575 932 4575 923 4566 933 4576 933 4576 923 4566 934 4577 934 4577 923 4566 935 4578 935 4578 923 4566 936 4579 936 4579 923 4566 937 4580 937 4580 923 4566 921 4564 938 4581 940 4583 939 4582 939 4582 940 4583 941 4584 941 4584 940 4583 942 4585 942 4585 940 4583 943 4586 943 4586 940 4583 944 4587 944 4587 940 4583 945 4588 945 4588 940 4583 946 4589 946 4589 940 4583 947 4590 947 4590 940 4583 948 4591 948 4591 940 4583 949 4592 949 4592 940 4583 950 4593 950 4593 940 4583 951 4594 951 4594 940 4583 952 4595 952 4595 940 4583 953 4596 953 4596 940 4583 954 4597 954 4597 940 4583 938 4581 955 4598 957 4600 956 4599 956 4599 957 4600 958 4601 958 4601 957 4600 959 4602 959 4602 957 4600 960 4603 960 4603 957 4600 961 4604 961 4604 957 4600 962 4605 962 4605 957 4600 963 4606 963 4606 957 4600 964 4607 964 4607 957 4600 965 4608 965 4608 957 4600 966 4609 966 4609 957 4600 967 4610 967 4610 957 4600 968 4611 968 4611 957 4600 969 4612 969 4612 957 4600 970 4613 970 4613 957 4600 971 4614 971 4614 957 4600 955 4598 972 4615 974 4617 973 4616 973 4616 974 4617 975 4618 975 4618 974 4617 976 4619 976 4619 974 4617 977 4620 977 4620 974 4617 978 4621 978 4621 974 4617 979 4622 979 4622 974 4617 980 4623 980 4623 974 4617 981 4624 981 4624 974 4617 982 4625 982 4625 974 4617 983 4626 983 4626 974 4617 984 4627 984 4627 974 4617 985 4628 985 4628 974 4617 986 4629 986 4629 974 4617 987 4630 987 4630 974 4617 988 4631 988 4631 974 4617 972 4615 989 4632 991 4634 990 4633 990 4633 991 4634 992 4635 992 4635 991 4634 993 4636 993 4636 991 4634 994 4637 994 4637 991 4634 995 4638 995 4638 991 4634 996 4639 996 4639 991 4634 997 4640 997 4640 991 4634 998 4641 998 4641 991 4634 999 4642 999 4642 991 4634 1000 4643 1000 4643 991 4634 1001 4644 1001 4644 991 4634 1002 4645 1002 4645 991 4634 1003 4646 1003 4646 991 4634 1004 4647 1004 4647 991 4634 1005 4648 1005 4648 991 4634 989 4632 1006 4649 1008 4651 1007 4650 1007 4650 1008 4651 1009 4652 1009 4652 1008 4651 1010 4653 1010 4653 1008 4651 1011 4654 1011 4654 1008 4651 1012 4655 1012 4655 1008 4651 1013 4656 1013 4656 1008 4651 1014 4657 1014 4657 1008 4651 1015 4658 1015 4658 1008 4651 1016 4659 1016 4659 1008 4651 1017 4660 1017 4660 1008 4651 1018 4661 1018 4661 1008 4651 1019 4662 1019 4662 1008 4651 1020 4663 1020 4663 1008 4651 1021 4664 1021 4664 1008 4651 1022 4665 1022 4665 1008 4651 1006 4649 1023 4666 1025 4668 1024 4667 1024 4667 1025 4668 1026 4669 1026 4669 1025 4668 1027 4670 1027 4670 1025 4668 1028 4671 1028 4671 1025 4668 1029 4672 1029 4672 1025 4668 1030 4673 1030 4673 1025 4668 1031 4674 1031 4674 1025 4668 1032 4675 1032 4675 1025 4668 1033 4676 1033 4676 1025 4668 1034 4677 1034 4677 1025 4668 1035 4678 1035 4678 1025 4668 1036 4679 1036 4679 1025 4668 1037 4680 1037 4680 1025 4668 1038 4681 1038 4681 1025 4668 1039 4682 1039 4682 1025 4668 1023 4666</p></triangles>
        <triangles count="1080" material="MAT_COTTON_LEAF_4-mat"><input semantic="VERTEX" source="#ROW_21_SEG3_foliage-vtx" offset="0"/><input semantic="NORMAL" source="#ROW_21_SEG3_foliage-nrm" offset="1"/><p>1040 1034 1041 1035 1042 1036 1040 1034 1042 1036 1043 1037 1040 1034 1043 1037 1044 1038 1040 1034 1044 1038 1045 1039 1040 1034 1045 1039 1046 1040 1040 1034 1046 1040 1047 1041 1040 1034 1047 1041 1048 1042 1040 1034 1048 1042 1049 1043 1040 1034 1049 1043 1050 1044 1040 1034 1050 1044 1051 1045 1040 1034 1051 1045 1052 1046 1040 1034 1052 1046 1053 1047 1040 1034 1053 1047 1054 1048 1040 1034 1054 1048 1055 1049 1040 1034 1055 1049 1056 1050 1040 1034 1056 1050 1057 1051 1040 1034 1057 1051 1058 1052 1040 1034 1058 1052 1059 1053 1040 1034 1059 1053 1060 1054 1040 1034 1060 1054 1061 1055 1040 1034 1061 1055 1062 1056 1040 1034 1062 1056 1063 1057 1040 1034 1063 1057 1064 1058 1040 1034 1064 1058 1065 1059 1040 1034 1065 1059 1066 1060 1040 1034 1066 1060 1067 1061 1040 1034 1067 1061 1068 1062 1040 1034 1068 1062 1069 1063 1040 1034 1069 1063 1070 1064 1040 1034 1070 1064 1071 1065 1072 1066 1073 1067 1074 1068 1072 1066 1074 1068 1075 1069 1072 1066 1075 1069 1076 1070 1072 1066 1076 1070 1077 1071 1072 1066 1077 1071 1078 1072 1072 1066 1078 1072 1079 1073 1072 1066 1079 1073 1080 1074 1072 1066 1080 1074 1081 1075 1072 1066 1081 1075 1082 1076 1072 1066 1082 1076 1083 1077 1072 1066 1083 1077 1084 1078 1072 1066 1084 1078 1085 1079 1072 1066 1085 1079 1086 1080 1072 1066 1086 1080 1087 1081 1072 1066 1087 1081 1088 1082 1072 1066 1088 1082 1089 1083 1072 1066 1089 1083 1090 1084 1072 1066 1090 1084 1091 1085 1072 1066 1091 1085 1092 1086 1072 1066 1092 1086 1093 1087 1072 1066 1093 1087 1094 1088 1072 1066 1094 1088 1095 1089 1072 1066 1095 1089 1096 1090 1072 1066 1096 1090 1097 1091 1072 1066 1097 1091 1098 1092 1072 1066 1098 1092 1099 1093 1072 1066 1099 1093 1100 1094 1072 1066 1100 1094 1101 1095 1072 1066 1101 1095 1102 1096 1072 1066 1102 1096 1103 1097 1104 1098 1105 1099 1106 1100 1104 1098 1106 1100 1107 1101 1104 1098 1107 1101 1108 1102 1104 1098 1108 1102 1109 1103 1104 1098 1109 1103 1110 1104 1104 1098 1110 1104 1111 1105 1104 1098 1111 1105 1112 1106 1104 1098 1112 1106 1113 1107 1104 1098 1113 1107 1114 1108 1104 1098 1114 1108 1115 1109 1104 1098 1115 1109 1116 1110 1104 1098 1116 1110 1117 1111 1104 1098 1117 1111 1118 1112 1104 1098 1118 1112 1119 1113 1104 1098 1119 1113 1120 1114 1104 1098 1120 1114 1121 1115 1104 1098 1121 1115 1122 1116 1104 1098 1122 1116 1123 1117 1104 1098 1123 1117 1124 1118 1104 1098 1124 1118 1125 1119 1104 1098 1125 1119 1126 1120 1104 1098 1126 1120 1127 1121 1104 1098 1127 1121 1128 1122 1104 1098 1128 1122 1129 1123 1104 1098 1129 1123 1130 1124 1104 1098 1130 1124 1131 1125 1104 1098 1131 1125 1132 1126 1104 1098 1132 1126 1133 1127 1104 1098 1133 1127 1134 1128 1104 1098 1134 1128 1135 1129 1136 1130 1137 1131 1138 1132 1136 1130 1138 1132 1139 1133 1136 1130 1139 1133 1140 1134 1136 1130 1140 1134 1141 1135 1136 1130 1141 1135 1142 1136 1136 1130 1142 1136 1143 1137 1136 1130 1143 1137 1144 1138 1136 1130 1144 1138 1145 1139 1136 1130 1145 1139 1146 1140 1136 1130 1146 1140 1147 1141 1136 1130 1147 1141 1148 1142 1136 1130 1148 1142 1149 1143 1136 1130 1149 1143 1150 1144 1136 1130 1150 1144 1151 1145 1136 1130 1151 1145 1152 1146 1136 1130 1152 1146 1153 1147 1136 1130 1153 1147 1154 1148 1136 1130 1154 1148 1155 1149 1136 1130 1155 1149 1156 1150 1136 1130 1156 1150 1157 1151 1136 1130 1157 1151 1158 1152 1136 1130 1158 1152 1159 1153 1136 1130 1159 1153 1160 1154 1136 1130 1160 1154 1161 1155 1136 1130 1161 1155 1162 1156 1136 1130 1162 1156 1163 1157 1136 1130 1163 1157 1164 1158 1136 1130 1164 1158 1165 1159 1136 1130 1165 1159 1166 1160 1136 1130 1166 1160 1167 1161 1168 1162 1169 1163 1170 1164 1168 1162 1170 1164 1171 1165 1168 1162 1171 1165 1172 1166 1168 1162 1172 1166 1173 1167 1168 1162 1173 1167 1174 1168 1168 1162 1174 1168 1175 1169 1168 1162 1175 1169 1176 1170 1168 1162 1176 1170 1177 1171 1168 1162 1177 1171 1178 1172 1168 1162 1178 1172 1179 1173 1168 1162 1179 1173 1180 1174 1168 1162 1180 1174 1181 1175 1168 1162 1181 1175 1182 1176 1168 1162 1182 1176 1183 1177 1168 1162 1183 1177 1184 1178 1168 1162 1184 1178 1185 1179 1168 1162 1185 1179 1186 1180 1168 1162 1186 1180 1187 1181 1168 1162 1187 1181 1188 1182 1168 1162 1188 1182 1189 1183 1168 1162 1189 1183 1190 1184 1168 1162 1190 1184 1191 1185 1168 1162 1191 1185 1192 1186 1168 1162 1192 1186 1193 1187 1168 1162 1193 1187 1194 1188 1168 1162 1194 1188 1195 1189 1168 1162 1195 1189 1196 1190 1168 1162 1196 1190 1197 1191 1168 1162 1197 1191 1198 1192 1168 1162 1198 1192 1199 1193 1200 1194 1201 1195 1202 1196 1200 1194 1202 1196 1203 1197 1200 1194 1203 1197 1204 1198 1200 1194 1204 1198 1205 1199 1200 1194 1205 1199 1206 1200 1200 1194 1206 1200 1207 1201 1200 1194 1207 1201 1208 1202 1200 1194 1208 1202 1209 1203 1200 1194 1209 1203 1210 1204 1200 1194 1210 1204 1211 1205 1200 1194 1211 1205 1212 1206 1200 1194 1212 1206 1213 1207 1200 1194 1213 1207 1214 1208 1200 1194 1214 1208 1215 1209 1200 1194 1215 1209 1216 1210 1200 1194 1216 1210 1217 1211 1200 1194 1217 1211 1218 1212 1200 1194 1218 1212 1219 1213 1200 1194 1219 1213 1220 1214 1200 1194 1220 1214 1221 1215 1200 1194 1221 1215 1222 1216 1200 1194 1222 1216 1223 1217 1200 1194 1223 1217 1224 1218 1200 1194 1224 1218 1225 1219 1200 1194 1225 1219 1226 1220 1200 1194 1226 1220 1227 1221 1200 1194 1227 1221 1228 1222 1200 1194 1228 1222 1229 1223 1200 1194 1229 1223 1230 1224 1200 1194 1230 1224 1231 1225 1232 1226 1233 1227 1234 1228 1232 1226 1234 1228 1235 1229 1232 1226 1235 1229 1236 1230 1232 1226 1236 1230 1237 1231 1232 1226 1237 1231 1238 1232 1232 1226 1238 1232 1239 1233 1232 1226 1239 1233 1240 1234 1232 1226 1240 1234 1241 1235 1232 1226 1241 1235 1242 1236 1232 1226 1242 1236 1243 1237 1232 1226 1243 1237 1244 1238 1232 1226 1244 1238 1245 1239 1232 1226 1245 1239 1246 1240 1232 1226 1246 1240 1247 1241 1232 1226 1247 1241 1248 1242 1232 1226 1248 1242 1249 1243 1232 1226 1249 1243 1250 1244 1232 1226 1250 1244 1251 1245 1232 1226 1251 1245 1252 1246 1232 1226 1252 1246 1253 1247 1232 1226 1253 1247 1254 1248 1232 1226 1254 1248 1255 1249 1232 1226 1255 1249 1256 1250 1232 1226 1256 1250 1257 1251 1232 1226 1257 1251 1258 1252 1232 1226 1258 1252 1259 1253 1232 1226 1259 1253 1260 1254 1232 1226 1260 1254 1261 1255 1232 1226 1261 1255 1262 1256 1232 1226 1262 1256 1263 1257 1264 1258 1265 1259 1266 1260 1264 1258 1266 1260 1267 1261 1264 1258 1267 1261 1268 1262 1264 1258 1268 1262 1269 1263 1264 1258 1269 1263 1270 1264 1264 1258 1270 1264 1271 1265 1264 1258 1271 1265 1272 1266 1264 1258 1272 1266 1273 1267 1264 1258 1273 1267 1274 1268 1264 1258 1274 1268 1275 1269 1264 1258 1275 1269 1276 1270 1264 1258 1276 1270 1277 1271 1264 1258 1277 1271 1278 1272 1264 1258 1278 1272 1279 1273 1264 1258 1279 1273 1280 1274 1264 1258 1280 1274 1281 1275 1264 1258 1281 1275 1282 1276 1264 1258 1282 1276 1283 1277 1264 1258 1283 1277 1284 1278 1264 1258 1284 1278 1285 1279 1264 1258 1285 1279 1286 1280 1264 1258 1286 1280 1287 1281 1264 1258 1287 1281 1288 1282 1264 1258 1288 1282 1289 1283 1264 1258 1289 1283 1290 1284 1264 1258 1290 1284 1291 1285 1264 1258 1291 1285 1292 1286 1264 1258 1292 1286 1293 1287 1264 1258 1293 1287 1294 1288 1264 1258 1294 1288 1295 1289 1296 1290 1297 1291 1298 1292 1296 1290 1298 1292 1299 1293 1296 1290 1299 1293 1300 1294 1296 1290 1300 1294 1301 1295 1296 1290 1301 1295 1302 1296 1296 1290 1302 1296 1303 1297 1296 1290 1303 1297 1304 1298 1296 1290 1304 1298 1305 1299 1296 1290 1305 1299 1306 1300 1296 1290 1306 1300 1307 1301 1296 1290 1307 1301 1308 1302 1296 1290 1308 1302 1309 1303 1296 1290 1309 1303 1310 1304 1296 1290 1310 1304 1311 1305 1296 1290 1311 1305 1312 1306 1296 1290 1312 1306 1313 1307 1296 1290 1313 1307 1314 1308 1296 1290 1314 1308 1315 1309 1296 1290 1315 1309 1316 1310 1296 1290 1316 1310 1317 1311 1296 1290 1317 1311 1318 1312 1296 1290 1318 1312 1319 1313 1296 1290 1319 1313 1320 1314 1296 1290 1320 1314 1321 1315 1296 1290 1321 1315 1322 1316 1296 1290 1322 1316 1323 1317 1296 1290 1323 1317 1324 1318 1296 1290 1324 1318 1325 1319 1296 1290 1325 1319 1326 1320 1296 1290 1326 1320 1327 1321 1328 1322 1329 1323 1330 1324 1328 1322 1330 1324 1331 1325 1328 1322 1331 1325 1332 1326 1328 1322 1332 1326 1333 1327 1328 1322 1333 1327 1334 1328 1328 1322 1334 1328 1335 1329 1328 1322 1335 1329 1336 1330 1328 1322 1336 1330 1337 1331 1328 1322 1337 1331 1338 1332 1328 1322 1338 1332 1339 1333 1328 1322 1339 1333 1340 1334 1328 1322 1340 1334 1341 1335 1328 1322 1341 1335 1342 1336 1328 1322 1342 1336 1343 1337 1328 1322 1343 1337 1344 1338 1328 1322 1344 1338 1345 1339 1328 1322 1345 1339 1346 1340 1328 1322 1346 1340 1347 1341 1328 1322 1347 1341 1348 1342 1328 1322 1348 1342 1349 1343 1328 1322 1349 1343 1350 1344 1328 1322 1350 1344 1351 1345 1328 1322 1351 1345 1352 1346 1328 1322 1352 1346 1353 1347 1328 1322 1353 1347 1354 1348 1328 1322 1354 1348 1355 1349 1328 1322 1355 1349 1356 1350 1328 1322 1356 1350 1357 1351 1328 1322 1357 1351 1358 1352 1328 1322 1358 1352 1359 1353 1360 1354 1361 1355 1362 1356 1360 1354 1362 1356 1363 1357 1360 1354 1363 1357 1364 1358 1360 1354 1364 1358 1365 1359 1360 1354 1365 1359 1366 1360 1360 1354 1366 1360 1367 1361 1360 1354 1367 1361 1368 1362 1360 1354 1368 1362 1369 1363 1360 1354 1369 1363 1370 1364 1360 1354 1370 1364 1371 1365 1360 1354 1371 1365 1372 1366 1360 1354 1372 1366 1373 1367 1360 1354 1373 1367 1374 1368 1360 1354 1374 1368 1375 1369 1360 1354 1375 1369 1376 1370 1360 1354 1376 1370 1377 1371 1360 1354 1377 1371 1378 1372 1360 1354 1378 1372 1379 1373 1360 1354 1379 1373 1380 1374 1360 1354 1380 1374 1381 1375 1360 1354 1381 1375 1382 1376 1360 1354 1382 1376 1383 1377 1360 1354 1383 1377 1384 1378 1360 1354 1384 1378 1385 1379 1360 1354 1385 1379 1386 1380 1360 1354 1386 1380 1387 1381 1360 1354 1387 1381 1388 1382 1360 1354 1388 1382 1389 1383 1360 1354 1389 1383 1390 1384 1360 1354 1390 1384 1391 1385 1392 1386 1393 1387 1394 1388 1392 1386 1394 1388 1395 1389 1392 1386 1395 1389 1396 1390 1392 1386 1396 1390 1397 1391 1392 1386 1397 1391 1398 1392 1392 1386 1398 1392 1399 1393 1392 1386 1399 1393 1400 1394 1392 1386 1400 1394 1401 1395 1392 1386 1401 1395 1402 1396 1392 1386 1402 1396 1403 1397 1392 1386 1403 1397 1404 1398 1392 1386 1404 1398 1405 1399 1392 1386 1405 1399 1406 1400 1392 1386 1406 1400 1407 1401 1392 1386 1407 1401 1408 1402 1392 1386 1408 1402 1409 1403 1392 1386 1409 1403 1410 1404 1392 1386 1410 1404 1411 1405 1392 1386 1411 1405 1412 1406 1392 1386 1412 1406 1413 1407 1392 1386 1413 1407 1414 1408 1392 1386 1414 1408 1415 1409 1392 1386 1415 1409 1416 1410 1392 1386 1416 1410 1417 1411 1392 1386 1417 1411 1418 1412 1392 1386 1418 1412 1419 1413 1392 1386 1419 1413 1420 1414 1392 1386 1420 1414 1421 1415 1392 1386 1421 1415 1422 1416 1392 1386 1422 1416 1423 1417 1424 1418 1425 1419 1426 1420 1424 1418 1426 1420 1427 1421 1424 1418 1427 1421 1428 1422 1424 1418 1428 1422 1429 1423 1424 1418 1429 1423 1430 1424 1424 1418 1430 1424 1431 1425 1424 1418 1431 1425 1432 1426 1424 1418 1432 1426 1433 1427 1424 1418 1433 1427 1434 1428 1424 1418 1434 1428 1435 1429 1424 1418 1435 1429 1436 1430 1424 1418 1436 1430 1437 1431 1424 1418 1437 1431 1438 1432 1424 1418 1438 1432 1439 1433 1424 1418 1439 1433 1440 1434 1424 1418 1440 1434 1441 1435 1424 1418 1441 1435 1442 1436 1424 1418 1442 1436 1443 1437 1424 1418 1443 1437 1444 1438 1424 1418 1444 1438 1445 1439 1424 1418 1445 1439 1446 1440 1424 1418 1446 1440 1447 1441 1424 1418 1447 1441 1448 1442 1424 1418 1448 1442 1449 1443 1424 1418 1449 1443 1450 1444 1424 1418 1450 1444 1451 1445 1424 1418 1451 1445 1452 1446 1424 1418 1452 1446 1453 1447 1424 1418 1453 1447 1454 1448 1424 1418 1454 1448 1455 1449 1456 1450 1457 1451 1458 1452 1456 1450 1458 1452 1459 1453 1456 1450 1459 1453 1460 1454 1456 1450 1460 1454 1461 1455 1456 1450 1461 1455 1462 1456 1456 1450 1462 1456 1463 1457 1456 1450 1463 1457 1464 1458 1456 1450 1464 1458 1465 1459 1456 1450 1465 1459 1466 1460 1456 1450 1466 1460 1467 1461 1456 1450 1467 1461 1468 1462 1456 1450 1468 1462 1469 1463 1456 1450 1469 1463 1470 1464 1456 1450 1470 1464 1471 1465 1456 1450 1471 1465 1472 1466 1456 1450 1472 1466 1473 1467 1456 1450 1473 1467 1474 1468 1456 1450 1474 1468 1475 1469 1456 1450 1475 1469 1476 1470 1456 1450 1476 1470 1477 1471 1456 1450 1477 1471 1478 1472 1456 1450 1478 1472 1479 1473 1456 1450 1479 1473 1480 1474 1456 1450 1480 1474 1481 1475 1456 1450 1481 1475 1482 1476 1456 1450 1482 1476 1483 1477 1456 1450 1483 1477 1484 1478 1456 1450 1484 1478 1485 1479 1456 1450 1485 1479 1486 1480 1456 1450 1486 1480 1487 1481 1488 1482 1489 1483 1490 1484 1488 1482 1490 1484 1491 1485 1488 1482 1491 1485 1492 1486 1488 1482 1492 1486 1493 1487 1488 1482 1493 1487 1494 1488 1488 1482 1494 1488 1495 1489 1488 1482 1495 1489 1496 1490 1488 1482 1496 1490 1497 1491 1488 1482 1497 1491 1498 1492 1488 1482 1498 1492 1499 1493 1488 1482 1499 1493 1500 1494 1488 1482 1500 1494 1501 1495 1488 1482 1501 1495 1502 1496 1488 1482 1502 1496 1503 1497 1488 1482 1503 1497 1504 1498 1488 1482 1504 1498 1505 1499 1488 1482 1505 1499 1506 1500 1488 1482 1506 1500 1507 1501 1488 1482 1507 1501 1508 1502 1488 1482 1508 1502 1509 1503 1488 1482 1509 1503 1510 1504 1488 1482 1510 1504 1511 1505 1488 1482 1511 1505 1512 1506 1488 1482 1512 1506 1513 1507 1488 1482 1513 1507 1514 1508 1488 1482 1514 1508 1515 1509 1488 1482 1515 1509 1516 1510 1488 1482 1516 1510 1517 1511 1488 1482 1517 1511 1518 1512 1488 1482 1518 1512 1519 1513 1520 1514 1521 1515 1522 1516 1520 1514 1522 1516 1523 1517 1520 1514 1523 1517 1524 1518 1520 1514 1524 1518 1525 1519 1520 1514 1525 1519 1526 1520 1520 1514 1526 1520 1527 1521 1520 1514 1527 1521 1528 1522 1520 1514 1528 1522 1529 1523 1520 1514 1529 1523 1530 1524 1520 1514 1530 1524 1531 1525 1520 1514 1531 1525 1532 1526 1520 1514 1532 1526 1533 1527 1520 1514 1533 1527 1534 1528 1520 1514 1534 1528 1535 1529 1520 1514 1535 1529 1536 1530 1520 1514 1536 1530 1537 1531 1520 1514 1537 1531 1538 1532 1520 1514 1538 1532 1539 1533 1520 1514 1539 1533 1540 1534 1520 1514 1540 1534 1541 1535 1520 1514 1541 1535 1542 1536 1520 1514 1542 1536 1543 1537 1520 1514 1543 1537 1544 1538 1520 1514 1544 1538 1545 1539 1520 1514 1545 1539 1546 1540 1520 1514 1546 1540 1547 1541 1520 1514 1547 1541 1548 1542 1520 1514 1548 1542 1549 1543 1520 1514 1549 1543 1550 1544 1520 1514 1550 1544 1551 1545 1552 1546 1553 1547 1554 1548 1552 1546 1554 1548 1555 1549 1552 1546 1555 1549 1556 1550 1552 1546 1556 1550 1557 1551 1552 1546 1557 1551 1558 1552 1552 1546 1558 1552 1559 1553 1552 1546 1559 1553 1560 1554 1552 1546 1560 1554 1561 1555 1552 1546 1561 1555 1562 1556 1552 1546 1562 1556 1563 1557 1552 1546 1563 1557 1564 1558 1552 1546 1564 1558 1565 1559 1552 1546 1565 1559 1566 1560 1552 1546 1566 1560 1567 1561 1552 1546 1567 1561 1568 1562 1552 1546 1568 1562 1569 1563 1552 1546 1569 1563 1570 1564 1552 1546 1570 1564 1571 1565 1552 1546 1571 1565 1572 1566 1552 1546 1572 1566 1573 1567 1552 1546 1573 1567 1574 1568 1552 1546 1574 1568 1575 1569 1552 1546 1575 1569 1576 1570 1552 1546 1576 1570 1577 1571 1552 1546 1577 1571 1578 1572 1552 1546 1578 1572 1579 1573 1552 1546 1579 1573 1580 1574 1552 1546 1580 1574 1581 1575 1552 1546 1581 1575 1582 1576 1552 1546 1582 1576 1583 1577 1584 1578 1585 1579 1586 1580 1584 1578 1586 1580 1587 1581 1584 1578 1587 1581 1588 1582 1584 1578 1588 1582 1589 1583 1584 1578 1589 1583 1590 1584 1584 1578 1590 1584 1591 1585 1584 1578 1591 1585 1592 1586 1584 1578 1592 1586 1593 1587 1584 1578 1593 1587 1594 1588 1584 1578 1594 1588 1595 1589 1584 1578 1595 1589 1596 1590 1584 1578 1596 1590 1597 1591 1584 1578 1597 1591 1598 1592 1584 1578 1598 1592 1599 1593 1584 1578 1599 1593 1600 1594 1584 1578 1600 1594 1601 1595 1584 1578 1601 1595 1602 1596 1584 1578 1602 1596 1603 1597 1584 1578 1603 1597 1604 1598 1584 1578 1604 1598 1605 1599 1584 1578 1605 1599 1606 1600 1584 1578 1606 1600 1607 1601 1584 1578 1607 1601 1608 1602 1584 1578 1608 1602 1609 1603 1584 1578 1609 1603 1610 1604 1584 1578 1610 1604 1611 1605 1584 1578 1611 1605 1612 1606 1584 1578 1612 1606 1613 1607 1584 1578 1613 1607 1614 1608 1584 1578 1614 1608 1615 1609 1040 4683 1042 4685 1041 4684 1040 4683 1043 4686 1042 4685 1040 4683 1044 4687 1043 4686 1040 4683 1045 4688 1044 4687 1040 4683 1046 4689 1045 4688 1040 4683 1047 4690 1046 4689 1040 4683 1048 4691 1047 4690 1040 4683 1049 4692 1048 4691 1040 4683 1050 4693 1049 4692 1040 4683 1051 4694 1050 4693 1040 4683 1052 4695 1051 4694 1040 4683 1053 4696 1052 4695 1040 4683 1054 4697 1053 4696 1040 4683 1055 4698 1054 4697 1040 4683 1056 4699 1055 4698 1040 4683 1057 4700 1056 4699 1040 4683 1058 4701 1057 4700 1040 4683 1059 4702 1058 4701 1040 4683 1060 4703 1059 4702 1040 4683 1061 4704 1060 4703 1040 4683 1062 4705 1061 4704 1040 4683 1063 4706 1062 4705 1040 4683 1064 4707 1063 4706 1040 4683 1065 4708 1064 4707 1040 4683 1066 4709 1065 4708 1040 4683 1067 4710 1066 4709 1040 4683 1068 4711 1067 4710 1040 4683 1069 4712 1068 4711 1040 4683 1070 4713 1069 4712 1040 4683 1071 4714 1070 4713 1072 4715 1074 4717 1073 4716 1072 4715 1075 4718 1074 4717 1072 4715 1076 4719 1075 4718 1072 4715 1077 4720 1076 4719 1072 4715 1078 4721 1077 4720 1072 4715 1079 4722 1078 4721 1072 4715 1080 4723 1079 4722 1072 4715 1081 4724 1080 4723 1072 4715 1082 4725 1081 4724 1072 4715 1083 4726 1082 4725 1072 4715 1084 4727 1083 4726 1072 4715 1085 4728 1084 4727 1072 4715 1086 4729 1085 4728 1072 4715 1087 4730 1086 4729 1072 4715 1088 4731 1087 4730 1072 4715 1089 4732 1088 4731 1072 4715 1090 4733 1089 4732 1072 4715 1091 4734 1090 4733 1072 4715 1092 4735 1091 4734 1072 4715 1093 4736 1092 4735 1072 4715 1094 4737 1093 4736 1072 4715 1095 4738 1094 4737 1072 4715 1096 4739 1095 4738 1072 4715 1097 4740 1096 4739 1072 4715 1098 4741 1097 4740 1072 4715 1099 4742 1098 4741 1072 4715 1100 4743 1099 4742 1072 4715 1101 4744 1100 4743 1072 4715 1102 4745 1101 4744 1072 4715 1103 4746 1102 4745 1104 4747 1106 4749 1105 4748 1104 4747 1107 4750 1106 4749 1104 4747 1108 4751 1107 4750 1104 4747 1109 4752 1108 4751 1104 4747 1110 4753 1109 4752 1104 4747 1111 4754 1110 4753 1104 4747 1112 4755 1111 4754 1104 4747 1113 4756 1112 4755 1104 4747 1114 4757 1113 4756 1104 4747 1115 4758 1114 4757 1104 4747 1116 4759 1115 4758 1104 4747 1117 4760 1116 4759 1104 4747 1118 4761 1117 4760 1104 4747 1119 4762 1118 4761 1104 4747 1120 4763 1119 4762 1104 4747 1121 4764 1120 4763 1104 4747 1122 4765 1121 4764 1104 4747 1123 4766 1122 4765 1104 4747 1124 4767 1123 4766 1104 4747 1125 4768 1124 4767 1104 4747 1126 4769 1125 4768 1104 4747 1127 4770 1126 4769 1104 4747 1128 4771 1127 4770 1104 4747 1129 4772 1128 4771 1104 4747 1130 4773 1129 4772 1104 4747 1131 4774 1130 4773 1104 4747 1132 4775 1131 4774 1104 4747 1133 4776 1132 4775 1104 4747 1134 4777 1133 4776 1104 4747 1135 4778 1134 4777 1136 4779 1138 4781 1137 4780 1136 4779 1139 4782 1138 4781 1136 4779 1140 4783 1139 4782 1136 4779 1141 4784 1140 4783 1136 4779 1142 4785 1141 4784 1136 4779 1143 4786 1142 4785 1136 4779 1144 4787 1143 4786 1136 4779 1145 4788 1144 4787 1136 4779 1146 4789 1145 4788 1136 4779 1147 4790 1146 4789 1136 4779 1148 4791 1147 4790 1136 4779 1149 4792 1148 4791 1136 4779 1150 4793 1149 4792 1136 4779 1151 4794 1150 4793 1136 4779 1152 4795 1151 4794 1136 4779 1153 4796 1152 4795 1136 4779 1154 4797 1153 4796 1136 4779 1155 4798 1154 4797 1136 4779 1156 4799 1155 4798 1136 4779 1157 4800 1156 4799 1136 4779 1158 4801 1157 4800 1136 4779 1159 4802 1158 4801 1136 4779 1160 4803 1159 4802 1136 4779 1161 4804 1160 4803 1136 4779 1162 4805 1161 4804 1136 4779 1163 4806 1162 4805 1136 4779 1164 4807 1163 4806 1136 4779 1165 4808 1164 4807 1136 4779 1166 4809 1165 4808 1136 4779 1167 4810 1166 4809 1168 4811 1170 4813 1169 4812 1168 4811 1171 4814 1170 4813 1168 4811 1172 4815 1171 4814 1168 4811 1173 4816 1172 4815 1168 4811 1174 4817 1173 4816 1168 4811 1175 4818 1174 4817 1168 4811 1176 4819 1175 4818 1168 4811 1177 4820 1176 4819 1168 4811 1178 4821 1177 4820 1168 4811 1179 4822 1178 4821 1168 4811 1180 4823 1179 4822 1168 4811 1181 4824 1180 4823 1168 4811 1182 4825 1181 4824 1168 4811 1183 4826 1182 4825 1168 4811 1184 4827 1183 4826 1168 4811 1185 4828 1184 4827 1168 4811 1186 4829 1185 4828 1168 4811 1187 4830 1186 4829 1168 4811 1188 4831 1187 4830 1168 4811 1189 4832 1188 4831 1168 4811 1190 4833 1189 4832 1168 4811 1191 4834 1190 4833 1168 4811 1192 4835 1191 4834 1168 4811 1193 4836 1192 4835 1168 4811 1194 4837 1193 4836 1168 4811 1195 4838 1194 4837 1168 4811 1196 4839 1195 4838 1168 4811 1197 4840 1196 4839 1168 4811 1198 4841 1197 4840 1168 4811 1199 4842 1198 4841 1200 4843 1202 4845 1201 4844 1200 4843 1203 4846 1202 4845 1200 4843 1204 4847 1203 4846 1200 4843 1205 4848 1204 4847 1200 4843 1206 4849 1205 4848 1200 4843 1207 4850 1206 4849 1200 4843 1208 4851 1207 4850 1200 4843 1209 4852 1208 4851 1200 4843 1210 4853 1209 4852 1200 4843 1211 4854 1210 4853 1200 4843 1212 4855 1211 4854 1200 4843 1213 4856 1212 4855 1200 4843 1214 4857 1213 4856 1200 4843 1215 4858 1214 4857 1200 4843 1216 4859 1215 4858 1200 4843 1217 4860 1216 4859 1200 4843 1218 4861 1217 4860 1200 4843 1219 4862 1218 4861 1200 4843 1220 4863 1219 4862 1200 4843 1221 4864 1220 4863 1200 4843 1222 4865 1221 4864 1200 4843 1223 4866 1222 4865 1200 4843 1224 4867 1223 4866 1200 4843 1225 4868 1224 4867 1200 4843 1226 4869 1225 4868 1200 4843 1227 4870 1226 4869 1200 4843 1228 4871 1227 4870 1200 4843 1229 4872 1228 4871 1200 4843 1230 4873 1229 4872 1200 4843 1231 4874 1230 4873 1232 4875 1234 4877 1233 4876 1232 4875 1235 4878 1234 4877 1232 4875 1236 4879 1235 4878 1232 4875 1237 4880 1236 4879 1232 4875 1238 4881 1237 4880 1232 4875 1239 4882 1238 4881 1232 4875 1240 4883 1239 4882 1232 4875 1241 4884 1240 4883 1232 4875 1242 4885 1241 4884 1232 4875 1243 4886 1242 4885 1232 4875 1244 4887 1243 4886 1232 4875 1245 4888 1244 4887 1232 4875 1246 4889 1245 4888 1232 4875 1247 4890 1246 4889 1232 4875 1248 4891 1247 4890 1232 4875 1249 4892 1248 4891 1232 4875 1250 4893 1249 4892 1232 4875 1251 4894 1250 4893 1232 4875 1252 4895 1251 4894 1232 4875 1253 4896 1252 4895 1232 4875 1254 4897 1253 4896 1232 4875 1255 4898 1254 4897 1232 4875 1256 4899 1255 4898 1232 4875 1257 4900 1256 4899 1232 4875 1258 4901 1257 4900 1232 4875 1259 4902 1258 4901 1232 4875 1260 4903 1259 4902 1232 4875 1261 4904 1260 4903 1232 4875 1262 4905 1261 4904 1232 4875 1263 4906 1262 4905 1264 4907 1266 4909 1265 4908 1264 4907 1267 4910 1266 4909 1264 4907 1268 4911 1267 4910 1264 4907 1269 4912 1268 4911 1264 4907 1270 4913 1269 4912 1264 4907 1271 4914 1270 4913 1264 4907 1272 4915 1271 4914 1264 4907 1273 4916 1272 4915 1264 4907 1274 4917 1273 4916 1264 4907 1275 4918 1274 4917 1264 4907 1276 4919 1275 4918 1264 4907 1277 4920 1276 4919 1264 4907 1278 4921 1277 4920 1264 4907 1279 4922 1278 4921 1264 4907 1280 4923 1279 4922 1264 4907 1281 4924 1280 4923 1264 4907 1282 4925 1281 4924 1264 4907 1283 4926 1282 4925 1264 4907 1284 4927 1283 4926 1264 4907 1285 4928 1284 4927 1264 4907 1286 4929 1285 4928 1264 4907 1287 4930 1286 4929 1264 4907 1288 4931 1287 4930 1264 4907 1289 4932 1288 4931 1264 4907 1290 4933 1289 4932 1264 4907 1291 4934 1290 4933 1264 4907 1292 4935 1291 4934 1264 4907 1293 4936 1292 4935 1264 4907 1294 4937 1293 4936 1264 4907 1295 4938 1294 4937 1296 4939 1298 4941 1297 4940 1296 4939 1299 4942 1298 4941 1296 4939 1300 4943 1299 4942 1296 4939 1301 4944 1300 4943 1296 4939 1302 4945 1301 4944 1296 4939 1303 4946 1302 4945 1296 4939 1304 4947 1303 4946 1296 4939 1305 4948 1304 4947 1296 4939 1306 4949 1305 4948 1296 4939 1307 4950 1306 4949 1296 4939 1308 4951 1307 4950 1296 4939 1309 4952 1308 4951 1296 4939 1310 4953 1309 4952 1296 4939 1311 4954 1310 4953 1296 4939 1312 4955 1311 4954 1296 4939 1313 4956 1312 4955 1296 4939 1314 4957 1313 4956 1296 4939 1315 4958 1314 4957 1296 4939 1316 4959 1315 4958 1296 4939 1317 4960 1316 4959 1296 4939 1318 4961 1317 4960 1296 4939 1319 4962 1318 4961 1296 4939 1320 4963 1319 4962 1296 4939 1321 4964 1320 4963 1296 4939 1322 4965 1321 4964 1296 4939 1323 4966 1322 4965 1296 4939 1324 4967 1323 4966 1296 4939 1325 4968 1324 4967 1296 4939 1326 4969 1325 4968 1296 4939 1327 4970 1326 4969 1328 4971 1330 4973 1329 4972 1328 4971 1331 4974 1330 4973 1328 4971 1332 4975 1331 4974 1328 4971 1333 4976 1332 4975 1328 4971 1334 4977 1333 4976 1328 4971 1335 4978 1334 4977 1328 4971 1336 4979 1335 4978 1328 4971 1337 4980 1336 4979 1328 4971 1338 4981 1337 4980 1328 4971 1339 4982 1338 4981 1328 4971 1340 4983 1339 4982 1328 4971 1341 4984 1340 4983 1328 4971 1342 4985 1341 4984 1328 4971 1343 4986 1342 4985 1328 4971 1344 4987 1343 4986 1328 4971 1345 4988 1344 4987 1328 4971 1346 4989 1345 4988 1328 4971 1347 4990 1346 4989 1328 4971 1348 4991 1347 4990 1328 4971 1349 4992 1348 4991 1328 4971 1350 4993 1349 4992 1328 4971 1351 4994 1350 4993 1328 4971 1352 4995 1351 4994 1328 4971 1353 4996 1352 4995 1328 4971 1354 4997 1353 4996 1328 4971 1355 4998 1354 4997 1328 4971 1356 4999 1355 4998 1328 4971 1357 5000 1356 4999 1328 4971 1358 5001 1357 5000 1328 4971 1359 5002 1358 5001 1360 5003 1362 5005 1361 5004 1360 5003 1363 5006 1362 5005 1360 5003 1364 5007 1363 5006 1360 5003 1365 5008 1364 5007 1360 5003 1366 5009 1365 5008 1360 5003 1367 5010 1366 5009 1360 5003 1368 5011 1367 5010 1360 5003 1369 5012 1368 5011 1360 5003 1370 5013 1369 5012 1360 5003 1371 5014 1370 5013 1360 5003 1372 5015 1371 5014 1360 5003 1373 5016 1372 5015 1360 5003 1374 5017 1373 5016 1360 5003 1375 5018 1374 5017 1360 5003 1376 5019 1375 5018 1360 5003 1377 5020 1376 5019 1360 5003 1378 5021 1377 5020 1360 5003 1379 5022 1378 5021 1360 5003 1380 5023 1379 5022 1360 5003 1381 5024 1380 5023 1360 5003 1382 5025 1381 5024 1360 5003 1383 5026 1382 5025 1360 5003 1384 5027 1383 5026 1360 5003 1385 5028 1384 5027 1360 5003 1386 5029 1385 5028 1360 5003 1387 5030 1386 5029 1360 5003 1388 5031 1387 5030 1360 5003 1389 5032 1388 5031 1360 5003 1390 5033 1389 5032 1360 5003 1391 5034 1390 5033 1392 5035 1394 5037 1393 5036 1392 5035 1395 5038 1394 5037 1392 5035 1396 5039 1395 5038 1392 5035 1397 5040 1396 5039 1392 5035 1398 5041 1397 5040 1392 5035 1399 5042 1398 5041 1392 5035 1400 5043 1399 5042 1392 5035 1401 5044 1400 5043 1392 5035 1402 5045 1401 5044 1392 5035 1403 5046 1402 5045 1392 5035 1404 5047 1403 5046 1392 5035 1405 5048 1404 5047 1392 5035 1406 5049 1405 5048 1392 5035 1407 5050 1406 5049 1392 5035 1408 5051 1407 5050 1392 5035 1409 5052 1408 5051 1392 5035 1410 5053 1409 5052 1392 5035 1411 5054 1410 5053 1392 5035 1412 5055 1411 5054 1392 5035 1413 5056 1412 5055 1392 5035 1414 5057 1413 5056 1392 5035 1415 5058 1414 5057 1392 5035 1416 5059 1415 5058 1392 5035 1417 5060 1416 5059 1392 5035 1418 5061 1417 5060 1392 5035 1419 5062 1418 5061 1392 5035 1420 5063 1419 5062 1392 5035 1421 5064 1420 5063 1392 5035 1422 5065 1421 5064 1392 5035 1423 5066 1422 5065 1424 5067 1426 5069 1425 5068 1424 5067 1427 5070 1426 5069 1424 5067 1428 5071 1427 5070 1424 5067 1429 5072 1428 5071 1424 5067 1430 5073 1429 5072 1424 5067 1431 5074 1430 5073 1424 5067 1432 5075 1431 5074 1424 5067 1433 5076 1432 5075 1424 5067 1434 5077 1433 5076 1424 5067 1435 5078 1434 5077 1424 5067 1436 5079 1435 5078 1424 5067 1437 5080 1436 5079 1424 5067 1438 5081 1437 5080 1424 5067 1439 5082 1438 5081 1424 5067 1440 5083 1439 5082 1424 5067 1441 5084 1440 5083 1424 5067 1442 5085 1441 5084 1424 5067 1443 5086 1442 5085 1424 5067 1444 5087 1443 5086 1424 5067 1445 5088 1444 5087 1424 5067 1446 5089 1445 5088 1424 5067 1447 5090 1446 5089 1424 5067 1448 5091 1447 5090 1424 5067 1449 5092 1448 5091 1424 5067 1450 5093 1449 5092 1424 5067 1451 5094 1450 5093 1424 5067 1452 5095 1451 5094 1424 5067 1453 5096 1452 5095 1424 5067 1454 5097 1453 5096 1424 5067 1455 5098 1454 5097 1456 5099 1458 5101 1457 5100 1456 5099 1459 5102 1458 5101 1456 5099 1460 5103 1459 5102 1456 5099 1461 5104 1460 5103 1456 5099 1462 5105 1461 5104 1456 5099 1463 5106 1462 5105 1456 5099 1464 5107 1463 5106 1456 5099 1465 5108 1464 5107 1456 5099 1466 5109 1465 5108 1456 5099 1467 5110 1466 5109 1456 5099 1468 5111 1467 5110 1456 5099 1469 5112 1468 5111 1456 5099 1470 5113 1469 5112 1456 5099 1471 5114 1470 5113 1456 5099 1472 5115 1471 5114 1456 5099 1473 5116 1472 5115 1456 5099 1474 5117 1473 5116 1456 5099 1475 5118 1474 5117 1456 5099 1476 5119 1475 5118 1456 5099 1477 5120 1476 5119 1456 5099 1478 5121 1477 5120 1456 5099 1479 5122 1478 5121 1456 5099 1480 5123 1479 5122 1456 5099 1481 5124 1480 5123 1456 5099 1482 5125 1481 5124 1456 5099 1483 5126 1482 5125 1456 5099 1484 5127 1483 5126 1456 5099 1485 5128 1484 5127 1456 5099 1486 5129 1485 5128 1456 5099 1487 5130 1486 5129 1488 5131 1490 5133 1489 5132 1488 5131 1491 5134 1490 5133 1488 5131 1492 5135 1491 5134 1488 5131 1493 5136 1492 5135 1488 5131 1494 5137 1493 5136 1488 5131 1495 5138 1494 5137 1488 5131 1496 5139 1495 5138 1488 5131 1497 5140 1496 5139 1488 5131 1498 5141 1497 5140 1488 5131 1499 5142 1498 5141 1488 5131 1500 5143 1499 5142 1488 5131 1501 5144 1500 5143 1488 5131 1502 5145 1501 5144 1488 5131 1503 5146 1502 5145 1488 5131 1504 5147 1503 5146 1488 5131 1505 5148 1504 5147 1488 5131 1506 5149 1505 5148 1488 5131 1507 5150 1506 5149 1488 5131 1508 5151 1507 5150 1488 5131 1509 5152 1508 5151 1488 5131 1510 5153 1509 5152 1488 5131 1511 5154 1510 5153 1488 5131 1512 5155 1511 5154 1488 5131 1513 5156 1512 5155 1488 5131 1514 5157 1513 5156 1488 5131 1515 5158 1514 5157 1488 5131 1516 5159 1515 5158 1488 5131 1517 5160 1516 5159 1488 5131 1518 5161 1517 5160 1488 5131 1519 5162 1518 5161 1520 5163 1522 5165 1521 5164 1520 5163 1523 5166 1522 5165 1520 5163 1524 5167 1523 5166 1520 5163 1525 5168 1524 5167 1520 5163 1526 5169 1525 5168 1520 5163 1527 5170 1526 5169 1520 5163 1528 5171 1527 5170 1520 5163 1529 5172 1528 5171 1520 5163 1530 5173 1529 5172 1520 5163 1531 5174 1530 5173 1520 5163 1532 5175 1531 5174 1520 5163 1533 5176 1532 5175 1520 5163 1534 5177 1533 5176 1520 5163 1535 5178 1534 5177 1520 5163 1536 5179 1535 5178 1520 5163 1537 5180 1536 5179 1520 5163 1538 5181 1537 5180 1520 5163 1539 5182 1538 5181 1520 5163 1540 5183 1539 5182 1520 5163 1541 5184 1540 5183 1520 5163 1542 5185 1541 5184 1520 5163 1543 5186 1542 5185 1520 5163 1544 5187 1543 5186 1520 5163 1545 5188 1544 5187 1520 5163 1546 5189 1545 5188 1520 5163 1547 5190 1546 5189 1520 5163 1548 5191 1547 5190 1520 5163 1549 5192 1548 5191 1520 5163 1550 5193 1549 5192 1520 5163 1551 5194 1550 5193 1552 5195 1554 5197 1553 5196 1552 5195 1555 5198 1554 5197 1552 5195 1556 5199 1555 5198 1552 5195 1557 5200 1556 5199 1552 5195 1558 5201 1557 5200 1552 5195 1559 5202 1558 5201 1552 5195 1560 5203 1559 5202 1552 5195 1561 5204 1560 5203 1552 5195 1562 5205 1561 5204 1552 5195 1563 5206 1562 5205 1552 5195 1564 5207 1563 5206 1552 5195 1565 5208 1564 5207 1552 5195 1566 5209 1565 5208 1552 5195 1567 5210 1566 5209 1552 5195 1568 5211 1567 5210 1552 5195 1569 5212 1568 5211 1552 5195 1570 5213 1569 5212 1552 5195 1571 5214 1570 5213 1552 5195 1572 5215 1571 5214 1552 5195 1573 5216 1572 5215 1552 5195 1574 5217 1573 5216 1552 5195 1575 5218 1574 5217 1552 5195 1576 5219 1575 5218 1552 5195 1577 5220 1576 5219 1552 5195 1578 5221 1577 5220 1552 5195 1579 5222 1578 5221 1552 5195 1580 5223 1579 5222 1552 5195 1581 5224 1580 5223 1552 5195 1582 5225 1581 5224 1552 5195 1583 5226 1582 5225 1584 5227 1586 5229 1585 5228 1584 5227 1587 5230 1586 5229 1584 5227 1588 5231 1587 5230 1584 5227 1589 5232 1588 5231 1584 5227 1590 5233 1589 5232 1584 5227 1591 5234 1590 5233 1584 5227 1592 5235 1591 5234 1584 5227 1593 5236 1592 5235 1584 5227 1594 5237 1593 5236 1584 5227 1595 5238 1594 5237 1584 5227 1596 5239 1595 5238 1584 5227 1597 5240 1596 5239 1584 5227 1598 5241 1597 5240 1584 5227 1599 5242 1598 5241 1584 5227 1600 5243 1599 5242 1584 5227 1601 5244 1600 5243 1584 5227 1602 5245 1601 5244 1584 5227 1603 5246 1602 5245 1584 5227 1604 5247 1603 5246 1584 5227 1605 5248 1604 5247 1584 5227 1606 5249 1605 5248 1584 5227 1607 5250 1606 5249 1584 5227 1608 5251 1607 5250 1584 5227 1609 5252 1608 5251 1584 5227 1610 5253 1609 5252 1584 5227 1611 5254 1610 5253 1584 5227 1612 5255 1611 5254 1584 5227 1613 5256 1612 5255 1584 5227 1614 5257 1613 5256 1584 5227 1615 5258 1614 5257</p></triangles>
        <triangles count="480" material="MAT_COTTON_LEAF_0-mat"><input semantic="VERTEX" source="#ROW_21_SEG3_foliage-vtx" offset="0"/><input semantic="NORMAL" source="#ROW_21_SEG3_foliage-nrm" offset="1"/><p>1616 1610 1617 1611 1618 1612 1616 1610 1618 1612 1619 1613 1616 1610 1619 1613 1620 1614 1616 1610 1620 1614 1621 1615 1616 1610 1621 1615 1622 1616 1616 1610 1622 1616 1623 1617 1616 1610 1623 1617 1624 1618 1616 1610 1624 1618 1625 1619 1616 1610 1625 1619 1626 1620 1616 1610 1626 1620 1627 1621 1616 1610 1627 1621 1628 1622 1616 1610 1628 1622 1629 1623 1616 1610 1629 1623 1630 1624 1616 1610 1630 1624 1631 1625 1616 1610 1631 1625 1632 1626 1616 1610 1632 1626 1633 1627 1616 1610 1633 1627 1634 1628 1616 1610 1634 1628 1635 1629 1616 1610 1635 1629 1636 1630 1616 1610 1636 1630 1637 1631 1616 1610 1637 1631 1638 1632 1616 1610 1638 1632 1639 1633 1616 1610 1639 1633 1640 1634 1616 1610 1640 1634 1641 1635 1616 1610 1641 1635 1642 1636 1616 1610 1642 1636 1643 1637 1616 1610 1643 1637 1644 1638 1616 1610 1644 1638 1645 1639 1616 1610 1645 1639 1646 1640 1616 1610 1646 1640 1647 1641 1648 1642 1649 1643 1650 1644 1648 1642 1650 1644 1651 1645 1648 1642 1651 1645 1652 1646 1648 1642 1652 1646 1653 1647 1648 1642 1653 1647 1654 1648 1648 1642 1654 1648 1655 1649 1648 1642 1655 1649 1656 1650 1648 1642 1656 1650 1657 1651 1648 1642 1657 1651 1658 1652 1648 1642 1658 1652 1659 1653 1648 1642 1659 1653 1660 1654 1648 1642 1660 1654 1661 1655 1648 1642 1661 1655 1662 1656 1648 1642 1662 1656 1663 1657 1648 1642 1663 1657 1664 1658 1648 1642 1664 1658 1665 1659 1648 1642 1665 1659 1666 1660 1648 1642 1666 1660 1667 1661 1648 1642 1667 1661 1668 1662 1648 1642 1668 1662 1669 1663 1648 1642 1669 1663 1670 1664 1648 1642 1670 1664 1671 1665 1648 1642 1671 1665 1672 1666 1648 1642 1672 1666 1673 1667 1648 1642 1673 1667 1674 1668 1648 1642 1674 1668 1675 1669 1648 1642 1675 1669 1676 1670 1648 1642 1676 1670 1677 1671 1648 1642 1677 1671 1678 1672 1648 1642 1678 1672 1679 1673 1680 1674 1681 1675 1682 1676 1680 1674 1682 1676 1683 1677 1680 1674 1683 1677 1684 1678 1680 1674 1684 1678 1685 1679 1680 1674 1685 1679 1686 1680 1680 1674 1686 1680 1687 1681 1680 1674 1687 1681 1688 1682 1680 1674 1688 1682 1689 1683 1680 1674 1689 1683 1690 1684 1680 1674 1690 1684 1691 1685 1680 1674 1691 1685 1692 1686 1680 1674 1692 1686 1693 1687 1680 1674 1693 1687 1694 1688 1680 1674 1694 1688 1695 1689 1680 1674 1695 1689 1696 1690 1680 1674 1696 1690 1697 1691 1680 1674 1697 1691 1698 1692 1680 1674 1698 1692 1699 1693 1680 1674 1699 1693 1700 1694 1680 1674 1700 1694 1701 1695 1680 1674 1701 1695 1702 1696 1680 1674 1702 1696 1703 1697 1680 1674 1703 1697 1704 1698 1680 1674 1704 1698 1705 1699 1680 1674 1705 1699 1706 1700 1680 1674 1706 1700 1707 1701 1680 1674 1707 1701 1708 1702 1680 1674 1708 1702 1709 1703 1680 1674 1709 1703 1710 1704 1680 1674 1710 1704 1711 1705 1712 1706 1713 1707 1714 1708 1712 1706 1714 1708 1715 1709 1712 1706 1715 1709 1716 1710 1712 1706 1716 1710 1717 1711 1712 1706 1717 1711 1718 1712 1712 1706 1718 1712 1719 1713 1712 1706 1719 1713 1720 1714 1712 1706 1720 1714 1721 1715 1712 1706 1721 1715 1722 1716 1712 1706 1722 1716 1723 1717 1712 1706 1723 1717 1724 1718 1712 1706 1724 1718 1725 1719 1712 1706 1725 1719 1726 1720 1712 1706 1726 1720 1727 1721 1712 1706 1727 1721 1728 1722 1712 1706 1728 1722 1729 1723 1712 1706 1729 1723 1730 1724 1712 1706 1730 1724 1731 1725 1712 1706 1731 1725 1732 1726 1712 1706 1732 1726 1733 1727 1712 1706 1733 1727 1734 1728 1712 1706 1734 1728 1735 1729 1712 1706 1735 1729 1736 1730 1712 1706 1736 1730 1737 1731 1712 1706 1737 1731 1738 1732 1712 1706 1738 1732 1739 1733 1712 1706 1739 1733 1740 1734 1712 1706 1740 1734 1741 1735 1712 1706 1741 1735 1742 1736 1712 1706 1742 1736 1743 1737 1744 1738 1745 1739 1746 1740 1744 1738 1746 1740 1747 1741 1744 1738 1747 1741 1748 1742 1744 1738 1748 1742 1749 1743 1744 1738 1749 1743 1750 1744 1744 1738 1750 1744 1751 1745 1744 1738 1751 1745 1752 1746 1744 1738 1752 1746 1753 1747 1744 1738 1753 1747 1754 1748 1744 1738 1754 1748 1755 1749 1744 1738 1755 1749 1756 1750 1744 1738 1756 1750 1757 1751 1744 1738 1757 1751 1758 1752 1744 1738 1758 1752 1759 1753 1744 1738 1759 1753 1760 1754 1744 1738 1760 1754 1761 1755 1744 1738 1761 1755 1762 1756 1744 1738 1762 1756 1763 1757 1744 1738 1763 1757 1764 1758 1744 1738 1764 1758 1765 1759 1744 1738 1765 1759 1766 1760 1744 1738 1766 1760 1767 1761 1744 1738 1767 1761 1768 1762 1744 1738 1768 1762 1769 1763 1744 1738 1769 1763 1770 1764 1744 1738 1770 1764 1771 1765 1744 1738 1771 1765 1772 1766 1744 1738 1772 1766 1773 1767 1744 1738 1773 1767 1774 1768 1744 1738 1774 1768 1775 1769 1776 1770 1777 1771 1778 1772 1776 1770 1778 1772 1779 1773 1776 1770 1779 1773 1780 1774 1776 1770 1780 1774 1781 1775 1776 1770 1781 1775 1782 1776 1776 1770 1782 1776 1783 1777 1776 1770 1783 1777 1784 1778 1776 1770 1784 1778 1785 1779 1776 1770 1785 1779 1786 1780 1776 1770 1786 1780 1787 1781 1776 1770 1787 1781 1788 1782 1776 1770 1788 1782 1789 1783 1776 1770 1789 1783 1790 1784 1776 1770 1790 1784 1791 1785 1776 1770 1791 1785 1792 1786 1776 1770 1792 1786 1793 1787 1776 1770 1793 1787 1794 1788 1776 1770 1794 1788 1795 1789 1776 1770 1795 1789 1796 1790 1776 1770 1796 1790 1797 1791 1776 1770 1797 1791 1798 1792 1776 1770 1798 1792 1799 1793 1776 1770 1799 1793 1800 1794 1776 1770 1800 1794 1801 1795 1776 1770 1801 1795 1802 1796 1776 1770 1802 1796 1803 1797 1776 1770 1803 1797 1804 1798 1776 1770 1804 1798 1805 1799 1776 1770 1805 1799 1806 1800 1776 1770 1806 1800 1807 1801 1808 1802 1809 1803 1810 1804 1808 1802 1810 1804 1811 1805 1808 1802 1811 1805 1812 1806 1808 1802 1812 1806 1813 1807 1808 1802 1813 1807 1814 1808 1808 1802 1814 1808 1815 1809 1808 1802 1815 1809 1816 1810 1808 1802 1816 1810 1817 1811 1808 1802 1817 1811 1818 1812 1808 1802 1818 1812 1819 1813 1808 1802 1819 1813 1820 1814 1808 1802 1820 1814 1821 1815 1808 1802 1821 1815 1822 1816 1808 1802 1822 1816 1823 1817 1808 1802 1823 1817 1824 1818 1808 1802 1824 1818 1825 1819 1808 1802 1825 1819 1826 1820 1808 1802 1826 1820 1827 1821 1808 1802 1827 1821 1828 1822 1808 1802 1828 1822 1829 1823 1808 1802 1829 1823 1830 1824 1808 1802 1830 1824 1831 1825 1808 1802 1831 1825 1832 1826 1808 1802 1832 1826 1833 1827 1808 1802 1833 1827 1834 1828 1808 1802 1834 1828 1835 1829 1808 1802 1835 1829 1836 1830 1808 1802 1836 1830 1837 1831 1808 1802 1837 1831 1838 1832 1808 1802 1838 1832 1839 1833 1840 1834 1841 1835 1842 1836 1840 1834 1842 1836 1843 1837 1840 1834 1843 1837 1844 1838 1840 1834 1844 1838 1845 1839 1840 1834 1845 1839 1846 1840 1840 1834 1846 1840 1847 1841 1840 1834 1847 1841 1848 1842 1840 1834 1848 1842 1849 1843 1840 1834 1849 1843 1850 1844 1840 1834 1850 1844 1851 1845 1840 1834 1851 1845 1852 1846 1840 1834 1852 1846 1853 1847 1840 1834 1853 1847 1854 1848 1840 1834 1854 1848 1855 1849 1840 1834 1855 1849 1856 1850 1840 1834 1856 1850 1857 1851 1840 1834 1857 1851 1858 1852 1840 1834 1858 1852 1859 1853 1840 1834 1859 1853 1860 1854 1840 1834 1860 1854 1861 1855 1840 1834 1861 1855 1862 1856 1840 1834 1862 1856 1863 1857 1840 1834 1863 1857 1864 1858 1840 1834 1864 1858 1865 1859 1840 1834 1865 1859 1866 1860 1840 1834 1866 1860 1867 1861 1840 1834 1867 1861 1868 1862 1840 1834 1868 1862 1869 1863 1840 1834 1869 1863 1870 1864 1840 1834 1870 1864 1871 1865 1616 5259 1618 5261 1617 5260 1616 5259 1619 5262 1618 5261 1616 5259 1620 5263 1619 5262 1616 5259 1621 5264 1620 5263 1616 5259 1622 5265 1621 5264 1616 5259 1623 5266 1622 5265 1616 5259 1624 5267 1623 5266 1616 5259 1625 5268 1624 5267 1616 5259 1626 5269 1625 5268 1616 5259 1627 5270 1626 5269 1616 5259 1628 5271 1627 5270 1616 5259 1629 5272 1628 5271 1616 5259 1630 5273 1629 5272 1616 5259 1631 5274 1630 5273 1616 5259 1632 5275 1631 5274 1616 5259 1633 5276 1632 5275 1616 5259 1634 5277 1633 5276 1616 5259 1635 5278 1634 5277 1616 5259 1636 5279 1635 5278 1616 5259 1637 5280 1636 5279 1616 5259 1638 5281 1637 5280 1616 5259 1639 5282 1638 5281 1616 5259 1640 5283 1639 5282 1616 5259 1641 5284 1640 5283 1616 5259 1642 5285 1641 5284 1616 5259 1643 5286 1642 5285 1616 5259 1644 5287 1643 5286 1616 5259 1645 5288 1644 5287 1616 5259 1646 5289 1645 5288 1616 5259 1647 5290 1646 5289 1648 5291 1650 5293 1649 5292 1648 5291 1651 5294 1650 5293 1648 5291 1652 5295 1651 5294 1648 5291 1653 5296 1652 5295 1648 5291 1654 5297 1653 5296 1648 5291 1655 5298 1654 5297 1648 5291 1656 5299 1655 5298 1648 5291 1657 5300 1656 5299 1648 5291 1658 5301 1657 5300 1648 5291 1659 5302 1658 5301 1648 5291 1660 5303 1659 5302 1648 5291 1661 5304 1660 5303 1648 5291 1662 5305 1661 5304 1648 5291 1663 5306 1662 5305 1648 5291 1664 5307 1663 5306 1648 5291 1665 5308 1664 5307 1648 5291 1666 5309 1665 5308 1648 5291 1667 5310 1666 5309 1648 5291 1668 5311 1667 5310 1648 5291 1669 5312 1668 5311 1648 5291 1670 5313 1669 5312 1648 5291 1671 5314 1670 5313 1648 5291 1672 5315 1671 5314 1648 5291 1673 5316 1672 5315 1648 5291 1674 5317 1673 5316 1648 5291 1675 5318 1674 5317 1648 5291 1676 5319 1675 5318 1648 5291 1677 5320 1676 5319 1648 5291 1678 5321 1677 5320 1648 5291 1679 5322 1678 5321 1680 5323 1682 5325 1681 5324 1680 5323 1683 5326 1682 5325 1680 5323 1684 5327 1683 5326 1680 5323 1685 5328 1684 5327 1680 5323 1686 5329 1685 5328 1680 5323 1687 5330 1686 5329 1680 5323 1688 5331 1687 5330 1680 5323 1689 5332 1688 5331 1680 5323 1690 5333 1689 5332 1680 5323 1691 5334 1690 5333 1680 5323 1692 5335 1691 5334 1680 5323 1693 5336 1692 5335 1680 5323 1694 5337 1693 5336 1680 5323 1695 5338 1694 5337 1680 5323 1696 5339 1695 5338 1680 5323 1697 5340 1696 5339 1680 5323 1698 5341 1697 5340 1680 5323 1699 5342 1698 5341 1680 5323 1700 5343 1699 5342 1680 5323 1701 5344 1700 5343 1680 5323 1702 5345 1701 5344 1680 5323 1703 5346 1702 5345 1680 5323 1704 5347 1703 5346 1680 5323 1705 5348 1704 5347 1680 5323 1706 5349 1705 5348 1680 5323 1707 5350 1706 5349 1680 5323 1708 5351 1707 5350 1680 5323 1709 5352 1708 5351 1680 5323 1710 5353 1709 5352 1680 5323 1711 5354 1710 5353 1712 5355 1714 5357 1713 5356 1712 5355 1715 5358 1714 5357 1712 5355 1716 5359 1715 5358 1712 5355 1717 5360 1716 5359 1712 5355 1718 5361 1717 5360 1712 5355 1719 5362 1718 5361 1712 5355 1720 5363 1719 5362 1712 5355 1721 5364 1720 5363 1712 5355 1722 5365 1721 5364 1712 5355 1723 5366 1722 5365 1712 5355 1724 5367 1723 5366 1712 5355 1725 5368 1724 5367 1712 5355 1726 5369 1725 5368 1712 5355 1727 5370 1726 5369 1712 5355 1728 5371 1727 5370 1712 5355 1729 5372 1728 5371 1712 5355 1730 5373 1729 5372 1712 5355 1731 5374 1730 5373 1712 5355 1732 5375 1731 5374 1712 5355 1733 5376 1732 5375 1712 5355 1734 5377 1733 5376 1712 5355 1735 5378 1734 5377 1712 5355 1736 5379 1735 5378 1712 5355 1737 5380 1736 5379 1712 5355 1738 5381 1737 5380 1712 5355 1739 5382 1738 5381 1712 5355 1740 5383 1739 5382 1712 5355 1741 5384 1740 5383 1712 5355 1742 5385 1741 5384 1712 5355 1743 5386 1742 5385 1744 5387 1746 5389 1745 5388 1744 5387 1747 5390 1746 5389 1744 5387 1748 5391 1747 5390 1744 5387 1749 5392 1748 5391 1744 5387 1750 5393 1749 5392 1744 5387 1751 5394 1750 5393 1744 5387 1752 5395 1751 5394 1744 5387 1753 5396 1752 5395 1744 5387 1754 5397 1753 5396 1744 5387 1755 5398 1754 5397 1744 5387 1756 5399 1755 5398 1744 5387 1757 5400 1756 5399 1744 5387 1758 5401 1757 5400 1744 5387 1759 5402 1758 5401 1744 5387 1760 5403 1759 5402 1744 5387 1761 5404 1760 5403 1744 5387 1762 5405 1761 5404 1744 5387 1763 5406 1762 5405 1744 5387 1764 5407 1763 5406 1744 5387 1765 5408 1764 5407 1744 5387 1766 5409 1765 5408 1744 5387 1767 5410 1766 5409 1744 5387 1768 5411 1767 5410 1744 5387 1769 5412 1768 5411 1744 5387 1770 5413 1769 5412 1744 5387 1771 5414 1770 5413 1744 5387 1772 5415 1771 5414 1744 5387 1773 5416 1772 5415 1744 5387 1774 5417 1773 5416 1744 5387 1775 5418 1774 5417 1776 5419 1778 5421 1777 5420 1776 5419 1779 5422 1778 5421 1776 5419 1780 5423 1779 5422 1776 5419 1781 5424 1780 5423 1776 5419 1782 5425 1781 5424 1776 5419 1783 5426 1782 5425 1776 5419 1784 5427 1783 5426 1776 5419 1785 5428 1784 5427 1776 5419 1786 5429 1785 5428 1776 5419 1787 5430 1786 5429 1776 5419 1788 5431 1787 5430 1776 5419 1789 5432 1788 5431 1776 5419 1790 5433 1789 5432 1776 5419 1791 5434 1790 5433 1776 5419 1792 5435 1791 5434 1776 5419 1793 5436 1792 5435 1776 5419 1794 5437 1793 5436 1776 5419 1795 5438 1794 5437 1776 5419 1796 5439 1795 5438 1776 5419 1797 5440 1796 5439 1776 5419 1798 5441 1797 5440 1776 5419 1799 5442 1798 5441 1776 5419 1800 5443 1799 5442 1776 5419 1801 5444 1800 5443 1776 5419 1802 5445 1801 5444 1776 5419 1803 5446 1802 5445 1776 5419 1804 5447 1803 5446 1776 5419 1805 5448 1804 5447 1776 5419 1806 5449 1805 5448 1776 5419 1807 5450 1806 5449 1808 5451 1810 5453 1809 5452 1808 5451 1811 5454 1810 5453 1808 5451 1812 5455 1811 5454 1808 5451 1813 5456 1812 5455 1808 5451 1814 5457 1813 5456 1808 5451 1815 5458 1814 5457 1808 5451 1816 5459 1815 5458 1808 5451 1817 5460 1816 5459 1808 5451 1818 5461 1817 5460 1808 5451 1819 5462 1818 5461 1808 5451 1820 5463 1819 5462 1808 5451 1821 5464 1820 5463 1808 5451 1822 5465 1821 5464 1808 5451 1823 5466 1822 5465 1808 5451 1824 5467 1823 5466 1808 5451 1825 5468 1824 5467 1808 5451 1826 5469 1825 5468 1808 5451 1827 5470 1826 5469 1808 5451 1828 5471 1827 5470 1808 5451 1829 5472 1828 5471 1808 5451 1830 5473 1829 5472 1808 5451 1831 5474 1830 5473 1808 5451 1832 5475 1831 5474 1808 5451 1833 5476 1832 5475 1808 5451 1834 5477 1833 5476 1808 5451 1835 5478 1834 5477 1808 5451 1836 5479 1835 5478 1808 5451 1837 5480 1836 5479 1808 5451 1838 5481 1837 5480 1808 5451 1839 5482 1838 5481 1840 5483 1842 5485 1841 5484 1840 5483 1843 5486 1842 5485 1840 5483 1844 5487 1843 5486 1840 5483 1845 5488 1844 5487 1840 5483 1846 5489 1845 5488 1840 5483 1847 5490 1846 5489 1840 5483 1848 5491 1847 5490 1840 5483 1849 5492 1848 5491 1840 5483 1850 5493 1849 5492 1840 5483 1851 5494 1850 5493 1840 5483 1852 5495 1851 5494 1840 5483 1853 5496 1852 5495 1840 5483 1854 5497 1853 5496 1840 5483 1855 5498 1854 5497 1840 5483 1856 5499 1855 5498 1840 5483 1857 5500 1856 5499 1840 5483 1858 5501 1857 5500 1840 5483 1859 5502 1858 5501 1840 5483 1860 5503 1859 5502 1840 5483 1861 5504 1860 5503 1840 5483 1862 5505 1861 5504 1840 5483 1863 5506 1862 5505 1840 5483 1864 5507 1863 5506 1840 5483 1865 5508 1864 5507 1840 5483 1866 5509 1865 5508 1840 5483 1867 5510 1866 5509 1840 5483 1868 5511 1867 5510 1840 5483 1869 5512 1868 5511 1840 5483 1870 5513 1869 5512 1840 5483 1871 5514 1870 5513</p></triangles>
        <triangles count="600" material="MAT_COTTON_LEAF_1-mat"><input semantic="VERTEX" source="#ROW_21_SEG3_foliage-vtx" offset="0"/><input semantic="NORMAL" source="#ROW_21_SEG3_foliage-nrm" offset="1"/><p>1872 1866 1873 1867 1874 1868 1872 1866 1874 1868 1875 1869 1872 1866 1875 1869 1876 1870 1872 1866 1876 1870 1877 1871 1872 1866 1877 1871 1878 1872 1872 1866 1878 1872 1879 1873 1872 1866 1879 1873 1880 1874 1872 1866 1880 1874 1881 1875 1872 1866 1881 1875 1882 1876 1872 1866 1882 1876 1883 1877 1872 1866 1883 1877 1884 1878 1872 1866 1884 1878 1885 1879 1872 1866 1885 1879 1886 1880 1872 1866 1886 1880 1887 1881 1872 1866 1887 1881 1888 1882 1872 1866 1888 1882 1889 1883 1872 1866 1889 1883 1890 1884 1872 1866 1890 1884 1891 1885 1872 1866 1891 1885 1892 1886 1872 1866 1892 1886 1893 1887 1872 1866 1893 1887 1894 1888 1872 1866 1894 1888 1895 1889 1872 1866 1895 1889 1896 1890 1872 1866 1896 1890 1897 1891 1872 1866 1897 1891 1898 1892 1872 1866 1898 1892 1899 1893 1872 1866 1899 1893 1900 1894 1872 1866 1900 1894 1901 1895 1872 1866 1901 1895 1902 1896 1872 1866 1902 1896 1903 1897 1904 1898 1905 1899 1906 1900 1904 1898 1906 1900 1907 1901 1904 1898 1907 1901 1908 1902 1904 1898 1908 1902 1909 1903 1904 1898 1909 1903 1910 1904 1904 1898 1910 1904 1911 1905 1904 1898 1911 1905 1912 1906 1904 1898 1912 1906 1913 1907 1904 1898 1913 1907 1914 1908 1904 1898 1914 1908 1915 1909 1904 1898 1915 1909 1916 1910 1904 1898 1916 1910 1917 1911 1904 1898 1917 1911 1918 1912 1904 1898 1918 1912 1919 1913 1904 1898 1919 1913 1920 1914 1904 1898 1920 1914 1921 1915 1904 1898 1921 1915 1922 1916 1904 1898 1922 1916 1923 1917 1904 1898 1923 1917 1924 1918 1904 1898 1924 1918 1925 1919 1904 1898 1925 1919 1926 1920 1904 1898 1926 1920 1927 1921 1904 1898 1927 1921 1928 1922 1904 1898 1928 1922 1929 1923 1904 1898 1929 1923 1930 1924 1904 1898 1930 1924 1931 1925 1904 1898 1931 1925 1932 1926 1904 1898 1932 1926 1933 1927 1904 1898 1933 1927 1934 1928 1904 1898 1934 1928 1935 1929 1936 1930 1937 1931 1938 1932 1936 1930 1938 1932 1939 1933 1936 1930 1939 1933 1940 1934 1936 1930 1940 1934 1941 1935 1936 1930 1941 1935 1942 1936 1936 1930 1942 1936 1943 1937 1936 1930 1943 1937 1944 1938 1936 1930 1944 1938 1945 1939 1936 1930 1945 1939 1946 1940 1936 1930 1946 1940 1947 1941 1936 1930 1947 1941 1948 1942 1936 1930 1948 1942 1949 1943 1936 1930 1949 1943 1950 1944 1936 1930 1950 1944 1951 1945 1936 1930 1951 1945 1952 1946 1936 1930 1952 1946 1953 1947 1936 1930 1953 1947 1954 1948 1936 1930 1954 1948 1955 1949 1936 1930 1955 1949 1956 1950 1936 1930 1956 1950 1957 1951 1936 1930 1957 1951 1958 1952 1936 1930 1958 1952 1959 1953 1936 1930 1959 1953 1960 1954 1936 1930 1960 1954 1961 1955 1936 1930 1961 1955 1962 1956 1936 1930 1962 1956 1963 1957 1936 1930 1963 1957 1964 1958 1936 1930 1964 1958 1965 1959 1936 1930 1965 1959 1966 1960 1936 1930 1966 1960 1967 1961 1968 1962 1969 1963 1970 1964 1968 1962 1970 1964 1971 1965 1968 1962 1971 1965 1972 1966 1968 1962 1972 1966 1973 1967 1968 1962 1973 1967 1974 1968 1968 1962 1974 1968 1975 1969 1968 1962 1975 1969 1976 1970 1968 1962 1976 1970 1977 1971 1968 1962 1977 1971 1978 1972 1968 1962 1978 1972 1979 1973 1968 1962 1979 1973 1980 1974 1968 1962 1980 1974 1981 1975 1968 1962 1981 1975 1982 1976 1968 1962 1982 1976 1983 1977 1968 1962 1983 1977 1984 1978 1968 1962 1984 1978 1985 1979 1968 1962 1985 1979 1986 1980 1968 1962 1986 1980 1987 1981 1968 1962 1987 1981 1988 1982 1968 1962 1988 1982 1989 1983 1968 1962 1989 1983 1990 1984 1968 1962 1990 1984 1991 1985 1968 1962 1991 1985 1992 1986 1968 1962 1992 1986 1993 1987 1968 1962 1993 1987 1994 1988 1968 1962 1994 1988 1995 1989 1968 1962 1995 1989 1996 1990 1968 1962 1996 1990 1997 1991 1968 1962 1997 1991 1998 1992 1968 1962 1998 1992 1999 1993 2000 1994 2001 1995 2002 1996 2000 1994 2002 1996 2003 1997 2000 1994 2003 1997 2004 1998 2000 1994 2004 1998 2005 1999 2000 1994 2005 1999 2006 2000 2000 1994 2006 2000 2007 2001 2000 1994 2007 2001 2008 2002 2000 1994 2008 2002 2009 2003 2000 1994 2009 2003 2010 2004 2000 1994 2010 2004 2011 2005 2000 1994 2011 2005 2012 2006 2000 1994 2012 2006 2013 2007 2000 1994 2013 2007 2014 2008 2000 1994 2014 2008 2015 2009 2000 1994 2015 2009 2016 2010 2000 1994 2016 2010 2017 2011 2000 1994 2017 2011 2018 2012 2000 1994 2018 2012 2019 2013 2000 1994 2019 2013 2020 2014 2000 1994 2020 2014 2021 2015 2000 1994 2021 2015 2022 2016 2000 1994 2022 2016 2023 2017 2000 1994 2023 2017 2024 2018 2000 1994 2024 2018 2025 2019 2000 1994 2025 2019 2026 2020 2000 1994 2026 2020 2027 2021 2000 1994 2027 2021 2028 2022 2000 1994 2028 2022 2029 2023 2000 1994 2029 2023 2030 2024 2000 1994 2030 2024 2031 2025 2032 2026 2033 2027 2034 2028 2032 2026 2034 2028 2035 2029 2032 2026 2035 2029 2036 2030 2032 2026 2036 2030 2037 2031 2032 2026 2037 2031 2038 2032 2032 2026 2038 2032 2039 2033 2032 2026 2039 2033 2040 2034 2032 2026 2040 2034 2041 2035 2032 2026 2041 2035 2042 2036 2032 2026 2042 2036 2043 2037 2032 2026 2043 2037 2044 2038 2032 2026 2044 2038 2045 2039 2032 2026 2045 2039 2046 2040 2032 2026 2046 2040 2047 2041 2032 2026 2047 2041 2048 2042 2032 2026 2048 2042 2049 2043 2032 2026 2049 2043 2050 2044 2032 2026 2050 2044 2051 2045 2032 2026 2051 2045 2052 2046 2032 2026 2052 2046 2053 2047 2032 2026 2053 2047 2054 2048 2032 2026 2054 2048 2055 2049 2032 2026 2055 2049 2056 2050 2032 2026 2056 2050 2057 2051 2032 2026 2057 2051 2058 2052 2032 2026 2058 2052 2059 2053 2032 2026 2059 2053 2060 2054 2032 2026 2060 2054 2061 2055 2032 2026 2061 2055 2062 2056 2032 2026 2062 2056 2063 2057 2064 2058 2065 2059 2066 2060 2064 2058 2066 2060 2067 2061 2064 2058 2067 2061 2068 2062 2064 2058 2068 2062 2069 2063 2064 2058 2069 2063 2070 2064 2064 2058 2070 2064 2071 2065 2064 2058 2071 2065 2072 2066 2064 2058 2072 2066 2073 2067 2064 2058 2073 2067 2074 2068 2064 2058 2074 2068 2075 2069 2064 2058 2075 2069 2076 2070 2064 2058 2076 2070 2077 2071 2064 2058 2077 2071 2078 2072 2064 2058 2078 2072 2079 2073 2064 2058 2079 2073 2080 2074 2064 2058 2080 2074 2081 2075 2064 2058 2081 2075 2082 2076 2064 2058 2082 2076 2083 2077 2064 2058 2083 2077 2084 2078 2064 2058 2084 2078 2085 2079 2064 2058 2085 2079 2086 2080 2064 2058 2086 2080 2087 2081 2064 2058 2087 2081 2088 2082 2064 2058 2088 2082 2089 2083 2064 2058 2089 2083 2090 2084 2064 2058 2090 2084 2091 2085 2064 2058 2091 2085 2092 2086 2064 2058 2092 2086 2093 2087 2064 2058 2093 2087 2094 2088 2064 2058 2094 2088 2095 2089 2096 2090 2097 2091 2098 2092 2096 2090 2098 2092 2099 2093 2096 2090 2099 2093 2100 2094 2096 2090 2100 2094 2101 2095 2096 2090 2101 2095 2102 2096 2096 2090 2102 2096 2103 2097 2096 2090 2103 2097 2104 2098 2096 2090 2104 2098 2105 2099 2096 2090 2105 2099 2106 2100 2096 2090 2106 2100 2107 2101 2096 2090 2107 2101 2108 2102 2096 2090 2108 2102 2109 2103 2096 2090 2109 2103 2110 2104 2096 2090 2110 2104 2111 2105 2096 2090 2111 2105 2112 2106 2096 2090 2112 2106 2113 2107 2096 2090 2113 2107 2114 2108 2096 2090 2114 2108 2115 2109 2096 2090 2115 2109 2116 2110 2096 2090 2116 2110 2117 2111 2096 2090 2117 2111 2118 2112 2096 2090 2118 2112 2119 2113 2096 2090 2119 2113 2120 2114 2096 2090 2120 2114 2121 2115 2096 2090 2121 2115 2122 2116 2096 2090 2122 2116 2123 2117 2096 2090 2123 2117 2124 2118 2096 2090 2124 2118 2125 2119 2096 2090 2125 2119 2126 2120 2096 2090 2126 2120 2127 2121 2128 2122 2129 2123 2130 2124 2128 2122 2130 2124 2131 2125 2128 2122 2131 2125 2132 2126 2128 2122 2132 2126 2133 2127 2128 2122 2133 2127 2134 2128 2128 2122 2134 2128 2135 2129 2128 2122 2135 2129 2136 2130 2128 2122 2136 2130 2137 2131 2128 2122 2137 2131 2138 2132 2128 2122 2138 2132 2139 2133 2128 2122 2139 2133 2140 2134 2128 2122 2140 2134 2141 2135 2128 2122 2141 2135 2142 2136 2128 2122 2142 2136 2143 2137 2128 2122 2143 2137 2144 2138 2128 2122 2144 2138 2145 2139 2128 2122 2145 2139 2146 2140 2128 2122 2146 2140 2147 2141 2128 2122 2147 2141 2148 2142 2128 2122 2148 2142 2149 2143 2128 2122 2149 2143 2150 2144 2128 2122 2150 2144 2151 2145 2128 2122 2151 2145 2152 2146 2128 2122 2152 2146 2153 2147 2128 2122 2153 2147 2154 2148 2128 2122 2154 2148 2155 2149 2128 2122 2155 2149 2156 2150 2128 2122 2156 2150 2157 2151 2128 2122 2157 2151 2158 2152 2128 2122 2158 2152 2159 2153 2160 2154 2161 2155 2162 2156 2160 2154 2162 2156 2163 2157 2160 2154 2163 2157 2164 2158 2160 2154 2164 2158 2165 2159 2160 2154 2165 2159 2166 2160 2160 2154 2166 2160 2167 2161 2160 2154 2167 2161 2168 2162 2160 2154 2168 2162 2169 2163 2160 2154 2169 2163 2170 2164 2160 2154 2170 2164 2171 2165 2160 2154 2171 2165 2172 2166 2160 2154 2172 2166 2173 2167 2160 2154 2173 2167 2174 2168 2160 2154 2174 2168 2175 2169 2160 2154 2175 2169 2176 2170 2160 2154 2176 2170 2177 2171 2160 2154 2177 2171 2178 2172 2160 2154 2178 2172 2179 2173 2160 2154 2179 2173 2180 2174 2160 2154 2180 2174 2181 2175 2160 2154 2181 2175 2182 2176 2160 2154 2182 2176 2183 2177 2160 2154 2183 2177 2184 2178 2160 2154 2184 2178 2185 2179 2160 2154 2185 2179 2186 2180 2160 2154 2186 2180 2187 2181 2160 2154 2187 2181 2188 2182 2160 2154 2188 2182 2189 2183 2160 2154 2189 2183 2190 2184 2160 2154 2190 2184 2191 2185 1872 5515 1874 5517 1873 5516 1872 5515 1875 5518 1874 5517 1872 5515 1876 5519 1875 5518 1872 5515 1877 5520 1876 5519 1872 5515 1878 5521 1877 5520 1872 5515 1879 5522 1878 5521 1872 5515 1880 5523 1879 5522 1872 5515 1881 5524 1880 5523 1872 5515 1882 5525 1881 5524 1872 5515 1883 5526 1882 5525 1872 5515 1884 5527 1883 5526 1872 5515 1885 5528 1884 5527 1872 5515 1886 5529 1885 5528 1872 5515 1887 5530 1886 5529 1872 5515 1888 5531 1887 5530 1872 5515 1889 5532 1888 5531 1872 5515 1890 5533 1889 5532 1872 5515 1891 5534 1890 5533 1872 5515 1892 5535 1891 5534 1872 5515 1893 5536 1892 5535 1872 5515 1894 5537 1893 5536 1872 5515 1895 5538 1894 5537 1872 5515 1896 5539 1895 5538 1872 5515 1897 5540 1896 5539 1872 5515 1898 5541 1897 5540 1872 5515 1899 5542 1898 5541 1872 5515 1900 5543 1899 5542 1872 5515 1901 5544 1900 5543 1872 5515 1902 5545 1901 5544 1872 5515 1903 5546 1902 5545 1904 5547 1906 5549 1905 5548 1904 5547 1907 5550 1906 5549 1904 5547 1908 5551 1907 5550 1904 5547 1909 5552 1908 5551 1904 5547 1910 5553 1909 5552 1904 5547 1911 5554 1910 5553 1904 5547 1912 5555 1911 5554 1904 5547 1913 5556 1912 5555 1904 5547 1914 5557 1913 5556 1904 5547 1915 5558 1914 5557 1904 5547 1916 5559 1915 5558 1904 5547 1917 5560 1916 5559 1904 5547 1918 5561 1917 5560 1904 5547 1919 5562 1918 5561 1904 5547 1920 5563 1919 5562 1904 5547 1921 5564 1920 5563 1904 5547 1922 5565 1921 5564 1904 5547 1923 5566 1922 5565 1904 5547 1924 5567 1923 5566 1904 5547 1925 5568 1924 5567 1904 5547 1926 5569 1925 5568 1904 5547 1927 5570 1926 5569 1904 5547 1928 5571 1927 5570 1904 5547 1929 5572 1928 5571 1904 5547 1930 5573 1929 5572 1904 5547 1931 5574 1930 5573 1904 5547 1932 5575 1931 5574 1904 5547 1933 5576 1932 5575 1904 5547 1934 5577 1933 5576 1904 5547 1935 5578 1934 5577 1936 5579 1938 5581 1937 5580 1936 5579 1939 5582 1938 5581 1936 5579 1940 5583 1939 5582 1936 5579 1941 5584 1940 5583 1936 5579 1942 5585 1941 5584 1936 5579 1943 5586 1942 5585 1936 5579 1944 5587 1943 5586 1936 5579 1945 5588 1944 5587 1936 5579 1946 5589 1945 5588 1936 5579 1947 5590 1946 5589 1936 5579 1948 5591 1947 5590 1936 5579 1949 5592 1948 5591 1936 5579 1950 5593 1949 5592 1936 5579 1951 5594 1950 5593 1936 5579 1952 5595 1951 5594 1936 5579 1953 5596 1952 5595 1936 5579 1954 5597 1953 5596 1936 5579 1955 5598 1954 5597 1936 5579 1956 5599 1955 5598 1936 5579 1957 5600 1956 5599 1936 5579 1958 5601 1957 5600 1936 5579 1959 5602 1958 5601 1936 5579 1960 5603 1959 5602 1936 5579 1961 5604 1960 5603 1936 5579 1962 5605 1961 5604 1936 5579 1963 5606 1962 5605 1936 5579 1964 5607 1963 5606 1936 5579 1965 5608 1964 5607 1936 5579 1966 5609 1965 5608 1936 5579 1967 5610 1966 5609 1968 5611 1970 5613 1969 5612 1968 5611 1971 5614 1970 5613 1968 5611 1972 5615 1971 5614 1968 5611 1973 5616 1972 5615 1968 5611 1974 5617 1973 5616 1968 5611 1975 5618 1974 5617 1968 5611 1976 5619 1975 5618 1968 5611 1977 5620 1976 5619 1968 5611 1978 5621 1977 5620 1968 5611 1979 5622 1978 5621 1968 5611 1980 5623 1979 5622 1968 5611 1981 5624 1980 5623 1968 5611 1982 5625 1981 5624 1968 5611 1983 5626 1982 5625 1968 5611 1984 5627 1983 5626 1968 5611 1985 5628 1984 5627 1968 5611 1986 5629 1985 5628 1968 5611 1987 5630 1986 5629 1968 5611 1988 5631 1987 5630 1968 5611 1989 5632 1988 5631 1968 5611 1990 5633 1989 5632 1968 5611 1991 5634 1990 5633 1968 5611 1992 5635 1991 5634 1968 5611 1993 5636 1992 5635 1968 5611 1994 5637 1993 5636 1968 5611 1995 5638 1994 5637 1968 5611 1996 5639 1995 5638 1968 5611 1997 5640 1996 5639 1968 5611 1998 5641 1997 5640 1968 5611 1999 5642 1998 5641 2000 5643 2002 5645 2001 5644 2000 5643 2003 5646 2002 5645 2000 5643 2004 5647 2003 5646 2000 5643 2005 5648 2004 5647 2000 5643 2006 5649 2005 5648 2000 5643 2007 5650 2006 5649 2000 5643 2008 5651 2007 5650 2000 5643 2009 5652 2008 5651 2000 5643 2010 5653 2009 5652 2000 5643 2011 5654 2010 5653 2000 5643 2012 5655 2011 5654 2000 5643 2013 5656 2012 5655 2000 5643 2014 5657 2013 5656 2000 5643 2015 5658 2014 5657 2000 5643 2016 5659 2015 5658 2000 5643 2017 5660 2016 5659 2000 5643 2018 5661 2017 5660 2000 5643 2019 5662 2018 5661 2000 5643 2020 5663 2019 5662 2000 5643 2021 5664 2020 5663 2000 5643 2022 5665 2021 5664 2000 5643 2023 5666 2022 5665 2000 5643 2024 5667 2023 5666 2000 5643 2025 5668 2024 5667 2000 5643 2026 5669 2025 5668 2000 5643 2027 5670 2026 5669 2000 5643 2028 5671 2027 5670 2000 5643 2029 5672 2028 5671 2000 5643 2030 5673 2029 5672 2000 5643 2031 5674 2030 5673 2032 5675 2034 5677 2033 5676 2032 5675 2035 5678 2034 5677 2032 5675 2036 5679 2035 5678 2032 5675 2037 5680 2036 5679 2032 5675 2038 5681 2037 5680 2032 5675 2039 5682 2038 5681 2032 5675 2040 5683 2039 5682 2032 5675 2041 5684 2040 5683 2032 5675 2042 5685 2041 5684 2032 5675 2043 5686 2042 5685 2032 5675 2044 5687 2043 5686 2032 5675 2045 5688 2044 5687 2032 5675 2046 5689 2045 5688 2032 5675 2047 5690 2046 5689 2032 5675 2048 5691 2047 5690 2032 5675 2049 5692 2048 5691 2032 5675 2050 5693 2049 5692 2032 5675 2051 5694 2050 5693 2032 5675 2052 5695 2051 5694 2032 5675 2053 5696 2052 5695 2032 5675 2054 5697 2053 5696 2032 5675 2055 5698 2054 5697 2032 5675 2056 5699 2055 5698 2032 5675 2057 5700 2056 5699 2032 5675 2058 5701 2057 5700 2032 5675 2059 5702 2058 5701 2032 5675 2060 5703 2059 5702 2032 5675 2061 5704 2060 5703 2032 5675 2062 5705 2061 5704 2032 5675 2063 5706 2062 5705 2064 5707 2066 5709 2065 5708 2064 5707 2067 5710 2066 5709 2064 5707 2068 5711 2067 5710 2064 5707 2069 5712 2068 5711 2064 5707 2070 5713 2069 5712 2064 5707 2071 5714 2070 5713 2064 5707 2072 5715 2071 5714 2064 5707 2073 5716 2072 5715 2064 5707 2074 5717 2073 5716 2064 5707 2075 5718 2074 5717 2064 5707 2076 5719 2075 5718 2064 5707 2077 5720 2076 5719 2064 5707 2078 5721 2077 5720 2064 5707 2079 5722 2078 5721 2064 5707 2080 5723 2079 5722 2064 5707 2081 5724 2080 5723 2064 5707 2082 5725 2081 5724 2064 5707 2083 5726 2082 5725 2064 5707 2084 5727 2083 5726 2064 5707 2085 5728 2084 5727 2064 5707 2086 5729 2085 5728 2064 5707 2087 5730 2086 5729 2064 5707 2088 5731 2087 5730 2064 5707 2089 5732 2088 5731 2064 5707 2090 5733 2089 5732 2064 5707 2091 5734 2090 5733 2064 5707 2092 5735 2091 5734 2064 5707 2093 5736 2092 5735 2064 5707 2094 5737 2093 5736 2064 5707 2095 5738 2094 5737 2096 5739 2098 5741 2097 5740 2096 5739 2099 5742 2098 5741 2096 5739 2100 5743 2099 5742 2096 5739 2101 5744 2100 5743 2096 5739 2102 5745 2101 5744 2096 5739 2103 5746 2102 5745 2096 5739 2104 5747 2103 5746 2096 5739 2105 5748 2104 5747 2096 5739 2106 5749 2105 5748 2096 5739 2107 5750 2106 5749 2096 5739 2108 5751 2107 5750 2096 5739 2109 5752 2108 5751 2096 5739 2110 5753 2109 5752 2096 5739 2111 5754 2110 5753 2096 5739 2112 5755 2111 5754 2096 5739 2113 5756 2112 5755 2096 5739 2114 5757 2113 5756 2096 5739 2115 5758 2114 5757 2096 5739 2116 5759 2115 5758 2096 5739 2117 5760 2116 5759 2096 5739 2118 5761 2117 5760 2096 5739 2119 5762 2118 5761 2096 5739 2120 5763 2119 5762 2096 5739 2121 5764 2120 5763 2096 5739 2122 5765 2121 5764 2096 5739 2123 5766 2122 5765 2096 5739 2124 5767 2123 5766 2096 5739 2125 5768 2124 5767 2096 5739 2126 5769 2125 5768 2096 5739 2127 5770 2126 5769 2128 5771 2130 5773 2129 5772 2128 5771 2131 5774 2130 5773 2128 5771 2132 5775 2131 5774 2128 5771 2133 5776 2132 5775 2128 5771 2134 5777 2133 5776 2128 5771 2135 5778 2134 5777 2128 5771 2136 5779 2135 5778 2128 5771 2137 5780 2136 5779 2128 5771 2138 5781 2137 5780 2128 5771 2139 5782 2138 5781 2128 5771 2140 5783 2139 5782 2128 5771 2141 5784 2140 5783 2128 5771 2142 5785 2141 5784 2128 5771 2143 5786 2142 5785 2128 5771 2144 5787 2143 5786 2128 5771 2145 5788 2144 5787 2128 5771 2146 5789 2145 5788 2128 5771 2147 5790 2146 5789 2128 5771 2148 5791 2147 5790 2128 5771 2149 5792 2148 5791 2128 5771 2150 5793 2149 5792 2128 5771 2151 5794 2150 5793 2128 5771 2152 5795 2151 5794 2128 5771 2153 5796 2152 5795 2128 5771 2154 5797 2153 5796 2128 5771 2155 5798 2154 5797 2128 5771 2156 5799 2155 5798 2128 5771 2157 5800 2156 5799 2128 5771 2158 5801 2157 5800 2128 5771 2159 5802 2158 5801 2160 5803 2162 5805 2161 5804 2160 5803 2163 5806 2162 5805 2160 5803 2164 5807 2163 5806 2160 5803 2165 5808 2164 5807 2160 5803 2166 5809 2165 5808 2160 5803 2167 5810 2166 5809 2160 5803 2168 5811 2167 5810 2160 5803 2169 5812 2168 5811 2160 5803 2170 5813 2169 5812 2160 5803 2171 5814 2170 5813 2160 5803 2172 5815 2171 5814 2160 5803 2173 5816 2172 5815 2160 5803 2174 5817 2173 5816 2160 5803 2175 5818 2174 5817 2160 5803 2176 5819 2175 5818 2160 5803 2177 5820 2176 5819 2160 5803 2178 5821 2177 5820 2160 5803 2179 5822 2178 5821 2160 5803 2180 5823 2179 5822 2160 5803 2181 5824 2180 5823 2160 5803 2182 5825 2181 5824 2160 5803 2183 5826 2182 5825 2160 5803 2184 5827 2183 5826 2160 5803 2185 5828 2184 5827 2160 5803 2186 5829 2185 5828 2160 5803 2187 5830 2186 5829 2160 5803 2188 5831 2187 5830 2160 5803 2189 5832 2188 5831 2160 5803 2190 5833 2189 5832 2160 5803 2191 5834 2190 5833</p></triangles>
        <triangles count="960" material="MAT_COTTON_LEAF_3-mat"><input semantic="VERTEX" source="#ROW_21_SEG3_foliage-vtx" offset="0"/><input semantic="NORMAL" source="#ROW_21_SEG3_foliage-nrm" offset="1"/><p>2192 2186 2193 2187 2194 2188 2192 2186 2194 2188 2195 2189 2192 2186 2195 2189 2196 2190 2192 2186 2196 2190 2197 2191 2192 2186 2197 2191 2198 2192 2192 2186 2198 2192 2199 2193 2192 2186 2199 2193 2200 2194 2192 2186 2200 2194 2201 2195 2192 2186 2201 2195 2202 221 2192 2186 2202 221 2203 2196 2192 2186 2203 2196 2204 2197 2192 2186 2204 2197 2205 2198 2192 2186 2205 2198 2206 2199 2192 2186 2206 2199 2207 2200 2192 2186 2207 2200 2208 2201 2192 2186 2208 2201 2209 2202 2192 2186 2209 2202 2210 2203 2192 2186 2210 2203 2211 2204 2192 2186 2211 2204 2212 2205 2192 2186 2212 2205 2213 2206 2192 2186 2213 2206 2214 2207 2192 2186 2214 2207 2215 2208 2192 2186 2215 2208 2216 2209 2192 2186 2216 2209 2217 2210 2192 2186 2217 2210 2218 2211 2192 2186 2218 2211 2219 2212 2192 2186 2219 2212 2220 2213 2192 2186 2220 2213 2221 2214 2192 2186 2221 2214 2222 2215 2192 2186 2222 2215 2223 2216 2224 2217 2225 2218 2226 2219 2224 2217 2226 2219 2227 2220 2224 2217 2227 2220 2228 2221 2224 2217 2228 2221 2229 2222 2224 2217 2229 2222 2230 2223 2224 2217 2230 2223 2231 2224 2224 2217 2231 2224 2232 2225 2224 2217 2232 2225 2233 2226 2224 2217 2233 2226 2234 2227 2224 2217 2234 2227 2235 2228 2224 2217 2235 2228 2236 2229 2224 2217 2236 2229 2237 2230 2224 2217 2237 2230 2238 2231 2224 2217 2238 2231 2239 2232 2224 2217 2239 2232 2240 2233 2224 2217 2240 2233 2241 2234 2224 2217 2241 2234 2242 2235 2224 2217 2242 2235 2243 2236 2224 2217 2243 2236 2244 2237 2224 2217 2244 2237 2245 2238 2224 2217 2245 2238 2246 2239 2224 2217 2246 2239 2247 2240 2224 2217 2247 2240 2248 2241 2224 2217 2248 2241 2249 2242 2224 2217 2249 2242 2250 2243 2224 2217 2250 2243 2251 2244 2224 2217 2251 2244 2252 1123 2224 2217 2252 1123 2253 2245 2224 2217 2253 2245 2254 2246 2224 2217 2254 2246 2255 2247 2256 2248 2257 2249 2258 2250 2256 2248 2258 2250 2259 2251 2256 2248 2259 2251 2260 2252 2256 2248 2260 2252 2261 2253 2256 2248 2261 2253 2262 2254 2256 2248 2262 2254 2263 2255 2256 2248 2263 2255 2264 2256 2256 2248 2264 2256 2265 2257 2256 2248 2265 2257 2266 2258 2256 2248 2266 2258 2267 2259 2256 2248 2267 2259 2268 2260 2256 2248 2268 2260 2269 2261 2256 2248 2269 2261 2270 2262 2256 2248 2270 2262 2271 2263 2256 2248 2271 2263 2272 2264 2256 2248 2272 2264 2273 2265 2256 2248 2273 2265 2274 2266 2256 2248 2274 2266 2275 2267 2256 2248 2275 2267 2276 2268 2256 2248 2276 2268 2277 2269 2256 2248 2277 2269 2278 2270 2256 2248 2278 2270 2279 2271 2256 2248 2279 2271 2280 2272 2256 2248 2280 2272 2281 2273 2256 2248 2281 2273 2282 2274 2256 2248 2282 2274 2283 2275 2256 2248 2283 2275 2284 2276 2256 2248 2284 2276 2285 2277 2256 2248 2285 2277 2286 2278 2256 2248 2286 2278 2287 2279 2288 2280 2289 2281 2290 2282 2288 2280 2290 2282 2291 2283 2288 2280 2291 2283 2292 2284 2288 2280 2292 2284 2293 2285 2288 2280 2293 2285 2294 2286 2288 2280 2294 2286 2295 2287 2288 2280 2295 2287 2296 2288 2288 2280 2296 2288 2297 2289 2288 2280 2297 2289 2298 2290 2288 2280 2298 2290 2299 2291 2288 2280 2299 2291 2300 2292 2288 2280 2300 2292 2301 2293 2288 2280 2301 2293 2302 2294 2288 2280 2302 2294 2303 2295 2288 2280 2303 2295 2304 2296 2288 2280 2304 2296 2305 2297 2288 2280 2305 2297 2306 2298 2288 2280 2306 2298 2307 2299 2288 2280 2307 2299 2308 2300 2288 2280 2308 2300 2309 2301 2288 2280 2309 2301 2310 2302 2288 2280 2310 2302 2311 2303 2288 2280 2311 2303 2312 2304 2288 2280 2312 2304 2313 2305 2288 2280 2313 2305 2314 2306 2288 2280 2314 2306 2315 2307 2288 2280 2315 2307 2316 2308 2288 2280 2316 2308 2317 2309 2288 2280 2317 2309 2318 2310 2288 2280 2318 2310 2319 2311 2320 2312 2321 2313 2322 2314 2320 2312 2322 2314 2323 2315 2320 2312 2323 2315 2324 2316 2320 2312 2324 2316 2325 2317 2320 2312 2325 2317 2326 2318 2320 2312 2326 2318 2327 2319 2320 2312 2327 2319 2328 2320 2320 2312 2328 2320 2329 2321 2320 2312 2329 2321 2330 2322 2320 2312 2330 2322 2331 2323 2320 2312 2331 2323 2332 2324 2320 2312 2332 2324 2333 2325 2320 2312 2333 2325 2334 2326 2320 2312 2334 2326 2335 2327 2320 2312 2335 2327 2336 2328 2320 2312 2336 2328 2337 2329 2320 2312 2337 2329 2338 2330 2320 2312 2338 2330 2339 2331 2320 2312 2339 2331 2340 2332 2320 2312 2340 2332 2341 2333 2320 2312 2341 2333 2342 2334 2320 2312 2342 2334 2343 2335 2320 2312 2343 2335 2344 2336 2320 2312 2344 2336 2345 2337 2320 2312 2345 2337 2346 2338 2320 2312 2346 2338 2347 2339 2320 2312 2347 2339 2348 2340 2320 2312 2348 2340 2349 2341 2320 2312 2349 2341 2350 2342 2320 2312 2350 2342 2351 2343 2352 2344 2353 2345 2354 2346 2352 2344 2354 2346 2355 2347 2352 2344 2355 2347 2356 2348 2352 2344 2356 2348 2357 2349 2352 2344 2357 2349 2358 2350 2352 2344 2358 2350 2359 2351 2352 2344 2359 2351 2360 2352 2352 2344 2360 2352 2361 2353 2352 2344 2361 2353 2362 2354 2352 2344 2362 2354 2363 2355 2352 2344 2363 2355 2364 2356 2352 2344 2364 2356 2365 2357 2352 2344 2365 2357 2366 2358 2352 2344 2366 2358 2367 2359 2352 2344 2367 2359 2368 2360 2352 2344 2368 2360 2369 2361 2352 2344 2369 2361 2370 2362 2352 2344 2370 2362 2371 2363 2352 2344 2371 2363 2372 2364 2352 2344 2372 2364 2373 2365 2352 2344 2373 2365 2374 2366 2352 2344 2374 2366 2375 2367 2352 2344 2375 2367 2376 2368 2352 2344 2376 2368 2377 2369 2352 2344 2377 2369 2378 2370 2352 2344 2378 2370 2379 2371 2352 2344 2379 2371 2380 2372 2352 2344 2380 2372 2381 2373 2352 2344 2381 2373 2382 2374 2352 2344 2382 2374 2383 2375 2384 2376 2385 2377 2386 2378 2384 2376 2386 2378 2387 2379 2384 2376 2387 2379 2388 2380 2384 2376 2388 2380 2389 2381 2384 2376 2389 2381 2390 2382 2384 2376 2390 2382 2391 2383 2384 2376 2391 2383 2392 2384 2384 2376 2392 2384 2393 2385 2384 2376 2393 2385 2394 2386 2384 2376 2394 2386 2395 2387 2384 2376 2395 2387 2396 2388 2384 2376 2396 2388 2397 2389 2384 2376 2397 2389 2398 2390 2384 2376 2398 2390 2399 2391 2384 2376 2399 2391 2400 2392 2384 2376 2400 2392 2401 2393 2384 2376 2401 2393 2402 2394 2384 2376 2402 2394 2403 2395 2384 2376 2403 2395 2404 2396 2384 2376 2404 2396 2405 2397 2384 2376 2405 2397 2406 2398 2384 2376 2406 2398 2407 2399 2384 2376 2407 2399 2408 2400 2384 2376 2408 2400 2409 2401 2384 2376 2409 2401 2410 2402 2384 2376 2410 2402 2411 2403 2384 2376 2411 2403 2412 605 2384 2376 2412 605 2413 2404 2384 2376 2413 2404 2414 2405 2384 2376 2414 2405 2415 2406 2416 2407 2417 2408 2418 2409 2416 2407 2418 2409 2419 2410 2416 2407 2419 2410 2420 2411 2416 2407 2420 2411 2421 2412 2416 2407 2421 2412 2422 2413 2416 2407 2422 2413 2423 2414 2416 2407 2423 2414 2424 2415 2416 2407 2424 2415 2425 2416 2416 2407 2425 2416 2426 2417 2416 2407 2426 2417 2427 2418 2416 2407 2427 2418 2428 2419 2416 2407 2428 2419 2429 2420 2416 2407 2429 2420 2430 2421 2416 2407 2430 2421 2431 2422 2416 2407 2431 2422 2432 2423 2416 2407 2432 2423 2433 2424 2416 2407 2433 2424 2434 2425 2416 2407 2434 2425 2435 2426 2416 2407 2435 2426 2436 2427 2416 2407 2436 2427 2437 2428 2416 2407 2437 2428 2438 2429 2416 2407 2438 2429 2439 2430 2416 2407 2439 2430 2440 2431 2416 2407 2440 2431 2441 2432 2416 2407 2441 2432 2442 2433 2416 2407 2442 2433 2443 2434 2416 2407 2443 2434 2444 2435 2416 2407 2444 2435 2445 2436 2416 2407 2445 2436 2446 2437 2416 2407 2446 2437 2447 2438 2448 2439 2449 2440 2450 2441 2448 2439 2450 2441 2451 2442 2448 2439 2451 2442 2452 2443 2448 2439 2452 2443 2453 2444 2448 2439 2453 2444 2454 2445 2448 2439 2454 2445 2455 2446 2448 2439 2455 2446 2456 2447 2448 2439 2456 2447 2457 2448 2448 2439 2457 2448 2458 2449 2448 2439 2458 2449 2459 2450 2448 2439 2459 2450 2460 2451 2448 2439 2460 2451 2461 2452 2448 2439 2461 2452 2462 2453 2448 2439 2462 2453 2463 2454 2448 2439 2463 2454 2464 2455 2448 2439 2464 2455 2465 2456 2448 2439 2465 2456 2466 2457 2448 2439 2466 2457 2467 2458 2448 2439 2467 2458 2468 2459 2448 2439 2468 2459 2469 2460 2448 2439 2469 2460 2470 2461 2448 2439 2470 2461 2471 2462 2448 2439 2471 2462 2472 2463 2448 2439 2472 2463 2473 2464 2448 2439 2473 2464 2474 2465 2448 2439 2474 2465 2475 2466 2448 2439 2475 2466 2476 2467 2448 2439 2476 2467 2477 2468 2448 2439 2477 2468 2478 2469 2448 2439 2478 2469 2479 2470 2480 2471 2481 2472 2482 2473 2480 2471 2482 2473 2483 2474 2480 2471 2483 2474 2484 2475 2480 2471 2484 2475 2485 2476 2480 2471 2485 2476 2486 2477 2480 2471 2486 2477 2487 2478 2480 2471 2487 2478 2488 2479 2480 2471 2488 2479 2489 2480 2480 2471 2489 2480 2490 2481 2480 2471 2490 2481 2491 2482 2480 2471 2491 2482 2492 2483 2480 2471 2492 2483 2493 2484 2480 2471 2493 2484 2494 2485 2480 2471 2494 2485 2495 2486 2480 2471 2495 2486 2496 2487 2480 2471 2496 2487 2497 2488 2480 2471 2497 2488 2498 2489 2480 2471 2498 2489 2499 2490 2480 2471 2499 2490 2500 2491 2480 2471 2500 2491 2501 2492 2480 2471 2501 2492 2502 2493 2480 2471 2502 2493 2503 2494 2480 2471 2503 2494 2504 2495 2480 2471 2504 2495 2505 2496 2480 2471 2505 2496 2506 2497 2480 2471 2506 2497 2507 2450 2480 2471 2507 2450 2508 2498 2480 2471 2508 2498 2509 2499 2480 2471 2509 2499 2510 2500 2480 2471 2510 2500 2511 2501 2512 2502 2513 2503 2514 2504 2512 2502 2514 2504 2515 2505 2512 2502 2515 2505 2516 2506 2512 2502 2516 2506 2517 2507 2512 2502 2517 2507 2518 2508 2512 2502 2518 2508 2519 2509 2512 2502 2519 2509 2520 2510 2512 2502 2520 2510 2521 2511 2512 2502 2521 2511 2522 2512 2512 2502 2522 2512 2523 2513 2512 2502 2523 2513 2524 2514 2512 2502 2524 2514 2525 2515 2512 2502 2525 2515 2526 2516 2512 2502 2526 2516 2527 2517 2512 2502 2527 2517 2528 2518 2512 2502 2528 2518 2529 2519 2512 2502 2529 2519 2530 2520 2512 2502 2530 2520 2531 2521 2512 2502 2531 2521 2532 2522 2512 2502 2532 2522 2533 2523 2512 2502 2533 2523 2534 2524 2512 2502 2534 2524 2535 1300 2512 2502 2535 1300 2536 2525 2512 2502 2536 2525 2537 2526 2512 2502 2537 2526 2538 2527 2512 2502 2538 2527 2539 2528 2512 2502 2539 2528 2540 2529 2512 2502 2540 2529 2541 2530 2512 2502 2541 2530 2542 1512 2512 2502 2542 1512 2543 2531 2544 2532 2545 2533 2546 2534 2544 2532 2546 2534 2547 2535 2544 2532 2547 2535 2548 2536 2544 2532 2548 2536 2549 2537 2544 2532 2549 2537 2550 2538 2544 2532 2550 2538 2551 2539 2544 2532 2551 2539 2552 2540 2544 2532 2552 2540 2553 2541 2544 2532 2553 2541 2554 2542 2544 2532 2554 2542 2555 2543 2544 2532 2555 2543 2556 2544 2544 2532 2556 2544 2557 2545 2544 2532 2557 2545 2558 2546 2544 2532 2558 2546 2559 2547 2544 2532 2559 2547 2560 2548 2544 2532 2560 2548 2561 2549 2544 2532 2561 2549 2562 2550 2544 2532 2562 2550 2563 2551 2544 2532 2563 2551 2564 2552 2544 2532 2564 2552 2565 2553 2544 2532 2565 2553 2566 2554 2544 2532 2566 2554 2567 2555 2544 2532 2567 2555 2568 2556 2544 2532 2568 2556 2569 2557 2544 2532 2569 2557 2570 2558 2544 2532 2570 2558 2571 2559 2544 2532 2571 2559 2572 2560 2544 2532 2572 2560 2573 2561 2544 2532 2573 2561 2574 2562 2544 2532 2574 2562 2575 2563 2576 2564 2577 2565 2578 2566 2576 2564 2578 2566 2579 2567 2576 2564 2579 2567 2580 2568 2576 2564 2580 2568 2581 2569 2576 2564 2581 2569 2582 2570 2576 2564 2582 2570 2583 2571 2576 2564 2583 2571 2584 2572 2576 2564 2584 2572 2585 2573 2576 2564 2585 2573 2586 2574 2576 2564 2586 2574 2587 2575 2576 2564 2587 2575 2588 2576 2576 2564 2588 2576 2589 2577 2576 2564 2589 2577 2590 2578 2576 2564 2590 2578 2591 2579 2576 2564 2591 2579 2592 2580 2576 2564 2592 2580 2593 2581 2576 2564 2593 2581 2594 2582 2576 2564 2594 2582 2595 2583 2576 2564 2595 2583 2596 2584 2576 2564 2596 2584 2597 2585 2576 2564 2597 2585 2598 2586 2576 2564 2598 2586 2599 2587 2576 2564 2599 2587 2600 2588 2576 2564 2600 2588 2601 2589 2576 2564 2601 2589 2602 2590 2576 2564 2602 2590 2603 2591 2576 2564 2603 2591 2604 2592 2576 2564 2604 2592 2605 2593 2576 2564 2605 2593 2606 2594 2576 2564 2606 2594 2607 2595 2608 2596 2609 2597 2610 2598 2608 2596 2610 2598 2611 2599 2608 2596 2611 2599 2612 2600 2608 2596 2612 2600 2613 2601 2608 2596 2613 2601 2614 2602 2608 2596 2614 2602 2615 2603 2608 2596 2615 2603 2616 2604 2608 2596 2616 2604 2617 2605 2608 2596 2617 2605 2618 2606 2608 2596 2618 2606 2619 2607 2608 2596 2619 2607 2620 2608 2608 2596 2620 2608 2621 2609 2608 2596 2621 2609 2622 2610 2608 2596 2622 2610 2623 2611 2608 2596 2623 2611 2624 2612 2608 2596 2624 2612 2625 2613 2608 2596 2625 2613 2626 2614 2608 2596 2626 2614 2627 2615 2608 2596 2627 2615 2628 2616 2608 2596 2628 2616 2629 2617 2608 2596 2629 2617 2630 2618 2608 2596 2630 2618 2631 2619 2608 2596 2631 2619 2632 2620 2608 2596 2632 2620 2633 2621 2608 2596 2633 2621 2634 2622 2608 2596 2634 2622 2635 2623 2608 2596 2635 2623 2636 2624 2608 2596 2636 2624 2637 2625 2608 2596 2637 2625 2638 2626 2608 2596 2638 2626 2639 2627 2640 2628 2641 2629 2642 2630 2640 2628 2642 2630 2643 2631 2640 2628 2643 2631 2644 2632 2640 2628 2644 2632 2645 2633 2640 2628 2645 2633 2646 2634 2640 2628 2646 2634 2647 2635 2640 2628 2647 2635 2648 2636 2640 2628 2648 2636 2649 2637 2640 2628 2649 2637 2650 2638 2640 2628 2650 2638 2651 2639 2640 2628 2651 2639 2652 2640 2640 2628 2652 2640 2653 2641 2640 2628 2653 2641 2654 2642 2640 2628 2654 2642 2655 2643 2640 2628 2655 2643 2656 2644 2640 2628 2656 2644 2657 2645 2640 2628 2657 2645 2658 2646 2640 2628 2658 2646 2659 2647 2640 2628 2659 2647 2660 2648 2640 2628 2660 2648 2661 2649 2640 2628 2661 2649 2662 2650 2640 2628 2662 2650 2663 2651 2640 2628 2663 2651 2664 2652 2640 2628 2664 2652 2665 2653 2640 2628 2665 2653 2666 1189 2640 2628 2666 1189 2667 2654 2640 2628 2667 2654 2668 2655 2640 2628 2668 2655 2669 2656 2640 2628 2669 2656 2670 2657 2640 2628 2670 2657 2671 2658 2672 2659 2673 2660 2674 2661 2672 2659 2674 2661 2675 2662 2672 2659 2675 2662 2676 2663 2672 2659 2676 2663 2677 2664 2672 2659 2677 2664 2678 2665 2672 2659 2678 2665 2679 2666 2672 2659 2679 2666 2680 2667 2672 2659 2680 2667 2681 2668 2672 2659 2681 2668 2682 2669 2672 2659 2682 2669 2683 2670 2672 2659 2683 2670 2684 2671 2672 2659 2684 2671 2685 2672 2672 2659 2685 2672 2686 2673 2672 2659 2686 2673 2687 2674 2672 2659 2687 2674 2688 2675 2672 2659 2688 2675 2689 2676 2672 2659 2689 2676 2690 2677 2672 2659 2690 2677 2691 2678 2672 2659 2691 2678 2692 2679 2672 2659 2692 2679 2693 2680 2672 2659 2693 2680 2694 2681 2672 2659 2694 2681 2695 2682 2672 2659 2695 2682 2696 2683 2672 2659 2696 2683 2697 2684 2672 2659 2697 2684 2698 2685 2672 2659 2698 2685 2699 2686 2672 2659 2699 2686 2700 2687 2672 2659 2700 2687 2701 2688 2672 2659 2701 2688 2702 2689 2672 2659 2702 2689 2703 2690 2192 5835 2194 5837 2193 5836 2192 5835 2195 5838 2194 5837 2192 5835 2196 5839 2195 5838 2192 5835 2197 5840 2196 5839 2192 5835 2198 5841 2197 5840 2192 5835 2199 5842 2198 5841 2192 5835 2200 5843 2199 5842 2192 5835 2201 5844 2200 5843 2192 5835 2202 3870 2201 5844 2192 5835 2203 5845 2202 3870 2192 5835 2204 5846 2203 5845 2192 5835 2205 5847 2204 5846 2192 5835 2206 5848 2205 5847 2192 5835 2207 5849 2206 5848 2192 5835 2208 5850 2207 5849 2192 5835 2209 5851 2208 5850 2192 5835 2210 5852 2209 5851 2192 5835 2211 5853 2210 5852 2192 5835 2212 5854 2211 5853 2192 5835 2213 5855 2212 5854 2192 5835 2214 5856 2213 5855 2192 5835 2215 5857 2214 5856 2192 5835 2216 5858 2215 5857 2192 5835 2217 5859 2216 5858 2192 5835 2218 5860 2217 5859 2192 5835 2219 5861 2218 5860 2192 5835 2220 5862 2219 5861 2192 5835 2221 5863 2220 5862 2192 5835 2222 5864 2221 5863 2192 5835 2223 5865 2222 5864 2224 5866 2226 5868 2225 5867 2224 5866 2227 5869 2226 5868 2224 5866 2228 5870 2227 5869 2224 5866 2229 5871 2228 5870 2224 5866 2230 5872 2229 5871 2224 5866 2231 5873 2230 5872 2224 5866 2232 5874 2231 5873 2224 5866 2233 5875 2232 5874 2224 5866 2234 5876 2233 5875 2224 5866 2235 5877 2234 5876 2224 5866 2236 5878 2235 5877 2224 5866 2237 5879 2236 5878 2224 5866 2238 5880 2237 5879 2224 5866 2239 5881 2238 5880 2224 5866 2240 5882 2239 5881 2224 5866 2241 5883 2240 5882 2224 5866 2242 5884 2241 5883 2224 5866 2243 5885 2242 5884 2224 5866 2244 5886 2243 5885 2224 5866 2245 5887 2244 5886 2224 5866 2246 5888 2245 5887 2224 5866 2247 5889 2246 5888 2224 5866 2248 5890 2247 5889 2224 5866 2249 5891 2248 5890 2224 5866 2250 5892 2249 5891 2224 5866 2251 5893 2250 5892 2224 5866 2252 4772 2251 5893 2224 5866 2253 5894 2252 4772 2224 5866 2254 5895 2253 5894 2224 5866 2255 5896 2254 5895 2256 5897 2258 5899 2257 5898 2256 5897 2259 5900 2258 5899 2256 5897 2260 5901 2259 5900 2256 5897 2261 5902 2260 5901 2256 5897 2262 5903 2261 5902 2256 5897 2263 5904 2262 5903 2256 5897 2264 5905 2263 5904 2256 5897 2265 5906 2264 5905 2256 5897 2266 5907 2265 5906 2256 5897 2267 5908 2266 5907 2256 5897 2268 5909 2267 5908 2256 5897 2269 5910 2268 5909 2256 5897 2270 5911 2269 5910 2256 5897 2271 5912 2270 5911 2256 5897 2272 5913 2271 5912 2256 5897 2273 5914 2272 5913 2256 5897 2274 5915 2273 5914 2256 5897 2275 5916 2274 5915 2256 5897 2276 5917 2275 5916 2256 5897 2277 5918 2276 5917 2256 5897 2278 5919 2277 5918 2256 5897 2279 5920 2278 5919 2256 5897 2280 5921 2279 5920 2256 5897 2281 5922 2280 5921 2256 5897 2282 5923 2281 5922 2256 5897 2283 5924 2282 5923 2256 5897 2284 5925 2283 5924 2256 5897 2285 5926 2284 5925 2256 5897 2286 5927 2285 5926 2256 5897 2287 5928 2286 5927 2288 5929 2290 5931 2289 5930 2288 5929 2291 5932 2290 5931 2288 5929 2292 5933 2291 5932 2288 5929 2293 5934 2292 5933 2288 5929 2294 5935 2293 5934 2288 5929 2295 5936 2294 5935 2288 5929 2296 5937 2295 5936 2288 5929 2297 5938 2296 5937 2288 5929 2298 5939 2297 5938 2288 5929 2299 5940 2298 5939 2288 5929 2300 5941 2299 5940 2288 5929 2301 5942 2300 5941 2288 5929 2302 5943 2301 5942 2288 5929 2303 5944 2302 5943 2288 5929 2304 5945 2303 5944 2288 5929 2305 5946 2304 5945 2288 5929 2306 5947 2305 5946 2288 5929 2307 5948 2306 5947 2288 5929 2308 5949 2307 5948 2288 5929 2309 5950 2308 5949 2288 5929 2310 5951 2309 5950 2288 5929 2311 5952 2310 5951 2288 5929 2312 5953 2311 5952 2288 5929 2313 5954 2312 5953 2288 5929 2314 5955 2313 5954 2288 5929 2315 5956 2314 5955 2288 5929 2316 5957 2315 5956 2288 5929 2317 5958 2316 5957 2288 5929 2318 5959 2317 5958 2288 5929 2319 5960 2318 5959 2320 5961 2322 5963 2321 5962 2320 5961 2323 5964 2322 5963 2320 5961 2324 5965 2323 5964 2320 5961 2325 5966 2324 5965 2320 5961 2326 5967 2325 5966 2320 5961 2327 5968 2326 5967 2320 5961 2328 5969 2327 5968 2320 5961 2329 5970 2328 5969 2320 5961 2330 5971 2329 5970 2320 5961 2331 5972 2330 5971 2320 5961 2332 5973 2331 5972 2320 5961 2333 5974 2332 5973 2320 5961 2334 5975 2333 5974 2320 5961 2335 5976 2334 5975 2320 5961 2336 5977 2335 5976 2320 5961 2337 5978 2336 5977 2320 5961 2338 5979 2337 5978 2320 5961 2339 5980 2338 5979 2320 5961 2340 5981 2339 5980 2320 5961 2341 5982 2340 5981 2320 5961 2342 5983 2341 5982 2320 5961 2343 5984 2342 5983 2320 5961 2344 5985 2343 5984 2320 5961 2345 5986 2344 5985 2320 5961 2346 5987 2345 5986 2320 5961 2347 5988 2346 5987 2320 5961 2348 5989 2347 5988 2320 5961 2349 5990 2348 5989 2320 5961 2350 5991 2349 5990 2320 5961 2351 5992 2350 5991 2352 5993 2354 5995 2353 5994 2352 5993 2355 5996 2354 5995 2352 5993 2356 5997 2355 5996 2352 5993 2357 5998 2356 5997 2352 5993 2358 5999 2357 5998 2352 5993 2359 6000 2358 5999 2352 5993 2360 6001 2359 6000 2352 5993 2361 6002 2360 6001 2352 5993 2362 6003 2361 6002 2352 5993 2363 6004 2362 6003 2352 5993 2364 6005 2363 6004 2352 5993 2365 6006 2364 6005 2352 5993 2366 6007 2365 6006 2352 5993 2367 6008 2366 6007 2352 5993 2368 6009 2367 6008 2352 5993 2369 6010 2368 6009 2352 5993 2370 6011 2369 6010 2352 5993 2371 6012 2370 6011 2352 5993 2372 6013 2371 6012 2352 5993 2373 6014 2372 6013 2352 5993 2374 6015 2373 6014 2352 5993 2375 6016 2374 6015 2352 5993 2376 6017 2375 6016 2352 5993 2377 6018 2376 6017 2352 5993 2378 6019 2377 6018 2352 5993 2379 6020 2378 6019 2352 5993 2380 6021 2379 6020 2352 5993 2381 6022 2380 6021 2352 5993 2382 6023 2381 6022 2352 5993 2383 6024 2382 6023 2384 6025 2386 6027 2385 6026 2384 6025 2387 6028 2386 6027 2384 6025 2388 6029 2387 6028 2384 6025 2389 6030 2388 6029 2384 6025 2390 6031 2389 6030 2384 6025 2391 6032 2390 6031 2384 6025 2392 6033 2391 6032 2384 6025 2393 6034 2392 6033 2384 6025 2394 6035 2393 6034 2384 6025 2395 6036 2394 6035 2384 6025 2396 6037 2395 6036 2384 6025 2397 6038 2396 6037 2384 6025 2398 6039 2397 6038 2384 6025 2399 6040 2398 6039 2384 6025 2400 6041 2399 6040 2384 6025 2401 6042 2400 6041 2384 6025 2402 6043 2401 6042 2384 6025 2403 6044 2402 6043 2384 6025 2404 6045 2403 6044 2384 6025 2405 6046 2404 6045 2384 6025 2406 6047 2405 6046 2384 6025 2407 6048 2406 6047 2384 6025 2408 6049 2407 6048 2384 6025 2409 6050 2408 6049 2384 6025 2410 6051 2409 6050 2384 6025 2411 6052 2410 6051 2384 6025 2412 4254 2411 6052 2384 6025 2413 6053 2412 4254 2384 6025 2414 6054 2413 6053 2384 6025 2415 6055 2414 6054 2416 6056 2418 6058 2417 6057 2416 6056 2419 6059 2418 6058 2416 6056 2420 6060 2419 6059 2416 6056 2421 6061 2420 6060 2416 6056 2422 6062 2421 6061 2416 6056 2423 6063 2422 6062 2416 6056 2424 6064 2423 6063 2416 6056 2425 6065 2424 6064 2416 6056 2426 6066 2425 6065 2416 6056 2427 6067 2426 6066 2416 6056 2428 6068 2427 6067 2416 6056 2429 6069 2428 6068 2416 6056 2430 6070 2429 6069 2416 6056 2431 6071 2430 6070 2416 6056 2432 6072 2431 6071 2416 6056 2433 6073 2432 6072 2416 6056 2434 6074 2433 6073 2416 6056 2435 6075 2434 6074 2416 6056 2436 6076 2435 6075 2416 6056 2437 6077 2436 6076 2416 6056 2438 6078 2437 6077 2416 6056 2439 6079 2438 6078 2416 6056 2440 6080 2439 6079 2416 6056 2441 6081 2440 6080 2416 6056 2442 6082 2441 6081 2416 6056 2443 6083 2442 6082 2416 6056 2444 6084 2443 6083 2416 6056 2445 6085 2444 6084 2416 6056 2446 6086 2445 6085 2416 6056 2447 6087 2446 6086 2448 6088 2450 6090 2449 6089 2448 6088 2451 6091 2450 6090 2448 6088 2452 6092 2451 6091 2448 6088 2453 6093 2452 6092 2448 6088 2454 6094 2453 6093 2448 6088 2455 6095 2454 6094 2448 6088 2456 6096 2455 6095 2448 6088 2457 6097 2456 6096 2448 6088 2458 6098 2457 6097 2448 6088 2459 6099 2458 6098 2448 6088 2460 6100 2459 6099 2448 6088 2461 6101 2460 6100 2448 6088 2462 6102 2461 6101 2448 6088 2463 6103 2462 6102 2448 6088 2464 6104 2463 6103 2448 6088 2465 6105 2464 6104 2448 6088 2466 6106 2465 6105 2448 6088 2467 6107 2466 6106 2448 6088 2468 6108 2467 6107 2448 6088 2469 6109 2468 6108 2448 6088 2470 6110 2469 6109 2448 6088 2471 6111 2470 6110 2448 6088 2472 6112 2471 6111 2448 6088 2473 6113 2472 6112 2448 6088 2474 6114 2473 6113 2448 6088 2475 6115 2474 6114 2448 6088 2476 6116 2475 6115 2448 6088 2477 6117 2476 6116 2448 6088 2478 6118 2477 6117 2448 6088 2479 6119 2478 6118 2480 6120 2482 6122 2481 6121 2480 6120 2483 6123 2482 6122 2480 6120 2484 6124 2483 6123 2480 6120 2485 6125 2484 6124 2480 6120 2486 6126 2485 6125 2480 6120 2487 6127 2486 6126 2480 6120 2488 6128 2487 6127 2480 6120 2489 6129 2488 6128 2480 6120 2490 6130 2489 6129 2480 6120 2491 6131 2490 6130 2480 6120 2492 6132 2491 6131 2480 6120 2493 6133 2492 6132 2480 6120 2494 6134 2493 6133 2480 6120 2495 6135 2494 6134 2480 6120 2496 6136 2495 6135 2480 6120 2497 6137 2496 6136 2480 6120 2498 6138 2497 6137 2480 6120 2499 6139 2498 6138 2480 6120 2500 6140 2499 6139 2480 6120 2501 6141 2500 6140 2480 6120 2502 6142 2501 6141 2480 6120 2503 6143 2502 6142 2480 6120 2504 6144 2503 6143 2480 6120 2505 6145 2504 6144 2480 6120 2506 6146 2505 6145 2480 6120 2507 6099 2506 6146 2480 6120 2508 6147 2507 6099 2480 6120 2509 6148 2508 6147 2480 6120 2510 6149 2509 6148 2480 6120 2511 6150 2510 6149 2512 6151 2514 6153 2513 6152 2512 6151 2515 6154 2514 6153 2512 6151 2516 6155 2515 6154 2512 6151 2517 6156 2516 6155 2512 6151 2518 6157 2517 6156 2512 6151 2519 6158 2518 6157 2512 6151 2520 6159 2519 6158 2512 6151 2521 6160 2520 6159 2512 6151 2522 6161 2521 6160 2512 6151 2523 6162 2522 6161 2512 6151 2524 6163 2523 6162 2512 6151 2525 6164 2524 6163 2512 6151 2526 6165 2525 6164 2512 6151 2527 6166 2526 6165 2512 6151 2528 6167 2527 6166 2512 6151 2529 6168 2528 6167 2512 6151 2530 6169 2529 6168 2512 6151 2531 6170 2530 6169 2512 6151 2532 6171 2531 6170 2512 6151 2533 6172 2532 6171 2512 6151 2534 6173 2533 6172 2512 6151 2535 4949 2534 6173 2512 6151 2536 6174 2535 4949 2512 6151 2537 6175 2536 6174 2512 6151 2538 6176 2537 6175 2512 6151 2539 6177 2538 6176 2512 6151 2540 6178 2539 6177 2512 6151 2541 6179 2540 6178 2512 6151 2542 5161 2541 6179 2512 6151 2543 6180 2542 5161 2544 6181 2546 6183 2545 6182 2544 6181 2547 6184 2546 6183 2544 6181 2548 6185 2547 6184 2544 6181 2549 6186 2548 6185 2544 6181 2550 6187 2549 6186 2544 6181 2551 6188 2550 6187 2544 6181 2552 6189 2551 6188 2544 6181 2553 6190 2552 6189 2544 6181 2554 6191 2553 6190 2544 6181 2555 6192 2554 6191 2544 6181 2556 6193 2555 6192 2544 6181 2557 6194 2556 6193 2544 6181 2558 6195 2557 6194 2544 6181 2559 6196 2558 6195 2544 6181 2560 6197 2559 6196 2544 6181 2561 6198 2560 6197 2544 6181 2562 6199 2561 6198 2544 6181 2563 6200 2562 6199 2544 6181 2564 6201 2563 6200 2544 6181 2565 6202 2564 6201 2544 6181 2566 6203 2565 6202 2544 6181 2567 6204 2566 6203 2544 6181 2568 6205 2567 6204 2544 6181 2569 6206 2568 6205 2544 6181 2570 6207 2569 6206 2544 6181 2571 6208 2570 6207 2544 6181 2572 6209 2571 6208 2544 6181 2573 6210 2572 6209 2544 6181 2574 6211 2573 6210 2544 6181 2575 6212 2574 6211 2576 6213 2578 6215 2577 6214 2576 6213 2579 6216 2578 6215 2576 6213 2580 6217 2579 6216 2576 6213 2581 6218 2580 6217 2576 6213 2582 6219 2581 6218 2576 6213 2583 6220 2582 6219 2576 6213 2584 6221 2583 6220 2576 6213 2585 6222 2584 6221 2576 6213 2586 6223 2585 6222 2576 6213 2587 6224 2586 6223 2576 6213 2588 6225 2587 6224 2576 6213 2589 6226 2588 6225 2576 6213 2590 6227 2589 6226 2576 6213 2591 6228 2590 6227 2576 6213 2592 6229 2591 6228 2576 6213 2593 6230 2592 6229 2576 6213 2594 6231 2593 6230 2576 6213 2595 6232 2594 6231 2576 6213 2596 6233 2595 6232 2576 6213 2597 6234 2596 6233 2576 6213 2598 6235 2597 6234 2576 6213 2599 6236 2598 6235 2576 6213 2600 6237 2599 6236 2576 6213 2601 6238 2600 6237 2576 6213 2602 6239 2601 6238 2576 6213 2603 6240 2602 6239 2576 6213 2604 6241 2603 6240 2576 6213 2605 6242 2604 6241 2576 6213 2606 6243 2605 6242 2576 6213 2607 6244 2606 6243 2608 6245 2610 6247 2609 6246 2608 6245 2611 6248 2610 6247 2608 6245 2612 6249 2611 6248 2608 6245 2613 6250 2612 6249 2608 6245 2614 6251 2613 6250 2608 6245 2615 6252 2614 6251 2608 6245 2616 6253 2615 6252 2608 6245 2617 6254 2616 6253 2608 6245 2618 6255 2617 6254 2608 6245 2619 6256 2618 6255 2608 6245 2620 6257 2619 6256 2608 6245 2621 6258 2620 6257 2608 6245 2622 6259 2621 6258 2608 6245 2623 6260 2622 6259 2608 6245 2624 6261 2623 6260 2608 6245 2625 6262 2624 6261 2608 6245 2626 6263 2625 6262 2608 6245 2627 6264 2626 6263 2608 6245 2628 6265 2627 6264 2608 6245 2629 6266 2628 6265 2608 6245 2630 6267 2629 6266 2608 6245 2631 6268 2630 6267 2608 6245 2632 6269 2631 6268 2608 6245 2633 6270 2632 6269 2608 6245 2634 6271 2633 6270 2608 6245 2635 6272 2634 6271 2608 6245 2636 6273 2635 6272 2608 6245 2637 6274 2636 6273 2608 6245 2638 6275 2637 6274 2608 6245 2639 6276 2638 6275 2640 6277 2642 6279 2641 6278 2640 6277 2643 6280 2642 6279 2640 6277 2644 6281 2643 6280 2640 6277 2645 6282 2644 6281 2640 6277 2646 6283 2645 6282 2640 6277 2647 6284 2646 6283 2640 6277 2648 6285 2647 6284 2640 6277 2649 6286 2648 6285 2640 6277 2650 6287 2649 6286 2640 6277 2651 6288 2650 6287 2640 6277 2652 6289 2651 6288 2640 6277 2653 6290 2652 6289 2640 6277 2654 6291 2653 6290 2640 6277 2655 6292 2654 6291 2640 6277 2656 6293 2655 6292 2640 6277 2657 6294 2656 6293 2640 6277 2658 6295 2657 6294 2640 6277 2659 6296 2658 6295 2640 6277 2660 6297 2659 6296 2640 6277 2661 6298 2660 6297 2640 6277 2662 6299 2661 6298 2640 6277 2663 6300 2662 6299 2640 6277 2664 6301 2663 6300 2640 6277 2665 6302 2664 6301 2640 6277 2666 4838 2665 6302 2640 6277 2667 6303 2666 4838 2640 6277 2668 6304 2667 6303 2640 6277 2669 6305 2668 6304 2640 6277 2670 6306 2669 6305 2640 6277 2671 6307 2670 6306 2672 6308 2674 6310 2673 6309 2672 6308 2675 6311 2674 6310 2672 6308 2676 6312 2675 6311 2672 6308 2677 6313 2676 6312 2672 6308 2678 6314 2677 6313 2672 6308 2679 6315 2678 6314 2672 6308 2680 6316 2679 6315 2672 6308 2681 6317 2680 6316 2672 6308 2682 6318 2681 6317 2672 6308 2683 6319 2682 6318 2672 6308 2684 6320 2683 6319 2672 6308 2685 6321 2684 6320 2672 6308 2686 6322 2685 6321 2672 6308 2687 6323 2686 6322 2672 6308 2688 6324 2687 6323 2672 6308 2689 6325 2688 6324 2672 6308 2690 6326 2689 6325 2672 6308 2691 6327 2690 6326 2672 6308 2692 6328 2691 6327 2672 6308 2693 6329 2692 6328 2672 6308 2694 6330 2693 6329 2672 6308 2695 6331 2694 6330 2672 6308 2696 6332 2695 6331 2672 6308 2697 6333 2696 6332 2672 6308 2698 6334 2697 6333 2672 6308 2699 6335 2698 6334 2672 6308 2700 6336 2699 6335 2672 6308 2701 6337 2700 6336 2672 6308 2702 6338 2701 6337 2672 6308 2703 6339 2702 6338</p></triangles>
        <triangles count="1800" material="MAT_COTTON_LEAF_5-mat"><input semantic="VERTEX" source="#ROW_21_SEG3_foliage-vtx" offset="0"/><input semantic="NORMAL" source="#ROW_21_SEG3_foliage-nrm" offset="1"/><p>2704 2691 2705 2692 2706 2693 2704 2691 2706 2693 2707 2694 2704 2691 2707 2694 2708 2695 2704 2691 2708 2695 2709 2696 2704 2691 2709 2696 2710 2697 2704 2691 2710 2697 2711 2698 2704 2691 2711 2698 2712 2699 2704 2691 2712 2699 2713 2700 2704 2691 2713 2700 2714 2701 2704 2691 2714 2701 2715 2702 2704 2691 2715 2702 2716 2703 2704 2691 2716 2703 2717 2704 2704 2691 2717 2704 2718 2705 2704 2691 2718 2705 2719 2706 2704 2691 2719 2706 2720 2707 2704 2691 2720 2707 2721 2708 2704 2691 2721 2708 2722 2709 2704 2691 2722 2709 2723 2710 2704 2691 2723 2710 2724 2711 2704 2691 2724 2711 2725 2712 2704 2691 2725 2712 2726 2713 2704 2691 2726 2713 2727 2714 2704 2691 2727 2714 2728 2715 2704 2691 2728 2715 2729 2716 2704 2691 2729 2716 2730 2717 2704 2691 2730 2717 2731 2718 2704 2691 2731 2718 2732 2719 2704 2691 2732 2719 2733 2720 2704 2691 2733 2720 2734 2721 2704 2691 2734 2721 2735 2722 2736 2723 2737 2724 2738 2725 2736 2723 2738 2725 2739 2726 2736 2723 2739 2726 2740 2727 2736 2723 2740 2727 2741 2728 2736 2723 2741 2728 2742 2729 2736 2723 2742 2729 2743 2730 2736 2723 2743 2730 2744 2731 2736 2723 2744 2731 2745 2732 2736 2723 2745 2732 2746 2733 2736 2723 2746 2733 2747 2734 2736 2723 2747 2734 2748 2735 2736 2723 2748 2735 2749 2736 2736 2723 2749 2736 2750 2737 2736 2723 2750 2737 2751 2738 2736 2723 2751 2738 2752 2739 2736 2723 2752 2739 2753 2740 2736 2723 2753 2740 2754 2741 2736 2723 2754 2741 2755 2742 2736 2723 2755 2742 2756 2743 2736 2723 2756 2743 2757 2744 2736 2723 2757 2744 2758 2745 2736 2723 2758 2745 2759 2746 2736 2723 2759 2746 2760 2747 2736 2723 2760 2747 2761 2748 2736 2723 2761 2748 2762 2749 2736 2723 2762 2749 2763 2750 2736 2723 2763 2750 2764 2751 2736 2723 2764 2751 2765 2752 2736 2723 2765 2752 2766 2753 2736 2723 2766 2753 2767 2754 2768 2755 2769 2756 2770 2757 2768 2755 2770 2757 2771 2758 2768 2755 2771 2758 2772 2759 2768 2755 2772 2759 2773 2760 2768 2755 2773 2760 2774 2761 2768 2755 2774 2761 2775 2762 2768 2755 2775 2762 2776 2763 2768 2755 2776 2763 2777 2764 2768 2755 2777 2764 2778 2765 2768 2755 2778 2765 2779 2766 2768 2755 2779 2766 2780 2767 2768 2755 2780 2767 2781 2768 2768 2755 2781 2768 2782 2769 2768 2755 2782 2769 2783 2770 2768 2755 2783 2770 2784 2771 2768 2755 2784 2771 2785 2772 2768 2755 2785 2772 2786 2773 2768 2755 2786 2773 2787 2774 2768 2755 2787 2774 2788 2775 2768 2755 2788 2775 2789 2776 2768 2755 2789 2776 2790 2777 2768 2755 2790 2777 2791 2778 2768 2755 2791 2778 2792 2779 2768 2755 2792 2779 2793 2780 2768 2755 2793 2780 2794 2781 2768 2755 2794 2781 2795 2782 2768 2755 2795 2782 2796 2783 2768 2755 2796 2783 2797 2784 2768 2755 2797 2784 2798 2785 2768 2755 2798 2785 2799 2786 2800 2787 2801 2788 2802 2789 2800 2787 2802 2789 2803 2790 2800 2787 2803 2790 2804 2791 2800 2787 2804 2791 2805 2792 2800 2787 2805 2792 2806 2793 2800 2787 2806 2793 2807 2794 2800 2787 2807 2794 2808 2795 2800 2787 2808 2795 2809 2796 2800 2787 2809 2796 2810 2797 2800 2787 2810 2797 2811 2798 2800 2787 2811 2798 2812 2799 2800 2787 2812 2799 2813 2800 2800 2787 2813 2800 2814 2801 2800 2787 2814 2801 2815 2802 2800 2787 2815 2802 2816 2803 2800 2787 2816 2803 2817 2804 2800 2787 2817 2804 2818 2805 2800 2787 2818 2805 2819 2806 2800 2787 2819 2806 2820 2807 2800 2787 2820 2807 2821 2808 2800 2787 2821 2808 2822 2809 2800 2787 2822 2809 2823 2810 2800 2787 2823 2810 2824 2811 2800 2787 2824 2811 2825 2812 2800 2787 2825 2812 2826 2813 2800 2787 2826 2813 2827 2814 2800 2787 2827 2814 2828 2815 2800 2787 2828 2815 2829 2816 2800 2787 2829 2816 2830 2817 2800 2787 2830 2817 2831 2818 2832 2819 2833 2820 2834 2821 2832 2819 2834 2821 2835 2822 2832 2819 2835 2822 2836 2823 2832 2819 2836 2823 2837 2824 2832 2819 2837 2824 2838 2825 2832 2819 2838 2825 2839 2826 2832 2819 2839 2826 2840 2827 2832 2819 2840 2827 2841 2828 2832 2819 2841 2828 2842 2829 2832 2819 2842 2829 2843 2830 2832 2819 2843 2830 2844 2831 2832 2819 2844 2831 2845 2832 2832 2819 2845 2832 2846 2833 2832 2819 2846 2833 2847 2834 2832 2819 2847 2834 2848 2835 2832 2819 2848 2835 2849 2836 2832 2819 2849 2836 2850 2837 2832 2819 2850 2837 2851 2838 2832 2819 2851 2838 2852 2839 2832 2819 2852 2839 2853 2840 2832 2819 2853 2840 2854 2841 2832 2819 2854 2841 2855 2842 2832 2819 2855 2842 2856 2843 2832 2819 2856 2843 2857 2844 2832 2819 2857 2844 2858 2845 2832 2819 2858 2845 2859 2846 2832 2819 2859 2846 2860 2847 2832 2819 2860 2847 2861 2848 2832 2819 2861 2848 2862 2849 2832 2819 2862 2849 2863 2850 2864 2851 2865 2852 2866 2853 2864 2851 2866 2853 2867 2854 2864 2851 2867 2854 2868 2855 2864 2851 2868 2855 2869 2856 2864 2851 2869 2856 2870 2857 2864 2851 2870 2857 2871 2858 2864 2851 2871 2858 2872 2859 2864 2851 2872 2859 2873 2860 2864 2851 2873 2860 2874 2861 2864 2851 2874 2861 2875 2862 2864 2851 2875 2862 2876 2863 2864 2851 2876 2863 2877 2864 2864 2851 2877 2864 2878 2865 2864 2851 2878 2865 2879 2866 2864 2851 2879 2866 2880 2867 2864 2851 2880 2867 2881 2868 2864 2851 2881 2868 2882 2869 2864 2851 2882 2869 2883 2870 2864 2851 2883 2870 2884 2871 2864 2851 2884 2871 2885 2872 2864 2851 2885 2872 2886 2873 2864 2851 2886 2873 2887 2874 2864 2851 2887 2874 2888 2875 2864 2851 2888 2875 2889 2876 2864 2851 2889 2876 2890 2877 2864 2851 2890 2877 2891 2878 2864 2851 2891 2878 2892 2879 2864 2851 2892 2879 2893 2880 2864 2851 2893 2880 2894 2881 2864 2851 2894 2881 2895 2882 2896 2883 2897 2884 2898 2885 2896 2883 2898 2885 2899 2886 2896 2883 2899 2886 2900 2887 2896 2883 2900 2887 2901 2888 2896 2883 2901 2888 2902 2889 2896 2883 2902 2889 2903 2890 2896 2883 2903 2890 2904 2891 2896 2883 2904 2891 2905 2892 2896 2883 2905 2892 2906 2893 2896 2883 2906 2893 2907 2894 2896 2883 2907 2894 2908 2895 2896 2883 2908 2895 2909 2896 2896 2883 2909 2896 2910 2897 2896 2883 2910 2897 2911 2898 2896 2883 2911 2898 2912 2899 2896 2883 2912 2899 2913 2900 2896 2883 2913 2900 2914 2901 2896 2883 2914 2901 2915 2902 2896 2883 2915 2902 2916 2903 2896 2883 2916 2903 2917 2904 2896 2883 2917 2904 2918 2905 2896 2883 2918 2905 2919 2906 2896 2883 2919 2906 2920 2907 2896 2883 2920 2907 2921 2908 2896 2883 2921 2908 2922 2909 2896 2883 2922 2909 2923 2910 2896 2883 2923 2910 2924 2911 2896 2883 2924 2911 2925 2912 2896 2883 2925 2912 2926 2913 2896 2883 2926 2913 2927 2914 2928 2915 2929 2916 2930 2917 2928 2915 2930 2917 2931 2918 2928 2915 2931 2918 2932 2919 2928 2915 2932 2919 2933 2920 2928 2915 2933 2920 2934 2921 2928 2915 2934 2921 2935 2922 2928 2915 2935 2922 2936 2923 2928 2915 2936 2923 2937 2924 2928 2915 2937 2924 2938 2925 2928 2915 2938 2925 2939 2926 2928 2915 2939 2926 2940 2927 2928 2915 2940 2927 2941 2928 2928 2915 2941 2928 2942 2929 2928 2915 2942 2929 2943 2930 2928 2915 2943 2930 2944 2931 2928 2915 2944 2931 2945 2932 2928 2915 2945 2932 2946 2933 2928 2915 2946 2933 2947 2934 2928 2915 2947 2934 2948 2935 2928 2915 2948 2935 2949 2936 2928 2915 2949 2936 2950 2937 2928 2915 2950 2937 2951 2938 2928 2915 2951 2938 2952 2939 2928 2915 2952 2939 2953 2940 2928 2915 2953 2940 2954 2941 2928 2915 2954 2941 2955 2942 2928 2915 2955 2942 2956 2943 2928 2915 2956 2943 2957 2944 2928 2915 2957 2944 2958 2945 2928 2915 2958 2945 2959 2946 2960 2947 2961 2948 2962 2949 2960 2947 2962 2949 2963 2950 2960 2947 2963 2950 2964 2951 2960 2947 2964 2951 2965 2952 2960 2947 2965 2952 2966 2953 2960 2947 2966 2953 2967 2954 2960 2947 2967 2954 2968 2955 2960 2947 2968 2955 2969 2956 2960 2947 2969 2956 2970 2957 2960 2947 2970 2957 2971 2958 2960 2947 2971 2958 2972 2959 2960 2947 2972 2959 2973 2960 2960 2947 2973 2960 2974 2961 2960 2947 2974 2961 2975 2962 2960 2947 2975 2962 2976 2963 2960 2947 2976 2963 2977 2964 2960 2947 2977 2964 2978 2965 2960 2947 2978 2965 2979 2966 2960 2947 2979 2966 2980 2967 2960 2947 2980 2967 2981 2968 2960 2947 2981 2968 2982 2969 2960 2947 2982 2969 2983 2970 2960 2947 2983 2970 2984 2971 2960 2947 2984 2971 2985 2972 2960 2947 2985 2972 2986 2973 2960 2947 2986 2973 2987 2974 2960 2947 2987 2974 2988 2975 2960 2947 2988 2975 2989 2976 2960 2947 2989 2976 2990 2977 2960 2947 2990 2977 2991 2978 2992 2979 2993 2980 2994 2981 2992 2979 2994 2981 2995 2982 2992 2979 2995 2982 2996 2983 2992 2979 2996 2983 2997 2984 2992 2979 2997 2984 2998 2985 2992 2979 2998 2985 2999 2986 2992 2979 2999 2986 3000 2987 2992 2979 3000 2987 3001 2988 2992 2979 3001 2988 3002 2989 2992 2979 3002 2989 3003 2990 2992 2979 3003 2990 3004 2991 2992 2979 3004 2991 3005 2992 2992 2979 3005 2992 3006 2993 2992 2979 3006 2993 3007 2994 2992 2979 3007 2994 3008 2995 2992 2979 3008 2995 3009 2996 2992 2979 3009 2996 3010 2997 2992 2979 3010 2997 3011 2998 2992 2979 3011 2998 3012 2999 2992 2979 3012 2999 3013 3000 2992 2979 3013 3000 3014 3001 2992 2979 3014 3001 3015 3002 2992 2979 3015 3002 3016 3003 2992 2979 3016 3003 3017 3004 2992 2979 3017 3004 3018 3005 2992 2979 3018 3005 3019 3006 2992 2979 3019 3006 3020 3007 2992 2979 3020 3007 3021 3008 2992 2979 3021 3008 3022 3009 2992 2979 3022 3009 3023 3010 3024 3011 3025 3012 3026 3013 3024 3011 3026 3013 3027 3014 3024 3011 3027 3014 3028 3015 3024 3011 3028 3015 3029 3016 3024 3011 3029 3016 3030 3017 3024 3011 3030 3017 3031 3018 3024 3011 3031 3018 3032 3019 3024 3011 3032 3019 3033 3020 3024 3011 3033 3020 3034 3021 3024 3011 3034 3021 3035 3022 3024 3011 3035 3022 3036 3023 3024 3011 3036 3023 3037 3024 3024 3011 3037 3024 3038 3025 3024 3011 3038 3025 3039 3026 3024 3011 3039 3026 3040 3027 3024 3011 3040 3027 3041 3028 3024 3011 3041 3028 3042 3029 3024 3011 3042 3029 3043 3030 3024 3011 3043 3030 3044 3031 3024 3011 3044 3031 3045 3032 3024 3011 3045 3032 3046 3033 3024 3011 3046 3033 3047 3034 3024 3011 3047 3034 3048 3035 3024 3011 3048 3035 3049 3036 3024 3011 3049 3036 3050 3037 3024 3011 3050 3037 3051 3038 3024 3011 3051 3038 3052 3039 3024 3011 3052 3039 3053 3040 3024 3011 3053 3040 3054 3041 3024 3011 3054 3041 3055 3042 3056 3043 3057 3044 3058 3045 3056 3043 3058 3045 3059 3046 3056 3043 3059 3046 3060 3047 3056 3043 3060 3047 3061 3048 3056 3043 3061 3048 3062 3049 3056 3043 3062 3049 3063 3050 3056 3043 3063 3050 3064 3051 3056 3043 3064 3051 3065 3052 3056 3043 3065 3052 3066 3053 3056 3043 3066 3053 3067 3054 3056 3043 3067 3054 3068 3055 3056 3043 3068 3055 3069 3056 3056 3043 3069 3056 3070 3057 3056 3043 3070 3057 3071 3058 3056 3043 3071 3058 3072 3059 3056 3043 3072 3059 3073 3060 3056 3043 3073 3060 3074 3061 3056 3043 3074 3061 3075 3062 3056 3043 3075 3062 3076 3063 3056 3043 3076 3063 3077 3064 3056 3043 3077 3064 3078 3065 3056 3043 3078 3065 3079 3066 3056 3043 3079 3066 3080 3067 3056 3043 3080 3067 3081 3068 3056 3043 3081 3068 3082 3069 3056 3043 3082 3069 3083 3070 3056 3043 3083 3070 3084 3071 3056 3043 3084 3071 3085 3072 3056 3043 3085 3072 3086 3073 3056 3043 3086 3073 3087 3074 3088 3075 3089 3076 3090 3077 3088 3075 3090 3077 3091 3078 3088 3075 3091 3078 3092 3079 3088 3075 3092 3079 3093 3080 3088 3075 3093 3080 3094 3081 3088 3075 3094 3081 3095 3082 3088 3075 3095 3082 3096 3083 3088 3075 3096 3083 3097 3084 3088 3075 3097 3084 3098 3085 3088 3075 3098 3085 3099 3086 3088 3075 3099 3086 3100 3087 3088 3075 3100 3087 3101 3088 3088 3075 3101 3088 3102 3089 3088 3075 3102 3089 3103 3090 3088 3075 3103 3090 3104 3091 3088 3075 3104 3091 3105 3092 3088 3075 3105 3092 3106 3093 3088 3075 3106 3093 3107 3094 3088 3075 3107 3094 3108 3095 3088 3075 3108 3095 3109 3096 3088 3075 3109 3096 3110 3097 3088 3075 3110 3097 3111 3098 3088 3075 3111 3098 3112 3099 3088 3075 3112 3099 3113 3100 3088 3075 3113 3100 3114 3101 3088 3075 3114 3101 3115 3102 3088 3075 3115 3102 3116 3103 3088 3075 3116 3103 3117 3104 3088 3075 3117 3104 3118 3105 3088 3075 3118 3105 3119 3106 3120 3107 3121 3108 3122 3109 3120 3107 3122 3109 3123 3110 3120 3107 3123 3110 3124 3111 3120 3107 3124 3111 3125 3112 3120 3107 3125 3112 3126 3113 3120 3107 3126 3113 3127 3114 3120 3107 3127 3114 3128 3115 3120 3107 3128 3115 3129 3116 3120 3107 3129 3116 3130 3117 3120 3107 3130 3117 3131 3118 3120 3107 3131 3118 3132 3119 3120 3107 3132 3119 3133 3120 3120 3107 3133 3120 3134 3121 3120 3107 3134 3121 3135 3122 3120 3107 3135 3122 3136 3123 3120 3107 3136 3123 3137 3124 3120 3107 3137 3124 3138 3125 3120 3107 3138 3125 3139 3126 3120 3107 3139 3126 3140 3127 3120 3107 3140 3127 3141 3128 3120 3107 3141 3128 3142 3129 3120 3107 3142 3129 3143 3130 3120 3107 3143 3130 3144 3131 3120 3107 3144 3131 3145 3132 3120 3107 3145 3132 3146 3133 3120 3107 3146 3133 3147 3134 3120 3107 3147 3134 3148 3135 3120 3107 3148 3135 3149 3136 3120 3107 3149 3136 3150 3137 3120 3107 3150 3137 3151 3138 3152 3139 3153 3140 3154 3141 3152 3139 3154 3141 3155 3142 3152 3139 3155 3142 3156 3143 3152 3139 3156 3143 3157 3144 3152 3139 3157 3144 3158 3145 3152 3139 3158 3145 3159 3146 3152 3139 3159 3146 3160 3147 3152 3139 3160 3147 3161 3148 3152 3139 3161 3148 3162 3149 3152 3139 3162 3149 3163 3150 3152 3139 3163 3150 3164 3151 3152 3139 3164 3151 3165 3152 3152 3139 3165 3152 3166 3153 3152 3139 3166 3153 3167 3154 3152 3139 3167 3154 3168 3155 3152 3139 3168 3155 3169 3156 3152 3139 3169 3156 3170 3157 3152 3139 3170 3157 3171 3158 3152 3139 3171 3158 3172 3159 3152 3139 3172 3159 3173 3160 3152 3139 3173 3160 3174 3161 3152 3139 3174 3161 3175 3162 3152 3139 3175 3162 3176 3163 3152 3139 3176 3163 3177 3164 3152 3139 3177 3164 3178 3165 3152 3139 3178 3165 3179 3166 3152 3139 3179 3166 3180 3167 3152 3139 3180 3167 3181 3168 3152 3139 3181 3168 3182 3169 3152 3139 3182 3169 3183 3170 3184 3171 3185 1132 3186 3172 3184 3171 3186 3172 3187 3173 3184 3171 3187 3173 3188 3174 3184 3171 3188 3174 3189 3175 3184 3171 3189 3175 3190 3176 3184 3171 3190 3176 3191 3177 3184 3171 3191 3177 3192 3178 3184 3171 3192 3178 3193 3179 3184 3171 3193 3179 3194 3180 3184 3171 3194 3180 3195 3181 3184 3171 3195 3181 3196 3182 3184 3171 3196 3182 3197 3183 3184 3171 3197 3183 3198 3184 3184 3171 3198 3184 3199 3185 3184 3171 3199 3185 3200 3186 3184 3171 3200 3186 3201 3187 3184 3171 3201 3187 3202 3188 3184 3171 3202 3188 3203 3189 3184 3171 3203 3189 3204 3190 3184 3171 3204 3190 3205 3191 3184 3171 3205 3191 3206 3192 3184 3171 3206 3192 3207 3193 3184 3171 3207 3193 3208 3194 3184 3171 3208 3194 3209 3195 3184 3171 3209 3195 3210 3196 3184 3171 3210 3196 3211 3197 3184 3171 3211 3197 3212 3198 3184 3171 3212 3198 3213 3199 3184 3171 3213 3199 3214 3200 3184 3171 3214 3200 3215 3201 3216 3202 3217 3203 3218 3204 3216 3202 3218 3204 3219 3205 3216 3202 3219 3205 3220 3206 3216 3202 3220 3206 3221 3207 3216 3202 3221 3207 3222 3208 3216 3202 3222 3208 3223 3209 3216 3202 3223 3209 3224 3210 3216 3202 3224 3210 3225 3211 3216 3202 3225 3211 3226 3212 3216 3202 3226 3212 3227 3213 3216 3202 3227 3213 3228 3214 3216 3202 3228 3214 3229 3215 3216 3202 3229 3215 3230 3216 3216 3202 3230 3216 3231 3217 3216 3202 3231 3217 3232 3218 3216 3202 3232 3218 3233 3219 3216 3202 3233 3219 3234 3220 3216 3202 3234 3220 3235 3221 3216 3202 3235 3221 3236 3222 3216 3202 3236 3222 3237 3223 3216 3202 3237 3223 3238 3224 3216 3202 3238 3224 3239 3225 3216 3202 3239 3225 3240 3226 3216 3202 3240 3226 3241 3227 3216 3202 3241 3227 3242 3228 3216 3202 3242 3228 3243 3229 3216 3202 3243 3229 3244 3230 3216 3202 3244 3230 3245 3231 3216 3202 3245 3231 3246 3232 3216 3202 3246 3232 3247 3233 3248 3234 3249 3235 3250 3236 3248 3234 3250 3236 3251 3237 3248 3234 3251 3237 3252 3238 3248 3234 3252 3238 3253 3239 3248 3234 3253 3239 3254 3240 3248 3234 3254 3240 3255 3241 3248 3234 3255 3241 3256 3242 3248 3234 3256 3242 3257 3243 3248 3234 3257 3243 3258 3244 3248 3234 3258 3244 3259 3245 3248 3234 3259 3245 3260 3246 3248 3234 3260 3246 3261 3247 3248 3234 3261 3247 3262 3248 3248 3234 3262 3248 3263 3249 3248 3234 3263 3249 3264 3250 3248 3234 3264 3250 3265 3251 3248 3234 3265 3251 3266 3252 3248 3234 3266 3252 3267 3253 3248 3234 3267 3253 3268 3254 3248 3234 3268 3254 3269 3255 3248 3234 3269 3255 3270 3256 3248 3234 3270 3256 3271 3257 3248 3234 3271 3257 3272 3258 3248 3234 3272 3258 3273 3259 3248 3234 3273 3259 3274 3260 3248 3234 3274 3260 3275 3261 3248 3234 3275 3261 3276 3262 3248 3234 3276 3262 3277 3263 3248 3234 3277 3263 3278 3264 3248 3234 3278 3264 3279 3265 3280 3266 3281 3267 3282 3268 3280 3266 3282 3268 3283 3269 3280 3266 3283 3269 3284 3270 3280 3266 3284 3270 3285 3271 3280 3266 3285 3271 3286 3272 3280 3266 3286 3272 3287 3273 3280 3266 3287 3273 3288 3274 3280 3266 3288 3274 3289 3275 3280 3266 3289 3275 3290 3276 3280 3266 3290 3276 3291 3277 3280 3266 3291 3277 3292 3278 3280 3266 3292 3278 3293 3279 3280 3266 3293 3279 3294 3280 3280 3266 3294 3280 3295 3281 3280 3266 3295 3281 3296 3282 3280 3266 3296 3282 3297 3283 3280 3266 3297 3283 3298 3284 3280 3266 3298 3284 3299 3285 3280 3266 3299 3285 3300 3286 3280 3266 3300 3286 3301 3287 3280 3266 3301 3287 3302 3288 3280 3266 3302 3288 3303 3289 3280 3266 3303 3289 3304 3290 3280 3266 3304 3290 3305 3291 3280 3266 3305 3291 3306 3292 3280 3266 3306 3292 3307 3293 3280 3266 3307 3293 3308 3294 3280 3266 3308 3294 3309 3295 3280 3266 3309 3295 3310 3296 3280 3266 3310 3296 3311 3297 3312 3298 3313 3299 3314 3300 3312 3298 3314 3300 3315 3301 3312 3298 3315 3301 3316 3302 3312 3298 3316 3302 3317 3303 3312 3298 3317 3303 3318 3304 3312 3298 3318 3304 3319 3305 3312 3298 3319 3305 3320 3306 3312 3298 3320 3306 3321 3307 3312 3298 3321 3307 3322 3308 3312 3298 3322 3308 3323 3309 3312 3298 3323 3309 3324 3310 3312 3298 3324 3310 3325 3311 3312 3298 3325 3311 3326 3312 3312 3298 3326 3312 3327 3313 3312 3298 3327 3313 3328 3314 3312 3298 3328 3314 3329 3315 3312 3298 3329 3315 3330 3316 3312 3298 3330 3316 3331 3317 3312 3298 3331 3317 3332 3318 3312 3298 3332 3318 3333 3319 3312 3298 3333 3319 3334 3320 3312 3298 3334 3320 3335 3321 3312 3298 3335 3321 3336 3322 3312 3298 3336 3322 3337 3323 3312 3298 3337 3323 3338 3324 3312 3298 3338 3324 3339 3325 3312 3298 3339 3325 3340 3326 3312 3298 3340 3326 3341 3327 3312 3298 3341 3327 3342 3328 3312 3298 3342 3328 3343 3329 3344 3330 3345 3331 3346 3332 3344 3330 3346 3332 3347 3333 3344 3330 3347 3333 3348 3334 3344 3330 3348 3334 3349 3335 3344 3330 3349 3335 3350 3336 3344 3330 3350 3336 3351 3337 3344 3330 3351 3337 3352 3338 3344 3330 3352 3338 3353 3339 3344 3330 3353 3339 3354 3340 3344 3330 3354 3340 3355 3341 3344 3330 3355 3341 3356 3342 3344 3330 3356 3342 3357 3343 3344 3330 3357 3343 3358 3344 3344 3330 3358 3344 3359 3345 3344 3330 3359 3345 3360 3346 3344 3330 3360 3346 3361 3347 3344 3330 3361 3347 3362 3348 3344 3330 3362 3348 3363 3349 3344 3330 3363 3349 3364 3350 3344 3330 3364 3350 3365 3351 3344 3330 3365 3351 3366 3352 3344 3330 3366 3352 3367 3353 3344 3330 3367 3353 3368 3354 3344 3330 3368 3354 3369 3355 3344 3330 3369 3355 3370 3356 3344 3330 3370 3356 3371 3357 3344 3330 3371 3357 3372 3358 3344 3330 3372 3358 3373 3359 3344 3330 3373 3359 3374 3360 3344 3330 3374 3360 3375 3361 3376 3362 3377 3363 3378 3364 3376 3362 3378 3364 3379 3365 3376 3362 3379 3365 3380 3366 3376 3362 3380 3366 3381 3367 3376 3362 3381 3367 3382 3368 3376 3362 3382 3368 3383 3369 3376 3362 3383 3369 3384 3370 3376 3362 3384 3370 3385 3371 3376 3362 3385 3371 3386 3372 3376 3362 3386 3372 3387 3373 3376 3362 3387 3373 3388 3374 3376 3362 3388 3374 3389 3375 3376 3362 3389 3375 3390 3376 3376 3362 3390 3376 3391 3377 3376 3362 3391 3377 3392 3378 3376 3362 3392 3378 3393 3379 3376 3362 3393 3379 3394 3380 3376 3362 3394 3380 3395 3381 3376 3362 3395 3381 3396 3382 3376 3362 3396 3382 3397 3383 3376 3362 3397 3383 3398 3384 3376 3362 3398 3384 3399 3385 3376 3362 3399 3385 3400 3386 3376 3362 3400 3386 3401 3387 3376 3362 3401 3387 3402 3388 3376 3362 3402 3388 3403 3389 3376 3362 3403 3389 3404 3390 3376 3362 3404 3390 3405 3391 3376 3362 3405 3391 3406 3392 3376 3362 3406 3392 3407 3393 3408 3394 3409 3395 3410 3396 3408 3394 3410 3396 3411 3397 3408 3394 3411 3397 3412 3398 3408 3394 3412 3398 3413 3399 3408 3394 3413 3399 3414 3400 3408 3394 3414 3400 3415 3401 3408 3394 3415 3401 3416 3402 3408 3394 3416 3402 3417 3403 3408 3394 3417 3403 3418 3404 3408 3394 3418 3404 3419 3405 3408 3394 3419 3405 3420 3406 3408 3394 3420 3406 3421 3407 3408 3394 3421 3407 3422 3408 3408 3394 3422 3408 3423 3409 3408 3394 3423 3409 3424 3410 3408 3394 3424 3410 3425 3411 3408 3394 3425 3411 3426 3412 3408 3394 3426 3412 3427 3413 3408 3394 3427 3413 3428 3414 3408 3394 3428 3414 3429 3415 3408 3394 3429 3415 3430 3416 3408 3394 3430 3416 3431 3417 3408 3394 3431 3417 3432 3418 3408 3394 3432 3418 3433 3419 3408 3394 3433 3419 3434 3420 3408 3394 3434 3420 3435 3421 3408 3394 3435 3421 3436 3422 3408 3394 3436 3422 3437 3423 3408 3394 3437 3423 3438 3424 3408 3394 3438 3424 3439 3425 3440 3426 3441 3427 3442 3428 3440 3426 3442 3428 3443 3429 3440 3426 3443 3429 3444 3430 3440 3426 3444 3430 3445 3431 3440 3426 3445 3431 3446 3432 3440 3426 3446 3432 3447 3433 3440 3426 3447 3433 3448 3434 3440 3426 3448 3434 3449 3435 3440 3426 3449 3435 3450 3436 3440 3426 3450 3436 3451 3437 3440 3426 3451 3437 3452 3438 3440 3426 3452 3438 3453 3439 3440 3426 3453 3439 3454 3440 3440 3426 3454 3440 3455 3441 3440 3426 3455 3441 3456 3442 3440 3426 3456 3442 3457 3443 3440 3426 3457 3443 3458 3444 3440 3426 3458 3444 3459 3445 3440 3426 3459 3445 3460 3446 3440 3426 3460 3446 3461 3447 3440 3426 3461 3447 3462 3448 3440 3426 3462 3448 3463 3449 3440 3426 3463 3449 3464 3450 3440 3426 3464 3450 3465 3451 3440 3426 3465 3451 3466 3452 3440 3426 3466 3452 3467 3453 3440 3426 3467 3453 3468 3454 3440 3426 3468 3454 3469 3455 3440 3426 3469 3455 3470 3456 3440 3426 3470 3456 3471 3457 3472 3458 3473 3459 3474 3460 3472 3458 3474 3460 3475 3461 3472 3458 3475 3461 3476 3462 3472 3458 3476 3462 3477 3463 3472 3458 3477 3463 3478 3464 3472 3458 3478 3464 3479 3465 3472 3458 3479 3465 3480 3466 3472 3458 3480 3466 3481 3467 3472 3458 3481 3467 3482 3468 3472 3458 3482 3468 3483 3469 3472 3458 3483 3469 3484 3470 3472 3458 3484 3470 3485 3471 3472 3458 3485 3471 3486 3472 3472 3458 3486 3472 3487 3473 3472 3458 3487 3473 3488 3474 3472 3458 3488 3474 3489 3475 3472 3458 3489 3475 3490 3476 3472 3458 3490 3476 3491 3477 3472 3458 3491 3477 3492 3478 3472 3458 3492 3478 3493 3479 3472 3458 3493 3479 3494 3480 3472 3458 3494 3480 3495 3481 3472 3458 3495 3481 3496 3482 3472 3458 3496 3482 3497 3483 3472 3458 3497 3483 3498 3484 3472 3458 3498 3484 3499 3485 3472 3458 3499 3485 3500 3486 3472 3458 3500 3486 3501 3487 3472 3458 3501 3487 3502 3488 3472 3458 3502 3488 3503 3489 3504 3490 3505 3491 3506 3492 3504 3490 3506 3492 3507 3493 3504 3490 3507 3493 3508 3494 3504 3490 3508 3494 3509 3495 3504 3490 3509 3495 3510 3496 3504 3490 3510 3496 3511 3497 3504 3490 3511 3497 3512 3498 3504 3490 3512 3498 3513 3499 3504 3490 3513 3499 3514 3500 3504 3490 3514 3500 3515 3501 3504 3490 3515 3501 3516 3502 3504 3490 3516 3502 3517 3503 3504 3490 3517 3503 3518 3504 3504 3490 3518 3504 3519 3505 3504 3490 3519 3505 3520 3506 3504 3490 3520 3506 3521 3507 3504 3490 3521 3507 3522 3508 3504 3490 3522 3508 3523 3509 3504 3490 3523 3509 3524 3510 3504 3490 3524 3510 3525 3511 3504 3490 3525 3511 3526 3512 3504 3490 3526 3512 3527 3513 3504 3490 3527 3513 3528 3514 3504 3490 3528 3514 3529 3515 3504 3490 3529 3515 3530 3516 3504 3490 3530 3516 3531 3517 3504 3490 3531 3517 3532 3518 3504 3490 3532 3518 3533 3519 3504 3490 3533 3519 3534 3520 3504 3490 3534 3520 3535 3521 3536 3522 3537 3523 3538 3524 3536 3522 3538 3524 3539 3525 3536 3522 3539 3525 3540 3526 3536 3522 3540 3526 3541 3527 3536 3522 3541 3527 3542 3528 3536 3522 3542 3528 3543 3529 3536 3522 3543 3529 3544 3530 3536 3522 3544 3530 3545 3531 3536 3522 3545 3531 3546 3532 3536 3522 3546 3532 3547 3533 3536 3522 3547 3533 3548 3534 3536 3522 3548 3534 3549 3535 3536 3522 3549 3535 3550 3536 3536 3522 3550 3536 3551 3537 3536 3522 3551 3537 3552 3538 3536 3522 3552 3538 3553 3539 3536 3522 3553 3539 3554 3540 3536 3522 3554 3540 3555 3541 3536 3522 3555 3541 3556 3542 3536 3522 3556 3542 3557 3543 3536 3522 3557 3543 3558 3544 3536 3522 3558 3544 3559 3545 3536 3522 3559 3545 3560 3546 3536 3522 3560 3546 3561 3547 3536 3522 3561 3547 3562 3548 3536 3522 3562 3548 3563 3549 3536 3522 3563 3549 3564 3550 3536 3522 3564 3550 3565 3551 3536 3522 3565 3551 3566 3552 3536 3522 3566 3552 3567 3553 3568 3554 3569 3555 3570 3556 3568 3554 3570 3556 3571 3557 3568 3554 3571 3557 3572 3558 3568 3554 3572 3558 3573 3559 3568 3554 3573 3559 3574 3560 3568 3554 3574 3560 3575 3561 3568 3554 3575 3561 3576 3562 3568 3554 3576 3562 3577 3563 3568 3554 3577 3563 3578 3564 3568 3554 3578 3564 3579 3565 3568 3554 3579 3565 3580 3566 3568 3554 3580 3566 3581 3567 3568 3554 3581 3567 3582 3568 3568 3554 3582 3568 3583 3569 3568 3554 3583 3569 3584 3570 3568 3554 3584 3570 3585 3571 3568 3554 3585 3571 3586 3572 3568 3554 3586 3572 3587 3573 3568 3554 3587 3573 3588 3574 3568 3554 3588 3574 3589 3575 3568 3554 3589 3575 3590 3576 3568 3554 3590 3576 3591 3577 3568 3554 3591 3577 3592 3578 3568 3554 3592 3578 3593 3579 3568 3554 3593 3579 3594 3580 3568 3554 3594 3580 3595 3581 3568 3554 3595 3581 3596 3582 3568 3554 3596 3582 3597 3583 3568 3554 3597 3583 3598 3584 3568 3554 3598 3584 3599 3585 3600 3586 3601 3587 3602 3588 3600 3586 3602 3588 3603 3589 3600 3586 3603 3589 3604 3590 3600 3586 3604 3590 3605 3591 3600 3586 3605 3591 3606 3592 3600 3586 3606 3592 3607 3593 3600 3586 3607 3593 3608 3594 3600 3586 3608 3594 3609 3595 3600 3586 3609 3595 3610 3596 3600 3586 3610 3596 3611 3597 3600 3586 3611 3597 3612 3598 3600 3586 3612 3598 3613 3599 3600 3586 3613 3599 3614 3600 3600 3586 3614 3600 3615 3601 3600 3586 3615 3601 3616 3602 3600 3586 3616 3602 3617 3603 3600 3586 3617 3603 3618 3604 3600 3586 3618 3604 3619 3605 3600 3586 3619 3605 3620 3606 3600 3586 3620 3606 3621 3607 3600 3586 3621 3607 3622 3608 3600 3586 3622 3608 3623 3609 3600 3586 3623 3609 3624 3610 3600 3586 3624 3610 3625 3611 3600 3586 3625 3611 3626 3612 3600 3586 3626 3612 3627 3613 3600 3586 3627 3613 3628 3614 3600 3586 3628 3614 3629 3615 3600 3586 3629 3615 3630 3616 3600 3586 3630 3616 3631 3617 3632 3618 3633 3619 3634 3620 3632 3618 3634 3620 3635 3621 3632 3618 3635 3621 3636 3622 3632 3618 3636 3622 3637 3623 3632 3618 3637 3623 3638 3395 3632 3618 3638 3395 3639 3624 3632 3618 3639 3624 3640 3625 3632 3618 3640 3625 3641 3626 3632 3618 3641 3626 3642 3627 3632 3618 3642 3627 3643 3628 3632 3618 3643 3628 3644 3629 3632 3618 3644 3629 3645 3630 3632 3618 3645 3630 3646 3631 3632 3618 3646 3631 3647 3632 3632 3618 3647 3632 3648 3633 3632 3618 3648 3633 3649 3634 3632 3618 3649 3634 3650 3635 3632 3618 3650 3635 3651 3636 3632 3618 3651 3636 3652 3637 3632 3618 3652 3637 3653 3638 3632 3618 3653 3638 3654 3639 3632 3618 3654 3639 3655 3640 3632 3618 3655 3640 3656 3641 3632 3618 3656 3641 3657 3642 3632 3618 3657 3642 3658 3643 3632 3618 3658 3643 3659 3644 3632 3618 3659 3644 3660 3645 3632 3618 3660 3645 3661 3646 3632 3618 3661 3646 3662 3647 3632 3618 3662 3647 3663 3648 2704 6340 2706 6342 2705 6341 2704 6340 2707 6343 2706 6342 2704 6340 2708 6344 2707 6343 2704 6340 2709 6345 2708 6344 2704 6340 2710 6346 2709 6345 2704 6340 2711 6347 2710 6346 2704 6340 2712 6348 2711 6347 2704 6340 2713 6349 2712 6348 2704 6340 2714 6350 2713 6349 2704 6340 2715 6351 2714 6350 2704 6340 2716 6352 2715 6351 2704 6340 2717 6353 2716 6352 2704 6340 2718 6354 2717 6353 2704 6340 2719 6355 2718 6354 2704 6340 2720 6356 2719 6355 2704 6340 2721 6357 2720 6356 2704 6340 2722 6358 2721 6357 2704 6340 2723 6359 2722 6358 2704 6340 2724 6360 2723 6359 2704 6340 2725 6361 2724 6360 2704 6340 2726 6362 2725 6361 2704 6340 2727 6363 2726 6362 2704 6340 2728 6364 2727 6363 2704 6340 2729 6365 2728 6364 2704 6340 2730 6366 2729 6365 2704 6340 2731 6367 2730 6366 2704 6340 2732 6368 2731 6367 2704 6340 2733 6369 2732 6368 2704 6340 2734 6370 2733 6369 2704 6340 2735 6371 2734 6370 2736 6372 2738 6374 2737 6373 2736 6372 2739 6375 2738 6374 2736 6372 2740 6376 2739 6375 2736 6372 2741 6377 2740 6376 2736 6372 2742 6378 2741 6377 2736 6372 2743 6379 2742 6378 2736 6372 2744 6380 2743 6379 2736 6372 2745 6381 2744 6380 2736 6372 2746 6382 2745 6381 2736 6372 2747 6383 2746 6382 2736 6372 2748 6384 2747 6383 2736 6372 2749 6385 2748 6384 2736 6372 2750 6386 2749 6385 2736 6372 2751 6387 2750 6386 2736 6372 2752 6388 2751 6387 2736 6372 2753 6389 2752 6388 2736 6372 2754 6390 2753 6389 2736 6372 2755 6391 2754 6390 2736 6372 2756 6392 2755 6391 2736 6372 2757 6393 2756 6392 2736 6372 2758 6394 2757 6393 2736 6372 2759 6395 2758 6394 2736 6372 2760 6396 2759 6395 2736 6372 2761 6397 2760 6396 2736 6372 2762 6398 2761 6397 2736 6372 2763 6399 2762 6398 2736 6372 2764 6400 2763 6399 2736 6372 2765 6401 2764 6400 2736 6372 2766 6402 2765 6401 2736 6372 2767 6403 2766 6402 2768 6404 2770 6406 2769 6405 2768 6404 2771 6407 2770 6406 2768 6404 2772 6408 2771 6407 2768 6404 2773 6409 2772 6408 2768 6404 2774 6410 2773 6409 2768 6404 2775 6411 2774 6410 2768 6404 2776 6412 2775 6411 2768 6404 2777 6413 2776 6412 2768 6404 2778 6414 2777 6413 2768 6404 2779 6415 2778 6414 2768 6404 2780 6416 2779 6415 2768 6404 2781 6417 2780 6416 2768 6404 2782 6418 2781 6417 2768 6404 2783 6419 2782 6418 2768 6404 2784 6420 2783 6419 2768 6404 2785 6421 2784 6420 2768 6404 2786 6422 2785 6421 2768 6404 2787 6423 2786 6422 2768 6404 2788 6424 2787 6423 2768 6404 2789 6425 2788 6424 2768 6404 2790 6426 2789 6425 2768 6404 2791 6427 2790 6426 2768 6404 2792 6428 2791 6427 2768 6404 2793 6429 2792 6428 2768 6404 2794 6430 2793 6429 2768 6404 2795 6431 2794 6430 2768 6404 2796 6432 2795 6431 2768 6404 2797 6433 2796 6432 2768 6404 2798 6434 2797 6433 2768 6404 2799 6435 2798 6434 2800 6436 2802 6438 2801 6437 2800 6436 2803 6439 2802 6438 2800 6436 2804 6440 2803 6439 2800 6436 2805 6441 2804 6440 2800 6436 2806 6442 2805 6441 2800 6436 2807 6443 2806 6442 2800 6436 2808 6444 2807 6443 2800 6436 2809 6445 2808 6444 2800 6436 2810 6446 2809 6445 2800 6436 2811 6447 2810 6446 2800 6436 2812 6448 2811 6447 2800 6436 2813 6449 2812 6448 2800 6436 2814 6450 2813 6449 2800 6436 2815 6451 2814 6450 2800 6436 2816 6452 2815 6451 2800 6436 2817 6453 2816 6452 2800 6436 2818 6454 2817 6453 2800 6436 2819 6455 2818 6454 2800 6436 2820 6456 2819 6455 2800 6436 2821 6457 2820 6456 2800 6436 2822 6458 2821 6457 2800 6436 2823 6459 2822 6458 2800 6436 2824 6460 2823 6459 2800 6436 2825 6461 2824 6460 2800 6436 2826 6462 2825 6461 2800 6436 2827 6463 2826 6462 2800 6436 2828 6464 2827 6463 2800 6436 2829 6465 2828 6464 2800 6436 2830 6466 2829 6465 2800 6436 2831 6467 2830 6466 2832 6468 2834 6470 2833 6469 2832 6468 2835 6471 2834 6470 2832 6468 2836 6472 2835 6471 2832 6468 2837 6473 2836 6472 2832 6468 2838 6474 2837 6473 2832 6468 2839 6475 2838 6474 2832 6468 2840 6476 2839 6475 2832 6468 2841 6477 2840 6476 2832 6468 2842 6478 2841 6477 2832 6468 2843 6479 2842 6478 2832 6468 2844 6480 2843 6479 2832 6468 2845 6481 2844 6480 2832 6468 2846 6482 2845 6481 2832 6468 2847 6483 2846 6482 2832 6468 2848 6484 2847 6483 2832 6468 2849 6485 2848 6484 2832 6468 2850 6486 2849 6485 2832 6468 2851 6487 2850 6486 2832 6468 2852 6488 2851 6487 2832 6468 2853 6489 2852 6488 2832 6468 2854 6490 2853 6489 2832 6468 2855 6491 2854 6490 2832 6468 2856 6492 2855 6491 2832 6468 2857 6493 2856 6492 2832 6468 2858 6494 2857 6493 2832 6468 2859 6495 2858 6494 2832 6468 2860 6496 2859 6495 2832 6468 2861 6497 2860 6496 2832 6468 2862 6498 2861 6497 2832 6468 2863 6499 2862 6498 2864 6500 2866 6502 2865 6501 2864 6500 2867 6503 2866 6502 2864 6500 2868 6504 2867 6503 2864 6500 2869 6505 2868 6504 2864 6500 2870 6506 2869 6505 2864 6500 2871 6507 2870 6506 2864 6500 2872 6508 2871 6507 2864 6500 2873 6509 2872 6508 2864 6500 2874 6510 2873 6509 2864 6500 2875 6511 2874 6510 2864 6500 2876 6512 2875 6511 2864 6500 2877 6513 2876 6512 2864 6500 2878 6514 2877 6513 2864 6500 2879 6515 2878 6514 2864 6500 2880 6516 2879 6515 2864 6500 2881 6517 2880 6516 2864 6500 2882 6518 2881 6517 2864 6500 2883 6519 2882 6518 2864 6500 2884 6520 2883 6519 2864 6500 2885 6521 2884 6520 2864 6500 2886 6522 2885 6521 2864 6500 2887 6523 2886 6522 2864 6500 2888 6524 2887 6523 2864 6500 2889 6525 2888 6524 2864 6500 2890 6526 2889 6525 2864 6500 2891 6527 2890 6526 2864 6500 2892 6528 2891 6527 2864 6500 2893 6529 2892 6528 2864 6500 2894 6530 2893 6529 2864 6500 2895 6531 2894 6530 2896 6532 2898 6534 2897 6533 2896 6532 2899 6535 2898 6534 2896 6532 2900 6536 2899 6535 2896 6532 2901 6537 2900 6536 2896 6532 2902 6538 2901 6537 2896 6532 2903 6539 2902 6538 2896 6532 2904 6540 2903 6539 2896 6532 2905 6541 2904 6540 2896 6532 2906 6542 2905 6541 2896 6532 2907 6543 2906 6542 2896 6532 2908 6544 2907 6543 2896 6532 2909 6545 2908 6544 2896 6532 2910 6546 2909 6545 2896 6532 2911 6547 2910 6546 2896 6532 2912 6548 2911 6547 2896 6532 2913 6549 2912 6548 2896 6532 2914 6550 2913 6549 2896 6532 2915 6551 2914 6550 2896 6532 2916 6552 2915 6551 2896 6532 2917 6553 2916 6552 2896 6532 2918 6554 2917 6553 2896 6532 2919 6555 2918 6554 2896 6532 2920 6556 2919 6555 2896 6532 2921 6557 2920 6556 2896 6532 2922 6558 2921 6557 2896 6532 2923 6559 2922 6558 2896 6532 2924 6560 2923 6559 2896 6532 2925 6561 2924 6560 2896 6532 2926 6562 2925 6561 2896 6532 2927 6563 2926 6562 2928 6564 2930 6566 2929 6565 2928 6564 2931 6567 2930 6566 2928 6564 2932 6568 2931 6567 2928 6564 2933 6569 2932 6568 2928 6564 2934 6570 2933 6569 2928 6564 2935 6571 2934 6570 2928 6564 2936 6572 2935 6571 2928 6564 2937 6573 2936 6572 2928 6564 2938 6574 2937 6573 2928 6564 2939 6575 2938 6574 2928 6564 2940 6576 2939 6575 2928 6564 2941 6577 2940 6576 2928 6564 2942 6578 2941 6577 2928 6564 2943 6579 2942 6578 2928 6564 2944 6580 2943 6579 2928 6564 2945 6581 2944 6580 2928 6564 2946 6582 2945 6581 2928 6564 2947 6583 2946 6582 2928 6564 2948 6584 2947 6583 2928 6564 2949 6585 2948 6584 2928 6564 2950 6586 2949 6585 2928 6564 2951 6587 2950 6586 2928 6564 2952 6588 2951 6587 2928 6564 2953 6589 2952 6588 2928 6564 2954 6590 2953 6589 2928 6564 2955 6591 2954 6590 2928 6564 2956 6592 2955 6591 2928 6564 2957 6593 2956 6592 2928 6564 2958 6594 2957 6593 2928 6564 2959 6595 2958 6594 2960 6596 2962 6598 2961 6597 2960 6596 2963 6599 2962 6598 2960 6596 2964 6600 2963 6599 2960 6596 2965 6601 2964 6600 2960 6596 2966 6602 2965 6601 2960 6596 2967 6603 2966 6602 2960 6596 2968 6604 2967 6603 2960 6596 2969 6605 2968 6604 2960 6596 2970 6606 2969 6605 2960 6596 2971 6607 2970 6606 2960 6596 2972 6608 2971 6607 2960 6596 2973 6609 2972 6608 2960 6596 2974 6610 2973 6609 2960 6596 2975 6611 2974 6610 2960 6596 2976 6612 2975 6611 2960 6596 2977 6613 2976 6612 2960 6596 2978 6614 2977 6613 2960 6596 2979 6615 2978 6614 2960 6596 2980 6616 2979 6615 2960 6596 2981 6617 2980 6616 2960 6596 2982 6618 2981 6617 2960 6596 2983 6619 2982 6618 2960 6596 2984 6620 2983 6619 2960 6596 2985 6621 2984 6620 2960 6596 2986 6622 2985 6621 2960 6596 2987 6623 2986 6622 2960 6596 2988 6624 2987 6623 2960 6596 2989 6625 2988 6624 2960 6596 2990 6626 2989 6625 2960 6596 2991 6627 2990 6626 2992 6628 2994 6630 2993 6629 2992 6628 2995 6631 2994 6630 2992 6628 2996 6632 2995 6631 2992 6628 2997 6633 2996 6632 2992 6628 2998 6634 2997 6633 2992 6628 2999 6635 2998 6634 2992 6628 3000 6636 2999 6635 2992 6628 3001 6637 3000 6636 2992 6628 3002 6638 3001 6637 2992 6628 3003 6639 3002 6638 2992 6628 3004 6640 3003 6639 2992 6628 3005 6641 3004 6640 2992 6628 3006 6642 3005 6641 2992 6628 3007 6643 3006 6642 2992 6628 3008 6644 3007 6643 2992 6628 3009 6645 3008 6644 2992 6628 3010 6646 3009 6645 2992 6628 3011 6647 3010 6646 2992 6628 3012 6648 3011 6647 2992 6628 3013 6649 3012 6648 2992 6628 3014 6650 3013 6649 2992 6628 3015 6651 3014 6650 2992 6628 3016 6652 3015 6651 2992 6628 3017 6653 3016 6652 2992 6628 3018 6654 3017 6653 2992 6628 3019 6655 3018 6654 2992 6628 3020 6656 3019 6655 2992 6628 3021 6657 3020 6656 2992 6628 3022 6658 3021 6657 2992 6628 3023 6659 3022 6658 3024 6660 3026 6662 3025 6661 3024 6660 3027 6663 3026 6662 3024 6660 3028 6664 3027 6663 3024 6660 3029 6665 3028 6664 3024 6660 3030 6666 3029 6665 3024 6660 3031 6667 3030 6666 3024 6660 3032 6668 3031 6667 3024 6660 3033 6669 3032 6668 3024 6660 3034 6670 3033 6669 3024 6660 3035 6671 3034 6670 3024 6660 3036 6672 3035 6671 3024 6660 3037 6673 3036 6672 3024 6660 3038 6674 3037 6673 3024 6660 3039 6675 3038 6674 3024 6660 3040 6676 3039 6675 3024 6660 3041 6677 3040 6676 3024 6660 3042 6678 3041 6677 3024 6660 3043 6679 3042 6678 3024 6660 3044 6680 3043 6679 3024 6660 3045 6681 3044 6680 3024 6660 3046 6682 3045 6681 3024 6660 3047 6683 3046 6682 3024 6660 3048 6684 3047 6683 3024 6660 3049 6685 3048 6684 3024 6660 3050 6686 3049 6685 3024 6660 3051 6687 3050 6686 3024 6660 3052 6688 3051 6687 3024 6660 3053 6689 3052 6688 3024 6660 3054 6690 3053 6689 3024 6660 3055 6691 3054 6690 3056 6692 3058 6694 3057 6693 3056 6692 3059 6695 3058 6694 3056 6692 3060 6696 3059 6695 3056 6692 3061 6697 3060 6696 3056 6692 3062 6698 3061 6697 3056 6692 3063 6699 3062 6698 3056 6692 3064 6700 3063 6699 3056 6692 3065 6701 3064 6700 3056 6692 3066 6702 3065 6701 3056 6692 3067 6703 3066 6702 3056 6692 3068 6704 3067 6703 3056 6692 3069 6705 3068 6704 3056 6692 3070 6706 3069 6705 3056 6692 3071 6707 3070 6706 3056 6692 3072 6708 3071 6707 3056 6692 3073 6709 3072 6708 3056 6692 3074 6710 3073 6709 3056 6692 3075 6711 3074 6710 3056 6692 3076 6712 3075 6711 3056 6692 3077 6713 3076 6712 3056 6692 3078 6714 3077 6713 3056 6692 3079 6715 3078 6714 3056 6692 3080 6716 3079 6715 3056 6692 3081 6717 3080 6716 3056 6692 3082 6718 3081 6717 3056 6692 3083 6719 3082 6718 3056 6692 3084 6720 3083 6719 3056 6692 3085 6721 3084 6720 3056 6692 3086 6722 3085 6721 3056 6692 3087 6723 3086 6722 3088 6724 3090 6726 3089 6725 3088 6724 3091 6727 3090 6726 3088 6724 3092 6728 3091 6727 3088 6724 3093 6729 3092 6728 3088 6724 3094 6730 3093 6729 3088 6724 3095 6731 3094 6730 3088 6724 3096 6732 3095 6731 3088 6724 3097 6733 3096 6732 3088 6724 3098 6734 3097 6733 3088 6724 3099 6735 3098 6734 3088 6724 3100 6736 3099 6735 3088 6724 3101 6737 3100 6736 3088 6724 3102 6738 3101 6737 3088 6724 3103 6739 3102 6738 3088 6724 3104 6740 3103 6739 3088 6724 3105 6741 3104 6740 3088 6724 3106 6742 3105 6741 3088 6724 3107 6743 3106 6742 3088 6724 3108 6744 3107 6743 3088 6724 3109 6745 3108 6744 3088 6724 3110 6746 3109 6745 3088 6724 3111 6747 3110 6746 3088 6724 3112 6748 3111 6747 3088 6724 3113 6749 3112 6748 3088 6724 3114 6750 3113 6749 3088 6724 3115 6751 3114 6750 3088 6724 3116 6752 3115 6751 3088 6724 3117 6753 3116 6752 3088 6724 3118 6754 3117 6753 3088 6724 3119 6755 3118 6754 3120 6756 3122 6758 3121 6757 3120 6756 3123 6759 3122 6758 3120 6756 3124 6760 3123 6759 3120 6756 3125 6761 3124 6760 3120 6756 3126 6762 3125 6761 3120 6756 3127 6763 3126 6762 3120 6756 3128 6764 3127 6763 3120 6756 3129 6765 3128 6764 3120 6756 3130 6766 3129 6765 3120 6756 3131 6767 3130 6766 3120 6756 3132 6768 3131 6767 3120 6756 3133 6769 3132 6768 3120 6756 3134 6770 3133 6769 3120 6756 3135 6771 3134 6770 3120 6756 3136 6772 3135 6771 3120 6756 3137 6773 3136 6772 3120 6756 3138 6774 3137 6773 3120 6756 3139 6775 3138 6774 3120 6756 3140 6776 3139 6775 3120 6756 3141 6777 3140 6776 3120 6756 3142 6778 3141 6777 3120 6756 3143 6779 3142 6778 3120 6756 3144 6780 3143 6779 3120 6756 3145 6781 3144 6780 3120 6756 3146 6782 3145 6781 3120 6756 3147 6783 3146 6782 3120 6756 3148 6784 3147 6783 3120 6756 3149 6785 3148 6784 3120 6756 3150 6786 3149 6785 3120 6756 3151 6787 3150 6786 3152 6788 3154 6790 3153 6789 3152 6788 3155 6791 3154 6790 3152 6788 3156 6792 3155 6791 3152 6788 3157 6793 3156 6792 3152 6788 3158 6794 3157 6793 3152 6788 3159 6795 3158 6794 3152 6788 3160 6796 3159 6795 3152 6788 3161 6797 3160 6796 3152 6788 3162 6798 3161 6797 3152 6788 3163 6799 3162 6798 3152 6788 3164 6800 3163 6799 3152 6788 3165 6801 3164 6800 3152 6788 3166 6802 3165 6801 3152 6788 3167 6803 3166 6802 3152 6788 3168 6804 3167 6803 3152 6788 3169 6805 3168 6804 3152 6788 3170 6806 3169 6805 3152 6788 3171 6807 3170 6806 3152 6788 3172 6808 3171 6807 3152 6788 3173 6809 3172 6808 3152 6788 3174 6810 3173 6809 3152 6788 3175 6811 3174 6810 3152 6788 3176 6812 3175 6811 3152 6788 3177 6813 3176 6812 3152 6788 3178 6814 3177 6813 3152 6788 3179 6815 3178 6814 3152 6788 3180 6816 3179 6815 3152 6788 3181 6817 3180 6816 3152 6788 3182 6818 3181 6817 3152 6788 3183 6819 3182 6818 3184 6820 3186 6821 3185 4781 3184 6820 3187 6822 3186 6821 3184 6820 3188 6823 3187 6822 3184 6820 3189 6824 3188 6823 3184 6820 3190 6825 3189 6824 3184 6820 3191 6826 3190 6825 3184 6820 3192 6827 3191 6826 3184 6820 3193 6828 3192 6827 3184 6820 3194 6829 3193 6828 3184 6820 3195 6830 3194 6829 3184 6820 3196 6831 3195 6830 3184 6820 3197 6832 3196 6831 3184 6820 3198 6833 3197 6832 3184 6820 3199 6834 3198 6833 3184 6820 3200 6835 3199 6834 3184 6820 3201 6836 3200 6835 3184 6820 3202 6837 3201 6836 3184 6820 3203 6838 3202 6837 3184 6820 3204 6839 3203 6838 3184 6820 3205 6840 3204 6839 3184 6820 3206 6841 3205 6840 3184 6820 3207 6842 3206 6841 3184 6820 3208 6843 3207 6842 3184 6820 3209 6844 3208 6843 3184 6820 3210 6845 3209 6844 3184 6820 3211 6846 3210 6845 3184 6820 3212 6847 3211 6846 3184 6820 3213 6848 3212 6847 3184 6820 3214 6849 3213 6848 3184 6820 3215 6850 3214 6849 3216 6851 3218 6853 3217 6852 3216 6851 3219 6854 3218 6853 3216 6851 3220 6855 3219 6854 3216 6851 3221 6856 3220 6855 3216 6851 3222 6857 3221 6856 3216 6851 3223 6858 3222 6857 3216 6851 3224 6859 3223 6858 3216 6851 3225 6860 3224 6859 3216 6851 3226 6861 3225 6860 3216 6851 3227 6862 3226 6861 3216 6851 3228 6863 3227 6862 3216 6851 3229 6864 3228 6863 3216 6851 3230 6865 3229 6864 3216 6851 3231 6866 3230 6865 3216 6851 3232 6867 3231 6866 3216 6851 3233 6868 3232 6867 3216 6851 3234 6869 3233 6868 3216 6851 3235 6870 3234 6869 3216 6851 3236 6871 3235 6870 3216 6851 3237 6872 3236 6871 3216 6851 3238 6873 3237 6872 3216 6851 3239 6874 3238 6873 3216 6851 3240 6875 3239 6874 3216 6851 3241 6876 3240 6875 3216 6851 3242 6877 3241 6876 3216 6851 3243 6878 3242 6877 3216 6851 3244 6879 3243 6878 3216 6851 3245 6880 3244 6879 3216 6851 3246 6881 3245 6880 3216 6851 3247 6882 3246 6881 3248 6883 3250 6885 3249 6884 3248 6883 3251 6886 3250 6885 3248 6883 3252 6887 3251 6886 3248 6883 3253 6888 3252 6887 3248 6883 3254 6889 3253 6888 3248 6883 3255 6890 3254 6889 3248 6883 3256 6891 3255 6890 3248 6883 3257 6892 3256 6891 3248 6883 3258 6893 3257 6892 3248 6883 3259 6894 3258 6893 3248 6883 3260 6895 3259 6894 3248 6883 3261 6896 3260 6895 3248 6883 3262 6897 3261 6896 3248 6883 3263 6898 3262 6897 3248 6883 3264 6899 3263 6898 3248 6883 3265 6900 3264 6899 3248 6883 3266 6901 3265 6900 3248 6883 3267 6902 3266 6901 3248 6883 3268 6903 3267 6902 3248 6883 3269 6904 3268 6903 3248 6883 3270 6905 3269 6904 3248 6883 3271 6906 3270 6905 3248 6883 3272 6907 3271 6906 3248 6883 3273 6908 3272 6907 3248 6883 3274 6909 3273 6908 3248 6883 3275 6910 3274 6909 3248 6883 3276 6911 3275 6910 3248 6883 3277 6912 3276 6911 3248 6883 3278 6913 3277 6912 3248 6883 3279 6914 3278 6913 3280 6915 3282 6917 3281 6916 3280 6915 3283 6918 3282 6917 3280 6915 3284 6919 3283 6918 3280 6915 3285 6920 3284 6919 3280 6915 3286 6921 3285 6920 3280 6915 3287 6922 3286 6921 3280 6915 3288 6923 3287 6922 3280 6915 3289 6924 3288 6923 3280 6915 3290 6925 3289 6924 3280 6915 3291 6926 3290 6925 3280 6915 3292 6927 3291 6926 3280 6915 3293 6928 3292 6927 3280 6915 3294 6929 3293 6928 3280 6915 3295 6930 3294 6929 3280 6915 3296 6931 3295 6930 3280 6915 3297 6932 3296 6931 3280 6915 3298 6933 3297 6932 3280 6915 3299 6934 3298 6933 3280 6915 3300 6935 3299 6934 3280 6915 3301 6936 3300 6935 3280 6915 3302 6937 3301 6936 3280 6915 3303 6938 3302 6937 3280 6915 3304 6939 3303 6938 3280 6915 3305 6940 3304 6939 3280 6915 3306 6941 3305 6940 3280 6915 3307 6942 3306 6941 3280 6915 3308 6943 3307 6942 3280 6915 3309 6944 3308 6943 3280 6915 3310 6945 3309 6944 3280 6915 3311 6946 3310 6945 3312 6947 3314 6949 3313 6948 3312 6947 3315 6950 3314 6949 3312 6947 3316 6951 3315 6950 3312 6947 3317 6952 3316 6951 3312 6947 3318 6953 3317 6952 3312 6947 3319 6954 3318 6953 3312 6947 3320 6955 3319 6954 3312 6947 3321 6956 3320 6955 3312 6947 3322 6957 3321 6956 3312 6947 3323 6958 3322 6957 3312 6947 3324 6959 3323 6958 3312 6947 3325 6960 3324 6959 3312 6947 3326 6961 3325 6960 3312 6947 3327 6962 3326 6961 3312 6947 3328 6963 3327 6962 3312 6947 3329 6964 3328 6963 3312 6947 3330 6965 3329 6964 3312 6947 3331 6966 3330 6965 3312 6947 3332 6967 3331 6966 3312 6947 3333 6968 3332 6967 3312 6947 3334 6969 3333 6968 3312 6947 3335 6970 3334 6969 3312 6947 3336 6971 3335 6970 3312 6947 3337 6972 3336 6971 3312 6947 3338 6973 3337 6972 3312 6947 3339 6974 3338 6973 3312 6947 3340 6975 3339 6974 3312 6947 3341 6976 3340 6975 3312 6947 3342 6977 3341 6976 3312 6947 3343 6978 3342 6977 3344 6979 3346 6981 3345 6980 3344 6979 3347 6982 3346 6981 3344 6979 3348 6983 3347 6982 3344 6979 3349 6984 3348 6983 3344 6979 3350 6985 3349 6984 3344 6979 3351 6986 3350 6985 3344 6979 3352 6987 3351 6986 3344 6979 3353 6988 3352 6987 3344 6979 3354 6989 3353 6988 3344 6979 3355 6990 3354 6989 3344 6979 3356 6991 3355 6990 3344 6979 3357 6992 3356 6991 3344 6979 3358 6993 3357 6992 3344 6979 3359 6994 3358 6993 3344 6979 3360 6995 3359 6994 3344 6979 3361 6996 3360 6995 3344 6979 3362 6997 3361 6996 3344 6979 3363 6998 3362 6997 3344 6979 3364 6999 3363 6998 3344 6979 3365 7000 3364 6999 3344 6979 3366 7001 3365 7000 3344 6979 3367 7002 3366 7001 3344 6979 3368 7003 3367 7002 3344 6979 3369 7004 3368 7003 3344 6979 3370 7005 3369 7004 3344 6979 3371 7006 3370 7005 3344 6979 3372 7007 3371 7006 3344 6979 3373 7008 3372 7007 3344 6979 3374 7009 3373 7008 3344 6979 3375 7010 3374 7009 3376 7011 3378 7013 3377 7012 3376 7011 3379 7014 3378 7013 3376 7011 3380 7015 3379 7014 3376 7011 3381 7016 3380 7015 3376 7011 3382 7017 3381 7016 3376 7011 3383 7018 3382 7017 3376 7011 3384 7019 3383 7018 3376 7011 3385 7020 3384 7019 3376 7011 3386 7021 3385 7020 3376 7011 3387 7022 3386 7021 3376 7011 3388 7023 3387 7022 3376 7011 3389 7024 3388 7023 3376 7011 3390 7025 3389 7024 3376 7011 3391 7026 3390 7025 3376 7011 3392 7027 3391 7026 3376 7011 3393 7028 3392 7027 3376 7011 3394 7029 3393 7028 3376 7011 3395 7030 3394 7029 3376 7011 3396 7031 3395 7030 3376 7011 3397 7032 3396 7031 3376 7011 3398 7033 3397 7032 3376 7011 3399 7034 3398 7033 3376 7011 3400 7035 3399 7034 3376 7011 3401 7036 3400 7035 3376 7011 3402 7037 3401 7036 3376 7011 3403 7038 3402 7037 3376 7011 3404 7039 3403 7038 3376 7011 3405 7040 3404 7039 3376 7011 3406 7041 3405 7040 3376 7011 3407 7042 3406 7041 3408 7043 3410 7045 3409 7044 3408 7043 3411 7046 3410 7045 3408 7043 3412 7047 3411 7046 3408 7043 3413 7048 3412 7047 3408 7043 3414 7049 3413 7048 3408 7043 3415 7050 3414 7049 3408 7043 3416 7051 3415 7050 3408 7043 3417 7052 3416 7051 3408 7043 3418 7053 3417 7052 3408 7043 3419 7054 3418 7053 3408 7043 3420 7055 3419 7054 3408 7043 3421 7056 3420 7055 3408 7043 3422 7057 3421 7056 3408 7043 3423 7058 3422 7057 3408 7043 3424 7059 3423 7058 3408 7043 3425 7060 3424 7059 3408 7043 3426 7061 3425 7060 3408 7043 3427 7062 3426 7061 3408 7043 3428 7063 3427 7062 3408 7043 3429 7064 3428 7063 3408 7043 3430 7065 3429 7064 3408 7043 3431 7066 3430 7065 3408 7043 3432 7067 3431 7066 3408 7043 3433 7068 3432 7067 3408 7043 3434 7069 3433 7068 3408 7043 3435 7070 3434 7069 3408 7043 3436 7071 3435 7070 3408 7043 3437 7072 3436 7071 3408 7043 3438 7073 3437 7072 3408 7043 3439 7074 3438 7073 3440 7075 3442 7077 3441 7076 3440 7075 3443 7078 3442 7077 3440 7075 3444 7079 3443 7078 3440 7075 3445 7080 3444 7079 3440 7075 3446 7081 3445 7080 3440 7075 3447 7082 3446 7081 3440 7075 3448 7083 3447 7082 3440 7075 3449 7084 3448 7083 3440 7075 3450 7085 3449 7084 3440 7075 3451 7086 3450 7085 3440 7075 3452 7087 3451 7086 3440 7075 3453 7088 3452 7087 3440 7075 3454 7089 3453 7088 3440 7075 3455 7090 3454 7089 3440 7075 3456 7091 3455 7090 3440 7075 3457 7092 3456 7091 3440 7075 3458 7093 3457 7092 3440 7075 3459 7094 3458 7093 3440 7075 3460 7095 3459 7094 3440 7075 3461 7096 3460 7095 3440 7075 3462 7097 3461 7096 3440 7075 3463 7098 3462 7097 3440 7075 3464 7099 3463 7098 3440 7075 3465 7100 3464 7099 3440 7075 3466 7101 3465 7100 3440 7075 3467 7102 3466 7101 3440 7075 3468 7103 3467 7102 3440 7075 3469 7104 3468 7103 3440 7075 3470 7105 3469 7104 3440 7075 3471 7106 3470 7105 3472 7107 3474 7109 3473 7108 3472 7107 3475 7110 3474 7109 3472 7107 3476 7111 3475 7110 3472 7107 3477 7112 3476 7111 3472 7107 3478 7113 3477 7112 3472 7107 3479 7114 3478 7113 3472 7107 3480 7115 3479 7114 3472 7107 3481 7116 3480 7115 3472 7107 3482 7117 3481 7116 3472 7107 3483 7118 3482 7117 3472 7107 3484 7119 3483 7118 3472 7107 3485 7120 3484 7119 3472 7107 3486 7121 3485 7120 3472 7107 3487 7122 3486 7121 3472 7107 3488 7123 3487 7122 3472 7107 3489 7124 3488 7123 3472 7107 3490 7125 3489 7124 3472 7107 3491 7126 3490 7125 3472 7107 3492 7127 3491 7126 3472 7107 3493 7128 3492 7127 3472 7107 3494 7129 3493 7128 3472 7107 3495 7130 3494 7129 3472 7107 3496 7131 3495 7130 3472 7107 3497 7132 3496 7131 3472 7107 3498 7133 3497 7132 3472 7107 3499 7134 3498 7133 3472 7107 3500 7135 3499 7134 3472 7107 3501 7136 3500 7135 3472 7107 3502 7137 3501 7136 3472 7107 3503 7138 3502 7137 3504 7139 3506 7141 3505 7140 3504 7139 3507 7142 3506 7141 3504 7139 3508 7143 3507 7142 3504 7139 3509 7144 3508 7143 3504 7139 3510 7145 3509 7144 3504 7139 3511 7146 3510 7145 3504 7139 3512 7147 3511 7146 3504 7139 3513 7148 3512 7147 3504 7139 3514 7149 3513 7148 3504 7139 3515 7150 3514 7149 3504 7139 3516 7151 3515 7150 3504 7139 3517 7152 3516 7151 3504 7139 3518 7153 3517 7152 3504 7139 3519 7154 3518 7153 3504 7139 3520 7155 3519 7154 3504 7139 3521 7156 3520 7155 3504 7139 3522 7157 3521 7156 3504 7139 3523 7158 3522 7157 3504 7139 3524 7159 3523 7158 3504 7139 3525 7160 3524 7159 3504 7139 3526 7161 3525 7160 3504 7139 3527 7162 3526 7161 3504 7139 3528 7163 3527 7162 3504 7139 3529 7164 3528 7163 3504 7139 3530 7165 3529 7164 3504 7139 3531 7166 3530 7165 3504 7139 3532 7167 3531 7166 3504 7139 3533 7168 3532 7167 3504 7139 3534 7169 3533 7168 3504 7139 3535 7170 3534 7169 3536 7171 3538 7173 3537 7172 3536 7171 3539 7174 3538 7173 3536 7171 3540 7175 3539 7174 3536 7171 3541 7176 3540 7175 3536 7171 3542 7177 3541 7176 3536 7171 3543 7178 3542 7177 3536 7171 3544 7179 3543 7178 3536 7171 3545 7180 3544 7179 3536 7171 3546 7181 3545 7180 3536 7171 3547 7182 3546 7181 3536 7171 3548 7183 3547 7182 3536 7171 3549 7184 3548 7183 3536 7171 3550 7185 3549 7184 3536 7171 3551 7186 3550 7185 3536 7171 3552 7187 3551 7186 3536 7171 3553 7188 3552 7187 3536 7171 3554 7189 3553 7188 3536 7171 3555 7190 3554 7189 3536 7171 3556 7191 3555 7190 3536 7171 3557 7192 3556 7191 3536 7171 3558 7193 3557 7192 3536 7171 3559 7194 3558 7193 3536 7171 3560 7195 3559 7194 3536 7171 3561 7196 3560 7195 3536 7171 3562 7197 3561 7196 3536 7171 3563 7198 3562 7197 3536 7171 3564 7199 3563 7198 3536 7171 3565 7200 3564 7199 3536 7171 3566 7201 3565 7200 3536 7171 3567 7202 3566 7201 3568 7203 3570 7205 3569 7204 3568 7203 3571 7206 3570 7205 3568 7203 3572 7207 3571 7206 3568 7203 3573 7208 3572 7207 3568 7203 3574 7209 3573 7208 3568 7203 3575 7210 3574 7209 3568 7203 3576 7211 3575 7210 3568 7203 3577 7212 3576 7211 3568 7203 3578 7213 3577 7212 3568 7203 3579 7214 3578 7213 3568 7203 3580 7215 3579 7214 3568 7203 3581 7216 3580 7215 3568 7203 3582 7217 3581 7216 3568 7203 3583 7218 3582 7217 3568 7203 3584 7219 3583 7218 3568 7203 3585 7220 3584 7219 3568 7203 3586 7221 3585 7220 3568 7203 3587 7222 3586 7221 3568 7203 3588 7223 3587 7222 3568 7203 3589 7224 3588 7223 3568 7203 3590 7225 3589 7224 3568 7203 3591 7226 3590 7225 3568 7203 3592 7227 3591 7226 3568 7203 3593 7228 3592 7227 3568 7203 3594 7229 3593 7228 3568 7203 3595 7230 3594 7229 3568 7203 3596 7231 3595 7230 3568 7203 3597 7232 3596 7231 3568 7203 3598 7233 3597 7232 3568 7203 3599 7234 3598 7233 3600 7235 3602 7237 3601 7236 3600 7235 3603 7238 3602 7237 3600 7235 3604 7239 3603 7238 3600 7235 3605 7240 3604 7239 3600 7235 3606 7241 3605 7240 3600 7235 3607 7242 3606 7241 3600 7235 3608 7243 3607 7242 3600 7235 3609 7244 3608 7243 3600 7235 3610 7245 3609 7244 3600 7235 3611 7246 3610 7245 3600 7235 3612 7247 3611 7246 3600 7235 3613 7248 3612 7247 3600 7235 3614 7249 3613 7248 3600 7235 3615 7250 3614 7249 3600 7235 3616 7251 3615 7250 3600 7235 3617 7252 3616 7251 3600 7235 3618 7253 3617 7252 3600 7235 3619 7254 3618 7253 3600 7235 3620 7255 3619 7254 3600 7235 3621 7256 3620 7255 3600 7235 3622 7257 3621 7256 3600 7235 3623 7258 3622 7257 3600 7235 3624 7259 3623 7258 3600 7235 3625 7260 3624 7259 3600 7235 3626 7261 3625 7260 3600 7235 3627 7262 3626 7261 3600 7235 3628 7263 3627 7262 3600 7235 3629 7264 3628 7263 3600 7235 3630 7265 3629 7264 3600 7235 3631 7266 3630 7265 3632 7267 3634 7269 3633 7268 3632 7267 3635 7270 3634 7269 3632 7267 3636 7271 3635 7270 3632 7267 3637 7272 3636 7271 3632 7267 3638 7044 3637 7272 3632 7267 3639 7273 3638 7044 3632 7267 3640 7274 3639 7273 3632 7267 3641 7275 3640 7274 3632 7267 3642 7276 3641 7275 3632 7267 3643 7277 3642 7276 3632 7267 3644 7278 3643 7277 3632 7267 3645 7279 3644 7278 3632 7267 3646 7280 3645 7279 3632 7267 3647 7281 3646 7280 3632 7267 3648 7282 3647 7281 3632 7267 3649 7283 3648 7282 3632 7267 3650 7284 3649 7283 3632 7267 3651 7285 3650 7284 3632 7267 3652 7286 3651 7285 3632 7267 3653 7287 3652 7286 3632 7267 3654 7288 3653 7287 3632 7267 3655 7289 3654 7288 3632 7267 3656 7290 3655 7289 3632 7267 3657 7291 3656 7290 3632 7267 3658 7292 3657 7291 3632 7267 3659 7293 3658 7292 3632 7267 3660 7294 3659 7293 3632 7267 3661 7295 3660 7294 3632 7267 3662 7296 3661 7295 3632 7267 3663 7297 3662 7296</p></triangles>
      </mesh>
    </geometry>
  </library_geometries>
  <library_visual_scenes><visual_scene id="scene" name="scene">
    <node id="ROW_21_SEG3_foliage" name="ROW_21_SEG3_foliage" type="NODE"><instance_geometry url="#ROW_21_SEG3_foliage-mesh"><bind_material><technique_common>
      <instance_material symbol="MAT_COTTON_LEAF_2-mat" target="#MAT_COTTON_LEAF_2"/>
      <instance_material symbol="MAT_COTTON_COTYL-mat" target="#MAT_COTTON_COTYL"/>
      <instance_material symbol="MAT_COTTON_LEAF_4-mat" target="#MAT_COTTON_LEAF_4"/>
      <instance_material symbol="MAT_COTTON_LEAF_0-mat" target="#MAT_COTTON_LEAF_0"/>
      <instance_material symbol="MAT_COTTON_LEAF_1-mat" target="#MAT_COTTON_LEAF_1"/>
      <instance_material symbol="MAT_COTTON_LEAF_3-mat" target="#MAT_COTTON_LEAF_3"/>
      <instance_material symbol="MAT_COTTON_LEAF_5-mat" target="#MAT_COTTON_LEAF_5"/>
    </technique_common></bind_material></instance_geometry></node>
  </visual_scene></library_visual_scenes>
  <scene><instance_visual_scene url="#scene"/></scene>
<!-- vigil:double-sided -->
</COLLADA>
