<?xml version="1.0" encoding="utf-8"?>
<COLLADA xmlns="http://www.collada.org/2005/11/COLLADASchema" version="1.4.1">
  <asset>
    <contributor><authoring_tool>VIGIL SIH26126 farm generator</authoring_tool></contributor>
    <unit name="meter" meter="1"/>
    <up_axis>Z_UP</up_axis>
  </asset>
  <library_effects>
    <effect id="MAT_COTTON_STEM-fx"><profile_COMMON><technique sid="c"><lambert><diffuse><color>0.0620 0.0820 0.0240 1</color></diffuse></lambert></technique></profile_COMMON></effect>
  </library_effects>
  <library_materials>
    <material id="MAT_COTTON_STEM" name="MAT_COTTON_STEM"><instance_effect url="#MAT_COTTON_STEM-fx"/></material>
  </library_materials>
  <library_geometries>
    <geometry id="ROW_20_SEG4_solid-mesh" name="ROW_20_SEG4_solid">
      <mesh>
        <source id="ROW_20_SEG4_solid-pos"><float_array id="ROW_20_SEG4_solid-pos-a" count="5502">-2.1408 -0.0030928 -0.00059922 -2.144 -0.0059929 -0.0006505 -2.1433 -0.006815 0.023165 -2.1404 -0.0042133 0.023142 -2.143 -0.010199 -0.00077977 -2.1425 -0.010587 0.023056 -2.1389 -0.011505 -0.00085775 -2.1388 -0.011756 0.022923 -2.1357 -0.008605 -0.00080647 -2.1359 -0.0091543 0.0229 -2.1367 -0.0043993 -0.0006772 -2.1368 -0.0053825 0.023009 -2.1417 -0.0073547 0.047024 -2.1392 -0.0050516 0.04687 -2.141 -0.010693 0.046943 -2.1377 -0.011725 0.046709 -2.1352 -0.0094223 0.046555 -2.1359 -0.0060844 0.046636 -2.1391 -0.007515 0.070788 -2.1369 -0.0055122 0.070591 -2.1385 -0.010418 0.070739 -2.1357 -0.011318 0.070493 -2.1335 -0.0093155 0.070296 -2.1341 -0.0064125 0.070345 -2.1366 -0.0075054 0.094418 -2.1348 -0.0058031 0.094317 -2.1361 -0.0099745 0.094398 -2.1337 -0.01074 0.094276 -2.1318 -0.009038 0.094175 -2.1324 -0.0065699 0.094195 -2.1358 -0.0076351 0.11801 -2.1342 -0.0062332 0.11806 -2.1353 -0.0096684 0.11801 -2.1334 -0.010301 0.11806 -2.1318 -0.0088978 0.11811 -2.1323 -0.0068645 0.11811 -2.137 -0.0080261 0.14174 -2.1358 -0.0069237 0.14183 -2.1367 -0.0096245 0.14174 -2.1351 -0.010121 0.14184 -2.1339 -0.0090199 0.14194 -2.1343 -0.0074205 0.14193 -2.1399 -0.0072994 -0.00072849 -2.1355 -0.008523 0.14184 -2.1396 -0.0072927 0.026787 -2.1403 -0.0080328 0.02604 -2.1446 -0.01542 0.037151 -2.144 -0.014779 0.037799 -2.1393 -0.00879 0.02593 -2.1438 -0.016076 0.037056 -2.1386 -0.00805 0.026677 -2.1432 -0.015435 0.037704 -2.1482 -0.021464 0.04625 -2.1477 -0.020922 0.046798 -2.1474 -0.022019 0.046169 -2.147 -0.021477 0.046717 -2.1374 -0.0069895 0.062321 -2.138 -0.0088577 0.063079 -2.1186 -0.0083485 0.078735 -2.1181 -0.0067301 0.078078 -2.1368 -0.0098219 0.061661 -2.1176 -0.0091839 0.077506 -2.1362 -0.0079536 0.060903 -2.1171 -0.0075655 0.076849 -2.1028 -0.0079212 0.091518 -2.1024 -0.0065517 0.090962 -2.1019 -0.0086279 0.090478 -2.1015 -0.0072584 0.089922 -2.1344 -0.0071707 0.097049 -2.1353 -0.0087442 0.097187 -2.1441 -0.0024376 0.1128 -2.1434 -0.0010748 0.11268 -2.1339 -0.0093718 0.098198 -2.143 -0.0029812 0.11368 -2.1331 -0.0077982 0.09806 -2.1423 -0.0016184 0.11356 -2.1514 0.0027332 0.12559 -2.1508 0.0038862 0.12549 -2.1504 0.0022736 0.12633 -2.1498 0.0034266 0.12623 -2.1349 -0.0080576 0.13373 -2.1354 -0.008564 0.13329 -2.1335 -0.016194 0.13983 -2.1331 -0.015756 0.14021 -2.1348 -0.0088034 0.13283 -2.133 -0.016403 0.13943 -2.1343 -0.0082979 0.13327 -2.1325 -0.015965 0.13981 -2.1319 -0.022435 0.14518 -2.1316 -0.022064 0.1455 -2.1314 -0.022612 0.14484 -2.1311 -0.02224 0.14516 -1.8486 0.020694 -0.0011991 -1.8485 0.01384 -0.0018986 -1.8418 0.010427 0.03582 -1.8419 0.016583 0.036331 -1.8425 0.010663 -0.0031557 -1.8364 0.0075731 0.034767 -1.8367 0.01434 -0.0037133 -1.8312 0.010877 0.034223 -1.8368 0.021195 -0.0030137 -1.8314 0.017034 0.034734 -1.8428 0.024372 -0.0017566 -1.8368 0.019887 0.035787 -1.8354 0.0085354 0.073419 -1.8356 0.013991 0.073749 -1.8306 0.0060015 0.072675 -1.826 0.0089216 0.07226 -1.8262 0.014378 0.072589 -1.831 0.016912 0.073334 -1.8309 0.0068369 0.11092 -1.8311 0.011582 0.11119 -1.8267 0.0046244 0.11052 -1.8227 0.0071573 0.11039 -1.8229 0.011903 0.11066 -1.8271 0.014115 0.11106 -1.8291 0.0050535 0.14858 -1.8293 0.0090914 0.14874 -1.8255 0.003171 0.14849 -1.8221 0.0053263 0.14856 -1.8223 0.0093641 0.14872 -1.8258 0.011247 0.1488 -1.8294 0.004612 0.1865 -1.8295 0.0079403 0.18643 -1.8265 0.0030661 0.18664 -1.8236 0.0048485 0.1867 -1.8238 0.0081768 0.18662 -1.8267 0.0097227 0.18648 -1.8306 0.0074701 0.22446 -1.8307 0.010081 0.22429 -1.8283 0.006258 0.22464 -1.8261 0.007658 0.22465 -1.8262 0.010269 0.22448 -1.8285 0.011481 0.2243 -1.8426 0.017517 -0.0024562 -1.8284 0.0088692 0.22447 -1.8367 0.013933 0.041445 -1.8368 0.012634 0.039957 -1.8318 -0.0062876 0.056104 -1.8317 -0.0051613 0.057393 -1.8348 0.01289 0.039673 -1.8301 -0.0060654 0.055858 -1.8348 0.014189 0.04116 -1.83 -0.00494 0.057147 -1.8276 -0.021749 0.06933 -1.8276 -0.020798 0.070421 -1.8262 -0.021563 0.069121 -1.8262 -0.02061 0.070212 -1.8332 0.012624 0.068602 -1.8323 0.010329 0.069989 -1.8267 0.028246 0.095111 -1.8274 0.030234 0.093909 -1.8297 0.010789 0.069106 -1.8244 0.028645 0.094346 -1.8305 0.013083 0.06772 -1.8251 0.030633 0.093145 -1.822 0.042938 0.11564 -1.8226 0.044621 0.11462 -1.8201 0.043275 0.11499 -1.8207 0.044958 0.11397 -1.8296 0.010758 0.09532 -1.8283 0.0078726 0.096417 -1.8625 0.0005064 0.11731 -1.8636 0.0030069 0.11636 -1.827 0.0094843 0.09905 -1.8614 0.0019035 0.11959 -1.8283 0.012369 0.097953 -1.8625 0.0044041 0.11864 -1.8905 -0.0054655 0.13443 -1.8915 -0.0033493 0.13362 -1.8896 -0.0042839 0.13636 -1.8905 -0.0021677 0.13555 -1.8279 0.0093613 0.1272 -1.8275 0.0063953 0.12562 -1.8031 -0.0049524 0.15304 -1.8034 -0.0023813 0.15441 -1.8249 0.0076923 0.1239 -1.8008 -0.003828 0.15155 -1.8253 0.010659 0.12548 -1.8012 -0.0012569 0.15292 -1.7831 -0.014185 0.17547 -1.7834 -0.01201 0.17663 -1.7812 -0.013233 0.17421 -1.7815 -0.011059 0.17536 -1.827 0.0076771 0.15243 -1.8273 0.005928 0.15466 -1.8377 0.030197 0.17161 -1.8375 0.031713 0.16969 -1.8246 0.0065126 0.15548 -1.8354 0.030704 0.17233 -1.8243 0.0082617 0.15326 -1.8351 0.03222 0.1704 -1.8462 0.050083 0.18547 -1.846 0.051366 0.18384 -1.8443 0.050511 0.18608 -1.844 0.051795 0.18444 -1.8276 0.007061 0.18295 -1.8273 0.0058117 0.18156 -1.8284 -0.0094852 0.19498 -1.8286 -0.0084028 0.19619 -1.8254 0.0059071 0.18183 -1.8267 -0.0094032 0.19521 -1.8257 0.0071554 0.18322 -1.827 -0.0083208 0.19642 -1.8292 -0.021984 0.20598 -1.8294 -0.021069 0.207 -1.8278 -0.021915 0.20618 -1.828 -0.020999 0.2072 -1.8285 0.0083942 0.21119 -1.828 0.0071754 0.21128 -1.8192 0.012334 0.22385 -1.8196 0.013391 0.22376 -1.827 0.0075626 0.21046 -1.8183 0.012671 0.22313 -1.8275 0.0087824 0.21036 -1.8188 0.013726 0.22305 -1.8119 0.016574 0.23412 -1.8124 0.017468 0.23405 -1.8112 0.016859 0.23351 -1.8116 0.017753 0.23344 -1.8305 0.011224 0.10375 -1.8287 0.0062218 0.10439 -1.8491 0.0040731 0.13963 -1.8505 0.0078926 0.13914 -1.8244 0.0081129 0.10701 -1.8459 0.005517 0.14163 -1.8262 0.013115 0.10637 -1.8473 0.0093374 0.14114 -1.8696 0.0018616 0.17485 -1.8706 0.00459 0.1745 -1.8673 0.0028934 0.17628 -1.8683 0.0056219 0.17593 -1.869 0.0037413 0.17539 -1.5322 0.020911 -0.0025924 -1.5342 0.028402 -0.0032684 -1.541 0.029943 0.040958 -1.5392 0.02322 0.041427 -1.5416 0.03035 -0.0044654 -1.5477 0.031689 0.039971 -1.5471 0.024805 -0.0049866 -1.5526 0.026714 0.039453 -1.5451 0.017314 -0.0043106 -1.5507 0.019992 0.039922 -1.5376 0.015367 -0.0031135 -1.5441 0.018245 0.040909 -1.5471 0.029891 0.085005 -1.5455 0.023941 0.085278 -1.5531 0.031438 0.084352 -1.5574 0.027036 0.08397 -1.5557 0.021086 0.084242 -1.5498 0.019539 0.084896 -1.5511 0.030129 0.12886 -1.5496 0.024956 0.12908 -1.5562 0.031474 0.12858 -1.56 0.027645 0.12852 -1.5586 0.022471 0.12874 -1.5534 0.021128 0.12902 -1.5521 0.031146 0.17283 -1.5509 0.026749 0.17293 -1.5565 0.032284 0.17289 -1.5597 0.029024 0.17304 -1.5585 0.024627 0.17314 -1.5541 0.023489 0.17308 -1.5505 0.031239 0.21699 -1.5495 0.027617 0.21684 -1.5541 0.032167 0.21728 -1.5568 0.029475 0.21741 -1.5557 0.025855 0.21725 -1.5521 0.024926 0.21697 -1.547 0.02794 0.2611 -1.5462 0.025099 0.26085 -1.5499 0.028666 0.26142 -1.5519 0.026551 0.26148 -1.5512 0.023711 0.26123 -1.5483 0.022985 0.26091 -1.5396 0.022859 -0.0037895 -1.5491 0.025826 0.26117 -1.5454 0.024703 0.047615 -1.5458 0.026162 0.045906 -1.5556 0.045444 0.06525 -1.5553 0.04418 0.066732 -1.5479 0.025376 0.045637 -1.5574 0.044764 0.065017 -1.5475 0.023918 0.047346 -1.5571 0.0435 0.066498 -1.5637 0.061193 0.081095 -1.5634 0.060124 0.082348 -1.5652 0.060618 0.080897 -1.5649 0.059548 0.082151 -1.5487 0.024884 0.079392 -1.5502 0.027161 0.081081 -1.5508 0.0056944 0.11019 -1.5495 0.0037212 0.10872 -1.553 0.025978 0.080135 -1.5532 0.0046692 0.10937 -1.5515 0.023702 0.078446 -1.5519 0.002696 0.1079 -1.5513 -0.011911 0.13397 -1.5502 -0.013581 0.13273 -1.5534 -0.012779 0.13328 -1.5523 -0.014448 0.13204 -1.5521 0.02567 0.11067 -1.5542 0.028481 0.11205 -1.5178 0.045223 0.13535 -1.5159 0.042788 0.13416 -1.5551 0.026346 0.11513 -1.5186 0.043373 0.13802 -1.553 0.023536 0.11375 -1.5167 0.040936 0.13682 -1.488 0.058861 0.15444 -1.4864 0.0568 0.15343 -1.4886 0.057296 0.1567 -1.487 0.055234 0.15568 -1.5531 0.026375 0.14789 -1.5544 0.029547 0.14612 -1.5831 0.035309 0.17911 -1.582 0.032559 0.18064 -1.557 0.027463 0.14418 -1.5854 0.033503 0.17743 -1.5557 0.024291 0.14595 -1.5843 0.030754 0.17896 -1.6067 0.039959 0.2061 -1.6057 0.037633 0.2074 -1.6086 0.038431 0.20467 -1.6076 0.036105 0.20597 -1.5536 0.027666 0.17734 -1.5536 0.029643 0.17995 -1.5352 0.0054846 0.19887 -1.5352 0.0037708 0.19661 -1.5564 0.028292 0.18099 -1.5376 0.0043144 0.19977 -1.5564 0.026315 0.17838 -1.5376 0.0026007 0.19751 -1.5202 -0.014321 0.21434 -1.5202 -0.015771 0.21242 -1.5223 -0.015311 0.2151 -1.5222 -0.016762 0.21318 -1.552 0.028111 0.21287 -1.5527 0.029432 0.21129 -1.555 0.046348 0.22718 -1.5544 0.045203 0.22855 -1.5547 0.028836 0.21166 -1.5567 0.045831 0.2275 -1.554 0.027515 0.21325 -1.5562 0.044687 0.22888 -1.5569 0.060164 0.2402 -1.5564 0.059196 0.24136 -1.5584 0.059728 0.24048 -1.5579 0.05876 0.24164 -1.5496 0.026546 0.2457 -1.5505 0.027737 0.24585 -1.5584 0.01962 0.26069 -1.5576 0.018587 0.26056 -1.5515 0.027064 0.24492 -1.5592 0.019037 0.25988 -1.5506 0.025873 0.24477 -1.5584 0.018004 0.25975 -1.5648 0.012957 0.27282 -1.5641 0.012083 0.27271 -1.5655 0.012464 0.27214 -1.5649 0.011589 0.27202 -1.5507 0.025287 0.12045 -1.5539 0.030301 0.12135 -1.5307 0.037554 0.16173 -1.5282 0.033725 0.16104 -1.558 0.027081 0.12451 -1.5338 0.035096 0.16415 -1.5547 0.022068 0.12361 -1.5313 0.031267 0.16346 -1.5075 0.044882 0.20209 -1.5057 0.042147 0.2016 -1.5097 0.043126 0.20382 -1.5079 0.040391 0.20333 -1.5077 0.042637 0.20271 -1.2053 -0.0061455 -0.0057149 -1.2093 -0.0031986 -0.0059455 -1.2081 0.00025368 0.020949 -1.2045 -0.0023737 0.021251 -1.2139 -0.0052013 -0.0054405 -1.2122 -0.001543 0.021392 -1.2144 -0.010151 -0.004705 -1.2127 -0.0059671 0.022139 -1.2104 -0.013098 -0.0044745 -1.209 -0.0085945 0.022441 -1.2058 -0.011095 -0.0049794 -1.2049 -0.0067978 0.021997 -1.2076 0.0049162 0.04783 -1.2043 0.0026035 0.048174 -1.2112 0.0033255 0.0482 -1.2116 -0.00057983 0.048913 -1.2084 -0.0028934 0.049256 -1.2047 -0.0013018 0.048886 -1.2071 0.0092707 0.074937 -1.2043 0.0072393 0.075129 -1.2103 0.007884 0.075228 -1.2106 0.0044661 0.075712 -1.2078 0.0024338 0.075904 -1.2046 0.0038214 0.075613 -1.206 0.011595 0.10223 -1.2036 0.0098476 0.1022 -1.2087 0.010413 0.10245 -1.209 0.0074854 0.10264 -1.2067 0.0057383 0.10261 -1.204 0.0069189 0.10239 -1.2042 0.01144 0.12956 -1.2022 0.0099993 0.12941 -1.2064 0.010466 0.12971 -1.2067 0.008049 0.12972 -1.2047 0.006608 0.12957 -1.2025 0.0075827 0.12941 -1.2021 0.0099945 0.15682 -1.2006 0.0088625 0.15667 -1.2039 0.0092278 0.15694 -1.2041 0.007328 0.1569 -1.2026 0.006197 0.15675 -1.2008 0.0069637 0.15664 -1.2099 -0.0081482 -0.00521 -1.2023 0.0080957 0.15679 -1.2076 -0.0030308 0.025681 -1.209 -0.0027189 0.025985 -1.2081 -0.01236 0.038932 -1.2069 -0.01263 0.038668 -1.2094 -0.0038586 0.025227 -1.2084 -0.013348 0.038275 -1.208 -0.0041704 0.024922 -1.2072 -0.013618 0.038011 -1.2073 -0.020265 0.049512 -1.2063 -0.020494 0.049289 -1.2076 -0.021101 0.048956 -1.2066 -0.02133 0.048732 -1.2073 0.0014343 0.048297 -1.209 0.0023222 0.049317 -1.1926 0.019786 0.059962 -1.1911 0.019015 0.059079 -1.2086 0.00097656 0.050939 -1.1923 0.01862 0.061368 -1.207 8.8692e-05 0.04992 -1.1908 0.017849 0.060485 -1.1791 0.034046 0.06868 -1.1779 0.033395 0.067932 -1.1789 0.033059 0.069869 -1.1777 0.032408 0.069122 -1.2061 0.0061998 0.074767 -1.2081 0.0072184 0.073517 -1.2247 0.0053577 0.096377 -1.223 0.0044756 0.09746 -1.2088 0.0049238 0.072849 -1.2253 0.0033703 0.095798 -1.2069 0.0039062 0.074099 -1.2237 0.0024881 0.096882 -1.2383 0.0037966 0.11509 -1.2369 0.0030499 0.116 -1.2388 0.0021143 0.1146 -1.2375 0.0013676 0.11551 -1.2054 0.0086622 0.097053 -1.2065 0.0096884 0.098749 -1.1842 -0.00030136 0.11753 -1.1833 -0.0011921 0.11606 -1.2076 0.0077705 0.099146 -1.1852 -0.0019646 0.11787 -1.2066 0.0067434 0.09745 -1.1843 -0.0028543 0.1164 -1.166 -0.0085115 0.13287 -1.1652 -0.0092649 0.13163 -1.1668 -0.0099182 0.13317 -1.1661 -0.010672 0.13192 -1.204 0.0093164 0.12207 -1.2055 0.0092554 0.12165 -1.2084 0.025128 0.12921 -1.2071 0.025181 0.12958 -1.2059 0.0085449 0.12294 -1.2087 0.024512 0.13033 -1.2044 0.0086069 0.12336 -1.2075 0.024566 0.1307 -1.2108 0.038107 0.13542 -1.2097 0.038152 0.13573 -1.2111 0.037586 0.13636 -1.21 0.037631 0.13668 -1.2026 0.0086737 0.14738 -1.2035 0.0089293 0.14721 -1.2066 0.0027514 0.15454 -1.2058 0.0025301 0.15469 -1.2036 0.0081863 0.14659 -1.2067 0.0021067 0.154 -1.2027 0.0079298 0.14677 -1.2059 0.0018854 0.15416 -1.2092 -0.0023155 0.16053 -1.2085 -0.0025034 0.16066 -1.2092 -0.002861 0.16008 -1.2085 -0.0030489 0.16021 -1.2061 0.00084591 0.041919 -1.2094 0.0024681 0.04327 -1.1985 0.010349 0.058111 -1.196 0.0091105 0.057079 -1.21 -0.00070286 0.045425 -1.1989 0.0079279 0.059756 -1.2068 -0.0023251 0.044073 -1.1964 0.0066891 0.058724 -1.1875 0.018274 0.072944 -1.1858 0.01739 0.072207 -1.1879 0.016545 0.074119 -1.1861 0.01566 0.073382 -1.1868 0.016968 0.073163 -0.9185 0.027212 -0.0058215 -0.92126 0.021036 -0.0060704 -0.9198 0.019335 0.032854 -0.91732 0.024864 0.033217 -0.91729 0.015562 -0.0063843 -0.91624 0.014426 0.03256 -0.91055 0.016263 -0.0064494 -0.9102 0.015047 0.032627 -0.90779 0.022439 -0.0062005 -0.90772 0.020576 0.032989 -0.91176 0.027913 -0.0058865 -0.91128 0.025485 0.033284 -0.91973 0.01642 0.071927 -0.91754 0.021304 0.072357 -0.91659 0.012078 0.071634 -0.91124 0.012619 0.07177 -0.90905 0.017503 0.0722 -0.91219 0.021845 0.072494 -0.91919 0.013472 0.11124 -0.91728 0.017729 0.11146 -0.91646 0.009696 0.11094 -0.91181 0.010176 0.11086 -0.9099 0.014433 0.11108 -0.91263 0.018209 0.11138 -0.91614 0.011873 0.15047 -0.91453 0.015503 0.15039 -0.91382 0.0086632 0.15018 -0.90988 0.0090837 0.14979 -0.90827 0.012713 0.1497 -0.91059 0.015923 0.15 -0.91006 0.011973 0.18934 -0.90876 0.014965 0.18908 -0.90815 0.0093307 0.18906 -0.90494 0.0096798 0.18852 -0.90364 0.012671 0.18827 -0.90555 0.015315 0.18855 -0.90239 0.012785 0.22788 -0.90138 0.015138 0.22763 -0.90089 0.010708 0.22764 -0.89838 0.010983 0.22716 -0.89736 0.013335 0.22692 -0.89886 0.015412 0.22715 -0.91453 0.021738 -0.0061354 -0.89988 0.01306 0.2274 -0.91458 0.020588 0.03893 -0.91454 0.018658 0.039243 -0.89926 0.02156 0.055657 -0.8993 0.023232 0.055386 -0.91312 0.018485 0.037873 -0.89803 0.02141 0.05447 -0.91316 0.020415 0.037561 -0.89807 0.023083 0.054199 -0.88674 0.023955 0.069066 -0.88678 0.025371 0.068837 -0.8857 0.023829 0.068062 -0.88573 0.025244 0.067833 -0.91518 0.017769 0.071896 -0.91564 0.015229 0.073303 -0.9403 0.030728 0.094193 -0.9399 0.032929 0.092974 -0.91361 0.015913 0.075359 -0.93853 0.031321 0.095975 -0.91315 0.018454 0.073953 -0.93814 0.033523 0.094756 -0.96044 0.043448 0.11129 -0.96011 0.045311 0.11026 -0.95895 0.04395 0.1128 -0.95861 0.045813 0.11177 -0.9155 0.015608 0.11048 -0.9166 0.012921 0.10868 -0.9043 -0.010302 0.13841 -0.90336 -0.0079737 0.13998 -0.91357 0.012658 0.10715 -0.90168 -0.01053 0.13709 -0.91248 0.015345 0.10896 -0.90073 -0.0082016 0.13866 -0.89419 -0.029273 0.16275 -0.89339 -0.027303 0.16407 -0.89197 -0.029467 0.16163 -0.89117 -0.027496 0.16295 -0.91371 0.014001 0.14262 -0.91435 0.012152 0.1451 -0.9031 0.042654 0.17252 -0.90254 0.044257 0.17037 -0.91145 0.011116 0.1451 -0.90058 0.041757 0.17252 -0.9108 0.012965 0.14263 -0.90003 0.04336 0.17038 -0.89385 0.06762 0.19492 -0.89338 0.068976 0.19311 -0.89172 0.066861 0.19492 -0.89125 0.068217 0.19311 -0.9091 0.01345 0.17833 -0.90871 0.011565 0.17752 -0.92675 0.0024881 0.19115 -0.92708 0.0041218 0.19186 -0.90739 0.01118 0.17914 -0.9256 0.0021553 0.19256 -0.90777 0.013065 0.17996 -0.92593 0.0037889 0.19327 -0.94149 -0.00492 0.20234 -0.94177 -0.0035372 0.20294 -0.94052 -0.0052013 0.20353 -0.9408 -0.0038195 0.20413 -0.90275 0.013351 0.21418 -0.90287 0.012073 0.21386 -0.89229 0.0091772 0.22253 -0.89219 0.010285 0.2228 -0.90203 0.012238 0.21283 -0.89156 0.0093193 0.22163 -0.90191 0.013516 0.21315 -0.89146 0.010428 0.22191 -0.88363 0.0068254 0.22961 -0.88354 0.0077629 0.22984 -0.88301 0.0069456 0.22885 -0.88293 0.007884 0.22908 -0.91622 0.019996 0.062904 -0.91712 0.015108 0.06472 -0.92687 0.025895 0.088814 -0.92619 0.029627 0.087427 -0.91233 0.015014 0.067019 -0.92322 0.025824 0.090569 -0.91143 0.019901 0.065203 -0.92253 0.029555 0.089183 -0.93668 0.036638 0.1129 -0.93619 0.039305 0.11191 -0.93407 0.036588 0.11416 -0.93358 0.039253 0.11317 -0.93513 0.037946 0.11304 -0.60863 0.016901 -0.0060562 -0.60521 0.010342 -0.0058866 -0.60244 0.013229 0.034325 -0.60551 0.019114 0.034215 -0.59783 0.010005 -0.0063015 -0.59583 0.012927 0.03395 -0.59387 0.016228 -0.0068859 -0.59227 0.018509 0.033465 -0.59729 0.022788 -0.0070554 -0.59534 0.024393 0.033355 -0.60467 0.023125 -0.0066406 -0.60195 0.024695 0.03373 -0.59966 0.015531 0.074694 -0.60237 0.020733 0.074536 -0.5938 0.015263 0.074355 -0.59066 0.020198 0.073858 -0.59338 0.0254 0.0737 -0.59923 0.025668 0.074039 -0.59673 0.019488 0.11505 -0.5991 0.023997 0.11472 -0.59164 0.019255 0.11475 -0.58892 0.02353 0.11411 -0.59129 0.028039 0.11378 -0.59639 0.028273 0.11408 -0.59364 0.025544 0.15511 -0.59566 0.029365 0.15472 -0.58931 0.025345 0.15484 -0.58701 0.028966 0.15419 -0.58903 0.032786 0.1538 -0.59336 0.032986 0.15407 -0.59045 0.031856 0.19494 -0.59212 0.035012 0.1947 -0.58689 0.031691 0.19471 -0.58499 0.034683 0.19424 -0.58665 0.03784 0.194 -0.59021 0.038005 0.19422 -0.58727 0.035978 0.23496 -0.58858 0.038467 0.23483 -0.58447 0.035849 0.23478 -0.58297 0.038207 0.23447 -0.58427 0.040696 0.23434 -0.58708 0.040826 0.23453 -0.60125 0.016564 -0.006471 -0.58577 0.038337 0.23465 -0.59997 0.019058 0.038975 -0.59815 0.018108 0.038395 -0.6035 -0.00038624 0.052057 -0.60508 0.00043678 0.052559 -0.59714 0.019027 0.040005 -0.60263 0.00040913 0.053452 -0.59896 0.019977 0.040585 -0.6042 0.0012321 0.053955 -0.60789 -0.015496 0.063261 -0.60922 -0.0148 0.063686 -0.60715 -0.014823 0.064441 -0.60848 -0.014127 0.064867 -0.59812 0.020291 0.067152 -0.59626 0.018316 0.066099 -0.56947 0.035814 0.080575 -0.57109 0.037526 0.081488 -0.59595 0.019921 0.063715 -0.5692 0.037206 0.078509 -0.59781 0.021896 0.064769 -0.57082 0.038918 0.079422 -0.54757 0.050175 0.092402 -0.54894 0.051623 0.093175 -0.54735 0.051352 0.090655 -0.54871 0.0528 0.091427 -0.59727 0.02181 0.089677 -0.59547 0.019401 0.091428 -0.62674 0.02137 0.12487 -0.6283 0.023458 0.12336 -0.59363 0.021929 0.09296 -0.62515 0.023561 0.1262 -0.59544 0.024339 0.091209 -0.62671 0.02565 0.12468 -0.65233 0.023041 0.15224 -0.65365 0.024808 0.15095 -0.65098 0.024896 0.15336 -0.6523 0.026663 0.15207 -0.59619 0.024322 0.11827 -0.59449 0.021809 0.11618 -0.57735 0.00020599 0.1551 -0.57882 0.0023842 0.15691 -0.59147 0.023947 0.11605 -0.57473 0.002059 0.15499 -0.59316 0.02646 0.11814 -0.5762 0.0042372 0.1568 -0.56331 -0.017411 0.18696 -0.56455 -0.015569 0.1885 -0.56109 -0.015843 0.18687 -0.56234 -0.014001 0.1884 -0.59454 0.027731 0.1432 -0.59196 0.026016 0.14474 -0.58673 0.060354 0.17263 -0.58897 0.06184 0.17129 -0.58967 0.027482 0.1426 -0.58475 0.061625 0.17077 -0.59225 0.029197 0.14106 -0.58699 0.06311 0.16944 -0.58246 0.088488 0.1954 -0.58435 0.089746 0.19427 -0.58078 0.089563 0.19383 -0.58267 0.09082 0.1927 -0.59187 0.031137 0.16737 -0.58976 0.029387 0.168 -0.61011 0.014062 0.19234 -0.61194 0.015578 0.19179 -0.58882 0.031219 0.16989 -0.6093 0.015649 0.19398 -0.59094 0.032969 0.16926 -0.61114 0.017165 0.19343 -0.62677 0.001565 0.21226 -0.62833 0.0028486 0.2118 -0.62609 0.0029087 0.21365 -0.62764 0.0041924 0.21319 -0.58937 0.034948 0.19537 -0.58855 0.033522 0.19451 -0.56925 0.035508 0.209 -0.56995 0.036744 0.20975 -0.58775 0.034715 0.19333 -0.56856 0.036542 0.20798 -0.58857 0.036141 0.1942 -0.56926 0.037778 0.20873 -0.55346 0.037165 0.22085 -0.55405 0.038211 0.22149 -0.55287 0.038039 0.21999 -0.55346 0.039085 0.22063 -0.58765 0.037075 0.21967 -0.58704 0.036206 0.22064 -0.59565 0.046452 0.2348 -0.59618 0.047205 0.23397 -0.58589 0.037086 0.2207 -0.59466 0.047215 0.23485 -0.58651 0.037956 0.21973 -0.59519 0.047969 0.23402 -0.60269 0.054856 0.24637 -0.60314 0.055493 0.24567 -0.60185 0.055502 0.24642 -0.6023 0.056139 0.24571 -0.59925 0.020939 0.078563 -0.59589 0.016675 0.07667 -0.57298 0.026069 0.097321 -0.57553 0.029325 0.098767 -0.5936 0.020238 0.072823 -0.57123 0.02879 0.094384 -0.59695 0.024501 0.074717 -0.57379 0.032045 0.09583 -0.55005 0.035391 0.11799 -0.55188 0.037717 0.11902 -0.5488 0.037334 0.11589 -0.55063 0.03966 0.11693 -0.55034 0.037526 0.11746 -0.28651 -0.029537 -0.0071158 -0.2851 -0.025473 -0.007684 -0.28491 -0.022531 0.01539 -0.28617 -0.026183 0.015832 -0.28795 -0.02222 -0.0080253 -0.28746 -0.019612 0.01509 -0.29221 -0.023031 -0.0077983 -0.29128 -0.020348 0.015233 -0.29361 -0.027095 -0.0072301 -0.29254 -0.024 0.015675 -0.29076 -0.030349 -0.0068888 -0.28999 -0.026918 0.015975 -0.28538 -0.020269 0.038615 -0.2865 -0.023514 0.038877 -0.28764 -0.017686 0.038365 -0.29102 -0.018347 0.038378 -0.29214 -0.021592 0.03864 -0.28988 -0.024176 0.038889 -0.28659 -0.018842 0.061875 -0.28756 -0.021667 0.062041 -0.28855 -0.016593 0.061678 -0.29149 -0.017169 0.061648 -0.29246 -0.019995 0.061814 -0.2905 -0.022244 0.062011 -0.28759 -0.01751 0.085005 -0.28842 -0.019908 0.08521 -0.28926 -0.015595 0.084858 -0.29176 -0.016078 0.084917 -0.29259 -0.018476 0.085123 -0.29092 -0.020391 0.085269 -0.28725 -0.015295 0.10793 -0.28792 -0.017258 0.10823 -0.28862 -0.013716 0.10783 -0.29067 -0.014098 0.10802 -0.29135 -0.016061 0.10832 -0.28998 -0.01764 0.10842 -0.28517 -0.011838 0.13076 -0.2857 -0.013372 0.13105 -0.28625 -0.010595 0.13069 -0.28786 -0.010887 0.1309 -0.28839 -0.012422 0.13119 -0.2873 -0.013664 0.13127 -0.28936 -0.026284 -0.007457 -0.28678 -0.01213 0.13098 -0.2882 -0.023475 0.01922 -0.28802 -0.022591 0.018379 -0.28721 -0.012835 0.028185 -0.28737 -0.0136 0.028914 -0.28925 -0.022402 0.018312 -0.28828 -0.012671 0.028128 -0.28944 -0.023286 0.019153 -0.28844 -0.013437 0.028857 -0.28656 -0.0048599 0.036219 -0.28669 -0.0055084 0.036835 -0.28746 -0.0047216 0.03617 -0.2876 -0.0053701 0.036787 -0.28828 -0.021029 0.053879 -0.28862 -0.019022 0.054421 -0.30465 -0.027001 0.071493 -0.30435 -0.02874 0.071023 -0.29022 -0.018897 0.053094 -0.30604 -0.026894 0.070343 -0.28988 -0.020904 0.052552 -0.30574 -0.028632 0.069873 -0.31778 -0.033553 0.085439 -0.31753 -0.035025 0.085041 -0.31895 -0.033462 0.084466 -0.3187 -0.034933 0.084068 -0.28926 -0.018583 0.087792 -0.28927 -0.01678 0.08773 -0.27762 -0.01645 0.10245 -0.27762 -0.018013 0.10251 -0.2907 -0.016755 0.088793 -0.27886 -0.016428 0.10337 -0.29069 -0.018558 0.088855 -0.27885 -0.017991 0.10343 -0.26811 -0.016201 0.11451 -0.2681 -0.017524 0.11456 -0.26916 -0.016183 0.11529 -0.26915 -0.017505 0.11534 -0.28741 -0.01365 0.12321 -0.28724 -0.013013 0.12269 -0.2923 -0.0065136 0.12866 -0.29245 -0.0070658 0.12911 -0.28796 -0.013165 0.12229 -0.29293 -0.0066452 0.12831 -0.28813 -0.013801 0.12281 -0.29308 -0.0071964 0.12876 -0.29646 -0.0012054 0.13355 -0.29659 -0.0016727 0.13392 -0.29699 -0.001317 0.13325 -0.29711 -0.0017834 0.13363 -0.018438 -0.022407 -0.0078887 -0.01151 -0.022567 -0.0083021 -0.0095682 -0.023657 0.028869 -0.01577 -0.02352 0.029372 -0.0078921 -0.016643 -0.0082639 -0.0063238 -0.018345 0.028891 -0.011201 -0.010558 -0.0078123 -0.0092816 -0.012895 0.029416 -0.018129 -0.010398 -0.0073989 -0.015483 -0.012756 0.029919 -0.021747 -0.016322 -0.0074371 -0.018728 -0.018069 0.029897 -0.005928 -0.025598 0.066082 -0.011405 -0.025478 0.066632 -0.003058 -0.020897 0.066069 -0.0056648 -0.016078 0.066606 -0.011142 -0.015959 0.067156 -0.014012 -0.020659 0.067169 -0.0024357 -0.027096 0.10356 -0.0072126 -0.026981 0.10389 6.0558e-05 -0.023008 0.10351 -0.0022206 -0.018806 0.10379 -0.0069971 -0.018691 0.10412 -0.0094934 -0.022779 0.10417 -0.0012112 -0.026744 0.14115 -0.0052824 -0.026645 0.14117 0.00091076 -0.023269 0.14106 -0.0010395 -0.019693 0.14099 -0.0051107 -0.019594 0.14101 -0.0072322 -0.023069 0.1411 -0.0027895 -0.024181 0.1786 -0.0061398 -0.024109 0.17844 -0.0010424 -0.021319 0.1785 -0.0026455 -0.018384 0.17823 -0.0059958 -0.018312 0.17808 -0.0077429 -0.021174 0.17818 -0.0056739 -0.02037 0.21587 -0.0083055 -0.020317 0.2157 -0.0043006 -0.01812 0.21578 -0.005559 -0.015817 0.21551 -0.0081902 -0.015764 0.21534 -0.0095634 -0.018015 0.21544 -0.01482 -0.016482 -0.0078505 -0.0069323 -0.018067 0.21561 -0.012663 -0.019713 0.035046 -0.010845 -0.018939 0.035358 -0.019209 -0.0069857 0.052139 -0.020785 -0.007658 0.051868 -0.011271 -0.01742 0.034165 -0.019578 -0.0056696 0.051105 -0.013089 -0.018195 0.033853 -0.021154 -0.0063419 0.050834 -0.02608 0.0028028 0.06585 -0.027413 0.0022345 0.065621 -0.026392 0.0039158 0.064975 -0.027725 0.0033474 0.064746 -0.0089917 -0.021832 0.066394 -0.0063744 -0.021379 0.067712 -0.010889 -0.052421 0.08561 -0.013157 -0.052814 0.084468 -0.0077729 -0.019894 0.069822 -0.012101 -0.051133 0.087439 -0.01039 -0.020347 0.068504 -0.014369 -0.051526 0.086296 -0.014631 -0.077806 0.10026 -0.016551 -0.078138 0.099298 -0.015656 -0.076716 0.10181 -0.017576 -0.077049 0.10084 -0.0059237 -0.024394 0.10311 -0.0029936 -0.024222 0.10132 0.014863 -0.0058889 0.13071 0.012323 -0.0060377 0.13226 -0.0039673 -0.02114 0.1001 0.014019 -0.0032177 0.12965 -0.0068979 -0.021312 0.10189 0.011479 -0.0033665 0.1312 0.029426 0.0091467 0.15475 0.027277 0.0090208 0.15607 0.028711 0.011407 0.15386 0.026562 0.011281 0.15517 -0.0043602 -0.02466 0.13385 -0.0022988 -0.02474 0.13616 -0.034965 -0.028321 0.16295 -0.036752 -0.028253 0.16094 -0.002459 -0.021589 0.13639 -0.035104 -0.025591 0.16315 -0.0045209 -0.02151 0.13408 -0.036891 -0.025522 0.16114 -0.061718 -0.031212 0.18484 -0.063231 -0.031154 0.18314 -0.061836 -0.028902 0.18501 -0.063348 -0.028844 0.18331 -0.0048213 -0.022965 0.16819 -0.0032063 -0.021796 0.16746 0.012785 -0.036345 0.17911 0.011385 -0.037358 0.17974 -0.0033236 -0.020528 0.16911 0.012683 -0.035246 0.18054 -0.0049386 -0.021697 0.16984 0.011283 -0.03626 0.18117 0.025847 -0.048248 0.18866 0.024663 -0.049106 0.1892 0.025761 -0.047318 0.18987 0.024577 -0.048175 0.19041 -0.0063872 -0.019827 0.2028 -0.005137 -0.019411 0.2025 -0.0063443 -0.0089922 0.21158 -0.0074282 -0.0093536 0.21184 -0.0056481 -0.018597 0.20158 -0.0067873 -0.0082865 0.21078 -0.0068984 -0.019013 0.20188 -0.0078712 -0.0086479 0.21104 -0.0073538 -0.00046349 0.21899 -0.0082707 -0.00076866 0.21922 -0.0077286 0.00013351 0.21832 -0.0086455 -0.00017166 0.21854 -0.0109 -0.022964 0.057742 -0.0058799 -0.022032 0.05943 -0.011706 -0.03742 0.081551 -0.01554 -0.038132 0.080261 -0.007618 -0.017659 0.061987 -0.013033 -0.034081 0.083503 -0.012639 -0.018591 0.060299 -0.016867 -0.034793 0.082214 -0.017471 -0.052839 0.10366 -0.02021 -0.053348 0.10274 -0.018419 -0.050454 0.10506 -0.021158 -0.050963 0.10414 -0.019314 -0.051901 0.1039 0.29804 0.0002079 -0.0072522 0.30472 -0.0026731 -0.00782 0.30814 -0.0022526 0.032191 0.30214 0.00032902 0.032576 0.31055 0.0016928 -0.0082343 0.31337 0.0016632 0.031897 0.3097 0.0089397 -0.0080808 0.3126 0.0081606 0.031989 0.30302 0.01182 -0.0075131 0.3066 0.010742 0.032374 0.29719 0.0074549 -0.0070987 0.30137 0.0068264 0.032667 0.30998 -0.0014143 0.072006 0.30466 0.00086784 0.072218 0.31462 0.0020504 0.071944 0.31393 0.0077982 0.072094 0.30862 0.01008 0.072306 0.30398 0.0066156 0.072368 0.31077 -0.0022955 0.11145 0.30615 -0.00031567 0.11161 0.31481 0.00071239 0.11165 0.31421 0.0056992 0.11203 0.30959 0.007678 0.11219 0.30555 0.0046711 0.11199 0.31045 -0.0057354 0.1507 0.30651 -0.004056 0.15076 0.31387 -0.0031948 0.15114 0.31335 0.0010262 0.15164 0.30941 0.0027056 0.1517 0.30599 0.00016403 0.15126 0.30786 -0.010607 0.1899 0.30463 -0.009203 0.18974 0.31066 -0.0085344 0.19048 0.31022 -0.0050583 0.19089 0.30699 -0.0036554 0.19073 0.30419 -0.0057268 0.19015 0.30172 -0.014826 0.22895 0.29919 -0.013707 0.2287 0.3039 -0.013206 0.22948 0.30357 -0.010469 0.22977 0.30104 -0.0093508 0.22953 0.29885 -0.01097 0.229 0.30387 0.0045738 -0.0076665 0.30138 -0.012088 0.22924 0.30665 0.0034924 0.03864 0.30798 0.0030222 0.037119 0.32708 -0.0027456 0.054877 0.32593 -0.0023384 0.056195 0.30864 0.005022 0.037089 0.32765 -0.0010128 0.054851 0.30731 0.0054913 0.03861 0.3265 -0.00060558 0.056169 0.3427 -0.0074348 0.069424 0.34173 -0.0070906 0.070539 0.34319 -0.005969 0.069402 0.34221 -0.0056238 0.070517 0.30744 0.0031061 0.067249 0.30992 0.0027227 0.068848 0.29346 0.013367 0.095276 0.29131 0.013698 0.09389 0.31074 0.0055408 0.068291 0.29417 0.015808 0.094793 0.30826 0.0059233 0.066692 0.29202 0.01614 0.093407 0.27997 0.022113 0.11687 0.27815 0.022394 0.1157 0.28057 0.024179 0.11646 0.27875 0.02446 0.11529 0.30881 0.0025558 0.09542 0.31208 0.002368 0.096793 0.3021 -0.035847 0.11383 0.29926 -0.035685 0.11264 0.31092 0.0040092 0.099662 0.30109 -0.034425 0.11632 0.30765 0.0041962 0.098289 0.29825 -0.034263 0.11513 0.29387 -0.067092 0.12779 0.29147 -0.066955 0.12678 0.29302 -0.065888 0.12989 0.29062 -0.065751 0.12889 0.30848 -0.00018883 0.12866 0.31162 -0.00097561 0.12714 0.3314 0.013835 0.15909 0.32868 0.014517 0.16041 0.31169 0.0022907 0.12569 0.33146 0.016665 0.15784 0.30855 0.0030775 0.12722 0.32874 0.017347 0.15916 0.34755 0.026002 0.18524 0.34525 0.026579 0.18635 0.3476 0.028397 0.18417 0.3453 0.028974 0.18529 0.3086 -0.0029783 0.15493 0.30996 -0.0043373 0.15722 0.2808 -0.0050879 0.17286 0.27962 -0.0039101 0.17087 0.31055 -0.0016241 0.15843 0.28131 -0.002737 0.17391 0.30919 -0.00026608 0.15614 0.28013 -0.0015593 0.17192 0.25693 -0.0056524 0.18564 0.25594 -0.0046558 0.18396 0.25736 -0.0036631 0.18653 0.25637 -0.0026665 0.18485 0.30662 -0.0073299 0.18643 0.30804 -0.0074873 0.18506 0.32115 -0.01704 0.19909 0.31992 -0.016904 0.20028 0.30878 -0.0056963 0.18559 0.32179 -0.015488 0.19955 0.30736 -0.005538 0.18697 0.32056 -0.015351 0.20074 0.33187 -0.024833 0.21059 0.33083 -0.024717 0.2116 0.33241 -0.02352 0.21098 0.33137 -0.023403 0.21199 0.30278 -0.010888 0.21549 0.30419 -0.010924 0.21568 0.30229 -0.0016708 0.2298 0.30107 -0.0016394 0.22963 0.30433 -0.0097189 0.21496 0.30241 -0.00062561 0.22918 0.30292 -0.0096827 0.21476 0.30118 -0.00059414 0.229 0.30071 0.0059166 0.24134 0.29968 0.0059423 0.24119 0.30081 0.0068007 0.24081 0.29978 0.0068274 0.24066 0.30732 0.000947 0.10401 0.31287 0.00030994 0.10502 0.30302 -0.02415 0.13869 0.29878 -0.023664 0.13792 0.31279 0.0049067 0.10828 0.30296 -0.020639 0.14118 0.30724 0.0055437 0.10727 0.29872 -0.020153 0.14041 0.29322 -0.048656 0.17235 0.29019 -0.048309 0.1718 0.29317 -0.046149 0.17413 0.29015 -0.045802 0.17358 0.29168 -0.04723 0.17296 0.60368 0.018026 -0.0074742 0.60012 0.019489 -0.007493 0.59987 0.018593 0.014529 0.60306 0.017282 0.014482 0.59708 0.017142 -0.0075939 0.59714 0.016487 0.014444 0.59759 0.01333 -0.0076758 0.5976 0.013071 0.014313 0.60115 0.011867 -0.0076569 0.60079 0.011761 0.014266 0.60419 0.014215 -0.0075561 0.60352 0.013866 0.01435 0.6002 0.017062 0.036585 0.60302 0.015908 0.03642 0.59778 0.015199 0.036525 0.59818 0.012182 0.036301 0.601 0.011028 0.036136 0.60342 0.012892 0.036196 0.60122 0.014848 0.058547 0.60367 0.013847 0.058346 0.59912 0.013227 0.058515 0.59947 0.010606 0.058281 0.60192 0.0096054 0.058079 0.60402 0.011227 0.058112 0.60232 0.012813 0.080386 0.60441 0.011957 0.080276 0.60054 0.011435 0.080378 0.60083 0.009201 0.08026 0.60292 0.0083447 0.080149 0.60471 0.0097237 0.080157 0.6027 0.012023 0.1022 0.60442 0.011316 0.10223 0.60123 0.010887 0.10221 0.60148 0.0090446 0.10225 0.6032 0.008338 0.10228 0.60467 0.0094738 0.10227 0.60207 0.012827 0.12414 0.60342 0.012274 0.12422 0.60091 0.011934 0.12415 0.60111 0.010488 0.12424 0.60246 0.0099344 0.12432 0.60361 0.010827 0.12431 0.60064 0.015678 -0.007575 0.60226 0.01138 0.12423 0.60091 0.015433 0.017865 0.60006 0.015682 0.017181 0.59251 0.016347 0.027511 0.59325 0.016131 0.028105 0.59982 0.014603 0.017079 0.5923 0.015411 0.027424 0.60068 0.014354 0.017764 0.59304 0.015196 0.028017 0.58634 0.016875 0.035971 0.58697 0.016692 0.036473 0.58617 0.016084 0.035897 0.58679 0.015901 0.036399 0.60225 0.01367 0.050709 0.60052 0.013431 0.051422 0.60841 -0.0020046 0.065816 0.60991 -0.0017967 0.065197 0.60019 0.012093 0.050112 0.60813 -0.0031643 0.06468 0.60192 0.012332 0.049398 0.60962 -0.0029573 0.064061 0.61488 -0.014647 0.077568 0.61615 -0.014471 0.077044 0.61464 -0.015628 0.076607 0.61591 -0.015452 0.076083 0.60346 0.011141 0.082807 0.60187 0.011224 0.082947 0.60367 0.020763 0.097386 0.60505 0.020692 0.097265 0.60188 0.0099049 0.08388 0.60368 0.019621 0.098195 0.60347 0.0098228 0.08374 0.60506 0.019549 0.098074 0.60517 0.028552 0.10921 0.60634 0.028492 0.10911 0.60518 0.027585 0.10989 0.60634 0.027525 0.10979 0.60278 0.011154 0.11673 0.60218 0.011365 0.11632 0.5968 0.0068827 0.1224 0.59732 0.0066996 0.12276 0.60224 0.010743 0.1159 0.59685 0.0063429 0.12203 0.60284 0.010531 0.1163 0.59737 0.0061598 0.12239 0.5924 0.0032043 0.12738 0.59285 0.0030489 0.12768 0.59244 0.0027475 0.12706 0.59289 0.002593 0.12736 0.91046 -0.029245 -0.0066487 0.908 -0.024606 -0.006891 0.91012 -0.022332 0.023276 0.91233 -0.026482 0.023601 0.90277 -0.024382 -0.0064823 0.90542 -0.022131 0.023632 0.89999 -0.028796 -0.0058312 0.90294 -0.02608 0.024313 0.90245 -0.033436 -0.0055889 0.90515 -0.03023 0.024638 0.90768 -0.03366 -0.0059976 0.90985 -0.03043 0.024282 0.91218 -0.018621 0.053455 0.91414 -0.022284 0.053827 0.90802 -0.018445 0.053744 0.90583 -0.02193 0.054406 0.90779 -0.025592 0.054778 0.91194 -0.025768 0.054489 0.91401 -0.015167 0.083874 0.91571 -0.018367 0.084078 0.91039 -0.015014 0.084092 0.90847 -0.018061 0.084514 0.91017 -0.02126 0.084719 0.91378 -0.021414 0.084501 0.91546 -0.013891 0.11444 0.91689 -0.016623 0.11441 0.91239 -0.013762 0.1146 0.91074 -0.016365 0.11471 0.91217 -0.019096 0.11467 0.91524 -0.019226 0.11452 0.91648 -0.015283 0.14499 0.91765 -0.01753 0.14482 0.91394 -0.015178 0.14509 0.91257 -0.01732 0.14501 0.91375 -0.019567 0.14484 0.91628 -0.019672 0.14474 0.91713 -0.018002 0.17543 0.91805 -0.019766 0.17526 0.91514 -0.017919 0.1755 0.91406 -0.0196 0.17539 0.91498 -0.021364 0.17522 0.91698 -0.021447 0.17515 0.90522 -0.02902 -0.00624 0.91606 -0.019683 0.17533 0.909 -0.025729 0.028464 0.90784 -0.024805 0.028787 0.90397 -0.034461 0.04295 0.90498 -0.035262 0.04267 0.90693 -0.025663 0.027895 0.90318 -0.035204 0.042177 0.90809 -0.026587 0.027572 0.90418 -0.036005 0.041897 0.90081 -0.042382 0.054524 0.90166 -0.04306 0.054287 0.90014 -0.043012 0.053869 0.90099 -0.04369 0.053632 0.91083 -0.022026 0.053869 0.90965 -0.020438 0.055004 0.93281 -0.011763 0.067778 0.93383 -0.013138 0.066795 0.9093 -0.021875 0.056778 0.93251 -0.013008 0.069316 0.91048 -0.023463 0.055644 0.93353 -0.014384 0.068333 0.95177 -0.0047007 0.078238 0.95263 -0.0058651 0.077407 0.95151 -0.0057545 0.07954 0.95238 -0.0069189 0.078708 0.91348 -0.018475 0.083603 0.91219 -0.016625 0.082202 0.89521 -0.01106 0.10734 0.89633 -0.012662 0.10855 0.91045 -0.01842 0.081368 0.8937 -0.012614 0.10662 0.91173 -0.020269 0.082768 0.89481 -0.014217 0.10783 0.88131 -0.0065489 0.12792 0.88226 -0.007905 0.12894 0.88003 -0.007865 0.1273 0.88098 -0.0092211 0.12833 0.91483 -0.016855 0.10858 0.91426 -0.015425 0.11049 0.93012 -0.035318 0.13157 0.93061 -0.036558 0.12992 0.91225 -0.016683 0.11085 0.92838 -0.036408 0.13188 0.91282 -0.018113 0.10894 0.92887 -0.037648 0.13023 0.94308 -0.051627 0.1488 0.9435 -0.052676 0.14741 0.9416 -0.052549 0.14907 0.94202 -0.053598 0.14767 0.91583 -0.01724 0.13657 0.91442 -0.01661 0.13606 0.91882 -0.00050259 0.14496 0.92004 -0.0010481 0.1454 0.91372 -0.017126 0.13747 0.91821 -0.00094986 0.14618 0.91513 -0.017756 0.13798 0.91943 -0.0014954 0.14663 0.92243 0.012663 0.15227 0.92346 0.012201 0.15264 0.92192 0.012284 0.1533 0.92295 0.011823 0.15368 0.91629 -0.01888 0.16484 0.91554 -0.018209 0.16463 0.90962 -0.022685 0.17256 0.91027 -0.023266 0.17274 0.91514 -0.018861 0.16392 0.90928 -0.02325 0.17194 0.91589 -0.019531 0.16413 0.90993 -0.023831 0.17212 0.90479 -0.026363 0.17904 0.90534 -0.026855 0.17919 0.90449 -0.026841 0.17851 0.90504 -0.027333 0.17867 0.91179 -0.023012 0.04675 0.90943 -0.020002 0.048247 0.92298 -0.017868 0.065289 0.92478 -0.020166 0.064146 0.90732 -0.022716 0.050538 0.92137 -0.01994 0.067039 0.90968 -0.025725 0.049041 0.92317 -0.022239 0.065896 0.93652 -0.015682 0.082324 0.93781 -0.017323 0.081508 0.93537 -0.017162 0.083574 0.93666 -0.018804 0.082758 0.93659 -0.017242 0.082541 1.2182 -0.0075703 -0.0031346 1.2228 -0.0033922 -0.0037971 1.2215 0.0029926 0.03148 1.2174 -0.00077343 0.031965 1.2215 0.002635 -0.0049086 1.2203 0.0084085 0.030552 1.2155 0.0044851 -0.0053576 1.215 0.010058 0.030109 1.2109 0.00030804 -0.0046951 1.2108 0.0062933 0.030594 1.2122 -0.0057201 -0.0035836 1.212 0.00087738 0.031521 1.2194 0.0082674 0.066644 1.2157 0.0049171 0.066959 1.2183 0.013083 0.065999 1.2136 0.014549 0.065668 1.2099 0.011199 0.065983 1.211 0.0063829 0.066628 1.2182 0.0121 0.10169 1.215 0.009181 0.10195 1.2173 0.016312 0.10136 1.2131 0.017602 0.10129 1.2099 0.014683 0.10155 1.2109 0.010472 0.10188 1.2186 0.014156 0.13687 1.2159 0.011662 0.13702 1.2178 0.017745 0.13682 1.2143 0.018841 0.13693 1.2116 0.016347 0.13708 1.2124 0.012757 0.13712 1.2194 0.013946 0.17226 1.2172 0.011889 0.17219 1.2187 0.016898 0.17242 1.2158 0.017794 0.1725 1.2136 0.015737 0.17244 1.2143 0.012784 0.17228 1.2184 0.011165 0.20768 1.2167 0.0095539 0.20752 1.2179 0.013481 0.20787 1.2156 0.014187 0.20791 1.2139 0.012576 0.20775 1.2144 0.01026 0.20756 1.2169 -0.0015421 -0.0042461 1.2162 0.01187 0.20772 1.2162 0.0043831 0.036793 1.2171 0.005125 0.035401 1.2274 0.019654 0.050498 1.2266 0.019011 0.051704 1.2158 0.0063276 0.035158 1.2262 0.020697 0.050287 1.2148 0.0055857 0.03655 1.2254 0.020053 0.051493 1.2357 0.031548 0.062863 1.2351 0.031004 0.063883 1.2348 0.032429 0.062685 1.2341 0.031885 0.063705 1.2152 0.0074167 0.06218 1.2163 0.0093651 0.06348 1.2007 0.0025253 0.087023 1.1998 0.00083637 0.085896 1.2144 0.01093 0.062686 1.1991 0.0038815 0.086335 1.2133 0.0089808 0.061386 1.1982 0.0021925 0.085209 1.188 -0.0030756 0.10626 1.1872 -0.0045052 0.10531 1.1866 -0.0019283 0.10568 1.1858 -0.0033579 0.10473 1.2146 0.01081 0.087156 1.2158 0.013426 0.08819 1.2413 -0.0060587 0.1073 1.2402 -0.0083256 0.1064 1.214 0.013339 0.090664 1.2397 -0.006134 0.10944 1.2127 0.010723 0.08963 1.2386 -0.0084009 0.10854 1.2621 -0.022033 0.12295 1.2612 -0.023951 0.12219 1.2607 -0.022097 0.12476 1.2598 -0.024014 0.124 1.2148 0.012568 0.11693 1.2166 0.014613 0.11546 1.2102 0.038045 0.1413 1.2087 0.036273 0.14258 1.2142 0.015666 0.11388 1.2081 0.038957 0.13994 1.2124 0.013621 0.11536 1.2066 0.037185 0.14122 1.205 0.057204 0.16245 1.2037 0.055705 0.16353 1.2032 0.057976 0.16129 1.2019 0.056477 0.16238 1.2156 0.014043 0.14049 1.217 0.01484 0.14256 1.2065 -0.0068283 0.15831 1.2053 -0.0075188 0.15652 1.215 0.016345 0.14336 1.2048 -0.0055237 0.159 1.2136 0.015548 0.14129 1.2036 -0.0062141 0.15721 1.1979 -0.024548 0.17118 1.1968 -0.025132 0.16967 1.1964 -0.023444 0.17177 1.1954 -0.024029 0.17025 1.2166 0.0138 0.16897 1.2173 0.014731 0.16767 1.2286 0.022934 0.18016 1.228 0.022126 0.18128 1.2161 0.015973 0.16794 1.2276 0.02401 0.1804 1.2154 0.015041 0.16924 1.227 0.023203 0.18152 1.2379 0.029649 0.1904 1.2373 0.028966 0.19135 1.237 0.03056 0.1906 1.2365 0.029876 0.19155 1.2165 0.012156 0.19531 1.217 0.013265 0.19541 1.2083 0.016229 0.20724 1.2078 0.015269 0.20716 1.2161 0.013722 0.19465 1.2076 0.016626 0.20659 1.2156 0.012615 0.19456 1.2071 0.015666 0.20651 1.2012 0.018647 0.21692 1.2008 0.017835 0.21685 1.2005 0.018983 0.21637 1.2002 0.01817 0.2163 1.2149 0.0098581 0.095013 1.2172 0.014066 0.095623 1.2311 0.00091839 0.12828 1.2293 -0.0022945 0.12782 1.2134 0.015879 0.098121 1.2282 0.0023022 0.13019 1.211 0.01167 0.097512 1.2264 -0.00091076 0.12973 1.245 -0.012207 0.16093 1.2437 -0.014503 0.16059 1.2429 -0.011219 0.16229 1.2416 -0.013515 0.16196 1.2433 -0.01286 0.16144 1.5379 -0.0075998 -0.0018885 1.5417 -0.010636 -0.0019374 1.5431 -0.0088644 0.024785 1.5397 -0.0061378 0.024919 1.5462 -0.0088844 -0.0022498 1.5472 -0.0072927 0.024522 1.5469 -0.0040941 -0.0025132 1.5478 -0.0029945 0.024393 1.5431 -0.0010576 -0.0024643 1.5444 -0.00026798 0.024526 1.5386 -0.0028095 -0.002152 1.5404 -0.0018396 0.024789 1.5449 -0.0084867 0.051402 1.5419 -0.0060749 0.051678 1.5484 -0.0070963 0.051213 1.549 -0.0032949 0.051299 1.5461 -0.0008831 0.051575 1.5425 -0.0022736 0.051764 1.5468 -0.0096426 0.078109 1.5442 -0.0075502 0.078406 1.5499 -0.0084333 0.078001 1.5504 -0.0051327 0.07819 1.5478 -0.0030403 0.078488 1.5447 -0.0042496 0.078596 1.5483 -0.011107 0.10498 1.5461 -0.009325 0.10515 1.5509 -0.010079 0.10495 1.5514 -0.0072699 0.10508 1.5492 -0.0054884 0.10524 1.5465 -0.0065155 0.10527 1.5487 -0.011392 0.13196 1.5469 -0.0099201 0.13194 1.5509 -0.010546 0.13198 1.5513 -0.0082283 0.13198 1.5494 -0.0067577 0.13196 1.5472 -0.0076027 0.13195 1.548 -0.010122 0.15889 1.5466 -0.0089655 0.15882 1.5497 -0.0094576 0.15893 1.55 -0.0076361 0.15888 1.5486 -0.0064802 0.15881 1.5468 -0.0071449 0.15877 1.5424 -0.005847 -0.0022009 1.5483 -0.0083008 0.15885 1.5431 -0.0049276 0.028198 1.5444 -0.0050497 0.027623 1.5474 -0.019189 0.037503 1.5463 -0.019082 0.038001 1.5449 -0.0042381 0.028626 1.5479 -0.018485 0.038372 1.5436 -0.0041151 0.029201 1.5468 -0.018378 0.03887 1.5499 -0.030745 0.045605 1.549 -0.030655 0.046027 1.5503 -0.030149 0.046341 1.5494 -0.03006 0.046762 1.5448 -0.0055923 0.059531 1.5468 -0.006319 0.059089 1.5563 0.0090532 0.0784 1.5546 0.0096827 0.078784 1.5471 -0.0046549 0.057655 1.5566 0.010495 0.077158 1.5451 -0.0039291 0.058098 1.5548 0.011125 0.077541 1.5641 0.021659 0.094189 1.5626 0.022192 0.094513 1.5643 0.02288 0.093138 1.5628 0.023412 0.093462 1.5469 -0.0074425 0.0874 1.5484 -0.0087185 0.088811 1.5278 -0.014252 0.10438 1.5266 -0.013145 0.10315 1.5488 -0.0067663 0.090111 1.5282 -0.01256 0.1055 1.5474 -0.0054903 0.0887 1.527 -0.011454 0.10428 1.511 -0.01874 0.11711 1.51 -0.017804 0.11607 1.5114 -0.017308 0.11806 1.5103 -0.016373 0.11703 1.548 -0.0090628 0.11964 1.5491 -0.0098381 0.11859 1.5614 -0.012094 0.13307 1.5604 -0.011422 0.13398 1.5498 -0.0083332 0.11823 1.562 -0.01079 0.13276 1.5487 -0.0075569 0.11929 1.561 -0.010118 0.13367 1.5714 -0.013913 0.14492 1.5706 -0.013345 0.14569 1.5719 -0.012809 0.14466 1.5711 -0.01224 0.14543 1.5479 -0.0088215 0.1492 1.5487 -0.0089512 0.1497 1.5459 -0.00092888 0.1561 1.5453 -0.00081635 0.15566 1.5492 -0.008338 0.14914 1.5463 -0.00039768 0.15561 1.5484 -0.0082073 0.14864 1.5456 -0.00028419 0.15518 1.5437 0.0056429 0.16132 1.5431 0.0057392 0.16095 1.544 0.006094 0.16091 1.5434 0.0061893 0.16054 1.8299 -0.012299 -0.0005748 1.8359 -0.011724 -0.00083444 1.8371 -0.012141 0.030968 1.8317 -0.012659 0.031314 1.8384 -0.006258 -0.00081727 1.8393 -0.0072403 0.030972 1.8349 -0.0013666 -0.00054046 1.8362 -0.0028563 0.031323 1.8289 -0.0019398 -0.00028082 1.8309 -0.0033741 0.03167 1.8264 -0.0074062 -0.00029799 1.8286 -0.008275 0.031665 1.8399 -0.013113 0.062837 1.8352 -0.013572 0.063233 1.8419 -0.0087767 0.062814 1.8391 -0.004899 0.063187 1.8344 -0.0053577 0.063582 1.8324 -0.0096941 0.063606 1.8425 -0.013719 0.094928 1.8384 -0.014111 0.095146 1.8442 -0.0099468 0.094873 1.8418 -0.006568 0.095036 1.8377 -0.0069609 0.095254 1.836 -0.010732 0.095309 1.843 -0.012966 0.12706 1.8394 -0.013301 0.12702 1.8444 -0.0097609 0.12698 1.8424 -0.0068893 0.12685 1.8389 -0.0072241 0.12682 1.8374 -0.01043 0.1269 1.8408 -0.010605 0.15902 1.8379 -0.01089 0.15884 1.842 -0.0079641 0.15892 1.8403 -0.0056095 0.15864 1.8374 -0.0058947 0.15846 1.8362 -0.0085344 0.15856 1.8374 -0.0073061 0.19079 1.8351 -0.007534 0.19061 1.8383 -0.0052299 0.1907 1.837 -0.0033836 0.19043 1.8347 -0.0036116 0.19025 1.8338 -0.0056868 0.19034 1.8324 -0.0068321 -0.00055763 1.8361 -0.0054588 0.19052 1.8339 -0.0090179 0.036163 1.8354 -0.0081615 0.036446 1.8268 0.0013924 0.050546 1.8255 0.00065041 0.050301 1.8349 -0.0069103 0.035404 1.8263 0.0024767 0.049644 1.8334 -0.0077667 0.035121 1.825 0.0017347 0.049399 1.8196 0.0092144 0.062067 1.8186 0.0085869 0.06186 1.8193 0.010132 0.061303 1.8182 0.0095034 0.061096 1.8369 -0.01019 0.063023 1.839 -0.0095186 0.064179 1.8381 -0.036513 0.079747 1.8362 -0.037095 0.078745 1.8377 -0.0083685 0.065947 1.8369 -0.035516 0.081279 1.8355 -0.0090399 0.064791 1.835 -0.036098 0.080277 1.8373 -0.058594 0.092492 1.8357 -0.059086 0.091644 1.8363 -0.05775 0.093788 1.8347 -0.058242 0.09294 1.8392 -0.01176 0.094467 1.8417 -0.011325 0.092975 1.8548 0.0065308 0.11813 1.8526 0.0061531 0.11942 1.8406 -0.0087862 0.09189 1.8538 0.0087299 0.11719 1.8381 -0.0092211 0.093381 1.8516 0.0083532 0.11848 1.8654 0.021165 0.13871 1.8635 0.020845 0.1398 1.8646 0.023026 0.13791 1.8627 0.022707 0.13901 1.8401 -0.011563 0.12076 1.8419 -0.011398 0.12276 1.8138 -0.01762 0.14526 1.8123 -0.017763 0.14352 1.8414 -0.0087051 0.12293 1.8134 -0.015286 0.1454 1.8397 -0.0088701 0.12092 1.8119 -0.015429 0.14366 1.7908 -0.02268 0.16364 1.7895 -0.0228 0.16217 1.7904 -0.020705 0.16376 1.7892 -0.020825 0.16229 1.8391 -0.0098581 0.15008 1.8403 -0.0086927 0.14946 1.8554 -0.019447 0.15979 1.8543 -0.020457 0.16032 1.8401 -0.0076008 0.15086 1.8552 -0.0185 0.161 1.8388 -0.0087662 0.15148 1.8541 -0.01951 0.16153 1.8677 -0.028247 0.16825 1.8668 -0.029101 0.16871 1.8675 -0.027446 0.16928 1.8666 -0.0283 0.16973 1.8369 -0.0070257 0.17961 1.8379 -0.0065403 0.17936 1.8357 0.002368 0.18699 1.8348 0.0019474 0.1872 1.8374 -0.0059013 0.17855 1.8352 0.0029221 0.18629 1.8364 -0.0063858 0.1788 1.8343 0.0025015 0.1865 1.8338 0.0096579 0.19322 1.8331 0.0093031 0.1934 1.8335 0.010127 0.19263 1.8327 0.0097713 0.19281 1.8355 -0.011435 0.055616 1.8397 -0.0101 0.057115 1.8359 -0.023739 0.076106 1.8327 -0.024757 0.074961 1.8377 -0.0064993 0.059231 1.8344 -0.020989 0.077721 1.8335 -0.0078335 0.057731 1.8312 -0.022008 0.076576 1.8322 -0.037397 0.095091 1.8299 -0.038126 0.094273 1.8311 -0.035434 0.096245 1.8289 -0.036161 0.095427 1.8305 -0.036779 0.095259 2.1571 0.0033579 0.00071392 2.1553 0.007061 0.00068766 2.1536 0.0061865 0.023322 2.1553 0.0028677 0.02328 2.1511 0.0073166 0.00044513 2.1499 0.0064154 0.023111 2.1489 0.0038681 0.00022886 2.1479 0.0033255 0.022857 2.1507 0.00016499 0.00025513 2.1496 6.6757e-06 0.022815 2.1548 -8.9645e-05 0.00049765 2.1533 -0.00022125 0.023026 2.152 0.0043879 0.045978 2.1535 0.0014601 0.045814 2.1488 0.00459 0.045806 2.147 0.0018644 0.045471 2.1484 -0.0010633 0.045307 2.1517 -0.0012655 0.045479 2.1505 0.001545 0.068525 2.1518 -0.00099659 0.068322 2.1477 0.0017195 0.068396 2.1461 -0.00064659 0.068064 2.1474 -0.0031881 0.067861 2.1503 -0.0033627 0.06799 2.1492 -0.0012102 0.090952 2.1503 -0.0033779 0.090842 2.1468 -0.0010624 0.090862 2.1455 -0.0030813 0.090663 2.1466 -0.0052481 0.090553 2.149 -0.0053959 0.090643 2.1482 -0.0024433 0.11339 2.1491 -0.0042324 0.11342 2.1462 -0.0023212 0.11333 2.1451 -0.0039892 0.11331 2.146 -0.0057783 0.11334 2.148 -0.0059004 0.1134 2.1475 -0.0016708 0.13599 2.1482 -0.0030756 0.13608 2.1459 -0.0015755 0.13595 2.145 -0.0028849 0.136 2.1457 -0.0042896 0.13608 2.1473 -0.0043859 0.13612 2.153 0.0036135 0.00047139 2.1466 -0.0029802 0.13604 2.1521 0.00284 0.026658 2.1516 0.0036554 0.025948 2.1456 0.0093832 0.036479 2.1461 0.0086765 0.037094 2.1507 0.0029516 0.0258 2.1448 0.0087729 0.036351 2.1512 0.0021362 0.02651 2.1452 0.0080662 0.036966 2.1407 0.01405 0.045102 2.1411 0.013453 0.045623 2.14 0.013535 0.044994 2.1404 0.012937 0.045514 2.1508 -2.0027e-05 0.060429 2.1492 0.0009985 0.061125 2.1442 -0.017301 0.075509 2.1456 -0.018184 0.074905 2.148 0.00016594 0.059721 2.1432 -0.018023 0.074292 2.1496 -0.00085354 0.059024 2.1446 -0.018906 0.073688 2.1401 -0.032295 0.087252 2.1412 -0.033042 0.086741 2.1392 -0.032906 0.086222 2.1404 -0.033652 0.085711 2.1489 -0.0034046 0.093402 2.1476 -0.0022125 0.093522 2.1553 0.0040207 0.10877 2.1564 0.0029879 0.10867 2.1467 -0.0033007 0.094434 2.1545 0.0030775 0.10956 2.1479 -0.0044928 0.094314 2.1556 0.0020447 0.10946 2.1616 0.0090923 0.12126 2.1625 0.0082188 0.12117 2.1609 0.0082941 0.12192 2.1618 0.0074205 0.12184 2.1471 -0.0034208 0.12832 2.1468 -0.0028172 0.1279 2.1391 -0.0027304 0.1339 2.1394 -0.003253 0.13426 2.1464 -0.0033541 0.12743 2.1387 -0.0031948 0.1335 2.1468 -0.0039568 0.12785 2.139 -0.0037184 0.13386 2.1327 -0.0026722 0.13881 2.133 -0.0031147 0.13911 2.1325 -0.0030661 0.13847 2.1327 -0.0035086 0.13878</float_array><technique_common><accessor source="#ROW_20_SEG4_solid-pos-a" count="1834" stride="3"><param name="X" type="float"/><param name="Y" type="float"/><param name="Z" type="float"/></accessor></technique_common></source>
        <source id="ROW_20_SEG4_solid-nrm"><float_array id="ROW_20_SEG4_solid-nrm-a" count="5256">-0.16 0.745 0.647 -0.738 0.219 0.638 -0.953 0.299 0.053 -0.219 0.975 0.047 -0.572 -0.544 0.614 -0.74 -0.672 0.025 0.173 -0.781 0.6 0.208 -0.978 -0.01 0.751 -0.255 0.609 0.952 -0.307 -0.016 0.584 0.508 0.633 0.738 0.675 0.013 -0.951 0.298 0.088 -0.219 0.975 0.043 -0.738 -0.672 0.064 0.208 -0.978 -0.005 0.95 -0.307 -0.05 0.736 0.676 -0.027 -0.948 0.302 0.102 -0.212 0.977 0.035 -0.733 -0.675 0.086 0.216 -0.976 0.002 0.951 -0.304 -0.065 0.738 0.673 -0.049 -0.949 0.307 0.068 -0.202 0.979 0.026 -0.732 -0.678 0.059 0.225 -0.974 0.01 0.954 -0.299 -0.03 0.743 0.669 -0.022 -0.951 0.309 -0.004 -0.2 0.98 0.019 -0.733 -0.68 -0.004 0.227 -0.974 0.019 0.954 -0.298 0.041 0.744 0.667 0.041 -0.718 0.249 -0.65 -0.129 0.787 -0.603 -0.547 -0.531 -0.646 0.212 -0.774 -0.596 0.802 -0.236 -0.549 0.631 0.545 -0.553 0.01 -0.029 1 0.069 0.011 -0.998 -0.186 0.846 0.5 -0.933 0.006 -0.361 -0.933 0.005 -0.36 -0.186 0.845 0.501 0.181 -0.855 -0.487 0.181 -0.855 -0.486 0.927 -0.014 0.374 0.927 -0.015 0.375 -0.187 0.845 0.502 0.18 -0.856 -0.485 0.927 -0.015 0.376 -0.201 0.952 0.23 -0.595 -0.303 0.744 -0.595 -0.303 0.745 -0.2 0.952 0.23 0.213 -0.952 -0.22 0.214 -0.952 -0.219 0.607 0.303 -0.734 0.608 0.303 -0.734 -0.594 -0.303 0.745 -0.2 0.952 0.231 0.215 -0.952 -0.218 0.609 0.303 -0.733 -0.196 0.87 -0.452 -0.864 -0.37 -0.342 -0.864 -0.37 -0.341 -0.197 0.87 -0.451 0.188 -0.864 0.467 0.187 -0.864 0.467 0.856 0.376 0.356 0.855 0.376 0.357 -0.865 -0.369 -0.34 -0.197 0.871 -0.451 0.187 -0.864 0.468 0.855 0.376 0.358 -0.131 0.62 0.774 -0.973 -0.23 0.019 -0.131 0.619 0.774 0.134 -0.631 -0.764 0.134 -0.632 -0.763 0.976 0.218 -0.009 0.976 0.217 -0.008 -0.973 -0.231 0.02 -0.131 0.618 0.775 0.135 -0.632 -0.763 -0.579 0.299 0.759 -0.559 -0.476 0.679 -0.835 -0.541 0.107 -0.869 0.456 0.192 0.118 -0.837 0.534 0.033 -0.997 -0.067 0.776 -0.42 0.47 0.87 -0.467 -0.156 0.754 0.356 0.551 0.846 0.528 -0.072 0.077 0.715 0.695 -0.026 0.994 0.103 -0.837 -0.539 0.095 -0.871 0.465 0.157 0.044 -0.998 -0.044 0.879 -0.462 -0.12 0.846 0.529 -0.059 -0.024 0.997 0.079 -0.841 -0.539 0.046 -0.877 0.469 0.104 0.048 -0.998 -0.04 0.885 -0.461 -0.067 0.85 0.527 -0.009 -0.023 0.997 0.076 -0.841 -0.541 0.001 -0.885 0.464 0.041 0.047 -0.999 -0.021 0.884 -0.467 -0.003 0.851 0.524 0.036 -0.03 0.998 0.058 -0.838 -0.545 0.001 -0.89 0.455 -0.023 0.042 -0.998 0.042 0.879 -0.473 0.06 0.852 0.523 0.038 -0.037 0.999 -0.004 -0.646 -0.465 -0.605 -0.677 0.33 -0.658 0.058 -0.835 -0.548 0.733 -0.408 -0.544 0.702 0.388 -0.597 -0.003 0.757 -0.654 0.155 -0.096 0.983 0.046 -0.064 -0.997 -0.671 0.364 0.646 -0.709 -0.557 -0.433 -0.709 -0.557 -0.432 -0.671 0.363 0.647 0.674 -0.375 -0.637 0.674 -0.376 -0.636 0.712 0.546 0.442 0.712 0.545 0.443 -0.709 -0.558 -0.432 -0.878 0.463 -0.123 -0.44 -0.682 0.585 -0.439 -0.681 0.586 -0.877 0.464 -0.122 0.881 -0.454 0.136 0.881 -0.453 0.137 0.443 0.691 -0.571 0.443 0.692 -0.571 -0.877 0.464 -0.121 0.881 -0.453 0.138 0.443 0.692 -0.57 -0.55 0.264 -0.792 0.004 -0.945 -0.326 0.004 -0.946 -0.326 -0.551 0.264 -0.792 0.537 -0.267 0.8 0.536 -0.267 0.801 -0.017 0.942 0.334 -0.018 0.942 0.335 0.003 -0.946 -0.325 -0.551 0.264 -0.791 0.535 -0.267 0.801 -0.019 0.942 0.335 -0.619 0.343 0.706 -0.453 -0.891 0.036 -0.619 0.343 0.707 0.63 -0.348 -0.694 0.631 -0.349 -0.693 0.464 0.886 -0.024 0.464 0.885 -0.023 -0.452 -0.891 0.037 -0.618 0.343 0.707 0.465 0.885 -0.022 -0.582 0.292 -0.759 -0.741 -0.568 0.357 -0.742 -0.567 0.358 0.576 -0.278 0.769 0.736 0.581 -0.348 0.735 0.582 -0.347 -0.582 0.293 -0.758 0.575 -0.277 0.77 0.735 0.583 -0.347 -0.797 0.423 0.432 -0.598 -0.505 -0.623 -0.598 -0.505 -0.622 -0.797 0.422 0.432 0.796 -0.436 -0.42 0.597 0.492 0.634 0.597 0.491 0.635 -0.598 -0.506 -0.622 -0.797 0.421 0.433 0.796 -0.437 -0.419 0.597 0.49 0.636 -0.807 0.438 0.396 -0.218 -0.84 0.497 -0.217 -0.84 0.498 -0.807 0.439 0.396 0.815 -0.434 -0.383 0.816 -0.433 -0.383 0.226 0.845 -0.485 0.227 0.845 -0.484 -0.217 -0.839 0.499 -0.806 0.439 0.397 0.816 -0.433 -0.382 -0.811 0.408 -0.421 -0.332 -0.91 -0.249 -0.81 0.408 -0.421 0.788 -0.411 0.458 0.789 -0.41 0.458 0.31 0.906 0.286 0.311 0.907 0.286 0.018 -0.707 -0.707 -0.376 0.376 -0.847 0.946 -0.299 -0.125 0.549 0.791 -0.268 0.5 0.071 -0.863 0.668 -0.167 0.725 0.463 0.594 0.658 0.691 0.717 0.089 0.957 -0.245 0.153 -0.292 0.789 0.54 -0.264 0.963 -0.046 -0.842 0.227 0.489 -0.96 0.256 -0.118 -0.64 -0.531 0.555 -0.704 -0.708 -0.055 0.114 -0.731 0.673 0.258 -0.963 0.081 0.693 0.717 0.078 0.96 -0.253 0.119 -0.274 0.962 -0.024 -0.965 0.248 -0.083 -0.703 -0.709 -0.042 0.255 -0.965 0.059 0.696 0.718 0.03 0.965 -0.255 0.068 -0.278 0.961 -0.02 -0.969 0.245 -0.031 -0.705 -0.709 0.006 0.255 -0.965 0.056 0.693 0.721 -0.013 0.969 -0.248 0.006 -0.276 0.961 -0.001 -0.968 0.25 0.03 -0.706 -0.707 0.05 0.26 -0.965 0.038 0.69 0.724 -0.014 0.97 -0.238 -0.056 -0.269 0.961 0.059 -0.962 0.257 0.092 -0.707 -0.706 0.052 0.266 -0.964 -0.023 0.508 0.615 -0.603 0.723 -0.161 -0.672 -0.269 0.811 -0.519 -0.832 0.235 -0.503 -0.619 -0.539 -0.571 0.158 -0.739 -0.655 -0.146 0.05 0.988 -0.094 0.063 -0.994 0.767 -0.208 0.607 0.551 0.714 -0.432 0.551 0.715 -0.432 0.766 -0.207 0.608 -0.771 0.218 -0.598 -0.772 0.219 -0.597 -0.556 -0.704 0.442 0.55 0.715 -0.431 0.766 -0.207 0.609 -0.557 -0.703 0.443 0.957 -0.248 -0.152 0.293 0.767 0.572 0.293 0.766 0.572 0.957 -0.248 -0.151 -0.957 0.238 0.165 -0.957 0.237 0.166 -0.293 -0.776 -0.558 -0.293 -0.777 -0.557 0.293 0.766 0.573 0.957 -0.249 -0.151 -0.957 0.236 0.167 -0.293 -0.778 -0.557 0.582 -0.125 -0.804 -0.233 0.925 -0.3 -0.233 0.925 -0.299 0.582 -0.125 -0.803 -0.569 0.131 0.812 -0.569 0.132 0.812 0.246 -0.919 0.307 0.246 -0.919 0.308 -0.232 0.926 -0.299 0.583 -0.125 -0.803 -0.568 0.132 0.812 0.247 -0.919 0.308 0.715 -0.201 0.67 0.237 0.971 0.037 0.237 0.971 0.038 0.714 -0.201 0.67 -0.726 0.203 -0.657 -0.248 -0.968 -0.025 -0.249 -0.968 -0.025 0.236 0.971 0.039 0.714 -0.201 0.671 -0.727 0.203 -0.656 -0.249 -0.968 -0.024 0.62 -0.145 -0.771 0.604 0.723 0.336 0.604 0.722 0.336 0.62 -0.146 -0.771 -0.611 0.133 0.78 -0.61 0.133 0.781 -0.595 -0.734 -0.327 -0.594 -0.735 -0.327 0.605 0.722 0.337 0.621 -0.146 -0.77 -0.61 0.132 0.781 -0.594 -0.736 -0.326 0.891 -0.233 0.39 0.451 0.643 -0.619 0.451 0.644 -0.618 0.891 -0.232 0.391 -0.892 0.246 -0.378 -0.893 0.246 -0.378 -0.453 -0.63 0.631 -0.453 -0.629 0.632 0.891 -0.231 0.391 -0.893 0.247 -0.377 0.903 -0.245 0.354 0.035 0.869 0.494 0.034 0.869 0.494 0.902 -0.246 0.354 -0.909 0.239 -0.342 -0.909 0.238 -0.341 -0.041 -0.875 -0.482 -0.042 -0.876 -0.481 0.034 0.868 0.495 0.902 -0.246 0.355 -0.91 0.238 -0.34 -0.042 -0.876 -0.48 0.874 -0.207 -0.44 0.106 0.966 -0.235 0.873 -0.207 -0.441 -0.852 0.215 0.477 -0.853 0.215 0.476 -0.084 -0.959 0.271 -0.085 -0.959 0.27 -0.206 0.701 -0.682 0.434 -0.278 -0.857 -0.993 0.074 -0.089 -0.361 -0.896 -0.259 -0.509 -0.181 -0.841 0.736 0.398 0.547 0.109 0.853 0.51 0.107 0.983 -0.152 0.916 0.394 -0.08 -0.598 0.544 0.588 -0.811 0.583 -0.051 -0.676 -0.218 0.704 -0.908 -0.402 0.12 -0.05 -0.671 0.74 -0.097 -0.977 0.189 0.656 -0.363 0.662 0.809 -0.582 0.09 0.103 0.981 -0.166 0.912 0.403 -0.075 -0.809 0.584 -0.072 -0.912 -0.394 0.112 -0.101 -0.974 0.203 0.811 -0.574 0.109 0.1 0.987 -0.124 0.908 0.413 -0.067 -0.804 0.593 -0.041 -0.917 -0.386 0.102 -0.108 -0.981 0.162 0.814 -0.576 0.077 0.103 0.994 -0.045 0.908 0.415 -0.055 -0.8 0.6 0.028 -0.918 -0.386 0.092 -0.112 -0.99 0.084 0.812 -0.583 0.009 0.11 0.994 0.021 0.912 0.408 -0.044 -0.798 0.597 0.084 -0.915 -0.394 0.082 -0.112 -0.994 0.017 0.807 -0.589 -0.046 0.043 0.807 -0.589 0.679 0.335 -0.653 -0.683 0.488 -0.543 -0.771 -0.301 -0.561 -0.135 -0.768 -0.625 0.588 -0.452 -0.671 0.047 0.142 0.989 -0.076 0.028 -0.997 0.884 0.398 0.245 -0.456 0.698 0.552 -0.456 0.698 0.553 0.884 0.398 0.246 -0.883 -0.408 -0.231 -0.883 -0.409 -0.23 0.457 -0.708 -0.538 0.457 -0.709 -0.538 -0.456 0.697 0.554 0.884 0.397 0.246 -0.883 -0.409 -0.229 0.457 -0.709 -0.537 0.433 0.148 -0.889 -0.649 0.733 -0.204 -0.648 0.734 -0.203 -0.423 -0.137 0.896 -0.422 -0.137 0.896 0.658 -0.723 0.21 0.659 -0.722 0.211 0.434 0.149 -0.889 -0.422 -0.136 0.896 0.736 0.357 0.575 -0.329 0.93 -0.164 -0.329 0.93 -0.163 0.736 0.357 0.576 -0.746 -0.358 -0.562 -0.746 -0.358 -0.561 0.319 -0.931 0.177 0.319 -0.931 0.178 -0.33 0.93 -0.162 0.735 0.357 0.577 -0.747 -0.358 -0.56 0.318 -0.931 0.179 0.694 0.267 -0.669 0.042 0.902 0.43 0.043 0.902 0.43 0.694 0.267 -0.668 -0.684 -0.272 0.678 -0.683 -0.272 0.678 -0.032 -0.906 -0.421 -0.032 -0.907 -0.421 0.043 0.901 0.431 0.695 0.267 -0.668 -0.682 -0.272 0.678 -0.031 -0.907 -0.42 0.84 0.358 -0.409 -0.503 0.295 -0.813 -0.503 0.296 -0.812 0.84 0.358 -0.408 -0.842 -0.343 0.416 -0.842 -0.342 0.416 0.5 -0.281 0.819 0.5 -0.28 0.82 -0.503 0.297 -0.812 0.839 0.359 -0.408 -0.842 -0.342 0.417 0.499 -0.279 0.82 0.717 0.344 0.606 -0.612 0.713 0.342 -0.613 0.712 0.342 0.717 0.344 0.607 -0.723 -0.355 -0.593 -0.723 -0.356 -0.592 0.607 -0.724 -0.328 0.607 -0.725 -0.327 -0.613 0.712 0.343 0.716 0.343 0.608 -0.723 -0.356 -0.591 0.606 -0.725 -0.326 0.715 0.288 -0.637 -0.461 0.878 -0.127 -0.462 0.878 -0.128 0.715 0.287 -0.638 -0.681 -0.261 0.684 -0.682 -0.261 0.683 0.494 -0.851 0.176 0.494 -0.852 0.175 -0.682 0.484 -0.548 0.289 -0.001 -0.957 -0.877 -0.462 0.128 0.106 -0.948 -0.3 -0.513 -0.41 -0.754 -0.457 0.613 0.645 -0.779 -0.111 0.617 -0.995 -0.099 0.014 -0.58 0.812 0.068 -0.315 -0.752 0.579 -0.405 -0.913 -0.037 0.475 -0.671 0.569 0.592 -0.805 -0.032 0.801 0.054 0.597 0.994 0.106 0.022 0.333 0.697 0.634 0.411 0.909 0.072 -0.995 -0.102 0 -0.587 0.806 0.074 -0.411 -0.91 -0.056 0.584 -0.811 -0.038 0.994 0.1 0.036 0.407 0.909 0.092 -0.993 -0.109 0.039 -0.594 0.8 0.082 -0.415 -0.909 -0.025 0.576 -0.816 -0.047 0.995 0.097 -0.004 0.403 0.913 0.061 -0.987 -0.112 0.113 -0.594 0.799 0.094 -0.411 -0.911 0.039 0.574 -0.817 -0.056 0.992 0.1 -0.078 0.399 0.917 -0.002 -0.979 -0.109 0.175 -0.586 0.803 0.104 -0.4 -0.912 0.091 0.58 -0.812 -0.066 0.985 0.104 -0.14 0.396 0.916 -0.054 -0.898 -0.099 -0.428 -0.58 0.642 -0.501 -0.427 -0.753 -0.501 0.365 -0.669 -0.648 0.688 0.073 -0.722 0.213 0.731 -0.648 0.015 -0.047 0.999 -0.185 -0.022 -0.983 -0.528 0.765 0.368 -0.502 -0.641 0.58 -0.501 -0.641 0.581 -0.528 0.766 0.368 0.539 -0.763 -0.356 0.54 -0.763 -0.355 0.513 0.643 -0.569 0.514 0.643 -0.568 -0.501 -0.641 0.582 -0.527 0.766 0.369 0.541 -0.763 -0.355 0.514 0.643 -0.567 -0.393 0.464 -0.794 -0.61 -0.78 -0.141 -0.61 -0.78 -0.14 0.382 -0.457 0.803 0.381 -0.457 0.804 0.599 0.787 0.149 0.598 0.787 0.15 -0.611 -0.779 -0.14 -0.394 0.464 -0.793 0.381 -0.456 0.804 0.598 0.788 0.15 -0.412 0.622 0.666 -0.858 -0.512 -0.045 -0.858 -0.512 -0.044 -0.411 0.621 0.667 0.416 -0.631 -0.654 0.417 -0.632 -0.654 0.863 0.502 0.057 0.863 0.501 0.057 -0.857 -0.513 -0.044 -0.411 0.621 0.668 0.417 -0.632 -0.653 0.864 0.501 0.058 -0.52 0.674 -0.525 -0.822 -0.182 0.54 -0.822 -0.181 0.54 0.524 -0.664 0.534 0.524 -0.663 0.535 0.825 0.192 -0.531 0.825 0.193 -0.531 -0.822 -0.181 0.541 -0.519 0.675 -0.524 0.826 0.193 -0.53 -0.587 0.771 -0.248 -0.328 -0.527 -0.784 -0.587 0.77 -0.248 0.575 -0.777 0.257 0.574 -0.777 0.257 0.315 0.521 0.793 0.315 0.521 0.794 -0.329 -0.528 -0.783 -0.588 0.77 -0.247 0.573 -0.778 0.258 0.314 0.52 0.794 -0.391 0.605 0.694 -0.512 -0.777 0.365 -0.511 -0.778 0.366 -0.39 0.605 0.694 0.405 -0.608 -0.683 0.405 -0.609 -0.682 0.526 0.773 -0.355 0.527 0.773 -0.354 -0.389 0.604 0.695 0.406 -0.609 -0.681 0.527 0.773 -0.353 -0.538 0.687 -0.488 -0.775 -0.632 -0.031 -0.774 -0.632 -0.032 -0.537 0.687 -0.49 0.514 -0.664 0.543 0.515 -0.665 0.542 0.75 0.656 0.083 0.751 0.655 0.082 -0.424 -0.751 -0.507 -0.225 0.359 -0.906 0.646 -0.763 -0.031 0.851 0.329 -0.408 0.394 -0.383 -0.836 -0.74 0.071 0.669 -0.38 -0.62 0.687 -0.536 -0.84 0.091 -0.996 0.049 0.075 0.397 -0.655 0.643 0.464 -0.885 0.035 0.813 -0 0.582 0.998 -0.042 -0.038 0.453 0.69 0.565 0.536 0.843 -0.053 -0.323 0.725 0.608 -0.46 0.888 0.003 -0.531 -0.841 0.103 -0.996 0.04 0.077 0.46 -0.887 0.045 0.998 -0.051 -0.038 0.538 0.84 -0.065 -0.464 0.886 -0.007 -0.528 -0.837 0.144 -0.996 0.04 0.079 0.462 -0.883 0.085 0.998 -0.052 -0.04 0.537 0.837 -0.106 -0.467 0.883 -0.046 -0.529 -0.831 0.17 -0.996 0.047 0.08 0.467 -0.878 0.109 0.998 -0.045 -0.043 0.532 0.836 -0.133 -0.466 0.882 -0.071 -0.534 -0.832 0.151 -0.995 0.057 0.082 0.47 -0.878 0.087 0.998 -0.036 -0.046 0.529 0.841 -0.114 -0.46 0.886 -0.051 -0.466 -0.72 -0.514 -0.835 -0.015 -0.549 0.328 -0.757 -0.565 0.752 -0.089 -0.653 0.383 0.616 -0.688 -0.411 0.653 -0.637 0.059 0.056 0.997 -0.069 -0.086 -0.994 -0.937 0.003 -0.349 0.262 -0.621 -0.739 0.262 -0.622 -0.738 -0.937 0.002 -0.348 0.933 -0.016 0.358 0.933 -0.017 0.359 -0.265 0.608 0.748 -0.266 0.607 0.749 0.261 -0.623 -0.737 -0.938 0.001 -0.347 0.933 -0.018 0.36 -0.266 0.606 0.749 -0.513 0.095 0.853 0.382 -0.862 0.334 0.383 -0.861 0.335 -0.512 0.095 0.854 0.525 -0.087 -0.847 0.525 -0.087 -0.846 -0.37 0.869 -0.328 -0.37 0.87 -0.327 -0.511 0.095 0.854 0.526 -0.086 -0.846 -0.369 0.87 -0.327 -0.736 -0.026 -0.677 -0.011 -0.999 0.049 -0.012 -0.999 0.049 -0.736 -0.026 -0.676 0.726 0.026 0.687 0.726 0.026 0.688 0.001 0.999 -0.038 0.001 0.999 -0.037 -0.012 -0.999 0.05 -0.737 -0.026 -0.676 0.725 0.026 0.688 0 0.999 -0.037 -0.895 0.069 0.441 -0.251 -0.889 -0.383 -0.251 -0.889 -0.382 -0.894 0.069 0.442 0.9 -0.076 -0.429 0.256 0.882 0.395 -0.25 -0.89 -0.382 -0.894 0.068 0.443 0.9 -0.076 -0.428 0.257 0.882 0.396 -0.99 0.056 0.128 0.062 -0.635 0.77 0.062 -0.634 0.771 -0.99 0.057 0.129 0.992 -0.045 -0.119 0.992 -0.045 -0.118 -0.06 0.646 -0.761 -0.06 0.647 -0.76 -0.99 0.058 0.129 0.992 -0.044 -0.118 -0.764 -0.025 -0.644 0.291 -0.9 -0.323 0.291 -0.901 -0.323 -0.765 -0.026 -0.644 0.756 0.019 0.655 0.755 0.018 0.655 -0.3 0.894 0.334 -0.3 0.893 0.335 0.29 -0.901 -0.322 -0.765 -0.026 -0.643 0.755 0.018 0.656 -0.301 0.893 0.335 -0.598 0.09 0.796 0.011 -0.993 0.122 0.011 -0.992 0.122 -0.597 0.09 0.797 0.61 -0.089 -0.788 0.61 -0.089 -0.787 0.001 0.994 -0.113 0.001 0.994 -0.112 0.012 -0.992 0.123 0.611 -0.089 -0.787 0.002 0.994 -0.112 -0.86 -0.004 -0.511 -0.26 -0.851 0.457 -0.26 -0.85 0.458 -0.86 -0.003 -0.51 0.854 0.011 0.521 0.853 0.011 0.521 0.254 0.858 -0.447 0.254 0.858 -0.446 -0.261 -0.85 0.458 0.853 0.011 0.522 0.253 0.859 -0.446 -0.665 0.095 0.741 0.151 -0.952 0.265 0.151 -0.953 0.264 -0.666 0.095 0.74 0.707 -0.08 -0.702 0.706 -0.08 -0.703 -0.109 0.968 -0.226 -0.11 0.968 -0.227 -0.287 -0.943 -0.167 -0.97 -0.073 0.233 0.175 -0.216 -0.961 -0.502 0.648 -0.572 -0.704 -0.26 -0.66 0.524 -0.496 0.692 0.775 0.226 0.59 0.981 0.195 -0.016 0.662 -0.743 0.097 0.268 0.805 0.529 0.327 0.94 -0.094 -0.489 0.661 0.569 -0.652 0.756 -0.06 -0.739 -0.063 0.671 -0.982 -0.183 0.054 -0.232 -0.641 0.732 -0.322 -0.938 0.133 0.98 0.198 0.02 0.662 -0.744 0.093 0.327 0.943 -0.054 -0.651 0.757 -0.055 -0.982 -0.186 0.018 -0.322 -0.942 0.092 0.98 0.195 0.035 0.656 -0.75 0.086 0.323 0.946 -0.031 -0.657 0.752 -0.047 -0.982 -0.191 0.003 -0.326 -0.943 0.07 0.982 0.188 -0 0.648 -0.757 0.077 0.319 0.946 -0.058 -0.664 0.747 -0.038 -0.981 -0.192 0.039 -0.331 -0.939 0.097 0.981 0.179 -0.074 0.646 -0.76 0.07 0.316 0.941 -0.123 -0.665 0.746 -0.028 -0.976 -0.185 0.113 -0.329 -0.93 0.162 0.705 0.048 -0.708 0.454 -0.687 -0.567 0.189 0.642 -0.743 -0.582 0.504 -0.638 -0.836 -0.232 -0.497 -0.317 -0.828 -0.462 0.028 0.129 0.991 -0.103 -0.15 -0.983 0.59 -0.591 0.551 0.797 0.393 -0.458 0.797 0.394 -0.457 0.59 -0.59 0.551 -0.589 0.602 -0.539 -0.589 0.603 -0.538 -0.796 -0.382 0.47 -0.796 -0.381 0.47 0.798 0.395 -0.456 0.59 -0.589 0.552 -0.589 0.604 -0.537 -0.796 -0.38 0.471 0.644 -0.711 0.284 0.407 0.619 0.672 0.643 -0.711 0.284 -0.654 0.706 -0.272 -0.654 0.706 -0.271 -0.417 -0.624 -0.661 -0.418 -0.624 -0.66 0.406 0.618 0.673 0.643 -0.711 0.285 -0.655 0.705 -0.271 -0.418 -0.625 -0.659 0.562 -0.714 -0.417 0.56 0.691 -0.458 0.56 0.691 -0.457 0.563 -0.714 -0.416 -0.551 0.714 0.431 -0.55 0.714 0.432 -0.549 -0.69 0.472 -0.548 -0.69 0.473 0.561 0.691 -0.457 -0.55 0.714 0.433 -0.547 -0.69 0.474 0.444 -0.385 0.809 0.743 0.663 -0.091 0.443 -0.385 0.81 -0.451 0.395 -0.8 -0.452 0.396 -0.8 -0.751 -0.653 0.101 -0.751 -0.652 0.101 0.742 0.664 -0.09 0.443 -0.384 0.81 -0.452 0.396 -0.799 -0.752 -0.652 0.102 -0.366 -0.687 0.628 0.406 -0.706 0.58 0.472 -0.879 -0.071 -0.526 -0.85 0.015 0.81 -0.045 0.585 0.998 -0.02 -0.066 0.44 0.632 0.638 0.516 0.856 0.025 -0.33 0.649 0.685 -0.477 0.872 0.11 -0.733 -0.009 0.68 -0.994 0.025 0.104 0.475 -0.876 -0.086 -0.518 -0.855 0.02 0.996 -0.025 -0.087 0.524 0.851 0.018 -0.471 0.873 0.124 -0.992 0.019 0.125 0.481 -0.876 -0.044 -0.51 -0.86 0.028 0.998 -0.031 -0.054 0.532 0.847 0.008 -0.471 0.879 0.082 -0.996 0.016 0.092 0.484 -0.874 0.036 -0.508 -0.86 0.04 0.999 -0.032 0.015 0.533 0.846 -0.002 -0.474 0.881 0.002 -1 0.016 0.024 0.479 -0.872 0.103 -0.515 -0.856 0.052 0.997 -0.025 0.071 0.526 0.85 -0.012 -0.477 0.877 -0.065 -0.999 0.018 -0.032 0.417 -0.742 -0.525 -0.374 -0.724 -0.579 0.829 -0.065 -0.555 0.45 0.625 -0.638 -0.338 0.639 -0.691 -0.749 -0.033 -0.662 0.059 -0.042 0.997 0.062 -0.08 -0.995 -0.492 -0.802 0.337 0.781 -0.255 0.571 0.78 -0.254 0.571 -0.493 -0.802 0.338 0.486 0.811 -0.324 0.486 0.812 -0.323 -0.787 0.263 -0.558 -0.787 0.264 -0.557 0.78 -0.254 0.572 -0.493 -0.801 0.339 -0.788 0.264 -0.556 -0.283 -0.455 -0.844 0.948 -0.251 -0.195 0.281 0.442 0.852 0.281 0.441 0.852 -0.95 0.237 0.204 0.948 -0.252 -0.195 -0.283 -0.456 -0.844 0.281 0.44 0.853 -0.95 0.236 0.204 -0.389 -0.65 0.653 0.799 -0.589 -0.118 0.8 -0.589 -0.117 -0.389 -0.65 0.654 0.397 0.658 -0.64 -0.792 0.597 0.131 -0.791 0.597 0.132 0.8 -0.589 -0.116 -0.388 -0.649 0.654 0.397 0.659 -0.639 -0.791 0.598 0.132 -0.425 -0.679 -0.599 0.488 -0.716 0.499 0.487 -0.716 0.5 -0.426 -0.679 -0.598 0.415 0.677 0.608 0.414 0.677 0.608 -0.498 0.715 -0.49 -0.499 0.715 -0.49 -0.427 -0.679 -0.598 0.414 0.677 0.609 -0.5 0.715 -0.489 -0.49 -0.81 -0.322 0.566 -0.038 -0.824 0.566 -0.038 -0.823 -0.489 -0.811 -0.322 0.5 0.8 0.33 0.501 0.8 0.331 -0.555 0.028 0.831 -0.555 0.028 0.832 0.567 -0.039 -0.823 -0.489 -0.811 -0.321 0.501 0.799 0.331 -0.554 0.027 0.832 -0.38 -0.626 0.681 0.915 -0.2 0.351 0.915 -0.199 0.352 -0.38 -0.625 0.682 0.379 0.639 -0.669 0.379 0.64 -0.669 -0.917 0.213 -0.338 -0.917 0.214 -0.338 0.915 -0.198 0.352 -0.38 -0.624 0.683 0.379 0.641 -0.668 -0.917 0.214 -0.337 -0.431 -0.705 -0.563 0.879 -0.468 -0.094 0.879 -0.468 -0.095 -0.431 -0.704 -0.564 0.419 0.668 0.615 0.419 0.669 0.614 -0.89 0.432 0.148 -0.889 0.433 0.147 0.826 -0.063 -0.56 -0.252 -0.259 -0.933 0.457 0.889 0.031 -0.634 0.683 -0.363 0.174 0.548 -0.819 -0.567 -0.47 0.676 0.14 -0.777 0.614 0.124 -0.992 0.007 -0.795 -0.603 0.071 0.763 -0.314 0.565 0.918 -0.393 -0.045 0.673 0.459 0.58 0.803 0.595 -0.034 -0.04 0.764 0.644 -0.11 0.993 0.029 -0.658 0.298 0.691 -0.915 0.395 0.082 0.123 -0.992 -0.005 -0.802 -0.597 0.036 0.922 -0.387 -0.021 0.799 0.601 0.002 -0.112 0.993 0.042 -0.914 0.4 0.059 0.124 -0.991 -0.055 -0.804 -0.594 -0.018 0.923 -0.384 -0.017 0.798 0.6 0.057 -0.113 0.989 0.093 -0.914 0.401 0.056 0.13 -0.987 -0.1 -0.799 -0.596 -0.083 0.922 -0.387 0.003 0.798 0.59 0.121 -0.113 0.984 0.138 -0.917 0.398 0.037 0.134 -0.986 -0.1 -0.788 -0.597 -0.148 0.915 -0.398 0.065 0.797 0.576 0.184 -0.112 0.984 0.14 -0.917 0.399 -0.027 0.187 -0.708 -0.681 -0.534 -0.388 -0.751 0.814 -0.246 -0.526 0.718 0.538 -0.442 -0.007 0.859 -0.513 -0.632 0.394 -0.667 0.08 -0.012 0.997 0.148 0.123 -0.981 -0.658 -0.512 0.552 0.231 -0.824 -0.517 0.232 -0.825 -0.516 -0.657 -0.513 0.553 0.668 0.509 -0.542 0.669 0.509 -0.542 -0.221 0.821 0.526 -0.22 0.821 0.527 0.232 -0.825 -0.515 -0.656 -0.513 0.553 0.669 0.509 -0.541 -0.22 0.821 0.528 -0.783 -0.572 -0.246 0.383 -0.75 0.54 0.382 -0.749 0.541 -0.783 -0.571 -0.246 0.774 0.577 0.261 -0.391 0.755 -0.526 -0.392 0.755 -0.526 0.382 -0.749 0.542 -0.783 -0.571 -0.245 0.773 0.577 0.262 -0.392 0.756 -0.525 -0.41 -0.287 -0.865 0.877 -0.367 -0.31 0.877 -0.368 -0.31 -0.411 -0.288 -0.865 0.407 0.274 0.872 0.407 0.273 0.872 -0.88 0.354 0.316 -0.88 0.353 0.317 0.877 -0.369 -0.309 -0.411 -0.289 -0.865 0.406 0.272 0.872 -0.881 0.352 0.317 -0.621 -0.482 0.618 0.607 -0.794 -0.008 0.608 -0.794 -0.007 -0.621 -0.481 0.619 0.629 0.488 -0.605 0.63 0.488 -0.604 -0.599 0.8 0.021 -0.599 0.801 0.022 0.608 -0.794 -0.006 -0.62 -0.481 0.62 -0.598 0.801 0.023 -0.451 -0.308 -0.838 0.17 -0.947 0.272 0.169 -0.947 0.272 -0.452 -0.308 -0.837 0.436 0.307 0.846 0.435 0.307 0.846 -0.185 0.947 -0.263 -0.186 0.947 -0.263 0.168 -0.947 0.273 -0.453 -0.308 -0.837 0.434 0.307 0.847 -0.187 0.947 -0.262 -0.75 -0.578 0.321 0.245 -0.68 -0.692 0.245 -0.68 -0.691 -0.75 -0.578 0.322 0.761 0.57 -0.31 0.762 0.569 -0.309 -0.234 0.672 0.703 -0.234 0.671 0.704 0.246 -0.68 -0.69 -0.749 -0.578 0.323 0.762 0.569 -0.308 -0.233 0.671 0.704 -0.767 -0.576 0.284 0.626 -0.611 0.485 0.626 -0.61 0.486 0.765 0.584 -0.27 0.765 0.585 -0.27 -0.628 0.619 -0.472 -0.628 0.62 -0.471 -0.767 -0.575 0.285 0.765 0.585 -0.269 -0.628 0.62 -0.47 -0.68 -0.501 -0.535 0.696 -0.662 -0.277 0.697 -0.662 -0.278 -0.68 -0.501 -0.536 0.67 0.476 0.57 0.67 0.476 0.569 -0.705 0.636 0.312 -0.705 0.637 0.311 0.692 -0.209 -0.691 -0.433 -0.079 -0.898 0.681 0.732 0.003 -0.46 0.863 -0.212 0.21 0.569 -0.795 0.618 0.469 0.631 -0.115 0.77 0.627 -0.137 0.989 0.055 0.788 0.615 0.042 -0.741 0.287 0.607 -0.924 0.382 0.031 -0.636 -0.497 0.59 -0.795 -0.606 -0.005 0.096 -0.799 0.594 0.13 -0.991 -0.018 0.723 -0.316 0.614 0.926 -0.378 0.005 -0.136 0.987 0.088 0.788 0.615 0.037 -0.923 0.379 0.069 -0.796 -0.606 -0 0.128 -0.99 -0.052 0.926 -0.377 -0.033 -0.132 0.986 0.102 0.793 0.609 0.03 -0.923 0.374 0.09 -0.791 -0.612 0.006 0.132 -0.989 -0.066 0.924 -0.38 -0.054 -0.128 0.989 0.068 0.799 0.602 0.021 -0.926 0.372 0.065 -0.785 -0.62 0.014 0.137 -0.99 -0.033 0.922 -0.386 -0.029 -0.127 0.992 -0.001 0.8 0.6 0.014 -0.928 0.372 0.004 -0.783 -0.622 0.023 0.139 -0.99 0.037 0.922 -0.387 0.032 -0.088 0.768 -0.635 0.66 0.46 -0.594 -0.729 0.272 -0.627 -0.621 -0.528 -0.579 0.127 -0.833 -0.538 0.766 -0.34 -0.546 -0.015 -0.024 1 0.033 -0.058 -0.998 0.694 0.533 0.483 -0.398 0.85 -0.346 -0.399 0.85 -0.345 0.694 0.533 0.484 -0.704 -0.532 -0.47 -0.705 -0.532 -0.469 0.388 -0.849 0.359 -0.399 0.85 -0.344 0.693 0.533 0.485 0.387 -0.849 0.36 0.778 0.589 0.218 -0.533 0.415 0.737 -0.533 0.415 0.738 0.778 0.589 0.219 -0.772 -0.6 -0.208 -0.772 -0.601 -0.208 0.538 -0.426 -0.727 0.539 -0.427 -0.727 -0.532 0.414 0.738 0.778 0.588 0.219 -0.772 -0.602 -0.207 0.539 -0.427 -0.726 0.704 0.554 -0.444 -0.709 0.626 -0.325 -0.709 0.626 -0.324 0.705 0.555 -0.443 -0.703 -0.544 0.458 -0.703 -0.544 0.459 0.711 -0.616 0.339 0.711 -0.616 0.34 -0.709 0.627 -0.323 0.705 0.555 -0.442 -0.703 -0.543 0.46 0.711 -0.615 0.341 0.52 0.39 0.76 -0.623 0.781 0.024 -0.624 0.781 0.025 0.519 0.39 0.76 -0.529 -0.398 -0.75 -0.529 -0.398 -0.749 0.614 -0.789 -0.015 0.614 -0.789 -0.014 0.519 0.389 0.761 -0.53 -0.399 -0.749 0.613 -0.79 -0.014 0.841 0.024 0.541 0.469 0.724 0.506 0.533 0.838 -0.12 0.997 -0.048 -0.055 -0.322 0.758 0.567 -0.47 0.881 -0.046 -0.743 0.092 0.663 -0.995 0.037 0.092 -0.372 -0.612 0.698 -0.522 -0.838 0.155 0.422 -0.645 0.637 0.468 -0.88 0.082 0.528 0.838 -0.133 0.998 -0.039 -0.051 -0.467 0.882 -0.065 -0.995 0.046 0.085 -0.525 -0.834 0.168 0.473 -0.875 0.1 0.527 0.844 -0.094 0.999 -0.029 -0.043 -0.46 0.887 -0.035 -0.996 0.055 0.076 -0.533 -0.836 0.13 0.475 -0.877 0.069 0.531 0.847 -0.02 0.999 -0.027 -0.032 -0.455 0.89 0.029 -0.996 0.057 0.067 -0.538 -0.841 0.056 0.472 -0.881 0.006 0.536 0.843 0.042 0.999 -0.035 -0.021 -0.456 0.886 0.081 -0.997 0.048 0.057 -0.538 -0.843 -0.006 0.467 -0.883 -0.046 0.418 0.729 -0.543 0.793 0.014 -0.609 -0.39 0.763 -0.515 -0.828 0.082 -0.554 -0.455 -0.638 -0.621 0.358 -0.671 -0.649 0.082 0.095 0.992 -0.029 0.082 -0.996 0.968 -0.037 0.25 -0.12 0.835 0.537 -0.121 0.835 0.537 0.967 -0.037 0.25 -0.971 0.027 -0.237 -0.971 0.027 -0.236 0.117 -0.844 -0.523 0.116 -0.845 -0.523 -0.121 0.834 0.538 0.967 -0.038 0.251 -0.972 0.026 -0.235 0.116 -0.845 -0.522 0.502 -0.044 -0.864 -0.255 0.95 -0.183 -0.254 0.95 -0.183 0.503 -0.044 -0.863 -0.489 0.049 0.871 -0.488 0.049 0.871 0.268 -0.945 0.19 0.268 -0.944 0.19 -0.253 0.95 -0.182 0.504 -0.043 -0.863 -0.488 0.05 0.872 0.269 -0.944 0.191 0.822 -0.015 0.569 0.119 0.983 -0.137 0.118 0.984 -0.137 -0.831 0.018 -0.556 -0.832 0.018 -0.555 -0.128 -0.98 0.15 -0.129 -0.98 0.151 0.118 0.984 -0.136 0.821 -0.014 0.57 -0.832 0.018 -0.554 -0.129 -0.98 0.152 0.778 -0.055 -0.626 0.429 0.796 0.428 0.429 0.795 0.428 -0.771 0.046 0.635 -0.422 -0.804 -0.419 0.43 0.795 0.429 0.779 -0.056 -0.625 -0.771 0.045 0.636 -0.421 -0.805 -0.418 0.929 -0.042 -0.367 -0.311 0.523 -0.793 -0.311 0.524 -0.793 0.93 -0.041 -0.366 -0.926 0.056 0.374 -0.926 0.057 0.374 0.315 -0.509 0.801 0.316 -0.508 0.801 -0.311 0.525 -0.792 0.93 -0.04 -0.366 -0.925 0.057 0.375 0.316 -0.508 0.802 0.8 -0.018 0.6 -0.248 0.911 0.329 -0.248 0.911 0.33 0.8 -0.019 0.6 -0.81 0.011 -0.586 -0.81 0.01 -0.586 0.237 -0.918 -0.317 0.237 -0.919 -0.316 -0.249 0.91 0.331 0.799 -0.019 0.601 -0.811 0.01 -0.585 0.236 -0.919 -0.315 0.804 -0.046 -0.593 -0.024 0.994 -0.106 -0.025 0.994 -0.107 0.803 -0.046 -0.594 -0.765 0.055 0.642 -0.766 0.055 0.641 0.064 -0.986 0.153 0.063 -0.986 0.152 -0.391 0.759 -0.52 0.303 -0.118 -0.946 -0.995 -0.031 0.099 -0.316 -0.9 -0.302 -0.646 -0.133 -0.751 0.157 -0.649 0.744 0.739 -0.123 0.662 0.954 -0.285 0.094 0.219 -0.959 0.179 0.569 0.633 0.525 0.737 0.673 -0.066 -0.18 0.864 0.469 -0.211 0.967 -0.143 -0.762 0.341 0.551 -0.951 0.302 -0.06 -0.594 -0.416 0.688 -0.739 -0.666 0.101 0.954 -0.287 0.083 0.213 -0.966 0.145 0.731 0.681 -0.044 -0.22 0.969 -0.109 -0.952 0.301 -0.048 -0.742 -0.665 0.079 0.956 -0.291 0.035 0.214 -0.973 0.093 0.728 0.684 -0.04 -0.224 0.973 -0.056 -0.952 0.305 0.001 -0.743 -0.665 0.076 0.957 -0.288 -0.009 0.221 -0.975 0.031 0.729 0.684 -0.021 -0.218 0.976 0.006 -0.951 0.307 0.045 -0.74 -0.671 0.058 0.959 -0.284 -0.009 0.231 -0.973 -0.031 0.733 0.679 0.04 -0.21 0.975 0.068 -0.95 0.308 0.047 -0.737 -0.676 -0.003 0.775 -0.187 -0.603 0.184 -0.732 -0.656 0.597 0.595 -0.539 -0.171 0.833 -0.526 -0.763 0.29 -0.578 -0.586 -0.493 -0.643 -0.019 0.177 0.984 0.01 0.086 -0.996 0.166 -0.759 0.629 0.884 -0.176 -0.432 0.885 -0.175 -0.432 0.166 -0.759 0.63 -0.159 0.768 -0.62 -0.159 0.769 -0.619 -0.878 0.185 0.442 0.885 -0.175 -0.431 0.167 -0.758 0.63 -0.877 0.186 0.443 0.216 -0.968 -0.128 0.816 0.104 0.569 0.815 0.104 0.57 0.215 -0.968 -0.128 -0.225 0.964 0.142 -0.225 0.964 0.143 -0.825 -0.108 -0.555 0.815 0.104 0.571 0.215 -0.968 -0.127 -0.226 0.964 0.143 -0.826 -0.108 -0.554 0.151 -0.593 -0.791 0.715 0.621 -0.32 0.716 0.621 -0.319 0.152 -0.594 -0.79 -0.14 0.585 0.799 -0.705 -0.629 0.328 -0.704 -0.63 0.328 0.717 0.62 -0.319 -0.139 0.584 0.8 -0.704 -0.63 0.329 0.149 -0.708 0.69 0.972 0.233 0.029 0.149 -0.708 0.691 -0.152 0.719 -0.678 -0.152 0.72 -0.677 -0.975 -0.222 -0.017 -0.975 -0.221 -0.016 0.972 0.234 0.03 0.149 -0.707 0.691 -0.975 -0.22 -0.015 0.151 -0.635 -0.757 0.919 -0.199 0.34 0.919 -0.199 0.341 0.151 -0.636 -0.757 -0.157 0.622 0.767 -0.925 0.186 -0.331 -0.925 0.185 -0.331 0.918 -0.2 0.341 0.15 -0.637 -0.756 -0.158 0.621 0.768 -0.926 0.184 -0.33 0.2 -0.888 0.415 0.774 -0.124 -0.621 0.775 -0.123 -0.62 0.201 -0.887 0.415 -0.189 0.895 -0.403 -0.189 0.896 -0.403 -0.764 0.131 0.632 -0.763 0.132 0.633 0.775 -0.123 -0.619 0.201 -0.887 0.416 -0.188 0.896 -0.402 -0.762 0.132 0.633 0.194 -0.905 0.379 0.789 0.378 0.484 0.789 0.378 0.485 -0.203 0.908 -0.367 -0.204 0.908 -0.366 -0.798 -0.374 -0.472 -0.799 -0.374 -0.471 0.788 0.378 0.485 0.193 -0.904 0.38 -0.204 0.908 -0.365 -0.799 -0.374 -0.47 0.213 -0.882 -0.42 0.907 0.34 -0.248 0.213 -0.882 -0.421 -0.196 0.867 0.457 -0.196 0.868 0.457 -0.89 -0.355 0.284 -0.891 -0.355 0.284 0.527 0.484 -0.699 -0.051 -0.533 -0.845 -0.388 0.915 -0.112 -0.962 -0.094 -0.255 -0.394 0.347 -0.851 -0.696 -0.253 0.672 -0.086 -0.743 0.664 -0.154 -0.987 0.049 -0.932 -0.353 0.079 0.642 -0.461 0.613 0.783 -0.622 -0.012 0.76 0.312 0.571 0.928 0.369 -0.042 0.149 0.802 0.579 0.15 0.989 -0.011 -0.579 0.519 0.629 -0.774 0.631 0.049 -0.156 -0.988 -0.003 -0.933 -0.354 0.069 0.781 -0.622 -0.053 0.929 0.369 -0.03 0.154 0.987 0.041 -0.771 0.631 0.09 -0.153 -0.987 -0.038 -0.931 -0.362 0.051 0.778 -0.624 -0.071 0.933 0.361 -0.014 0.16 0.984 0.075 -0.772 0.626 0.108 -0.147 -0.989 -0.027 -0.929 -0.37 0.03 0.777 -0.628 -0.039 0.936 0.352 0.006 0.163 0.985 0.064 -0.778 0.624 0.076 -0.146 -0.989 0.017 -0.929 -0.371 0.011 0.777 -0.63 0.025 0.936 0.35 0.026 0.162 0.987 0.02 -0.78 0.625 0.012 -0.106 -0.808 -0.58 -0.728 -0.306 -0.613 0.64 -0.519 -0.566 0.764 0.271 -0.585 0.142 0.773 -0.618 -0.605 0.485 -0.632 0.051 0.047 0.998 0.03 -0.028 -0.999 -0.91 -0.354 -0.214 0.371 -0.477 -0.797 0.371 -0.478 -0.796 -0.91 -0.355 -0.213 0.913 0.342 0.222 0.913 0.342 0.223 -0.368 0.465 0.805 -0.368 0.464 0.806 -0.91 -0.356 -0.213 0.913 0.341 0.223 -0.368 0.463 0.806 -0.738 -0.294 0.608 0.567 -0.757 0.324 0.567 -0.757 0.325 -0.737 -0.294 0.608 0.744 0.303 -0.596 0.744 0.304 -0.595 -0.561 0.766 -0.313 -0.561 0.767 -0.312 0.567 -0.756 0.326 -0.737 -0.293 0.609 -0.56 0.767 -0.311 -0.564 -0.201 -0.801 0.287 -0.957 0.039 -0.565 -0.201 -0.8 0.551 0.198 0.811 0.55 0.197 0.812 -0.3 0.953 -0.028 -0.301 0.953 -0.028 0.286 -0.957 0.04 -0.565 -0.202 -0.8 0.549 0.197 0.812 -0.302 0.953 -0.027 -0.745 -0.303 0.595 0.16 -0.946 -0.283 0.161 -0.946 -0.282 -0.744 -0.303 0.595 0.755 0.301 -0.582 0.756 0.301 -0.581 -0.149 0.943 0.296 -0.149 0.943 0.297 -0.743 -0.303 0.596 0.757 0.301 -0.581 -0.148 0.943 0.297 -0.933 -0.355 0.052 0.252 -0.548 0.797 0.252 -0.547 0.798 -0.934 -0.354 0.052 0.929 0.367 -0.042 0.929 0.368 -0.041 -0.257 0.561 -0.787 0.252 -0.547 0.799 -0.934 -0.354 0.053 0.929 0.369 -0.04 -0.257 0.562 -0.786 -0.291 -0.716 0.635 0.476 -0.643 0.6 0.575 -0.817 -0.054 -0.421 -0.907 0.017 0.795 0.058 0.603 0.994 0.098 -0.051 0.349 0.683 0.642 0.41 0.912 0.023 -0.414 0.609 0.677 -0.579 0.81 0.093 -0.734 -0.089 0.673 -0.992 -0.093 0.09 0.577 -0.814 -0.069 -0.413 -0.911 0.022 0.993 0.093 -0.072 0.419 0.908 0.016 -0.574 0.812 0.107 -0.989 -0.098 0.11 0.583 -0.812 -0.026 -0.404 -0.914 0.031 0.995 0.087 -0.038 0.427 0.904 0.006 -0.573 0.817 0.065 -0.992 -0.102 0.077 0.584 -0.81 0.055 -0.403 -0.914 0.043 0.996 0.087 0.032 0.429 0.903 -0.004 -0.575 0.818 -0.016 -0.995 -0.104 0.008 0.577 -0.807 0.122 -0.41 -0.91 0.054 0.992 0.094 0.088 0.421 0.907 -0.014 -0.576 0.813 -0.084 -0.994 -0.102 -0.049 0.509 -0.69 -0.515 -0.274 -0.766 -0.581 0.837 0.028 -0.546 0.381 0.665 -0.643 -0.398 0.584 -0.708 -0.724 -0.129 -0.677 0.046 -0.024 0.999 0.087 -0.082 -0.993 -0.398 -0.851 0.343 0.792 -0.153 0.591 -0.399 -0.85 0.344 0.391 0.859 -0.33 0.391 0.86 -0.329 -0.8 0.161 -0.578 -0.8 0.161 -0.577 0.791 -0.152 0.592 -0.399 -0.85 0.345 -0.801 0.162 -0.577 -0.211 -0.489 -0.846 0.974 -0.138 -0.18 0.974 -0.138 -0.179 -0.211 -0.49 -0.846 0.21 0.476 0.854 -0.974 0.124 0.188 -0.974 0.124 0.189 0.974 -0.139 -0.179 -0.211 -0.491 -0.845 0.21 0.475 0.855 -0.974 0.123 0.189 -0.318 -0.681 0.659 0.865 -0.491 -0.1 0.866 -0.491 -0.099 -0.318 -0.681 0.66 0.325 0.69 -0.647 0.325 0.691 -0.646 -0.859 0.499 0.113 -0.859 0.5 0.114 0.866 -0.49 -0.098 -0.317 -0.68 0.661 -0.858 0.5 0.114 -0.33 -0.727 -0.602 0.559 -0.645 0.52 0.559 -0.645 0.521 -0.33 -0.728 -0.601 0.319 0.725 0.611 -0.57 0.643 -0.511 -0.571 0.643 -0.511 0.558 -0.645 0.521 -0.331 -0.728 -0.601 0.318 0.724 0.612 -0.571 0.643 -0.51 -0.384 -0.865 -0.324 0.575 0.021 -0.818 0.576 0.021 -0.817 -0.383 -0.865 -0.323 0.395 0.856 0.332 0.396 0.856 0.333 -0.564 -0.029 0.826 -0.563 -0.03 0.826 0.576 0.02 -0.817 -0.383 -0.866 -0.323 -0.562 -0.03 0.826 -0.312 -0.655 0.688 0.925 -0.085 0.371 0.924 -0.084 0.372 0.309 0.669 -0.676 0.309 0.67 -0.675 -0.928 0.098 -0.359 -0.928 0.099 -0.358 0.924 -0.084 0.373 -0.313 -0.654 0.689 -0.928 0.1 -0.358 -0.333 -0.754 -0.567 0.929 -0.361 -0.076 0.93 -0.36 -0.077 -0.333 -0.753 -0.568 0.324 0.716 0.618 0.325 0.717 0.617 -0.937 0.324 0.13 -0.937 0.325 0.129 0.834 0.03 -0.551 -0.201 -0.293 -0.935 0.347 0.937 0.028 -0.704 0.597 -0.385 0.12 0.551 -0.826 0.738 -0.062 0.672 0.391 0.635 0.667 0.545 0.834 0.088 0.995 -0.056 0.077 -0.385 0.683 0.621 -0.446 0.895 0.03 -0.814 0.034 0.58 -0.997 0.067 -0.038 -0.466 -0.664 0.585 -0.553 -0.831 -0.05 0.31 -0.711 0.631 0.448 -0.894 0.008 0.543 0.831 0.123 0.996 -0.056 0.072 -0.448 0.891 0.07 -0.997 0.067 -0.033 -0.552 -0.829 -0.085 0.451 -0.892 -0.032 0.545 0.827 0.137 0.996 -0.064 0.064 -0.452 0.887 0.092 -0.998 0.059 -0.027 -0.549 -0.83 -0.1 0.448 -0.893 -0.054 0.552 0.828 0.102 0.996 -0.073 0.055 -0.455 0.888 0.065 -0.999 0.049 -0.019 -0.546 -0.835 -0.065 0.442 -0.897 -0.028 0.556 0.831 0.03 0.996 -0.075 0.047 -0.454 0.891 0.002 -0.999 0.047 -0.01 -0.547 -0.837 0.008 0.438 -0.898 0.036 0.453 0.634 -0.626 0.808 -0.077 -0.584 -0.341 0.683 -0.646 -0.782 0.02 -0.623 -0.428 -0.693 -0.58 0.368 -0.742 -0.561 -0.06 -0.023 0.998 0.022 -0.048 -0.999 0.847 -0.062 0.528 0.27 0.902 -0.337 0.269 0.903 -0.336 0.847 -0.062 0.529 -0.855 0.069 -0.515 -0.855 0.07 -0.514 -0.277 -0.895 0.35 -0.277 -0.894 0.351 0.269 0.903 -0.335 0.846 -0.062 0.529 -0.855 0.07 -0.513 -0.278 -0.894 0.351 0.963 -0.071 0.259 -0.151 0.636 0.757 0.963 -0.072 0.26 -0.967 0.059 -0.249 0.148 -0.648 -0.747 0.148 -0.649 -0.746 -0.152 0.635 0.758 0.963 -0.073 0.26 -0.967 0.058 -0.248 0.148 -0.65 -0.746 0.902 -0.039 -0.429 -0.11 0.938 -0.328 -0.11 0.939 -0.327 0.903 -0.038 -0.428 -0.895 0.045 0.444 -0.894 0.045 0.445 0.117 -0.932 0.343 0.118 -0.932 0.344 -0.109 0.939 -0.326 0.903 -0.038 -0.427 -0.894 0.046 0.446 0.118 -0.931 0.345 0.605 -0.059 0.794 0.043 0.998 0.041 0.043 0.998 0.042 0.604 -0.059 0.795 -0.617 0.059 -0.785 -0.618 0.059 -0.784 -0.055 -0.998 -0.032 -0.056 -0.998 -0.031 0.042 0.998 0.042 -0.619 0.059 -0.783 -0.057 -0.998 -0.031</float_array><technique_common><accessor source="#ROW_20_SEG4_solid-nrm-a" count="1752" stride="3"><param name="X" type="float"/><param name="Y" type="float"/><param name="Z" type="float"/></accessor></technique_common></source>
        <vertices id="ROW_20_SEG4_solid-vtx"><input semantic="POSITION" source="#ROW_20_SEG4_solid-pos"/></vertices>
        <triangles count="2852" material="MAT_COTTON_STEM-mat"><input semantic="VERTEX" source="#ROW_20_SEG4_solid-vtx" offset="0"/><input semantic="NORMAL" source="#ROW_20_SEG4_solid-nrm" offset="1"/><p>0 0 1 1 2 2 0 0 2 2 3 3 1 1 4 4 5 5 1 1 5 5 2 2 4 4 6 6 7 7 4 4 7 7 5 5 6 6 8 8 9 9 6 6 9 9 7 7 8 8 10 10 11 11 8 8 11 11 9 9 10 10 0 0 3 3 10 10 3 3 11 11 3 3 2 2 12 12 3 3 12 12 13 13 2 2 5 5 14 14 2 2 14 14 12 12 5 5 7 7 15 15 5 5 15 15 14 14 7 7 9 9 16 16 7 7 16 16 15 15 9 9 11 11 17 17 9 9 17 17 16 16 11 11 3 3 13 13 11 11 13 13 17 17 13 13 12 12 18 18 13 13 18 18 19 19 12 12 14 14 20 20 12 12 20 20 18 18 14 14 15 15 21 21 14 14 21 21 20 20 15 15 16 16 22 22 15 15 22 22 21 21 16 16 17 17 23 23 16 16 23 23 22 22 17 17 13 13 19 19 17 17 19 19 23 23 19 19 18 18 24 24 19 19 24 24 25 25 18 18 20 20 26 26 18 18 26 26 24 24 20 20 21 21 27 27 20 20 27 27 26 26 21 21 22 22 28 28 21 21 28 28 27 27 22 22 23 23 29 29 22 22 29 29 28 28 23 23 19 19 25 25 23 23 25 25 29 29 25 25 24 24 30 30 25 25 30 30 31 31 24 24 26 26 32 32 24 24 32 32 30 30 26 26 27 27 33 33 26 26 33 33 32 32 27 27 28 28 34 34 27 27 34 34 33 33 28 28 29 29 35 35 28 28 35 35 34 34 29 29 25 25 31 31 29 29 31 31 35 35 31 31 30 30 36 36 31 31 36 36 37 37 30 30 32 32 38 38 30 30 38 38 36 36 32 32 33 33 39 39 32 32 39 39 38 38 33 33 34 34 40 40 33 33 40 40 39 39 34 34 35 35 41 41 34 34 41 41 40 40 35 35 31 31 37 37 35 35 37 37 41 41 0 0 1 1 42 42 1 1 4 4 42 42 4 4 6 6 42 42 6 6 8 8 42 42 8 8 10 10 42 42 10 10 0 0 42 42 36 36 37 37 43 43 38 38 36 36 43 43 39 39 38 38 43 43 40 40 39 39 43 43 41 41 40 40 43 43 37 37 41 41 43 43 44 44 45 45 46 46 44 44 46 46 47 47 45 45 48 48 49 49 45 45 49 49 46 46 48 48 50 50 51 51 48 48 51 51 49 49 50 50 44 44 47 47 50 50 47 47 51 51 47 47 46 46 52 46 47 47 52 46 53 52 46 46 49 49 54 53 46 46 54 53 52 46 49 49 51 51 55 54 49 49 55 54 54 53 51 51 47 47 53 52 51 51 53 52 55 54 56 55 57 56 58 57 56 55 58 57 59 58 57 56 60 59 61 60 57 56 61 60 58 57 60 59 62 61 63 62 60 59 63 62 61 60 62 61 56 55 59 58 62 61 59 58 63 62 59 58 58 57 64 63 59 58 64 63 65 64 58 57 61 60 66 65 58 57 66 65 64 63 61 60 63 62 67 66 61 60 67 66 66 65 63 62 59 58 65 64 63 62 65 64 67 66 68 67 69 68 70 69 68 67 70 69 71 70 69 68 72 71 73 72 69 68 73 72 70 69 72 71 74 73 75 74 72 71 75 74 73 72 74 73 68 67 71 70 74 73 71 70 75 74 71 70 70 69 76 75 71 70 76 75 77 76 70 69 73 72 78 77 70 69 78 77 76 75 73 72 75 74 79 78 73 72 79 78 78 77 75 74 71 70 77 76 75 74 77 76 79 78 80 79 81 80 82 80 80 79 82 80 83 81 81 80 84 82 85 83 81 80 85 83 82 80 84 82 86 84 87 85 84 82 87 85 85 83 86 84 80 79 83 81 86 84 83 81 87 85 83 81 82 80 88 86 83 81 88 86 89 87 82 80 85 83 90 88 82 80 90 88 88 86 85 83 87 85 91 85 85 83 91 85 90 88 87 85 83 81 89 87 87 85 89 87 91 85 92 89 93 90 94 91 92 89 94 91 95 92 93 90 96 93 97 94 93 90 97 94 94 91 96 93 98 95 99 96 96 93 99 96 97 94 98 95 100 97 101 98 98 95 101 98 99 96 100 97 102 99 103 100 100 97 103 100 101 98 102 99 92 89 95 92 102 99 95 92 103 100 95 92 94 91 104 101 95 92 104 101 105 102 94 91 97 94 106 103 94 91 106 103 104 101 97 94 99 96 107 104 97 94 107 104 106 103 99 96 101 98 108 105 99 96 108 105 107 104 101 98 103 100 109 106 101 98 109 106 108 105 103 100 95 92 105 102 103 100 105 102 109 106 105 102 104 101 110 107 105 102 110 107 111 108 104 101 106 103 112 109 104 101 112 109 110 107 106 103 107 104 113 110 106 103 113 110 112 109 107 104 108 105 114 111 107 104 114 111 113 110 108 105 109 106 115 112 108 105 115 112 114 111 109 106 105 102 111 108 109 106 111 108 115 112 111 108 110 107 116 113 111 108 116 113 117 114 110 107 112 109 118 115 110 107 118 115 116 113 112 109 113 110 119 116 112 109 119 116 118 115 113 110 114 111 120 117 113 110 120 117 119 116 114 111 115 112 121 118 114 111 121 118 120 117 115 112 111 108 117 114 115 112 117 114 121 118 117 114 116 113 122 119 117 114 122 119 123 120 116 113 118 115 124 121 116 113 124 121 122 119 118 115 119 116 125 122 118 115 125 122 124 121 119 116 120 117 126 123 119 116 126 123 125 122 120 117 121 118 127 124 120 117 127 124 126 123 121 118 117 114 123 120 121 118 123 120 127 124 123 120 122 119 128 125 123 120 128 125 129 126 122 119 124 121 130 127 122 119 130 127 128 125 124 121 125 122 131 128 124 121 131 128 130 127 125 122 126 123 132 129 125 122 132 129 131 128 126 123 127 124 133 130 126 123 133 130 132 129 127 124 123 120 129 126 127 124 129 126 133 130 92 89 93 90 134 131 93 90 96 93 134 131 96 93 98 95 134 131 98 95 100 97 134 131 100 97 102 99 134 131 102 99 92 89 134 131 128 125 129 126 135 132 130 127 128 125 135 132 131 128 130 127 135 132 132 129 131 128 135 132 133 130 132 129 135 132 129 126 133 130 135 132 136 133 137 134 138 135 136 133 138 135 139 136 137 134 140 137 141 138 137 134 141 138 138 135 140 137 142 139 143 140 140 137 143 140 141 138 142 139 136 133 139 136 142 139 139 136 143 140 139 136 138 135 144 141 139 136 144 141 145 136 138 135 141 138 146 138 138 135 146 138 144 141 141 138 143 140 147 140 141 138 147 140 146 138 143 140 139 136 145 136 143 140 145 136 147 140 148 142 149 143 150 144 148 142 150 144 151 145 149 143 152 146 153 147 149 143 153 147 150 144 152 146 154 148 155 149 152 146 155 149 153 147 154 148 148 142 151 145 154 148 151 145 155 149 151 145 150 144 156 144 151 145 156 144 157 150 150 144 153 147 158 151 150 144 158 151 156 144 153 147 155 149 159 152 153 147 159 152 158 151 155 149 151 145 157 150 155 149 157 150 159 152 160 153 161 154 162 155 160 153 162 155 163 156 161 154 164 157 165 158 161 154 165 158 162 155 164 157 166 159 167 160 164 157 167 160 165 158 166 159 160 153 163 156 166 159 163 156 167 160 163 156 162 155 168 161 163 156 168 161 169 162 162 155 165 158 170 163 162 155 170 163 168 161 165 158 167 160 171 164 165 158 171 164 170 163 167 160 163 156 169 162 167 160 169 162 171 164 172 165 173 166 174 166 172 165 174 166 175 167 173 166 176 168 177 169 173 166 177 169 174 166 176 168 178 170 179 171 176 168 179 171 177 169 178 170 172 165 175 167 178 170 175 167 179 171 175 167 174 166 180 172 175 167 180 172 181 173 174 166 177 169 182 169 174 166 182 169 180 172 177 169 179 171 183 174 177 169 183 174 182 169 179 171 175 167 181 173 179 171 181 173 183 174 184 175 185 176 186 177 184 175 186 177 187 175 185 176 188 178 189 178 185 176 189 178 186 177 188 178 190 179 191 180 188 178 191 180 189 178 190 179 184 175 187 175 190 179 187 175 191 180 187 175 186 177 192 177 187 175 192 177 193 181 186 177 189 178 194 182 186 177 194 182 192 177 189 178 191 180 195 183 189 178 195 183 194 182 191 180 187 175 193 181 191 180 193 181 195 183 196 184 197 185 198 186 196 184 198 186 199 187 197 185 200 188 201 188 197 185 201 188 198 186 200 188 202 189 203 190 200 188 203 190 201 188 202 189 196 184 199 187 202 189 199 187 203 190 199 187 198 186 204 191 199 187 204 191 205 192 198 186 201 188 206 193 198 186 206 193 204 191 201 188 203 190 207 194 201 188 207 194 206 193 203 190 199 187 205 192 203 190 205 192 207 194 208 195 209 196 210 197 208 195 210 197 211 198 209 196 212 199 213 200 209 196 213 200 210 197 212 199 214 201 215 202 212 199 215 202 213 200 214 201 208 195 211 198 214 201 211 198 215 202 211 198 210 197 216 203 211 198 216 203 217 204 210 197 213 200 218 205 210 197 218 205 216 203 213 200 215 202 219 202 213 200 219 202 218 205 215 202 211 198 217 204 215 202 217 204 219 202 220 206 221 207 222 207 220 206 222 207 223 208 221 207 224 209 225 210 221 207 225 210 222 207 224 209 226 211 227 212 224 209 227 212 225 210 226 211 220 206 223 208 226 211 223 208 227 212 223 208 222 207 228 213 223 208 228 213 229 214 222 207 225 210 230 215 222 207 230 215 228 213 225 210 227 212 231 216 225 210 231 216 230 215 227 212 223 208 229 214 227 212 229 214 231 216 228 213 229 214 232 217 230 215 228 213 232 217 231 216 230 215 232 217 229 214 231 216 232 217 233 218 234 219 235 220 233 218 235 220 236 221 234 219 237 222 238 223 234 219 238 223 235 220 237 222 239 224 240 225 237 222 240 225 238 223 239 224 241 226 242 227 239 224 242 227 240 225 241 226 243 228 244 229 241 226 244 229 242 227 243 228 233 218 236 221 243 228 236 221 244 229 236 221 235 220 245 230 236 221 245 230 246 231 235 220 238 223 247 232 235 220 247 232 245 230 238 223 240 225 248 233 238 223 248 233 247 232 240 225 242 227 249 234 240 225 249 234 248 233 242 227 244 229 250 235 242 227 250 235 249 234 244 229 236 221 246 231 244 229 246 231 250 235 246 231 245 230 251 236 246 231 251 236 252 237 245 230 247 232 253 238 245 230 253 238 251 236 247 232 248 233 254 239 247 232 254 239 253 238 248 233 249 234 255 240 248 233 255 240 254 239 249 234 250 235 256 241 249 234 256 241 255 240 250 235 246 231 252 237 250 235 252 237 256 241 252 237 251 236 257 242 252 237 257 242 258 243 251 236 253 238 259 244 251 236 259 244 257 242 253 238 254 239 260 245 253 238 260 245 259 244 254 239 255 240 261 246 254 239 261 246 260 245 255 240 256 241 262 247 255 240 262 247 261 246 256 241 252 237 258 243 256 241 258 243 262 247 258 243 257 242 263 248 258 243 263 248 264 249 257 242 259 244 265 250 257 242 265 250 263 248 259 244 260 245 266 251 259 244 266 251 265 250 260 245 261 246 267 252 260 245 267 252 266 251 261 246 262 247 268 253 261 246 268 253 267 252 262 247 258 243 264 249 262 247 264 249 268 253 264 249 263 248 269 254 264 249 269 254 270 255 263 248 265 250 271 256 263 248 271 256 269 254 265 250 266 251 272 257 265 250 272 257 271 256 266 251 267 252 273 258 266 251 273 258 272 257 267 252 268 253 274 259 267 252 274 259 273 258 268 253 264 249 270 255 268 253 270 255 274 259 233 218 234 219 275 260 234 219 237 222 275 260 237 222 239 224 275 260 239 224 241 226 275 260 241 226 243 228 275 260 243 228 233 218 275 260 269 254 270 255 276 261 271 256 269 254 276 261 272 257 271 256 276 261 273 258 272 257 276 261 274 259 273 258 276 261 270 255 274 259 276 261 277 262 278 263 279 264 277 262 279 264 280 265 278 263 281 266 282 267 278 263 282 267 279 264 281 266 283 268 284 268 281 266 284 268 282 267 283 268 277 262 280 265 283 268 280 265 284 268 280 265 279 264 285 269 280 265 285 269 286 270 279 264 282 267 287 267 279 264 287 267 285 269 282 267 284 268 288 271 282 267 288 271 287 267 284 268 280 265 286 270 284 268 286 270 288 271 289 272 290 273 291 274 289 272 291 274 292 275 290 273 293 276 294 277 290 273 294 277 291 274 293 276 295 278 296 279 293 276 296 279 294 277 295 278 289 272 292 275 295 278 292 275 296 279 292 275 291 274 297 280 292 275 297 280 298 281 291 274 294 277 299 282 291 274 299 282 297 280 294 277 296 279 300 283 294 277 300 283 299 282 296 279 292 275 298 281 296 279 298 281 300 283 301 284 302 285 303 286 301 284 303 286 304 287 302 285 305 288 306 289 302 285 306 289 303 286 305 288 307 290 308 291 305 288 308 291 306 289 307 290 301 284 304 287 307 290 304 287 308 291 304 287 303 286 309 292 304 287 309 292 310 293 303 286 306 289 311 294 303 286 311 294 309 292 306 289 308 291 312 295 306 289 312 295 311 294 308 291 304 287 310 293 308 291 310 293 312 295 313 296 314 297 315 298 313 296 315 298 316 299 314 297 317 300 318 300 314 297 318 300 315 298 317 300 319 301 320 302 317 300 320 302 318 300 319 301 313 296 316 299 319 301 316 299 320 302 316 299 315 298 321 303 316 299 321 303 322 304 315 298 318 300 323 305 315 298 323 305 321 303 318 300 320 302 324 306 318 300 324 306 323 305 320 302 316 299 322 304 320 302 322 304 324 306 325 307 326 308 327 309 325 307 327 309 328 310 326 308 329 311 330 312 326 308 330 312 327 309 329 311 331 313 332 314 329 311 332 314 330 312 331 313 325 307 328 310 331 313 328 310 332 314 328 310 327 309 333 315 328 310 333 315 334 316 327 309 330 312 335 317 327 309 335 317 333 315 330 312 332 314 336 318 330 312 336 318 335 317 332 314 328 310 334 316 332 314 334 316 336 318 337 319 338 320 339 321 337 319 339 321 340 322 338 320 341 323 342 324 338 320 342 324 339 321 341 323 343 325 344 326 341 323 344 326 342 324 343 325 337 319 340 322 343 325 340 322 344 326 340 322 339 321 345 321 340 322 345 321 346 327 339 321 342 324 347 328 339 321 347 328 345 321 342 324 344 326 348 326 342 324 348 326 347 328 344 326 340 322 346 327 344 326 346 327 348 326 349 329 350 330 351 331 349 329 351 331 352 332 350 330 353 333 354 334 350 330 354 334 351 331 353 333 355 335 356 336 353 333 356 336 354 334 355 335 349 329 352 332 355 335 352 332 356 336 352 332 351 331 357 337 352 332 357 337 358 338 351 331 354 334 359 339 351 331 359 339 357 337 354 334 356 336 360 340 354 334 360 340 359 339 356 336 352 332 358 338 356 336 358 338 360 340 361 341 362 342 363 342 361 341 363 342 364 343 362 342 365 344 366 345 362 342 366 345 363 342 365 344 367 346 368 347 365 344 368 347 366 345 367 346 361 341 364 343 367 346 364 343 368 347 364 343 363 342 369 348 364 343 369 348 370 349 363 342 366 345 371 350 363 342 371 350 369 348 366 345 368 347 372 351 366 345 372 351 371 350 368 347 364 343 370 349 368 347 370 349 372 351 369 348 370 349 373 352 371 350 369 348 373 352 372 351 371 350 373 352 370 349 372 351 373 352 374 353 375 354 376 355 374 353 376 355 377 356 375 354 378 357 379 358 375 354 379 358 376 355 378 357 380 359 381 360 378 357 381 360 379 358 380 359 382 361 383 362 380 359 383 362 381 360 382 361 384 363 385 364 382 361 385 364 383 362 384 363 374 353 377 356 384 363 377 356 385 364 377 356 376 355 386 365 377 356 386 365 387 366 376 355 379 358 388 367 376 355 388 367 386 365 379 358 381 360 389 368 379 358 389 368 388 367 381 360 383 362 390 369 381 360 390 369 389 368 383 362 385 364 391 370 383 362 391 370 390 369 385 364 377 356 387 366 385 364 387 366 391 370 387 366 386 365 392 371 387 366 392 371 393 372 386 365 388 367 394 373 386 365 394 373 392 371 388 367 389 368 395 374 388 367 395 374 394 373 389 368 390 369 396 375 389 368 396 375 395 374 390 369 391 370 397 376 390 369 397 376 396 375 391 370 387 366 393 372 391 370 393 372 397 376 393 372 392 371 398 377 393 372 398 377 399 378 392 371 394 373 400 379 392 371 400 379 398 377 394 373 395 374 401 380 394 373 401 380 400 379 395 374 396 375 402 381 395 374 402 381 401 380 396 375 397 376 403 382 396 375 403 382 402 381 397 376 393 372 399 378 397 376 399 378 403 382 399 378 398 377 404 383 399 378 404 383 405 384 398 377 400 379 406 385 398 377 406 385 404 383 400 379 401 380 407 386 400 379 407 386 406 385 401 380 402 381 408 387 401 380 408 387 407 386 402 381 403 382 409 388 402 381 409 388 408 387 403 382 399 378 405 384 403 382 405 384 409 388 405 384 404 383 410 389 405 384 410 389 411 390 404 383 406 385 412 391 404 383 412 391 410 389 406 385 407 386 413 392 406 385 413 392 412 391 407 386 408 387 414 393 407 386 414 393 413 392 408 387 409 388 415 394 408 387 415 394 414 393 409 388 405 384 411 390 409 388 411 390 415 394 374 353 375 354 416 395 375 354 378 357 416 395 378 357 380 359 416 395 380 359 382 361 416 395 382 361 384 363 416 395 384 363 374 353 416 395 410 389 411 390 417 396 412 391 410 389 417 396 413 392 412 391 417 396 414 393 413 392 417 396 415 394 414 393 417 396 411 390 415 394 417 396 418 397 419 398 420 399 418 397 420 399 421 400 419 398 422 401 423 402 419 398 423 402 420 399 422 401 424 403 425 404 422 401 425 404 423 402 424 403 418 397 421 400 424 403 421 400 425 404 421 400 420 399 426 405 421 400 426 405 427 406 420 399 423 402 428 407 420 399 428 407 426 405 423 402 425 404 429 408 423 402 429 408 428 407 425 404 421 400 427 406 425 404 427 406 429 408 430 409 431 410 432 411 430 409 432 411 433 409 431 410 434 412 435 413 431 410 435 413 432 411 434 412 436 414 437 415 434 412 437 415 435 413 436 414 430 409 433 409 436 414 433 409 437 415 433 409 432 411 438 411 433 409 438 411 439 416 432 411 435 413 440 417 432 411 440 417 438 411 435 413 437 415 441 415 435 413 441 415 440 417 437 415 433 409 439 416 437 415 439 416 441 415 442 418 443 419 444 420 442 418 444 420 445 421 443 419 446 422 447 423 443 419 447 423 444 420 446 422 448 424 449 425 446 422 449 425 447 423 448 424 442 418 445 421 448 424 445 421 449 425 445 421 444 420 450 426 445 421 450 426 451 427 444 420 447 423 452 428 444 420 452 428 450 426 447 423 449 425 453 429 447 423 453 429 452 428 449 425 445 421 451 427 449 425 451 427 453 429 454 430 455 431 456 432 454 430 456 432 457 433 455 431 458 434 459 435 455 431 459 435 456 432 458 434 460 436 461 437 458 434 461 437 459 435 460 436 454 430 457 433 460 436 457 433 461 437 457 433 456 432 462 438 457 433 462 438 463 439 456 432 459 435 464 440 456 432 464 440 462 438 459 435 461 437 465 441 459 435 465 441 464 440 461 437 457 433 463 439 461 437 463 439 465 441 466 442 467 443 468 444 466 442 468 444 469 445 467 443 470 446 471 447 467 443 471 447 468 444 470 446 472 448 473 449 470 446 473 449 471 447 472 448 466 442 469 445 472 448 469 445 473 449 469 445 468 444 474 450 469 445 474 450 475 451 468 444 471 447 476 452 468 444 476 452 474 450 471 447 473 449 477 453 471 447 477 453 476 452 473 449 469 445 475 451 473 449 475 451 477 453 478 454 479 455 480 456 478 454 480 456 481 457 479 455 482 458 483 459 479 455 483 459 480 456 482 458 484 460 485 461 482 458 485 461 483 459 484 460 478 454 481 457 484 460 481 457 485 461 481 457 480 456 486 462 481 457 486 462 487 463 480 456 483 459 488 464 480 456 488 464 486 462 483 459 485 461 489 465 483 459 489 465 488 464 485 461 481 457 487 463 485 461 487 463 489 465 490 466 491 467 492 468 490 466 492 468 493 469 491 467 494 470 495 471 491 467 495 471 492 468 494 470 496 472 497 473 494 470 497 473 495 471 496 472 490 466 493 469 496 472 493 469 497 473 493 469 492 468 498 474 493 469 498 474 499 475 492 468 495 471 500 476 492 468 500 476 498 474 495 471 497 473 501 477 495 471 501 477 500 476 497 473 493 469 499 475 497 473 499 475 501 477 498 474 499 475 502 478 500 476 498 474 502 478 501 477 500 476 502 478 499 475 501 477 502 478 503 479 504 480 505 481 503 479 505 481 506 482 504 480 507 483 508 484 504 480 508 484 505 481 507 483 509 485 510 486 507 483 510 486 508 484 509 485 511 487 512 488 509 485 512 488 510 486 511 487 513 489 514 490 511 487 514 490 512 488 513 489 503 479 506 482 513 489 506 482 514 490 506 482 505 481 515 491 506 482 515 491 516 492 505 481 508 484 517 493 505 481 517 493 515 491 508 484 510 486 518 494 508 484 518 494 517 493 510 486 512 488 519 495 510 486 519 495 518 494 512 488 514 490 520 496 512 488 520 496 519 495 514 490 506 482 516 492 514 490 516 492 520 496 516 492 515 491 521 497 516 492 521 497 522 498 515 491 517 493 523 499 515 491 523 499 521 497 517 493 518 494 524 500 517 493 524 500 523 499 518 494 519 495 525 501 518 494 525 501 524 500 519 495 520 496 526 502 519 495 526 502 525 501 520 496 516 492 522 498 520 496 522 498 526 502 522 498 521 497 527 503 522 498 527 503 528 504 521 497 523 499 529 505 521 497 529 505 527 503 523 499 524 500 530 506 523 499 530 506 529 505 524 500 525 501 531 507 524 500 531 507 530 506 525 501 526 502 532 508 525 501 532 508 531 507 526 502 522 498 528 504 526 502 528 504 532 508 528 504 527 503 533 509 528 504 533 509 534 510 527 503 529 505 535 511 527 503 535 511 533 509 529 505 530 506 536 512 529 505 536 512 535 511 530 506 531 507 537 513 530 506 537 513 536 512 531 507 532 508 538 514 531 507 538 514 537 513 532 508 528 504 534 510 532 508 534 510 538 514 534 510 533 509 539 515 534 510 539 515 540 516 533 509 535 511 541 517 533 509 541 517 539 515 535 511 536 512 542 518 535 511 542 518 541 517 536 512 537 513 543 519 536 512 543 519 542 518 537 513 538 514 544 520 537 513 544 520 543 519 538 514 534 510 540 516 538 514 540 516 544 520 503 479 504 480 545 521 504 480 507 483 545 521 507 483 509 485 545 521 509 485 511 487 545 521 511 487 513 489 545 521 513 489 503 479 545 521 539 515 540 516 546 522 541 517 539 515 546 522 542 518 541 517 546 522 543 519 542 518 546 522 544 520 543 519 546 522 540 516 544 520 546 522 547 523 548 524 549 525 547 523 549 525 550 526 548 524 551 527 552 528 548 524 552 528 549 525 551 527 553 529 554 530 551 527 554 530 552 528 553 529 547 523 550 526 553 529 550 526 554 530 550 526 549 525 555 531 550 526 555 531 556 532 549 525 552 528 557 533 549 525 557 533 555 531 552 528 554 530 558 534 552 528 558 534 557 533 554 530 550 526 556 532 554 530 556 532 558 534 559 535 560 536 561 537 559 535 561 537 562 535 560 536 563 538 564 539 560 536 564 539 561 537 563 538 565 540 566 541 563 538 566 541 564 539 565 540 559 535 562 535 565 540 562 535 566 541 562 535 561 537 567 542 562 535 567 542 568 543 561 537 564 539 569 544 561 537 569 544 567 542 564 539 566 541 570 545 564 539 570 545 569 544 566 541 562 535 568 543 566 541 568 543 570 545 571 546 572 547 573 548 571 546 573 548 574 549 572 547 575 550 576 551 572 547 576 551 573 548 575 550 577 552 578 553 575 550 578 553 576 551 577 552 571 546 574 549 577 552 574 549 578 553 574 549 573 548 579 554 574 549 579 554 580 555 573 548 576 551 581 556 573 548 581 556 579 554 576 551 578 553 582 557 576 551 582 557 581 556 578 553 574 549 580 555 578 553 580 555 582 557 583 558 584 559 585 560 583 558 585 560 586 558 584 559 587 561 588 562 584 559 588 562 585 560 587 561 589 563 590 564 587 561 590 564 588 562 589 563 583 558 586 558 589 563 586 558 590 564 586 558 585 560 591 565 586 558 591 565 592 566 585 560 588 562 593 562 585 560 593 562 591 565 588 562 590 564 594 567 588 562 594 567 593 562 590 564 586 558 592 566 590 564 592 566 594 567 595 568 596 569 597 569 595 568 597 569 598 570 596 569 599 571 600 572 596 569 600 572 597 569 599 571 601 573 602 574 599 571 602 574 600 572 601 573 595 568 598 570 601 573 598 570 602 574 598 570 597 569 603 575 598 570 603 575 604 576 597 569 600 572 605 577 597 569 605 577 603 575 600 572 602 574 606 578 600 572 606 578 605 577 602 574 598 570 604 576 602 574 604 576 606 578 607 579 608 580 609 581 607 579 609 581 610 582 608 580 611 583 612 584 608 580 612 584 609 581 611 583 613 585 614 586 611 583 614 586 612 584 613 585 607 579 610 582 613 585 610 582 614 586 610 582 609 581 615 581 610 582 615 581 616 587 609 581 612 584 617 588 609 581 617 588 615 581 612 584 614 586 618 589 612 584 618 589 617 588 614 586 610 582 616 587 614 586 616 587 618 589 619 590 620 591 621 592 619 590 621 592 622 593 620 591 623 594 624 595 620 591 624 595 621 592 623 594 625 596 626 597 623 594 626 597 624 595 625 596 619 590 622 593 625 596 622 593 626 597 622 593 621 592 627 598 622 593 627 598 628 599 621 592 624 595 629 600 621 592 629 600 627 598 624 595 626 597 630 601 624 595 630 601 629 600 626 597 622 593 628 599 626 597 628 599 630 601 627 598 628 599 631 602 629 600 627 598 631 602 630 601 629 600 631 602 628 599 630 601 631 602 632 603 633 604 634 605 632 603 634 605 635 606 633 604 636 607 637 608 633 604 637 608 634 605 636 607 638 609 639 610 636 607 639 610 637 608 638 609 640 611 641 612 638 609 641 612 639 610 640 611 642 613 643 614 640 611 643 614 641 612 642 613 632 603 635 606 642 613 635 606 643 614 635 606 634 605 644 615 635 606 644 615 645 616 634 605 637 608 646 617 634 605 646 617 644 615 637 608 639 610 647 618 637 608 647 618 646 617 639 610 641 612 648 619 639 610 648 619 647 618 641 612 643 614 649 620 641 612 649 620 648 619 643 614 635 606 645 616 643 614 645 616 649 620 645 616 644 615 650 621 645 616 650 621 651 622 644 615 646 617 652 623 644 615 652 623 650 621 646 617 647 618 653 624 646 617 653 624 652 623 647 618 648 619 654 625 647 618 654 625 653 624 648 619 649 620 655 626 648 619 655 626 654 625 649 620 645 616 651 622 649 620 651 622 655 626 651 622 650 621 656 627 651 622 656 627 657 628 650 621 652 623 658 629 650 621 658 629 656 627 652 623 653 624 659 630 652 623 659 630 658 629 653 624 654 625 660 631 653 624 660 631 659 630 654 625 655 626 661 632 654 625 661 632 660 631 655 626 651 622 657 628 655 626 657 628 661 632 657 628 656 627 662 633 657 628 662 633 663 634 656 627 658 629 664 635 656 627 664 635 662 633 658 629 659 630 665 636 658 629 665 636 664 635 659 630 660 631 666 637 659 630 666 637 665 636 660 631 661 632 667 638 660 631 667 638 666 637 661 632 657 628 663 634 661 632 663 634 667 638 663 634 662 633 668 639 663 634 668 639 669 640 662 633 664 635 670 641 662 633 670 641 668 639 664 635 665 636 671 642 664 635 671 642 670 641 665 636 666 637 672 643 665 636 672 643 671 642 666 637 667 638 673 644 666 637 673 644 672 643 667 638 663 634 669 640 667 638 669 640 673 644 632 603 633 604 674 645 633 604 636 607 674 645 636 607 638 609 674 645 638 609 640 611 674 645 640 611 642 613 674 645 642 613 632 603 674 645 668 639 669 640 675 646 670 641 668 639 675 646 671 642 670 641 675 646 672 643 671 642 675 646 673 644 672 643 675 646 669 640 673 644 675 646 676 647 677 648 678 649 676 647 678 649 679 650 677 648 680 651 681 652 677 648 681 652 678 649 680 651 682 653 683 654 680 651 683 654 681 652 682 653 676 647 679 650 682 653 679 650 683 654 679 650 678 649 684 655 679 650 684 655 685 656 678 649 681 652 686 657 678 649 686 657 684 655 681 652 683 654 687 658 681 652 687 658 686 657 683 654 679 650 685 656 683 654 685 656 687 658 688 659 689 660 690 661 688 659 690 661 691 662 689 660 692 663 693 664 689 660 693 664 690 661 692 663 694 665 695 666 692 663 695 666 693 664 694 665 688 659 691 662 694 665 691 662 695 666 691 662 690 661 696 661 691 662 696 661 697 667 690 661 693 664 698 668 690 661 698 668 696 661 693 664 695 666 699 669 693 664 699 669 698 668 695 666 691 662 697 667 695 666 697 667 699 669 700 670 701 671 702 672 700 670 702 672 703 673 701 671 704 674 705 675 701 671 705 675 702 672 704 674 706 676 707 677 704 674 707 677 705 675 706 676 700 670 703 673 706 676 703 673 707 677 703 673 702 672 708 678 703 673 708 678 709 679 702 672 705 675 710 680 702 672 710 680 708 678 705 675 707 677 711 681 705 675 711 681 710 680 707 677 703 673 709 679 707 677 709 679 711 681 712 682 713 683 714 684 712 682 714 684 715 685 713 683 716 686 717 686 713 683 717 686 714 684 716 686 718 687 719 687 716 686 719 687 717 686 718 687 712 682 715 685 718 687 715 685 719 687 715 685 714 684 720 688 715 685 720 688 721 689 714 684 717 686 722 690 714 684 722 690 720 688 717 686 719 687 723 691 717 686 723 691 722 690 719 687 715 685 721 689 719 687 721 689 723 691 724 692 725 693 726 694 724 692 726 694 727 695 725 693 728 696 729 697 725 693 729 697 726 694 728 696 730 698 731 699 728 696 731 699 729 697 730 698 724 692 727 695 730 698 727 695 731 699 727 695 726 694 732 694 727 695 732 694 733 700 726 694 729 697 734 701 726 694 734 701 732 694 729 697 731 699 735 699 729 697 735 699 734 701 731 699 727 695 733 700 731 699 733 700 735 699 736 702 737 703 738 704 736 702 738 704 739 705 737 703 740 706 741 707 737 703 741 707 738 704 740 706 742 708 743 709 740 706 743 709 741 707 742 708 736 702 739 705 742 708 739 705 743 709 739 705 738 704 744 710 739 705 744 710 745 711 738 704 741 707 746 712 738 704 746 712 744 710 741 707 743 709 747 713 741 707 747 713 746 712 743 709 739 705 745 711 743 709 745 711 747 713 748 714 749 715 750 716 748 714 750 716 751 717 749 715 752 718 753 719 749 715 753 719 750 716 752 718 754 720 755 721 752 718 755 721 753 719 754 720 748 714 751 717 754 720 751 717 755 721 751 717 750 716 756 722 751 717 756 722 757 717 750 716 753 719 758 723 750 716 758 723 756 722 753 719 755 721 759 724 753 719 759 724 758 723 755 721 751 717 757 717 755 721 757 717 759 724 760 725 761 726 762 727 760 725 762 727 763 728 761 726 764 729 765 730 761 726 765 730 762 727 764 729 766 731 767 732 764 729 767 732 765 730 766 731 760 725 763 728 766 731 763 728 767 732 763 728 762 727 768 733 763 728 768 733 769 728 762 727 765 730 770 734 762 727 770 734 768 733 765 730 767 732 771 735 765 730 771 735 770 734 767 732 763 728 769 728 767 732 769 728 771 735 772 736 773 737 774 738 772 736 774 738 775 739 773 737 776 740 777 741 773 737 777 741 774 738 776 740 778 742 779 743 776 740 779 743 777 741 778 742 772 736 775 739 778 742 775 739 779 743 775 739 774 738 780 744 775 739 780 744 781 745 774 738 777 741 782 746 774 738 782 746 780 744 777 741 779 743 783 747 777 741 783 747 782 746 779 743 775 739 781 745 779 743 781 745 783 747 780 744 781 745 784 748 782 746 780 744 784 748 783 747 782 746 784 748 781 745 783 747 784 748 785 749 786 750 787 751 785 749 787 751 788 752 786 750 789 753 790 754 786 750 790 754 787 751 789 753 791 755 792 756 789 753 792 756 790 754 791 755 793 757 794 758 791 755 794 758 792 756 793 757 795 759 796 760 793 757 796 760 794 758 795 759 785 749 788 752 795 759 788 752 796 760 788 752 787 751 797 761 788 752 797 761 798 762 787 751 790 754 799 763 787 751 799 763 797 761 790 754 792 756 800 764 790 754 800 764 799 763 792 756 794 758 801 765 792 756 801 765 800 764 794 758 796 760 802 766 794 758 802 766 801 765 796 760 788 752 798 762 796 760 798 762 802 766 798 762 797 761 803 767 798 762 803 767 804 768 797 761 799 763 805 769 797 761 805 769 803 767 799 763 800 764 806 770 799 763 806 770 805 769 800 764 801 765 807 771 800 764 807 771 806 770 801 765 802 766 808 772 801 765 808 772 807 771 802 766 798 762 804 768 802 766 804 768 808 772 804 768 803 767 809 773 804 768 809 773 810 774 803 767 805 769 811 775 803 767 811 775 809 773 805 769 806 770 812 776 805 769 812 776 811 775 806 770 807 771 813 777 806 770 813 777 812 776 807 771 808 772 814 778 807 771 814 778 813 777 808 772 804 768 810 774 808 772 810 774 814 778 810 774 809 773 815 779 810 774 815 779 816 780 809 773 811 775 817 781 809 773 817 781 815 779 811 775 812 776 818 782 811 775 818 782 817 781 812 776 813 777 819 783 812 776 819 783 818 782 813 777 814 778 820 784 813 777 820 784 819 783 814 778 810 774 816 780 814 778 816 780 820 784 816 780 815 779 821 785 816 780 821 785 822 786 815 779 817 781 823 787 815 779 823 787 821 785 817 781 818 782 824 788 817 781 824 788 823 787 818 782 819 783 825 789 818 782 825 789 824 788 819 783 820 784 826 790 819 783 826 790 825 789 820 784 816 780 822 786 820 784 822 786 826 790 785 749 786 750 827 791 786 750 789 753 827 791 789 753 791 755 827 791 791 755 793 757 827 791 793 757 795 759 827 791 795 759 785 749 827 791 821 785 822 786 828 792 823 787 821 785 828 792 824 788 823 787 828 792 825 789 824 788 828 792 826 790 825 789 828 792 822 786 826 790 828 792 829 793 830 794 831 795 829 793 831 795 832 796 830 794 833 797 834 798 830 794 834 798 831 795 833 797 835 799 836 800 833 797 836 800 834 798 835 799 829 793 832 796 835 799 832 796 836 800 832 796 831 795 837 801 832 796 837 801 838 802 831 795 834 798 839 803 831 795 839 803 837 801 834 798 836 800 840 804 834 798 840 804 839 803 836 800 832 796 838 802 836 800 838 802 840 804 841 805 842 806 843 806 841 805 843 806 844 807 842 806 845 808 846 809 842 806 846 809 843 806 845 808 847 810 848 811 845 808 848 811 846 809 847 810 841 805 844 807 847 810 844 807 848 811 844 807 843 806 849 812 844 807 849 812 850 813 843 806 846 809 851 814 843 806 851 814 849 812 846 809 848 811 852 815 846 809 852 815 851 814 848 811 844 807 850 813 848 811 850 813 852 815 853 816 854 817 855 818 853 816 855 818 856 819 854 817 857 820 858 821 854 817 858 821 855 818 857 820 859 822 860 823 857 820 860 823 858 821 859 822 853 816 856 819 859 822 856 819 860 823 856 819 855 818 861 824 856 819 861 824 862 819 855 818 858 821 863 825 855 818 863 825 861 824 858 821 860 823 864 826 858 821 864 826 863 825 860 823 856 819 862 819 860 823 862 819 864 826 865 827 866 828 867 828 865 827 867 828 868 829 866 828 869 830 870 831 866 828 870 831 867 828 869 830 871 832 872 833 869 830 872 833 870 831 871 832 865 827 868 829 871 832 868 829 872 833 868 829 867 828 873 834 868 829 873 834 874 835 867 828 870 831 875 836 867 828 875 836 873 834 870 831 872 833 876 837 870 831 876 837 875 836 872 833 868 829 874 835 872 833 874 835 876 837 877 838 878 839 879 840 877 838 879 840 880 841 878 839 881 842 882 843 878 839 882 843 879 840 881 842 883 844 884 845 881 842 884 845 882 843 883 844 885 846 886 847 883 844 886 847 884 845 885 846 887 848 888 849 885 846 888 849 886 847 887 848 877 838 880 841 887 848 880 841 888 849 880 841 879 840 889 850 880 841 889 850 890 851 879 840 882 843 891 852 879 840 891 852 889 850 882 843 884 845 892 853 882 843 892 853 891 852 884 845 886 847 893 854 884 845 893 854 892 853 886 847 888 849 894 855 886 847 894 855 893 854 888 849 880 841 890 851 888 849 890 851 894 855 890 851 889 850 895 856 890 851 895 856 896 857 889 850 891 852 897 858 889 850 897 858 895 856 891 852 892 853 898 859 891 852 898 859 897 858 892 853 893 854 899 860 892 853 899 860 898 859 893 854 894 855 900 861 893 854 900 861 899 860 894 855 890 851 896 857 894 855 896 857 900 861 896 857 895 856 901 862 896 857 901 862 902 863 895 856 897 858 903 864 895 856 903 864 901 862 897 858 898 859 904 865 897 858 904 865 903 864 898 859 899 860 905 866 898 859 905 866 904 865 899 860 900 861 906 867 899 860 906 867 905 866 900 861 896 857 902 863 900 861 902 863 906 867 902 863 901 862 907 868 902 863 907 868 908 869 901 862 903 864 909 870 901 862 909 870 907 868 903 864 904 865 910 871 903 864 910 871 909 870 904 865 905 866 911 872 904 865 911 872 910 871 905 866 906 867 912 873 905 866 912 873 911 872 906 867 902 863 908 869 906 867 908 869 912 873 908 869 907 868 913 874 908 869 913 874 914 875 907 868 909 870 915 876 907 868 915 876 913 874 909 870 910 871 916 877 909 870 916 877 915 876 910 871 911 872 917 878 910 871 917 878 916 877 911 872 912 873 918 879 911 872 918 879 917 878 912 873 908 869 914 875 912 873 914 875 918 879 877 838 878 839 919 880 878 839 881 842 919 880 881 842 883 844 919 880 883 844 885 846 919 880 885 846 887 848 919 880 887 848 877 838 919 880 913 874 914 875 920 881 915 876 913 874 920 881 916 877 915 876 920 881 917 878 916 877 920 881 918 879 917 878 920 881 914 875 918 879 920 881 921 882 922 883 923 884 921 882 923 884 924 885 922 883 925 886 926 887 922 883 926 887 923 884 925 886 927 888 928 889 925 886 928 889 926 887 927 888 921 882 924 885 927 888 924 885 928 889 924 885 923 884 929 890 924 885 929 890 930 891 923 884 926 887 931 887 923 884 931 887 929 890 926 887 928 889 932 892 926 887 932 892 931 887 928 889 924 885 930 891 928 889 930 891 932 892 933 893 934 894 935 894 933 893 935 894 936 893 934 894 937 895 938 896 934 894 938 896 935 894 937 895 939 897 940 897 937 895 940 897 938 896 939 897 933 893 936 893 939 897 936 893 940 897 936 893 935 894 941 898 936 893 941 898 942 899 935 894 938 896 943 900 935 894 943 900 941 898 938 896 940 897 944 901 938 896 944 901 943 900 940 897 936 893 942 899 940 897 942 899 944 901 945 902 946 903 947 904 945 902 947 904 948 905 946 903 949 906 950 906 946 903 950 906 947 904 949 906 951 907 952 908 949 906 952 908 950 906 951 907 945 902 948 905 951 907 948 905 952 908 948 905 947 904 953 909 948 905 953 909 954 910 947 904 950 906 955 911 947 904 955 911 953 909 950 906 952 908 956 912 950 906 956 912 955 911 952 908 948 905 954 910 952 908 954 910 956 912 957 913 958 914 959 915 957 913 959 915 960 916 958 914 961 917 962 918 958 914 962 918 959 915 961 917 963 919 964 920 961 917 964 920 962 918 963 919 957 913 960 916 963 919 960 916 964 920 960 916 959 915 965 915 960 916 965 915 966 921 959 915 962 918 967 922 959 915 967 922 965 915 962 918 964 920 968 923 962 918 968 923 967 922 964 920 960 916 966 921 964 920 966 921 968 923 969 924 970 925 971 926 969 924 971 926 972 927 970 925 973 928 974 929 970 925 974 929 971 926 973 928 975 930 976 931 973 928 976 931 974 929 975 930 969 924 972 927 975 930 972 927 976 931 972 927 971 926 977 932 972 927 977 932 978 933 971 926 974 929 979 934 971 926 979 934 977 932 974 929 976 931 980 935 974 929 980 935 979 934 976 931 972 927 978 933 976 931 978 933 980 935 981 936 982 937 983 938 981 936 983 938 984 939 982 937 985 940 986 941 982 937 986 941 983 938 985 940 987 942 988 943 985 940 988 943 986 941 987 942 981 936 984 939 987 942 984 939 988 943 984 939 983 938 989 944 984 939 989 944 990 945 983 938 986 941 991 946 983 938 991 946 989 944 986 941 988 943 992 947 986 941 992 947 991 946 988 943 984 939 990 945 988 943 990 945 992 947 993 948 994 949 995 950 993 948 995 950 996 951 994 949 997 952 998 953 994 949 998 953 995 950 997 952 999 954 1000 955 997 952 1000 955 998 953 999 954 993 948 996 951 999 954 996 951 1000 955 996 951 995 950 1001 956 996 951 1001 956 1002 957 995 950 998 953 1003 958 995 950 1003 958 1001 956 998 953 1000 955 1004 959 998 953 1004 959 1003 958 1000 955 996 951 1002 957 1000 955 1002 957 1004 959 1001 956 1002 957 1005 960 1003 958 1001 956 1005 960 1004 959 1003 958 1005 960 1002 957 1004 959 1005 960 1006 961 1007 962 1008 963 1006 961 1008 963 1009 964 1007 962 1010 965 1011 966 1007 962 1011 966 1008 963 1010 965 1012 967 1013 968 1010 965 1013 968 1011 966 1012 967 1014 969 1015 970 1012 967 1015 970 1013 968 1014 969 1016 971 1017 972 1014 969 1017 972 1015 970 1016 971 1006 961 1009 964 1016 971 1009 964 1017 972 1009 964 1008 963 1018 973 1009 964 1018 973 1019 974 1008 963 1011 966 1020 975 1008 963 1020 975 1018 973 1011 966 1013 968 1021 976 1011 966 1021 976 1020 975 1013 968 1015 970 1022 977 1013 968 1022 977 1021 976 1015 970 1017 972 1023 978 1015 970 1023 978 1022 977 1017 972 1009 964 1019 974 1017 972 1019 974 1023 978 1019 974 1018 973 1024 979 1019 974 1024 979 1025 980 1018 973 1020 975 1026 981 1018 973 1026 981 1024 979 1020 975 1021 976 1027 982 1020 975 1027 982 1026 981 1021 976 1022 977 1028 983 1021 976 1028 983 1027 982 1022 977 1023 978 1029 984 1022 977 1029 984 1028 983 1023 978 1019 974 1025 980 1023 978 1025 980 1029 984 1025 980 1024 979 1030 985 1025 980 1030 985 1031 986 1024 979 1026 981 1032 987 1024 979 1032 987 1030 985 1026 981 1027 982 1033 988 1026 981 1033 988 1032 987 1027 982 1028 983 1034 989 1027 982 1034 989 1033 988 1028 983 1029 984 1035 990 1028 983 1035 990 1034 989 1029 984 1025 980 1031 986 1029 984 1031 986 1035 990 1031 986 1030 985 1036 991 1031 986 1036 991 1037 992 1030 985 1032 987 1038 993 1030 985 1038 993 1036 991 1032 987 1033 988 1039 994 1032 987 1039 994 1038 993 1033 988 1034 989 1040 995 1033 988 1040 995 1039 994 1034 989 1035 990 1041 996 1034 989 1041 996 1040 995 1035 990 1031 986 1037 992 1035 990 1037 992 1041 996 1037 992 1036 991 1042 997 1037 992 1042 997 1043 998 1036 991 1038 993 1044 999 1036 991 1044 999 1042 997 1038 993 1039 994 1045 1000 1038 993 1045 1000 1044 999 1039 994 1040 995 1046 1001 1039 994 1046 1001 1045 1000 1040 995 1041 996 1047 1002 1040 995 1047 1002 1046 1001 1041 996 1037 992 1043 998 1041 996 1043 998 1047 1002 1006 961 1007 962 1048 1003 1007 962 1010 965 1048 1003 1010 965 1012 967 1048 1003 1012 967 1014 969 1048 1003 1014 969 1016 971 1048 1003 1016 971 1006 961 1048 1003 1042 997 1043 998 1049 1004 1044 999 1042 997 1049 1004 1045 1000 1044 999 1049 1004 1046 1001 1045 1000 1049 1004 1047 1002 1046 1001 1049 1004 1043 998 1047 1002 1049 1004 1050 1005 1051 1006 1052 1007 1050 1005 1052 1007 1053 1008 1051 1006 1054 1009 1055 1010 1051 1006 1055 1010 1052 1007 1054 1009 1056 1011 1057 1012 1054 1009 1057 1012 1055 1010 1056 1011 1050 1005 1053 1008 1056 1011 1053 1008 1057 1012 1053 1008 1052 1007 1058 1013 1053 1008 1058 1013 1059 1014 1052 1007 1055 1010 1060 1015 1052 1007 1060 1015 1058 1013 1055 1010 1057 1012 1061 1016 1055 1010 1061 1016 1060 1015 1057 1012 1053 1008 1059 1014 1057 1012 1059 1014 1061 1016 1062 1017 1063 1018 1064 1019 1062 1017 1064 1019 1065 1020 1063 1018 1066 1021 1067 1021 1063 1018 1067 1021 1064 1019 1066 1021 1068 1022 1069 1023 1066 1021 1069 1023 1067 1021 1068 1022 1062 1017 1065 1020 1068 1022 1065 1020 1069 1023 1065 1020 1064 1019 1070 1024 1065 1020 1070 1024 1071 1025 1064 1019 1067 1021 1072 1026 1064 1019 1072 1026 1070 1024 1067 1021 1069 1023 1073 1027 1067 1021 1073 1027 1072 1026 1069 1023 1065 1020 1071 1025 1069 1023 1071 1025 1073 1027 1074 1028 1075 1029 1076 1030 1074 1028 1076 1030 1077 1031 1075 1029 1078 1032 1079 1033 1075 1029 1079 1033 1076 1030 1078 1032 1080 1034 1081 1035 1078 1032 1081 1035 1079 1033 1080 1034 1074 1028 1077 1031 1080 1034 1077 1031 1081 1035 1077 1031 1076 1030 1082 1036 1077 1031 1082 1036 1083 1037 1076 1030 1079 1033 1084 1038 1076 1030 1084 1038 1082 1036 1079 1033 1081 1035 1085 1039 1079 1033 1085 1039 1084 1038 1081 1035 1077 1031 1083 1037 1081 1035 1083 1037 1085 1039 1086 1040 1087 1041 1088 1042 1086 1040 1088 1042 1089 1043 1087 1041 1090 1044 1091 1045 1087 1041 1091 1045 1088 1042 1090 1044 1092 1046 1093 1047 1090 1044 1093 1047 1091 1045 1092 1046 1086 1040 1089 1043 1092 1046 1089 1043 1093 1047 1089 1043 1088 1042 1094 1048 1089 1043 1094 1048 1095 1049 1088 1042 1091 1045 1096 1045 1088 1042 1096 1045 1094 1048 1091 1045 1093 1047 1097 1050 1091 1045 1097 1050 1096 1045 1093 1047 1089 1043 1095 1049 1093 1047 1095 1049 1097 1050 1098 1051 1099 1052 1100 1053 1098 1051 1100 1053 1101 1054 1099 1052 1102 1055 1103 1056 1099 1052 1103 1056 1100 1053 1102 1055 1104 1057 1105 1058 1102 1055 1105 1058 1103 1056 1104 1057 1098 1051 1101 1054 1104 1057 1101 1054 1105 1058 1101 1054 1100 1053 1106 1059 1101 1054 1106 1059 1107 1060 1100 1053 1103 1056 1108 1061 1100 1053 1108 1061 1106 1059 1103 1056 1105 1058 1109 1062 1103 1056 1109 1062 1108 1061 1105 1058 1101 1054 1107 1060 1105 1058 1107 1060 1109 1062 1110 1063 1111 1064 1112 1065 1110 1063 1112 1065 1113 1066 1111 1064 1114 1067 1115 1068 1111 1064 1115 1068 1112 1065 1114 1067 1116 1069 1117 1070 1114 1067 1117 1070 1115 1068 1116 1069 1110 1063 1113 1066 1116 1069 1113 1066 1117 1070 1113 1066 1112 1065 1118 1071 1113 1066 1118 1071 1119 1072 1112 1065 1115 1068 1120 1073 1112 1065 1120 1073 1118 1071 1115 1068 1117 1070 1121 1074 1115 1068 1121 1074 1120 1073 1117 1070 1113 1066 1119 1072 1117 1070 1119 1072 1121 1074 1122 1075 1123 1076 1124 1077 1122 1075 1124 1077 1125 1075 1123 1076 1126 1078 1127 1079 1123 1076 1127 1079 1124 1077 1126 1078 1128 1080 1129 1081 1126 1078 1129 1081 1127 1079 1128 1080 1122 1075 1125 1075 1128 1080 1125 1075 1129 1081 1125 1075 1124 1077 1130 1077 1125 1075 1130 1077 1131 1082 1124 1077 1127 1079 1132 1083 1124 1077 1132 1083 1130 1077 1127 1079 1129 1081 1133 1084 1127 1079 1133 1084 1132 1083 1129 1081 1125 1075 1131 1082 1129 1081 1131 1082 1133 1084 1134 1085 1135 1086 1136 1087 1134 1085 1136 1087 1137 1088 1135 1086 1138 1089 1139 1090 1135 1086 1139 1090 1136 1087 1138 1089 1140 1091 1141 1092 1138 1089 1141 1092 1139 1090 1140 1091 1134 1085 1137 1088 1140 1091 1137 1088 1141 1092 1137 1088 1136 1087 1142 1093 1137 1088 1142 1093 1143 1094 1136 1087 1139 1090 1144 1095 1136 1087 1144 1095 1142 1093 1139 1090 1141 1092 1145 1096 1139 1090 1145 1096 1144 1095 1141 1092 1137 1088 1143 1094 1141 1092 1143 1094 1145 1096 1142 1093 1143 1094 1146 1097 1144 1095 1142 1093 1146 1097 1145 1096 1144 1095 1146 1097 1143 1094 1145 1096 1146 1097 1147 1098 1148 1099 1149 1100 1147 1098 1149 1100 1150 1101 1148 1099 1151 1102 1152 1103 1148 1099 1152 1103 1149 1100 1151 1102 1153 1104 1154 1105 1151 1102 1154 1105 1152 1103 1153 1104 1155 1106 1156 1107 1153 1104 1156 1107 1154 1105 1155 1106 1157 1108 1158 1109 1155 1106 1158 1109 1156 1107 1157 1108 1147 1098 1150 1101 1157 1108 1150 1101 1158 1109 1150 1101 1149 1100 1159 1110 1150 1101 1159 1110 1160 1111 1149 1100 1152 1103 1161 1112 1149 1100 1161 1112 1159 1110 1152 1103 1154 1105 1162 1113 1152 1103 1162 1113 1161 1112 1154 1105 1156 1107 1163 1114 1154 1105 1163 1114 1162 1113 1156 1107 1158 1109 1164 1115 1156 1107 1164 1115 1163 1114 1158 1109 1150 1101 1160 1111 1158 1109 1160 1111 1164 1115 1160 1111 1159 1110 1165 1116 1160 1111 1165 1116 1166 1117 1159 1110 1161 1112 1167 1118 1159 1110 1167 1118 1165 1116 1161 1112 1162 1113 1168 1119 1161 1112 1168 1119 1167 1118 1162 1113 1163 1114 1169 1120 1162 1113 1169 1120 1168 1119 1163 1114 1164 1115 1170 1121 1163 1114 1170 1121 1169 1120 1164 1115 1160 1111 1166 1117 1164 1115 1166 1117 1170 1121 1166 1117 1165 1116 1171 1122 1166 1117 1171 1122 1172 1123 1165 1116 1167 1118 1173 1124 1165 1116 1173 1124 1171 1122 1167 1118 1168 1119 1174 1125 1167 1118 1174 1125 1173 1124 1168 1119 1169 1120 1175 1126 1168 1119 1175 1126 1174 1125 1169 1120 1170 1121 1176 1127 1169 1120 1176 1127 1175 1126 1170 1121 1166 1117 1172 1123 1170 1121 1172 1123 1176 1127 1172 1123 1171 1122 1177 1128 1172 1123 1177 1128 1178 1129 1171 1122 1173 1124 1179 1130 1171 1122 1179 1130 1177 1128 1173 1124 1174 1125 1180 1131 1173 1124 1180 1131 1179 1130 1174 1125 1175 1126 1181 1132 1174 1125 1181 1132 1180 1131 1175 1126 1176 1127 1182 1133 1175 1126 1182 1133 1181 1132 1176 1127 1172 1123 1178 1129 1176 1127 1178 1129 1182 1133 1178 1129 1177 1128 1183 1134 1178 1129 1183 1134 1184 1135 1177 1128 1179 1130 1185 1136 1177 1128 1185 1136 1183 1134 1179 1130 1180 1131 1186 1137 1179 1130 1186 1137 1185 1136 1180 1131 1181 1132 1187 1138 1180 1131 1187 1138 1186 1137 1181 1132 1182 1133 1188 1139 1181 1132 1188 1139 1187 1138 1182 1133 1178 1129 1184 1135 1182 1133 1184 1135 1188 1139 1147 1098 1148 1099 1189 1140 1148 1099 1151 1102 1189 1140 1151 1102 1153 1104 1189 1140 1153 1104 1155 1106 1189 1140 1155 1106 1157 1108 1189 1140 1157 1108 1147 1098 1189 1140 1183 1134 1184 1135 1190 1141 1185 1136 1183 1134 1190 1141 1186 1137 1185 1136 1190 1141 1187 1138 1186 1137 1190 1141 1188 1139 1187 1138 1190 1141 1184 1135 1188 1139 1190 1141 1191 1142 1192 1143 1193 1144 1191 1142 1193 1144 1194 1145 1192 1143 1195 1146 1196 1147 1192 1143 1196 1147 1193 1144 1195 1146 1197 1148 1198 1148 1195 1146 1198 1148 1196 1147 1197 1148 1191 1142 1194 1145 1197 1148 1194 1145 1198 1148 1194 1145 1193 1144 1199 1149 1194 1145 1199 1149 1200 1150 1193 1144 1196 1147 1201 1147 1193 1144 1201 1147 1199 1149 1196 1147 1198 1148 1202 1151 1196 1147 1202 1151 1201 1147 1198 1148 1194 1145 1200 1150 1198 1148 1200 1150 1202 1151 1203 1152 1204 1153 1205 1154 1203 1152 1205 1154 1206 1155 1204 1153 1207 1156 1208 1157 1204 1153 1208 1157 1205 1154 1207 1156 1209 1158 1210 1159 1207 1156 1210 1159 1208 1157 1209 1158 1203 1152 1206 1155 1209 1158 1206 1155 1210 1159 1206 1155 1205 1154 1211 1160 1206 1155 1211 1160 1212 1161 1205 1154 1208 1157 1213 1162 1205 1154 1213 1162 1211 1160 1208 1157 1210 1159 1214 1163 1208 1157 1214 1163 1213 1162 1210 1159 1206 1155 1212 1161 1210 1159 1212 1161 1214 1163 1215 1164 1216 1165 1217 1166 1215 1164 1217 1166 1218 1167 1216 1165 1219 1168 1220 1169 1216 1165 1220 1169 1217 1166 1219 1168 1221 1170 1222 1171 1219 1168 1222 1171 1220 1169 1221 1170 1215 1164 1218 1167 1221 1170 1218 1167 1222 1171 1218 1167 1217 1166 1223 1172 1218 1167 1223 1172 1224 1173 1217 1166 1220 1169 1225 1174 1217 1166 1225 1174 1223 1172 1220 1169 1222 1171 1226 1175 1220 1169 1226 1175 1225 1174 1222 1171 1218 1167 1224 1173 1222 1171 1224 1173 1226 1175 1227 1176 1228 1177 1229 1178 1227 1176 1229 1178 1230 1179 1228 1177 1231 1180 1232 1181 1228 1177 1232 1181 1229 1178 1231 1180 1233 1182 1234 1183 1231 1180 1234 1183 1232 1181 1233 1182 1227 1176 1230 1179 1233 1182 1230 1179 1234 1183 1230 1179 1229 1178 1235 1178 1230 1179 1235 1178 1236 1184 1229 1178 1232 1181 1237 1185 1229 1178 1237 1185 1235 1178 1232 1181 1234 1183 1238 1186 1232 1181 1238 1186 1237 1185 1234 1183 1230 1179 1236 1184 1234 1183 1236 1184 1238 1186 1239 1187 1240 1188 1241 1189 1239 1187 1241 1189 1242 1190 1240 1188 1243 1191 1244 1192 1240 1188 1244 1192 1241 1189 1243 1191 1245 1193 1246 1194 1243 1191 1246 1194 1244 1192 1245 1193 1247 1195 1248 1196 1245 1193 1248 1196 1246 1194 1247 1195 1249 1197 1250 1198 1247 1195 1250 1198 1248 1196 1249 1197 1239 1187 1242 1190 1249 1197 1242 1190 1250 1198 1242 1190 1241 1189 1251 1199 1242 1190 1251 1199 1252 1200 1241 1189 1244 1192 1253 1201 1241 1189 1253 1201 1251 1199 1244 1192 1246 1194 1254 1202 1244 1192 1254 1202 1253 1201 1246 1194 1248 1196 1255 1203 1246 1194 1255 1203 1254 1202 1248 1196 1250 1198 1256 1204 1248 1196 1256 1204 1255 1203 1250 1198 1242 1190 1252 1200 1250 1198 1252 1200 1256 1204 1252 1200 1251 1199 1257 1205 1252 1200 1257 1205 1258 1206 1251 1199 1253 1201 1259 1207 1251 1199 1259 1207 1257 1205 1253 1201 1254 1202 1260 1208 1253 1201 1260 1208 1259 1207 1254 1202 1255 1203 1261 1209 1254 1202 1261 1209 1260 1208 1255 1203 1256 1204 1262 1210 1255 1203 1262 1210 1261 1209 1256 1204 1252 1200 1258 1206 1256 1204 1258 1206 1262 1210 1258 1206 1257 1205 1263 1211 1258 1206 1263 1211 1264 1212 1257 1205 1259 1207 1265 1213 1257 1205 1265 1213 1263 1211 1259 1207 1260 1208 1266 1214 1259 1207 1266 1214 1265 1213 1260 1208 1261 1209 1267 1215 1260 1208 1267 1215 1266 1214 1261 1209 1262 1210 1268 1216 1261 1209 1268 1216 1267 1215 1262 1210 1258 1206 1264 1212 1262 1210 1264 1212 1268 1216 1264 1212 1263 1211 1269 1217 1264 1212 1269 1217 1270 1218 1263 1211 1265 1213 1271 1219 1263 1211 1271 1219 1269 1217 1265 1213 1266 1214 1272 1220 1265 1213 1272 1220 1271 1219 1266 1214 1267 1215 1273 1221 1266 1214 1273 1221 1272 1220 1267 1215 1268 1216 1274 1222 1267 1215 1274 1222 1273 1221 1268 1216 1264 1212 1270 1218 1268 1216 1270 1218 1274 1222 1270 1218 1269 1217 1275 1223 1270 1218 1275 1223 1276 1224 1269 1217 1271 1219 1277 1225 1269 1217 1277 1225 1275 1223 1271 1219 1272 1220 1278 1226 1271 1219 1278 1226 1277 1225 1272 1220 1273 1221 1279 1227 1272 1220 1279 1227 1278 1226 1273 1221 1274 1222 1280 1228 1273 1221 1280 1228 1279 1227 1274 1222 1270 1218 1276 1224 1274 1222 1276 1224 1280 1228 1239 1187 1240 1188 1281 1229 1240 1188 1243 1191 1281 1229 1243 1191 1245 1193 1281 1229 1245 1193 1247 1195 1281 1229 1247 1195 1249 1197 1281 1229 1249 1197 1239 1187 1281 1229 1275 1223 1276 1224 1282 1230 1277 1225 1275 1223 1282 1230 1278 1226 1277 1225 1282 1230 1279 1227 1278 1226 1282 1230 1280 1228 1279 1227 1282 1230 1276 1224 1280 1228 1282 1230 1283 1231 1284 1232 1285 1233 1283 1231 1285 1233 1286 1234 1284 1232 1287 1235 1288 1236 1284 1232 1288 1236 1285 1233 1287 1235 1289 1237 1290 1238 1287 1235 1290 1238 1288 1236 1289 1237 1283 1231 1286 1234 1289 1237 1286 1234 1290 1238 1286 1234 1285 1233 1291 1239 1286 1234 1291 1239 1292 1240 1285 1233 1288 1236 1293 1241 1285 1233 1293 1241 1291 1239 1288 1236 1290 1238 1294 1242 1288 1236 1294 1242 1293 1241 1290 1238 1286 1234 1292 1240 1290 1238 1292 1240 1294 1242 1295 1243 1296 1244 1297 1245 1295 1243 1297 1245 1298 1246 1296 1244 1299 1247 1300 1248 1296 1244 1300 1248 1297 1245 1299 1247 1301 1249 1302 1250 1299 1247 1302 1250 1300 1248 1301 1249 1295 1243 1298 1246 1301 1249 1298 1246 1302 1250 1298 1246 1297 1245 1303 1251 1298 1246 1303 1251 1304 1252 1297 1245 1300 1248 1305 1253 1297 1245 1305 1253 1303 1251 1300 1248 1302 1250 1306 1254 1300 1248 1306 1254 1305 1253 1302 1250 1298 1246 1304 1252 1302 1250 1304 1252 1306 1254 1307 1255 1308 1256 1309 1257 1307 1255 1309 1257 1310 1255 1308 1256 1311 1258 1312 1259 1308 1256 1312 1259 1309 1257 1311 1258 1313 1260 1314 1261 1311 1258 1314 1261 1312 1259 1313 1260 1307 1255 1310 1255 1313 1260 1310 1255 1314 1261 1310 1255 1309 1257 1315 1262 1310 1255 1315 1262 1316 1263 1309 1257 1312 1259 1317 1264 1309 1257 1317 1264 1315 1262 1312 1259 1314 1261 1318 1265 1312 1259 1318 1265 1317 1264 1314 1261 1310 1255 1316 1263 1314 1261 1316 1263 1318 1265 1319 1266 1320 1267 1321 1268 1319 1266 1321 1268 1322 1266 1320 1267 1323 1269 1324 1269 1320 1267 1324 1269 1321 1268 1323 1269 1325 1270 1326 1270 1323 1269 1326 1270 1324 1269 1325 1270 1319 1266 1322 1266 1325 1270 1322 1266 1326 1270 1322 1266 1321 1268 1327 1271 1322 1266 1327 1271 1328 1272 1321 1268 1324 1269 1329 1273 1321 1268 1329 1273 1327 1271 1324 1269 1326 1270 1330 1274 1324 1269 1330 1274 1329 1273 1326 1270 1322 1266 1328 1272 1326 1270 1328 1272 1330 1274 1331 1275 1332 1276 1333 1277 1331 1275 1333 1277 1334 1278 1332 1276 1335 1279 1336 1280 1332 1276 1336 1280 1333 1277 1335 1279 1337 1281 1338 1282 1335 1279 1338 1282 1336 1280 1337 1281 1331 1275 1334 1278 1337 1281 1334 1278 1338 1282 1334 1278 1333 1277 1339 1283 1334 1278 1339 1283 1340 1284 1333 1277 1336 1280 1341 1285 1333 1277 1341 1285 1339 1283 1336 1280 1338 1282 1342 1286 1336 1280 1342 1286 1341 1285 1338 1282 1334 1278 1340 1284 1338 1282 1340 1284 1342 1286 1343 1287 1344 1288 1345 1289 1343 1287 1345 1289 1346 1290 1344 1288 1347 1291 1348 1292 1344 1288 1348 1292 1345 1289 1347 1291 1349 1293 1350 1294 1347 1291 1350 1294 1348 1292 1349 1293 1343 1287 1346 1290 1349 1293 1346 1290 1350 1294 1346 1290 1345 1289 1351 1295 1346 1290 1351 1295 1352 1296 1345 1289 1348 1292 1353 1297 1345 1289 1353 1297 1351 1295 1348 1292 1350 1294 1354 1298 1348 1292 1354 1298 1353 1297 1350 1294 1346 1290 1352 1296 1350 1294 1352 1296 1354 1298 1355 1299 1356 1300 1357 1301 1355 1299 1357 1301 1358 1302 1356 1300 1359 1303 1360 1304 1356 1300 1360 1304 1357 1301 1359 1303 1361 1305 1362 1306 1359 1303 1362 1306 1360 1304 1361 1305 1355 1299 1358 1302 1361 1305 1358 1302 1362 1306 1358 1302 1357 1301 1363 1307 1358 1302 1363 1307 1364 1308 1357 1301 1360 1304 1365 1309 1357 1301 1365 1309 1363 1307 1360 1304 1362 1306 1366 1310 1360 1304 1366 1310 1365 1309 1362 1306 1358 1302 1364 1308 1362 1306 1364 1308 1366 1310 1363 1307 1364 1308 1367 1311 1365 1309 1363 1307 1367 1311 1366 1310 1365 1309 1367 1311 1364 1308 1366 1310 1367 1311 1368 1312 1369 1313 1370 1314 1368 1312 1370 1314 1371 1315 1369 1313 1372 1316 1373 1317 1369 1313 1373 1317 1370 1314 1372 1316 1374 1318 1375 1319 1372 1316 1375 1319 1373 1317 1374 1318 1376 1320 1377 1321 1374 1318 1377 1321 1375 1319 1376 1320 1378 1322 1379 1323 1376 1320 1379 1323 1377 1321 1378 1322 1368 1312 1371 1315 1378 1322 1371 1315 1379 1323 1371 1315 1370 1314 1380 1324 1371 1315 1380 1324 1381 1325 1370 1314 1373 1317 1382 1326 1370 1314 1382 1326 1380 1324 1373 1317 1375 1319 1383 1327 1373 1317 1383 1327 1382 1326 1375 1319 1377 1321 1384 1328 1375 1319 1384 1328 1383 1327 1377 1321 1379 1323 1385 1329 1377 1321 1385 1329 1384 1328 1379 1323 1371 1315 1381 1325 1379 1323 1381 1325 1385 1329 1381 1325 1380 1324 1386 1330 1381 1325 1386 1330 1387 1331 1380 1324 1382 1326 1388 1332 1380 1324 1388 1332 1386 1330 1382 1326 1383 1327 1389 1333 1382 1326 1389 1333 1388 1332 1383 1327 1384 1328 1390 1334 1383 1327 1390 1334 1389 1333 1384 1328 1385 1329 1391 1335 1384 1328 1391 1335 1390 1334 1385 1329 1381 1325 1387 1331 1385 1329 1387 1331 1391 1335 1387 1331 1386 1330 1392 1336 1387 1331 1392 1336 1393 1337 1386 1330 1388 1332 1394 1338 1386 1330 1394 1338 1392 1336 1388 1332 1389 1333 1395 1339 1388 1332 1395 1339 1394 1338 1389 1333 1390 1334 1396 1340 1389 1333 1396 1340 1395 1339 1390 1334 1391 1335 1397 1341 1390 1334 1397 1341 1396 1340 1391 1335 1387 1331 1393 1337 1391 1335 1393 1337 1397 1341 1393 1337 1392 1336 1398 1342 1393 1337 1398 1342 1399 1343 1392 1336 1394 1338 1400 1344 1392 1336 1400 1344 1398 1342 1394 1338 1395 1339 1401 1345 1394 1338 1401 1345 1400 1344 1395 1339 1396 1340 1402 1346 1395 1339 1402 1346 1401 1345 1396 1340 1397 1341 1403 1347 1396 1340 1403 1347 1402 1346 1397 1341 1393 1337 1399 1343 1397 1341 1399 1343 1403 1347 1399 1343 1398 1342 1404 1348 1399 1343 1404 1348 1405 1349 1398 1342 1400 1344 1406 1350 1398 1342 1406 1350 1404 1348 1400 1344 1401 1345 1407 1351 1400 1344 1407 1351 1406 1350 1401 1345 1402 1346 1408 1352 1401 1345 1408 1352 1407 1351 1402 1346 1403 1347 1409 1353 1402 1346 1409 1353 1408 1352 1403 1347 1399 1343 1405 1349 1403 1347 1405 1349 1409 1353 1368 1312 1369 1313 1410 1354 1369 1313 1372 1316 1410 1354 1372 1316 1374 1318 1410 1354 1374 1318 1376 1320 1410 1354 1376 1320 1378 1322 1410 1354 1378 1322 1368 1312 1410 1354 1404 1348 1405 1349 1411 1355 1406 1350 1404 1348 1411 1355 1407 1351 1406 1350 1411 1355 1408 1352 1407 1351 1411 1355 1409 1353 1408 1352 1411 1355 1405 1349 1409 1353 1411 1355 1412 1356 1413 1357 1414 1358 1412 1356 1414 1358 1415 1359 1413 1357 1416 1360 1417 1361 1413 1357 1417 1361 1414 1358 1416 1360 1418 1362 1419 1362 1416 1360 1419 1362 1417 1361 1418 1362 1412 1356 1415 1359 1418 1362 1415 1359 1419 1362 1415 1359 1414 1358 1420 1363 1415 1359 1420 1363 1421 1364 1414 1358 1417 1361 1422 1361 1414 1358 1422 1361 1420 1363 1417 1361 1419 1362 1423 1365 1417 1361 1423 1365 1422 1361 1419 1362 1415 1359 1421 1364 1419 1362 1421 1364 1423 1365 1424 1366 1425 1367 1426 1368 1424 1366 1426 1368 1427 1369 1425 1367 1428 1370 1429 1371 1425 1367 1429 1371 1426 1368 1428 1370 1430 1372 1431 1372 1428 1370 1431 1372 1429 1371 1430 1372 1424 1366 1427 1369 1430 1372 1427 1369 1431 1372 1427 1369 1426 1368 1432 1373 1427 1369 1432 1373 1433 1374 1426 1368 1429 1371 1434 1375 1426 1368 1434 1375 1432 1373 1429 1371 1431 1372 1435 1376 1429 1371 1435 1376 1434 1375 1431 1372 1427 1369 1433 1374 1431 1372 1433 1374 1435 1376 1436 1377 1437 1378 1438 1379 1436 1377 1438 1379 1439 1380 1437 1378 1440 1381 1441 1381 1437 1378 1441 1381 1438 1379 1440 1381 1442 1382 1443 1383 1440 1381 1443 1383 1441 1381 1442 1382 1436 1377 1439 1380 1442 1382 1439 1380 1443 1383 1439 1380 1438 1379 1444 1384 1439 1380 1444 1384 1445 1380 1438 1379 1441 1381 1446 1385 1438 1379 1446 1385 1444 1384 1441 1381 1443 1383 1447 1386 1441 1381 1447 1386 1446 1385 1443 1383 1439 1380 1445 1380 1443 1383 1445 1380 1447 1386 1448 1387 1449 1388 1450 1388 1448 1387 1450 1388 1451 1389 1449 1388 1452 1390 1453 1391 1449 1388 1453 1391 1450 1388 1452 1390 1454 1392 1455 1393 1452 1390 1455 1393 1453 1391 1454 1392 1448 1387 1451 1389 1454 1392 1451 1389 1455 1393 1451 1389 1450 1388 1456 1394 1451 1389 1456 1394 1457 1395 1450 1388 1453 1391 1458 1391 1450 1388 1458 1391 1456 1394 1453 1391 1455 1393 1459 1396 1453 1391 1459 1396 1458 1391 1455 1393 1451 1389 1457 1395 1455 1393 1457 1395 1459 1396 1460 1397 1461 1398 1462 1399 1460 1397 1462 1399 1463 1400 1461 1398 1464 1401 1465 1401 1461 1398 1465 1401 1462 1399 1464 1401 1466 1402 1467 1403 1464 1401 1467 1403 1465 1401 1466 1402 1460 1397 1463 1400 1466 1402 1463 1400 1467 1403 1463 1400 1462 1399 1468 1404 1463 1400 1468 1404 1469 1405 1462 1399 1465 1401 1470 1406 1462 1399 1470 1406 1468 1404 1465 1401 1467 1403 1471 1407 1465 1401 1471 1407 1470 1406 1467 1403 1463 1400 1469 1405 1467 1403 1469 1405 1471 1407 1472 1408 1473 1409 1474 1410 1472 1408 1474 1410 1475 1411 1473 1409 1476 1412 1477 1413 1473 1409 1477 1413 1474 1410 1476 1412 1478 1414 1479 1415 1476 1412 1479 1415 1477 1413 1478 1414 1472 1408 1475 1411 1478 1414 1475 1411 1479 1415 1475 1411 1474 1410 1480 1416 1475 1411 1480 1416 1481 1417 1474 1410 1477 1413 1482 1418 1474 1410 1482 1418 1480 1416 1477 1413 1479 1415 1483 1419 1477 1413 1483 1419 1482 1418 1479 1415 1475 1411 1481 1417 1479 1415 1481 1417 1483 1419 1484 1420 1485 1421 1486 1422 1484 1420 1486 1422 1487 1420 1485 1421 1488 1423 1489 1424 1485 1421 1489 1424 1486 1422 1488 1423 1490 1425 1491 1426 1488 1423 1491 1426 1489 1424 1490 1425 1484 1420 1487 1420 1490 1425 1487 1420 1491 1426 1487 1420 1486 1422 1492 1427 1487 1420 1492 1427 1493 1428 1486 1422 1489 1424 1494 1429 1486 1422 1494 1429 1492 1427 1489 1424 1491 1426 1495 1430 1489 1424 1495 1430 1494 1429 1491 1426 1487 1420 1493 1428 1491 1426 1493 1428 1495 1430 1496 1431 1497 1432 1498 1432 1496 1431 1498 1432 1499 1433 1497 1432 1500 1434 1501 1435 1497 1432 1501 1435 1498 1432 1500 1434 1502 1436 1503 1437 1500 1434 1503 1437 1501 1435 1502 1436 1496 1431 1499 1433 1502 1436 1499 1433 1503 1437 1499 1433 1498 1432 1504 1438 1499 1433 1504 1438 1505 1439 1498 1432 1501 1435 1506 1440 1498 1432 1506 1440 1504 1438 1501 1435 1503 1437 1507 1441 1501 1435 1507 1441 1506 1440 1503 1437 1499 1433 1505 1439 1503 1437 1505 1439 1507 1441 1504 1438 1505 1439 1508 1442 1506 1440 1504 1438 1508 1442 1507 1441 1506 1440 1508 1442 1505 1439 1507 1441 1508 1442 1509 1443 1510 1444 1511 1445 1509 1443 1511 1445 1512 1446 1510 1444 1513 1447 1514 1448 1510 1444 1514 1448 1511 1445 1513 1447 1515 1449 1516 1450 1513 1447 1516 1450 1514 1448 1515 1449 1517 1451 1518 1452 1515 1449 1518 1452 1516 1450 1517 1451 1519 1453 1520 1454 1517 1451 1520 1454 1518 1452 1519 1453 1509 1443 1512 1446 1519 1453 1512 1446 1520 1454 1512 1446 1511 1445 1521 1455 1512 1446 1521 1455 1522 1456 1511 1445 1514 1448 1523 1457 1511 1445 1523 1457 1521 1455 1514 1448 1516 1450 1524 1458 1514 1448 1524 1458 1523 1457 1516 1450 1518 1452 1525 1459 1516 1450 1525 1459 1524 1458 1518 1452 1520 1454 1526 1460 1518 1452 1526 1460 1525 1459 1520 1454 1512 1446 1522 1456 1520 1454 1522 1456 1526 1460 1522 1456 1521 1455 1527 1461 1522 1456 1527 1461 1528 1462 1521 1455 1523 1457 1529 1463 1521 1455 1529 1463 1527 1461 1523 1457 1524 1458 1530 1464 1523 1457 1530 1464 1529 1463 1524 1458 1525 1459 1531 1465 1524 1458 1531 1465 1530 1464 1525 1459 1526 1460 1532 1466 1525 1459 1532 1466 1531 1465 1526 1460 1522 1456 1528 1462 1526 1460 1528 1462 1532 1466 1528 1462 1527 1461 1533 1467 1528 1462 1533 1467 1534 1468 1527 1461 1529 1463 1535 1469 1527 1461 1535 1469 1533 1467 1529 1463 1530 1464 1536 1470 1529 1463 1536 1470 1535 1469 1530 1464 1531 1465 1537 1471 1530 1464 1537 1471 1536 1470 1531 1465 1532 1466 1538 1472 1531 1465 1538 1472 1537 1471 1532 1466 1528 1462 1534 1468 1532 1466 1534 1468 1538 1472 1534 1468 1533 1467 1539 1473 1534 1468 1539 1473 1540 1474 1533 1467 1535 1469 1541 1475 1533 1467 1541 1475 1539 1473 1535 1469 1536 1470 1542 1476 1535 1469 1542 1476 1541 1475 1536 1470 1537 1471 1543 1477 1536 1470 1543 1477 1542 1476 1537 1471 1538 1472 1544 1478 1537 1471 1544 1478 1543 1477 1538 1472 1534 1468 1540 1474 1538 1472 1540 1474 1544 1478 1540 1474 1539 1473 1545 1479 1540 1474 1545 1479 1546 1480 1539 1473 1541 1475 1547 1481 1539 1473 1547 1481 1545 1479 1541 1475 1542 1476 1548 1482 1541 1475 1548 1482 1547 1481 1542 1476 1543 1477 1549 1483 1542 1476 1549 1483 1548 1482 1543 1477 1544 1478 1550 1484 1543 1477 1550 1484 1549 1483 1544 1478 1540 1474 1546 1480 1544 1478 1546 1480 1550 1484 1509 1443 1510 1444 1551 1485 1510 1444 1513 1447 1551 1485 1513 1447 1515 1449 1551 1485 1515 1449 1517 1451 1551 1485 1517 1451 1519 1453 1551 1485 1519 1453 1509 1443 1551 1485 1545 1479 1546 1480 1552 1486 1547 1481 1545 1479 1552 1486 1548 1482 1547 1481 1552 1486 1549 1483 1548 1482 1552 1486 1550 1484 1549 1483 1552 1486 1546 1480 1550 1484 1552 1486 1553 1487 1554 1488 1555 1489 1553 1487 1555 1489 1556 1490 1554 1488 1557 1491 1558 1492 1554 1488 1558 1492 1555 1489 1557 1491 1559 1493 1560 1494 1557 1491 1560 1494 1558 1492 1559 1493 1553 1487 1556 1490 1559 1493 1556 1490 1560 1494 1556 1490 1555 1489 1561 1489 1556 1490 1561 1489 1562 1495 1555 1489 1558 1492 1563 1496 1555 1489 1563 1496 1561 1489 1558 1492 1560 1494 1564 1497 1558 1492 1564 1497 1563 1496 1560 1494 1556 1490 1562 1495 1560 1494 1562 1495 1564 1497 1565 1498 1566 1499 1567 1500 1565 1498 1567 1500 1568 1501 1566 1499 1569 1502 1570 1503 1566 1499 1570 1503 1567 1500 1569 1502 1571 1504 1572 1505 1569 1502 1572 1505 1570 1503 1571 1504 1565 1498 1568 1501 1571 1504 1568 1501 1572 1505 1568 1501 1567 1500 1573 1506 1568 1501 1573 1506 1574 1507 1567 1500 1570 1503 1575 1503 1567 1500 1575 1503 1573 1506 1570 1503 1572 1505 1576 1508 1570 1503 1576 1508 1575 1503 1572 1505 1568 1501 1574 1507 1572 1505 1574 1507 1576 1508 1577 1509 1578 1510 1579 1510 1577 1509 1579 1510 1580 1511 1578 1510 1581 1512 1582 1513 1578 1510 1582 1513 1579 1510 1581 1512 1583 1514 1584 1515 1581 1512 1584 1515 1582 1513 1583 1514 1577 1509 1580 1511 1583 1514 1580 1511 1584 1515 1580 1511 1579 1510 1585 1516 1580 1511 1585 1516 1586 1517 1579 1510 1582 1513 1587 1518 1579 1510 1587 1518 1585 1516 1582 1513 1584 1515 1588 1519 1582 1513 1588 1519 1587 1518 1584 1515 1580 1511 1586 1517 1584 1515 1586 1517 1588 1519 1589 1520 1590 1521 1591 1522 1589 1520 1591 1522 1592 1523 1590 1521 1593 1524 1594 1525 1590 1521 1594 1525 1591 1522 1593 1524 1595 1526 1596 1527 1593 1524 1596 1527 1594 1525 1595 1526 1589 1520 1592 1523 1595 1526 1592 1523 1596 1527 1592 1523 1591 1522 1597 1522 1592 1523 1597 1522 1598 1528 1591 1522 1594 1525 1599 1529 1591 1522 1599 1529 1597 1522 1594 1525 1596 1527 1600 1530 1594 1525 1600 1530 1599 1529 1596 1527 1592 1523 1598 1528 1596 1527 1598 1528 1600 1530 1601 1531 1602 1532 1603 1533 1601 1531 1603 1533 1604 1534 1602 1532 1605 1535 1606 1536 1602 1532 1606 1536 1603 1533 1605 1535 1607 1537 1608 1537 1605 1535 1608 1537 1606 1536 1607 1537 1601 1531 1604 1534 1607 1537 1604 1534 1608 1537 1604 1534 1603 1533 1609 1538 1604 1534 1609 1538 1610 1539 1603 1533 1606 1536 1611 1540 1603 1533 1611 1540 1609 1538 1606 1536 1608 1537 1612 1541 1606 1536 1612 1541 1611 1540 1608 1537 1604 1534 1610 1539 1608 1537 1610 1539 1612 1541 1613 1542 1614 1543 1615 1544 1613 1542 1615 1544 1616 1545 1614 1543 1617 1546 1618 1547 1614 1543 1618 1547 1615 1544 1617 1546 1619 1548 1620 1549 1617 1546 1620 1549 1618 1547 1619 1548 1621 1550 1622 1551 1619 1548 1622 1551 1620 1549 1621 1550 1623 1552 1624 1553 1621 1550 1624 1553 1622 1551 1623 1552 1613 1542 1616 1545 1623 1552 1616 1545 1624 1553 1616 1545 1615 1544 1625 1554 1616 1545 1625 1554 1626 1555 1615 1544 1618 1547 1627 1556 1615 1544 1627 1556 1625 1554 1618 1547 1620 1549 1628 1557 1618 1547 1628 1557 1627 1556 1620 1549 1622 1551 1629 1558 1620 1549 1629 1558 1628 1557 1622 1551 1624 1553 1630 1559 1622 1551 1630 1559 1629 1558 1624 1553 1616 1545 1626 1555 1624 1553 1626 1555 1630 1559 1626 1555 1625 1554 1631 1560 1626 1555 1631 1560 1632 1561 1625 1554 1627 1556 1633 1562 1625 1554 1633 1562 1631 1560 1627 1556 1628 1557 1634 1563 1627 1556 1634 1563 1633 1562 1628 1557 1629 1558 1635 1564 1628 1557 1635 1564 1634 1563 1629 1558 1630 1559 1636 1565 1629 1558 1636 1565 1635 1564 1630 1559 1626 1555 1632 1561 1630 1559 1632 1561 1636 1565 1632 1561 1631 1560 1637 1566 1632 1561 1637 1566 1638 1567 1631 1560 1633 1562 1639 1568 1631 1560 1639 1568 1637 1566 1633 1562 1634 1563 1640 1569 1633 1562 1640 1569 1639 1568 1634 1563 1635 1564 1641 1570 1634 1563 1641 1570 1640 1569 1635 1564 1636 1565 1642 1571 1635 1564 1642 1571 1641 1570 1636 1565 1632 1561 1638 1567 1636 1565 1638 1567 1642 1571 1638 1567 1637 1566 1643 1572 1638 1567 1643 1572 1644 1573 1637 1566 1639 1568 1645 1574 1637 1566 1645 1574 1643 1572 1639 1568 1640 1569 1646 1575 1639 1568 1646 1575 1645 1574 1640 1569 1641 1570 1647 1576 1640 1569 1647 1576 1646 1575 1641 1570 1642 1571 1648 1577 1641 1570 1648 1577 1647 1576 1642 1571 1638 1567 1644 1573 1642 1571 1644 1573 1648 1577 1644 1573 1643 1572 1649 1578 1644 1573 1649 1578 1650 1579 1643 1572 1645 1574 1651 1580 1643 1572 1651 1580 1649 1578 1645 1574 1646 1575 1652 1581 1645 1574 1652 1581 1651 1580 1646 1575 1647 1576 1653 1582 1646 1575 1653 1582 1652 1581 1647 1576 1648 1577 1654 1583 1647 1576 1654 1583 1653 1582 1648 1577 1644 1573 1650 1579 1648 1577 1650 1579 1654 1583 1613 1542 1614 1543 1655 1584 1614 1543 1617 1546 1655 1584 1617 1546 1619 1548 1655 1584 1619 1548 1621 1550 1655 1584 1621 1550 1623 1552 1655 1584 1623 1552 1613 1542 1655 1584 1649 1578 1650 1579 1656 1585 1651 1580 1649 1578 1656 1585 1652 1581 1651 1580 1656 1585 1653 1582 1652 1581 1656 1585 1654 1583 1653 1582 1656 1585 1650 1579 1654 1583 1656 1585 1657 1586 1658 1587 1659 1587 1657 1586 1659 1587 1660 1588 1658 1587 1661 1589 1662 1590 1658 1587 1662 1590 1659 1587 1661 1589 1663 1591 1664 1592 1661 1589 1664 1592 1662 1590 1663 1591 1657 1586 1660 1588 1663 1591 1660 1588 1664 1592 1660 1588 1659 1587 1665 1593 1660 1588 1665 1593 1666 1594 1659 1587 1662 1590 1667 1590 1659 1587 1667 1590 1665 1593 1662 1590 1664 1592 1668 1595 1662 1590 1668 1595 1667 1590 1664 1592 1660 1588 1666 1594 1664 1592 1666 1594 1668 1595 1669 1596 1670 1597 1671 1598 1669 1596 1671 1598 1672 1599 1670 1597 1673 1600 1674 1600 1670 1597 1674 1600 1671 1598 1673 1600 1675 1601 1676 1602 1673 1600 1676 1602 1674 1600 1675 1601 1669 1596 1672 1599 1675 1601 1672 1599 1676 1602 1672 1599 1671 1598 1677 1603 1672 1599 1677 1603 1678 1604 1671 1598 1674 1600 1679 1605 1671 1598 1679 1605 1677 1603 1674 1600 1676 1602 1680 1606 1674 1600 1680 1606 1679 1605 1676 1602 1672 1599 1678 1604 1676 1602 1678 1604 1680 1606 1681 1607 1682 1608 1683 1609 1681 1607 1683 1609 1684 1610 1682 1608 1685 1611 1686 1612 1682 1608 1686 1612 1683 1609 1685 1611 1687 1613 1688 1614 1685 1611 1688 1614 1686 1612 1687 1613 1681 1607 1684 1610 1687 1613 1684 1610 1688 1614 1684 1610 1683 1609 1689 1615 1684 1610 1689 1615 1690 1616 1683 1609 1686 1612 1691 1612 1683 1609 1691 1612 1689 1615 1686 1612 1688 1614 1692 1617 1686 1612 1692 1617 1691 1612 1688 1614 1684 1610 1690 1616 1688 1614 1690 1616 1692 1617 1693 1618 1694 1619 1695 1620 1693 1618 1695 1620 1696 1621 1694 1619 1697 1622 1698 1622 1694 1619 1698 1622 1695 1620 1697 1622 1699 1623 1700 1624 1697 1622 1700 1624 1698 1622 1699 1623 1693 1618 1696 1621 1699 1623 1696 1621 1700 1624 1696 1621 1695 1620 1701 1625 1696 1621 1701 1625 1702 1626 1695 1620 1698 1622 1703 1627 1695 1620 1703 1627 1701 1625 1698 1622 1700 1624 1704 1628 1698 1622 1704 1628 1703 1627 1700 1624 1696 1621 1702 1626 1700 1624 1702 1626 1704 1628 1705 1629 1706 1630 1707 1631 1705 1629 1707 1631 1708 1632 1706 1630 1709 1633 1710 1634 1706 1630 1710 1634 1707 1631 1709 1633 1711 1635 1712 1636 1709 1633 1712 1636 1710 1634 1711 1635 1705 1629 1708 1632 1711 1635 1708 1632 1712 1636 1708 1632 1707 1631 1713 1637 1708 1632 1713 1637 1714 1638 1707 1631 1710 1634 1715 1634 1707 1631 1715 1634 1713 1637 1710 1634 1712 1636 1716 1639 1710 1634 1716 1639 1715 1634 1712 1636 1708 1632 1714 1638 1712 1636 1714 1638 1716 1639 1717 1640 1718 1641 1719 1642 1717 1640 1719 1642 1720 1640 1718 1641 1721 1643 1722 1644 1718 1641 1722 1644 1719 1642 1721 1643 1723 1645 1724 1646 1721 1643 1724 1646 1722 1644 1723 1645 1717 1640 1720 1640 1723 1645 1720 1640 1724 1646 1720 1640 1719 1642 1725 1647 1720 1640 1725 1647 1726 1648 1719 1642 1722 1644 1727 1644 1719 1642 1727 1644 1725 1647 1722 1644 1724 1646 1728 1649 1722 1644 1728 1649 1727 1644 1724 1646 1720 1640 1726 1648 1724 1646 1726 1648 1728 1649 1729 1650 1730 1651 1731 1652 1729 1650 1731 1652 1732 1653 1730 1651 1733 1654 1734 1655 1730 1651 1734 1655 1731 1652 1733 1654 1735 1656 1736 1657 1733 1654 1736 1657 1734 1655 1735 1656 1729 1650 1732 1653 1735 1656 1732 1653 1736 1657 1732 1653 1731 1652 1737 1658 1732 1653 1737 1658 1738 1659 1731 1652 1734 1655 1739 1660 1731 1652 1739 1660 1737 1658 1734 1655 1736 1657 1740 1661 1734 1655 1740 1661 1739 1660 1736 1657 1732 1653 1738 1659 1736 1657 1738 1659 1740 1661 1737 1658 1738 1659 1741 1662 1739 1660 1737 1658 1741 1662 1740 1661 1739 1660 1741 1662 1738 1659 1740 1661 1741 1662 1742 1663 1743 1664 1744 1665 1742 1663 1744 1665 1745 1666 1743 1664 1746 1667 1747 1668 1743 1664 1747 1668 1744 1665 1746 1667 1748 1669 1749 1670 1746 1667 1749 1670 1747 1668 1748 1669 1750 1671 1751 1672 1748 1669 1751 1672 1749 1670 1750 1671 1752 1673 1753 1674 1750 1671 1753 1674 1751 1672 1752 1673 1742 1663 1745 1666 1752 1673 1745 1666 1753 1674 1745 1666 1744 1665 1754 1675 1745 1666 1754 1675 1755 1676 1744 1665 1747 1668 1756 1677 1744 1665 1756 1677 1754 1675 1747 1668 1749 1670 1757 1678 1747 1668 1757 1678 1756 1677 1749 1670 1751 1672 1758 1679 1749 1670 1758 1679 1757 1678 1751 1672 1753 1674 1759 1680 1751 1672 1759 1680 1758 1679 1753 1674 1745 1666 1755 1676 1753 1674 1755 1676 1759 1680 1755 1676 1754 1675 1760 1681 1755 1676 1760 1681 1761 1682 1754 1675 1756 1677 1762 1683 1754 1675 1762 1683 1760 1681 1756 1677 1757 1678 1763 1684 1756 1677 1763 1684 1762 1683 1757 1678 1758 1679 1764 1685 1757 1678 1764 1685 1763 1684 1758 1679 1759 1680 1765 1686 1758 1679 1765 1686 1764 1685 1759 1680 1755 1676 1761 1682 1759 1680 1761 1682 1765 1686 1761 1682 1760 1681 1766 1687 1761 1682 1766 1687 1767 1688 1760 1681 1762 1683 1768 1689 1760 1681 1768 1689 1766 1687 1762 1683 1763 1684 1769 1690 1762 1683 1769 1690 1768 1689 1763 1684 1764 1685 1770 1691 1763 1684 1770 1691 1769 1690 1764 1685 1765 1686 1771 1692 1764 1685 1771 1692 1770 1691 1765 1686 1761 1682 1767 1688 1765 1686 1767 1688 1771 1692 1767 1688 1766 1687 1772 1693 1767 1688 1772 1693 1773 1694 1766 1687 1768 1689 1774 1695 1766 1687 1774 1695 1772 1693 1768 1689 1769 1690 1775 1696 1768 1689 1775 1696 1774 1695 1769 1690 1770 1691 1776 1697 1769 1690 1776 1697 1775 1696 1770 1691 1771 1692 1777 1698 1770 1691 1777 1698 1776 1697 1771 1692 1767 1688 1773 1694 1771 1692 1773 1694 1777 1698 1773 1694 1772 1693 1778 1699 1773 1694 1778 1699 1779 1700 1772 1693 1774 1695 1780 1701 1772 1693 1780 1701 1778 1699 1774 1695 1775 1696 1781 1702 1774 1695 1781 1702 1780 1701 1775 1696 1776 1697 1782 1703 1775 1696 1782 1703 1781 1702 1776 1697 1777 1698 1783 1704 1776 1697 1783 1704 1782 1703 1777 1698 1773 1694 1779 1700 1777 1698 1779 1700 1783 1704 1742 1663 1743 1664 1784 1705 1743 1664 1746 1667 1784 1705 1746 1667 1748 1669 1784 1705 1748 1669 1750 1671 1784 1705 1750 1671 1752 1673 1784 1705 1752 1673 1742 1663 1784 1705 1778 1699 1779 1700 1785 1706 1780 1701 1778 1699 1785 1706 1781 1702 1780 1701 1785 1706 1782 1703 1781 1702 1785 1706 1783 1704 1782 1703 1785 1706 1779 1700 1783 1704 1785 1706 1786 1707 1787 1708 1788 1709 1786 1707 1788 1709 1789 1710 1787 1708 1790 1711 1791 1712 1787 1708 1791 1712 1788 1709 1790 1711 1792 1713 1793 1714 1790 1711 1793 1714 1791 1712 1792 1713 1786 1707 1789 1710 1792 1713 1789 1710 1793 1714 1789 1710 1788 1709 1794 1715 1789 1710 1794 1715 1795 1716 1788 1709 1791 1712 1796 1717 1788 1709 1796 1717 1794 1715 1791 1712 1793 1714 1797 1718 1791 1712 1797 1718 1796 1717 1793 1714 1789 1710 1795 1716 1793 1714 1795 1716 1797 1718 1798 1719 1799 1720 1800 1720 1798 1719 1800 1720 1801 1721 1799 1720 1802 1722 1803 1722 1799 1720 1803 1722 1800 1720 1802 1722 1804 1723 1805 1724 1802 1722 1805 1724 1803 1722 1804 1723 1798 1719 1801 1721 1804 1723 1801 1721 1805 1724 1801 1721 1800 1720 1806 1725 1801 1721 1806 1725 1807 1726 1800 1720 1803 1722 1808 1727 1800 1720 1808 1727 1806 1725 1803 1722 1805 1724 1809 1728 1803 1722 1809 1728 1808 1727 1805 1724 1801 1721 1807 1726 1805 1724 1807 1726 1809 1728 1810 1729 1811 1730 1812 1731 1810 1729 1812 1731 1813 1732 1811 1730 1814 1733 1815 1734 1811 1730 1815 1734 1812 1731 1814 1733 1816 1735 1817 1736 1814 1733 1817 1736 1815 1734 1816 1735 1810 1729 1813 1732 1816 1735 1813 1732 1817 1736 1813 1732 1812 1731 1818 1737 1813 1732 1818 1737 1819 1738 1812 1731 1815 1734 1820 1739 1812 1731 1820 1739 1818 1737 1815 1734 1817 1736 1821 1740 1815 1734 1821 1740 1820 1739 1817 1736 1813 1732 1819 1738 1817 1736 1819 1738 1821 1740 1822 1741 1823 1742 1824 1743 1822 1741 1824 1743 1825 1744 1823 1742 1826 1745 1827 1746 1823 1742 1827 1746 1824 1743 1826 1745 1828 1747 1829 1748 1826 1745 1829 1748 1827 1746 1828 1747 1822 1741 1825 1744 1828 1747 1825 1744 1829 1748 1825 1744 1824 1743 1830 1749 1825 1744 1830 1749 1831 1744 1824 1743 1827 1746 1832 1750 1824 1743 1832 1750 1830 1749 1827 1746 1829 1748 1833 1751 1827 1746 1833 1751 1832 1750 1829 1748 1825 1744 1831 1744 1829 1748 1831 1744 1833 1751</p></triangles>
      </mesh>
    </geometry>
  </library_geometries>
  <library_visual_scenes><visual_scene id="scene" name="scene">
    <node id="ROW_20_SEG4_solid" name="ROW_20_SEG4_solid" type="NODE"><instance_geometry url="#ROW_20_SEG4_solid-mesh"><bind_material><technique_common>
      <instance_material symbol="MAT_COTTON_STEM-mat" target="#MAT_COTTON_STEM"/>
    </technique_common></bind_material></instance_geometry></node>
  </visual_scene></library_visual_scenes>
  <scene><instance_visual_scene url="#scene"/></scene>
</COLLADA>
