<?xml version="1.0" encoding="utf-8"?>
<COLLADA xmlns="http://www.collada.org/2005/11/COLLADASchema" version="1.4.1">
  <asset>
    <contributor><authoring_tool>VIGIL SIH26126 farm generator</authoring_tool></contributor>
    <unit name="meter" meter="1"/>
    <up_axis>Z_UP</up_axis>
  </asset>
  <library_effects>
    <effect id="MAT_COTTON_STEM-fx"><profile_COMMON><technique sid="c"><lambert><diffuse><color>0.0620 0.0820 0.0240 1</color></diffuse></lambert></technique></profile_COMMON></effect>
  </library_effects>
  <library_materials>
    <material id="MAT_COTTON_STEM" name="MAT_COTTON_STEM"><instance_effect url="#MAT_COTTON_STEM-fx"/></material>
  </library_materials>
  <library_geometries>
    <geometry id="ROW_18_SEG3_solid-mesh" name="ROW_18_SEG3_solid">
      <mesh>
        <source id="ROW_18_SEG3_solid-pos"><float_array id="ROW_18_SEG3_solid-pos-a" count="5382">-2.1301 -0.013201 0.0024702 -2.1327 -0.0081997 0.0025051 -2.1347 -0.009819 0.033363 -2.1323 -0.014306 0.033435 -2.1384 -0.0080128 0.0022169 -2.1398 -0.0096512 0.033124 -2.1414 -0.012827 0.0018939 -2.1425 -0.01397 0.032958 -2.1387 -0.017828 0.0018591 -2.1401 -0.018457 0.03303 -2.133 -0.018015 0.0021472 -2.135 -0.018625 0.033269 -2.1364 -0.0097961 0.064114 -2.1343 -0.013763 0.06436 -2.1409 -0.0096474 0.063953 -2.1433 -0.013465 0.064038 -2.1411 -0.017432 0.064283 -2.1366 -0.017581 0.064444 -2.1375 -0.0080433 0.094982 -2.1357 -0.011488 0.095262 -2.1414 -0.0079136 0.094907 -2.1435 -0.011228 0.095113 -2.1417 -0.014672 0.095394 -2.1378 -0.014803 0.095468 -2.1381 -0.0061588 0.12604 -2.1365 -0.0090923 0.12617 -2.1414 -0.0060482 0.12604 -2.1432 -0.0088701 0.12618 -2.1416 -0.011804 0.12631 -2.1383 -0.011915 0.12631 -2.138 -0.006032 0.15718 -2.1367 -0.0084515 0.15712 -2.1407 -0.0059395 0.15724 -2.1422 -0.0082674 0.15723 -2.1409 -0.010687 0.15717 -2.1382 -0.010778 0.15711 -2.1374 -0.0081072 0.18825 -2.1364 -0.010007 0.18813 -2.1396 -0.0080347 0.18831 -2.1407 -0.0098629 0.18825 -2.1397 -0.011763 0.18813 -2.1375 -0.011835 0.18807 -2.1357 -0.013014 0.0021821 -2.1386 -0.0099354 0.18819 -2.1365 -0.014105 0.037275 -2.1378 -0.013383 0.036636 -2.1344 0.0030823 0.048192 -2.1333 0.0024576 0.048746 -2.1387 -0.014026 0.037798 -2.1352 0.0025253 0.049199 -2.1374 -0.014747 0.038437 -2.1341 0.0019007 0.049753 -2.1317 0.016538 0.057668 -2.1307 0.016008 0.058137 -2.1324 0.016067 0.05852 -2.1314 0.015537 0.058989 -2.1375 -0.013058 0.073475 -2.1394 -0.011333 0.073007 -2.1563 -0.023791 0.095369 -2.1547 -0.025287 0.095774 -2.1405 -0.012975 0.071347 -2.1573 -0.025214 0.09393 -2.1386 -0.0147 0.071814 -2.1557 -0.02671 0.094335 -2.1702 -0.034026 0.11365 -2.1688 -0.035291 0.11399 -2.171 -0.03523 0.11243 -2.1696 -0.036495 0.11278 -2.1385 -0.010481 0.10569 -2.1395 -0.0084677 0.10736 -2.1146 -0.012136 0.12498 -2.1138 -0.01388 0.12353 -2.1408 -0.010381 0.10885 -2.1158 -0.013794 0.12627 -2.1399 -0.012394 0.10719 -2.115 -0.015538 0.12483 -2.0943 -0.015183 0.13939 -2.0936 -0.01666 0.13817 -2.0953 -0.016586 0.14049 -2.0946 -0.018063 0.13926 -2.1385 -0.0086937 0.14294 -2.1393 -0.0073433 0.14175 -2.1513 0.00050068 0.1587 -2.1505 -0.00066948 0.15974 -2.1408 -0.0086288 0.14134 -2.1525 -0.00061226 0.15835 -2.14 -0.0099783 0.14253 -2.1518 -0.0017824 0.15938 -2.1611 0.0068874 0.17259 -2.1604 0.0058966 0.17346 -2.1621 0.0059452 0.17228 -2.1615 0.0049543 0.17316 -2.1381 -0.0093937 0.17705 -2.1389 -0.0088968 0.17764 -2.1395 -0.018894 0.18492 -2.1388 -0.019325 0.18441 -2.1397 -0.0093422 0.177 -2.1401 -0.01928 0.18436 -2.1389 -0.0098391 0.17641 -2.1395 -0.019711 0.18385 -2.1399 -0.027086 0.19086 -2.1394 -0.027451 0.19043 -2.1405 -0.027412 0.19039 -2.1399 -0.027778 0.18996 -1.8405 -0.0024223 0.0041583 -1.8399 0.0024462 0.004294 -1.8429 0.0018129 0.032216 -1.8434 -0.002553 0.032188 -1.8438 0.0054178 0.0039673 -1.8464 0.0044775 0.031941 -1.8483 0.003521 0.0035048 -1.8504 0.0027761 0.031638 -1.8489 -0.0013475 0.0033691 -1.851 -0.0015898 0.03161 -1.845 -0.0043192 0.0036958 -1.8475 -0.0042543 0.031885 -1.8449 0.0021839 0.06009 -1.8454 -0.0016756 0.06023 -1.848 0.0045424 0.059892 -1.8516 0.0030413 0.059835 -1.8521 -0.00081825 0.059975 -1.849 -0.0031767 0.060172 -1.8456 0.0035181 0.088124 -1.8461 0.00016308 0.088307 -1.8483 0.0055695 0.088011 -1.8515 0.0042658 0.088081 -1.8519 0.00091171 0.088264 -1.8492 -0.0011396 0.088377 -1.8459 0.0046377 0.11634 -1.8463 0.0017815 0.1164 -1.8482 0.006381 0.1163 -1.8509 0.0052691 0.11633 -1.8512 0.0024137 0.11639 -1.8489 0.00066948 0.11643 -1.8467 0.0042143 0.14459 -1.847 0.0018625 0.14449 -1.8485 0.0056496 0.14461 -1.8507 0.004734 0.14453 -1.851 0.0023832 0.14442 -1.8491 0.00094795 0.1444 -1.8481 0.0019703 0.17272 -1.8483 0.00012589 0.17257 -1.8496 0.0030985 0.17276 -1.8513 0.0023823 0.17264 -1.8515 0.00053787 0.17249 -1.8501 -0.00059032 0.17246 -1.8444 0.00054932 0.0038316 -1.8498 0.0012541 0.17261 -1.8464 -0.00039577 0.035625 -1.8469 0.00078201 0.035049 -1.8366 0.010539 0.046025 -1.8362 0.0095177 0.046525 -1.8479 0.00077915 0.036074 -1.8375 0.010535 0.046913 -1.8474 -0.00039959 0.03665 -1.837 0.0095139 0.047413 -1.8282 0.018507 0.055025 -1.8278 0.017643 0.055448 -1.829 0.018504 0.055777 -1.8286 0.01764 0.056199 -1.8476 0.00030231 0.068477 -1.848 0.0024652 0.068078 -1.8668 0.0018282 0.087809 -1.8664 -4.673e-05 0.088155 -1.8495 0.0018749 0.066513 -1.8681 0.0013161 0.086452 -1.8491 -0.00028801 0.066913 -1.8678 -0.00055885 0.086799 -1.8822 0.0012722 0.10394 -1.8819 -0.00031376 0.10423 -1.8833 0.00083923 0.10279 -1.883 -0.00074673 0.10308 -1.8479 0.0021391 0.097761 -1.8476 0.0040054 0.099314 -1.8324 -0.011291 0.1155 -1.8326 -0.012909 0.11416 -1.8495 0.0033121 0.1006 -1.834 -0.011891 0.11662 -1.8498 0.0014458 0.099047 -1.8343 -0.01351 0.11527 -1.8199 -0.023837 0.12875 -1.8201 -0.025206 0.12761 -1.8214 -0.024345 0.12969 -1.8216 -0.025715 0.12855 -1.8479 0.0027962 0.1316 -1.8478 0.0041857 0.13054 -1.8528 0.015437 0.14599 -1.8529 0.014234 0.1469 -1.8495 0.0040207 0.13012 -1.8542 0.015295 0.14562 -1.8496 0.0026321 0.13117 -1.8543 0.014091 0.14653 -1.8569 0.024625 0.15864 -1.8569 0.023605 0.15941 -1.8581 0.024504 0.15832 -1.8582 0.023485 0.15909 -1.8489 0.0015802 0.16252 -1.8493 0.0023155 0.16306 -1.8549 -0.0045586 0.16938 -1.8546 -0.0051956 0.16892 -1.85 0.0024004 0.16246 -1.8555 -0.0044851 0.16886 -1.8497 0.0016651 0.16192 -1.8552 -0.0051222 0.16839 -1.8595 -0.010191 0.17454 -1.8592 -0.01073 0.17414 -1.86 -0.010128 0.1741 -1.8598 -0.010668 0.1737 -1.5173 0.020378 0.0043754 -1.5151 0.01533 0.0043481 -1.514 0.015962 0.034406 -1.516 0.020485 0.034307 -1.5097 0.014687 0.0042185 -1.5091 0.015385 0.034296 -1.5064 0.019091 0.0041162 -1.5062 0.019331 0.034087 -1.5086 0.024138 0.0041435 -1.5082 0.023854 0.033988 -1.514 0.024782 0.0042731 -1.513 0.024431 0.034098 -1.5128 0.018349 0.064471 -1.5145 0.022345 0.064254 -1.5085 0.017838 0.064388 -1.5059 0.021323 0.064089 -1.5076 0.025319 0.063872 -1.5119 0.025829 0.063955 -1.5117 0.021009 0.094327 -1.5132 0.024489 0.094203 -1.5079 0.020565 0.094274 -1.5057 0.023601 0.094098 -1.5072 0.02708 0.093974 -1.5109 0.027524 0.094027 -1.511 0.022012 0.12407 -1.5122 0.024973 0.12413 -1.5078 0.021633 0.12404 -1.5058 0.024216 0.12408 -1.5071 0.027177 0.12415 -1.5103 0.027555 0.12418 -1.5107 0.020641 0.15386 -1.5118 0.023074 0.15404 -1.5081 0.020329 0.15385 -1.5065 0.02245 0.15403 -1.5075 0.024883 0.15422 -1.5102 0.025194 0.15422 -1.5108 0.018022 0.18377 -1.5116 0.019931 0.18395 -1.5087 0.017776 0.18377 -1.5074 0.019441 0.18395 -1.5083 0.021349 0.18413 -1.5103 0.021595 0.18413 -1.5118 0.019734 0.0042458 -1.5095 0.019686 0.18395 -1.5121 0.020302 0.038672 -1.5113 0.019492 0.037574 -1.51 0.0063696 0.047894 -1.5107 0.0070715 0.048845 -1.5099 0.020054 0.038115 -1.5088 0.0068569 0.048363 -1.5107 0.020864 0.039213 -1.5095 0.0075579 0.049314 -1.509 -0.0043497 0.056357 -1.5095 -0.0037565 0.057162 -1.508 -0.0039377 0.056754 -1.5085 -0.0033445 0.057559 -1.5118 0.022101 0.065901 -1.51 0.020546 0.066289 -1.4995 0.038805 0.090403 -1.501 0.040153 0.090067 -1.5086 0.021743 0.06484 -1.4983 0.039843 0.089147 -1.5103 0.023298 0.064453 -1.4998 0.04119 0.088812 -1.4909 0.053778 0.11011 -1.4922 0.054918 0.10983 -1.4899 0.054655 0.10905 -1.4911 0.055796 0.10876 -1.511 0.024109 0.091211 -1.5095 0.021999 0.092025 -1.528 0.018057 0.11543 -1.5293 0.019885 0.11472 -1.5079 0.023715 0.093493 -1.5266 0.019544 0.1167 -1.5095 0.025825 0.092679 -1.528 0.021372 0.11599 -1.5431 0.014877 0.13458 -1.5443 0.016425 0.13398 -1.542 0.016135 0.13566 -1.5431 0.017683 0.13506 -1.5105 0.024664 0.12031 -1.5096 0.022878 0.11885 -1.4944 0.011566 0.1419 -1.4952 0.013114 0.14316 -1.5077 0.024348 0.11832 -1.4927 0.012841 0.14144 -1.5086 0.026135 0.11978 -1.4935 0.014389 0.1427 -1.4819 0.0023508 0.16077 -1.4825 0.0036612 0.16183 -1.4804 0.0034294 0.16038 -1.4811 0.0047398 0.16144 -1.5102 0.023371 0.14575 -1.5096 0.022548 0.14708 -1.5134 0.040699 0.15933 -1.5139 0.041413 0.15818 -1.508 0.023106 0.14677 -1.5121 0.041183 0.15906 -1.5086 0.02393 0.14544 -1.5126 0.041897 0.15791 -1.5166 0.055567 0.16933 -1.517 0.056171 0.16836 -1.5154 0.055977 0.16911 -1.5158 0.056581 0.16813 -1.5101 0.020879 0.1729 -1.5092 0.020315 0.17263 -1.5138 0.0095387 0.18035 -1.5146 0.010028 0.18058 -1.5087 0.020707 0.17347 -1.5134 0.0098782 0.18107 -1.5095 0.021271 0.17373 -1.5141 0.010367 0.1813 -1.5176 0.00073338 0.18667 -1.5182 0.0011473 0.18687 -1.5172 0.0010204 0.18729 -1.5178 0.0014343 0.18748 -1.2315 -0.0015154 0.0048949 -1.2257 -0.00067997 0.0047018 -1.2255 0.0034504 0.037008 -1.2307 0.0027122 0.03729 -1.2235 0.0047255 0.0040523 -1.2236 0.0082979 0.036447 -1.2272 0.0092936 0.003596 -1.2268 0.012409 0.036167 -1.233 0.0084581 0.0037892 -1.232 0.011672 0.036449 -1.2351 0.0030527 0.0044386 -1.234 0.0068235 0.03701 -1.2239 0.0066977 0.0692 -1.2284 0.0060606 0.069639 -1.2221 0.010991 0.068756 -1.225 0.014648 0.068751 -1.2296 0.014011 0.06919 -1.2313 0.0097179 0.069635 -1.2207 0.0088453 0.10152 -1.2247 0.0082912 0.10197 -1.2192 0.012585 0.1012 -1.2217 0.015771 0.10134 -1.2257 0.015218 0.10179 -1.2272 0.011477 0.10211 -1.2176 0.010368 0.13408 -1.221 0.0098896 0.13435 -1.2164 0.013552 0.13388 -1.2185 0.016257 0.13395 -1.2219 0.015779 0.13423 -1.2231 0.012595 0.13443 -1.2165 0.01193 0.16678 -1.2193 0.011529 0.16683 -1.2154 0.014555 0.16667 -1.2172 0.016779 0.16661 -1.22 0.016378 0.16666 -1.221 0.013753 0.16677 -1.2176 0.013744 0.19947 -1.2198 0.013428 0.19943 -1.2168 0.015809 0.19941 -1.2182 0.017556 0.1993 -1.2204 0.017239 0.19926 -1.2212 0.015175 0.19933 -1.2293 0.0038891 0.0042455 -1.219 0.015491 0.19937 -1.2289 0.0068617 0.041068 -1.2278 0.0078497 0.040307 -1.2126 -0.00057697 0.052426 -1.2136 -0.0014343 0.053085 -1.228 0.0090427 0.041479 -1.2128 0.00045586 0.053442 -1.2292 0.0080538 0.04224 -1.2138 -0.00040054 0.054101 -1.2002 -0.0074701 0.062365 -1.201 -0.0081949 0.062923 -1.2004 -0.0065956 0.063224 -1.2012 -0.0073204 0.063782 -1.2263 0.0094376 0.079005 -1.224 0.010622 0.078377 -1.2294 0.032645 0.101 -1.2314 0.031619 0.10154 -1.2253 0.01216 0.07659 -1.2305 0.033978 0.099446 -1.2276 0.010976 0.077218 -1.2325 0.032952 0.09999 -1.2338 0.050669 0.11949 -1.2355 0.0498 0.11995 -1.2347 0.051797 0.11818 -1.2364 0.050928 0.11864 -1.2224 0.011256 0.11274 -1.22 0.011551 0.11441 -1.2317 -0.010281 0.13447 -1.2337 -0.010536 0.13303 -1.2213 0.013618 0.11592 -1.2328 -0.0084887 0.13578 -1.2237 0.013325 0.11425 -1.2349 -0.0087433 0.13434 -1.2413 -0.028121 0.15088 -1.243 -0.028337 0.14966 -1.2422 -0.026605 0.15199 -1.244 -0.026821 0.15077 -1.2194 0.012568 0.15184 -1.2178 0.012838 0.15052 -1.2054 0.022557 0.16749 -1.2068 0.022323 0.16863 -1.2185 0.014692 0.15001 -1.2061 0.024164 0.16705 -1.2201 0.014421 0.15133 -1.2074 0.02393 0.1682 -1.1953 0.030529 0.18139 -1.1965 0.03033 0.18235 -1.1959 0.031888 0.18102 -1.197 0.03169 0.18198 -1.219 0.014263 0.18769 -1.2182 0.014882 0.18825 -1.2275 0.019355 0.19599 -1.2282 0.018818 0.19551 -1.2184 0.015758 0.18754 -1.2276 0.020113 0.19538 -1.2192 0.015138 0.18698 -1.2283 0.019576 0.19489 -1.2351 0.023017 0.20231 -1.2356 0.022563 0.2019 -1.2352 0.023659 0.20179 -1.2358 0.023204 0.20137 -0.92907 -0.0041809 0.0044687 -0.93641 -0.0041227 0.0033385 -0.94252 -0.0093451 0.042567 -0.93592 -0.0093813 0.043459 -0.94001 -0.010485 0.0021148 -0.94576 -0.01506 0.041547 -0.93629 -0.016906 0.0020213 -0.94241 -0.020811 0.041418 -0.92896 -0.016965 0.0031515 -0.93582 -0.020847 0.04231 -0.92535 -0.010602 0.0043752 -0.93257 -0.015133 0.04333 -0.94698 -0.014308 0.08175 -0.94112 -0.014323 0.082412 -0.94987 -0.019384 0.081042 -0.94691 -0.024478 0.080996 -0.94106 -0.024494 0.081658 -0.93817 -0.019417 0.082366 -0.95113 -0.01722 0.12075 -0.94604 -0.017225 0.12131 -0.95368 -0.021653 0.12039 -0.95113 -0.026092 0.12059 -0.94603 -0.026097 0.12115 -0.94349 -0.021665 0.12151 -0.95528 -0.017283 0.1598 -0.95094 -0.017276 0.1602 -0.95745 -0.021055 0.15976 -0.95529 -0.024821 0.16011 -0.95096 -0.024814 0.16051 -0.94878 -0.021042 0.16055 -0.9579 -0.015104 0.1991 -0.95431 -0.015103 0.19922 -0.9597 -0.018203 0.19928 -0.95791 -0.021301 0.19958 -0.95432 -0.0213 0.19969 -0.95252 -0.018202 0.19951 -0.95693 -0.012095 0.23859 -0.95411 -0.012105 0.23857 -0.95835 -0.014525 0.23882 -0.95694 -0.016963 0.23901 -0.95412 -0.016973 0.23899 -0.95271 -0.014544 0.23877 -0.93268 -0.010544 0.003245 -0.95553 -0.014534 0.23879 -0.9393 -0.014656 0.048843 -0.9406 -0.014619 0.047219 -0.96208 -0.018431 0.063059 -0.96095 -0.018463 0.064466 -0.9404 -0.016742 0.047028 -0.9619 -0.02027 0.062893 -0.93909 -0.016779 0.048652 -0.96077 -0.020303 0.064301 -0.97963 -0.021576 0.076036 -0.97867 -0.021604 0.077227 -0.97948 -0.023132 0.075896 -0.97852 -0.02316 0.077086 -0.94241 -0.017088 0.077099 -0.94499 -0.017862 0.078439 -0.92742 -0.023474 0.10584 -0.92518 -0.022802 0.10468 -0.94456 -0.020766 0.077671 -0.92705 -0.02599 0.10517 -0.94198 -0.019992 0.076331 -0.92481 -0.025319 0.10401 -0.91301 -0.02809 0.12823 -0.91111 -0.027522 0.12724 -0.91269 -0.03022 0.12766 -0.9108 -0.029652 0.12668 -0.94609 -0.019564 0.10487 -0.94931 -0.020817 0.10589 -0.9569 0.017293 0.12557 -0.9541 0.018379 0.12468 -0.94779 -0.022128 0.10878 -0.95557 0.016156 0.12807 -0.94457 -0.020874 0.10775 -0.95278 0.017243 0.12718 -0.96304 0.048473 0.1417 -0.96068 0.049393 0.14094 -0.96192 0.047512 0.14381 -0.95956 0.048431 0.14306 -0.94948 -0.019753 0.13794 -0.9526 -0.020144 0.13614 -0.96744 -0.044621 0.165 -0.96474 -0.044282 0.16656 -0.95122 -0.023088 0.13455 -0.96625 -0.047172 0.16363 -0.94811 -0.022697 0.13635 -0.96355 -0.046833 0.16519 -0.97953 -0.064678 0.18863 -0.97725 -0.064391 0.18995 -0.97852 -0.066836 0.18746 -0.97624 -0.06655 0.18878 -0.95277 -0.019479 0.16405 -0.95476 -0.018955 0.16624 -0.92918 -0.0079374 0.18482 -0.92746 -0.0083914 0.18292 -0.9543 -0.021821 0.16725 -0.92878 -0.010422 0.18569 -0.95231 -0.022345 0.16506 -0.92706 -0.010876 0.1838 -0.90822 0.0010357 0.20001 -0.90676 0.00065136 0.1984 -0.90789 -0.0010662 0.20075 -0.90642 -0.0014505 0.19914 -0.95514 -0.017361 0.19565 -0.95642 -0.017662 0.19414 -0.97357 -0.015226 0.2071 -0.97247 -0.014966 0.2084 -0.95642 -0.01967 0.19451 -0.97357 -0.016968 0.20742 -0.95514 -0.019369 0.19602 -0.97247 -0.016706 0.20872 -0.98759 -0.013255 0.21772 -0.98666 -0.013034 0.21882 -0.98759 -0.014729 0.21799 -0.98666 -0.014507 0.21909 -0.95528 -0.015023 0.22498 -0.95662 -0.015572 0.22503 -0.95218 -0.024649 0.23877 -0.95102 -0.024175 0.23873 -0.9562 -0.016686 0.22424 -0.95182 -0.025616 0.23809 -0.95486 -0.016138 0.22419 -0.95066 -0.025141 0.23805 -0.94853 -0.032084 0.25001 -0.94755 -0.031681 0.24997 -0.94822 -0.032901 0.24943 -0.94724 -0.032499 0.2494 -0.94603 -0.018213 0.1136 -0.95152 -0.019928 0.11404 -0.95493 0.0038786 0.14954 -0.95073 0.005188 0.1492 -0.94983 -0.024458 0.11707 -0.95363 0.00041962 0.15186 -0.94434 -0.022743 0.11662 -0.94944 0.001729 0.15151 -0.9584 0.02771 0.18502 -0.9554 0.028646 0.18478 -0.95747 0.02524 0.18667 -0.95448 0.026175 0.18643 -0.95644 0.026942 0.18572 -0.59602 0.0031071 0.0022757 -0.59715 0.0080729 0.0023347 -0.59597 0.0077209 0.031027 -0.59496 0.0032692 0.03089 -0.60201 0.0095749 0.0025969 -0.60033 0.0090685 0.03127 -0.60574 0.0061111 0.0028001 -0.60368 0.0059633 0.031376 -0.60461 0.0011454 0.0027411 -0.60267 0.0015116 0.03124 -0.59975 -0.00035667 0.0024789 -0.59831 0.00016403 0.030997 -0.59503 0.006259 0.059785 -0.59415 0.002326 0.059504 -0.59888 0.0074511 0.060019 -0.60185 0.0047102 0.059973 -0.60097 0.00077724 0.059692 -0.59711 -0.00041485 0.059458 -0.59431 0.003521 0.08844 -0.59354 0.0001049 0.08812 -0.59766 0.0045567 0.08867 -0.60024 0.0021782 0.088579 -0.59948 -0.0012369 0.088259 -0.59613 -0.0022736 0.088029 -0.59334 0.0008297 0.11691 -0.59269 -0.00208 0.11672 -0.59619 0.0017109 0.11713 -0.59838 -0.00031757 0.11716 -0.59773 -0.0032272 0.11697 -0.59488 -0.0041084 0.11675 -0.59158 -0.00012589 0.14529 -0.59103 -0.0025253 0.14529 -0.59393 0.00059986 0.14549 -0.59572 -0.0010738 0.14569 -0.59517 -0.0034733 0.14569 -0.59283 -0.004199 0.14549 -0.58887 0.0012312 0.17375 -0.58843 -0.00065327 0.17381 -0.59071 0.0018015 0.17391 -0.59211 0.00048828 0.17415 -0.59167 -0.0013952 0.17422 -0.58983 -0.0019665 0.17405 -0.60088 0.0046091 0.0025379 -0.59027 -8.2016e-05 0.17398 -0.59823 0.0041904 0.035578 -0.59868 0.0053015 0.034719 -0.60261 0.014004 0.048529 -0.60222 0.013041 0.049274 -0.60004 0.004734 0.034698 -0.60379 0.013513 0.048511 -0.59959 0.003624 0.035557 -0.60339 0.01255 0.049256 -0.60584 0.021104 0.059839 -0.60551 0.020289 0.060469 -0.60683 0.020689 0.059824 -0.6065 0.019874 0.060454 -0.59563 0.0014877 0.078305 -0.59712 0.0031767 0.079357 -0.60623 -0.017104 0.098951 -0.60493 -0.018568 0.098039 -0.59895 0.0025063 0.077794 -0.60782 -0.017685 0.097597 -0.59746 0.0008173 0.076742 -0.60652 -0.019149 0.096685 -0.61369 -0.033726 0.11495 -0.61259 -0.034965 0.11418 -0.61503 -0.034218 0.1138 -0.61393 -0.035457 0.11303 -0.59402 -0.0016689 0.12014 -0.59513 0.0001173 0.12041 -0.58193 0.0054836 0.1382 -0.58097 0.0039358 0.13796 -0.59644 -0.00089741 0.12174 -0.58307 0.0046043 0.13935 -0.59534 -0.0026827 0.12147 -0.58211 0.0030565 0.13912 -0.57114 0.00984 0.15277 -0.57033 0.0085306 0.15257 -0.5721 0.0090961 0.15374 -0.57129 0.0077868 0.15354 -0.59091 -0.00083923 0.16423 -0.59119 -2.6703e-05 0.16372 -0.59947 0.0023899 0.17234 -0.59923 0.0016861 0.17278 -0.59186 -0.00056171 0.16322 -0.60006 0.0019264 0.1719 -0.59159 -0.0013742 0.16373 -0.59982 0.0012226 0.17234 -0.60625 0.0043507 0.17939 -0.60605 0.0037556 0.17976 -0.60675 0.0039587 0.17902 -0.60655 0.0033627 0.1794 -0.31785 -0.028712 0.002504 -0.31172 -0.028847 0.001927 -0.30886 -0.027356 0.037368 -0.31437 -0.02724 0.037775 -0.30854 -0.023579 0.0014578 -0.30601 -0.022629 0.037016 -0.31151 -0.018174 0.0015656 -0.30867 -0.017785 0.037072 -0.31765 -0.01804 0.0021425 -0.31418 -0.017669 0.037479 -0.32082 -0.023308 0.0026117 -0.31703 -0.022396 0.037831 -0.30737 -0.02604 0.072654 -0.31226 -0.025941 0.0729 -0.30484 -0.021854 0.072518 -0.3072 -0.01757 0.072629 -0.31208 -0.01747 0.072875 -0.31461 -0.021656 0.07301 -0.30616 -0.026402 0.10763 -0.31041 -0.02632 0.10783 -0.30395 -0.022765 0.10774 -0.306 -0.019049 0.10806 -0.31025 -0.018968 0.10825 -0.31245 -0.022604 0.10814 -0.30501 -0.029124 0.14247 -0.30863 -0.029059 0.14257 -0.30314 -0.026048 0.1428 -0.30488 -0.022907 0.14323 -0.3085 -0.022843 0.14333 -0.31037 -0.025919 0.143 -0.30518 -0.033685 0.1773 -0.30816 -0.033612 0.17719 -0.30365 -0.031173 0.17776 -0.30509 -0.028589 0.17812 -0.30806 -0.028518 0.17801 -0.3096 -0.031029 0.17755 -0.30834 -0.038865 0.21204 -0.31068 -0.038793 0.21185 -0.30714 -0.036901 0.21247 -0.30827 -0.034865 0.21272 -0.31061 -0.034793 0.21253 -0.31181 -0.036757 0.2121 -0.31468 -0.023443 0.0020348 -0.30947 -0.036829 0.21229 -0.3118 -0.023319 0.043077 -0.31062 -0.023268 0.041712 -0.2937 -0.021682 0.057239 -0.29472 -0.021727 0.058422 -0.31074 -0.021494 0.041666 -0.2938 -0.020144 0.057199 -0.31192 -0.021545 0.04303 -0.29482 -0.020189 0.058382 -0.27987 -0.020364 0.069959 -0.28073 -0.020402 0.07096 -0.27996 -0.019063 0.069925 -0.28082 -0.0191 0.070926 -0.31083 -0.023317 0.068444 -0.30876 -0.022826 0.06983 -0.32481 -0.01967 0.093433 -0.32661 -0.020096 0.092231 -0.30902 -0.02036 0.06931 -0.32503 -0.017533 0.092982 -0.31109 -0.020851 0.067923 -0.32683 -0.017959 0.09178 -0.33797 -0.017064 0.11272 -0.33949 -0.017425 0.1117 -0.33816 -0.015256 0.11234 -0.33968 -0.015616 0.11132 -0.30936 -0.023258 0.093415 -0.30673 -0.022363 0.09459 -0.30228 -0.055424 0.11005 -0.30456 -0.0562 0.10903 -0.30814 -0.021442 0.097141 -0.30351 -0.054626 0.11226 -0.31077 -0.022337 0.095966 -0.30579 -0.055402 0.11124 -0.2987 -0.082474 0.12271 -0.30062 -0.08313 0.12185 -0.29973 -0.081799 0.12458 -0.30166 -0.082455 0.12372 -0.30849 -0.025448 0.12292 -0.30579 -0.025071 0.12153 -0.29476 -0.0071297 0.14953 -0.29709 -0.0074558 0.15073 -0.30679 -0.022494 0.12023 -0.29562 -0.0048962 0.1484 -0.30948 -0.022871 0.12162 -0.29795 -0.0052233 0.1496 -0.28577 0.0075769 0.17243 -0.28775 0.0073004 0.17345 -0.2865 0.0094662 0.17148 -0.28847 0.0091896 0.1725 -0.3073 -0.027542 0.14623 -0.30578 -0.028171 0.14825 -0.32825 -0.037992 0.16252 -0.32956 -0.037447 0.16077 -0.30617 -0.025857 0.1493 -0.32859 -0.035987 0.16343 -0.30769 -0.025229 0.14728 -0.3299 -0.035442 0.16168 -0.34665 -0.045991 0.17418 -0.34776 -0.04553 0.1727 -0.34694 -0.044294 0.17495 -0.34804 -0.043834 0.17347 -0.30722 -0.031519 0.17422 -0.30607 -0.031195 0.17299 -0.29267 -0.034484 0.18531 -0.29366 -0.034764 0.18638 -0.30606 -0.029557 0.17344 -0.29266 -0.033065 0.1857 -0.30721 -0.029881 0.17468 -0.29365 -0.033345 0.18677 -0.28171 -0.037159 0.19541 -0.28256 -0.037396 0.19632 -0.2817 -0.035958 0.19574 -0.28255 -0.036196 0.19665 -0.30887 -0.03547 0.20006 -0.30775 -0.03505 0.20022 -0.31206 -0.028382 0.21272 -0.31303 -0.028746 0.21258 -0.30803 -0.034064 0.19957 -0.31231 -0.027528 0.21216 -0.30915 -0.034484 0.19942 -0.31328 -0.027891 0.21202 -0.31561 -0.02292 0.22293 -0.31643 -0.023228 0.22282 -0.31582 -0.022196 0.22246 -0.31664 -0.022504 0.22234 -0.30995 -0.024974 0.10106 -0.30539 -0.023708 0.10188 -0.30508 -0.045924 0.13202 -0.30855 -0.046891 0.13139 -0.30689 -0.020129 0.10476 -0.30622 -0.043192 0.13421 -0.31145 -0.021395 0.10393 -0.3097 -0.044158 0.13358 -0.30471 -0.068162 0.16214 -0.30719 -0.068852 0.16169 -0.30552 -0.06621 0.1637 -0.30801 -0.0669 0.16325 -0.30636 -0.067531 0.16269 -0.015453 -0.015556 0.002541 -0.020511 -0.017494 0.0027787 -0.019702 -0.015188 0.031881 -0.015169 -0.013462 0.031549 -0.021351 -0.022826 0.0032829 -0.020455 -0.019969 0.032339 -0.017133 -0.026222 0.0035493 -0.016675 -0.023025 0.032464 -0.012074 -0.024284 0.0033116 -0.012143 -0.021298 0.032132 -0.011234 -0.018952 0.0028074 -0.011389 -0.016517 0.031674 -0.017165 -0.013078 0.061001 -0.013162 -0.011561 0.060581 -0.017832 -0.017306 0.06142 -0.014495 -0.02002 0.06142 -0.010492 -0.018504 0.061001 -0.0098257 -0.014276 0.060582 -0.014357 -0.010892 0.089905 -0.01087 -0.0095701 0.089603 -0.014936 -0.014568 0.090288 -0.01203 -0.016922 0.09037 -0.0085437 -0.015599 0.090068 -0.0079639 -0.011924 0.089685 -0.01317 -0.0082884 0.11866 -0.010202 -0.0071468 0.11857 -0.013663 -0.011412 0.119 -0.011189 -0.013394 0.11926 -0.0082209 -0.012253 0.11917 -0.0077276 -0.0091295 0.11883 -0.014305 -0.005125 0.14741 -0.011866 -0.0041685 0.14746 -0.014711 -0.0076962 0.14771 -0.012678 -0.0093117 0.14806 -0.010239 -0.0083561 0.14811 -0.0098326 -0.005785 0.14782 -0.016658 -0.0015783 0.17625 -0.014744 -0.00082207 0.17632 -0.016978 -0.0035992 0.17649 -0.015383 -0.0048647 0.17681 -0.013468 -0.0041084 0.17688 -0.013148 -0.0020866 0.17664 -0.016293 -0.020889 0.0030451 -0.015063 -0.0028429 0.17657 -0.015465 -0.016818 0.03621 -0.0163 -0.017674 0.035243 -0.029208 -0.01724 0.045375 -0.028483 -0.016498 0.046212 -0.015794 -0.018982 0.035922 -0.028769 -0.018373 0.045963 -0.014958 -0.018126 0.036888 -0.028044 -0.017631 0.0468 -0.039752 -0.01689 0.053684 -0.039139 -0.016261 0.054393 -0.039381 -0.017848 0.054182 -0.038768 -0.01722 0.05489 -0.013494 -0.014095 0.06249 -0.015089 -0.015695 0.063068 0.002703 -0.023965 0.087474 0.0040855 -0.022579 0.086973 -0.013973 -0.017282 0.06183 0.0036705 -0.025341 0.086401 -0.012378 -0.015683 0.061252 0.005053 -0.023955 0.0859 0.017293 -0.030731 0.10742 0.018463 -0.029558 0.107 0.018112 -0.031896 0.10651 0.019282 -0.030723 0.10609 -0.011349 -0.012026 0.086969 -0.013482 -0.013369 0.087938 -0.016497 0.0075474 0.10838 -0.014649 0.0087118 0.10754 -0.011836 -0.014771 0.089525 -0.015071 0.0063314 0.10976 -0.0097041 -0.013429 0.088556 -0.013224 0.0074959 0.10892 -0.018919 0.02466 0.12512 -0.017355 0.025646 0.12441 -0.017712 0.023632 0.12628 -0.016149 0.024617 0.12557 -0.010599 -0.0092268 0.11508 -0.012407 -0.010239 0.11378 -0.023957 -0.022142 0.13779 -0.02239 -0.021265 0.13891 -0.011034 -0.012267 0.11349 -0.022767 -0.0239 0.13754 -0.0092256 -0.011254 0.11479 -0.0212 -0.023023 0.13866 -0.033369 -0.031894 0.15744 -0.032043 -0.031152 0.15839 -0.032362 -0.033381 0.15723 -0.031036 -0.03264 0.15818 -0.011695 -0.0066776 0.13965 -0.012519 -0.0070534 0.141 0.0056164 -0.0025969 0.15232 0.00633 -0.0022707 0.15115 -0.012029 -0.0086393 0.14088 0.0060408 -0.0039701 0.15221 -0.011205 -0.0082626 0.13953 0.0067544 -0.0036449 0.15104 0.02047 0.0010357 0.16156 0.021074 0.0013113 0.16057 0.020829 -0.00012684 0.16147 0.021433 0.00014877 0.16048 -0.01395 -0.0036001 0.16584 -0.01454 -0.0044613 0.16569 -0.024935 0.0013323 0.17263 -0.024423 0.002079 0.17276 -0.014167 -0.0048923 0.16655 -0.024611 0.0009594 0.17338 -0.013576 -0.0040312 0.16671 -0.024099 0.0017052 0.17351 -0.033427 0.0060778 0.17832 -0.032994 0.0067091 0.17843 -0.033154 0.0057621 0.17895 -0.03272 0.0063934 0.17907 0.29875 -0.016876 0.0049945 0.29207 -0.019022 0.0042347 0.28726 -0.016574 0.04281 0.29323 -0.014639 0.043628 0.29052 -0.025899 0.0045418 0.28587 -0.02274 0.043072 0.29564 -0.030629 0.0056088 0.29045 -0.026973 0.044153 0.30232 -0.028483 0.0063685 0.29642 -0.025039 0.044971 0.30388 -0.021606 0.0060614 0.29781 -0.018872 0.044709 0.28054 -0.013865 0.081288 0.28581 -0.012148 0.08212 0.27931 -0.019322 0.081486 0.28335 -0.023064 0.082518 0.28861 -0.021347 0.08335 0.28984 -0.015889 0.083151 0.27409 -0.011516 0.12008 0.27869 -0.010036 0.12066 0.27303 -0.016265 0.12021 0.27656 -0.019535 0.12092 0.28117 -0.018056 0.12149 0.28223 -0.013307 0.12136 0.27041 -0.010193 0.15923 0.27435 -0.0089483 0.15944 0.26951 -0.014233 0.15929 0.27255 -0.017028 0.15957 0.27649 -0.015784 0.15979 0.2774 -0.011744 0.15972 0.27015 -0.010078 0.19853 0.27341 -0.0090551 0.19852 0.26941 -0.013408 0.19855 0.27193 -0.015714 0.19856 0.27518 -0.01469 0.19855 0.27592 -0.011361 0.19853 0.27157 -0.010744 0.23778 0.27413 -0.0099392 0.23773 0.27099 -0.013362 0.23778 0.27296 -0.015174 0.23774 0.27552 -0.014368 0.23768 0.2761 -0.011751 0.23768 0.2972 -0.023753 0.0053016 0.27355 -0.012556 0.23773 0.29109 -0.019004 0.049677 0.28957 -0.020329 0.049977 0.30032 -0.028136 0.068723 0.30164 -0.026988 0.068464 0.29056 -0.021712 0.048863 0.30118 -0.029335 0.067758 0.29207 -0.020388 0.048564 0.30249 -0.028187 0.067499 0.30915 -0.034524 0.084044 0.31027 -0.033553 0.083825 0.30988 -0.035539 0.083228 0.31099 -0.034568 0.083009 0.28469 -0.016456 0.082028 0.28223 -0.017679 0.083315 0.27523 0.014598 0.099909 0.27736 0.015658 0.098793 0.28391 -0.01853 0.085687 0.27668 0.013861 0.10196 0.28637 -0.017306 0.0844 0.27882 0.014921 0.10085 0.26955 0.041011 0.1135 0.27135 0.041908 0.11255 0.27078 0.040387 0.11524 0.27259 0.041285 0.11429 0.27835 -0.012988 0.11997 0.27572 -0.014215 0.11798 0.26248 -0.036078 0.14913 0.26476 -0.035015 0.15085 0.27774 -0.016922 0.11699 0.26423 -0.038424 0.14827 0.28037 -0.015696 0.11897 0.26651 -0.037361 0.14999 0.2517 -0.053985 0.17463 0.25363 -0.053085 0.17609 0.25318 -0.055969 0.1739 0.25511 -0.05507 0.17536 0.27462 -0.011559 0.15192 0.27246 -0.012033 0.15423 0.30081 0.0036163 0.18338 0.30269 0.0040274 0.18138 0.27362 -0.014993 0.15471 0.30182 0.0010509 0.1838 0.27579 -0.014519 0.1524 0.3037 0.001462 0.18179 0.32405 0.01639 0.20721 0.32564 0.016738 0.20552 0.3249 0.014219 0.20756 0.32649 0.014567 0.20587 0.27323 -0.01115 0.18786 0.27211 -0.012844 0.18711 0.2512 -0.0034904 0.19745 0.25217 -0.0020218 0.1981 0.27252 -0.013932 0.18893 0.25156 -0.0044336 0.19903 0.27364 -0.012239 0.18968 0.25253 -0.0029659 0.19968 0.23412 0.0041704 0.20594 0.23494 0.0054131 0.2065 0.23442 0.0033722 0.20728 0.23524 0.0046139 0.20783 0.27334 -0.011748 0.22424 0.2723 -0.012576 0.22389 0.27621 -0.021686 0.23417 0.27712 -0.020968 0.23447 0.27312 -0.013241 0.22301 0.27692 -0.022262 0.23341 0.27416 -0.012413 0.22336 0.27783 -0.021544 0.23371 0.27944 -0.029138 0.24257 0.2802 -0.02853 0.24282 0.28004 -0.029625 0.24193 0.28081 -0.029017 0.24218 0.28676 -0.015216 0.073015 0.28212 -0.017669 0.074613 0.28117 0.00023842 0.096811 0.28472 0.0021114 0.095591 0.28503 -0.021156 0.077677 0.2834 -0.0024242 0.099151 0.28967 -0.018703 0.076079 0.28694 -0.00055122 0.097931 0.28016 0.018155 0.119 0.28269 0.019493 0.11812 0.28175 0.016253 0.12067 0.28428 0.017591 0.1198 0.28222 0.017873 0.1194 0.59399 0.0083599 0.0064027 0.60024 0.0078716 0.0067008 0.59808 0.0057831 0.041737 0.59249 0.0062304 0.041326 0.60376 0.01303 0.0072828 0.60124 0.010407 0.042266 0.60104 0.018676 0.0075666 0.59881 0.015479 0.042384 0.59479 0.019164 0.0072685 0.59321 0.015926 0.041973 0.59127 0.014006 0.0066865 0.59005 0.011302 0.041444 0.59421 0.004755 0.076785 0.58928 0.0051603 0.076271 0.59701 0.0088444 0.07727 0.59487 0.01334 0.077241 0.58993 0.013745 0.076727 0.58714 0.009655 0.076242 0.59003 0.0037851 0.11157 0.58573 0.0041351 0.1112 0.59246 0.0073404 0.11202 0.59059 0.011246 0.11209 0.58629 0.011596 0.11172 0.58386 0.0080404 0.11127 0.58733 0.0015726 0.14619 0.58366 0.0018539 0.14608 0.58939 0.0045929 0.14659 0.58779 0.0078945 0.14688 0.58412 0.0081758 0.14676 0.58205 0.0051556 0.14636 0.58677 -0.0023785 0.18082 0.58375 -0.0021667 0.18088 0.58848 0.00010777 0.18117 0.58715 0.0028067 0.18157 0.58413 0.0030184 0.18163 0.58243 0.00053215 0.18128 0.58731 -0.0073366 0.21556 0.58493 -0.0071764 0.21564 0.58864 -0.0053825 0.21584 0.5876 -0.0032673 0.21621 0.58523 -0.0031071 0.21629 0.58389 -0.0050611 0.21601 0.59752 0.013517 0.0069846 0.58627 -0.0052223 0.21592 0.59444 0.0095797 0.046919 0.59574 0.010063 0.045755 0.60896 0.0031681 0.058009 0.60783 0.0027494 0.059018 0.59586 0.011681 0.046563 0.60906 0.0045691 0.058709 0.59455 0.011197 0.047727 0.60793 0.0041504 0.059718 0.61976 -0.0024605 0.068059 0.6188 -0.0028143 0.068912 0.61984 -0.0012741 0.068651 0.61889 -0.0016289 0.069504 0.59087 0.0076399 0.078556 0.59333 0.0085173 0.079251 0.57871 0.025938 0.1085 0.57657 0.025177 0.1079 0.59296 0.010736 0.077747 0.57838 0.027861 0.1072 0.5905 0.0098581 0.077053 0.57625 0.0271 0.1066 0.5667 0.040207 0.13241 0.5649 0.039564 0.1319 0.56643 0.041834 0.13131 0.56463 0.04119 0.1308 0.58746 0.0064726 0.10802 0.59035 0.0068159 0.10919 0.58299 -0.016612 0.13392 0.58049 -0.01691 0.13291 0.58932 0.0090952 0.11108 0.5821 -0.014636 0.13556 0.58643 0.0087528 0.10992 0.57959 -0.014934 0.13455 0.57692 -0.035757 0.15417 0.5748 -0.036009 0.15331 0.57616 -0.034085 0.15556 0.57404 -0.034337 0.1547 0.58513 0.0038414 0.14186 0.58753 0.0040045 0.14031 0.60538 0.010648 0.16919 0.6033 0.010507 0.17054 0.5871 0.0068092 0.13994 0.60501 0.013079 0.16887 0.5847 0.0066452 0.1415 0.60293 0.012937 0.17022 0.61995 0.016116 0.19283 0.61819 0.015996 0.19397 0.61964 0.018172 0.19256 0.61788 0.018052 0.1937 0.58486 0.00056267 0.17145 0.5859 0.00054359 0.17308 0.56467 0.0048609 0.18665 0.56377 0.004878 0.18524 0.58618 0.0024452 0.17293 0.56491 0.0065088 0.18651 0.58514 0.0024643 0.1713 0.56401 0.006526 0.1851 0.54728 0.0084171 0.19773 0.54652 0.0084314 0.19653 0.54749 0.0098114 0.19761 0.54673 0.0098257 0.19642 0.58554 -0.0038471 0.20301 0.58659 -0.0032396 0.20282 0.59453 -0.014482 0.21125 0.59362 -0.015008 0.21141 0.58641 -0.0026064 0.20386 0.59437 -0.013933 0.21215 0.58536 -0.0032139 0.20405 0.59347 -0.01446 0.21231 0.60102 -0.02368 0.21816 0.60025 -0.024125 0.2183 0.60088 -0.023215 0.21892 0.60012 -0.023661 0.21906 0.90403 0.021457 0.010391 0.91054 0.019419 0.010221 0.91169 0.021074 0.046675 0.90585 0.022903 0.046865 0.91556 0.024041 0.0099169 0.91619 0.02522 0.046399 0.91406 0.030703 0.0097817 0.91485 0.031194 0.046313 0.90755 0.032742 0.0099511 0.90901 0.033022 0.046503 0.90253 0.028118 0.010256 0.90451 0.028877 0.046779 0.91323 0.022353 0.083238 0.90806 0.02397 0.083351 0.91722 0.02602 0.082988 0.91603 0.031304 0.08285 0.91086 0.032921 0.082963 0.90688 0.029254 0.083214 0.91379 0.024802 0.11988 0.90929 0.026199 0.11981 0.91725 0.027991 0.11966 0.91621 0.032578 0.11935 0.91171 0.033975 0.11928 0.90825 0.030786 0.1195 0.91308 0.028737 0.15638 0.90925 0.029918 0.15622 0.91602 0.031448 0.15618 0.91514 0.03534 0.15582 0.91131 0.03652 0.15566 0.90837 0.033809 0.15586 0.91225 0.03291 0.19268 0.90909 0.033889 0.19262 0.91467 0.035144 0.19251 0.91394 0.038355 0.19227 0.91079 0.039332 0.19221 0.90837 0.0371 0.19238 0.91285 0.035649 0.22904 0.91037 0.036422 0.22905 0.91476 0.037405 0.2289 0.91418 0.039933 0.22877 0.91171 0.040706 0.22878 0.9098 0.03895 0.22892 0.90905 0.02608 0.010086 0.91228 0.038177 0.22891 0.90964 0.026243 0.05122 0.91143 0.026843 0.050666 0.92043 0.010638 0.061898 0.91888 0.010118 0.062378 0.91153 0.028018 0.052181 0.92052 0.011657 0.063211 0.90975 0.027418 0.052735 0.91897 0.011136 0.063691 0.92777 -0.002614 0.071113 0.92646 -0.0030537 0.071519 0.92785 -0.0017519 0.072223 0.92654 -0.0021925 0.07263 0.9109 0.026834 0.076719 0.91337 0.026819 0.075682 0.91985 0.054958 0.090024 0.91771 0.054971 0.090923 0.91245 0.028185 0.073625 0.91905 0.056143 0.088242 0.90998 0.028199 0.074663 0.91691 0.056155 0.089141 0.92511 0.077999 0.10175 0.9233 0.07801 0.10251 0.92444 0.079 0.10024 0.92262 0.079011 0.101 0.91115 0.027239 0.097125 0.91395 0.026762 0.098592 0.8933 0.005928 0.12849 0.89087 0.006341 0.12722 0.91354 0.029527 0.10014 0.89295 0.0083237 0.12982 0.91074 0.030003 0.098668 0.89052 0.0087366 0.12855 0.87637 -0.01108 0.15295 0.87431 -0.01073 0.15187 0.87607 -0.0090523 0.15408 0.87401 -0.0087032 0.153 0.91109 0.028136 0.12306 0.91377 0.027715 0.12106 0.94023 0.022907 0.15516 0.9379 0.023273 0.1569 0.91434 0.031085 0.12109 0.94072 0.025828 0.15519 0.91166 0.031507 0.1231 0.9384 0.026194 0.15693 0.96185 0.019019 0.18309 0.95989 0.019328 0.18456 0.96227 0.021491 0.18312 0.9603 0.0218 0.18459 0.9107 0.03017 0.14575 0.91354 0.030663 0.14707 0.89539 0.054993 0.17418 0.89292 0.054564 0.17303 0.91401 0.033217 0.14526 0.8958 0.057206 0.17261 0.91116 0.032723 0.14393 0.89333 0.056778 0.17146 0.88051 0.074923 0.19633 0.87842 0.074561 0.19535 0.88085 0.076796 0.19499 0.87876 0.076433 0.19402 0.91095 0.032907 0.16777 0.91349 0.033121 0.16826 0.91097 0.0086374 0.18911 0.90877 0.0084524 0.18869 0.91296 0.034825 0.17008 0.91051 0.010114 0.19069 0.91042 0.034612 0.16958 0.90831 0.0099297 0.19026 0.90887 -0.011376 0.20619 0.90701 -0.011533 0.20583 0.90848 -0.010127 0.20753 0.90662 -0.010283 0.20716 0.91095 0.035609 0.19326 0.91238 0.035257 0.19241 0.92411 0.048426 0.20582 0.92287 0.048732 0.20655 0.91209 0.036613 0.19142 0.92386 0.049602 0.20496 0.91066 0.036966 0.19227 0.92261 0.049908 0.2057 0.93369 0.059221 0.21679 0.93263 0.05948 0.21741 0.93347 0.060216 0.21606 0.93242 0.060474 0.21669 0.91142 0.036886 0.21531 0.91242 0.036674 0.21614 0.90055 0.036994 0.22937 0.89969 0.037178 0.22865 0.91259 0.03799 0.21625 0.9007 0.038135 0.22947 0.91159 0.038201 0.21543 0.89983 0.038319 0.22876 0.89083 0.037275 0.24019 0.8901 0.037431 0.23959 0.89095 0.038239 0.24028 0.89022 0.038396 0.23967 0.91009 0.025943 0.087032 0.915 0.025455 0.085128 0.92444 0.045489 0.10454 0.92069 0.045861 0.106 0.91405 0.029462 0.081884 0.92371 0.048549 0.10207 0.90914 0.029949 0.083788 0.91996 0.048921 0.10352 0.93393 0.065483 0.12397 0.93125 0.065748 0.12501 0.93341 0.067668 0.1222 0.93073 0.067934 0.12324 0.93233 0.066709 0.12361 1.2378 -0.012897 0.014189 1.235 -0.017566 0.013829 1.2334 -0.018673 0.042736 1.236 -0.014492 0.043162 1.2376 -0.022366 0.013823 1.2358 -0.022977 0.042721 1.243 -0.022497 0.014177 1.2407 -0.0231 0.043131 1.2459 -0.017829 0.014536 1.2432 -0.018919 0.043556 1.2432 -0.013029 0.014542 1.2408 -0.014615 0.043572 1.2307 -0.020607 0.071668 1.2329 -0.016913 0.072125 1.2327 -0.024414 0.071629 1.2371 -0.024529 0.072048 1.2393 -0.020836 0.072506 1.2372 -0.017028 0.072545 1.2282 -0.022614 0.10081 1.2302 -0.019397 0.10109 1.2301 -0.025926 0.10074 1.2338 -0.026019 0.10096 1.2358 -0.022802 0.10124 1.234 -0.01949 0.10131 1.228 -0.0238 0.13003 1.2296 -0.021057 0.13007 1.2295 -0.026614 0.12995 1.2327 -0.026686 0.1299 1.2344 -0.023943 0.12993 1.2329 -0.021129 0.13002 1.2303 -0.023938 0.15917 1.2317 -0.021676 0.15907 1.2316 -0.026256 0.15907 1.2342 -0.026312 0.15887 1.2356 -0.02405 0.15876 1.2343 -0.021731 0.15886 1.2341 -0.023673 0.18817 1.2351 -0.021894 0.18805 1.2351 -0.025495 0.18808 1.2371 -0.025537 0.18788 1.2382 -0.023759 0.18776 1.2372 -0.021937 0.18785 1.2404 -0.017697 0.014183 1.2361 -0.023716 0.18796 1.2373 -0.018142 0.047547 1.2372 -0.019691 0.047778 1.2486 -0.018764 0.060845 1.2488 -0.017422 0.060645 1.2384 -0.019989 0.046848 1.2496 -0.019023 0.060039 1.2385 -0.01844 0.046617 1.2498 -0.017681 0.059839 1.258 -0.017991 0.071523 1.2581 -0.016855 0.071353 1.2589 -0.018209 0.070841 1.259 -0.017075 0.070672 1.2344 -0.019994 0.071917 1.2337 -0.021968 0.072927 1.2143 -0.0067892 0.086958 1.2149 -0.0050783 0.086083 1.2353 -0.021607 0.074571 1.2156 -0.0064774 0.088383 1.236 -0.019633 0.073562 1.2162 -0.0047665 0.087508 1.1984 0.0056581 0.098445 1.1989 0.0071058 0.097705 1.1995 0.0059223 0.099652 1.2001 0.00737 0.098911 1.2315 -0.02129 0.10047 1.2304 -0.02335 0.099059 1.2359 -0.042918 0.12177 1.2368 -0.041133 0.12299 1.2329 -0.023889 0.09811 1.2381 -0.043385 0.12095 1.2339 -0.021829 0.099518 1.239 -0.041599 0.12217 1.2405 -0.05891 0.14035 1.2412 -0.0574 0.14139 1.2423 -0.059305 0.13966 1.243 -0.057795 0.14069 1.2306 -0.022426 0.12437 1.2298 -0.023816 0.12616 1.2402 -0.00023651 0.14719 1.2409 0.00096798 0.14564 1.232 -0.024945 0.12633 1.2421 -0.001215 0.14734 1.2329 -0.023555 0.12454 1.2428 -1.049e-05 0.14579 1.2487 0.019058 0.16437 1.2493 0.020078 0.16306 1.2503 0.01823 0.1645 1.2509 0.01925 0.16319 1.232 -0.022969 0.15108 1.2321 -0.024528 0.1505 1.2159 -0.029805 0.15951 1.2158 -0.028454 0.16002 1.233 -0.024955 0.15178 1.2167 -0.030175 0.16062 1.2329 -0.023396 0.15236 1.2166 -0.028825 0.16113 1.2026 -0.034109 0.1669 1.2025 -0.032966 0.16733 1.2033 -0.034423 0.16784 1.2032 -0.033279 0.16827 1.2347 -0.023325 0.17801 1.2345 -0.024342 0.17776 1.2421 -0.027659 0.1848 1.2423 -0.026779 0.18501 1.2353 -0.024307 0.17704 1.2428 -0.02763 0.18418 1.2355 -0.023291 0.17729 1.2429 -0.026749 0.18439 1.2483 -0.030362 0.19055 1.2485 -0.029616 0.19073 1.2489 -0.030336 0.19003 1.249 -0.029592 0.19021 1.2344 -0.018196 0.065201 1.2331 -0.022003 0.066484 1.2248 -0.0121 0.083764 1.2259 -0.0091934 0.082784 1.2367 -0.022548 0.068471 1.2276 -0.012516 0.085281 1.2381 -0.018741 0.067188 1.2287 -0.0096092 0.084302 1.2166 -0.0022278 0.10104 1.2173 -0.00015163 0.10034 1.2186 -0.0025244 0.10212 1.2193 -0.00044823 0.10142 1.2179 -0.001338 0.10123 1.5398 0.024813 0.015478 1.536 0.019916 0.01422 1.5371 0.010625 0.048203 1.5405 0.015045 0.049227 1.5385 0.01432 0.012691 1.5394 0.0055904 0.046899 1.5448 0.013621 0.012421 1.545 0.0049763 0.046618 1.5485 0.018518 0.01368 1.5484 0.0093966 0.047642 1.5461 0.024115 0.015209 1.5461 0.01443 0.048946 1.5389 0.0025978 0.08222 1.5419 0.0065355 0.083015 1.5409 -0.001895 0.081236 1.5459 -0.00245 0.081047 1.5489 0.0014877 0.081842 1.5469 0.0059805 0.082826 1.5394 -0.00418 0.11619 1.542 -0.00074863 0.11687 1.5412 -0.0081291 0.11556 1.5455 -0.008646 0.11561 1.5481 -0.0052147 0.11628 1.5464 -0.0012655 0.11691 1.538 -0.00951 0.15035 1.5402 -0.0065756 0.15086 1.5395 -0.012897 0.15004 1.5432 -0.01335 0.15024 1.5454 -0.010415 0.15075 1.5439 -0.0070286 0.15106 1.5359 -0.012686 0.1849 1.5377 -0.010248 0.18513 1.5371 -0.01549 0.18484 1.5401 -0.015856 0.185 1.5419 -0.013418 0.18524 1.5407 -0.010614 0.1853 1.535 -0.013012 0.21979 1.5364 -0.011093 0.21987 1.5359 -0.015219 0.21981 1.5383 -0.015505 0.21991 1.5398 -0.013586 0.21999 1.5388 -0.011379 0.21997 1.5423 0.019217 0.01395 1.5374 -0.013299 0.21989 1.5425 0.0097408 0.053568 1.5418 0.0089703 0.052095 1.5337 -0.0085955 0.065035 1.5344 -0.0079279 0.066311 1.5433 0.008049 0.051827 1.5351 -0.0093937 0.064803 1.544 0.0088196 0.0533 1.5357 -0.0087261 0.066079 1.5272 -0.022969 0.075636 1.5277 -0.022405 0.076717 1.5283 -0.023645 0.07544 1.5289 -0.023081 0.07652 1.5431 0.0046015 0.07816 1.5423 0.0023642 0.079204 1.5555 0.0097685 0.10364 1.5562 0.011707 0.10273 1.5445 0.0012369 0.078398 1.5574 0.0087919 0.10294 1.5452 0.0034742 0.077355 1.558 0.01073 0.10204 1.5663 0.015841 0.12361 1.5669 0.017481 0.12284 1.5679 0.015014 0.12302 1.5685 0.016654 0.12225 1.5433 -0.0009203 0.1023 1.5426 -0.0038147 0.10302 1.5131 0.0090227 0.12196 1.5137 0.011532 0.12133 1.5443 -0.0036211 0.10555 1.5145 0.0091915 0.12415 1.5451 -0.0007267 0.10483 1.5152 0.0117 0.12352 1.4889 0.019565 0.13748 1.4895 0.021688 0.13695 1.4902 0.019707 0.13933 1.4908 0.02183 0.1388 1.5423 -0.0054235 0.13123 1.541 -0.0076303 0.12951 1.5506 -0.031941 0.1531 1.5518 -0.030028 0.15459 1.5436 -0.0080786 0.12801 1.5529 -0.03233 0.1518 1.545 -0.0058718 0.12973 1.5541 -0.030417 0.15329 1.5586 -0.05181 0.1724 1.5595 -0.050193 0.17366 1.5605 -0.052139 0.1713 1.5615 -0.050521 0.17256 1.5409 -0.009181 0.15407 1.5396 -0.010413 0.15594 1.5453 0.011409 0.17376 1.5465 0.012477 0.17213 1.5418 -0.01161 0.1567 1.5472 0.010371 0.17442 1.5431 -0.010378 0.15483 1.5484 0.011439 0.17279 1.5501 0.029263 0.18833 1.5511 0.030167 0.18695 1.5517 0.028385 0.18888 1.5527 0.029288 0.18751 1.5388 -0.011731 0.18185 1.5383 -0.012657 0.18047 1.5282 -0.023939 0.19134 1.5286 -0.023137 0.19254 1.5397 -0.013693 0.18069 1.5294 -0.024837 0.19154 1.5401 -0.012767 0.18207 1.5298 -0.024035 0.19274 1.5199 -0.033172 0.20026 1.5202 -0.032493 0.20128 1.5209 -0.033932 0.20043 1.5212 -0.033253 0.20144 1.5376 -0.0125 0.20774 1.5373 -0.013693 0.2077 1.546 -0.016127 0.21949 1.5462 -0.015093 0.21951 1.5383 -0.013921 0.20697 1.5468 -0.016324 0.21885 1.5386 -0.012727 0.20701 1.5471 -0.01529 0.21888 1.5531 -0.018106 0.22912 1.5533 -0.017231 0.22914 1.5538 -0.018273 0.22858 1.554 -0.017398 0.22861 1.5426 -0.00075054 0.11004 1.541 -0.0053892 0.11015 1.5236 0.0020676 0.14242 1.5248 0.0056095 0.14234 1.545 -0.0067148 0.11264 1.5267 0.0010557 0.14432 1.5466 -0.0020761 0.11254 1.5279 0.0045977 0.14424 1.5062 0.0094948 0.17467 1.5071 0.012025 0.17461 1.5084 0.0087719 0.17603 1.5093 0.011301 0.17597 1.5077 0.010398 0.17532 1.8481 0.01346 0.011213 1.8467 0.017905 0.011358 1.8441 0.015965 0.037411 1.8454 0.011975 0.037368 1.8421 0.018892 0.011015 1.84 0.01685 0.03712 1.839 0.015436 0.010528 1.8372 0.013746 0.036788 1.8405 0.010991 0.010383 1.8385 0.009757 0.036746 1.845 0.010004 0.010726 1.8426 0.0088711 0.037036 1.842 0.015315 0.063433 1.8431 0.011784 0.063549 1.8384 0.016097 0.063219 1.8359 0.013349 0.063121 1.837 0.0098171 0.063237 1.8407 0.0090342 0.063452 1.8406 0.015988 0.089621 1.8416 0.012919 0.089779 1.8374 0.016667 0.08949 1.8353 0.014278 0.089517 1.8362 0.011209 0.089675 1.8394 0.01053 0.089806 1.8396 0.016674 0.11598 1.8405 0.014064 0.11603 1.837 0.017251 0.11593 1.8351 0.015216 0.11592 1.836 0.012606 0.11596 1.8386 0.012029 0.11602 1.8389 0.015845 0.14237 1.8396 0.013698 0.14226 1.8367 0.016318 0.14237 1.8352 0.014645 0.14226 1.8359 0.012497 0.14216 1.8381 0.012023 0.14216 1.8384 0.013155 0.16864 1.8389 0.011471 0.16849 1.8366 0.013526 0.16865 1.8354 0.012214 0.16852 1.836 0.01053 0.16838 1.8377 0.010158 0.16836 1.8436 0.014448 0.01087 1.8372 0.011842 0.16851 1.842 0.012631 0.040552 1.841 0.013427 0.04001 1.8459 0.025941 0.050404 1.8467 0.02525 0.050873 1.8401 0.013009 0.040956 1.8451 0.025578 0.051224 1.8411 0.012213 0.041498 1.8459 0.024888 0.051693 1.8498 0.036164 0.058926 1.8505 0.035581 0.059323 1.8492 0.035857 0.05962 1.8499 0.035274 0.060017 1.8404 0.012558 0.071235 1.8391 0.014244 0.070862 1.823 0.0059633 0.089084 1.8241 0.0045023 0.089407 1.8381 0.013121 0.069381 1.8221 0.0049896 0.0878 1.8393 0.011435 0.069754 1.8232 0.0035286 0.088124 1.8098 -0.00084591 0.10398 1.8107 -0.0020828 0.10425 1.809 -0.0016699 0.10289 1.81 -0.0029058 0.10317 1.8391 0.013843 0.098597 1.8386 0.015563 0.10006 1.8578 0.0084372 0.11532 1.8582 0.0069456 0.11405 1.8372 0.014167 0.10123 1.8566 0.0072269 0.11634 1.8377 0.012446 0.099775 1.857 0.0057354 0.11508 1.8735 0.0025682 0.1278 1.8739 0.0013075 0.12673 1.8724 0.001544 0.12867 1.8728 0.00028324 0.1276 1.8385 0.014179 0.13021 1.8381 0.015431 0.12923 1.8291 0.023034 0.14363 1.8295 0.021949 0.14448 1.8367 0.014617 0.12882 1.8279 0.022327 0.14327 1.8372 0.013365 0.12979 1.8283 0.021243 0.14412 1.8218 0.029228 0.15542 1.8221 0.028311 0.15614 1.8208 0.028631 0.15512 1.8211 0.027713 0.15584 1.8379 0.012545 0.15909 1.8373 0.013045 0.1596 1.8352 0.0048103 0.16542 1.8357 0.0043764 0.16499 1.8366 0.012816 0.15902 1.8346 0.004612 0.16493 1.8372 0.012316 0.15852 1.8351 0.004178 0.16449 1.8335 -0.0019369 0.17017 1.8339 -0.0023041 0.16981 1.833 -0.0021038 0.16976 1.8334 -0.002471 0.16939 2.1604 0.007494 0.0075607 2.1564 0.011425 0.0078642 2.1562 0.0083961 0.0384 2.1598 0.0048637 0.038231 2.151 0.0099297 0.0077383 2.1513 0.0070553 0.038307 2.1496 0.0045033 0.0073088 2.1501 0.0021811 0.038044 2.1536 0.0005722 0.0070053 2.1537 -0.0013514 0.037875 2.159 0.0020676 0.0071312 2.1585 -9.5367e-06 0.037968 2.1558 0.0070143 0.068887 2.159 0.0038843 0.068917 2.1515 0.005826 0.068854 2.1504 0.0015078 0.068852 2.1535 -0.0016222 0.068882 2.1578 -0.00043297 0.068915 2.1553 0.0074158 0.099544 2.1581 0.0046978 0.099637 2.1516 0.0063801 0.09958 2.1506 0.0026264 0.099709 2.1534 -9.1553e-05 0.099802 2.1571 0.00094414 0.099766 2.1554 0.0081177 0.13038 2.1578 0.005806 0.13035 2.1522 0.0072346 0.13047 2.1514 0.0040417 0.13054 2.1538 0.00173 0.13052 2.1569 0.0026121 0.13042 2.1566 0.0073338 0.16121 2.1585 0.0054321 0.16102 2.154 0.0066061 0.16134 2.1533 0.0039759 0.16128 2.1552 0.0020742 0.16109 2.1578 0.0028019 0.16096 2.1589 0.0046301 0.19187 2.1604 0.0031376 0.19164 2.1569 0.0040569 0.19199 2.1563 0.0019922 0.19189 2.1579 0.00050068 0.19167 2.1599 0.0010729 0.19155 2.155 0.0059986 0.0074347 2.1584 0.0025654 0.19177 2.156 0.0037117 0.042151 2.1545 0.0040207 0.041583 2.1532 0.020236 0.053581 2.1545 0.019968 0.054074 2.1538 0.0031023 0.042733 2.1526 0.01944 0.054578 2.1553 0.0027933 0.043301 2.1539 0.019172 0.055071 2.1522 0.033488 0.063418 2.1533 0.033261 0.063836 2.1517 0.032815 0.064262 2.1528 0.032588 0.064679 2.156 0.0033207 0.078055 2.1537 0.0044079 0.077711 2.1422 -0.013065 0.099812 2.1442 -0.014008 0.10011 2.1531 0.0025835 0.076032 2.1417 -0.014647 0.098357 2.1554 0.0014963 0.076376 2.1437 -0.015589 0.098655 2.1328 -0.027397 0.11788 2.1345 -0.028194 0.11813 2.1323 -0.028734 0.11665 2.134 -0.029532 0.1169 2.1555 0.0044947 0.11008 2.1541 0.0060682 0.11183 2.1793 0.0094519 0.12846 2.1805 0.0080891 0.12694 2.1534 0.0038137 0.11327 2.1787 0.0074978 0.12971 2.1548 0.0022402 0.11152 2.1799 0.006134 0.12819 2.1999 0.012175 0.14206 2.201 0.011021 0.14078 2.1995 0.010521 0.14312 2.2005 0.009367 0.14184 2.1564 0.0050983 0.14702 2.1552 0.0061617 0.14592 2.1422 0.0095282 0.16333 2.1433 0.0086069 0.16429 2.1541 0.0045233 0.1455 2.1413 0.0081081 0.16297 2.1554 0.0034599 0.1466 2.1424 0.0071869 0.16392 2.1316 0.01225 0.17759 2.1325 0.011471 0.17839 2.1308 0.011049 0.17728 2.1317 0.010269 0.17809 2.1583 0.0035419 0.18075 2.1574 0.0037603 0.18137 2.1601 -0.0060768 0.1882 2.1608 -0.0062666 0.18766 2.1568 0.0031281 0.18074 2.1595 -0.0066252 0.18765 2.1576 0.0029097 0.18012 2.1603 -0.006814 0.18711 2.1623 -0.014135 0.19377 2.1629 -0.014297 0.19331 2.1618 -0.0146 0.19331 2.1624 -0.01476 0.19285</float_array><technique_common><accessor source="#ROW_18_SEG3_solid-pos-a" count="1794" stride="3"><param name="X" type="float"/><param name="Y" type="float"/><param name="Z" type="float"/></accessor></technique_common></source>
        <source id="ROW_18_SEG3_solid-nrm"><float_array id="ROW_18_SEG3_solid-nrm-a" count="5100">0.744 -0.047 0.667 0.376 0.638 0.672 0.529 0.847 0.053 0.997 -0.041 0.067 -0.4 0.664 0.631 -0.477 0.879 0.004 -0.81 0.004 0.586 -0.999 0.024 -0.03 -0.443 -0.683 0.581 -0.525 -0.851 -0.015 0.335 -0.708 0.621 0.466 -0.884 0.033 0.531 0.848 -0 0.998 -0.041 0.056 -0.476 0.879 -0.037 -1 0.025 -0.018 -0.528 -0.849 0.038 0.463 -0.883 0.075 0.527 0.849 -0.035 0.999 -0.033 0.039 -0.473 0.88 -0.055 -0.999 0.034 -0.001 -0.532 -0.844 0.073 0.467 -0.88 0.093 0.523 0.852 -0.024 1 -0.024 0.018 -0.469 0.883 -0.023 -0.999 0.043 0.019 -0.535 -0.843 0.061 0.472 -0.88 0.061 0.522 0.852 0.021 1 -0.023 -0.002 -0.467 0.883 0.042 -0.998 0.044 0.04 -0.536 -0.844 0.017 0.473 -0.881 -0.004 0.405 0.705 -0.582 0.778 0.003 -0.628 -0.391 0.732 -0.558 -0.813 0.056 -0.579 -0.439 -0.645 -0.625 0.356 -0.672 -0.65 -0.052 -0.035 0.998 -0.028 0.049 -0.998 0.973 -0.028 -0.229 -0.163 0.589 -0.792 -0.163 0.589 -0.791 0.973 -0.027 -0.228 -0.971 0.04 0.238 -0.97 0.041 0.238 0.166 -0.577 0.8 0.166 -0.576 0.801 -0.163 0.59 -0.791 -0.97 0.042 0.239 0.166 -0.575 0.801 0.798 -0.025 0.602 -0.22 0.914 0.342 -0.221 0.913 0.343 0.797 -0.026 0.603 -0.807 0.019 -0.591 -0.807 0.019 -0.59 0.212 -0.92 -0.33 0.211 -0.92 -0.329 0.797 -0.026 0.604 -0.808 0.019 -0.589 0.211 -0.921 -0.329 0.583 -0.026 -0.812 0.111 0.993 0.05 0.112 0.992 0.05 -0.569 0.024 0.822 -0.568 0.024 0.823 -0.098 -0.994 -0.04 -0.097 -0.995 -0.039 0.113 0.992 0.051 0.584 -0.026 -0.811 -0.567 0.024 0.823 -0.096 -0.995 -0.038 0.808 -0.02 0.589 0.219 0.935 -0.278 0.219 0.935 -0.277 0.807 -0.02 0.59 -0.817 0.026 -0.576 -0.228 -0.929 0.291 -0.229 -0.929 0.292 0.218 0.936 -0.277 0.807 -0.019 0.591 -0.818 0.026 -0.575 -0.229 -0.928 0.293 0.998 -0.04 0.039 -0.007 0.589 0.808 -0.007 0.588 0.809 0.998 -0.041 0.04 -0.999 0.026 -0.029 0.007 -0.602 -0.798 0.006 -0.603 -0.798 -0.007 0.587 0.809 0.998 -0.041 0.041 -0.999 0.025 -0.028 0.006 -0.604 -0.797 0.572 -0.49 0.658 0.671 0.298 0.679 0.92 0.384 0.085 0.787 -0.612 0.077 0.041 0.777 0.628 0.12 0.993 0.025 -0.686 0.47 0.556 -0.8 0.599 -0.042 -0.784 -0.315 0.534 -0.92 -0.389 -0.048 -0.157 -0.796 0.585 -0.133 -0.991 0.011 0.923 0.384 0.034 0.788 -0.612 0.067 0.121 0.993 -0.015 -0.8 0.599 -0.03 -0.922 -0.387 0.002 -0.135 -0.99 0.05 0.922 0.388 0 0.794 -0.605 0.05 0.125 0.992 -0.032 -0.795 0.606 -0.014 -0.924 -0.382 0.035 -0.131 -0.989 0.068 0.92 0.393 0.011 0.801 -0.598 0.031 0.128 0.992 -0.001 -0.79 0.613 0.005 -0.925 -0.379 0.024 -0.125 -0.991 0.037 0.918 0.392 0.054 0.802 -0.597 0.012 0.128 0.99 0.061 -0.79 0.613 0.025 -0.925 -0.379 -0.018 -0.123 -0.992 -0.024 0.766 0.356 -0.535 0.667 -0.445 -0.598 0.122 0.845 -0.521 -0.623 0.534 -0.571 -0.726 -0.267 -0.634 -0.081 -0.758 -0.647 -0.096 -0.016 0.995 0.036 0.076 -0.996 0.786 -0.584 -0.206 0.237 0.605 -0.76 0.237 0.606 -0.759 0.786 -0.583 -0.205 -0.777 0.592 0.214 -0.776 0.592 0.215 -0.228 -0.597 0.769 -0.228 -0.597 0.77 0.238 0.606 -0.759 0.787 -0.583 -0.205 -0.776 0.593 0.215 -0.227 -0.596 0.77 0.629 -0.501 0.594 0.341 0.871 0.353 0.34 0.871 0.353 0.629 -0.501 0.595 -0.64 0.501 -0.583 -0.641 0.501 -0.582 -0.352 -0.872 -0.342 -0.352 -0.872 -0.341 0.339 0.871 0.354 0.628 -0.501 0.595 -0.641 0.5 -0.582 -0.353 -0.872 -0.341 0.499 -0.356 -0.79 0.663 0.744 0.08 0.664 0.744 0.08 -0.489 0.346 0.801 -0.488 0.346 0.801 -0.653 -0.754 -0.07 -0.653 -0.754 -0.069 0.664 0.743 0.081 0.5 -0.357 -0.789 -0.488 0.345 0.802 -0.652 -0.755 -0.069 0.64 -0.501 0.582 0.73 0.642 -0.233 0.73 0.643 -0.233 -0.644 0.511 -0.569 -0.645 0.512 -0.568 -0.734 -0.633 0.246 -0.735 -0.632 0.247 0.73 0.643 -0.232 0.64 -0.5 0.583 -0.645 0.512 -0.567 -0.735 -0.631 0.247 0.79 -0.611 0.051 0.321 0.486 0.813 0.321 0.485 0.814 0.79 -0.612 0.051 -0.799 0.6 -0.041 -0.33 -0.496 -0.803 -0.33 -0.497 -0.803 0.32 0.484 0.814 0.789 -0.612 0.052 -0.8 0.599 -0.04 -0.331 -0.497 -0.802 -0.757 0.094 0.647 -0.449 -0.62 0.643 -0.593 -0.803 0.063 -0.993 0.109 0.042 0.323 -0.711 0.625 0.392 -0.919 0.04 0.788 -0.088 0.61 0.992 -0.126 -0.004 0.48 0.627 0.614 0.601 0.798 -0.025 -0.292 0.718 0.632 -0.399 0.917 -0.002 -0.595 -0.799 0.09 -0.992 0.117 0.038 0.397 -0.915 0.071 0.993 -0.117 -0 0.598 0.8 -0.053 -0.396 0.918 -0.033 -0.6 -0.797 0.068 -0.991 0.127 0.033 0.401 -0.915 0.053 0.994 -0.108 0.004 0.595 0.803 -0.03 -0.391 0.92 -0.016 -0.602 -0.798 0.005 -0.991 0.129 0.027 0.402 -0.916 -0.003 0.994 -0.105 0.011 0.594 0.804 0.033 -0.388 0.921 0.04 -0.6 -0.798 -0.051 -0.992 0.123 0.021 0.399 -0.916 -0.053 0.994 -0.112 0.018 0.596 0.798 0.089 -0.391 0.916 0.091 -0.467 -0.573 -0.673 -0.782 0.154 -0.604 0.322 -0.667 -0.672 0.798 -0.033 -0.602 0.484 0.695 -0.532 -0.307 0.789 -0.533 0.024 0.005 1 0.013 0.099 -0.995 -0.959 0.103 0.263 -0.263 -0.612 -0.746 -0.263 -0.613 -0.745 -0.959 0.102 0.263 0.961 -0.117 -0.252 0.961 -0.118 -0.251 0.264 0.598 0.757 0.264 0.597 0.757 -0.959 0.102 0.264 0.961 -0.119 -0.25 0.264 0.596 0.758 -0.936 0.111 0.334 0.1 -0.814 0.572 0.101 -0.813 0.573 -0.936 0.111 0.335 0.941 -0.103 -0.323 0.941 -0.102 -0.323 -0.096 0.822 -0.562 -0.096 0.822 -0.561 0.101 -0.813 0.574 0.941 -0.102 -0.322 -0.794 0.1 -0.6 -0.002 -0.986 -0.168 -0.003 -0.986 -0.167 -0.794 0.1 -0.599 0.783 -0.102 0.613 0.783 -0.102 0.614 -0.008 0.983 0.181 -0.009 0.983 0.182 -0.003 -0.986 -0.166 -0.795 0.1 -0.598 0.782 -0.103 0.615 -0.009 0.983 0.183 -0.806 0.085 0.586 -0.283 -0.922 -0.265 -0.283 -0.922 -0.264 0.814 -0.091 -0.574 0.815 -0.092 -0.573 0.291 0.916 0.277 0.291 0.915 0.278 -0.282 -0.922 -0.264 -0.805 0.085 0.587 0.815 -0.092 -0.572 0.292 0.915 0.279 -0.891 0.117 -0.439 -0.412 -0.568 0.712 -0.412 -0.567 0.713 0.888 -0.105 0.447 0.888 -0.105 0.448 0.41 0.58 -0.704 -0.413 -0.567 0.713 -0.891 0.118 -0.438 0.888 -0.104 0.448 0.41 0.581 -0.703 -0.917 0.108 -0.384 0.226 -0.629 -0.744 0.225 -0.63 -0.743 -0.917 0.107 -0.383 0.912 -0.119 0.392 -0.23 0.618 0.752 -0.231 0.617 0.752 -0.918 0.107 -0.383 0.912 -0.12 0.393 -0.231 0.617 0.753 -0.279 -0.654 0.703 0.497 -0.542 0.677 0.618 -0.783 0.072 -0.376 -0.918 0.125 0.786 0.182 0.59 0.988 0.148 -0.035 0.3 0.794 0.529 0.362 0.928 -0.088 -0.476 0.682 0.555 -0.621 0.783 -0.035 -0.765 -0.042 0.642 -0.988 -0.134 0.071 0.616 -0.787 0.02 -0.376 -0.92 0.114 0.986 0.145 -0.076 0.363 0.929 -0.077 -0.617 0.787 0.017 -0.985 -0.13 0.112 0.618 -0.786 -0.015 -0.369 -0.924 0.097 0.986 0.141 -0.093 0.371 0.927 -0.06 -0.61 0.791 0.051 -0.983 -0.133 0.13 0.623 -0.783 -0.004 -0.362 -0.929 0.077 0.988 0.138 -0.062 0.381 0.924 -0.041 -0.608 0.793 0.039 -0.985 -0.14 0.099 0.624 -0.78 0.04 -0.361 -0.931 0.057 0.99 0.139 0.002 0.382 0.924 -0.02 -0.611 0.792 -0.004 -0.989 -0.144 0.036 0.51 -0.654 -0.559 -0.284 -0.769 -0.573 0.808 0.09 -0.582 0.313 0.719 -0.62 -0.481 0.605 -0.634 -0.779 -0.139 -0.611 0.017 0.113 0.993 0.024 -0.041 -0.999 -0.365 -0.916 -0.167 0.591 -0.088 -0.802 0.591 -0.089 -0.801 -0.364 -0.916 -0.166 0.376 0.91 0.175 0.376 0.91 0.176 -0.58 0.082 0.811 -0.579 0.082 0.811 0.592 -0.089 -0.801 -0.364 -0.917 -0.166 0.377 0.909 0.176 -0.278 -0.715 0.641 0.947 -0.088 0.31 0.946 -0.088 0.311 -0.278 -0.714 0.642 0.275 0.726 -0.63 -0.949 0.099 -0.299 -0.949 0.1 -0.299 0.946 -0.087 0.312 -0.278 -0.714 0.643 0.275 0.727 -0.629 -0.949 0.1 -0.298 -0.251 -0.586 -0.77 0.897 -0.441 0.042 0.896 -0.441 0.043 -0.252 -0.587 -0.77 0.245 0.574 0.781 0.245 0.574 0.782 -0.903 0.429 -0.031 -0.903 0.428 -0.031 0.896 -0.442 0.043 -0.252 -0.587 -0.769 0.245 0.573 0.782 -0.903 0.428 -0.03 -0.276 -0.727 0.629 0.797 -0.54 -0.272 0.797 -0.539 -0.271 -0.276 -0.726 0.63 0.285 0.734 -0.617 0.286 0.734 -0.616 -0.788 0.547 0.284 -0.787 0.547 0.285 0.798 -0.539 -0.271 -0.275 -0.726 0.63 0.286 0.734 -0.615 -0.787 0.548 0.286 -0.376 -0.922 0.098 0.589 -0.156 0.793 0.588 -0.155 0.794 -0.376 -0.921 0.098 0.364 0.927 -0.088 0.363 0.928 -0.087 -0.601 0.161 -0.783 -0.601 0.162 -0.782 0.587 -0.155 0.794 -0.377 -0.921 0.099 0.362 0.928 -0.087 -0.602 0.162 -0.782 0.274 0.589 0.76 -0.482 0.599 0.639 -0.511 0.859 0.043 0.479 0.858 0.186 -0.861 -0.06 0.505 -0.992 0.003 -0.124 -0.474 -0.73 0.492 -0.493 -0.857 -0.149 0.29 -0.733 0.616 0.496 -0.869 -0.007 0.659 -0.071 0.749 0.987 -0.008 0.161 -0.509 0.86 0.031 0.491 0.858 0.15 -0.995 -0.007 -0.1 -0.49 -0.864 -0.112 0.496 -0.868 0.006 0.99 -0.012 0.137 -0.505 0.863 -0.021 0.498 0.862 0.096 -0.995 -0.011 -0.096 -0.493 -0.868 -0.056 0.491 -0.869 0.058 0.991 -0.012 0.134 -0.505 0.86 -0.067 0.498 0.867 0.029 -0.997 -0.009 -0.076 -0.502 -0.865 0.009 0.486 -0.868 0.104 0.993 -0.007 0.115 -0.509 0.858 -0.067 0.493 0.87 -0.037 -1 -0.001 -0.011 -0.512 -0.856 0.074 0.484 -0.868 0.106 0.999 -0.002 0.051 -0.398 0.627 -0.67 0.388 0.622 -0.68 -0.796 -0.05 -0.604 -0.403 -0.734 -0.547 0.387 -0.735 -0.557 0.78 -0.056 -0.623 -0.152 -0.103 0.983 -0.009 -0.086 -0.996 0.35 0.676 0.649 -0.498 0.704 -0.506 -0.499 0.704 -0.505 0.349 0.675 0.65 -0.361 -0.678 -0.64 -0.362 -0.678 -0.64 0.486 -0.706 0.515 0.348 0.675 0.65 -0.362 -0.678 -0.639 0.485 -0.706 0.516 0.505 0.852 -0.139 -0.687 0.487 0.54 -0.686 0.486 0.541 0.506 0.852 -0.138 -0.497 -0.854 0.154 -0.496 -0.854 0.155 0.696 -0.49 -0.526 0.696 -0.49 -0.525 -0.686 0.486 0.542 0.506 0.851 -0.137 -0.496 -0.854 0.156 0.697 -0.49 -0.524 0.323 0.491 -0.809 -0.921 0.017 -0.389 -0.921 0.018 -0.388 0.323 0.492 -0.809 -0.326 -0.478 0.816 -0.326 -0.477 0.816 0.918 -0.004 0.396 0.918 -0.003 0.396 -0.922 0.019 -0.388 0.323 0.492 -0.808 -0.326 -0.476 0.817 0.918 -0.002 0.397 0.323 0.627 0.709 -0.872 0.489 -0.034 -0.872 0.488 -0.033 0.323 0.626 0.71 -0.329 -0.637 -0.697 -0.33 -0.637 -0.697 0.866 -0.499 0.046 0.865 -0.499 0.047 -0.872 0.488 -0.032 0.322 0.626 0.71 -0.33 -0.638 -0.696 0.865 -0.5 0.048 0.35 0.523 -0.777 -0.554 0.775 0.303 -0.553 0.776 0.304 0.351 0.524 -0.776 -0.337 -0.517 0.786 -0.337 -0.517 0.787 0.567 -0.77 -0.293 0.568 -0.77 -0.292 -0.336 -0.517 0.788 0.568 -0.769 -0.292 0.428 0.794 0.432 -0.437 0.579 -0.688 -0.438 0.579 -0.687 0.427 0.794 0.433 -0.442 -0.792 -0.421 0.424 -0.577 0.699 0.423 -0.577 0.699 -0.439 0.579 -0.687 0.426 0.794 0.433 -0.443 -0.792 -0.42 0.422 -0.576 0.7 0.446 0.803 0.396 -0.85 0.271 0.453 -0.849 0.27 0.454 0.447 0.802 0.397 -0.443 -0.811 -0.383 -0.443 -0.811 -0.382 0.854 -0.279 -0.44 0.854 -0.279 -0.439 -0.442 -0.812 -0.381 0.854 -0.279 -0.438 0.461 0.768 -0.444 -0.878 0.355 -0.322 -0.878 0.354 -0.323 0.461 0.768 -0.445 -0.464 -0.744 0.481 -0.464 -0.744 0.48 0.872 -0.331 0.36 0.873 -0.331 0.359 -0.654 -0.022 -0.756 0.427 0.313 -0.848 -0.33 -0.938 -0.105 0.78 -0.59 -0.208 0.096 -0.528 -0.844 0.784 -0.232 0.575 0.61 0.535 0.584 0.731 0.682 -0.006 0.957 -0.289 -0.035 -0.141 0.768 0.625 -0.217 0.975 0.048 -0.717 0.232 0.657 -0.951 0.301 0.072 -0.543 -0.535 0.648 -0.734 -0.677 0.043 0.208 -0.767 0.607 0.225 -0.974 -0.011 0.732 0.68 0.028 0.956 -0.289 -0.04 -0.216 0.973 0.086 -0.951 0.301 0.077 -0.737 -0.676 0.009 0.223 -0.974 -0.05 0.736 0.676 0.042 0.954 -0.297 -0.047 -0.218 0.97 0.108 -0.952 0.293 0.084 -0.735 -0.678 -0.006 0.217 -0.974 -0.071 0.738 0.675 0.008 0.95 -0.306 -0.056 -0.224 0.971 0.082 -0.955 0.284 0.092 -0.73 -0.683 0.028 0.214 -0.976 -0.045 0.734 0.676 -0.062 0.949 -0.308 -0.063 -0.23 0.973 0.021 -0.954 0.282 0.101 -0.723 -0.684 0.098 0.217 -0.976 0.017 0.519 0.51 -0.686 0.701 -0.274 -0.659 -0.248 0.747 -0.617 -0.83 0.2 -0.52 -0.647 -0.582 -0.492 0.117 -0.819 -0.562 0.054 0 0.999 -0.109 -0.061 -0.992 0.87 -0.258 0.42 0.434 0.813 -0.389 0.434 0.813 -0.388 0.87 -0.258 0.421 -0.874 0.267 -0.407 -0.874 0.267 -0.406 -0.438 -0.804 0.402 -0.438 -0.804 0.403 0.433 0.814 -0.387 0.87 -0.257 0.422 -0.874 0.268 -0.405 -0.438 -0.803 0.404 0.944 -0.295 0.145 0.092 0.67 0.736 0.092 0.67 0.737 0.944 -0.296 0.146 -0.949 0.284 -0.135 -0.949 0.284 -0.134 -0.097 -0.681 -0.726 -0.097 -0.682 -0.725 0.091 0.669 0.738 0.944 -0.296 0.147 -0.95 0.283 -0.134 -0.098 -0.682 -0.725 0.817 -0.256 -0.517 0.075 0.938 -0.339 0.076 0.938 -0.338 0.817 -0.256 -0.516 -0.806 0.261 0.531 -0.806 0.261 0.532 -0.065 -0.934 0.352 -0.064 -0.933 0.353 0.076 0.938 -0.337 0.818 -0.256 -0.516 -0.805 0.261 0.532 -0.064 -0.933 0.354 0.673 -0.197 0.713 0.28 0.96 -0 0.279 0.96 0.001 0.673 -0.196 0.714 -0.684 0.2 -0.702 -0.684 0.2 -0.701 -0.291 -0.957 0.011 0.672 -0.196 0.714 -0.685 0.2 -0.701 -0.292 -0.956 0.012 -0.35 -0.658 0.666 0.439 -0.674 0.594 0.488 -0.873 0.005 -0.51 -0.857 0.074 0.843 0.002 0.538 0.998 -0.02 -0.052 0.463 0.692 0.553 0.521 0.853 -0.039 -0.322 0.711 0.624 -0.475 0.879 0.03 -0.731 0.037 0.681 -0.996 0.023 0.087 0.487 -0.873 -0.007 -0.518 -0.854 0.041 0.999 -0.013 -0.029 0.515 0.857 -0.004 -0.477 0.878 0.043 -0.997 0.028 0.065 0.487 -0.872 -0.055 -0.522 -0.853 -0.011 1 -0.009 -0.025 0.514 0.856 0.048 -0.475 0.875 0.091 -0.998 0.029 0.062 0.49 -0.866 -0.097 -0.517 -0.853 -0.073 1 -0.012 -0.006 0.519 0.848 0.109 -0.473 0.871 0.134 -0.999 0.025 0.044 0.494 -0.864 -0.097 -0.507 -0.851 -0.134 0.998 -0.024 0.053 0.524 0.835 0.169 -0.472 0.871 0.136 -1 0.025 -0.017 0.44 -0.605 -0.664 -0.366 -0.581 -0.727 0.853 0.073 -0.516 0.464 0.774 -0.432 -0.34 0.8 -0.495 -0.757 0.123 -0.642 0.094 0.032 0.995 0.084 0.166 -0.983 -0.418 -0.729 0.541 0.523 -0.69 -0.5 0.524 -0.69 -0.5 -0.418 -0.729 0.542 0.429 0.73 -0.532 0.43 0.73 -0.531 -0.513 0.691 0.51 -0.512 0.691 0.51 0.525 -0.69 -0.499 -0.417 -0.729 0.542 0.431 0.73 -0.53 -0.511 0.691 0.511 -0.514 -0.827 -0.229 0.653 -0.553 0.518 0.652 -0.553 0.519 -0.514 -0.827 -0.228 0.504 0.829 0.242 0.504 0.829 0.243 -0.662 0.555 -0.504 -0.662 0.555 -0.503 -0.515 -0.827 -0.227 0.503 0.829 0.244 -0.663 0.555 -0.503 -0.292 -0.444 -0.847 0.952 -0.015 -0.305 -0.291 -0.445 -0.847 0.294 0.43 0.854 0.294 0.429 0.854 -0.95 0.001 0.311 -0.95 -0 0.312 0.952 -0.016 -0.305 -0.291 -0.446 -0.847 0.294 0.428 0.854 -0.95 -0.001 0.312 -0.396 -0.688 0.608 0.861 -0.508 -0.014 0.862 -0.507 -0.013 0.402 0.697 -0.594 -0.856 0.517 0.027 -0.856 0.517 0.028 -0.396 -0.687 0.609 0.402 0.697 -0.593 -0.855 0.517 0.028 -0.321 -0.478 -0.818 0.52 -0.815 0.257 0.519 -0.815 0.258 -0.322 -0.478 -0.817 0.308 0.472 0.826 0.307 0.471 0.827 -0.533 0.809 -0.249 -0.534 0.808 -0.248 0.518 -0.815 0.258 -0.323 -0.478 -0.817 0.306 0.471 0.827 -0.535 0.808 -0.248 -0.478 -0.82 0.315 0.484 -0.557 -0.675 0.485 -0.557 -0.675 0.491 0.816 -0.303 0.492 0.816 -0.303 -0.471 0.554 0.687 -0.47 0.554 0.687 0.485 -0.557 -0.674 -0.477 -0.82 0.316 0.493 0.816 -0.302 -0.47 0.553 0.688 -0.494 -0.824 0.278 0.825 -0.329 0.46 0.824 -0.329 0.461 -0.494 -0.823 0.279 0.489 0.831 -0.265 -0.829 0.336 -0.447 0.824 -0.328 0.462 -0.494 -0.823 0.28 0.489 0.832 -0.264 -0.829 0.337 -0.446 -0.452 -0.733 -0.509 0.894 -0.356 -0.272 0.894 -0.356 -0.273 -0.452 -0.732 -0.509 0.454 0.707 0.543 0.454 0.707 0.542 -0.893 0.33 0.306 -0.893 0.33 0.305 0.73 0.06 -0.681 -0.396 -0.255 -0.882 0.356 0.934 -0.002 -0.755 0.626 -0.197 -0.029 0.618 -0.786 0.127 0.818 0.561 -0.593 0.542 0.595 -0.779 0.627 -0.003 0.147 0.986 -0.074 -0.713 -0.217 0.666 -0.933 -0.349 0.089 -0.112 -0.702 0.703 -0.163 -0.98 0.112 0.609 -0.426 0.669 0.775 -0.631 0.042 0.728 0.335 0.598 0.931 0.36 -0.052 -0.775 0.632 0.025 0.155 0.985 -0.077 -0.929 -0.35 0.121 -0.155 -0.981 0.116 0.776 -0.631 0.014 0.932 0.353 -0.083 -0.773 0.634 0.001 0.164 0.983 -0.083 -0.929 -0.356 0.104 -0.145 -0.982 0.121 0.78 -0.625 0.037 0.934 0.35 -0.065 -0.775 0.629 -0.062 0.167 0.982 -0.089 -0.93 -0.364 0.047 -0.143 -0.981 0.128 0.781 -0.617 0.1 0.935 0.355 -0.008 -0.775 0.62 -0.119 0.16 0.982 -0.095 -0.93 -0.367 -0.004 -0.15 -0.98 0.134 0.776 -0.611 0.157 0.931 0.364 0.043 -0.556 0.403 -0.727 0.178 0.695 -0.697 -0.679 -0.371 -0.634 -0.068 -0.857 -0.511 0.669 -0.567 -0.48 0.792 0.21 -0.573 0.011 0.092 0.996 0.09 -0.132 -0.987 0.141 0.978 0.153 -0.602 0.195 -0.775 -0.602 0.195 -0.774 -0.155 -0.978 -0.141 -0.156 -0.978 -0.141 0.588 -0.194 0.786 0.587 -0.194 0.786 -0.603 0.195 -0.774 0.14 0.978 0.154 -0.157 -0.978 -0.14 0.586 -0.194 0.787 0.148 0.963 0.227 -0.808 -0.001 0.589 -0.808 -0.001 0.59 0.149 0.962 0.228 -0.141 -0.966 -0.216 -0.14 -0.966 -0.215 0.816 -0.003 -0.578 0.816 -0.003 -0.577 -0.807 -0.001 0.59 -0.14 -0.967 -0.215 0.817 -0.003 -0.577 0.125 0.709 -0.694 -0.986 0.02 -0.166 -0.986 0.021 -0.165 -0.127 -0.697 0.706 -0.127 -0.696 0.707 0.984 -0.008 0.179 -0.986 0.022 -0.165 0.125 0.71 -0.693 -0.127 -0.695 0.708 0.984 -0.007 0.18 0.12 0.861 0.494 -0.911 0.285 -0.297 -0.912 0.285 -0.296 0.119 0.861 0.495 -0.126 -0.868 -0.481 -0.126 -0.868 -0.48 0.905 -0.291 0.31 0.905 -0.291 0.311 -0.912 0.284 -0.296 0.119 0.86 0.496 0.904 -0.292 0.312 0.147 0.825 -0.546 -0.542 0.511 0.667 -0.541 0.511 0.668 -0.135 -0.822 0.554 -0.134 -0.821 0.554 0.554 -0.508 -0.66 0.554 -0.508 -0.659 0.148 0.825 -0.545 -0.134 -0.821 0.555 0.555 -0.508 -0.659 0.139 0.858 -0.494 -0.637 -0.285 -0.716 -0.638 -0.285 -0.716 0.139 0.859 -0.493 -0.15 -0.852 0.501 -0.151 -0.852 0.502 0.626 0.291 0.723 0.626 0.291 0.724 -0.638 -0.284 -0.715 0.138 0.859 -0.493 0.625 0.292 0.724 0.087 0.809 0.582 -0.653 0.571 0.497 -0.723 0.674 -0.153 0.224 0.974 -0.022 -0.825 -0.191 0.532 -0.945 -0.307 -0.111 -0.257 -0.715 0.65 -0.216 -0.975 0.061 0.482 -0.477 0.735 0.723 -0.664 0.19 0.655 0.284 0.7 0.941 0.304 0.149 -0.723 0.67 -0.167 0.215 0.976 -0.018 -0.944 -0.303 -0.132 -0.224 -0.973 0.054 0.717 -0.666 0.204 0.936 0.31 0.168 -0.732 0.669 -0.127 0.205 0.979 -0.01 -0.95 -0.296 -0.1 -0.233 -0.972 0.044 0.721 -0.674 0.163 0.94 0.312 0.136 -0.739 0.671 -0.05 0.202 0.979 0.001 -0.956 -0.292 -0.034 -0.233 -0.972 0.034 0.729 -0.679 0.087 0.948 0.31 0.07 -0.738 0.674 0.016 0.21 0.978 0.013 -0.955 -0.295 0.021 -0.224 -0.974 0.024 0.735 -0.678 0.022 0.952 0.305 0.016 -0.602 0.543 -0.585 0.161 0.783 -0.601 -0.776 -0.238 -0.585 -0.186 -0.778 -0.6 0.576 -0.538 -0.616 0.749 0.242 -0.616 -0.136 0.075 0.988 -0.021 0.004 -1 0.188 0.938 0.293 -0.864 0.018 0.503 -0.864 0.018 0.504 0.188 0.937 0.294 -0.18 -0.943 -0.279 0.872 -0.024 -0.489 -0.863 0.017 0.505 0.188 0.937 0.295 -0.179 -0.944 -0.278 0.873 -0.024 -0.488 0.18 0.487 -0.855 -0.965 -0.08 -0.251 -0.965 -0.079 -0.251 0.18 0.488 -0.854 -0.183 -0.474 0.861 -0.183 -0.473 0.862 0.962 0.094 0.258 0.961 0.094 0.258 -0.965 -0.079 -0.25 0.18 0.489 -0.854 -0.183 -0.472 0.862 0.961 0.095 0.259 0.119 0.783 0.611 -0.937 0.292 -0.193 -0.937 0.292 -0.192 0.119 0.782 0.611 -0.125 -0.792 -0.598 -0.125 -0.792 -0.597 0.931 -0.301 0.206 0.931 -0.302 0.206 -0.937 0.291 -0.192 0.119 0.782 0.612 -0.125 -0.793 -0.597 0.93 -0.302 0.207 0.226 0.756 -0.615 -0.727 0.548 0.413 -0.727 0.549 0.413 0.226 0.756 -0.614 -0.217 -0.751 0.624 -0.216 -0.75 0.625 0.736 -0.543 -0.403 0.737 -0.543 -0.403 -0.726 0.549 0.414 0.227 0.756 -0.614 0.737 -0.543 -0.402 0.225 0.91 -0.348 -0.503 -0.194 -0.842 -0.504 -0.194 -0.842 0.224 0.91 -0.348 -0.239 -0.904 0.355 0.49 0.2 0.849 0.489 0.2 0.849 -0.505 -0.193 -0.841 0.224 0.911 -0.347 -0.24 -0.903 0.356 0.488 0.201 0.849 0.117 0.759 0.641 -0.955 -0.089 0.284 -0.954 -0.09 0.285 0.117 0.758 0.641 -0.112 -0.77 -0.628 -0.112 -0.771 -0.627 0.959 0.078 -0.271 0.96 0.077 -0.27 -0.954 -0.091 0.286 0.117 0.758 0.642 -0.111 -0.772 -0.626 0.22 0.783 -0.581 -0.974 0.153 -0.165 -0.974 0.153 -0.166 0.22 0.783 -0.582 -0.224 -0.743 0.631 -0.224 -0.744 0.63 0.97 -0.113 0.215 0.97 -0.114 0.214 -0.771 -0.239 -0.59 0.22 0.284 -0.933 -0.149 -0.986 0.072 0.844 -0.461 -0.274 0.065 -0.628 -0.776 -0.474 -0.692 0.544 0.307 -0.753 0.581 0.435 -0.9 -0.003 -0.556 -0.828 -0.075 0.748 -0.108 0.654 0.992 -0.085 0.091 0.408 0.598 0.69 0.568 0.815 0.113 -0.374 0.659 0.653 -0.429 0.902 0.041 -0.815 0.014 0.58 -0.996 0.074 -0.054 0.429 -0.903 0.024 -0.562 -0.823 -0.079 0.989 -0.082 0.121 0.561 0.82 0.116 -0.43 0.903 0.013 -0.993 0.08 -0.084 0.427 -0.904 0.001 -0.57 -0.817 -0.085 0.992 -0.077 0.104 0.553 0.825 0.121 -0.436 0.899 0.035 -0.994 0.085 -0.067 0.43 -0.901 -0.06 -0.572 -0.815 -0.09 0.996 -0.071 0.05 0.55 0.826 0.127 -0.441 0.892 0.096 -0.997 0.081 -0.012 0.434 -0.894 -0.114 -0.566 -0.819 -0.096 0.998 -0.069 0.001 0.555 0.821 0.134 -0.439 0.886 0.151 -0.997 0.072 0.037 0.336 -0.618 -0.711 -0.464 -0.563 -0.684 0.786 0.04 -0.617 0.436 0.752 -0.495 -0.364 0.806 -0.467 -0.814 0.149 -0.561 -0.053 -0.076 0.996 -0.024 0.158 -0.987 -0.549 -0.824 0.143 0.471 -0.448 -0.76 0.472 -0.448 -0.759 -0.548 -0.824 0.143 0.561 0.817 -0.132 0.562 0.817 -0.131 -0.459 0.441 0.771 -0.458 0.441 0.772 -0.548 -0.824 0.144 0.563 0.816 -0.13 -0.457 0.441 0.772 -0.55 -0.807 0.215 0.739 -0.348 0.577 0.739 -0.347 0.577 0.544 0.814 -0.204 0.544 0.814 -0.203 -0.745 0.354 -0.566 -0.745 0.355 -0.565 0.739 -0.347 0.578 -0.55 -0.807 0.216 0.544 0.815 -0.203 -0.422 -0.599 -0.681 0.883 -0.443 -0.157 0.883 -0.443 -0.156 -0.422 -0.599 -0.68 0.419 0.587 0.693 0.418 0.587 0.693 -0.886 0.431 0.169 0.882 -0.444 -0.155 -0.422 -0.6 -0.679 0.418 0.586 0.694 -0.887 0.43 0.17 -0.485 -0.733 0.477 0.703 -0.652 -0.285 0.703 -0.652 -0.284 -0.484 -0.733 0.478 0.493 0.736 -0.464 -0.695 0.655 0.298 -0.694 0.655 0.298 0.704 -0.651 -0.283 -0.484 -0.733 0.479 0.494 0.736 -0.463 -0.694 0.655 0.299 -0.489 -0.69 -0.533 0.275 -0.704 0.654 0.274 -0.704 0.655 -0.49 -0.69 -0.533 0.478 0.692 0.541 0.477 0.693 0.541 -0.287 0.707 -0.647 -0.287 0.707 -0.646 -0.491 -0.69 -0.532 0.476 0.693 0.541 -0.288 0.707 -0.646 -0.496 -0.722 -0.482 0.714 -0.021 -0.7 -0.496 -0.723 -0.481 0.504 0.712 0.489 -0.707 0.011 0.707 -0.706 0.01 0.708 0.715 -0.022 -0.699 0.504 0.711 0.49 -0.706 0.009 0.708 -0.545 -0.505 0.669 0.192 -0.736 0.65 0.219 -0.975 0.031 -0.735 -0.675 0.064 0.759 -0.213 0.615 0.955 -0.297 -0.014 0.589 0.54 0.601 0.734 0.679 -0.025 -0.147 0.77 0.621 -0.22 0.976 0.008 -0.714 0.248 0.655 -0.952 0.3 0.052 0.223 -0.974 0.043 -0.73 -0.681 0.065 0.954 -0.301 -0.003 0.739 0.673 -0.027 -0.216 0.976 -0.005 -0.954 0.296 0.041 0.224 -0.971 0.085 -0.729 -0.681 0.067 0.953 -0.299 0.038 0.74 0.672 -0.028 -0.216 0.975 -0.047 -0.956 0.293 0.001 0.22 -0.969 0.113 -0.734 -0.676 0.069 0.954 -0.294 0.063 0.735 0.677 -0.031 -0.22 0.973 -0.074 -0.955 0.295 -0.024 0.216 -0.972 0.093 -0.74 -0.669 0.071 0.956 -0.291 0.041 0.729 0.684 -0.034 -0.225 0.973 -0.055 -0.954 0.301 -0.003 0.161 -0.804 -0.572 -0.593 -0.569 -0.57 0.742 -0.269 -0.614 0.567 0.5 -0.654 -0.187 0.735 -0.651 -0.767 0.201 -0.609 0.035 0.028 0.999 -0.021 -0.056 -0.998 -0.673 -0.641 -0.369 0.592 -0.211 -0.778 -0.673 -0.642 -0.368 0.68 0.628 0.378 0.681 0.627 0.378 -0.584 0.198 0.787 0.592 -0.212 -0.777 0.681 0.627 0.379 -0.584 0.197 0.788 -0.394 -0.336 0.855 0.889 -0.353 0.292 -0.394 -0.336 0.856 0.398 0.35 -0.848 -0.886 0.367 -0.284 -0.886 0.368 -0.284 0.889 -0.352 0.293 -0.394 -0.335 0.856 0.398 0.351 -0.848 -0.885 0.368 -0.284 -0.519 -0.498 -0.695 0.7 -0.714 -0.014 0.7 -0.714 -0.013 0.512 0.49 0.705 0.511 0.49 0.706 -0.707 0.707 0.025 -0.707 0.706 0.025 0.699 -0.715 -0.013 -0.52 -0.498 -0.694 -0.708 0.706 0.026 -0.664 -0.606 0.439 0.436 -0.78 -0.448 0.437 -0.78 -0.448 -0.663 -0.606 0.439 0.672 0.604 -0.427 0.673 0.604 -0.426 -0.427 0.778 0.46 -0.427 0.778 0.461 0.437 -0.78 -0.447 -0.663 -0.606 0.44 -0.426 0.778 0.461 -0.735 -0.668 0.119 0.513 -0.439 0.738 -0.735 -0.667 0.119 0.728 0.677 -0.108 -0.52 0.448 -0.728 -0.52 0.448 -0.727 0.512 -0.438 0.739 -0.735 -0.667 0.12 0.728 0.677 -0.107 -0.52 0.449 -0.727 -0.538 -0.52 -0.663 0.829 -0.41 -0.381 0.829 -0.41 -0.38 0.537 0.508 0.673 0.537 0.508 0.674 -0.83 0.399 0.391 -0.83 0.398 0.392 0.829 -0.411 -0.38 -0.539 -0.521 -0.662 0.537 0.507 0.674 -0.83 0.397 0.392 -0.453 -0.397 0.798 0.713 -0.698 0.061 0.714 -0.698 0.062 -0.453 -0.396 0.799 0.461 0.405 -0.789 0.461 0.406 -0.789 -0.706 0.706 -0.052 -0.705 0.707 -0.052 0.714 -0.697 0.062 0.462 0.406 -0.788 -0.705 0.707 -0.051 -0.618 -0.58 -0.531 0.432 -0.805 0.407 0.431 -0.805 0.407 -0.618 -0.58 -0.53 0.609 0.58 0.541 0.608 0.58 0.542 -0.441 0.805 -0.396 -0.442 0.805 -0.396 0.431 -0.805 0.408 -0.619 -0.58 -0.529 -0.442 0.805 -0.395 -0.506 -0.438 0.743 0.789 -0.577 0.212 0.788 -0.578 0.211 -0.506 -0.439 0.742 0.527 0.477 -0.703 0.527 0.476 -0.704 -0.769 0.616 -0.17 -0.769 0.615 -0.171 0.458 -0.858 -0.234 -0.625 -0.75 0.217 0.239 0.022 -0.971 -0.827 0.131 -0.547 -0.332 -0.64 -0.693 -0.412 0.652 0.637 -0.811 -0.005 0.585 -0.997 0.029 -0.072 -0.475 0.88 0.021 -0.441 -0.681 0.585 -0.514 -0.854 -0.073 0.327 -0.697 0.638 0.485 -0.874 0.019 0.723 -0.042 0.69 0.994 -0.022 0.111 0.355 0.631 0.69 0.517 0.849 0.112 -0.996 0.026 -0.087 -0.483 0.875 0.026 -0.518 -0.85 -0.094 0.477 -0.879 0.012 0.992 -0.028 0.126 0.511 0.849 0.133 -0.999 0.019 -0.045 -0.492 0.87 0.035 -0.525 -0.849 -0.061 0.469 -0.883 0.002 0.996 -0.03 0.083 0.51 0.855 0.1 -0.999 0.016 0.036 -0.493 0.869 0.047 -0.526 -0.85 0.009 0.468 -0.884 -0.008 1 -0.028 0.003 0.512 0.859 0.03 -0.994 0.019 0.104 -0.485 0.873 0.058 -0.519 -0.852 0.066 0.475 -0.88 -0.019 0.998 -0.023 -0.065 0.513 0.858 -0.026 -0.847 0.013 -0.531 -0.439 0.687 -0.579 -0.468 -0.68 -0.565 0.317 -0.693 -0.648 0.719 -0.02 -0.695 0.343 0.667 -0.661 -0.065 -0.037 0.997 -0.098 -0.006 -0.995 -0.45 0.823 0.347 -0.607 -0.552 0.571 -0.607 -0.552 0.572 -0.449 0.823 0.348 0.461 -0.822 -0.334 0.461 -0.822 -0.333 0.618 0.553 -0.558 0.619 0.553 -0.558 -0.606 -0.552 0.573 -0.449 0.823 0.349 0.462 -0.822 -0.332 0.619 0.553 -0.557 -0.25 0.474 -0.844 -0.689 -0.695 -0.203 -0.69 -0.695 -0.203 -0.251 0.475 -0.844 0.24 -0.466 0.852 0.239 -0.466 0.852 0.679 0.703 0.212 0.678 0.704 0.212 -0.691 -0.694 -0.202 -0.251 0.475 -0.843 0.239 -0.465 0.852 0.678 0.704 0.213 -0.368 0.652 0.662 -0.909 -0.398 -0.123 -0.909 -0.399 -0.122 -0.368 0.652 0.663 0.371 -0.663 -0.65 0.371 -0.664 -0.649 0.912 0.388 0.136 0.912 0.387 0.137 -0.909 -0.399 -0.121 -0.368 0.651 0.664 -0.374 0.708 -0.599 -0.861 -0.07 0.503 -0.861 -0.069 0.504 -0.374 0.709 -0.598 0.378 -0.698 0.608 0.866 0.079 -0.494 0.866 0.08 -0.494 0.378 -0.697 0.609 0.866 0.081 -0.493 -0.457 0.83 -0.32 -0.311 -0.461 -0.831 -0.312 -0.461 -0.831 -0.458 0.829 -0.32 0.444 -0.834 0.328 0.443 -0.834 0.329 0.298 0.457 0.838 0.297 0.456 0.839 -0.313 -0.462 -0.83 -0.459 0.829 -0.319 0.442 -0.834 0.329 -0.351 0.632 0.691 -0.628 -0.695 0.349 -0.627 -0.696 0.35 0.364 -0.638 -0.679 0.364 -0.638 -0.678 0.641 0.69 -0.337 0.641 0.69 -0.336 -0.627 -0.696 0.351 -0.35 0.631 0.692 0.365 -0.639 -0.677 0.642 0.689 -0.336 -0.394 0.726 -0.563 -0.844 -0.528 -0.1 -0.843 -0.528 -0.101 -0.393 0.726 -0.564 0.368 -0.697 0.615 0.368 -0.698 0.614 0.818 0.555 0.154 0.818 0.554 0.153 -0.464 -0.678 -0.571 -0.097 0.35 -0.932 0.543 -0.839 0.026 0.907 0.212 -0.365 0.385 -0.413 -0.825 -0.299 0.529 0.794 -0.766 -0.075 0.638 -0.993 0.098 0.067 -0.399 0.882 0.251 -0.46 -0.767 0.447 -0.597 -0.785 -0.165 0.316 -0.854 0.413 0.391 -0.895 -0.216 0.783 -0.248 0.57 0.992 -0.119 -0.034 0.475 0.443 0.761 0.599 0.775 0.201 -0.993 0.102 0.056 -0.393 0.893 0.218 -0.59 -0.794 -0.143 0.399 -0.899 -0.181 0.993 -0.119 -0.021 0.603 0.778 0.177 -0.994 0.11 0.007 -0.392 0.905 0.165 -0.587 -0.797 -0.139 0.401 -0.907 -0.127 0.992 -0.127 0.028 0.604 0.778 0.174 -0.993 0.111 -0.037 -0.398 0.912 0.102 -0.589 -0.799 -0.12 0.394 -0.917 -0.065 0.988 -0.134 0.072 0.6 0.784 0.157 -0.994 0.106 -0.038 -0.405 0.914 0.038 -0.596 -0.801 -0.057 0.383 -0.924 -0.002 0.988 -0.135 0.074 0.599 0.795 0.095 -0.765 0.101 -0.636 -0.287 0.739 -0.61 -0.452 -0.634 -0.628 0.34 -0.729 -0.594 0.818 -0.09 -0.568 0.504 0.644 -0.576 0.013 -0.258 0.966 0.044 0.009 -0.999 -0.324 0.647 0.69 -0.88 0.054 -0.473 -0.88 0.053 -0.472 -0.324 0.646 0.691 0.319 -0.658 -0.682 0.319 -0.659 -0.682 0.874 -0.065 0.481 0.874 -0.066 0.481 -0.325 0.646 0.691 0.319 -0.659 -0.681 0.874 -0.066 0.482 -0.385 0.921 -0.061 -0.798 -0.301 0.522 -0.797 -0.301 0.523 -0.385 0.921 -0.06 0.393 -0.917 0.076 0.393 -0.916 0.076 0.806 0.305 -0.508 0.806 0.305 -0.507 -0.797 -0.3 0.524 -0.384 0.921 -0.059 0.393 -0.916 0.077 0.806 0.306 -0.506 -0.223 0.62 -0.753 -0.574 -0.704 -0.417 -0.575 -0.704 -0.417 -0.224 0.62 -0.752 0.211 -0.614 0.76 0.21 -0.614 0.761 0.562 0.71 0.425 0.561 0.71 0.426 -0.576 -0.704 -0.416 -0.225 0.62 -0.752 0.56 0.71 0.426 -0.3 0.593 0.747 -0.913 -0.406 -0.044 0.304 -0.605 -0.736 0.305 -0.606 -0.735 0.917 0.394 0.056 0.918 0.393 0.056 -0.913 -0.407 -0.043 -0.3 0.592 0.748 0.305 -0.606 -0.734 0.918 0.393 0.057 -0.232 0.658 -0.716 -0.95 -0.004 0.312 -0.95 -0.003 0.313 -0.232 0.659 -0.716 0.236 -0.645 0.727 0.236 -0.644 0.728 0.953 0.017 -0.302 0.953 0.017 -0.301 -0.95 -0.002 0.314 -0.232 0.659 -0.715 0.236 -0.643 0.728 0.954 0.018 -0.3 -0.375 0.79 0.485 -0.751 0.041 -0.659 -0.752 0.04 -0.658 -0.375 0.79 0.486 0.365 -0.801 -0.475 0.365 -0.801 -0.474 0.742 -0.051 0.669 0.741 -0.052 0.669 -0.376 0.789 0.486 0.364 -0.802 -0.474 0.741 -0.052 0.67 -0.371 0.812 0.451 -0.72 -0.555 0.416 0.38 -0.815 -0.438 0.38 -0.815 -0.437 0.729 0.553 -0.403 0.73 0.552 -0.403 -0.719 -0.555 0.417 -0.37 0.812 0.452 0.381 -0.815 -0.437 0.73 0.552 -0.402 -0.354 0.862 -0.364 -0.817 -0.472 -0.331 -0.817 -0.472 -0.332 -0.353 0.861 -0.365 0.333 -0.853 0.402 0.333 -0.853 0.401 0.796 0.48 0.369 0.797 0.48 0.368 -0.396 -0.495 -0.773 -0.015 0.601 -0.799 0.554 -0.815 -0.171 0.937 0.289 -0.198 0.475 -0.184 -0.86 0.714 -0.204 0.67 0.47 0.545 0.695 0.668 0.738 0.097 0.972 -0.22 0.086 -0.298 0.711 0.638 -0.314 0.949 0.028 -0.821 0.129 0.556 -0.978 0.202 -0.05 -0.578 -0.619 0.532 -0.667 -0.743 -0.06 0.189 -0.786 0.589 0.301 -0.954 0.007 0.672 0.74 0.045 0.973 -0.219 0.075 -0.312 0.95 -0.012 -0.979 0.202 -0.039 -0.67 -0.742 -0.009 0.298 -0.953 0.048 0.669 0.743 0.011 0.976 -0.211 0.059 -0.308 0.951 -0.029 -0.977 0.21 -0.022 -0.674 -0.738 0.025 0.301 -0.951 0.066 0.665 0.746 0.022 0.979 -0.202 0.039 -0.305 0.952 0.002 -0.976 0.219 -0.002 -0.677 -0.736 0.014 0.307 -0.951 0.035 0.664 0.745 0.066 0.98 -0.2 0.02 -0.305 0.95 0.065 -0.975 0.219 0.018 -0.676 -0.736 -0.029 0.31 -0.95 -0.028 0.544 0.648 -0.533 0.793 -0.115 -0.599 -0.242 0.816 -0.526 -0.781 0.222 -0.584 -0.534 -0.541 -0.65 0.254 -0.71 -0.657 -0.088 -0.061 0.994 0.009 0.09 -0.996 0.96 -0.193 -0.202 -0.035 0.646 -0.762 -0.035 0.647 -0.762 0.96 -0.192 -0.201 -0.956 0.204 0.211 0.039 -0.635 0.771 0.04 -0.635 0.772 -0.034 0.648 -0.761 0.961 -0.191 -0.201 -0.956 0.205 0.212 0.04 -0.634 0.772 0.771 -0.189 0.608 -0.065 0.929 0.364 -0.066 0.929 0.365 -0.781 0.184 -0.596 -0.782 0.184 -0.596 0.055 -0.934 -0.353 -0.066 0.928 0.366 0.77 -0.19 0.609 -0.782 0.184 -0.595 0.054 -0.934 -0.352 0.603 -0.103 -0.791 0.283 0.955 0.09 0.284 0.955 0.09 0.604 -0.103 -0.791 -0.59 0.098 0.801 -0.589 0.098 0.802 -0.27 -0.959 -0.08 -0.27 -0.96 -0.079 0.285 0.954 0.091 0.604 -0.104 -0.79 -0.588 0.098 0.803 -0.269 -0.96 -0.079 0.782 -0.185 0.595 0.39 0.892 -0.228 0.389 0.893 -0.228 0.782 -0.184 0.596 -0.79 0.192 -0.582 -0.398 -0.885 0.241 -0.398 -0.885 0.242 0.389 0.893 -0.227 0.781 -0.184 0.597 -0.791 0.193 -0.581 -0.399 -0.884 0.243 0.974 -0.218 0.059 0.075 0.563 0.823 0.075 0.562 0.824 -0.978 0.204 -0.05 -0.978 0.203 -0.049 -0.079 -0.576 -0.813 -0.079 -0.577 -0.813 0.974 -0.219 0.06 -0.978 0.203 -0.048 -0.079 -0.578 -0.812 0.749 0.158 0.644 0.194 0.701 0.686 0.254 0.965 0.072 0.966 0.257 0.039 -0.556 0.495 0.668 -0.717 0.696 0.052 -0.752 -0.256 0.607 -0.961 -0.275 -0.002 -0.196 -0.801 0.565 -0.248 -0.968 -0.035 0.554 -0.594 0.583 0.709 -0.705 -0.015 0.253 0.967 0.019 0.966 0.258 0.028 -0.717 0.697 0.011 -0.961 -0.275 0.01 -0.249 -0.968 0.018 0.708 -0.706 0.027 0.248 0.969 -0.016 0.964 0.267 0.01 -0.715 0.699 -0.007 -0.963 -0.267 0.027 -0.253 -0.966 0.053 0.711 -0.702 0.045 0.243 0.97 -0.004 0.961 0.276 -0.01 -0.712 0.702 0.025 -0.965 -0.259 0.048 -0.256 -0.966 0.042 0.715 -0.699 0.013 0.245 0.969 0.041 0.96 0.278 -0.03 -0.707 0.701 0.089 -0.964 -0.258 0.069 -0.258 -0.966 -0.002 0.714 -0.698 -0.052 0.154 0.811 -0.564 0.718 0.255 -0.648 -0.612 0.598 -0.517 -0.814 -0.172 -0.555 -0.25 -0.728 -0.638 0.516 -0.514 -0.685 -0.002 -0.079 0.997 -0.079 0.068 -0.995 0.928 0.271 -0.256 -0.361 0.536 -0.763 -0.361 0.537 -0.762 0.928 0.272 -0.256 -0.929 -0.259 0.265 -0.929 -0.259 0.266 0.36 -0.524 0.772 -0.361 0.538 -0.762 0.928 0.273 -0.255 -0.929 -0.258 0.266 0.36 -0.523 0.773 0.791 0.197 0.579 -0.47 0.795 0.384 0.791 0.196 0.58 -0.797 -0.205 -0.567 -0.798 -0.206 -0.567 0.464 -0.804 -0.372 0.463 -0.805 -0.371 -0.47 0.794 0.385 -0.798 -0.206 -0.566 0.533 0.174 -0.828 -0.188 0.978 0.086 -0.187 0.978 0.087 0.534 0.174 -0.828 -0.519 -0.172 0.837 -0.518 -0.172 0.838 0.202 -0.976 -0.076 0.203 -0.976 -0.076 -0.186 0.979 0.087 0.534 0.174 -0.827 -0.517 -0.171 0.838 0.204 -0.976 -0.075 0.798 0.205 0.566 -0.08 0.966 -0.246 -0.081 0.966 -0.246 0.798 0.205 0.567 -0.808 -0.203 -0.553 -0.809 -0.203 -0.552 0.07 -0.963 0.26 0.07 -0.963 0.261 -0.081 0.966 -0.245 0.797 0.206 0.568 -0.809 -0.202 -0.551 0.069 -0.963 0.261 0.966 0.26 0.011 -0.152 0.535 0.831 -0.152 0.534 0.831 0.966 0.259 0.011 -0.962 -0.273 -0.001 -0.962 -0.274 -0 0.156 -0.548 -0.822 0.156 -0.549 -0.821 -0.152 0.534 0.832 0.966 0.258 0.012 -0.962 -0.275 0 0.156 -0.55 -0.82</float_array><technique_common><accessor source="#ROW_18_SEG3_solid-nrm-a" count="1700" stride="3"><param name="X" type="float"/><param name="Y" type="float"/><param name="Z" type="float"/></accessor></technique_common></source>
        <vertices id="ROW_18_SEG3_solid-vtx"><input semantic="POSITION" source="#ROW_18_SEG3_solid-pos"/></vertices>
        <triangles count="2788" material="MAT_COTTON_STEM-mat"><input semantic="VERTEX" source="#ROW_18_SEG3_solid-vtx" offset="0"/><input semantic="NORMAL" source="#ROW_18_SEG3_solid-nrm" offset="1"/><p>0 0 1 1 2 2 0 0 2 2 3 3 1 1 4 4 5 5 1 1 5 5 2 2 4 4 6 6 7 7 4 4 7 7 5 5 6 6 8 8 9 9 6 6 9 9 7 7 8 8 10 10 11 11 8 8 11 11 9 9 10 10 0 0 3 3 10 10 3 3 11 11 3 3 2 2 12 12 3 3 12 12 13 13 2 2 5 5 14 14 2 2 14 14 12 12 5 5 7 7 15 15 5 5 15 15 14 14 7 7 9 9 16 16 7 7 16 16 15 15 9 9 11 11 17 17 9 9 17 17 16 16 11 11 3 3 13 13 11 11 13 13 17 17 13 13 12 12 18 18 13 13 18 18 19 19 12 12 14 14 20 20 12 12 20 20 18 18 14 14 15 15 21 21 14 14 21 21 20 20 15 15 16 16 22 22 15 15 22 22 21 21 16 16 17 17 23 23 16 16 23 23 22 22 17 17 13 13 19 19 17 17 19 19 23 23 19 19 18 18 24 24 19 19 24 24 25 25 18 18 20 20 26 26 18 18 26 26 24 24 20 20 21 21 27 27 20 20 27 27 26 26 21 21 22 22 28 28 21 21 28 28 27 27 22 22 23 23 29 29 22 22 29 29 28 28 23 23 19 19 25 25 23 23 25 25 29 29 25 25 24 24 30 30 25 25 30 30 31 31 24 24 26 26 32 32 24 24 32 32 30 30 26 26 27 27 33 33 26 26 33 33 32 32 27 27 28 28 34 34 27 27 34 34 33 33 28 28 29 29 35 35 28 28 35 35 34 34 29 29 25 25 31 31 29 29 31 31 35 35 31 31 30 30 36 36 31 31 36 36 37 37 30 30 32 32 38 38 30 30 38 38 36 36 32 32 33 33 39 39 32 32 39 39 38 38 33 33 34 34 40 40 33 33 40 40 39 39 34 34 35 35 41 41 34 34 41 41 40 40 35 35 31 31 37 37 35 35 37 37 41 41 0 0 1 1 42 42 1 1 4 4 42 42 4 4 6 6 42 42 6 6 8 8 42 42 8 8 10 10 42 42 10 10 0 0 42 42 36 36 37 37 43 43 38 38 36 36 43 43 39 39 38 38 43 43 40 40 39 39 43 43 41 41 40 40 43 43 37 37 41 41 43 43 44 44 45 45 46 46 44 44 46 46 47 47 45 45 48 48 49 49 45 45 49 49 46 46 48 48 50 50 51 51 48 48 51 51 49 49 50 50 44 44 47 47 50 50 47 47 51 51 47 47 46 46 52 52 47 47 52 52 53 47 46 46 49 49 54 53 46 46 54 53 52 52 49 49 51 51 55 54 49 49 55 54 54 53 51 51 47 47 53 47 51 51 53 47 55 54 56 55 57 56 58 57 56 55 58 57 59 58 57 56 60 59 61 60 57 56 61 60 58 57 60 59 62 61 63 62 60 59 63 62 61 60 62 61 56 55 59 58 62 61 59 58 63 62 59 58 58 57 64 57 59 58 64 57 65 63 58 57 61 60 66 64 58 57 66 64 64 57 61 60 63 62 67 65 61 60 67 65 66 64 63 62 59 58 65 63 63 62 65 63 67 65 68 66 69 67 70 68 68 66 70 68 71 66 69 67 72 69 73 70 69 67 73 70 70 68 72 69 74 71 75 72 72 69 75 72 73 70 74 71 68 66 71 66 74 71 71 66 75 72 71 66 70 68 76 73 71 66 76 73 77 74 70 68 73 70 78 75 70 68 78 75 76 73 73 70 75 72 79 76 73 70 79 76 78 75 75 72 71 66 77 74 75 72 77 74 79 76 80 77 81 78 82 79 80 77 82 79 83 80 81 78 84 81 85 81 81 78 85 81 82 79 84 81 86 82 87 83 84 81 87 83 85 81 86 82 80 77 83 80 86 82 83 80 87 83 83 80 82 79 88 84 83 80 88 84 89 85 82 79 85 81 90 86 82 79 90 86 88 84 85 81 87 83 91 87 85 81 91 87 90 86 87 83 83 80 89 85 87 83 89 85 91 87 92 88 93 89 94 90 92 88 94 90 95 91 93 89 96 92 97 92 93 89 97 92 94 90 96 92 98 93 99 94 96 92 99 94 97 92 98 93 92 88 95 91 98 93 95 91 99 94 95 91 94 90 100 95 95 91 100 95 101 96 94 90 97 92 102 97 94 90 102 97 100 95 97 92 99 94 103 98 97 92 103 98 102 97 99 94 95 91 101 96 99 94 101 96 103 98 104 99 105 100 106 101 104 99 106 101 107 102 105 100 108 103 109 104 105 100 109 104 106 101 108 103 110 105 111 106 108 103 111 106 109 104 110 105 112 107 113 108 110 105 113 108 111 106 112 107 114 109 115 110 112 107 115 110 113 108 114 109 104 99 107 102 114 109 107 102 115 110 107 102 106 101 116 111 107 102 116 111 117 112 106 101 109 104 118 113 106 101 118 113 116 111 109 104 111 106 119 114 109 104 119 114 118 113 111 106 113 108 120 115 111 106 120 115 119 114 113 108 115 110 121 116 113 108 121 116 120 115 115 110 107 102 117 112 115 110 117 112 121 116 117 112 116 111 122 117 117 112 122 117 123 118 116 111 118 113 124 119 116 111 124 119 122 117 118 113 119 114 125 120 118 113 125 120 124 119 119 114 120 115 126 121 119 114 126 121 125 120 120 115 121 116 127 122 120 115 127 122 126 121 121 116 117 112 123 118 121 116 123 118 127 122 123 118 122 117 128 123 123 118 128 123 129 124 122 117 124 119 130 125 122 117 130 125 128 123 124 119 125 120 131 126 124 119 131 126 130 125 125 120 126 121 132 127 125 120 132 127 131 126 126 121 127 122 133 128 126 121 133 128 132 127 127 122 123 118 129 124 127 122 129 124 133 128 129 124 128 123 134 129 129 124 134 129 135 130 128 123 130 125 136 131 128 123 136 131 134 129 130 125 131 126 137 132 130 125 137 132 136 131 131 126 132 127 138 133 131 126 138 133 137 132 132 127 133 128 139 134 132 127 139 134 138 133 133 128 129 124 135 130 133 128 135 130 139 134 135 130 134 129 140 135 135 130 140 135 141 136 134 129 136 131 142 137 134 129 142 137 140 135 136 131 137 132 143 138 136 131 143 138 142 137 137 132 138 133 144 139 137 132 144 139 143 138 138 133 139 134 145 140 138 133 145 140 144 139 139 134 135 130 141 136 139 134 141 136 145 140 104 99 105 100 146 141 105 100 108 103 146 141 108 103 110 105 146 141 110 105 112 107 146 141 112 107 114 109 146 141 114 109 104 99 146 141 140 135 141 136 147 142 142 137 140 135 147 142 143 138 142 137 147 142 144 139 143 138 147 142 145 140 144 139 147 142 141 136 145 140 147 142 148 143 149 144 150 145 148 143 150 145 151 146 149 144 152 147 153 148 149 144 153 148 150 145 152 147 154 149 155 150 152 147 155 150 153 148 154 149 148 143 151 146 154 149 151 146 155 150 151 146 150 145 156 151 151 146 156 151 157 152 150 145 153 148 158 153 150 145 158 153 156 151 153 148 155 150 159 154 153 148 159 154 158 153 155 150 151 146 157 152 155 150 157 152 159 154 160 155 161 156 162 157 160 155 162 157 163 158 161 156 164 159 165 160 161 156 165 160 162 157 164 159 166 161 167 162 164 159 167 162 165 160 166 161 160 155 163 158 166 161 163 158 167 162 163 158 162 157 168 163 163 158 168 163 169 164 162 157 165 160 170 165 162 157 170 165 168 163 165 160 167 162 171 166 165 160 171 166 170 165 167 162 163 158 169 164 167 162 169 164 171 166 172 167 173 168 174 169 172 167 174 169 175 167 173 168 176 170 177 171 173 168 177 171 174 169 176 170 178 172 179 173 176 170 179 173 177 171 178 172 172 167 175 167 178 172 175 167 179 173 175 167 174 169 180 174 175 167 180 174 181 175 174 169 177 171 182 176 174 169 182 176 180 174 177 171 179 173 183 177 177 171 183 177 182 176 179 173 175 167 181 175 179 173 181 175 183 177 184 178 185 179 186 180 184 178 186 180 187 178 185 179 188 181 189 182 185 179 189 182 186 180 188 181 190 183 191 184 188 181 191 184 189 182 190 183 184 178 187 178 190 183 187 178 191 184 187 178 186 180 192 185 187 178 192 185 193 186 186 180 189 182 194 187 186 180 194 187 192 185 189 182 191 184 195 188 189 182 195 188 194 187 191 184 187 178 193 186 191 184 193 186 195 188 196 189 197 190 198 191 196 189 198 191 199 192 197 190 200 193 201 193 197 190 201 193 198 191 200 193 202 194 203 195 200 193 203 195 201 193 202 194 196 189 199 192 202 194 199 192 203 195 199 192 198 191 204 196 199 192 204 196 205 197 198 191 201 193 206 198 198 191 206 198 204 196 201 193 203 195 207 199 201 193 207 199 206 198 203 195 199 192 205 197 203 195 205 197 207 199 208 200 209 201 210 202 208 200 210 202 211 203 209 201 212 204 213 205 209 201 213 205 210 202 212 204 214 206 215 207 212 204 215 207 213 205 214 206 216 208 217 209 214 206 217 209 215 207 216 208 218 210 219 211 216 208 219 211 217 209 218 210 208 200 211 203 218 210 211 203 219 211 211 203 210 202 220 212 211 203 220 212 221 213 210 202 213 205 222 214 210 202 222 214 220 212 213 205 215 207 223 215 213 205 223 215 222 214 215 207 217 209 224 216 215 207 224 216 223 215 217 209 219 211 225 217 217 209 225 217 224 216 219 211 211 203 221 213 219 211 221 213 225 217 221 213 220 212 226 218 221 213 226 218 227 219 220 212 222 214 228 220 220 212 228 220 226 218 222 214 223 215 229 221 222 214 229 221 228 220 223 215 224 216 230 222 223 215 230 222 229 221 224 216 225 217 231 223 224 216 231 223 230 222 225 217 221 213 227 219 225 217 227 219 231 223 227 219 226 218 232 224 227 219 232 224 233 225 226 218 228 220 234 226 226 218 234 226 232 224 228 220 229 221 235 227 228 220 235 227 234 226 229 221 230 222 236 228 229 221 236 228 235 227 230 222 231 223 237 229 230 222 237 229 236 228 231 223 227 219 233 225 231 223 233 225 237 229 233 225 232 224 238 230 233 225 238 230 239 231 232 224 234 226 240 232 232 224 240 232 238 230 234 226 235 227 241 233 234 226 241 233 240 232 235 227 236 228 242 234 235 227 242 234 241 233 236 228 237 229 243 235 236 228 243 235 242 234 237 229 233 225 239 231 237 229 239 231 243 235 239 231 238 230 244 236 239 231 244 236 245 237 238 230 240 232 246 238 238 230 246 238 244 236 240 232 241 233 247 239 240 232 247 239 246 238 241 233 242 234 248 240 241 233 248 240 247 239 242 234 243 235 249 241 242 234 249 241 248 240 243 235 239 231 245 237 243 235 245 237 249 241 208 200 209 201 250 242 209 201 212 204 250 242 212 204 214 206 250 242 214 206 216 208 250 242 216 208 218 210 250 242 218 210 208 200 250 242 244 236 245 237 251 243 246 238 244 236 251 243 247 239 246 238 251 243 248 240 247 239 251 243 249 241 248 240 251 243 245 237 249 241 251 243 252 244 253 245 254 246 252 244 254 246 255 247 253 245 256 248 257 249 253 245 257 249 254 246 256 248 258 250 259 251 256 248 259 251 257 249 258 250 252 244 255 247 258 250 255 247 259 251 255 247 254 246 260 246 255 247 260 246 261 252 254 246 257 249 262 253 254 246 262 253 260 246 257 249 259 251 263 254 257 249 263 254 262 253 259 251 255 247 261 252 259 251 261 252 263 254 264 255 265 256 266 257 264 255 266 257 267 258 265 256 268 259 269 260 265 256 269 260 266 257 268 259 270 261 271 262 268 259 271 262 269 260 270 261 264 255 267 258 270 261 267 258 271 262 267 258 266 257 272 263 267 258 272 263 273 258 266 257 269 260 274 264 266 257 274 264 272 263 269 260 271 262 275 262 269 260 275 262 274 264 271 262 267 258 273 258 271 262 273 258 275 262 276 265 277 266 278 267 276 265 278 267 279 268 277 266 280 269 281 270 277 266 281 270 278 267 280 269 282 271 283 272 280 269 283 272 281 270 282 271 276 265 279 268 282 271 279 268 283 272 279 268 278 267 284 273 279 268 284 273 285 274 278 267 281 270 286 275 278 267 286 275 284 273 281 270 283 272 287 276 281 270 287 276 286 275 283 272 279 268 285 274 283 272 285 274 287 276 288 277 289 278 290 279 288 277 290 279 291 277 289 278 292 280 293 281 289 278 293 281 290 279 292 280 294 282 295 283 292 280 295 283 293 281 294 282 288 277 291 277 294 282 291 277 295 283 291 277 290 279 296 284 291 277 296 284 297 285 290 279 293 281 298 286 290 279 298 286 296 284 293 281 295 283 299 287 293 281 299 287 298 286 295 283 291 277 297 285 295 283 297 285 299 287 300 288 301 289 302 290 300 288 302 290 303 288 301 289 304 291 305 292 301 289 305 292 302 290 304 291 306 293 307 293 304 291 307 293 305 292 306 293 300 288 303 288 306 293 303 288 307 293 303 288 302 290 308 294 303 288 308 294 309 295 302 290 305 292 310 296 302 290 310 296 308 294 305 292 307 293 311 297 305 292 311 297 310 296 307 293 303 288 309 295 307 293 309 295 311 297 312 298 313 299 314 300 312 298 314 300 315 301 313 299 316 302 317 302 313 299 317 302 314 300 316 302 318 303 319 304 316 302 319 304 317 302 318 303 312 298 315 301 318 303 315 301 319 304 315 301 314 300 320 300 315 301 320 300 321 305 314 300 317 302 322 306 314 300 322 306 320 300 317 302 319 304 323 307 317 302 323 307 322 306 319 304 315 301 321 305 319 304 321 305 323 307 324 308 325 309 326 310 324 308 326 310 327 311 325 309 328 312 329 313 325 309 329 313 326 310 328 312 330 314 331 315 328 312 331 315 329 313 330 314 332 316 333 317 330 314 333 317 331 315 332 316 334 318 335 319 332 316 335 319 333 317 334 318 324 308 327 311 334 318 327 311 335 319 327 311 326 310 336 320 327 311 336 320 337 321 326 310 329 313 338 322 326 310 338 322 336 320 329 313 331 315 339 323 329 313 339 323 338 322 331 315 333 317 340 324 331 315 340 324 339 323 333 317 335 319 341 325 333 317 341 325 340 324 335 319 327 311 337 321 335 319 337 321 341 325 337 321 336 320 342 326 337 321 342 326 343 327 336 320 338 322 344 328 336 320 344 328 342 326 338 322 339 323 345 329 338 322 345 329 344 328 339 323 340 324 346 330 339 323 346 330 345 329 340 324 341 325 347 331 340 324 347 331 346 330 341 325 337 321 343 327 341 325 343 327 347 331 343 327 342 326 348 332 343 327 348 332 349 333 342 326 344 328 350 334 342 326 350 334 348 332 344 328 345 329 351 335 344 328 351 335 350 334 345 329 346 330 352 336 345 329 352 336 351 335 346 330 347 331 353 337 346 330 353 337 352 336 347 331 343 327 349 333 347 331 349 333 353 337 349 333 348 332 354 338 349 333 354 338 355 339 348 332 350 334 356 340 348 332 356 340 354 338 350 334 351 335 357 341 350 334 357 341 356 340 351 335 352 336 358 342 351 335 358 342 357 341 352 336 353 337 359 343 352 336 359 343 358 342 353 337 349 333 355 339 353 337 355 339 359 343 355 339 354 338 360 344 355 339 360 344 361 345 354 338 356 340 362 346 354 338 362 346 360 344 356 340 357 341 363 347 356 340 363 347 362 346 357 341 358 342 364 348 357 341 364 348 363 347 358 342 359 343 365 349 358 342 365 349 364 348 359 343 355 339 361 345 359 343 361 345 365 349 324 308 325 309 366 350 325 309 328 312 366 350 328 312 330 314 366 350 330 314 332 316 366 350 332 316 334 318 366 350 334 318 324 308 366 350 360 344 361 345 367 351 362 346 360 344 367 351 363 347 362 346 367 351 364 348 363 347 367 351 365 349 364 348 367 351 361 345 365 349 367 351 368 352 369 353 370 354 368 352 370 354 371 355 369 353 372 356 373 357 369 353 373 357 370 354 372 356 374 358 375 359 372 356 375 359 373 357 374 358 368 352 371 355 374 358 371 355 375 359 371 355 370 354 376 360 371 355 376 360 377 361 370 354 373 357 378 362 370 354 378 362 376 360 373 357 375 359 379 359 373 357 379 359 378 362 375 359 371 355 377 361 375 359 377 361 379 359 380 363 381 364 382 365 380 363 382 365 383 366 381 364 384 367 385 367 381 364 385 367 382 365 384 367 386 368 387 369 384 367 387 369 385 367 386 368 380 363 383 366 386 368 383 366 387 369 383 366 382 365 388 370 383 366 388 370 389 371 382 365 385 367 390 372 382 365 390 372 388 370 385 367 387 369 391 373 385 367 391 373 390 372 387 369 383 366 389 371 387 369 389 371 391 373 392 374 393 375 394 376 392 374 394 376 395 377 393 375 396 378 397 379 393 375 397 379 394 376 396 378 398 380 399 381 396 378 399 381 397 379 398 380 392 374 395 377 398 380 395 377 399 381 395 377 394 376 400 382 395 377 400 382 401 383 394 376 397 379 402 384 394 376 402 384 400 382 397 379 399 381 403 385 397 379 403 385 402 384 399 381 395 377 401 383 399 381 401 383 403 385 404 386 405 387 406 388 404 386 406 388 407 389 405 387 408 390 409 391 405 387 409 391 406 388 408 390 410 392 411 393 408 390 411 393 409 391 410 392 404 386 407 389 410 392 407 389 411 393 407 389 406 388 412 394 407 389 412 394 413 395 406 388 409 391 414 396 406 388 414 396 412 394 409 391 411 393 415 397 409 391 415 397 414 396 411 393 407 389 413 395 411 393 413 395 415 397 416 398 417 399 418 400 416 398 418 400 419 401 417 399 420 402 421 403 417 399 421 403 418 400 420 402 422 404 423 405 420 402 423 405 421 403 422 404 416 398 419 401 422 404 419 401 423 405 419 401 418 400 424 406 419 401 424 406 425 407 418 400 421 403 426 408 418 400 426 408 424 406 421 403 423 405 427 409 421 403 427 409 426 408 423 405 419 401 425 407 423 405 425 407 427 409 428 410 429 411 430 412 428 410 430 412 431 413 429 411 432 414 433 415 429 411 433 415 430 412 432 414 434 416 435 417 432 414 435 417 433 415 434 416 436 418 437 419 434 416 437 419 435 417 436 418 438 420 439 421 436 418 439 421 437 419 438 420 428 410 431 413 438 420 431 413 439 421 431 413 430 412 440 422 431 413 440 422 441 423 430 412 433 415 442 424 430 412 442 424 440 422 433 415 435 417 443 425 433 415 443 425 442 424 435 417 437 419 444 426 435 417 444 426 443 425 437 419 439 421 445 427 437 419 445 427 444 426 439 421 431 413 441 423 439 421 441 423 445 427 441 423 440 422 446 428 441 423 446 428 447 429 440 422 442 424 448 430 440 422 448 430 446 428 442 424 443 425 449 431 442 424 449 431 448 430 443 425 444 426 450 432 443 425 450 432 449 431 444 426 445 427 451 433 444 426 451 433 450 432 445 427 441 423 447 429 445 427 447 429 451 433 447 429 446 428 452 434 447 429 452 434 453 435 446 428 448 430 454 436 446 428 454 436 452 434 448 430 449 431 455 437 448 430 455 437 454 436 449 431 450 432 456 438 449 431 456 438 455 437 450 432 451 433 457 439 450 432 457 439 456 438 451 433 447 429 453 435 451 433 453 435 457 439 453 435 452 434 458 440 453 435 458 440 459 441 452 434 454 436 460 442 452 434 460 442 458 440 454 436 455 437 461 443 454 436 461 443 460 442 455 437 456 438 462 444 455 437 462 444 461 443 456 438 457 439 463 445 456 438 463 445 462 444 457 439 453 435 459 441 457 439 459 441 463 445 459 441 458 440 464 446 459 441 464 446 465 447 458 440 460 442 466 448 458 440 466 448 464 446 460 442 461 443 467 449 460 442 467 449 466 448 461 443 462 444 468 450 461 443 468 450 467 449 462 444 463 445 469 451 462 444 469 451 468 450 463 445 459 441 465 447 463 445 465 447 469 451 428 410 429 411 470 452 429 411 432 414 470 452 432 414 434 416 470 452 434 416 436 418 470 452 436 418 438 420 470 452 438 420 428 410 470 452 464 446 465 447 471 453 466 448 464 446 471 453 467 449 466 448 471 453 468 450 467 449 471 453 469 451 468 450 471 453 465 447 469 451 471 453 472 454 473 455 474 456 472 454 474 456 475 457 473 455 476 458 477 459 473 455 477 459 474 456 476 458 478 460 479 460 476 458 479 460 477 459 478 460 472 454 475 457 478 460 475 457 479 460 475 457 474 456 480 456 475 457 480 456 481 461 474 456 477 459 482 462 474 456 482 462 480 456 477 459 479 460 483 463 477 459 483 463 482 462 479 460 475 457 481 461 479 460 481 461 483 463 484 464 485 465 486 466 484 464 486 466 487 467 485 465 488 468 489 469 485 465 489 469 486 466 488 468 490 470 491 471 488 468 491 471 489 469 490 470 484 464 487 467 490 470 487 467 491 471 487 467 486 466 492 472 487 467 492 472 493 473 486 466 489 469 494 474 486 466 494 474 492 472 489 469 491 471 495 475 489 469 495 475 494 474 491 471 487 467 493 473 491 471 493 473 495 475 496 476 497 477 498 478 496 476 498 478 499 479 497 477 500 480 501 481 497 477 501 481 498 478 500 480 502 482 503 483 500 480 503 483 501 481 502 482 496 476 499 479 502 482 499 479 503 483 499 479 498 478 504 484 499 479 504 484 505 485 498 478 501 481 506 486 498 478 506 486 504 484 501 481 503 483 507 487 501 481 507 487 506 486 503 483 499 479 505 485 503 483 505 485 507 487 508 488 509 489 510 490 508 488 510 490 511 491 509 489 512 492 513 493 509 489 513 493 510 490 512 492 514 494 515 495 512 492 515 495 513 493 514 494 508 488 511 491 514 494 511 491 515 495 511 491 510 490 516 496 511 491 516 496 517 497 510 490 513 493 518 498 510 490 518 498 516 496 513 493 515 495 519 499 513 493 519 499 518 498 515 495 511 491 517 497 515 495 517 497 519 499 520 500 521 501 522 502 520 500 522 502 523 503 521 501 524 504 525 505 521 501 525 505 522 502 524 504 526 506 527 507 524 504 527 507 525 505 526 506 520 500 523 503 526 506 523 503 527 507 523 503 522 502 528 502 523 503 528 502 529 503 522 502 525 505 530 508 522 502 530 508 528 502 525 505 527 507 531 509 525 505 531 509 530 508 527 507 523 503 529 503 527 507 529 503 531 509 532 510 533 511 534 512 532 510 534 512 535 513 533 511 536 514 537 514 533 511 537 514 534 512 536 514 538 515 539 516 536 514 539 516 537 514 538 515 532 510 535 513 538 515 535 513 539 516 535 513 534 512 540 517 535 513 540 517 541 518 534 512 537 514 542 519 534 512 542 519 540 517 537 514 539 516 543 520 537 514 543 520 542 519 539 516 535 513 541 518 539 516 541 518 543 520 544 521 545 522 546 523 544 521 546 523 547 524 545 522 548 525 549 526 545 522 549 526 546 523 548 525 550 527 551 528 548 525 551 528 549 526 550 527 544 521 547 524 550 527 547 524 551 528 547 524 546 523 552 523 547 524 552 523 553 524 546 523 549 526 554 529 546 523 554 529 552 523 549 526 551 528 555 530 549 526 555 530 554 529 551 528 547 524 553 524 551 528 553 524 555 530 556 531 557 532 558 533 556 531 558 533 559 534 557 532 560 535 561 536 557 532 561 536 558 533 560 535 562 537 563 538 560 535 563 538 561 536 562 537 556 531 559 534 562 537 559 534 563 538 559 534 558 533 564 539 559 534 564 539 565 540 558 533 561 536 566 541 558 533 566 541 564 539 561 536 563 538 567 542 561 536 567 542 566 541 563 538 559 534 565 540 563 538 565 540 567 542 564 539 565 540 568 543 566 541 564 539 568 543 567 542 566 541 568 543 565 540 567 542 568 543 569 544 570 545 571 546 569 544 571 546 572 547 570 545 573 548 574 549 570 545 574 549 571 546 573 548 575 550 576 551 573 548 576 551 574 549 575 550 577 552 578 553 575 550 578 553 576 551 577 552 579 554 580 555 577 552 580 555 578 553 579 554 569 544 572 547 579 554 572 547 580 555 572 547 571 546 581 556 572 547 581 556 582 557 571 546 574 549 583 558 571 546 583 558 581 556 574 549 576 551 584 559 574 549 584 559 583 558 576 551 578 553 585 560 576 551 585 560 584 559 578 553 580 555 586 561 578 553 586 561 585 560 580 555 572 547 582 557 580 555 582 557 586 561 582 557 581 556 587 562 582 557 587 562 588 563 581 556 583 558 589 564 581 556 589 564 587 562 583 558 584 559 590 565 583 558 590 565 589 564 584 559 585 560 591 566 584 559 591 566 590 565 585 560 586 561 592 567 585 560 592 567 591 566 586 561 582 557 588 563 586 561 588 563 592 567 588 563 587 562 593 568 588 563 593 568 594 569 587 562 589 564 595 570 587 562 595 570 593 568 589 564 590 565 596 571 589 564 596 571 595 570 590 565 591 566 597 572 590 565 597 572 596 571 591 566 592 567 598 573 591 566 598 573 597 572 592 567 588 563 594 569 592 567 594 569 598 573 594 569 593 568 599 574 594 569 599 574 600 575 593 568 595 570 601 576 593 568 601 576 599 574 595 570 596 571 602 577 595 570 602 577 601 576 596 571 597 572 603 578 596 571 603 578 602 577 597 572 598 573 604 579 597 572 604 579 603 578 598 573 594 569 600 575 598 573 600 575 604 579 600 575 599 574 605 580 600 575 605 580 606 581 599 574 601 576 607 582 599 574 607 582 605 580 601 576 602 577 608 583 601 576 608 583 607 582 602 577 603 578 609 584 602 577 609 584 608 583 603 578 604 579 610 585 603 578 610 585 609 584 604 579 600 575 606 581 604 579 606 581 610 585 569 544 570 545 611 586 570 545 573 548 611 586 573 548 575 550 611 586 575 550 577 552 611 586 577 552 579 554 611 586 579 554 569 544 611 586 605 580 606 581 612 587 607 582 605 580 612 587 608 583 607 582 612 587 609 584 608 583 612 587 610 585 609 584 612 587 606 581 610 585 612 587 613 588 614 589 615 590 613 588 615 590 616 591 614 589 617 592 618 593 614 589 618 593 615 590 617 592 619 594 620 595 617 592 620 595 618 593 619 594 613 588 616 591 619 594 616 591 620 595 616 591 615 590 621 596 616 591 621 596 622 597 615 590 618 593 623 598 615 590 623 598 621 596 618 593 620 595 624 599 618 593 624 599 623 598 620 595 616 591 622 597 620 595 622 597 624 599 625 600 626 601 627 602 625 600 627 602 628 603 626 601 629 604 630 605 626 601 630 605 627 602 629 604 631 606 632 607 629 604 632 607 630 605 631 606 625 600 628 603 631 606 628 603 632 607 628 603 627 602 633 608 628 603 633 608 634 609 627 602 630 605 635 610 627 602 635 610 633 608 630 605 632 607 636 611 630 605 636 611 635 610 632 607 628 603 634 609 632 607 634 609 636 611 637 612 638 613 639 614 637 612 639 614 640 615 638 613 641 616 642 617 638 613 642 617 639 614 641 616 643 618 644 619 641 616 644 619 642 617 643 618 637 612 640 615 643 618 640 615 644 619 640 615 639 614 645 620 640 615 645 620 646 621 639 614 642 617 647 622 639 614 647 622 645 620 642 617 644 619 648 623 642 617 648 623 647 622 644 619 640 615 646 621 644 619 646 621 648 623 649 624 650 625 651 626 649 624 651 626 652 627 650 625 653 628 654 629 650 625 654 629 651 626 653 628 655 630 656 630 653 628 656 630 654 629 655 630 649 624 652 627 655 630 652 627 656 630 652 627 651 626 657 626 652 627 657 626 658 631 651 626 654 629 659 632 651 626 659 632 657 626 654 629 656 630 660 633 654 629 660 633 659 632 656 630 652 627 658 631 656 630 658 631 660 633 661 634 662 635 663 636 661 634 663 636 664 637 662 635 665 638 666 639 662 635 666 639 663 636 665 638 667 640 668 641 665 638 668 641 666 639 667 640 669 642 670 643 667 640 670 643 668 641 669 642 671 644 672 645 669 642 672 645 670 643 671 644 661 634 664 637 671 644 664 637 672 645 664 637 663 636 673 646 664 637 673 646 674 647 663 636 666 639 675 648 663 636 675 648 673 646 666 639 668 641 676 649 666 639 676 649 675 648 668 641 670 643 677 650 668 641 677 650 676 649 670 643 672 645 678 651 670 643 678 651 677 650 672 645 664 637 674 647 672 645 674 647 678 651 674 647 673 646 679 652 674 647 679 652 680 653 673 646 675 648 681 654 673 646 681 654 679 652 675 648 676 649 682 655 675 648 682 655 681 654 676 649 677 650 683 656 676 649 683 656 682 655 677 650 678 651 684 657 677 650 684 657 683 656 678 651 674 647 680 653 678 651 680 653 684 657 680 653 679 652 685 658 680 653 685 658 686 659 679 652 681 654 687 660 679 652 687 660 685 658 681 654 682 655 688 661 681 654 688 661 687 660 682 655 683 656 689 662 682 655 689 662 688 661 683 656 684 657 690 663 683 656 690 663 689 662 684 657 680 653 686 659 684 657 686 659 690 663 686 659 685 658 691 664 686 659 691 664 692 665 685 658 687 660 693 666 685 658 693 666 691 664 687 660 688 661 694 667 687 660 694 667 693 666 688 661 689 662 695 668 688 661 695 668 694 667 689 662 690 663 696 669 689 662 696 669 695 668 690 663 686 659 692 665 690 663 692 665 696 669 692 665 691 664 697 670 692 665 697 670 698 671 691 664 693 666 699 672 691 664 699 672 697 670 693 666 694 667 700 673 693 666 700 673 699 672 694 667 695 668 701 674 694 667 701 674 700 673 695 668 696 669 702 675 695 668 702 675 701 674 696 669 692 665 698 671 696 669 698 671 702 675 661 634 662 635 703 676 662 635 665 638 703 676 665 638 667 640 703 676 667 640 669 642 703 676 669 642 671 644 703 676 671 644 661 634 703 676 697 670 698 671 704 677 699 672 697 670 704 677 700 673 699 672 704 677 701 674 700 673 704 677 702 675 701 674 704 677 698 671 702 675 704 677 705 678 706 679 707 680 705 678 707 680 708 681 706 679 709 682 710 683 706 679 710 683 707 680 709 682 711 684 712 685 709 682 712 685 710 683 711 684 705 678 708 681 711 684 708 681 712 685 708 681 707 680 713 686 708 681 713 686 714 687 707 680 710 683 715 688 707 680 715 688 713 686 710 683 712 685 716 689 710 683 716 689 715 688 712 685 708 681 714 687 712 685 714 687 716 689 717 690 718 691 719 692 717 690 719 692 720 693 718 691 721 694 722 695 718 691 722 695 719 692 721 694 723 696 724 697 721 694 724 697 722 695 723 696 717 690 720 693 723 696 720 693 724 697 720 693 719 692 725 692 720 693 725 692 726 698 719 692 722 695 727 699 719 692 727 699 725 692 722 695 724 697 728 700 722 695 728 700 727 699 724 697 720 693 726 698 724 697 726 698 728 700 729 701 730 702 731 702 729 701 731 702 732 703 730 702 733 704 734 705 730 702 734 705 731 702 733 704 735 706 736 707 733 704 736 707 734 705 735 706 729 701 732 703 735 706 732 703 736 707 732 703 731 702 737 708 732 703 737 708 738 709 731 702 734 705 739 710 731 702 739 710 737 708 734 705 736 707 740 711 734 705 740 711 739 710 736 707 732 703 738 709 736 707 738 709 740 711 741 712 742 713 743 714 741 712 743 714 744 712 742 713 745 715 746 715 742 713 746 715 743 714 745 715 747 716 748 717 745 715 748 717 746 715 747 716 741 712 744 712 747 716 744 712 748 717 744 712 743 714 749 714 744 712 749 714 750 718 743 714 746 715 751 719 743 714 751 719 749 714 746 715 748 717 752 720 746 715 752 720 751 719 748 717 744 712 750 718 748 717 750 718 752 720 753 721 754 722 755 723 753 721 755 723 756 724 754 722 757 725 758 726 754 722 758 726 755 723 757 725 759 727 760 728 757 725 760 728 758 726 759 727 753 721 756 724 759 727 756 724 760 728 756 724 755 723 761 729 756 724 761 729 762 730 755 723 758 726 763 731 755 723 763 731 761 729 758 726 760 728 764 732 758 726 764 732 763 731 760 728 756 724 762 730 760 728 762 730 764 732 765 733 766 734 767 735 765 733 767 735 768 733 766 734 769 736 770 737 766 734 770 737 767 735 769 736 771 738 772 739 769 736 772 739 770 737 771 738 765 733 768 733 771 738 768 733 772 739 768 733 767 735 773 740 768 733 773 740 774 741 767 735 770 737 775 742 767 735 775 742 773 740 770 737 772 739 776 743 770 737 776 743 775 742 772 739 768 733 774 741 772 739 774 741 776 743 777 744 778 745 779 746 777 744 779 746 780 747 778 745 781 748 782 748 778 745 782 748 779 746 781 748 783 749 784 749 781 748 784 749 782 748 783 749 777 744 780 747 783 749 780 747 784 749 780 747 779 746 785 750 780 747 785 750 786 751 779 746 782 748 787 752 779 746 787 752 785 750 782 748 784 749 788 753 782 748 788 753 787 752 784 749 780 747 786 751 784 749 786 751 788 753 789 754 790 755 791 756 789 754 791 756 792 757 790 755 793 758 794 759 790 755 794 759 791 756 793 758 795 760 796 761 793 758 796 761 794 759 795 760 789 754 792 757 795 760 792 757 796 761 792 757 791 756 797 762 792 757 797 762 798 763 791 756 794 759 799 764 791 756 799 764 797 762 794 759 796 761 800 765 794 759 800 765 799 764 796 761 792 757 798 763 796 761 798 763 800 765 797 762 798 763 801 766 799 764 797 762 801 766 800 765 799 764 801 766 798 763 800 765 801 766 802 767 803 768 804 769 802 767 804 769 805 770 803 768 806 771 807 772 803 768 807 772 804 769 806 771 808 773 809 774 806 771 809 774 807 772 808 773 810 775 811 776 808 773 811 776 809 774 810 775 812 777 813 778 810 775 813 778 811 776 812 777 802 767 805 770 812 777 805 770 813 778 805 770 804 769 814 779 805 770 814 779 815 780 804 769 807 772 816 781 804 769 816 781 814 779 807 772 809 774 817 782 807 772 817 782 816 781 809 774 811 776 818 783 809 774 818 783 817 782 811 776 813 778 819 784 811 776 819 784 818 783 813 778 805 770 815 780 813 778 815 780 819 784 815 780 814 779 820 785 815 780 820 785 821 786 814 779 816 781 822 787 814 779 822 787 820 785 816 781 817 782 823 788 816 781 823 788 822 787 817 782 818 783 824 789 817 782 824 789 823 788 818 783 819 784 825 790 818 783 825 790 824 789 819 784 815 780 821 786 819 784 821 786 825 790 821 786 820 785 826 791 821 786 826 791 827 792 820 785 822 787 828 793 820 785 828 793 826 791 822 787 823 788 829 794 822 787 829 794 828 793 823 788 824 789 830 795 823 788 830 795 829 794 824 789 825 790 831 796 824 789 831 796 830 795 825 790 821 786 827 792 825 790 827 792 831 796 827 792 826 791 832 797 827 792 832 797 833 798 826 791 828 793 834 799 826 791 834 799 832 797 828 793 829 794 835 800 828 793 835 800 834 799 829 794 830 795 836 801 829 794 836 801 835 800 830 795 831 796 837 802 830 795 837 802 836 801 831 796 827 792 833 798 831 796 833 798 837 802 833 798 832 797 838 803 833 798 838 803 839 804 832 797 834 799 840 805 832 797 840 805 838 803 834 799 835 800 841 806 834 799 841 806 840 805 835 800 836 801 842 807 835 800 842 807 841 806 836 801 837 802 843 808 836 801 843 808 842 807 837 802 833 798 839 804 837 802 839 804 843 808 802 767 803 768 844 809 803 768 806 771 844 809 806 771 808 773 844 809 808 773 810 775 844 809 810 775 812 777 844 809 812 777 802 767 844 809 838 803 839 804 845 810 840 805 838 803 845 810 841 806 840 805 845 810 842 807 841 806 845 810 843 808 842 807 845 810 839 804 843 808 845 810 846 811 847 812 848 813 846 811 848 813 849 811 847 812 850 814 851 815 847 812 851 815 848 813 850 814 852 816 853 817 850 814 853 817 851 815 852 816 846 811 849 811 852 816 849 811 853 817 849 811 848 813 854 818 849 811 854 818 855 819 848 813 851 815 856 820 848 813 856 820 854 818 851 815 853 817 857 821 851 815 857 821 856 820 853 817 849 811 855 819 853 817 855 819 857 821 858 822 859 823 860 824 858 822 860 824 861 825 859 823 862 826 863 827 859 823 863 827 860 824 862 826 864 828 865 829 862 826 865 829 863 827 864 828 858 822 861 825 864 828 861 825 865 829 861 825 860 824 866 830 861 825 866 830 867 825 860 824 863 827 868 831 860 824 868 831 866 830 863 827 865 829 869 832 863 827 869 832 868 831 865 829 861 825 867 825 865 829 867 825 869 832 870 833 871 834 872 835 870 833 872 835 873 833 871 834 874 836 875 837 871 834 875 837 872 835 874 836 876 838 877 838 874 836 877 838 875 837 876 838 870 833 873 833 876 838 873 833 877 838 873 833 872 835 878 839 873 833 878 839 879 840 872 835 875 837 880 841 872 835 880 841 878 839 875 837 877 838 881 842 875 837 881 842 880 841 877 838 873 833 879 840 877 838 879 840 881 842 882 843 883 844 884 845 882 843 884 845 885 846 883 844 886 847 887 848 883 844 887 848 884 845 886 847 888 849 889 850 886 847 889 850 887 848 888 849 882 843 885 846 888 849 885 846 889 850 885 846 884 845 890 851 885 846 890 851 891 852 884 845 887 848 892 848 884 845 892 848 890 851 887 848 889 850 893 853 887 848 893 853 892 848 889 850 885 846 891 852 889 850 891 852 893 853 894 854 895 855 896 856 894 854 896 856 897 854 895 855 898 857 899 858 895 855 899 858 896 856 898 857 900 859 901 860 898 857 901 860 899 858 900 859 894 854 897 854 900 859 897 854 901 860 897 854 896 856 902 856 897 854 902 856 903 861 896 856 899 858 904 862 896 856 904 862 902 856 899 858 901 860 905 863 899 858 905 863 904 862 901 860 897 854 903 861 901 860 903 861 905 863 906 864 907 865 908 866 906 864 908 866 909 867 907 865 910 868 911 869 907 865 911 869 908 866 910 868 912 870 913 871 910 868 913 871 911 869 912 870 906 864 909 867 912 870 909 867 913 871 909 867 908 866 914 872 909 867 914 872 915 873 908 866 911 869 916 869 908 866 916 869 914 872 911 869 913 871 917 874 911 869 917 874 916 869 913 871 909 867 915 873 913 871 915 873 917 874 918 875 919 876 920 877 918 875 920 877 921 878 919 876 922 879 923 880 919 876 923 880 920 877 922 879 924 881 925 882 922 879 925 882 923 880 924 881 926 883 927 884 924 881 927 884 925 882 926 883 928 885 929 886 926 883 929 886 927 884 928 885 918 875 921 878 928 885 921 878 929 886 921 878 920 877 930 887 921 878 930 887 931 888 920 877 923 880 932 889 920 877 932 889 930 887 923 880 925 882 933 890 923 880 933 890 932 889 925 882 927 884 934 891 925 882 934 891 933 890 927 884 929 886 935 892 927 884 935 892 934 891 929 886 921 878 931 888 929 886 931 888 935 892 931 888 930 887 936 893 931 888 936 893 937 894 930 887 932 889 938 895 930 887 938 895 936 893 932 889 933 890 939 896 932 889 939 896 938 895 933 890 934 891 940 897 933 890 940 897 939 896 934 891 935 892 941 898 934 891 941 898 940 897 935 892 931 888 937 894 935 892 937 894 941 898 937 894 936 893 942 899 937 894 942 899 943 900 936 893 938 895 944 901 936 893 944 901 942 899 938 895 939 896 945 902 938 895 945 902 944 901 939 896 940 897 946 903 939 896 946 903 945 902 940 897 941 898 947 904 940 897 947 904 946 903 941 898 937 894 943 900 941 898 943 900 947 904 943 900 942 899 948 905 943 900 948 905 949 906 942 899 944 901 950 907 942 899 950 907 948 905 944 901 945 902 951 908 944 901 951 908 950 907 945 902 946 903 952 909 945 902 952 909 951 908 946 903 947 904 953 910 946 903 953 910 952 909 947 904 943 900 949 906 947 904 949 906 953 910 949 906 948 905 954 911 949 906 954 911 955 912 948 905 950 907 956 913 948 905 956 913 954 911 950 907 951 908 957 914 950 907 957 914 956 913 951 908 952 909 958 915 951 908 958 915 957 914 952 909 953 910 959 916 952 909 959 916 958 915 953 910 949 906 955 912 953 910 955 912 959 916 918 875 919 876 960 917 919 876 922 879 960 917 922 879 924 881 960 917 924 881 926 883 960 917 926 883 928 885 960 917 928 885 918 875 960 917 954 911 955 912 961 918 956 913 954 911 961 918 957 914 956 913 961 918 958 915 957 914 961 918 959 916 958 915 961 918 955 912 959 916 961 918 962 919 963 920 964 921 962 919 964 921 965 922 963 920 966 923 967 923 963 920 967 923 964 921 966 923 968 924 969 924 966 923 969 924 967 923 968 924 962 919 965 922 968 924 965 922 969 924 965 922 964 921 970 925 965 922 970 925 971 926 964 921 967 923 972 927 964 921 972 927 970 925 967 923 969 924 973 928 967 923 973 928 972 927 969 924 965 922 971 926 969 924 971 926 973 928 974 929 975 930 976 931 974 929 976 931 977 932 975 930 978 933 979 934 975 930 979 934 976 931 978 933 980 935 981 936 978 933 981 936 979 934 980 935 974 929 977 932 980 935 977 932 981 936 977 932 976 931 982 937 977 932 982 937 983 938 976 931 979 934 984 939 976 931 984 939 982 937 979 934 981 936 985 940 979 934 985 940 984 939 981 936 977 932 983 938 981 936 983 938 985 940 986 941 987 942 988 943 986 941 988 943 989 944 987 942 990 945 991 946 987 942 991 946 988 943 990 945 992 947 993 948 990 945 993 948 991 946 992 947 986 941 989 944 992 947 989 944 993 948 989 944 988 943 994 949 989 944 994 949 995 950 988 943 991 946 996 951 988 943 996 951 994 949 991 946 993 948 997 952 991 946 997 952 996 951 993 948 989 944 995 950 993 948 995 950 997 952 998 953 999 954 1000 955 998 953 1000 955 1001 956 999 954 1002 957 1003 958 999 954 1003 958 1000 955 1002 957 1004 959 1005 960 1002 957 1005 960 1003 958 1004 959 998 953 1001 956 1004 959 1001 956 1005 960 1001 956 1000 955 1006 961 1001 956 1006 961 1007 962 1000 955 1003 958 1008 958 1000 955 1008 958 1006 961 1003 958 1005 960 1009 963 1003 958 1009 963 1008 958 1005 960 1001 956 1007 962 1005 960 1007 962 1009 963 1010 964 1011 965 1012 966 1010 964 1012 966 1013 967 1011 965 1014 968 1015 968 1011 965 1015 968 1012 966 1014 968 1016 969 1017 970 1014 968 1017 970 1015 968 1016 969 1010 964 1013 967 1016 969 1013 967 1017 970 1013 967 1012 966 1018 971 1013 967 1018 971 1019 972 1012 966 1015 968 1020 973 1012 966 1020 973 1018 971 1015 968 1017 970 1021 974 1015 968 1021 974 1020 973 1017 970 1013 967 1019 972 1017 970 1019 972 1021 974 1022 975 1023 976 1024 977 1022 975 1024 977 1025 978 1023 976 1026 979 1027 980 1023 976 1027 980 1024 977 1026 979 1028 981 1029 982 1026 979 1029 982 1027 980 1028 981 1022 975 1025 978 1028 981 1025 978 1029 982 1025 978 1024 977 1030 983 1025 978 1030 983 1031 984 1024 977 1027 980 1032 985 1024 977 1032 985 1030 983 1027 980 1029 982 1033 982 1027 980 1033 982 1032 985 1029 982 1025 978 1031 984 1029 982 1031 984 1033 982 1034 986 1035 987 1036 988 1034 986 1036 988 1037 989 1035 987 1038 990 1039 991 1035 987 1039 991 1036 988 1038 990 1040 992 1041 993 1038 990 1041 993 1039 991 1040 992 1034 986 1037 989 1040 992 1037 989 1041 993 1037 989 1036 988 1042 994 1037 989 1042 994 1043 995 1036 988 1039 991 1044 996 1036 988 1044 996 1042 994 1039 991 1041 993 1045 997 1039 991 1045 997 1044 996 1041 993 1037 989 1043 995 1041 993 1043 995 1045 997 1042 994 1043 995 1046 998 1044 996 1042 994 1046 998 1045 997 1044 996 1046 998 1043 995 1045 997 1046 998 1047 999 1048 1000 1049 1001 1047 999 1049 1001 1050 1002 1048 1000 1051 1003 1052 1004 1048 1000 1052 1004 1049 1001 1051 1003 1053 1005 1054 1006 1051 1003 1054 1006 1052 1004 1053 1005 1055 1007 1056 1008 1053 1005 1056 1008 1054 1006 1055 1007 1057 1009 1058 1010 1055 1007 1058 1010 1056 1008 1057 1009 1047 999 1050 1002 1057 1009 1050 1002 1058 1010 1050 1002 1049 1001 1059 1011 1050 1002 1059 1011 1060 1012 1049 1001 1052 1004 1061 1013 1049 1001 1061 1013 1059 1011 1052 1004 1054 1006 1062 1014 1052 1004 1062 1014 1061 1013 1054 1006 1056 1008 1063 1015 1054 1006 1063 1015 1062 1014 1056 1008 1058 1010 1064 1016 1056 1008 1064 1016 1063 1015 1058 1010 1050 1002 1060 1012 1058 1010 1060 1012 1064 1016 1060 1012 1059 1011 1065 1017 1060 1012 1065 1017 1066 1018 1059 1011 1061 1013 1067 1019 1059 1011 1067 1019 1065 1017 1061 1013 1062 1014 1068 1020 1061 1013 1068 1020 1067 1019 1062 1014 1063 1015 1069 1021 1062 1014 1069 1021 1068 1020 1063 1015 1064 1016 1070 1022 1063 1015 1070 1022 1069 1021 1064 1016 1060 1012 1066 1018 1064 1016 1066 1018 1070 1022 1066 1018 1065 1017 1071 1023 1066 1018 1071 1023 1072 1024 1065 1017 1067 1019 1073 1025 1065 1017 1073 1025 1071 1023 1067 1019 1068 1020 1074 1026 1067 1019 1074 1026 1073 1025 1068 1020 1069 1021 1075 1027 1068 1020 1075 1027 1074 1026 1069 1021 1070 1022 1076 1028 1069 1021 1076 1028 1075 1027 1070 1022 1066 1018 1072 1024 1070 1022 1072 1024 1076 1028 1072 1024 1071 1023 1077 1029 1072 1024 1077 1029 1078 1030 1071 1023 1073 1025 1079 1031 1071 1023 1079 1031 1077 1029 1073 1025 1074 1026 1080 1032 1073 1025 1080 1032 1079 1031 1074 1026 1075 1027 1081 1033 1074 1026 1081 1033 1080 1032 1075 1027 1076 1028 1082 1034 1075 1027 1082 1034 1081 1033 1076 1028 1072 1024 1078 1030 1076 1028 1078 1030 1082 1034 1078 1030 1077 1029 1083 1035 1078 1030 1083 1035 1084 1036 1077 1029 1079 1031 1085 1037 1077 1029 1085 1037 1083 1035 1079 1031 1080 1032 1086 1038 1079 1031 1086 1038 1085 1037 1080 1032 1081 1033 1087 1039 1080 1032 1087 1039 1086 1038 1081 1033 1082 1034 1088 1040 1081 1033 1088 1040 1087 1039 1082 1034 1078 1030 1084 1036 1082 1034 1084 1036 1088 1040 1047 999 1048 1000 1089 1041 1048 1000 1051 1003 1089 1041 1051 1003 1053 1005 1089 1041 1053 1005 1055 1007 1089 1041 1055 1007 1057 1009 1089 1041 1057 1009 1047 999 1089 1041 1083 1035 1084 1036 1090 1042 1085 1037 1083 1035 1090 1042 1086 1038 1085 1037 1090 1042 1087 1039 1086 1038 1090 1042 1088 1040 1087 1039 1090 1042 1084 1036 1088 1040 1090 1042 1091 1043 1092 1044 1093 1045 1091 1043 1093 1045 1094 1046 1092 1044 1095 1047 1096 1048 1092 1044 1096 1048 1093 1045 1095 1047 1097 1049 1098 1050 1095 1047 1098 1050 1096 1048 1097 1049 1091 1043 1094 1046 1097 1049 1094 1046 1098 1050 1094 1046 1093 1045 1099 1045 1094 1046 1099 1045 1100 1051 1093 1045 1096 1048 1101 1052 1093 1045 1101 1052 1099 1045 1096 1048 1098 1050 1102 1053 1096 1048 1102 1053 1101 1052 1098 1050 1094 1046 1100 1051 1098 1050 1100 1051 1102 1053 1103 1054 1104 1055 1105 1056 1103 1054 1105 1056 1106 1054 1104 1055 1107 1057 1108 1058 1104 1055 1108 1058 1105 1056 1107 1057 1109 1059 1110 1060 1107 1057 1110 1060 1108 1058 1109 1059 1103 1054 1106 1054 1109 1059 1106 1054 1110 1060 1106 1054 1105 1056 1111 1061 1106 1054 1111 1061 1112 1062 1105 1056 1108 1058 1113 1063 1105 1056 1113 1063 1111 1061 1108 1058 1110 1060 1114 1060 1108 1058 1114 1060 1113 1063 1110 1060 1106 1054 1112 1062 1110 1060 1112 1062 1114 1060 1115 1064 1116 1065 1117 1066 1115 1064 1117 1066 1118 1067 1116 1065 1119 1068 1120 1069 1116 1065 1120 1069 1117 1066 1119 1068 1121 1070 1122 1070 1119 1068 1122 1070 1120 1069 1121 1070 1115 1064 1118 1067 1121 1070 1118 1067 1122 1070 1118 1067 1117 1066 1123 1071 1118 1067 1123 1071 1124 1072 1117 1066 1120 1069 1125 1073 1117 1066 1125 1073 1123 1071 1120 1069 1122 1070 1126 1074 1120 1069 1126 1074 1125 1073 1122 1070 1118 1067 1124 1072 1122 1070 1124 1072 1126 1074 1127 1075 1128 1076 1129 1077 1127 1075 1129 1077 1130 1078 1128 1076 1131 1079 1132 1079 1128 1076 1132 1079 1129 1077 1131 1079 1133 1080 1134 1081 1131 1079 1134 1081 1132 1079 1133 1080 1127 1075 1130 1078 1133 1080 1130 1078 1134 1081 1130 1078 1129 1077 1135 1082 1130 1078 1135 1082 1136 1083 1129 1077 1132 1079 1137 1084 1129 1077 1137 1084 1135 1082 1132 1079 1134 1081 1138 1085 1132 1079 1138 1085 1137 1084 1134 1081 1130 1078 1136 1083 1134 1081 1136 1083 1138 1085 1139 1086 1140 1087 1141 1088 1139 1086 1141 1088 1142 1089 1140 1087 1143 1090 1144 1091 1140 1087 1144 1091 1141 1088 1143 1090 1145 1092 1146 1093 1143 1090 1146 1093 1144 1091 1145 1092 1139 1086 1142 1089 1145 1092 1142 1089 1146 1093 1142 1089 1141 1088 1147 1088 1142 1089 1147 1088 1148 1094 1141 1088 1144 1091 1149 1095 1141 1088 1149 1095 1147 1088 1144 1091 1146 1093 1150 1096 1144 1091 1150 1096 1149 1095 1146 1093 1142 1089 1148 1094 1146 1093 1148 1094 1150 1096 1151 1097 1152 1098 1153 1098 1151 1097 1153 1098 1154 1099 1152 1098 1155 1100 1156 1100 1152 1098 1156 1100 1153 1098 1155 1100 1157 1101 1158 1102 1155 1100 1158 1102 1156 1100 1157 1101 1151 1097 1154 1099 1157 1101 1154 1099 1158 1102 1154 1099 1153 1098 1159 1103 1154 1099 1159 1103 1160 1099 1153 1098 1156 1100 1161 1104 1153 1098 1161 1104 1159 1103 1156 1100 1158 1102 1162 1105 1156 1100 1162 1105 1161 1104 1158 1102 1154 1099 1160 1099 1158 1102 1160 1099 1162 1105 1163 1106 1164 1107 1165 1108 1163 1106 1165 1108 1166 1109 1164 1107 1167 1110 1168 1111 1164 1107 1168 1111 1165 1108 1167 1110 1169 1112 1170 1113 1167 1110 1170 1113 1168 1111 1169 1112 1171 1114 1172 1115 1169 1112 1172 1115 1170 1113 1171 1114 1173 1116 1174 1117 1171 1114 1174 1117 1172 1115 1173 1116 1163 1106 1166 1109 1173 1116 1166 1109 1174 1117 1166 1109 1165 1108 1175 1118 1166 1109 1175 1118 1176 1119 1165 1108 1168 1111 1177 1120 1165 1108 1177 1120 1175 1118 1168 1111 1170 1113 1178 1121 1168 1111 1178 1121 1177 1120 1170 1113 1172 1115 1179 1122 1170 1113 1179 1122 1178 1121 1172 1115 1174 1117 1180 1123 1172 1115 1180 1123 1179 1122 1174 1117 1166 1109 1176 1119 1174 1117 1176 1119 1180 1123 1176 1119 1175 1118 1181 1124 1176 1119 1181 1124 1182 1125 1175 1118 1177 1120 1183 1126 1175 1118 1183 1126 1181 1124 1177 1120 1178 1121 1184 1127 1177 1120 1184 1127 1183 1126 1178 1121 1179 1122 1185 1128 1178 1121 1185 1128 1184 1127 1179 1122 1180 1123 1186 1129 1179 1122 1186 1129 1185 1128 1180 1123 1176 1119 1182 1125 1180 1123 1182 1125 1186 1129 1182 1125 1181 1124 1187 1130 1182 1125 1187 1130 1188 1131 1181 1124 1183 1126 1189 1132 1181 1124 1189 1132 1187 1130 1183 1126 1184 1127 1190 1133 1183 1126 1190 1133 1189 1132 1184 1127 1185 1128 1191 1134 1184 1127 1191 1134 1190 1133 1185 1128 1186 1129 1192 1135 1185 1128 1192 1135 1191 1134 1186 1129 1182 1125 1188 1131 1186 1129 1188 1131 1192 1135 1188 1131 1187 1130 1193 1136 1188 1131 1193 1136 1194 1137 1187 1130 1189 1132 1195 1138 1187 1130 1195 1138 1193 1136 1189 1132 1190 1133 1196 1139 1189 1132 1196 1139 1195 1138 1190 1133 1191 1134 1197 1140 1190 1133 1197 1140 1196 1139 1191 1134 1192 1135 1198 1141 1191 1134 1198 1141 1197 1140 1192 1135 1188 1131 1194 1137 1192 1135 1194 1137 1198 1141 1194 1137 1193 1136 1199 1142 1194 1137 1199 1142 1200 1143 1193 1136 1195 1138 1201 1144 1193 1136 1201 1144 1199 1142 1195 1138 1196 1139 1202 1145 1195 1138 1202 1145 1201 1144 1196 1139 1197 1140 1203 1146 1196 1139 1203 1146 1202 1145 1197 1140 1198 1141 1204 1147 1197 1140 1204 1147 1203 1146 1198 1141 1194 1137 1200 1143 1198 1141 1200 1143 1204 1147 1163 1106 1164 1107 1205 1148 1164 1107 1167 1110 1205 1148 1167 1110 1169 1112 1205 1148 1169 1112 1171 1114 1205 1148 1171 1114 1173 1116 1205 1148 1173 1116 1163 1106 1205 1148 1199 1142 1200 1143 1206 1149 1201 1144 1199 1142 1206 1149 1202 1145 1201 1144 1206 1149 1203 1146 1202 1145 1206 1149 1204 1147 1203 1146 1206 1149 1200 1143 1204 1147 1206 1149 1207 1150 1208 1151 1209 1151 1207 1150 1209 1151 1210 1152 1208 1151 1211 1153 1212 1154 1208 1151 1212 1154 1209 1151 1211 1153 1213 1155 1214 1155 1211 1153 1214 1155 1212 1154 1213 1155 1207 1150 1210 1152 1213 1155 1210 1152 1214 1155 1210 1152 1209 1151 1215 1156 1210 1152 1215 1156 1216 1152 1209 1151 1212 1154 1217 1157 1209 1151 1217 1157 1215 1156 1212 1154 1214 1155 1218 1158 1212 1154 1218 1158 1217 1157 1214 1155 1210 1152 1216 1152 1214 1155 1216 1152 1218 1158 1219 1159 1220 1160 1221 1160 1219 1159 1221 1160 1222 1161 1220 1160 1223 1162 1224 1162 1220 1160 1224 1162 1221 1160 1223 1162 1225 1163 1226 1164 1223 1162 1226 1164 1224 1162 1225 1163 1219 1159 1222 1161 1225 1163 1222 1161 1226 1164 1222 1161 1221 1160 1227 1165 1222 1161 1227 1165 1228 1166 1221 1160 1224 1162 1229 1167 1221 1160 1229 1167 1227 1165 1224 1162 1226 1164 1230 1168 1224 1162 1230 1168 1229 1167 1226 1164 1222 1161 1228 1166 1226 1164 1228 1166 1230 1168 1231 1169 1232 1170 1233 1171 1231 1169 1233 1171 1234 1169 1232 1170 1235 1172 1236 1173 1232 1170 1236 1173 1233 1171 1235 1172 1237 1174 1238 1175 1235 1172 1238 1175 1236 1173 1237 1174 1231 1169 1234 1169 1237 1174 1234 1169 1238 1175 1234 1169 1233 1171 1239 1176 1234 1169 1239 1176 1240 1177 1233 1171 1236 1173 1241 1173 1233 1171 1241 1173 1239 1176 1236 1173 1238 1175 1242 1178 1236 1173 1242 1178 1241 1173 1238 1175 1234 1169 1240 1177 1238 1175 1240 1177 1242 1178 1243 1179 1244 1180 1245 1181 1243 1179 1245 1181 1246 1182 1244 1180 1247 1183 1248 1184 1244 1180 1248 1184 1245 1181 1247 1183 1249 1185 1250 1186 1247 1183 1250 1186 1248 1184 1249 1185 1243 1179 1246 1182 1249 1185 1246 1182 1250 1186 1246 1182 1245 1181 1251 1187 1246 1182 1251 1187 1252 1188 1245 1181 1248 1184 1253 1184 1245 1181 1253 1184 1251 1187 1248 1184 1250 1186 1254 1189 1248 1184 1254 1189 1253 1184 1250 1186 1246 1182 1252 1188 1250 1186 1252 1188 1254 1189 1255 1190 1256 1191 1257 1191 1255 1190 1257 1191 1258 1192 1256 1191 1259 1193 1260 1193 1256 1191 1260 1193 1257 1191 1259 1193 1261 1194 1262 1195 1259 1193 1262 1195 1260 1193 1261 1194 1255 1190 1258 1192 1261 1194 1258 1192 1262 1195 1258 1192 1257 1191 1263 1196 1258 1192 1263 1196 1264 1197 1257 1191 1260 1193 1265 1198 1257 1191 1265 1198 1263 1196 1260 1193 1262 1195 1266 1199 1260 1193 1266 1199 1265 1198 1262 1195 1258 1192 1264 1197 1262 1195 1264 1197 1266 1199 1267 1200 1268 1201 1269 1202 1267 1200 1269 1202 1270 1200 1268 1201 1271 1203 1272 1204 1268 1201 1272 1204 1269 1202 1271 1203 1273 1205 1274 1206 1271 1203 1274 1206 1272 1204 1273 1205 1267 1200 1270 1200 1273 1205 1270 1200 1274 1206 1270 1200 1269 1202 1275 1207 1270 1200 1275 1207 1276 1208 1269 1202 1272 1204 1277 1209 1269 1202 1277 1209 1275 1207 1272 1204 1274 1206 1278 1210 1272 1204 1278 1210 1277 1209 1274 1206 1270 1200 1276 1208 1274 1206 1276 1208 1278 1210 1279 1211 1280 1212 1281 1213 1279 1211 1281 1213 1282 1214 1280 1212 1283 1215 1284 1216 1280 1212 1284 1216 1281 1213 1283 1215 1285 1217 1286 1218 1283 1215 1286 1218 1284 1216 1285 1217 1279 1211 1282 1214 1285 1217 1282 1214 1286 1218 1282 1214 1281 1213 1287 1219 1282 1214 1287 1219 1288 1214 1281 1213 1284 1216 1289 1220 1281 1213 1289 1220 1287 1219 1284 1216 1286 1218 1290 1221 1284 1216 1290 1221 1289 1220 1286 1218 1282 1214 1288 1214 1286 1218 1288 1214 1290 1221 1291 1222 1292 1223 1293 1224 1291 1222 1293 1224 1294 1225 1292 1223 1295 1226 1296 1227 1292 1223 1296 1227 1293 1224 1295 1226 1297 1228 1298 1229 1295 1226 1298 1229 1296 1227 1297 1228 1291 1222 1294 1225 1297 1228 1294 1225 1298 1229 1294 1225 1293 1224 1299 1230 1294 1225 1299 1230 1300 1231 1293 1224 1296 1227 1301 1227 1293 1224 1301 1227 1299 1230 1296 1227 1298 1229 1302 1232 1296 1227 1302 1232 1301 1227 1298 1229 1294 1225 1300 1231 1298 1229 1300 1231 1302 1232 1303 1233 1304 1234 1305 1235 1303 1233 1305 1235 1306 1236 1304 1234 1307 1237 1308 1238 1304 1234 1308 1238 1305 1235 1307 1237 1309 1239 1310 1240 1307 1237 1310 1240 1308 1238 1309 1239 1303 1233 1306 1236 1309 1239 1306 1236 1310 1240 1306 1236 1305 1235 1311 1241 1306 1236 1311 1241 1312 1242 1305 1235 1308 1238 1313 1243 1305 1235 1313 1243 1311 1241 1308 1238 1310 1240 1314 1244 1308 1238 1314 1244 1313 1243 1310 1240 1306 1236 1312 1242 1310 1240 1312 1242 1314 1244 1311 1241 1312 1242 1315 1245 1313 1243 1311 1241 1315 1245 1314 1244 1313 1243 1315 1245 1312 1242 1314 1244 1315 1245 1316 1246 1317 1247 1318 1248 1316 1246 1318 1248 1319 1249 1317 1247 1320 1250 1321 1251 1317 1247 1321 1251 1318 1248 1320 1250 1322 1252 1323 1253 1320 1250 1323 1253 1321 1251 1322 1252 1324 1254 1325 1255 1322 1252 1325 1255 1323 1253 1324 1254 1326 1256 1327 1257 1324 1254 1327 1257 1325 1255 1326 1256 1316 1246 1319 1249 1326 1256 1319 1249 1327 1257 1319 1249 1318 1248 1328 1258 1319 1249 1328 1258 1329 1259 1318 1248 1321 1251 1330 1260 1318 1248 1330 1260 1328 1258 1321 1251 1323 1253 1331 1261 1321 1251 1331 1261 1330 1260 1323 1253 1325 1255 1332 1262 1323 1253 1332 1262 1331 1261 1325 1255 1327 1257 1333 1263 1325 1255 1333 1263 1332 1262 1327 1257 1319 1249 1329 1259 1327 1257 1329 1259 1333 1263 1329 1259 1328 1258 1334 1264 1329 1259 1334 1264 1335 1265 1328 1258 1330 1260 1336 1266 1328 1258 1336 1266 1334 1264 1330 1260 1331 1261 1337 1267 1330 1260 1337 1267 1336 1266 1331 1261 1332 1262 1338 1268 1331 1261 1338 1268 1337 1267 1332 1262 1333 1263 1339 1269 1332 1262 1339 1269 1338 1268 1333 1263 1329 1259 1335 1265 1333 1263 1335 1265 1339 1269 1335 1265 1334 1264 1340 1270 1335 1265 1340 1270 1341 1271 1334 1264 1336 1266 1342 1272 1334 1264 1342 1272 1340 1270 1336 1266 1337 1267 1343 1273 1336 1266 1343 1273 1342 1272 1337 1267 1338 1268 1344 1274 1337 1267 1344 1274 1343 1273 1338 1268 1339 1269 1345 1275 1338 1268 1345 1275 1344 1274 1339 1269 1335 1265 1341 1271 1339 1269 1341 1271 1345 1275 1341 1271 1340 1270 1346 1276 1341 1271 1346 1276 1347 1277 1340 1270 1342 1272 1348 1278 1340 1270 1348 1278 1346 1276 1342 1272 1343 1273 1349 1279 1342 1272 1349 1279 1348 1278 1343 1273 1344 1274 1350 1280 1343 1273 1350 1280 1349 1279 1344 1274 1345 1275 1351 1281 1344 1274 1351 1281 1350 1280 1345 1275 1341 1271 1347 1277 1345 1275 1347 1277 1351 1281 1347 1277 1346 1276 1352 1282 1347 1277 1352 1282 1353 1283 1346 1276 1348 1278 1354 1284 1346 1276 1354 1284 1352 1282 1348 1278 1349 1279 1355 1285 1348 1278 1355 1285 1354 1284 1349 1279 1350 1280 1356 1286 1349 1279 1356 1286 1355 1285 1350 1280 1351 1281 1357 1287 1350 1280 1357 1287 1356 1286 1351 1281 1347 1277 1353 1283 1351 1281 1353 1283 1357 1287 1316 1246 1317 1247 1358 1288 1317 1247 1320 1250 1358 1288 1320 1250 1322 1252 1358 1288 1322 1252 1324 1254 1358 1288 1324 1254 1326 1256 1358 1288 1326 1256 1316 1246 1358 1288 1352 1282 1353 1283 1359 1289 1354 1284 1352 1282 1359 1289 1355 1285 1354 1284 1359 1289 1356 1286 1355 1285 1359 1289 1357 1287 1356 1286 1359 1289 1353 1283 1357 1287 1359 1289 1360 1290 1361 1291 1362 1292 1360 1290 1362 1292 1363 1293 1361 1291 1364 1294 1365 1295 1361 1291 1365 1295 1362 1292 1364 1294 1366 1296 1367 1297 1364 1294 1367 1297 1365 1295 1366 1296 1360 1290 1363 1293 1366 1296 1363 1293 1367 1297 1363 1293 1362 1292 1368 1298 1363 1293 1368 1298 1369 1299 1362 1292 1365 1295 1370 1300 1362 1292 1370 1300 1368 1298 1365 1295 1367 1297 1371 1301 1365 1295 1371 1301 1370 1300 1367 1297 1363 1293 1369 1299 1367 1297 1369 1299 1371 1301 1372 1302 1373 1303 1374 1304 1372 1302 1374 1304 1375 1305 1373 1303 1376 1306 1377 1307 1373 1303 1377 1307 1374 1304 1376 1306 1378 1308 1379 1309 1376 1306 1379 1309 1377 1307 1378 1308 1372 1302 1375 1305 1378 1308 1375 1305 1379 1309 1375 1305 1374 1304 1380 1310 1375 1305 1380 1310 1381 1311 1374 1304 1377 1307 1382 1312 1374 1304 1382 1312 1380 1310 1377 1307 1379 1309 1383 1313 1377 1307 1383 1313 1382 1312 1379 1309 1375 1305 1381 1311 1379 1309 1381 1311 1383 1313 1384 1314 1385 1315 1386 1316 1384 1314 1386 1316 1387 1317 1385 1315 1388 1318 1389 1319 1385 1315 1389 1319 1386 1316 1388 1318 1390 1320 1391 1321 1388 1318 1391 1321 1389 1319 1390 1320 1384 1314 1387 1317 1390 1320 1387 1317 1391 1321 1387 1317 1386 1316 1392 1322 1387 1317 1392 1322 1393 1323 1386 1316 1389 1319 1394 1319 1386 1316 1394 1319 1392 1322 1389 1319 1391 1321 1395 1321 1389 1319 1395 1321 1394 1319 1391 1321 1387 1317 1393 1323 1391 1321 1393 1323 1395 1321 1396 1324 1397 1325 1398 1326 1396 1324 1398 1326 1399 1327 1397 1325 1400 1328 1401 1328 1397 1325 1401 1328 1398 1326 1400 1328 1402 1329 1403 1330 1400 1328 1403 1330 1401 1328 1402 1329 1396 1324 1399 1327 1402 1329 1399 1327 1403 1330 1399 1327 1398 1326 1404 1326 1399 1327 1404 1326 1405 1327 1398 1326 1401 1328 1406 1331 1398 1326 1406 1331 1404 1326 1401 1328 1403 1330 1407 1332 1401 1328 1407 1332 1406 1331 1403 1330 1399 1327 1405 1327 1403 1330 1405 1327 1407 1332 1408 1333 1409 1334 1410 1335 1408 1333 1410 1335 1411 1336 1409 1334 1412 1337 1413 1338 1409 1334 1413 1338 1410 1335 1412 1337 1414 1339 1415 1340 1412 1337 1415 1340 1413 1338 1414 1339 1408 1333 1411 1336 1414 1339 1411 1336 1415 1340 1411 1336 1410 1335 1416 1341 1411 1336 1416 1341 1417 1342 1410 1335 1413 1338 1418 1343 1410 1335 1418 1343 1416 1341 1413 1338 1415 1340 1419 1340 1413 1338 1419 1340 1418 1343 1415 1340 1411 1336 1417 1342 1415 1340 1417 1342 1419 1340 1420 1344 1421 1345 1422 1346 1420 1344 1422 1346 1423 1344 1421 1345 1424 1347 1425 1348 1421 1345 1425 1348 1422 1346 1424 1347 1426 1349 1427 1350 1424 1347 1427 1350 1425 1348 1426 1349 1420 1344 1423 1344 1426 1349 1423 1344 1427 1350 1423 1344 1422 1346 1428 1351 1423 1344 1428 1351 1429 1352 1422 1346 1425 1348 1430 1353 1422 1346 1430 1353 1428 1351 1425 1348 1427 1350 1431 1354 1425 1348 1431 1354 1430 1353 1427 1350 1423 1344 1429 1352 1427 1350 1429 1352 1431 1354 1432 1355 1433 1356 1434 1357 1432 1355 1434 1357 1435 1358 1433 1356 1436 1359 1437 1360 1433 1356 1437 1360 1434 1357 1436 1359 1438 1361 1439 1362 1436 1359 1439 1362 1437 1360 1438 1361 1432 1355 1435 1358 1438 1361 1435 1358 1439 1362 1435 1358 1434 1357 1440 1363 1435 1358 1440 1363 1441 1364 1434 1357 1437 1360 1442 1365 1434 1357 1442 1365 1440 1363 1437 1360 1439 1362 1443 1366 1437 1360 1443 1366 1442 1365 1439 1362 1435 1358 1441 1364 1439 1362 1441 1364 1443 1366 1440 1363 1441 1364 1444 1367 1442 1365 1440 1363 1444 1367 1443 1366 1442 1365 1444 1367 1441 1364 1443 1366 1444 1367 1445 1368 1446 1369 1447 1370 1445 1368 1447 1370 1448 1371 1446 1369 1449 1372 1450 1373 1446 1369 1450 1373 1447 1370 1449 1372 1451 1374 1452 1375 1449 1372 1452 1375 1450 1373 1451 1374 1453 1376 1454 1377 1451 1374 1454 1377 1452 1375 1453 1376 1455 1378 1456 1379 1453 1376 1456 1379 1454 1377 1455 1378 1445 1368 1448 1371 1455 1378 1448 1371 1456 1379 1448 1371 1447 1370 1457 1380 1448 1371 1457 1380 1458 1381 1447 1370 1450 1373 1459 1382 1447 1370 1459 1382 1457 1380 1450 1373 1452 1375 1460 1383 1450 1373 1460 1383 1459 1382 1452 1375 1454 1377 1461 1384 1452 1375 1461 1384 1460 1383 1454 1377 1456 1379 1462 1385 1454 1377 1462 1385 1461 1384 1456 1379 1448 1371 1458 1381 1456 1379 1458 1381 1462 1385 1458 1381 1457 1380 1463 1386 1458 1381 1463 1386 1464 1387 1457 1380 1459 1382 1465 1388 1457 1380 1465 1388 1463 1386 1459 1382 1460 1383 1466 1389 1459 1382 1466 1389 1465 1388 1460 1383 1461 1384 1467 1390 1460 1383 1467 1390 1466 1389 1461 1384 1462 1385 1468 1391 1461 1384 1468 1391 1467 1390 1462 1385 1458 1381 1464 1387 1462 1385 1464 1387 1468 1391 1464 1387 1463 1386 1469 1392 1464 1387 1469 1392 1470 1393 1463 1386 1465 1388 1471 1394 1463 1386 1471 1394 1469 1392 1465 1388 1466 1389 1472 1395 1465 1388 1472 1395 1471 1394 1466 1389 1467 1390 1473 1396 1466 1389 1473 1396 1472 1395 1467 1390 1468 1391 1474 1397 1467 1390 1474 1397 1473 1396 1468 1391 1464 1387 1470 1393 1468 1391 1470 1393 1474 1397 1470 1393 1469 1392 1475 1398 1470 1393 1475 1398 1476 1399 1469 1392 1471 1394 1477 1400 1469 1392 1477 1400 1475 1398 1471 1394 1472 1395 1478 1401 1471 1394 1478 1401 1477 1400 1472 1395 1473 1396 1479 1402 1472 1395 1479 1402 1478 1401 1473 1396 1474 1397 1480 1403 1473 1396 1480 1403 1479 1402 1474 1397 1470 1393 1476 1399 1474 1397 1476 1399 1480 1403 1476 1399 1475 1398 1481 1404 1476 1399 1481 1404 1482 1405 1475 1398 1477 1400 1483 1406 1475 1398 1483 1406 1481 1404 1477 1400 1478 1401 1484 1407 1477 1400 1484 1407 1483 1406 1478 1401 1479 1402 1485 1408 1478 1401 1485 1408 1484 1407 1479 1402 1480 1403 1486 1409 1479 1402 1486 1409 1485 1408 1480 1403 1476 1399 1482 1405 1480 1403 1482 1405 1486 1409 1445 1368 1446 1369 1487 1410 1446 1369 1449 1372 1487 1410 1449 1372 1451 1374 1487 1410 1451 1374 1453 1376 1487 1410 1453 1376 1455 1378 1487 1410 1455 1378 1445 1368 1487 1410 1481 1404 1482 1405 1488 1411 1483 1406 1481 1404 1488 1411 1484 1407 1483 1406 1488 1411 1485 1408 1484 1407 1488 1411 1486 1409 1485 1408 1488 1411 1482 1405 1486 1409 1488 1411 1489 1412 1490 1413 1491 1414 1489 1412 1491 1414 1492 1415 1490 1413 1493 1416 1494 1417 1490 1413 1494 1417 1491 1414 1493 1416 1495 1418 1496 1419 1493 1416 1496 1419 1494 1417 1495 1418 1489 1412 1492 1415 1495 1418 1492 1415 1496 1419 1492 1415 1491 1414 1497 1414 1492 1415 1497 1414 1498 1420 1491 1414 1494 1417 1499 1421 1491 1414 1499 1421 1497 1414 1494 1417 1496 1419 1500 1422 1494 1417 1500 1422 1499 1421 1496 1419 1492 1415 1498 1420 1496 1419 1498 1420 1500 1422 1501 1423 1502 1424 1503 1425 1501 1423 1503 1425 1504 1426 1502 1424 1505 1427 1506 1428 1502 1424 1506 1428 1503 1425 1505 1427 1507 1429 1508 1430 1505 1427 1508 1430 1506 1428 1507 1429 1501 1423 1504 1426 1507 1429 1504 1426 1508 1430 1504 1426 1503 1425 1509 1431 1504 1426 1509 1431 1510 1432 1503 1425 1506 1428 1511 1433 1503 1425 1511 1433 1509 1431 1506 1428 1508 1430 1512 1434 1506 1428 1512 1434 1511 1433 1508 1430 1504 1426 1510 1432 1508 1430 1510 1432 1512 1434 1513 1435 1514 1436 1515 1437 1513 1435 1515 1437 1516 1438 1514 1436 1517 1439 1518 1440 1514 1436 1518 1440 1515 1437 1517 1439 1519 1441 1520 1442 1517 1439 1520 1442 1518 1440 1519 1441 1513 1435 1516 1438 1519 1441 1516 1438 1520 1442 1516 1438 1515 1437 1521 1443 1516 1438 1521 1443 1522 1444 1515 1437 1518 1440 1523 1440 1515 1437 1523 1440 1521 1443 1518 1440 1520 1442 1524 1445 1518 1440 1524 1445 1523 1440 1520 1442 1516 1438 1522 1444 1520 1442 1522 1444 1524 1445 1525 1446 1526 1447 1527 1447 1525 1446 1527 1447 1528 1446 1526 1447 1529 1448 1530 1449 1526 1447 1530 1449 1527 1447 1529 1448 1531 1450 1532 1451 1529 1448 1532 1451 1530 1449 1531 1450 1525 1446 1528 1446 1531 1450 1528 1446 1532 1451 1528 1446 1527 1447 1533 1452 1528 1446 1533 1452 1534 1453 1527 1447 1530 1449 1535 1454 1527 1447 1535 1454 1533 1452 1530 1449 1532 1451 1536 1455 1530 1449 1536 1455 1535 1454 1532 1451 1528 1446 1534 1453 1532 1451 1534 1453 1536 1455 1537 1456 1538 1457 1539 1458 1537 1456 1539 1458 1540 1459 1538 1457 1541 1460 1542 1461 1538 1457 1542 1461 1539 1458 1541 1460 1543 1462 1544 1463 1541 1460 1544 1463 1542 1461 1543 1462 1537 1456 1540 1459 1543 1462 1540 1459 1544 1463 1540 1459 1539 1458 1545 1464 1540 1459 1545 1464 1546 1465 1539 1458 1542 1461 1547 1466 1539 1458 1547 1466 1545 1464 1542 1461 1544 1463 1548 1467 1542 1461 1548 1467 1547 1466 1544 1463 1540 1459 1546 1465 1544 1463 1546 1465 1548 1467 1549 1468 1550 1469 1551 1470 1549 1468 1551 1470 1552 1471 1550 1469 1553 1472 1554 1473 1550 1469 1554 1473 1551 1470 1553 1472 1555 1474 1556 1475 1553 1472 1556 1475 1554 1473 1555 1474 1549 1468 1552 1471 1555 1474 1552 1471 1556 1475 1552 1471 1551 1470 1557 1470 1552 1471 1557 1470 1558 1476 1551 1470 1554 1473 1559 1477 1551 1470 1559 1477 1557 1470 1554 1473 1556 1475 1560 1478 1554 1473 1560 1478 1559 1477 1556 1475 1552 1471 1558 1476 1556 1475 1558 1476 1560 1478 1561 1479 1562 1480 1563 1480 1561 1479 1563 1480 1564 1479 1562 1480 1565 1481 1566 1482 1562 1480 1566 1482 1563 1480 1565 1481 1567 1483 1568 1484 1565 1481 1568 1484 1566 1482 1567 1483 1561 1479 1564 1479 1567 1483 1564 1479 1568 1484 1564 1479 1563 1480 1569 1485 1564 1479 1569 1485 1570 1486 1563 1480 1566 1482 1571 1487 1563 1480 1571 1487 1569 1485 1566 1482 1568 1484 1572 1488 1566 1482 1572 1488 1571 1487 1568 1484 1564 1479 1570 1486 1568 1484 1570 1486 1572 1488 1573 1489 1574 1490 1575 1491 1573 1489 1575 1491 1576 1492 1574 1490 1577 1493 1578 1494 1574 1490 1578 1494 1575 1491 1577 1493 1579 1495 1580 1496 1577 1493 1580 1496 1578 1494 1579 1495 1573 1489 1576 1492 1579 1495 1576 1492 1580 1496 1576 1492 1575 1491 1581 1497 1576 1492 1581 1497 1582 1498 1575 1491 1578 1494 1583 1499 1575 1491 1583 1499 1581 1497 1578 1494 1580 1496 1584 1500 1578 1494 1584 1500 1583 1499 1580 1496 1576 1492 1582 1498 1580 1496 1582 1498 1584 1500 1581 1497 1582 1498 1585 1501 1583 1499 1581 1497 1585 1501 1584 1500 1583 1499 1585 1501 1582 1498 1584 1500 1585 1501 1586 1502 1587 1503 1588 1504 1586 1502 1588 1504 1589 1505 1587 1503 1590 1506 1591 1507 1587 1503 1591 1507 1588 1504 1590 1506 1592 1508 1593 1509 1590 1506 1593 1509 1591 1507 1592 1508 1594 1510 1595 1511 1592 1508 1595 1511 1593 1509 1594 1510 1596 1512 1597 1513 1594 1510 1597 1513 1595 1511 1596 1512 1586 1502 1589 1505 1596 1512 1589 1505 1597 1513 1589 1505 1588 1504 1598 1514 1589 1505 1598 1514 1599 1515 1588 1504 1591 1507 1600 1516 1588 1504 1600 1516 1598 1514 1591 1507 1593 1509 1601 1517 1591 1507 1601 1517 1600 1516 1593 1509 1595 1511 1602 1518 1593 1509 1602 1518 1601 1517 1595 1511 1597 1513 1603 1519 1595 1511 1603 1519 1602 1518 1597 1513 1589 1505 1599 1515 1597 1513 1599 1515 1603 1519 1599 1515 1598 1514 1604 1520 1599 1515 1604 1520 1605 1521 1598 1514 1600 1516 1606 1522 1598 1514 1606 1522 1604 1520 1600 1516 1601 1517 1607 1523 1600 1516 1607 1523 1606 1522 1601 1517 1602 1518 1608 1524 1601 1517 1608 1524 1607 1523 1602 1518 1603 1519 1609 1525 1602 1518 1609 1525 1608 1524 1603 1519 1599 1515 1605 1521 1603 1519 1605 1521 1609 1525 1605 1521 1604 1520 1610 1526 1605 1521 1610 1526 1611 1527 1604 1520 1606 1522 1612 1528 1604 1520 1612 1528 1610 1526 1606 1522 1607 1523 1613 1529 1606 1522 1613 1529 1612 1528 1607 1523 1608 1524 1614 1530 1607 1523 1614 1530 1613 1529 1608 1524 1609 1525 1615 1531 1608 1524 1615 1531 1614 1530 1609 1525 1605 1521 1611 1527 1609 1525 1611 1527 1615 1531 1611 1527 1610 1526 1616 1532 1611 1527 1616 1532 1617 1533 1610 1526 1612 1528 1618 1534 1610 1526 1618 1534 1616 1532 1612 1528 1613 1529 1619 1535 1612 1528 1619 1535 1618 1534 1613 1529 1614 1530 1620 1536 1613 1529 1620 1536 1619 1535 1614 1530 1615 1531 1621 1537 1614 1530 1621 1537 1620 1536 1615 1531 1611 1527 1617 1533 1615 1531 1617 1533 1621 1537 1617 1533 1616 1532 1622 1538 1617 1533 1622 1538 1623 1539 1616 1532 1618 1534 1624 1540 1616 1532 1624 1540 1622 1538 1618 1534 1619 1535 1625 1541 1618 1534 1625 1541 1624 1540 1619 1535 1620 1536 1626 1542 1619 1535 1626 1542 1625 1541 1620 1536 1621 1537 1627 1543 1620 1536 1627 1543 1626 1542 1621 1537 1617 1533 1623 1539 1621 1537 1623 1539 1627 1543 1586 1502 1587 1503 1628 1544 1587 1503 1590 1506 1628 1544 1590 1506 1592 1508 1628 1544 1592 1508 1594 1510 1628 1544 1594 1510 1596 1512 1628 1544 1596 1512 1586 1502 1628 1544 1622 1538 1623 1539 1629 1545 1624 1540 1622 1538 1629 1545 1625 1541 1624 1540 1629 1545 1626 1542 1625 1541 1629 1545 1627 1543 1626 1542 1629 1545 1623 1539 1627 1543 1629 1545 1630 1546 1631 1547 1632 1548 1630 1546 1632 1548 1633 1549 1631 1547 1634 1550 1635 1550 1631 1547 1635 1550 1632 1548 1634 1550 1636 1551 1637 1552 1634 1550 1637 1552 1635 1550 1636 1551 1630 1546 1633 1549 1636 1551 1633 1549 1637 1552 1633 1549 1632 1548 1638 1553 1633 1549 1638 1553 1639 1554 1632 1548 1635 1550 1640 1555 1632 1548 1640 1555 1638 1553 1635 1550 1637 1552 1641 1556 1635 1550 1641 1556 1640 1555 1637 1552 1633 1549 1639 1554 1637 1552 1639 1554 1641 1556 1642 1557 1643 1558 1644 1559 1642 1557 1644 1559 1645 1557 1643 1558 1646 1560 1647 1561 1643 1558 1647 1561 1644 1559 1646 1560 1648 1562 1649 1562 1646 1560 1649 1562 1647 1561 1648 1562 1642 1557 1645 1557 1648 1562 1645 1557 1649 1562 1645 1557 1644 1559 1650 1563 1645 1557 1650 1563 1651 1564 1644 1559 1647 1561 1652 1565 1644 1559 1652 1565 1650 1563 1647 1561 1649 1562 1653 1566 1647 1561 1653 1566 1652 1565 1649 1562 1645 1557 1651 1564 1649 1562 1651 1564 1653 1566 1654 1567 1655 1568 1656 1569 1654 1567 1656 1569 1657 1570 1655 1568 1658 1571 1659 1572 1655 1568 1659 1572 1656 1569 1658 1571 1660 1573 1661 1574 1658 1571 1661 1574 1659 1572 1660 1573 1654 1567 1657 1570 1660 1573 1657 1570 1661 1574 1657 1570 1656 1569 1662 1575 1657 1570 1662 1575 1663 1576 1656 1569 1659 1572 1664 1577 1656 1569 1664 1577 1662 1575 1659 1572 1661 1574 1665 1578 1659 1572 1665 1578 1664 1577 1661 1574 1657 1570 1663 1576 1661 1574 1663 1576 1665 1578 1666 1579 1667 1580 1668 1581 1666 1579 1668 1581 1669 1582 1667 1580 1670 1583 1671 1583 1667 1580 1671 1583 1668 1581 1670 1583 1672 1584 1673 1585 1670 1583 1673 1585 1671 1583 1672 1584 1666 1579 1669 1582 1672 1584 1669 1582 1673 1585 1669 1582 1668 1581 1674 1586 1669 1582 1674 1586 1675 1587 1668 1581 1671 1583 1676 1588 1668 1581 1676 1588 1674 1586 1671 1583 1673 1585 1677 1589 1671 1583 1677 1589 1676 1588 1673 1585 1669 1582 1675 1587 1673 1585 1675 1587 1677 1589 1678 1590 1679 1591 1680 1592 1678 1590 1680 1592 1681 1590 1679 1591 1682 1593 1683 1594 1679 1591 1683 1594 1680 1592 1682 1593 1684 1595 1685 1596 1682 1593 1685 1596 1683 1594 1684 1595 1678 1590 1681 1590 1684 1595 1681 1590 1685 1596 1681 1590 1680 1592 1686 1592 1681 1590 1686 1592 1687 1597 1680 1592 1683 1594 1688 1598 1680 1592 1688 1598 1686 1592 1683 1594 1685 1596 1689 1599 1683 1594 1689 1599 1688 1598 1685 1596 1681 1590 1687 1597 1685 1596 1687 1597 1689 1599 1690 1600 1691 1601 1692 1602 1690 1600 1692 1602 1693 1603 1691 1601 1694 1604 1695 1605 1691 1601 1695 1605 1692 1602 1694 1604 1696 1606 1697 1607 1694 1604 1697 1607 1695 1605 1696 1606 1698 1608 1699 1609 1696 1606 1699 1609 1697 1607 1698 1608 1700 1610 1701 1611 1698 1608 1701 1611 1699 1609 1700 1610 1690 1600 1693 1603 1700 1610 1693 1603 1701 1611 1693 1603 1692 1602 1702 1612 1693 1603 1702 1612 1703 1613 1692 1602 1695 1605 1704 1614 1692 1602 1704 1614 1702 1612 1695 1605 1697 1607 1705 1615 1695 1605 1705 1615 1704 1614 1697 1607 1699 1609 1706 1616 1697 1607 1706 1616 1705 1615 1699 1609 1701 1611 1707 1617 1699 1609 1707 1617 1706 1616 1701 1611 1693 1603 1703 1613 1701 1611 1703 1613 1707 1617 1703 1613 1702 1612 1708 1618 1703 1613 1708 1618 1709 1619 1702 1612 1704 1614 1710 1620 1702 1612 1710 1620 1708 1618 1704 1614 1705 1615 1711 1621 1704 1614 1711 1621 1710 1620 1705 1615 1706 1616 1712 1622 1705 1615 1712 1622 1711 1621 1706 1616 1707 1617 1713 1623 1706 1616 1713 1623 1712 1622 1707 1617 1703 1613 1709 1619 1707 1617 1709 1619 1713 1623 1709 1619 1708 1618 1714 1624 1709 1619 1714 1624 1715 1625 1708 1618 1710 1620 1716 1626 1708 1618 1716 1626 1714 1624 1710 1620 1711 1621 1717 1627 1710 1620 1717 1627 1716 1626 1711 1621 1712 1622 1718 1628 1711 1621 1718 1628 1717 1627 1712 1622 1713 1623 1719 1629 1712 1622 1719 1629 1718 1628 1713 1623 1709 1619 1715 1625 1713 1623 1715 1625 1719 1629 1715 1625 1714 1624 1720 1630 1715 1625 1720 1630 1721 1631 1714 1624 1716 1626 1722 1632 1714 1624 1722 1632 1720 1630 1716 1626 1717 1627 1723 1633 1716 1626 1723 1633 1722 1632 1717 1627 1718 1628 1724 1634 1717 1627 1724 1634 1723 1633 1718 1628 1719 1629 1725 1635 1718 1628 1725 1635 1724 1634 1719 1629 1715 1625 1721 1631 1719 1629 1721 1631 1725 1635 1721 1631 1720 1630 1726 1636 1721 1631 1726 1636 1727 1637 1720 1630 1722 1632 1728 1638 1720 1630 1728 1638 1726 1636 1722 1632 1723 1633 1729 1639 1722 1632 1729 1639 1728 1638 1723 1633 1724 1634 1730 1640 1723 1633 1730 1640 1729 1639 1724 1634 1725 1635 1731 1641 1724 1634 1731 1641 1730 1640 1725 1635 1721 1631 1727 1637 1725 1635 1727 1637 1731 1641 1690 1600 1691 1601 1732 1642 1691 1601 1694 1604 1732 1642 1694 1604 1696 1606 1732 1642 1696 1606 1698 1608 1732 1642 1698 1608 1700 1610 1732 1642 1700 1610 1690 1600 1732 1642 1726 1636 1727 1637 1733 1643 1728 1638 1726 1636 1733 1643 1729 1639 1728 1638 1733 1643 1730 1640 1729 1639 1733 1643 1731 1641 1730 1640 1733 1643 1727 1637 1731 1641 1733 1643 1734 1644 1735 1645 1736 1646 1734 1644 1736 1646 1737 1647 1735 1645 1738 1648 1739 1649 1735 1645 1739 1649 1736 1646 1738 1648 1740 1650 1741 1650 1738 1648 1741 1650 1739 1649 1740 1650 1734 1644 1737 1647 1740 1650 1737 1647 1741 1650 1737 1647 1736 1646 1742 1651 1737 1647 1742 1651 1743 1652 1736 1646 1739 1649 1744 1653 1736 1646 1744 1653 1742 1651 1739 1649 1741 1650 1745 1654 1739 1649 1745 1654 1744 1653 1741 1650 1737 1647 1743 1652 1741 1650 1743 1652 1745 1654 1746 1655 1747 1656 1748 1656 1746 1655 1748 1656 1749 1657 1747 1656 1750 1658 1751 1659 1747 1656 1751 1659 1748 1656 1750 1658 1752 1660 1753 1661 1750 1658 1753 1661 1751 1659 1752 1660 1746 1655 1749 1657 1752 1660 1749 1657 1753 1661 1749 1657 1748 1656 1754 1662 1749 1657 1754 1662 1755 1657 1748 1656 1751 1659 1756 1663 1748 1656 1756 1663 1754 1662 1751 1659 1753 1661 1757 1661 1751 1659 1757 1661 1756 1663 1753 1661 1749 1657 1755 1657 1753 1661 1755 1657 1757 1661 1758 1664 1759 1665 1760 1666 1758 1664 1760 1666 1761 1667 1759 1665 1762 1668 1763 1669 1759 1665 1763 1669 1760 1666 1762 1668 1764 1670 1765 1671 1762 1668 1765 1671 1763 1669 1764 1670 1758 1664 1761 1667 1764 1670 1761 1667 1765 1671 1761 1667 1760 1666 1766 1672 1761 1667 1766 1672 1767 1673 1760 1666 1763 1669 1768 1674 1760 1666 1768 1674 1766 1672 1763 1669 1765 1671 1769 1675 1763 1669 1769 1675 1768 1674 1765 1671 1761 1667 1767 1673 1765 1671 1767 1673 1769 1675 1770 1676 1771 1677 1772 1678 1770 1676 1772 1678 1773 1679 1771 1677 1774 1680 1775 1681 1771 1677 1775 1681 1772 1678 1774 1680 1776 1682 1777 1683 1774 1680 1777 1683 1775 1681 1776 1682 1770 1676 1773 1679 1776 1682 1773 1679 1777 1683 1773 1679 1772 1678 1778 1684 1773 1679 1778 1684 1779 1685 1772 1678 1775 1681 1780 1686 1772 1678 1780 1686 1778 1684 1775 1681 1777 1683 1781 1687 1775 1681 1781 1687 1780 1686 1777 1683 1773 1679 1779 1685 1777 1683 1779 1685 1781 1687 1782 1688 1783 1689 1784 1690 1782 1688 1784 1690 1785 1691 1783 1689 1786 1692 1787 1693 1783 1689 1787 1693 1784 1690 1786 1692 1788 1694 1789 1695 1786 1692 1789 1695 1787 1693 1788 1694 1782 1688 1785 1691 1788 1694 1785 1691 1789 1695 1785 1691 1784 1690 1790 1696 1785 1691 1790 1696 1791 1697 1784 1690 1787 1693 1792 1698 1784 1690 1792 1698 1790 1696 1787 1693 1789 1695 1793 1699 1787 1693 1793 1699 1792 1698 1789 1695 1785 1691 1791 1697 1789 1695 1791 1697 1793 1699</p></triangles>
      </mesh>
    </geometry>
  </library_geometries>
  <library_visual_scenes><visual_scene id="scene" name="scene">
    <node id="ROW_18_SEG3_solid" name="ROW_18_SEG3_solid" type="NODE"><instance_geometry url="#ROW_18_SEG3_solid-mesh"><bind_material><technique_common>
      <instance_material symbol="MAT_COTTON_STEM-mat" target="#MAT_COTTON_STEM"/>
    </technique_common></bind_material></instance_geometry></node>
  </visual_scene></library_visual_scenes>
  <scene><instance_visual_scene url="#scene"/></scene>
</COLLADA>
