<?xml version="1.0" encoding="utf-8"?>
<COLLADA xmlns="http://www.collada.org/2005/11/COLLADASchema" version="1.4.1">
  <asset>
    <contributor><authoring_tool>VIGIL SIH26126 farm generator</authoring_tool></contributor>
    <unit name="meter" meter="1"/>
    <up_axis>Z_UP</up_axis>
  </asset>
  <library_effects>
    <effect id="MAT_COTTON_STEM-fx"><profile_COMMON><technique sid="c"><lambert><diffuse><color>0.0620 0.0820 0.0240 1</color></diffuse></lambert></technique></profile_COMMON></effect>
  </library_effects>
  <library_materials>
    <material id="MAT_COTTON_STEM" name="MAT_COTTON_STEM"><instance_effect url="#MAT_COTTON_STEM-fx"/></material>
  </library_materials>
  <library_geometries>
    <geometry id="ROW_01_SEG1_solid-mesh" name="ROW_01_SEG1_solid">
      <mesh>
        <source id="ROW_01_SEG1_solid-pos"><float_array id="ROW_01_SEG1_solid-pos-a" count="5709">-2.2342 -0.019807 0.009759 -2.2322 -0.025141 0.0097315 -2.2293 -0.023821 0.040232 -2.2311 -0.019036 0.040359 -2.2266 -0.026036 0.0093024 -2.2242 -0.024625 0.039866 -2.223 -0.021598 0.0089008 -2.221 -0.020643 0.039628 -2.225 -0.016264 0.0089283 -2.2228 -0.015859 0.039755 -2.2307 -0.015368 0.0093575 -2.2279 -0.015055 0.040121 -2.2268 -0.024103 0.070636 -2.2284 -0.019875 0.070928 -2.2224 -0.024815 0.070363 -2.2195 -0.021297 0.070381 -2.2211 -0.017069 0.070673 -2.2256 -0.016357 0.070947 -2.2251 -0.026051 0.10117 -2.2265 -0.022379 0.10149 -2.2212 -0.02667 0.101 -2.2187 -0.023618 0.10115 -2.2201 -0.019946 0.10147 -2.224 -0.019326 0.10164 -2.224 -0.028054 0.13191 -2.2252 -0.024927 0.13208 -2.2207 -0.028583 0.13183 -2.2186 -0.025982 0.13191 -2.2198 -0.022854 0.13208 -2.2231 -0.022326 0.13217 -2.2233 -0.028227 0.16274 -2.2243 -0.025647 0.16271 -2.2206 -0.028662 0.16273 -2.2189 -0.026517 0.16269 -2.2199 -0.023937 0.16265 -2.2226 -0.023502 0.16267 -2.2229 -0.02613 0.19352 -2.2237 -0.024104 0.19342 -2.2208 -0.026472 0.19353 -2.2194 -0.024788 0.19344 -2.2202 -0.022762 0.19334 -2.2223 -0.02242 0.19333 -2.2286 -0.020702 0.0093299 -2.2215 -0.024446 0.19343 -2.2269 -0.019763 0.044056 -2.2257 -0.020648 0.04339 -2.2308 -0.036703 0.054937 -2.2318 -0.035936 0.055513 -2.2246 -0.020125 0.044516 -2.2299 -0.03625 0.055913 -2.2258 -0.01924 0.045182 -2.2309 -0.035483 0.056489 -2.235 -0.049823 0.064406 -2.2359 -0.049173 0.064894 -2.2342 -0.049439 0.065231 -2.2351 -0.04879 0.065719 -2.2251 -0.021001 0.079871 -2.2234 -0.022959 0.079363 -2.2043 -0.012671 0.10106 -2.2058 -0.010973 0.1015 -2.2222 -0.02145 0.07769 -2.2033 -0.011363 0.099606 -2.2238 -0.019492 0.078198 -2.2047 -0.0096655 0.10005 -2.1887 -0.0042105 0.11879 -2.1899 -0.0027742 0.11916 -2.1878 -0.0031042 0.11756 -2.189 -0.001668 0.11794 -2.2235 -0.02376 0.11175 -2.2228 -0.025892 0.11337 -2.2467 -0.019146 0.13145 -2.2474 -0.017297 0.13004 -2.2212 -0.024153 0.11482 -2.2453 -0.017638 0.1327 -2.2219 -0.02202 0.11319 -2.2459 -0.01579 0.13129 -2.2663 -0.013578 0.14623 -2.2668 -0.012014 0.14504 -2.2651 -0.012303 0.14729 -2.2656 -0.010739 0.1461 -2.2229 -0.025602 0.14863 -2.2222 -0.027054 0.14743 -2.2109 -0.036419 0.16392 -2.2114 -0.03516 0.16496 -2.2206 -0.025953 0.14699 -2.2095 -0.035464 0.16354 -2.2213 -0.024501 0.14818 -2.21 -0.034206 0.16458 -2.2015 -0.044049 0.17743 -2.202 -0.042985 0.1783 -2.2004 -0.043242 0.1771 -2.2008 -0.042177 0.17798 -2.2223 -0.024911 0.18241 -2.2216 -0.025508 0.18298 -2.2196 -0.0156 0.19015 -2.2202 -0.015083 0.18967 -2.2208 -0.025159 0.18232 -2.2189 -0.015298 0.18959 -2.2215 -0.024563 0.18176 -2.2195 -0.014781 0.1891 -2.2179 -0.0074835 0.19601 -2.2185 -0.0070457 0.1956 -2.2173 -0.0072269 0.19553 -2.2179 -0.0067902 0.19512 -1.9503 0.013519 0.0091512 -1.9479 0.0081615 0.0091083 -1.9458 0.0091801 0.042788 -1.9479 0.013981 0.042689 -1.9421 0.0075827 0.0088001 -1.9405 0.0086613 0.042518 -1.9386 0.012362 0.0085348 -1.9375 0.012942 0.042149 -1.9411 0.017719 0.0085776 -1.9396 0.017742 0.042049 -1.9469 0.018298 0.0088858 -1.9449 0.018262 0.042319 -1.9435 0.012081 0.076453 -1.9454 0.016319 0.076219 -1.9389 0.011621 0.076231 -1.9362 0.015401 0.075775 -1.9381 0.01964 0.075542 -1.9427 0.020099 0.075764 -1.9414 0.01527 0.10988 -1.9431 0.018962 0.10975 -1.9373 0.014871 0.10971 -1.935 0.018163 0.10941 -1.9367 0.021854 0.10928 -1.9407 0.022254 0.10945 -1.9396 0.016675 0.14321 -1.941 0.019818 0.1433 -1.9362 0.016335 0.14309 -1.9342 0.019139 0.14305 -1.9356 0.022283 0.14313 -1.939 0.022622 0.14326 -1.9383 0.015532 0.17664 -1.9395 0.018116 0.17685 -1.9355 0.015252 0.17656 -1.9338 0.017556 0.17669 -1.935 0.02014 0.1769 -1.9378 0.02042 0.17698 -1.9373 0.013046 0.21023 -1.9383 0.015075 0.21044 -1.9351 0.012827 0.21017 -1.9338 0.014634 0.21032 -1.9347 0.016663 0.21052 -1.937 0.016883 0.21058 -1.9445 0.01294 0.008843 -1.936 0.014854 0.21038 -1.9436 0.013911 0.047464 -1.9428 0.013048 0.046217 -1.9408 -0.00085831 0.057899 -1.9415 -0.00011158 0.05898 -1.9413 0.013683 0.046776 -1.9395 -0.00030804 0.058383 -1.9421 0.014545 0.048022 -1.9402 0.00043964 0.059464 -1.9392 -0.012218 0.06748 -1.9398 -0.011586 0.068394 -1.9381 -0.011753 0.067889 -1.9387 -0.011121 0.068803 -1.9424 0.016133 0.077983 -1.9405 0.014509 0.078381 -1.9288 0.034521 0.10491 -1.9305 0.035929 0.10456 -1.9391 0.015803 0.076698 -1.9276 0.035643 0.10345 -1.941 0.017427 0.076301 -1.9292 0.03705 0.1031 -1.9193 0.050929 0.12658 -1.9207 0.05212 0.12629 -1.9182 0.051878 0.12535 -1.9196 0.053069 0.12506 -1.9408 0.018568 0.10633 -1.9391 0.01635 0.10722 -1.958 0.012005 0.13409 -1.9595 0.013927 0.13332 -1.9374 0.018233 0.1088 -1.9566 0.013637 0.13546 -1.9392 0.020451 0.10791 -1.9581 0.015558 0.13469 -1.9735 0.0084991 0.15609 -1.9748 0.010125 0.15544 -1.9723 0.0098791 0.15725 -1.9736 0.011506 0.1566 -1.9393 0.019483 0.13896 -1.9384 0.017573 0.13731 -1.921 0.0060253 0.16281 -1.9219 0.007679 0.16424 -1.9363 0.019182 0.13664 -1.9193 0.0074186 0.16223 -1.9373 0.021091 0.13828 -1.9201 0.0090733 0.16366 -1.9069 -0.0033817 0.18369 -1.9076 -0.0019817 0.1849 -1.9054 -0.002202 0.1832 -1.9061 -0.00080204 0.18441 -1.9381 0.018378 0.16749 -1.9374 0.017522 0.16898 -1.9415 0.037001 0.18264 -1.9421 0.037742 0.18136 -1.9357 0.018148 0.16858 -1.94 0.037542 0.1823 -1.9364 0.019004 0.16709 -1.9406 0.038284 0.18101 -1.9448 0.052955 0.1938 -1.9453 0.053582 0.19271 -1.9436 0.053413 0.19351 -1.9441 0.054041 0.19242 -1.937 0.016003 0.19798 -1.9361 0.015414 0.19766 -1.9405 0.00387 0.20658 -1.9413 0.0043802 0.20686 -1.9355 0.015853 0.19858 -1.94 0.0042505 0.20737 -1.9364 0.016442 0.1989 -1.9408 0.0047607 0.20765 -1.9442 -0.0055618 0.21389 -1.9449 -0.0051308 0.21412 -1.9438 -0.0052404 0.21456 -1.9444 -0.0048084 0.2148 -1.6316 0.0076494 0.0086916 -1.6283 0.011203 0.0088598 -1.6298 0.01102 0.034959 -1.6328 0.0078354 0.034701 -1.6297 0.015854 0.0088619 -1.6311 0.01519 0.034966 -1.6344 0.016952 0.0086958 -1.6353 0.016177 0.034715 -1.6377 0.013398 0.0085276 -1.6383 0.012993 0.034458 -1.6363 0.0087471 0.0085255 -1.637 0.0088224 0.034451 -1.6328 0.01032 0.061013 -1.6354 0.0075054 0.060673 -1.6339 0.014009 0.061032 -1.6377 0.014886 0.060711 -1.6403 0.012072 0.06037 -1.6391 0.0083818 0.060351 -1.636 0.0094376 0.086875 -1.6382 0.0069895 0.086635 -1.6369 0.012647 0.086908 -1.6402 0.013408 0.086702 -1.6425 0.01096 0.086462 -1.6415 0.0077505 0.086429 -1.6377 0.0088444 0.11268 -1.6396 0.0067587 0.11263 -1.6385 0.011572 0.11272 -1.6413 0.012216 0.11272 -1.6432 0.01013 0.11267 -1.6424 0.0074015 0.11262 -1.6373 0.008708 0.13859 -1.6389 0.0069885 0.13866 -1.6379 0.010956 0.13865 -1.6402 0.011483 0.13877 -1.6418 0.0097637 0.13883 -1.6411 0.0075159 0.13878 -1.6357 0.0087471 0.16465 -1.637 0.0073948 0.16473 -1.6363 0.010514 0.16469 -1.6381 0.010928 0.16482 -1.6393 0.0095758 0.1649 -1.6388 0.0078096 0.16486 -1.633 0.0123 0.0086937 -1.6375 0.0091619 0.16477 -1.6341 0.010968 0.038565 -1.6337 0.011918 0.03765 -1.6237 0.017311 0.047033 -1.6241 0.016488 0.047826 -1.6347 0.012817 0.038127 -1.6246 0.01809 0.047447 -1.6351 0.011868 0.039042 -1.6249 0.017267 0.04824 -1.6156 0.021723 0.054727 -1.6159 0.021026 0.055398 -1.6163 0.022382 0.055077 -1.6166 0.021686 0.055748 -1.6362 0.0098038 0.062159 -1.6356 0.011753 0.062573 -1.6546 0.013108 0.083137 -1.6552 0.011418 0.082778 -1.637 0.012508 0.061303 -1.6559 0.013762 0.082036 -1.6377 0.010559 0.060889 -1.6564 0.012074 0.081677 -1.6702 0.014202 0.099942 -1.6707 0.012774 0.099638 -1.6713 0.014756 0.09901 -1.6718 0.013327 0.098707 -1.6386 0.0089722 0.084087 -1.6375 0.010952 0.084885 -1.6282 -0.0032902 0.105 -1.6292 -0.0050068 0.10431 -1.6395 0.011545 0.086134 -1.6299 -0.0027761 0.10608 -1.6406 0.0095644 0.085336 -1.6309 -0.0044928 0.10539 -1.6206 -0.014959 0.12147 -1.6215 -0.016413 0.12088 -1.6221 -0.014525 0.12238 -1.6229 -0.015978 0.1218 -1.6399 0.0083475 0.10934 -1.6387 0.0097809 0.10815 -1.6355 0.025512 0.12877 -1.6365 0.02427 0.12981 -1.6406 0.010854 0.10768 -1.6371 0.026442 0.12836 -1.6418 0.0094213 0.10887 -1.6381 0.0252 0.1294 -1.6329 0.038378 0.14565 -1.6337 0.037327 0.14653 -1.6342 0.039165 0.14531 -1.6351 0.038115 0.14618 -1.6395 0.0084057 0.13148 -1.6391 0.0091219 0.13267 -1.6526 -0.00078487 0.14269 -1.653 -0.0014057 0.14165 -1.6401 0.010197 0.13241 -1.6535 0.00014687 0.14246 -1.6405 0.0094805 0.13122 -1.6539 -0.00047398 0.14143 -1.6638 -0.0088854 0.15086 -1.6641 -0.0094118 0.14999 -1.6645 -0.0080976 0.15067 -1.6648 -0.0086231 0.1498 -1.6381 0.0086021 0.15513 -1.6379 0.0095158 0.15493 -1.6277 0.0093975 0.16188 -1.6279 0.0086069 0.16205 -1.6384 0.0097742 0.15565 -1.6282 0.0096226 0.16251 -1.6386 0.0088615 0.15585 -1.6283 0.008831 0.16268 -1.6194 0.0092936 0.16758 -1.6195 0.0086241 0.16772 -1.6198 0.0094833 0.16811 -1.6199 0.0088139 0.16825 -1.3027 -0.0088043 0.0092597 -1.3065 -0.009387 0.0089919 -1.3075 -0.011064 0.029923 -1.3041 -0.010537 0.030102 -1.3079 -0.013011 0.0086766 -1.3088 -0.014313 0.029646 -1.3055 -0.016052 0.0086291 -1.3066 -0.017036 0.029548 -1.3016 -0.01547 0.0088969 -1.3031 -0.016511 0.029727 -1.3002 -0.011846 0.0092122 -1.3019 -0.013261 0.030004 -1.3077 -0.01299 0.050926 -1.3046 -0.012516 0.050967 -1.3088 -0.015866 0.050695 -1.3069 -0.018269 0.050506 -1.3038 -0.017795 0.050547 -1.3027 -0.014918 0.050778 -1.3069 -0.015142 0.071889 -1.3043 -0.014728 0.071869 -1.3079 -0.017646 0.071706 -1.3062 -0.019732 0.071504 -1.3035 -0.019317 0.071485 -1.3026 -0.016814 0.071667 -1.3062 -0.017094 0.09274 -1.3039 -0.016746 0.092781 -1.307 -0.019222 0.092604 -1.3055 -0.021003 0.092509 -1.3033 -0.020655 0.09255 -1.3025 -0.018526 0.092686 -1.3067 -0.01834 0.11352 -1.3048 -0.018058 0.11367 -1.3073 -0.020094 0.11342 -1.3062 -0.021567 0.11347 -1.3043 -0.021285 0.11362 -1.3036 -0.019531 0.11372 -1.3089 -0.018733 0.13435 -1.3074 -0.018513 0.13451 -1.3094 -0.020113 0.13428 -1.3085 -0.021272 0.13437 -1.3071 -0.02105 0.13454 -1.3065 -0.01967 0.13461 -1.3041 -0.012428 0.0089444 -1.308 -0.019892 0.13444 -1.3052 -0.01338 0.033165 -1.306 -0.013585 0.032454 -1.3135 -0.017302 0.041748 -1.3128 -0.017125 0.042365 -1.3056 -0.014643 0.032339 -1.3132 -0.018219 0.041649 -1.3048 -0.014439 0.033051 -1.3124 -0.018042 0.042265 -1.3196 -0.020353 0.04936 -1.319 -0.020204 0.049882 -1.3193 -0.02113 0.049276 -1.3187 -0.02098 0.049797 -1.305 -0.015358 0.064503 -1.3064 -0.016491 0.065059 -1.2923 -0.026287 0.079287 -1.2911 -0.025305 0.078805 -1.3059 -0.017779 0.063787 -1.2919 -0.027403 0.078185 -1.3045 -0.016645 0.06323 -1.2906 -0.026422 0.077703 -1.2808 -0.034304 0.090907 -1.2797 -0.033473 0.090499 -1.2804 -0.035249 0.089974 -1.2794 -0.034417 0.089566 -1.3044 -0.018038 0.095121 -1.3059 -0.018801 0.095141 -1.3101 -0.010073 0.10902 -1.3089 -0.0094109 0.109 -1.3052 -0.019974 0.096027 -1.3096 -0.011089 0.10979 -1.3038 -0.019211 0.096007 -1.3083 -0.010427 0.10977 -1.3136 -0.0029364 0.12039 -1.3125 -0.0023766 0.12037 -1.3131 -0.0037966 0.12104 -1.312 -0.0032368 0.12102 -1.307 -0.019556 0.12735 -1.3076 -0.019672 0.12692 -1.3103 -0.026585 0.13231 -1.3097 -0.026484 0.13268 -1.3072 -0.02017 0.12651 -1.3099 -0.027016 0.13196 -1.3066 -0.020054 0.12694 -1.3094 -0.026915 0.13233 -1.3124 -0.032244 0.13673 -1.312 -0.032159 0.13704 -1.3121 -0.032609 0.13643 -1.3117 -0.032523 0.13674 -0.99392 0.016555 0.0097668 -1.0006 0.018776 0.0085051 -1.008 0.018063 0.046767 -1.002 0.016073 0.047779 -1.0058 0.013991 0.0075596 -1.0127 0.013771 0.045993 -1.0044 0.0069857 0.0078758 -1.0114 0.0074892 0.046233 -0.9977 0.0047646 0.0091375 -1.0054 0.0054998 0.047246 -0.99247 0.0095491 0.010083 -1.0007 0.0097923 0.048019 -1.0138 0.01708 0.085005 -1.0085 0.015323 0.085778 -1.018 0.013282 0.084512 -1.0169 0.0077257 0.08479 -1.0115 0.0059681 0.085563 -1.0073 0.0097666 0.086056 -1.0187 0.017871 0.12297 -1.0141 0.016348 0.12362 -1.0224 0.014574 0.12279 -1.0214 0.0097532 0.12327 -1.0168 0.0082302 0.12392 -1.0131 0.011528 0.1241 -1.0227 0.021262 0.16084 -1.0188 0.019972 0.16132 -1.0259 0.018476 0.16094 -1.0251 0.014398 0.16153 -1.0211 0.013106 0.16201 -1.0179 0.015894 0.1619 -1.0247 0.026253 0.19887 -1.0214 0.025169 0.19906 -1.0273 0.023979 0.19917 -1.0266 0.020622 0.19965 -1.0233 0.019538 0.19984 -1.0207 0.021811 0.19955 -1.0231 0.030923 0.23713 -1.0205 0.030055 0.23716 -1.0251 0.029146 0.23744 -1.0246 0.026502 0.23778 -1.022 0.025634 0.23782 -1.02 0.027411 0.23751 -0.99915 0.01177 0.0088213 -1.0226 0.028278 0.23747 -1.0067 0.012581 0.053206 -1.0079 0.012922 0.051597 -1.0288 0.01686 0.066717 -1.0278 0.016564 0.068112 -1.0083 0.01091 0.051524 -1.0292 0.015116 0.066654 -1.0072 0.010569 0.053133 -1.0282 0.01482 0.068048 -1.0459 0.020053 0.079107 -1.045 0.019803 0.080287 -1.0462 0.018578 0.079053 -1.0454 0.018328 0.080233 -1.0105 0.012889 0.080726 -1.0131 0.013042 0.082011 -0.99884 0.0041065 0.10931 -0.99658 0.003973 0.1082 -1.0136 0.010217 0.081421 -0.99926 0.0016565 0.1088 -1.0109 0.010063 0.080136 -0.997 0.001524 0.10768 -0.98718 -0.0032415 0.13162 -0.98527 -0.0033541 0.13068 -0.98754 -0.0053139 0.13119 -0.98563 -0.0054264 0.13025 -1.0147 0.013306 0.10776 -1.0181 0.013197 0.10875 -1.0135 0.05143 0.12578 -1.0106 0.051523 0.12492 -1.0171 0.011697 0.11166 -1.0126 0.05013 0.1283 -1.0138 0.011806 0.11067 -1.0098 0.050223 0.12744 -1.0097 0.082694 0.13974 -1.0073 0.082773 0.13901 -1.009 0.081594 0.14187 -1.0065 0.081673 0.14114 -1.0181 0.016017 0.13984 -1.021 0.016507 0.13804 -1.0422 0.00027561 0.16702 -1.0397 -0.00014973 0.16858 -1.0207 0.013309 0.13667 -1.0419 -0.0024958 0.16583 -1.0177 0.012819 0.13847 -1.0393 -0.0029211 0.16739 -1.0595 -0.01305 0.19073 -1.0574 -0.01341 0.19205 -1.0593 -0.015395 0.18973 -1.0571 -0.015755 0.19105 -1.0211 0.018732 0.16514 -1.0228 0.019939 0.16719 -0.99615 0.023267 0.18525 -0.9947 0.022221 0.18347 -1.0233 0.017236 0.16833 -0.99654 0.020924 0.18624 -1.0216 0.016029 0.16627 -0.99509 0.019877 0.18446 -0.97431 0.025942 0.20002 -0.97309 0.025057 0.19851 -0.97465 0.023959 0.20085 -0.97342 0.023074 0.19934 -1.0228 0.023161 0.19569 -1.0241 0.02319 0.19422 -1.0391 0.031359 0.20631 -1.038 0.031334 0.20758 -1.0247 0.021374 0.19468 -1.0396 0.029785 0.20671 -1.0234 0.021345 0.19615 -1.0386 0.02976 0.20798 -1.0514 0.038021 0.21622 -1.0505 0.038 0.2173 -1.0519 0.036689 0.21656 -1.0509 0.036668 0.21764 -1.0224 0.026981 0.22407 -1.0238 0.026891 0.22412 -1.0226 0.018018 0.23804 -1.0214 0.018095 0.238 -1.0238 0.025701 0.22343 -1.0225 0.016986 0.23744 -1.0224 0.02579 0.22338 -1.0213 0.017063 0.2374 -1.0216 0.010744 0.24942 -1.0205 0.01081 0.24938 -1.0215 0.0098705 0.24891 -1.0205 0.0099363 0.24887 -1.0143 0.01501 0.11618 -1.0199 0.015139 0.11658 -1.0159 0.039917 0.1498 -1.0117 0.039819 0.1495 -1.0197 0.010654 0.11979 -1.0158 0.036493 0.15226 -1.0142 0.010526 0.11939 -1.0116 0.036394 0.15195 -1.012 0.064738 0.183 -1.009 0.064668 0.18278 -1.0119 0.062292 0.18475 -1.0089 0.062222 0.18454 -1.0105 0.063479 0.18377 -0.71159 -0.019408 0.0081117 -0.70814 -0.014948 0.0076405 -0.70332 -0.015767 0.039467 -0.70639 -0.019769 0.040003 -0.71022 -0.0097122 0.0081489 -0.70518 -0.011072 0.039912 -0.71573 -0.0089359 0.0091286 -0.71011 -0.010378 0.040893 -0.71917 -0.013396 0.0095998 -0.71318 -0.01438 0.041429 -0.7171 -0.018632 0.0090913 -0.71132 -0.019074 0.040984 -0.69712 -0.015893 0.071228 -0.69982 -0.019433 0.071792 -0.69877 -0.011738 0.071595 -0.70312 -0.011122 0.072525 -0.70581 -0.014662 0.073088 -0.70417 -0.018817 0.072722 -0.69126 -0.015913 0.10326 -0.69363 -0.018989 0.10363 -0.69269 -0.012297 0.10354 -0.6965 -0.011757 0.10419 -0.69887 -0.014832 0.10456 -0.69744 -0.018448 0.10427 -0.68769 -0.016518 0.13558 -0.68973 -0.019127 0.13567 -0.68891 -0.013442 0.13579 -0.69218 -0.012977 0.13608 -0.69423 -0.015586 0.13616 -0.693 -0.018661 0.13596 -0.68692 -0.017874 0.16803 -0.68861 -0.020018 0.16795 -0.68793 -0.015339 0.16817 -0.69064 -0.01495 0.16823 -0.69233 -0.017094 0.16815 -0.69132 -0.019629 0.16801 -0.68762 -0.019467 0.20045 -0.68895 -0.021152 0.20035 -0.68842 -0.017474 0.20055 -0.69054 -0.017167 0.20054 -0.69187 -0.018851 0.20044 -0.69108 -0.020844 0.20035 -0.71366 -0.014172 0.0086201 -0.68975 -0.019159 0.20045 -0.70686 -0.016131 0.045174 -0.70645 -0.014582 0.045485 -0.71684 -0.01494 0.061098 -0.71719 -0.016283 0.060829 -0.70774 -0.014072 0.044601 -0.71796 -0.0145 0.060332 -0.70815 -0.015622 0.04429 -0.71831 -0.015842 0.060063 -0.72535 -0.015246 0.073859 -0.72565 -0.016383 0.073631 -0.7263 -0.014874 0.07321 -0.7266 -0.016009 0.072982 -0.70103 -0.016078 0.071878 -0.69993 -0.014205 0.073013 -0.6805 -0.032971 0.085694 -0.68145 -0.034595 0.084711 -0.7014 -0.014484 0.074979 -0.68177 -0.033214 0.087399 -0.70249 -0.016357 0.073844 -0.68271 -0.034837 0.086415 -0.66463 -0.048351 0.096081 -0.66543 -0.049725 0.095248 -0.6657 -0.048556 0.097523 -0.6665 -0.049931 0.09669 -0.69474 -0.016858 0.10317 -0.69358 -0.014788 0.1016 -0.69426 0.0045347 0.12823 -0.69526 0.0027399 0.12959 -0.69616 -0.013875 0.10084 -0.69649 0.0053244 0.12758 -0.69732 -0.015946 0.10241 -0.6975 0.0035305 0.12893 -0.69485 0.020329 0.15003 -0.69571 0.01881 0.15118 -0.69674 0.020998 0.14948 -0.69759 0.019479 0.15063 -0.69119 -0.017256 0.12954 -0.68994 -0.016046 0.13149 -0.70124 -0.040224 0.15468 -0.70233 -0.041273 0.15299 -0.69204 -0.01463 0.13198 -0.70306 -0.038998 0.1551 -0.69329 -0.015841 0.13002 -0.70415 -0.040047 0.1534 -0.71054 -0.060004 0.17363 -0.71145 -0.060891 0.1722 -0.71207 -0.058967 0.17398 -0.71299 -0.059854 0.17255 -0.68959 -0.018172 0.15922 -0.68962 -0.016521 0.15867 -0.67141 -0.013637 0.16715 -0.67138 -0.015068 0.16763 -0.69036 -0.01605 0.16021 -0.67205 -0.013229 0.16848 -0.69032 -0.017703 0.16076 -0.67202 -0.014661 0.16896 -0.65653 -0.011292 0.17411 -0.6565 -0.012503 0.17452 -0.65707 -0.010946 0.17524 -0.65704 -0.012158 0.17564 -0.68943 -0.019122 0.18928 -0.68912 -0.018091 0.18903 -0.69568 -0.014201 0.19778 -0.69595 -0.015095 0.19799 -0.68997 -0.01799 0.18832 -0.69642 -0.014114 0.19716 -0.69029 -0.019021 0.18856 -0.69669 -0.015008 0.19738 -0.70107 -0.01103 0.20494 -0.7013 -0.011786 0.20511 -0.70169 -0.010957 0.20441 -0.70192 -0.011713 0.20459 -0.70196 -0.01751 0.064367 -0.69998 -0.013852 0.065828 -0.69096 -0.026052 0.083555 -0.69248 -0.028846 0.08244 -0.70344 -0.012971 0.068442 -0.6936 -0.025379 0.085551 -0.70542 -0.016629 0.066981 -0.69512 -0.028172 0.084436 -0.68189 -0.038226 0.10127 -0.68298 -0.040222 0.10047 -0.68378 -0.037745 0.1027 -0.68487 -0.039742 0.1019 -0.68338 -0.038984 0.10159 -0.40622 -0.022232 0.007581 -0.4035 -0.017362 0.0073058 -0.4012 -0.017213 0.038513 -0.40364 -0.02158 0.038632 -0.40635 -0.012564 0.0075437 -0.40375 -0.01291 0.038732 -0.41191 -0.012636 0.0080568 -0.40874 -0.012975 0.03907 -0.41462 -0.017508 0.0083319 -0.41119 -0.017342 0.039189 -0.41178 -0.022305 0.008094 -0.40864 -0.021645 0.03897 -0.40038 -0.018043 0.069882 -0.40255 -0.021903 0.069852 -0.40264 -0.014236 0.070091 -0.40706 -0.01429 0.070271 -0.40923 -0.01815 0.070242 -0.40698 -0.021956 0.070033 -0.39974 -0.019129 0.10105 -0.40163 -0.022488 0.10109 -0.4017 -0.015818 0.10125 -0.40554 -0.015865 0.1015 -0.40743 -0.019224 0.10154 -0.40547 -0.022535 0.10134 -0.39755 -0.019492 0.13193 -0.39914 -0.022349 0.13214 -0.39921 -0.016677 0.13212 -0.40246 -0.016719 0.13253 -0.40405 -0.019575 0.13275 -0.40239 -0.02239 0.13255 -0.39316 -0.018771 0.16263 -0.39445 -0.021123 0.16294 -0.39453 -0.016452 0.16281 -0.39719 -0.016484 0.16329 -0.39847 -0.018836 0.1636 -0.3971 -0.021155 0.16343 -0.38756 -0.017544 0.19333 -0.38856 -0.019392 0.19361 -0.38863 -0.01572 0.19347 -0.39071 -0.015745 0.19389 -0.39172 -0.017593 0.19417 -0.39064 -0.019417 0.19403 -0.40906 -0.017434 0.0078189 -0.38964 -0.017569 0.19375 -0.4054 -0.01834 0.043434 -0.40536 -0.0172 0.042294 -0.39441 -0.0081921 0.051977 -0.39445 -0.009181 0.052966 -0.40659 -0.016443 0.043007 -0.39548 -0.0075369 0.052595 -0.40664 -0.017585 0.044147 -0.39552 -0.0085258 0.053584 -0.38547 -0.00082684 0.059923 -0.3855 -0.0016642 0.060759 -0.38637 -0.00027275 0.060446 -0.3864 -0.0011101 0.061282 -0.40388 -0.019525 0.071752 -0.40365 -0.017167 0.07216 -0.42195 -0.020244 0.09941 -0.42215 -0.022286 0.099056 -0.40564 -0.016755 0.070871 -0.42368 -0.019887 0.098293 -0.40587 -0.019113 0.070463 -0.42387 -0.02193 0.097939 -0.43696 -0.022784 0.12168 -0.43712 -0.024513 0.12139 -0.43842 -0.022483 0.12074 -0.43858 -0.024212 0.12044 -0.403 -0.020464 0.098136 -0.40216 -0.01792 0.098924 -0.38495 -0.030668 0.12135 -0.38567 -0.032872 0.12066 -0.40431 -0.017759 0.1007 -0.38681 -0.030529 0.12289 -0.40515 -0.020303 0.099914 -0.38753 -0.032733 0.12221 -0.37089 -0.041127 0.13971 -0.37151 -0.042993 0.13913 -0.37247 -0.04101 0.14101 -0.37308 -0.042874 0.14043 -0.40037 -0.020749 0.1283 -0.39968 -0.018875 0.12672 -0.39729 0.00015545 0.15079 -0.39789 -0.0014687 0.15216 -0.40212 -0.018204 0.12644 -0.39941 0.00073719 0.15056 -0.40281 -0.020079 0.12802 -0.40001 -0.00088692 0.15193 -0.39538 0.015712 0.17051 -0.39589 0.014337 0.17167 -0.39717 0.016204 0.17031 -0.39767 0.014829 0.17147 -0.39663 -0.019929 0.15451 -0.39616 -0.018975 0.15587 -0.40695 -0.033431 0.16973 -0.40735 -0.034258 0.16855 -0.3976 -0.018058 0.15571 -0.40819 -0.032637 0.1696 -0.39807 -0.019011 0.15436 -0.4086 -0.033463 0.16842 -0.41579 -0.045259 0.18105 -0.41613 -0.045959 0.18006 -0.41685 -0.044586 0.18094 -0.41719 -0.045286 0.17995 -0.39154 -0.018624 0.18238 -0.39165 -0.01757 0.18213 -0.37929 -0.014711 0.18885 -0.37919 -0.015625 0.18908 -0.39219 -0.017403 0.18306 -0.37975 -0.014566 0.18967 -0.39207 -0.018456 0.18332 -0.37965 -0.015479 0.18989 -0.36918 -0.012383 0.19437 -0.36909 -0.013156 0.19456 -0.36957 -0.01226 0.19506 -0.36949 -0.013033 0.19525 -0.1179 -0.0018845 0.0066103 -0.1224 -0.0021381 0.006977 -0.11986 -0.0062838 0.032869 -0.11581 -0.0060692 0.032627 -0.12449 -0.0061378 0.0065594 -0.12173 -0.0098724 0.032511 -0.12207 -0.0098839 0.005775 -0.11955 -0.013246 0.031911 -0.11756 -0.0096302 0.0054083 -0.1155 -0.013031 0.03167 -0.11547 -0.0056305 0.0058259 -0.11363 -0.0094433 0.032027 -0.11839 -0.0096483 0.058821 -0.11481 -0.0094757 0.05876 -0.12004 -0.012828 0.058546 -0.11811 -0.015835 0.058212 -0.11452 -0.015662 0.058152 -0.11287 -0.012482 0.058426 -0.11799 -0.012071 0.085036 -0.11487 -0.011922 0.085041 -0.11942 -0.014841 0.084853 -0.11773 -0.017465 0.084675 -0.11461 -0.017316 0.084679 -0.11318 -0.014544 0.084862 -0.11747 -0.014023 0.11144 -0.11481 -0.013888 0.11136 -0.11868 -0.016384 0.11134 -0.11724 -0.018611 0.11116 -0.11459 -0.018476 0.11107 -0.11338 -0.016115 0.11117 -0.11546 -0.016137 0.13779 -0.11329 -0.016016 0.13758 -0.11646 -0.018086 0.13776 -0.11528 -0.019914 0.1375 -0.11311 -0.019792 0.13729 -0.11211 -0.017843 0.13733 -0.1117 -0.018601 0.16391 -0.11 -0.018502 0.16368 -0.11248 -0.020134 0.1639 -0.11156 -0.021567 0.16365 -0.10986 -0.021468 0.16342 -0.10908 -0.019936 0.16343 -0.11998 -0.0058842 0.0061926 -0.11078 -0.020035 0.16367 -0.11711 -0.0092602 0.035753 -0.11812 -0.009923 0.03523 -0.12805 -0.0027905 0.046521 -0.12717 -0.0022163 0.046974 -0.1179 -0.010894 0.036126 -0.12786 -0.0036316 0.047298 -0.11689 -0.010231 0.036649 -0.12698 -0.0030575 0.047751 -0.13615 0.0030413 0.055776 -0.13541 0.0035276 0.056159 -0.13599 0.0023298 0.056433 -0.13525 0.0028152 0.056817 -0.11581 -0.012218 0.06642 -0.11772 -0.012958 0.06611 -0.11306 -0.030959 0.083388 -0.11141 -0.030318 0.083657 -0.11702 -0.014173 0.064529 -0.11246 -0.032012 0.082018 -0.11511 -0.013433 0.06484 -0.1108 -0.031371 0.082287 -0.10922 -0.045693 0.097509 -0.10782 -0.045151 0.097737 -0.10871 -0.046584 0.09635 -0.1073 -0.046042 0.096578 -0.11587 -0.014376 0.093853 -0.11753 -0.014498 0.0954 -0.10525 0.00093365 0.11082 -0.10382 0.0010395 0.10948 -0.11652 -0.016224 0.096455 -0.10438 -0.00056267 0.11173 -0.11486 -0.016103 0.094908 -0.10294 -0.00045681 0.11039 -0.095174 0.01354 0.12343 -0.093958 0.01363 0.12229 -0.094432 0.012274 0.1242 -0.093216 0.012363 0.12307 -0.11466 -0.01637 0.12551 -0.116 -0.016435 0.12459 -0.12458 -0.023611 0.13919 -0.12342 -0.023554 0.13999 -0.1156 -0.017897 0.12408 -0.12424 -0.024878 0.13876 -0.11427 -0.017831 0.125 -0.12308 -0.024821 0.13955 -0.13158 -0.029499 0.15115 -0.1306 -0.029451 0.15182 -0.13129 -0.030571 0.15078 -0.13031 -0.030523 0.15145 -0.11176 -0.018736 0.15431 -0.11234 -0.019178 0.15482 -0.10487 -0.023471 0.1601 -0.10436 -0.023088 0.15966 -0.11233 -0.019843 0.15421 -0.10486 -0.024047 0.15958 -0.11174 -0.019401 0.1537 -0.10435 -0.023664 0.15913 -0.098747 -0.026986 0.16441 -0.098317 -0.026662 0.16403 -0.098737 -0.027472 0.16396 -0.098307 -0.027148 0.16359 0.20017 -0.0094404 0.0039228 0.19389 -0.0083351 0.0038581 0.1934 -0.010683 0.040875 0.19904 -0.011665 0.040782 0.18979 -0.01322 0.0035428 0.18973 -0.015063 0.0406 0.19198 -0.01921 0.0032921 0.19169 -0.020426 0.040231 0.19827 -0.020315 0.0033568 0.19733 -0.021408 0.040137 0.20236 -0.01543 0.0036721 0.201 -0.017028 0.040413 0.19453 -0.014276 0.077887 0.19952 -0.015134 0.077644 0.19128 -0.018151 0.077661 0.19302 -0.022886 0.077193 0.198 -0.023746 0.076951 0.20125 -0.019869 0.077176 0.19601 -0.017928 0.11464 0.20034 -0.018683 0.11451 0.19318 -0.0213 0.11447 0.19469 -0.025427 0.11417 0.19903 -0.026181 0.11403 0.20185 -0.022809 0.11421 0.19611 -0.020157 0.15127 0.1998 -0.020808 0.15138 0.1937 -0.023025 0.15115 0.19499 -0.026543 0.15113 0.19867 -0.027193 0.15124 0.20108 -0.024326 0.15136 0.19421 -0.020417 0.188 0.19724 -0.020952 0.18824 0.19223 -0.022779 0.18792 0.19327 -0.025678 0.18808 0.1963 -0.026213 0.18832 0.19828 -0.023849 0.18841 0.1913 -0.019567 0.22489 0.19368 -0.019985 0.22513 0.18974 -0.021424 0.22484 0.19056 -0.023701 0.22501 0.19294 -0.024119 0.22525 0.1945 -0.022262 0.2253 0.19608 -0.014325 0.0036075 0.19212 -0.021843 0.22507 0.19629 -0.015501 0.046048 0.19503 -0.015711 0.044677 0.18134 -0.0088835 0.057446 0.18244 -0.0087023 0.058634 0.19469 -0.01742 0.045301 0.18104 -0.010365 0.057987 0.19596 -0.017211 0.046671 0.18214 -0.010183 0.059175 0.17015 -0.0033159 0.067918 0.17108 -0.0031624 0.068924 0.1699 -0.0045691 0.068376 0.17083 -0.0044165 0.069381 0.19749 -0.017735 0.079594 0.19486 -0.018444 0.080031 0.20558 -0.040992 0.10933 0.20785 -0.040377 0.10895 0.19515 -0.02053 0.078197 0.20583 -0.042799 0.10774 0.19777 -0.01982 0.07776 0.2081 -0.042185 0.10736 0.21439 -0.059457 0.13328 0.21631 -0.058936 0.13296 0.2146 -0.060987 0.13193 0.21652 -0.060466 0.13161 0.19863 -0.020467 0.11076 0.19558 -0.020651 0.11173 0.20321 -0.00086212 0.14115 0.20585 -0.0007019 0.1403 0.19625 -0.023277 0.11349 0.20379 -0.0031376 0.14267 0.1993 -0.023093 0.11251 0.20643 -0.0029783 0.14182 0.2095 0.0153 0.16522 0.21173 0.015435 0.16451 0.20999 0.013374 0.16651 0.21223 0.013509 0.1658 0.19847 -0.022143 0.14661 0.19616 -0.021872 0.1448 0.17515 -0.030166 0.17284 0.17715 -0.030402 0.17441 0.19635 -0.024688 0.14408 0.17531 -0.032607 0.17221 0.19866 -0.024961 0.14589 0.17732 -0.032843 0.17378 0.15799 -0.036989 0.19579 0.15968 -0.037189 0.19712 0.15813 -0.039055 0.19526 0.15982 -0.039255 0.19659 0.19662 -0.022443 0.17797 0.19544 -0.022511 0.1796 0.21536 -0.030695 0.1947 0.21638 -0.030635 0.19328 0.195 -0.024374 0.17917 0.21497 -0.032309 0.19432 0.19618 -0.024305 0.17753 0.21599 -0.032249 0.19291 0.23166 -0.037412 0.20703 0.23253 -0.037361 0.20583 0.23133 -0.038777 0.20671 0.2322 -0.038727 0.20551 0.19378 -0.021744 0.21145 0.19268 -0.022223 0.2111 0.18504 -0.011117 0.22082 0.18599 -0.010702 0.22112 0.19272 -0.023002 0.21211 0.18507 -0.011792 0.22169 0.19382 -0.022524 0.21247 0.18602 -0.011378 0.222 0.1788 -0.0020342 0.22878 0.1796 -0.0016832 0.22904 0.17883 -0.0026064 0.22953 0.17963 -0.0022554 0.22978 0.5007 -0.012517 0.0040957 0.49874 -0.0055151 0.0038599 0.49982 -0.0042486 0.045888 0.50158 -0.010525 0.046143 0.4917 -0.0037012 0.0040547 0.49351 -0.0026226 0.04606 0.48662 -0.0088902 0.0044853 0.48895 -0.0072727 0.046487 0.48858 -0.015892 0.0047211 0.49071 -0.013549 0.046742 0.49562 -0.017705 0.0045263 0.49703 -0.015175 0.04657 0.50102 -0.0024033 0.088016 0.50257 -0.0079594 0.088178 0.49543 -0.00096512 0.08816 0.4914 -0.0050821 0.088468 0.49295 -0.010638 0.08863 0.49854 -0.012076 0.088486 0.50175 -0.0021162 0.13032 0.5031 -0.0069523 0.13026 0.49689 -0.00086594 0.13044 0.49338 -0.0044508 0.1305 0.49472 -0.0092859 0.13043 0.49958 -0.010537 0.13032 0.50188 -0.003829 0.17257 0.50302 -0.0079384 0.17241 0.49775 -0.0027657 0.17266 0.49476 -0.0058117 0.17259 0.4959 -0.0099211 0.17243 0.50003 -0.010984 0.17234 0.50184 -0.0057869 0.21461 0.50279 -0.0091743 0.21456 0.49844 -0.0049114 0.21468 0.49598 -0.0074224 0.21469 0.49692 -0.010809 0.21464 0.50032 -0.011685 0.21457 0.50226 -0.0056334 0.25662 0.50301 -0.008296 0.25665 0.49959 -0.0049448 0.25667 0.49765 -0.0069189 0.25674 0.4984 -0.0095816 0.25677 0.50107 -0.01027 0.25672 0.49366 -0.010703 0.0042905 0.50033 -0.0076075 0.25669 0.4968 -0.0089178 0.05154 0.49519 -0.0076828 0.051001 0.50542 0.010092 0.062592 0.50682 0.0090208 0.063059 0.49421 -0.008214 0.052851 0.50457 0.0096312 0.064195 0.49583 -0.00945 0.053391 0.50597 0.0085602 0.064663 0.5138 0.024612 0.072104 0.51498 0.023705 0.072499 0.51308 0.024222 0.073461 0.51427 0.023316 0.073856 0.4978 -0.0072918 0.080897 0.49629 -0.005106 0.079761 0.46875 -0.01507 0.098992 0.47005 -0.016965 0.099976 0.49543 -0.0067835 0.077506 0.468 -0.016524 0.097037 0.49693 -0.0089684 0.078642 0.4693 -0.018418 0.098022 0.44622 -0.02327 0.11471 0.44732 -0.024873 0.11555 0.44558 -0.0245 0.11306 0.44669 -0.026103 0.11389 0.4991 -0.0066319 0.10437 0.49803 -0.0038023 0.10607 0.53116 -0.0092812 0.13798 0.53208 -0.011735 0.1365 0.49594 -0.0057116 0.10809 0.52934 -0.010937 0.13973 0.497 -0.0085421 0.10638 0.53026 -0.01339 0.13825 0.55824 -0.013823 0.16409 0.55902 -0.015898 0.16284 0.55671 -0.015223 0.16557 0.55749 -0.017299 0.16432 0.50062 -0.0063534 0.13422 0.49927 -0.0037775 0.13194 0.49129 0.023796 0.17125 0.49246 0.021564 0.17322 0.49594 -0.0052099 0.13231 0.4884 0.022554 0.17157 0.49729 -0.0077858 0.13459 0.48957 0.020322 0.17355 0.48473 0.046308 0.20344 0.48572 0.044418 0.20511 0.48229 0.045258 0.20371 0.48328 0.043367 0.20538 0.50104 -0.0071325 0.16045 0.49907 -0.0048256 0.16208 0.49027 -0.034218 0.19505 0.49197 -0.036217 0.19364 0.49636 -0.0059395 0.16024 0.48792 -0.035183 0.19346 0.49833 -0.0082464 0.15861 0.48963 -0.037183 0.19204 0.48306 -0.058307 0.22199 0.4845 -0.059999 0.22079 0.48108 -0.059124 0.22064 0.48252 -0.060816 0.21944 0.5004 -0.0077639 0.18598 0.49878 -0.0055962 0.18663 0.52389 0.0069571 0.20823 0.52529 0.0050793 0.20767 0.49773 -0.0069942 0.18886 0.52298 0.0057459 0.21017 0.49934 -0.0091619 0.18822 0.52438 0.0038681 0.20961 0.54444 0.017185 0.22593 0.54562 0.015596 0.22546 0.54367 0.016161 0.22757 0.54485 0.014571 0.22709 0.50024 -0.0084848 0.2155 0.49965 -0.0070257 0.21452 0.48233 -0.0036869 0.23141 0.48284 -0.0049505 0.23226 0.49852 -0.0081034 0.21351 0.48135 -0.0046206 0.23053 0.49911 -0.0095625 0.21449 0.48186 -0.0058851 0.23138 0.46815 -0.00098515 0.24522 0.46858 -0.0020552 0.24594 0.46732 -0.0017757 0.24448 0.46776 -0.0028458 0.2452 0.50078 -0.0080767 0.24094 0.50046 -0.0070343 0.24189 0.5082 -0.017406 0.25685 0.50847 -0.01831 0.25602 0.4992 -0.0076361 0.24215 0.5071 -0.017928 0.25707 0.49951 -0.0086784 0.2412 0.50738 -0.018831 0.25625 0.51451 -0.025912 0.26907 0.51474 -0.026677 0.26838 0.51359 -0.026354 0.26926 0.51382 -0.027118 0.26857 0.49997 -0.007163 0.092634 0.4974 -0.0025511 0.090515 0.47582 -0.0050259 0.11488 0.47778 -0.0085478 0.1165 0.49409 -0.0058184 0.087142 0.47329 -0.0075207 0.11231 0.49666 -0.01043 0.089261 0.47525 -0.011043 0.11393 0.45424 -0.0074291 0.13926 0.45564 -0.0099449 0.14042 0.45244 -0.0092115 0.13742 0.45384 -0.011726 0.13858 0.45404 -0.0095778 0.13892 1.1274 0.016915 0.0078884 1.1301 0.0094814 0.0073201 1.1349 0.0082874 0.051199 1.1325 0.014952 0.051755 1.1378 0.0081024 0.0065089 1.1418 0.0070515 0.050469 1.1429 0.014158 0.0062658 1.1464 0.01248 0.050294 1.1403 0.021592 0.0068341 1.144 0.019143 0.050849 1.1325 0.022971 0.0076453 1.1371 0.020379 0.05158 1.1396 0.0064573 0.095196 1.1375 0.012356 0.095621 1.1458 0.0053644 0.094542 1.1498 0.01017 0.094313 1.1477 0.016068 0.094738 1.1415 0.017161 0.095392 1.1448 0.0063581 0.13932 1.1429 0.011491 0.13948 1.1501 0.0054073 0.13874 1.1536 0.0095892 0.13832 1.1517 0.014723 0.13848 1.1464 0.015674 0.13906 1.1504 0.0084763 0.18331 1.1488 0.012838 0.18333 1.1549 0.0076685 0.18281 1.1579 0.011222 0.18233 1.1563 0.015584 0.18235 1.1517 0.016392 0.18285 1.1561 0.010875 0.22707 1.1548 0.01447 0.22717 1.1598 0.010209 0.22665 1.1623 0.013139 0.22632 1.161 0.016734 0.22642 1.1572 0.0174 0.22685 1.1615 0.010943 0.27084 1.1605 0.013771 0.27099 1.1645 0.010421 0.2705 1.1664 0.012724 0.27032 1.1654 0.015551 0.27047 1.1624 0.016074 0.2708 1.1352 0.015536 0.0070771 1.1634 0.013247 0.27065 1.1385 0.013642 0.056681 1.1403 0.012433 0.055882 1.1324 -0.0076294 0.069288 1.1309 -0.0065813 0.069981 1.1416 0.013103 0.057672 1.1335 -0.0070486 0.07084 1.1398 0.014312 0.058471 1.132 -0.0060005 0.071532 1.1259 -0.024021 0.080289 1.1246 -0.023134 0.080875 1.1268 -0.023529 0.081602 1.1255 -0.022643 0.082188 1.1417 0.011983 0.08736 1.1433 0.0097303 0.08595 1.1748 0.022964 0.1021 1.1734 0.024917 0.10332 1.1438 0.011608 0.08349 1.1752 0.024591 0.09997 1.1422 0.013861 0.0849 1.1738 0.026544 0.10119 1.2005 0.033841 0.1153 1.1993 0.035494 0.11634 1.2009 0.035218 0.1135 1.1997 0.036871 0.11453 1.1436 0.011311 0.11196 1.1452 0.0083399 0.11356 1.1136 0.011725 0.15152 1.1122 0.0143 0.15013 1.1476 0.0106 0.11538 1.1157 0.013683 0.15309 1.146 0.013571 0.11378 1.1143 0.016258 0.1517 1.0877 0.014559 0.18258 1.0865 0.016737 0.1814 1.0895 0.016215 0.18391 1.0883 0.018394 0.18273 1.1462 0.011074 0.14325 1.1475 0.0083771 0.14066 1.1639 -0.020617 0.18026 1.1627 -0.01828 0.18249 1.151 0.010211 0.14058 1.1669 -0.019028 0.18019 1.1497 0.012908 0.14317 1.1657 -0.01669 0.18242 1.1773 -0.044286 0.21268 1.1763 -0.042307 0.21457 1.1799 -0.04294 0.21262 1.1789 -0.040962 0.21451 1.1493 0.012053 0.1706 1.1518 0.0097246 0.172 1.1634 0.042559 0.20524 1.1612 0.044577 0.20403 1.1544 0.011147 0.16971 1.1657 0.043792 0.20326 1.1519 0.013475 0.16831 1.1635 0.04581 0.20204 1.1729 0.069468 0.23239 1.1711 0.071176 0.23136 1.1748 0.070512 0.23071 1.173 0.072219 0.22969 1.1535 0.012956 0.19708 1.1555 0.010743 0.19751 1.1326 -0.0048332 0.22349 1.1308 -0.0029154 0.22312 1.1568 0.012362 0.19969 1.1337 -0.0034304 0.22538 1.1548 0.014574 0.19927 1.132 -0.0015125 0.22501 1.1138 -0.01753 0.24476 1.1123 -0.015908 0.24445 1.1147 -0.016344 0.24637 1.1133 -0.014721 0.24605 1.1577 0.013941 0.22778 1.1583 0.012402 0.22667 1.1796 0.010333 0.24175 1.1791 0.011668 0.24272 1.1593 0.013658 0.22546 1.1804 0.011422 0.24071 1.1587 0.015198 0.22657 1.1799 0.012757 0.24167 1.197 0.0086756 0.25409 1.1965 0.0098047 0.25491 1.1977 0.0095968 0.25321 1.1973 0.010726 0.25403 1.1607 0.013618 0.25433 1.1613 0.012519 0.25527 1.1542 0.023222 0.27199 1.1537 0.024174 0.27118 1.1626 0.013279 0.25536 1.1553 0.023881 0.27208 1.1621 0.014377 0.25442 1.1549 0.024833 0.27126 1.1484 0.032002 0.28567 1.148 0.032807 0.28498 1.1494 0.032559 0.28574 1.149 0.033364 0.28505 1.141 0.011738 0.099881 1.1438 0.0069351 0.097282 1.1703 0.011579 0.11958 1.1681 0.015246 0.12157 1.1467 0.010735 0.093322 1.1724 0.01448 0.11656 1.1438 0.015537 0.095921 1.1702 0.018147 0.11854 1.1967 0.016145 0.14189 1.1951 0.018764 0.14331 1.1982 0.018217 0.13973 1.1966 0.020837 0.14115 1.1966 0.018491 0.14152 1.4063 0.00084209 0.0064381 1.4015 -0.0044794 0.0060998 1.4008 -0.0059204 0.04565 1.4051 -0.0011501 0.045995 1.4037 -0.011274 0.0059555 1.4028 -0.012012 0.045518 1.4107 -0.012747 0.0061495 1.4091 -0.013335 0.04573 1.4155 -0.0074263 0.0064878 1.4134 -0.0085649 0.046075 1.4132 -0.00063133 0.0066321 1.4114 -0.0024729 0.046207 1.3996 -0.007576 0.085298 1.4034 -0.0033541 0.085543 1.4014 -0.012966 0.085174 1.407 -0.014133 0.085295 1.4107 -0.0099115 0.08554 1.409 -0.0045214 0.085664 1.4 -0.0087976 0.1251 1.4033 -0.0051203 0.12512 1.4015 -0.013485 0.12498 1.4064 -0.014496 0.12489 1.4097 -0.010818 0.12491 1.4081 -0.0061312 0.12503 1.4023 -0.0094576 0.16482 1.4051 -0.0063295 0.16474 1.4036 -0.013443 0.16471 1.4077 -0.0143 0.16452 1.4105 -0.011172 0.16444 1.4092 -0.0071869 0.16455 1.4049 -0.010115 0.20435 1.4072 -0.0075378 0.20436 1.406 -0.013397 0.20425 1.4094 -0.014105 0.20416 1.4117 -0.011528 0.20417 1.4106 -0.0082455 0.20426 1.4056 -0.011511 0.24385 1.4074 -0.0094872 0.24392 1.4064 -0.014092 0.24377 1.4091 -0.014649 0.24376 1.4109 -0.012626 0.24383 1.41 -0.010045 0.24391 1.4085 -0.0059528 0.0062938 1.4082 -0.012069 0.24384 1.4064 -0.0061684 0.050845 1.4063 -0.0081377 0.050259 1.3864 -0.0095463 0.06155 1.3865 -0.0078392 0.062057 1.4072 -0.0087376 0.051956 1.3872 -0.010065 0.063021 1.4074 -0.0067673 0.052542 1.3874 -0.008358 0.063528 1.3701 -0.010681 0.070815 1.3703 -0.0092363 0.071245 1.3709 -0.011121 0.07206 1.371 -0.009676 0.072489 1.4052 -0.0073681 0.078478 1.4042 -0.0097265 0.077334 1.4275 -0.027998 0.094197 1.4284 -0.025954 0.095189 1.406 -0.0094671 0.075181 1.429 -0.027774 0.092331 1.407 -0.0071096 0.076326 1.4299 -0.02573 0.093323 1.4465 -0.042916 0.10798 1.4473 -0.041186 0.10882 1.4479 -0.042727 0.1064 1.4486 -0.040997 0.10724 1.4045 -0.007575 0.1006 1.4028 -0.010021 0.10214 1.3906 0.01902 0.13366 1.3921 0.02114 0.13232 1.4055 -0.010819 0.10395 1.3929 0.018328 0.13523 1.4073 -0.0083723 0.10241 1.3944 0.020449 0.13389 1.3806 0.042801 0.15946 1.3819 0.044595 0.15832 1.3826 0.042215 0.16078 1.3839 0.044009 0.15965 1.4042 -0.0076427 0.12873 1.4027 -0.010034 0.12651 1.385 -0.032798 0.16299 1.3863 -0.030725 0.16491 1.4057 -0.012043 0.12672 1.3876 -0.034539 0.16317 1.4072 -0.0096521 0.12893 1.3889 -0.032468 0.16509 1.3706 -0.051418 0.19286 1.3717 -0.049665 0.19449 1.3728 -0.052893 0.19301 1.3738 -0.051139 0.19464 1.4052 -0.0079241 0.1534 1.4044 -0.010838 0.15484 1.4342 -0.0038576 0.18555 1.4349 -0.0013323 0.1843 1.4067 -0.012413 0.15299 1.4362 -0.0052233 0.18395 1.4075 -0.0094995 0.15156 1.4369 -0.0026979 0.1827 1.4585 0.0018702 0.21063 1.4592 0.0040064 0.20958 1.4602 0.0007143 0.20928 1.4609 0.0028515 0.20823 1.4067 -0.0091305 0.17738 1.4058 -0.01164 0.1779 1.3826 0.0016289 0.1993 1.3834 0.0038023 0.19885 1.4075 -0.011858 0.17996 1.3841 0.0014391 0.20109 1.4084 -0.0093489 0.17944 1.3849 0.0036135 0.20063 1.3636 0.012512 0.21683 1.3643 0.014352 0.21645 1.3649 0.012352 0.21834 1.3656 0.014192 0.21796 1.408 -0.010049 0.20512 1.4071 -0.01127 0.20417 1.4139 -0.028036 0.21924 1.4147 -0.026978 0.22007 1.4086 -0.011591 0.20317 1.4152 -0.028314 0.21838 1.4095 -0.01037 0.20412 1.416 -0.027256 0.2192 1.4195 -0.041742 0.23157 1.4202 -0.040847 0.23227 1.4206 -0.041978 0.23084 1.4212 -0.041082 0.23154 1.408 -0.010828 0.22906 1.4073 -0.011677 0.22994 1.4122 -0.0003767 0.24438 1.4128 0.00035954 0.24363 1.4085 -0.012411 0.23013 1.4132 -0.0010128 0.24455 1.4092 -0.011562 0.22925 1.4138 -0.00027752 0.24379 1.4162 0.0088711 0.2562 1.4167 0.0094938 0.25556 1.417 0.0083323 0.25634 1.4175 0.008955 0.25569 1.4043 -0.0061054 0.089609 1.4017 -0.010589 0.087483 1.4158 -0.028099 0.10942 1.4177 -0.024675 0.11104 1.4061 -0.011461 0.084175 1.4191 -0.028765 0.10689 1.4086 -0.006978 0.086301 1.421 -0.025341 0.10851 1.4297 -0.045642 0.13136 1.4311 -0.043197 0.13252 1.4321 -0.046118 0.12956 1.4335 -0.043672 0.13072 1.4316 -0.044657 0.13104 1.7369 0.032005 0.0059429 1.7304 0.03112 0.0054848 1.7287 0.026894 0.043234 1.7345 0.027703 0.04349 1.728 0.025077 0.0047442 1.7265 0.021475 0.042578 1.732 0.01992 0.0044616 1.7301 0.016865 0.042177 1.7385 0.020805 0.0049197 1.7359 0.017674 0.042433 1.741 0.026849 0.0056603 1.7381 0.023094 0.04309 1.7289 0.021957 0.081051 1.734 0.022691 0.081114 1.7269 0.017161 0.080489 1.7301 0.013099 0.07999 1.7353 0.013832 0.080053 1.7372 0.018628 0.080615 1.7294 0.017081 0.11863 1.7339 0.017709 0.11876 1.7277 0.012908 0.11816 1.7305 0.0093613 0.11783 1.735 0.0099888 0.11797 1.7367 0.014162 0.11843 1.7282 0.013174 0.15602 1.732 0.013688 0.15636 1.7268 0.0096245 0.15565 1.7291 0.006587 0.15562 1.7329 0.0071011 0.15595 1.7344 0.010651 0.15633 1.7244 0.010559 0.19344 1.7275 0.010974 0.19388 1.7232 0.0076332 0.19316 1.7252 0.0051203 0.19331 1.7283 0.0055351 0.19375 1.7295 0.008461 0.19403 1.7193 0.0087061 0.231 1.7217 0.0090303 0.23138 1.7183 0.0064049 0.23078 1.7199 0.0044279 0.23095 1.7223 0.0047531 0.23133 1.7232 0.0070543 0.23155 1.7345 0.025963 0.0052022 1.7208 0.0067291 0.23117 1.7327 0.02284 0.048578 1.7316 0.022305 0.047085 1.7154 0.024077 0.059417 1.7164 0.024542 0.060711 1.7318 0.020498 0.04765 1.7156 0.022511 0.059907 1.7329 0.021034 0.049144 1.7165 0.022976 0.061201 1.7021 0.025512 0.069532 1.703 0.025905 0.070627 1.7023 0.024187 0.069946 1.7031 0.02458 0.071041 1.7327 0.019419 0.082896 1.7304 0.017883 0.083145 1.7464 -0.0022087 0.11317 1.7484 -0.00087833 0.11296 1.7314 0.016022 0.081228 1.7473 -0.0038223 0.11151 1.7338 0.017558 0.080979 1.7493 -0.002491 0.1113 1.7595 -0.018652 0.13772 1.7612 -0.017526 0.13753 1.7602 -0.020017 0.13631 1.762 -0.01889 0.13613 1.733 0.015608 0.11476 1.73 0.014427 0.11554 1.7296 0.034748 0.14671 1.7322 0.035771 0.14603 1.7314 0.011986 0.11731 1.7308 0.032632 0.14824 1.7344 0.013166 0.11652 1.7334 0.033655 0.14756 1.7293 0.051359 0.17222 1.7315 0.052225 0.17165 1.7304 0.049568 0.17351 1.7325 0.050434 0.17294 1.7314 0.012196 0.15136 1.7292 0.011826 0.14936 1.7097 -0.0042114 0.17637 1.7117 -0.003891 0.1781 1.7303 0.0091667 0.14856 1.7107 -0.0065155 0.17567 1.7325 0.0095367 0.15056 1.7126 -0.0061951 0.17741 1.6939 -0.017361 0.19848 1.6955 -0.017089 0.19995 1.6947 -0.01931 0.19789 1.6963 -0.019038 0.19936 1.728 0.0098181 0.18329 1.7267 0.0093031 0.18487 1.7479 0.0068159 0.20142 1.749 0.0072622 0.20004 1.7269 0.0073633 0.18435 1.7481 0.0051346 0.20096 1.7281 0.0078783 0.18276 1.7492 0.0055819 0.19959 1.7653 0.0047636 0.21493 1.7662 0.0051422 0.21377 1.7654 0.0033417 0.21454 1.7663 0.0037193 0.21338 1.7231 0.0080004 0.21736 1.7222 0.007206 0.21691 1.7107 0.015201 0.22665 1.7115 0.01589 0.22704 1.7225 0.0064068 0.21792 1.7109 0.014508 0.22753 1.7234 0.0072012 0.21837 1.7117 0.015198 0.22792 1.7013 0.021743 0.23464 1.702 0.022326 0.23497 1.7015 0.021156 0.23538 1.7022 0.021739 0.23571 2.0377 0.011523 0.0058398 2.0405 0.0065365 0.0053503 2.0486 0.0086594 0.038202 2.046 0.013124 0.038539 2.0461 0.0065346 0.0039412 2.0537 0.0086632 0.037002 2.0489 0.011519 0.0030216 2.0561 0.013131 0.03614 2.046 0.016506 0.0035111 2.0535 0.017596 0.036477 2.0404 0.016508 0.0049201 2.0485 0.017592 0.037676 2.0559 0.011768 0.070936 2.0536 0.01571 0.071128 2.0604 0.011786 0.070038 2.0625 0.015744 0.069333 2.0602 0.019686 0.069525 2.0557 0.019669 0.070422 2.0616 0.014247 0.10369 2.0596 0.017672 0.10385 2.0656 0.014279 0.10313 2.0675 0.017736 0.10272 2.0655 0.021161 0.10287 2.0616 0.021129 0.10344 2.0655 0.015617 0.13676 2.0638 0.018521 0.13683 2.0689 0.015663 0.1365 2.0705 0.018613 0.13631 2.0688 0.021517 0.13638 2.0654 0.021471 0.13663 2.0673 0.017136 0.17016 2.0659 0.019517 0.17004 2.0701 0.017188 0.17013 2.0715 0.019621 0.16997 2.07 0.022002 0.16985 2.0672 0.021951 0.16988 2.0671 0.020714 0.20358 2.066 0.022578 0.20338 2.0693 0.02076 0.20362 2.0704 0.022671 0.20347 2.0693 0.024535 0.20327 2.0671 0.024489 0.20323 2.0433 0.011521 0.0044307 2.0682 0.022625 0.20342 2.0512 0.01354 0.042772 2.0516 0.012491 0.041491 2.0636 0.0014629 0.055773 2.0633 0.0023718 0.056882 2.0529 0.013443 0.041117 2.0648 0.0022879 0.055448 2.0525 0.014492 0.042397 2.0644 0.0031967 0.056557 2.0735 -0.0075359 0.067469 2.0732 -0.0067673 0.068407 2.0745 -0.0068378 0.067194 2.0742 -0.0060692 0.068133 2.0556 0.015398 0.06648 2.0572 0.014137 0.067692 2.0554 0.030823 0.089095 2.054 0.031917 0.088044 2.059 0.015485 0.066745 2.0569 0.031991 0.088274 2.0573 0.016746 0.065532 2.0555 0.033084 0.087223 2.0539 0.044507 0.10658 2.0527 0.045432 0.10569 2.0551 0.045495 0.10589 2.054 0.04642 0.105 2.0603 0.016843 0.08981 2.0625 0.015316 0.090752 2.0414 -0.0026712 0.11138 2.0395 -0.0013475 0.11057 2.0629 0.017142 0.092958 2.0418 -0.0010881 0.11329 2.0607 0.018669 0.092016 2.0399 0.0002346 0.11248 2.0241 -0.017347 0.12828 2.0225 -0.016228 0.12759 2.0245 -0.016008 0.12989 2.0229 -0.014888 0.1292 2.0636 0.018135 0.11779 2.065 0.016042 0.11644 2.0888 0.01891 0.13929 2.0876 0.020724 0.14047 2.0663 0.017946 0.11474 2.0899 0.020561 0.13782 2.0649 0.020039 0.11609 2.0887 0.022374 0.13899 2.1083 0.021305 0.15799 2.1072 0.02284 0.15899 2.1092 0.022702 0.15674 2.1082 0.024237 0.15774 2.0662 0.018583 0.13997 2.0668 0.017289 0.14198 2.0502 0.031784 0.15706 2.0497 0.032906 0.15531 2.0686 0.018831 0.14253 2.0518 0.033121 0.15753 2.068 0.020125 0.14052 2.0513 0.034242 0.15579 2.0367 0.043678 0.16937 2.0363 0.044627 0.1679 2.038 0.044809 0.16978 2.0376 0.045758 0.1683 2.0675 0.019483 0.16687 2.0681 0.018602 0.16566 2.0742 0.0076618 0.17784 2.0736 0.0084257 0.17889 2.0695 0.019435 0.16578 2.0753 0.0083838 0.17794 2.0689 0.020316 0.16699 2.0748 0.0091476 0.179 2.0791 -0.0012684 0.18782 2.0786 -0.00062275 0.18871 2.0801 -0.00065708 0.18791 2.0796 -1.1444e-05 0.1888 2.0677 0.021539 0.19175 2.0686 0.020875 0.19183 2.0735 0.028824 0.20224 2.0728 0.0294 0.20218 2.0691 0.02151 0.19103 2.074 0.029375 0.20156 2.0682 0.022174 0.19096 2.0732 0.02995 0.20149 2.0776 0.035344 0.21075 2.077 0.03583 0.2107 2.078 0.03581 0.21017 2.0773 0.036297 0.21012 2.0599 0.017262 0.097272 2.0632 0.014357 0.097824 2.0508 0.0064268 0.13013 2.0482 0.008646 0.12971 2.0657 0.017579 0.099833 2.0527 0.0088873 0.13167 2.0623 0.020485 0.099281 2.0501 0.011106 0.13124 2.0384 -0.0015583 0.16243 2.0366 2.6703e-05 0.16213 2.0398 0.00019932 0.16352 2.0379 0.0017843 0.16322 2.0382 0.00011253 0.16282 2.3314 0.016523 0.0032425 2.335 0.0094166 0.0031007 2.3352 0.0090609 0.045861 2.3319 0.015431 0.046033 2.343 0.0090141 0.003137 2.3424 0.0086994 0.045891 2.3473 0.015718 0.0033152 2.3463 0.014709 0.046092 2.3437 0.022825 0.0034571 2.343 0.021081 0.046264 2.3357 0.023227 0.0034207 2.3358 0.021441 0.046234 2.3354 0.0080595 0.088739 2.3325 0.013698 0.088827 2.3417 0.007741 0.088758 2.3452 0.01306 0.088864 2.3423 0.018698 0.088952 2.336 0.019017 0.088933 2.3357 0.0088415 0.13175 2.3332 0.013744 0.13162 2.3413 0.008564 0.13176 2.3442 0.013189 0.13164 2.3417 0.018092 0.13151 2.3362 0.01837 0.1315 2.3363 0.011903 0.17464 2.3342 0.016067 0.17442 2.341 0.011666 0.17464 2.3435 0.015594 0.17441 2.3414 0.019758 0.17419 2.3367 0.019994 0.1742 2.337 0.015259 0.21732 2.3352 0.018692 0.21721 2.3408 0.015064 0.2173 2.3429 0.018304 0.21719 2.3412 0.021737 0.21709 2.3373 0.021932 0.2171 2.3376 0.016243 0.26001 2.3362 0.018944 0.26 2.3407 0.01609 0.26 2.3423 0.018639 0.25997 2.3409 0.021339 0.25996 2.3379 0.021492 0.25998 2.3394 0.016121 0.0032789 2.3393 0.018791 0.25999 2.3376 0.014909 0.051415 2.3396 0.013918 0.050848 2.3328 -0.0070906 0.063308 2.331 -0.0062313 0.063799 2.3405 0.014758 0.052689 2.3336 -0.0063629 0.064903 2.3386 0.015749 0.053256 2.3319 -0.0055037 0.065394 2.3272 -0.024258 0.073531 2.3257 -0.023531 0.073947 2.3279 -0.023642 0.074881 2.3264 -0.022915 0.075297 2.3376 0.01381 0.081306 2.3397 0.011756 0.080157 2.3676 0.029069 0.09869 2.3658 0.030849 0.099685 2.3402 0.013682 0.077805 2.368 0.03074 0.096651 2.3381 0.015737 0.078953 2.3662 0.032519 0.097646 2.3904 0.043283 0.11384 2.3889 0.044789 0.11468 2.3908 0.044697 0.11211 2.3893 0.046203 0.11295 2.337 0.013511 0.1052 2.3388 0.010751 0.10697 2.3028 0.010333 0.14021 2.3012 0.012726 0.13869 2.3406 0.013322 0.10892 2.3044 0.012562 0.1419 2.3388 0.016082 0.10715 2.3028 0.014954 0.14038 2.2733 0.010056 0.16742 2.272 0.012081 0.16613 2.2747 0.011942 0.16885 2.2733 0.013967 0.16756 2.3361 0.01376 0.13559 2.3381 0.011217 0.13329 2.3537 -0.015521 0.1736 2.352 -0.013318 0.1756 2.3414 0.013497 0.13354 2.3566 -0.013545 0.17382 2.3394 0.01604 0.13584 2.3549 -0.011342 0.17581 2.3665 -0.037339 0.20662 2.3651 -0.035475 0.2083 2.3689 -0.035667 0.2068 2.3675 -0.033803 0.20849 2.3362 0.015282 0.16223 2.3388 0.013279 0.16388 2.3427 0.047785 0.19648 2.3404 0.04952 0.19505 2.3415 0.015016 0.16191 2.345 0.049289 0.19478 2.3388 0.017017 0.16026 2.3426 0.051023 0.19335 2.3458 0.076061 0.22312 2.3439 0.077529 0.2219 2.3477 0.077334 0.22167 2.3458 0.078802 0.22046 2.3374 0.016855 0.18814 2.3396 0.014896 0.1888 2.3159 -0.0034609 0.21174 2.314 -0.0017633 0.21117 2.3405 0.016696 0.19101 2.3167 -0.0019016 0.21366 2.3383 0.018654 0.19035 2.3147 -0.00020409 0.21309 2.2965 -0.018435 0.23053 2.2949 -0.016998 0.23005 2.2972 -0.017116 0.23215 2.2955 -0.015679 0.23167 2.3381 0.018537 0.21811 2.3391 0.017068 0.21713 2.3589 0.017769 0.23387 2.358 0.019042 0.23472 2.34 0.018444 0.21605 2.3597 0.018961 0.23293 2.3391 0.019913 0.21703 2.3589 0.020234 0.23378 2.375 0.018377 0.24756 2.3744 0.019454 0.24828 2.3757 0.019386 0.24676 2.3751 0.020463 0.24748 2.3383 0.018732 0.24399 2.3389 0.017709 0.24497 2.3287 0.02761 0.26015 2.3282 0.028497 0.2593 2.3401 0.01864 0.24518 2.3297 0.028416 0.26034 2.3395 0.019663 0.2442 2.3292 0.029304 0.25949 2.3203 0.035734 0.27257 2.3199 0.036485 0.27185 2.3212 0.036416 0.27273 2.3208 0.037168 0.27201 2.3356 0.013543 0.093296 2.3393 0.0090837 0.091171 2.3626 0.017191 0.11526 2.3598 0.020597 0.11688 2.3421 0.013222 0.087578 2.3647 0.02035 0.11251 2.3384 0.017681 0.089703 2.3619 0.023756 0.11414 2.3859 0.02522 0.13936 2.3839 0.027652 0.14052 2.3874 0.027476 0.1374 2.3854 0.029909 0.13856 2.3856 0.027564 0.13896</float_array><technique_common><accessor source="#ROW_01_SEG1_solid-pos-a" count="1903" stride="3"><param name="X" type="float"/><param name="Y" type="float"/><param name="Z" type="float"/></accessor></technique_common></source>
        <source id="ROW_01_SEG1_solid-nrm"><float_array id="ROW_01_SEG1_solid-nrm-a" count="5415">-0.709 0.137 0.691 -0.432 -0.583 0.688 -0.628 -0.775 0.069 -0.982 0.165 0.094 0.328 -0.705 0.628 0.363 -0.932 -0.006 0.814 -0.105 0.572 0.987 -0.148 -0.055 0.536 0.618 0.575 0.627 0.779 -0.03 -0.227 0.738 0.635 -0.351 0.935 0.044 -0.632 -0.775 0.015 -0.983 0.165 0.082 0.362 -0.931 -0.049 0.988 -0.149 -0.043 0.63 0.776 0.024 -0.348 0.934 0.086 -0.629 -0.777 -0.021 -0.986 0.157 0.065 0.358 -0.931 -0.067 0.987 -0.158 -0.026 0.634 0.771 0.059 -0.351 0.931 0.105 -0.625 -0.781 -0.01 -0.988 0.148 0.043 0.355 -0.934 -0.034 0.986 -0.167 -0.006 0.637 0.77 0.047 -0.357 0.931 0.072 -0.624 -0.781 0.036 -0.989 0.147 0.023 0.355 -0.934 0.032 0.986 -0.168 0.015 0.637 0.771 0.003 -0.36 0.933 0.007 -0.501 -0.645 -0.577 -0.783 0.094 -0.615 0.281 -0.77 -0.573 0.78 -0.155 -0.606 0.496 0.583 -0.643 -0.285 0.707 -0.648 0.08 0.026 0.996 -0.004 -0.049 -0.999 -0.967 0.149 -0.208 0.068 -0.597 -0.8 0.067 -0.597 -0.799 0.963 -0.161 0.217 0.963 -0.162 0.217 -0.071 0.585 0.808 -0.071 0.584 0.808 0.067 -0.598 -0.799 -0.967 0.148 -0.207 0.962 -0.162 0.218 -0.072 0.584 0.809 -0.768 0.123 0.629 0.113 -0.933 0.343 0.114 -0.932 0.343 0.778 -0.118 -0.617 0.779 -0.117 -0.617 -0.104 0.938 -0.331 -0.103 0.938 -0.33 0.114 -0.932 0.344 -0.767 0.123 0.63 0.779 -0.117 -0.616 -0.589 0.099 -0.802 -0.233 -0.971 0.055 -0.59 0.099 -0.802 0.576 -0.095 0.812 0.575 -0.095 0.813 0.219 0.975 -0.044 -0.234 -0.971 0.056 -0.59 0.099 -0.801 0.574 -0.095 0.813 0.218 0.975 -0.043 -0.779 0.118 0.616 -0.341 -0.899 -0.275 -0.34 -0.899 -0.275 -0.778 0.118 0.617 0.788 -0.125 -0.603 0.788 -0.126 -0.603 0.349 0.892 0.288 0.349 0.891 0.289 -0.34 -0.9 -0.274 -0.778 0.117 0.617 0.789 -0.126 -0.602 0.35 0.891 0.29 -0.984 0.164 0.065 -0.045 -0.58 0.813 -0.045 -0.579 0.814 -0.984 0.164 0.066 0.987 -0.15 -0.055 0.987 -0.15 -0.054 0.047 0.593 -0.804 0.048 0.594 -0.803 -0.044 -0.579 0.814 -0.984 0.165 0.066 0.987 -0.149 -0.054 0.048 0.595 -0.802 -0.754 0.088 0.651 -0.428 -0.634 0.645 -0.575 -0.814 0.085 -0.994 0.09 0.069 0.36 -0.711 0.603 0.411 -0.911 0.035 0.82 -0.068 0.569 0.994 -0.107 -0.032 0.493 0.653 0.575 0.585 0.81 -0.049 -0.293 0.731 0.616 -0.417 0.909 0.002 -0.577 -0.809 0.111 -0.993 0.098 0.065 0.416 -0.907 0.064 0.995 -0.099 -0.029 0.581 0.811 -0.075 -0.414 0.91 -0.028 -0.582 -0.808 0.089 -0.992 0.108 0.059 0.42 -0.906 0.047 0.996 -0.089 -0.024 0.578 0.814 -0.053 -0.409 0.913 -0.012 -0.587 -0.809 0.03 -0.992 0.111 0.054 0.419 -0.908 -0.006 0.996 -0.086 -0.018 0.579 0.815 0.006 -0.405 0.914 0.042 -0.586 -0.81 -0.024 -0.993 0.104 0.048 0.415 -0.908 -0.054 0.996 -0.093 -0.012 0.583 0.811 0.06 -0.406 0.909 0.09 -0.484 -0.601 -0.636 -0.815 0.135 -0.563 0.322 -0.681 -0.658 0.795 -0.025 -0.607 0.462 0.708 -0.534 -0.341 0.788 -0.513 0.054 0.017 0.998 -0.017 0.093 -0.995 -0.956 0.088 0.279 -0.278 -0.64 -0.716 -0.278 -0.641 -0.715 -0.956 0.087 0.279 0.958 -0.102 -0.268 0.958 -0.102 -0.267 0.28 0.627 0.727 0.281 0.626 0.728 -0.278 -0.642 -0.714 -0.956 0.086 0.28 0.958 -0.103 -0.267 0.281 0.625 0.728 -0.933 0.097 0.347 0.134 -0.819 0.559 0.134 -0.818 0.559 0.937 -0.089 -0.337 0.938 -0.088 -0.336 -0.129 0.826 -0.548 -0.129 0.827 -0.548 0.134 -0.818 0.56 -0.932 0.097 0.348 -0.129 0.827 -0.547 -0.826 0.08 -0.558 0.012 -0.988 -0.151 0.012 -0.989 -0.15 0.816 -0.083 0.572 0.815 -0.083 0.573 -0.022 0.986 0.164 -0.023 0.986 0.165 0.011 -0.989 -0.15 -0.827 0.08 -0.557 0.815 -0.083 0.574 -0.023 0.986 0.166 -0.803 0.077 0.59 -0.273 -0.932 -0.237 -0.273 -0.933 -0.236 -0.803 0.077 0.591 0.811 -0.083 -0.579 0.812 -0.083 -0.578 0.282 0.927 0.248 0.282 0.927 0.249 -0.272 -0.933 -0.235 -0.802 0.076 0.592 0.812 -0.083 -0.577 0.283 0.926 0.25 -0.913 0.096 -0.397 -0.391 -0.582 0.713 -0.391 -0.581 0.714 -0.913 0.097 -0.396 0.911 -0.084 0.405 0.91 -0.084 0.405 0.388 0.594 -0.705 0.91 -0.083 0.406 0.388 0.595 -0.704 -0.936 0.087 -0.342 0.223 -0.648 -0.728 0.222 -0.649 -0.728 -0.936 0.086 -0.342 0.932 -0.098 0.35 0.931 -0.099 0.351 -0.227 0.637 0.736 -0.227 0.637 0.737 0.222 -0.65 -0.727 -0.936 0.086 -0.341 -0.228 0.636 0.737 0.201 -0.746 0.635 0.727 -0.182 0.662 0.972 -0.222 0.08 0.299 -0.954 0.019 0.502 0.556 0.662 0.682 0.727 0.081 -0.25 0.731 0.635 -0.284 0.959 0.02 -0.776 0.167 0.608 -0.972 0.231 -0.042 -0.551 -0.572 0.608 -0.678 -0.733 -0.042 0.968 -0.226 0.108 0.291 -0.956 0.015 0.676 0.728 0.112 -0.292 0.956 0.023 -0.971 0.228 -0.07 -0.68 -0.73 -0.074 0.969 -0.231 0.085 0.282 -0.959 0.009 0.674 0.732 0.094 -0.302 0.953 0.028 -0.974 0.223 -0.047 -0.685 -0.727 -0.056 0.973 -0.231 0.021 0.28 -0.96 0.003 0.677 0.735 0.037 -0.304 0.952 0.035 -0.975 0.22 0.017 -0.687 -0.726 0.001 0.973 -0.227 -0.036 0.287 -0.958 -0.003 0.679 0.734 -0.014 -0.297 0.954 0.042 -0.972 0.222 0.074 -0.683 -0.729 0.052 0.723 -0.174 -0.669 0.187 -0.753 -0.631 0.493 0.579 -0.649 -0.274 0.758 -0.591 -0.814 0.18 -0.553 -0.582 -0.577 -0.573 -0.038 -0.012 0.999 -0.07 0.004 -0.998 0.285 -0.927 0.244 0.677 0.029 -0.736 0.678 0.029 -0.735 0.286 -0.927 0.245 -0.273 0.933 -0.233 -0.272 0.934 -0.232 -0.665 -0.023 0.747 -0.664 -0.022 0.747 0.678 0.03 -0.734 0.286 -0.926 0.246 -0.272 0.934 -0.231 -0.663 -0.022 0.748 0.267 -0.91 0.317 0.686 0.398 0.609 0.686 0.398 0.61 0.266 -0.91 0.317 -0.276 0.911 -0.306 -0.277 0.911 -0.305 -0.696 -0.397 -0.599 -0.696 -0.397 -0.598 0.685 0.398 0.61 0.266 -0.91 0.318 -0.697 -0.397 -0.598 0.241 -0.742 -0.625 0.907 0.399 -0.136 0.907 0.399 -0.135 0.241 -0.743 -0.625 -0.235 0.733 0.639 -0.234 0.732 0.639 -0.901 -0.408 0.15 -0.9 -0.409 0.15 0.907 0.398 -0.135 0.241 -0.743 -0.624 -0.234 0.732 0.64 -0.9 -0.409 0.151 0.231 -0.786 0.573 0.963 0.119 -0.243 0.963 0.12 -0.242 0.231 -0.786 0.574 -0.229 0.796 -0.561 -0.229 0.796 -0.56 -0.961 -0.11 0.256 -0.96 -0.11 0.256 0.963 0.12 -0.241 0.231 -0.785 0.575 -0.229 0.797 -0.559 -0.96 -0.109 0.257 0.261 -0.845 -0.467 0.662 -0.171 0.73 -0.271 0.837 0.475 -0.672 0.164 -0.722 -0.673 0.163 -0.722 0.661 -0.172 0.73 0.26 -0.846 -0.466 -0.272 0.837 0.476 -0.673 0.163 -0.721 0.279 -0.868 -0.412 0.498 0.479 -0.723 0.499 0.479 -0.723 0.28 -0.868 -0.411 -0.267 0.867 0.42 -0.266 0.867 0.42 -0.486 -0.478 0.731 -0.485 -0.478 0.732 0.499 0.479 -0.722 -0.266 0.867 0.421 0.241 0.678 0.695 -0.522 0.563 0.641 -0.63 0.775 0.048 0.354 0.93 0.1 -0.801 -0.156 0.578 -0.988 -0.149 -0.032 -0.317 -0.759 0.568 -0.367 -0.928 -0.061 0.446 -0.643 0.622 0.623 -0.782 -0.011 0.725 0.075 0.685 0.986 0.152 0.07 -0.63 0.772 0.084 0.354 0.93 0.095 -0.988 -0.152 0.009 -0.368 -0.928 -0.056 0.624 -0.78 -0.046 0.988 0.154 0.03 -0.627 0.773 0.099 0.362 0.928 0.087 -0.987 -0.157 0.031 -0.36 -0.931 -0.049 0.626 -0.777 -0.061 0.988 0.152 0.007 -0.623 0.779 0.064 0.371 0.925 0.079 -0.987 -0.16 0.004 -0.352 -0.935 -0.041 0.629 -0.777 -0.025 0.989 0.145 0.034 -0.62 0.785 -0.01 0.374 0.925 0.071 -0.986 -0.158 -0.061 -0.35 -0.936 -0.031 0.626 -0.778 0.049 0.985 0.141 0.099 -0.42 0.621 -0.662 0.357 0.74 -0.57 -0.706 -0.114 -0.699 -0.217 -0.733 -0.644 0.561 -0.616 -0.552 0.848 0.122 -0.515 -0.06 -0.063 0.996 0.114 0.006 -0.993 0.284 0.783 0.553 -0.75 0.533 -0.391 -0.751 0.533 -0.39 0.283 0.783 0.554 -0.294 -0.788 -0.541 -0.294 -0.789 -0.54 0.74 -0.537 0.404 0.74 -0.538 0.405 -0.751 0.532 -0.39 0.283 0.783 0.555 -0.295 -0.789 -0.539 0.739 -0.538 0.405 0.346 0.894 0.285 -0.692 0.051 0.72 -0.692 0.05 0.721 0.347 0.893 0.286 -0.337 -0.901 -0.274 -0.336 -0.901 -0.274 0.702 -0.058 -0.71 0.703 -0.058 -0.709 -0.691 0.05 0.721 -0.336 -0.902 -0.273 0.34 0.844 -0.415 -0.902 0.183 -0.391 -0.902 0.184 -0.391 -0.344 -0.834 0.43 -0.345 -0.834 0.431 0.897 -0.174 0.406 0.897 -0.174 0.407 -0.902 0.184 -0.39 0.34 0.845 -0.414 -0.345 -0.833 0.432 0.896 -0.173 0.408 0.188 0.551 0.813 -0.937 0.348 -0.018 -0.938 0.348 -0.017 -0.193 -0.563 -0.804 -0.193 -0.564 -0.803 0.933 -0.36 0.027 0.932 -0.36 0.028 -0.938 0.347 -0.017 0.188 0.55 0.814 -0.194 -0.564 -0.803 0.932 -0.361 0.029 0.445 0.518 0.731 -0.273 0.758 0.592 -0.213 0.977 -0.015 0.725 0.672 0.15 -0.841 0.244 0.484 -0.94 0.308 -0.146 -0.684 -0.516 0.516 -0.738 -0.665 -0.113 0.041 -0.753 0.657 0.196 -0.979 0.051 0.602 -0.234 0.763 0.933 -0.31 0.183 -0.211 0.977 -0.027 0.736 0.667 0.115 -0.946 0.302 -0.122 -0.738 -0.671 -0.076 0.196 -0.978 0.064 0.935 -0.315 0.16 -0.206 0.975 -0.078 0.744 0.665 0.061 -0.947 0.298 -0.118 -0.742 -0.67 -0.021 0.191 -0.975 0.115 0.936 -0.316 0.157 -0.207 0.971 -0.123 0.746 0.666 -0.005 -0.948 0.301 -0.098 -0.75 -0.66 0.043 0.186 -0.969 0.16 0.94 -0.313 0.138 -0.211 0.97 -0.124 0.742 0.666 -0.071 -0.949 0.314 -0.035 -0.756 -0.645 0.107 0.184 -0.969 0.162 0.946 -0.314 0.074 -0.176 0.684 -0.708 0.571 0.431 -0.699 -0.77 0.169 -0.615 -0.613 -0.6 -0.513 0.138 -0.852 -0.505 0.728 -0.335 -0.598 -0.183 0.006 0.983 -0.031 -0.136 -0.99 0.544 0.569 0.617 -0.248 0.797 -0.55 -0.249 0.797 -0.55 -0.556 -0.566 -0.608 -0.557 -0.566 -0.608 0.236 -0.795 0.559 0.236 -0.794 0.56 -0.249 0.797 -0.549 0.543 0.569 0.618 -0.557 -0.566 -0.607 0.235 -0.794 0.56 0.749 0.64 -0.171 -0.502 0.71 0.494 -0.501 0.71 0.495 0.75 0.64 -0.17 -0.742 -0.644 0.186 -0.742 -0.644 0.187 0.509 -0.715 -0.479 0.51 -0.715 -0.478 0.75 0.639 -0.169 -0.741 -0.645 0.188 0.469 0.319 -0.824 -0.868 0.285 -0.407 -0.868 0.286 -0.407 0.469 0.32 -0.823 -0.467 -0.305 0.83 0.869 -0.271 0.414 0.869 -0.27 0.414 -0.867 0.287 -0.407 0.469 0.321 -0.823 -0.467 -0.304 0.831 0.869 -0.27 0.415 0.503 0.534 0.679 -0.672 0.736 -0.08 -0.673 0.736 -0.079 0.503 0.534 0.68 -0.513 -0.541 -0.667 -0.513 -0.541 -0.666 0.663 -0.743 0.092 0.663 -0.743 0.093 -0.673 0.735 -0.078 0.502 0.534 0.68 -0.514 -0.542 -0.665 0.662 -0.743 0.094 0.504 0.343 -0.792 -0.282 0.927 0.246 -0.281 0.927 0.246 0.505 0.343 -0.792 -0.49 -0.341 0.802 -0.489 -0.341 0.803 0.296 -0.926 -0.236 0.297 -0.925 -0.235 -0.281 0.927 0.247 0.506 0.344 -0.791 0.298 -0.925 -0.235 0.656 0.643 0.396 -0.229 0.65 -0.724 -0.23 0.65 -0.724 0.655 0.643 0.397 -0.668 -0.636 -0.386 -0.669 -0.636 -0.385 0.217 -0.643 0.734 0.216 -0.643 0.735 -0.231 0.651 -0.723 0.654 0.643 0.397 -0.67 -0.635 -0.385 0.216 -0.642 0.736 0.676 0.643 0.36 -0.724 0.551 0.415 -0.724 0.55 0.415 0.676 0.642 0.361 -0.675 -0.651 -0.346 0.726 -0.559 -0.401 0.726 -0.56 -0.4 -0.724 0.55 0.416 0.676 0.642 0.362 -0.675 -0.652 -0.345 0.683 0.559 -0.47 -0.719 0.595 -0.358 -0.719 0.595 -0.359 0.683 0.558 -0.471 -0.679 -0.532 0.505 -0.679 -0.533 0.505 0.722 -0.569 0.394 0.722 -0.569 0.393 -0.627 0.143 -0.765 0.512 0.115 -0.851 -0.609 -0.791 -0.062 0.555 -0.817 -0.156 -0.072 -0.582 -0.81 0.394 -0.749 0.532 0.875 -0.125 0.467 0.975 -0.142 -0.171 0.363 -0.929 -0.067 0.586 0.606 0.538 0.606 0.791 -0.084 -0.185 0.716 0.673 -0.37 0.923 0.106 -0.669 0.092 0.738 -0.969 0.132 0.206 -0.378 -0.642 0.667 -0.604 -0.787 0.12 0.973 -0.138 -0.184 0.372 -0.926 -0.063 0.607 0.788 -0.104 -0.362 0.927 0.098 -0.966 0.137 0.22 -0.597 -0.79 0.139 0.98 -0.134 -0.145 0.382 -0.922 -0.056 0.617 0.784 -0.074 -0.355 0.931 0.088 -0.973 0.143 0.181 -0.599 -0.793 0.108 0.988 -0.135 -0.07 0.384 -0.922 -0.045 0.625 0.781 -0.009 -0.354 0.932 0.079 -0.984 0.146 0.107 -0.608 -0.793 0.044 0.99 -0.141 -0.008 0.377 -0.925 -0.034 0.623 0.781 0.044 -0.363 0.929 0.07 -0.989 0.144 0.044 -0.615 -0.789 -0.008 0.803 -0.084 -0.59 0.305 -0.718 -0.625 0.505 0.664 -0.552 -0.294 0.781 -0.55 -0.796 0.148 -0.586 -0.496 -0.604 -0.624 0.171 -0.028 0.985 0.009 0.053 -0.999 0.377 -0.894 0.24 0.737 0.455 0.5 0.736 0.455 0.501 0.377 -0.894 0.241 -0.387 0.894 -0.227 -0.387 0.894 -0.226 -0.746 -0.455 -0.487 -0.746 -0.455 -0.486 0.735 0.455 0.502 0.376 -0.894 0.242 -0.388 0.894 -0.225 -0.747 -0.455 -0.485 0.119 -0.477 -0.871 0.749 0.621 -0.23 0.75 0.62 -0.229 0.12 -0.478 -0.87 -0.109 0.468 0.877 -0.108 0.467 0.878 -0.739 -0.631 0.236 0.751 0.62 -0.229 0.12 -0.479 -0.87 -0.738 -0.632 0.236 0.353 -0.748 0.562 0.936 0.295 -0.19 0.353 -0.747 0.562 -0.354 0.758 -0.549 -0.354 0.758 -0.548 -0.937 -0.285 0.203 -0.937 -0.285 0.204 0.936 0.296 -0.189 0.353 -0.747 0.563 -0.354 0.759 -0.547 -0.937 -0.284 0.205 0.235 -0.733 -0.639 0.921 -0.061 0.386 0.92 -0.061 0.386 0.235 -0.733 -0.638 -0.24 0.723 0.648 -0.925 0.051 -0.377 -0.925 0.051 -0.376 0.92 -0.062 0.387 0.235 -0.734 -0.638 -0.24 0.722 0.649 -0.925 0.05 -0.376 0.324 -0.866 -0.382 0.303 0.489 -0.818 0.304 0.49 -0.817 0.325 -0.866 -0.381 -0.309 0.868 0.388 -0.308 0.868 0.388 -0.288 -0.487 0.824 -0.288 -0.487 0.825 0.305 0.49 -0.817 0.326 -0.865 -0.381 -0.308 0.869 0.389 -0.287 -0.487 0.825 0.343 -0.729 0.593 0.744 0.602 0.29 0.743 0.602 0.291 0.342 -0.728 0.594 -0.353 0.735 -0.579 -0.754 -0.595 -0.277 -0.755 -0.595 -0.276 0.743 0.603 0.292 0.341 -0.728 0.594 -0.354 0.735 -0.578 0.256 -0.753 -0.606 0.889 0.43 -0.157 0.889 0.43 -0.158 0.255 -0.752 -0.607 -0.229 0.721 0.654 -0.229 0.721 0.653 -0.863 -0.463 0.203 -0.863 -0.462 0.202 0.5 0.663 -0.557 -0.033 -0.328 -0.944 -0.432 0.895 0.116 -0.963 -0.084 -0.255 -0.424 0.525 -0.738 0.457 -0.671 0.584 0.838 0.013 0.545 0.999 0.017 -0.05 0.518 -0.855 -0.026 0.439 0.688 0.578 0.493 0.87 -0.006 -0.343 0.678 0.651 -0.5 0.864 0.062 -0.724 -0.007 0.689 -0.996 -0.008 0.087 -0.325 -0.682 0.656 -0.483 -0.875 0.043 1 0.013 -0.023 0.511 -0.859 -0.029 0.491 0.871 0.024 -0.507 0.86 0.066 -0.998 -0.011 0.06 -0.489 -0.872 0.012 0.999 0.008 -0.045 0.502 -0.864 -0.034 0.486 0.874 0.008 -0.515 0.854 0.071 -0.996 -0.016 0.082 -0.493 -0.87 0.03 0.994 0.007 -0.106 0.499 -0.866 -0.039 0.48 0.876 -0.047 -0.516 0.853 0.078 -0.99 -0.018 0.143 -0.488 -0.869 0.085 0.987 0.01 -0.161 0.504 -0.862 -0.045 0.476 0.874 -0.096 -0.509 0.857 0.084 -0.98 -0.014 0.197 -0.477 -0.869 0.133 0.668 -0.015 -0.744 0.288 -0.714 -0.639 0.262 0.675 -0.689 -0.525 0.666 -0.53 -0.905 -0.033 -0.425 -0.498 -0.722 -0.479 0.092 0.005 0.996 -0.198 -0.04 -0.979 0.527 -0.828 0.19 0.568 0.174 -0.804 0.569 0.175 -0.804 0.527 -0.828 0.191 -0.515 0.838 -0.181 -0.515 0.838 -0.18 -0.557 -0.165 0.814 -0.556 -0.164 0.815 0.569 0.175 -0.803 0.528 -0.827 0.192 -0.514 0.839 -0.18 -0.555 -0.164 0.815 0.515 -0.816 0.262 0.649 0.573 0.501 0.515 -0.816 0.263 -0.523 0.815 -0.251 -0.523 0.815 -0.25 -0.657 -0.574 -0.489 0.648 0.573 0.502 0.514 -0.816 0.264 -0.524 0.814 -0.25 -0.657 -0.574 -0.488 0.338 -0.69 -0.64 0.762 0.6 -0.244 0.762 0.6 -0.243 0.339 -0.69 -0.639 -0.329 0.683 0.652 -0.328 0.683 0.653 -0.752 -0.607 0.256 -0.752 -0.608 0.256 0.763 0.6 -0.242 0.339 -0.691 -0.639 -0.327 0.682 0.654 -0.751 -0.608 0.257 0.487 -0.704 0.518 0.871 0.339 -0.355 0.871 0.34 -0.354 0.487 -0.703 0.519 -0.485 0.713 -0.506 -0.485 0.714 -0.505 -0.87 -0.33 0.367 -0.87 -0.329 0.367 0.871 0.341 -0.353 -0.485 0.714 -0.504 -0.87 -0.329 0.368 0.4 -0.777 -0.487 0.784 0.01 0.621 0.783 0.01 0.621 0.399 -0.777 -0.487 -0.406 0.767 0.496 -0.407 0.767 0.496 -0.791 -0.02 -0.612 0.783 0.009 0.622 0.399 -0.777 -0.486 -0.407 0.766 0.497 -0.791 -0.021 -0.611 0.428 -0.792 -0.435 0.283 0.577 -0.766 0.284 0.578 -0.765 0.429 -0.792 -0.435 -0.416 0.795 0.442 -0.415 0.795 0.442 -0.271 -0.575 0.772 -0.27 -0.574 0.773 0.285 0.578 -0.765 0.43 -0.791 -0.435 -0.415 0.795 0.443 -0.269 -0.574 0.773 0.421 0.616 0.665 -0.375 0.572 0.73 -0.533 0.83 0.162 0.468 0.878 0.1 -0.741 -0.134 0.658 -0.995 -0.061 0.077 -0.313 -0.793 0.523 -0.451 -0.89 -0.067 0.479 -0.748 0.459 0.541 -0.832 -0.126 0.847 -0.045 0.53 0.998 0.046 -0.044 -0.537 0.836 0.112 0.467 0.88 0.09 -0.998 -0.057 0.039 -0.451 -0.891 -0.056 0.542 -0.837 -0.077 0.999 0.041 -0.005 -0.542 0.836 0.079 0.459 0.885 0.074 -0.998 -0.052 0.022 -0.457 -0.888 -0.039 0.539 -0.841 -0.044 0.999 0.044 0.013 -0.546 0.833 0.09 0.45 0.891 0.056 -0.997 -0.05 0.053 -0.464 -0.886 -0.02 0.535 -0.843 -0.055 0.999 0.051 -0.017 -0.543 0.829 0.132 0.447 0.894 0.038 -0.992 -0.053 0.113 -0.463 -0.886 0 0.533 -0.841 -0.096 0.995 0.057 -0.077 -0.516 0.723 -0.46 0.29 0.772 -0.566 -0.884 -0.001 -0.467 -0.45 -0.679 -0.58 0.356 -0.634 -0.686 0.728 0.092 -0.679 0.089 -0.149 0.985 -0.139 0.078 -0.987 0.425 0.888 -0.176 -0.685 0.169 -0.709 -0.685 0.169 -0.708 -0.435 -0.881 0.186 0.676 -0.162 0.719 0.675 -0.162 0.72 -0.686 0.17 -0.708 0.424 0.888 -0.175 -0.436 -0.881 0.187 0.675 -0.161 0.72 0.418 0.678 0.605 -0.898 0.16 0.409 -0.898 0.16 0.41 0.418 0.677 0.606 -0.415 -0.689 -0.595 -0.414 -0.69 -0.594 0.901 -0.172 -0.399 0.901 -0.172 -0.398 -0.898 0.159 0.41 -0.414 -0.69 -0.593 0.901 -0.173 -0.398 0.221 0.603 -0.766 -0.843 0.515 0.156 -0.843 0.515 0.157 0.222 0.604 -0.765 -0.213 -0.593 0.777 -0.212 -0.592 0.777 0.851 -0.504 -0.146 0.852 -0.503 -0.146 -0.842 0.516 0.157 0.222 0.605 -0.765 -0.212 -0.592 0.778 0.852 -0.503 -0.145 0.415 0.69 0.593 -0.773 0.617 -0.151 -0.773 0.616 -0.151 0.415 0.689 0.594 -0.423 -0.696 -0.58 -0.424 -0.696 -0.579 0.765 -0.623 0.164 0.764 -0.624 0.164 -0.774 0.616 -0.15 0.414 0.689 0.595 0.764 -0.624 0.165 0.465 0.882 0.074 -0.494 0.186 0.85 -0.493 0.185 0.85 0.466 0.882 0.075 -0.453 -0.889 -0.066 -0.452 -0.89 -0.066 0.506 -0.193 -0.841 0.507 -0.193 -0.84 -0.492 0.185 0.851 0.467 0.881 0.075 -0.451 -0.89 -0.065 0.508 -0.194 -0.84 0.5 0.58 0.644 -0.285 0.718 0.635 -0.348 0.934 0.078 0.635 0.77 0.065 -0.795 0.108 0.596 -0.984 0.175 0.031 -0.522 -0.638 0.566 -0.649 -0.761 -0.029 0.261 -0.775 0.575 0.339 -0.94 -0.042 0.772 -0.167 0.613 0.986 -0.169 0.005 -0.343 0.933 0.104 0.641 0.765 0.061 -0.984 0.169 0.06 -0.642 -0.766 -0.026 0.342 -0.937 -0.068 0.985 -0.171 -0.025 -0.339 0.937 0.082 0.649 0.759 0.056 -0.985 0.165 0.043 -0.635 -0.772 -0.021 0.346 -0.937 -0.047 0.984 -0.178 -0.008 -0.338 0.941 0.024 0.651 0.757 0.051 -0.986 0.166 -0.009 -0.633 -0.774 -0.015 0.347 -0.938 0.012 0.982 -0.181 0.045 -0.338 0.941 -0.029 0.646 0.762 0.045 -0.984 0.17 -0.056 -0.638 -0.77 -0.009 0.341 -0.938 0.065 0.98 -0.177 0.092 -0.223 0.739 -0.636 0.575 0.596 -0.561 -0.747 0.114 -0.655 -0.47 -0.648 -0.599 0.326 -0.786 -0.525 0.847 -0.166 -0.505 -0.019 -0.049 0.999 0.09 -0.045 -0.995 0.612 0.742 0.273 -0.373 0.591 -0.716 -0.374 0.591 -0.715 0.611 0.743 0.273 -0.624 -0.736 -0.262 -0.625 -0.735 -0.262 0.361 -0.585 0.727 0.36 -0.584 0.727 -0.374 0.591 -0.714 0.611 0.743 0.274 -0.626 -0.735 -0.261 0.359 -0.584 0.728 0.606 0.719 0.34 -0.755 0.356 0.55 -0.755 0.356 0.551 0.606 0.718 0.341 -0.602 -0.727 -0.33 0.759 -0.364 -0.54 0.759 -0.365 -0.539 -0.755 0.355 0.551 0.607 0.718 0.341 -0.602 -0.728 -0.329 0.535 0.636 -0.556 -0.823 0.547 -0.154 -0.823 0.547 -0.153 0.535 0.636 -0.555 -0.532 -0.627 0.57 -0.532 -0.626 0.571 0.827 -0.537 0.167 0.827 -0.536 0.168 -0.823 0.548 -0.153 0.535 0.637 -0.555 -0.531 -0.625 0.571 0.827 -0.536 0.169 0.518 0.626 0.583 -0.616 0.751 -0.239 0.517 0.626 0.584 -0.527 -0.629 -0.571 -0.528 -0.629 -0.571 0.606 -0.754 0.251 0.606 -0.755 0.252 -0.617 0.75 -0.238 -0.528 -0.63 -0.57 0.605 -0.755 0.252 0.596 0.699 -0.395 -0.263 0.659 0.704 -0.263 0.659 0.705 0.597 0.698 -0.395 -0.585 -0.703 0.403 -0.585 -0.704 0.404 0.274 -0.663 -0.696 0.275 -0.664 -0.696 -0.262 0.659 0.705 -0.584 -0.704 0.404 0.275 -0.664 -0.695 0.601 0.723 -0.341 -0.664 0.178 -0.726 -0.664 0.179 -0.726 -0.608 -0.713 0.349 0.657 -0.169 0.734 0.657 -0.168 0.735 -0.665 0.18 -0.725 0.6 0.724 -0.34 -0.609 -0.712 0.35 0.657 -0.167 0.735 0.794 -0.171 0.584 0.579 0.594 0.559 0.7 0.713 -0.045 0.968 -0.251 -0.008 -0.191 0.792 0.58 -0.27 0.963 -0.019 -0.747 0.225 0.626 -0.968 0.248 0.044 -0.533 -0.541 0.651 -0.697 -0.713 0.081 0.238 -0.739 0.63 0.269 -0.961 0.055 0.697 0.716 -0.034 0.97 -0.242 -0.007 -0.265 0.964 -0.01 -0.966 0.256 0.042 -0.7 -0.711 0.07 0.273 -0.961 0.045 0.698 0.717 0.005 0.97 -0.241 -0.005 -0.264 0.964 0.028 -0.966 0.257 0.041 -0.702 -0.711 0.031 0.273 -0.962 0.008 0.7 0.713 0.03 0.969 -0.248 -0.003 -0.267 0.962 0.051 -0.968 0.25 0.039 -0.7 -0.714 0.005 0.269 -0.963 -0.015 0.704 0.711 0.012 0.966 -0.257 -0.001 -0.272 0.962 0.031 -0.97 0.241 0.037 -0.696 -0.717 0.023 0.265 -0.964 0.005 0.555 0.571 -0.605 0.774 -0.212 -0.597 -0.231 0.773 -0.59 -0.8 0.193 -0.568 -0.581 -0.59 -0.56 0.205 -0.792 -0.575 0.039 0.045 0.998 -0.022 -0.016 -1 0.883 -0.231 -0.408 -0.215 0.617 -0.757 -0.215 0.618 -0.756 0.884 -0.231 -0.407 -0.876 0.245 0.415 -0.876 0.245 0.416 0.223 -0.604 0.765 -0.214 0.619 -0.756 0.884 -0.23 -0.407 -0.875 0.246 0.416 0.224 -0.603 0.766 0.593 -0.132 0.795 -0.164 0.952 0.258 -0.165 0.952 0.258 0.592 -0.133 0.795 -0.605 0.128 -0.786 -0.606 0.128 -0.785 0.152 -0.956 -0.25 0.151 -0.957 -0.249 -0.166 0.952 0.259 0.591 -0.133 0.796 -0.606 0.127 -0.785 0.15 -0.957 -0.249 0.669 -0.193 -0.718 0.217 0.975 -0.057 0.217 0.974 -0.057 0.67 -0.193 -0.717 -0.659 0.191 0.727 -0.659 0.191 0.728 -0.206 -0.976 0.067 0.218 0.974 -0.056 0.67 -0.193 -0.716 -0.658 0.191 0.728 -0.205 -0.976 0.068 0.911 -0.22 0.348 0.387 0.79 -0.475 0.911 -0.219 0.349 -0.913 0.228 -0.337 -0.914 0.229 -0.336 -0.39 -0.782 0.487 -0.39 -0.781 0.487 0.387 0.791 -0.474 -0.39 -0.781 0.488 0.967 -0.252 0.043 0.153 0.717 0.68 0.153 0.717 0.681 0.967 -0.253 0.044 -0.97 0.243 -0.033 -0.97 0.242 -0.032 -0.156 -0.726 -0.669 -0.156 -0.727 -0.669 0.153 0.716 0.681 0.966 -0.253 0.044 -0.97 0.241 -0.032 -0.156 -0.727 -0.668 0.7 -0.196 -0.687 -0.138 0.918 -0.373 -0.137 0.918 -0.372 -0.689 0.202 0.696 -0.689 0.202 0.697 0.149 -0.912 0.382 0.701 -0.195 -0.686 -0.688 0.202 0.697 0.15 -0.912 0.383 0.67 -0.151 0.727 0.202 0.979 0.013 0.201 0.979 0.014 0.669 -0.151 0.728 -0.68 0.153 -0.717 -0.681 0.153 -0.717 -0.212 -0.977 -0.004 -0.213 -0.977 -0.004 0.201 0.98 0.015 0.669 -0.15 0.728 -0.681 0.153 -0.716 -0.213 -0.977 -0.003 0.798 -0.225 -0.559 0.476 0.819 0.321 0.476 0.818 0.322 -0.793 0.217 0.57 -0.792 0.217 0.57 -0.47 -0.826 -0.311 0.477 0.818 0.323 0.798 -0.225 -0.558 -0.792 0.216 0.571 -0.47 -0.826 -0.31 0.726 -0.174 0.665 0.072 0.984 0.164 0.073 0.984 0.163 0.727 -0.174 0.664 -0.765 0.171 -0.621 -0.764 0.171 -0.622 -0.112 -0.986 -0.122 -0.111 -0.986 -0.122 0.453 0.847 -0.278 0.985 -0.113 0.129 -0.241 0.175 -0.955 0.303 -0.799 -0.52 0.688 0.051 -0.724 -0.709 0.111 0.697 -0.445 -0.626 0.64 -0.643 -0.765 0.044 -0.977 0.175 0.121 0.324 -0.763 0.56 0.338 -0.939 -0.06 0.829 -0.162 0.536 0.981 -0.173 -0.084 0.565 0.575 0.592 0.645 0.765 -0.006 -0.204 0.711 0.672 -0.333 0.938 0.096 -0.639 -0.768 0.055 -0.978 0.167 0.122 0.335 -0.941 -0.049 0.98 -0.181 -0.086 0.647 0.762 -0.018 -0.338 0.937 0.086 -0.634 -0.768 0.095 -0.978 0.166 0.125 0.338 -0.941 -0.011 0.979 -0.182 -0.087 0.643 0.763 -0.059 -0.343 0.938 0.048 -0.633 -0.765 0.121 -0.977 0.173 0.127 0.344 -0.939 0.013 0.981 -0.175 -0.09 0.638 0.766 -0.085 -0.342 0.939 0.024 -0.639 -0.762 0.103 -0.975 0.183 0.128 0.347 -0.938 -0.008 0.982 -0.165 -0.092 0.636 0.769 -0.065 -0.335 0.941 0.044 -0.58 -0.607 -0.543 -0.851 0.147 -0.503 0.205 -0.747 -0.633 0.719 -0.132 -0.682 0.447 0.622 -0.642 -0.338 0.762 -0.553 0.097 -0.041 0.994 -0.111 0.013 -0.994 -0.941 0.16 -0.299 0.154 -0.59 -0.792 0.154 -0.591 -0.792 -0.941 0.16 -0.298 0.935 -0.174 0.308 0.935 -0.175 0.308 -0.159 0.577 0.801 -0.16 0.576 0.802 0.154 -0.592 -0.791 -0.941 0.159 -0.298 0.935 -0.175 0.309 -0.16 0.575 0.802 -0.477 0.088 0.875 0.27 -0.933 0.239 0.271 -0.933 0.239 -0.476 0.088 0.875 0.49 -0.083 -0.868 0.49 -0.082 -0.868 -0.257 0.938 -0.232 -0.256 0.939 -0.232 0.271 -0.932 0.239 -0.475 0.089 0.875 0.491 -0.082 -0.867 -0.255 0.939 -0.231 -0.76 0.135 -0.636 -0.147 -0.989 -0.034 -0.147 -0.988 -0.034 -0.76 0.135 -0.635 0.751 -0.134 0.647 0.75 -0.134 0.648 0.138 0.989 0.045 0.137 0.989 0.046 -0.148 -0.988 -0.033 -0.761 0.135 -0.635 0.137 0.99 0.046 -0.866 0.15 0.477 -0.384 -0.813 -0.437 -0.383 -0.814 -0.437 -0.866 0.15 0.478 0.87 -0.158 -0.466 0.871 -0.159 -0.466 0.388 0.805 0.448 0.389 0.805 0.449 -0.383 -0.814 -0.436 -0.865 0.149 0.478 0.871 -0.159 -0.465 0.389 0.804 0.449 -0.969 0.177 0.174 -0.004 -0.711 0.703 -0.004 -0.71 0.704 -0.969 0.178 0.174 0.972 -0.168 -0.163 0.972 -0.167 -0.163 0.007 0.721 -0.693 0.008 0.721 -0.693 -0.003 -0.71 0.705 -0.968 0.179 0.175 0.973 -0.166 -0.162 0.008 0.722 -0.692 -0.787 0.136 -0.602 0.155 -0.902 -0.403 0.778 -0.143 0.612 0.777 -0.143 0.613 -0.164 0.895 0.414 -0.165 0.895 0.414 0.154 -0.902 -0.402 -0.788 0.136 -0.601 -0.165 0.895 0.415 -0.563 0.1 0.82 -0.122 -0.992 0.037 -0.563 0.1 0.821 0.575 -0.101 -0.812 0.576 -0.101 -0.811 0.134 0.991 -0.028 0.135 0.99 -0.028 -0.121 -0.992 0.038 -0.562 0.1 0.821 0.135 0.99 -0.027 -0.872 0.158 -0.463 -0.362 -0.847 0.388 -0.363 -0.847 0.389 -0.872 0.159 -0.462 0.867 -0.151 0.474 0.867 -0.151 0.475 0.358 0.854 -0.377 0.357 0.855 -0.377 -0.363 -0.847 0.39 -0.873 0.159 -0.462 0.357 0.855 -0.376 -0.63 0.119 0.767 0.027 -0.984 0.174 0.026 -0.985 0.173 -0.631 0.119 0.767 0.675 -0.112 -0.729 0.674 -0.113 -0.73 0.018 0.991 -0.136 0.017 0.99 -0.136 -0.42 -0.879 -0.228 -0.964 0.038 0.264 0.118 -0.155 -0.981 -0.427 0.763 -0.485 -0.76 -0.105 -0.641 -0.265 0.723 0.638 -0.787 0.141 0.601 -0.978 0.207 -0.015 -0.31 0.95 0.039 -0.543 -0.602 0.585 -0.666 -0.745 -0.035 0.222 -0.764 0.606 0.313 -0.95 -0.002 0.744 -0.181 0.643 0.977 -0.206 0.052 0.5 0.562 0.659 0.666 0.742 0.072 -0.979 0.202 -0.003 -0.318 0.947 0.04 -0.67 -0.742 -0.025 0.305 -0.952 -0.003 0.977 -0.209 0.04 0.663 0.746 0.062 -0.979 0.201 0.038 -0.319 0.947 0.042 -0.67 -0.742 0.014 0.304 -0.953 -0.005 0.978 -0.209 -0 0.664 0.748 0.023 -0.977 0.204 0.064 -0.312 0.949 0.045 -0.666 -0.745 0.038 0.311 -0.95 -0.007 0.978 -0.205 -0.027 0.666 0.746 -0.001 -0.977 0.209 0.045 -0.303 0.952 0.047 -0.663 -0.748 0.017 0.32 -0.947 -0.01 0.98 -0.201 -0.008 0.67 0.742 0.02 -0.782 0.183 -0.596 -0.248 0.779 -0.576 -0.532 -0.577 -0.619 0.251 -0.741 -0.623 0.785 -0.145 -0.602 0.535 0.615 -0.579 -0.035 -0.033 0.999 0.003 0.031 -1 -0.288 0.879 -0.379 -0.411 -0.469 -0.782 -0.412 -0.469 -0.781 0.273 -0.881 0.388 0.272 -0.881 0.388 0.396 0.468 0.79 0.395 0.468 0.79 -0.413 -0.469 -0.781 -0.289 0.879 -0.378 0.271 -0.881 0.389 0.395 0.468 0.791 -0.184 0.521 0.834 -0.705 -0.66 0.258 -0.705 -0.661 0.259 -0.183 0.52 0.834 0.195 -0.529 -0.826 0.716 0.652 -0.251 0.717 0.651 -0.25 -0.704 -0.661 0.259 -0.183 0.52 0.835 0.196 -0.53 -0.825 -0.209 0.683 -0.7 -0.939 -0.34 -0.051 -0.21 0.683 -0.7 0.205 -0.673 0.71 0.205 -0.673 0.711 0.935 0.35 0.062 -0.939 -0.339 -0.05 -0.21 0.684 -0.699 0.205 -0.672 0.711 0.934 0.351 0.063 -0.296 0.865 0.406 -0.877 -0.079 -0.475 -0.877 -0.079 -0.474 0.29 -0.872 -0.394 0.871 0.071 0.486 0.871 0.071 0.487 -0.877 -0.079 -0.473 -0.296 0.864 0.407 0.29 -0.873 -0.393 0.87 0.071 0.487 -0.307 0.947 0.092 -0.657 -0.281 0.7 -0.656 -0.28 0.701 -0.306 0.947 0.093 0.317 -0.945 -0.082 0.317 -0.945 -0.081 0.667 0.283 -0.69 0.667 0.283 -0.689 -0.655 -0.28 0.701 -0.306 0.948 0.094 0.318 -0.945 -0.081 0.668 0.283 -0.689 -0.222 0.709 -0.669 -0.703 -0.591 -0.395 -0.704 -0.591 -0.395 -0.223 0.71 -0.668 0.212 -0.704 0.678 0.212 -0.703 0.679 0.693 0.597 0.405 0.692 0.597 0.405 -0.704 -0.59 -0.394 -0.224 0.71 -0.668 0.211 -0.703 0.679 0.692 0.597 0.406 -0.212 0.599 0.773 -0.933 -0.358 0.022 -0.933 -0.359 0.022 -0.212 0.598 0.773 0.216 -0.609 -0.763 0.937 0.348 -0.013 0.938 0.347 -0.012 -0.933 -0.359 0.023 -0.211 0.597 0.774 0.216 -0.61 -0.762 -0.25 0.806 -0.537 -0.933 -0.054 0.355 -0.933 -0.053 0.356 -0.249 0.806 -0.537 0.253 -0.797 0.548 0.253 -0.797 0.549 0.937 0.062 -0.344 0.937 0.063 -0.344 -0.249 0.807 -0.536 0.253 -0.796 0.549 0.937 0.063 -0.343 -0.225 0.662 0.715 -0.863 -0.476 0.172 -0.863 -0.475 0.171 -0.225 0.663 0.714 0.25 -0.696 -0.673 0.249 -0.696 -0.674 0.888 0.442 -0.13 0.887 0.443 -0.131 -0.961 -0.063 -0.269 -0.432 0.883 0.183 -0.037 -0.246 -0.969 0.492 0.699 -0.519 -0.42 0.57 -0.706 0.262 0.673 0.692 -0.525 0.566 0.636 -0.621 0.779 0.081 0.363 0.923 0.128 -0.82 -0.167 0.547 -0.99 -0.135 -0.028 -0.33 -0.792 0.514 -0.381 -0.92 -0.093 0.455 -0.684 0.57 0.613 -0.789 -0.047 0.751 0.047 0.659 0.988 0.14 0.065 -0.618 0.778 0.108 0.371 0.92 0.125 -0.99 -0.142 0 -0.374 -0.923 -0.089 0.616 -0.784 -0.072 0.99 0.139 0.035 -0.614 0.784 0.087 0.38 0.917 0.12 -0.989 -0.145 -0.017 -0.365 -0.927 -0.085 0.619 -0.784 -0.05 0.99 0.132 0.051 -0.611 0.791 0.028 0.383 0.916 0.115 -0.987 -0.142 -0.069 -0.363 -0.929 -0.078 0.617 -0.787 0.008 0.987 0.125 0.104 -0.609 0.793 -0.025 0.377 0.92 0.109 -0.984 -0.136 -0.116 -0.37 -0.926 -0.072 0.608 -0.791 0.061 0.98 0.126 0.151 -0.404 0.664 -0.629 0.393 0.768 -0.506 -0.709 -0.088 -0.7 -0.215 -0.731 -0.648 0.579 -0.624 -0.525 0.882 0.124 -0.454 -0.057 -0.099 0.993 0.152 0.031 -0.988 0.339 0.88 0.334 -0.497 0.481 -0.722 0.338 0.88 0.334 -0.353 -0.878 -0.324 -0.354 -0.878 -0.323 0.482 -0.48 0.733 0.481 -0.48 0.734 -0.498 0.481 -0.721 0.337 0.88 0.335 -0.355 -0.878 -0.323 0.337 0.852 0.4 -0.856 0.082 0.51 -0.856 0.082 0.511 0.337 0.852 0.401 -0.331 -0.859 -0.39 -0.331 -0.86 -0.39 0.861 -0.09 -0.5 0.862 -0.09 -0.499 -0.855 0.082 0.511 -0.33 -0.86 -0.389 0.343 0.794 -0.503 -0.942 0.276 -0.193 -0.942 0.277 -0.192 0.343 0.794 -0.502 -0.343 -0.784 0.517 -0.343 -0.784 0.518 0.941 -0.267 0.206 0.941 -0.266 0.207 -0.942 0.277 -0.191 0.343 0.795 -0.501 -0.343 -0.783 0.518 0.941 -0.266 0.208 0.268 0.725 0.634 -0.803 0.538 -0.259 -0.803 0.537 -0.258 0.268 0.725 0.635 -0.277 -0.732 -0.623 -0.277 -0.732 -0.622 0.794 -0.545 0.269 0.794 -0.545 0.27 -0.803 0.537 -0.257 0.267 0.724 0.635 0.793 -0.545 0.271 0.373 0.865 -0.336 -0.49 0.513 0.705 -0.489 0.513 0.705 0.374 0.865 -0.336 -0.362 -0.866 0.345 -0.361 -0.866 0.345 0.501 -0.514 -0.696 0.502 -0.514 -0.696 -0.489 0.513 0.706 0.374 0.864 -0.336 -0.361 -0.866 0.346 0.502 -0.514 -0.695 0.368 0.886 -0.281 -0.646 0.002 -0.764 -0.646 0.002 -0.763 0.367 0.887 -0.281 -0.377 -0.88 0.289 -0.378 -0.879 0.289 0.636 0.005 0.772 0.635 0.006 0.772 -0.647 0.002 -0.763 0.366 0.887 -0.28 -0.379 -0.879 0.29 0.635 0.006 0.773 -0.631 0.026 0.776 -0.232 -0.663 0.711 -0.465 -0.867 0.178 -0.972 -0.006 0.237 0.54 -0.659 0.524 0.505 -0.862 -0.04 0.916 0.028 0.4 0.979 -0.002 -0.202 0.526 0.715 0.462 0.483 0.863 -0.146 -0.248 0.719 0.649 -0.496 0.865 0.074 -0.468 -0.868 0.167 -0.979 -0.001 0.204 0.516 -0.857 -0.02 0.985 0.009 -0.169 0.484 0.865 -0.134 -0.496 0.867 0.052 -0.475 -0.872 0.121 -0.988 -0.003 0.154 0.52 -0.854 -0.017 0.993 0.015 -0.119 0.49 0.867 -0.087 -0.496 0.867 0.049 -0.475 -0.876 0.079 -0.995 -0.013 0.095 0.52 -0.854 0.002 0.998 0.013 -0.059 0.495 0.868 -0.044 -0.503 0.864 0.032 -0.472 -0.878 0.078 -0.999 -0.027 0.035 0.519 -0.853 0.061 1 0.008 0.001 0.496 0.867 -0.042 -0.513 0.858 -0.026 -0.38 -0.764 -0.521 -0.803 -0.071 -0.592 0.432 -0.745 -0.509 0.823 -0.037 -0.567 0.405 0.655 -0.638 -0.408 0.641 -0.65 0.244 0.044 0.969 0.022 -0.092 -0.996 -0.745 0.034 0.666 -0.379 -0.859 -0.344 -0.378 -0.86 -0.343 -0.745 0.033 0.667 0.753 -0.041 -0.656 0.754 -0.042 -0.656 0.387 0.852 0.353 0.388 0.851 0.354 -0.744 0.033 0.667 0.754 -0.042 -0.655 -0.998 -0.02 -0.06 -0.028 -0.79 0.613 -0.028 -0.789 0.614 -0.998 -0.019 -0.06 0.997 0.03 0.073 0.997 0.031 0.074 0.027 0.8 -0.6 0.027 0.8 -0.599 -0.028 -0.788 0.615 -0.998 -0.018 -0.059 0.027 0.801 -0.598 -0.671 -0.076 -0.738 0.445 -0.849 -0.286 0.444 -0.849 -0.286 -0.671 -0.076 -0.737 0.661 0.067 0.747 0.661 0.067 0.748 -0.454 0.841 0.295 -0.455 0.84 0.295 0.443 -0.85 -0.285 -0.672 -0.077 -0.737 0.66 0.066 0.748 -0.455 0.84 0.296 -0.689 0.044 0.723 0.033 -0.995 0.091 0.034 -0.995 0.091 -0.688 0.044 0.724 0.701 -0.042 -0.712 0.702 -0.042 -0.711 -0.021 0.997 -0.08 -0.02 0.997 -0.079 0.034 -0.995 0.092 -0.688 0.044 0.725 -0.71 -0.065 -0.702 -0.36 -0.838 0.41 -0.36 -0.837 0.411 -0.71 -0.064 -0.701 0.699 0.074 0.711 0.698 0.075 0.712 0.349 0.847 -0.401 0.348 0.847 -0.401 -0.361 -0.837 0.412 -0.711 -0.064 -0.701 0.698 0.075 0.713 0.347 0.848 -0.4 -0.887 0.013 0.462 -0.319 -0.778 -0.541 -0.318 -0.779 -0.541 -0.886 0.012 0.463 0.892 -0.024 -0.45 0.893 -0.025 -0.45 0.325 0.767 0.553 0.325 0.766 0.554 -0.318 -0.779 -0.54 0.893 -0.026 -0.449 0.326 0.766 0.555 -0.904 0.02 0.427 0.241 -0.824 0.513 0.241 -0.823 0.514 -0.904 0.021 0.428 0.909 -0.011 -0.416 -0.235 0.832 -0.502 -0.235 0.833 -0.501 0.242 -0.823 0.515 -0.903 0.021 0.429 0.91 -0.01 -0.415 -0.936 -0.053 -0.349 0.135 -0.973 -0.187 0.135 -0.973 -0.188 -0.935 -0.053 -0.35 0.921 0.042 0.387 0.921 0.042 0.386 -0.151 0.963 0.225 -0.15 0.963 0.224 0.329 -0.667 -0.669 -0.574 0.11 -0.811 0.966 0.184 -0.183 0.087 0.945 -0.316 0.374 0.265 -0.888 -0.775 0.024 0.631 -0.423 -0.663 0.617 -0.544 -0.839 -0.011 -0.999 0.052 0.015 0.349 -0.702 0.621 0.457 -0.89 -0.006 0.768 -0.053 0.639 0.999 -0.049 0.024 0.415 0.633 0.653 0.542 0.839 0.049 -0.355 0.672 0.649 -0.455 0.889 0.045 -0.54 -0.841 0.001 -0.999 0.044 0.016 0.453 -0.892 0.004 0.998 -0.057 0.022 0.545 0.837 0.037 -0.459 0.888 0.034 -0.54 -0.841 0.043 -0.999 0.043 0.018 0.452 -0.891 0.045 0.998 -0.058 0.021 0.546 0.838 -0.005 -0.46 0.888 -0.006 -0.542 -0.837 0.071 -0.999 0.05 0.02 0.455 -0.888 0.07 0.999 -0.051 0.018 0.543 0.839 -0.032 -0.457 0.889 -0.031 -0.547 -0.836 0.051 -0.998 0.059 0.022 0.459 -0.887 0.048 0.999 -0.041 0.016 0.539 0.842 -0.013 -0.452 0.892 -0.009 -0.432 -0.668 -0.606 -0.792 0.036 -0.609 0.358 -0.708 -0.609 0.787 -0.044 -0.616 0.426 0.66 -0.619 -0.363 0.7 -0.615 -0.006 -0.023 1 -0.004 -0.006 -1 -0.91 0.039 -0.413 0.303 -0.557 -0.773 0.303 -0.558 -0.773 -0.91 0.038 -0.413 0.905 -0.053 0.422 0.905 -0.054 0.422 -0.307 0.543 0.782 -0.307 0.542 0.782 0.302 -0.558 -0.773 -0.91 0.038 -0.412 0.905 -0.055 0.423 -0.308 0.541 0.783 -0.559 0.031 0.829 0.355 -0.887 0.294 0.356 -0.887 0.294 -0.558 0.032 0.829 0.57 -0.024 -0.821 0.571 -0.024 -0.821 -0.344 0.894 -0.286 -0.343 0.895 -0.285 0.357 -0.887 0.295 0.572 -0.024 -0.82 -0.683 0.035 -0.729 -0.018 -0.999 -0.033 -0.019 -0.999 -0.032 -0.684 0.035 -0.729 0.673 -0.035 0.739 0.672 -0.035 0.739 0.008 0.999 0.043 -0.02 -0.999 -0.031 -0.685 0.035 -0.728 0.672 -0.035 0.74 0.007 0.999 0.044 -0.918 0.042 0.394 -0.229 -0.85 -0.475 -0.228 -0.85 -0.474 0.923 -0.05 -0.382 0.923 -0.05 -0.381 0.233 0.842 0.487 -0.228 -0.851 -0.474 -0.918 0.042 0.395 0.923 -0.051 -0.38 0.233 0.841 0.488 -0.996 0.055 0.07 0.009 -0.687 0.726 0.009 -0.687 0.727 -0.996 0.056 0.07 0.997 -0.045 -0.059 0.997 -0.044 -0.058 -0.008 0.698 -0.716 0.009 -0.686 0.727 -0.996 0.057 0.071 -0.008 0.699 -0.715 -0.714 0.033 -0.699 0.307 -0.872 -0.381 0.306 -0.873 -0.381 -0.715 0.032 -0.699 0.705 -0.04 0.708 0.704 -0.04 0.709 -0.316 0.865 0.391 -0.316 0.864 0.391 0.306 -0.873 -0.38 -0.715 0.032 -0.698 0.704 -0.041 0.709 -0.317 0.864 0.392 -0.641 0.032 0.767 -0.002 -0.999 0.044 -0.001 -0.999 0.044 -0.64 0.032 0.768 0.652 -0.032 -0.758 0.652 -0.032 -0.757 0.012 0.999 -0.034 0.013 0.999 -0.033 -0 -0.999 0.045 -0.639 0.032 0.768 0.653 -0.032 -0.757 0.014 0.999 -0.033 -0.82 0.045 -0.571 -0.292 -0.879 0.377 -0.82 0.045 -0.57 0.813 -0.038 0.581 0.812 -0.038 0.582 0.286 0.886 -0.366 0.285 0.886 -0.366 -0.293 -0.878 0.378 -0.82 0.046 -0.57 0.812 -0.038 0.583 0.285 0.886 -0.365 -0.704 0.042 0.709 0.13 -0.971 0.201 0.129 -0.971 0.201 -0.705 0.042 0.708 0.744 -0.03 -0.667 0.744 -0.03 -0.668 -0.09 0.983 -0.158 -0.091 0.983 -0.158 -0.28 -0.923 -0.265 -0.983 -0.082 0.166 0.232 -0.138 -0.963 -0.458 0.692 -0.558 -0.654 -0.198 -0.73</float_array><technique_common><accessor source="#ROW_01_SEG1_solid-nrm-a" count="1805" stride="3"><param name="X" type="float"/><param name="Y" type="float"/><param name="Z" type="float"/></accessor></technique_common></source>
        <vertices id="ROW_01_SEG1_solid-vtx"><input semantic="POSITION" source="#ROW_01_SEG1_solid-pos"/></vertices>
        <triangles count="2936" material="MAT_COTTON_STEM-mat"><input semantic="VERTEX" source="#ROW_01_SEG1_solid-vtx" offset="0"/><input semantic="NORMAL" source="#ROW_01_SEG1_solid-nrm" offset="1"/><p>0 0 1 1 2 2 0 0 2 2 3 3 1 1 4 4 5 5 1 1 5 5 2 2 4 4 6 6 7 7 4 4 7 7 5 5 6 6 8 8 9 9 6 6 9 9 7 7 8 8 10 10 11 11 8 8 11 11 9 9 10 10 0 0 3 3 10 10 3 3 11 11 3 3 2 2 12 12 3 3 12 12 13 13 2 2 5 5 14 14 2 2 14 14 12 12 5 5 7 7 15 15 5 5 15 15 14 14 7 7 9 9 16 16 7 7 16 16 15 15 9 9 11 11 17 17 9 9 17 17 16 16 11 11 3 3 13 13 11 11 13 13 17 17 13 13 12 12 18 18 13 13 18 18 19 19 12 12 14 14 20 20 12 12 20 20 18 18 14 14 15 15 21 21 14 14 21 21 20 20 15 15 16 16 22 22 15 15 22 22 21 21 16 16 17 17 23 23 16 16 23 23 22 22 17 17 13 13 19 19 17 17 19 19 23 23 19 19 18 18 24 24 19 19 24 24 25 25 18 18 20 20 26 26 18 18 26 26 24 24 20 20 21 21 27 27 20 20 27 27 26 26 21 21 22 22 28 28 21 21 28 28 27 27 22 22 23 23 29 29 22 22 29 29 28 28 23 23 19 19 25 25 23 23 25 25 29 29 25 25 24 24 30 30 25 25 30 30 31 31 24 24 26 26 32 32 24 24 32 32 30 30 26 26 27 27 33 33 26 26 33 33 32 32 27 27 28 28 34 34 27 27 34 34 33 33 28 28 29 29 35 35 28 28 35 35 34 34 29 29 25 25 31 31 29 29 31 31 35 35 31 31 30 30 36 36 31 31 36 36 37 37 30 30 32 32 38 38 30 30 38 38 36 36 32 32 33 33 39 39 32 32 39 39 38 38 33 33 34 34 40 40 33 33 40 40 39 39 34 34 35 35 41 41 34 34 41 41 40 40 35 35 31 31 37 37 35 35 37 37 41 41 0 0 1 1 42 42 1 1 4 4 42 42 4 4 6 6 42 42 6 6 8 8 42 42 8 8 10 10 42 42 10 10 0 0 42 42 36 36 37 37 43 43 38 38 36 36 43 43 39 39 38 38 43 43 40 40 39 39 43 43 41 41 40 40 43 43 37 37 41 41 43 43 44 44 45 45 46 46 44 44 46 46 47 44 45 45 48 47 49 48 45 45 49 48 46 46 48 47 50 49 51 50 48 47 51 50 49 48 50 49 44 44 47 44 50 49 47 44 51 50 47 44 46 46 52 51 47 44 52 51 53 52 46 46 49 48 54 53 46 46 54 53 52 51 49 48 51 50 55 54 49 48 55 54 54 53 51 50 47 44 53 52 51 50 53 52 55 54 56 55 57 56 58 57 56 55 58 57 59 55 57 56 60 58 61 59 57 56 61 59 58 57 60 58 62 60 63 61 60 58 63 61 61 59 62 60 56 55 59 55 62 60 59 55 63 61 59 55 58 57 64 62 59 55 64 62 65 63 58 57 61 59 66 64 58 57 66 64 64 62 61 59 63 61 67 61 61 59 67 61 66 64 63 61 59 55 65 63 63 61 65 63 67 61 68 65 69 66 70 66 68 65 70 66 71 67 69 66 72 68 73 69 69 66 73 69 70 66 72 68 74 70 75 70 72 68 75 70 73 69 74 70 68 65 71 67 74 70 71 67 75 70 71 67 70 66 76 71 71 67 76 71 77 72 70 66 73 69 78 73 70 66 78 73 76 71 73 69 75 70 79 74 73 69 79 74 78 73 75 70 71 67 77 72 75 70 77 72 79 74 80 75 81 76 82 77 80 75 82 77 83 78 81 76 84 79 85 80 81 76 85 80 82 77 84 79 86 81 87 82 84 79 87 82 85 80 86 81 80 75 83 78 86 81 83 78 87 82 83 78 82 77 88 83 83 78 88 83 89 84 82 77 85 80 90 85 82 77 90 85 88 83 85 80 87 82 91 86 85 80 91 86 90 85 87 82 83 78 89 84 87 82 89 84 91 86 92 87 93 88 94 89 92 87 94 89 95 90 93 88 96 91 97 92 93 88 97 92 94 89 96 91 98 93 99 94 96 91 99 94 97 92 98 93 92 87 95 90 98 93 95 90 99 94 95 90 94 89 100 95 95 90 100 95 101 96 94 89 97 92 102 97 94 89 102 97 100 95 97 92 99 94 103 98 97 92 103 98 102 97 99 94 95 90 101 96 99 94 101 96 103 98 104 99 105 100 106 101 104 99 106 101 107 102 105 100 108 103 109 104 105 100 109 104 106 101 108 103 110 105 111 106 108 103 111 106 109 104 110 105 112 107 113 108 110 105 113 108 111 106 112 107 114 109 115 110 112 107 115 110 113 108 114 109 104 99 107 102 114 109 107 102 115 110 107 102 106 101 116 111 107 102 116 111 117 112 106 101 109 104 118 113 106 101 118 113 116 111 109 104 111 106 119 114 109 104 119 114 118 113 111 106 113 108 120 115 111 106 120 115 119 114 113 108 115 110 121 116 113 108 121 116 120 115 115 110 107 102 117 112 115 110 117 112 121 116 117 112 116 111 122 117 117 112 122 117 123 118 116 111 118 113 124 119 116 111 124 119 122 117 118 113 119 114 125 120 118 113 125 120 124 119 119 114 120 115 126 121 119 114 126 121 125 120 120 115 121 116 127 122 120 115 127 122 126 121 121 116 117 112 123 118 121 116 123 118 127 122 123 118 122 117 128 123 123 118 128 123 129 124 122 117 124 119 130 125 122 117 130 125 128 123 124 119 125 120 131 126 124 119 131 126 130 125 125 120 126 121 132 127 125 120 132 127 131 126 126 121 127 122 133 128 126 121 133 128 132 127 127 122 123 118 129 124 127 122 129 124 133 128 129 124 128 123 134 129 129 124 134 129 135 130 128 123 130 125 136 131 128 123 136 131 134 129 130 125 131 126 137 132 130 125 137 132 136 131 131 126 132 127 138 133 131 126 138 133 137 132 132 127 133 128 139 134 132 127 139 134 138 133 133 128 129 124 135 130 133 128 135 130 139 134 135 130 134 129 140 135 135 130 140 135 141 136 134 129 136 131 142 137 134 129 142 137 140 135 136 131 137 132 143 138 136 131 143 138 142 137 137 132 138 133 144 139 137 132 144 139 143 138 138 133 139 134 145 140 138 133 145 140 144 139 139 134 135 130 141 136 139 134 141 136 145 140 104 99 105 100 146 141 105 100 108 103 146 141 108 103 110 105 146 141 110 105 112 107 146 141 112 107 114 109 146 141 114 109 104 99 146 141 140 135 141 136 147 142 142 137 140 135 147 142 143 138 142 137 147 142 144 139 143 138 147 142 145 140 144 139 147 142 141 136 145 140 147 142 148 143 149 144 150 145 148 143 150 145 151 146 149 144 152 147 153 148 149 144 153 148 150 145 152 147 154 149 155 150 152 147 155 150 153 148 154 149 148 143 151 146 154 149 151 146 155 150 151 146 150 145 156 151 151 146 156 151 157 152 150 145 153 148 158 153 150 145 158 153 156 151 153 148 155 150 159 154 153 148 159 154 158 153 155 150 151 146 157 152 155 150 157 152 159 154 160 155 161 156 162 157 160 155 162 157 163 155 161 156 164 158 165 159 161 156 165 159 162 157 164 158 166 160 167 161 164 158 167 161 165 159 166 160 160 155 163 155 166 160 163 155 167 161 163 155 162 157 168 162 163 155 168 162 169 163 162 157 165 159 170 159 162 157 170 159 168 162 165 159 167 161 171 164 165 159 171 164 170 159 167 161 163 155 169 163 167 161 169 163 171 164 172 165 173 166 174 167 172 165 174 167 175 165 173 166 176 168 177 169 173 166 177 169 174 167 176 168 178 170 179 171 176 168 179 171 177 169 178 170 172 165 175 165 178 170 175 165 179 171 175 165 174 167 180 172 175 165 180 172 181 173 174 167 177 169 182 174 174 167 182 174 180 172 177 169 179 171 183 175 177 169 183 175 182 174 179 171 175 165 181 173 179 171 181 173 183 175 184 176 185 177 186 178 184 176 186 178 187 179 185 177 188 180 189 181 185 177 189 181 186 178 188 180 190 182 191 183 188 180 191 183 189 181 190 182 184 176 187 179 190 182 187 179 191 183 187 179 186 178 192 184 187 179 192 184 193 185 186 178 189 181 194 186 186 178 194 186 192 184 189 181 191 183 195 187 189 181 195 187 194 186 191 183 187 179 193 185 191 183 193 185 195 187 196 188 197 189 198 190 196 188 198 190 199 191 197 189 200 192 201 193 197 189 201 193 198 190 200 192 202 194 203 194 200 192 203 194 201 193 202 194 196 188 199 191 202 194 199 191 203 194 199 191 198 190 204 190 199 191 204 190 205 191 198 190 201 193 206 195 198 190 206 195 204 190 201 193 203 194 207 196 201 193 207 196 206 195 203 194 199 191 205 191 203 194 205 191 207 196 208 197 209 198 210 199 208 197 210 199 211 200 209 198 212 201 213 202 209 198 213 202 210 199 212 201 214 203 215 204 212 201 215 204 213 202 214 203 208 197 211 200 214 203 211 200 215 204 211 200 210 199 216 205 211 200 216 205 217 206 210 199 213 202 218 202 210 199 218 202 216 205 213 202 215 204 219 207 213 202 219 207 218 202 215 204 211 200 217 206 215 204 217 206 219 207 220 208 221 209 222 210 220 208 222 210 223 211 221 209 224 212 225 213 221 209 225 213 222 210 224 212 226 214 227 215 224 212 227 215 225 213 226 214 228 216 229 217 226 214 229 217 227 215 228 216 230 218 231 219 228 216 231 219 229 217 230 218 220 208 223 211 230 218 223 211 231 219 223 211 222 210 232 220 223 211 232 220 233 221 222 210 225 213 234 222 222 210 234 222 232 220 225 213 227 215 235 223 225 213 235 223 234 222 227 215 229 217 236 224 227 215 236 224 235 223 229 217 231 219 237 225 229 217 237 225 236 224 231 219 223 211 233 221 231 219 233 221 237 225 233 221 232 220 238 226 233 221 238 226 239 227 232 220 234 222 240 228 232 220 240 228 238 226 234 222 235 223 241 229 234 222 241 229 240 228 235 223 236 224 242 230 235 223 242 230 241 229 236 224 237 225 243 231 236 224 243 231 242 230 237 225 233 221 239 227 237 225 239 227 243 231 239 227 238 226 244 232 239 227 244 232 245 233 238 226 240 228 246 234 238 226 246 234 244 232 240 228 241 229 247 235 240 228 247 235 246 234 241 229 242 230 248 236 241 229 248 236 247 235 242 230 243 231 249 237 242 230 249 237 248 236 243 231 239 227 245 233 243 231 245 233 249 237 245 233 244 232 250 238 245 233 250 238 251 239 244 232 246 234 252 240 244 232 252 240 250 238 246 234 247 235 253 241 246 234 253 241 252 240 247 235 248 236 254 242 247 235 254 242 253 241 248 236 249 237 255 243 248 236 255 243 254 242 249 237 245 233 251 239 249 237 251 239 255 243 251 239 250 238 256 244 251 239 256 244 257 245 250 238 252 240 258 246 250 238 258 246 256 244 252 240 253 241 259 247 252 240 259 247 258 246 253 241 254 242 260 248 253 241 260 248 259 247 254 242 255 243 261 249 254 242 261 249 260 248 255 243 251 239 257 245 255 243 257 245 261 249 220 208 221 209 262 250 221 209 224 212 262 250 224 212 226 214 262 250 226 214 228 216 262 250 228 216 230 218 262 250 230 218 220 208 262 250 256 244 257 245 263 251 258 246 256 244 263 251 259 247 258 246 263 251 260 248 259 247 263 251 261 249 260 248 263 251 257 245 261 249 263 251 264 252 265 253 266 254 264 252 266 254 267 255 265 253 268 256 269 257 265 253 269 257 266 254 268 256 270 258 271 259 268 256 271 259 269 257 270 258 264 252 267 255 270 258 267 255 271 259 267 255 266 254 272 260 267 255 272 260 273 261 266 254 269 257 274 262 266 254 274 262 272 260 269 257 271 259 275 263 269 257 275 263 274 262 271 259 267 255 273 261 271 259 273 261 275 263 276 264 277 265 278 266 276 264 278 266 279 267 277 265 280 268 281 269 277 265 281 269 278 266 280 268 282 270 283 271 280 268 283 271 281 269 282 270 276 264 279 267 282 270 279 267 283 271 279 267 278 266 284 272 279 267 284 272 285 273 278 266 281 269 286 269 278 266 286 269 284 272 281 269 283 271 287 274 281 269 287 274 286 269 283 271 279 267 285 273 283 271 285 273 287 274 288 275 289 276 290 277 288 275 290 277 291 278 289 276 292 279 293 280 289 276 293 280 290 277 292 279 294 281 295 282 292 279 295 282 293 280 294 281 288 275 291 278 294 281 291 278 295 282 291 278 290 277 296 283 291 278 296 283 297 284 290 277 293 280 298 285 290 277 298 285 296 283 293 280 295 282 299 286 293 280 299 286 298 285 295 282 291 278 297 284 295 282 297 284 299 286 300 287 301 288 302 289 300 287 302 289 303 290 301 288 304 291 305 292 301 288 305 292 302 289 304 291 306 293 307 294 304 291 307 294 305 292 306 293 300 287 303 290 306 293 303 290 307 294 303 290 302 289 308 295 303 290 308 295 309 296 302 289 305 292 310 297 302 289 310 297 308 295 305 292 307 294 311 298 305 292 311 298 310 297 307 294 303 290 309 296 307 294 309 296 311 298 312 299 313 300 314 300 312 299 314 300 315 299 313 300 316 301 317 301 313 300 317 301 314 300 316 301 318 302 319 303 316 301 319 303 317 301 318 302 312 299 315 299 318 302 315 299 319 303 315 299 314 300 320 304 315 299 320 304 321 305 314 300 317 301 322 306 314 300 322 306 320 304 317 301 319 303 323 307 317 301 323 307 322 306 319 303 315 299 321 305 319 303 321 305 323 307 324 308 325 309 326 310 324 308 326 310 327 311 325 309 328 312 329 313 325 309 329 313 326 310 328 312 330 314 331 315 328 312 331 315 329 313 330 314 324 308 327 311 330 314 327 311 331 315 327 311 326 310 332 316 327 311 332 316 333 311 326 310 329 313 334 317 326 310 334 317 332 316 329 313 331 315 335 315 329 313 335 315 334 317 331 315 327 311 333 311 331 315 333 311 335 315 336 318 337 319 338 320 336 318 338 320 339 321 337 319 340 322 341 323 337 319 341 323 338 320 340 322 342 324 343 325 340 322 343 325 341 323 342 324 344 326 345 327 342 324 345 327 343 325 344 326 346 328 347 329 344 326 347 329 345 327 346 328 336 318 339 321 346 328 339 321 347 329 339 321 338 320 348 330 339 321 348 330 349 331 338 320 341 323 350 332 338 320 350 332 348 330 341 323 343 325 351 333 341 323 351 333 350 332 343 325 345 327 352 334 343 325 352 334 351 333 345 327 347 329 353 335 345 327 353 335 352 334 347 329 339 321 349 331 347 329 349 331 353 335 349 331 348 330 354 336 349 331 354 336 355 337 348 330 350 332 356 338 348 330 356 338 354 336 350 332 351 333 357 339 350 332 357 339 356 338 351 333 352 334 358 340 351 333 358 340 357 339 352 334 353 335 359 341 352 334 359 341 358 340 353 335 349 331 355 337 353 335 355 337 359 341 355 337 354 336 360 342 355 337 360 342 361 343 354 336 356 338 362 344 354 336 362 344 360 342 356 338 357 339 363 345 356 338 363 345 362 344 357 339 358 340 364 346 357 339 364 346 363 345 358 340 359 341 365 347 358 340 365 347 364 346 359 341 355 337 361 343 359 341 361 343 365 347 361 343 360 342 366 348 361 343 366 348 367 349 360 342 362 344 368 350 360 342 368 350 366 348 362 344 363 345 369 351 362 344 369 351 368 350 363 345 364 346 370 352 363 345 370 352 369 351 364 346 365 347 371 353 364 346 371 353 370 352 365 347 361 343 367 349 365 347 367 349 371 353 367 349 366 348 372 354 367 349 372 354 373 355 366 348 368 350 374 356 366 348 374 356 372 354 368 350 369 351 375 357 368 350 375 357 374 356 369 351 370 352 376 358 369 351 376 358 375 357 370 352 371 353 377 359 370 352 377 359 376 358 371 353 367 349 373 355 371 353 373 355 377 359 336 318 337 319 378 360 337 319 340 322 378 360 340 322 342 324 378 360 342 324 344 326 378 360 344 326 346 328 378 360 346 328 336 318 378 360 372 354 373 355 379 361 374 356 372 354 379 361 375 357 374 356 379 361 376 358 375 357 379 361 377 359 376 358 379 361 373 355 377 359 379 361 380 362 381 363 382 364 380 362 382 364 383 365 381 363 384 366 385 367 381 363 385 367 382 364 384 366 386 368 387 369 384 366 387 369 385 367 386 368 380 362 383 365 386 368 383 365 387 369 383 365 382 364 388 370 383 365 388 370 389 371 382 364 385 367 390 372 382 364 390 372 388 370 385 367 387 369 391 373 385 367 391 373 390 372 387 369 383 365 389 371 387 369 389 371 391 373 392 374 393 375 394 376 392 374 394 376 395 377 393 375 396 378 397 379 393 375 397 379 394 376 396 378 398 380 399 381 396 378 399 381 397 379 398 380 392 374 395 377 398 380 395 377 399 381 395 377 394 376 400 382 395 377 400 382 401 377 394 376 397 379 402 383 394 376 402 383 400 382 397 379 399 381 403 381 397 379 403 381 402 383 399 381 395 377 401 377 399 381 401 377 403 381 404 384 405 385 406 386 404 384 406 386 407 384 405 385 408 387 409 388 405 385 409 388 406 386 408 387 410 389 411 390 408 387 411 390 409 388 410 389 404 384 407 384 410 389 407 384 411 390 407 384 406 386 412 391 407 384 412 391 413 392 406 386 409 388 414 393 406 386 414 393 412 391 409 388 411 390 415 394 409 388 415 394 414 393 411 390 407 384 413 392 411 390 413 392 415 394 416 395 417 396 418 397 416 395 418 397 419 395 417 396 420 398 421 399 417 396 421 399 418 397 420 398 422 400 423 401 420 398 423 401 421 399 422 400 416 395 419 395 422 400 419 395 423 401 419 395 418 397 424 402 419 395 424 402 425 403 418 397 421 399 426 404 418 397 426 404 424 402 421 399 423 401 427 405 421 399 427 405 426 404 423 401 419 395 425 403 423 401 425 403 427 405 428 406 429 407 430 408 428 406 430 408 431 409 429 407 432 410 433 411 429 407 433 411 430 408 432 410 434 412 435 413 432 410 435 413 433 411 434 412 436 414 437 415 434 412 437 415 435 413 436 414 438 416 439 417 436 414 439 417 437 415 438 416 428 406 431 409 438 416 431 409 439 417 431 409 430 408 440 418 431 409 440 418 441 419 430 408 433 411 442 420 430 408 442 420 440 418 433 411 435 413 443 421 433 411 443 421 442 420 435 413 437 415 444 422 435 413 444 422 443 421 437 415 439 417 445 423 437 415 445 423 444 422 439 417 431 409 441 419 439 417 441 419 445 423 441 419 440 418 446 424 441 419 446 424 447 425 440 418 442 420 448 426 440 418 448 426 446 424 442 420 443 421 449 427 442 420 449 427 448 426 443 421 444 422 450 428 443 421 450 428 449 427 444 422 445 423 451 429 444 422 451 429 450 428 445 423 441 419 447 425 445 423 447 425 451 429 447 425 446 424 452 430 447 425 452 430 453 431 446 424 448 426 454 432 446 424 454 432 452 430 448 426 449 427 455 433 448 426 455 433 454 432 449 427 450 428 456 434 449 427 456 434 455 433 450 428 451 429 457 435 450 428 457 435 456 434 451 429 447 425 453 431 451 429 453 431 457 435 453 431 452 430 458 436 453 431 458 436 459 437 452 430 454 432 460 438 452 430 460 438 458 436 454 432 455 433 461 439 454 432 461 439 460 438 455 433 456 434 462 440 455 433 462 440 461 439 456 434 457 435 463 441 456 434 463 441 462 440 457 435 453 431 459 437 457 435 459 437 463 441 459 437 458 436 464 442 459 437 464 442 465 443 458 436 460 438 466 444 458 436 466 444 464 442 460 438 461 439 467 445 460 438 467 445 466 444 461 439 462 440 468 446 461 439 468 446 467 445 462 440 463 441 469 447 462 440 469 447 468 446 463 441 459 437 465 443 463 441 465 443 469 447 428 406 429 407 470 448 429 407 432 410 470 448 432 410 434 412 470 448 434 412 436 414 470 448 436 414 438 416 470 448 438 416 428 406 470 448 464 442 465 443 471 449 466 444 464 442 471 449 467 445 466 444 471 449 468 446 467 445 471 449 469 447 468 446 471 449 465 443 469 447 471 449 472 450 473 451 474 452 472 450 474 452 475 450 473 451 476 453 477 454 473 451 477 454 474 452 476 453 478 455 479 456 476 453 479 456 477 454 478 455 472 450 475 450 478 455 475 450 479 456 475 450 474 452 480 457 475 450 480 457 481 458 474 452 477 454 482 459 474 452 482 459 480 457 477 454 479 456 483 460 477 454 483 460 482 459 479 456 475 450 481 458 479 456 481 458 483 460 484 461 485 462 486 463 484 461 486 463 487 464 485 462 488 465 489 466 485 462 489 466 486 463 488 465 490 467 491 468 488 465 491 468 489 466 490 467 484 461 487 464 490 467 487 464 491 468 487 464 486 463 492 463 487 464 492 463 493 469 486 463 489 466 494 470 486 463 494 470 492 463 489 466 491 468 495 468 489 466 495 468 494 470 491 468 487 464 493 469 491 468 493 469 495 468 496 471 497 472 498 473 496 471 498 473 499 474 497 472 500 475 501 475 497 472 501 475 498 473 500 475 502 476 503 477 500 475 503 477 501 475 502 476 496 471 499 474 502 476 499 474 503 477 499 474 498 473 504 478 499 474 504 478 505 479 498 473 501 475 506 480 498 473 506 480 504 478 501 475 503 477 507 481 501 475 507 481 506 480 503 477 499 474 505 479 503 477 505 479 507 481 508 482 509 483 510 484 508 482 510 484 511 485 509 483 512 486 513 487 509 483 513 487 510 484 512 486 514 488 515 489 512 486 515 489 513 487 514 488 508 482 511 485 514 488 511 485 515 489 511 485 510 484 516 490 511 485 516 490 517 491 510 484 513 487 518 492 510 484 518 492 516 490 513 487 515 489 519 493 513 487 519 493 518 492 515 489 511 485 517 491 515 489 517 491 519 493 520 494 521 495 522 496 520 494 522 496 523 497 521 495 524 498 525 499 521 495 525 499 522 496 524 498 526 500 527 501 524 498 527 501 525 499 526 500 520 494 523 497 526 500 523 497 527 501 523 497 522 496 528 502 523 497 528 502 529 503 522 496 525 499 530 499 522 496 530 499 528 502 525 499 527 501 531 504 525 499 531 504 530 499 527 501 523 497 529 503 527 501 529 503 531 504 532 505 533 506 534 507 532 505 534 507 535 508 533 506 536 509 537 510 533 506 537 510 534 507 536 509 538 511 539 512 536 509 539 512 537 510 538 511 532 505 535 508 538 511 535 508 539 512 535 508 534 507 540 513 535 508 540 513 541 514 534 507 537 510 542 515 534 507 542 515 540 513 537 510 539 512 543 516 537 510 543 516 542 515 539 512 535 508 541 514 539 512 541 514 543 516 544 517 545 518 546 519 544 517 546 519 547 520 545 518 548 521 549 521 545 518 549 521 546 519 548 521 550 522 551 523 548 521 551 523 549 521 550 522 544 517 547 520 550 522 547 520 551 523 547 520 546 519 552 524 547 520 552 524 553 525 546 519 549 521 554 526 546 519 554 526 552 524 549 521 551 523 555 523 549 521 555 523 554 526 551 523 547 520 553 525 551 523 553 525 555 523 556 527 557 528 558 529 556 527 558 529 559 530 557 528 560 531 561 532 557 528 561 532 558 529 560 531 562 533 563 534 560 531 563 534 561 532 562 533 556 527 559 530 562 533 559 530 563 534 559 530 558 529 564 535 559 530 564 535 565 536 558 529 561 532 566 537 558 529 566 537 564 535 561 532 563 534 567 538 561 532 567 538 566 537 563 534 559 530 565 536 563 534 565 536 567 538 564 535 565 536 568 539 566 537 564 535 568 539 567 538 566 537 568 539 565 536 567 538 568 539 569 540 570 541 571 542 569 540 571 542 572 543 570 541 573 544 574 545 570 541 574 545 571 542 573 544 575 546 576 547 573 544 576 547 574 545 575 546 577 548 578 549 575 546 578 549 576 547 577 548 579 550 580 551 577 548 580 551 578 549 579 550 569 540 572 543 579 550 572 543 580 551 572 543 571 542 581 552 572 543 581 552 582 553 571 542 574 545 583 554 571 542 583 554 581 552 574 545 576 547 584 555 574 545 584 555 583 554 576 547 578 549 585 556 576 547 585 556 584 555 578 549 580 551 586 557 578 549 586 557 585 556 580 551 572 543 582 553 580 551 582 553 586 557 582 553 581 552 587 558 582 553 587 558 588 559 581 552 583 554 589 560 581 552 589 560 587 558 583 554 584 555 590 561 583 554 590 561 589 560 584 555 585 556 591 562 584 555 591 562 590 561 585 556 586 557 592 563 585 556 592 563 591 562 586 557 582 553 588 559 586 557 588 559 592 563 588 559 587 558 593 564 588 559 593 564 594 565 587 558 589 560 595 566 587 558 595 566 593 564 589 560 590 561 596 567 589 560 596 567 595 566 590 561 591 562 597 568 590 561 597 568 596 567 591 562 592 563 598 569 591 562 598 569 597 568 592 563 588 559 594 565 592 563 594 565 598 569 594 565 593 564 599 570 594 565 599 570 600 571 593 564 595 566 601 572 593 564 601 572 599 570 595 566 596 567 602 573 595 566 602 573 601 572 596 567 597 568 603 574 596 567 603 574 602 573 597 568 598 569 604 575 597 568 604 575 603 574 598 569 594 565 600 571 598 569 600 571 604 575 600 571 599 570 605 576 600 571 605 576 606 577 599 570 601 572 607 578 599 570 607 578 605 576 601 572 602 573 608 579 601 572 608 579 607 578 602 573 603 574 609 580 602 573 609 580 608 579 603 574 604 575 610 581 603 574 610 581 609 580 604 575 600 571 606 577 604 575 606 577 610 581 569 540 570 541 611 582 570 541 573 544 611 582 573 544 575 546 611 582 575 546 577 548 611 582 577 548 579 550 611 582 579 550 569 540 611 582 605 576 606 577 612 583 607 578 605 576 612 583 608 579 607 578 612 583 609 580 608 579 612 583 610 581 609 580 612 583 606 577 610 581 612 583 613 584 614 585 615 586 613 584 615 586 616 587 614 585 617 588 618 589 614 585 618 589 615 586 617 588 619 590 620 591 617 588 620 591 618 589 619 590 613 584 616 587 619 590 616 587 620 591 616 587 615 586 621 592 616 587 621 592 622 593 615 586 618 589 623 594 615 586 623 594 621 592 618 589 620 591 624 595 618 589 624 595 623 594 620 591 616 587 622 593 620 591 622 593 624 595 625 596 626 597 627 598 625 596 627 598 628 599 626 597 629 600 630 601 626 597 630 601 627 598 629 600 631 602 632 602 629 600 632 602 630 601 631 602 625 596 628 599 631 602 628 599 632 602 628 599 627 598 633 603 628 599 633 603 634 604 627 598 630 601 635 601 627 598 635 601 633 603 630 601 632 602 636 605 630 601 636 605 635 601 632 602 628 599 634 604 632 602 634 604 636 605 637 606 638 607 639 607 637 606 639 607 640 608 638 607 641 609 642 610 638 607 642 610 639 607 641 609 643 611 644 612 641 609 644 612 642 610 643 611 637 606 640 608 643 611 640 608 644 612 640 608 639 607 645 613 640 608 645 613 646 614 639 607 642 610 647 615 639 607 647 615 645 613 642 610 644 612 648 616 642 610 648 616 647 615 644 612 640 608 646 614 644 612 646 614 648 616 649 617 650 618 651 619 649 617 651 619 652 620 650 618 653 621 654 621 650 618 654 621 651 619 653 621 655 622 656 623 653 621 656 623 654 621 655 622 649 617 652 620 655 622 652 620 656 623 652 620 651 619 657 624 652 620 657 624 658 625 651 619 654 621 659 626 651 619 659 626 657 624 654 621 656 623 660 627 654 621 660 627 659 626 656 623 652 620 658 625 656 623 658 625 660 627 661 628 662 629 663 630 661 628 663 630 664 631 662 629 665 632 666 633 662 629 666 633 663 630 665 632 667 634 668 635 665 632 668 635 666 633 667 634 661 628 664 631 667 634 664 631 668 635 664 631 663 630 669 636 664 631 669 636 670 637 663 630 666 633 671 638 663 630 671 638 669 636 666 633 668 635 672 639 666 633 672 639 671 638 668 635 664 631 670 637 668 635 670 637 672 639 673 640 674 641 675 642 673 640 675 642 676 643 674 641 677 644 678 644 674 641 678 644 675 642 677 644 679 645 680 646 677 644 680 646 678 644 679 645 673 640 676 643 679 645 676 643 680 646 676 643 675 642 681 647 676 643 681 647 682 648 675 642 678 644 683 649 675 642 683 649 681 647 678 644 680 646 684 646 678 644 684 646 683 649 680 646 676 643 682 648 680 646 682 648 684 646 685 650 686 651 687 652 685 650 687 652 688 653 686 651 689 654 690 655 686 651 690 655 687 652 689 654 691 656 692 657 689 654 692 657 690 655 691 656 685 650 688 653 691 656 688 653 692 657 688 653 687 652 693 658 688 653 693 658 694 659 687 652 690 655 695 660 687 652 695 660 693 658 690 655 692 657 696 661 690 655 696 661 695 660 692 657 688 653 694 659 692 657 694 659 696 661 693 658 694 659 697 662 695 660 693 658 697 662 696 661 695 660 697 662 694 659 696 661 697 662 698 663 699 664 700 665 698 663 700 665 701 666 699 664 702 667 703 668 699 664 703 668 700 665 702 667 704 669 705 670 702 667 705 670 703 668 704 669 706 671 707 672 704 669 707 672 705 670 706 671 708 673 709 674 706 671 709 674 707 672 708 673 698 663 701 666 708 673 701 666 709 674 701 666 700 665 710 675 701 666 710 675 711 676 700 665 703 668 712 677 700 665 712 677 710 675 703 668 705 670 713 678 703 668 713 678 712 677 705 670 707 672 714 679 705 670 714 679 713 678 707 672 709 674 715 680 707 672 715 680 714 679 709 674 701 666 711 676 709 674 711 676 715 680 711 676 710 675 716 681 711 676 716 681 717 682 710 675 712 677 718 683 710 675 718 683 716 681 712 677 713 678 719 684 712 677 719 684 718 683 713 678 714 679 720 685 713 678 720 685 719 684 714 679 715 680 721 686 714 679 721 686 720 685 715 680 711 676 717 682 715 680 717 682 721 686 717 682 716 681 722 687 717 682 722 687 723 688 716 681 718 683 724 689 716 681 724 689 722 687 718 683 719 684 725 690 718 683 725 690 724 689 719 684 720 685 726 691 719 684 726 691 725 690 720 685 721 686 727 692 720 685 727 692 726 691 721 686 717 682 723 688 721 686 723 688 727 692 723 688 722 687 728 693 723 688 728 693 729 694 722 687 724 689 730 695 722 687 730 695 728 693 724 689 725 690 731 696 724 689 731 696 730 695 725 690 726 691 732 697 725 690 732 697 731 696 726 691 727 692 733 698 726 691 733 698 732 697 727 692 723 688 729 694 727 692 729 694 733 698 729 694 728 693 734 699 729 694 734 699 735 700 728 693 730 695 736 701 728 693 736 701 734 699 730 695 731 696 737 702 730 695 737 702 736 701 731 696 732 697 738 703 731 696 738 703 737 702 732 697 733 698 739 704 732 697 739 704 738 703 733 698 729 694 735 700 733 698 735 700 739 704 698 663 699 664 740 705 699 664 702 667 740 705 702 667 704 669 740 705 704 669 706 671 740 705 706 671 708 673 740 705 708 673 698 663 740 705 734 699 735 700 741 706 736 701 734 699 741 706 737 702 736 701 741 706 738 703 737 702 741 706 739 704 738 703 741 706 735 700 739 704 741 706 742 707 743 708 744 709 742 707 744 709 745 710 743 708 746 711 747 712 743 708 747 712 744 709 746 711 748 713 749 714 746 711 749 714 747 712 748 713 742 707 745 710 748 713 745 710 749 714 745 710 744 709 750 715 745 710 750 715 751 716 744 709 747 712 752 717 744 709 752 717 750 715 747 712 749 714 753 718 747 712 753 718 752 717 749 714 745 710 751 716 749 714 751 716 753 718 754 719 755 720 756 720 754 719 756 720 757 721 755 720 758 722 759 723 755 720 759 723 756 720 758 722 760 724 761 724 758 722 761 724 759 723 760 724 754 719 757 721 760 724 757 721 761 724 757 721 756 720 762 725 757 721 762 725 763 726 756 720 759 723 764 727 756 720 764 727 762 725 759 723 761 724 765 728 759 723 765 728 764 727 761 724 757 721 763 726 761 724 763 726 765 728 766 729 767 730 768 731 766 729 768 731 769 732 767 730 770 733 771 734 767 730 771 734 768 731 770 733 772 735 773 736 770 733 773 736 771 734 772 735 766 729 769 732 772 735 769 732 773 736 769 732 768 731 774 737 769 732 774 737 775 738 768 731 771 734 776 739 768 731 776 739 774 737 771 734 773 736 777 740 771 734 777 740 776 739 773 736 769 732 775 738 773 736 775 738 777 740 778 741 779 742 780 743 778 741 780 743 781 744 779 742 782 745 783 746 779 742 783 746 780 743 782 745 784 747 785 748 782 745 785 748 783 746 784 747 778 741 781 744 784 747 781 744 785 748 781 744 780 743 786 749 781 744 786 749 787 744 780 743 783 746 788 750 780 743 788 750 786 749 783 746 785 748 789 751 783 746 789 751 788 750 785 748 781 744 787 744 785 748 787 744 789 751 790 752 791 753 792 754 790 752 792 754 793 755 791 753 794 756 795 757 791 753 795 757 792 754 794 756 796 758 797 758 794 756 797 758 795 757 796 758 790 752 793 755 796 758 793 755 797 758 793 755 792 754 798 759 793 755 798 759 799 760 792 754 795 757 800 761 792 754 800 761 798 759 795 757 797 758 801 762 795 757 801 762 800 761 797 758 793 755 799 760 797 758 799 760 801 762 802 763 803 764 804 765 802 763 804 765 805 766 803 764 806 767 807 768 803 764 807 768 804 765 806 767 808 769 809 770 806 767 809 770 807 768 808 769 802 763 805 766 808 769 805 766 809 770 805 766 804 765 810 771 805 766 810 771 811 772 804 765 807 768 812 773 804 765 812 773 810 771 807 768 809 770 813 774 807 768 813 774 812 773 809 770 805 766 811 772 809 770 811 772 813 774 814 775 815 776 816 777 814 775 816 777 817 778 815 776 818 779 819 780 815 776 819 780 816 777 818 779 820 781 821 782 818 779 821 782 819 780 820 781 822 783 823 784 820 781 823 784 821 782 822 783 824 785 825 786 822 783 825 786 823 784 824 785 814 775 817 778 824 785 817 778 825 786 817 778 816 777 826 787 817 778 826 787 827 788 816 777 819 780 828 789 816 777 828 789 826 787 819 780 821 782 829 790 819 780 829 790 828 789 821 782 823 784 830 791 821 782 830 791 829 790 823 784 825 786 831 792 823 784 831 792 830 791 825 786 817 778 827 788 825 786 827 788 831 792 827 788 826 787 832 793 827 788 832 793 833 794 826 787 828 789 834 795 826 787 834 795 832 793 828 789 829 790 835 796 828 789 835 796 834 795 829 790 830 791 836 797 829 790 836 797 835 796 830 791 831 792 837 798 830 791 837 798 836 797 831 792 827 788 833 794 831 792 833 794 837 798 833 794 832 793 838 799 833 794 838 799 839 800 832 793 834 795 840 801 832 793 840 801 838 799 834 795 835 796 841 802 834 795 841 802 840 801 835 796 836 797 842 803 835 796 842 803 841 802 836 797 837 798 843 804 836 797 843 804 842 803 837 798 833 794 839 800 837 798 839 800 843 804 839 800 838 799 844 805 839 800 844 805 845 806 838 799 840 801 846 807 838 799 846 807 844 805 840 801 841 802 847 808 840 801 847 808 846 807 841 802 842 803 848 809 841 802 848 809 847 808 842 803 843 804 849 810 842 803 849 810 848 809 843 804 839 800 845 806 843 804 845 806 849 810 845 806 844 805 850 811 845 806 850 811 851 812 844 805 846 807 852 813 844 805 852 813 850 811 846 807 847 808 853 814 846 807 853 814 852 813 847 808 848 809 854 815 847 808 854 815 853 814 848 809 849 810 855 816 848 809 855 816 854 815 849 810 845 806 851 812 849 810 851 812 855 816 814 775 815 776 856 817 815 776 818 779 856 817 818 779 820 781 856 817 820 781 822 783 856 817 822 783 824 785 856 817 824 785 814 775 856 817 850 811 851 812 857 818 852 813 850 811 857 818 853 814 852 813 857 818 854 815 853 814 857 818 855 816 854 815 857 818 851 812 855 816 857 818 858 819 859 820 860 821 858 819 860 821 861 819 859 820 862 822 863 822 859 820 863 822 860 821 862 822 864 823 865 824 862 822 865 824 863 822 864 823 858 819 861 819 864 823 861 819 865 824 861 819 860 821 866 825 861 819 866 825 867 826 860 821 863 822 868 827 860 821 868 827 866 825 863 822 865 824 869 828 863 822 869 828 868 827 865 824 861 819 867 826 865 824 867 826 869 828 870 829 871 830 872 831 870 829 872 831 873 832 871 830 874 833 875 834 871 830 875 834 872 831 874 833 876 835 877 836 874 833 877 836 875 834 876 835 870 829 873 832 876 835 873 832 877 836 873 832 872 831 878 837 873 832 878 837 879 832 872 831 875 834 880 838 872 831 880 838 878 837 875 834 877 836 881 839 875 834 881 839 880 838 877 836 873 832 879 832 877 836 879 832 881 839 882 840 883 841 884 842 882 840 884 842 885 843 883 841 886 844 887 845 883 841 887 845 884 842 886 844 888 846 889 847 886 844 889 847 887 845 888 846 882 840 885 843 888 846 885 843 889 847 885 843 884 842 890 848 885 843 890 848 891 849 884 842 887 845 892 850 884 842 892 850 890 848 887 845 889 847 893 851 887 845 893 851 892 850 889 847 885 843 891 849 889 847 891 849 893 851 894 852 895 853 896 854 894 852 896 854 897 855 895 853 898 856 899 857 895 853 899 857 896 854 898 856 900 858 901 859 898 856 901 859 899 857 900 858 894 852 897 855 900 858 897 855 901 859 897 855 896 854 902 860 897 855 902 860 903 861 896 854 899 857 904 857 896 854 904 857 902 860 899 857 901 859 905 862 899 857 905 862 904 857 901 859 897 855 903 861 901 859 903 861 905 862 906 863 907 864 908 865 906 863 908 865 909 866 907 864 910 867 911 868 907 864 911 868 908 865 910 867 912 869 913 870 910 867 913 870 911 868 912 869 906 863 909 866 912 869 909 866 913 870 909 866 908 865 914 871 909 866 914 871 915 872 908 865 911 868 916 873 908 865 916 873 914 871 911 868 913 870 917 874 911 868 917 874 916 873 913 870 909 866 915 872 913 870 915 872 917 874 918 875 919 876 920 877 918 875 920 877 921 878 919 876 922 879 923 880 919 876 923 880 920 877 922 879 924 881 925 882 922 879 925 882 923 880 924 881 926 883 927 884 924 881 927 884 925 882 926 883 928 885 929 886 926 883 929 886 927 884 928 885 918 875 921 878 928 885 921 878 929 886 921 878 920 877 930 887 921 878 930 887 931 888 920 877 923 880 932 889 920 877 932 889 930 887 923 880 925 882 933 890 923 880 933 890 932 889 925 882 927 884 934 891 925 882 934 891 933 890 927 884 929 886 935 892 927 884 935 892 934 891 929 886 921 878 931 888 929 886 931 888 935 892 931 888 930 887 936 893 931 888 936 893 937 894 930 887 932 889 938 895 930 887 938 895 936 893 932 889 933 890 939 896 932 889 939 896 938 895 933 890 934 891 940 897 933 890 940 897 939 896 934 891 935 892 941 898 934 891 941 898 940 897 935 892 931 888 937 894 935 892 937 894 941 898 937 894 936 893 942 899 937 894 942 899 943 900 936 893 938 895 944 901 936 893 944 901 942 899 938 895 939 896 945 902 938 895 945 902 944 901 939 896 940 897 946 903 939 896 946 903 945 902 940 897 941 898 947 904 940 897 947 904 946 903 941 898 937 894 943 900 941 898 943 900 947 904 943 900 942 899 948 905 943 900 948 905 949 906 942 899 944 901 950 907 942 899 950 907 948 905 944 901 945 902 951 908 944 901 951 908 950 907 945 902 946 903 952 909 945 902 952 909 951 908 946 903 947 904 953 910 946 903 953 910 952 909 947 904 943 900 949 906 947 904 949 906 953 910 949 906 948 905 954 911 949 906 954 911 955 912 948 905 950 907 956 913 948 905 956 913 954 911 950 907 951 908 957 914 950 907 957 914 956 913 951 908 952 909 958 915 951 908 958 915 957 914 952 909 953 910 959 916 952 909 959 916 958 915 953 910 949 906 955 912 953 910 955 912 959 916 918 875 919 876 960 917 919 876 922 879 960 917 922 879 924 881 960 917 924 881 926 883 960 917 926 883 928 885 960 917 928 885 918 875 960 917 954 911 955 912 961 918 956 913 954 911 961 918 957 914 956 913 961 918 958 915 957 914 961 918 959 916 958 915 961 918 955 912 959 916 961 918 962 919 963 920 964 921 962 919 964 921 965 922 963 920 966 923 967 924 963 920 967 924 964 921 966 923 968 925 969 926 966 923 969 926 967 924 968 925 962 919 965 922 968 925 965 922 969 926 965 922 964 921 970 927 965 922 970 927 971 928 964 921 967 924 972 929 964 921 972 929 970 927 967 924 969 926 973 930 967 924 973 930 972 929 969 926 965 922 971 928 969 926 971 928 973 930 974 931 975 932 976 933 974 931 976 933 977 934 975 932 978 935 979 935 975 932 979 935 976 933 978 935 980 936 981 937 978 935 981 937 979 935 980 936 974 931 977 934 980 936 977 934 981 937 977 934 976 933 982 938 977 934 982 938 983 939 976 933 979 935 984 940 976 933 984 940 982 938 979 935 981 937 985 937 979 935 985 937 984 940 981 937 977 934 983 939 981 937 983 939 985 937 986 941 987 942 988 943 986 941 988 943 989 944 987 942 990 945 991 946 987 942 991 946 988 943 990 945 992 947 993 948 990 945 993 948 991 946 992 947 986 941 989 944 992 947 989 944 993 948 989 944 988 943 994 949 989 944 994 949 995 950 988 943 991 946 996 951 988 943 996 951 994 949 991 946 993 948 997 952 991 946 997 952 996 951 993 948 989 944 995 950 993 948 995 950 997 952 998 953 999 954 1000 954 998 953 1000 954 1001 955 999 954 1002 956 1003 957 999 954 1003 957 1000 954 1002 956 1004 958 1005 959 1002 956 1005 959 1003 957 1004 958 998 953 1001 955 1004 958 1001 955 1005 959 1001 955 1000 954 1006 960 1001 955 1006 960 1007 955 1000 954 1003 957 1008 961 1000 954 1008 961 1006 960 1003 957 1005 959 1009 962 1003 957 1009 962 1008 961 1005 959 1001 955 1007 955 1005 959 1007 955 1009 962 1010 963 1011 964 1012 965 1010 963 1012 965 1013 966 1011 964 1014 967 1015 968 1011 964 1015 968 1012 965 1014 967 1016 969 1017 970 1014 967 1017 970 1015 968 1016 969 1010 963 1013 966 1016 969 1013 966 1017 970 1013 966 1012 965 1018 971 1013 966 1018 971 1019 966 1012 965 1015 968 1020 972 1012 965 1020 972 1018 971 1015 968 1017 970 1021 973 1015 968 1021 973 1020 972 1017 970 1013 966 1019 966 1017 970 1019 966 1021 973 1022 974 1023 975 1024 976 1022 974 1024 976 1025 974 1023 975 1026 977 1027 977 1023 975 1027 977 1024 976 1026 977 1028 978 1029 979 1026 977 1029 979 1027 977 1028 978 1022 974 1025 974 1028 978 1025 974 1029 979 1025 974 1024 976 1030 980 1025 974 1030 980 1031 981 1024 976 1027 977 1032 982 1024 976 1032 982 1030 980 1027 977 1029 979 1033 983 1027 977 1033 983 1032 982 1029 979 1025 974 1031 981 1029 979 1031 981 1033 983 1034 984 1035 985 1036 986 1034 984 1036 986 1037 987 1035 985 1038 988 1039 989 1035 985 1039 989 1036 986 1038 988 1040 990 1041 991 1038 988 1041 991 1039 989 1040 990 1042 992 1043 993 1040 990 1043 993 1041 991 1042 992 1044 994 1045 995 1042 992 1045 995 1043 993 1044 994 1034 984 1037 987 1044 994 1037 987 1045 995 1037 987 1036 986 1046 996 1037 987 1046 996 1047 997 1036 986 1039 989 1048 998 1036 986 1048 998 1046 996 1039 989 1041 991 1049 999 1039 989 1049 999 1048 998 1041 991 1043 993 1050 1000 1041 991 1050 1000 1049 999 1043 993 1045 995 1051 1001 1043 993 1051 1001 1050 1000 1045 995 1037 987 1047 997 1045 995 1047 997 1051 1001 1047 997 1046 996 1052 1002 1047 997 1052 1002 1053 1003 1046 996 1048 998 1054 1004 1046 996 1054 1004 1052 1002 1048 998 1049 999 1055 1005 1048 998 1055 1005 1054 1004 1049 999 1050 1000 1056 1006 1049 999 1056 1006 1055 1005 1050 1000 1051 1001 1057 1007 1050 1000 1057 1007 1056 1006 1051 1001 1047 997 1053 1003 1051 1001 1053 1003 1057 1007 1053 1003 1052 1002 1058 1008 1053 1003 1058 1008 1059 1009 1052 1002 1054 1004 1060 1010 1052 1002 1060 1010 1058 1008 1054 1004 1055 1005 1061 1011 1054 1004 1061 1011 1060 1010 1055 1005 1056 1006 1062 1012 1055 1005 1062 1012 1061 1011 1056 1006 1057 1007 1063 1013 1056 1006 1063 1013 1062 1012 1057 1007 1053 1003 1059 1009 1057 1007 1059 1009 1063 1013 1059 1009 1058 1008 1064 1014 1059 1009 1064 1014 1065 1015 1058 1008 1060 1010 1066 1016 1058 1008 1066 1016 1064 1014 1060 1010 1061 1011 1067 1017 1060 1010 1067 1017 1066 1016 1061 1011 1062 1012 1068 1018 1061 1011 1068 1018 1067 1017 1062 1012 1063 1013 1069 1019 1062 1012 1069 1019 1068 1018 1063 1013 1059 1009 1065 1015 1063 1013 1065 1015 1069 1019 1065 1015 1064 1014 1070 1020 1065 1015 1070 1020 1071 1021 1064 1014 1066 1016 1072 1022 1064 1014 1072 1022 1070 1020 1066 1016 1067 1017 1073 1023 1066 1016 1073 1023 1072 1022 1067 1017 1068 1018 1074 1024 1067 1017 1074 1024 1073 1023 1068 1018 1069 1019 1075 1025 1068 1018 1075 1025 1074 1024 1069 1019 1065 1015 1071 1021 1069 1019 1071 1021 1075 1025 1034 984 1035 985 1076 1026 1035 985 1038 988 1076 1026 1038 988 1040 990 1076 1026 1040 990 1042 992 1076 1026 1042 992 1044 994 1076 1026 1044 994 1034 984 1076 1026 1070 1020 1071 1021 1077 1027 1072 1022 1070 1020 1077 1027 1073 1023 1072 1022 1077 1027 1074 1024 1073 1023 1077 1027 1075 1025 1074 1024 1077 1027 1071 1021 1075 1025 1077 1027 1078 1028 1079 1029 1080 1030 1078 1028 1080 1030 1081 1031 1079 1029 1082 1032 1083 1033 1079 1029 1083 1033 1080 1030 1082 1032 1084 1034 1085 1034 1082 1032 1085 1034 1083 1033 1084 1034 1078 1028 1081 1031 1084 1034 1081 1031 1085 1034 1081 1031 1080 1030 1086 1035 1081 1031 1086 1035 1087 1036 1080 1030 1083 1033 1088 1037 1080 1030 1088 1037 1086 1035 1083 1033 1085 1034 1089 1038 1083 1033 1089 1038 1088 1037 1085 1034 1081 1031 1087 1036 1085 1034 1087 1036 1089 1038 1090 1039 1091 1040 1092 1041 1090 1039 1092 1041 1093 1042 1091 1040 1094 1043 1095 1044 1091 1040 1095 1044 1092 1041 1094 1043 1096 1045 1097 1046 1094 1043 1097 1046 1095 1044 1096 1045 1090 1039 1093 1042 1096 1045 1093 1042 1097 1046 1093 1042 1092 1041 1098 1047 1093 1042 1098 1047 1099 1048 1092 1041 1095 1044 1100 1049 1092 1041 1100 1049 1098 1047 1095 1044 1097 1046 1101 1050 1095 1044 1101 1050 1100 1049 1097 1046 1093 1042 1099 1048 1097 1046 1099 1048 1101 1050 1102 1051 1103 1052 1104 1053 1102 1051 1104 1053 1105 1054 1103 1052 1106 1055 1107 1056 1103 1052 1107 1056 1104 1053 1106 1055 1108 1057 1109 1057 1106 1055 1109 1057 1107 1056 1108 1057 1102 1051 1105 1054 1108 1057 1105 1054 1109 1057 1105 1054 1104 1053 1110 1058 1105 1054 1110 1058 1111 1059 1104 1053 1107 1056 1112 1060 1104 1053 1112 1060 1110 1058 1107 1056 1109 1057 1113 1061 1107 1056 1113 1061 1112 1060 1109 1057 1105 1054 1111 1059 1109 1057 1111 1059 1113 1061 1114 1062 1115 1063 1116 1063 1114 1062 1116 1063 1117 1064 1115 1063 1118 1065 1119 1066 1115 1063 1119 1066 1116 1063 1118 1065 1120 1067 1121 1068 1118 1065 1121 1068 1119 1066 1120 1067 1114 1062 1117 1064 1120 1067 1117 1064 1121 1068 1117 1064 1116 1063 1122 1069 1117 1064 1122 1069 1123 1064 1116 1063 1119 1066 1124 1066 1116 1063 1124 1066 1122 1069 1119 1066 1121 1068 1125 1070 1119 1066 1125 1070 1124 1066 1121 1068 1117 1064 1123 1064 1121 1068 1123 1064 1125 1070 1126 1071 1127 1072 1128 1073 1126 1071 1128 1073 1129 1074 1127 1072 1130 1075 1131 1076 1127 1072 1131 1076 1128 1073 1130 1075 1132 1077 1133 1078 1130 1075 1133 1078 1131 1076 1132 1077 1126 1071 1129 1074 1132 1077 1129 1074 1133 1078 1129 1074 1128 1073 1134 1079 1129 1074 1134 1079 1135 1080 1128 1073 1131 1076 1136 1081 1128 1073 1136 1081 1134 1079 1131 1076 1133 1078 1137 1082 1131 1076 1137 1082 1136 1081 1133 1078 1129 1074 1135 1080 1133 1078 1135 1080 1137 1082 1138 1083 1139 1084 1140 1085 1138 1083 1140 1085 1141 1083 1139 1084 1142 1086 1143 1087 1139 1084 1143 1087 1140 1085 1142 1086 1144 1088 1145 1088 1142 1086 1145 1088 1143 1087 1144 1088 1138 1083 1141 1083 1144 1088 1141 1083 1145 1088 1141 1083 1140 1085 1146 1085 1141 1083 1146 1085 1147 1089 1140 1085 1143 1087 1148 1090 1140 1085 1148 1090 1146 1085 1143 1087 1145 1088 1149 1091 1143 1087 1149 1091 1148 1090 1145 1088 1141 1083 1147 1089 1145 1088 1147 1089 1149 1091 1150 1092 1151 1093 1152 1094 1150 1092 1152 1094 1153 1095 1151 1093 1154 1096 1155 1097 1151 1093 1155 1097 1152 1094 1154 1096 1156 1098 1157 1099 1154 1096 1157 1099 1155 1097 1156 1098 1150 1092 1153 1095 1156 1098 1153 1095 1157 1099 1153 1095 1152 1094 1158 1100 1153 1095 1158 1100 1159 1101 1152 1094 1155 1097 1160 1102 1152 1094 1160 1102 1158 1100 1155 1097 1157 1099 1161 1103 1155 1097 1161 1103 1160 1102 1157 1099 1153 1095 1159 1101 1157 1099 1159 1101 1161 1103 1162 1104 1163 1105 1164 1106 1162 1104 1164 1106 1165 1104 1163 1105 1166 1107 1167 1108 1163 1105 1167 1108 1164 1106 1166 1107 1168 1109 1169 1109 1166 1107 1169 1109 1167 1108 1168 1109 1162 1104 1165 1104 1168 1109 1165 1104 1169 1109 1165 1104 1164 1106 1170 1110 1165 1104 1170 1110 1171 1111 1164 1106 1167 1108 1172 1112 1164 1106 1172 1112 1170 1110 1167 1108 1169 1109 1173 1113 1167 1108 1173 1113 1172 1112 1169 1109 1165 1104 1171 1111 1169 1109 1171 1111 1173 1113 1174 1114 1175 1115 1176 1116 1174 1114 1176 1116 1177 1117 1175 1115 1178 1118 1179 1119 1175 1115 1179 1119 1176 1116 1178 1118 1180 1120 1181 1121 1178 1118 1181 1121 1179 1119 1180 1120 1174 1114 1177 1117 1180 1120 1177 1117 1181 1121 1177 1117 1176 1116 1182 1122 1177 1117 1182 1122 1183 1123 1176 1116 1179 1119 1184 1124 1176 1116 1184 1124 1182 1122 1179 1119 1181 1121 1185 1125 1179 1119 1185 1125 1184 1124 1181 1121 1177 1117 1183 1123 1181 1121 1183 1123 1185 1125 1182 1122 1183 1123 1186 1126 1184 1124 1182 1122 1186 1126 1185 1125 1184 1124 1186 1126 1183 1123 1185 1125 1186 1126 1187 1127 1188 1128 1189 1129 1187 1127 1189 1129 1190 1130 1188 1128 1191 1131 1192 1132 1188 1128 1192 1132 1189 1129 1191 1131 1193 1133 1194 1134 1191 1131 1194 1134 1192 1132 1193 1133 1195 1135 1196 1136 1193 1133 1196 1136 1194 1134 1195 1135 1197 1137 1198 1138 1195 1135 1198 1138 1196 1136 1197 1137 1187 1127 1190 1130 1197 1137 1190 1130 1198 1138 1190 1130 1189 1129 1199 1139 1190 1130 1199 1139 1200 1140 1189 1129 1192 1132 1201 1141 1189 1129 1201 1141 1199 1139 1192 1132 1194 1134 1202 1142 1192 1132 1202 1142 1201 1141 1194 1134 1196 1136 1203 1143 1194 1134 1203 1143 1202 1142 1196 1136 1198 1138 1204 1144 1196 1136 1204 1144 1203 1143 1198 1138 1190 1130 1200 1140 1198 1138 1200 1140 1204 1144 1200 1140 1199 1139 1205 1145 1200 1140 1205 1145 1206 1146 1199 1139 1201 1141 1207 1147 1199 1139 1207 1147 1205 1145 1201 1141 1202 1142 1208 1148 1201 1141 1208 1148 1207 1147 1202 1142 1203 1143 1209 1149 1202 1142 1209 1149 1208 1148 1203 1143 1204 1144 1210 1150 1203 1143 1210 1150 1209 1149 1204 1144 1200 1140 1206 1146 1204 1144 1206 1146 1210 1150 1206 1146 1205 1145 1211 1151 1206 1146 1211 1151 1212 1152 1205 1145 1207 1147 1213 1153 1205 1145 1213 1153 1211 1151 1207 1147 1208 1148 1214 1154 1207 1147 1214 1154 1213 1153 1208 1148 1209 1149 1215 1155 1208 1148 1215 1155 1214 1154 1209 1149 1210 1150 1216 1156 1209 1149 1216 1156 1215 1155 1210 1150 1206 1146 1212 1152 1210 1150 1212 1152 1216 1156 1212 1152 1211 1151 1217 1157 1212 1152 1217 1157 1218 1158 1211 1151 1213 1153 1219 1159 1211 1151 1219 1159 1217 1157 1213 1153 1214 1154 1220 1160 1213 1153 1220 1160 1219 1159 1214 1154 1215 1155 1221 1161 1214 1154 1221 1161 1220 1160 1215 1155 1216 1156 1222 1162 1215 1155 1222 1162 1221 1161 1216 1156 1212 1152 1218 1158 1216 1156 1218 1158 1222 1162 1218 1158 1217 1157 1223 1163 1218 1158 1223 1163 1224 1164 1217 1157 1219 1159 1225 1165 1217 1157 1225 1165 1223 1163 1219 1159 1220 1160 1226 1166 1219 1159 1226 1166 1225 1165 1220 1160 1221 1161 1227 1167 1220 1160 1227 1167 1226 1166 1221 1161 1222 1162 1228 1168 1221 1161 1228 1168 1227 1167 1222 1162 1218 1158 1224 1164 1222 1162 1224 1164 1228 1168 1187 1127 1188 1128 1229 1169 1188 1128 1191 1131 1229 1169 1191 1131 1193 1133 1229 1169 1193 1133 1195 1135 1229 1169 1195 1135 1197 1137 1229 1169 1197 1137 1187 1127 1229 1169 1223 1163 1224 1164 1230 1170 1225 1165 1223 1163 1230 1170 1226 1166 1225 1165 1230 1170 1227 1167 1226 1166 1230 1170 1228 1168 1227 1167 1230 1170 1224 1164 1228 1168 1230 1170 1231 1171 1232 1172 1233 1173 1231 1171 1233 1173 1234 1174 1232 1172 1235 1175 1236 1176 1232 1172 1236 1176 1233 1173 1235 1175 1237 1177 1238 1178 1235 1175 1238 1178 1236 1176 1237 1177 1231 1171 1234 1174 1237 1177 1234 1174 1238 1178 1234 1174 1233 1173 1239 1179 1234 1174 1239 1179 1240 1180 1233 1173 1236 1176 1241 1181 1233 1173 1241 1181 1239 1179 1236 1176 1238 1178 1242 1182 1236 1176 1242 1182 1241 1181 1238 1178 1234 1174 1240 1180 1238 1178 1240 1180 1242 1182 1243 1183 1244 1184 1245 1185 1243 1183 1245 1185 1246 1186 1244 1184 1247 1187 1248 1188 1244 1184 1248 1188 1245 1185 1247 1187 1249 1189 1250 1190 1247 1187 1250 1190 1248 1188 1249 1189 1243 1183 1246 1186 1249 1189 1246 1186 1250 1190 1246 1186 1245 1185 1251 1191 1246 1186 1251 1191 1252 1192 1245 1185 1248 1188 1253 1193 1245 1185 1253 1193 1251 1191 1248 1188 1250 1190 1254 1194 1248 1188 1254 1194 1253 1193 1250 1190 1246 1186 1252 1192 1250 1190 1252 1192 1254 1194 1255 1195 1256 1196 1257 1197 1255 1195 1257 1197 1258 1198 1256 1196 1259 1199 1260 1200 1256 1196 1260 1200 1257 1197 1259 1199 1261 1201 1262 1202 1259 1199 1262 1202 1260 1200 1261 1201 1255 1195 1258 1198 1261 1201 1258 1198 1262 1202 1258 1198 1257 1197 1263 1203 1258 1198 1263 1203 1264 1204 1257 1197 1260 1200 1265 1200 1257 1197 1265 1200 1263 1203 1260 1200 1262 1202 1266 1205 1260 1200 1266 1205 1265 1200 1262 1202 1258 1198 1264 1204 1262 1202 1264 1204 1266 1205 1267 1206 1268 1207 1269 1208 1267 1206 1269 1208 1270 1209 1268 1207 1271 1210 1272 1211 1268 1207 1272 1211 1269 1208 1271 1210 1273 1212 1274 1213 1271 1210 1274 1213 1272 1211 1273 1212 1267 1206 1270 1209 1273 1212 1270 1209 1274 1213 1270 1209 1269 1208 1275 1214 1270 1209 1275 1214 1276 1215 1269 1208 1272 1211 1277 1216 1269 1208 1277 1216 1275 1214 1272 1211 1274 1213 1278 1217 1272 1211 1278 1217 1277 1216 1274 1213 1270 1209 1276 1215 1274 1213 1276 1215 1278 1217 1279 1218 1280 1219 1281 1220 1279 1218 1281 1220 1282 1221 1280 1219 1283 1222 1284 1223 1280 1219 1284 1223 1281 1220 1283 1222 1285 1224 1286 1225 1283 1222 1286 1225 1284 1223 1285 1224 1279 1218 1282 1221 1285 1224 1282 1221 1286 1225 1282 1221 1281 1220 1287 1226 1282 1221 1287 1226 1288 1227 1281 1220 1284 1223 1289 1228 1281 1220 1289 1228 1287 1226 1284 1223 1286 1225 1290 1229 1284 1223 1290 1229 1289 1228 1286 1225 1282 1221 1288 1227 1286 1225 1288 1227 1290 1229 1291 1230 1292 1231 1293 1231 1291 1230 1293 1231 1294 1230 1292 1231 1295 1232 1296 1233 1292 1231 1296 1233 1293 1231 1295 1232 1297 1234 1298 1235 1295 1232 1298 1235 1296 1233 1297 1234 1291 1230 1294 1230 1297 1234 1294 1230 1298 1235 1294 1230 1293 1231 1299 1236 1294 1230 1299 1236 1300 1237 1293 1231 1296 1233 1301 1233 1293 1231 1301 1233 1299 1236 1296 1233 1298 1235 1302 1238 1296 1233 1302 1238 1301 1233 1298 1235 1294 1230 1300 1237 1298 1235 1300 1237 1302 1238 1303 1239 1304 1240 1305 1240 1303 1239 1305 1240 1306 1241 1304 1240 1307 1242 1308 1243 1304 1240 1308 1243 1305 1240 1307 1242 1309 1244 1310 1245 1307 1242 1310 1245 1308 1243 1309 1244 1303 1239 1306 1241 1309 1244 1306 1241 1310 1245 1306 1241 1305 1240 1311 1246 1306 1241 1311 1246 1312 1247 1305 1240 1308 1243 1313 1243 1305 1240 1313 1243 1311 1246 1308 1243 1310 1245 1314 1248 1308 1243 1314 1248 1313 1243 1310 1245 1306 1241 1312 1247 1310 1245 1312 1247 1314 1248 1315 1249 1316 1250 1317 1251 1315 1249 1317 1251 1318 1252 1316 1250 1319 1253 1320 1254 1316 1250 1320 1254 1317 1251 1319 1253 1321 1255 1322 1256 1319 1253 1322 1256 1320 1254 1321 1255 1315 1249 1318 1252 1321 1255 1318 1252 1322 1256 1318 1252 1317 1251 1323 1257 1318 1252 1323 1257 1324 1258 1317 1251 1320 1254 1325 1254 1317 1251 1325 1254 1323 1257 1320 1254 1322 1256 1326 1259 1320 1254 1326 1259 1325 1254 1322 1256 1318 1252 1324 1258 1322 1256 1324 1258 1326 1259 1327 1260 1328 1261 1329 1262 1327 1260 1329 1262 1330 1263 1328 1261 1331 1264 1332 1265 1328 1261 1332 1265 1329 1262 1331 1264 1333 1266 1334 1267 1331 1264 1334 1267 1332 1265 1333 1266 1327 1260 1330 1263 1333 1266 1330 1263 1334 1267 1330 1263 1329 1262 1335 1268 1330 1263 1335 1268 1336 1269 1329 1262 1332 1265 1337 1270 1329 1262 1337 1270 1335 1268 1332 1265 1334 1267 1338 1271 1332 1265 1338 1271 1337 1270 1334 1267 1330 1263 1336 1269 1334 1267 1336 1269 1338 1271 1335 1268 1336 1269 1339 1272 1337 1270 1335 1268 1339 1272 1338 1271 1337 1270 1339 1272 1336 1269 1338 1271 1339 1272 1340 1273 1341 1274 1342 1275 1340 1273 1342 1275 1343 1276 1341 1274 1344 1277 1345 1278 1341 1274 1345 1278 1342 1275 1344 1277 1346 1279 1347 1280 1344 1277 1347 1280 1345 1278 1346 1279 1348 1281 1349 1282 1346 1279 1349 1282 1347 1280 1348 1281 1350 1283 1351 1284 1348 1281 1351 1284 1349 1282 1350 1283 1340 1273 1343 1276 1350 1283 1343 1276 1351 1284 1343 1276 1342 1275 1352 1285 1343 1276 1352 1285 1353 1286 1342 1275 1345 1278 1354 1287 1342 1275 1354 1287 1352 1285 1345 1278 1347 1280 1355 1288 1345 1278 1355 1288 1354 1287 1347 1280 1349 1282 1356 1289 1347 1280 1356 1289 1355 1288 1349 1282 1351 1284 1357 1290 1349 1282 1357 1290 1356 1289 1351 1284 1343 1276 1353 1286 1351 1284 1353 1286 1357 1290 1353 1286 1352 1285 1358 1291 1353 1286 1358 1291 1359 1292 1352 1285 1354 1287 1360 1293 1352 1285 1360 1293 1358 1291 1354 1287 1355 1288 1361 1294 1354 1287 1361 1294 1360 1293 1355 1288 1356 1289 1362 1295 1355 1288 1362 1295 1361 1294 1356 1289 1357 1290 1363 1296 1356 1289 1363 1296 1362 1295 1357 1290 1353 1286 1359 1292 1357 1290 1359 1292 1363 1296 1359 1292 1358 1291 1364 1297 1359 1292 1364 1297 1365 1298 1358 1291 1360 1293 1366 1299 1358 1291 1366 1299 1364 1297 1360 1293 1361 1294 1367 1300 1360 1293 1367 1300 1366 1299 1361 1294 1362 1295 1368 1301 1361 1294 1368 1301 1367 1300 1362 1295 1363 1296 1369 1302 1362 1295 1369 1302 1368 1301 1363 1296 1359 1292 1365 1298 1363 1296 1365 1298 1369 1302 1365 1298 1364 1297 1370 1303 1365 1298 1370 1303 1371 1304 1364 1297 1366 1299 1372 1305 1364 1297 1372 1305 1370 1303 1366 1299 1367 1300 1373 1306 1366 1299 1373 1306 1372 1305 1367 1300 1368 1301 1374 1307 1367 1300 1374 1307 1373 1306 1368 1301 1369 1302 1375 1308 1368 1301 1375 1308 1374 1307 1369 1302 1365 1298 1371 1304 1369 1302 1371 1304 1375 1308 1371 1304 1370 1303 1376 1309 1371 1304 1376 1309 1377 1310 1370 1303 1372 1305 1378 1311 1370 1303 1378 1311 1376 1309 1372 1305 1373 1306 1379 1312 1372 1305 1379 1312 1378 1311 1373 1306 1374 1307 1380 1313 1373 1306 1380 1313 1379 1312 1374 1307 1375 1308 1381 1314 1374 1307 1381 1314 1380 1313 1375 1308 1371 1304 1377 1310 1375 1308 1377 1310 1381 1314 1340 1273 1341 1274 1382 1315 1341 1274 1344 1277 1382 1315 1344 1277 1346 1279 1382 1315 1346 1279 1348 1281 1382 1315 1348 1281 1350 1283 1382 1315 1350 1283 1340 1273 1382 1315 1376 1309 1377 1310 1383 1316 1378 1311 1376 1309 1383 1316 1379 1312 1378 1311 1383 1316 1380 1313 1379 1312 1383 1316 1381 1314 1380 1313 1383 1316 1377 1310 1381 1314 1383 1316 1384 1317 1385 1318 1386 1319 1384 1317 1386 1319 1387 1317 1385 1318 1388 1320 1389 1321 1385 1318 1389 1321 1386 1319 1388 1320 1390 1322 1391 1323 1388 1320 1391 1323 1389 1321 1390 1322 1384 1317 1387 1317 1390 1322 1387 1317 1391 1323 1387 1317 1386 1319 1392 1324 1387 1317 1392 1324 1393 1325 1386 1319 1389 1321 1394 1326 1386 1319 1394 1326 1392 1324 1389 1321 1391 1323 1395 1327 1389 1321 1395 1327 1394 1326 1391 1323 1387 1317 1393 1325 1391 1323 1393 1325 1395 1327 1396 1328 1397 1329 1398 1330 1396 1328 1398 1330 1399 1331 1397 1329 1400 1332 1401 1332 1397 1329 1401 1332 1398 1330 1400 1332 1402 1333 1403 1334 1400 1332 1403 1334 1401 1332 1402 1333 1396 1328 1399 1331 1402 1333 1399 1331 1403 1334 1399 1331 1398 1330 1404 1335 1399 1331 1404 1335 1405 1336 1398 1330 1401 1332 1406 1337 1398 1330 1406 1337 1404 1335 1401 1332 1403 1334 1407 1334 1401 1332 1407 1334 1406 1337 1403 1334 1399 1331 1405 1336 1403 1334 1405 1336 1407 1334 1408 1338 1409 1339 1410 1339 1408 1338 1410 1339 1411 1340 1409 1339 1412 1341 1413 1342 1409 1339 1413 1342 1410 1339 1412 1341 1414 1343 1415 1343 1412 1341 1415 1343 1413 1342 1414 1343 1408 1338 1411 1340 1414 1343 1411 1340 1415 1343 1411 1340 1410 1339 1416 1344 1411 1340 1416 1344 1417 1345 1410 1339 1413 1342 1418 1346 1410 1339 1418 1346 1416 1344 1413 1342 1415 1343 1419 1347 1413 1342 1419 1347 1418 1346 1415 1343 1411 1340 1417 1345 1415 1343 1417 1345 1419 1347 1420 1348 1421 1349 1422 1350 1420 1348 1422 1350 1423 1348 1421 1349 1424 1351 1425 1351 1421 1349 1425 1351 1422 1350 1424 1351 1426 1352 1427 1353 1424 1351 1427 1353 1425 1351 1426 1352 1420 1348 1423 1348 1426 1352 1423 1348 1427 1353 1423 1348 1422 1350 1428 1354 1423 1348 1428 1354 1429 1355 1422 1350 1425 1351 1430 1356 1422 1350 1430 1356 1428 1354 1425 1351 1427 1353 1431 1357 1425 1351 1431 1357 1430 1356 1427 1353 1423 1348 1429 1355 1427 1353 1429 1355 1431 1357 1432 1358 1433 1359 1434 1360 1432 1358 1434 1360 1435 1361 1433 1359 1436 1362 1437 1363 1433 1359 1437 1363 1434 1360 1436 1362 1438 1364 1439 1365 1436 1362 1439 1365 1437 1363 1438 1364 1432 1358 1435 1361 1438 1364 1435 1361 1439 1365 1435 1361 1434 1360 1440 1366 1435 1361 1440 1366 1441 1367 1434 1360 1437 1363 1442 1368 1434 1360 1442 1368 1440 1366 1437 1363 1439 1365 1443 1369 1437 1363 1443 1369 1442 1368 1439 1365 1435 1361 1441 1367 1439 1365 1441 1367 1443 1369 1444 1370 1445 1371 1446 1372 1444 1370 1446 1372 1447 1373 1445 1371 1448 1374 1449 1375 1445 1371 1449 1375 1446 1372 1448 1374 1450 1376 1451 1377 1448 1374 1451 1377 1449 1375 1450 1376 1444 1370 1447 1373 1450 1376 1447 1373 1451 1377 1447 1373 1446 1372 1452 1378 1447 1373 1452 1378 1453 1379 1446 1372 1449 1375 1454 1380 1446 1372 1454 1380 1452 1378 1449 1375 1451 1377 1455 1381 1449 1375 1455 1381 1454 1380 1451 1377 1447 1373 1453 1379 1451 1377 1453 1379 1455 1381 1456 1382 1457 1383 1458 1384 1456 1382 1458 1384 1459 1385 1457 1383 1460 1386 1461 1386 1457 1383 1461 1386 1458 1384 1460 1386 1462 1387 1463 1388 1460 1386 1463 1388 1461 1386 1462 1387 1456 1382 1459 1385 1462 1387 1459 1385 1463 1388 1459 1385 1458 1384 1464 1389 1459 1385 1464 1389 1465 1390 1458 1384 1461 1386 1466 1391 1458 1384 1466 1391 1464 1389 1461 1386 1463 1388 1467 1388 1461 1386 1467 1388 1466 1391 1463 1388 1459 1385 1465 1390 1463 1388 1465 1390 1467 1388 1468 1392 1469 1393 1470 1394 1468 1392 1470 1394 1471 1395 1469 1393 1472 1396 1473 1397 1469 1393 1473 1397 1470 1394 1472 1396 1474 1398 1475 1399 1472 1396 1475 1399 1473 1397 1474 1398 1468 1392 1471 1395 1474 1398 1471 1395 1475 1399 1471 1395 1470 1394 1476 1394 1471 1395 1476 1394 1477 1400 1470 1394 1473 1397 1478 1401 1470 1394 1478 1401 1476 1394 1473 1397 1475 1399 1479 1402 1473 1397 1479 1402 1478 1401 1475 1399 1471 1395 1477 1400 1475 1399 1477 1400 1479 1402 1480 1403 1481 1404 1482 1405 1480 1403 1482 1405 1483 1406 1481 1404 1484 1407 1485 1408 1481 1404 1485 1408 1482 1405 1484 1407 1486 1409 1487 1410 1484 1407 1487 1410 1485 1408 1486 1409 1480 1403 1483 1406 1486 1409 1483 1406 1487 1410 1483 1406 1482 1405 1488 1411 1483 1406 1488 1411 1489 1412 1482 1405 1485 1408 1490 1413 1482 1405 1490 1413 1488 1411 1485 1408 1487 1410 1491 1414 1485 1408 1491 1414 1490 1413 1487 1410 1483 1406 1489 1412 1487 1410 1489 1412 1491 1414 1488 1411 1489 1412 1492 1415 1490 1413 1488 1411 1492 1415 1491 1414 1490 1413 1492 1415 1489 1412 1491 1414 1492 1415 1493 1416 1494 1417 1495 1418 1493 1416 1495 1418 1496 1419 1494 1417 1497 1420 1498 1421 1494 1417 1498 1421 1495 1418 1497 1420 1499 1422 1500 1423 1497 1420 1500 1423 1498 1421 1499 1422 1501 1424 1502 1425 1499 1422 1502 1425 1500 1423 1501 1424 1503 1426 1504 1427 1501 1424 1504 1427 1502 1425 1503 1426 1493 1416 1496 1419 1503 1426 1496 1419 1504 1427 1496 1419 1495 1418 1505 1428 1496 1419 1505 1428 1506 1429 1495 1418 1498 1421 1507 1430 1495 1418 1507 1430 1505 1428 1498 1421 1500 1423 1508 1431 1498 1421 1508 1431 1507 1430 1500 1423 1502 1425 1509 1432 1500 1423 1509 1432 1508 1431 1502 1425 1504 1427 1510 1433 1502 1425 1510 1433 1509 1432 1504 1427 1496 1419 1506 1429 1504 1427 1506 1429 1510 1433 1506 1429 1505 1428 1511 1434 1506 1429 1511 1434 1512 1435 1505 1428 1507 1430 1513 1436 1505 1428 1513 1436 1511 1434 1507 1430 1508 1431 1514 1437 1507 1430 1514 1437 1513 1436 1508 1431 1509 1432 1515 1438 1508 1431 1515 1438 1514 1437 1509 1432 1510 1433 1516 1439 1509 1432 1516 1439 1515 1438 1510 1433 1506 1429 1512 1435 1510 1433 1512 1435 1516 1439 1512 1435 1511 1434 1517 1440 1512 1435 1517 1440 1518 1441 1511 1434 1513 1436 1519 1442 1511 1434 1519 1442 1517 1440 1513 1436 1514 1437 1520 1443 1513 1436 1520 1443 1519 1442 1514 1437 1515 1438 1521 1444 1514 1437 1521 1444 1520 1443 1515 1438 1516 1439 1522 1445 1515 1438 1522 1445 1521 1444 1516 1439 1512 1435 1518 1441 1516 1439 1518 1441 1522 1445 1518 1441 1517 1440 1523 1446 1518 1441 1523 1446 1524 1447 1517 1440 1519 1442 1525 1448 1517 1440 1525 1448 1523 1446 1519 1442 1520 1443 1526 1449 1519 1442 1526 1449 1525 1448 1520 1443 1521 1444 1527 1450 1520 1443 1527 1450 1526 1449 1521 1444 1522 1445 1528 1451 1521 1444 1528 1451 1527 1450 1522 1445 1518 1441 1524 1447 1522 1445 1524 1447 1528 1451 1524 1447 1523 1446 1529 1452 1524 1447 1529 1452 1530 1453 1523 1446 1525 1448 1531 1454 1523 1446 1531 1454 1529 1452 1525 1448 1526 1449 1532 1455 1525 1448 1532 1455 1531 1454 1526 1449 1527 1450 1533 1456 1526 1449 1533 1456 1532 1455 1527 1450 1528 1451 1534 1457 1527 1450 1534 1457 1533 1456 1528 1451 1524 1447 1530 1453 1528 1451 1530 1453 1534 1457 1493 1416 1494 1417 1535 1458 1494 1417 1497 1420 1535 1458 1497 1420 1499 1422 1535 1458 1499 1422 1501 1424 1535 1458 1501 1424 1503 1426 1535 1458 1503 1426 1493 1416 1535 1458 1529 1452 1530 1453 1536 1459 1531 1454 1529 1452 1536 1459 1532 1455 1531 1454 1536 1459 1533 1456 1532 1455 1536 1459 1534 1457 1533 1456 1536 1459 1530 1453 1534 1457 1536 1459 1537 1460 1538 1461 1539 1461 1537 1460 1539 1461 1540 1462 1538 1461 1541 1463 1542 1464 1538 1461 1542 1464 1539 1461 1541 1463 1543 1465 1544 1466 1541 1463 1544 1466 1542 1464 1543 1465 1537 1460 1540 1462 1543 1465 1540 1462 1544 1466 1540 1462 1539 1461 1545 1467 1540 1462 1545 1467 1546 1468 1539 1461 1542 1464 1547 1469 1539 1461 1547 1469 1545 1467 1542 1464 1544 1466 1548 1466 1542 1464 1548 1466 1547 1469 1544 1466 1540 1462 1546 1468 1544 1466 1546 1468 1548 1466 1549 1470 1550 1471 1551 1472 1549 1470 1551 1472 1552 1473 1550 1471 1553 1474 1554 1475 1550 1471 1554 1475 1551 1472 1553 1474 1555 1476 1556 1477 1553 1474 1556 1477 1554 1475 1555 1476 1549 1470 1552 1473 1555 1476 1552 1473 1556 1477 1552 1473 1551 1472 1557 1478 1552 1473 1557 1478 1558 1473 1551 1472 1554 1475 1559 1479 1551 1472 1559 1479 1557 1478 1554 1475 1556 1477 1560 1477 1554 1475 1560 1477 1559 1479 1556 1477 1552 1473 1558 1473 1556 1477 1558 1473 1560 1477 1561 1480 1562 1481 1563 1482 1561 1480 1563 1482 1564 1483 1562 1481 1565 1484 1566 1485 1562 1481 1566 1485 1563 1482 1565 1484 1567 1486 1568 1487 1565 1484 1568 1487 1566 1485 1567 1486 1561 1480 1564 1483 1567 1486 1564 1483 1568 1487 1564 1483 1563 1482 1569 1488 1564 1483 1569 1488 1570 1489 1563 1482 1566 1485 1571 1490 1563 1482 1571 1490 1569 1488 1566 1485 1568 1487 1572 1491 1566 1485 1572 1491 1571 1490 1568 1487 1564 1483 1570 1489 1568 1487 1570 1489 1572 1491 1573 1492 1574 1493 1575 1494 1573 1492 1575 1494 1576 1495 1574 1493 1577 1496 1578 1497 1574 1493 1578 1497 1575 1494 1577 1496 1579 1498 1580 1499 1577 1496 1580 1499 1578 1497 1579 1498 1573 1492 1576 1495 1579 1498 1576 1495 1580 1499 1576 1495 1575 1494 1581 1500 1576 1495 1581 1500 1582 1501 1575 1494 1578 1497 1583 1497 1575 1494 1583 1497 1581 1500 1578 1497 1580 1499 1584 1502 1578 1497 1584 1502 1583 1497 1580 1499 1576 1495 1582 1501 1580 1499 1582 1501 1584 1502 1585 1503 1586 1504 1587 1505 1585 1503 1587 1505 1588 1506 1586 1504 1589 1507 1590 1508 1586 1504 1590 1508 1587 1505 1589 1507 1591 1509 1592 1510 1589 1507 1592 1510 1590 1508 1591 1509 1585 1503 1588 1506 1591 1509 1588 1506 1592 1510 1588 1506 1587 1505 1593 1511 1588 1506 1593 1511 1594 1512 1587 1505 1590 1508 1595 1513 1587 1505 1595 1513 1593 1511 1590 1508 1592 1510 1596 1514 1590 1508 1596 1514 1595 1513 1592 1510 1588 1506 1594 1512 1592 1510 1594 1512 1596 1514 1597 1515 1598 1516 1599 1517 1597 1515 1599 1517 1600 1518 1598 1516 1601 1519 1602 1520 1598 1516 1602 1520 1599 1517 1601 1519 1603 1521 1604 1522 1601 1519 1604 1522 1602 1520 1603 1521 1597 1515 1600 1518 1603 1521 1600 1518 1604 1522 1600 1518 1599 1517 1605 1523 1600 1518 1605 1523 1606 1524 1599 1517 1602 1520 1607 1525 1599 1517 1607 1525 1605 1523 1602 1520 1604 1522 1608 1526 1602 1520 1608 1526 1607 1525 1604 1522 1600 1518 1606 1524 1604 1522 1606 1524 1608 1526 1609 1527 1610 1528 1611 1529 1609 1527 1611 1529 1612 1530 1610 1528 1613 1531 1614 1532 1610 1528 1614 1532 1611 1529 1613 1531 1615 1533 1616 1534 1613 1531 1616 1534 1614 1532 1615 1533 1617 1535 1618 1536 1615 1533 1618 1536 1616 1534 1617 1535 1619 1537 1620 1538 1617 1535 1620 1538 1618 1536 1619 1537 1609 1527 1612 1530 1619 1537 1612 1530 1620 1538 1612 1530 1611 1529 1621 1539 1612 1530 1621 1539 1622 1540 1611 1529 1614 1532 1623 1541 1611 1529 1623 1541 1621 1539 1614 1532 1616 1534 1624 1542 1614 1532 1624 1542 1623 1541 1616 1534 1618 1536 1625 1543 1616 1534 1625 1543 1624 1542 1618 1536 1620 1538 1626 1544 1618 1536 1626 1544 1625 1543 1620 1538 1612 1530 1622 1540 1620 1538 1622 1540 1626 1544 1622 1540 1621 1539 1627 1545 1622 1540 1627 1545 1628 1546 1621 1539 1623 1541 1629 1547 1621 1539 1629 1547 1627 1545 1623 1541 1624 1542 1630 1548 1623 1541 1630 1548 1629 1547 1624 1542 1625 1543 1631 1549 1624 1542 1631 1549 1630 1548 1625 1543 1626 1544 1632 1550 1625 1543 1632 1550 1631 1549 1626 1544 1622 1540 1628 1546 1626 1544 1628 1546 1632 1550 1628 1546 1627 1545 1633 1551 1628 1546 1633 1551 1634 1552 1627 1545 1629 1547 1635 1553 1627 1545 1635 1553 1633 1551 1629 1547 1630 1548 1636 1554 1629 1547 1636 1554 1635 1553 1630 1548 1631 1549 1637 1555 1630 1548 1637 1555 1636 1554 1631 1549 1632 1550 1638 1556 1631 1549 1638 1556 1637 1555 1632 1550 1628 1546 1634 1552 1632 1550 1634 1552 1638 1556 1634 1552 1633 1551 1639 1557 1634 1552 1639 1557 1640 1558 1633 1551 1635 1553 1641 1559 1633 1551 1641 1559 1639 1557 1635 1553 1636 1554 1642 1560 1635 1553 1642 1560 1641 1559 1636 1554 1637 1555 1643 1561 1636 1554 1643 1561 1642 1560 1637 1555 1638 1556 1644 1562 1637 1555 1644 1562 1643 1561 1638 1556 1634 1552 1640 1558 1638 1556 1640 1558 1644 1562 1640 1558 1639 1557 1645 1563 1640 1558 1645 1563 1646 1564 1639 1557 1641 1559 1647 1565 1639 1557 1647 1565 1645 1563 1641 1559 1642 1560 1648 1566 1641 1559 1648 1566 1647 1565 1642 1560 1643 1561 1649 1567 1642 1560 1649 1567 1648 1566 1643 1561 1644 1562 1650 1568 1643 1561 1650 1568 1649 1567 1644 1562 1640 1558 1646 1564 1644 1562 1646 1564 1650 1568 1609 1527 1610 1528 1651 1569 1610 1528 1613 1531 1651 1569 1613 1531 1615 1533 1651 1569 1615 1533 1617 1535 1651 1569 1617 1535 1619 1537 1651 1569 1619 1537 1609 1527 1651 1569 1645 1563 1646 1564 1652 1570 1647 1565 1645 1563 1652 1570 1648 1566 1647 1565 1652 1570 1649 1567 1648 1566 1652 1570 1650 1568 1649 1567 1652 1570 1646 1564 1650 1568 1652 1570 1653 1571 1654 1572 1655 1573 1653 1571 1655 1573 1656 1574 1654 1572 1657 1575 1658 1576 1654 1572 1658 1576 1655 1573 1657 1575 1659 1577 1660 1578 1657 1575 1660 1578 1658 1576 1659 1577 1653 1571 1656 1574 1659 1577 1656 1574 1660 1578 1656 1574 1655 1573 1661 1573 1656 1574 1661 1573 1662 1579 1655 1573 1658 1576 1663 1580 1655 1573 1663 1580 1661 1573 1658 1576 1660 1578 1664 1578 1658 1576 1664 1578 1663 1580 1660 1578 1656 1574 1662 1579 1660 1578 1662 1579 1664 1578 1665 1581 1666 1582 1667 1583 1665 1581 1667 1583 1668 1584 1666 1582 1669 1585 1670 1586 1666 1582 1670 1586 1667 1583 1669 1585 1671 1587 1672 1588 1669 1585 1672 1588 1670 1586 1671 1587 1665 1581 1668 1584 1671 1587 1668 1584 1672 1588 1668 1584 1667 1583 1673 1589 1668 1584 1673 1589 1674 1590 1667 1583 1670 1586 1675 1586 1667 1583 1675 1586 1673 1589 1670 1586 1672 1588 1676 1591 1670 1586 1676 1591 1675 1586 1672 1588 1668 1584 1674 1590 1672 1588 1674 1590 1676 1591 1677 1592 1678 1593 1679 1594 1677 1592 1679 1594 1680 1595 1678 1593 1681 1596 1682 1597 1678 1593 1682 1597 1679 1594 1681 1596 1683 1598 1684 1599 1681 1596 1684 1599 1682 1597 1683 1598 1677 1592 1680 1595 1683 1598 1680 1595 1684 1599 1680 1595 1679 1594 1685 1600 1680 1595 1685 1600 1686 1601 1679 1594 1682 1597 1687 1602 1679 1594 1687 1602 1685 1600 1682 1597 1684 1599 1688 1603 1682 1597 1688 1603 1687 1602 1684 1599 1680 1595 1686 1601 1684 1599 1686 1601 1688 1603 1689 1604 1690 1605 1691 1606 1689 1604 1691 1606 1692 1607 1690 1605 1693 1608 1694 1609 1690 1605 1694 1609 1691 1606 1693 1608 1695 1610 1696 1611 1693 1608 1696 1611 1694 1609 1695 1610 1689 1604 1692 1607 1695 1610 1692 1607 1696 1611 1692 1607 1691 1606 1697 1612 1692 1607 1697 1612 1698 1613 1691 1606 1694 1609 1699 1609 1691 1606 1699 1609 1697 1612 1694 1609 1696 1611 1700 1611 1694 1609 1700 1611 1699 1609 1696 1611 1692 1607 1698 1613 1696 1611 1698 1613 1700 1611 1701 1614 1702 1615 1703 1616 1701 1614 1703 1616 1704 1617 1702 1615 1705 1618 1706 1619 1702 1615 1706 1619 1703 1616 1705 1618 1707 1620 1708 1621 1705 1618 1708 1621 1706 1619 1707 1620 1701 1614 1704 1617 1707 1620 1704 1617 1708 1621 1704 1617 1703 1616 1709 1622 1704 1617 1709 1622 1710 1623 1703 1616 1706 1619 1711 1624 1703 1616 1711 1624 1709 1622 1706 1619 1708 1621 1712 1625 1706 1619 1712 1625 1711 1624 1708 1621 1704 1617 1710 1623 1708 1621 1710 1623 1712 1625 1713 1626 1714 1627 1715 1628 1713 1626 1715 1628 1716 1629 1714 1627 1717 1630 1718 1631 1714 1627 1718 1631 1715 1628 1717 1630 1719 1632 1720 1633 1717 1630 1720 1633 1718 1631 1719 1632 1713 1626 1716 1629 1719 1632 1716 1629 1720 1633 1716 1629 1715 1628 1721 1634 1716 1629 1721 1634 1722 1629 1715 1628 1718 1631 1723 1635 1715 1628 1723 1635 1721 1634 1718 1631 1720 1633 1724 1636 1718 1631 1724 1636 1723 1635 1720 1633 1716 1629 1722 1629 1720 1633 1722 1629 1724 1636 1725 1637 1726 1638 1727 1639 1725 1637 1727 1639 1728 1640 1726 1638 1729 1641 1730 1641 1726 1638 1730 1641 1727 1639 1729 1641 1731 1642 1732 1643 1729 1641 1732 1643 1730 1641 1731 1642 1725 1637 1728 1640 1731 1642 1728 1640 1732 1643 1728 1640 1727 1639 1733 1644 1728 1640 1733 1644 1734 1645 1727 1639 1730 1641 1735 1646 1727 1639 1735 1646 1733 1644 1730 1641 1732 1643 1736 1643 1730 1641 1736 1643 1735 1646 1732 1643 1728 1640 1734 1645 1732 1643 1734 1645 1736 1643 1737 1647 1738 1648 1739 1649 1737 1647 1739 1649 1740 1650 1738 1648 1741 1651 1742 1652 1738 1648 1742 1652 1739 1649 1741 1651 1743 1653 1744 1654 1741 1651 1744 1654 1742 1652 1743 1653 1737 1647 1740 1650 1743 1653 1740 1650 1744 1654 1740 1650 1739 1649 1745 1655 1740 1650 1745 1655 1746 1656 1739 1649 1742 1652 1747 1657 1739 1649 1747 1657 1745 1655 1742 1652 1744 1654 1748 1658 1742 1652 1748 1658 1747 1657 1744 1654 1740 1650 1746 1656 1744 1654 1746 1656 1748 1658 1745 1655 1746 1656 1749 1659 1747 1657 1745 1655 1749 1659 1748 1658 1747 1657 1749 1659 1746 1656 1748 1658 1749 1659 1750 1660 1751 1661 1752 1662 1750 1660 1752 1662 1753 1663 1751 1661 1754 1664 1755 1665 1751 1661 1755 1665 1752 1662 1754 1664 1756 1666 1757 1667 1754 1664 1757 1667 1755 1665 1756 1666 1758 1668 1759 1669 1756 1666 1759 1669 1757 1667 1758 1668 1760 1670 1761 1671 1758 1668 1761 1671 1759 1669 1760 1670 1750 1660 1753 1663 1760 1670 1753 1663 1761 1671 1753 1663 1752 1662 1762 1672 1753 1663 1762 1672 1763 1673 1752 1662 1755 1665 1764 1674 1752 1662 1764 1674 1762 1672 1755 1665 1757 1667 1765 1675 1755 1665 1765 1675 1764 1674 1757 1667 1759 1669 1766 1676 1757 1667 1766 1676 1765 1675 1759 1669 1761 1671 1767 1677 1759 1669 1767 1677 1766 1676 1761 1671 1753 1663 1763 1673 1761 1671 1763 1673 1767 1677 1763 1673 1762 1672 1768 1678 1763 1673 1768 1678 1769 1679 1762 1672 1764 1674 1770 1680 1762 1672 1770 1680 1768 1678 1764 1674 1765 1675 1771 1681 1764 1674 1771 1681 1770 1680 1765 1675 1766 1676 1772 1682 1765 1675 1772 1682 1771 1681 1766 1676 1767 1677 1773 1683 1766 1676 1773 1683 1772 1682 1767 1677 1763 1673 1769 1679 1767 1677 1769 1679 1773 1683 1769 1679 1768 1678 1774 1684 1769 1679 1774 1684 1775 1685 1768 1678 1770 1680 1776 1686 1768 1678 1776 1686 1774 1684 1770 1680 1771 1681 1777 1687 1770 1680 1777 1687 1776 1686 1771 1681 1772 1682 1778 1688 1771 1681 1778 1688 1777 1687 1772 1682 1773 1683 1779 1689 1772 1682 1779 1689 1778 1688 1773 1683 1769 1679 1775 1685 1773 1683 1775 1685 1779 1689 1775 1685 1774 1684 1780 1690 1775 1685 1780 1690 1781 1691 1774 1684 1776 1686 1782 1692 1774 1684 1782 1692 1780 1690 1776 1686 1777 1687 1783 1693 1776 1686 1783 1693 1782 1692 1777 1687 1778 1688 1784 1694 1777 1687 1784 1694 1783 1693 1778 1688 1779 1689 1785 1695 1778 1688 1785 1695 1784 1694 1779 1689 1775 1685 1781 1691 1779 1689 1781 1691 1785 1695 1781 1691 1780 1690 1786 1696 1781 1691 1786 1696 1787 1697 1780 1690 1782 1692 1788 1698 1780 1690 1788 1698 1786 1696 1782 1692 1783 1693 1789 1699 1782 1692 1789 1699 1788 1698 1783 1693 1784 1694 1790 1700 1783 1693 1790 1700 1789 1699 1784 1694 1785 1695 1791 1701 1784 1694 1791 1701 1790 1700 1785 1695 1781 1691 1787 1697 1785 1695 1787 1697 1791 1701 1750 1660 1751 1661 1792 1702 1751 1661 1754 1664 1792 1702 1754 1664 1756 1666 1792 1702 1756 1666 1758 1668 1792 1702 1758 1668 1760 1670 1792 1702 1760 1670 1750 1660 1792 1702 1786 1696 1787 1697 1793 1703 1788 1698 1786 1696 1793 1703 1789 1699 1788 1698 1793 1703 1790 1700 1789 1699 1793 1703 1791 1701 1790 1700 1793 1703 1787 1697 1791 1701 1793 1703 1794 1704 1795 1705 1796 1706 1794 1704 1796 1706 1797 1707 1795 1705 1798 1708 1799 1709 1795 1705 1799 1709 1796 1706 1798 1708 1800 1710 1801 1711 1798 1708 1801 1711 1799 1709 1800 1710 1794 1704 1797 1707 1800 1710 1797 1707 1801 1711 1797 1707 1796 1706 1802 1712 1797 1707 1802 1712 1803 1713 1796 1706 1799 1709 1804 1714 1796 1706 1804 1714 1802 1712 1799 1709 1801 1711 1805 1715 1799 1709 1805 1715 1804 1714 1801 1711 1797 1707 1803 1713 1801 1711 1803 1713 1805 1715 1806 1716 1807 1717 1808 1718 1806 1716 1808 1718 1809 1719 1807 1717 1810 1720 1811 1721 1807 1717 1811 1721 1808 1718 1810 1720 1812 1722 1813 1723 1810 1720 1813 1723 1811 1721 1812 1722 1806 1716 1809 1719 1812 1722 1809 1719 1813 1723 1809 1719 1808 1718 1814 1724 1809 1719 1814 1724 1815 1719 1808 1718 1811 1721 1816 1725 1808 1718 1816 1725 1814 1724 1811 1721 1813 1723 1817 1723 1811 1721 1817 1723 1816 1725 1813 1723 1809 1719 1815 1719 1813 1723 1815 1719 1817 1723 1818 1726 1819 1727 1820 1728 1818 1726 1820 1728 1821 1729 1819 1727 1822 1730 1823 1731 1819 1727 1823 1731 1820 1728 1822 1730 1824 1732 1825 1732 1822 1730 1825 1732 1823 1731 1824 1732 1818 1726 1821 1729 1824 1732 1821 1729 1825 1732 1821 1729 1820 1728 1826 1733 1821 1729 1826 1733 1827 1734 1820 1728 1823 1731 1828 1735 1820 1728 1828 1735 1826 1733 1823 1731 1825 1732 1829 1736 1823 1731 1829 1736 1828 1735 1825 1732 1821 1729 1827 1734 1825 1732 1827 1734 1829 1736 1830 1737 1831 1738 1832 1739 1830 1737 1832 1739 1833 1737 1831 1738 1834 1740 1835 1741 1831 1738 1835 1741 1832 1739 1834 1740 1836 1742 1837 1742 1834 1740 1837 1742 1835 1741 1836 1742 1830 1737 1833 1737 1836 1742 1833 1737 1837 1742 1833 1737 1832 1739 1838 1743 1833 1737 1838 1743 1839 1744 1832 1739 1835 1741 1840 1745 1832 1739 1840 1745 1838 1743 1835 1741 1837 1742 1841 1746 1835 1741 1841 1746 1840 1745 1837 1742 1833 1737 1839 1744 1837 1742 1839 1744 1841 1746 1842 1747 1843 1748 1844 1749 1842 1747 1844 1749 1845 1750 1843 1748 1846 1751 1847 1752 1843 1748 1847 1752 1844 1749 1846 1751 1848 1753 1849 1753 1846 1751 1849 1753 1847 1752 1848 1753 1842 1747 1845 1750 1848 1753 1845 1750 1849 1753 1845 1750 1844 1749 1850 1754 1845 1750 1850 1754 1851 1755 1844 1749 1847 1752 1852 1752 1844 1749 1852 1752 1850 1754 1847 1752 1849 1753 1853 1756 1847 1752 1853 1756 1852 1752 1849 1753 1845 1750 1851 1755 1849 1753 1851 1755 1853 1756 1854 1757 1855 1758 1856 1759 1854 1757 1856 1759 1857 1760 1855 1758 1858 1761 1859 1762 1855 1758 1859 1762 1856 1759 1858 1761 1860 1763 1861 1764 1858 1761 1861 1764 1859 1762 1860 1763 1854 1757 1857 1760 1860 1763 1857 1760 1861 1764 1857 1760 1856 1759 1862 1765 1857 1760 1862 1765 1863 1766 1856 1759 1859 1762 1864 1767 1856 1759 1864 1767 1862 1765 1859 1762 1861 1764 1865 1768 1859 1762 1865 1768 1864 1767 1861 1764 1857 1760 1863 1766 1861 1764 1863 1766 1865 1768 1866 1769 1867 1770 1868 1771 1866 1769 1868 1771 1869 1772 1867 1770 1870 1773 1871 1774 1867 1770 1871 1774 1868 1771 1870 1773 1872 1775 1873 1776 1870 1773 1873 1776 1871 1774 1872 1775 1866 1769 1869 1772 1872 1775 1869 1772 1873 1776 1869 1772 1868 1771 1874 1777 1869 1772 1874 1777 1875 1778 1868 1771 1871 1774 1876 1779 1868 1771 1876 1779 1874 1777 1871 1774 1873 1776 1877 1780 1871 1774 1877 1780 1876 1779 1873 1776 1869 1772 1875 1778 1873 1776 1875 1778 1877 1780 1878 1781 1879 1782 1880 1782 1878 1781 1880 1782 1881 1783 1879 1782 1882 1784 1883 1785 1879 1782 1883 1785 1880 1782 1882 1784 1884 1786 1885 1787 1882 1784 1885 1787 1883 1785 1884 1786 1878 1781 1881 1783 1884 1786 1881 1783 1885 1787 1881 1783 1880 1782 1886 1788 1881 1783 1886 1788 1887 1789 1880 1782 1883 1785 1888 1790 1880 1782 1888 1790 1886 1788 1883 1785 1885 1787 1889 1791 1883 1785 1889 1791 1888 1790 1885 1787 1881 1783 1887 1789 1885 1787 1887 1789 1889 1791 1890 1792 1891 1793 1892 1794 1890 1792 1892 1794 1893 1795 1891 1793 1894 1796 1895 1797 1891 1793 1895 1797 1892 1794 1894 1796 1896 1798 1897 1799 1894 1796 1897 1799 1895 1797 1896 1798 1890 1792 1893 1795 1896 1798 1893 1795 1897 1799 1893 1795 1892 1794 1898 1800 1893 1795 1898 1800 1899 1801 1892 1794 1895 1797 1900 1802 1892 1794 1900 1802 1898 1800 1895 1797 1897 1799 1901 1803 1895 1797 1901 1803 1900 1802 1897 1799 1893 1795 1899 1801 1897 1799 1899 1801 1901 1803 1898 1800 1899 1801 1902 1804 1900 1802 1898 1800 1902 1804 1901 1803 1900 1802 1902 1804 1899 1801 1901 1803 1902 1804</p></triangles>
      </mesh>
    </geometry>
  </library_geometries>
  <library_visual_scenes><visual_scene id="scene" name="scene">
    <node id="ROW_01_SEG1_solid" name="ROW_01_SEG1_solid" type="NODE"><instance_geometry url="#ROW_01_SEG1_solid-mesh"><bind_material><technique_common>
      <instance_material symbol="MAT_COTTON_STEM-mat" target="#MAT_COTTON_STEM"/>
    </technique_common></bind_material></instance_geometry></node>
  </visual_scene></library_visual_scenes>
  <scene><instance_visual_scene url="#scene"/></scene>
</COLLADA>
