<?xml version="1.0" encoding="utf-8"?>
<COLLADA xmlns="http://www.collada.org/2005/11/COLLADASchema" version="1.4.1">
  <asset>
    <contributor><authoring_tool>VIGIL SIH26126 farm generator</authoring_tool></contributor>
    <unit name="meter" meter="1"/>
    <up_axis>Z_UP</up_axis>
  </asset>
  <library_effects>
    <effect id="MAT_COTTON_STEM-fx"><profile_COMMON><technique sid="c"><lambert><diffuse><color>0.0620 0.0820 0.0240 1</color></diffuse></lambert></technique></profile_COMMON></effect>
  </library_effects>
  <library_materials>
    <material id="MAT_COTTON_STEM" name="MAT_COTTON_STEM"><instance_effect url="#MAT_COTTON_STEM-fx"/></material>
  </library_materials>
  <library_geometries>
    <geometry id="ROW_16_SEG0_solid-mesh" name="ROW_16_SEG0_solid">
      <mesh>
        <source id="ROW_16_SEG0_solid-pos"><float_array id="ROW_16_SEG0_solid-pos-a" count="5349">-2.1394 -0.016281 0.014785 -2.1358 -0.012384 0.014514 -2.1324 -0.013812 0.043059 -2.1356 -0.017311 0.043403 -2.1374 -0.0073857 0.014997 -2.1338 -0.0093293 0.043482 -2.1425 -0.0062852 0.015751 -2.1384 -0.0083461 0.04425 -2.146 -0.010182 0.016022 -2.1415 -0.011845 0.044595 -2.1444 -0.015181 0.015539 -2.1401 -0.016327 0.044171 -2.1277 -0.014693 0.071589 -2.1304 -0.017791 0.071974 -2.1289 -0.010726 0.07194 -2.1329 -0.0098557 0.072675 -2.1357 -0.012953 0.07306 -2.1344 -0.016921 0.072709 -2.1232 -0.015455 0.10036 -2.1257 -0.018143 0.10058 -2.1243 -0.012002 0.10063 -2.1278 -0.011238 0.10112 -2.1303 -0.013926 0.10135 -2.1292 -0.017378 0.10107 -2.121 -0.016601 0.12932 -2.123 -0.018876 0.1293 -2.1219 -0.013663 0.12952 -2.1249 -0.013001 0.1297 -2.127 -0.015277 0.12969 -2.1261 -0.018215 0.12949 -2.1214 -0.018244 0.15831 -2.1231 -0.020112 0.15817 -2.1221 -0.015823 0.15845 -2.1246 -0.01527 0.15844 -2.1263 -0.017138 0.1583 -2.1256 -0.019559 0.15816 -2.1231 -0.020004 0.18724 -2.1245 -0.021471 0.18709 -2.1237 -0.0181 0.18734 -2.1257 -0.017663 0.18729 -2.127 -0.019131 0.18714 -2.1264 -0.021035 0.18704 -2.1409 -0.011283 0.015268 -2.1251 -0.019567 0.18719 -2.1359 -0.013957 0.048068 -2.1354 -0.012552 0.048379 -2.1456 -0.012307 0.062075 -2.146 -0.013525 0.061805 -2.1366 -0.011979 0.047565 -2.1465 -0.01181 0.06137 -2.137 -0.013383 0.047254 -2.147 -0.013028 0.0611 -2.1539 -0.012116 0.073267 -2.1542 -0.013146 0.073039 -2.1547 -0.011696 0.072671 -2.1551 -0.012726 0.072443 -2.1313 -0.014594 0.072072 -2.1302 -0.012946 0.073141 -2.1139 -0.031861 0.08466 -2.1149 -0.033289 0.083734 -2.1316 -0.013122 0.074859 -2.1152 -0.032014 0.086149 -2.1328 -0.01477 0.07379 -2.1161 -0.033442 0.085223 -2.1006 -0.047359 0.094093 -2.1014 -0.048568 0.093309 -2.1017 -0.047489 0.095353 -2.1025 -0.048697 0.094569 -2.1265 -0.016084 0.10017 -2.1252 -0.01423 0.098832 -2.1253 0.0034671 0.12291 -2.1264 0.0018606 0.12407 -2.1275 -0.013193 0.098107 -2.1273 0.0043654 0.12228 -2.1288 -0.015047 0.099447 -2.1284 0.0027585 0.12344 -2.1254 0.017937 0.14261 -2.1264 0.016577 0.14359 -2.1271 0.018697 0.14208 -2.1281 0.017337 0.14306 -2.1241 -0.016974 0.12382 -2.1229 -0.015961 0.12561 -2.1358 -0.037821 0.14569 -2.1368 -0.038699 0.14414 -2.1248 -0.014504 0.12602 -2.1374 -0.036559 0.14604 -2.1259 -0.015518 0.12422 -2.1384 -0.037437 0.14449 -2.1464 -0.055701 0.16211 -2.1473 -0.056444 0.16079 -2.1478 -0.054633 0.1624 -2.1486 -0.055377 0.16109 -2.1236 -0.018242 0.15037 -2.1235 -0.016702 0.1499 -2.1067 -0.015406 0.15796 -2.1067 -0.016741 0.15837 -2.1242 -0.016229 0.15126 -2.1073 -0.014996 0.15914 -2.1243 -0.017769 0.15173 -2.1074 -0.016331 0.15955 -2.0929 -0.014359 0.16458 -2.093 -0.015488 0.16492 -2.0934 -0.014012 0.16558 -2.0935 -0.015141 0.16592 -2.1244 -0.019441 0.17722 -2.1241 -0.018504 0.17702 -2.1301 -0.01452 0.18474 -2.1305 -0.015332 0.18491 -2.1248 -0.018343 0.17637 -2.1308 -0.01438 0.18417 -2.1252 -0.019279 0.17656 -2.1311 -0.015192 0.18434 -2.1351 -0.01127 0.19105 -2.1354 -0.011956 0.19119 -2.1357 -0.011151 0.19057 -2.136 -0.011838 0.19071 -2.1321 -0.015779 0.065317 -2.13 -0.012542 0.066725 -2.1231 -0.024679 0.0826 -2.1246 -0.027151 0.081525 -2.1332 -0.011506 0.068991 -2.1255 -0.023888 0.08433 -2.1353 -0.014743 0.067582 -2.1271 -0.02636 0.083255 -2.1161 -0.036796 0.098467 -2.1172 -0.038562 0.097699 -2.1178 -0.036231 0.099703 -2.1189 -0.037996 0.098935 -2.1175 -0.037396 0.098701 -1.829 0.017681 0.017304 -1.836 0.01738 0.016949 -1.8377 0.019234 0.054858 -1.8314 0.019512 0.055311 -1.8392 0.011174 0.017162 -1.8406 0.013669 0.055036 -1.8355 0.0052691 0.01773 -1.8373 0.0083818 0.055667 -1.8285 0.0055699 0.018085 -1.831 0.0086598 0.056121 -1.8253 0.011776 0.017872 -1.8281 0.014225 0.055943 -1.8412 0.021834 0.092806 -1.8357 0.022085 0.093314 -1.8438 0.016909 0.092931 -1.8408 0.012236 0.093564 -1.8353 0.012486 0.094072 -1.8327 0.017411 0.093947 -1.8445 0.024005 0.13104 -1.8397 0.02421 0.13133 -1.8468 0.019721 0.1311 -1.8442 0.015641 0.13146 -1.8393 0.015846 0.13175 -1.8371 0.020131 0.13169 -1.8454 0.024462 0.16939 -1.8413 0.024628 0.16937 -1.8473 0.020819 0.16941 -1.8451 0.017342 0.1694 -1.841 0.017508 0.16938 -1.8391 0.021151 0.16937 -1.8433 0.022871 0.20764 -1.8399 0.023014 0.20745 -1.8449 0.019869 0.20762 -1.8431 0.01701 0.2074 -1.8397 0.017152 0.20721 -1.8381 0.020154 0.20723 -1.8399 0.020102 0.24571 -1.8372 0.020217 0.24552 -1.8411 0.017742 0.24568 -1.8397 0.015498 0.24545 -1.837 0.015613 0.24526 -1.8358 0.017973 0.24529 -1.8323 0.011475 0.017517 -1.8384 0.017858 0.24548 -1.8343 0.015608 0.061218 -1.8361 0.014716 0.061573 -1.8267 0.0036144 0.078881 -1.8252 0.0043879 0.078573 -1.8355 0.013185 0.060387 -1.8263 0.0022879 0.077853 -1.8338 0.014078 0.060032 -1.8247 0.0030613 0.077545 -1.819 -0.005476 0.093023 -1.8177 -0.0048218 0.092763 -1.8186 -0.0065985 0.092153 -1.8173 -0.0059443 0.091893 -1.8379 0.018247 0.093181 -1.8405 0.01765 0.094562 -1.8378 0.049654 0.11205 -1.8355 0.050171 0.11086 -1.8389 0.016295 0.096734 -1.8365 0.04848 0.11394 -1.8363 0.016892 0.095353 -1.8342 0.048997 0.11274 -1.8356 0.07583 0.12637 -1.8337 0.076268 0.12536 -1.8344 0.074836 0.12797 -1.8325 0.075274 0.12695 -1.8408 0.021499 0.1306 -1.8438 0.021092 0.12881 -1.8603 0.0021458 0.15939 -1.8578 0.0024981 0.16094 -1.8426 0.018021 0.12763 -1.8593 -0.00051641 0.15837 -1.8396 0.018427 0.12942 -1.8567 -0.00016356 0.15992 -1.8738 -0.013388 0.18441 -1.8716 -0.01309 0.18573 -1.873 -0.015641 0.18355 -1.8708 -0.015343 0.18486 -1.8422 0.022395 0.16196 -1.8442 0.022395 0.16434 -1.8113 0.028774 0.19125 -1.8095 0.028774 0.18919 -1.8438 0.019236 0.16465 -1.811 0.026037 0.19152 -1.8418 0.019236 0.16227 -1.8092 0.026037 0.18946 -1.7843 0.033956 0.21324 -1.7828 0.033956 0.2115 -1.7841 0.03164 0.21347 -1.7825 0.031639 0.21172 -1.8413 0.021531 0.19703 -1.8428 0.02023 0.19633 -1.8598 0.034124 0.20803 -1.8585 0.035252 0.20864 -1.8426 0.018999 0.19804 -1.8596 0.033057 0.20951 -1.8411 0.020299 0.19874 -1.8583 0.034184 0.21012 -1.8737 0.045493 0.21764 -1.8725 0.046447 0.21815 -1.8735 0.04459 0.21889 -1.8724 0.045544 0.21941 -1.8392 0.019292 0.23239 -1.8405 0.018783 0.2321 -1.8385 0.0085778 0.24159 -1.8374 0.0090184 0.24184 -1.8399 0.017974 0.23117 -1.838 0.0078764 0.24079 -1.8387 0.018483 0.23146 -1.8369 0.0083175 0.24104 -1.8368 0.00022411 0.24934 -1.8359 0.000597 0.24956 -1.8364 -0.00036955 0.24866 -1.8355 3.8147e-06 0.24888 -1.8361 0.019307 0.08431 -1.8411 0.01808 0.086104 -1.836 0.034493 0.10825 -1.8322 0.035431 0.10688 -1.839 0.013847 0.088796 -1.8344 0.031261 0.11031 -1.834 0.015075 0.087002 -1.8306 0.032199 0.10894 -1.831 0.050935 0.13039 -1.8283 0.051604 0.12941 -1.8299 0.048626 0.13186 -1.8272 0.049296 0.13088 -1.8291 0.050115 0.13063 -1.5248 0.0246 0.020232 -1.5279 0.028061 0.019836 -1.5302 0.028685 0.045545 -1.5274 0.025578 0.045795 -1.5324 0.027134 0.019504 -1.5342 0.027853 0.045252 -1.5339 0.022745 0.019567 -1.5355 0.023915 0.045209 -1.5308 0.019283 0.019963 -1.5328 0.020808 0.045458 -1.5263 0.020211 0.020295 -1.5287 0.021639 0.045751 -1.5321 0.027871 0.07136 -1.5296 0.025122 0.07147 -1.5357 0.027136 0.071114 -1.5368 0.023652 0.070977 -1.5344 0.020903 0.071086 -1.5308 0.021637 0.071333 -1.5338 0.026857 0.097016 -1.5317 0.024465 0.097167 -1.5369 0.026219 0.096818 -1.5379 0.023189 0.096771 -1.5358 0.020797 0.096922 -1.5327 0.021435 0.09712 -1.5357 0.027263 0.12249 -1.5339 0.025234 0.12276 -1.5383 0.026721 0.12233 -1.5392 0.024152 0.12246 -1.5374 0.022123 0.12274 -1.5348 0.022665 0.12289 -1.5378 0.029692 0.14788 -1.5363 0.028032 0.14822 -1.54 0.029246 0.14777 -1.5407 0.027142 0.14799 -1.5392 0.025483 0.14833 -1.537 0.025928 0.14844 -1.5399 0.033211 0.17331 -1.5388 0.031911 0.1736 -1.5417 0.032862 0.17323 -1.5422 0.031212 0.17344 -1.5411 0.029912 0.17373 -1.5394 0.030262 0.17381 -1.5294 0.023672 0.019899 -1.5405 0.031561 0.17352 -1.5308 0.024894 0.049384 -1.5316 0.025284 0.048371 -1.5366 0.035927 0.056377 -1.5359 0.035589 0.057255 -1.5326 0.024498 0.048821 -1.5374 0.035246 0.056767 -1.5318 0.024108 0.049834 -1.5367 0.034908 0.057645 -1.5406 0.044621 0.062945 -1.5401 0.044334 0.063688 -1.5413 0.044044 0.063275 -1.5408 0.043758 0.064018 -1.532 0.02466 0.07277 -1.5338 0.025464 0.072951 -1.5387 0.0092378 0.094305 -1.5372 0.0085416 0.094149 -1.5346 0.024069 0.071736 -1.5394 0.008029 0.093252 -1.5327 0.023265 0.071555 -1.5378 0.0073323 0.093095 -1.5427 -0.0040646 0.11176 -1.5414 -0.0046539 0.11163 -1.5433 -0.0050874 0.11087 -1.5419 -0.0056767 0.11074 -1.5334 0.024055 0.094512 -1.5352 0.025372 0.095031 -1.5226 0.034494 0.11543 -1.5211 0.033352 0.11498 -1.5361 0.023666 0.096337 -1.5234 0.033015 0.11657 -1.5342 0.022349 0.095818 -1.5218 0.031874 0.11612 -1.5124 0.04192 0.13214 -1.511 0.040954 0.13176 -1.513 0.040669 0.13309 -1.5116 0.039703 0.13271 -1.5351 0.024855 0.11942 -1.5363 0.025969 0.11803 -1.5526 0.03208 0.13656 -1.5516 0.031115 0.13776 -1.5374 0.024254 0.1176 -1.5536 0.030594 0.13619 -1.5363 0.02314 0.11898 -1.5526 0.029629 0.13739 -1.566 0.037046 0.15173 -1.5651 0.03623 0.15275 -1.5668 0.035789 0.15141 -1.566 0.034972 0.15243 -1.5371 0.026985 0.14108 -1.5378 0.027556 0.14215 -1.5306 0.014637 0.15384 -1.53 0.014142 0.15291 -1.5389 0.026684 0.14187 -1.5316 0.013881 0.15359 -1.5382 0.026114 0.1408 -1.531 0.013386 0.15266 -1.5248 0.0040483 0.16338 -1.5242 0.0036297 0.1626 -1.5256 0.0034089 0.16317 -1.525 0.0029902 0.16239 -1.5392 0.030232 0.16416 -1.54 0.030441 0.16386 -1.5396 0.040629 0.16998 -1.5388 0.040448 0.17023 -1.5404 0.03003 0.16458 -1.5399 0.040273 0.1706 -1.5396 0.02982 0.16488 -1.5391 0.040092 0.17086 -1.5392 0.048957 0.17499 -1.5385 0.048804 0.17521 -1.5394 0.048656 0.17552 -1.5388 0.048502 0.17574 -1.2252 -0.015275 0.021816 -1.2209 -0.018384 0.021857 -1.2217 -0.018672 0.052317 -1.2256 -0.015882 0.052155 -1.2161 -0.0162 0.022051 -1.2174 -0.016713 0.052497 -1.2155 -0.010906 0.022204 -1.2169 -0.011964 0.052515 -1.2199 -0.0077968 0.022163 -1.2208 -0.0091748 0.052354 -1.2247 -0.0099816 0.021969 -1.2251 -0.011134 0.052174 -1.2233 -0.017437 0.082815 -1.2267 -0.014969 0.082541 -1.2195 -0.015704 0.082989 -1.219 -0.011505 0.082889 -1.2225 -0.009037 0.082615 -1.2263 -0.010769 0.082441 -1.2251 -0.01602 0.1131 -1.2281 -0.013872 0.11293 -1.2218 -0.014514 0.11327 -1.2214 -0.01086 0.11327 -1.2244 -0.0087118 0.11309 -1.2277 -0.010218 0.11292 -1.2264 -0.016161 0.14322 -1.2289 -0.01434 0.14325 -1.2236 -0.014883 0.14338 -1.2232 -0.011781 0.14358 -1.2258 -0.0099597 0.14361 -1.2286 -0.011239 0.14344 -1.2269 -0.018511 0.17333 -1.229 -0.017022 0.17349 -1.2245 -0.017458 0.17349 -1.2243 -0.014916 0.17379 -1.2264 -0.013427 0.17395 -1.2287 -0.01448 0.17379 -1.227 -0.022066 0.20353 -1.2287 -0.0209 0.20369 -1.2252 -0.021238 0.20366 -1.225 -0.019245 0.20394 -1.2266 -0.018079 0.2041 -1.2285 -0.018906 0.20397 -1.2204 -0.013091 0.02201 -1.2268 -0.020072 0.20382 -1.2224 -0.014273 0.056805 -1.2213 -0.014508 0.055733 -1.2142 -0.02524 0.066075 -1.2152 -0.025036 0.067005 -1.2205 -0.013381 0.056372 -1.2135 -0.024264 0.066629 -1.2216 -0.013146 0.057444 -1.2145 -0.02406 0.067558 -1.2084 -0.034004 0.074558 -1.2092 -0.033832 0.075344 -1.2078 -0.033178 0.075026 -1.2086 -0.033006 0.075813 -1.2244 -0.013859 0.084373 -1.2222 -0.014303 0.084851 -1.2237 0.0049982 0.1101 -1.2256 0.005383 0.10969 -1.2215 -0.012545 0.083488 -1.2231 0.0065222 0.10892 -1.2237 -0.012101 0.08301 -1.225 0.006907 0.10851 -1.225 0.020817 0.13074 -1.2266 0.021142 0.13039 -1.2245 0.022106 0.12974 -1.2261 0.022432 0.12939 -1.226 -0.012969 0.11003 -1.2237 -0.013988 0.11092 -1.2381 -0.027516 0.13339 -1.2401 -0.026634 0.13262 -1.2233 -0.011867 0.11252 -1.2378 -0.025678 0.13478 -1.2256 -0.010848 0.11163 -1.2398 -0.024796 0.13401 -1.25 -0.038547 0.15179 -1.2517 -0.0378 0.15114 -1.2497 -0.036992 0.15297 -1.2514 -0.036245 0.15231 -1.2272 -0.013581 0.13948 -1.2255 -0.014534 0.13804 -1.2082 -0.017375 0.16213 -1.2098 -0.01655 0.16337 -1.2246 -0.012318 0.13764 -1.2075 -0.015454 0.16178 -1.2263 -0.011365 0.13908 -1.209 -0.014629 0.16303 -1.1942 -0.019661 0.18185 -1.1954 -0.018963 0.1829 -1.1935 -0.018036 0.18155 -1.1948 -0.017337 0.18261 -1.2274 -0.015609 0.1652 -1.2266 -0.01607 0.16657 -1.2394 -0.0034652 0.17895 -1.2401 -0.0030661 0.17777 -1.2256 -0.014816 0.16636 -1.2385 -0.0023785 0.17877 -1.2264 -0.014356 0.16499 -1.2392 -0.0019794 0.17758 -1.2499 0.0068688 0.18907 -1.2505 0.0072064 0.18806 -1.2491 0.0077882 0.18891 -1.2497 0.0081258 0.1879 -1.2274 -0.018857 0.19262 -1.2264 -0.01888 0.1924 -1.2252 -0.030464 0.19978 -1.226 -0.030444 0.19998 -1.2262 -0.018333 0.19328 -1.225 -0.02999 0.20054 -1.2272 -0.01831 0.19351 -1.2259 -0.02997 0.20074 -1.2242 -0.039934 0.20583 -1.2249 -0.039917 0.206 -1.224 -0.039533 0.20648 -1.2248 -0.039516 0.20664 -0.92864 0.012592 0.023929 -0.93226 0.0098228 0.023392 -0.93432 0.00807 0.048295 -0.93107 0.010557 0.048704 -0.93166 0.0052776 0.02317 -0.93379 0.0039935 0.048103 -0.92744 0.0035009 0.023484 -0.93 0.0024047 0.048318 -0.92382 0.0062704 0.02402 -0.92674 0.0048923 0.048727 -0.92442 0.010816 0.024242 -0.92728 0.0089684 0.048919 -0.9354 0.0065274 0.073357 -0.93251 0.0087347 0.073579 -0.93492 0.0029197 0.073204 -0.93156 0.0015202 0.073272 -0.92867 0.0037274 0.073494 -0.92915 0.0073352 0.073647 -0.93534 0.0052924 0.098451 -0.93282 0.0072141 0.098578 -0.93493 0.0021534 0.09834 -0.932 0.00093651 0.098355 -0.92949 0.0028582 0.098481 -0.9299 0.0059967 0.098593 -0.9354 0.0042553 0.1234 -0.93326 0.0058856 0.12357 -0.93505 0.0015855 0.12333 -0.93257 0.00054598 0.12343 -0.93043 0.0021763 0.12361 -0.93078 0.0048461 0.12368 -0.93717 0.0032263 0.14812 -0.93542 0.0045648 0.14841 -0.93688 0.0010262 0.14808 -0.93485 0.00016451 0.14832 -0.93311 0.0015025 0.1486 -0.93339 0.0037026 0.14865 -0.94119 0.0021167 0.17274 -0.93982 0.0031667 0.17302 -0.94096 0.00038671 0.17271 -0.93938 -0.00029278 0.17297 -0.93801 0.00075722 0.17325 -0.93824 0.0024872 0.17328 -0.92804 0.0080466 0.023706 -0.9396 0.0014372 0.17299 -0.93089 0.0070863 0.052462 -0.93157 0.0063901 0.051576 -0.93809 -0.001411 0.062365 -0.9375 -0.00080776 0.063133 -0.93059 0.005497 0.051536 -0.93724 -0.0021849 0.06233 -0.92992 0.0061932 0.052422 -0.93665 -0.0015817 0.063098 -0.9434 -0.0077958 0.071202 -0.9429 -0.0072856 0.071852 -0.94268 -0.008451 0.071173 -0.94219 -0.0079403 0.071823 -0.93251 0.0059743 0.089825 -0.93339 0.0040231 0.090468 -0.91471 0.0021734 0.10897 -0.91395 0.0038643 0.10842 -0.93204 0.0029335 0.089078 -0.91355 0.0012288 0.10777 -0.93117 0.0048847 0.088435 -0.91279 0.0029197 0.10721 -0.89941 0.00066996 0.12409 -0.89876 0.0021009 0.12362 -0.89842 -0.00012875 0.12307 -0.89778 0.0013018 0.1226 -0.93332 0.0043068 0.1264 -0.93437 0.0027146 0.12639 -0.94492 0.0097198 0.14199 -0.94401 0.0111 0.14201 -0.93314 0.0018864 0.12756 -0.94385 0.0090017 0.14301 -0.93208 0.0034785 0.12758 -0.94294 0.010382 0.14303 -0.95353 0.01546 0.15477 -0.95275 0.016628 0.15479 -0.95262 0.014853 0.15563 -0.95185 0.016021 0.15565 -0.93809 0.0021591 0.16461 -0.93862 0.0016851 0.16407 -0.93802 -0.0068192 0.17076 -0.93756 -0.0064087 0.17123 -0.93789 0.0013828 0.16365 -0.93739 -0.0070815 0.1704 -0.93737 0.0018568 0.16419 -0.93694 -0.0066705 0.17087 -0.93752 -0.013776 0.17625 -0.93713 -0.013428 0.17664 -0.93698 -0.013997 0.17594 -0.9366 -0.013649 0.17634 -0.60515 -0.013511 0.024343 -0.60639 -0.018959 0.024758 -0.60403 -0.0168 0.056418 -0.60291 -0.011909 0.056151 -0.60229 -0.022775 0.02475 -0.60035 -0.020221 0.05643 -0.59695 -0.021143 0.024325 -0.59556 -0.018752 0.056177 -0.59571 -0.015695 0.02391 -0.59444 -0.013861 0.05591 -0.59981 -0.011879 0.023918 -0.59812 -0.01044 0.055898 -0.60296 -0.015672 0.088034 -0.60197 -0.011339 0.087986 -0.59971 -0.018696 0.088097 -0.59546 -0.017389 0.088111 -0.59447 -0.013056 0.088062 -0.59772 -0.010031 0.087999 -0.6034 -0.015491 0.11983 -0.60254 -0.011721 0.11986 -0.60056 -0.018119 0.11995 -0.59688 -0.016977 0.1201 -0.59602 -0.013207 0.12013 -0.59885 -0.010579 0.12001 -0.60437 -0.015003 0.1518 -0.60364 -0.011799 0.15171 -0.60196 -0.017233 0.15197 -0.59882 -0.01626 0.15206 -0.59809 -0.013056 0.15197 -0.6005 -0.010825 0.1518 -0.60466 -0.012812 0.18374 -0.60405 -0.010183 0.18349 -0.60267 -0.014645 0.18393 -0.60009 -0.01385 0.18388 -0.59948 -0.011222 0.18364 -0.60146 -0.0093889 0.18344 -0.60392 -0.0086417 0.21546 -0.60344 -0.0065837 0.21519 -0.60236 -0.010081 0.21564 -0.60032 -0.0094633 0.21555 -0.59985 -0.0074053 0.21528 -0.6014 -0.0059657 0.2151 -0.60105 -0.017327 0.024334 -0.60188 -0.0080237 0.21537 -0.59997 -0.014458 0.060303 -0.59946 -0.015892 0.059748 -0.61267 -0.025142 0.072251 -0.61312 -0.0239 0.072732 -0.59835 -0.015933 0.060953 -0.61172 -0.025178 0.073296 -0.59887 -0.014499 0.061508 -0.61217 -0.023935 0.073777 -0.62348 -0.032694 0.082503 -0.62386 -0.031643 0.08291 -0.62267 -0.032724 0.083387 -0.62305 -0.031673 0.083794 -0.60006 -0.013297 0.097527 -0.59978 -0.015825 0.097225 -0.57917 -0.015901 0.12037 -0.57942 -0.01371 0.12063 -0.5979 -0.015422 0.095494 -0.57754 -0.015552 0.11887 -0.59818 -0.012895 0.095795 -0.57779 -0.013361 0.11913 -0.56229 -0.015927 0.13929 -0.5625 -0.014073 0.13951 -0.56091 -0.015632 0.13802 -0.56112 -0.013778 0.13824 -0.60112 -0.013558 0.13074 -0.60173 -0.015545 0.1326 -0.61797 0.0044928 0.14926 -0.61744 0.0062146 0.14766 -0.59949 -0.01489 0.1341 -0.61602 0.0050607 0.15057 -0.59888 -0.012903 0.13225 -0.61549 0.0067825 0.14896 -0.63122 0.020919 0.1629 -0.63077 0.022377 0.16154 -0.62957 0.0214 0.164 -0.62913 0.022857 0.16264 -0.60251 -0.012167 0.16903 -0.60275 -0.013797 0.16791 -0.59901 -0.026123 0.18628 -0.5988 -0.02471 0.18724 -0.60082 -0.013819 0.1675 -0.59733 -0.026143 0.18592 -0.60058 -0.012189 0.16861 -0.59712 -0.02473 0.18688 -0.59592 -0.036189 0.20131 -0.59574 -0.034994 0.20212 -0.5945 -0.036205 0.201 -0.59432 -0.03501 0.20182 -0.60252 -0.008935 0.20395 -0.60225 -0.0097709 0.20462 -0.59538 -0.002183 0.21161 -0.59561 -0.0014586 0.21103 -0.60138 -0.0099874 0.20398 -0.59463 -0.0023704 0.21106 -0.60164 -0.0091515 0.20331 -0.59486 -0.001646 0.21048 -0.58976 0.0040326 0.21732 -0.58995 0.0046453 0.21683 -0.58912 0.0038738 0.21685 -0.58931 0.004487 0.21636 -0.28648 -0.0080795 0.023806 -0.28996 -0.012305 0.023528 -0.28775 -0.015631 0.052501 -0.28464 -0.011829 0.052631 -0.28804 -0.017394 0.022859 -0.28602 -0.020194 0.051906 -0.28265 -0.018256 0.022467 -0.28119 -0.020956 0.051442 -0.27917 -0.01403 0.022746 -0.27808 -0.017154 0.051572 -0.28109 -0.0089417 0.023415 -0.27981 -0.01259 0.052167 -0.28392 -0.018267 0.08148 -0.28118 -0.014892 0.08147 -0.28239 -0.022305 0.080968 -0.27813 -0.02297 0.080447 -0.27539 -0.019596 0.080437 -0.27691 -0.015557 0.080949 -0.2799 -0.020661 0.11027 -0.27751 -0.017733 0.11032 -0.27857 -0.024176 0.10984 -0.27486 -0.024763 0.10947 -0.27247 -0.021834 0.10952 -0.27379 -0.018319 0.10995 -0.27753 -0.023475 0.13897 -0.27549 -0.021001 0.13919 -0.2764 -0.026465 0.13863 -0.27323 -0.026983 0.1385 -0.27119 -0.024509 0.13871 -0.27232 -0.021519 0.13906 -0.27748 -0.026965 0.16775 -0.2758 -0.024941 0.16805 -0.27655 -0.02943 0.16749 -0.27394 -0.029871 0.16752 -0.27226 -0.027848 0.16782 -0.27318 -0.025383 0.16809 -0.27867 -0.03075 0.19668 -0.27735 -0.029162 0.19694 -0.27794 -0.032689 0.19647 -0.27589 -0.03304 0.19654 -0.27457 -0.031453 0.1968 -0.2753 -0.029514 0.19701 -0.28456 -0.013168 0.023137 -0.27662 -0.031101 0.19674 -0.28283 -0.015767 0.056462 -0.28323 -0.016727 0.055317 -0.29388 -0.024767 0.065079 -0.29353 -0.023935 0.066072 -0.28209 -0.017729 0.055709 -0.29288 -0.025635 0.065419 -0.28168 -0.016768 0.056854 -0.29253 -0.024803 0.066411 -0.30257 -0.031346 0.073085 -0.30227 -0.030642 0.073925 -0.30173 -0.032081 0.073373 -0.30143 -0.031376 0.074212 -0.28005 -0.017603 0.082786 -0.28062 -0.019882 0.082978 -0.25872 -0.022896 0.1054 -0.25823 -0.020922 0.10523 -0.27897 -0.020444 0.081446 -0.25729 -0.023384 0.10407 -0.27841 -0.018166 0.081254 -0.2568 -0.021409 0.1039 -0.24077 -0.025341 0.12372 -0.24035 -0.023671 0.12358 -0.23956 -0.025754 0.1226 -0.23914 -0.024083 0.12246 -0.27697 -0.01956 0.10721 -0.2781 -0.021963 0.10783 -0.28915 -0.0095429 0.13227 -0.28817 -0.0074601 0.13173 -0.27582 -0.022657 0.10911 -0.28717 -0.010145 0.13338 -0.27469 -0.020254 0.10849 -0.28619 -0.0080624 0.13284 -0.29814 0.00063944 0.15227 -0.29732 0.0024018 0.15182 -0.29647 0.00013018 0.15321 -0.29565 0.0018926 0.15275 -0.27514 -0.022297 0.13532 -0.27635 -0.023811 0.1338 -0.2785 -0.044471 0.1545 -0.27745 -0.043159 0.15582 -0.27417 -0.024809 0.1331 -0.27661 -0.045336 0.1539 -0.27296 -0.023294 0.13462 -0.27556 -0.044024 0.15521 -0.28022 -0.061369 0.17145 -0.27933 -0.060258 0.17256 -0.27862 -0.0621 0.17094 -0.27773 -0.06099 0.17205 -0.27512 -0.025474 0.15987 -0.27554 -0.026472 0.1611 -0.26076 -0.015841 0.17346 -0.2604 -0.014976 0.1724 -0.27435 -0.027563 0.16065 -0.25972 -0.016786 0.17307 -0.27393 -0.026566 0.15942 -0.25936 -0.015922 0.17201 -0.24864 -0.007143 0.18356 -0.24833 -0.0064116 0.18266 -0.24776 -0.0079432 0.18323 -0.24746 -0.0072117 0.18233 -0.27624 -0.029094 0.18611 -0.27636 -0.030096 0.18576 -0.2877 -0.031665 0.1936 -0.28761 -0.030797 0.19391 -0.27574 -0.030448 0.18652 -0.28717 -0.031971 0.19426 -0.27563 -0.029447 0.18687 -0.28707 -0.031103 0.19456 -0.29698 -0.032941 0.20003 -0.2969 -0.032207 0.20029 -0.29653 -0.0332 0.20059 -0.29645 -0.032465 0.20084 -0.011735 0.0031762 0.022863 -0.01517 -0.0012422 0.022306 -0.013069 -0.0065479 0.052822 -0.0099955 -0.0025697 0.053226 -0.013037 -0.0063581 0.021365 -0.011151 -0.011145 0.052038 -0.0074673 -0.0070558 0.020981 -0.0061588 -0.011763 0.051658 -0.0040321 -0.0026374 0.021538 -0.0030851 -0.0077844 0.052063 -0.0061665 0.0024786 0.022478 -0.0050039 -0.0031877 0.052847 -0.01037 -0.010736 0.083236 -0.007659 -0.0072021 0.083496 -0.0086622 -0.014823 0.082694 -0.0042429 -0.015374 0.082411 -0.0015306 -0.01184 0.08267 -0.0032387 -0.0077534 0.083213 -0.0087805 -0.01381 0.11354 -0.0064259 -0.010731 0.11376 -0.0072842 -0.017381 0.11327 -0.0034342 -0.017873 0.11321 -0.0010796 -0.014794 0.11343 -0.0025759 -0.011223 0.1137 -0.0088978 -0.015566 0.14396 -0.0069036 -0.012939 0.14408 -0.0076189 -0.018609 0.14393 -0.0043468 -0.019025 0.14402 -0.0023518 -0.016398 0.14414 -0.0036306 -0.013355 0.14417 -0.0096598 -0.015372 0.17455 -0.0080175 -0.013206 0.17449 -0.008606 -0.017874 0.1747 -0.005909 -0.018211 0.17478 -0.0042658 -0.016045 0.17471 -0.0053205 -0.013543 0.17457 -0.0092783 -0.012633 0.20516 -0.0079851 -0.010937 0.20502 -0.0084505 -0.014596 0.20534 -0.0063295 -0.014862 0.20537 -0.0050364 -0.013165 0.20523 -0.0058641 -0.011203 0.20505 -0.0096016 -0.0019398 0.021922 -0.0071573 -0.012899 0.20519 -0.0081158 -0.0069141 0.057417 -0.0088081 -0.0077186 0.056217 -0.015615 -0.022105 0.069321 -0.015014 -0.021408 0.070361 -0.0074434 -0.0085721 0.056011 -0.014432 -0.022844 0.069142 -0.0067511 -0.0077677 0.057211 -0.013831 -0.022147 0.070182 -0.021158 -0.033875 0.080054 -0.02065 -0.033286 0.080934 -0.020157 -0.034502 0.079902 -0.01965 -0.033912 0.080782 -0.006814 -0.0093474 0.079372 -0.0074673 -0.011234 0.080503 0.0051594 -0.0026674 0.10082 0.0057259 -0.0010328 0.099845 -0.0055552 -0.012322 0.079822 0.0068159 -0.0036111 0.10023 -0.0049019 -0.010436 0.078691 0.0073824 -0.001976 0.099254 0.015521 0.0043507 0.11743 0.016001 0.005734 0.1166 0.016923 0.0035524 0.11693 0.017403 0.0049357 0.1161 -0.0057697 -0.012156 0.10097 -0.0064402 -0.014654 0.10188 -0.032006 -0.0013728 0.11834 -0.031425 0.00079203 0.11756 -0.0048246 -0.014278 0.10401 -0.030606 -0.0010471 0.12019 -0.0041552 -0.01178 0.10311 -0.030025 0.0011177 0.11941 -0.052896 0.0095282 0.13182 -0.052404 0.01136 0.13116 -0.051712 0.0098038 0.13339 -0.05122 0.011635 0.13273 -0.0057335 -0.013636 0.12672 -0.0070009 -0.015729 0.12545 0.0022612 -0.035328 0.14787 0.0033598 -0.033514 0.14897 -0.0046682 -0.016279 0.12409 0.004283 -0.035805 0.14669 -0.0034008 -0.014186 0.12536 0.0053816 -0.03399 0.14779 0.0098829 -0.051344 0.16621 0.010813 -0.049809 0.16714 0.011594 -0.051748 0.16522 0.012523 -0.050213 0.16615 -0.0062399 -0.014977 0.14709 -0.0073681 -0.015896 0.14888 -0.001502 0.0049462 0.16242 -0.00052452 0.0057421 0.16087 -0.0053844 -0.016911 0.14958 0.00021744 0.0040669 0.16302 -0.0042562 -0.015992 0.14778 0.001195 0.0048628 0.16147 0.003335 0.021998 0.17348 0.0041628 0.022671 0.17217 0.0047903 0.021254 0.17399 0.0056181 0.021927 0.17268 -0.0071964 -0.014814 0.17171 -0.0076647 -0.015751 0.17059 -0.016392 -0.024725 0.18142 -0.015986 -0.023914 0.18239 -0.0064354 -0.016663 0.17083 -0.015326 -0.025516 0.18163 -0.0059681 -0.015726 0.17195 -0.014921 -0.024704 0.18259 -0.023512 -0.032068 0.19029 -0.023169 -0.031381 0.19111 -0.022611 -0.032736 0.19047 -0.022267 -0.032049 0.19129 -0.0073624 -0.013245 0.19448 -0.0076418 -0.014303 0.19456 0.00046921 -0.015517 0.2048 0.00071144 -0.014599 0.20473 -0.006813 -0.014576 0.19391 0.0011873 -0.015753 0.20423 -0.0065327 -0.013518 0.19382 0.0014296 -0.014836 0.20416 0.0071182 -0.0165 0.21317 0.0073233 -0.015724 0.2131 0.0077267 -0.0167 0.21269 0.0079317 -0.015924 0.21263 -0.0061684 -0.011329 0.10776 -0.0076237 -0.015418 0.10831 -0.021954 -0.0058608 0.1365 -0.020843 -0.0027375 0.13609 -0.0039845 -0.016413 0.11047 -0.019175 -0.0066199 0.13815 -0.0025291 -0.012323 0.10993 -0.018064 -0.0034971 0.13774 -0.03633 0.0036688 0.16468 -0.035537 0.0058994 0.16438 -0.034345 0.0031261 0.16586 -0.033551 0.0053568 0.16556 -0.034941 0.0045128 0.16512 0.31759 0.0021157 0.021927 0.31758 0.0070386 0.022099 0.3125 0.0058193 0.049635 0.3125 0.0014029 0.049574 0.31336 0.00951 0.021464 0.30871 0.0080357 0.049083 0.30917 0.0070586 0.020656 0.30493 0.0058351 0.048469 0.30918 0.0021358 0.020484 0.30494 0.0014186 0.048408 0.3134 -0.00033569 0.021119 0.30872 -0.00079775 0.04896 0.30833 0.0057325 0.077203 0.30831 0.0018258 0.077312 0.30498 0.0076928 0.076759 0.3016 0.0057468 0.076425 0.30158 0.0018406 0.076533 0.30493 -0.00012016 0.076977 0.30524 0.0067558 0.10502 0.30522 0.0033603 0.10518 0.30232 0.0084605 0.1047 0.29937 0.0067697 0.10452 0.29935 0.0033741 0.10468 0.30228 0.0016694 0.10501 0.30265 0.0076265 0.13306 0.30264 0.0047369 0.1331 0.30016 0.0090747 0.13284 0.29766 0.0076337 0.13266 0.29766 0.0047441 0.1327 0.30015 0.0032954 0.13292 0.2998 0.0069032 0.16111 0.29981 0.0045257 0.16098 0.29775 0.0080953 0.16098 0.2957 0.0069094 0.16072 0.29571 0.0045319 0.1606 0.29776 0.0033398 0.16073 0.29648 0.0042777 0.18898 0.29649 0.0024128 0.18882 0.29486 0.0052142 0.18889 0.29325 0.0042858 0.18865 0.29326 0.0024209 0.18848 0.29488 0.0014844 0.18857 0.31338 0.0045872 0.021291 0.29487 0.0033493 0.18873 0.30906 0.0031576 0.052759 0.3084 0.0042658 0.05214 0.31654 0.015192 0.06384 0.31711 0.014231 0.064376 0.30732 0.0041275 0.053081 0.3156 0.015071 0.064655 0.30797 0.0030193 0.0537 0.31617 0.014111 0.065191 0.3232 0.024116 0.073431 0.32367 0.023303 0.073885 0.3224 0.024014 0.074121 0.32288 0.023201 0.074575 0.30526 0.0034599 0.08534 0.30457 0.0055604 0.084903 0.28447 0.0024147 0.10306 0.28506 0.00059462 0.10344 0.30324 0.0047903 0.083227 0.28331 0.0017476 0.10161 0.30393 0.0026898 0.083665 0.28391 -7.2956e-05 0.10199 0.26801 -0.0001936 0.1179 0.26852 -0.0017338 0.11822 0.26703 -0.00075817 0.11667 0.26754 -0.0022984 0.11699 0.30247 0.0050325 0.11444 0.30241 0.006917 0.116 0.31819 -0.0065203 0.13333 0.31824 -0.0081534 0.13197 0.30046 0.0059714 0.11713 0.3165 -0.00734 0.1343 0.30052 0.004087 0.11557 0.31655 -0.0089731 0.13295 0.33108 -0.017549 0.1475 0.33112 -0.018931 0.14635 0.32965 -0.018242 0.14832 0.32969 -0.019624 0.14718 0.29971 0.0054264 0.14808 0.29973 0.0068326 0.14704 0.2922 0.017297 0.16199 0.29218 0.016078 0.1629 0.29813 0.0064621 0.14649 0.29081 0.016976 0.16151 0.29811 0.0050564 0.14753 0.29079 0.015758 0.16242 0.28602 0.025837 0.17423 0.286 0.024806 0.175 0.28484 0.025566 0.17383 0.28483 0.024535 0.17459 0.29649 0.003861 0.17877 0.29604 0.004549 0.17928 0.29085 -0.003047 0.18514 0.29125 -0.003643 0.1847 0.29533 0.0045428 0.17862 0.29023 -0.0030518 0.18457 0.29578 0.0038552 0.17811 0.29063 -0.0036483 0.18413 0.28661 -0.0092702 0.18992 0.28694 -0.0097747 0.18955 0.28608 -0.0092745 0.18944 0.28642 -0.009779 0.18907 0.61421 -0.00081539 0.020483 0.60948 -0.0028982 0.020337 0.60846 -0.0019779 0.048646 0.61269 -0.00010681 0.048878 0.60891 -0.0080314 0.020528 0.60795 -0.0065808 0.048808 0.61307 -0.011081 0.020866 0.61167 -0.0093122 0.049202 0.61779 -0.0089984 0.021012 0.6159 -0.0074406 0.049434 0.61836 -0.0038652 0.02082 0.61641 -0.0028381 0.049272 0.60603 -0.0010185 0.077018 0.60977 0.00063848 0.077303 0.60558 -0.0050917 0.077137 0.60886 -0.0075078 0.077541 0.6126 -0.0058508 0.077826 0.61305 -0.0017776 0.077707 0.60384 -0.0003047 0.1056 0.6071 0.0011301 0.10573 0.60345 -0.0038481 0.10567 0.60631 -0.0059566 0.10588 0.60958 -0.0045218 0.10601 0.60997 -0.00097847 0.10594 0.60377 -0.00012159 0.13422 0.60654 0.0010943 0.13413 0.60343 -0.0031347 0.13425 0.60587 -0.0049319 0.13419 0.60865 -0.003716 0.13411 0.60898 -0.00070286 0.13408 0.60628 -0.00054836 0.1627 0.60856 0.0004549 0.1625 0.606 -0.0030308 0.1627 0.608 -0.0045104 0.1625 0.61028 -0.0035071 0.1623 0.61056 -0.0010247 0.1623 0.61006 -0.0014105 0.19103 0.61185 -0.00062037 0.19084 0.60984 -0.0033622 0.19102 0.61141 -0.0045238 0.19081 0.6132 -0.0037336 0.19062 0.61342 -0.0017819 0.19063 0.61364 -0.0059485 0.020674 0.61163 -0.0025721 0.19083 0.61189 -0.0035291 0.053317 0.61092 -0.0046177 0.053609 0.62061 -0.0096807 0.066316 0.62146 -0.0087376 0.066063 0.61166 -0.0055327 0.05271 0.62126 -0.010474 0.065536 0.61264 -0.0044446 0.052418 0.62211 -0.009531 0.065283 0.62857 -0.013822 0.076698 0.62928 -0.013023 0.076483 0.62911 -0.014493 0.076038 0.62983 -0.013695 0.075824 0.60929 -0.0025854 0.077227 0.60769 -0.0036874 0.078299 0.60124 0.019046 0.091419 0.60263 0.020001 0.090489 0.60913 -0.0042028 0.079888 0.6025 0.0186 0.092796 0.61073 -0.0031004 0.078815 0.60388 0.019555 0.091866 0.596 0.037653 0.10216 0.59718 0.038462 0.10137 0.59707 0.037275 0.10332 0.59824 0.038084 0.10254 0.60704 -0.0010371 0.1052 0.60508 -0.0021143 0.10391 0.59933 -0.019469 0.12693 0.60103 -0.018535 0.12805 0.60669 -0.003912 0.103 0.60073 -0.021027 0.12614 0.60864 -0.0028343 0.10429 0.60242 -0.020093 0.12726 0.59467 -0.033677 0.14577 0.5961 -0.032887 0.14671 0.59585 -0.034995 0.1451 0.59728 -0.034205 0.14604 0.60642 -0.00069094 0.12862 0.60505 -0.0012369 0.13043 0.62639 0.012042 0.14995 0.62759 0.012516 0.14839 0.60615 -0.003305 0.13064 0.62735 0.01025 0.15014 0.60753 -0.002759 0.12883 0.62854 0.010723 0.14857 0.64389 0.022889 0.16591 0.6449 0.023289 0.16458 0.6447 0.021372 0.16607 0.64571 0.021772 0.16474 0.60785 -0.00095177 0.15475 0.60712 -0.0022645 0.15425 0.59195 0.0027566 0.16332 0.59259 0.0038943 0.16376 0.60763 -0.003047 0.15552 0.59239 0.0020781 0.16442 0.60836 -0.0017343 0.15602 0.59303 0.0032158 0.16486 0.57955 0.0068712 0.17076 0.58009 0.0078335 0.17113 0.57993 0.0062971 0.17169 0.58046 0.0072598 0.17206 0.61049 -0.0018315 0.18108 0.60977 -0.0025129 0.18088 0.61403 -0.0089617 0.18789 0.61465 -0.0083709 0.18806 0.61036 -0.0029206 0.18018 0.61454 -0.009315 0.18728 0.61108 -0.0022392 0.18038 0.61516 -0.0087242 0.18745 0.61753 -0.014235 0.19361 0.61805 -0.013735 0.19375 0.61796 -0.014534 0.19309 0.61848 -0.014034 0.19324 0.61007 -0.0014067 0.070584 0.60701 -0.0035801 0.072004 0.60646 0.0091038 0.088496 0.60879 0.010764 0.087412 0.6096 -0.0059257 0.07396 0.60844 0.0073128 0.08999 0.61266 -0.0037518 0.072541 0.61077 0.0089726 0.088906 0.60585 0.02179 0.10498 0.60752 0.022975 0.10421 0.60727 0.02051 0.10605 0.60894 0.021696 0.10528 0.6074 0.021743 0.10513 0.90221 -0.0047441 0.020014 0.9056 -0.00084543 0.019569 0.90951 -0.0013547 0.04708 0.90649 -0.0048513 0.047577 0.90397 0.0040669 0.019932 0.90805 0.0030503 0.047396 0.89895 0.0050807 0.020739 0.90356 0.0039592 0.048209 0.89556 0.0011826 0.021185 0.90054 0.00046206 0.048706 0.89718 -0.0037298 0.020822 0.902 -0.003943 0.04839 0.91473 -0.0013013 0.074533 0.91206 -0.0043941 0.07505 0.91343 0.0025969 0.074789 0.90947 0.0034027 0.075562 0.90681 0.00031042 0.076079 0.9081 -0.0035882 0.075823 0.91963 -0.0011287 0.10222 0.9173 -0.0038166 0.10256 0.91851 0.0022631 0.10241 0.91504 0.0029669 0.10294 0.9127 0.00027895 0.10328 0.91383 -0.0031123 0.10309 0.92241 -0.0013685 0.13015 0.9204 -0.0036502 0.13024 0.92144 0.0015159 0.13028 0.91847 0.0021186 0.13051 0.91646 -0.00016356 0.1306 0.91742 -0.0030479 0.13047 0.92257 -0.0021467 0.15818 0.92091 -0.004024 0.15813 0.92177 0.00022984 0.15826 0.91932 0.00072956 0.1583 0.91765 -0.0011477 0.15824 0.91845 -0.0035243 0.15816 0.92138 -0.003067 0.18618 0.92007 -0.0045424 0.18611 0.92075 -0.0011983 0.18624 0.91882 -0.00080538 0.18622 0.91752 -0.0022807 0.18615 0.91814 -0.0041494 0.18609 0.90058 0.00016832 0.020377 0.91945 -0.0026741 0.18617 0.90617 -0.0014148 0.051993 0.90663 -1.1921e-05 0.052245 0.89687 0.00044489 0.065675 0.89648 -0.00077057 0.065457 0.90548 0.00050831 0.051468 0.89588 0.00089598 0.065002 0.90503 -0.00089407 0.051217 0.89549 -0.00031996 0.064785 0.88887 0.00080776 0.076651 0.88854 -0.00022078 0.076467 0.88803 0.0011897 0.076082 0.8877 0.00016117 0.075897 0.91113 -0.001256 0.075076 0.91222 0.00042009 0.076038 0.92884 -0.01759 0.087322 0.9279 -0.019042 0.086488 0.91083 0.00027037 0.077732 0.92764 -0.01772 0.08879 0.90975 -0.0014057 0.07677 0.9267 -0.019172 0.087956 0.94241 -0.032348 0.096563 0.94162 -0.033577 0.095857 0.9414 -0.032457 0.097805 0.9406 -0.033687 0.097099 0.91639 -0.0018139 0.10213 0.91759 -2.3842e-06 0.10076 0.91761 0.018146 0.1235 0.91657 0.016575 0.12469 0.91529 0.00095606 0.10008 0.91561 0.018976 0.12292 0.91409 -0.00085592 0.10145 0.91458 0.017406 0.1241 0.91758 0.032983 0.14212 0.9167 0.031655 0.14313 0.91589 0.033686 0.14162 0.91501 0.032358 0.14263 0.91925 -0.0019546 0.12492 0.92043 -0.00088167 0.1266 0.90847 -0.022079 0.14686 0.90744 -0.023009 0.14541 0.91857 0.00053167 0.12699 0.90686 -0.020854 0.1472 0.91739 -0.00054121 0.12531 0.90584 -0.021784 0.14574 0.89865 -0.039418 0.16342 0.89778 -0.040205 0.16219 0.89729 -0.038382 0.16371 0.89642 -0.039168 0.16248 0.92024 -0.002418 0.15057 0.9203 -0.00091124 0.15007 0.937 0.00091028 0.15745 0.93695 -0.00039577 0.15788 0.91963 -0.00041819 0.15138 0.93642 0.0013375 0.15859 0.91957 -0.001925 0.15188 0.93636 3.1471e-05 0.15902 0.95066 0.002388 0.1635 0.95061 0.0012832 0.16387 0.95016 0.0027494 0.16447 0.95012 0.0016446 0.16483 0.9199 -0.0028291 0.17652 0.92024 -0.001905 0.1763 0.91431 0.0021372 0.18377 0.91401 0.0013361 0.18397 0.91947 -0.0017796 0.17568 0.91365 0.0022459 0.18324 0.91913 -0.0027037 0.1759 0.91335 0.0014448 0.18343 0.90945 0.0054345 0.18988 0.90919 0.0047565 0.19004 0.90888 0.0055265 0.18943 0.90863 0.0048485 0.18959 0.91031 -0.002636 0.068606 0.9123 0.00063372 0.069831 0.91966 -0.010738 0.085334 0.91814 -0.013235 0.084399 0.90914 0.0016627 0.072059 0.91724 -0.0099521 0.087035 0.90715 -0.0016069 0.070833 0.91572 -0.012449 0.0861 0.92706 -0.022089 0.10083 0.92598 -0.023873 0.10016 0.92534 -0.021528 0.10204 0.92425 -0.023312 0.10138 0.92566 -0.022701 0.1011 1.2172 0.0035625 0.021209 1.2164 -0.0018263 0.021183 1.2198 -0.0021992 0.052427 1.2205 0.0026298 0.052555 1.2207 -0.0051761 0.020711 1.2236 -0.0052037 0.052024 1.2257 -0.0031371 0.020266 1.2281 -0.0033798 0.05175 1.2265 0.0022516 0.020293 1.2288 0.0014491 0.051879 1.2222 0.0056014 0.020764 1.225 0.0044541 0.052281 1.222 -0.0036659 0.08358 1.2226 0.00059652 0.083878 1.2253 -0.0063267 0.083275 1.2294 -0.004725 0.083268 1.23 -0.00046206 0.083565 1.2266 0.0021987 0.083871 1.2228 -0.0061831 0.11488 1.2233 -0.0024805 0.1152 1.2257 -0.0084996 0.11468 1.2292 -0.0071139 0.11481 1.2297 -0.0034113 0.11513 1.2268 -0.0010943 0.11533 1.223 -0.008461 0.14638 1.2235 -0.0053048 0.14656 1.2255 -0.010432 0.14628 1.2285 -0.0092483 0.14635 1.229 -0.0060925 0.14652 1.2264 -0.0041208 0.14663 1.2238 -0.0090384 0.17799 1.2242 -0.0064344 0.17796 1.2259 -0.010664 0.17796 1.2283 -0.0096846 0.1779 1.2287 -0.007081 0.17787 1.2266 -0.0054555 0.1779 1.2255 -0.007607 0.20953 1.2257 -0.0055618 0.20943 1.2271 -0.0088849 0.20952 1.229 -0.0081172 0.20942 1.2293 -0.006072 0.20932 1.2277 -0.0047941 0.20932 1.2215 0.00021267 0.020738 1.2274 -0.0068398 0.20942 1.2237 6.1512e-05 0.056322 1.2243 -0.0012331 0.055635 1.2127 -0.012263 0.067545 1.2122 -0.011141 0.06814 1.2254 -0.0012846 0.056782 1.2136 -0.012307 0.068538 1.2248 1.0014e-05 0.057469 1.2131 -0.011185 0.069134 1.2032 -0.021272 0.077311 1.2028 -0.020323 0.077815 1.204 -0.02131 0.078152 1.2036 -0.02036 0.078656 1.225 -0.0019355 0.093029 1.2254 -0.0043254 0.092503 1.2463 -0.0046749 0.1146 1.2459 -0.0026031 0.11505 1.2271 -0.0036416 0.090776 1.2477 -0.0040817 0.1131 1.2267 -0.0012512 0.091302 1.2473 -0.0020103 0.11356 1.2633 -0.0049233 0.13266 1.263 -0.0031705 0.13305 1.2646 -0.0044217 0.1314 1.2642 -0.0026684 0.13178 1.2252 -0.0050473 0.1257 1.2249 -0.0071673 0.12737 1.2083 0.0094604 0.14602 1.2086 0.011298 0.14458 1.2271 -0.0064807 0.12884 1.2102 0.010056 0.14729 1.2274 -0.0043607 0.12717 1.2105 0.011893 0.14585 1.1947 0.023099 0.16128 1.195 0.024654 0.16006 1.1963 0.023603 0.16235 1.1966 0.025158 0.16113 1.2253 -0.0070143 0.16351 1.2251 -0.0085135 0.16228 1.2304 -0.021635 0.17915 1.2306 -0.020336 0.18021 1.227 -0.0083451 0.16181 1.232 -0.021489 0.17874 1.2271 -0.0068464 0.16304 1.2322 -0.02019 0.1798 1.2348 -0.03235 0.19295 1.2349 -0.031251 0.19385 1.2361 -0.032227 0.19261 1.2362 -0.031127 0.19351 1.2264 -0.0068159 0.19814 1.2267 -0.0076566 0.19871 1.2331 -0.00037003 0.20603 1.2328 0.00035858 0.20553 1.2276 -0.0077415 0.19803 1.2338 -0.00044394 0.20544 1.2272 -0.0069008 0.19746 1.2335 0.00028467 0.20495 1.2382 0.0056005 0.21201 1.238 0.006217 0.21158 1.2389 0.005538 0.21151 1.2386 0.0061545 0.21109 1.5226 0.0061498 0.021014 1.5176 0.0083766 0.021421 1.5197 0.0068498 0.052456 1.5242 0.0048504 0.052196 1.5132 0.0051351 0.021605 1.5158 0.0039434 0.052642 1.5137 -0.00033331 0.021383 1.5163 -0.00096226 0.052567 1.5187 -0.0025601 0.020977 1.5208 -0.0029616 0.052307 1.5232 0.0006814 0.020793 1.5248 -5.5313e-05 0.052122 1.5211 0.0067592 0.083409 1.5251 0.0049934 0.083362 1.5176 0.0041881 0.083624 1.5181 -0.0001483 0.083791 1.5221 -0.001914 0.083744 1.5256 0.00065708 0.083529 1.5219 0.0082998 0.11449 1.5253 0.0067711 0.11451 1.5188 0.0060649 0.11474 1.5192 0.0023012 0.11502 1.5227 0.00077248 0.11504 1.5258 0.0030074 0.11479 1.523 0.010309 0.14571 1.526 0.0090046 0.14563 1.5204 0.0084105 0.14599 1.5208 0.005208 0.14619 1.5237 0.0039043 0.14611 1.5263 0.0058022 0.14583 1.5257 0.011337 0.17692 1.5281 0.010254 0.17668 1.5235 0.0097752 0.1772 1.5238 0.0071311 0.17725 1.5262 0.0060492 0.17701 1.5284 0.0076108 0.17672 1.53 0.010997 0.20794 1.5319 0.010145 0.20767 1.5284 0.0097709 0.20818 1.5286 0.0076909 0.20816 1.5305 0.0068383 0.2079 1.5321 0.0080652 0.20766 1.5182 0.0029082 0.021199 1.5303 0.0089178 0.20792 1.5213 0.0026445 0.056393 1.5198 0.0023918 0.055883 1.5135 0.017308 0.067679 1.5148 0.017527 0.068121 1.5196 0.0013776 0.057105 1.5133 0.016429 0.068739 1.5211 0.0016303 0.057615 1.5146 0.016648 0.069181 1.5084 0.029503 0.077352 1.5095 0.029689 0.077726 1.5083 0.028759 0.078249 1.5094 0.028945 0.078622 1.523 0.0038633 0.092785 1.5205 0.0040503 0.092523 1.517 -0.014948 0.11596 1.5191 -0.01511 0.11619 1.5205 0.0021019 0.090899 1.517 -0.016637 0.11455 1.523 0.001915 0.091161 1.5191 -0.016799 0.11478 1.5141 -0.030519 0.13512 1.5159 -0.030656 0.13531 1.5141 -0.031948 0.13393 1.5159 -0.032084 0.13412 1.5235 0.0061407 0.12523 1.5217 0.0071645 0.12704 1.5443 0.019677 0.14253 1.5458 0.01879 0.14097 1.5219 0.0049362 0.12859 1.5445 0.017746 0.14388 1.5237 0.0039124 0.12679 1.546 0.016859 0.14231 1.5628 0.029875 0.15521 1.5641 0.029124 0.15388 1.563 0.028241 0.15635 1.5643 0.02749 0.15502 1.5257 0.0086088 0.16261 1.5241 0.0091081 0.16152 1.5118 0.0084682 0.17973 1.5132 0.0080352 0.18067 1.5237 0.0072379 0.16119 1.5115 0.0068474 0.17945 1.5253 0.0067387 0.16228 1.5128 0.0064149 0.18039 1.5018 0.007916 0.19464 1.5029 0.0075498 0.19544 1.5015 0.0065446 0.1944 1.5026 0.0061784 0.1952 1.5293 0.009284 0.19673 1.5285 0.0092115 0.19741 1.5346 0.0014319 0.20445 1.5354 0.0014949 0.20387 1.5281 0.0083895 0.19681 1.5343 0.00071955 0.20393 1.5289 0.0084624 0.19614 1.535 0.00078249 0.20335 1.5397 -0.0049424 0.21019 1.5403 -0.004889 0.2097 1.5394 -0.0055451 0.20976 1.54 -0.0054917 0.20927 1.8215 0.0071583 0.020938 1.8159 0.0045748 0.020549 1.8134 0.0055161 0.055431 1.8185 0.0078363 0.055904 1.8153 -0.0015969 0.020736 1.8129 -1.8597e-05 0.055587 1.8203 -0.0051856 0.021311 1.8174 -0.003233 0.056215 1.8259 -0.0026021 0.0217 1.8224 -0.00091267 0.056688 1.8265 0.0035696 0.021513 1.823 0.004622 0.056532 1.8093 0.0064783 0.090332 1.8138 0.0085325 0.090848 1.8088 0.0015812 0.09044 1.8128 -0.0012627 0.091064 1.8173 0.00079107 0.09158 1.8177 0.0056887 0.091472 1.8055 0.0071497 0.12549 1.8094 0.0089293 0.12581 1.8051 0.0028896 0.12555 1.8085 0.00040865 0.12592 1.8124 0.0021877 0.12623 1.8128 0.0064483 0.12617 1.8042 0.0072212 0.1608 1.8075 0.0087304 0.16082 1.8038 0.0035987 0.16081 1.8068 0.0014849 0.16083 1.8101 0.0029941 0.16085 1.8105 0.0066166 0.16084 1.806 0.0066071 0.19604 1.8087 0.0078526 0.19589 1.8057 0.0036225 0.19601 1.8081 0.0018835 0.19584 1.8109 0.003129 0.19569 1.8112 0.0061135 0.19572 1.8094 0.0054946 0.23113 1.8115 0.0064754 0.23097 1.8091 0.0031481 0.2311 1.811 0.0017829 0.23091 1.8132 0.0027637 0.23075 1.8134 0.0051103 0.23078 1.8209 0.0009861 0.021124 1.8113 0.0041289 0.23094 1.8174 0.0036912 0.061329 1.8162 0.0023661 0.061643 1.8274 -0.0036044 0.077698 1.8284 -0.0024557 0.077426 1.8172 0.0012856 0.060561 1.8282 -0.0045409 0.076759 1.8183 0.0026107 0.060247 1.8293 -0.0033922 0.076487 1.8366 -0.0084863 0.090816 1.8375 -0.0075145 0.090586 1.8373 -0.0092788 0.090022 1.8381 -0.008307 0.089792 1.8132 0.0046549 0.090718 1.8113 0.0032983 0.091968 1.8026 0.030402 0.10799 1.8043 0.031578 0.10691 1.813 0.0026975 0.093986 1.8041 0.029881 0.10974 1.8149 0.0040541 0.092735 1.8057 0.031057 0.10866 1.7955 0.052588 0.12112 1.797 0.053583 0.1202 1.7968 0.052147 0.1226 1.7982 0.053142 0.12168 1.8093 0.0063295 0.12514 1.8071 0.0050082 0.12346 1.7995 -0.016042 0.15153 1.8015 -0.014897 0.15298 1.8091 0.0028844 0.1224 1.8012 -0.017883 0.1506 1.8113 0.0042052 0.12407 1.8032 -0.016738 0.15206 1.7934 -0.033275 0.1745 1.795 -0.032306 0.17573 1.7949 -0.034832 0.17372 1.7965 -0.033864 0.17494 1.8076 0.0066137 0.154 1.8059 0.0059247 0.15617 1.8304 0.022142 0.18122 1.8319 0.022739 0.17933 1.8073 0.0034609 0.15647 1.8316 0.020007 0.18147 1.809 0.0041504 0.15429 1.8331 0.020604 0.17959 1.8506 0.035389 0.20169 1.8518 0.035895 0.20009 1.8516 0.033583 0.2019 1.8528 0.034089 0.20031 1.8082 0.0061917 0.18629 1.8074 0.0046058 0.18563 1.7887 0.010316 0.19622 1.7894 0.011691 0.19679 1.808 0.0036688 0.18722 1.7892 0.0095043 0.19759 1.8088 0.0052547 0.18788 1.7899 0.010879 0.19816 1.7735 0.014996 0.2049 1.7741 0.016159 0.20538 1.7739 0.014309 0.20606 1.7745 0.015472 0.20654 1.8103 0.0050473 0.21888 1.8095 0.0042181 0.2186 1.8144 -0.0034823 0.22738 1.8151 -0.0027637 0.22762 1.8102 0.0037427 0.21775 1.815 -0.0038943 0.22665 1.811 0.0045724 0.21803 1.8158 -0.0031757 0.22689 1.8184 -0.0097785 0.23457 1.819 -0.0091701 0.23477 1.819 -0.010127 0.23395 1.8196 -0.0095186 0.23415 1.8144 0.0061178 0.082563 1.8108 0.0034471 0.084175 1.8092 0.018577 0.10456 1.812 0.020616 0.10333 1.8138 0.00066805 0.086685 1.8115 0.016454 0.10648 1.8175 0.0033388 0.085073 1.8143 0.018494 0.10524 1.8075 0.033707 0.12493 1.8095 0.035164 0.12405 1.8092 0.032191 0.1263 1.8112 0.033648 0.12542 1.8094 0.033678 0.12518 2.1562 0.00063848 0.021812 2.162 4.2915e-05 0.021314 2.1647 0.0040126 0.055367 2.1595 0.0045342 0.055708 2.1653 0.0047445 0.020467 2.1677 0.0082359 0.054674 2.1629 0.010042 0.020118 2.1655 0.012981 0.054322 2.1571 0.010637 0.020615 2.1603 0.013503 0.054662 2.1538 0.0059357 0.021462 2.1573 0.0092793 0.055355 2.166 0.0078998 0.089275 2.1614 0.0083489 0.089466 2.1687 0.011653 0.08883 2.1668 0.015855 0.088577 2.1622 0.016304 0.088769 2.1595 0.012551 0.089213 2.1671 0.010204 0.12302 2.163 0.010588 0.12317 2.1694 0.013482 0.12285 2.1677 0.017144 0.12284 2.1637 0.017529 0.12299 2.1614 0.01425 0.12316 2.1678 0.01028 0.15681 2.1644 0.010598 0.15687 2.1698 0.013071 0.1569 2.1684 0.016179 0.15705 2.165 0.016497 0.15711 2.163 0.013706 0.15702 2.1672 0.0087171 0.19074 2.1644 0.0089817 0.1906 2.1689 0.01101 0.19099 2.1677 0.013568 0.19112 2.1649 0.013833 0.19098 2.1633 0.011539 0.19073 2.1638 0.0067701 0.2246 2.1616 0.0069847 0.22439 2.1651 0.0085683 0.22487 2.1641 0.010581 0.22493 2.1619 0.010796 0.22473 2.1607 0.0089979 0.22446 2.1596 0.0053401 0.020965 2.1629 0.0087829 0.22466 2.1622 0.0084586 0.060524 2.1633 0.0083194 0.059214 2.1793 0.0098548 0.074181 2.1783 0.0099754 0.075317 2.1633 0.0099936 0.059027 2.1793 0.011305 0.074019 2.1622 0.010133 0.060337 2.1783 0.011426 0.075155 2.1924 0.011133 0.086441 2.1916 0.011235 0.087402 2.1924 0.012361 0.086304 2.1916 0.012463 0.087265 2.163 0.010373 0.084974 2.165 0.010799 0.086288 2.15 0.016716 0.10865 2.1482 0.016346 0.10752 2.1649 0.013096 0.085588 2.1499 0.018707 0.10805 2.1629 0.01267 0.084274 2.1482 0.018337 0.10691 2.1377 0.02158 0.12693 2.1362 0.021267 0.12597 2.1376 0.023265 0.12642 2.1361 0.022952 0.12545 2.1643 0.012274 0.10904 2.1668 0.013026 0.11012 2.1687 -0.017182 0.12768 2.1665 -0.017834 0.12675 2.1656 0.014189 0.1125 2.1676 -0.016174 0.12974 2.163 0.013436 0.11142 2.1654 -0.016826 0.1288 2.1702 -0.041893 0.14207 2.1683 -0.042444 0.14127 2.1692 -0.04104 0.14381 2.1674 -0.041592 0.14301 2.1649 0.012454 0.13765 2.1674 0.012515 0.13631 2.179 0.030817 0.16194 2.1768 0.030765 0.16311 2.1667 0.014905 0.13484 2.1784 0.032889 0.16067 2.1641 0.014845 0.13619 2.1761 0.032837 0.16184 2.1885 0.04582 0.18291 2.1866 0.045775 0.1839 2.1879 0.047574 0.18183 2.186 0.047529 0.18282 2.1658 0.012219 0.16029 2.1672 0.011681 0.1623 2.1452 0.0051031 0.17665 2.144 0.005569 0.17491 2.1669 0.013966 0.16312 2.145 0.0070839 0.17737 2.1656 0.014504 0.16111 2.1438 0.0075498 0.17563 2.1273 -0.00024462 0.18838 2.1262 0.00014973 0.18691 2.1271 0.0014315 0.18899 2.1261 0.0018258 0.18751 2.1655 0.010655 0.18758 2.1666 0.010784 0.18637 2.179 0.0077262 0.19861 2.178 0.0076141 0.19966 2.1667 0.01236 0.18668 2.1791 0.0090914 0.19888 2.1656 0.01223 0.18789 2.1781 0.0089793 0.19993 2.1891 0.0052414 0.20864 2.1883 0.0051465 0.20953 2.1892 0.0063963 0.20887 2.1884 0.0063019 0.20975 2.1636 0.0090666 0.21278 2.1647 0.009397 0.21291 2.161 0.016943 0.22439 2.1601 0.016657 0.22428 2.1645 0.010293 0.21221 2.1608 0.01772 0.22377 2.1634 0.0099635 0.21208 2.1599 0.017434 0.22366 2.158 0.023124 0.23377 2.1572 0.022882 0.23367 2.1579 0.023781 0.23325 2.1571 0.023539 0.23315 2.1636 0.011296 0.11654 2.168 0.012237 0.11727 2.1666 -0.0063376 0.14808 2.1633 -0.0070562 0.14752 2.1668 0.015931 0.11974 2.1657 -0.0035167 0.14996 2.1624 0.01499 0.11901 2.1624 -0.0042348 0.14941 2.1653 -0.024937 0.17887 2.163 -0.02545 0.17847 2.1647 -0.022922 0.18022 2.1623 -0.023435 0.17982 2.1638 -0.024186 0.17935</float_array><technique_common><accessor source="#ROW_16_SEG0_solid-pos-a" count="1783" stride="3"><param name="X" type="float"/><param name="Y" type="float"/><param name="Z" type="float"/></accessor></technique_common></source>
        <source id="ROW_16_SEG0_solid-nrm"><float_array id="ROW_16_SEG0_solid-nrm-a" count="5118">0.317 -0.774 0.548 0.839 -0.197 0.507 0.966 -0.214 -0.147 0.293 -0.953 -0.071 0.607 0.544 0.58 0.667 0.743 -0.056 -0.147 0.707 0.692 -0.302 0.947 0.11 -0.668 0.129 0.733 -0.962 0.203 0.184 -0.437 -0.61 0.661 -0.666 -0.74 0.094 0.965 -0.209 -0.161 0.303 -0.951 -0.066 0.668 0.74 -0.077 -0.294 0.95 0.103 -0.958 0.207 0.198 -0.659 -0.744 0.113 0.971 -0.207 -0.12 0.312 -0.948 -0.058 0.676 0.735 -0.045 -0.285 0.954 0.093 -0.964 0.214 0.157 -0.661 -0.746 0.081 0.977 -0.21 -0.042 0.314 -0.948 -0.047 0.682 0.731 0.022 -0.285 0.955 0.083 -0.972 0.219 0.08 -0.667 -0.745 0.014 0.976 -0.216 0.024 0.307 -0.951 -0.035 0.679 0.73 0.078 -0.293 0.953 0.073 -0.976 0.219 0.014 -0.672 -0.739 -0.04 0.803 -0.136 -0.581 0.263 -0.721 -0.641 0.563 0.624 -0.542 -0.215 0.798 -0.563 -0.752 0.213 -0.623 -0.514 -0.545 -0.662 0.135 -0.053 0.989 0.04 0.064 -0.997 0.3 -0.921 0.249 0.745 0.385 0.545 0.3 -0.921 0.25 -0.31 0.921 -0.236 -0.311 0.921 -0.235 -0.755 -0.385 -0.531 -0.755 -0.385 -0.53 0.744 0.385 0.546 0.299 -0.921 0.251 -0.311 0.921 -0.234 -0.756 -0.385 -0.53 0.104 -0.459 -0.882 0.8 0.564 -0.204 0.104 -0.46 -0.882 -0.095 0.448 0.889 -0.094 0.448 0.889 -0.791 -0.575 0.211 -0.79 -0.576 0.211 0.801 0.563 -0.204 0.105 -0.46 -0.882 -0.094 0.447 0.889 -0.789 -0.576 0.212 0.275 -0.769 0.577 0.961 0.225 -0.162 0.961 0.225 -0.161 -0.275 0.779 -0.563 -0.275 0.78 -0.563 -0.961 -0.215 0.175 -0.961 -0.215 0.176 0.961 0.226 -0.16 0.275 -0.768 0.578 -0.275 0.78 -0.562 -0.961 -0.214 0.177 0.194 -0.728 -0.657 0.894 -0.136 0.427 0.894 -0.136 0.428 0.194 -0.729 -0.657 -0.199 0.719 0.666 -0.2 0.719 0.666 -0.899 0.126 -0.419 -0.9 0.126 -0.418 0.893 -0.137 0.428 0.193 -0.73 -0.656 -0.2 0.718 0.667 -0.9 0.125 -0.418 0.267 -0.879 -0.396 0.353 0.465 -0.812 0.354 0.465 -0.812 0.267 -0.878 -0.396 -0.252 0.88 0.403 -0.251 0.88 0.404 -0.339 -0.463 0.819 -0.338 -0.463 0.819 0.355 0.465 -0.811 0.268 -0.878 -0.396 -0.25 0.88 0.404 -0.337 -0.463 0.82 0.265 -0.749 0.608 0.775 0.536 0.334 0.775 0.536 0.335 0.264 -0.748 0.608 -0.275 0.756 -0.594 -0.276 0.756 -0.594 -0.786 -0.529 -0.321 -0.786 -0.529 -0.32 0.774 0.537 0.336 0.264 -0.748 0.609 -0.276 0.757 -0.593 -0.787 -0.529 -0.319 0.212 -0.752 -0.625 0.923 0.362 -0.127 0.923 0.363 -0.128 0.211 -0.751 -0.625 -0.189 0.716 0.673 -0.189 0.716 0.672 -0.9 -0.398 0.175 -0.901 -0.397 0.175 0.558 0.624 -0.547 -0.03 -0.3 -0.954 -0.365 0.923 0.119 -0.955 -0.006 -0.297 -0.353 0.552 -0.755 0.327 0.726 0.604 -0.448 0.694 0.564 -0.529 0.844 -0.086 0.47 0.883 -0.01 -0.809 0.006 0.588 -0.997 -0.046 -0.056 -0.394 -0.647 0.653 -0.459 -0.887 0.049 0.379 -0.613 0.693 0.534 -0.837 0.124 0.74 0.072 0.669 0.995 0.042 0.094 -0.531 0.841 -0.1 0.462 0.887 -0.005 -0.996 -0.042 -0.077 -0.468 -0.883 0.042 0.528 -0.838 0.138 0.992 0.048 0.114 -0.537 0.841 -0.059 0.453 0.892 0.004 -0.998 -0.034 -0.044 -0.476 -0.879 0.032 0.527 -0.844 0.096 0.995 0.051 0.082 -0.539 0.842 0.021 0.451 0.892 0.016 -0.999 -0.032 0.024 -0.477 -0.879 0.023 0.53 -0.848 0.018 0.999 0.05 0.014 -0.534 0.841 0.087 0.459 0.888 0.027 -0.996 -0.037 0.08 -0.47 -0.883 0.012 0.532 -0.845 -0.049 0.998 0.046 -0.041 -0.47 0.703 -0.534 0.323 0.736 -0.595 -0.839 -0.002 -0.544 -0.415 -0.67 -0.615 0.375 -0.635 -0.675 0.743 0.066 -0.666 -0.053 0.062 0.997 -0.076 0.053 -0.996 0.442 0.841 0.311 -0.793 0.218 0.568 -0.793 0.217 0.569 0.443 0.841 0.312 -0.436 -0.849 -0.298 -0.436 -0.85 -0.297 0.8 -0.226 -0.555 0.801 -0.226 -0.555 -0.793 0.217 0.57 0.443 0.84 0.313 -0.435 -0.85 -0.297 0.801 -0.226 -0.554 0.248 0.455 -0.855 -0.964 0.184 -0.19 -0.964 0.185 -0.19 0.248 0.456 -0.855 -0.247 -0.442 0.862 -0.247 -0.441 0.863 0.965 -0.171 0.198 0.965 -0.17 0.198 -0.964 0.186 -0.189 0.248 0.457 -0.854 0.965 -0.169 0.199 0.353 0.692 0.63 -0.837 0.534 -0.122 -0.837 0.533 -0.122 0.352 0.691 0.631 -0.36 -0.699 -0.617 -0.36 -0.7 -0.617 0.83 -0.541 0.135 0.829 -0.542 0.136 -0.838 0.533 -0.121 0.352 0.691 0.632 -0.361 -0.7 -0.616 0.829 -0.542 0.137 0.377 0.693 -0.614 -0.53 0.696 0.484 -0.366 -0.691 0.623 -0.366 -0.691 0.624 0.541 -0.694 -0.475 0.542 -0.694 -0.474 -0.529 0.696 0.485 0.378 0.694 -0.613 -0.365 -0.691 0.624 0.434 0.833 -0.342 -0.578 -0.018 -0.816 0.433 0.834 -0.342 -0.445 -0.824 0.35 -0.446 -0.824 0.351 0.567 0.027 0.824 0.566 0.028 0.824 -0.579 -0.017 -0.815 -0.446 -0.823 0.351 0.565 0.028 0.824 0.346 0.667 0.659 -0.924 0.148 0.352 -0.924 0.148 0.353 0.346 0.667 0.66 -0.344 -0.681 -0.647 -0.343 -0.681 -0.646 0.927 -0.161 -0.339 0.927 -0.162 -0.339 -0.924 0.147 0.353 0.346 0.666 0.661 -0.343 -0.682 -0.646 0.927 -0.163 -0.338 0.381 0.72 -0.58 -0.908 0.408 -0.095 -0.908 0.407 -0.096 0.381 0.719 -0.581 -0.371 -0.682 0.631 -0.371 -0.682 0.63 0.917 -0.37 0.148 0.917 -0.371 0.147 -0.835 -0.004 -0.55 0.228 0.255 -0.94 -0.398 -0.916 0.055 0.675 -0.649 -0.35 -0.145 -0.58 -0.801 0.715 0.183 0.675 0.199 0.768 0.608 0.311 0.95 0.028 0.974 0.209 0.089 -0.567 0.612 0.552 -0.659 0.751 -0.042 -0.816 -0.131 0.563 -0.98 -0.191 -0.052 -0.3 -0.716 0.63 -0.323 -0.946 0.008 0.465 -0.56 0.686 0.662 -0.745 0.079 0.312 0.948 0.056 0.976 0.201 0.086 -0.663 0.748 -0.011 -0.979 -0.199 -0.049 -0.317 -0.948 -0.019 0.661 -0.749 0.048 0.319 0.947 0.034 0.978 0.191 0.081 -0.666 0.745 -0.029 -0.977 -0.208 -0.043 -0.315 -0.949 0.004 0.656 -0.752 0.065 0.325 0.945 -0.027 0.979 0.188 0.075 -0.664 0.743 -0.084 -0.977 -0.21 -0.036 -0.317 -0.946 0.065 0.651 -0.75 0.12 0.326 0.942 -0.083 0.978 0.195 0.069 -0.658 0.741 -0.133 -0.979 -0.203 -0.03 -0.324 -0.938 0.12 0.649 -0.742 0.169 0.308 0.659 -0.686 0.831 0.067 -0.552 -0.476 0.5 -0.724 -0.737 -0.251 -0.627 -0.214 -0.843 -0.493 0.57 -0.684 -0.456 -0.082 0.042 0.996 0.078 -0.154 -0.985 0.928 0.216 0.303 0.105 0.629 -0.771 0.105 0.629 -0.77 0.928 0.217 0.304 -0.934 -0.203 -0.293 -0.935 -0.202 -0.293 -0.111 -0.615 0.78 -0.112 -0.615 0.781 0.105 0.63 -0.769 0.927 0.217 0.304 -0.935 -0.201 -0.292 -0.112 -0.614 0.781 0.905 0.206 0.373 -0.383 0.776 0.502 -0.383 0.775 0.502 0.905 0.205 0.374 -0.907 -0.214 -0.362 -0.907 -0.214 -0.361 0.38 -0.784 -0.491 0.38 -0.784 -0.49 -0.383 0.775 0.503 0.904 0.205 0.374 -0.908 -0.215 -0.361 0.38 -0.785 -0.49 0.825 0.122 -0.552 -0.293 0.927 -0.234 -0.293 0.927 -0.233 0.825 0.122 -0.551 -0.817 -0.116 0.565 -0.816 -0.115 0.566 0.301 -0.921 0.248 0.302 -0.92 0.248 -0.292 0.928 -0.232 0.826 0.122 -0.55 -0.816 -0.115 0.567 0.302 -0.92 0.249 0.762 0.203 0.615 -0 0.95 -0.314 -0.001 0.95 -0.313 0.761 0.204 0.616 -0.772 -0.2 -0.604 -0.772 -0.199 -0.603 -0.01 -0.946 0.325 -0.01 -0.945 0.326 -0.002 0.95 -0.312 0.76 0.204 0.617 -0.773 -0.199 -0.603 -0.011 -0.945 0.326 0.911 0.145 -0.387 0.176 0.712 0.68 0.911 0.144 -0.387 -0.905 -0.154 0.396 -0.905 -0.155 0.397 -0.17 -0.722 -0.671 -0.17 -0.722 -0.67 0.176 0.711 0.681 0.911 0.143 -0.386 -0.904 -0.155 0.397 -0.17 -0.723 -0.67 0.929 0.164 -0.332 -0.369 0.491 -0.789 -0.369 0.492 -0.789 0.929 0.165 -0.332 -0.928 -0.152 0.34 -0.928 -0.151 0.34 0.369 -0.479 0.797 0.369 -0.478 0.797 -0.368 0.492 -0.788 0.929 0.165 -0.331 -0.928 -0.15 0.34 0.369 -0.477 0.797 -0.738 -0.341 0.582 -0.096 -0.803 0.588 -0.096 -0.995 0.012 -0.908 -0.419 -0.02 0.625 -0.478 0.617 0.807 -0.588 0.05 0.703 0.309 0.64 0.914 0.402 0.057 0.061 0.77 0.635 0.105 0.994 0.025 -0.659 0.446 0.605 -0.814 0.581 -0.014 -0.102 -0.994 0.038 -0.911 -0.411 -0.024 0.808 -0.584 0.079 0.91 0.409 0.06 0.102 0.995 -0.002 -0.81 0.585 -0.043 -0.105 -0.994 0.016 -0.915 -0.402 -0.029 0.812 -0.58 0.063 0.906 0.418 0.065 0.097 0.995 0.02 -0.808 0.589 -0.026 -0.105 -0.994 -0.044 -0.916 -0.399 -0.034 0.816 -0.578 0.01 0.905 0.42 0.071 0.093 0.992 0.08 -0.808 0.588 0.028 -0.1 -0.99 -0.098 -0.913 -0.405 -0.04 0.815 -0.578 -0.039 0.907 0.413 0.077 0.095 0.987 0.134 -0.811 0.58 0.075 -0.076 -0.717 -0.693 -0.733 -0.249 -0.633 0.662 -0.385 -0.643 0.739 0.413 -0.533 0.081 0.877 -0.473 -0.653 0.547 -0.523 -0.028 -0.026 0.999 0.005 0.139 -0.99 -0.889 -0.416 0.193 0.127 -0.643 -0.755 0.127 -0.644 -0.754 -0.888 -0.417 0.193 0.896 0.404 -0.182 0.897 0.404 -0.182 -0.119 0.632 0.766 -0.119 0.631 0.767 0.128 -0.645 -0.754 -0.888 -0.418 0.194 0.897 0.403 -0.181 -0.118 0.63 0.767 -0.877 -0.402 0.263 0.486 -0.68 0.549 0.486 -0.679 0.549 -0.877 -0.401 0.264 0.876 0.41 -0.252 0.876 0.411 -0.252 -0.487 0.688 -0.538 -0.487 0.689 -0.537 0.486 -0.679 0.55 0.876 0.411 -0.251 -0.715 -0.302 -0.631 0.514 -0.84 -0.174 -0.716 -0.302 -0.63 0.707 0.294 0.643 0.707 0.293 0.644 -0.523 0.832 0.187 -0.523 0.831 0.187 0.513 -0.841 -0.173 -0.716 -0.303 -0.629 0.706 0.293 0.645 -0.524 0.831 0.188 -0.771 -0.371 0.517 0.245 -0.927 -0.285 0.246 -0.927 -0.284 -0.771 -0.371 0.518 0.78 0.369 -0.505 0.781 0.369 -0.504 -0.236 0.925 0.297 -0.235 0.925 0.297 0.246 -0.927 -0.283 -0.77 -0.371 0.519 0.781 0.369 -0.503 -0.235 0.925 0.298 -0.81 -0.342 -0.477 -0.095 -0.745 0.66 -0.095 -0.744 0.661 -0.81 -0.341 -0.477 0.801 0.35 0.485 0.801 0.351 0.486 0.086 0.753 -0.652 0.085 0.753 -0.652 -0.81 -0.341 -0.476 0.8 0.351 0.486 0.085 0.754 -0.651 -0.828 -0.365 -0.425 0.564 -0.401 -0.722 0.564 -0.402 -0.721 -0.828 -0.366 -0.424 0.83 0.353 0.432 0.83 0.352 0.433 -0.563 0.389 0.729 -0.563 0.389 0.73 0.564 -0.403 -0.721 0.83 0.351 0.433 -0.563 0.388 0.73 -0.164 0.73 0.663 -0.777 0.262 0.572 -0.924 0.382 -0.033 -0.138 0.988 0.066 -0.676 -0.508 0.534 -0.794 -0.603 -0.08 0.039 -0.809 0.587 0.123 -0.992 -0.029 0.652 -0.34 0.678 0.918 -0.39 0.07 0.55 0.43 0.716 0.787 0.605 0.118 -0.925 0.379 0.002 -0.138 0.989 0.061 -0.795 -0.605 -0.04 0.122 -0.992 -0.024 0.92 -0.389 0.035 0.79 0.607 0.078 -0.924 0.382 0.017 -0.129 0.99 0.054 -0.793 -0.608 -0.018 0.129 -0.991 -0.017 0.922 -0.386 0.02 0.794 0.605 0.056 -0.921 0.389 -0.018 -0.119 0.992 0.047 -0.79 -0.611 -0.045 0.138 -0.99 -0.007 0.922 -0.383 0.056 0.796 0.6 0.083 -0.915 0.393 -0.09 -0.116 0.992 0.039 -0.785 -0.61 -0.108 0.139 -0.99 0.002 0.914 -0.384 0.128 0.789 0.596 0.147 -0.615 0.332 -0.715 0.005 0.811 -0.585 -0.515 -0.456 -0.726 0.208 -0.766 -0.608 0.83 -0.288 -0.478 0.729 0.501 -0.466 -0.1 -0.062 0.993 0.175 0.037 -0.984 -0.165 0.839 0.518 -0.882 0.101 -0.46 -0.883 0.101 -0.459 -0.166 0.839 0.519 0.158 -0.848 -0.506 0.158 -0.848 -0.505 0.875 -0.11 0.472 0.874 -0.11 0.473 -0.883 0.1 -0.458 -0.166 0.838 0.52 0.157 -0.849 -0.505 0.874 -0.111 0.473 -0.142 0.958 0.25 -0.691 -0.271 0.67 -0.69 -0.271 0.671 -0.141 0.958 0.251 0.153 -0.959 -0.239 0.154 -0.959 -0.238 0.702 0.269 -0.659 0.703 0.269 -0.658 -0.69 -0.271 0.672 -0.141 0.958 0.252 -0.07 0.896 -0.438 -0.849 -0.279 -0.449 -0.85 -0.278 -0.448 -0.071 0.896 -0.437 0.061 -0.89 0.452 0.06 -0.89 0.453 0.84 0.284 0.463 0.839 0.285 0.464 -0.85 -0.278 -0.447 -0.071 0.897 -0.437 0.06 -0.889 0.454 0.838 0.285 0.464 -0.16 0.598 0.786 -0.986 -0.142 -0.092 -0.986 -0.142 -0.091 -0.16 0.597 0.786 0.16 -0.61 -0.776 0.16 -0.611 -0.776 0.986 0.13 0.102 0.986 0.129 0.102 -0.986 -0.143 -0.091 -0.159 0.596 0.787 0.16 -0.611 -0.775 0.986 0.128 0.103 -0.543 0.577 0.61 -0.718 -0.193 0.669 -0.955 -0.289 0.067 -0.726 0.688 0.013 -0.139 -0.731 0.668 -0.217 -0.974 0.072 0.615 -0.5 0.61 0.739 -0.674 0.022 0.79 0.268 0.552 0.955 0.296 -0.031 0.212 0.807 0.552 0.228 0.973 -0.036 -0.956 -0.292 0.016 -0.727 0.687 0.002 -0.217 -0.976 0.032 0.738 -0.673 0.034 0.955 0.297 0.02 0.229 0.973 0.005 -0.955 -0.297 -0.018 -0.733 0.68 -0.014 -0.22 -0.975 0.015 0.733 -0.679 0.05 0.954 0.293 0.054 0.224 0.974 0.022 -0.953 -0.302 -0.006 -0.739 0.673 -0.034 -0.224 -0.973 0.045 0.726 -0.684 0.07 0.956 0.29 0.043 0.22 0.975 -0.009 -0.953 -0.299 0.037 -0.74 0.671 -0.053 -0.226 -0.968 0.107 0.724 -0.683 0.09 0.958 0.287 0.001 0.22 0.973 -0.071 -0.776 -0.31 -0.55 -0.596 0.471 -0.65 -0.184 -0.855 -0.484 0.587 -0.621 -0.519 0.769 0.159 -0.619 0.177 0.707 -0.685 0.06 0.062 0.996 -0.007 -0.128 -0.992 -0.717 0.643 -0.27 -0.266 -0.619 -0.739 -0.717 0.643 -0.269 0.707 -0.65 0.279 0.706 -0.651 0.279 0.256 0.612 0.748 0.255 0.612 0.749 -0.267 -0.62 -0.738 -0.718 0.642 -0.269 0.706 -0.651 0.28 0.255 0.611 0.749 -0.597 0.59 0.544 -0.436 -0.813 0.386 -0.596 0.59 0.544 0.607 -0.59 -0.532 0.608 -0.59 -0.531 0.447 0.813 -0.374 -0.435 -0.813 0.387 -0.596 0.59 0.545 0.448 0.813 -0.373 -0.43 0.355 -0.83 -0.735 -0.672 0.091 -0.736 -0.671 0.092 -0.431 0.355 -0.829 0.421 -0.344 0.839 0.421 -0.343 0.84 0.726 0.683 -0.083 0.725 0.683 -0.082 -0.736 -0.67 0.092 -0.431 0.356 -0.829 0.42 -0.342 0.84 0.725 0.684 -0.082 -0.608 0.591 0.531 -0.78 -0.582 -0.231 -0.607 0.59 0.532 0.61 -0.6 -0.517 0.61 -0.601 -0.516 0.783 0.572 0.245 0.783 0.572 0.246 -0.78 -0.583 -0.23 0.783 0.571 0.246 -0.728 0.685 -0.014 -0.394 -0.404 0.825 -0.394 -0.403 0.826 -0.727 0.686 -0.013 0.737 -0.675 0.023 0.738 -0.675 0.024 0.404 0.414 -0.816 0.404 0.415 -0.815 -0.393 -0.403 0.827 -0.727 0.687 -0.013 0.738 -0.674 0.024 0.405 0.415 -0.815 -0.235 0.644 0.728 -0.723 0.051 0.689 -0.982 0.148 0.117 -0.357 0.923 0.142 -0.454 -0.664 0.595 -0.634 -0.773 -0.004 0.305 -0.785 0.539 0.343 -0.934 -0.103 0.794 -0.191 0.577 0.984 -0.161 -0.08 0.523 0.524 0.672 0.631 0.775 0.043 -0.978 0.149 0.146 -0.35 0.927 0.138 -0.628 -0.778 0.027 0.351 -0.931 -0.099 0.982 -0.155 -0.108 0.632 0.775 0.011 -0.98 0.156 0.123 -0.341 0.931 0.132 -0.626 -0.78 0.009 0.36 -0.928 -0.095 0.985 -0.153 -0.084 0.637 0.77 0.028 -0.985 0.164 0.06 -0.339 0.932 0.126 -0.629 -0.776 -0.048 0.363 -0.928 -0.087 0.987 -0.158 -0.02 0.641 0.763 0.086 -0.986 0.167 0.002 -0.345 0.931 0.12 -0.632 -0.768 -0.099 0.357 -0.931 -0.081 0.985 -0.167 0.037 0.637 0.758 0.137 -0.741 0.21 -0.637 -0.244 0.81 -0.533 -0.466 -0.522 -0.714 0.309 -0.658 -0.687 0.811 -0.057 -0.582 0.534 0.679 -0.504 0.054 -0.11 0.992 0.052 0.124 -0.991 -0.337 0.869 0.363 -0.684 0.02 -0.729 -0.685 0.02 -0.729 -0.338 0.868 0.364 0.326 -0.877 -0.352 0.325 -0.878 -0.351 0.672 -0.029 0.74 -0.685 0.019 -0.728 0.671 -0.029 0.741 -0.317 0.844 0.433 -0.648 -0.512 0.564 -0.647 -0.512 0.564 -0.316 0.844 0.433 0.326 -0.846 -0.423 0.327 -0.846 -0.422 0.657 0.511 -0.554 0.658 0.511 -0.553 -0.647 -0.512 0.565 -0.316 0.844 0.434 0.327 -0.846 -0.421 -0.296 0.796 -0.528 -0.882 -0.436 -0.177 -0.883 -0.436 -0.177 -0.297 0.796 -0.527 0.29 -0.789 0.542 0.29 -0.788 0.543 0.876 0.443 0.192 0.876 0.443 0.193 -0.883 -0.435 -0.176 -0.297 0.797 -0.527 0.289 -0.788 0.544 0.875 0.443 0.194 -0.268 0.69 0.672 -0.957 -0.149 -0.248 -0.957 -0.15 -0.247 -0.268 0.69 0.673 0.267 -0.701 -0.661 0.267 -0.702 -0.66 0.956 0.138 0.26 -0.268 0.689 0.673 0.267 -0.703 -0.66 0.956 0.137 0.261 -0.321 0.877 -0.358 -0.656 0.035 0.754 -0.655 0.036 0.754 -0.32 0.877 -0.357 0.33 -0.87 0.366 0.331 -0.87 0.367 0.665 -0.029 -0.746 0.666 -0.028 -0.745 -0.655 0.036 0.755 -0.32 0.878 -0.357 0.331 -0.869 0.367 0.667 -0.028 -0.745 -0.339 0.892 -0.299 -0.478 -0.413 -0.775 -0.479 -0.413 -0.774 -0.34 0.892 -0.299 0.327 -0.893 0.308 0.467 0.411 0.783 0.466 0.411 0.783 -0.479 -0.414 -0.774 -0.34 0.892 -0.298 0.326 -0.894 0.309 0.465 0.411 0.784 -0.263 0.602 0.753 -0.738 -0.005 0.675 -0.989 0.114 0.096 -0.383 0.906 0.181 -0.445 -0.713 0.541 -0.607 -0.792 -0.066 0.326 -0.811 0.487 0.376 -0.915 -0.144 0.8 -0.198 0.566 0.99 -0.131 -0.06 0.503 0.507 0.7 0.611 0.785 0.103 -0.99 0.116 0.084 -0.379 0.914 0.146 -0.6 -0.799 -0.043 0.386 -0.916 -0.108 0.99 -0.13 -0.047 0.614 0.785 0.079 -0.992 0.119 0.034 -0.38 0.92 0.092 -0.597 -0.801 -0.039 0.391 -0.919 -0.054 0.991 -0.133 0.003 0.615 0.785 0.076 -0.993 0.116 -0.011 -0.388 0.921 0.028 -0.598 -0.801 -0.019 0.386 -0.923 0.01 0.99 -0.136 0.049 0.611 0.79 0.058 -0.994 0.112 -0.012 -0.397 0.917 -0.037 -0.603 -0.797 0.044 0.377 -0.923 0.075 0.989 -0.137 0.051 0.607 0.795 -0.006 -0.785 0.046 -0.618 -0.304 0.675 -0.672 -0.478 -0.685 -0.55 0.311 -0.784 -0.537 0.792 -0.152 -0.591 0.483 0.577 -0.659 0.048 -0.161 0.986 0.005 -0.087 -0.996 -0.292 0.711 0.64 -0.895 0.016 -0.447 -0.895 0.016 -0.446 -0.292 0.71 0.641 0.287 -0.721 -0.631 0.287 -0.721 -0.63 0.889 -0.026 0.456 0.889 -0.027 0.457 -0.895 0.015 -0.446 -0.293 0.709 0.641 0.287 -0.722 -0.63 0.889 -0.028 0.457 -0.381 0.914 -0.138 -0.776 -0.24 0.583 -0.776 -0.24 0.584 -0.381 0.914 -0.137 0.39 -0.908 0.152 0.784 0.246 -0.57 0.785 0.246 -0.569 -0.775 -0.239 0.585 -0.381 0.915 -0.136 0.39 -0.908 0.153 0.785 0.246 -0.568 -0.246 0.541 -0.804 -0.593 -0.735 -0.328 -0.594 -0.735 -0.328 -0.247 0.542 -0.803 0.234 -0.535 0.812 0.581 0.741 0.336 0.581 0.741 0.337 -0.595 -0.734 -0.328 -0.248 0.542 -0.803 0.233 -0.535 0.812 0.58 0.742 0.337 -0.266 0.662 0.7 -0.916 -0.399 0.03 -0.916 -0.4 0.031 -0.266 0.662 0.701 0.271 -0.673 -0.688 0.921 0.389 -0.018 0.921 0.388 -0.017 -0.265 0.661 0.702 0.271 -0.674 -0.687 0.922 0.387 -0.016 -0.254 0.583 -0.772 -0.936 0.036 0.35 -0.936 0.037 0.351 -0.254 0.584 -0.771 0.258 -0.569 0.781 0.258 -0.568 0.781 0.94 -0.022 -0.341 0.94 -0.021 -0.34 -0.936 0.038 0.351 -0.254 0.585 -0.771 0.258 -0.568 0.782 -0.35 0.835 0.423 -0.772 -0.016 -0.635 -0.351 0.835 0.424 0.341 -0.845 -0.412 0.341 -0.845 -0.411 0.763 0.007 0.647 0.762 0.006 0.648 -0.773 -0.017 -0.634 -0.351 0.834 0.425 0.34 -0.846 -0.411 -0.348 0.854 0.387 -0.705 -0.504 0.499 -0.705 -0.504 0.5 -0.347 0.854 0.388 0.357 -0.856 -0.374 0.358 -0.856 -0.374 0.715 0.502 -0.487 0.715 0.502 -0.486 -0.704 -0.504 0.5 0.358 -0.856 -0.373 0.716 0.502 -0.485 -0.361 0.824 -0.437 -0.832 -0.493 -0.255 -0.831 -0.493 -0.256 -0.361 0.823 -0.438 0.342 -0.811 0.475 0.342 -0.811 0.474 0.812 0.505 0.293 -0.426 -0.561 -0.71 -0.041 0.516 -0.855 0.542 -0.833 -0.112 0.929 0.259 -0.263 0.437 -0.269 -0.858 0.574 -0.419 0.703 0.572 0.373 0.731 0.855 0.495 0.155 0.849 -0.509 0.14 -0.106 0.769 0.63 -0.008 0.999 0.032 -0.779 0.375 0.502 -0.863 0.494 -0.105 -0.776 -0.415 0.475 -0.857 -0.501 -0.119 -0.101 -0.812 0.575 -0.008 -1 0.003 0.862 0.496 0.105 0.851 -0.509 0.129 -0.004 1 -0.008 -0.864 0.494 -0.094 -0.864 -0.5 -0.068 -0.013 -0.999 0.042 0.863 0.5 0.071 0.858 -0.501 0.113 0.001 1 -0.025 -0.862 0.501 -0.077 -0.868 -0.495 -0.035 -0.011 -0.998 0.06 0.859 0.505 0.082 0.865 -0.494 0.094 0.003 1 0.007 -0.859 0.509 -0.058 -0.869 -0.492 -0.047 -0.003 -1 0.03 0.855 0.504 0.124 0.867 -0.492 0.075 -0.002 0.998 0.068 -0.86 0.509 -0.037 -0.866 -0.492 -0.089 0.004 -0.999 -0.032 0.754 0.452 -0.477 0.76 -0.353 -0.546 0.055 0.856 -0.515 -0.638 0.456 -0.621 -0.634 -0.35 -0.69 0.066 -0.755 -0.652 -0.169 -0.035 0.985 0.103 0.087 -0.991 0.866 -0.479 -0.144 0.217 0.634 -0.743 0.217 0.634 -0.742 0.866 -0.478 -0.143 -0.859 0.488 0.153 -0.859 0.489 0.154 -0.21 -0.624 0.752 -0.209 -0.624 0.753 0.218 0.635 -0.741 0.867 -0.478 -0.143 -0.858 0.489 0.154 -0.209 -0.623 0.753 0.638 -0.422 0.645 0.2 0.904 0.378 0.199 0.904 0.379 0.637 -0.422 0.645 -0.649 0.42 -0.634 -0.65 0.42 -0.634 -0.212 -0.905 -0.368 -0.212 -0.906 -0.367 0.636 -0.422 0.646 -0.65 0.42 -0.633 -0.213 -0.906 -0.367 0.597 -0.283 -0.75 0.556 0.821 0.13 0.557 0.82 0.13 0.598 -0.284 -0.75 -0.587 0.275 0.761 -0.586 0.274 0.762 -0.546 -0.829 -0.119 -0.546 -0.83 -0.119 0.558 0.82 0.131 0.598 -0.284 -0.749 -0.586 0.274 0.763 -0.545 -0.83 -0.118 0.65 -0.421 0.633 0.659 0.73 -0.179 0.659 0.731 -0.178 0.649 -0.42 0.634 -0.656 0.43 -0.62 -0.666 -0.721 0.191 -0.666 -0.721 0.192 -0.657 0.431 -0.619 -0.667 -0.72 0.193 0.854 -0.507 0.113 0.193 0.514 0.836 0.192 0.513 0.837 0.854 -0.508 0.114 -0.862 0.496 -0.105 -0.863 0.495 -0.104 -0.201 -0.526 -0.827 -0.201 -0.526 -0.826 0.853 -0.509 0.114 -0.863 0.494 -0.104 -0.201 -0.527 -0.826 0.055 0.801 0.596 -0.659 0.487 0.573 -0.802 0.594 -0.068 0.117 0.993 -0.016 -0.745 -0.288 0.602 -0.913 -0.406 -0.033 -0.117 -0.747 0.654 -0.104 -0.993 0.055 0.596 -0.433 0.676 0.804 -0.585 0.106 0.682 0.341 0.647 0.913 0.402 0.07 -0.803 0.59 -0.083 0.107 0.994 -0.011 -0.914 -0.402 -0.053 -0.113 -0.992 0.048 0.8 -0.588 0.12 0.909 0.406 0.09 -0.808 0.588 -0.041 0.098 0.995 -0.002 -0.918 -0.395 -0.021 -0.123 -0.992 0.039 0.8 -0.594 0.079 0.91 0.41 0.058 -0.808 0.588 0.037 0.096 0.995 0.009 -0.918 -0.393 0.047 -0.124 -0.992 0.029 0.802 -0.597 0.001 0.912 0.41 -0.009 -0.801 0.59 0.102 0.105 0.994 0.02 -0.912 -0.397 0.101 -0.116 -0.993 0.019 0.802 -0.594 -0.065 0.912 0.406 -0.064 -0.708 0.484 -0.515 0.019 0.804 -0.594 -0.796 -0.31 -0.52 -0.158 -0.781 -0.604 0.568 -0.46 -0.683 0.656 0.332 -0.678 -0.05 0.043 0.998 -0.115 0.018 -0.993 0.114 0.947 0.302 -0.808 -0.084 0.583 -0.808 -0.084 0.584 0.114 0.946 0.302 -0.104 -0.952 -0.289 -0.104 -0.952 -0.288 0.818 0.079 -0.57 -0.807 -0.085 0.584 0.115 0.946 0.303 -0.103 -0.952 -0.287 0.819 0.079 -0.569 0.046 0.516 -0.856 -0.97 -0.18 -0.165 -0.97 -0.179 -0.164 0.045 0.516 -0.855 -0.049 -0.503 0.863 -0.05 -0.502 0.863 0.966 0.193 0.172 0.966 0.194 0.173 0.045 0.517 -0.855 -0.05 -0.501 0.864 0.092 0.779 0.621 -0.976 0.192 -0.099 -0.977 0.192 -0.098 0.092 0.778 0.621 -0.095 -0.788 -0.608 -0.096 -0.789 -0.607 0.973 -0.202 0.112 0.973 -0.202 0.113 -0.977 0.191 -0.097 0.092 0.778 0.622 -0.096 -0.789 -0.606 0.973 -0.203 0.113 0.085 0.784 -0.615 -0.738 0.459 0.495 0.085 0.784 -0.614 -0.076 -0.778 0.623 -0.075 -0.778 0.624 0.747 -0.453 -0.486 0.748 -0.453 -0.486 -0.737 0.459 0.496 0.086 0.785 -0.614 0.748 -0.452 -0.485 0.093 0.934 -0.345 -0.555 -0.232 -0.799 0.093 0.934 -0.344 -0.107 -0.93 0.353 -0.107 -0.929 0.353 0.541 0.236 0.807 0.541 0.237 0.807 -0.556 -0.232 -0.798 0.092 0.935 -0.344 -0.108 -0.929 0.353 0.54 0.237 0.808 0.095 0.754 0.65 -0.908 -0.197 0.37 -0.907 -0.198 0.371 0.095 0.753 0.651 -0.088 -0.765 -0.638 -0.087 -0.766 -0.637 0.915 0.186 -0.358 0.915 0.185 -0.357 -0.907 -0.198 0.372 0.096 0.753 0.651 -0.087 -0.766 -0.636 0.916 0.185 -0.356 0.08 0.811 -0.58 -0.996 0.05 -0.071 -0.996 0.049 -0.072 0.08 0.81 -0.581 -0.083 -0.771 0.631 -0.083 -0.772 0.63 0.992 -0.011 0.123 0.992 -0.011 0.122 -0.792 -0.311 -0.525 0.099 0.32 -0.942 -0.036 -0.998 0.06 0.858 -0.361 -0.365 0.057 -0.601 -0.797 0.341 -0.746 0.572 0.848 -0.165 0.504 0.966 -0.2 -0.162 0.31 -0.949 -0.049 0.604 0.567 0.559 0.651 0.753 -0.092 -0.144 0.717 0.682 -0.318 0.944 0.09 -0.648 0.137 0.749 -0.961 0.191 0.2 -0.406 -0.593 0.695 -0.649 -0.749 0.131 0.965 -0.196 -0.176 0.319 -0.947 -0.045 0.652 0.75 -0.113 -0.31 0.947 0.082 -0.957 0.195 0.214 -0.642 -0.752 0.15 0.972 -0.192 -0.135 0.329 -0.943 -0.037 0.661 0.746 -0.081 -0.302 0.951 0.072 -0.964 0.201 0.172 -0.644 -0.756 0.117 0.98 -0.193 -0.055 0.332 -0.943 -0.025 0.669 0.744 -0.012 -0.301 0.952 0.062 -0.975 0.203 0.093 -0.653 -0.756 0.049 0.98 -0.198 0.012 0.324 -0.946 -0.013 0.667 0.744 0.044 -0.31 0.949 0.052 -0.979 0.201 0.027 -0.659 -0.752 -0.006 0.788 -0.137 -0.601 0.261 -0.728 -0.634 0.535 0.615 -0.579 -0.241 0.771 -0.59 -0.762 0.179 -0.622 -0.512 -0.568 -0.644 0.154 -0.022 0.988 0.016 0.035 -0.999 0.323 -0.905 0.276 0.744 0.411 0.526 0.744 0.411 0.527 0.322 -0.905 0.277 -0.332 0.906 -0.262 -0.333 0.906 -0.261 -0.754 -0.411 -0.513 -0.754 -0.411 -0.512 0.743 0.411 0.528 -0.333 0.906 -0.26 -0.755 -0.411 -0.511 0.092 -0.475 -0.875 0.784 0.573 -0.241 0.784 0.572 -0.24 -0.083 0.465 0.882 -0.082 0.464 0.882 -0.774 -0.583 0.248 0.785 0.571 -0.24 0.093 -0.476 -0.875 -0.773 -0.584 0.248 0.3 -0.741 0.601 0.952 0.238 -0.19 0.3 -0.74 0.602 -0.3 0.751 -0.588 -0.952 -0.228 0.204 -0.952 -0.227 0.205 0.952 0.239 -0.189 0.3 -0.739 0.603 -0.3 0.752 -0.587 0.192 -0.738 -0.647 0.901 -0.106 0.421 0.901 -0.107 0.421 -0.197 0.728 0.656 -0.197 0.728 0.657 -0.906 0.097 -0.412 -0.906 0.096 -0.411 0.9 -0.107 0.422 0.191 -0.739 -0.646 -0.197 0.727 0.657 -0.907 0.096 -0.411 0.274 -0.882 -0.382 0.322 0.441 -0.838 0.323 0.441 -0.837 0.275 -0.882 -0.382 -0.259 0.884 0.389 -0.259 0.884 0.39 -0.307 -0.439 0.844 0.324 0.441 -0.837 0.276 -0.882 -0.382 -0.258 0.884 0.39 -0.306 -0.439 0.845 0.29 -0.719 0.632 0.77 0.558 0.309 0.769 0.559 0.31 0.289 -0.719 0.632 -0.3 0.726 -0.618 -0.3 0.727 -0.618 -0.78 -0.551 -0.296 -0.781 -0.551 -0.295 0.769 0.559 0.311 0.289 -0.718 0.633 -0.301 0.727 -0.617 -0.781 -0.551 -0.294 0.211 -0.76 -0.615 0.913 0.376 -0.158 0.913 0.376 -0.159 0.211 -0.759 -0.616 -0.186 0.725 0.663 -0.187 0.726 0.662 -0.888 -0.409 0.208 -0.889 -0.409 0.207 0.531 0.614 -0.584 -0.044 -0.322 -0.946 -0.38 0.919 0.1 -0.958 -0.033 -0.284 -0.375 0.516 -0.77 -0.567 0.479 0.67 -0.679 -0.31 0.666 -0.926 -0.372 0.071 -0.777 0.622 0.096 -0.054 -0.799 0.599 -0.135 -0.991 -0.008 0.68 -0.5 0.537 0.79 -0.61 -0.061 0.791 0.286 0.541 0.926 0.376 -0.035 0.169 0.776 0.607 0.148 0.988 0.043 -0.929 -0.37 0.021 -0.778 0.622 0.086 -0.137 -0.989 -0.047 0.791 -0.61 -0.05 0.928 0.372 0.015 0.151 0.985 0.082 -0.928 -0.373 -0.013 -0.785 0.616 0.069 -0.14 -0.988 -0.064 0.786 -0.618 -0.034 0.93 0.366 0.048 0.147 0.984 0.099 -0.926 -0.378 -0.002 -0.791 0.61 0.05 -0.144 -0.989 -0.034 0.78 -0.625 -0.015 0.931 0.363 0.037 0.141 0.988 0.069 -0.924 -0.379 0.041 -0.792 0.609 0.031 -0.144 -0.989 0.028 0.78 -0.626 0.005 0.931 0.364 -0.005 0.139 0.99 0.008 -0.773 -0.327 -0.543 -0.661 0.477 -0.58 -0.135 -0.827 -0.546 0.617 -0.527 -0.584 0.733 0.276 -0.621 0.094 0.78 -0.619 0.096 -0.018 0.995 -0.036 -0.044 -0.998 -0.776 0.603 -0.185 -0.247 -0.579 -0.777 -0.247 -0.58 -0.776 -0.777 0.602 -0.184 0.767 -0.611 0.193 0.767 -0.612 0.194 0.238 0.571 0.786 0.237 0.57 0.786 -0.248 -0.58 -0.776 0.237 0.57 0.787 -0.624 0.493 0.607 -0.355 -0.878 0.321 -0.355 -0.878 0.322 -0.623 0.493 0.607 0.634 -0.493 -0.596 0.635 -0.493 -0.595 0.366 0.877 -0.31 0.367 0.877 -0.31 -0.354 -0.878 0.323 -0.622 0.493 0.608 0.636 -0.493 -0.594 0.367 0.877 -0.309 -0.495 0.392 -0.776 -0.675 -0.736 0.055 -0.676 -0.735 0.055 -0.495 0.392 -0.775 0.485 -0.382 0.787 0.485 -0.381 0.787 0.665 0.745 -0.045 0.665 0.746 -0.044 -0.676 -0.735 0.056 -0.496 0.393 -0.775 0.484 -0.381 0.788 0.664 0.746 -0.043 -0.635 0.494 0.594 -0.74 -0.623 -0.252 -0.74 -0.624 -0.252 -0.635 0.493 0.595 0.638 -0.504 -0.582 0.639 -0.505 -0.581 0.745 0.613 0.265 0.745 0.612 0.265 -0.74 -0.624 -0.251 -0.634 0.493 0.596 0.639 -0.505 -0.58 0.745 0.612 0.266 -0.78 0.622 0.07 -0.332 -0.51 0.794 -0.331 -0.509 0.795 0.789 -0.611 -0.06 0.79 -0.611 -0.06 0.34 0.52 -0.784 0.341 0.52 -0.783 -0.331 -0.508 0.795 -0.779 0.623 0.071 0.79 -0.61 -0.059 0.341 0.521 -0.782 0.678 0.445 0.584 -0.042 0.765 0.643 -0.102 0.994 0.032 0.813 0.582 -0.022 -0.679 0.299 0.67 -0.914 0.4 0.071 -0.596 -0.485 0.639 -0.801 -0.596 0.057 0.123 -0.804 0.581 0.11 -0.994 0.004 0.76 -0.34 0.554 0.911 -0.41 -0.035 -0.105 0.994 -0.019 0.812 0.583 -0.032 -0.916 0.399 0.032 -0.801 -0.595 0.069 0.111 -0.992 0.056 0.912 -0.409 0.005 -0.111 0.992 -0.053 0.806 0.589 -0.049 -0.916 0.401 0.014 -0.804 -0.588 0.085 0.108 -0.99 0.089 0.914 -0.404 0.023 -0.116 0.992 -0.041 0.8 0.596 -0.069 -0.912 0.407 0.045 -0.808 -0.58 0.105 0.104 -0.991 0.079 0.916 -0.402 -0.009 -0.113 0.994 0.002 0.798 0.597 -0.088 -0.906 0.41 0.107 -0.807 -0.578 0.125 0.1 -0.994 0.036 0.912 -0.404 -0.071 -0.166 0.798 -0.579 0.564 0.47 -0.679 -0.812 0.325 -0.485 -0.729 -0.477 -0.491 0.001 -0.807 -0.591 0.648 -0.333 -0.685 0.066 -0.034 0.997 -0.14 -0.006 -0.99 0.763 0.571 -0.304 -0.568 0.35 -0.745 -0.569 0.351 -0.744 0.762 0.572 -0.304 -0.768 -0.56 0.313 -0.768 -0.559 0.313 0.564 -0.339 0.753 0.563 -0.338 0.754 0.762 0.572 -0.303 -0.768 -0.558 0.314 0.7 0.493 0.516 -0.709 0.597 0.376 -0.709 0.596 0.377 0.7 0.493 0.517 -0.702 -0.503 -0.504 -0.702 -0.503 -0.503 0.707 -0.606 -0.364 0.707 -0.607 -0.364 -0.709 0.595 0.378 0.7 0.492 0.517 -0.702 -0.504 -0.503 0.707 -0.608 -0.363 0.415 0.323 -0.85 -0.519 0.852 0.068 -0.518 0.853 0.069 0.416 0.324 -0.85 -0.403 -0.316 0.859 -0.402 -0.316 0.86 0.532 -0.845 -0.06 0.532 -0.845 -0.059 -0.517 0.853 0.069 0.417 0.324 -0.849 -0.401 -0.315 0.86 0.533 -0.844 -0.059 0.703 0.503 0.503 -0.427 0.867 -0.258 -0.427 0.867 -0.257 -0.713 -0.503 -0.489 -0.713 -0.503 -0.488 0.417 -0.867 0.271 0.417 -0.867 0.272 -0.428 0.867 -0.256 0.702 0.503 0.504 -0.714 -0.503 -0.487 0.416 -0.867 0.273 0.811 0.584 -0.048 -0.308 0.493 0.814 -0.307 0.493 0.814 0.811 0.583 -0.048 -0.802 -0.594 0.058 -0.802 -0.595 0.059 0.316 -0.504 -0.804 0.317 -0.505 -0.803 -0.307 0.492 0.815 0.812 0.582 -0.047 -0.801 -0.595 0.059 0.023 0.807 0.589 -0.691 0.479 0.541 -0.808 0.582 -0.092 0.102 0.995 -0.008 -0.768 -0.304 0.564 -0.906 -0.419 -0.064 -0.129 -0.761 0.636 -0.091 -0.995 0.046 0.586 -0.433 0.685 0.809 -0.574 0.128 0.662 0.352 0.661 0.904 0.415 0.101 -0.809 0.579 -0.106 0.093 0.996 -0.003 -0.906 -0.415 -0.084 -0.1 -0.994 0.039 0.804 -0.577 0.142 0.9 0.419 0.12 -0.815 0.576 -0.066 0.083 0.997 0.005 -0.911 -0.409 -0.053 -0.109 -0.994 0.03 0.806 -0.583 0.102 0.902 0.423 0.089 -0.817 0.576 0.01 0.081 0.997 0.016 -0.913 -0.407 0.012 -0.11 -0.994 0.02 0.81 -0.585 0.026 0.906 0.423 0.024 -0.813 0.578 0.074 0.089 0.996 0.027 -0.909 -0.411 0.066 -0.102 -0.995 0.01 0.812 -0.582 -0.037 0.907 0.42 -0.029 -0.702 0.479 -0.527 0.027 0.814 -0.58 -0.779 -0.322 -0.538 -0.127 -0.789 -0.601 0.605 -0.455 -0.654 0.682 0.348 -0.643 -0.086 0.039 0.996 -0.084 0.022 -0.996 0.089 0.949 0.301 -0.833 -0.1 0.544 0.09 0.949 0.302 -0.08 -0.954 -0.288 0.842 0.095 -0.531 0.843 0.094 -0.53 -0.832 -0.1 0.545 0.09 0.949 0.303 -0.079 -0.955 -0.287 0.843 0.094 -0.529 0.068 0.531 -0.845 -0.962 -0.194 -0.194 -0.962 -0.193 -0.194 0.068 0.531 -0.844 -0.072 -0.518 0.852 -0.073 -0.517 0.853 0.957 0.207 0.201 0.957 0.207 0.202 -0.962 -0.192 -0.193 0.068 0.532 -0.844 -0.073 -0.516 0.853 0.957 0.208 0.202 0.06 0.786 0.616 -0.975 0.178 -0.129 -0.976 0.178 -0.128 0.06 0.785 0.617 -0.064 -0.795 -0.603 -0.064 -0.796 -0.602 0.972 -0.188 0.141 0.972 -0.189 0.142 -0.976 0.177 -0.128 0.06 0.784 0.617 0.971 -0.189 0.143 0.095 0.796 -0.598 -0.766 0.448 0.46 -0.766 0.449 0.461 0.095 0.796 -0.597 -0.086 -0.79 0.607 0.775 -0.442 -0.452 0.775 -0.442 -0.451 -0.765 0.449 0.461 0.096 0.797 -0.597 -0.085 -0.79 0.608 0.776 -0.442 -0.451 0.091 0.94 -0.329 -0.533 -0.241 -0.811 -0.534 -0.241 -0.81 0.09 0.94 -0.329 -0.105 -0.936 0.337 -0.106 -0.935 0.337 0.519 0.245 0.819 -0.535 -0.241 -0.81 0.09 0.94 -0.328 -0.107 -0.935 0.338 0.518 0.246 0.819 0.062 0.761 0.645 -0.92 -0.213 0.329 -0.92 -0.213 0.33 0.063 0.761 0.646 -0.055 -0.772 -0.633 -0.055 -0.773 -0.632 0.927 0.202 -0.317 0.927 0.201 -0.316 -0.919 -0.214 0.331 0.063 0.76 0.647 -0.055 -0.774 -0.631 0.928 0.2 -0.315 0.088 0.822 -0.563 -0.994 0.035 -0.103 -0.994 0.034 -0.104 0.088 0.821 -0.564 -0.094 -0.784 0.614 -0.094 -0.784 0.613 0.988 0.003 0.153 0.988 0.003 0.152 -0.775 -0.322 -0.543 0.129 0.334 -0.934 -0.023 -0.998 0.053 0.878 -0.348 -0.328 0.095 -0.607 -0.789 -0.404 -0.58 0.707 0.39 -0.659 0.644 0.423 -0.903 0.079 -0.572 -0.809 0.137 0.844 -0.015 0.536 0.994 -0.097 -0.04 0.514 0.704 0.491 0.582 0.807 -0.102 -0.272 0.787 0.553 -0.41 0.911 -0.045 -0.735 0.148 0.661 -0.992 0.103 0.074 0.422 -0.904 0.068 -0.58 -0.808 0.103 0.996 -0.088 -0.018 0.577 0.814 -0.068 -0.411 0.911 -0.033 -0.993 0.106 0.052 0.422 -0.907 0.021 -0.583 -0.811 0.053 0.996 -0.084 -0.014 0.575 0.818 -0.017 -0.41 0.912 0.014 -0.993 0.106 0.049 0.426 -0.905 -0.021 -0.578 -0.816 -0.007 0.996 -0.085 0.004 0.579 0.814 0.043 -0.408 0.911 0.056 -0.994 0.101 0.032 0.43 -0.903 -0.021 -0.568 -0.82 -0.067 0.994 -0.093 0.063 0.583 0.806 0.103 -0.407 0.912 0.059 -0.995 0.096 -0.027 0.399 -0.694 -0.6 -0.41 -0.616 -0.672 0.863 -0.033 -0.505 0.523 0.703 -0.482 -0.282 0.784 -0.554 -0.751 0.125 -0.649 0.096 0.109 0.989 0.1 0.079 -0.992 -0.476 -0.655 0.587 0.474 -0.768 -0.43 0.475 -0.768 -0.429 -0.475 -0.655 0.588 0.486 0.655 -0.578 0.487 0.655 -0.577 -0.464 0.77 0.439 -0.463 0.77 0.44 0.476 -0.768 -0.429 -0.474 -0.655 0.589 0.488 0.656 -0.577 -0.462 0.77 0.44 -0.573 -0.804 -0.162 0.613 -0.558 0.559 0.613 -0.558 0.56 -0.573 -0.804 -0.161 0.563 0.808 0.174 0.563 0.808 0.175 -0.622 0.561 -0.546 -0.623 0.561 -0.545 0.612 -0.558 0.561 -0.574 -0.803 -0.16 0.562 0.808 0.176 -0.623 0.562 -0.544 -0.326 -0.497 -0.804 0.951 -0.109 -0.288 0.951 -0.11 -0.288 0.327 0.483 0.812 0.327 0.482 0.813 -0.95 0.096 0.296 -0.95 0.095 0.296 0.951 -0.111 -0.288 -0.326 -0.498 -0.804 0.327 0.481 0.813 -0.95 0.094 0.297 -0.451 -0.611 0.651 0.822 -0.569 0.035 0.822 -0.568 0.036 -0.451 -0.61 0.651 0.457 0.62 -0.638 0.457 0.62 -0.637 -0.816 0.578 -0.023 -0.815 0.578 -0.022 -0.451 -0.61 0.652 0.458 0.621 -0.637 -0.815 0.579 -0.022 -0.358 -0.525 -0.772 0.459 -0.828 0.322 0.458 -0.828 0.322 -0.359 -0.526 -0.771 0.344 0.521 0.781 0.343 0.521 0.781 -0.473 0.824 -0.313 -0.474 0.823 -0.313 0.457 -0.829 0.323 -0.36 -0.526 -0.771 0.342 0.521 0.782 -0.474 0.823 -0.312 -0.54 -0.756 0.37 0.447 -0.65 -0.615 0.448 -0.65 -0.614 -0.539 -0.757 0.37 0.552 0.753 -0.358 0.553 0.753 -0.357 -0.434 0.647 0.627 0.448 -0.65 -0.613 -0.538 -0.757 0.371 -0.433 0.647 0.628 -0.555 -0.762 0.334 0.801 -0.351 0.485 0.801 -0.35 0.486 -0.555 -0.761 0.334 0.551 0.77 -0.322 0.551 0.771 -0.321 -0.805 0.359 -0.473 -0.805 0.359 -0.472 0.801 -0.35 0.487 -0.556 -0.761 0.335 0.55 0.771 -0.32 -0.805 0.36 -0.472 -0.505 -0.74 -0.443 0.867 -0.442 -0.229 0.867 -0.442 -0.23 -0.505 -0.74 -0.444 0.505 0.717 0.479 0.505 0.718 0.479 -0.869 0.419 0.264 0.741 -0.051 -0.67 -0.418 -0.302 -0.857 0.424 0.903 -0.074 -0.707 0.662 -0.249 0.018 0.56 -0.829</float_array><technique_common><accessor source="#ROW_16_SEG0_solid-nrm-a" count="1706" stride="3"><param name="X" type="float"/><param name="Y" type="float"/><param name="Z" type="float"/></accessor></technique_common></source>
        <vertices id="ROW_16_SEG0_solid-vtx"><input semantic="POSITION" source="#ROW_16_SEG0_solid-pos"/></vertices>
        <triangles count="2776" material="MAT_COTTON_STEM-mat"><input semantic="VERTEX" source="#ROW_16_SEG0_solid-vtx" offset="0"/><input semantic="NORMAL" source="#ROW_16_SEG0_solid-nrm" offset="1"/><p>0 0 1 1 2 2 0 0 2 2 3 3 1 1 4 4 5 5 1 1 5 5 2 2 4 4 6 6 7 7 4 4 7 7 5 5 6 6 8 8 9 9 6 6 9 9 7 7 8 8 10 10 11 11 8 8 11 11 9 9 10 10 0 0 3 3 10 10 3 3 11 11 3 3 2 2 12 12 3 3 12 12 13 13 2 2 5 5 14 14 2 2 14 14 12 12 5 5 7 7 15 15 5 5 15 15 14 14 7 7 9 9 16 16 7 7 16 16 15 15 9 9 11 11 17 17 9 9 17 17 16 16 11 11 3 3 13 13 11 11 13 13 17 17 13 13 12 12 18 18 13 13 18 18 19 19 12 12 14 14 20 20 12 12 20 20 18 18 14 14 15 15 21 21 14 14 21 21 20 20 15 15 16 16 22 22 15 15 22 22 21 21 16 16 17 17 23 23 16 16 23 23 22 22 17 17 13 13 19 19 17 17 19 19 23 23 19 19 18 18 24 24 19 19 24 24 25 25 18 18 20 20 26 26 18 18 26 26 24 24 20 20 21 21 27 27 20 20 27 27 26 26 21 21 22 22 28 28 21 21 28 28 27 27 22 22 23 23 29 29 22 22 29 29 28 28 23 23 19 19 25 25 23 23 25 25 29 29 25 25 24 24 30 30 25 25 30 30 31 31 24 24 26 26 32 32 24 24 32 32 30 30 26 26 27 27 33 33 26 26 33 33 32 32 27 27 28 28 34 34 27 27 34 34 33 33 28 28 29 29 35 35 28 28 35 35 34 34 29 29 25 25 31 31 29 29 31 31 35 35 31 31 30 30 36 36 31 31 36 36 37 37 30 30 32 32 38 38 30 30 38 38 36 36 32 32 33 33 39 39 32 32 39 39 38 38 33 33 34 34 40 40 33 33 40 40 39 39 34 34 35 35 41 41 34 34 41 41 40 40 35 35 31 31 37 37 35 35 37 37 41 41 0 0 1 1 42 42 1 1 4 4 42 42 4 4 6 6 42 42 6 6 8 8 42 42 8 8 10 10 42 42 10 10 0 0 42 42 36 36 37 37 43 43 38 38 36 36 43 43 39 39 38 38 43 43 40 40 39 39 43 43 41 41 40 40 43 43 37 37 41 41 43 43 44 44 45 45 46 45 44 44 46 45 47 46 45 45 48 47 49 48 45 45 49 48 46 45 48 47 50 49 51 50 48 47 51 50 49 48 50 49 44 44 47 46 50 49 47 46 51 50 47 46 46 45 52 51 47 46 52 51 53 52 46 45 49 48 54 53 46 45 54 53 52 51 49 48 51 50 55 54 49 48 55 54 54 53 51 50 47 46 53 52 51 50 53 52 55 54 56 55 57 56 58 56 56 55 58 56 59 57 57 56 60 58 61 59 57 56 61 59 58 56 60 58 62 60 63 61 60 58 63 61 61 59 62 60 56 55 59 57 62 60 59 57 63 61 59 57 58 56 64 62 59 57 64 62 65 63 58 56 61 59 66 64 58 56 66 64 64 62 61 59 63 61 67 65 61 59 67 65 66 64 63 61 59 57 65 63 63 61 65 63 67 65 68 66 69 67 70 68 68 66 70 68 71 66 69 67 72 69 73 70 69 67 73 70 70 68 72 69 74 71 75 72 72 69 75 72 73 70 74 71 68 66 71 66 74 71 71 66 75 72 71 66 70 68 76 73 71 66 76 73 77 74 70 68 73 70 78 75 70 68 78 75 76 73 73 70 75 72 79 76 73 70 79 76 78 75 75 72 71 66 77 74 75 72 77 74 79 76 80 77 81 78 82 79 80 77 82 79 83 80 81 78 84 81 85 82 81 78 85 82 82 79 84 81 86 83 87 84 84 81 87 84 85 82 86 83 80 77 83 80 86 83 83 80 87 84 83 80 82 79 88 85 83 80 88 85 89 86 82 79 85 82 90 87 82 79 90 87 88 85 85 82 87 84 91 88 85 82 91 88 90 87 87 84 83 80 89 86 87 84 89 86 91 88 92 89 93 90 94 91 92 89 94 91 95 92 93 90 96 93 97 94 93 90 97 94 94 91 96 93 98 95 99 96 96 93 99 96 97 94 98 95 92 89 95 92 98 95 95 92 99 96 95 92 94 91 100 97 95 92 100 97 101 98 94 91 97 94 102 99 94 91 102 99 100 97 97 94 99 96 103 100 97 94 103 100 102 99 99 96 95 92 101 98 99 96 101 98 103 100 104 101 105 102 106 103 104 101 106 103 107 104 105 102 108 105 109 106 105 102 109 106 106 103 108 105 110 107 111 108 108 105 111 108 109 106 110 107 104 101 107 104 110 107 107 104 111 108 107 104 106 103 112 109 107 104 112 109 113 110 106 103 109 106 114 111 106 103 114 111 112 109 109 106 111 108 115 112 109 106 115 112 114 111 111 108 107 104 113 110 111 108 113 110 115 112 116 113 117 114 118 115 116 113 118 115 119 116 117 114 120 117 121 118 117 114 121 118 118 115 120 117 122 119 123 120 120 117 123 120 121 118 122 119 116 113 119 116 122 119 119 116 123 120 119 116 118 115 124 121 119 116 124 121 125 122 118 115 121 118 126 123 118 115 126 123 124 121 121 118 123 120 127 124 121 118 127 124 126 123 123 120 119 116 125 122 123 120 125 122 127 124 124 121 125 122 128 125 126 123 124 121 128 125 127 124 126 123 128 125 125 122 127 124 128 125 129 126 130 127 131 128 129 126 131 128 132 129 130 127 133 130 134 131 130 127 134 131 131 128 133 130 135 132 136 133 133 130 136 133 134 131 135 132 137 134 138 135 135 132 138 135 136 133 137 134 139 136 140 137 137 134 140 137 138 135 139 136 129 126 132 129 139 136 132 129 140 137 132 129 131 128 141 138 132 129 141 138 142 139 131 128 134 131 143 140 131 128 143 140 141 138 134 131 136 133 144 141 134 131 144 141 143 140 136 133 138 135 145 142 136 133 145 142 144 141 138 135 140 137 146 143 138 135 146 143 145 142 140 137 132 129 142 139 140 137 142 139 146 143 142 139 141 138 147 144 142 139 147 144 148 145 141 138 143 140 149 146 141 138 149 146 147 144 143 140 144 141 150 147 143 140 150 147 149 146 144 141 145 142 151 148 144 141 151 148 150 147 145 142 146 143 152 149 145 142 152 149 151 148 146 143 142 139 148 145 146 143 148 145 152 149 148 145 147 144 153 150 148 145 153 150 154 151 147 144 149 146 155 152 147 144 155 152 153 150 149 146 150 147 156 153 149 146 156 153 155 152 150 147 151 148 157 154 150 147 157 154 156 153 151 148 152 149 158 155 151 148 158 155 157 154 152 149 148 145 154 151 152 149 154 151 158 155 154 151 153 150 159 156 154 151 159 156 160 157 153 150 155 152 161 158 153 150 161 158 159 156 155 152 156 153 162 159 155 152 162 159 161 158 156 153 157 154 163 160 156 153 163 160 162 159 157 154 158 155 164 161 157 154 164 161 163 160 158 155 154 151 160 157 158 155 160 157 164 161 160 157 159 156 165 162 160 157 165 162 166 163 159 156 161 158 167 164 159 156 167 164 165 162 161 158 162 159 168 165 161 158 168 165 167 164 162 159 163 160 169 166 162 159 169 166 168 165 163 160 164 161 170 167 163 160 170 167 169 166 164 161 160 157 166 163 164 161 166 163 170 167 129 126 130 127 171 168 130 127 133 130 171 168 133 130 135 132 171 168 135 132 137 134 171 168 137 134 139 136 171 168 139 136 129 126 171 168 165 162 166 163 172 169 167 164 165 162 172 169 168 165 167 164 172 169 169 166 168 165 172 169 170 167 169 166 172 169 166 163 170 167 172 169 173 170 174 171 175 172 173 170 175 172 176 173 174 171 177 174 178 175 174 171 178 175 175 172 177 174 179 176 180 177 177 174 180 177 178 175 179 176 173 170 176 173 179 176 176 173 180 177 176 173 175 172 181 178 176 173 181 178 182 179 175 172 178 175 183 180 175 172 183 180 181 178 178 175 180 177 184 181 178 175 184 181 183 180 180 177 176 173 182 179 180 177 182 179 184 181 185 182 186 183 187 184 185 182 187 184 188 185 186 183 189 186 190 187 186 183 190 187 187 184 189 186 191 188 192 189 189 186 192 189 190 187 191 188 185 182 188 185 191 188 188 185 192 189 188 185 187 184 193 190 188 185 193 190 194 191 187 184 190 187 195 187 187 184 195 187 193 190 190 187 192 189 196 192 190 187 196 192 195 187 192 189 188 185 194 191 192 189 194 191 196 192 197 193 198 194 199 195 197 193 199 195 200 196 198 194 201 197 202 198 198 194 202 198 199 195 201 197 203 199 204 200 201 197 204 200 202 198 203 199 197 193 200 196 203 199 200 196 204 200 200 196 199 195 205 201 200 196 205 201 206 202 199 195 202 198 207 203 199 195 207 203 205 201 202 198 204 200 208 204 202 198 208 204 207 203 204 200 200 196 206 202 204 200 206 202 208 204 209 205 210 206 211 206 209 205 211 206 212 205 210 206 213 207 214 208 210 206 214 208 211 206 213 207 215 209 216 210 213 207 216 210 214 208 215 209 209 205 212 205 215 209 212 205 216 210 212 205 211 206 217 211 212 205 217 211 218 212 211 206 214 208 219 213 211 206 219 213 217 211 214 208 216 210 220 210 214 208 220 210 219 213 216 210 212 205 218 212 216 210 218 212 220 210 221 214 222 215 223 215 221 214 223 215 224 216 222 215 225 217 226 218 222 215 226 218 223 215 225 217 227 219 228 220 225 217 228 220 226 218 227 219 221 214 224 216 227 219 224 216 228 220 224 216 223 215 229 221 224 216 229 221 230 216 223 215 226 218 231 222 223 215 231 222 229 221 226 218 228 220 232 223 226 218 232 223 231 222 228 220 224 216 230 216 228 220 230 216 232 223 233 224 234 225 235 226 233 224 235 226 236 227 234 225 237 228 238 229 234 225 238 229 235 226 237 228 239 230 240 231 237 228 240 231 238 229 239 230 233 224 236 227 239 230 236 227 240 231 236 227 235 226 241 232 236 227 241 232 242 233 235 226 238 229 243 234 235 226 243 234 241 232 238 229 240 231 244 235 238 229 244 235 243 234 240 231 236 227 242 233 240 231 242 233 244 235 245 236 246 237 247 238 245 236 247 238 248 239 246 237 249 240 250 241 246 237 250 241 247 238 249 240 251 242 252 243 249 240 252 243 250 241 251 242 245 236 248 239 251 242 248 239 252 243 248 239 247 238 253 244 248 239 253 244 254 245 247 238 250 241 255 246 247 238 255 246 253 244 250 241 252 243 256 247 250 241 256 247 255 246 252 243 248 239 254 245 252 243 254 245 256 247 253 244 254 245 257 248 255 246 253 244 257 248 256 247 255 246 257 248 254 245 256 247 257 248 258 249 259 250 260 251 258 249 260 251 261 252 259 250 262 253 263 254 259 250 263 254 260 251 262 253 264 255 265 256 262 253 265 256 263 254 264 255 266 257 267 258 264 255 267 258 265 256 266 257 268 259 269 260 266 257 269 260 267 258 268 259 258 249 261 252 268 259 261 252 269 260 261 252 260 251 270 261 261 252 270 261 271 262 260 251 263 254 272 263 260 251 272 263 270 261 263 254 265 256 273 264 263 254 273 264 272 263 265 256 267 258 274 265 265 256 274 265 273 264 267 258 269 260 275 266 267 258 275 266 274 265 269 260 261 252 271 262 269 260 271 262 275 266 271 262 270 261 276 267 271 262 276 267 277 268 270 261 272 263 278 269 270 261 278 269 276 267 272 263 273 264 279 270 272 263 279 270 278 269 273 264 274 265 280 271 273 264 280 271 279 270 274 265 275 266 281 272 274 265 281 272 280 271 275 266 271 262 277 268 275 266 277 268 281 272 277 268 276 267 282 273 277 268 282 273 283 274 276 267 278 269 284 275 276 267 284 275 282 273 278 269 279 270 285 276 278 269 285 276 284 275 279 270 280 271 286 277 279 270 286 277 285 276 280 271 281 272 287 278 280 271 287 278 286 277 281 272 277 268 283 274 281 272 283 274 287 278 283 274 282 273 288 279 283 274 288 279 289 280 282 273 284 275 290 281 282 273 290 281 288 279 284 275 285 276 291 282 284 275 291 282 290 281 285 276 286 277 292 283 285 276 292 283 291 282 286 277 287 278 293 284 286 277 293 284 292 283 287 278 283 274 289 280 287 278 289 280 293 284 289 280 288 279 294 285 289 280 294 285 295 286 288 279 290 281 296 287 288 279 296 287 294 285 290 281 291 282 297 288 290 281 297 288 296 287 291 282 292 283 298 289 291 282 298 289 297 288 292 283 293 284 299 290 292 283 299 290 298 289 293 284 289 280 295 286 293 284 295 286 299 290 258 249 259 250 300 291 259 250 262 253 300 291 262 253 264 255 300 291 264 255 266 257 300 291 266 257 268 259 300 291 268 259 258 249 300 291 294 285 295 286 301 292 296 287 294 285 301 292 297 288 296 287 301 292 298 289 297 288 301 292 299 290 298 289 301 292 295 286 299 290 301 292 302 293 303 294 304 295 302 293 304 295 305 296 303 294 306 297 307 298 303 294 307 298 304 295 306 297 308 299 309 300 306 297 309 300 307 298 308 299 302 293 305 296 308 299 305 296 309 300 305 296 304 295 310 301 305 296 310 301 311 302 304 295 307 298 312 303 304 295 312 303 310 301 307 298 309 300 313 304 307 298 313 304 312 303 309 300 305 296 311 302 309 300 311 302 313 304 314 305 315 306 316 307 314 305 316 307 317 308 315 306 318 309 319 310 315 306 319 310 316 307 318 309 320 311 321 312 318 309 321 312 319 310 320 311 314 305 317 308 320 311 317 308 321 312 317 308 316 307 322 313 317 308 322 313 323 314 316 307 319 310 324 315 316 307 324 315 322 313 319 310 321 312 325 316 319 310 325 316 324 315 321 312 317 308 323 314 321 312 323 314 325 316 326 317 327 318 328 319 326 317 328 319 329 320 327 318 330 321 331 322 327 318 331 322 328 319 330 321 332 323 333 324 330 321 333 324 331 322 332 323 326 317 329 320 332 323 329 320 333 324 329 320 328 319 334 325 329 320 334 325 335 326 328 319 331 322 336 327 328 319 336 327 334 325 331 322 333 324 337 328 331 322 337 328 336 327 333 324 329 320 335 326 333 324 335 326 337 328 338 329 339 330 340 331 338 329 340 331 341 332 339 330 342 333 343 334 339 330 343 334 340 331 342 333 344 335 345 336 342 333 345 336 343 334 344 335 338 329 341 332 344 335 341 332 345 336 341 332 340 331 346 337 341 332 346 337 347 338 340 331 343 334 348 339 340 331 348 339 346 337 343 334 345 336 349 340 343 334 349 340 348 339 345 336 341 332 347 338 345 336 347 338 349 340 350 341 351 342 352 342 350 341 352 342 353 343 351 342 354 344 355 345 351 342 355 345 352 342 354 344 356 346 357 347 354 344 357 347 355 345 356 346 350 341 353 343 356 346 353 343 357 347 353 343 352 342 358 348 353 343 358 348 359 349 352 342 355 345 360 350 352 342 360 350 358 348 355 345 357 347 361 351 355 345 361 351 360 350 357 347 353 343 359 349 357 347 359 349 361 351 362 352 363 353 364 354 362 352 364 354 365 355 363 353 366 356 367 357 363 353 367 357 364 354 366 356 368 358 369 359 366 356 369 359 367 357 368 358 362 352 365 355 368 358 365 355 369 359 365 355 364 354 370 360 365 355 370 360 371 361 364 354 367 357 372 362 364 354 372 362 370 360 367 357 369 359 373 363 367 357 373 363 372 362 369 359 365 355 371 361 369 359 371 361 373 363 374 364 375 365 376 366 374 364 376 366 377 367 375 365 378 368 379 369 375 365 379 369 376 366 378 368 380 370 381 371 378 368 381 371 379 369 380 370 382 372 383 373 380 370 383 373 381 371 382 372 384 374 385 375 382 372 385 375 383 373 384 374 374 364 377 367 384 374 377 367 385 375 377 367 376 366 386 376 377 367 386 376 387 377 376 366 379 369 388 378 376 366 388 378 386 376 379 369 381 371 389 379 379 369 389 379 388 378 381 371 383 373 390 380 381 371 390 380 389 379 383 373 385 375 391 381 383 373 391 381 390 380 385 375 377 367 387 377 385 375 387 377 391 381 387 377 386 376 392 382 387 377 392 382 393 383 386 376 388 378 394 384 386 376 394 384 392 382 388 378 389 379 395 385 388 378 395 385 394 384 389 379 390 380 396 386 389 379 396 386 395 385 390 380 391 381 397 387 390 380 397 387 396 386 391 381 387 377 393 383 391 381 393 383 397 387 393 383 392 382 398 388 393 383 398 388 399 389 392 382 394 384 400 390 392 382 400 390 398 388 394 384 395 385 401 391 394 384 401 391 400 390 395 385 396 386 402 392 395 385 402 392 401 391 396 386 397 387 403 393 396 386 403 393 402 392 397 387 393 383 399 389 397 387 399 389 403 393 399 389 398 388 404 394 399 389 404 394 405 395 398 388 400 390 406 396 398 388 406 396 404 394 400 390 401 391 407 397 400 390 407 397 406 396 401 391 402 392 408 398 401 391 408 398 407 397 402 392 403 393 409 399 402 392 409 399 408 398 403 393 399 389 405 395 403 393 405 395 409 399 405 395 404 394 410 400 405 395 410 400 411 401 404 394 406 396 412 402 404 394 412 402 410 400 406 396 407 397 413 403 406 396 413 403 412 402 407 397 408 398 414 404 407 397 414 404 413 403 408 398 409 399 415 405 408 398 415 405 414 404 409 399 405 395 411 401 409 399 411 401 415 405 374 364 375 365 416 406 375 365 378 368 416 406 378 368 380 370 416 406 380 370 382 372 416 406 382 372 384 374 416 406 384 374 374 364 416 406 410 400 411 401 417 407 412 402 410 400 417 407 413 403 412 402 417 407 414 404 413 403 417 407 415 405 414 404 417 407 411 401 415 405 417 407 418 408 419 409 420 410 418 408 420 410 421 411 419 409 422 412 423 413 419 409 423 413 420 410 422 412 424 414 425 415 422 412 425 415 423 413 424 414 418 408 421 411 424 414 421 411 425 415 421 411 420 410 426 416 421 411 426 416 427 417 420 410 423 413 428 418 420 410 428 418 426 416 423 413 425 415 429 419 423 413 429 419 428 418 425 415 421 411 427 417 425 415 427 417 429 419 430 420 431 421 432 422 430 420 432 422 433 423 431 421 434 424 435 425 431 421 435 425 432 422 434 424 436 426 437 427 434 424 437 427 435 425 436 426 430 420 433 423 436 426 433 423 437 427 433 423 432 422 438 428 433 423 438 428 439 423 432 422 435 425 440 429 432 422 440 429 438 428 435 425 437 427 441 427 435 425 441 427 440 429 437 427 433 423 439 423 437 427 439 423 441 427 442 430 443 431 444 431 442 430 444 431 445 432 443 431 446 433 447 434 443 431 447 434 444 431 446 433 448 435 449 436 446 433 449 436 447 434 448 435 442 430 445 432 448 435 445 432 449 436 445 432 444 431 450 437 445 432 450 437 451 438 444 431 447 434 452 439 444 431 452 439 450 437 447 434 449 436 453 440 447 434 453 440 452 439 449 436 445 432 451 438 449 436 451 438 453 440 454 441 455 442 456 443 454 441 456 443 457 444 455 442 458 445 459 446 455 442 459 446 456 443 458 445 460 447 461 448 458 445 461 448 459 446 460 447 454 441 457 444 460 447 457 444 461 448 457 444 456 443 462 449 457 444 462 449 463 450 456 443 459 446 464 451 456 443 464 451 462 449 459 446 461 448 465 452 459 446 465 452 464 451 461 448 457 444 463 450 461 448 463 450 465 452 466 453 467 454 468 455 466 453 468 455 469 456 467 454 470 457 471 458 467 454 471 458 468 455 470 457 472 459 473 460 470 457 473 460 471 458 472 459 466 453 469 456 472 459 469 456 473 460 469 456 468 455 474 455 469 456 474 455 475 461 468 455 471 458 476 462 468 455 476 462 474 455 471 458 473 460 477 463 471 458 477 463 476 462 473 460 469 456 475 461 473 460 475 461 477 463 478 464 479 465 480 466 478 464 480 466 481 467 479 465 482 468 483 469 479 465 483 469 480 466 482 468 484 470 485 471 482 468 485 471 483 469 484 470 478 464 481 467 484 470 481 467 485 471 481 467 480 466 486 472 481 467 486 472 487 467 480 466 483 469 488 473 480 466 488 473 486 472 483 469 485 471 489 474 483 469 489 474 488 473 485 471 481 467 487 467 485 471 487 467 489 474 490 475 491 476 492 477 490 475 492 477 493 478 491 476 494 479 495 480 491 476 495 480 492 477 494 479 496 481 497 482 494 479 497 482 495 480 496 481 498 483 499 484 496 481 499 484 497 482 498 483 500 485 501 486 498 483 501 486 499 484 500 485 490 475 493 478 500 485 493 478 501 486 493 478 492 477 502 487 493 478 502 487 503 488 492 477 495 480 504 489 492 477 504 489 502 487 495 480 497 482 505 490 495 480 505 490 504 489 497 482 499 484 506 491 497 482 506 491 505 490 499 484 501 486 507 492 499 484 507 492 506 491 501 486 493 478 503 488 501 486 503 488 507 492 503 488 502 487 508 493 503 488 508 493 509 494 502 487 504 489 510 495 502 487 510 495 508 493 504 489 505 490 511 496 504 489 511 496 510 495 505 490 506 491 512 497 505 490 512 497 511 496 506 491 507 492 513 498 506 491 513 498 512 497 507 492 503 488 509 494 507 492 509 494 513 498 509 494 508 493 514 499 509 494 514 499 515 500 508 493 510 495 516 501 508 493 516 501 514 499 510 495 511 496 517 502 510 495 517 502 516 501 511 496 512 497 518 503 511 496 518 503 517 502 512 497 513 498 519 504 512 497 519 504 518 503 513 498 509 494 515 500 513 498 515 500 519 504 515 500 514 499 520 505 515 500 520 505 521 506 514 499 516 501 522 507 514 499 522 507 520 505 516 501 517 502 523 508 516 501 523 508 522 507 517 502 518 503 524 509 517 502 524 509 523 508 518 503 519 504 525 510 518 503 525 510 524 509 519 504 515 500 521 506 519 504 521 506 525 510 521 506 520 505 526 511 521 506 526 511 527 512 520 505 522 507 528 513 520 505 528 513 526 511 522 507 523 508 529 514 522 507 529 514 528 513 523 508 524 509 530 515 523 508 530 515 529 514 524 509 525 510 531 516 524 509 531 516 530 515 525 510 521 506 527 512 525 510 527 512 531 516 490 475 491 476 532 517 491 476 494 479 532 517 494 479 496 481 532 517 496 481 498 483 532 517 498 483 500 485 532 517 500 485 490 475 532 517 526 511 527 512 533 518 528 513 526 511 533 518 529 514 528 513 533 518 530 515 529 514 533 518 531 516 530 515 533 518 527 512 531 516 533 518 534 519 535 520 536 521 534 519 536 521 537 522 535 520 538 523 539 524 535 520 539 524 536 521 538 523 540 525 541 526 538 523 541 526 539 524 540 525 534 519 537 522 540 525 537 522 541 526 537 522 536 521 542 527 537 522 542 527 543 528 536 521 539 524 544 529 536 521 544 529 542 527 539 524 541 526 545 530 539 524 545 530 544 529 541 526 537 522 543 528 541 526 543 528 545 530 546 531 547 532 548 533 546 531 548 533 549 534 547 532 550 535 551 536 547 532 551 536 548 533 550 535 552 537 553 538 550 535 553 538 551 536 552 537 546 531 549 534 552 537 549 534 553 538 549 534 548 533 554 539 549 534 554 539 555 540 548 533 551 536 556 536 548 533 556 536 554 539 551 536 553 538 557 538 551 536 557 538 556 536 553 538 549 534 555 540 553 538 555 540 557 538 558 541 559 542 560 543 558 541 560 543 561 544 559 542 562 545 563 546 559 542 563 546 560 543 562 545 564 547 565 548 562 545 565 548 563 546 564 547 558 541 561 544 564 547 561 544 565 548 561 544 560 543 566 549 561 544 566 549 567 550 560 543 563 546 568 551 560 543 568 551 566 549 563 546 565 548 569 552 563 546 569 552 568 551 565 548 561 544 567 550 565 548 567 550 569 552 570 553 571 554 572 555 570 553 572 555 573 556 571 554 574 557 575 558 571 554 575 558 572 555 574 557 576 559 577 560 574 557 577 560 575 558 576 559 570 553 573 556 576 559 573 556 577 560 573 556 572 555 578 561 573 556 578 561 579 562 572 555 575 558 580 563 572 555 580 563 578 561 575 558 577 560 581 564 575 558 581 564 580 563 577 560 573 556 579 562 577 560 579 562 581 564 582 565 583 566 584 567 582 565 584 567 585 568 583 566 586 569 587 570 583 566 587 570 584 567 586 569 588 571 589 572 586 569 589 572 587 570 588 571 590 573 591 574 588 571 591 574 589 572 590 573 592 575 593 576 590 573 593 576 591 574 592 575 582 565 585 568 592 575 585 568 593 576 585 568 584 567 594 577 585 568 594 577 595 578 584 567 587 570 596 579 584 567 596 579 594 577 587 570 589 572 597 580 587 570 597 580 596 579 589 572 591 574 598 581 589 572 598 581 597 580 591 574 593 576 599 582 591 574 599 582 598 581 593 576 585 568 595 578 593 576 595 578 599 582 595 578 594 577 600 583 595 578 600 583 601 584 594 577 596 579 602 585 594 577 602 585 600 583 596 579 597 580 603 586 596 579 603 586 602 585 597 580 598 581 604 587 597 580 604 587 603 586 598 581 599 582 605 588 598 581 605 588 604 587 599 582 595 578 601 584 599 582 601 584 605 588 601 584 600 583 606 589 601 584 606 589 607 590 600 583 602 585 608 591 600 583 608 591 606 589 602 585 603 586 609 592 602 585 609 592 608 591 603 586 604 587 610 593 603 586 610 593 609 592 604 587 605 588 611 594 604 587 611 594 610 593 605 588 601 584 607 590 605 588 607 590 611 594 607 590 606 589 612 595 607 590 612 595 613 596 606 589 608 591 614 597 606 589 614 597 612 595 608 591 609 592 615 598 608 591 615 598 614 597 609 592 610 593 616 599 609 592 616 599 615 598 610 593 611 594 617 600 610 593 617 600 616 599 611 594 607 590 613 596 611 594 613 596 617 600 613 596 612 595 618 601 613 596 618 601 619 602 612 595 614 597 620 603 612 595 620 603 618 601 614 597 615 598 621 604 614 597 621 604 620 603 615 598 616 599 622 605 615 598 622 605 621 604 616 599 617 600 623 606 616 599 623 606 622 605 617 600 613 596 619 602 617 600 619 602 623 606 582 565 583 566 624 607 583 566 586 569 624 607 586 569 588 571 624 607 588 571 590 573 624 607 590 573 592 575 624 607 592 575 582 565 624 607 618 601 619 602 625 608 620 603 618 601 625 608 621 604 620 603 625 608 622 605 621 604 625 608 623 606 622 605 625 608 619 602 623 606 625 608 626 609 627 610 628 610 626 609 628 610 629 611 627 610 630 612 631 613 627 610 631 613 628 610 630 612 632 614 633 615 630 612 633 615 631 613 632 614 626 609 629 611 632 614 629 611 633 615 629 611 628 610 634 616 629 611 634 616 635 617 628 610 631 613 636 618 628 610 636 618 634 616 631 613 633 615 637 619 631 613 637 619 636 618 633 615 629 611 635 617 633 615 635 617 637 619 638 620 639 621 640 621 638 620 640 621 641 622 639 621 642 623 643 624 639 621 643 624 640 621 642 623 644 625 645 625 642 623 645 625 643 624 644 625 638 620 641 622 644 625 641 622 645 625 641 622 640 621 646 626 641 622 646 626 647 627 640 621 643 624 648 624 640 621 648 624 646 626 643 624 645 625 649 628 643 624 649 628 648 624 645 625 641 622 647 627 645 625 647 627 649 628 650 629 651 630 652 631 650 629 652 631 653 632 651 630 654 633 655 634 651 630 655 634 652 631 654 633 656 635 657 636 654 633 657 636 655 634 656 635 650 629 653 632 656 635 653 632 657 636 653 632 652 631 658 637 653 632 658 637 659 638 652 631 655 634 660 639 652 631 660 639 658 637 655 634 657 636 661 640 655 634 661 640 660 639 657 636 653 632 659 638 657 636 659 638 661 640 662 641 663 642 664 642 662 641 664 642 665 643 663 642 666 644 667 645 663 642 667 645 664 642 666 644 668 646 669 647 666 644 669 647 667 645 668 646 662 641 665 643 668 646 665 643 669 647 665 643 664 642 670 648 665 643 670 648 671 643 664 642 667 645 672 645 664 642 672 645 670 648 667 645 669 647 673 649 667 645 673 649 672 645 669 647 665 643 671 643 669 647 671 643 673 649 674 650 675 651 676 652 674 650 676 652 677 653 675 651 678 654 679 655 675 651 679 655 676 652 678 654 680 656 681 657 678 654 681 657 679 655 680 656 674 650 677 653 680 656 677 653 681 657 677 653 676 652 682 658 677 653 682 658 683 659 676 652 679 655 684 660 676 652 684 660 682 658 679 655 681 657 685 661 679 655 685 661 684 660 681 657 677 653 683 659 681 657 683 659 685 661 686 662 687 663 688 664 686 662 688 664 689 665 687 663 690 666 691 667 687 663 691 667 688 664 690 666 692 668 693 669 690 666 693 669 691 667 692 668 694 670 695 671 692 668 695 671 693 669 694 670 696 672 697 673 694 670 697 673 695 671 696 672 686 662 689 665 696 672 689 665 697 673 689 665 688 664 698 674 689 665 698 674 699 675 688 664 691 667 700 676 688 664 700 676 698 674 691 667 693 669 701 677 691 667 701 677 700 676 693 669 695 671 702 678 693 669 702 678 701 677 695 671 697 673 703 679 695 671 703 679 702 678 697 673 689 665 699 675 697 673 699 675 703 679 699 675 698 674 704 680 699 675 704 680 705 681 698 674 700 676 706 682 698 674 706 682 704 680 700 676 701 677 707 683 700 676 707 683 706 682 701 677 702 678 708 684 701 677 708 684 707 683 702 678 703 679 709 685 702 678 709 685 708 684 703 679 699 675 705 681 703 679 705 681 709 685 705 681 704 680 710 686 705 681 710 686 711 687 704 680 706 682 712 688 704 680 712 688 710 686 706 682 707 683 713 689 706 682 713 689 712 688 707 683 708 684 714 690 707 683 714 690 713 689 708 684 709 685 715 691 708 684 715 691 714 690 709 685 705 681 711 687 709 685 711 687 715 691 711 687 710 686 716 692 711 687 716 692 717 693 710 686 712 688 718 694 710 686 718 694 716 692 712 688 713 689 719 695 712 688 719 695 718 694 713 689 714 690 720 696 713 689 720 696 719 695 714 690 715 691 721 697 714 690 721 697 720 696 715 691 711 687 717 693 715 691 717 693 721 697 717 693 716 692 722 698 717 693 722 698 723 699 716 692 718 694 724 700 716 692 724 700 722 698 718 694 719 695 725 701 718 694 725 701 724 700 719 695 720 696 726 702 719 695 726 702 725 701 720 696 721 697 727 703 720 696 727 703 726 702 721 697 717 693 723 699 721 697 723 699 727 703 686 662 687 663 728 704 687 663 690 666 728 704 690 666 692 668 728 704 692 668 694 670 728 704 694 670 696 672 728 704 696 672 686 662 728 704 722 698 723 699 729 705 724 700 722 698 729 705 725 701 724 700 729 705 726 702 725 701 729 705 727 703 726 702 729 705 723 699 727 703 729 705 730 706 731 707 732 708 730 706 732 708 733 709 731 707 734 710 735 711 731 707 735 711 732 708 734 710 736 712 737 712 734 710 737 712 735 711 736 712 730 706 733 709 736 712 733 709 737 712 733 709 732 708 738 713 733 709 738 713 739 709 732 708 735 711 740 711 732 708 740 711 738 713 735 711 737 712 741 714 735 711 741 714 740 711 737 712 733 709 739 709 737 712 739 709 741 714 742 715 743 716 744 717 742 715 744 717 745 718 743 716 746 719 747 720 743 716 747 720 744 717 746 719 748 721 749 722 746 719 749 722 747 720 748 721 742 715 745 718 748 721 745 718 749 722 745 718 744 717 750 723 745 718 750 723 751 724 744 717 747 720 752 725 744 717 752 725 750 723 747 720 749 722 753 722 747 720 753 722 752 725 749 722 745 718 751 724 749 722 751 724 753 722 754 726 755 727 756 728 754 726 756 728 757 729 755 727 758 730 759 731 755 727 759 731 756 728 758 730 760 732 761 733 758 730 761 733 759 731 760 732 754 726 757 729 760 732 757 729 761 733 757 729 756 728 762 734 757 729 762 734 763 735 756 728 759 731 764 736 756 728 764 736 762 734 759 731 761 733 765 737 759 731 765 737 764 736 761 733 757 729 763 735 761 733 763 735 765 737 766 738 767 739 768 740 766 738 768 740 769 741 767 739 770 742 771 743 767 739 771 743 768 740 770 742 772 744 773 744 770 742 773 744 771 743 772 744 766 738 769 741 772 744 769 741 773 744 769 741 768 740 774 740 769 741 774 740 775 745 768 740 771 743 776 746 768 740 776 746 774 740 771 743 773 744 777 747 771 743 777 747 776 746 773 744 769 741 775 745 773 744 775 745 777 747 778 748 779 749 780 750 778 748 780 750 781 751 779 749 782 752 783 753 779 749 783 753 780 750 782 752 784 754 785 755 782 752 785 755 783 753 784 754 778 748 781 751 784 754 781 751 785 755 781 751 780 750 786 756 781 751 786 756 787 757 780 750 783 753 788 758 780 750 788 758 786 756 783 753 785 755 789 759 783 753 789 759 788 758 785 755 781 751 787 757 785 755 787 757 789 759 790 760 791 761 792 762 790 760 792 762 793 763 791 761 794 764 795 764 791 761 795 764 792 762 794 764 796 765 797 766 794 764 797 766 795 764 796 765 790 760 793 763 796 765 793 763 797 766 793 763 792 762 798 767 793 763 798 767 799 768 792 762 795 764 800 769 792 762 800 769 798 767 795 764 797 766 801 770 795 764 801 770 800 769 797 766 793 763 799 768 797 766 799 768 801 770 802 771 803 772 804 773 802 771 804 773 805 774 803 772 806 775 807 776 803 772 807 776 804 773 806 775 808 777 809 778 806 775 809 778 807 776 808 777 810 779 811 780 808 777 811 780 809 778 810 779 812 781 813 782 810 779 813 782 811 780 812 781 802 771 805 774 812 781 805 774 813 782 805 774 804 773 814 783 805 774 814 783 815 784 804 773 807 776 816 785 804 773 816 785 814 783 807 776 809 778 817 786 807 776 817 786 816 785 809 778 811 780 818 787 809 778 818 787 817 786 811 780 813 782 819 788 811 780 819 788 818 787 813 782 805 774 815 784 813 782 815 784 819 788 815 784 814 783 820 789 815 784 820 789 821 790 814 783 816 785 822 791 814 783 822 791 820 789 816 785 817 786 823 792 816 785 823 792 822 791 817 786 818 787 824 793 817 786 824 793 823 792 818 787 819 788 825 794 818 787 825 794 824 793 819 788 815 784 821 790 819 788 821 790 825 794 821 790 820 789 826 795 821 790 826 795 827 796 820 789 822 791 828 797 820 789 828 797 826 795 822 791 823 792 829 798 822 791 829 798 828 797 823 792 824 793 830 799 823 792 830 799 829 798 824 793 825 794 831 800 824 793 831 800 830 799 825 794 821 790 827 796 825 794 827 796 831 800 827 796 826 795 832 801 827 796 832 801 833 802 826 795 828 797 834 803 826 795 834 803 832 801 828 797 829 798 835 804 828 797 835 804 834 803 829 798 830 799 836 805 829 798 836 805 835 804 830 799 831 800 837 806 830 799 837 806 836 805 831 800 827 796 833 802 831 800 833 802 837 806 833 802 832 801 838 807 833 802 838 807 839 808 832 801 834 803 840 809 832 801 840 809 838 807 834 803 835 804 841 810 834 803 841 810 840 809 835 804 836 805 842 811 835 804 842 811 841 810 836 805 837 806 843 812 836 805 843 812 842 811 837 806 833 802 839 808 837 806 839 808 843 812 802 771 803 772 844 813 803 772 806 775 844 813 806 775 808 777 844 813 808 777 810 779 844 813 810 779 812 781 844 813 812 781 802 771 844 813 838 807 839 808 845 814 840 809 838 807 845 814 841 810 840 809 845 814 842 811 841 810 845 814 843 812 842 811 845 814 839 808 843 812 845 814 846 815 847 816 848 817 846 815 848 817 849 818 847 816 850 819 851 820 847 816 851 820 848 817 850 819 852 821 853 822 850 819 853 822 851 820 852 821 846 815 849 818 852 821 849 818 853 822 849 818 848 817 854 823 849 818 854 823 855 824 848 817 851 820 856 825 848 817 856 825 854 823 851 820 853 822 857 826 851 820 857 826 856 825 853 822 849 818 855 824 853 822 855 824 857 826 858 827 859 828 860 829 858 827 860 829 861 830 859 828 862 831 863 831 859 828 863 831 860 829 862 831 864 832 865 833 862 831 865 833 863 831 864 832 858 827 861 830 864 832 861 830 865 833 861 830 860 829 866 834 861 830 866 834 867 835 860 829 863 831 868 836 860 829 868 836 866 834 863 831 865 833 869 837 863 831 869 837 868 836 865 833 861 830 867 835 865 833 867 835 869 837 870 838 871 839 872 840 870 838 872 840 873 841 871 839 874 842 875 842 871 839 875 842 872 840 874 842 876 843 877 844 874 842 877 844 875 842 876 843 870 838 873 841 876 843 873 841 877 844 873 841 872 840 878 845 873 841 878 845 879 846 872 840 875 842 880 847 872 840 880 847 878 845 875 842 877 844 881 848 875 842 881 848 880 847 877 844 873 841 879 846 877 844 879 846 881 848 882 849 883 850 884 851 882 849 884 851 885 852 883 850 886 853 887 853 883 850 887 853 884 851 886 853 888 854 889 855 886 853 889 855 887 853 888 854 882 849 885 852 888 854 885 852 889 855 885 852 884 851 890 851 885 852 890 851 891 856 884 851 887 853 892 857 884 851 892 857 890 851 887 853 889 855 893 858 887 853 893 858 892 857 889 855 885 852 891 856 889 855 891 856 893 858 894 859 895 860 896 861 894 859 896 861 897 862 895 860 898 863 899 864 895 860 899 864 896 861 898 863 900 865 901 866 898 863 901 866 899 864 900 865 894 859 897 862 900 865 897 862 901 866 897 862 896 861 902 867 897 862 902 867 903 868 896 861 899 864 904 869 896 861 904 869 902 867 899 864 901 866 905 866 899 864 905 866 904 869 901 866 897 862 903 868 901 866 903 868 905 866 906 870 907 871 908 871 906 870 908 871 909 872 907 871 910 873 911 874 907 871 911 874 908 871 910 873 912 875 913 876 910 873 913 876 911 874 912 875 906 870 909 872 912 875 909 872 913 876 909 872 908 871 914 877 909 872 914 877 915 878 908 871 911 874 916 879 908 871 916 879 914 877 911 874 913 876 917 876 911 874 917 876 916 879 913 876 909 872 915 878 913 876 915 878 917 876 918 880 919 881 920 882 918 880 920 882 921 883 919 881 922 884 923 885 919 881 923 885 920 882 922 884 924 886 925 887 922 884 925 887 923 885 924 886 918 880 921 883 924 886 921 883 925 887 921 883 920 882 926 888 921 883 926 888 927 883 920 882 923 885 928 889 920 882 928 889 926 888 923 885 925 887 929 890 923 885 929 890 928 889 925 887 921 883 927 883 925 887 927 883 929 890 930 891 931 892 932 893 930 891 932 893 933 894 931 892 934 895 935 896 931 892 935 896 932 893 934 895 936 897 937 897 934 895 937 897 935 896 936 897 930 891 933 894 936 897 933 894 937 897 933 894 932 893 938 898 933 894 938 898 939 899 932 893 935 896 940 900 932 893 940 900 938 898 935 896 937 897 941 901 935 896 941 901 940 900 937 897 933 894 939 899 937 897 939 899 941 901 938 898 939 899 942 902 940 900 938 898 942 902 941 901 940 900 942 902 939 899 941 901 942 902 943 903 944 904 945 905 943 903 945 905 946 906 944 904 947 907 948 908 944 904 948 908 945 905 947 907 949 909 950 910 947 907 950 910 948 908 949 909 951 911 952 912 949 909 952 912 950 910 951 911 953 913 954 914 951 911 954 914 952 912 953 913 943 903 946 906 953 913 946 906 954 914 946 906 945 905 955 915 946 906 955 915 956 916 945 905 948 908 957 917 945 905 957 917 955 915 948 908 950 910 958 918 948 908 958 918 957 917 950 910 952 912 959 919 950 910 959 919 958 918 952 912 954 914 960 920 952 912 960 920 959 919 954 914 946 906 956 916 954 914 956 916 960 920 956 916 955 915 961 921 956 916 961 921 962 922 955 915 957 917 963 923 955 915 963 923 961 921 957 917 958 918 964 924 957 917 964 924 963 923 958 918 959 919 965 925 958 918 965 925 964 924 959 919 960 920 966 926 959 919 966 926 965 925 960 920 956 916 962 922 960 920 962 922 966 926 962 922 961 921 967 927 962 922 967 927 968 928 961 921 963 923 969 929 961 921 969 929 967 927 963 923 964 924 970 930 963 923 970 930 969 929 964 924 965 925 971 931 964 924 971 931 970 930 965 925 966 926 972 932 965 925 972 932 971 931 966 926 962 922 968 928 966 926 968 928 972 932 968 928 967 927 973 933 968 928 973 933 974 934 967 927 969 929 975 935 967 927 975 935 973 933 969 929 970 930 976 936 969 929 976 936 975 935 970 930 971 931 977 937 970 930 977 937 976 936 971 931 972 932 978 938 971 931 978 938 977 937 972 932 968 928 974 934 972 932 974 934 978 938 974 934 973 933 979 939 974 934 979 939 980 940 973 933 975 935 981 941 973 933 981 941 979 939 975 935 976 936 982 942 975 935 982 942 981 941 976 936 977 937 983 943 976 936 983 943 982 942 977 937 978 938 984 944 977 937 984 944 983 943 978 938 974 934 980 940 978 938 980 940 984 944 943 903 944 904 985 945 944 904 947 907 985 945 947 907 949 909 985 945 949 909 951 911 985 945 951 911 953 913 985 945 953 913 943 903 985 945 979 939 980 940 986 946 981 941 979 939 986 946 982 942 981 941 986 946 983 943 982 942 986 946 984 944 983 943 986 946 980 940 984 944 986 946 987 947 988 948 989 949 987 947 989 949 990 950 988 948 991 951 992 952 988 948 992 952 989 949 991 951 993 953 994 954 991 951 994 954 992 952 993 953 987 947 990 950 993 953 990 950 994 954 990 950 989 949 995 955 990 950 995 955 996 956 989 949 992 952 997 957 989 949 997 957 995 955 992 952 994 954 998 958 992 952 998 958 997 957 994 954 990 950 996 956 994 954 996 956 998 958 999 959 1000 960 1001 961 999 959 1001 961 1002 962 1000 960 1003 963 1004 964 1000 960 1004 964 1001 961 1003 963 1005 965 1006 966 1003 963 1006 966 1004 964 1005 965 999 959 1002 962 1005 965 1002 962 1006 966 1002 962 1001 961 1007 961 1002 962 1007 961 1008 967 1001 961 1004 964 1009 968 1001 961 1009 968 1007 961 1004 964 1006 966 1010 969 1004 964 1010 969 1009 968 1006 966 1002 962 1008 967 1006 966 1008 967 1010 969 1011 970 1012 971 1013 972 1011 970 1013 972 1014 973 1012 971 1015 974 1016 975 1012 971 1016 975 1013 972 1015 974 1017 976 1018 977 1015 974 1018 977 1016 975 1017 976 1011 970 1014 973 1017 976 1014 973 1018 977 1014 973 1013 972 1019 978 1014 973 1019 978 1020 979 1013 972 1016 975 1021 980 1013 972 1021 980 1019 978 1016 975 1018 977 1022 981 1016 975 1022 981 1021 980 1018 977 1014 973 1020 979 1018 977 1020 979 1022 981 1023 982 1024 983 1025 984 1023 982 1025 984 1026 985 1024 983 1027 986 1028 986 1024 983 1028 986 1025 984 1027 986 1029 987 1030 988 1027 986 1030 988 1028 986 1029 987 1023 982 1026 985 1029 987 1026 985 1030 988 1026 985 1025 984 1031 984 1026 985 1031 984 1032 985 1025 984 1028 986 1033 989 1025 984 1033 989 1031 984 1028 986 1030 988 1034 990 1028 986 1034 990 1033 989 1030 988 1026 985 1032 985 1030 988 1032 985 1034 990 1035 991 1036 992 1037 993 1035 991 1037 993 1038 994 1036 992 1039 995 1040 996 1036 992 1040 996 1037 993 1039 995 1041 997 1042 998 1039 995 1042 998 1040 996 1041 997 1035 991 1038 994 1041 997 1038 994 1042 998 1038 994 1037 993 1043 993 1038 994 1043 993 1044 999 1037 993 1040 996 1045 1000 1037 993 1045 1000 1043 993 1040 996 1042 998 1046 1001 1040 996 1046 1001 1045 1000 1042 998 1038 994 1044 999 1042 998 1044 999 1046 1001 1047 1002 1048 1003 1049 1004 1047 1002 1049 1004 1050 1005 1048 1003 1051 1006 1052 1007 1048 1003 1052 1007 1049 1004 1051 1006 1053 1008 1054 1009 1051 1006 1054 1009 1052 1007 1053 1008 1055 1010 1056 1011 1053 1008 1056 1011 1054 1009 1055 1010 1057 1012 1058 1013 1055 1010 1058 1013 1056 1011 1057 1012 1047 1002 1050 1005 1057 1012 1050 1005 1058 1013 1050 1005 1049 1004 1059 1014 1050 1005 1059 1014 1060 1015 1049 1004 1052 1007 1061 1016 1049 1004 1061 1016 1059 1014 1052 1007 1054 1009 1062 1017 1052 1007 1062 1017 1061 1016 1054 1009 1056 1011 1063 1018 1054 1009 1063 1018 1062 1017 1056 1011 1058 1013 1064 1019 1056 1011 1064 1019 1063 1018 1058 1013 1050 1005 1060 1015 1058 1013 1060 1015 1064 1019 1060 1015 1059 1014 1065 1020 1060 1015 1065 1020 1066 1021 1059 1014 1061 1016 1067 1022 1059 1014 1067 1022 1065 1020 1061 1016 1062 1017 1068 1023 1061 1016 1068 1023 1067 1022 1062 1017 1063 1018 1069 1024 1062 1017 1069 1024 1068 1023 1063 1018 1064 1019 1070 1025 1063 1018 1070 1025 1069 1024 1064 1019 1060 1015 1066 1021 1064 1019 1066 1021 1070 1025 1066 1021 1065 1020 1071 1026 1066 1021 1071 1026 1072 1027 1065 1020 1067 1022 1073 1028 1065 1020 1073 1028 1071 1026 1067 1022 1068 1023 1074 1029 1067 1022 1074 1029 1073 1028 1068 1023 1069 1024 1075 1030 1068 1023 1075 1030 1074 1029 1069 1024 1070 1025 1076 1031 1069 1024 1076 1031 1075 1030 1070 1025 1066 1021 1072 1027 1070 1025 1072 1027 1076 1031 1072 1027 1071 1026 1077 1032 1072 1027 1077 1032 1078 1033 1071 1026 1073 1028 1079 1034 1071 1026 1079 1034 1077 1032 1073 1028 1074 1029 1080 1035 1073 1028 1080 1035 1079 1034 1074 1029 1075 1030 1081 1036 1074 1029 1081 1036 1080 1035 1075 1030 1076 1031 1082 1037 1075 1030 1082 1037 1081 1036 1076 1031 1072 1027 1078 1033 1076 1031 1078 1033 1082 1037 1078 1033 1077 1032 1083 1038 1078 1033 1083 1038 1084 1039 1077 1032 1079 1034 1085 1040 1077 1032 1085 1040 1083 1038 1079 1034 1080 1035 1086 1041 1079 1034 1086 1041 1085 1040 1080 1035 1081 1036 1087 1042 1080 1035 1087 1042 1086 1041 1081 1036 1082 1037 1088 1043 1081 1036 1088 1043 1087 1042 1082 1037 1078 1033 1084 1039 1082 1037 1084 1039 1088 1043 1047 1002 1048 1003 1089 1044 1048 1003 1051 1006 1089 1044 1051 1006 1053 1008 1089 1044 1053 1008 1055 1010 1089 1044 1055 1010 1057 1012 1089 1044 1057 1012 1047 1002 1089 1044 1083 1038 1084 1039 1090 1045 1085 1040 1083 1038 1090 1045 1086 1041 1085 1040 1090 1045 1087 1042 1086 1041 1090 1045 1088 1043 1087 1042 1090 1045 1084 1039 1088 1043 1090 1045 1091 1046 1092 1047 1093 1048 1091 1046 1093 1048 1094 1049 1092 1047 1095 1050 1096 1051 1092 1047 1096 1051 1093 1048 1095 1050 1097 1052 1098 1052 1095 1050 1098 1052 1096 1051 1097 1052 1091 1046 1094 1049 1097 1052 1094 1049 1098 1052 1094 1049 1093 1048 1099 1053 1094 1049 1099 1053 1100 1054 1093 1048 1096 1051 1101 1055 1093 1048 1101 1055 1099 1053 1096 1051 1098 1052 1102 1056 1096 1051 1102 1056 1101 1055 1098 1052 1094 1049 1100 1054 1098 1052 1100 1054 1102 1056 1103 1057 1104 1058 1105 1059 1103 1057 1105 1059 1106 1060 1104 1058 1107 1061 1108 1062 1104 1058 1108 1062 1105 1059 1107 1061 1109 1063 1110 1064 1107 1061 1110 1064 1108 1062 1109 1063 1103 1057 1106 1060 1109 1063 1106 1060 1110 1064 1106 1060 1105 1059 1111 1059 1106 1060 1111 1059 1112 1065 1105 1059 1108 1062 1113 1066 1105 1059 1113 1066 1111 1059 1108 1062 1110 1064 1114 1064 1108 1062 1114 1064 1113 1066 1110 1064 1106 1060 1112 1065 1110 1064 1112 1065 1114 1064 1115 1067 1116 1068 1117 1069 1115 1067 1117 1069 1118 1070 1116 1068 1119 1071 1120 1072 1116 1068 1120 1072 1117 1069 1119 1071 1121 1073 1122 1074 1119 1071 1122 1074 1120 1072 1121 1073 1115 1067 1118 1070 1121 1073 1118 1070 1122 1074 1118 1070 1117 1069 1123 1075 1118 1070 1123 1075 1124 1076 1117 1069 1120 1072 1125 1077 1117 1069 1125 1077 1123 1075 1120 1072 1122 1074 1126 1078 1120 1072 1126 1078 1125 1077 1122 1074 1118 1070 1124 1076 1122 1074 1124 1076 1126 1078 1127 1079 1128 1080 1129 1080 1127 1079 1129 1080 1130 1081 1128 1080 1131 1082 1132 1083 1128 1080 1132 1083 1129 1080 1131 1082 1133 1084 1134 1085 1131 1082 1134 1085 1132 1083 1133 1084 1127 1079 1130 1081 1133 1084 1130 1081 1134 1085 1130 1081 1129 1080 1135 1086 1130 1081 1135 1086 1136 1087 1129 1080 1132 1083 1137 1083 1129 1080 1137 1083 1135 1086 1132 1083 1134 1085 1138 1088 1132 1083 1138 1088 1137 1083 1134 1085 1130 1081 1136 1087 1134 1085 1136 1087 1138 1088 1139 1089 1140 1090 1141 1090 1139 1089 1141 1090 1142 1091 1140 1090 1143 1092 1144 1093 1140 1090 1144 1093 1141 1090 1143 1092 1145 1094 1146 1095 1143 1092 1146 1095 1144 1093 1145 1094 1139 1089 1142 1091 1145 1094 1142 1091 1146 1095 1142 1091 1141 1090 1147 1096 1142 1091 1147 1096 1148 1097 1141 1090 1144 1093 1149 1098 1141 1090 1149 1098 1147 1096 1144 1093 1146 1095 1150 1099 1144 1093 1150 1099 1149 1098 1146 1095 1142 1091 1148 1097 1146 1095 1148 1097 1150 1099 1151 1100 1152 1101 1153 1102 1151 1100 1153 1102 1154 1103 1152 1101 1155 1104 1156 1105 1152 1101 1156 1105 1153 1102 1155 1104 1157 1106 1158 1107 1155 1104 1158 1107 1156 1105 1157 1106 1151 1100 1154 1103 1157 1106 1154 1103 1158 1107 1154 1103 1153 1102 1159 1108 1154 1103 1159 1108 1160 1109 1153 1102 1156 1105 1161 1110 1153 1102 1161 1110 1159 1108 1156 1105 1158 1107 1162 1111 1156 1105 1162 1111 1161 1110 1158 1107 1154 1103 1160 1109 1158 1107 1160 1109 1162 1111 1163 1112 1164 1113 1165 1114 1163 1112 1165 1114 1166 1115 1164 1113 1167 1116 1168 1117 1164 1113 1168 1117 1165 1114 1167 1116 1169 1118 1170 1119 1167 1116 1170 1119 1168 1117 1169 1118 1163 1112 1166 1115 1169 1118 1166 1115 1170 1119 1166 1115 1165 1114 1171 1120 1166 1115 1171 1120 1172 1121 1165 1114 1168 1117 1173 1122 1165 1114 1173 1122 1171 1120 1168 1117 1170 1119 1174 1123 1168 1117 1174 1123 1173 1122 1170 1119 1166 1115 1172 1121 1170 1119 1172 1121 1174 1123 1171 1120 1172 1121 1175 1124 1173 1122 1171 1120 1175 1124 1174 1123 1173 1122 1175 1124 1172 1121 1174 1123 1175 1124 1176 1125 1177 1126 1178 1127 1176 1125 1178 1127 1179 1128 1177 1126 1180 1129 1181 1130 1177 1126 1181 1130 1178 1127 1180 1129 1182 1131 1183 1132 1180 1129 1183 1132 1181 1130 1182 1131 1184 1133 1185 1134 1182 1131 1185 1134 1183 1132 1184 1133 1186 1135 1187 1136 1184 1133 1187 1136 1185 1134 1186 1135 1176 1125 1179 1128 1186 1135 1179 1128 1187 1136 1179 1128 1178 1127 1188 1137 1179 1128 1188 1137 1189 1138 1178 1127 1181 1130 1190 1139 1178 1127 1190 1139 1188 1137 1181 1130 1183 1132 1191 1140 1181 1130 1191 1140 1190 1139 1183 1132 1185 1134 1192 1141 1183 1132 1192 1141 1191 1140 1185 1134 1187 1136 1193 1142 1185 1134 1193 1142 1192 1141 1187 1136 1179 1128 1189 1138 1187 1136 1189 1138 1193 1142 1189 1138 1188 1137 1194 1143 1189 1138 1194 1143 1195 1144 1188 1137 1190 1139 1196 1145 1188 1137 1196 1145 1194 1143 1190 1139 1191 1140 1197 1146 1190 1139 1197 1146 1196 1145 1191 1140 1192 1141 1198 1147 1191 1140 1198 1147 1197 1146 1192 1141 1193 1142 1199 1148 1192 1141 1199 1148 1198 1147 1193 1142 1189 1138 1195 1144 1193 1142 1195 1144 1199 1148 1195 1144 1194 1143 1200 1149 1195 1144 1200 1149 1201 1150 1194 1143 1196 1145 1202 1151 1194 1143 1202 1151 1200 1149 1196 1145 1197 1146 1203 1152 1196 1145 1203 1152 1202 1151 1197 1146 1198 1147 1204 1153 1197 1146 1204 1153 1203 1152 1198 1147 1199 1148 1205 1154 1198 1147 1205 1154 1204 1153 1199 1148 1195 1144 1201 1150 1199 1148 1201 1150 1205 1154 1201 1150 1200 1149 1206 1155 1201 1150 1206 1155 1207 1156 1200 1149 1202 1151 1208 1157 1200 1149 1208 1157 1206 1155 1202 1151 1203 1152 1209 1158 1202 1151 1209 1158 1208 1157 1203 1152 1204 1153 1210 1159 1203 1152 1210 1159 1209 1158 1204 1153 1205 1154 1211 1160 1204 1153 1211 1160 1210 1159 1205 1154 1201 1150 1207 1156 1205 1154 1207 1156 1211 1160 1207 1156 1206 1155 1212 1161 1207 1156 1212 1161 1213 1162 1206 1155 1208 1157 1214 1163 1206 1155 1214 1163 1212 1161 1208 1157 1209 1158 1215 1164 1208 1157 1215 1164 1214 1163 1209 1158 1210 1159 1216 1165 1209 1158 1216 1165 1215 1164 1210 1159 1211 1160 1217 1166 1210 1159 1217 1166 1216 1165 1211 1160 1207 1156 1213 1162 1211 1160 1213 1162 1217 1166 1176 1125 1177 1126 1218 1167 1177 1126 1180 1129 1218 1167 1180 1129 1182 1131 1218 1167 1182 1131 1184 1133 1218 1167 1184 1133 1186 1135 1218 1167 1186 1135 1176 1125 1218 1167 1212 1161 1213 1162 1219 1168 1214 1163 1212 1161 1219 1168 1215 1164 1214 1163 1219 1168 1216 1165 1215 1164 1219 1168 1217 1166 1216 1165 1219 1168 1213 1162 1217 1166 1219 1168 1220 1169 1221 1170 1222 1171 1220 1169 1222 1171 1223 1172 1221 1170 1224 1173 1225 1174 1221 1170 1225 1174 1222 1171 1224 1173 1226 1175 1227 1176 1224 1173 1227 1176 1225 1174 1226 1175 1220 1169 1223 1172 1226 1175 1223 1172 1227 1176 1223 1172 1222 1171 1228 1177 1223 1172 1228 1177 1229 1172 1222 1171 1225 1174 1230 1178 1222 1171 1230 1178 1228 1177 1225 1174 1227 1176 1231 1179 1225 1174 1231 1179 1230 1178 1227 1176 1223 1172 1229 1172 1227 1176 1229 1172 1231 1179 1232 1180 1233 1181 1234 1182 1232 1180 1234 1182 1235 1180 1233 1181 1236 1183 1237 1184 1233 1181 1237 1184 1234 1182 1236 1183 1238 1185 1239 1185 1236 1183 1239 1185 1237 1184 1238 1185 1232 1180 1235 1180 1238 1185 1235 1180 1239 1185 1235 1180 1234 1182 1240 1186 1235 1180 1240 1186 1241 1187 1234 1182 1237 1184 1242 1184 1234 1182 1242 1184 1240 1186 1237 1184 1239 1185 1243 1188 1237 1184 1243 1188 1242 1184 1239 1185 1235 1180 1241 1187 1239 1185 1241 1187 1243 1188 1244 1189 1245 1190 1246 1190 1244 1189 1246 1190 1247 1191 1245 1190 1248 1192 1249 1192 1245 1190 1249 1192 1246 1190 1248 1192 1250 1193 1251 1194 1248 1192 1251 1194 1249 1192 1250 1193 1244 1189 1247 1191 1250 1193 1247 1191 1251 1194 1247 1191 1246 1190 1252 1195 1247 1191 1252 1195 1253 1196 1246 1190 1249 1192 1254 1197 1246 1190 1254 1197 1252 1195 1249 1192 1251 1194 1255 1194 1249 1192 1255 1194 1254 1197 1251 1194 1247 1191 1253 1196 1251 1194 1253 1196 1255 1194 1256 1198 1257 1199 1258 1200 1256 1198 1258 1200 1259 1198 1257 1199 1260 1201 1261 1202 1257 1199 1261 1202 1258 1200 1260 1201 1262 1203 1263 1204 1260 1201 1263 1204 1261 1202 1262 1203 1256 1198 1259 1198 1262 1203 1259 1198 1263 1204 1259 1198 1258 1200 1264 1205 1259 1198 1264 1205 1265 1206 1258 1200 1261 1202 1266 1207 1258 1200 1266 1207 1264 1205 1261 1202 1263 1204 1267 1208 1261 1202 1267 1208 1266 1207 1263 1204 1259 1198 1265 1206 1263 1204 1265 1206 1267 1208 1268 1209 1269 1210 1270 1211 1268 1209 1270 1211 1271 1212 1269 1210 1272 1213 1273 1214 1269 1210 1273 1214 1270 1211 1272 1213 1274 1215 1275 1215 1272 1213 1275 1215 1273 1214 1274 1215 1268 1209 1271 1212 1274 1215 1271 1212 1275 1215 1271 1212 1270 1211 1276 1216 1271 1212 1276 1216 1277 1217 1270 1211 1273 1214 1278 1218 1270 1211 1278 1218 1276 1216 1273 1214 1275 1215 1279 1219 1273 1214 1279 1219 1278 1218 1275 1215 1271 1212 1277 1217 1275 1215 1277 1217 1279 1219 1280 1220 1281 1221 1282 1222 1280 1220 1282 1222 1283 1223 1281 1221 1284 1224 1285 1225 1281 1221 1285 1225 1282 1222 1284 1224 1286 1226 1287 1227 1284 1224 1287 1227 1285 1225 1286 1226 1280 1220 1283 1223 1286 1226 1283 1223 1287 1227 1283 1223 1282 1222 1288 1228 1283 1223 1288 1228 1289 1229 1282 1222 1285 1225 1290 1230 1282 1222 1290 1230 1288 1228 1285 1225 1287 1227 1291 1231 1285 1225 1291 1231 1290 1230 1287 1227 1283 1223 1289 1229 1287 1227 1289 1229 1291 1231 1292 1232 1293 1233 1294 1234 1292 1232 1294 1234 1295 1235 1293 1233 1296 1236 1297 1237 1293 1233 1297 1237 1294 1234 1296 1236 1298 1238 1299 1239 1296 1236 1299 1239 1297 1237 1298 1238 1292 1232 1295 1235 1298 1238 1295 1235 1299 1239 1295 1235 1294 1234 1300 1240 1295 1235 1300 1240 1301 1241 1294 1234 1297 1237 1302 1242 1294 1234 1302 1242 1300 1240 1297 1237 1299 1239 1303 1243 1297 1237 1303 1243 1302 1242 1299 1239 1295 1235 1301 1241 1299 1239 1301 1241 1303 1243 1300 1240 1301 1241 1304 1244 1302 1242 1300 1240 1304 1244 1303 1243 1302 1242 1304 1244 1301 1241 1303 1243 1304 1244 1305 1245 1306 1246 1307 1247 1305 1245 1307 1247 1308 1248 1306 1246 1309 1249 1310 1250 1306 1246 1310 1250 1307 1247 1309 1249 1311 1251 1312 1252 1309 1249 1312 1252 1310 1250 1311 1251 1313 1253 1314 1254 1311 1251 1314 1254 1312 1252 1313 1253 1315 1255 1316 1256 1313 1253 1316 1256 1314 1254 1315 1255 1305 1245 1308 1248 1315 1255 1308 1248 1316 1256 1308 1248 1307 1247 1317 1257 1308 1248 1317 1257 1318 1258 1307 1247 1310 1250 1319 1259 1307 1247 1319 1259 1317 1257 1310 1250 1312 1252 1320 1260 1310 1250 1320 1260 1319 1259 1312 1252 1314 1254 1321 1261 1312 1252 1321 1261 1320 1260 1314 1254 1316 1256 1322 1262 1314 1254 1322 1262 1321 1261 1316 1256 1308 1248 1318 1258 1316 1256 1318 1258 1322 1262 1318 1258 1317 1257 1323 1263 1318 1258 1323 1263 1324 1264 1317 1257 1319 1259 1325 1265 1317 1257 1325 1265 1323 1263 1319 1259 1320 1260 1326 1266 1319 1259 1326 1266 1325 1265 1320 1260 1321 1261 1327 1267 1320 1260 1327 1267 1326 1266 1321 1261 1322 1262 1328 1268 1321 1261 1328 1268 1327 1267 1322 1262 1318 1258 1324 1264 1322 1262 1324 1264 1328 1268 1324 1264 1323 1263 1329 1269 1324 1264 1329 1269 1330 1270 1323 1263 1325 1265 1331 1271 1323 1263 1331 1271 1329 1269 1325 1265 1326 1266 1332 1272 1325 1265 1332 1272 1331 1271 1326 1266 1327 1267 1333 1273 1326 1266 1333 1273 1332 1272 1327 1267 1328 1268 1334 1274 1327 1267 1334 1274 1333 1273 1328 1268 1324 1264 1330 1270 1328 1268 1330 1270 1334 1274 1330 1270 1329 1269 1335 1275 1330 1270 1335 1275 1336 1276 1329 1269 1331 1271 1337 1277 1329 1269 1337 1277 1335 1275 1331 1271 1332 1272 1338 1278 1331 1271 1338 1278 1337 1277 1332 1272 1333 1273 1339 1279 1332 1272 1339 1279 1338 1278 1333 1273 1334 1274 1340 1280 1333 1273 1340 1280 1339 1279 1334 1274 1330 1270 1336 1276 1334 1274 1336 1276 1340 1280 1336 1276 1335 1275 1341 1281 1336 1276 1341 1281 1342 1282 1335 1275 1337 1277 1343 1283 1335 1275 1343 1283 1341 1281 1337 1277 1338 1278 1344 1284 1337 1277 1344 1284 1343 1283 1338 1278 1339 1279 1345 1285 1338 1278 1345 1285 1344 1284 1339 1279 1340 1280 1346 1286 1339 1279 1346 1286 1345 1285 1340 1280 1336 1276 1342 1282 1340 1280 1342 1282 1346 1286 1305 1245 1306 1246 1347 1287 1306 1246 1309 1249 1347 1287 1309 1249 1311 1251 1347 1287 1311 1251 1313 1253 1347 1287 1313 1253 1315 1255 1347 1287 1315 1255 1305 1245 1347 1287 1341 1281 1342 1282 1348 1288 1343 1283 1341 1281 1348 1288 1344 1284 1343 1283 1348 1288 1345 1285 1344 1284 1348 1288 1346 1286 1345 1285 1348 1288 1342 1282 1346 1286 1348 1288 1349 1289 1350 1290 1351 1291 1349 1289 1351 1291 1352 1292 1350 1290 1353 1293 1354 1294 1350 1290 1354 1294 1351 1291 1353 1293 1355 1295 1356 1296 1353 1293 1356 1296 1354 1294 1355 1295 1349 1289 1352 1292 1355 1295 1352 1292 1356 1296 1352 1292 1351 1291 1357 1297 1352 1292 1357 1297 1358 1292 1351 1291 1354 1294 1359 1294 1351 1291 1359 1294 1357 1297 1354 1294 1356 1296 1360 1298 1354 1294 1360 1298 1359 1294 1356 1296 1352 1292 1358 1292 1356 1296 1358 1292 1360 1298 1361 1299 1362 1300 1363 1301 1361 1299 1363 1301 1364 1302 1362 1300 1365 1303 1366 1304 1362 1300 1366 1304 1363 1301 1365 1303 1367 1305 1368 1306 1365 1303 1368 1306 1366 1304 1367 1305 1361 1299 1364 1302 1367 1305 1364 1302 1368 1306 1364 1302 1363 1301 1369 1307 1364 1302 1369 1307 1370 1308 1363 1301 1366 1304 1371 1309 1363 1301 1371 1309 1369 1307 1366 1304 1368 1306 1372 1310 1366 1304 1372 1310 1371 1309 1368 1306 1364 1302 1370 1308 1368 1306 1370 1308 1372 1310 1373 1311 1374 1312 1375 1313 1373 1311 1375 1313 1376 1314 1374 1312 1377 1315 1378 1316 1374 1312 1378 1316 1375 1313 1377 1315 1379 1317 1380 1318 1377 1315 1380 1318 1378 1316 1379 1317 1373 1311 1376 1314 1379 1317 1376 1314 1380 1318 1376 1314 1375 1313 1381 1319 1376 1314 1381 1319 1382 1320 1375 1313 1378 1316 1383 1321 1375 1313 1383 1321 1381 1319 1378 1316 1380 1318 1384 1322 1378 1316 1384 1322 1383 1321 1380 1318 1376 1314 1382 1320 1380 1318 1382 1320 1384 1322 1385 1323 1386 1324 1387 1325 1385 1323 1387 1325 1388 1326 1386 1324 1389 1327 1390 1328 1386 1324 1390 1328 1387 1325 1389 1327 1391 1329 1392 1330 1389 1327 1392 1330 1390 1328 1391 1329 1385 1323 1388 1326 1391 1329 1388 1326 1392 1330 1388 1326 1387 1325 1393 1331 1388 1326 1393 1331 1394 1332 1387 1325 1390 1328 1395 1333 1387 1325 1395 1333 1393 1331 1390 1328 1392 1330 1396 1334 1390 1328 1396 1334 1395 1333 1392 1330 1388 1326 1394 1332 1392 1330 1394 1332 1396 1334 1397 1335 1398 1336 1399 1337 1397 1335 1399 1337 1400 1335 1398 1336 1401 1338 1402 1339 1398 1336 1402 1339 1399 1337 1401 1338 1403 1340 1404 1341 1401 1338 1404 1341 1402 1339 1403 1340 1397 1335 1400 1335 1403 1340 1400 1335 1404 1341 1400 1335 1399 1337 1405 1342 1400 1335 1405 1342 1406 1343 1399 1337 1402 1339 1407 1344 1399 1337 1407 1344 1405 1342 1402 1339 1404 1341 1408 1345 1402 1339 1408 1345 1407 1344 1404 1341 1400 1335 1406 1343 1404 1341 1406 1343 1408 1345 1409 1346 1410 1347 1411 1348 1409 1346 1411 1348 1412 1349 1410 1347 1413 1350 1414 1351 1410 1347 1414 1351 1411 1348 1413 1350 1415 1352 1416 1353 1413 1350 1416 1353 1414 1351 1415 1352 1417 1354 1418 1355 1415 1352 1418 1355 1416 1353 1417 1354 1419 1356 1420 1357 1417 1354 1420 1357 1418 1355 1419 1356 1409 1346 1412 1349 1419 1356 1412 1349 1420 1357 1412 1349 1411 1348 1421 1358 1412 1349 1421 1358 1422 1359 1411 1348 1414 1351 1423 1360 1411 1348 1423 1360 1421 1358 1414 1351 1416 1353 1424 1361 1414 1351 1424 1361 1423 1360 1416 1353 1418 1355 1425 1362 1416 1353 1425 1362 1424 1361 1418 1355 1420 1357 1426 1363 1418 1355 1426 1363 1425 1362 1420 1357 1412 1349 1422 1359 1420 1357 1422 1359 1426 1363 1422 1359 1421 1358 1427 1364 1422 1359 1427 1364 1428 1365 1421 1358 1423 1360 1429 1366 1421 1358 1429 1366 1427 1364 1423 1360 1424 1361 1430 1367 1423 1360 1430 1367 1429 1366 1424 1361 1425 1362 1431 1368 1424 1361 1431 1368 1430 1367 1425 1362 1426 1363 1432 1369 1425 1362 1432 1369 1431 1368 1426 1363 1422 1359 1428 1365 1426 1363 1428 1365 1432 1369 1428 1365 1427 1364 1433 1370 1428 1365 1433 1370 1434 1371 1427 1364 1429 1366 1435 1372 1427 1364 1435 1372 1433 1370 1429 1366 1430 1367 1436 1373 1429 1366 1436 1373 1435 1372 1430 1367 1431 1368 1437 1374 1430 1367 1437 1374 1436 1373 1431 1368 1432 1369 1438 1375 1431 1368 1438 1375 1437 1374 1432 1369 1428 1365 1434 1371 1432 1369 1434 1371 1438 1375 1434 1371 1433 1370 1439 1376 1434 1371 1439 1376 1440 1377 1433 1370 1435 1372 1441 1378 1433 1370 1441 1378 1439 1376 1435 1372 1436 1373 1442 1379 1435 1372 1442 1379 1441 1378 1436 1373 1437 1374 1443 1380 1436 1373 1443 1380 1442 1379 1437 1374 1438 1375 1444 1381 1437 1374 1444 1381 1443 1380 1438 1375 1434 1371 1440 1377 1438 1375 1440 1377 1444 1381 1440 1377 1439 1376 1445 1382 1440 1377 1445 1382 1446 1383 1439 1376 1441 1378 1447 1384 1439 1376 1447 1384 1445 1382 1441 1378 1442 1379 1448 1385 1441 1378 1448 1385 1447 1384 1442 1379 1443 1380 1449 1386 1442 1379 1449 1386 1448 1385 1443 1380 1444 1381 1450 1387 1443 1380 1450 1387 1449 1386 1444 1381 1440 1377 1446 1383 1444 1381 1446 1383 1450 1387 1409 1346 1410 1347 1451 1388 1410 1347 1413 1350 1451 1388 1413 1350 1415 1352 1451 1388 1415 1352 1417 1354 1451 1388 1417 1354 1419 1356 1451 1388 1419 1356 1409 1346 1451 1388 1445 1382 1446 1383 1452 1389 1447 1384 1445 1382 1452 1389 1448 1385 1447 1384 1452 1389 1449 1386 1448 1385 1452 1389 1450 1387 1449 1386 1452 1389 1446 1383 1450 1387 1452 1389 1453 1390 1454 1391 1455 1392 1453 1390 1455 1392 1456 1393 1454 1391 1457 1394 1458 1395 1454 1391 1458 1395 1455 1392 1457 1394 1459 1396 1460 1397 1457 1394 1460 1397 1458 1395 1459 1396 1453 1390 1456 1393 1459 1396 1456 1393 1460 1397 1456 1393 1455 1392 1461 1392 1456 1393 1461 1392 1462 1398 1455 1392 1458 1395 1463 1399 1455 1392 1463 1399 1461 1392 1458 1395 1460 1397 1464 1397 1458 1395 1464 1397 1463 1399 1460 1397 1456 1393 1462 1398 1460 1397 1462 1398 1464 1397 1465 1400 1466 1401 1467 1402 1465 1400 1467 1402 1468 1403 1466 1401 1469 1404 1470 1405 1466 1401 1470 1405 1467 1402 1469 1404 1471 1406 1472 1407 1469 1404 1472 1407 1470 1405 1471 1406 1465 1400 1468 1403 1471 1406 1468 1403 1472 1407 1468 1403 1467 1402 1473 1408 1468 1403 1473 1408 1474 1409 1467 1402 1470 1405 1475 1410 1467 1402 1475 1410 1473 1408 1470 1405 1472 1407 1476 1411 1470 1405 1476 1411 1475 1410 1472 1407 1468 1403 1474 1409 1472 1407 1474 1409 1476 1411 1477 1412 1478 1413 1479 1414 1477 1412 1479 1414 1480 1415 1478 1413 1481 1416 1482 1417 1478 1413 1482 1417 1479 1414 1481 1416 1483 1418 1484 1419 1481 1416 1484 1419 1482 1417 1483 1418 1477 1412 1480 1415 1483 1418 1480 1415 1484 1419 1480 1415 1479 1414 1485 1420 1480 1415 1485 1420 1486 1421 1479 1414 1482 1417 1487 1422 1479 1414 1487 1422 1485 1420 1482 1417 1484 1419 1488 1423 1482 1417 1488 1423 1487 1422 1484 1419 1480 1415 1486 1421 1484 1419 1486 1421 1488 1423 1489 1424 1490 1425 1491 1426 1489 1424 1491 1426 1492 1424 1490 1425 1493 1427 1494 1428 1490 1425 1494 1428 1491 1426 1493 1427 1495 1429 1496 1430 1493 1427 1496 1430 1494 1428 1495 1429 1489 1424 1492 1424 1495 1429 1492 1424 1496 1430 1492 1424 1491 1426 1497 1431 1492 1424 1497 1431 1498 1432 1491 1426 1494 1428 1499 1433 1491 1426 1499 1433 1497 1431 1494 1428 1496 1430 1500 1434 1494 1428 1500 1434 1499 1433 1496 1430 1492 1424 1498 1432 1496 1430 1498 1432 1500 1434 1501 1435 1502 1436 1503 1437 1501 1435 1503 1437 1504 1438 1502 1436 1505 1439 1506 1440 1502 1436 1506 1440 1503 1437 1505 1439 1507 1441 1508 1442 1505 1439 1508 1442 1506 1440 1507 1441 1501 1435 1504 1438 1507 1441 1504 1438 1508 1442 1504 1438 1503 1437 1509 1443 1504 1438 1509 1443 1510 1444 1503 1437 1506 1440 1511 1445 1503 1437 1511 1445 1509 1443 1506 1440 1508 1442 1512 1442 1506 1440 1512 1442 1511 1445 1508 1442 1504 1438 1510 1444 1508 1442 1510 1444 1512 1442 1513 1446 1514 1447 1515 1448 1513 1446 1515 1448 1516 1449 1514 1447 1517 1450 1518 1451 1514 1447 1518 1451 1515 1448 1517 1450 1519 1452 1520 1453 1517 1450 1520 1453 1518 1451 1519 1452 1521 1454 1522 1455 1519 1452 1522 1455 1520 1453 1521 1454 1523 1456 1524 1457 1521 1454 1524 1457 1522 1455 1523 1456 1513 1446 1516 1449 1523 1456 1516 1449 1524 1457 1516 1449 1515 1448 1525 1458 1516 1449 1525 1458 1526 1459 1515 1448 1518 1451 1527 1460 1515 1448 1527 1460 1525 1458 1518 1451 1520 1453 1528 1461 1518 1451 1528 1461 1527 1460 1520 1453 1522 1455 1529 1462 1520 1453 1529 1462 1528 1461 1522 1455 1524 1457 1530 1463 1522 1455 1530 1463 1529 1462 1524 1457 1516 1449 1526 1459 1524 1457 1526 1459 1530 1463 1526 1459 1525 1458 1531 1464 1526 1459 1531 1464 1532 1465 1525 1458 1527 1460 1533 1466 1525 1458 1533 1466 1531 1464 1527 1460 1528 1461 1534 1467 1527 1460 1534 1467 1533 1466 1528 1461 1529 1462 1535 1468 1528 1461 1535 1468 1534 1467 1529 1462 1530 1463 1536 1469 1529 1462 1536 1469 1535 1468 1530 1463 1526 1459 1532 1465 1530 1463 1532 1465 1536 1469 1532 1465 1531 1464 1537 1470 1532 1465 1537 1470 1538 1471 1531 1464 1533 1466 1539 1472 1531 1464 1539 1472 1537 1470 1533 1466 1534 1467 1540 1473 1533 1466 1540 1473 1539 1472 1534 1467 1535 1468 1541 1474 1534 1467 1541 1474 1540 1473 1535 1468 1536 1469 1542 1475 1535 1468 1542 1475 1541 1474 1536 1469 1532 1465 1538 1471 1536 1469 1538 1471 1542 1475 1538 1471 1537 1470 1543 1476 1538 1471 1543 1476 1544 1477 1537 1470 1539 1472 1545 1478 1537 1470 1545 1478 1543 1476 1539 1472 1540 1473 1546 1479 1539 1472 1546 1479 1545 1478 1540 1473 1541 1474 1547 1480 1540 1473 1547 1480 1546 1479 1541 1474 1542 1475 1548 1481 1541 1474 1548 1481 1547 1480 1542 1475 1538 1471 1544 1477 1542 1475 1544 1477 1548 1481 1544 1477 1543 1476 1549 1482 1544 1477 1549 1482 1550 1483 1543 1476 1545 1478 1551 1484 1543 1476 1551 1484 1549 1482 1545 1478 1546 1479 1552 1485 1545 1478 1552 1485 1551 1484 1546 1479 1547 1480 1553 1486 1546 1479 1553 1486 1552 1485 1547 1480 1548 1481 1554 1487 1547 1480 1554 1487 1553 1486 1548 1481 1544 1477 1550 1483 1548 1481 1550 1483 1554 1487 1513 1446 1514 1447 1555 1488 1514 1447 1517 1450 1555 1488 1517 1450 1519 1452 1555 1488 1519 1452 1521 1454 1555 1488 1521 1454 1523 1456 1555 1488 1523 1456 1513 1446 1555 1488 1549 1482 1550 1483 1556 1489 1551 1484 1549 1482 1556 1489 1552 1485 1551 1484 1556 1489 1553 1486 1552 1485 1556 1489 1554 1487 1553 1486 1556 1489 1550 1483 1554 1487 1556 1489 1557 1490 1558 1491 1559 1491 1557 1490 1559 1491 1560 1492 1558 1491 1561 1493 1562 1493 1558 1491 1562 1493 1559 1491 1561 1493 1563 1494 1564 1495 1561 1493 1564 1495 1562 1493 1563 1494 1557 1490 1560 1492 1563 1494 1560 1492 1564 1495 1560 1492 1559 1491 1565 1496 1560 1492 1565 1496 1566 1497 1559 1491 1562 1493 1567 1498 1559 1491 1567 1498 1565 1496 1562 1493 1564 1495 1568 1499 1562 1493 1568 1499 1567 1498 1564 1495 1560 1492 1566 1497 1564 1495 1566 1497 1568 1499 1569 1500 1570 1501 1571 1502 1569 1500 1571 1502 1572 1503 1570 1501 1573 1504 1574 1505 1570 1501 1574 1505 1571 1502 1573 1504 1575 1506 1576 1507 1573 1504 1576 1507 1574 1505 1575 1506 1569 1500 1572 1503 1575 1506 1572 1503 1576 1507 1572 1503 1571 1502 1577 1508 1572 1503 1577 1508 1578 1509 1571 1502 1574 1505 1579 1510 1571 1502 1579 1510 1577 1508 1574 1505 1576 1507 1580 1511 1574 1505 1580 1511 1579 1510 1576 1507 1572 1503 1578 1509 1576 1507 1578 1509 1580 1511 1581 1512 1582 1513 1583 1514 1581 1512 1583 1514 1584 1515 1582 1513 1585 1516 1586 1517 1582 1513 1586 1517 1583 1514 1585 1516 1587 1518 1588 1519 1585 1516 1588 1519 1586 1517 1587 1518 1581 1512 1584 1515 1587 1518 1584 1515 1588 1519 1584 1515 1583 1514 1589 1520 1584 1515 1589 1520 1590 1521 1583 1514 1586 1517 1591 1517 1583 1514 1591 1517 1589 1520 1586 1517 1588 1519 1592 1522 1586 1517 1592 1522 1591 1517 1588 1519 1584 1515 1590 1521 1588 1519 1590 1521 1592 1522 1593 1523 1594 1524 1595 1525 1593 1523 1595 1525 1596 1526 1594 1524 1597 1527 1598 1527 1594 1524 1598 1527 1595 1525 1597 1527 1599 1528 1600 1529 1597 1527 1600 1529 1598 1527 1599 1528 1593 1523 1596 1526 1599 1528 1596 1526 1600 1529 1596 1526 1595 1525 1601 1530 1596 1526 1601 1530 1602 1531 1595 1525 1598 1527 1603 1532 1595 1525 1603 1532 1601 1530 1598 1527 1600 1529 1604 1533 1598 1527 1604 1533 1603 1532 1600 1529 1596 1526 1602 1531 1600 1529 1602 1531 1604 1533 1605 1534 1606 1535 1607 1536 1605 1534 1607 1536 1608 1537 1606 1535 1609 1538 1610 1539 1606 1535 1610 1539 1607 1536 1609 1538 1611 1540 1612 1540 1609 1538 1612 1540 1610 1539 1611 1540 1605 1534 1608 1537 1611 1540 1608 1537 1612 1540 1608 1537 1607 1536 1613 1541 1608 1537 1613 1541 1614 1542 1607 1536 1610 1539 1615 1543 1607 1536 1615 1543 1613 1541 1610 1539 1612 1540 1616 1544 1610 1539 1616 1544 1615 1543 1612 1540 1608 1537 1614 1542 1612 1540 1614 1542 1616 1544 1617 1545 1618 1546 1619 1547 1617 1545 1619 1547 1620 1548 1618 1546 1621 1549 1622 1550 1618 1546 1622 1550 1619 1547 1621 1549 1623 1551 1624 1552 1621 1549 1624 1552 1622 1550 1623 1551 1617 1545 1620 1548 1623 1551 1620 1548 1624 1552 1620 1548 1619 1547 1625 1553 1620 1548 1625 1553 1626 1554 1619 1547 1622 1550 1627 1555 1619 1547 1627 1555 1625 1553 1622 1550 1624 1552 1628 1556 1622 1550 1628 1556 1627 1555 1624 1552 1620 1548 1626 1554 1624 1552 1626 1554 1628 1556 1629 1557 1630 1558 1631 1559 1629 1557 1631 1559 1632 1560 1630 1558 1633 1561 1634 1562 1630 1558 1634 1562 1631 1559 1633 1561 1635 1563 1636 1564 1633 1561 1636 1564 1634 1562 1635 1563 1629 1557 1632 1560 1635 1563 1632 1560 1636 1564 1632 1560 1631 1559 1637 1565 1632 1560 1637 1565 1638 1566 1631 1559 1634 1562 1639 1567 1631 1559 1639 1567 1637 1565 1634 1562 1636 1564 1640 1568 1634 1562 1640 1568 1639 1567 1636 1564 1632 1560 1638 1566 1636 1564 1638 1566 1640 1568 1637 1565 1638 1566 1641 1569 1639 1567 1637 1565 1641 1569 1640 1568 1639 1567 1641 1569 1638 1566 1640 1568 1641 1569 1642 1570 1643 1571 1644 1572 1642 1570 1644 1572 1645 1573 1643 1571 1646 1574 1647 1575 1643 1571 1647 1575 1644 1572 1646 1574 1648 1576 1649 1577 1646 1574 1649 1577 1647 1575 1648 1576 1650 1578 1651 1579 1648 1576 1651 1579 1649 1577 1650 1578 1652 1580 1653 1581 1650 1578 1653 1581 1651 1579 1652 1580 1642 1570 1645 1573 1652 1580 1645 1573 1653 1581 1645 1573 1644 1572 1654 1582 1645 1573 1654 1582 1655 1583 1644 1572 1647 1575 1656 1584 1644 1572 1656 1584 1654 1582 1647 1575 1649 1577 1657 1585 1647 1575 1657 1585 1656 1584 1649 1577 1651 1579 1658 1586 1649 1577 1658 1586 1657 1585 1651 1579 1653 1581 1659 1587 1651 1579 1659 1587 1658 1586 1653 1581 1645 1573 1655 1583 1653 1581 1655 1583 1659 1587 1655 1583 1654 1582 1660 1588 1655 1583 1660 1588 1661 1589 1654 1582 1656 1584 1662 1590 1654 1582 1662 1590 1660 1588 1656 1584 1657 1585 1663 1591 1656 1584 1663 1591 1662 1590 1657 1585 1658 1586 1664 1592 1657 1585 1664 1592 1663 1591 1658 1586 1659 1587 1665 1593 1658 1586 1665 1593 1664 1592 1659 1587 1655 1583 1661 1589 1659 1587 1661 1589 1665 1593 1661 1589 1660 1588 1666 1594 1661 1589 1666 1594 1667 1595 1660 1588 1662 1590 1668 1596 1660 1588 1668 1596 1666 1594 1662 1590 1663 1591 1669 1597 1662 1590 1669 1597 1668 1596 1663 1591 1664 1592 1670 1598 1663 1591 1670 1598 1669 1597 1664 1592 1665 1593 1671 1599 1664 1592 1671 1599 1670 1598 1665 1593 1661 1589 1667 1595 1665 1593 1667 1595 1671 1599 1667 1595 1666 1594 1672 1600 1667 1595 1672 1600 1673 1601 1666 1594 1668 1596 1674 1602 1666 1594 1674 1602 1672 1600 1668 1596 1669 1597 1675 1603 1668 1596 1675 1603 1674 1602 1669 1597 1670 1598 1676 1604 1669 1597 1676 1604 1675 1603 1670 1598 1671 1599 1677 1605 1670 1598 1677 1605 1676 1604 1671 1599 1667 1595 1673 1601 1671 1599 1673 1601 1677 1605 1673 1601 1672 1600 1678 1606 1673 1601 1678 1606 1679 1607 1672 1600 1674 1602 1680 1608 1672 1600 1680 1608 1678 1606 1674 1602 1675 1603 1681 1609 1674 1602 1681 1609 1680 1608 1675 1603 1676 1604 1682 1610 1675 1603 1682 1610 1681 1609 1676 1604 1677 1605 1683 1611 1676 1604 1683 1611 1682 1610 1677 1605 1673 1601 1679 1607 1677 1605 1679 1607 1683 1611 1642 1570 1643 1571 1684 1612 1643 1571 1646 1574 1684 1612 1646 1574 1648 1576 1684 1612 1648 1576 1650 1578 1684 1612 1650 1578 1652 1580 1684 1612 1652 1580 1642 1570 1684 1612 1678 1606 1679 1607 1685 1613 1680 1608 1678 1606 1685 1613 1681 1609 1680 1608 1685 1613 1682 1610 1681 1609 1685 1613 1683 1611 1682 1610 1685 1613 1679 1607 1683 1611 1685 1613 1686 1614 1687 1615 1688 1616 1686 1614 1688 1616 1689 1617 1687 1615 1690 1618 1691 1619 1687 1615 1691 1619 1688 1616 1690 1618 1692 1620 1693 1621 1690 1618 1693 1621 1691 1619 1692 1620 1686 1614 1689 1617 1692 1620 1689 1617 1693 1621 1689 1617 1688 1616 1694 1622 1689 1617 1694 1622 1695 1623 1688 1616 1691 1619 1696 1624 1688 1616 1696 1624 1694 1622 1691 1619 1693 1621 1697 1625 1691 1619 1697 1625 1696 1624 1693 1621 1689 1617 1695 1623 1693 1621 1695 1623 1697 1625 1698 1626 1699 1627 1700 1628 1698 1626 1700 1628 1701 1629 1699 1627 1702 1630 1703 1631 1699 1627 1703 1631 1700 1628 1702 1630 1704 1632 1705 1633 1702 1630 1705 1633 1703 1631 1704 1632 1698 1626 1701 1629 1704 1632 1701 1629 1705 1633 1701 1629 1700 1628 1706 1634 1701 1629 1706 1634 1707 1635 1700 1628 1703 1631 1708 1636 1700 1628 1708 1636 1706 1634 1703 1631 1705 1633 1709 1637 1703 1631 1709 1637 1708 1636 1705 1633 1701 1629 1707 1635 1705 1633 1707 1635 1709 1637 1710 1638 1711 1639 1712 1640 1710 1638 1712 1640 1713 1638 1711 1639 1714 1641 1715 1642 1711 1639 1715 1642 1712 1640 1714 1641 1716 1643 1717 1644 1714 1641 1717 1644 1715 1642 1716 1643 1710 1638 1713 1638 1716 1643 1713 1638 1717 1644 1713 1638 1712 1640 1718 1645 1713 1638 1718 1645 1719 1646 1712 1640 1715 1642 1720 1647 1712 1640 1720 1647 1718 1645 1715 1642 1717 1644 1721 1648 1715 1642 1721 1648 1720 1647 1717 1644 1713 1638 1719 1646 1717 1644 1719 1646 1721 1648 1722 1649 1723 1650 1724 1651 1722 1649 1724 1651 1725 1652 1723 1650 1726 1653 1727 1654 1723 1650 1727 1654 1724 1651 1726 1653 1728 1655 1729 1656 1726 1653 1729 1656 1727 1654 1728 1655 1722 1649 1725 1652 1728 1655 1725 1652 1729 1656 1725 1652 1724 1651 1730 1651 1725 1652 1730 1651 1731 1657 1724 1651 1727 1654 1732 1658 1724 1651 1732 1658 1730 1651 1727 1654 1729 1656 1733 1659 1727 1654 1733 1659 1732 1658 1729 1656 1725 1652 1731 1657 1729 1656 1731 1657 1733 1659 1734 1660 1735 1661 1736 1662 1734 1660 1736 1662 1737 1663 1735 1661 1738 1664 1739 1665 1735 1661 1739 1665 1736 1662 1738 1664 1740 1666 1741 1667 1738 1664 1741 1667 1739 1665 1740 1666 1734 1660 1737 1663 1740 1666 1737 1663 1741 1667 1737 1663 1736 1662 1742 1668 1737 1663 1742 1668 1743 1669 1736 1662 1739 1665 1744 1670 1736 1662 1744 1670 1742 1668 1739 1665 1741 1667 1745 1671 1739 1665 1745 1671 1744 1670 1741 1667 1737 1663 1743 1669 1741 1667 1743 1669 1745 1671 1746 1672 1747 1673 1748 1674 1746 1672 1748 1674 1749 1675 1747 1673 1750 1676 1751 1677 1747 1673 1751 1677 1748 1674 1750 1676 1752 1678 1753 1678 1750 1676 1753 1678 1751 1677 1752 1678 1746 1672 1749 1675 1752 1678 1749 1675 1753 1678 1749 1675 1748 1674 1754 1679 1749 1675 1754 1679 1755 1680 1748 1674 1751 1677 1756 1677 1748 1674 1756 1677 1754 1679 1751 1677 1753 1678 1757 1681 1751 1677 1757 1681 1756 1677 1753 1678 1749 1675 1755 1680 1753 1678 1755 1680 1757 1681 1758 1682 1759 1683 1760 1684 1758 1682 1760 1684 1761 1685 1759 1683 1762 1686 1763 1687 1759 1683 1763 1687 1760 1684 1762 1686 1764 1688 1765 1689 1762 1686 1765 1689 1763 1687 1764 1688 1758 1682 1761 1685 1764 1688 1761 1685 1765 1689 1761 1685 1760 1684 1766 1690 1761 1685 1766 1690 1767 1691 1760 1684 1763 1687 1768 1692 1760 1684 1768 1692 1766 1690 1763 1687 1765 1689 1769 1693 1763 1687 1769 1693 1768 1692 1765 1689 1761 1685 1767 1691 1765 1689 1767 1691 1769 1693 1770 1694 1771 1695 1772 1696 1770 1694 1772 1696 1773 1697 1771 1695 1774 1698 1775 1699 1771 1695 1775 1699 1772 1696 1774 1698 1776 1700 1777 1700 1774 1698 1777 1700 1775 1699 1776 1700 1770 1694 1773 1697 1776 1700 1773 1697 1777 1700 1773 1697 1772 1696 1778 1701 1773 1697 1778 1701 1779 1702 1772 1696 1775 1699 1780 1703 1772 1696 1780 1703 1778 1701 1775 1699 1777 1700 1781 1704 1775 1699 1781 1704 1780 1703 1777 1700 1773 1697 1779 1702 1777 1700 1779 1702 1781 1704 1778 1701 1779 1702 1782 1705 1780 1703 1778 1701 1782 1705 1781 1704 1780 1703 1782 1705 1779 1702 1781 1704 1782 1705</p></triangles>
      </mesh>
    </geometry>
  </library_geometries>
  <library_visual_scenes><visual_scene id="scene" name="scene">
    <node id="ROW_16_SEG0_solid" name="ROW_16_SEG0_solid" type="NODE"><instance_geometry url="#ROW_16_SEG0_solid-mesh"><bind_material><technique_common>
      <instance_material symbol="MAT_COTTON_STEM-mat" target="#MAT_COTTON_STEM"/>
    </technique_common></bind_material></instance_geometry></node>
  </visual_scene></library_visual_scenes>
  <scene><instance_visual_scene url="#scene"/></scene>
</COLLADA>
