<?xml version="1.0" encoding="utf-8"?>
<COLLADA xmlns="http://www.collada.org/2005/11/COLLADASchema" version="1.4.1">
  <asset>
    <contributor><authoring_tool>VIGIL SIH26126 farm generator</authoring_tool></contributor>
    <unit name="meter" meter="1"/>
    <up_axis>Z_UP</up_axis>
  </asset>
  <library_effects>
    <effect id="MAT_COTTON_STEM-fx"><profile_COMMON><technique sid="c"><lambert><diffuse><color>0.0620 0.0820 0.0240 1</color></diffuse></lambert></technique></profile_COMMON></effect>
  </library_effects>
  <library_materials>
    <material id="MAT_COTTON_STEM" name="MAT_COTTON_STEM"><instance_effect url="#MAT_COTTON_STEM-fx"/></material>
  </library_materials>
  <library_geometries>
    <geometry id="ROW_18_SEG0_solid-mesh" name="ROW_18_SEG0_solid">
      <mesh>
        <source id="ROW_18_SEG0_solid-pos"><float_array id="ROW_18_SEG0_solid-pos-a" count="5049">-2.1197 -0.011913 0.017347 -2.116 -0.0087395 0.016922 -2.115 -0.0067272 0.043512 -2.1182 -0.0095778 0.043816 -2.117 -0.0040121 0.016649 -2.1159 -0.0024881 0.043274 -2.1216 -0.0024595 0.016801 -2.12 -0.0011005 0.04334 -2.1252 -0.0056334 0.017226 -2.1232 -0.0039511 0.043644 -2.1242 -0.010361 0.017499 -2.1224 -0.0081902 0.043882 -2.115 -0.0050087 0.07023 -2.1179 -0.0075388 0.07035 -2.1158 -0.0012569 0.070037 -2.1194 -3.624e-05 0.069965 -2.1223 -0.0025663 0.070086 -2.1215 -0.0063181 0.070278 -2.1162 -0.0036964 0.096935 -2.1187 -0.0058994 0.096969 -2.1168 -0.00043201 0.096792 -2.12 0.00062943 0.096681 -2.1225 -0.0015736 0.096715 -2.1218 -0.004838 0.096859 -2.1172 -0.0025835 0.12349 -2.1193 -0.0044527 0.12359 -2.1177 0.00019264 0.12339 -2.1204 0.0011005 0.12339 -2.1225 -0.00076771 0.1235 -2.122 -0.0035448 0.1236 -2.1164 -0.0013533 0.14988 -2.1181 -0.0028868 0.15011 -2.1168 0.0009346 0.14982 -2.119 0.0016899 0.14999 -2.1208 0.0001564 0.15022 -2.1203 -0.0021324 0.15028 -2.1132 0.00012779 0.17625 -2.1146 -0.0010748 0.17649 -2.1136 0.0019274 0.1762 -2.1153 0.0025244 0.17641 -2.1167 0.0013208 0.17666 -2.1163 -0.00047874 0.1767 -2.1206 -0.0071859 0.017074 -2.115 0.00072479 0.17645 -2.1188 -0.0059443 0.047801 -2.1181 -0.0051651 0.046884 -2.1123 0.0035143 0.058623 -2.1129 0.0028381 0.059417 -2.1192 -0.0042992 0.046798 -2.1133 0.0042639 0.058548 -2.1199 -0.0050793 0.047715 -2.1139 0.0035877 0.059342 -2.1076 0.010616 0.068237 -2.1081 0.010044 0.068909 -2.1084 0.01125 0.068174 -2.1089 0.010678 0.068846 -2.1187 -0.0046282 0.087636 -2.118 -0.0025148 0.088353 -2.1384 -0.0019379 0.10726 -2.1391 -0.0037699 0.10664 -2.1194 -0.0014715 0.086813 -2.1397 -0.0010338 0.10593 -2.1202 -0.0035849 0.086097 -2.1403 -0.0028658 0.10531 -2.1552 -0.0014791 0.1227 -2.1558 -0.0030298 0.12218 -2.1563 -0.0007143 0.12158 -2.1568 -0.002264 0.12105 -2.1195 -0.0027895 0.1266 -2.1185 -0.0010405 0.12662 -2.1075 -0.0076017 0.14369 -2.1084 -0.0091171 0.14368 -2.1199 -0.00026131 0.12782 -2.1087 -0.0069265 0.14473 -2.1209 -0.0020103 0.1278 -2.1096 -0.0084419 0.14471 -2.0986 -0.012981 0.15768 -2.0993 -0.014264 0.15766 -2.0996 -0.01241 0.15855 -2.1003 -0.013693 0.15854 -2.1162 -0.00015163 0.16746 -2.1156 0.00038433 0.16691 -2.1171 0.0092726 0.17399 -2.1176 0.0088081 0.17447 -2.1164 0.00064754 0.16643 -2.1178 0.0095005 0.17358 -2.1169 0.00011158 0.16699 -2.1183 0.009037 0.17406 -2.1184 0.016541 0.17979 -2.1188 0.016149 0.18019 -2.119 0.016735 0.17944 -2.1194 0.016342 0.17984 -1.8401 0.011884 0.017966 -1.8391 0.0065308 0.018132 -1.8385 0.0078812 0.049523 -1.8394 0.012683 0.04948 -1.834 0.0047226 0.018128 -1.8339 0.0062599 0.04954 -1.8299 0.0082693 0.01796 -1.8302 0.0094414 0.049514 -1.8309 0.013622 0.017795 -1.8311 0.014244 0.049471 -1.836 0.01543 0.017798 -1.8357 0.015865 0.049454 -1.8386 0.0078144 0.080787 -1.8394 0.012061 0.080934 -1.8345 0.0063801 0.080854 -1.8312 0.0091915 0.081067 -1.832 0.013438 0.081213 -1.8361 0.014873 0.081147 -1.8396 0.0063124 0.11214 -1.8403 0.010001 0.11234 -1.8361 0.005064 0.11227 -1.8333 0.0075064 0.11259 -1.834 0.011196 0.11278 -1.8375 0.012444 0.11266 -1.8413 0.0048666 0.14366 -1.8419 0.008008 0.14372 -1.8383 0.0038061 0.14383 -1.8359 0.005887 0.14406 -1.8365 0.0090275 0.14412 -1.8395 0.010088 0.14395 -1.843 0.0052061 0.17523 -1.8435 0.0077934 0.17511 -1.8406 0.0043335 0.17543 -1.8386 0.0060472 0.1755 -1.839 0.0086346 0.17537 -1.8415 0.0095081 0.17518 -1.8446 0.0077171 0.2067 -1.845 0.0097475 0.20653 -1.8427 0.0070314 0.20688 -1.8411 0.0083752 0.20688 -1.8415 0.010406 0.20671 -1.8434 0.011092 0.20653 -1.835 0.010077 0.017963 -1.843 0.0090618 0.20671 -1.8359 0.011358 0.053585 -1.8348 0.010309 0.053003 -1.8432 -0.0036469 0.064526 -1.8441 -0.002737 0.06503 -1.8338 0.010645 0.05423 -1.8424 -0.003355 0.065589 -1.8349 0.011694 0.054812 -1.8433 -0.0024462 0.066093 -1.8501 -0.015047 0.073976 -1.8509 -0.014277 0.074402 -1.8494 -0.014801 0.074875 -1.8502 -0.014031 0.075302 -1.8371 0.01061 0.090341 -1.8359 0.008482 0.08996 -1.8179 0.015319 0.11352 -1.819 0.017163 0.11385 -1.8343 0.0096512 0.088334 -1.8166 0.016333 0.11211 -1.8355 0.011779 0.088715 -1.8176 0.018176 0.11244 -1.8032 0.020953 0.13278 -1.8041 0.022513 0.13306 -1.8021 0.021811 0.13158 -1.803 0.023371 0.13186 -1.8386 0.0084047 0.12306 -1.8384 0.0063114 0.12479 -1.861 0.017079 0.14139 -1.8611 0.018893 0.13989 -1.8367 0.0076942 0.12638 -1.8595 0.018277 0.14277 -1.8369 0.0097866 0.12465 -1.8597 0.020091 0.14127 -1.8794 0.025931 0.15497 -1.8796 0.027466 0.1537 -1.8782 0.026945 0.15614 -1.8783 0.02848 0.15487 -1.8411 0.0073071 0.16082 -1.8407 0.0058117 0.15965 -1.8329 -0.0045786 0.17744 -1.8332 -0.0032835 0.17845 -1.8389 0.0065603 0.15931 -1.8314 -0.003931 0.17715 -1.8394 0.0080547 0.16048 -1.8317 -0.002635 0.17816 -1.8265 -0.013054 0.19201 -1.8268 -0.011957 0.19286 -1.8252 -0.012505 0.19176 -1.8255 -0.011409 0.19261 -1.843 0.0085402 0.19539 -1.8425 0.0078659 0.19602 -1.8394 0.01696 0.20345 -1.8399 0.017545 0.20289 -1.8416 0.0080414 0.19541 -1.8387 0.017113 0.20292 -1.8422 0.0087156 0.19478 -1.8392 0.017696 0.20237 -1.837 0.024412 0.2095 -1.8374 0.024906 0.20904 -1.8363 0.02454 0.20906 -1.8367 0.025035 0.20859 -1.5255 0.018262 0.018636 -1.5222 0.014594 0.019034 -1.5234 0.016707 0.045308 -1.5264 0.020001 0.04504 -1.5173 0.015677 0.019249 -1.519 0.01768 0.045518 -1.5158 0.020431 0.019067 -1.5177 0.021946 0.04546 -1.5192 0.024098 0.018669 -1.5207 0.02524 0.045191 -1.524 0.023015 0.018454 -1.5251 0.024268 0.044981 -1.5245 0.017355 0.071518 -1.5272 0.020269 0.071435 -1.5207 0.018216 0.071746 -1.5195 0.021992 0.071892 -1.5222 0.024906 0.071809 -1.526 0.024046 0.071581 -1.5257 0.016418 0.097838 -1.5281 0.018949 0.097823 -1.5224 0.017167 0.098093 -1.5214 0.020447 0.098332 -1.5237 0.022978 0.098317 -1.527 0.022228 0.098062 -1.5274 0.015236 0.12427 -1.5294 0.01739 0.12417 -1.5246 0.015874 0.12455 -1.5237 0.018664 0.12472 -1.5257 0.020819 0.12462 -1.5285 0.020182 0.12434 -1.53 0.015418 0.15068 -1.5316 0.017194 0.15045 -1.5277 0.015944 0.15095 -1.527 0.018245 0.15099 -1.5286 0.02002 0.15076 -1.5309 0.019495 0.15049 -1.5336 0.017358 0.17691 -1.5348 0.018752 0.17667 -1.5317 0.017771 0.17714 -1.5311 0.019578 0.17713 -1.5324 0.020972 0.17689 -1.5342 0.020559 0.17666 -1.5207 0.019346 0.018852 -1.533 0.019165 0.1769 -1.5232 0.02078 0.048634 -1.5219 0.020449 0.04822 -1.5221 0.005806 0.058255 -1.5232 0.0060921 0.058614 -1.5213 0.021213 0.049261 -1.5216 0.0064678 0.059157 -1.5226 0.021543 0.049675 -1.5227 0.0067539 0.059516 -1.5222 -0.0061617 0.066483 -1.5232 -0.0059195 0.066787 -1.5218 -0.0056019 0.067246 -1.5228 -0.0053596 0.06755 -1.5251 0.020472 0.079446 -1.5231 0.019411 0.079253 -1.5132 0.033971 0.099193 -1.515 0.03489 0.09936 -1.5224 0.02103 0.077881 -1.5126 0.035375 0.098004 -1.5244 0.022091 0.078074 -1.5144 0.036294 0.098171 -1.5052 0.045917 0.11549 -1.5067 0.046694 0.11563 -1.5047 0.047104 0.11449 -1.5062 0.047882 0.11463 -1.5263 0.01882 0.10693 -1.5252 0.01733 0.10848 -1.5485 0.015159 0.12131 -1.5495 0.01645 0.11997 -1.5246 0.019272 0.10979 -1.548 0.016842 0.12245 -1.5257 0.020762 0.10825 -1.5489 0.018133 0.12111 -1.5676 0.013423 0.13181 -1.5684 0.014516 0.13068 -1.5671 0.014848 0.13278 -1.5679 0.01594 0.13164 -1.529 0.017651 0.13856 -1.5279 0.016673 0.13766 -1.5175 0.01279 0.15324 -1.5184 0.013637 0.15402 -1.5269 0.018086 0.13739 -1.5166 0.014014 0.153 -1.528 0.019064 0.13829 -1.5176 0.014861 0.15378 -1.5089 0.0096407 0.16599 -1.5098 0.010358 0.16665 -1.5082 0.010677 0.16579 -1.509 0.011394 0.16645 -1.5323 0.018495 0.16743 -1.5316 0.01825 0.16801 -1.5339 0.026961 0.17392 -1.5345 0.027173 0.17342 -1.531 0.018794 0.16752 -1.5334 0.027433 0.17349 -1.5317 0.019038 0.16694 -1.534 0.027644 0.17299 -1.5358 0.034099 0.17875 -1.5363 0.034278 0.17832 -1.5353 0.034497 0.17838 -1.5358 0.034677 0.17796 -1.2145 -0.012453 0.020833 -1.2094 -0.013259 0.020642 -1.2086 -0.013116 0.048351 -1.2132 -0.012392 0.048441 -1.2061 -0.0091982 0.020587 -1.2056 -0.0094748 0.048309 -1.208 -0.0043316 0.020723 -1.2073 -0.0051098 0.048358 -1.2131 -0.0035257 0.020914 -1.2119 -0.0043869 0.048448 -1.2164 -0.0075865 0.020969 -1.2149 -0.008028 0.04849 -1.2087 -0.012321 0.076153 -1.2128 -0.011683 0.076078 -1.2061 -0.0091 0.076135 -1.2076 -0.0052395 0.076042 -1.2117 -0.0046005 0.075968 -1.2143 -0.007822 0.075986 -1.21 -0.010842 0.10389 -1.2136 -0.010286 0.10376 -1.2077 -0.0080404 0.1039 -1.209 -0.0046844 0.10377 -1.2126 -0.0041285 0.10364 -1.2149 -0.0069304 0.10363 -1.2114 -0.0096178 0.13147 -1.2144 -0.0091429 0.13143 -1.2094 -0.0072374 0.1315 -1.2105 -0.0043812 0.1315 -1.2136 -0.0039062 0.13145 -1.2155 -0.0062866 0.13142 -1.2114 -0.0098047 0.15893 -1.2138 -0.0094175 0.15904 -1.2098 -0.007844 0.15897 -1.2107 -0.005496 0.15914 -1.2132 -0.0051088 0.15926 -1.2148 -0.0070696 0.15921 -1.2095 -0.01178 0.18642 -1.2115 -0.011481 0.18658 -1.2083 -0.010239 0.18647 -1.209 -0.0083981 0.18667 -1.2109 -0.0080996 0.18683 -1.2122 -0.0096407 0.18679 -1.2112 -0.0083923 0.020778 -1.2102 -0.0099392 0.18663 -1.2108 -0.00945 0.052753 -1.2096 -0.0094748 0.051859 -1.1991 -0.0084934 0.064627 -1.2001 -0.0084724 0.065401 -1.2097 -0.0079718 0.051791 -1.1991 -0.0071907 0.064568 -1.2108 -0.007947 0.052685 -1.2002 -0.0071697 0.065342 -1.1905 -0.0076723 0.075083 -1.1914 -0.0076542 0.075738 -1.1905 -0.0065699 0.075033 -1.1914 -0.0065517 0.075688 -1.212 -0.0092154 0.094142 -1.2098 -0.0083914 0.095014 -1.2245 0.0087318 0.11419 -1.2265 0.0080175 0.11344 -1.2098 -0.0064573 0.09344 -1.2246 0.010408 0.11283 -1.212 -0.0072813 0.092568 -1.2265 0.0096941 0.11207 -1.2367 0.022756 0.12985 -1.2383 0.022152 0.12921 -1.2367 0.024174 0.1287 -1.2383 0.02357 0.12806 -1.2133 -0.0078964 0.13464 -1.2112 -0.0075102 0.13477 -1.2101 -0.021388 0.15238 -1.2119 -0.021724 0.15226 -1.2116 -0.0058222 0.13602 -1.2104 -0.019926 0.15347 -1.2137 -0.0062084 0.13589 -1.2122 -0.020261 0.15335 -1.2092 -0.032728 0.1668 -1.2107 -0.033011 0.1667 -1.2095 -0.03149 0.16772 -1.211 -0.031774 0.16762 -1.2112 -0.0094242 0.17723 -1.2104 -0.0094919 0.1767 -1.2045 -0.0021935 0.18448 -1.2052 -0.0021353 0.18494 -1.2107 -0.008667 0.1762 -1.2047 -0.0014782 0.18405 -1.2115 -0.0085993 0.17673 -1.2055 -0.00142 0.18451 -1.1997 0.0037889 0.19085 -1.2003 0.0038385 0.19124 -1.1999 0.0043936 0.19048 -1.2005 0.0044432 0.19087 -0.91603 0.012398 0.022617 -0.91263 0.0099363 0.022613 -0.91197 0.01123 0.044734 -0.91502 0.013438 0.044812 -0.9088 0.01165 0.022462 -0.90853 0.012765 0.044613 -0.90837 0.015823 0.022315 -0.90815 0.01651 0.04457 -0.91177 0.018285 0.022319 -0.9112 0.018719 0.044648 -0.9156 0.016571 0.02247 -0.91463 0.017183 0.044769 -0.91098 0.011332 0.066758 -0.91367 0.013283 0.066957 -0.90794 0.01269 0.066686 -0.90759 0.016001 0.066814 -0.91028 0.017952 0.067013 -0.91333 0.016594 0.067084 -0.90978 0.010115 0.08884 -0.91212 0.011806 0.089061 -0.90713 0.011295 0.088825 -0.90683 0.014169 0.08903 -0.90917 0.015862 0.089251 -0.91181 0.014681 0.089266 -0.90894 0.0086107 0.11105 -0.91093 0.010053 0.11116 -0.90669 0.009614 0.11108 -0.90643 0.012059 0.11123 -0.90842 0.013501 0.11134 -0.91067 0.012499 0.11131 -0.90906 0.0080795 0.13333 -0.91071 0.0092716 0.1333 -0.90721 0.0089045 0.1334 -0.907 0.010922 0.13344 -0.90864 0.012115 0.13341 -0.91049 0.011291 0.13334 -0.91026 0.0088415 0.15558 -0.91155 0.0097799 0.15551 -0.90881 0.00949 0.15565 -0.90864 0.011076 0.15564 -0.90993 0.012014 0.15557 -0.91138 0.011366 0.1555 -0.9122 0.014111 0.022466 -0.91009 0.010428 0.15558 -0.91221 0.014593 0.0476 -0.9111 0.014548 0.047148 -0.90804 0.0023499 0.055199 -0.90901 0.002388 0.055591 -0.91069 0.015263 0.047996 -0.90769 0.0029678 0.055934 -0.9118 0.015306 0.048448 -0.90865 0.0030069 0.056326 -0.90555 -0.0076218 0.061802 -0.90637 -0.0075893 0.062133 -0.90525 -0.0070982 0.062424 -0.90607 -0.0070658 0.062755 -0.91133 0.013738 0.073505 -0.90952 0.013204 0.07317 -0.90235 0.026681 0.089484 -0.90392 0.027143 0.089774 -0.90932 0.014669 0.072011 -0.90218 0.027951 0.08848 -0.91113 0.015203 0.072346 -0.90375 0.028414 0.08877 -0.89651 0.037732 0.10282 -0.89784 0.038124 0.10307 -0.89637 0.038807 0.10197 -0.89769 0.039199 0.10222 -0.90994 0.011917 0.096543 -0.90867 0.01086 0.097721 -0.92646 0.0050154 0.11012 -0.92756 0.0059319 0.1091 -0.90839 0.012552 0.098826 -0.92622 0.0064821 0.11108 -0.90966 0.013609 0.097648 -0.92732 0.0073977 0.11006 -0.94103 0.00026703 0.12026 -0.94196 0.0010424 0.1194 -0.94082 0.0015078 0.12107 -0.94176 0.0022831 0.12021 -0.90955 0.0102 0.12318 -0.90855 0.0095882 0.12232 -0.89813 0.0080051 0.13449 -0.899 0.0085354 0.13523 -0.90799 0.010924 0.12206 -0.89764 0.0091639 0.13426 -0.90899 0.011536 0.12291 -0.89851 0.0096931 0.135 -0.88961 0.0067339 0.14445 -0.89034 0.0071821 0.14508 -0.8892 0.0077133 0.14425 -0.88993 0.0081615 0.14488 -0.91018 0.010073 0.14759 -0.90949 0.0099888 0.14802 -0.91238 0.016729 0.15334 -0.91297 0.016802 0.15298 -0.90912 0.010546 0.14757 -0.91205 0.017211 0.15296 -0.9098 0.010629 0.14715 -0.91264 0.017284 0.15259 -0.91474 0.022252 0.15769 -0.91524 0.022313 0.15738 -0.91446 0.022659 0.15736 -0.91496 0.022721 0.15705 -0.6127 -0.024583 0.023811 -0.61556 -0.019358 0.023879 -0.61325 -0.018892 0.057213 -0.61068 -0.023577 0.057187 -0.6215 -0.01922 0.024344 -0.61858 -0.018769 0.057628 -0.62457 -0.024307 0.024741 -0.62133 -0.02333 0.058016 -0.62171 -0.029532 0.024673 -0.61876 -0.028013 0.05799 -0.61578 -0.02967 0.024208 -0.61344 -0.028136 0.057575 -0.61095 -0.017946 0.090638 -0.60869 -0.022092 0.090564 -0.61567 -0.017837 0.090999 -0.61811 -0.021873 0.091286 -0.61584 -0.026019 0.091213 -0.61113 -0.026128 0.090852 -0.60873 -0.018332 0.12418 -0.60677 -0.021937 0.12396 -0.61283 -0.018236 0.12449 -0.61497 -0.021748 0.12457 -0.613 -0.025353 0.12435 -0.60891 -0.025448 0.12404 -0.60662 -0.020422 0.15765 -0.60496 -0.023484 0.15737 -0.61011 -0.020341 0.1579 -0.61193 -0.023323 0.15788 -0.61027 -0.026385 0.1576 -0.60679 -0.026466 0.15735 -0.60461 -0.022735 0.19095 -0.60324 -0.02526 0.19079 -0.60748 -0.022669 0.19116 -0.60898 -0.025127 0.19119 -0.6076 -0.027653 0.19103 -0.60473 -0.027719 0.19082 -0.60262 -0.023279 0.22427 -0.60154 -0.025266 0.22419 -0.60488 -0.023227 0.22442 -0.60605 -0.025161 0.2245 -0.60497 -0.027147 0.22442 -0.60271 -0.027199 0.22427 -0.61864 -0.024446 0.024276 -0.6038 -0.025213 0.22435 -0.61457 -0.023276 0.061689 -0.61611 -0.02258 0.061354 -0.61077 -0.0067158 0.070628 -0.60944 -0.0073185 0.070919 -0.61671 -0.023218 0.062845 -0.61129 -0.007268 0.07192 -0.61518 -0.023913 0.06318 -0.60996 -0.0078707 0.072211 -0.60639 0.0062485 0.078238 -0.60526 0.0057383 0.078484 -0.60683 0.0057812 0.079332 -0.6057 0.005271 0.079578 -0.6129 -0.022315 0.084983 -0.61455 -0.02083 0.084196 -0.63389 -0.034222 0.10022 -0.63246 -0.035508 0.10091 -0.61502 -0.022289 0.082396 -0.6343 -0.035486 0.098663 -0.61338 -0.023773 0.083183 -0.63287 -0.036773 0.099346 -0.6497 -0.045215 0.11332 -0.6485 -0.046303 0.1139 -0.65005 -0.046285 0.112 -0.64884 -0.047373 0.11258 -0.61105 -0.021965 0.10357 -0.61235 -0.019935 0.10504 -0.58368 -0.018732 0.12897 -0.58255 -0.020492 0.1277 -0.61359 -0.021881 0.10667 -0.58474 -0.020419 0.13038 -0.61229 -0.023911 0.1052 -0.58362 -0.022178 0.12911 -0.56021 -0.017797 0.14855 -0.55926 -0.019284 0.14748 -0.56112 -0.019223 0.14975 -0.56016 -0.020712 0.14867 -0.6087 -0.021989 0.12721 -0.61034 -0.020144 0.12552 -0.62021 -0.00033092 0.15771 -0.61878 -0.0019293 0.15918 -0.61271 -0.02191 0.1259 -0.62226 -0.0018606 0.15804 -0.61107 -0.023755 0.12759 -0.62084 -0.0034599 0.15951 -0.62829 0.015837 0.18408 -0.62709 0.014483 0.18532 -0.63003 0.014542 0.18436 -0.62883 0.013188 0.1856 -0.60717 -0.022998 0.14798 -0.6091 -0.021551 0.1494 -0.60937 -0.047206 0.17513 -0.6077 -0.04846 0.17389 -0.61112 -0.022908 0.14802 -0.61113 -0.048382 0.17393 -0.60919 -0.024355 0.14659 -0.60946 -0.049636 0.17269 -0.6096 -0.068231 0.19614 -0.60819 -0.069291 0.19509 -0.61109 -0.069225 0.19512 -0.60967 -0.070287 0.19408 -0.60654 -0.024073 0.16824 -0.6082 -0.022655 0.16887 -0.58965 -0.0083733 0.1854 -0.58821 -0.0096016 0.18485 -0.60869 -0.024003 0.17065 -0.59007 -0.0095425 0.18694 -0.60703 -0.025421 0.17002 -0.58863 -0.010771 0.18639 -0.57445 0.0032787 0.19893 -0.57323 0.0022383 0.19847 -0.57481 0.0022888 0.20023 -0.57359 0.0012493 0.19977 -0.60536 -0.025199 0.19165 -0.60613 -0.024128 0.19093 -0.61987 -0.024974 0.20506 -0.6192 -0.025903 0.20568 -0.60687 -0.025178 0.19014 -0.62051 -0.025884 0.20438 -0.60609 -0.02625 0.19086 -0.61984 -0.026813 0.205 -0.63111 -0.025692 0.21662 -0.63054 -0.026478 0.21715 -0.63166 -0.026462 0.21604 -0.63109 -0.027247 0.21657 -0.60398 -0.025225 0.21182 -0.60439 -0.024469 0.21261 -0.59572 -0.031572 0.22392 -0.59537 -0.032228 0.22323 -0.60527 -0.025187 0.21285 -0.59648 -0.032195 0.22412 -0.60487 -0.025943 0.21206 -0.59613 -0.03285 0.22344 -0.58862 -0.037402 0.23316 -0.58833 -0.037956 0.23258 -0.58927 -0.037929 0.23334 -0.58898 -0.038483 0.23275 -0.61073 -0.022017 0.094217 -0.61371 -0.018778 0.092752 -0.62948 -0.025184 0.11283 -0.6272 -0.027658 0.11395 -0.61588 -0.021936 0.090115 -0.63113 -0.027596 0.11081 -0.6129 -0.025176 0.09158 -0.62885 -0.030069 0.11193 -0.64525 -0.03153 0.13291 -0.64362 -0.033298 0.13371 -0.64643 -0.033254 0.13147 -0.64481 -0.035021 0.13227 -0.64503 -0.033276 0.13259 -0.30157 0.010265 0.028398 -0.30469 0.0054369 0.028363 -0.30145 0.0034685 0.060138 -0.29865 0.0077906 0.060277 -0.30209 0.00033951 0.027833 -0.29912 -0.0011044 0.059684 -0.29637 7.0572e-05 0.027339 -0.29398 -0.0013542 0.059368 -0.29325 0.004899 0.027375 -0.29118 0.0029678 0.059507 -0.29585 0.0099964 0.027904 -0.29351 0.0075397 0.059961 -0.29983 0.00096989 0.09183 -0.29734 0.0047798 0.09214 -0.29776 -0.0030794 0.09148 -0.29321 -0.0033188 0.091439 -0.29072 0.00049114 0.091749 -0.29279 0.0045404 0.092099 -0.29998 -0.0019274 0.12368 -0.29782 0.0013828 0.12401 -0.29818 -0.0054531 0.12344 -0.29422 -0.0056686 0.12354 -0.29207 -0.0023594 0.12388 -0.29387 0.0011663 0.12412 -0.30055 -0.0043573 0.15574 -0.29871 -0.0015345 0.15592 -0.29902 -0.0073586 0.15561 -0.29565 -0.0075359 0.15566 -0.29381 -0.0047121 0.15584 -0.29535 -0.0017118 0.15597 -0.29985 -0.005394 0.18791 -0.29834 -0.0030622 0.18788 -0.29859 -0.0078669 0.18786 -0.29581 -0.008009 0.18777 -0.2943 -0.0056772 0.18774 -0.29557 -0.0032043 0.1878 -0.29746 -0.0048723 0.22 -0.29628 -0.0030403 0.21991 -0.29647 -0.0068178 0.21998 -0.29429 -0.0069304 0.21986 -0.29311 -0.0050983 0.21976 -0.2941 -0.0031528 0.21979 -0.29897 0.005168 0.027869 -0.29529 -0.0049858 0.21988 -0.29669 0.0038948 0.064074 -0.29671 0.0023947 0.063365 -0.31263 -0.0030985 0.075566 -0.31262 -0.0017986 0.07618 -0.29565 0.0018444 0.064522 -0.31171 -0.0035753 0.076569 -0.29564 0.0033445 0.065231 -0.3117 -0.0022745 0.077183 -0.32564 -0.0075808 0.085571 -0.32563 -0.0064812 0.086091 -0.32486 -0.0079842 0.08642 -0.32486 -0.0068846 0.086939 -0.29613 0.0012646 0.10143 -0.29676 -0.0012283 0.10088 -0.27679 -0.010881 0.12318 -0.27625 -0.0087214 0.12365 -0.29481 -0.0013266 0.099107 -0.27511 -0.010966 0.12164 -0.29419 0.0011663 0.099653 -0.27457 -0.0088062 0.12212 -0.26043 -0.018751 0.14141 -0.25997 -0.016923 0.14181 -0.25901 -0.018823 0.14011 -0.25855 -0.016995 0.14051 -0.29704 -0.0019808 0.13468 -0.29832 -0.0038595 0.13637 -0.30676 0.01936 0.15556 -0.30566 0.020988 0.1541 -0.29591 -0.0041714 0.13785 -0.30468 0.019089 0.15684 -0.29464 -0.0022926 0.13615 -0.30358 0.020718 0.15537 -0.31363 0.038375 0.17126 -0.3127 0.039753 0.17002 -0.31187 0.038147 0.17234 -0.31094 0.039524 0.1711 -0.29764 -0.0040398 0.17316 -0.29846 -0.0054035 0.17191 -0.2991 -0.020394 0.18899 -0.29839 -0.019212 0.19008 -0.29661 -0.0060606 0.17142 -0.2975 -0.020964 0.18856 -0.29579 -0.0046968 0.17267 -0.29679 -0.019781 0.18965 -0.29959 -0.032651 0.20297 -0.29899 -0.031651 0.20389 -0.29823 -0.033133 0.20261 -0.29763 -0.032132 0.20353 -0.29629 -0.0044794 0.2084 -0.29633 -0.0054398 0.20898 -0.28699 -0.0012875 0.2164 -0.28695 -0.0004549 0.21589 -0.29557 -0.005888 0.20829 -0.28633 -0.0016756 0.21579 -0.29553 -0.0049267 0.20771 -0.2863 -0.00084305 0.21529 -0.27934 0.0021162 0.22245 -0.27931 0.002821 0.22202 -0.27878 0.0017872 0.22194 -0.27875 0.002492 0.22151 -0.0063629 -0.019437 0.029907 -0.010731 -0.016539 0.030003 -0.012096 -0.02005 0.059098 -0.0081854 -0.022657 0.059109 -0.015417 -0.018845 0.029549 -0.0163 -0.022119 0.058709 -0.015736 -0.024049 0.028998 -0.016592 -0.026796 0.058331 -0.011368 -0.026947 0.028901 -0.012681 -0.029404 0.058342 -0.0066814 -0.024641 0.029356 -0.0084772 -0.027335 0.058731 -0.013928 -0.022086 0.088151 -0.010478 -0.024402 0.088333 -0.01765 -0.02392 0.087855 -0.017921 -0.028069 0.08774 -0.014471 -0.030385 0.087922 -0.010749 -0.028551 0.088218 -0.016101 -0.022497 0.11739 -0.013103 -0.024508 0.11761 -0.019341 -0.024095 0.11719 -0.019582 -0.027704 0.11721 -0.016583 -0.029716 0.11744 -0.013343 -0.028118 0.11763 -0.017839 -0.022544 0.14682 -0.015284 -0.024252 0.14691 -0.020597 -0.023905 0.14672 -0.020796 -0.026974 0.1467 -0.018239 -0.028683 0.14679 -0.015483 -0.027321 0.1469 -0.01832 -0.02376 0.17631 -0.016212 -0.025163 0.17622 -0.020592 -0.024883 0.17627 -0.020754 -0.027409 0.17615 -0.018645 -0.028811 0.17606 -0.016375 -0.027688 0.17609 -0.017401 -0.026531 0.20567 -0.015745 -0.027631 0.20553 -0.019187 -0.027415 0.20566 -0.019317 -0.029398 0.20551 -0.01766 -0.030497 0.20537 -0.015875 -0.029613 0.20538 -0.011049 -0.021743 0.029452 -0.01753 -0.028514 0.20552 -0.011704 -0.024467 0.062613 -0.013083 -0.024428 0.061986 -0.017731 -0.010071 0.073537 -0.016536 -0.010105 0.07408 -0.01358 -0.025409 0.063036 -0.018161 -0.010921 0.074446 -0.012201 -0.025448 0.063662 -0.016967 -0.010955 0.074989 -0.021523 0.0016632 0.083007 -0.020512 0.0016346 0.083467 -0.021887 0.00094414 0.083777 -0.020876 0.00091553 0.084237 -0.013561 -0.025636 0.096875 -0.015835 -0.025031 0.096424 -0.024542 -0.043537 0.11665 -0.022571 -0.044062 0.11704 -0.015973 -0.026767 0.094766 -0.024661 -0.045042 0.11521 -0.0137 -0.027372 0.095218 -0.02269 -0.045567 0.1156 -0.031639 -0.058707 0.13318 -0.029971 -0.059151 0.13352 -0.03174 -0.05998 0.13197 -0.030072 -0.060424 0.1323 -0.016022 -0.025385 0.12742 -0.017695 -0.024231 0.12902 0.0038595 -0.017137 0.14641 0.0053101 -0.018137 0.14502 -0.017986 -0.026443 0.13033 0.0036077 -0.019054 0.14755 -0.016313 -0.027597 0.12873 0.0050583 -0.020055 0.14615 0.021512 -0.011374 0.16063 0.02274 -0.012219 0.15945 0.021299 -0.012997 0.16159 0.022527 -0.013843 0.16042 -0.017327 -0.025517 0.16273 -0.01858 -0.024733 0.16162 -0.031994 -0.024298 0.17751 -0.030909 -0.024978 0.17847 -0.019208 -0.026402 0.16114 -0.032538 -0.025743 0.1771 -0.017955 -0.027186 0.16225 -0.031452 -0.026424 0.17806 -0.042961 -0.023972 0.19052 -0.042043 -0.024548 0.19133 -0.043422 -0.025195 0.19017 -0.042502 -0.025771 0.19098 -0.017226 -0.027392 0.19501 -0.018093 -0.027358 0.19556 -0.014305 -0.036058 0.20212 -0.013553 -0.036089 0.20165 -0.018521 -0.028031 0.19491 -0.014675 -0.036642 0.20156 -0.017653 -0.028067 0.19436 -0.013924 -0.036673 0.20109 -0.0112 -0.043186 0.20748 -0.010564 -0.043212 0.20708 -0.011514 -0.04368 0.207 -0.010878 -0.043706 0.2066 0.29077 0.0054216 0.02956 0.28511 0.0043955 0.029606 0.28561 0.0052891 0.062483 0.29068 0.0062132 0.062559 0.28318 -0.001008 0.029844 0.28388 0.00044346 0.062685 0.28689 -0.0053854 0.030035 0.28721 -0.0034781 0.062963 0.29255 -0.0043602 0.029988 0.29227 -0.0025539 0.063038 0.29448 0.0010433 0.029751 0.29401 0.0022917 0.062836 0.2846 0.0065899 0.095498 0.28908 0.0074091 0.095658 0.28306 0.0023022 0.095649 0.28601 -0.0011663 0.095959 0.29049 -0.00034714 0.096119 0.29203 0.0039406 0.095968 0.2838 0.0075588 0.12874 0.2877 0.0082636 0.12875 0.28246 0.00383 0.12883 0.28502 0.0008049 0.12894 0.28892 0.0015097 0.12895 0.29026 0.0052395 0.12885 0.28514 0.0074062 0.16194 0.28845 0.0080032 0.16171 0.284 0.0042362 0.16198 0.28617 0.0016613 0.1618 0.28948 0.0022583 0.16157 0.29062 0.0054283 0.16153 0.28912 0.0059271 0.19485 0.29183 0.006424 0.19451 0.28817 0.003315 0.19486 0.28994 0.0011997 0.19452 0.29265 0.0016975 0.19418 0.2936 0.0043087 0.19418 0.29434 0.0036507 0.22752 0.29647 0.0040436 0.22721 0.2936 0.0015974 0.22751 0.29498 -6.2943e-05 0.2272 0.29711 0.00033092 0.22689 0.29785 0.0023842 0.2269 0.28883 1.812e-05 0.029797 0.29573 0.0019903 0.2272 0.28915 0.0026627 0.067736 0.28782 0.0017347 0.068118 0.2976 -0.0064135 0.08239 0.29874 -0.0056095 0.082059 0.28835 0.00056362 0.067038 0.29805 -0.0074282 0.081455 0.28967 0.0014915 0.066657 0.2992 -0.0066242 0.081124 0.30561 -0.013083 0.09405 0.30658 -0.012403 0.09377 0.30599 -0.013942 0.093258 0.30696 -0.013262 0.092978 0.28772 0.0040493 0.095585 0.28576 0.0032587 0.096901 0.28533 0.029333 0.11246 0.28703 0.030018 0.11132 0.28727 0.002306 0.098675 0.28663 0.028507 0.114 0.28923 0.0030975 0.097359 0.28833 0.029193 0.11286 0.28501 0.050664 0.1252 0.28645 0.051244 0.12423 0.28612 0.049966 0.1265 0.28756 0.050546 0.12554 0.28704 0.0059443 0.12813 0.28459 0.0053024 0.12673 0.27499 -0.012265 0.15365 0.27711 -0.011708 0.15487 0.28582 0.0029545 0.12559 0.27605 -0.014299 0.15267 0.28827 0.0035973 0.12699 0.27818 -0.013743 0.15388 0.26718 -0.026659 0.17568 0.26897 -0.026188 0.17671 0.26808 -0.02838 0.17485 0.26987 -0.027909 0.17588 0.2876 0.006176 0.15531 0.28606 0.0059185 0.15748 0.31349 0.014492 0.17915 0.31483 0.014716 0.17728 0.28672 0.0033932 0.15766 0.31407 0.012304 0.17932 0.28826 0.0036507 0.1555 0.31541 0.012527 0.17744 0.33597 0.021481 0.19687 0.3371 0.021669 0.19528 0.33646 0.019629 0.197 0.33759 0.019817 0.19542 0.29033 0.0051861 0.18555 0.28918 0.0039625 0.185 0.27453 0.013203 0.19624 0.27553 0.014262 0.19672 0.28958 0.0029688 0.18645 0.27488 0.012341 0.19749 0.29074 0.0041914 0.187 0.27588 0.013401 0.19797 0.26256 0.020764 0.20545 0.26341 0.021661 0.20586 0.26286 0.020036 0.20652 0.26371 0.020932 0.20692 0.29422 0.003212 0.21596 0.29326 0.0026636 0.21576 0.29652 -0.0054998 0.22367 0.29735 -0.005024 0.22384 0.29375 0.0020809 0.21492 0.29695 -0.0060053 0.22294 0.29471 0.0026293 0.21511 0.29778 -0.0055294 0.22311 0.2992 -0.012179 0.23013 0.29991 -0.011777 0.23028 0.29957 -0.012607 0.22952 0.30027 -0.012205 0.22966 0.28856 0.0052071 0.087849 0.28475 0.0036316 0.089633 0.28824 0.017273 0.10881 0.29114 0.018476 0.10745 0.28704 0.00039959 0.091776 0.28999 0.014804 0.11045 0.29084 0.0019751 0.089992 0.29289 0.016007 0.10908 0.29167 0.030929 0.12798 0.29375 0.031788 0.12701 0.29292 0.029165 0.12915 0.295 0.030025 0.12818 0.29333 0.030477 0.12808 0.60615 0.025986 0.029671 0.60362 0.021419 0.029735 0.60505 0.021339 0.059957 0.6073 0.025434 0.059776 0.60632 0.016949 0.029637 0.60746 0.017331 0.059875 0.61153 0.017045 0.029475 0.61213 0.017417 0.059612 0.61406 0.021612 0.029411 0.61439 0.021511 0.05943 0.61136 0.026083 0.029509 0.61198 0.02552 0.059512 0.60786 0.022183 0.090158 0.60985 0.025803 0.089867 0.61 0.018637 0.0901 0.61412 0.018709 0.089752 0.61611 0.022328 0.089461 0.61398 0.025875 0.089519 0.61082 0.023267 0.12014 0.61255 0.026417 0.11996 0.61267 0.020183 0.12011 0.61627 0.020247 0.11989 0.61801 0.023396 0.11971 0.61615 0.026481 0.11974 0.61231 0.023666 0.15004 0.61379 0.026346 0.15005 0.61389 0.021044 0.15003 0.61695 0.0211 0.15004 0.61843 0.023779 0.15006 0.61685 0.026402 0.15006 0.61174 0.023042 0.18002 0.61296 0.025248 0.18016 0.61304 0.020881 0.18003 0.61556 0.020926 0.18018 0.61678 0.02313 0.18033 0.61548 0.025291 0.18032 0.61005 0.021937 0.21015 0.611 0.02367 0.21029 0.61107 0.020239 0.21016 0.61305 0.020273 0.21032 0.614 0.022006 0.21047 0.61298 0.023705 0.21045 0.60884 0.021516 0.029573 0.61203 0.021972 0.21031 0.6095 0.022426 0.064183 0.60934 0.021357 0.063096 0.60033 0.012904 0.073695 0.60047 0.013831 0.074637 0.61057 0.020658 0.063637 0.6014 0.012299 0.074163 0.61073 0.021728 0.064724 0.60154 0.013226 0.075106 0.59298 0.0059938 0.082386 0.5931 0.0067778 0.083184 0.59388 0.0054808 0.082783 0.594 0.0062656 0.08358 0.61131 0.02359 0.091539 0.61116 0.021386 0.091961 0.63123 0.024416 0.11595 0.63136 0.026326 0.11559 0.61286 0.021008 0.09049 0.63271 0.024088 0.11468 0.61301 0.023212 0.090068 0.63284 0.025998 0.11431 0.64768 0.026917 0.13556 0.64779 0.028533 0.13525 0.64893 0.026639 0.13448 0.64904 0.028255 0.13417 0.6135 0.024525 0.11696 0.61283 0.022145 0.11782 0.59935 0.034028 0.14135 0.59993 0.03609 0.1406 0.61503 0.022009 0.11927 0.60125 0.03391 0.14261 0.6157 0.024388 0.11842 0.60183 0.035973 0.14186 0.58835 0.043777 0.1606 0.58884 0.045523 0.15997 0.58996 0.043677 0.16167 0.59045 0.045423 0.16104 0.6145 0.024848 0.14622 0.61369 0.023088 0.14479 0.61432 0.0053425 0.16821 0.61503 0.0068674 0.16945 0.61593 0.022472 0.14423 0.61626 0.0048084 0.16773 0.61674 0.024232 0.14567 0.61696 0.0063334 0.16897 0.61487 -0.0091629 0.18738 0.61547 -0.0078735 0.18843 0.61651 -0.0096149 0.18698 0.61711 -0.0083246 0.18803 0.61402 0.024122 0.17182 0.61375 0.023232 0.17318 0.62526 0.036831 0.18518 0.6255 0.037602 0.18401 0.61507 0.022382 0.17286 0.62641 0.036094 0.18491 0.61535 0.023272 0.17151 0.62665 0.036865 0.18374 0.6347 0.047957 0.19499 0.6349 0.04861 0.19399 0.63567 0.047334 0.19476 0.63587 0.047986 0.19376 0.61249 0.022942 0.19917 0.61257 0.021956 0.19891 0.60188 0.019238 0.20683 0.60181 0.020092 0.20705 0.61317 0.021805 0.19975 0.6024 0.019107 0.20755 0.61309 0.022789 0.2 0.60233 0.01996 0.20778 0.59314 0.017025 0.21332 0.59308 0.017747 0.21351 0.59359 0.016913 0.21394 0.59353 0.017635 0.21412 0.89489 0.0097446 0.028842 0.89703 0.0037212 0.029317 0.89443 0.0059977 0.06559 0.89252 0.01139 0.065016 0.90332 0.0025902 0.029893 0.90007 0.0049839 0.066114 0.90746 0.0074835 0.029995 0.90379 0.0093622 0.066063 0.90532 0.013507 0.029519 0.90188 0.014754 0.065489 0.89903 0.014638 0.028943 0.89625 0.015768 0.064965 0.89211 0.010308 0.10181 0.89044 0.015065 0.10115 0.8971 0.0094118 0.10229 0.9004 0.013272 0.10211 0.89873 0.018028 0.10144 0.89375 0.018925 0.10096 0.88971 0.014934 0.13775 0.88825 0.019079 0.13725 0.89405 0.014154 0.13819 0.89692 0.017521 0.13814 0.89545 0.021667 0.13764 0.89112 0.022446 0.13719 0.88677 0.017649 0.17358 0.88551 0.021186 0.17336 0.89045 0.016988 0.17398 0.89287 0.019862 0.17416 0.89161 0.023399 0.17395 0.88793 0.02406 0.17355 0.88309 0.017639 0.20951 0.88204 0.020552 0.20949 0.88613 0.017095 0.20986 0.8881 0.019463 0.21019 0.88704 0.022375 0.21017 0.88401 0.02292 0.20982 0.87893 0.016205 0.24561 0.87809 0.018493 0.24563 0.88131 0.015777 0.24589 0.88286 0.017637 0.2462 0.88202 0.019925 0.24622 0.87964 0.020352 0.24594 0.90117 0.0086145 0.029418 0.88048 0.018064 0.24591 0.8965 0.01114 0.070782 0.89749 0.010085 0.069598 0.89663 -0.004714 0.082769 0.89577 -0.0038004 0.083795 0.89905 0.010674 0.070402 0.89798 -0.0042048 0.083465 0.89806 0.011728 0.071585 0.89713 -0.0032902 0.084491 0.89593 -0.016804 0.093569 0.89521 -0.01603 0.094437 0.89708 -0.016372 0.094158 0.89635 -0.015598 0.095026 0.89343 0.014679 0.1035 0.89528 0.012771 0.10426 0.90567 0.03459 0.1338 0.90407 0.036243 0.13314 0.89718 0.013988 0.10264 0.90732 0.035645 0.1324 0.89534 0.015897 0.10188 0.90572 0.037298 0.13174 0.91417 0.05248 0.15794 0.91282 0.053879 0.15738 0.91557 0.053372 0.15675 0.91422 0.054771 0.1562 0.89113 0.018327 0.13395 0.89266 0.015809 0.13522 0.8679 0.013753 0.16117 0.86658 0.015935 0.16007 0.89437 0.017778 0.13711 0.86939 0.01546 0.1628 0.89285 0.020296 0.13584 0.86806 0.017642 0.1617 0.84765 0.012126 0.18241 0.84653 0.013972 0.18147 0.84891 0.01357 0.18379 0.84779 0.015416 0.18286 0.88794 0.020505 0.16899 0.88908 0.018283 0.16744 0.9029 0.005312 0.19764 0.90192 0.0072374 0.19899 0.89152 0.019832 0.16699 0.90502 0.0066538 0.19725 0.89038 0.022054 0.16854 0.90403 0.0085793 0.1986 0.91423 -0.0052557 0.22237 0.91339 -0.0036259 0.22351 0.91602 -0.0041199 0.22204 0.91518 -0.00249 0.22317 0.88498 0.020342 0.1997 0.88541 0.019416 0.20142 0.88071 0.04146 0.21484 0.88034 0.042262 0.21335 0.8873 0.019941 0.20122 0.88235 0.041916 0.21467 0.88687 0.020867 0.1995 0.88198 0.042718 0.21318 0.87689 0.059514 0.2258 0.87657 0.060192 0.22454 0.87827 0.059899 0.22565 0.87796 0.060578 0.2244 0.88137 0.018897 0.23249 0.88237 0.018167 0.23231 0.87523 0.0063591 0.24148 0.87437 0.0069923 0.24164 0.88289 0.018632 0.23336 0.87569 0.0067625 0.2424 0.88189 0.019362 0.23355 0.87482 0.0073957 0.24256 0.86939 -0.0032864 0.24901 0.86866 -0.0027504 0.24914 0.86977 -0.0029449 0.24978 0.86904 -0.0024099 0.24992 1.2181 -0.014595 0.029333 1.2177 -0.018705 0.029307 1.2187 -0.018719 0.052849 1.219 -0.015034 0.052804 1.221 -0.021111 0.029201 1.2217 -0.020877 0.052761 1.2248 -0.019408 0.029121 1.225 -0.019349 0.052627 1.2252 -0.015298 0.029147 1.2254 -0.015663 0.052581 1.2219 -0.012891 0.029252 1.2224 -0.013506 0.05267 1.2201 -0.017941 0.07643 1.2204 -0.014684 0.076258 1.2228 -0.019851 0.076367 1.2257 -0.018502 0.076133 1.2261 -0.015245 0.075962 1.2234 -0.013336 0.076024 1.222 -0.016235 0.099912 1.2223 -0.013406 0.0997 1.2243 -0.017896 0.099879 1.2269 -0.016726 0.099634 1.2272 -0.013898 0.099422 1.2249 -0.012237 0.099455 1.2237 -0.0145 0.12326 1.224 -0.012091 0.12315 1.2257 -0.015911 0.12325 1.2279 -0.014915 0.12313 1.2281 -0.012506 0.12302 1.2262 -0.011093 0.12302 1.2244 -0.013895 0.14658 1.2246 -0.011909 0.14662 1.226 -0.015059 0.14659 1.2278 -0.014235 0.14664 1.228 -0.012248 0.14667 1.2264 -0.011086 0.14666 1.2237 -0.014824 0.17003 1.2239 -0.013264 0.17012 1.225 -0.015738 0.17005 1.2264 -0.015092 0.17015 1.2266 -0.013533 0.17023 1.2253 -0.012618 0.17022 1.2215 -0.017001 0.029227 1.2252 -0.014178 0.17013 1.2216 -0.016676 0.056422 1.2216 -0.017629 0.055689 1.2232 -0.025611 0.066726 1.2232 -0.024785 0.067361 1.2228 -0.017539 0.055583 1.2242 -0.025535 0.066633 1.2228 -0.016586 0.056316 1.2242 -0.024709 0.067268 1.2246 -0.03213 0.075763 1.2246 -0.031431 0.0763 1.2254 -0.032064 0.075685 1.2254 -0.031366 0.076222 1.2229 -0.014803 0.091536 1.2237 -0.016507 0.092298 1.2371 -0.0036449 0.10772 1.2364 -0.0021687 0.10706 1.2252 -0.016429 0.090899 1.2384 -0.0035772 0.10651 1.2244 -0.014725 0.090137 1.2377 -0.0021 0.10585 1.2481 0.0068998 0.12031 1.2475 0.0081501 0.11975 1.2492 0.0069571 0.11928 1.2486 0.0082073 0.11872 1.2251 -0.012818 0.12585 1.2255 -0.014482 0.126 1.2151 -0.01559 0.14142 1.2148 -0.014149 0.14129 1.2269 -0.014066 0.127 1.2163 -0.015229 0.14229 1.2265 -0.012403 0.12685 1.2159 -0.013788 0.14216 1.2066 -0.016471 0.15405 1.2063 -0.015252 0.15394 1.2076 -0.016167 0.15478 1.2073 -0.014947 0.15467 1.2252 -0.013562 0.16212 1.2252 -0.014246 0.16168 1.2315 -0.018404 0.16818 1.2315 -0.017811 0.16856 1.2258 -0.013997 0.16123 1.232 -0.018188 0.16779 1.2259 -0.013313 0.16166 1.232 -0.017595 0.16817 1.2366 -0.021795 0.1735 1.2366 -0.021293 0.17382 1.2371 -0.021612 0.17317 1.2371 -0.021111 0.17349 1.5312 0.021731 0.027414 1.5276 0.024982 0.027523 1.5285 0.024693 0.055355 1.5317 0.021777 0.055144 1.5229 0.023437 0.027697 1.5243 0.023306 0.055517 1.5219 0.018639 0.027763 1.5234 0.019005 0.055468 1.5256 0.015388 0.027655 1.5267 0.016089 0.055257 1.5302 0.016933 0.02748 1.5309 0.017476 0.055094 1.5299 0.022935 0.083195 1.5328 0.02036 0.082888 1.5262 0.021709 0.083353 1.5254 0.017907 0.083203 1.5283 0.015331 0.082896 1.532 0.016558 0.082738 1.5316 0.020995 0.11084 1.5341 0.018751 0.11063 1.5284 0.019929 0.11099 1.5277 0.01662 0.11094 1.5302 0.014377 0.11073 1.5334 0.015442 0.11058 1.5329 0.020533 0.13835 1.535 0.018626 0.13834 1.5301 0.019627 0.1385 1.5296 0.016814 0.13864 1.5317 0.014908 0.13862 1.5344 0.015814 0.13847 1.5337 0.022165 0.1659 1.5354 0.020603 0.16601 1.5314 0.02142 0.16604 1.5309 0.019112 0.16628 1.5327 0.01755 0.16639 1.535 0.018295 0.16625 1.5342 0.024933 0.19355 1.5356 0.023707 0.19366 1.5325 0.024346 0.19366 1.5321 0.022535 0.19389 1.5335 0.021311 0.19401 1.5353 0.021897 0.19389 1.5266 0.020185 0.027589 1.5339 0.023122 0.19378 1.5287 0.020528 0.059388 1.5277 0.020864 0.058418 1.5223 0.031194 0.068068 1.5231 0.030903 0.068909 1.5269 0.019901 0.058991 1.5215 0.030359 0.068564 1.5279 0.019566 0.05996 1.5224 0.030068 0.069405 1.5178 0.039629 0.075983 1.5185 0.039383 0.076694 1.5172 0.038923 0.076402 1.5179 0.038677 0.077113 1.5306 0.019537 0.08456 1.5286 0.020143 0.085017 1.5283 0.0019388 0.1078 1.53 0.0014143 0.1074 1.5278 0.018614 0.08375 1.5276 0.00061417 0.1067 1.5298 0.018008 0.083293 1.5293 8.9645e-05 0.10631 1.528 -0.012981 0.12642 1.5295 -0.013425 0.12608 1.5275 -0.014102 0.12549 1.5289 -0.014546 0.12516 1.532 0.018172 0.10798 1.53 0.019306 0.10882 1.5446 0.029975 0.12947 1.5464 0.028992 0.12874 1.5295 0.017373 0.11026 1.5442 0.028299 0.13071 1.5315 0.016238 0.10941 1.5459 0.027316 0.12998 1.5566 0.038667 0.14637 1.5581 0.037835 0.14575 1.5562 0.037249 0.14742 1.5577 0.036417 0.1468 1.5333 0.018154 0.1349 1.5318 0.019212 0.1336 1.5164 0.023055 0.15576 1.5177 0.022139 0.15688 1.5308 0.017276 0.13321 1.5155 0.021378 0.15542 1.5323 0.016218 0.1345 1.5168 0.02046 0.15654 1.5039 0.026164 0.17389 1.505 0.025389 0.17484 1.5031 0.024744 0.17361 1.5042 0.023968 0.17455 1.5338 0.019587 0.15843 1.5331 0.020064 0.15969 1.5437 0.0071278 0.17074 1.5443 0.0067139 0.16965 1.5321 0.019016 0.15948 1.5428 0.0062199 0.17056 1.5328 0.018539 0.15822 1.5434 0.005806 0.16947 1.5524 -0.0034752 0.17977 1.5529 -0.0038252 0.17884 1.5516 -0.0042439 0.17962 1.5521 -0.0045938 0.17869 1.5342 0.022134 0.18353 1.5333 0.022255 0.18333 1.5333 0.032854 0.19025 1.5341 0.032749 0.19043 1.5331 0.021759 0.18413 1.5331 0.032424 0.19095 1.534 0.021639 0.18433 1.5339 0.03232 0.19112 1.5333 0.041518 0.19593 1.534 0.04143 0.19607 1.5332 0.041155 0.19651 1.5338 0.041066 0.19666 1.8323 -0.028627 0.02532 1.8377 -0.026056 0.02469 1.8384 -0.02015 0.059246 1.8335 -0.022473 0.059703 1.8382 -0.020096 0.023667 1.8388 -0.014795 0.058396 1.8332 -0.016706 0.023273 1.8343 -0.011763 0.058003 1.8277 -0.019277 0.023902 1.8294 -0.014087 0.05846 1.8273 -0.025237 0.024926 1.829 -0.019442 0.05931 1.8379 -0.015025 0.093685 1.8336 -0.017098 0.093977 1.8382 -0.010263 0.093104 1.8343 -0.007576 0.092817 1.8299 -0.0096483 0.093109 1.8296 -0.01441 0.09369 1.8379 -0.011511 0.12799 1.8342 -0.013321 0.12823 1.8382 -0.00735 0.12771 1.8348 -0.0049982 0.12767 1.831 -0.0068073 0.12791 1.8307 -0.010969 0.12819 1.839 -0.010096 0.1624 1.8358 -0.011645 0.16253 1.8392 -0.0065498 0.16239 1.8363 -0.0045538 0.16252 1.8331 -0.0061045 0.16266 1.8328 -0.0096502 0.16266 1.8397 -0.010869 0.19699 1.837 -0.012147 0.19692 1.8399 -0.0079527 0.19718 1.8374 -0.0063143 0.19729 1.8348 -0.0075922 0.19721 1.8346 -0.010509 0.19703 1.838 -0.013529 0.2316 1.8359 -0.014525 0.23144 1.8382 -0.011241 0.23182 1.8363 -0.0099506 0.23187 1.8342 -0.010948 0.23171 1.834 -0.013235 0.23149 1.8327 -0.022666 0.024296 1.8361 -0.012239 0.23165 1.8338 -0.017414 0.064478 1.8349 -0.016971 0.06312 1.8484 -0.0065689 0.077971 1.8475 -0.0069532 0.079147 1.834 -0.015484 0.0629 1.8477 -0.0052805 0.07778 1.8329 -0.015927 0.064258 1.8468 -0.0056648 0.078957 1.8595 0.0019541 0.090135 1.8588 0.0016289 0.091131 1.8589 0.0030441 0.089974 1.8581 0.0027189 0.090969 1.8338 -0.014597 0.089331 1.8353 -0.013112 0.090616 1.8191 -0.01532 0.11364 1.8177 -0.016606 0.11253 1.834 -0.011129 0.089864 1.8179 -0.013601 0.11299 1.8325 -0.012613 0.088579 1.8166 -0.014888 0.11187 1.8057 -0.01712 0.13245 1.8046 -0.018209 0.13151 1.8048 -0.015666 0.1319 1.8036 -0.016754 0.13096 1.8342 -0.011541 0.11378 1.8361 -0.0094767 0.11481 1.8542 -0.034822 0.13319 1.8526 -0.036611 0.1323 1.8343 -0.0090647 0.11724 1.8527 -0.034464 0.1353 1.8325 -0.011129 0.11621 1.8511 -0.036254 0.1344 1.8689 -0.055577 0.14825 1.8676 -0.057092 0.14749 1.8677 -0.055275 0.15003 1.8663 -0.056789 0.14927 1.8349 -0.010284 0.14291 1.8372 -0.0088835 0.14148 1.8379 0.014298 0.167 1.8359 0.013084 0.16824 1.8352 -0.0072079 0.13996 1.8362 0.015752 0.16568 1.833 -0.0086079 0.14139 1.8342 0.014538 0.16693 1.8384 0.03327 0.18788 1.8368 0.032243 0.18893 1.837 0.034499 0.18677 1.8353 0.033472 0.18782 1.8361 -0.0093861 0.16595 1.8377 -0.0090675 0.16798 1.8219 -0.026315 0.18322 1.8205 -0.026591 0.18146 1.8362 -0.0071297 0.16878 1.8207 -0.024635 0.18392 1.8347 -0.0074482 0.16676 1.8193 -0.024912 0.18216 1.8089 -0.040407 0.19568 1.8078 -0.040641 0.19419 1.8079 -0.038985 0.19627 1.8068 -0.039219 0.19478 1.837 -0.010182 0.19379 1.8379 -0.0095034 0.19253 1.8507 -0.0052204 0.20476 1.8499 -0.0058088 0.20586 1.8372 -0.0080299 0.19281 1.8501 -0.0039434 0.20501 1.8363 -0.008709 0.19407 1.8493 -0.0045319 0.2061 1.8611 -0.0017061 0.21479 1.8605 -0.0022039 0.21572 1.8606 -0.00062561 0.215 1.8599 -0.0011234 0.21592 1.8364 -0.01193 0.21953 1.8372 -0.011051 0.21963 1.8301 -0.0060005 0.23127 1.8294 -0.0067625 0.23118 1.8366 -0.01038 0.2189 1.8295 -0.0054188 0.23064 1.8358 -0.011259 0.2188 1.8288 -0.0061808 0.23055 1.8242 -0.0018702 0.24078 1.8236 -0.0025148 0.24071 1.8237 -0.0013781 0.24025 1.8231 -0.0020227 0.24018 1.8342 -0.012578 0.12146 1.8376 -0.0093651 0.12208 1.8467 -0.025734 0.15382 1.8441 -0.028188 0.15335 1.8346 -0.00665 0.12456 1.8444 -0.023661 0.15571 1.8312 -0.0098629 0.12393 1.8419 -0.026114 0.15524 1.856 -0.042098 0.18555 1.8541 -0.043851 0.18521 1.8543 -0.040617 0.1869 1.8525 -0.04237 0.18656 1.8542 -0.042234 0.18605 2.1463 0.0017977 0.019688 2.144 -0.002634 0.020145 2.1446 0.00032711 0.04932 2.1467 0.0042877 0.048791 2.1467 -0.0068369 0.020553 2.1471 -0.0034418 0.049692 2.1517 -0.006609 0.020505 2.1515 -0.0032492 0.049535 2.1541 -0.0021772 0.020048 2.1536 0.00071144 0.049006 2.1513 0.0020266 0.01964 2.1512 0.0044804 0.048634 2.1465 0.0042095 0.078414 2.1484 0.0076971 0.077821 2.1487 0.00087643 0.078758 2.1527 0.0010309 0.078508 2.1545 0.0045195 0.077914 2.1523 0.0078526 0.077571 2.1486 0.0083027 0.10728 2.1502 0.011344 0.10683 2.1504 0.0054054 0.1076 2.1539 0.0055504 0.10746 2.1555 0.0085917 0.10701 2.1536 0.011489 0.10669 2.1492 0.011691 0.13609 2.1506 0.014296 0.13588 2.1508 0.0092297 0.13638 2.1538 0.0093727 0.13645 2.1551 0.011978 0.13624 2.1535 0.01444 0.13595 2.1479 0.014049 0.16505 2.149 0.016206 0.16499 2.1492 0.012023 0.1653 2.1517 0.012154 0.1655 2.1528 0.014311 0.16545 2.1515 0.016337 0.16519 2.1456 0.01593 0.19416 2.1464 0.017629 0.19415 2.1466 0.014338 0.19436 2.1485 0.014443 0.19456 2.1494 0.016142 0.19455 2.1483 0.017735 0.19435 2.149 -0.0024052 0.020097 2.1475 0.016036 0.19436 2.1488 0.001914 0.053387 2.1487 0.00077915 0.052441 2.14 -0.0065098 0.063292 2.1401 -0.0055256 0.064112 2.1499 0.00020123 0.053059 2.141 -0.0070105 0.063827 2.15 0.0013361 0.054005 2.1411 -0.0060272 0.064648 2.1329 -0.012466 0.072189 2.1329 -0.011634 0.072883 2.1337 -0.012891 0.072642 2.1338 -0.012058 0.073336 2.1498 0.0057907 0.079684 2.1497 0.0037222 0.080305 2.1683 0.0095787 0.10359 2.1683 0.011373 0.10305 2.1514 0.0032644 0.078963 2.1697 0.0091829 0.10242 2.1515 0.0053329 0.078342 2.1698 0.010976 0.10189 2.1835 0.014391 0.12261 2.1836 0.015908 0.12216 2.1847 0.014055 0.12163 2.1848 0.015573 0.12117 2.1512 0.0092669 0.10415 2.1506 0.0070591 0.1052 2.1367 0.020354 0.1264 2.1373 0.022268 0.12549 2.1527 0.0071373 0.10666 2.1385 0.020422 0.12767 2.1533 0.0093451 0.10561 2.1391 0.022336 0.12676 2.1254 0.03126 0.14375 2.1259 0.032879 0.14298 2.1269 0.031317 0.14482 2.1274 0.032936 0.14405 2.1514 0.012505 0.13234 2.1507 0.010658 0.13112 2.1512 -0.0039616 0.15547 2.1518 -0.0023613 0.15653 2.1529 0.01008 0.1307 2.1531 -0.0044622 0.15511 2.1536 0.011927 0.13192 2.1537 -0.002862 0.15617 2.1516 -0.015907 0.1754 2.1521 -0.014553 0.1763 2.1532 -0.016332 0.17509 2.1537 -0.014977 0.17599 2.1503 0.014335 0.15709 2.15 0.013611 0.15848 2.1604 0.028131 0.16896 2.1607 0.028759 0.16776 2.1513 0.012805 0.15829 2.1616 0.027433 0.1688 2.1516 0.01353 0.1569 2.1618 0.028061 0.1676 2.1689 0.040011 0.17753 2.1691 0.040543 0.17651 2.1699 0.03942 0.17739 2.1701 0.039951 0.17637 2.1482 0.015872 0.18353 2.1483 0.014908 0.18338 2.1379 0.012784 0.19105 2.1378 0.01362 0.19117 2.1488 0.014863 0.18422 2.1384 0.012745 0.19177 2.1487 0.015827 0.18437 2.1383 0.013581 0.1919 2.1294 0.011058 0.19733 2.1293 0.011765 0.19744 2.1298 0.011024 0.19794 2.1297 0.011732 0.19805</float_array><technique_common><accessor source="#ROW_18_SEG0_solid-pos-a" count="1683" stride="3"><param name="X" type="float"/><param name="Y" type="float"/><param name="Z" type="float"/></accessor></technique_common></source>
        <source id="ROW_18_SEG0_solid-nrm"><float_array id="ROW_18_SEG0_solid-nrm-a" count="4803">0.19 -0.721 0.667 0.774 -0.208 0.598 0.949 -0.316 0.003 0.204 -0.976 0.074 0.62 0.556 0.553 0.752 0.657 -0.051 -0.119 0.807 0.578 -0.191 0.981 -0.037 -0.704 0.294 0.647 -0.945 0.325 0.033 -0.549 -0.47 0.691 -0.747 -0.659 0.089 0.949 -0.313 0.038 0.204 -0.976 0.069 0.752 0.659 -0.012 -0.19 0.981 -0.032 -0.946 0.324 -0.001 -0.748 -0.661 0.05 0.947 -0.317 0.053 0.196 -0.979 0.062 0.749 0.663 0.01 -0.198 0.98 -0.025 -0.947 0.32 -0.016 -0.752 -0.659 0.028 0.946 -0.323 0.018 0.187 -0.981 0.054 0.746 0.665 -0.017 -0.207 0.978 -0.016 -0.948 0.317 0.019 -0.755 -0.654 0.054 0.943 -0.328 -0.053 0.184 -0.982 0.046 0.743 0.664 -0.08 -0.208 0.978 -0.006 -0.943 0.319 0.091 -0.751 -0.65 0.117 0.669 -0.289 -0.685 0.075 -0.813 -0.578 0.512 0.493 -0.703 -0.238 0.753 -0.613 -0.832 0.23 -0.506 -0.675 -0.553 -0.488 0.057 0.069 0.996 -0.135 -0.05 -0.99 0.204 -0.828 0.522 0.906 -0.039 -0.421 0.907 -0.039 -0.42 0.204 -0.828 0.523 -0.197 0.837 -0.51 -0.197 0.838 -0.509 -0.9 0.048 0.434 -0.899 0.049 0.434 0.907 -0.038 -0.42 0.204 -0.827 0.524 -0.197 0.838 -0.508 -0.899 0.049 0.435 0.199 -0.946 0.256 0.648 0.32 0.691 0.647 0.32 0.692 0.198 -0.946 0.257 -0.21 0.946 -0.245 -0.211 0.946 -0.244 -0.659 -0.32 -0.68 -0.66 -0.32 -0.68 0.646 0.32 0.693 -0.212 0.946 -0.244 -0.661 -0.32 -0.679 0.151 -0.891 -0.428 0.846 0.338 -0.413 0.846 0.338 -0.412 0.151 -0.891 -0.427 -0.141 0.886 0.442 -0.141 0.885 0.443 -0.836 -0.343 0.427 -0.836 -0.344 0.428 0.847 0.337 -0.411 0.152 -0.892 -0.426 -0.14 0.885 0.444 -0.835 -0.344 0.429 0.171 -0.59 0.789 0.976 0.21 -0.054 0.976 0.211 -0.054 0.171 -0.589 0.79 -0.173 0.602 -0.78 -0.173 0.602 -0.779 -0.978 -0.198 0.064 0.976 0.212 -0.053 0.171 -0.588 0.79 -0.173 0.603 -0.779 -0.978 -0.197 0.065 -0.744 0.284 0.605 -0.597 -0.499 0.628 -0.761 -0.649 0.02 -0.941 0.34 0.011 0.154 -0.761 0.63 0.19 -0.981 0.027 0.756 -0.243 0.608 0.946 -0.324 0.025 0.609 0.536 0.584 0.757 0.654 0.016 -0.139 0.801 0.582 -0.179 0.984 0.008 -0.76 -0.649 -0.03 -0.941 0.339 0 0.191 -0.981 -0.012 0.945 -0.324 0.036 0.756 0.652 0.066 -0.18 0.983 0.048 -0.755 -0.652 -0.063 -0.943 0.331 -0.017 0.189 -0.982 -0.029 0.942 -0.332 0.052 0.756 0.647 0.099 -0.185 0.981 0.065 -0.753 -0.656 -0.052 -0.946 0.323 -0.036 0.183 -0.983 0.001 0.938 -0.341 0.071 0.76 0.644 0.088 -0.188 0.982 0.034 -0.755 -0.656 -0.01 -0.945 0.322 -0.055 0.178 -0.982 0.062 0.936 -0.341 0.091 0.763 0.645 0.047 -0.186 0.982 -0.027 -0.579 -0.569 -0.583 -0.727 0.227 -0.648 0.183 -0.837 -0.516 0.8 -0.311 -0.513 0.656 0.485 -0.578 -0.109 0.756 -0.646 0.012 0.033 0.999 0.064 -0.073 -0.995 -0.91 0.316 -0.269 0.017 -0.643 -0.766 0.017 -0.643 -0.765 -0.91 0.316 -0.268 0.903 -0.327 0.277 0.903 -0.328 0.277 -0.024 0.632 0.774 -0.024 0.632 0.775 0.017 -0.644 -0.765 -0.91 0.315 -0.268 0.903 -0.328 0.278 -0.025 0.631 0.775 -0.797 0.277 0.537 -0.082 -0.939 0.335 -0.081 -0.939 0.335 -0.796 0.278 0.537 0.806 -0.274 -0.525 0.807 -0.274 -0.524 0.091 0.942 -0.323 0.092 0.942 -0.322 -0.081 -0.938 0.336 -0.796 0.278 0.538 0.807 -0.273 -0.523 -0.526 0.195 -0.827 -0.407 -0.913 0.039 -0.407 -0.912 0.039 -0.527 0.196 -0.827 0.513 -0.189 0.837 0.513 -0.189 0.838 0.394 0.919 -0.03 0.393 0.919 -0.029 -0.408 -0.912 0.04 -0.528 0.196 -0.826 0.512 -0.189 0.838 0.392 0.919 -0.029 -0.807 0.274 0.523 -0.478 -0.833 -0.277 -0.478 -0.834 -0.277 -0.806 0.274 0.524 0.812 -0.283 -0.51 0.813 -0.283 -0.509 0.485 0.825 0.29 0.485 0.825 0.291 -0.478 -0.834 -0.276 -0.806 0.274 0.525 0.813 -0.284 -0.509 0.485 0.824 0.292 -0.941 0.338 -0.016 -0.217 -0.573 0.791 -0.216 -0.572 0.791 -0.941 0.339 -0.015 0.945 -0.325 0.026 0.221 0.585 -0.78 0.221 0.586 -0.779 -0.216 -0.571 0.792 -0.94 0.34 -0.015 0.946 -0.324 0.027 0.221 0.587 -0.779 -0.784 -0.131 0.607 -0.268 -0.694 0.668 -0.305 -0.952 0.036 -0.978 -0.209 -0.023 0.481 -0.529 0.699 0.677 -0.732 0.079 0.715 0.203 0.668 0.972 0.226 0.061 0.197 0.77 0.606 0.297 0.955 0.002 -0.554 0.601 0.576 -0.671 0.74 -0.04 -0.301 -0.953 -0.018 -0.977 -0.209 -0.035 0.68 -0.732 0.036 0.971 0.226 0.074 0.294 0.954 0.057 -0.673 0.74 0.003 -0.294 -0.954 -0.054 -0.975 -0.218 -0.052 0.679 -0.734 0.018 0.972 0.217 0.091 0.296 0.951 0.093 -0.677 0.736 0.022 -0.29 -0.956 -0.042 -0.971 -0.227 -0.074 0.674 -0.737 0.05 0.972 0.208 0.112 0.3 0.95 0.082 -0.679 0.734 -0.012 -0.294 -0.956 0.004 -0.969 -0.228 -0.094 0.665 -0.738 0.117 0.969 0.207 0.134 0.305 0.952 0.037 -0.674 0.734 -0.078 -0.155 -0.782 -0.603 -0.678 -0.202 -0.707 0.608 -0.611 -0.506 0.846 0.141 -0.514 0.321 0.718 -0.617 -0.439 0.546 -0.714 -0.057 0.056 0.997 0.135 -0.05 -0.99 -0.92 -0.218 -0.324 0.375 -0.528 -0.762 -0.92 -0.219 -0.324 0.92 0.206 0.333 0.92 0.206 0.334 -0.375 0.515 0.771 0.375 -0.529 -0.761 -0.92 -0.22 -0.323 0.92 0.205 0.334 -0.375 0.514 0.771 -0.826 -0.166 0.539 0.403 -0.822 0.402 0.403 -0.822 0.403 0.832 0.174 -0.527 0.832 0.175 -0.526 -0.398 0.831 -0.389 -0.397 0.831 -0.389 0.404 -0.821 0.403 -0.825 -0.165 0.54 0.833 0.175 -0.525 -0.397 0.832 -0.388 -0.477 -0.127 -0.87 0.134 -0.988 0.076 0.133 -0.988 0.076 -0.477 -0.127 -0.869 0.462 0.125 0.878 0.461 0.125 0.878 -0.149 0.987 -0.067 -0.149 0.987 -0.066 0.132 -0.988 0.077 -0.478 -0.127 -0.869 0.46 0.125 0.879 -0.15 0.986 -0.066 -0.833 -0.174 0.525 0.048 -0.961 -0.272 0.049 -0.961 -0.271 -0.832 -0.174 0.526 0.842 0.171 -0.511 0.843 0.171 -0.511 -0.039 0.957 0.286 -0.039 0.957 0.287 0.049 -0.962 -0.27 -0.832 -0.175 0.527 0.843 0.171 -0.51 -0.038 0.957 0.288 -0.976 -0.211 -0.052 0.071 -0.547 0.834 0.07 -0.547 0.834 -0.976 -0.21 -0.051 0.973 0.224 0.062 0.972 0.225 0.063 -0.074 0.561 -0.825 -0.074 0.561 -0.824 0.07 -0.546 0.835 -0.977 -0.209 -0.051 0.972 0.226 0.063 -0.075 0.562 -0.824 -0.46 -0.607 0.648 0.298 -0.726 0.619 0.364 -0.931 0.011 -0.622 -0.782 0.03 0.782 -0.128 0.61 0.988 -0.157 0.001 0.505 0.59 0.63 0.633 0.774 0.009 -0.254 0.708 0.659 -0.356 0.934 0.028 -0.736 0.109 0.668 -0.988 0.152 0.038 0.364 -0.93 0.047 -0.622 -0.782 0.026 0.987 -0.157 0.042 0.633 0.774 0.014 -0.356 0.935 -0.008 -0.988 0.152 -0.003 0.359 -0.931 0.063 -0.629 -0.777 0.018 0.986 -0.153 0.064 0.627 0.779 0.021 -0.359 0.933 -0.024 -0.987 0.156 -0.025 0.355 -0.934 0.026 -0.637 -0.771 0.009 0.988 -0.149 0.037 0.62 0.784 0.03 -0.364 0.932 0.012 -0.987 0.161 0.002 0.354 -0.934 -0.048 -0.639 -0.77 0.001 0.989 -0.146 -0.029 0.618 0.785 0.04 -0.363 0.928 0.087 -0.985 0.16 0.068 0.237 -0.676 -0.697 -0.537 -0.56 -0.631 0.731 -0.067 -0.679 0.453 0.664 -0.595 -0.324 0.785 -0.528 -0.82 0.171 -0.546 0.035 -0.015 0.999 -0.069 0.084 -0.994 -0.528 -0.687 0.499 0.568 -0.711 -0.414 0.569 -0.711 -0.413 -0.527 -0.687 0.5 0.539 0.689 -0.486 0.539 0.689 -0.485 -0.558 0.712 0.427 -0.557 0.712 0.428 0.569 -0.711 -0.412 0.54 0.689 -0.484 -0.611 -0.76 0.22 0.609 -0.298 0.735 0.609 -0.297 0.736 -0.612 -0.76 0.221 0.604 0.769 -0.209 0.603 0.77 -0.209 -0.617 0.307 -0.725 -0.618 0.307 -0.724 0.608 -0.297 0.736 -0.612 -0.759 0.222 0.603 0.77 -0.208 -0.618 0.308 -0.723 -0.56 -0.673 -0.483 0.818 -0.426 -0.387 0.818 -0.426 -0.386 0.561 0.662 0.498 0.561 0.661 0.498 -0.816 0.415 0.402 -0.816 0.414 0.402 0.818 -0.427 -0.386 -0.56 -0.674 -0.482 0.561 0.66 0.499 -0.816 0.414 0.403 -0.376 -0.509 0.774 0.788 -0.615 -0.02 0.788 -0.615 -0.019 -0.376 -0.508 0.775 0.384 0.518 -0.765 0.384 0.518 -0.764 -0.781 0.624 0.031 -0.78 0.625 0.031 0.789 -0.614 -0.019 -0.375 -0.508 0.775 0.385 0.519 -0.763 -0.78 0.625 0.032 -0.683 -0.292 0.67 -0.062 -0.74 0.669 -0.105 -0.994 0.035 -0.915 -0.4 0.057 0.638 -0.429 0.64 0.813 -0.582 -0.002 0.718 0.335 0.61 0.909 0.416 -0.018 0.095 0.787 0.61 0.1 0.995 0.004 -0.607 0.471 0.64 -0.806 0.591 0.041 -0.106 -0.994 -0.02 -0.915 -0.401 0.045 0.813 -0.581 -0.045 0.91 0.415 -0.005 0.103 0.993 0.059 -0.803 0.59 0.084 -0.102 -0.993 -0.056 -0.912 -0.408 0.027 0.81 -0.583 -0.063 0.913 0.407 0.012 0.108 0.99 0.095 -0.805 0.585 0.102 -0.097 -0.994 -0.044 -0.909 -0.416 0.005 0.808 -0.588 -0.03 0.917 0.398 0.033 0.112 0.99 0.083 -0.809 0.583 0.069 -0.097 -0.995 0.002 -0.909 -0.417 -0.015 0.806 -0.59 0.037 0.917 0.396 0.054 0.112 0.993 0.037 -0.811 0.585 0.002 -0.051 -0.79 -0.611 -0.685 -0.326 -0.651 0.668 -0.471 -0.576 0.75 0.313 -0.582 0.114 0.774 -0.623 -0.602 0.454 -0.657 0.025 0.033 0.999 0.051 -0.011 -0.999 -0.884 -0.395 -0.249 0.401 -0.433 -0.808 0.401 -0.433 -0.807 -0.884 -0.396 -0.249 0.887 0.383 0.258 0.887 0.382 0.258 -0.397 0.421 0.816 -0.397 0.42 0.816 0.401 -0.434 -0.807 -0.884 -0.396 -0.248 0.887 0.381 0.259 -0.397 0.419 0.816 -0.723 -0.334 0.605 0.593 -0.729 0.342 0.594 -0.728 0.342 0.728 0.343 -0.593 0.729 0.344 -0.592 -0.589 0.738 -0.329 -0.588 0.739 -0.329 0.594 -0.728 0.343 -0.722 -0.333 0.606 0.729 0.344 -0.591 -0.588 0.739 -0.328 -0.519 -0.21 -0.829 0.334 -0.942 0.035 0.333 -0.942 0.036 -0.52 -0.21 -0.828 0.506 0.206 0.838 0.505 0.205 0.838 -0.347 0.937 -0.025 -0.348 0.937 -0.024 0.332 -0.942 0.036 -0.52 -0.211 -0.828 0.504 0.205 0.839 -0.349 0.937 -0.024 -0.73 -0.343 0.592 0.213 -0.929 -0.303 0.214 -0.929 -0.303 -0.729 -0.343 0.592 0.741 0.342 -0.579 0.741 0.342 -0.578 -0.202 0.927 0.317 0.214 -0.929 -0.302 -0.728 -0.343 0.593 0.742 0.342 -0.577 -0.201 0.926 0.318 -0.915 -0.402 0.028 0.254 -0.531 0.809 0.254 -0.53 0.809 -0.916 -0.401 0.028 0.91 0.414 -0.017 0.91 0.415 -0.016 -0.259 0.543 -0.799 -0.259 0.543 -0.798 0.253 -0.529 0.81 -0.916 -0.4 0.029 -0.26 0.544 -0.798 0.833 0 0.554 0.455 0.69 0.563 0.518 0.854 -0.054 0.998 -0.025 -0.059 -0.329 0.708 0.624 -0.48 0.877 0.024 -0.735 0.037 0.677 -0.995 0.021 0.096 -0.358 -0.653 0.667 -0.513 -0.853 0.09 0.427 -0.671 0.606 0.481 -0.876 0.013 0.516 0.856 -0.042 0.998 -0.016 -0.058 -0.476 0.879 0.034 -0.995 0.03 0.094 -0.518 -0.852 0.079 0.484 -0.875 0.002 0.518 0.855 -0.002 0.998 -0.015 -0.056 -0.472 0.879 0.072 -0.995 0.031 0.093 -0.522 -0.852 0.039 0.482 -0.875 -0.036 0.523 0.852 0.024 0.998 -0.023 -0.054 -0.473 0.876 0.096 -0.996 0.023 0.091 -0.52 -0.854 0.013 0.478 -0.877 -0.06 0.525 0.851 0.005 0.998 -0.032 -0.052 -0.479 0.874 0.076 -0.996 0.014 0.088 -0.515 -0.857 0.031 0.475 -0.879 -0.039 0.376 0.687 -0.621 0.761 -0.018 -0.649 -0.426 0.706 -0.566 -0.843 0.019 -0.537 -0.458 -0.687 -0.565 0.344 -0.705 -0.62 0.079 0.03 0.996 -0.069 0.001 -0.998 0.886 -0.017 -0.464 -0.382 0.559 -0.736 -0.382 0.56 -0.736 0.886 -0.016 -0.463 -0.881 0.031 0.472 -0.881 0.032 0.472 0.387 -0.545 0.744 0.387 -0.544 0.745 -0.381 0.56 -0.735 0.886 -0.015 -0.463 -0.881 0.033 0.473 0.387 -0.543 0.745 0.636 -0.012 0.772 -0.36 0.882 0.303 -0.36 0.882 0.304 0.635 -0.012 0.772 -0.647 0.004 -0.763 -0.647 0.004 -0.762 0.349 -0.89 -0.295 0.348 -0.89 -0.294 -0.361 0.882 0.304 0.635 -0.012 0.773 -0.648 0.003 -0.762 0.647 -0.021 -0.763 -0.012 0.999 -0.036 -0.011 0.999 -0.036 0.647 -0.021 -0.762 -0.636 0.021 0.772 -0.635 0.021 0.772 0.023 -0.999 0.045 0.023 -0.999 0.046 -0.01 0.999 -0.035 0.648 -0.021 -0.762 -0.634 0.021 0.773 0.024 -0.999 0.046 0.951 -0.015 0.31 0.173 0.862 -0.477 -0.954 0.023 -0.298 -0.955 0.023 -0.297 -0.177 -0.854 0.489 -0.177 -0.854 0.49 0.172 0.862 -0.476 0.95 -0.014 0.311 -0.955 0.023 -0.296 -0.177 -0.853 0.49 1 -0.028 -0.007 0.023 0.708 0.706 0.023 0.707 0.707 1 -0.028 -0.006 -1 0.017 0.017 -0.024 -0.718 -0.696 -0.024 -0.719 -0.695 1 -0.029 -0.006 -1 0.016 0.018 0.679 -0.018 -0.734 -0.359 0.867 -0.346 -0.358 0.867 -0.346 0.679 -0.017 -0.734 -0.669 0.025 0.743 -0.669 0.026 0.743 0.369 -0.859 0.355 -0.358 0.868 -0.345 0.68 -0.017 -0.733 -0.668 0.026 0.744 0.37 -0.858 0.355 0.712 -0.01 0.702 -0.023 0.999 0.037 -0.024 0.999 0.038 -0.722 0.01 -0.692 -0.723 0.01 -0.691 0.013 -1 -0.027 0.012 -1 -0.027 -0.024 0.999 0.039 0.711 -0.011 0.703 -0.723 0.01 -0.69 0.012 -1 -0.026 0.79 -0.026 -0.613 0.295 0.895 0.336 0.296 0.894 0.336 0.79 -0.026 -0.612 -0.782 0.02 0.623 -0.288 -0.901 -0.326 -0.287 -0.901 -0.325 0.296 0.894 0.337 0.791 -0.027 -0.612 -0.782 0.019 0.624 0.77 -0.019 0.638 -0.142 0.97 0.198 -0.142 0.97 0.197 0.771 -0.019 0.637 -0.806 0.006 -0.592 -0.805 0.006 -0.593 0.106 -0.983 -0.153 0.107 -0.982 -0.154 0.235 0.932 -0.277 0.99 0.11 0.086 -0.316 0.132 -0.94 0.443 -0.692 -0.57 0.61 0.217 -0.762 -0.304 0.658 0.689 -0.73 -0.001 0.684 -0.996 0.05 0.08 -0.444 0.89 0.106 -0.374 -0.697 0.612 -0.538 -0.843 -0.009 0.407 -0.734 0.545 0.461 -0.885 -0.07 0.832 -0.075 0.549 0.998 -0.047 -0.043 0.477 0.621 0.622 0.549 0.834 0.045 -0.998 0.053 0.028 -0.445 0.89 0.095 -0.539 -0.841 -0.049 0.461 -0.885 -0.058 0.999 -0.051 0.009 0.55 0.831 0.085 -0.999 0.051 -0.007 -0.454 0.888 0.078 -0.542 -0.838 -0.067 0.454 -0.89 -0.041 0.997 -0.058 0.043 0.546 0.831 0.103 -0.999 0.045 0.004 -0.462 0.885 0.058 -0.546 -0.837 -0.035 0.446 -0.895 -0.022 0.998 -0.061 0.032 0.543 0.837 0.072 -0.998 0.043 0.048 -0.464 0.885 0.039 -0.545 -0.838 0.028 0.445 -0.895 -0.001 0.998 -0.06 -0.011 0.542 0.841 0.009 -0.833 0.031 -0.552 -0.399 0.704 -0.588 -0.468 -0.683 -0.56 0.331 -0.725 -0.604 0.767 -0.052 -0.64 0.402 0.663 -0.632 0.083 -0.061 0.995 -0.056 -0.018 -0.998 -0.453 0.872 -0.185 -0.462 -0.408 -0.787 -0.463 -0.409 -0.787 0.441 -0.876 0.194 0.44 -0.877 0.194 0.451 0.404 0.796 0.45 0.404 0.796 -0.464 -0.409 -0.786 -0.454 0.872 -0.184 0.44 -0.877 0.195 0.449 0.404 0.797 -0.351 0.696 0.626 -0.685 -0.647 0.333 -0.685 -0.648 0.334 -0.35 0.696 0.627 0.361 -0.701 -0.615 0.695 0.642 -0.322 0.696 0.642 -0.322 -0.684 -0.648 0.335 -0.35 0.696 0.628 0.362 -0.702 -0.614 0.696 0.642 -0.321 -0.284 0.555 -0.782 -0.921 -0.385 0.06 -0.921 -0.384 0.061 0.279 -0.542 0.793 0.279 -0.541 0.793 0.916 0.398 -0.05 0.916 0.398 -0.049 -0.921 -0.384 0.062 -0.284 0.556 -0.781 0.279 -0.541 0.794 0.916 0.399 -0.049 -0.361 0.702 0.614 -0.933 -0.253 -0.257 -0.933 -0.253 -0.256 -0.361 0.701 0.615 0.36 -0.713 -0.601 0.36 -0.714 -0.601 0.932 0.242 0.269 0.932 0.241 0.27 -0.933 -0.254 -0.255 0.36 -0.714 -0.6 0.932 0.241 0.271 -0.447 0.891 0.079 -0.497 -0.321 0.806 -0.496 -0.321 0.807 0.46 -0.885 -0.069 0.46 -0.885 -0.068 0.509 0.327 -0.796 0.51 0.327 -0.796 -0.496 -0.32 0.807 -0.446 0.892 0.08 0.461 -0.885 -0.068 0.511 0.327 -0.795 0.675 0.283 0.682 0.019 0.717 0.696 0.064 0.993 0.098 0.897 0.431 0.1 -0.683 0.371 0.629 -0.836 0.549 0.016 -0.731 -0.409 0.547 -0.891 -0.449 -0.064 -0.076 -0.843 0.532 -0.06 -0.996 -0.061 0.626 -0.498 0.6 0.828 -0.56 0.02 0.066 0.997 0.047 0.897 0.432 0.089 -0.834 0.551 -0.025 -0.892 -0.449 -0.052 -0.064 -0.998 -0.01 0.825 -0.562 0.061 0.063 0.998 0.012 0.895 0.441 0.072 -0.832 0.554 -0.042 -0.896 -0.442 -0.036 -0.07 -0.997 0.024 0.826 -0.558 0.078 0.057 0.998 0.023 0.892 0.45 0.052 -0.831 0.557 -0.01 -0.9 -0.435 -0.016 -0.073 -0.997 0.013 0.831 -0.554 0.047 0.056 0.996 0.067 0.891 0.452 0.033 -0.83 0.555 0.053 -0.901 -0.434 0.005 -0.073 -0.997 -0.03 0.834 -0.552 -0.016 0.032 0.845 -0.534 0.701 0.402 -0.589 -0.687 0.488 -0.537 -0.74 -0.311 -0.597 -0.072 -0.755 -0.652 0.649 -0.398 -0.649 -0.046 -0.102 0.994 -0.033 0.076 -0.997 0.875 0.446 -0.189 -0.416 0.484 -0.769 -0.417 0.485 -0.769 -0.879 -0.434 0.198 -0.879 -0.433 0.199 0.413 -0.473 0.779 0.413 -0.472 0.779 -0.417 0.485 -0.768 0.875 0.447 -0.188 0.412 -0.471 0.78 0.712 0.33 0.62 -0.633 0.687 0.356 -0.634 0.686 0.357 -0.717 -0.34 -0.609 -0.717 -0.341 -0.608 0.629 -0.697 -0.345 0.628 -0.698 -0.344 0.711 0.329 0.621 -0.717 -0.341 -0.607 0.547 0.293 -0.784 -0.372 0.924 0.085 0.548 0.294 -0.783 -0.534 -0.289 0.794 -0.534 -0.289 0.795 0.385 -0.92 -0.074 0.386 -0.92 -0.074 -0.371 0.925 0.086 0.549 0.294 -0.783 -0.533 -0.288 0.796 0.387 -0.919 -0.073 0.718 0.34 0.607 -0.245 0.941 -0.233 -0.246 0.941 -0.232 0.717 0.34 0.608 -0.729 -0.34 -0.595 -0.729 -0.34 -0.594 0.234 -0.941 0.246 -0.247 0.941 -0.231 0.717 0.34 0.609 -0.73 -0.34 -0.593 0.233 -0.941 0.247 0.898 0.435 0.073 -0.303 0.487 0.82 -0.302 0.486 0.82 0.898 0.434 0.073 -0.892 -0.447 -0.063 -0.892 -0.448 -0.063 0.308 -0.499 -0.81 0.308 -0.5 -0.809 -0.302 0.485 0.821 0.898 0.433 0.074 -0.892 -0.449 -0.062 0.309 -0.501 -0.809 0.267 0.772 0.577 -0.511 0.629 0.585 -0.643 0.765 -0.03 0.344 0.939 -0.019 -0.779 -0.114 0.617 -0.983 -0.182 0.008 -0.268 -0.719 0.641 -0.33 -0.942 0.056 0.514 -0.579 0.633 0.649 -0.758 0.066 0.781 0.168 0.601 0.984 0.177 0.029 -0.646 0.762 -0.044 0.336 0.942 -0.014 -0.984 -0.177 -0.012 -0.34 -0.939 0.05 0.645 -0.76 0.08 0.982 0.182 0.048 -0.649 0.761 -0.004 0.327 0.945 -0.005 -0.985 -0.17 0.019 -0.349 -0.936 0.041 0.642 -0.765 0.04 0.982 0.186 0.017 -0.646 0.76 0.071 0.326 0.945 0.006 -0.982 -0.169 0.084 -0.351 -0.936 0.032 0.64 -0.768 -0.034 0.981 0.186 -0.047 -0.637 0.76 0.133 0.335 0.942 0.016 -0.975 -0.175 0.136 -0.344 -0.939 0.022 0.638 -0.764 -0.097 0.978 0.183 -0.099 -0.601 0.648 -0.467 0.186 0.795 -0.577 -0.876 -0.111 -0.469 -0.365 -0.728 -0.581 0.426 -0.584 -0.691 0.702 0.18 -0.689 0 0.044 0.999 -0.152 0.058 -0.987 0.344 0.894 0.286 -0.793 0.101 0.601 0.345 0.894 0.287 -0.335 -0.901 -0.274 -0.335 -0.902 -0.273 0.801 -0.109 -0.588 0.802 -0.109 -0.588 -0.792 0.1 0.602 0.802 -0.109 -0.587 0.136 0.516 -0.846 -0.992 0.053 -0.116 -0.992 0.054 -0.116 0.136 0.517 -0.845 -0.136 -0.503 0.854 -0.136 -0.502 0.854 0.992 -0.039 0.124 -0.992 0.054 -0.115 0.136 0.518 -0.845 -0.136 -0.501 0.855 0.991 -0.038 0.125 0.3 0.741 0.601 -0.908 0.416 -0.053 -0.908 0.415 -0.052 -0.305 -0.749 -0.588 -0.305 -0.75 -0.587 0.903 -0.425 0.065 0.903 -0.425 0.066 -0.908 0.415 -0.051 0.299 0.74 0.602 -0.305 -0.75 -0.586 0.903 -0.425 0.067 0.245 0.761 -0.6 -0.597 0.619 0.511 -0.596 0.619 0.511 0.246 0.761 -0.6 -0.235 -0.758 0.608 -0.234 -0.758 0.609 0.607 -0.615 -0.503 0.608 -0.615 -0.502 -0.596 0.619 0.512 0.247 0.762 -0.599 0.609 -0.615 -0.502 0.297 0.895 -0.334 -0.641 -0.09 -0.762 -0.642 -0.09 -0.761 0.296 0.895 -0.334 -0.308 -0.887 0.343 -0.309 -0.887 0.343 0.63 0.098 0.771 0.629 0.098 0.771 -0.643 -0.089 -0.761 0.295 0.895 -0.333 -0.31 -0.887 0.344 0.628 0.098 0.772 0.299 0.717 0.63 -0.918 0.016 0.395 -0.918 0.015 0.396 0.299 0.716 0.631 -0.294 -0.729 -0.618 -0.293 -0.73 -0.617 0.923 -0.029 -0.383 -0.918 0.014 0.396 0.299 0.715 0.631 -0.293 -0.731 -0.617 0.924 -0.03 -0.382 0.247 0.787 -0.565 -0.959 0.281 -0.026 -0.96 0.28 -0.026 0.247 0.786 -0.566 -0.24 -0.75 0.616 -0.241 -0.751 0.615 0.967 -0.243 0.075 0.967 -0.244 0.074 -0.873 -0.113 -0.475 0.14 0.311 -0.94 -0.265 -0.962 0.057 0.739 -0.55 -0.389 -0.118 -0.606 -0.787 -0.391 0.679 0.621 -0.776 -0.017 0.63 -0.997 -0.023 0.07 -0.522 0.852 0.035 -0.366 -0.698 0.616 -0.485 -0.873 0.054 0.429 -0.682 0.592 0.509 -0.861 0.002 0.813 0.013 0.583 0.999 0.014 -0.034 0.403 0.693 0.597 0.48 0.877 -0.018 -0.995 -0.018 0.096 -0.515 0.856 0.031 -0.48 -0.874 0.083 0.516 -0.857 0.005 0.998 0.017 -0.06 0.482 0.875 -0.047 -0.997 -0.014 0.074 -0.507 0.861 0.025 -0.477 -0.877 0.066 0.524 -0.852 0.009 0.999 0.022 -0.039 0.488 0.872 -0.031 -1 -0.013 0.016 -0.505 0.863 0.02 -0.477 -0.879 0.013 0.527 -0.85 0.016 1 0.024 0.02 0.49 0.871 0.022 -0.999 -0.016 -0.038 -0.511 0.859 0.015 -0.48 -0.877 -0.034 0.52 -0.854 0.022 0.997 0.02 0.074 0.485 0.872 0.07 -0.765 0.009 -0.644 -0.372 0.719 -0.587 -0.345 -0.688 -0.638 0.465 -0.672 -0.576 0.854 0.037 -0.52 0.436 0.731 -0.525 0.031 -0.003 1 0.08 0.04 -0.996 -0.505 0.828 0.244 -0.673 -0.182 -0.717 -0.673 -0.183 -0.717 -0.506 0.827 0.245 0.495 -0.837 -0.233 0.663 0.173 0.729 0.662 0.172 0.729 -0.674 -0.184 -0.716 0.494 -0.838 -0.232 0.662 0.172 0.73 -0.486 0.817 0.312 -0.586 -0.581 0.564 -0.586 -0.581 0.565 -0.485 0.817 0.313 0.494 -0.815 -0.302 0.495 -0.815 -0.301 0.595 0.582 -0.554 0.596 0.582 -0.553 -0.585 -0.581 0.565 -0.422 0.695 -0.582 -0.783 -0.605 -0.143 -0.783 -0.605 -0.142 -0.423 0.695 -0.582 0.414 -0.688 0.596 0.775 0.612 0.156 0.775 0.613 0.157 -0.784 -0.605 -0.142 -0.423 0.695 -0.581 0.413 -0.687 0.597 0.774 0.613 0.157 -0.428 0.71 0.559 -0.908 -0.346 -0.237 -0.428 0.709 0.56 0.428 -0.719 -0.547 0.428 -0.72 -0.546 0.908 0.336 0.249 0.908 0.335 0.25 -0.908 -0.347 -0.236 0.908 0.335 0.251 -0.463 0.778 -0.424 -0.714 -0.013 0.7 -0.463 0.779 -0.424 0.471 -0.769 0.432 0.472 -0.769 0.432 0.722 0.023 -0.692 0.722 0.023 -0.691 -0.713 -0.012 0.701 -0.462 0.779 -0.423 0.472 -0.768 0.433 0.723 0.024 -0.691 -0.485 0.792 -0.37 -0.378 -0.591 -0.713 -0.378 -0.591 -0.712 -0.486 0.792 -0.37 0.474 -0.795 0.378 0.473 -0.796 0.379 0.366 0.588 0.721 -0.379 -0.591 -0.712 0.472 -0.796 0.379 0.365 0.588 0.722 -0.824 0.17 0.54 -0.561 -0.572 0.599 -0.646 -0.763 0.025 -0.983 0.169 -0.073 0.213 -0.711 0.67 0.327 -0.938 0.116 0.723 -0.109 0.683 0.977 -0.184 0.11 0.459 0.632 0.624 0.65 0.76 0.012 -0.314 0.771 0.553 -0.338 0.938 -0.08 -0.65 -0.758 0.051 -0.981 0.177 -0.077 0.328 -0.933 0.146 0.978 -0.176 0.113 0.65 0.76 -0.015 -0.331 0.937 -0.11 -0.653 -0.757 0.029 -0.979 0.186 -0.083 0.334 -0.934 0.13 0.979 -0.166 0.118 0.644 0.765 0.006 -0.327 0.94 -0.093 -0.649 -0.76 -0.031 -0.978 0.189 -0.088 0.341 -0.937 0.076 0.979 -0.163 0.124 0.637 0.768 0.066 -0.331 0.943 -0.039 -0.641 -0.763 -0.085 -0.979 0.182 -0.094 0.343 -0.939 0.028 0.977 -0.17 0.13 0.633 0.765 0.121 -0.34 0.941 0.009 -0.437 -0.583 -0.685 -0.713 0.175 -0.678 0.353 -0.725 -0.592 0.863 -0.108 -0.493 0.586 0.648 -0.487 -0.202 0.79 -0.579 -0.082 0.049 0.995 0.127 0.056 -0.99 -0.975 0.171 0.142 -0.227 -0.64 -0.734 -0.227 -0.641 -0.733 -0.975 0.171 0.143 0.974 -0.185 -0.131 0.974 -0.186 -0.13 0.226 0.627 0.746 0.226 0.626 0.746 -0.227 -0.642 -0.733 -0.975 0.17 0.143 0.226 0.625 0.747 -0.96 0.181 0.213 -0.012 -0.802 0.597 -0.011 -0.802 0.597 -0.96 0.181 0.214 0.964 -0.173 -0.203 0.964 -0.172 -0.202 0.015 0.81 -0.586 0.016 0.811 -0.585 -0.011 -0.801 0.598 -0.96 0.182 0.214 0.964 -0.172 -0.201 -0.729 0.122 -0.674 -0.047 -0.991 -0.124 -0.048 -0.991 -0.123 -0.729 0.122 -0.673 0.717 -0.123 0.686 0.716 -0.123 0.687 0.035 0.99 0.135 0.035 0.99 0.136 -0.048 -0.991 -0.122 -0.73 0.122 -0.673 0.034 0.99 0.137 -0.866 0.16 0.474 -0.313 -0.916 -0.25 -0.312 -0.917 -0.25 -0.865 0.16 0.475 0.872 -0.166 -0.461 0.872 -0.166 -0.46 0.319 0.91 0.263 0.319 0.91 0.264 -0.312 -0.917 -0.249 -0.865 0.16 0.476 0.872 -0.167 -0.46 0.32 0.91 0.265 -0.837 0.151 -0.526 -0.529 -0.521 0.67 -0.529 -0.52 0.67 0.834 -0.139 0.534 0.834 -0.138 0.534 0.526 0.533 -0.663 0.526 0.533 -0.662 -0.529 -0.519 0.671 -0.837 0.152 -0.526 0.834 -0.137 0.534 0.526 0.534 -0.662 -0.868 0.146 -0.475 0.267 -0.687 -0.676 0.266 -0.687 -0.676 -0.868 0.145 -0.474 0.862 -0.156 0.483 -0.273 0.676 0.684 -0.273 0.676 0.685 0.266 -0.688 -0.675 -0.869 0.144 -0.474 0.861 -0.157 0.483 -0.274 0.675 0.685 -0.627 0.456 0.632 -0.705 -0.331 0.627 -0.908 -0.415 0.053 -0.815 0.578 0.041 -0.062 -0.792 0.608 -0.1 -0.995 0.03 0.657 -0.466 0.592 0.809 -0.587 -0.005 0.735 0.321 0.597 0.912 0.409 -0.017 0.093 0.782 0.617 0.096 0.995 0.006 -0.906 -0.414 0.087 -0.816 0.578 0.037 -0.098 -0.993 0.068 0.809 -0.588 0 0.912 0.408 -0.05 0.095 0.995 -0.032 -0.907 -0.41 0.101 -0.811 0.584 0.029 -0.093 -0.992 0.089 0.814 -0.581 0.007 0.91 0.411 -0.064 0.098 0.994 -0.053 -0.911 -0.407 0.067 -0.806 0.592 0.021 -0.09 -0.994 0.064 0.819 -0.573 0.014 0.909 0.416 -0.031 0.104 0.994 -0.028 -0.913 -0.407 -0.003 -0.805 0.594 0.013 -0.09 -0.996 0.003 0.82 -0.571 0.024 0.908 0.417 0.039 0.106 0.994 0.034 -0.708 -0.304 -0.638 -0.629 0.5 -0.596 -0.05 -0.775 -0.63 0.684 -0.441 -0.581 0.761 0.361 -0.539 0.106 0.831 -0.546 0.025 -0.009 1 0.047 0.049 -0.998 -0.71 0.51 0.484 -0.698 -0.625 -0.349 -0.698 -0.625 -0.348 -0.71 0.51 0.485 0.712 -0.52 -0.471 0.712 -0.521 -0.471 0.701 0.615 0.362 -0.698 -0.626 -0.347 -0.71 0.509 0.486 0.712 -0.521 -0.47 0.701 0.614 0.363 -0.788 0.575 0.218 -0.245 -0.629 0.738 -0.244 -0.629 0.738 -0.788 0.576 0.219 0.797 -0.567 -0.209 0.798 -0.566 -0.208 0.254 0.637 -0.727 0.254 0.638 -0.727 -0.244 -0.628 0.739 -0.787 0.576 0.22 0.798 -0.566 -0.207 0.255 0.638 -0.726 -0.732 0.515 -0.446 -0.395 -0.858 -0.328 -0.395 -0.858 -0.327 -0.732 0.515 -0.445 0.722 -0.517 0.46 0.721 -0.517 0.461 0.385 0.857 0.342 0.384 0.857 0.343 -0.396 -0.858 -0.326 -0.733 0.515 -0.444 0.721 -0.517 0.462 0.384 0.857 0.344 -0.523 0.384 0.761 -0.569 -0.822 0.023 -0.523 0.383 0.762 0.533 -0.39 -0.751 0.533 -0.391 -0.75 0.579 0.815 -0.013 0.579 0.815 -0.012 -0.568 -0.823 0.024 -0.522 0.383 0.762 0.534 -0.391 -0.75 0.58 0.815 -0.012 0.77 0.253 0.585 0.18 0.777 0.603 0.198 0.98 0.028 0.946 0.324 -0.019 -0.568 0.528 0.631 -0.743 0.666 0.065 -0.726 -0.245 0.642 -0.95 -0.307 0.056 -0.136 -0.769 0.625 -0.206 -0.979 0.009 0.611 -0.52 0.596 0.75 -0.661 -0.028 0.203 0.978 0.054 0.948 0.316 -0.023 -0.743 0.662 0.095 -0.947 -0.315 0.059 -0.204 -0.979 -0.017 0.746 -0.664 -0.058 0.207 0.978 0.032 0.951 0.307 -0.028 -0.748 0.659 0.078 -0.944 -0.324 0.064 -0.198 -0.98 0.004 0.743 -0.668 -0.041 0.206 0.978 -0.028 0.952 0.304 -0.033 -0.752 0.659 0.024 -0.943 -0.327 0.07 -0.193 -0.979 0.064 0.744 -0.668 0.013 0.2 0.976 -0.083 0.95 0.31 -0.039 -0.752 0.659 -0.024 -0.944 -0.32 0.077 -0.194 -0.974 0.119 0.748 -0.661 0.061 0.145 0.715 -0.684 0.75 0.183 -0.636 -0.62 0.46 -0.635 -0.778 -0.325 -0.538 -0.173 -0.855 -0.489 0.59 -0.601 -0.538 0.035 0.006 0.999 -0.024 -0.121 -0.992 0.927 0.32 0.195 -0.064 0.663 -0.746 -0.064 0.664 -0.745 0.927 0.321 0.196 -0.933 -0.308 -0.185 -0.934 -0.307 -0.184 0.058 -0.651 0.757 0.057 -0.65 0.758 -0.065 0.664 -0.745 0.926 0.321 0.197 -0.934 -0.306 -0.183 0.057 -0.649 0.758 0.914 0.305 0.266 -0.411 0.715 0.566 -0.915 -0.314 -0.255 0.41 -0.724 -0.555 0.41 -0.724 -0.554 -0.411 0.714 0.567 0.914 0.304 0.267 -0.915 -0.315 -0.254 0.41 -0.725 -0.554 0.737 0.237 -0.633 -0.426 0.891 -0.159 -0.426 0.891 -0.158 0.738 0.237 -0.632 -0.728 -0.23 0.645 -0.728 -0.23 0.646 0.436 -0.884 0.171 0.436 -0.883 0.172 -0.425 0.891 -0.157 0.738 0.238 -0.631 -0.727 -0.229 0.647 0.437 -0.883 0.172 0.806 0.281 0.521 -0.15 0.951 -0.269 -0.151 0.951 -0.269 0.806 0.281 0.522 -0.815 -0.278 -0.508 0.141 -0.949 0.282 0.141 -0.949 0.283 -0.151 0.951 -0.268 0.805 0.281 0.522 -0.816 -0.278 -0.507 0.14 -0.949 0.283 0.837 0.265 -0.479 0.173 0.718 0.674 0.173 0.717 0.675 0.837 0.264 -0.479 -0.829 -0.274 0.487 -0.829 -0.275 0.487 -0.165 -0.727 -0.667 -0.165 -0.727 -0.666 0.174 0.717 0.675 0.838 0.264 -0.478 -0.829 -0.275 0.488 -0.164 -0.728 -0.666 0.858 0.285 -0.426 -0.522 0.467 -0.714 -0.522 0.468 -0.713 0.858 0.286 -0.426 -0.859 -0.273 0.434 -0.859 -0.272 0.434 0.522 -0.455 0.721 0.522 -0.454 0.722 -0.522 0.469 -0.713 -0.859 -0.272 0.435 -0.037 -0.679 0.733 0.676 -0.341 0.653 0.83 -0.551 0.086 -0.068 -0.984 0.166 0.732 0.436 0.524 0.9 0.431 -0.062 0.079 0.877 0.474 0.079 0.988 -0.131 -0.632 0.544 0.553 -0.823 0.565 -0.052 -0.692 -0.235 0.682 -0.9 -0.424 0.097 0.83 -0.553 0.075 -0.076 -0.988 0.133 0.897 0.44 -0.04 0.07 0.993 -0.097 -0.824 0.565 -0.04 -0.903 -0.422 0.074 0.831 -0.556 0.027 -0.078 -0.994 0.082 0.895 0.444 -0.036 0.068 0.997 -0.045 -0.823 0.568 0.008 -0.904 -0.422 0.071 0.833 -0.554 -0.016 -0.071 -0.997 0.02 0.896 0.443 -0.017 0.074 0.997 0.016 -0.821 0.569 0.051 -0.902 -0.428 0.054 0.835 -0.55 -0.016 -0.061 -0.997 -0.041 0.898 0.437 0.043 0.082 0.994 0.077 -0.82 0.57 0.053 -0.901 -0.434 -0.006 0.69 -0.399 -0.604 -0.038 -0.751 -0.659 0.745 0.403 -0.531 0.077 0.855 -0.513 -0.649 0.507 -0.568 -0.708 -0.297 -0.641 0.035 0.167 0.985 0.033 0.091 -0.995 -0.061 -0.785 0.617 0.797 -0.421 -0.434 0.797 -0.421 -0.433 -0.06 -0.785 0.617 0.07 0.792 -0.607 -0.788 0.428 0.443 -0.787 0.428 0.444 0.798 -0.42 -0.433 -0.06 -0.784 0.618 0.071 0.792 -0.606 -0.787 0.429 0.444 -0.075 -0.988 -0.137 0.815 -0.144 0.562 0.814 -0.144 0.563 -0.075 -0.988 -0.136 0.065 0.986 0.151 0.064 0.986 0.151 -0.824 0.142 -0.548 -0.825 0.142 -0.547 -0.076 -0.988 -0.136 0.064 0.986 0.152 -0.029 -0.608 -0.794 0.865 0.391 -0.314 0.866 0.39 -0.313 -0.029 -0.608 -0.793 0.037 0.597 0.802 0.038 0.596 0.802 -0.858 -0.402 0.321 -0.857 -0.402 0.322 -0.028 -0.609 -0.793 0.038 0.595 0.803 -0.857 -0.403 0.322 -0.062 -0.732 0.678 0.998 -0.06 0.026 0.998 -0.059 0.027 -0.062 -0.732 0.679 0.063 0.743 -0.666 0.063 0.744 -0.665 -0.997 0.071 -0.015 -0.997 0.072 -0.014 0.998 -0.058 0.028 -0.062 -0.731 0.679 0.063 0.745 -0.665 -0.997 0.072 -0.013 -0.041 -0.648 -0.76 0.823 -0.461 0.331 -0.042 -0.649 -0.76 0.032 0.637 0.77 0.031 0.637 0.77 -0.833 0.45 -0.322 -0.834 0.449 -0.321 0.822 -0.462 0.332 -0.042 -0.649 -0.759 0.031 0.636 0.771 -0.065 -0.914 0.401 0.707 -0.338 -0.621 0.708 -0.338 -0.62 -0.065 -0.914 0.402 0.078 0.918 -0.39 0.079 0.918 -0.389 -0.695 0.342 0.632 -0.694 0.342 0.633 0.709 -0.337 -0.619 -0.064 -0.913 0.402 0.079 0.918 -0.388 -0.694 0.343 0.634 -0.076 -0.928 0.365 0.868 0.128 0.48 -0.076 -0.927 0.366 0.068 0.933 -0.353 0.068 0.933 -0.352 -0.876 -0.122 -0.468 -0.876 -0.122 -0.467 0.867 0.128 0.481 -0.077 -0.927 0.367 0.067 0.934 -0.352 -0.876 -0.121 -0.466 -0.053 -0.903 -0.426 0.967 0.065 -0.245 0.967 0.065 -0.246 0.065 0.884 0.462 0.065 0.885 0.462 -0.956 -0.085 0.282 -0.956 -0.084 0.281 0.647 0.32 -0.692 -0.207 -0.49 -0.847 -0.106 0.989 -0.101 -0.949 0.192 -0.249 -0.28 0.459 -0.843 -0.427 0.729 0.535 -0.794 0.024 0.607 -0.998 -0.046 0.048 -0.546 0.835 -0.066 -0.363 -0.645 0.673 -0.462 -0.877 0.131 0.433 -0.607 0.666 0.532 -0.84 0.102 0.799 0.097 0.594 0.999 0.04 -0.012 0.369 0.764 0.528 0.456 0.885 -0.097 -0.997 -0.039 0.073 -0.54 0.839 -0.07 -0.457 -0.875 0.16 0.539 -0.836 0.105 0.998 0.041 -0.038 0.459 0.88 -0.125 -0.998 -0.036 0.051 -0.531 0.844 -0.076 -0.454 -0.879 0.144 0.547 -0.83 0.109 0.999 0.048 -0.017 0.464 0.879 -0.109 -0.999 -0.041 -0.007 -0.529 0.845 -0.081 -0.453 -0.887 0.092 0.549 -0.828 0.115 0.998 0.056 0.041 0.465 0.884 -0.056 -0.997 -0.05 -0.059 -0.535 0.841 -0.086 -0.454 -0.89 0.045 0.543 -0.831 0.122 0.994 0.057 0.094 0.459 0.889 -0.009 -0.75 -0.079 -0.656 -0.377 0.646 -0.663 -0.31 -0.762 -0.569 0.5 -0.715 -0.489 0.868 0.01 -0.497 0.431 0.688 -0.584 0.005 0.1 0.995 0.106 -0.06 -0.993 -0.535 0.833 0.144 -0.651 -0.276 -0.707 -0.652 -0.276 -0.706 -0.535 0.832 0.144 0.524 -0.841 -0.132 0.524 -0.842 -0.132 0.641 0.267 0.719 0.641 0.267 0.72 -0.652 -0.277 -0.706 -0.536 0.832 0.145 0.523 -0.842 -0.131 0.64 0.266 0.721 -0.517 0.829 0.212 -0.586 -0.54 0.604 -0.516 0.83 0.213 0.525 -0.827 -0.202 0.526 -0.826 -0.202 0.595 0.542 -0.593 -0.585 -0.54 0.605 -0.516 0.83 0.214 0.526 -0.826 -0.201 0.596 0.543 -0.592 -0.427 0.621 -0.657 -0.762 -0.64 -0.097 -0.762 -0.64 -0.096 -0.428 0.621 -0.657 0.419 -0.613 0.67 0.418 -0.613 0.671 0.754 0.648 0.109 0.753 0.649 0.109 -0.763 -0.639 -0.096 -0.428 0.622 -0.656 0.418 -0.612 0.671 0.753 0.649 0.11 -0.464 0.752 0.469 -0.892 -0.395 -0.22 -0.892 -0.396 -0.219 -0.464 0.751 0.47 0.463 -0.76 -0.456 0.463 -0.76 -0.455 0.892 0.387 0.233 -0.892 -0.396 -0.218 -0.464 0.751 0.471 0.463 -0.761 -0.455 0.892 0.386 0.234 -0.474 0.718 -0.51 -0.735 0.036 0.677 -0.734 0.037 0.678 0.482 -0.708 0.517 0.482 -0.707 0.517 0.742 -0.026 -0.67 0.742 -0.025 -0.67 -0.473 0.719 -0.509 0.482 -0.707 0.518 0.742 -0.025 -0.669 -0.497 0.736 -0.459 -0.344 -0.674 -0.653 -0.345 -0.674 -0.653 -0.498 0.736 -0.458 0.486 -0.739 0.467 0.485 -0.739 0.467 0.332 0.672 0.662 -0.345 -0.675 -0.653 -0.499 0.736 -0.458 0.331 0.672 0.663</float_array><technique_common><accessor source="#ROW_18_SEG0_solid-nrm-a" count="1601" stride="3"><param name="X" type="float"/><param name="Y" type="float"/><param name="Z" type="float"/></accessor></technique_common></source>
        <vertices id="ROW_18_SEG0_solid-vtx"><input semantic="POSITION" source="#ROW_18_SEG0_solid-pos"/></vertices>
        <triangles count="2632" material="MAT_COTTON_STEM-mat"><input semantic="VERTEX" source="#ROW_18_SEG0_solid-vtx" offset="0"/><input semantic="NORMAL" source="#ROW_18_SEG0_solid-nrm" offset="1"/><p>0 0 1 1 2 2 0 0 2 2 3 3 1 1 4 4 5 5 1 1 5 5 2 2 4 4 6 6 7 7 4 4 7 7 5 5 6 6 8 8 9 9 6 6 9 9 7 7 8 8 10 10 11 11 8 8 11 11 9 9 10 10 0 0 3 3 10 10 3 3 11 11 3 3 2 2 12 12 3 3 12 12 13 13 2 2 5 5 14 14 2 2 14 14 12 12 5 5 7 7 15 15 5 5 15 15 14 14 7 7 9 9 16 16 7 7 16 16 15 15 9 9 11 11 17 17 9 9 17 17 16 16 11 11 3 3 13 13 11 11 13 13 17 17 13 13 12 12 18 18 13 13 18 18 19 19 12 12 14 14 20 20 12 12 20 20 18 18 14 14 15 15 21 21 14 14 21 21 20 20 15 15 16 16 22 22 15 15 22 22 21 21 16 16 17 17 23 23 16 16 23 23 22 22 17 17 13 13 19 19 17 17 19 19 23 23 19 19 18 18 24 24 19 19 24 24 25 25 18 18 20 20 26 26 18 18 26 26 24 24 20 20 21 21 27 27 20 20 27 27 26 26 21 21 22 22 28 28 21 21 28 28 27 27 22 22 23 23 29 29 22 22 29 29 28 28 23 23 19 19 25 25 23 23 25 25 29 29 25 25 24 24 30 30 25 25 30 30 31 31 24 24 26 26 32 32 24 24 32 32 30 30 26 26 27 27 33 33 26 26 33 33 32 32 27 27 28 28 34 34 27 27 34 34 33 33 28 28 29 29 35 35 28 28 35 35 34 34 29 29 25 25 31 31 29 29 31 31 35 35 31 31 30 30 36 36 31 31 36 36 37 37 30 30 32 32 38 38 30 30 38 38 36 36 32 32 33 33 39 39 32 32 39 39 38 38 33 33 34 34 40 40 33 33 40 40 39 39 34 34 35 35 41 41 34 34 41 41 40 40 35 35 31 31 37 37 35 35 37 37 41 41 0 0 1 1 42 42 1 1 4 4 42 42 4 4 6 6 42 42 6 6 8 8 42 42 8 8 10 10 42 42 10 10 0 0 42 42 36 36 37 37 43 43 38 38 36 36 43 43 39 39 38 38 43 43 40 40 39 39 43 43 41 41 40 40 43 43 37 37 41 41 43 43 44 44 45 45 46 46 44 44 46 46 47 47 45 45 48 48 49 49 45 45 49 49 46 46 48 48 50 50 51 51 48 48 51 51 49 49 50 50 44 44 47 47 50 50 47 47 51 51 47 47 46 46 52 52 47 47 52 52 53 53 46 46 49 49 54 54 46 46 54 54 52 52 49 49 51 51 55 55 49 49 55 55 54 54 51 51 47 47 53 53 51 51 53 53 55 55 56 56 57 57 58 58 56 56 58 58 59 59 57 57 60 60 61 61 57 57 61 61 58 58 60 60 62 62 63 63 60 60 63 63 61 61 62 62 56 56 59 59 62 62 59 59 63 63 59 59 58 58 64 64 59 59 64 64 65 59 58 58 61 61 66 65 58 58 66 65 64 64 61 61 63 63 67 66 61 61 67 66 66 65 63 63 59 59 65 59 63 63 65 59 67 66 68 67 69 68 70 69 68 67 70 69 71 70 69 68 72 71 73 72 69 68 73 72 70 69 72 71 74 73 75 74 72 71 75 74 73 72 74 73 68 67 71 70 74 73 71 70 75 74 71 70 70 69 76 75 71 70 76 75 77 76 70 69 73 72 78 77 70 69 78 77 76 75 73 72 75 74 79 78 73 72 79 78 78 77 75 74 71 70 77 76 75 74 77 76 79 78 80 79 81 80 82 81 80 79 82 81 83 82 81 80 84 83 85 84 81 80 85 84 82 81 84 83 86 85 87 85 84 83 87 85 85 84 86 85 80 79 83 82 86 85 83 82 87 85 83 82 82 81 88 86 83 82 88 86 89 87 82 81 85 84 90 88 82 81 90 88 88 86 85 84 87 85 91 89 85 84 91 89 90 88 87 85 83 82 89 87 87 85 89 87 91 89 92 90 93 91 94 92 92 90 94 92 95 93 93 91 96 94 97 95 93 91 97 95 94 92 96 94 98 96 99 97 96 94 99 97 97 95 98 96 100 98 101 99 98 96 101 99 99 97 100 98 102 100 103 101 100 98 103 101 101 99 102 100 92 90 95 93 102 100 95 93 103 101 95 93 94 92 104 102 95 93 104 102 105 103 94 92 97 95 106 104 94 92 106 104 104 102 97 95 99 97 107 105 97 95 107 105 106 104 99 97 101 99 108 106 99 97 108 106 107 105 101 99 103 101 109 107 101 99 109 107 108 106 103 101 95 93 105 103 103 101 105 103 109 107 105 103 104 102 110 108 105 103 110 108 111 109 104 102 106 104 112 110 104 102 112 110 110 108 106 104 107 105 113 111 106 104 113 111 112 110 107 105 108 106 114 112 107 105 114 112 113 111 108 106 109 107 115 113 108 106 115 113 114 112 109 107 105 103 111 109 109 107 111 109 115 113 111 109 110 108 116 114 111 109 116 114 117 115 110 108 112 110 118 116 110 108 118 116 116 114 112 110 113 111 119 117 112 110 119 117 118 116 113 111 114 112 120 118 113 111 120 118 119 117 114 112 115 113 121 119 114 112 121 119 120 118 115 113 111 109 117 115 115 113 117 115 121 119 117 115 116 114 122 120 117 115 122 120 123 121 116 114 118 116 124 122 116 114 124 122 122 120 118 116 119 117 125 123 118 116 125 123 124 122 119 117 120 118 126 124 119 117 126 124 125 123 120 118 121 119 127 125 120 118 127 125 126 124 121 119 117 115 123 121 121 119 123 121 127 125 123 121 122 120 128 126 123 121 128 126 129 127 122 120 124 122 130 128 122 120 130 128 128 126 124 122 125 123 131 129 124 122 131 129 130 128 125 123 126 124 132 130 125 123 132 130 131 129 126 124 127 125 133 131 126 124 133 131 132 130 127 125 123 121 129 127 127 125 129 127 133 131 92 90 93 91 134 132 93 91 96 94 134 132 96 94 98 96 134 132 98 96 100 98 134 132 100 98 102 100 134 132 102 100 92 90 134 132 128 126 129 127 135 133 130 128 128 126 135 133 131 129 130 128 135 133 132 130 131 129 135 133 133 131 132 130 135 133 129 127 133 131 135 133 136 134 137 135 138 136 136 134 138 136 139 137 137 135 140 138 141 139 137 135 141 139 138 136 140 138 142 140 143 141 140 138 143 141 141 139 142 140 136 134 139 137 142 140 139 137 143 141 139 137 138 136 144 142 139 137 144 142 145 143 138 136 141 139 146 144 138 136 146 144 144 142 141 139 143 141 147 145 141 139 147 145 146 144 143 141 139 137 145 143 143 141 145 143 147 145 148 146 149 147 150 148 148 146 150 148 151 149 149 147 152 150 153 151 149 147 153 151 150 148 152 150 154 152 155 153 152 150 155 153 153 151 154 152 148 146 151 149 154 152 151 149 155 153 151 149 150 148 156 154 151 149 156 154 157 155 150 148 153 151 158 156 150 148 158 156 156 154 153 151 155 153 159 153 153 151 159 153 158 156 155 153 151 149 157 155 155 153 157 155 159 153 160 157 161 158 162 159 160 157 162 159 163 160 161 158 164 161 165 162 161 158 165 162 162 159 164 161 166 163 167 164 164 161 167 164 165 162 166 163 160 157 163 160 166 163 163 160 167 164 163 160 162 159 168 165 163 160 168 165 169 166 162 159 165 162 170 167 162 159 170 167 168 165 165 162 167 164 171 168 165 162 171 168 170 167 167 164 163 160 169 166 167 164 169 166 171 168 172 169 173 170 174 171 172 169 174 171 175 172 173 170 176 173 177 174 173 170 177 174 174 171 176 173 178 175 179 176 176 173 179 176 177 174 178 175 172 169 175 172 178 175 175 172 179 176 175 172 174 171 180 177 175 172 180 177 181 178 174 171 177 174 182 179 174 171 182 179 180 177 177 174 179 176 183 180 177 174 183 180 182 179 179 176 175 172 181 178 179 176 181 178 183 180 184 181 185 182 186 183 184 181 186 183 187 184 185 182 188 185 189 185 185 182 189 185 186 183 188 185 190 186 191 187 188 185 191 187 189 185 190 186 184 181 187 184 190 186 187 184 191 187 187 184 186 183 192 188 187 184 192 188 193 189 186 183 189 185 194 190 186 183 194 190 192 188 189 185 191 187 195 191 189 185 195 191 194 190 191 187 187 184 193 189 191 187 193 189 195 191 196 192 197 193 198 194 196 192 198 194 199 195 197 193 200 196 201 197 197 193 201 197 198 194 200 196 202 198 203 199 200 196 203 199 201 197 202 198 204 200 205 201 202 198 205 201 203 199 204 200 206 202 207 203 204 200 207 203 205 201 206 202 196 192 199 195 206 202 199 195 207 203 199 195 198 194 208 204 199 195 208 204 209 205 198 194 201 197 210 206 198 194 210 206 208 204 201 197 203 199 211 207 201 197 211 207 210 206 203 199 205 201 212 208 203 199 212 208 211 207 205 201 207 203 213 209 205 201 213 209 212 208 207 203 199 195 209 205 207 203 209 205 213 209 209 205 208 204 214 210 209 205 214 210 215 211 208 204 210 206 216 212 208 204 216 212 214 210 210 206 211 207 217 213 210 206 217 213 216 212 211 207 212 208 218 214 211 207 218 214 217 213 212 208 213 209 219 215 212 208 219 215 218 214 213 209 209 205 215 211 213 209 215 211 219 215 215 211 214 210 220 216 215 211 220 216 221 217 214 210 216 212 222 218 214 210 222 218 220 216 216 212 217 213 223 219 216 212 223 219 222 218 217 213 218 214 224 220 217 213 224 220 223 219 218 214 219 215 225 221 218 214 225 221 224 220 219 215 215 211 221 217 219 215 221 217 225 221 221 217 220 216 226 222 221 217 226 222 227 223 220 216 222 218 228 224 220 216 228 224 226 222 222 218 223 219 229 225 222 218 229 225 228 224 223 219 224 220 230 226 223 219 230 226 229 225 224 220 225 221 231 227 224 220 231 227 230 226 225 221 221 217 227 223 225 221 227 223 231 227 227 223 226 222 232 228 227 223 232 228 233 229 226 222 228 224 234 230 226 222 234 230 232 228 228 224 229 225 235 231 228 224 235 231 234 230 229 225 230 226 236 232 229 225 236 232 235 231 230 226 231 227 237 233 230 226 237 233 236 232 231 227 227 223 233 229 231 227 233 229 237 233 196 192 197 193 238 234 197 193 200 196 238 234 200 196 202 198 238 234 202 198 204 200 238 234 204 200 206 202 238 234 206 202 196 192 238 234 232 228 233 229 239 235 234 230 232 228 239 235 235 231 234 230 239 235 236 232 235 231 239 235 237 233 236 232 239 235 233 229 237 233 239 235 240 236 241 237 242 237 240 236 242 237 243 238 241 237 244 239 245 240 241 237 245 240 242 237 244 239 246 241 247 241 244 239 247 241 245 240 246 241 240 236 243 238 246 241 243 238 247 241 243 238 242 237 248 242 243 238 248 242 249 243 242 237 245 240 250 244 242 237 250 244 248 242 245 240 247 241 251 245 245 240 251 245 250 244 247 241 243 238 249 243 247 241 249 243 251 245 252 246 253 247 254 248 252 246 254 248 255 246 253 247 256 249 257 250 253 247 257 250 254 248 256 249 258 251 259 252 256 249 259 252 257 250 258 251 252 246 255 246 258 251 255 246 259 252 255 246 254 248 260 253 255 246 260 253 261 254 254 248 257 250 262 255 254 248 262 255 260 253 257 250 259 252 263 256 257 250 263 256 262 255 259 252 255 246 261 254 259 252 261 254 263 256 264 257 265 258 266 259 264 257 266 259 267 260 265 258 268 261 269 262 265 258 269 262 266 259 268 261 270 263 271 264 268 261 271 264 269 262 270 263 264 257 267 260 270 263 267 260 271 264 267 260 266 259 272 265 267 260 272 265 273 266 266 259 269 262 274 267 266 259 274 267 272 265 269 262 271 264 275 268 269 262 275 268 274 267 271 264 267 260 273 266 271 264 273 266 275 268 276 269 277 270 278 271 276 269 278 271 279 272 277 270 280 273 281 274 277 270 281 274 278 271 280 273 282 275 283 276 280 273 283 276 281 274 282 275 276 269 279 272 282 275 279 272 283 276 279 272 278 271 284 277 279 272 284 277 285 278 278 271 281 274 286 279 278 271 286 279 284 277 281 274 283 276 287 280 281 274 287 280 286 279 283 276 279 272 285 278 283 276 285 278 287 280 288 281 289 282 290 283 288 281 290 283 291 284 289 282 292 285 293 286 289 282 293 286 290 283 292 285 294 287 295 288 292 285 295 288 293 286 294 287 288 281 291 284 294 287 291 284 295 288 291 284 290 283 296 289 291 284 296 289 297 290 290 283 293 286 298 291 290 283 298 291 296 289 293 286 295 288 299 292 293 286 299 292 298 291 295 288 291 284 297 290 295 288 297 290 299 292 300 293 301 294 302 295 300 293 302 295 303 296 301 294 304 297 305 298 301 294 305 298 302 295 304 297 306 299 307 300 304 297 307 300 305 298 306 299 308 301 309 302 306 299 309 302 307 300 308 301 310 303 311 304 308 301 311 304 309 302 310 303 300 293 303 296 310 303 303 296 311 304 303 296 302 295 312 305 303 296 312 305 313 306 302 295 305 298 314 307 302 295 314 307 312 305 305 298 307 300 315 308 305 298 315 308 314 307 307 300 309 302 316 309 307 300 316 309 315 308 309 302 311 304 317 310 309 302 317 310 316 309 311 304 303 296 313 306 311 304 313 306 317 310 313 306 312 305 318 311 313 306 318 311 319 312 312 305 314 307 320 313 312 305 320 313 318 311 314 307 315 308 321 314 314 307 321 314 320 313 315 308 316 309 322 315 315 308 322 315 321 314 316 309 317 310 323 316 316 309 323 316 322 315 317 310 313 306 319 312 317 310 319 312 323 316 319 312 318 311 324 317 319 312 324 317 325 318 318 311 320 313 326 319 318 311 326 319 324 317 320 313 321 314 327 320 320 313 327 320 326 319 321 314 322 315 328 321 321 314 328 321 327 320 322 315 323 316 329 322 322 315 329 322 328 321 323 316 319 312 325 318 323 316 325 318 329 322 325 318 324 317 330 323 325 318 330 323 331 324 324 317 326 319 332 325 324 317 332 325 330 323 326 319 327 320 333 326 326 319 333 326 332 325 327 320 328 321 334 327 327 320 334 327 333 326 328 321 329 322 335 328 328 321 335 328 334 327 329 322 325 318 331 324 329 322 331 324 335 328 331 324 330 323 336 329 331 324 336 329 337 330 330 323 332 325 338 331 330 323 338 331 336 329 332 325 333 326 339 332 332 325 339 332 338 331 333 326 334 327 340 333 333 326 340 333 339 332 334 327 335 328 341 334 334 327 341 334 340 333 335 328 331 324 337 330 335 328 337 330 341 334 300 293 301 294 342 335 301 294 304 297 342 335 304 297 306 299 342 335 306 299 308 301 342 335 308 301 310 303 342 335 310 303 300 293 342 335 336 329 337 330 343 336 338 331 336 329 343 336 339 332 338 331 343 336 340 333 339 332 343 336 341 334 340 333 343 336 337 330 341 334 343 336 344 337 345 338 346 339 344 337 346 339 347 340 345 338 348 341 349 342 345 338 349 342 346 339 348 341 350 343 351 344 348 341 351 344 349 342 350 343 344 337 347 340 350 343 347 340 351 344 347 340 346 339 352 345 347 340 352 345 353 340 346 339 349 342 354 346 346 339 354 346 352 345 349 342 351 344 355 344 349 342 355 344 354 346 351 344 347 340 353 340 351 344 353 340 355 344 356 347 357 348 358 349 356 347 358 349 359 350 357 348 360 351 361 352 357 348 361 352 358 349 360 351 362 353 363 354 360 351 363 354 361 352 362 353 356 347 359 350 362 353 359 350 363 354 359 350 358 349 364 355 359 350 364 355 365 356 358 349 361 352 366 357 358 349 366 357 364 355 361 352 363 354 367 358 361 352 367 358 366 357 363 354 359 350 365 356 363 354 365 356 367 358 368 359 369 360 370 361 368 359 370 361 371 359 369 360 372 362 373 363 369 360 373 363 370 361 372 362 374 364 375 365 372 362 375 365 373 363 374 364 368 359 371 359 374 364 371 359 375 365 371 359 370 361 376 366 371 359 376 366 377 367 370 361 373 363 378 368 370 361 378 368 376 366 373 363 375 365 379 369 373 363 379 369 378 368 375 365 371 359 377 367 375 365 377 367 379 369 380 370 381 371 382 372 380 370 382 372 383 373 381 371 384 374 385 375 381 371 385 375 382 372 384 374 386 376 387 377 384 374 387 377 385 375 386 376 380 370 383 373 386 376 383 373 387 377 383 373 382 372 388 378 383 373 388 378 389 379 382 372 385 375 390 380 382 372 390 380 388 378 385 375 387 377 391 381 385 375 391 381 390 380 387 377 383 373 389 379 387 377 389 379 391 381 392 382 393 383 394 384 392 382 394 384 395 385 393 383 396 386 397 387 393 383 397 387 394 384 396 386 398 388 399 389 396 386 399 389 397 387 398 388 400 390 401 391 398 388 401 391 399 389 400 390 402 392 403 393 400 390 403 393 401 391 402 392 392 382 395 385 402 392 395 385 403 393 395 385 394 384 404 394 395 385 404 394 405 395 394 384 397 387 406 396 394 384 406 396 404 394 397 387 399 389 407 397 397 387 407 397 406 396 399 389 401 391 408 398 399 389 408 398 407 397 401 391 403 393 409 399 401 391 409 399 408 398 403 393 395 385 405 395 403 393 405 395 409 399 405 395 404 394 410 400 405 395 410 400 411 401 404 394 406 396 412 402 404 394 412 402 410 400 406 396 407 397 413 403 406 396 413 403 412 402 407 397 408 398 414 404 407 397 414 404 413 403 408 398 409 399 415 405 408 398 415 405 414 404 409 399 405 395 411 401 409 399 411 401 415 405 411 401 410 400 416 406 411 401 416 406 417 407 410 400 412 402 418 408 410 400 418 408 416 406 412 402 413 403 419 409 412 402 419 409 418 408 413 403 414 404 420 410 413 403 420 410 419 409 414 404 415 405 421 411 414 404 421 411 420 410 415 405 411 401 417 407 415 405 417 407 421 411 417 407 416 406 422 412 417 407 422 412 423 413 416 406 418 408 424 414 416 406 424 414 422 412 418 408 419 409 425 415 418 408 425 415 424 414 419 409 420 410 426 416 419 409 426 416 425 415 420 410 421 411 427 417 420 410 427 417 426 416 421 411 417 407 423 413 421 411 423 413 427 417 423 413 422 412 428 418 423 413 428 418 429 419 422 412 424 414 430 420 422 412 430 420 428 418 424 414 425 415 431 421 424 414 431 421 430 420 425 415 426 416 432 422 425 415 432 422 431 421 426 416 427 417 433 423 426 416 433 423 432 422 427 417 423 413 429 419 427 417 429 419 433 423 392 382 393 383 434 424 393 383 396 386 434 424 396 386 398 388 434 424 398 388 400 390 434 424 400 390 402 392 434 424 402 392 392 382 434 424 428 418 429 419 435 425 430 420 428 418 435 425 431 421 430 420 435 425 432 422 431 421 435 425 433 423 432 422 435 425 429 419 433 423 435 425 436 426 437 427 438 428 436 426 438 428 439 429 437 427 440 430 441 431 437 427 441 431 438 428 440 430 442 432 443 433 440 430 443 433 441 431 442 432 436 426 439 429 442 432 439 429 443 433 439 429 438 428 444 434 439 429 444 434 445 435 438 428 441 431 446 436 438 428 446 436 444 434 441 431 443 433 447 437 441 431 447 437 446 436 443 433 439 429 445 435 443 433 445 435 447 437 448 438 449 439 450 440 448 438 450 440 451 438 449 439 452 441 453 442 449 439 453 442 450 440 452 441 454 443 455 444 452 441 455 444 453 442 454 443 448 438 451 438 454 443 451 438 455 444 451 438 450 440 456 445 451 438 456 445 457 446 450 440 453 442 458 447 450 440 458 447 456 445 453 442 455 444 459 448 453 442 459 448 458 447 455 444 451 438 457 446 455 444 457 446 459 448 460 449 461 450 462 451 460 449 462 451 463 452 461 450 464 453 465 454 461 450 465 454 462 451 464 453 466 455 467 456 464 453 467 456 465 454 466 455 460 449 463 452 466 455 463 452 467 456 463 452 462 451 468 457 463 452 468 457 469 458 462 451 465 454 470 459 462 451 470 459 468 457 465 454 467 456 471 460 465 454 471 460 470 459 467 456 463 452 469 458 467 456 469 458 471 460 472 461 473 462 474 463 472 461 474 463 475 464 473 462 476 465 477 466 473 462 477 466 474 463 476 465 478 467 479 467 476 465 479 467 477 466 478 467 472 461 475 464 478 467 475 464 479 467 475 464 474 463 480 468 475 464 480 468 481 469 474 463 477 466 482 470 474 463 482 470 480 468 477 466 479 467 483 471 477 466 483 471 482 470 479 467 475 464 481 469 479 467 481 469 483 471 484 472 485 473 486 474 484 472 486 474 487 475 485 473 488 476 489 477 485 473 489 477 486 474 488 476 490 478 491 479 488 476 491 479 489 477 490 478 484 472 487 475 490 478 487 475 491 479 487 475 486 474 492 480 487 475 492 480 493 481 486 474 489 477 494 477 486 474 494 477 492 480 489 477 491 479 495 482 489 477 495 482 494 477 491 479 487 475 493 481 491 479 493 481 495 482 496 483 497 484 498 485 496 483 498 485 499 486 497 484 500 487 501 488 497 484 501 488 498 485 500 487 502 489 503 490 500 487 503 490 501 488 502 489 504 491 505 492 502 489 505 492 503 490 504 491 506 493 507 494 504 491 507 494 505 492 506 493 496 483 499 486 506 493 499 486 507 494 499 486 498 485 508 495 499 486 508 495 509 496 498 485 501 488 510 497 498 485 510 497 508 495 501 488 503 490 511 498 501 488 511 498 510 497 503 490 505 492 512 499 503 490 512 499 511 498 505 492 507 494 513 500 505 492 513 500 512 499 507 494 499 486 509 496 507 494 509 496 513 500 509 496 508 495 514 501 509 496 514 501 515 502 508 495 510 497 516 503 508 495 516 503 514 501 510 497 511 498 517 504 510 497 517 504 516 503 511 498 512 499 518 505 511 498 518 505 517 504 512 499 513 500 519 506 512 499 519 506 518 505 513 500 509 496 515 502 513 500 515 502 519 506 515 502 514 501 520 507 515 502 520 507 521 508 514 501 516 503 522 509 514 501 522 509 520 507 516 503 517 504 523 510 516 503 523 510 522 509 517 504 518 505 524 511 517 504 524 511 523 510 518 505 519 506 525 512 518 505 525 512 524 511 519 506 515 502 521 508 519 506 521 508 525 512 521 508 520 507 526 513 521 508 526 513 527 514 520 507 522 509 528 515 520 507 528 515 526 513 522 509 523 510 529 516 522 509 529 516 528 515 523 510 524 511 530 517 523 510 530 517 529 516 524 511 525 512 531 518 524 511 531 518 530 517 525 512 521 508 527 514 525 512 527 514 531 518 527 514 526 513 532 519 527 514 532 519 533 520 526 513 528 515 534 521 526 513 534 521 532 519 528 515 529 516 535 522 528 515 535 522 534 521 529 516 530 517 536 523 529 516 536 523 535 522 530 517 531 518 537 524 530 517 537 524 536 523 531 518 527 514 533 520 531 518 533 520 537 524 496 483 497 484 538 525 497 484 500 487 538 525 500 487 502 489 538 525 502 489 504 491 538 525 504 491 506 493 538 525 506 493 496 483 538 525 532 519 533 520 539 526 534 521 532 519 539 526 535 522 534 521 539 526 536 523 535 522 539 526 537 524 536 523 539 526 533 520 537 524 539 526 540 527 541 528 542 529 540 527 542 529 543 530 541 528 544 531 545 532 541 528 545 532 542 529 544 531 546 533 547 534 544 531 547 534 545 532 546 533 540 527 543 530 546 533 543 530 547 534 543 530 542 529 548 535 543 530 548 535 549 536 542 529 545 532 550 537 542 529 550 537 548 535 545 532 547 534 551 538 545 532 551 538 550 537 547 534 543 530 549 536 547 534 549 536 551 538 552 539 553 540 554 541 552 539 554 541 555 542 553 540 556 543 557 544 553 540 557 544 554 541 556 543 558 545 559 546 556 543 559 546 557 544 558 545 552 539 555 542 558 545 555 542 559 546 555 542 554 541 560 547 555 542 560 547 561 548 554 541 557 544 562 549 554 541 562 549 560 547 557 544 559 546 563 546 557 544 563 546 562 549 559 546 555 542 561 548 559 546 561 548 563 546 564 550 565 551 566 552 564 550 566 552 567 553 565 551 568 554 569 555 565 551 569 555 566 552 568 554 570 556 571 557 568 554 571 557 569 555 570 556 564 550 567 553 570 556 567 553 571 557 567 553 566 552 572 558 567 553 572 558 573 559 566 552 569 555 574 560 566 552 574 560 572 558 569 555 571 557 575 561 569 555 575 561 574 560 571 557 567 553 573 559 571 557 573 559 575 561 576 562 577 563 578 563 576 562 578 563 579 562 577 563 580 564 581 565 577 563 581 565 578 563 580 564 582 566 583 567 580 564 583 567 581 565 582 566 576 562 579 562 582 566 579 562 583 567 579 562 578 563 584 568 579 562 584 568 585 569 578 563 581 565 586 570 578 563 586 570 584 568 581 565 583 567 587 571 581 565 587 571 586 570 583 567 579 562 585 569 583 567 585 569 587 571 588 572 589 573 590 574 588 572 590 574 591 575 589 573 592 576 593 576 589 573 593 576 590 574 592 576 594 577 595 578 592 576 595 578 593 576 594 577 588 572 591 575 594 577 591 575 595 578 591 575 590 574 596 574 591 575 596 574 597 579 590 574 593 576 598 580 590 574 598 580 596 574 593 576 595 578 599 578 593 576 599 578 598 580 595 578 591 575 597 579 595 578 597 579 599 578 600 581 601 582 602 583 600 581 602 583 603 584 601 582 604 585 605 586 601 582 605 586 602 583 604 585 606 587 607 587 604 585 607 587 605 586 606 587 600 581 603 584 606 587 603 584 607 587 603 584 602 583 608 588 603 584 608 588 609 589 602 583 605 586 610 590 602 583 610 590 608 588 605 586 607 587 611 591 605 586 611 591 610 590 607 587 603 584 609 589 607 587 609 589 611 591 612 592 613 593 614 594 612 592 614 594 615 592 613 593 616 595 617 596 613 593 617 596 614 594 616 595 618 597 619 598 616 595 619 598 617 596 618 597 612 592 615 592 618 597 615 592 619 598 615 592 614 594 620 599 615 592 620 599 621 600 614 594 617 596 622 601 614 594 622 601 620 599 617 596 619 598 623 602 617 596 623 602 622 601 619 598 615 592 621 600 619 598 621 600 623 602 624 603 625 604 626 605 624 603 626 605 627 606 625 604 628 607 629 607 625 604 629 607 626 605 628 607 630 608 631 609 628 607 631 609 629 607 630 608 624 603 627 606 630 608 627 606 631 609 627 606 626 605 632 610 627 606 632 610 633 611 626 605 629 607 634 612 626 605 634 612 632 610 629 607 631 609 635 609 629 607 635 609 634 612 631 609 627 606 633 611 631 609 633 611 635 609 636 613 637 614 638 615 636 613 638 615 639 616 637 614 640 617 641 618 637 614 641 618 638 615 640 617 642 619 643 620 640 617 643 620 641 618 642 619 636 613 639 616 642 619 639 616 643 620 639 616 638 615 644 621 639 616 644 621 645 622 638 615 641 618 646 623 638 615 646 623 644 621 641 618 643 620 647 624 641 618 647 624 646 623 643 620 639 616 645 622 643 620 645 622 647 624 644 621 645 622 648 625 646 623 644 621 648 625 647 624 646 623 648 625 645 622 647 624 648 625 649 626 650 627 651 628 649 626 651 628 652 629 650 627 653 630 654 631 650 627 654 631 651 628 653 630 655 632 656 633 653 630 656 633 654 631 655 632 657 634 658 635 655 632 658 635 656 633 657 634 659 636 660 637 657 634 660 637 658 635 659 636 649 626 652 629 659 636 652 629 660 637 652 629 651 628 661 638 652 629 661 638 662 639 651 628 654 631 663 640 651 628 663 640 661 638 654 631 656 633 664 641 654 631 664 641 663 640 656 633 658 635 665 642 656 633 665 642 664 641 658 635 660 637 666 643 658 635 666 643 665 642 660 637 652 629 662 639 660 637 662 639 666 643 662 639 661 638 667 644 662 639 667 644 668 645 661 638 663 640 669 646 661 638 669 646 667 644 663 640 664 641 670 647 663 640 670 647 669 646 664 641 665 642 671 648 664 641 671 648 670 647 665 642 666 643 672 649 665 642 672 649 671 648 666 643 662 639 668 645 666 643 668 645 672 649 668 645 667 644 673 650 668 645 673 650 674 651 667 644 669 646 675 652 667 644 675 652 673 650 669 646 670 647 676 653 669 646 676 653 675 652 670 647 671 648 677 654 670 647 677 654 676 653 671 648 672 649 678 655 671 648 678 655 677 654 672 649 668 645 674 651 672 649 674 651 678 655 674 651 673 650 679 656 674 651 679 656 680 657 673 650 675 652 681 658 673 650 681 658 679 656 675 652 676 653 682 659 675 652 682 659 681 658 676 653 677 654 683 660 676 653 683 660 682 659 677 654 678 655 684 661 677 654 684 661 683 660 678 655 674 651 680 657 678 655 680 657 684 661 680 657 679 656 685 662 680 657 685 662 686 663 679 656 681 658 687 664 679 656 687 664 685 662 681 658 682 659 688 665 681 658 688 665 687 664 682 659 683 660 689 666 682 659 689 666 688 665 683 660 684 661 690 667 683 660 690 667 689 666 684 661 680 657 686 663 684 661 686 663 690 667 649 626 650 627 691 668 650 627 653 630 691 668 653 630 655 632 691 668 655 632 657 634 691 668 657 634 659 636 691 668 659 636 649 626 691 668 685 662 686 663 692 669 687 664 685 662 692 669 688 665 687 664 692 669 689 666 688 665 692 669 690 667 689 666 692 669 686 663 690 667 692 669 693 670 694 671 695 672 693 670 695 672 696 670 694 671 697 673 698 674 694 671 698 674 695 672 697 673 699 675 700 676 697 673 700 676 698 674 699 675 693 670 696 670 699 675 696 670 700 676 696 670 695 672 701 677 696 670 701 677 702 678 695 672 698 674 703 679 695 672 703 679 701 677 698 674 700 676 704 680 698 674 704 680 703 679 700 676 696 670 702 678 700 676 702 678 704 680 705 681 706 682 707 683 705 681 707 683 708 684 706 682 709 685 710 685 706 682 710 685 707 683 709 685 711 686 712 687 709 685 712 687 710 685 711 686 705 681 708 684 711 686 708 684 712 687 708 684 707 683 713 688 708 684 713 688 714 689 707 683 710 685 715 690 707 683 715 690 713 688 710 685 712 687 716 691 710 685 716 691 715 690 712 687 708 684 714 689 712 687 714 689 716 691 717 692 718 693 719 694 717 692 719 694 720 692 718 693 721 695 722 696 718 693 722 696 719 694 721 695 723 697 724 698 721 695 724 698 722 696 723 697 717 692 720 692 723 697 720 692 724 698 720 692 719 694 725 699 720 692 725 699 726 700 719 694 722 696 727 701 719 694 727 701 725 699 722 696 724 698 728 702 722 696 728 702 727 701 724 698 720 692 726 700 724 698 726 700 728 702 729 703 730 704 731 705 729 703 731 705 732 706 730 704 733 707 734 708 730 704 734 708 731 705 733 707 735 709 736 710 733 707 736 710 734 708 735 709 729 703 732 706 735 709 732 706 736 710 732 706 731 705 737 711 732 706 737 711 738 706 731 705 734 708 739 712 731 705 739 712 737 711 734 708 736 710 740 713 734 708 740 713 739 712 736 710 732 706 738 706 736 710 738 706 740 713 741 714 742 715 743 716 741 714 743 716 744 714 742 715 745 717 746 718 742 715 746 718 743 716 745 717 747 719 748 720 745 717 748 720 746 718 747 719 741 714 744 714 747 719 744 714 748 720 744 714 743 716 749 721 744 714 749 721 750 722 743 716 746 718 751 723 743 716 751 723 749 721 746 718 748 720 752 724 746 718 752 724 751 723 748 720 744 714 750 722 748 720 750 722 752 724 753 725 754 726 755 727 753 725 755 727 756 728 754 726 757 729 758 730 754 726 758 730 755 727 757 729 759 731 760 732 757 729 760 732 758 730 759 731 761 733 762 734 759 731 762 734 760 732 761 733 763 735 764 736 761 733 764 736 762 734 763 735 753 725 756 728 763 735 756 728 764 736 756 728 755 727 765 737 756 728 765 737 766 738 755 727 758 730 767 739 755 727 767 739 765 737 758 730 760 732 768 740 758 730 768 740 767 739 760 732 762 734 769 741 760 732 769 741 768 740 762 734 764 736 770 742 762 734 770 742 769 741 764 736 756 728 766 738 764 736 766 738 770 742 766 738 765 737 771 743 766 738 771 743 772 744 765 737 767 739 773 745 765 737 773 745 771 743 767 739 768 740 774 746 767 739 774 746 773 745 768 740 769 741 775 747 768 740 775 747 774 746 769 741 770 742 776 748 769 741 776 748 775 747 770 742 766 738 772 744 770 742 772 744 776 748 772 744 771 743 777 749 772 744 777 749 778 750 771 743 773 745 779 751 771 743 779 751 777 749 773 745 774 746 780 752 773 745 780 752 779 751 774 746 775 747 781 753 774 746 781 753 780 752 775 747 776 748 782 754 775 747 782 754 781 753 776 748 772 744 778 750 776 748 778 750 782 754 778 750 777 749 783 755 778 750 783 755 784 756 777 749 779 751 785 757 777 749 785 757 783 755 779 751 780 752 786 758 779 751 786 758 785 757 780 752 781 753 787 759 780 752 787 759 786 758 781 753 782 754 788 760 781 753 788 760 787 759 782 754 778 750 784 756 782 754 784 756 788 760 784 756 783 755 789 761 784 756 789 761 790 762 783 755 785 757 791 763 783 755 791 763 789 761 785 757 786 758 792 764 785 757 792 764 791 763 786 758 787 759 793 765 786 758 793 765 792 764 787 759 788 760 794 766 787 759 794 766 793 765 788 760 784 756 790 762 788 760 790 762 794 766 753 725 754 726 795 767 754 726 757 729 795 767 757 729 759 731 795 767 759 731 761 733 795 767 761 733 763 735 795 767 763 735 753 725 795 767 789 761 790 762 796 768 791 763 789 761 796 768 792 764 791 763 796 768 793 765 792 764 796 768 794 766 793 765 796 768 790 762 794 766 796 768 797 769 798 770 799 771 797 769 799 771 800 769 798 770 801 772 802 773 798 770 802 773 799 771 801 772 803 774 804 775 801 772 804 775 802 773 803 774 797 769 800 769 803 774 800 769 804 775 800 769 799 771 805 776 800 769 805 776 806 777 799 771 802 773 807 773 799 771 807 773 805 776 802 773 804 775 808 778 802 773 808 778 807 773 804 775 800 769 806 777 804 775 806 777 808 778 809 779 810 780 811 781 809 779 811 781 812 779 810 780 813 782 814 783 810 780 814 783 811 781 813 782 815 784 816 785 813 782 816 785 814 783 815 784 809 779 812 779 815 784 812 779 816 785 812 779 811 781 817 781 812 779 817 781 818 786 811 781 814 783 819 787 811 781 819 787 817 781 814 783 816 785 820 785 814 783 820 785 819 787 816 785 812 779 818 786 816 785 818 786 820 785 821 788 822 789 823 789 821 788 823 789 824 790 822 789 825 791 826 792 822 789 826 792 823 789 825 791 827 793 828 794 825 791 828 794 826 792 827 793 821 788 824 790 827 793 824 790 828 794 824 790 823 789 829 795 824 790 829 795 830 796 823 789 826 792 831 797 823 789 831 797 829 795 826 792 828 794 832 798 826 792 832 798 831 797 828 794 824 790 830 796 828 794 830 796 832 798 833 799 834 800 835 801 833 799 835 801 836 802 834 800 837 803 838 804 834 800 838 804 835 801 837 803 839 805 840 805 837 803 840 805 838 804 839 805 833 799 836 802 839 805 836 802 840 805 836 802 835 801 841 806 836 802 841 806 842 807 835 801 838 804 843 808 835 801 843 808 841 806 838 804 840 805 844 809 838 804 844 809 843 808 840 805 836 802 842 807 840 805 842 807 844 809 845 810 846 811 847 812 845 810 847 812 848 813 846 811 849 814 850 815 846 811 850 815 847 812 849 814 851 816 852 817 849 814 852 817 850 815 851 816 845 810 848 813 851 816 848 813 852 817 848 813 847 812 853 818 848 813 853 818 854 819 847 812 850 815 855 820 847 812 855 820 853 818 850 815 852 817 856 821 850 815 856 821 855 820 852 817 848 813 854 819 852 817 854 819 856 821 857 822 858 823 859 824 857 822 859 824 860 825 858 823 861 826 862 827 858 823 862 827 859 824 861 826 863 828 864 829 861 826 864 829 862 827 863 828 865 830 866 831 863 828 866 831 864 829 865 830 867 832 868 833 865 830 868 833 866 831 867 832 857 822 860 825 867 832 860 825 868 833 860 825 859 824 869 834 860 825 869 834 870 835 859 824 862 827 871 836 859 824 871 836 869 834 862 827 864 829 872 837 862 827 872 837 871 836 864 829 866 831 873 838 864 829 873 838 872 837 866 831 868 833 874 839 866 831 874 839 873 838 868 833 860 825 870 835 868 833 870 835 874 839 870 835 869 834 875 840 870 835 875 840 876 841 869 834 871 836 877 842 869 834 877 842 875 840 871 836 872 837 878 843 871 836 878 843 877 842 872 837 873 838 879 844 872 837 879 844 878 843 873 838 874 839 880 845 873 838 880 845 879 844 874 839 870 835 876 841 874 839 876 841 880 845 876 841 875 840 881 846 876 841 881 846 882 847 875 840 877 842 883 848 875 840 883 848 881 846 877 842 878 843 884 849 877 842 884 849 883 848 878 843 879 844 885 850 878 843 885 850 884 849 879 844 880 845 886 851 879 844 886 851 885 850 880 845 876 841 882 847 880 845 882 847 886 851 882 847 881 846 887 852 882 847 887 852 888 853 881 846 883 848 889 854 881 846 889 854 887 852 883 848 884 849 890 855 883 848 890 855 889 854 884 849 885 850 891 856 884 849 891 856 890 855 885 850 886 851 892 857 885 850 892 857 891 856 886 851 882 847 888 853 886 851 888 853 892 857 888 853 887 852 893 858 888 853 893 858 894 859 887 852 889 854 895 860 887 852 895 860 893 858 889 854 890 855 896 861 889 854 896 861 895 860 890 855 891 856 897 862 890 855 897 862 896 861 891 856 892 857 898 863 891 856 898 863 897 862 892 857 888 853 894 859 892 857 894 859 898 863 857 822 858 823 899 864 858 823 861 826 899 864 861 826 863 828 899 864 863 828 865 830 899 864 865 830 867 832 899 864 867 832 857 822 899 864 893 858 894 859 900 865 895 860 893 858 900 865 896 861 895 860 900 865 897 862 896 861 900 865 898 863 897 862 900 865 894 859 898 863 900 865 901 866 902 867 903 867 901 866 903 867 904 868 902 867 905 869 906 870 902 867 906 870 903 867 905 869 907 871 908 872 905 869 908 872 906 870 907 871 901 866 904 868 907 871 904 868 908 872 904 868 903 867 909 873 904 868 909 873 910 868 903 867 906 870 911 870 903 867 911 870 909 873 906 870 908 872 912 874 906 870 912 874 911 870 908 872 904 868 910 868 908 872 910 868 912 874 913 875 914 876 915 877 913 875 915 877 916 878 914 876 917 879 918 880 914 876 918 880 915 877 917 879 919 881 920 881 917 879 920 881 918 880 919 881 913 875 916 878 919 881 916 878 920 881 916 878 915 877 921 882 916 878 921 882 922 883 915 877 918 880 923 884 915 877 923 884 921 882 918 880 920 881 924 885 918 880 924 885 923 884 920 881 916 878 922 883 920 881 922 883 924 885 925 886 926 887 927 888 925 886 927 888 928 886 926 887 929 889 930 890 926 887 930 890 927 888 929 889 931 891 932 892 929 889 932 892 930 890 931 891 925 886 928 886 931 891 928 886 932 892 928 886 927 888 933 893 928 886 933 893 934 894 927 888 930 890 935 895 927 888 935 895 933 893 930 890 932 892 936 896 930 890 936 896 935 895 932 892 928 886 934 894 932 892 934 894 936 896 937 897 938 898 939 899 937 897 939 899 940 900 938 898 941 901 942 902 938 898 942 902 939 899 941 901 943 903 944 904 941 901 944 904 942 902 943 903 937 897 940 900 943 903 940 900 944 904 940 900 939 899 945 905 940 900 945 905 946 906 939 899 942 902 947 902 939 899 947 902 945 905 942 902 944 904 948 907 942 902 948 907 947 902 944 904 940 900 946 906 944 904 946 906 948 907 949 908 950 909 951 910 949 908 951 910 952 911 950 909 953 912 954 913 950 909 954 913 951 910 953 912 955 914 956 915 953 912 956 915 954 913 955 914 949 908 952 911 955 914 952 911 956 915 952 911 951 910 957 916 952 911 957 916 958 917 951 910 954 913 959 918 951 910 959 918 957 916 954 913 956 915 960 919 954 913 960 919 959 918 956 915 952 911 958 917 956 915 958 917 960 919 961 920 962 921 963 922 961 920 963 922 964 923 962 921 965 924 966 925 962 921 966 925 963 922 965 924 967 926 968 926 965 924 968 926 966 925 967 926 961 920 964 923 967 926 964 923 968 926 964 923 963 922 969 927 964 923 969 927 970 928 963 922 966 925 971 929 963 922 971 929 969 927 966 925 968 926 972 930 966 925 972 930 971 929 968 926 964 923 970 928 968 926 970 928 972 930 973 931 974 932 975 933 973 931 975 933 976 934 974 932 977 935 978 936 974 932 978 936 975 933 977 935 979 937 980 938 977 935 980 938 978 936 979 937 973 931 976 934 979 937 976 934 980 938 976 934 975 933 981 939 976 934 981 939 982 940 975 933 978 936 983 941 975 933 983 941 981 939 978 936 980 938 984 942 978 936 984 942 983 941 980 938 976 934 982 940 980 938 982 940 984 942 981 939 982 940 985 943 983 941 981 939 985 943 984 942 983 941 985 943 982 940 984 942 985 943 986 944 987 945 988 946 986 944 988 946 989 947 987 945 990 948 991 949 987 945 991 949 988 946 990 948 992 950 993 951 990 948 993 951 991 949 992 950 994 952 995 953 992 950 995 953 993 951 994 952 996 954 997 955 994 952 997 955 995 953 996 954 986 944 989 947 996 954 989 947 997 955 989 947 988 946 998 956 989 947 998 956 999 957 988 946 991 949 1000 958 988 946 1000 958 998 956 991 949 993 951 1001 959 991 949 1001 959 1000 958 993 951 995 953 1002 960 993 951 1002 960 1001 959 995 953 997 955 1003 961 995 953 1003 961 1002 960 997 955 989 947 999 957 997 955 999 957 1003 961 999 957 998 956 1004 962 999 957 1004 962 1005 963 998 956 1000 958 1006 964 998 956 1006 964 1004 962 1000 958 1001 959 1007 965 1000 958 1007 965 1006 964 1001 959 1002 960 1008 966 1001 959 1008 966 1007 965 1002 960 1003 961 1009 967 1002 960 1009 967 1008 966 1003 961 999 957 1005 963 1003 961 1005 963 1009 967 1005 963 1004 962 1010 968 1005 963 1010 968 1011 969 1004 962 1006 964 1012 970 1004 962 1012 970 1010 968 1006 964 1007 965 1013 971 1006 964 1013 971 1012 970 1007 965 1008 966 1014 972 1007 965 1014 972 1013 971 1008 966 1009 967 1015 973 1008 966 1015 973 1014 972 1009 967 1005 963 1011 969 1009 967 1011 969 1015 973 1011 969 1010 968 1016 974 1011 969 1016 974 1017 975 1010 968 1012 970 1018 976 1010 968 1018 976 1016 974 1012 970 1013 971 1019 977 1012 970 1019 977 1018 976 1013 971 1014 972 1020 978 1013 971 1020 978 1019 977 1014 972 1015 973 1021 979 1014 972 1021 979 1020 978 1015 973 1011 969 1017 975 1015 973 1017 975 1021 979 1017 975 1016 974 1022 980 1017 975 1022 980 1023 981 1016 974 1018 976 1024 982 1016 974 1024 982 1022 980 1018 976 1019 977 1025 983 1018 976 1025 983 1024 982 1019 977 1020 978 1026 984 1019 977 1026 984 1025 983 1020 978 1021 979 1027 985 1020 978 1027 985 1026 984 1021 979 1017 975 1023 981 1021 979 1023 981 1027 985 986 944 987 945 1028 986 987 945 990 948 1028 986 990 948 992 950 1028 986 992 950 994 952 1028 986 994 952 996 954 1028 986 996 954 986 944 1028 986 1022 980 1023 981 1029 987 1024 982 1022 980 1029 987 1025 983 1024 982 1029 987 1026 984 1025 983 1029 987 1027 985 1026 984 1029 987 1023 981 1027 985 1029 987 1030 988 1031 989 1032 990 1030 988 1032 990 1033 991 1031 989 1034 992 1035 992 1031 989 1035 992 1032 990 1034 992 1036 993 1037 994 1034 992 1037 994 1035 992 1036 993 1030 988 1033 991 1036 993 1033 991 1037 994 1033 991 1032 990 1038 995 1033 991 1038 995 1039 991 1032 990 1035 992 1040 996 1032 990 1040 996 1038 995 1035 992 1037 994 1041 997 1035 992 1041 997 1040 996 1037 994 1033 991 1039 991 1037 994 1039 991 1041 997 1042 998 1043 999 1044 1000 1042 998 1044 1000 1045 1001 1043 999 1046 1002 1047 1003 1043 999 1047 1003 1044 1000 1046 1002 1048 1004 1049 1005 1046 1002 1049 1005 1047 1003 1048 1004 1042 998 1045 1001 1048 1004 1045 1001 1049 1005 1045 1001 1044 1000 1050 1006 1045 1001 1050 1006 1051 1001 1044 1000 1047 1003 1052 1003 1044 1000 1052 1003 1050 1006 1047 1003 1049 1005 1053 1005 1047 1003 1053 1005 1052 1003 1049 1005 1045 1001 1051 1001 1049 1005 1051 1001 1053 1005 1054 1007 1055 1008 1056 1009 1054 1007 1056 1009 1057 1010 1055 1008 1058 1011 1059 1011 1055 1008 1059 1011 1056 1009 1058 1011 1060 1012 1061 1013 1058 1011 1061 1013 1059 1011 1060 1012 1054 1007 1057 1010 1060 1012 1057 1010 1061 1013 1057 1010 1056 1009 1062 1014 1057 1010 1062 1014 1063 1015 1056 1009 1059 1011 1064 1016 1056 1009 1064 1016 1062 1014 1059 1011 1061 1013 1065 1017 1059 1011 1065 1017 1064 1016 1061 1013 1057 1010 1063 1015 1061 1013 1063 1015 1065 1017 1066 1018 1067 1019 1068 1019 1066 1018 1068 1019 1069 1020 1067 1019 1070 1021 1071 1022 1067 1019 1071 1022 1068 1019 1070 1021 1072 1023 1073 1024 1070 1021 1073 1024 1071 1022 1072 1023 1066 1018 1069 1020 1072 1023 1069 1020 1073 1024 1069 1020 1068 1019 1074 1025 1069 1020 1074 1025 1075 1020 1068 1019 1071 1022 1076 1022 1068 1019 1076 1022 1074 1025 1071 1022 1073 1024 1077 1026 1071 1022 1077 1026 1076 1022 1073 1024 1069 1020 1075 1020 1073 1024 1075 1020 1077 1026 1078 1027 1079 1028 1080 1028 1078 1027 1080 1028 1081 1029 1079 1028 1082 1030 1083 1031 1079 1028 1083 1031 1080 1028 1082 1030 1084 1032 1085 1033 1082 1030 1085 1033 1083 1031 1084 1032 1078 1027 1081 1029 1084 1032 1081 1029 1085 1033 1081 1029 1080 1028 1086 1034 1081 1029 1086 1034 1087 1035 1080 1028 1083 1031 1088 1036 1080 1028 1088 1036 1086 1034 1083 1031 1085 1033 1089 1037 1083 1031 1089 1037 1088 1036 1085 1033 1081 1029 1087 1035 1085 1033 1087 1035 1089 1037 1090 1038 1091 1039 1092 1040 1090 1038 1092 1040 1093 1041 1091 1039 1094 1042 1095 1043 1091 1039 1095 1043 1092 1040 1094 1042 1096 1044 1097 1044 1094 1042 1097 1044 1095 1043 1096 1044 1090 1038 1093 1041 1096 1044 1093 1041 1097 1044 1093 1041 1092 1040 1098 1045 1093 1041 1098 1045 1099 1041 1092 1040 1095 1043 1100 1046 1092 1040 1100 1046 1098 1045 1095 1043 1097 1044 1101 1047 1095 1043 1101 1047 1100 1046 1097 1044 1093 1041 1099 1041 1097 1044 1099 1041 1101 1047 1102 1048 1103 1049 1104 1050 1102 1048 1104 1050 1105 1051 1103 1049 1106 1052 1107 1053 1103 1049 1107 1053 1104 1050 1106 1052 1108 1054 1109 1055 1106 1052 1109 1055 1107 1053 1108 1054 1110 1056 1111 1057 1108 1054 1111 1057 1109 1055 1110 1056 1112 1058 1113 1059 1110 1056 1113 1059 1111 1057 1112 1058 1102 1048 1105 1051 1112 1058 1105 1051 1113 1059 1105 1051 1104 1050 1114 1060 1105 1051 1114 1060 1115 1061 1104 1050 1107 1053 1116 1062 1104 1050 1116 1062 1114 1060 1107 1053 1109 1055 1117 1063 1107 1053 1117 1063 1116 1062 1109 1055 1111 1057 1118 1064 1109 1055 1118 1064 1117 1063 1111 1057 1113 1059 1119 1065 1111 1057 1119 1065 1118 1064 1113 1059 1105 1051 1115 1061 1113 1059 1115 1061 1119 1065 1115 1061 1114 1060 1120 1066 1115 1061 1120 1066 1121 1067 1114 1060 1116 1062 1122 1068 1114 1060 1122 1068 1120 1066 1116 1062 1117 1063 1123 1069 1116 1062 1123 1069 1122 1068 1117 1063 1118 1064 1124 1070 1117 1063 1124 1070 1123 1069 1118 1064 1119 1065 1125 1071 1118 1064 1125 1071 1124 1070 1119 1065 1115 1061 1121 1067 1119 1065 1121 1067 1125 1071 1121 1067 1120 1066 1126 1072 1121 1067 1126 1072 1127 1073 1120 1066 1122 1068 1128 1074 1120 1066 1128 1074 1126 1072 1122 1068 1123 1069 1129 1075 1122 1068 1129 1075 1128 1074 1123 1069 1124 1070 1130 1076 1123 1069 1130 1076 1129 1075 1124 1070 1125 1071 1131 1077 1124 1070 1131 1077 1130 1076 1125 1071 1121 1067 1127 1073 1125 1071 1127 1073 1131 1077 1127 1073 1126 1072 1132 1078 1127 1073 1132 1078 1133 1079 1126 1072 1128 1074 1134 1080 1126 1072 1134 1080 1132 1078 1128 1074 1129 1075 1135 1081 1128 1074 1135 1081 1134 1080 1129 1075 1130 1076 1136 1082 1129 1075 1136 1082 1135 1081 1130 1076 1131 1077 1137 1083 1130 1076 1137 1083 1136 1082 1131 1077 1127 1073 1133 1079 1131 1077 1133 1079 1137 1083 1133 1079 1132 1078 1138 1084 1133 1079 1138 1084 1139 1085 1132 1078 1134 1080 1140 1086 1132 1078 1140 1086 1138 1084 1134 1080 1135 1081 1141 1087 1134 1080 1141 1087 1140 1086 1135 1081 1136 1082 1142 1088 1135 1081 1142 1088 1141 1087 1136 1082 1137 1083 1143 1089 1136 1082 1143 1089 1142 1088 1137 1083 1133 1079 1139 1085 1137 1083 1139 1085 1143 1089 1102 1048 1103 1049 1144 1090 1103 1049 1106 1052 1144 1090 1106 1052 1108 1054 1144 1090 1108 1054 1110 1056 1144 1090 1110 1056 1112 1058 1144 1090 1112 1058 1102 1048 1144 1090 1138 1084 1139 1085 1145 1091 1140 1086 1138 1084 1145 1091 1141 1087 1140 1086 1145 1091 1142 1088 1141 1087 1145 1091 1143 1089 1142 1088 1145 1091 1139 1085 1143 1089 1145 1091 1146 1092 1147 1093 1148 1094 1146 1092 1148 1094 1149 1095 1147 1093 1150 1096 1151 1097 1147 1093 1151 1097 1148 1094 1150 1096 1152 1098 1153 1099 1150 1096 1153 1099 1151 1097 1152 1098 1146 1092 1149 1095 1152 1098 1149 1095 1153 1099 1149 1095 1148 1094 1154 1100 1149 1095 1154 1100 1155 1101 1148 1094 1151 1097 1156 1097 1148 1094 1156 1097 1154 1100 1151 1097 1153 1099 1157 1102 1151 1097 1157 1102 1156 1097 1153 1099 1149 1095 1155 1101 1153 1099 1155 1101 1157 1102 1158 1103 1159 1104 1160 1105 1158 1103 1160 1105 1161 1106 1159 1104 1162 1107 1163 1108 1159 1104 1163 1108 1160 1105 1162 1107 1164 1109 1165 1110 1162 1107 1165 1110 1163 1108 1164 1109 1158 1103 1161 1106 1164 1109 1161 1106 1165 1110 1161 1106 1160 1105 1166 1111 1161 1106 1166 1111 1167 1112 1160 1105 1163 1108 1168 1113 1160 1105 1168 1113 1166 1111 1163 1108 1165 1110 1169 1110 1163 1108 1169 1110 1168 1113 1165 1110 1161 1106 1167 1112 1165 1110 1167 1112 1169 1110 1170 1114 1171 1115 1172 1116 1170 1114 1172 1116 1173 1117 1171 1115 1174 1118 1175 1119 1171 1115 1175 1119 1172 1116 1174 1118 1176 1120 1177 1121 1174 1118 1177 1121 1175 1119 1176 1120 1170 1114 1173 1117 1176 1120 1173 1117 1177 1121 1173 1117 1172 1116 1178 1122 1173 1117 1178 1122 1179 1123 1172 1116 1175 1119 1180 1119 1172 1116 1180 1119 1178 1122 1175 1119 1177 1121 1181 1124 1175 1119 1181 1124 1180 1119 1177 1121 1173 1117 1179 1123 1177 1121 1179 1123 1181 1124 1182 1125 1183 1126 1184 1127 1182 1125 1184 1127 1185 1128 1183 1126 1186 1129 1187 1130 1183 1126 1187 1130 1184 1127 1186 1129 1188 1131 1189 1132 1186 1129 1189 1132 1187 1130 1188 1131 1182 1125 1185 1128 1188 1131 1185 1128 1189 1132 1185 1128 1184 1127 1190 1133 1185 1128 1190 1133 1191 1134 1184 1127 1187 1130 1192 1135 1184 1127 1192 1135 1190 1133 1187 1130 1189 1132 1193 1136 1187 1130 1193 1136 1192 1135 1189 1132 1185 1128 1191 1134 1189 1132 1191 1134 1193 1136 1194 1137 1195 1138 1196 1139 1194 1137 1196 1139 1197 1137 1195 1138 1198 1140 1199 1141 1195 1138 1199 1141 1196 1139 1198 1140 1200 1142 1201 1143 1198 1140 1201 1143 1199 1141 1200 1142 1194 1137 1197 1137 1200 1142 1197 1137 1201 1143 1197 1137 1196 1139 1202 1144 1197 1137 1202 1144 1203 1145 1196 1139 1199 1141 1204 1146 1196 1139 1204 1146 1202 1144 1199 1141 1201 1143 1205 1147 1199 1141 1205 1147 1204 1146 1201 1143 1197 1137 1203 1145 1201 1143 1203 1145 1205 1147 1206 1148 1207 1149 1208 1150 1206 1148 1208 1150 1209 1151 1207 1149 1210 1152 1211 1152 1207 1149 1211 1152 1208 1150 1210 1152 1212 1153 1213 1154 1210 1152 1213 1154 1211 1152 1212 1153 1206 1148 1209 1151 1212 1153 1209 1151 1213 1154 1209 1151 1208 1150 1214 1155 1209 1151 1214 1155 1215 1156 1208 1150 1211 1152 1216 1157 1208 1150 1216 1157 1214 1155 1211 1152 1213 1154 1217 1158 1211 1152 1217 1158 1216 1157 1213 1154 1209 1151 1215 1156 1213 1154 1215 1156 1217 1158 1218 1159 1219 1160 1220 1161 1218 1159 1220 1161 1221 1162 1219 1160 1222 1163 1223 1164 1219 1160 1223 1164 1220 1161 1222 1163 1224 1165 1225 1166 1222 1163 1225 1166 1223 1164 1224 1165 1226 1167 1227 1168 1224 1165 1227 1168 1225 1166 1226 1167 1228 1169 1229 1170 1226 1167 1229 1170 1227 1168 1228 1169 1218 1159 1221 1162 1228 1169 1221 1162 1229 1170 1221 1162 1220 1161 1230 1171 1221 1162 1230 1171 1231 1172 1220 1161 1223 1164 1232 1173 1220 1161 1232 1173 1230 1171 1223 1164 1225 1166 1233 1174 1223 1164 1233 1174 1232 1173 1225 1166 1227 1168 1234 1175 1225 1166 1234 1175 1233 1174 1227 1168 1229 1170 1235 1176 1227 1168 1235 1176 1234 1175 1229 1170 1221 1162 1231 1172 1229 1170 1231 1172 1235 1176 1231 1172 1230 1171 1236 1177 1231 1172 1236 1177 1237 1178 1230 1171 1232 1173 1238 1179 1230 1171 1238 1179 1236 1177 1232 1173 1233 1174 1239 1180 1232 1173 1239 1180 1238 1179 1233 1174 1234 1175 1240 1181 1233 1174 1240 1181 1239 1180 1234 1175 1235 1176 1241 1182 1234 1175 1241 1182 1240 1181 1235 1176 1231 1172 1237 1178 1235 1176 1237 1178 1241 1182 1237 1178 1236 1177 1242 1183 1237 1178 1242 1183 1243 1184 1236 1177 1238 1179 1244 1185 1236 1177 1244 1185 1242 1183 1238 1179 1239 1180 1245 1186 1238 1179 1245 1186 1244 1185 1239 1180 1240 1181 1246 1187 1239 1180 1246 1187 1245 1186 1240 1181 1241 1182 1247 1188 1240 1181 1247 1188 1246 1187 1241 1182 1237 1178 1243 1184 1241 1182 1243 1184 1247 1188 1243 1184 1242 1183 1248 1189 1243 1184 1248 1189 1249 1190 1242 1183 1244 1185 1250 1191 1242 1183 1250 1191 1248 1189 1244 1185 1245 1186 1251 1192 1244 1185 1251 1192 1250 1191 1245 1186 1246 1187 1252 1193 1245 1186 1252 1193 1251 1192 1246 1187 1247 1188 1253 1194 1246 1187 1253 1194 1252 1193 1247 1188 1243 1184 1249 1190 1247 1188 1249 1190 1253 1194 1249 1190 1248 1189 1254 1195 1249 1190 1254 1195 1255 1196 1248 1189 1250 1191 1256 1197 1248 1189 1256 1197 1254 1195 1250 1191 1251 1192 1257 1198 1250 1191 1257 1198 1256 1197 1251 1192 1252 1193 1258 1199 1251 1192 1258 1199 1257 1198 1252 1193 1253 1194 1259 1200 1252 1193 1259 1200 1258 1199 1253 1194 1249 1190 1255 1196 1253 1194 1255 1196 1259 1200 1218 1159 1219 1160 1260 1201 1219 1160 1222 1163 1260 1201 1222 1163 1224 1165 1260 1201 1224 1165 1226 1167 1260 1201 1226 1167 1228 1169 1260 1201 1228 1169 1218 1159 1260 1201 1254 1195 1255 1196 1261 1202 1256 1197 1254 1195 1261 1202 1257 1198 1256 1197 1261 1202 1258 1199 1257 1198 1261 1202 1259 1200 1258 1199 1261 1202 1255 1196 1259 1200 1261 1202 1262 1203 1263 1204 1264 1205 1262 1203 1264 1205 1265 1206 1263 1204 1266 1207 1267 1208 1263 1204 1267 1208 1264 1205 1266 1207 1268 1209 1269 1209 1266 1207 1269 1209 1267 1208 1268 1209 1262 1203 1265 1206 1268 1209 1265 1206 1269 1209 1265 1206 1264 1205 1270 1210 1265 1206 1270 1210 1271 1211 1264 1205 1267 1208 1272 1212 1264 1205 1272 1212 1270 1210 1267 1208 1269 1209 1273 1213 1267 1208 1273 1213 1272 1212 1269 1209 1265 1206 1271 1211 1269 1209 1271 1211 1273 1213 1274 1214 1275 1215 1276 1216 1274 1214 1276 1216 1277 1217 1275 1215 1278 1218 1279 1219 1275 1215 1279 1219 1276 1216 1278 1218 1280 1220 1281 1221 1278 1218 1281 1221 1279 1219 1280 1220 1274 1214 1277 1217 1280 1220 1277 1217 1281 1221 1277 1217 1276 1216 1282 1222 1277 1217 1282 1222 1283 1223 1276 1216 1279 1219 1284 1224 1276 1216 1284 1224 1282 1222 1279 1219 1281 1221 1285 1225 1279 1219 1285 1225 1284 1224 1281 1221 1277 1217 1283 1223 1281 1221 1283 1223 1285 1225 1286 1226 1287 1227 1288 1228 1286 1226 1288 1228 1289 1229 1287 1227 1290 1230 1291 1231 1287 1227 1291 1231 1288 1228 1290 1230 1292 1232 1293 1233 1290 1230 1293 1233 1291 1231 1292 1232 1286 1226 1289 1229 1292 1232 1289 1229 1293 1233 1289 1229 1288 1228 1294 1234 1289 1229 1294 1234 1295 1235 1288 1228 1291 1231 1296 1236 1288 1228 1296 1236 1294 1234 1291 1231 1293 1233 1297 1237 1291 1231 1297 1237 1296 1236 1293 1233 1289 1229 1295 1235 1293 1233 1295 1235 1297 1237 1298 1238 1299 1239 1300 1239 1298 1238 1300 1239 1301 1240 1299 1239 1302 1241 1303 1242 1299 1239 1303 1242 1300 1239 1302 1241 1304 1243 1305 1244 1302 1241 1305 1244 1303 1242 1304 1243 1298 1238 1301 1240 1304 1243 1301 1240 1305 1244 1301 1240 1300 1239 1306 1245 1301 1240 1306 1245 1307 1246 1300 1239 1303 1242 1308 1247 1300 1239 1308 1247 1306 1245 1303 1242 1305 1244 1309 1248 1303 1242 1309 1248 1308 1247 1305 1244 1301 1240 1307 1246 1305 1244 1307 1246 1309 1248 1310 1249 1311 1250 1312 1251 1310 1249 1312 1251 1313 1252 1311 1250 1314 1253 1315 1254 1311 1250 1315 1254 1312 1251 1314 1253 1316 1255 1317 1256 1314 1253 1317 1256 1315 1254 1316 1255 1318 1257 1319 1258 1316 1255 1319 1258 1317 1256 1318 1257 1320 1259 1321 1260 1318 1257 1321 1260 1319 1258 1320 1259 1310 1249 1313 1252 1320 1259 1313 1252 1321 1260 1313 1252 1312 1251 1322 1261 1313 1252 1322 1261 1323 1262 1312 1251 1315 1254 1324 1263 1312 1251 1324 1263 1322 1261 1315 1254 1317 1256 1325 1264 1315 1254 1325 1264 1324 1263 1317 1256 1319 1258 1326 1265 1317 1256 1326 1265 1325 1264 1319 1258 1321 1260 1327 1266 1319 1258 1327 1266 1326 1265 1321 1260 1313 1252 1323 1262 1321 1260 1323 1262 1327 1266 1323 1262 1322 1261 1328 1267 1323 1262 1328 1267 1329 1268 1322 1261 1324 1263 1330 1269 1322 1261 1330 1269 1328 1267 1324 1263 1325 1264 1331 1270 1324 1263 1331 1270 1330 1269 1325 1264 1326 1265 1332 1271 1325 1264 1332 1271 1331 1270 1326 1265 1327 1266 1333 1272 1326 1265 1333 1272 1332 1271 1327 1266 1323 1262 1329 1268 1327 1266 1329 1268 1333 1272 1329 1268 1328 1267 1334 1273 1329 1268 1334 1273 1335 1274 1328 1267 1330 1269 1336 1275 1328 1267 1336 1275 1334 1273 1330 1269 1331 1270 1337 1276 1330 1269 1337 1276 1336 1275 1331 1270 1332 1271 1338 1277 1331 1270 1338 1277 1337 1276 1332 1271 1333 1272 1339 1278 1332 1271 1339 1278 1338 1277 1333 1272 1329 1268 1335 1274 1333 1272 1335 1274 1339 1278 1335 1274 1334 1273 1340 1279 1335 1274 1340 1279 1341 1280 1334 1273 1336 1275 1342 1281 1334 1273 1342 1281 1340 1279 1336 1275 1337 1276 1343 1282 1336 1275 1343 1282 1342 1281 1337 1276 1338 1277 1344 1283 1337 1276 1344 1283 1343 1282 1338 1277 1339 1278 1345 1284 1338 1277 1345 1284 1344 1283 1339 1278 1335 1274 1341 1280 1339 1278 1341 1280 1345 1284 1341 1280 1340 1279 1346 1285 1341 1280 1346 1285 1347 1286 1340 1279 1342 1281 1348 1287 1340 1279 1348 1287 1346 1285 1342 1281 1343 1282 1349 1288 1342 1281 1349 1288 1348 1287 1343 1282 1344 1283 1350 1289 1343 1282 1350 1289 1349 1288 1344 1283 1345 1284 1351 1290 1344 1283 1351 1290 1350 1289 1345 1284 1341 1280 1347 1286 1345 1284 1347 1286 1351 1290 1310 1249 1311 1250 1352 1291 1311 1250 1314 1253 1352 1291 1314 1253 1316 1255 1352 1291 1316 1255 1318 1257 1352 1291 1318 1257 1320 1259 1352 1291 1320 1259 1310 1249 1352 1291 1346 1285 1347 1286 1353 1292 1348 1287 1346 1285 1353 1292 1349 1288 1348 1287 1353 1292 1350 1289 1349 1288 1353 1292 1351 1290 1350 1289 1353 1292 1347 1286 1351 1290 1353 1292 1354 1293 1355 1294 1356 1295 1354 1293 1356 1295 1357 1296 1355 1294 1358 1297 1359 1298 1355 1294 1359 1298 1356 1295 1358 1297 1360 1299 1361 1300 1358 1297 1361 1300 1359 1298 1360 1299 1354 1293 1357 1296 1360 1299 1357 1296 1361 1300 1357 1296 1356 1295 1362 1301 1357 1296 1362 1301 1363 1302 1356 1295 1359 1298 1364 1303 1356 1295 1364 1303 1362 1301 1359 1298 1361 1300 1365 1304 1359 1298 1365 1304 1364 1303 1361 1300 1357 1296 1363 1302 1361 1300 1363 1302 1365 1304 1366 1305 1367 1306 1368 1306 1366 1305 1368 1306 1369 1305 1367 1306 1370 1307 1371 1307 1367 1306 1371 1307 1368 1306 1370 1307 1372 1308 1373 1309 1370 1307 1373 1309 1371 1307 1372 1308 1366 1305 1369 1305 1372 1308 1369 1305 1373 1309 1369 1305 1368 1306 1374 1310 1369 1305 1374 1310 1375 1311 1368 1306 1371 1307 1376 1312 1368 1306 1376 1312 1374 1310 1371 1307 1373 1309 1377 1313 1371 1307 1377 1313 1376 1312 1373 1309 1369 1305 1375 1311 1373 1309 1375 1311 1377 1313 1378 1314 1379 1315 1380 1316 1378 1314 1380 1316 1381 1317 1379 1315 1382 1318 1383 1319 1379 1315 1383 1319 1380 1316 1382 1318 1384 1320 1385 1321 1382 1318 1385 1321 1383 1319 1384 1320 1378 1314 1381 1317 1384 1320 1381 1317 1385 1321 1381 1317 1380 1316 1386 1322 1381 1317 1386 1322 1387 1323 1380 1316 1383 1319 1388 1324 1380 1316 1388 1324 1386 1322 1383 1319 1385 1321 1389 1325 1383 1319 1389 1325 1388 1324 1385 1321 1381 1317 1387 1323 1385 1321 1387 1323 1389 1325 1390 1326 1391 1327 1392 1328 1390 1326 1392 1328 1393 1329 1391 1327 1394 1330 1395 1330 1391 1327 1395 1330 1392 1328 1394 1330 1396 1331 1397 1332 1394 1330 1397 1332 1395 1330 1396 1331 1390 1326 1393 1329 1396 1331 1393 1329 1397 1332 1393 1329 1392 1328 1398 1333 1393 1329 1398 1333 1399 1334 1392 1328 1395 1330 1400 1335 1392 1328 1400 1335 1398 1333 1395 1330 1397 1332 1401 1336 1395 1330 1401 1336 1400 1335 1397 1332 1393 1329 1399 1334 1397 1332 1399 1334 1401 1336 1402 1337 1403 1338 1404 1339 1402 1337 1404 1339 1405 1340 1403 1338 1406 1341 1407 1342 1403 1338 1407 1342 1404 1339 1406 1341 1408 1343 1409 1344 1406 1341 1409 1344 1407 1342 1408 1343 1402 1337 1405 1340 1408 1343 1405 1340 1409 1344 1405 1340 1404 1339 1410 1345 1405 1340 1410 1345 1411 1346 1404 1339 1407 1342 1412 1347 1404 1339 1412 1347 1410 1345 1407 1342 1409 1344 1413 1348 1407 1342 1413 1348 1412 1347 1409 1344 1405 1340 1411 1346 1409 1344 1411 1346 1413 1348 1414 1349 1415 1350 1416 1351 1414 1349 1416 1351 1417 1352 1415 1350 1418 1353 1419 1354 1415 1350 1419 1354 1416 1351 1418 1353 1420 1355 1421 1356 1418 1353 1421 1356 1419 1354 1420 1355 1414 1349 1417 1352 1420 1355 1417 1352 1421 1356 1417 1352 1416 1351 1422 1357 1417 1352 1422 1357 1423 1352 1416 1351 1419 1354 1424 1358 1416 1351 1424 1358 1422 1357 1419 1354 1421 1356 1425 1356 1419 1354 1425 1356 1424 1358 1421 1356 1417 1352 1423 1352 1421 1356 1423 1352 1425 1356 1426 1359 1427 1360 1428 1361 1426 1359 1428 1361 1429 1362 1427 1360 1430 1363 1431 1364 1427 1360 1431 1364 1428 1361 1430 1363 1432 1365 1433 1366 1430 1363 1433 1366 1431 1364 1432 1365 1434 1367 1435 1368 1432 1365 1435 1368 1433 1366 1434 1367 1436 1369 1437 1370 1434 1367 1437 1370 1435 1368 1436 1369 1426 1359 1429 1362 1436 1369 1429 1362 1437 1370 1429 1362 1428 1361 1438 1371 1429 1362 1438 1371 1439 1372 1428 1361 1431 1364 1440 1373 1428 1361 1440 1373 1438 1371 1431 1364 1433 1366 1441 1374 1431 1364 1441 1374 1440 1373 1433 1366 1435 1368 1442 1375 1433 1366 1442 1375 1441 1374 1435 1368 1437 1370 1443 1376 1435 1368 1443 1376 1442 1375 1437 1370 1429 1362 1439 1372 1437 1370 1439 1372 1443 1376 1439 1372 1438 1371 1444 1377 1439 1372 1444 1377 1445 1378 1438 1371 1440 1373 1446 1379 1438 1371 1446 1379 1444 1377 1440 1373 1441 1374 1447 1380 1440 1373 1447 1380 1446 1379 1441 1374 1442 1375 1448 1381 1441 1374 1448 1381 1447 1380 1442 1375 1443 1376 1449 1382 1442 1375 1449 1382 1448 1381 1443 1376 1439 1372 1445 1378 1443 1376 1445 1378 1449 1382 1445 1378 1444 1377 1450 1383 1445 1378 1450 1383 1451 1384 1444 1377 1446 1379 1452 1385 1444 1377 1452 1385 1450 1383 1446 1379 1447 1380 1453 1386 1446 1379 1453 1386 1452 1385 1447 1380 1448 1381 1454 1387 1447 1380 1454 1387 1453 1386 1448 1381 1449 1382 1455 1388 1448 1381 1455 1388 1454 1387 1449 1382 1445 1378 1451 1384 1449 1382 1451 1384 1455 1388 1451 1384 1450 1383 1456 1389 1451 1384 1456 1389 1457 1390 1450 1383 1452 1385 1458 1391 1450 1383 1458 1391 1456 1389 1452 1385 1453 1386 1459 1392 1452 1385 1459 1392 1458 1391 1453 1386 1454 1387 1460 1393 1453 1386 1460 1393 1459 1392 1454 1387 1455 1388 1461 1394 1454 1387 1461 1394 1460 1393 1455 1388 1451 1384 1457 1390 1455 1388 1457 1390 1461 1394 1457 1390 1456 1389 1462 1395 1457 1390 1462 1395 1463 1396 1456 1389 1458 1391 1464 1397 1456 1389 1464 1397 1462 1395 1458 1391 1459 1392 1465 1398 1458 1391 1465 1398 1464 1397 1459 1392 1460 1393 1466 1399 1459 1392 1466 1399 1465 1398 1460 1393 1461 1394 1467 1400 1460 1393 1467 1400 1466 1399 1461 1394 1457 1390 1463 1396 1461 1394 1463 1396 1467 1400 1426 1359 1427 1360 1468 1401 1427 1360 1430 1363 1468 1401 1430 1363 1432 1365 1468 1401 1432 1365 1434 1367 1468 1401 1434 1367 1436 1369 1468 1401 1436 1369 1426 1359 1468 1401 1462 1395 1463 1396 1469 1402 1464 1397 1462 1395 1469 1402 1465 1398 1464 1397 1469 1402 1466 1399 1465 1398 1469 1402 1467 1400 1466 1399 1469 1402 1463 1396 1467 1400 1469 1402 1470 1403 1471 1404 1472 1405 1470 1403 1472 1405 1473 1406 1471 1404 1474 1407 1475 1407 1471 1404 1475 1407 1472 1405 1474 1407 1476 1408 1477 1409 1474 1407 1477 1409 1475 1407 1476 1408 1470 1403 1473 1406 1476 1408 1473 1406 1477 1409 1473 1406 1472 1405 1478 1410 1473 1406 1478 1410 1479 1411 1472 1405 1475 1407 1480 1412 1472 1405 1480 1412 1478 1410 1475 1407 1477 1409 1481 1413 1475 1407 1481 1413 1480 1412 1477 1409 1473 1406 1479 1411 1477 1409 1479 1411 1481 1413 1482 1414 1483 1415 1484 1416 1482 1414 1484 1416 1485 1417 1483 1415 1486 1418 1487 1419 1483 1415 1487 1419 1484 1416 1486 1418 1488 1420 1489 1421 1486 1418 1489 1421 1487 1419 1488 1420 1482 1414 1485 1417 1488 1420 1485 1417 1489 1421 1485 1417 1484 1416 1490 1416 1485 1417 1490 1416 1491 1422 1484 1416 1487 1419 1492 1423 1484 1416 1492 1423 1490 1416 1487 1419 1489 1421 1493 1421 1487 1419 1493 1421 1492 1423 1489 1421 1485 1417 1491 1422 1489 1421 1491 1422 1493 1421 1494 1424 1495 1425 1496 1426 1494 1424 1496 1426 1497 1427 1495 1425 1498 1428 1499 1429 1495 1425 1499 1429 1496 1426 1498 1428 1500 1430 1501 1431 1498 1428 1501 1431 1499 1429 1500 1430 1494 1424 1497 1427 1500 1430 1497 1427 1501 1431 1497 1427 1496 1426 1502 1426 1497 1427 1502 1426 1503 1432 1496 1426 1499 1429 1504 1433 1496 1426 1504 1433 1502 1426 1499 1429 1501 1431 1505 1434 1499 1429 1505 1434 1504 1433 1501 1431 1497 1427 1503 1432 1501 1431 1503 1432 1505 1434 1506 1435 1507 1436 1508 1437 1506 1435 1508 1437 1509 1438 1507 1436 1510 1439 1511 1440 1507 1436 1511 1440 1508 1437 1510 1439 1512 1441 1513 1442 1510 1439 1513 1442 1511 1440 1512 1441 1506 1435 1509 1438 1512 1441 1509 1438 1513 1442 1509 1438 1508 1437 1514 1443 1509 1438 1514 1443 1515 1444 1508 1437 1511 1440 1516 1445 1508 1437 1516 1445 1514 1443 1511 1440 1513 1442 1517 1446 1511 1440 1517 1446 1516 1445 1513 1442 1509 1438 1515 1444 1513 1442 1515 1444 1517 1446 1518 1447 1519 1448 1520 1448 1518 1447 1520 1448 1521 1449 1519 1448 1522 1450 1523 1451 1519 1448 1523 1451 1520 1448 1522 1450 1524 1452 1525 1453 1522 1450 1525 1453 1523 1451 1524 1452 1518 1447 1521 1449 1524 1452 1521 1449 1525 1453 1521 1449 1520 1448 1526 1454 1521 1449 1526 1454 1527 1455 1520 1448 1523 1451 1528 1456 1520 1448 1528 1456 1526 1454 1523 1451 1525 1453 1529 1453 1523 1451 1529 1453 1528 1456 1525 1453 1521 1449 1527 1455 1525 1453 1527 1455 1529 1453 1530 1457 1531 1458 1532 1459 1530 1457 1532 1459 1533 1460 1531 1458 1534 1461 1535 1462 1531 1458 1535 1462 1532 1459 1534 1461 1536 1463 1537 1464 1534 1461 1537 1464 1535 1462 1536 1463 1530 1457 1533 1460 1536 1463 1533 1460 1537 1464 1533 1460 1532 1459 1538 1465 1533 1460 1538 1465 1539 1466 1532 1459 1535 1462 1540 1467 1532 1459 1540 1467 1538 1465 1535 1462 1537 1464 1541 1468 1535 1462 1541 1468 1540 1467 1537 1464 1533 1460 1539 1466 1537 1464 1539 1466 1541 1468 1542 1469 1543 1470 1544 1470 1542 1469 1544 1470 1545 1471 1543 1470 1546 1472 1547 1473 1543 1470 1547 1473 1544 1470 1546 1472 1548 1474 1549 1475 1546 1472 1549 1475 1547 1473 1548 1474 1542 1469 1545 1471 1548 1474 1545 1471 1549 1475 1545 1471 1544 1470 1550 1476 1545 1471 1550 1476 1551 1477 1544 1470 1547 1473 1552 1478 1544 1470 1552 1478 1550 1476 1547 1473 1549 1475 1553 1479 1547 1473 1553 1479 1552 1478 1549 1475 1545 1471 1551 1477 1549 1475 1551 1477 1553 1479 1554 1480 1555 1481 1556 1482 1554 1480 1556 1482 1557 1480 1555 1481 1558 1483 1559 1484 1555 1481 1559 1484 1556 1482 1558 1483 1560 1485 1561 1486 1558 1483 1561 1486 1559 1484 1560 1485 1554 1480 1557 1480 1560 1485 1557 1480 1561 1486 1557 1480 1556 1482 1562 1487 1557 1480 1562 1487 1563 1488 1556 1482 1559 1484 1564 1489 1556 1482 1564 1489 1562 1487 1559 1484 1561 1486 1565 1490 1559 1484 1565 1490 1564 1489 1561 1486 1557 1480 1563 1488 1561 1486 1563 1488 1565 1490 1562 1487 1563 1488 1566 1491 1564 1489 1562 1487 1566 1491 1565 1490 1564 1489 1566 1491 1563 1488 1565 1490 1566 1491 1567 1492 1568 1493 1569 1494 1567 1492 1569 1494 1570 1495 1568 1493 1571 1496 1572 1497 1568 1493 1572 1497 1569 1494 1571 1496 1573 1498 1574 1499 1571 1496 1574 1499 1572 1497 1573 1498 1575 1500 1576 1501 1573 1498 1576 1501 1574 1499 1575 1500 1577 1502 1578 1503 1575 1500 1578 1503 1576 1501 1577 1502 1567 1492 1570 1495 1577 1502 1570 1495 1578 1503 1570 1495 1569 1494 1579 1504 1570 1495 1579 1504 1580 1505 1569 1494 1572 1497 1581 1506 1569 1494 1581 1506 1579 1504 1572 1497 1574 1499 1582 1507 1572 1497 1582 1507 1581 1506 1574 1499 1576 1501 1583 1508 1574 1499 1583 1508 1582 1507 1576 1501 1578 1503 1584 1509 1576 1501 1584 1509 1583 1508 1578 1503 1570 1495 1580 1505 1578 1503 1580 1505 1584 1509 1580 1505 1579 1504 1585 1510 1580 1505 1585 1510 1586 1511 1579 1504 1581 1506 1587 1512 1579 1504 1587 1512 1585 1510 1581 1506 1582 1507 1588 1513 1581 1506 1588 1513 1587 1512 1582 1507 1583 1508 1589 1514 1582 1507 1589 1514 1588 1513 1583 1508 1584 1509 1590 1515 1583 1508 1590 1515 1589 1514 1584 1509 1580 1505 1586 1511 1584 1509 1586 1511 1590 1515 1586 1511 1585 1510 1591 1516 1586 1511 1591 1516 1592 1517 1585 1510 1587 1512 1593 1518 1585 1510 1593 1518 1591 1516 1587 1512 1588 1513 1594 1519 1587 1512 1594 1519 1593 1518 1588 1513 1589 1514 1595 1520 1588 1513 1595 1520 1594 1519 1589 1514 1590 1515 1596 1521 1589 1514 1596 1521 1595 1520 1590 1515 1586 1511 1592 1517 1590 1515 1592 1517 1596 1521 1592 1517 1591 1516 1597 1522 1592 1517 1597 1522 1598 1523 1591 1516 1593 1518 1599 1524 1591 1516 1599 1524 1597 1522 1593 1518 1594 1519 1600 1525 1593 1518 1600 1525 1599 1524 1594 1519 1595 1520 1601 1526 1594 1519 1601 1526 1600 1525 1595 1520 1596 1521 1602 1527 1595 1520 1602 1527 1601 1526 1596 1521 1592 1517 1598 1523 1596 1521 1598 1523 1602 1527 1598 1523 1597 1522 1603 1528 1598 1523 1603 1528 1604 1529 1597 1522 1599 1524 1605 1530 1597 1522 1605 1530 1603 1528 1599 1524 1600 1525 1606 1531 1599 1524 1606 1531 1605 1530 1600 1525 1601 1526 1607 1532 1600 1525 1607 1532 1606 1531 1601 1526 1602 1527 1608 1533 1601 1526 1608 1533 1607 1532 1602 1527 1598 1523 1604 1529 1602 1527 1604 1529 1608 1533 1567 1492 1568 1493 1609 1534 1568 1493 1571 1496 1609 1534 1571 1496 1573 1498 1609 1534 1573 1498 1575 1500 1609 1534 1575 1500 1577 1502 1609 1534 1577 1502 1567 1492 1609 1534 1603 1528 1604 1529 1610 1535 1605 1530 1603 1528 1610 1535 1606 1531 1605 1530 1610 1535 1607 1532 1606 1531 1610 1535 1608 1533 1607 1532 1610 1535 1604 1529 1608 1533 1610 1535 1611 1536 1612 1537 1613 1538 1611 1536 1613 1538 1614 1539 1612 1537 1615 1540 1616 1541 1612 1537 1616 1541 1613 1538 1615 1540 1617 1542 1618 1543 1615 1540 1618 1543 1616 1541 1617 1542 1611 1536 1614 1539 1617 1542 1614 1539 1618 1543 1614 1539 1613 1538 1619 1544 1614 1539 1619 1544 1620 1545 1613 1538 1616 1541 1621 1546 1613 1538 1621 1546 1619 1544 1616 1541 1618 1543 1622 1547 1616 1541 1622 1547 1621 1546 1618 1543 1614 1539 1620 1545 1618 1543 1620 1545 1622 1547 1623 1548 1624 1549 1625 1549 1623 1548 1625 1549 1626 1550 1624 1549 1627 1551 1628 1552 1624 1549 1628 1552 1625 1549 1627 1551 1629 1553 1630 1553 1627 1551 1630 1553 1628 1552 1629 1553 1623 1548 1626 1550 1629 1553 1626 1550 1630 1553 1626 1550 1625 1549 1631 1554 1626 1550 1631 1554 1632 1555 1625 1549 1628 1552 1633 1556 1625 1549 1633 1556 1631 1554 1628 1552 1630 1553 1634 1557 1628 1552 1634 1557 1633 1556 1630 1553 1626 1550 1632 1555 1630 1553 1632 1555 1634 1557 1635 1558 1636 1559 1637 1560 1635 1558 1637 1560 1638 1561 1636 1559 1639 1562 1640 1563 1636 1559 1640 1563 1637 1560 1639 1562 1641 1564 1642 1565 1639 1562 1642 1565 1640 1563 1641 1564 1635 1558 1638 1561 1641 1564 1638 1561 1642 1565 1638 1561 1637 1560 1643 1566 1638 1561 1643 1566 1644 1567 1637 1560 1640 1563 1645 1568 1637 1560 1645 1568 1643 1566 1640 1563 1642 1565 1646 1569 1640 1563 1646 1569 1645 1568 1642 1565 1638 1561 1644 1567 1642 1565 1644 1567 1646 1569 1647 1570 1648 1571 1649 1572 1647 1570 1649 1572 1650 1573 1648 1571 1651 1574 1652 1575 1648 1571 1652 1575 1649 1572 1651 1574 1653 1576 1654 1576 1651 1574 1654 1576 1652 1575 1653 1576 1647 1570 1650 1573 1653 1576 1650 1573 1654 1576 1650 1573 1649 1572 1655 1577 1650 1573 1655 1577 1656 1578 1649 1572 1652 1575 1657 1579 1649 1572 1657 1579 1655 1577 1652 1575 1654 1576 1658 1580 1652 1575 1658 1580 1657 1579 1654 1576 1650 1573 1656 1578 1654 1576 1656 1578 1658 1580 1659 1581 1660 1582 1661 1583 1659 1581 1661 1583 1662 1581 1660 1582 1663 1584 1664 1585 1660 1582 1664 1585 1661 1583 1663 1584 1665 1586 1666 1587 1663 1584 1666 1587 1664 1585 1665 1586 1659 1581 1662 1581 1665 1586 1662 1581 1666 1587 1662 1581 1661 1583 1667 1583 1662 1581 1667 1583 1668 1588 1661 1583 1664 1585 1669 1589 1661 1583 1669 1589 1667 1583 1664 1585 1666 1587 1670 1590 1664 1585 1670 1590 1669 1589 1666 1587 1662 1581 1668 1588 1666 1587 1668 1588 1670 1590 1671 1591 1672 1592 1673 1593 1671 1591 1673 1593 1674 1594 1672 1592 1675 1595 1676 1596 1672 1592 1676 1596 1673 1593 1675 1595 1677 1597 1678 1597 1675 1595 1678 1597 1676 1596 1677 1597 1671 1591 1674 1594 1677 1597 1674 1594 1678 1597 1674 1594 1673 1593 1679 1598 1674 1594 1679 1598 1680 1599 1673 1593 1676 1596 1681 1596 1673 1593 1681 1596 1679 1598 1676 1596 1678 1597 1682 1600 1676 1596 1682 1600 1681 1596 1678 1597 1674 1594 1680 1599 1678 1597 1680 1599 1682 1600</p></triangles>
      </mesh>
    </geometry>
  </library_geometries>
  <library_visual_scenes><visual_scene id="scene" name="scene">
    <node id="ROW_18_SEG0_solid" name="ROW_18_SEG0_solid" type="NODE"><instance_geometry url="#ROW_18_SEG0_solid-mesh"><bind_material><technique_common>
      <instance_material symbol="MAT_COTTON_STEM-mat" target="#MAT_COTTON_STEM"/>
    </technique_common></bind_material></instance_geometry></node>
  </visual_scene></library_visual_scenes>
  <scene><instance_visual_scene url="#scene"/></scene>
</COLLADA>
