<?xml version="1.0" encoding="utf-8"?>
<COLLADA xmlns="http://www.collada.org/2005/11/COLLADASchema" version="1.4.1">
  <asset>
    <contributor><authoring_tool>VIGIL SIH26126 farm generator</authoring_tool></contributor>
    <unit name="meter" meter="1"/>
    <up_axis>Z_UP</up_axis>
  </asset>
  <library_effects>
    <effect id="MAT_COTTON_STEM-fx"><profile_COMMON><technique sid="c"><lambert><diffuse><color>0.0620 0.0820 0.0240 1</color></diffuse></lambert></technique></profile_COMMON></effect>
  </library_effects>
  <library_materials>
    <material id="MAT_COTTON_STEM" name="MAT_COTTON_STEM"><instance_effect url="#MAT_COTTON_STEM-fx"/></material>
  </library_materials>
  <library_geometries>
    <geometry id="ROW_10_SEG4_solid-mesh" name="ROW_10_SEG4_solid">
      <mesh>
        <source id="ROW_10_SEG4_solid-pos"><float_array id="ROW_10_SEG4_solid-pos-a" count="5163">-2.2981 0.015646 0.014932 -2.3009 0.010598 0.015006 -2.299 0.010352 0.047359 -2.2965 0.014878 0.04716 -2.298 0.0055995 0.014851 -2.2964 0.0058697 0.047226 -2.2922 0.0056498 0.014621 -2.2912 0.0059147 0.046894 -2.2893 0.010698 0.014548 -2.2887 0.010441 0.046695 -2.2923 0.015697 0.014703 -2.2913 0.014923 0.046829 -2.2956 0.011116 0.079679 -2.2934 0.015118 0.079363 -2.2933 0.0071507 0.079577 -2.2887 0.0071871 0.07916 -2.2864 0.011189 0.078845 -2.2888 0.015155 0.078947 -2.292 0.012147 0.11177 -2.29 0.015629 0.11156 -2.29 0.0086975 0.1117 -2.286 0.0087298 0.11143 -2.284 0.012212 0.11122 -2.2861 0.015661 0.11129 -2.2901 0.012434 0.14377 -2.2884 0.015395 0.14378 -2.2883 0.0095009 0.14373 -2.2849 0.009529 0.14371 -2.2832 0.01249 0.14372 -2.285 0.015423 0.14376 -2.2904 0.011604 0.17589 -2.289 0.014041 0.17604 -2.289 0.0091879 0.17587 -2.2862 0.0092086 0.17601 -2.2848 0.011646 0.17616 -2.2862 0.014062 0.17617 -2.292 0.010254 0.20816 -2.2909 0.012169 0.20832 -2.2909 0.0083542 0.20816 -2.2887 0.0083693 0.20831 -2.2876 0.010284 0.20846 -2.2887 0.012184 0.20847 -2.2951 0.010648 0.014777 -2.2898 0.010269 0.20831 -2.294 0.01149 0.051843 -2.2942 0.010308 0.050675 -2.3042 0.00096405 0.062082 -2.3041 0.0019883 0.063095 -2.2929 0.009515 0.051237 -2.3031 0.00027692 0.06257 -2.2927 0.010697 0.052405 -2.3029 0.0013012 0.063582 -2.3124 -0.0066762 0.071437 -2.3123 -0.0058095 0.072293 -2.3114 -0.0072577 0.071849 -2.3113 -0.006391 0.072706 -2.2917 0.012635 0.081127 -2.2919 0.010185 0.08157 -2.2693 0.013216 0.10707 -2.2692 0.015339 0.10668 -2.2901 0.0097528 0.079975 -2.2677 0.012841 0.10568 -2.2899 0.012203 0.079532 -2.2676 0.014965 0.1053 -2.2508 0.01572 0.1279 -2.2507 0.017517 0.12758 -2.2495 0.015403 0.12673 -2.2493 0.0172 0.12641 -2.289 0.013529 0.10834 -2.2898 0.010888 0.10925 -2.3044 0.024135 0.13465 -2.3038 0.026424 0.13386 -2.2874 0.010706 0.11079 -2.3023 0.023977 0.13598 -2.2866 0.013347 0.10987 -2.3016 0.026266 0.13519 -2.3164 0.035003 0.15544 -2.3158 0.03694 0.15477 -2.3146 0.034869 0.15656 -2.314 0.036806 0.15589 -2.2876 0.01374 0.13966 -2.2886 0.0118 0.13813 -2.2878 -0.0080414 0.16312 -2.287 -0.0063605 0.16445 -2.2861 0.011094 0.13751 -2.2857 -0.0086539 0.16259 -2.2852 0.013033 0.13905 -2.2849 -0.0069729 0.16392 -2.2872 -0.024261 0.18358 -2.2865 -0.022838 0.18471 -2.2854 -0.024779 0.18313 -2.2847 -0.023357 0.18426 -2.2879 0.012818 0.16708 -2.2882 0.011825 0.16853 -2.2752 0.026755 0.18134 -2.2749 0.027616 0.18008 -2.2868 0.010867 0.16818 -2.2739 0.025924 0.18103 -2.2865 0.01186 0.16673 -2.2736 0.026785 0.17977 -2.2644 0.038971 0.19179 -2.2642 0.039699 0.19073 -2.2634 0.038268 0.19153 -2.2632 0.038996 0.19047 -2.2894 0.011394 0.19639 -2.2893 0.0103 0.19611 -2.3011 0.0073605 0.20469 -2.3012 0.0083088 0.20493 -2.2886 0.01012 0.19699 -2.3005 0.0072045 0.20546 -2.2887 0.011214 0.19727 -2.3006 0.0081528 0.2057 -2.3108 0.0049665 0.21172 -2.3109 0.0057689 0.21193 -2.3103 0.0048345 0.21237 -2.3104 0.0056369 0.21258 -1.9845 -0.040697 0.015491 -1.9795 -0.041315 0.015577 -1.98 -0.039668 0.044097 -1.9845 -0.039119 0.043904 -1.9765 -0.037314 0.015445 -1.9773 -0.03608 0.043985 -1.9784 -0.032694 0.015228 -1.9791 -0.031943 0.043679 -1.9834 -0.032076 0.015142 -1.9835 -0.031394 0.043485 -1.9864 -0.036077 0.015274 -1.9863 -0.034981 0.043598 -1.9819 -0.037106 0.072582 -1.9858 -0.036627 0.072288 -1.9795 -0.033931 0.072497 -1.981 -0.030277 0.072117 -1.985 -0.029799 0.071823 -1.9874 -0.032974 0.071909 -1.984 -0.034508 0.10086 -1.9875 -0.034087 0.10067 -1.9819 -0.031747 0.10081 -1.9833 -0.028563 0.10056 -1.9867 -0.028142 0.10036 -1.9888 -0.030903 0.10042 -1.985 -0.032975 0.12907 -1.9879 -0.03261 0.12907 -1.9832 -0.030627 0.12904 -1.9844 -0.027914 0.12901 -1.9873 -0.027549 0.12901 -1.9891 -0.029897 0.12904 -1.9844 -0.032909 0.15739 -1.9868 -0.03261 0.15751 -1.9829 -0.030974 0.15738 -1.9838 -0.02874 0.1575 -1.9862 -0.028442 0.15762 -1.9877 -0.030377 0.15763 -1.9829 -0.033677 0.18586 -1.9847 -0.033443 0.18599 -1.9817 -0.032155 0.18586 -1.9824 -0.030401 0.18598 -1.9843 -0.030167 0.18611 -1.9855 -0.031689 0.18611 -1.9815 -0.036696 0.01536 -1.9836 -0.031922 0.18598 -1.9826 -0.036027 0.048035 -1.9816 -0.035805 0.047008 -1.9709 -0.040699 0.057117 -1.9718 -0.040892 0.058006 -1.9814 -0.034452 0.047503 -1.9707 -0.039527 0.057545 -1.9824 -0.034675 0.048529 -1.9716 -0.03972 0.058435 -1.9621 -0.044691 0.065405 -1.9628 -0.044854 0.066158 -1.962 -0.043699 0.065768 -1.9627 -0.043862 0.066521 -1.9844 -0.034516 0.073845 -1.9824 -0.033857 0.074243 -1.9923 -0.01674 0.096655 -1.9941 -0.017311 0.096311 -1.9826 -0.032219 0.072833 -1.9926 -0.015321 0.095433 -1.9847 -0.032877 0.072435 -1.9943 -0.015891 0.095088 -2.0005 -0.0027237 0.11497 -2.002 -0.0032066 0.11468 -2.0007 -0.0015225 0.11394 -2.0022 -0.0020053 0.11364 -1.9861 -0.032596 0.097826 -1.9837 -0.032336 0.098643 -1.9896 -0.048354 0.12104 -1.9916 -0.048579 0.12033 -1.9844 -0.03031 0.099989 -1.9902 -0.046598 0.12221 -1.9868 -0.030569 0.099172 -1.9922 -0.046823 0.1215 -1.9944 -0.061439 0.13937 -1.9962 -0.06163 0.13877 -1.9949 -0.059953 0.14036 -1.9967 -0.060144 0.13976 -1.9868 -0.031481 0.12544 -1.985 -0.031593 0.1241 -1.9694 -0.024408 0.14618 -1.9711 -0.024311 0.14735 -1.9852 -0.029383 0.12355 -1.9696 -0.022493 0.14571 -1.9871 -0.029271 0.12489 -1.9713 -0.022396 0.14687 -1.9567 -0.018502 0.16426 -1.9581 -0.018419 0.16525 -1.9569 -0.016881 0.16386 -1.9583 -0.016799 0.16485 -1.9861 -0.031355 0.14962 -1.9852 -0.031264 0.1509 -2.0015 -0.025713 0.16212 -2.0023 -0.025792 0.16101 -1.9849 -0.029781 0.15059 -2.0013 -0.024427 0.16185 -1.9858 -0.029872 0.14931 -2.002 -0.024506 0.16073 -2.0149 -0.021154 0.17128 -2.0155 -0.021221 0.17034 -2.0147 -0.020066 0.17105 -2.0153 -0.020133 0.1701 -1.9846 -0.031986 0.17546 -1.9837 -0.031565 0.17522 -1.9775 -0.040042 0.18282 -1.9783 -0.040408 0.18304 -1.9838 -0.03096 0.176 -1.9776 -0.039518 0.1835 -1.9847 -0.031381 0.17625 -1.9783 -0.039883 0.18371 -1.9724 -0.046976 0.18906 -1.9731 -0.047285 0.18924 -1.9725 -0.046532 0.18963 -1.9731 -0.046841 0.18981 -1.6845 0.009874 0.017248 -1.6914 0.010718 0.016898 -1.6927 0.013159 0.055668 -1.6865 0.012413 0.05612 -1.6956 0.0051912 0.017174 -1.6964 0.0082028 0.055903 -1.6929 -0.0011802 0.017801 -1.694 0.0025002 0.05659 -1.686 -0.0020245 0.018151 -1.6878 0.001754 0.057042 -1.6818 0.0035025 0.017875 -1.6841 0.0067105 0.056807 -1.6955 0.016618 0.094475 -1.6901 0.015965 0.094984 -1.6989 0.012232 0.09465 -1.6968 0.0071924 0.095333 -1.6913 0.0065396 0.095843 -1.688 0.010926 0.095668 -1.6983 0.019631 0.13357 -1.6936 0.019047 0.13386 -1.7012 0.015815 0.13368 -1.6994 0.011414 0.13408 -1.6946 0.01083 0.13437 -1.6917 0.014646 0.13426 -1.699 0.020579 0.17281 -1.695 0.02007 0.17279 -1.7015 0.017333 0.17286 -1.6999 0.013578 0.17288 -1.6959 0.01307 0.17286 -1.6934 0.016316 0.17281 -1.6972 0.019041 0.21196 -1.6938 0.018627 0.21175 -1.6992 0.016366 0.21196 -1.6979 0.013277 0.21176 -1.6946 0.012863 0.21156 -1.6925 0.015538 0.21155 -1.6941 0.016123 0.25093 -1.6915 0.015801 0.25072 -1.6957 0.01402 0.25092 -1.6947 0.011595 0.2507 -1.6921 0.011273 0.25049 -1.6905 0.013376 0.2505 -1.6887 0.0043468 0.017524 -1.6931 0.013698 0.25071 -1.6899 0.0091181 0.062201 -1.6918 0.00854 0.062575 -1.6844 -0.0036672 0.080365 -1.6828 -0.0031662 0.080041 -1.6915 0.0069494 0.061374 -1.6842 -0.0050458 0.079324 -1.6896 0.0075275 0.061 -1.6825 -0.0045447 0.079 -1.6783 -0.013667 0.094901 -1.677 -0.013243 0.094627 -1.6782 -0.014834 0.09402 -1.6768 -0.01441 0.093746 -1.6929 0.012574 0.094885 -1.6955 0.012428 0.096307 -1.6876 0.043409 0.11392 -1.6854 0.043536 0.11269 -1.6942 0.010876 0.098538 -1.6865 0.042064 0.11585 -1.6916 0.011022 0.097116 -1.6842 0.042191 0.11462 -1.6811 0.06874 0.12834 -1.6792 0.068847 0.1273 -1.6802 0.067602 0.12998 -1.6783 0.067709 0.12894 -1.6951 0.016578 0.13315 -1.6981 0.016647 0.13132 -1.7173 0.0011271 0.16279 -1.7147 0.0010678 0.16438 -1.6974 0.013445 0.13014 -1.7167 -0.0016479 0.16177 -1.6945 0.013376 0.13196 -1.7141 -0.0017073 0.16335 -1.7329 -0.01161 0.18855 -1.7307 -0.01166 0.18989 -1.7324 -0.013958 0.18769 -1.7303 -0.014009 0.18902 -1.6962 0.017961 0.16523 -1.6982 0.01832 0.16766 -1.665 0.019429 0.19509 -1.6632 0.019118 0.19298 -1.6984 0.015178 0.16801 -1.6651 0.016706 0.19539 -1.6964 0.014819 0.16557 -1.6634 0.016395 0.19327 -1.6377 0.020294 0.2175 -1.6363 0.020031 0.21572 -1.6378 0.01799 0.21775 -1.6364 0.017726 0.21597 -1.6954 0.017301 0.20111 -1.6972 0.016278 0.2004 -1.7114 0.032724 0.21228 -1.7099 0.033611 0.21289 -1.6971 0.015056 0.20216 -1.7114 0.031665 0.21381 -1.6954 0.016079 0.20287 -1.7099 0.032552 0.21442 -1.7231 0.046178 0.22203 -1.7218 0.046928 0.22255 -1.7231 0.045282 0.22332 -1.7218 0.046032 0.22384 -1.6937 0.015103 0.2373 -1.695 0.014805 0.23701 -1.6947 0.0046045 0.2468 -1.6936 0.0048628 0.24705 -1.6946 0.013915 0.23607 -1.6943 0.0038329 0.24599 -1.6933 0.014213 0.23636 -1.6932 0.0040913 0.24624 -1.6944 -0.003749 0.25481 -1.6935 -0.0035305 0.25502 -1.6941 -0.0044018 0.25412 -1.6932 -0.0041833 0.25433 -1.691 0.013237 0.085797 -1.696 0.012869 0.087651 -1.6884 0.028279 0.11016 -1.6845 0.028561 0.10874 -1.6947 0.0084244 0.090439 -1.6874 0.024885 0.11229 -1.6897 0.0087931 0.088585 -1.6835 0.025167 0.11087 -1.6808 0.043727 0.13266 -1.678 0.043928 0.13165 -1.6801 0.041303 0.13418 -1.6773 0.041504 0.13317 -1.679 0.042615 0.13291 -1.3614 0.0077569 0.018039 -1.3651 0.01211 0.018373 -1.3633 0.011077 0.04891 -1.3599 0.0071728 0.04872 -1.3708 0.011013 0.018709 -1.3684 0.010094 0.049201 -1.3727 0.0055621 0.018711 -1.3701 0.0052065 0.049302 -1.3689 0.0012089 0.018377 -1.3667 0.0013024 0.049111 -1.3632 0.0023065 0.01804 -1.3616 0.0022855 0.04882 -1.362 0.011553 0.079652 -1.359 0.0080982 0.07957 -1.3664 0.010685 0.079884 -1.3679 0.0063628 0.080033 -1.3649 0.0029085 0.079951 -1.3605 0.0037761 0.079719 -1.3608 0.011671 0.1106 -1.3582 0.0086639 0.1104 -1.3647 0.010919 0.11076 -1.366 0.0071603 0.11074 -1.3634 0.0041533 0.11054 -1.3595 0.004905 0.11038 -1.3594 0.009364 0.14139 -1.3572 0.0068196 0.14101 -1.3628 0.0087278 0.1415 -1.3639 0.0055472 0.14123 -1.3617 0.0030029 0.14085 -1.3584 0.0036391 0.14074 -1.3579 0.0041208 0.17179 -1.3561 0.0020459 0.17134 -1.3607 0.0035992 0.17185 -1.3616 0.0010026 0.17146 -1.3598 -0.0010725 0.17101 -1.357 -0.00055087 0.17094 -1.3565 -0.0026028 0.2019 -1.355 -0.0042268 0.20151 -1.3586 -0.0030119 0.20194 -1.3594 -0.0050451 0.20159 -1.3579 -0.006669 0.20119 -1.3558 -0.0062599 0.20116 -1.367 0.0066595 0.018375 -1.3572 -0.0046359 0.20155 -1.3637 0.0065166 0.053623 -1.3651 0.0071708 0.054048 -1.3669 -0.0058837 0.066844 -1.3656 -0.0064507 0.066475 -1.3659 0.0061542 0.053021 -1.3675 -0.0067647 0.065954 -1.3645 0.0055 0.052596 -1.3663 -0.0073317 0.065585 -1.3683 -0.016585 0.077296 -1.3672 -0.017065 0.076984 -1.3688 -0.01733 0.076543 -1.3678 -0.01781 0.076231 -1.3626 0.0075566 0.079582 -1.3642 0.0088023 0.080908 -1.3415 0.022001 0.095318 -1.3401 0.020921 0.094169 -1.3642 0.006959 0.082483 -1.3416 0.020403 0.096683 -1.3626 0.0057132 0.081157 -1.3401 0.019324 0.095534 -1.323 0.032762 0.10711 -1.3218 0.031849 0.10614 -1.323 0.03141 0.10827 -1.3218 0.030497 0.10729 -1.3605 0.0080669 0.10987 -1.3624 0.0098975 0.10869 -1.3818 0.0083431 0.13426 -1.3802 0.0067565 0.13528 -1.3638 0.0076755 0.10758 -1.383 0.0064174 0.1333 -1.3619 0.005845 0.10876 -1.3815 0.0048308 0.13432 -1.3977 0.0070221 0.15519 -1.3964 0.0056797 0.15605 -1.3988 0.0053927 0.15437 -1.3974 0.0040503 0.15524 -1.3594 0.0068326 0.13511 -1.3604 0.0079604 0.1372 -1.3384 -0.012035 0.15593 -1.3376 -0.013013 0.15412 -1.3622 0.0060874 0.13735 -1.34 -0.013659 0.15606 -1.3612 0.0049596 0.13526 -1.3392 -0.014636 0.15425 -1.3205 -0.028432 0.17123 -1.3198 -0.029259 0.1697 -1.3219 -0.029806 0.17134 -1.3212 -0.030633 0.16981 -1.3582 0.0029929 0.16309 -1.3598 0.0033832 0.16264 -1.359 0.020383 0.1738 -1.3576 0.020045 0.17419 -1.3604 0.0024784 0.16396 -1.3596 0.019599 0.17495 -1.3588 0.002088 0.16441 -1.3581 0.019261 0.17534 -1.3584 0.034277 0.18296 -1.3572 0.033991 0.18329 -1.3588 0.033613 0.18393 -1.3576 0.033327 0.18426 -1.3572 -0.0023475 0.19116 -1.3581 -0.0017928 0.19103 -1.3634 -0.0090332 0.19824 -1.3625 -0.009514 0.19836 -1.3584 -0.0024892 0.19022 -1.3636 -0.0096368 0.19754 -1.3574 -0.0030438 0.19036 -1.3627 -0.010117 0.19766 -1.3676 -0.014972 0.20414 -1.3669 -0.015379 0.20423 -1.3678 -0.015483 0.20354 -1.3671 -0.01589 0.20364 -1.3613 0.0076801 0.072344 -1.3646 0.010099 0.0742 -1.3506 0.013442 0.09181 -1.3481 0.011595 0.090392 -1.3662 0.0064032 0.076086 -1.3518 0.01062 0.09325 -1.3629 0.0039845 0.074229 -1.3493 0.0087726 0.091832 -1.3366 0.01684 0.10942 -1.3348 0.015521 0.10841 -1.3374 0.014824 0.11045 -1.3356 0.013505 0.10944 -1.3361 0.015173 0.10943 -1.0901 0.014935 0.019069 -1.0926 0.010548 0.019063 -1.0921 0.01054 0.048166 -1.0899 0.014473 0.048053 -1.09 0.0062131 0.019063 -1.0898 0.0066533 0.048172 -1.085 0.0062659 0.01907 -1.0853 0.0066997 0.048065 -1.0825 0.010653 0.019077 -1.0831 0.010633 0.047952 -1.0851 0.014988 0.019076 -1.0854 0.01452 0.047946 -1.0904 0.011413 0.077291 -1.0884 0.014889 0.077065 -1.0883 0.0079737 0.077311 -1.0843 0.0080111 0.077105 -1.0824 0.011487 0.076879 -1.0844 0.014927 0.076859 -1.0884 0.012515 0.10621 -1.0867 0.01554 0.10608 -1.0867 0.0095237 0.10625 -1.0832 0.0095575 0.10615 -1.0815 0.012582 0.10602 -1.0833 0.015574 0.10598 -1.0879 0.012968 0.135 -1.0865 0.015542 0.13506 -1.0864 0.010425 0.13505 -1.0835 0.010455 0.13516 -1.082 0.013029 0.13521 -1.0835 0.015572 0.13516 -1.0894 0.012449 0.16382 -1.0882 0.014568 0.16399 -1.0882 0.010353 0.16387 -1.0858 0.010377 0.1641 -1.0846 0.012496 0.16427 -1.0858 0.014591 0.16421 -1.092 0.011476 0.19273 -1.0911 0.013141 0.1929 -1.091 0.0098284 0.19278 -1.0891 0.0098464 0.193 -1.0882 0.011512 0.19316 -1.0892 0.013159 0.19311 -1.0875 0.010601 0.01907 -1.0901 0.011494 0.19295 -1.088 0.011565 0.052367 -1.0881 0.010532 0.051319 -1.0972 0.0024734 0.061248 -1.0971 0.0033692 0.062157 -1.0869 0.0098494 0.051879 -1.0962 0.0018821 0.061734 -1.0868 0.010883 0.052927 -1.0961 0.0027778 0.062642 -1.1046 -0.0041156 0.069392 -1.1045 -0.0033575 0.070161 -1.1037 -0.004616 0.069803 -1.1036 -0.003858 0.070571 -1.0871 0.012747 0.078723 -1.0872 0.010623 0.07913 -1.0686 0.013455 0.10282 -1.0684 0.015296 0.10247 -1.0856 0.010241 0.07777 -1.0671 0.013124 0.10164 -1.0854 0.012365 0.077363 -1.067 0.014965 0.10129 -1.0533 0.015793 0.12218 -1.0532 0.017351 0.12188 -1.0521 0.015513 0.12118 -1.052 0.017071 0.12088 -1.0857 0.013699 0.10323 -1.0864 0.01141 0.10405 -1.1001 0.023043 0.12622 -1.0995 0.025026 0.12551 -1.0844 0.011266 0.10551 -1.0983 0.022918 0.12749 -1.0837 0.013555 0.1047 -1.0977 0.024901 0.12678 -1.1112 0.032586 0.14436 -1.1107 0.034264 0.14377 -1.1097 0.03248 0.14544 -1.1092 0.034159 0.14484 -1.0857 0.014081 0.1314 -1.0864 0.012385 0.13 -1.0867 -0.0046816 0.15258 -1.086 -0.0032125 0.15379 -1.0843 0.011773 0.12954 -1.0848 -0.0052127 0.15218 -1.0835 0.013468 0.13094 -1.0842 -0.0037436 0.1534 -1.0869 -0.018632 0.17107 -1.0863 -0.017389 0.17209 -1.0853 -0.019082 0.17073 -1.0847 -0.017839 0.17176 -1.0869 0.013452 0.156 -1.0873 0.012598 0.1573 -1.0764 0.025663 0.16917 -1.0762 0.026403 0.16805 -1.086 0.011767 0.15704 -1.0753 0.024943 0.16894 -1.0857 0.01262 0.15574 -1.075 0.025682 0.16782 -1.0675 0.036353 0.17887 -1.0673 0.036979 0.17791 -1.0666 0.035743 0.17868 -1.0664 0.036369 0.17772 -1.0893 0.012397 0.18225 -1.0892 0.011445 0.18201 -1.0998 0.0089253 0.18929 -1.0999 0.0097499 0.1895 -1.0887 0.011296 0.18283 -1.0993 0.0087957 0.19001 -1.0887 0.012247 0.18307 -1.0994 0.0096204 0.19022 -1.1084 0.0068734 0.19527 -1.1085 0.0075712 0.19545 -1.108 0.0067638 0.19587 -1.1081 0.0074617 0.19605 -0.78196 0.0085785 0.021895 -0.78395 0.013424 0.02192 -0.78581 0.012191 0.049762 -0.78402 0.0078517 0.049625 -0.78913 0.01413 0.021664 -0.79045 0.012825 0.049537 -0.79233 0.0099921 0.021382 -0.79331 0.0091192 0.049176 -0.79034 0.0051471 0.021356 -0.79153 0.0047797 0.049038 -0.78516 0.0044404 0.021613 -0.78688 0.004146 0.049263 -0.78782 0.0092882 0.077567 -0.78623 0.0054576 0.077326 -0.79193 0.0098487 0.077383 -0.79446 0.0065788 0.076956 -0.79287 0.0027483 0.076715 -0.78876 0.0021876 0.0769 -0.78973 0.006127 0.10518 -0.78835 0.00279 0.10503 -0.7933 0.0066144 0.10503 -0.79551 0.0037647 0.10474 -0.79413 0.00042772 0.10459 -0.79055 -5.9605e-05 0.10473 -0.79124 0.0045422 0.13272 -0.79008 0.0016989 0.13276 -0.79429 0.0049565 0.13262 -0.79617 0.0025275 0.13255 -0.795 -0.00031579 0.13258 -0.79196 -0.00073004 0.13269 -0.79228 0.0052083 0.16038 -0.79132 0.0028695 0.16053 -0.79478 0.0055493 0.16031 -0.79633 0.0035518 0.16039 -0.79538 0.0012131 0.16054 -0.79287 0.0008719 0.16061 -0.79298 0.0070565 0.18819 -0.79223 0.0052202 0.18834 -0.79495 0.0073246 0.18814 -0.79617 0.0057565 0.18824 -0.79542 0.0039202 0.18839 -0.79345 0.003652 0.18844 -0.78714 0.0092853 0.021638 -0.7942 0.0054883 0.18829 -0.78788 0.0079981 0.053569 -0.78858 0.0088059 0.052547 -0.78985 0.021104 0.062374 -0.78924 0.020404 0.06326 -0.78992 0.0082819 0.052999 -0.79101 0.02065 0.062766 -0.78922 0.0074741 0.054021 -0.7904 0.019949 0.063652 -0.79089 0.031149 0.070433 -0.79038 0.030557 0.071182 -0.79187 0.030765 0.070764 -0.79136 0.030173 0.071514 -0.78893 0.0057002 0.078782 -0.79057 0.007202 0.079128 -0.80153 -0.010536 0.10081 -0.80011 -0.011838 0.10051 -0.79189 0.0061169 0.077719 -0.80267 -0.011477 0.099587 -0.79025 0.0046151 0.077374 -0.80125 -0.012778 0.099288 -0.81049 -0.025081 0.11853 -0.80929 -0.026182 0.11827 -0.81146 -0.025876 0.11749 -0.81026 -0.026978 0.11724 -0.79034 0.003253 0.1022 -0.7918 0.005271 0.10296 -0.77474 0.0082119 0.12526 -0.77348 0.0064628 0.12461 -0.79333 0.0036308 0.10424 -0.77607 0.0067903 0.12637 -0.79187 0.0016127 0.10348 -0.7748 0.0050412 0.12572 -0.76079 0.010574 0.14352 -0.75972 0.0090938 0.14296 -0.76191 0.0093708 0.14446 -0.76084 0.0078908 0.1439 -0.79159 0.0021036 0.12917 -0.79241 0.0038527 0.12783 -0.80738 0.014385 0.14904 -0.80667 0.012869 0.1502 -0.79428 0.0024953 0.12725 -0.809 0.013208 0.14854 -0.79346 0.00074625 0.12859 -0.80829 0.011692 0.1497 -0.81964 0.022964 0.1664 -0.81904 0.021681 0.16738 -0.82101 0.021968 0.16597 -0.82041 0.020686 0.16696 -0.79262 0.0027922 0.15278 -0.79318 0.0035576 0.15402 -0.79015 -0.014062 0.1651 -0.78966 -0.014725 0.16402 -0.79467 0.0030584 0.15368 -0.79143 -0.014495 0.1648 -0.79411 0.0022931 0.15244 -0.79094 -0.015158 0.16372 -0.78767 -0.028494 0.17414 -0.78726 -0.029055 0.17323 -0.78876 -0.02886 0.17388 -0.78835 -0.029421 0.17298 -0.7934 0.004581 0.17803 -0.79421 0.0051385 0.17777 -0.78986 0.01516 0.18529 -0.78915 0.014677 0.18551 -0.79473 0.0047557 0.17852 -0.79031 0.014828 0.18594 -0.79392 0.0041982 0.17878 -0.78961 0.014345 0.18617 -0.78629 0.023348 0.19145 -0.7857 0.022939 0.19164 -0.78668 0.023067 0.19201 -0.78608 0.022659 0.1922 -0.46333 0.015973 0.026154 -0.46852 0.015623 0.026125 -0.46804 0.0099974 0.054849 -0.46338 0.010294 0.054971 -0.47081 0.011024 0.025303 -0.4701 0.0058708 0.05413 -0.46791 0.0067751 0.024511 -0.4675 0.0020405 0.053535 -0.46272 0.0071248 0.02454 -0.46284 0.0023369 0.053658 -0.46043 0.011724 0.025361 -0.46079 0.0064634 0.054376 -0.46882 0.0052556 0.083569 -0.4647 0.005493 0.083848 -0.47064 0.0015975 0.082981 -0.46835 -0.0018231 0.082671 -0.46423 -0.0015856 0.08295 -0.46241 0.0020725 0.083538 -0.47085 0.0015763 0.11252 -0.46728 0.0017786 0.11283 -0.47243 -0.0016139 0.11207 -0.47045 -0.0046016 0.11192 -0.46687 -0.0043993 0.11223 -0.46529 -0.0012093 0.11268 -0.47276 -0.0015702 0.14171 -0.46972 -0.0013853 0.14188 -0.47411 -0.0042901 0.14139 -0.47241 -0.0068251 0.14123 -0.46937 -0.0066402 0.1414 -0.46802 -0.0039203 0.14172 -0.47298 -0.0048847 0.17098 -0.47047 -0.0047158 0.17095 -0.47409 -0.0071309 0.17076 -0.47269 -0.009208 0.17052 -0.47018 -0.009039 0.17049 -0.46907 -0.006793 0.17071 -0.47115 -0.0085742 0.20013 -0.46918 -0.0084348 0.20004 -0.47202 -0.010342 0.19998 -0.47093 -0.01197 0.19974 -0.46895 -0.011831 0.19965 -0.46808 -0.010063 0.1998 -0.46562 0.011374 0.025332 -0.47005 -0.010202 0.19989 -0.46513 0.0065089 0.058178 -0.46623 0.0057557 0.057477 -0.47878 0.013454 0.069327 -0.47783 0.014107 0.069935 -0.46605 0.0046123 0.05845 -0.47862 0.012463 0.070171 -0.46495 0.0053655 0.059151 -0.47767 0.013116 0.070778 -0.48903 0.019748 0.079043 -0.48822 0.020301 0.079557 -0.48889 0.01891 0.079757 -0.48809 0.019462 0.080271 -0.46656 0.0020703 0.092119 -0.4687 0.0012124 0.091565 -0.46479 -0.020003 0.11039 -0.46293 -0.01926 0.11087 -0.46773 -0.000121 0.089832 -0.46395 -0.021159 0.10889 -0.46559 0.00073707 0.090386 -0.46209 -0.020415 0.10937 -0.46156 -0.037367 0.12578 -0.45998 -0.036738 0.12619 -0.46085 -0.038345 0.12451 -0.45927 -0.037716 0.12492 -0.46924 -0.0013529 0.12238 -0.47128 -0.001563 0.12393 -0.45891 0.015749 0.14278 -0.45714 0.015931 0.14144 -0.4702 -0.0035712 0.12513 -0.45798 0.014009 0.14382 -0.46816 -0.0033611 0.12358 -0.4562 0.014191 0.14247 -0.44875 0.029892 0.1582 -0.44725 0.030046 0.15707 -0.44796 0.02842 0.15908 -0.44646 0.028574 0.15794 -0.47087 -0.0047195 0.15745 -0.47231 -0.0047764 0.1563 -0.48345 -0.013607 0.17136 -0.4822 -0.013557 0.17236 -0.47179 -0.0064332 0.15572 -0.483 -0.015043 0.17086 -0.47035 -0.0063765 0.15686 -0.48175 -0.014993 0.17185 -0.49254 -0.020851 0.18369 -0.49149 -0.020809 0.18453 -0.49216 -0.022066 0.18327 -0.4911 -0.022024 0.18411 -0.47028 -0.0083992 0.18949 -0.471 -0.0089309 0.18999 -0.46289 -0.013964 0.19636 -0.46227 -0.013504 0.19594 -0.47092 -0.0096724 0.18929 -0.46282 -0.014607 0.19576 -0.4702 -0.0091407 0.1888 -0.4622 -0.014146 0.19533 -0.45625 -0.018085 0.20157 -0.45573 -0.017696 0.2012 -0.45619 -0.018629 0.20105 -0.45567 -0.018239 0.20069 0.12904 0.001738 0.031174 0.12521 0.0046744 0.03168 0.12662 0.0015736 0.057728 0.13005 -0.0010675 0.057361 0.12073 0.0028244 0.031761 0.1226 -8.6308e-05 0.057818 0.12007 -0.0019621 0.031336 0.12202 -0.0043871 0.05754 0.1239 -0.0048985 0.030829 0.12545 -0.0070281 0.057174 0.12838 -0.0030485 0.030748 0.12947 -0.0053684 0.057084 0.12768 -0.00013828 0.083777 0.13073 -0.0024816 0.083607 0.12413 -0.0016091 0.083899 0.12362 -0.0054232 0.08385 0.12667 -0.0077665 0.08368 0.13022 -0.0062957 0.083558 0.12855 -0.00032818 0.11001 0.1312 -0.0023639 0.10992 0.12546 -0.00161 0.11017 0.12503 -0.0049278 0.11024 0.12768 -0.0069635 0.11015 0.13077 -0.0056816 0.10999 0.12985 -0.00020742 0.13638 0.13211 -0.0019368 0.13621 0.12723 -0.0012996 0.13657 0.12686 -0.0041212 0.1366 0.12912 -0.0058506 0.13643 0.13174 -0.0047584 0.13624 0.13225 -0.0012417 0.16267 0.13409 -0.0026627 0.16239 0.13009 -0.002143 0.16287 0.12978 -0.0044652 0.1628 0.13162 -0.0058862 0.16251 0.13378 -0.0049849 0.16231 0.13582 -0.0037956 0.18872 0.13726 -0.0049093 0.18844 0.13413 -0.0045047 0.1889 0.13388 -0.0063275 0.1888 0.13532 -0.0074412 0.18851 0.13701 -0.0067321 0.18833 0.12455 -0.00011206 0.031255 0.13557 -0.0056185 0.18862 0.12706 -0.002521 0.060844 0.12574 -0.0024037 0.060425 0.12346 0.011151 0.071079 0.12461 0.011049 0.071443 0.12533 -0.0032766 0.061415 0.12311 0.010394 0.071937 0.12665 -0.0033939 0.061834 0.12426 0.010293 0.072301 0.12161 0.022229 0.079813 0.12259 0.022143 0.080121 0.12131 0.021589 0.080539 0.12228 0.021503 0.080847 0.12867 -0.0034189 0.091525 0.12657 -0.0027254 0.091348 0.11948 -0.019248 0.11034 0.1213 -0.019849 0.11049 0.12618 -0.0043234 0.089898 0.11914 -0.020633 0.10908 0.12827 -0.0050169 0.090075 0.12095 -0.021234 0.10923 0.1137 -0.032794 0.12586 0.11523 -0.033303 0.12599 0.11341 -0.033966 0.12479 0.11495 -0.034475 0.12492 0.12944 -0.0029781 0.11895 0.12813 -0.0018097 0.12054 0.15004 0.0034866 0.1338 0.15118 0.0024741 0.13242 0.12786 -0.0038325 0.12175 0.14981 0.0017337 0.13485 0.12917 -0.0050008 0.12016 0.15095 0.0007211 0.13347 0.16799 0.0077814 0.14464 0.16895 0.0069246 0.14348 0.16779 0.0062981 0.14553 0.16875 0.0054413 0.14437 0.13171 -0.0029511 0.1505 0.1305 -0.0021541 0.14963 0.11979 -0.0009191 0.16512 0.12084 -0.0016099 0.16587 0.12978 -0.0036578 0.14928 0.11916 -0.0022224 0.16481 0.13099 -0.004455 0.15015 0.12021 -0.0029132 0.16557 0.11102 6.3419e-05 0.17779 0.11191 -0.00052118 0.17843 0.11049 -0.0010394 0.17754 0.11138 -0.0016239 0.17817 0.13488 -0.0046228 0.17923 0.13414 -0.0045375 0.1798 0.13775 -0.012783 0.18531 0.13839 -0.012857 0.18482 0.13364 -0.0051347 0.17927 0.13732 -0.0133 0.18486 0.13438 -0.0052202 0.1787 0.13796 -0.013374 0.18436 0.1407 -0.019537 0.18981 0.14125 -0.0196 0.18939 0.14034 -0.019975 0.18943 0.14088 -0.020038 0.18901 0.42551 -0.0084676 0.034965 0.43039 -0.0098981 0.034744 0.43196 -0.0079693 0.063255 0.42759 -0.0066912 0.063371 0.43405 -0.0063902 0.034348 0.43525 -0.0048236 0.062908 0.43284 -0.0014518 0.034174 0.43416 -0.00039971 0.062677 0.42796 -2.1338e-05 0.034396 0.42978 0.00087833 0.062793 0.42429 -0.0035292 0.034791 0.42649 -0.0022674 0.063139 0.43269 -0.0052868 0.091832 0.42882 -0.0041674 0.091775 0.4356 -0.0025026 0.091545 0.43463 0.0014009 0.0912 0.43076 0.0025203 0.091143 0.42785 -0.00026393 0.091431 0.43241 -0.001806 0.12032 0.42903 -0.00083792 0.12019 0.43494 0.00061667 0.12009 0.4341 0.0040073 0.11974 0.43072 0.0049754 0.11962 0.42819 0.0025527 0.11984 0.43203 0.0014242 0.14865 0.42916 0.0022554 0.14862 0.43418 0.003485 0.14848 0.43347 0.0063771 0.14829 0.4306 0.0072083 0.14826 0.42845 0.0051476 0.14843 0.43278 0.0031171 0.17694 0.43042 0.003808 0.17707 0.43455 0.0048156 0.17682 0.43397 0.0072051 0.17684 0.43161 0.0078961 0.17697 0.42984 0.0061976 0.17709 0.43509 0.002859 0.20536 0.43324 0.0034012 0.20554 0.43648 0.0041946 0.20528 0.43603 0.0060723 0.20537 0.43418 0.0066144 0.20555 0.43279 0.0052789 0.20563 0.42917 -0.0049597 0.03457 0.43463 0.0047368 0.20545 0.43036 -0.0038518 0.067565 0.43147 -0.0040829 0.066628 0.44213 -0.0035722 0.079539 0.44116 -0.003372 0.080352 0.43163 -0.0026337 0.066452 0.44226 -0.0023162 0.079387 0.43051 -0.0024025 0.06739 0.4413 -0.002116 0.080199 0.45083 -0.003134 0.090112 0.45002 -0.0029646 0.0908 0.45094 -0.0020713 0.089983 0.45013 -0.0019019 0.090671 0.4304 -0.0006541 0.11019 0.43268 -7.6413e-05 0.11099 0.42104 0.01959 0.12977 0.41907 0.019089 0.12907 0.43284 0.0016866 0.10924 0.42118 0.021118 0.12825 0.43056 0.0011089 0.10843 0.4192 0.020617 0.12755 0.41149 0.035695 0.1451 0.40982 0.035271 0.14451 0.41161 0.036988 0.14381 0.40994 0.036564 0.14322 0.43045 0.0035428 0.15182 0.43256 0.0036602 0.1519 0.43243 -0.0086683 0.17099 0.4306 -0.00877 0.17093 0.43242 0.0054229 0.15307 0.43231 -0.0071405 0.17201 0.43031 0.0053056 0.15299 0.43048 -0.0072422 0.17194 0.43229 -0.018735 0.18663 0.43074 -0.018821 0.18657 0.43219 -0.017443 0.18749 0.43064 -0.017529 0.18743 0.43345 0.0047189 0.19576 0.43425 0.0045118 0.1952 0.44107 0.011353 0.2026 0.44038 0.011532 0.20309 0.43406 0.0053089 0.19463 0.4409 0.012043 0.20211 0.43327 0.0055159 0.19519 0.44021 0.012223 0.2026 0.44663 0.016962 0.20866 0.44605 0.017114 0.20907 0.4465 0.017547 0.20825 0.44591 0.017698 0.20866 0.74353 0.0072416 0.036823 0.74588 0.01191 0.036738 0.74514 0.012513 0.065087 0.74303 0.0083258 0.06508 0.74301 0.016282 0.036627 0.74257 0.016434 0.064995 0.73779 0.015986 0.036599 0.73789 0.016167 0.064895 0.73544 0.011318 0.036684 0.73578 0.01198 0.064889 0.7383 0.0069455 0.036796 0.73835 0.0080591 0.064981 0.74348 0.012398 0.093497 0.74162 0.0086941 0.093333 0.74121 0.015867 0.093435 0.73707 0.015632 0.093208 0.73521 0.011929 0.093044 0.73749 0.0084594 0.093106 0.74083 0.011407 0.12181 0.73921 0.008189 0.12159 0.73885 0.014425 0.12178 0.73525 0.014224 0.12153 0.73364 0.011006 0.12131 0.73562 0.0079882 0.12134 0.7384 0.010286 0.14995 0.73702 0.0075481 0.14985 0.73672 0.012852 0.14995 0.73366 0.01268 0.14985 0.73228 0.0099417 0.14974 0.73396 0.0073758 0.14974 0.73774 0.010019 0.17804 0.7366 0.0077623 0.1781 0.73635 0.012133 0.17806 0.73383 0.01199 0.17815 0.73269 0.0097336 0.17821 0.73408 0.0076196 0.17819 0.73934 0.010957 0.20625 0.73845 0.0091844 0.20637 0.73825 0.012619 0.20627 0.73627 0.012508 0.20642 0.73538 0.010736 0.20654 0.73647 0.0090736 0.20651 0.74066 0.011614 0.036711 0.73736 0.010846 0.20639 0.74082 0.011455 0.06945 0.74123 0.01258 0.068557 0.74313 0.02282 0.081768 0.74277 0.021846 0.082542 0.73979 0.013014 0.068445 0.74188 0.023197 0.081671 0.73938 0.01189 0.069338 0.74153 0.022222 0.082445 0.74466 0.031191 0.092587 0.74436 0.030366 0.093242 0.74361 0.031509 0.092505 0.74331 0.030685 0.09316 0.73896 0.010078 0.11175 0.73883 0.01245 0.11266 0.71739 0.0034764 0.13155 0.7175 0.0014201 0.13076 0.73703 0.013024 0.111 0.71582 0.0039736 0.13011 0.73716 0.010652 0.11009 0.71593 0.0019175 0.12932 0.69982 -0.0038879 0.14697 0.69991 -0.0056276 0.14631 0.69849 -0.0034671 0.14575 0.69859 -0.0052068 0.14509 0.73607 0.0089394 0.15311 0.73635 0.01109 0.15328 0.74938 0.007753 0.17169 0.74914 0.0058894 0.17154 0.73458 0.011222 0.1545 0.74785 0.0078676 0.17275 0.7343 0.0090716 0.15434 0.74761 0.006004 0.17261 0.76002 0.0049986 0.18676 0.75982 0.0034217 0.18664 0.75873 0.0050955 0.18766 0.75852 0.0035186 0.18754 0.73685 0.010107 0.19675 0.73719 0.010899 0.19622 0.7318 0.018707 0.20408 0.7315 0.018021 0.20454 0.73633 0.010887 0.19568 0.73106 0.018697 0.20361 0.73599 0.010095 0.19621 0.73076 0.018011 0.20407 0.72737 0.025086 0.21051 0.72712 0.024506 0.2109 0.72675 0.025077 0.21012 0.7265 0.024497 0.21051 1.062 -0.0054593 0.03779 1.0663 -0.0096587 0.037499 1.067 -0.010831 0.070011 1.0632 -0.0070729 0.070387 1.0721 -0.0080166 0.037478 1.0722 -0.009359 0.06998 1.0736 -0.0021751 0.037747 1.0736 -0.0041283 0.070326 1.0693 0.0020243 0.038037 1.0697 -0.00036991 0.070703 1.0635 0.00038218 0.038059 1.0645 -0.0018423 0.070733 1.0683 -0.013548 0.10259 1.0649 -0.010229 0.10301 1.0729 -0.012246 0.10253 1.0741 -0.0076239 0.1029 1.0707 -0.0043045 0.10333 1.0661 -0.0056069 0.10338 1.0698 -0.015891 0.13539 1.0668 -0.012992 0.13563 1.0738 -0.014758 0.13531 1.0748 -0.010727 0.13546 1.0719 -0.0078286 0.1357 1.0679 -0.0089608 0.13579 1.0709 -0.015713 0.16823 1.0684 -0.013245 0.16821 1.0743 -0.014751 0.16813 1.0752 -0.011321 0.16799 1.0727 -0.008854 0.16797 1.0693 -0.0098161 0.16808 1.0716 -0.012473 0.2009 1.0695 -0.010452 0.20073 1.0744 -0.011681 0.20079 1.0751 -0.008868 0.20049 1.073 -0.0068468 0.20032 1.0702 -0.0076388 0.20044 1.0721 -0.007669 0.23338 1.0704 -0.0060852 0.2332 1.0743 -0.0070466 0.23327 1.0749 -0.0048403 0.23299 1.0732 -0.0032566 0.23282 1.071 -0.003879 0.23292 1.0678 -0.0038172 0.037768 1.0727 -0.0054628 0.2331 1.0674 -0.0063787 0.075316 1.069 -0.0069519 0.075595 1.0708 0.0059093 0.08999 1.0694 0.0064061 0.089749 1.0696 -0.0057536 0.074525 1.0713 0.0069478 0.089063 1.068 -0.0051805 0.074246 1.0699 0.0074446 0.088821 1.0722 0.016454 0.10175 1.0711 0.016874 0.10155 1.0727 0.017332 0.10097 1.0715 0.017753 0.10076 1.0686 -0.0093327 0.10277 1.0705 -0.010565 0.10394 1.0494 -0.027372 0.12001 1.0477 -0.026304 0.119 1.0705 -0.0087544 0.10575 1.0494 -0.025802 0.12158 1.0686 -0.0075221 0.10458 1.0477 -0.024734 0.12056 1.0321 -0.041085 0.13317 1.0307 -0.040182 0.13231 1.0321 -0.039758 0.13449 1.0306 -0.038854 0.13363 1.0692 -0.012116 0.13492 1.0711 -0.013769 0.13338 1.0935 -0.012092 0.15895 1.0918 -0.010659 0.16028 1.0723 -0.011251 0.13226 1.0945 -0.0099092 0.15798 1.0704 -0.009598 0.1338 1.0928 -0.0084769 0.15931 1.1117 -0.010669 0.17987 1.1103 -0.0094569 0.181 1.1126 -0.0088221 0.17905 1.1111 -0.00761 0.18018 1.0701 -0.012656 0.16179 1.0714 -0.013882 0.16384 1.0485 0.0036005 0.18697 1.0474 0.0046631 0.1852 1.0732 -0.011775 0.16399 1.0501 0.005427 0.18711 1.0719 -0.010549 0.16195 1.049 0.0064896 0.18533 1.0298 0.017945 0.20588 1.0289 0.018844 0.20438 1.0311 0.019491 0.20599 1.0302 0.02039 0.20449 1.0709 -0.010685 0.19177 1.0727 -0.010907 0.19113 1.0743 -0.029415 0.20168 1.0728 -0.029223 0.20224 1.0733 -0.0099989 0.19255 1.0749 -0.028628 0.20291 1.0716 -0.0097775 0.19319 1.0734 -0.028436 0.20347 1.0756 -0.044544 0.21034 1.0744 -0.044381 0.21081 1.0761 -0.043878 0.21139 1.0749 -0.043716 0.21186 1.0719 -0.0071369 0.22195 1.073 -0.0076149 0.22168 1.0784 -9.5487e-05 0.22944 1.0775 0.00031877 0.22967 1.0731 -0.0068105 0.22086 1.0785 0.00060165 0.22873 1.0721 -0.0063326 0.22112 1.0776 0.0010159 0.22896 1.0828 0.0060724 0.23578 1.082 0.0064229 0.23598 1.0829 0.0066622 0.23518 1.0821 0.0070127 0.23537 1.0667 -0.0090833 0.095212 1.0704 -0.011422 0.096722 1.0577 -0.017397 0.11623 1.0549 -0.015611 0.11507 1.0719 -0.0075624 0.098872 1.0589 -0.014449 0.11787 1.0682 -0.0052232 0.097362 1.056 -0.012663 0.11671 1.045 -0.023428 0.13572 1.043 -0.022152 0.1349 1.0458 -0.021322 0.1369 1.0438 -0.020046 0.13607 1.0444 -0.021737 0.1359 1.3695 -0.022316 0.03575 1.3737 -0.027222 0.036058 1.3731 -0.024942 0.073717 1.3694 -0.020551 0.073287 1.3801 -0.026009 0.036129 1.3789 -0.023854 0.073788 1.3822 -0.019891 0.035892 1.3808 -0.018376 0.073429 1.378 -0.014985 0.035584 1.377 -0.013986 0.072998 1.3716 -0.016198 0.035513 1.3713 -0.015074 0.072927 1.3721 -0.02064 0.1113 1.3688 -0.016768 0.11076 1.3772 -0.019677 0.11138 1.3789 -0.014843 0.11092 1.3755 -0.010972 0.11038 1.3705 -0.011935 0.11029 1.3709 -0.016077 0.1486 1.3679 -0.012702 0.14821 1.3753 -0.015239 0.14869 1.3767 -0.011026 0.1484 1.3738 -0.0076507 0.14801 1.3694 -0.0084885 0.14791 1.3698 -0.013519 0.18583 1.3673 -0.010638 0.18571 1.3735 -0.012806 0.18593 1.3748 -0.0092127 0.18592 1.3723 -0.0063324 0.18581 1.3686 -0.0070453 0.1857 1.369 -0.013795 0.22323 1.367 -0.011425 0.22329 1.3721 -0.013208 0.22333 1.3731 -0.01025 0.22351 1.3711 -0.00788 0.22357 1.368 -0.0084677 0.22347 1.3683 -0.015589 0.26083 1.3667 -0.013729 0.26093 1.3707 -0.015127 0.26092 1.3715 -0.012805 0.26111 1.3699 -0.010944 0.2612 1.3675 -0.011406 0.26111 1.3759 -0.021103 0.035821 1.3691 -0.013267 0.26102 1.3736 -0.019185 0.078907 1.3748 -0.019861 0.077603 1.3804 -0.033768 0.091259 1.3793 -0.033182 0.092389 1.3762 -0.018718 0.078302 1.3815 -0.032777 0.091865 1.3749 -0.018042 0.079607 1.3805 -0.032191 0.092995 1.3849 -0.045124 0.10246 1.384 -0.044628 0.10341 1.3859 -0.044286 0.10297 1.385 -0.04379 0.10393 1.3719 -0.015985 0.11293 1.3744 -0.017101 0.11356 1.3785 0.0081283 0.1432 1.3763 0.0090948 0.14266 1.3756 -0.015311 0.11174 1.3796 0.0096797 0.14162 1.3731 -0.014195 0.11111 1.3774 0.010646 0.14108 1.3818 0.028805 0.16743 1.38 0.029623 0.16697 1.3827 0.030118 0.16609 1.3809 0.030936 0.16563 1.3707 -0.012472 0.14456 1.3731 -0.014262 0.14575 1.3525 -0.024362 0.17459 1.3504 -0.02281 0.17356 1.3742 -0.011729 0.14755 1.3534 -0.022166 0.17615 1.3717 -0.0099382 0.14637 1.3513 -0.020614 0.17512 1.3356 -0.032572 0.19819 1.3338 -0.031259 0.19732 1.3364 -0.030714 0.19952 1.3346 -0.029401 0.19865 1.3695 -0.010533 0.181 1.3713 -0.012267 0.1793 1.3912 -0.018655 0.20932 1.3897 -0.017152 0.21079 1.373 -0.0099385 0.17863 1.3927 -0.016637 0.20874 1.3712 -0.0082041 0.18033 1.3912 -0.015134 0.21021 1.4076 -0.023833 0.23389 1.4063 -0.022561 0.23513 1.4088 -0.022125 0.23339 1.4075 -0.020853 0.23464 1.3691 -0.010851 0.21294 1.3699 -0.011522 0.21468 1.3586 0.0080094 0.22894 1.3578 0.0085912 0.22744 1.3715 -0.01035 0.21431 1.3599 0.0090246 0.22863 1.3707 -0.0096792 0.21258 1.3592 0.0096065 0.22712 1.3492 0.024012 0.24058 1.3486 0.024504 0.23931 1.3504 0.024871 0.24032 1.3498 0.025363 0.23905 1.3686 -0.012554 0.24709 1.3698 -0.012889 0.24681 1.3681 -0.026346 0.25687 1.367 -0.026056 0.25711 1.3702 -0.01223 0.24786 1.3684 -0.025775 0.25778 1.369 -0.011895 0.24813 1.3674 -0.025485 0.25802 1.3666 -0.037345 0.26512 1.3657 -0.037099 0.26532 1.3669 -0.036861 0.26588 1.366 -0.036616 0.26608 1.6844 0.0038846 0.029863 1.684 0.0083799 0.030055 1.6831 0.0070243 0.054665 1.6835 0.0029973 0.054421 1.6799 0.010285 0.030057 1.6794 0.0087327 0.054674 1.6762 0.0076957 0.029867 1.6761 0.0064141 0.054438 1.6766 0.0032003 0.029675 1.6765 0.002387 0.054194 1.6807 0.0012947 0.029673 1.6801 0.00067866 0.054186 1.6819 0.0047215 0.079271 1.6822 0.00117 0.078918 1.6786 0.0062321 0.079296 1.6757 0.0041914 0.078967 1.676 0.00063992 0.078614 1.6793 -0.0008707 0.078589 1.6803 0.0013278 0.10372 1.6806 -0.0017537 0.10335 1.6774 0.0026406 0.10377 1.6749 0.00087202 0.10344 1.6752 -0.0022094 0.10307 1.678 -0.0035223 0.10302 1.6789 -0.0020484 0.12804 1.6792 -0.0046761 0.12779 1.6765 -0.00093329 0.1281 1.6744 -0.0024461 0.12791 1.6746 -0.0050738 0.12766 1.677 -0.0061889 0.1276 1.6785 -0.0039939 0.15238 1.6787 -0.0061674 0.15231 1.6765 -0.0030763 0.15245 1.6747 -0.0043322 0.15245 1.6749 -0.0065056 0.15237 1.6769 -0.0074233 0.15231 1.6791 -0.0040311 0.17695 1.6793 -0.0057405 0.17696 1.6776 -0.0033101 0.17701 1.6762 -0.0042984 0.17708 1.6763 -0.0060078 0.17708 1.6779 -0.0067289 0.17702 1.6803 0.0057901 0.029865 1.6777 -0.0050194 0.17702 1.6804 0.0040588 0.05828 1.6802 0.0051163 0.057564 1.6769 0.012802 0.069518 1.6771 0.011886 0.070138 1.6789 0.0047855 0.057443 1.6758 0.012515 0.069413 1.6791 0.003728 0.058159 1.676 0.011599 0.070033 1.6742 0.019074 0.079306 1.6743 0.018298 0.07983 1.6732 0.018831 0.079217 1.6734 0.018055 0.079742 1.6795 2.4199e-05 0.094887 1.6784 0.001657 0.09577 1.6667 -0.015645 0.11115 1.6677 -0.01706 0.11039 1.6768 0.0013416 0.094297 1.6653 -0.015918 0.10988 1.678 -0.00029111 0.093413 1.6663 -0.017334 0.10911 1.6571 -0.029825 0.12371 1.6579 -0.031022 0.12306 1.6559 -0.030056 0.12263 1.6568 -0.031254 0.12198 1.6778 -0.0042595 0.13065 1.677 -0.0025648 0.13089 1.6881 -3.0041e-05 0.14712 1.6887 -0.0014988 0.14691 1.6757 -0.0033355 0.13191 1.6869 -0.00069809 0.148 1.6765 -0.0050303 0.13167 1.6876 -0.0021667 0.14779 1.6971 0.0020139 0.1604 1.6977 0.00077116 0.16022 1.6961 0.0014486 0.16115 1.6967 0.00020587 0.16097 1.6777 -0.0052979 0.1686 1.6776 -0.0045356 0.16818 1.6701 -0.0016711 0.17518 1.6702 -0.0023319 0.17554 1.677 -0.0049068 0.16769 1.6695 -0.0019928 0.17475 1.6771 -0.0056692 0.16811 1.6696 -0.0026536 0.17511 1.6639 0.00065887 0.1809 1.664 9.9778e-05 0.1812 1.6635 0.0003866 0.18053 1.6635 -0.0001725 0.18084 1.9837 0.0065937 0.023027 1.9886 0.0092803 0.023413 1.9875 0.0066974 0.052899 1.9831 0.0042789 0.052658 1.9887 0.014867 0.023946 1.9876 0.011708 0.053367 1.9839 0.017768 0.024092 1.9833 0.0143 0.053593 1.979 0.015081 0.023705 1.9789 0.011882 0.053352 1.9789 0.0094941 0.023172 1.9788 0.0068711 0.052884 1.9879 0.004196 0.082574 1.984 0.0020508 0.082444 1.988 0.0086316 0.082963 1.9842 0.010922 0.083222 1.9803 0.0087767 0.083091 1.9802 0.004341 0.082703 1.9881 0.0019257 0.11246 1.9847 7.2479e-05 0.11222 1.9882 0.0057862 0.11276 1.9848 0.0077935 0.11284 1.9814 0.0059404 0.11261 1.9814 0.0020798 0.1123 1.9859 3.5405e-05 0.14222 1.983 -0.0015242 0.14182 1.9859 0.0033202 0.14245 1.9831 0.0050453 0.14227 1.9803 0.0034857 0.14187 1.9802 0.00020087 0.14164 1.9808 -0.0014207 0.17165 1.9785 -0.0026987 0.17118 1.9809 0.0012871 0.17181 1.9786 0.002717 0.1715 1.9762 0.0014391 0.17103 1.9762 -0.0012687 0.17087 1.9744 -0.0025123 0.20082 1.9725 -0.0035163 0.20041 1.9744 -0.0003829 0.20093 1.9726 0.00074267 0.20065 1.9708 -0.00026119 0.20024 1.9707 -0.0023906 0.20013 1.9838 0.012181 0.023559 1.9726 -0.0013868 0.20053 1.9833 0.0077862 0.057535 1.9842 0.0090331 0.057986 1.9722 0.012875 0.070611 1.9714 0.011794 0.07022 1.9834 0.010008 0.057034 1.9715 0.01372 0.069786 1.9825 0.0087612 0.056583 1.9707 0.01264 0.069395 1.9624 0.016015 0.080924 1.9618 0.015101 0.080593 1.9618 0.01673 0.080226 1.9612 0.015816 0.079895 1.9843 0.0055823 0.082586 1.9858 0.0068541 0.083905 1.9939 -0.01791 0.096878 1.9925 -0.019012 0.095734 1.9841 0.0071861 0.085456 1.9923 -0.017622 0.098222 1.9825 0.0059143 0.084136 1.991 -0.018725 0.097078 2.0004 -0.038183 0.10749 1.9993 -0.039116 0.10653 1.9991 -0.03794 0.10863 1.998 -0.038872 0.10766 1.9846 0.0024523 0.1118 1.9867 0.0038691 0.11069 1.9894 0.021777 0.13611 1.9876 0.020549 0.13706 1.9849 0.0057203 0.1097 1.9878 0.023381 0.13524 1.9828 0.0043035 0.1108 1.986 0.022153 0.1362 1.9916 0.036434 0.1569 1.99 0.035395 0.15771 1.9902 0.037792 0.15617 1.9887 0.036753 0.15698 1.9834 0.00074327 0.13619 1.9847 0.0013504 0.13822 1.9613 -0.016087 0.15589 1.9602 -0.016613 0.15413 1.9833 0.0034729 0.13846 1.9601 -0.014248 0.15609 1.982 0.0028659 0.13642 1.959 -0.014774 0.15433 1.9422 -0.030336 0.17032 1.9413 -0.030781 0.16883 1.9412 -0.02878 0.17049 1.9402 -0.029225 0.169 1.9797 -0.00065517 0.16326 1.9804 0.0008595 0.16287 1.9965 -0.0037351 0.17339 1.9959 -0.0050477 0.17373 1.9797 0.0015842 0.16419 1.9959 -0.003107 0.17453 1.979 6.9618e-05 0.16458 1.9953 -0.0044196 0.17487 2.0097 -0.0075037 0.18202 2.0092 -0.0086144 0.1823 2.0092 -0.0069723 0.18299 2.0087 -0.008083 0.18327 1.9747 -0.0015054 0.19045 1.9754 -0.00069273 0.19035 1.9696 0.0054762 0.19761 1.969 0.0047719 0.1977 1.9748 -0.00026321 0.18959 1.9691 0.0058484 0.19695 1.9741 -0.0010759 0.18969 1.9685 0.0051441 0.19704 1.9649 0.010519 0.20354 1.9644 0.009923 0.20361 1.9644 0.010834 0.20298 1.9639 0.010238 0.20306 1.9841 0.0046321 0.075542 1.987 0.0071735 0.077412 1.9875 -0.0074631 0.093917 1.9852 -0.0094038 0.092489 1.9839 0.0093578 0.079343 1.9851 -0.0057951 0.095392 1.9809 0.0068164 0.077473 1.9828 -0.0077358 0.093964 1.988 -0.022097 0.11042 1.9864 -0.023483 0.1094 1.9863 -0.020905 0.11148 1.9847 -0.022291 0.11046 1.9864 -0.022194 0.11044 2.2627 -0.01715 0.01979 2.2607 -0.023101 0.019307 2.2623 -0.025975 0.055996 2.2641 -0.02063 0.056316 2.2648 -0.027794 0.01873 2.2661 -0.030187 0.05555 2.271 -0.026537 0.018636 2.2716 -0.029055 0.055424 2.273 -0.020586 0.01912 2.2734 -0.02371 0.055744 2.2688 -0.015893 0.019697 2.2696 -0.019498 0.05619 2.2642 -0.027458 0.092506 2.2658 -0.022722 0.092671 2.2675 -0.031192 0.092293 2.2724 -0.03019 0.092245 2.274 -0.025455 0.09241 2.2707 -0.021721 0.092622 2.2646 -0.028171 0.12874 2.2659 -0.02405 0.12887 2.2674 -0.03142 0.12879 2.2717 -0.030548 0.12897 2.2731 -0.026427 0.1291 2.2702 -0.023178 0.12905 2.2626 -0.028105 0.16489 2.2638 -0.024599 0.16493 2.2651 -0.030859 0.16518 2.2687 -0.030106 0.1655 2.2698 -0.026599 0.16554 2.2674 -0.023845 0.16525 2.2593 -0.026201 0.20107 2.2602 -0.023321 0.2009 2.2613 -0.028453 0.2015 2.2642 -0.027826 0.20177 2.2652 -0.024945 0.2016 2.2632 -0.022693 0.20117 2.2562 -0.021191 0.23711 2.257 -0.018938 0.23687 2.2578 -0.022953 0.23753 2.2601 -0.022463 0.2377 2.2609 -0.020211 0.23747 2.2593 -0.018448 0.23705 2.2668 -0.021843 0.019213 2.2586 -0.020701 0.23729 2.2673 -0.024269 0.061739 2.267 -0.025447 0.060346 2.2639 -0.042271 0.076675 2.2642 -0.04125 0.077882 2.2687 -0.025868 0.060246 2.2654 -0.042636 0.076588 2.2691 -0.024689 0.061639 2.2657 -0.041615 0.077795 2.2614 -0.056028 0.09005 2.2616 -0.055163 0.091072 2.2627 -0.056336 0.089977 2.2629 -0.055472 0.090998 2.2678 -0.02495 0.08801 2.2677 -0.027107 0.089469 2.2763 -0.012163 0.11352 2.2764 -0.010293 0.11226 2.2702 -0.027608 0.088856 2.2785 -0.012597 0.11299 2.2703 -0.025451 0.087397 2.2786 -0.010728 0.11173 2.2834 8.3566e-05 0.13317 2.2835 0.0016657 0.1321 2.2852 -0.00028384 0.13272 2.2853 0.0012983 0.13165 2.2682 -0.026144 0.11388 2.2683 -0.028968 0.11512 2.2352 -0.023142 0.13212 2.2351 -0.020694 0.13105 2.2697 -0.027847 0.11771 2.2364 -0.02217 0.13437 2.2696 -0.025023 0.11647 2.2363 -0.019722 0.13329 2.2081 -0.018326 0.14605 2.208 -0.016255 0.14514 2.2091 -0.017504 0.14795 2.209 -0.015433 0.14704 2.2667 -0.026031 0.14449 2.2662 -0.028785 0.14309 2.2812 -0.044689 0.17176 2.2816 -0.042303 0.17297 2.2689 -0.028609 0.14166 2.2836 -0.044536 0.17052 2.2694 -0.025855 0.14306 2.284 -0.04215 0.17173 2.2935 -0.057666 0.19522 2.2939 -0.055647 0.19624 2.2955 -0.057537 0.19416 2.2959 -0.055518 0.19519 2.265 -0.026317 0.1687 2.264 -0.027581 0.17083 2.2616 -0.0025543 0.18547 2.2625 -0.001459 0.18362 2.2664 -0.027889 0.17185 2.2637 -0.0028212 0.18635 2.2674 -0.026625 0.16971 2.2646 -0.0017259 0.1845 2.2597 0.017934 0.19744 2.2604 0.018861 0.19587 2.2615 0.017708 0.19818 2.2622 0.018635 0.19662 2.2619 -0.024902 0.19779 2.2618 -0.026134 0.19652 2.255 -0.038083 0.2096 2.255 -0.037015 0.2107 2.2634 -0.026636 0.19694 2.2564 -0.038518 0.20997 2.2635 -0.025404 0.19821 2.2564 -0.037451 0.21107 2.2493 -0.04785 0.22033 2.2494 -0.046947 0.22126 2.2505 -0.048219 0.22064 2.2506 -0.047315 0.22157 2.2593 -0.021833 0.22461 2.2594 -0.023047 0.22478 2.2676 -0.020727 0.23745 2.2675 -0.019674 0.2373 2.2604 -0.023077 0.22408 2.2685 -0.020753 0.23684 2.2604 -0.021863 0.22391 2.2684 -0.0197 0.23669 2.2743 -0.018814 0.2478 2.2742 -0.017923 0.24768 2.2751 -0.018836 0.24729 2.275 -0.017946 0.24716 2.2669 -0.024976 0.12183 2.2668 -0.02979 0.12273 2.2459 -0.023065 0.15455 2.246 -0.019389 0.15386 2.2708 -0.029381 0.12557 2.249 -0.022753 0.15672 2.2709 -0.024567 0.12467 2.2491 -0.019077 0.15603 2.2251 -0.016389 0.18635 2.2251 -0.013762 0.18586 2.2273 -0.016166 0.1879 2.2273 -0.01354 0.18741 2.2262 -0.014964 0.18688</float_array><technique_common><accessor source="#ROW_10_SEG4_solid-pos-a" count="1721" stride="3"><param name="X" type="float"/><param name="Y" type="float"/><param name="Z" type="float"/></accessor></technique_common></source>
        <source id="ROW_10_SEG4_solid-nrm"><float_array id="ROW_10_SEG4_solid-nrm-a" count="4938">-0.373 0.671 0.641 -0.759 -0.012 0.651 -0.997 -0.013 0.082 -0.513 0.857 0.045 -0.361 -0.687 0.63 -0.493 -0.868 0.057 0.422 -0.68 0.599 0.5 -0.866 -0.007 0.808 0.002 0.59 0.999 0.004 -0.045 0.411 0.677 0.61 0.488 0.872 -0.019 -0.994 -0.009 0.109 -0.507 0.861 0.041 -0.487 -0.869 0.087 0.507 -0.862 -0.004 0.997 0.007 -0.072 0.49 0.87 -0.05 -0.996 -0.004 0.086 -0.498 0.866 0.035 -0.485 -0.872 0.069 0.516 -0.857 0.001 0.999 0.012 -0.05 0.496 0.868 -0.033 -1 -0.003 0.025 -0.496 0.868 0.029 -0.486 -0.874 0.015 0.518 -0.855 0.008 1 0.014 0.012 0.499 0.866 0.022 -1 -0.005 -0.03 -0.502 0.864 0.024 -0.489 -0.872 -0.035 0.512 -0.859 0.014 0.998 0.009 0.067 0.494 0.866 0.072 -0.759 0.02 -0.651 -0.366 0.716 -0.595 -0.353 -0.671 -0.652 0.447 -0.666 -0.597 0.84 0.031 -0.541 0.434 0.721 -0.54 0.04 -0.008 0.999 0.068 0.042 -0.997 -0.493 0.83 0.261 -0.668 -0.169 -0.724 -0.669 -0.17 -0.724 -0.494 0.829 0.261 0.483 -0.839 -0.25 0.483 -0.84 -0.249 0.658 0.16 0.736 0.658 0.159 0.736 -0.669 -0.17 -0.723 -0.495 0.829 0.262 0.482 -0.84 -0.248 0.657 0.159 0.737 -0.473 0.817 0.331 -0.58 -0.571 0.581 -0.579 -0.571 0.582 -0.472 0.817 0.331 0.482 -0.816 -0.32 0.589 0.572 -0.571 0.589 0.572 -0.57 -0.472 0.817 0.332 0.483 -0.816 -0.319 0.59 0.572 -0.57 -0.416 0.692 -0.59 -0.79 -0.596 -0.144 -0.79 -0.596 -0.143 -0.416 0.693 -0.589 0.408 -0.686 0.603 0.407 -0.685 0.604 0.782 0.603 0.157 0.781 0.604 0.158 -0.791 -0.596 -0.142 -0.416 0.693 -0.588 0.407 -0.685 0.605 -0.411 0.703 0.58 -0.912 -0.335 -0.239 -0.912 -0.335 -0.238 -0.411 0.703 0.581 0.411 -0.713 -0.568 0.411 -0.714 -0.567 0.912 0.325 0.251 0.912 0.324 0.252 -0.912 -0.336 -0.237 -0.411 0.702 0.582 -0.457 0.779 -0.43 -0.694 -0.009 0.72 -0.456 0.78 -0.429 0.464 -0.77 0.437 0.465 -0.77 0.438 0.702 0.018 -0.712 0.703 0.019 -0.711 -0.694 -0.008 0.72 0.465 -0.769 0.438 -0.478 0.795 -0.374 -0.383 -0.573 -0.725 -0.384 -0.573 -0.724 -0.479 0.794 -0.374 0.467 -0.797 0.383 0.466 -0.798 0.383 0.372 0.57 0.733 0.371 0.57 0.733 -0.385 -0.573 -0.724 0.465 -0.798 0.383 0.371 0.57 0.734 -0.484 -0.604 0.634 0.3 -0.701 0.647 0.392 -0.916 0.084 -0.597 -0.801 0.043 0.776 -0.072 0.626 0.99 -0.125 0.06 0.469 0.655 0.593 0.61 0.792 -0.006 -0.314 0.752 0.58 -0.384 0.922 -0.048 -0.79 0.123 0.6 -0.993 0.119 -0.023 0.387 -0.916 0.11 -0.603 -0.797 0.039 0.989 -0.119 0.089 0.603 0.797 -0.003 -0.387 0.919 -0.074 -0.991 0.122 -0.053 0.384 -0.919 0.088 -0.611 -0.791 0.033 0.991 -0.115 0.072 0.595 0.803 0.002 -0.392 0.919 -0.052 -0.991 0.128 -0.036 0.384 -0.923 0.029 -0.613 -0.789 0.028 0.993 -0.116 0.018 0.593 0.805 0.008 -0.394 0.919 0.008 -0.991 0.131 0.018 0.386 -0.922 -0.026 -0.608 -0.794 0.022 0.992 -0.119 -0.03 0.599 0.801 0.015 -0.389 0.919 0.062 -0.99 0.127 0.066 0.276 -0.716 -0.641 -0.524 -0.616 -0.588 0.763 -0.072 -0.642 0.45 0.671 -0.59 -0.348 0.768 -0.537 -0.835 0.126 -0.536 -0.012 0.042 0.999 -0.062 0.046 -0.997 -0.581 -0.773 0.256 0.418 -0.56 -0.715 0.419 -0.56 -0.715 -0.58 -0.773 0.256 0.593 0.767 -0.245 0.594 0.767 -0.244 -0.406 0.554 0.727 -0.405 0.554 0.727 0.419 -0.561 -0.714 -0.579 -0.774 0.257 0.594 0.767 -0.243 -0.404 0.554 0.728 -0.577 -0.749 0.325 0.751 -0.319 0.578 -0.578 -0.749 0.325 0.573 0.757 -0.314 0.572 0.758 -0.314 -0.756 0.327 -0.567 0.751 -0.318 0.579 -0.578 -0.748 0.326 0.572 0.758 -0.313 -0.756 0.328 -0.566 -0.483 -0.654 -0.583 0.853 -0.503 -0.136 0.853 -0.504 -0.136 -0.483 -0.654 -0.582 0.479 0.644 0.597 0.479 0.643 0.597 -0.857 0.493 0.15 0.853 -0.504 -0.135 -0.483 -0.655 -0.582 0.479 0.643 0.598 -0.857 0.492 0.151 -0.499 -0.651 0.573 0.659 -0.716 -0.231 0.659 -0.716 -0.23 -0.498 -0.651 0.573 0.507 0.655 -0.56 0.508 0.655 -0.56 -0.65 0.72 0.243 -0.649 0.721 0.243 0.66 -0.716 -0.229 -0.498 -0.65 0.574 0.508 0.655 -0.559 -0.649 0.721 0.244 -0.546 -0.722 -0.424 0.273 -0.643 0.715 0.272 -0.643 0.716 -0.547 -0.722 -0.423 0.535 0.726 0.431 0.535 0.727 0.432 -0.284 0.647 -0.707 -0.285 0.647 -0.707 -0.548 -0.722 -0.423 0.534 0.727 0.432 -0.286 0.647 -0.707 -0.552 -0.748 -0.369 0.685 -0.138 -0.715 0.686 -0.139 -0.715 0.559 0.738 0.377 0.56 0.738 0.378 -0.678 0.129 0.723 -0.678 0.128 0.724 0.686 -0.139 -0.714 -0.551 -0.749 -0.368 0.56 0.737 0.378 -0.677 0.128 0.724 0.449 0.675 0.585 -0.329 0.771 0.545 -0.383 0.919 -0.09 0.609 0.793 -0.018 -0.804 0.146 0.576 -0.992 0.118 -0.053 -0.5 -0.576 0.647 -0.599 -0.799 0.056 0.279 -0.672 0.686 0.389 -0.912 0.127 0.754 -0.046 0.655 0.989 -0.121 0.09 -0.386 0.917 -0.104 0.601 0.799 -0.013 -0.99 0.122 -0.073 -0.607 -0.793 0.049 0.383 -0.913 0.141 0.987 -0.115 0.109 -0.392 0.918 -0.064 0.594 0.805 -0.005 -0.991 0.13 -0.042 -0.614 -0.788 0.04 0.381 -0.919 0.101 0.991 -0.113 0.078 -0.393 0.919 0.013 0.592 0.806 0.006 -0.991 0.133 0.024 -0.615 -0.788 0.03 0.383 -0.924 0.024 0.993 -0.115 0.012 -0.388 0.919 0.077 0.599 0.8 0.017 -0.989 0.128 0.078 -0.609 -0.793 0.02 0.385 -0.922 -0.04 0.992 -0.119 -0.041 -0.352 0.773 -0.528 0.443 0.675 -0.59 -0.837 0.133 -0.531 -0.528 -0.605 -0.596 0.267 -0.704 -0.658 0.753 -0.063 -0.655 -0.041 0.081 0.996 -0.072 0.059 -0.996 0.578 0.762 0.294 -0.753 0.354 0.555 -0.753 0.353 0.555 0.578 0.761 0.295 -0.572 -0.77 -0.281 -0.572 -0.771 -0.28 0.758 -0.363 -0.542 0.759 -0.363 -0.541 -0.753 0.353 0.556 0.759 -0.364 -0.54 0.325 0.411 -0.852 -0.922 0.339 -0.185 -0.922 0.34 -0.185 0.325 0.412 -0.851 -0.321 -0.398 0.859 -0.321 -0.397 0.86 0.926 -0.326 0.192 0.926 -0.325 0.193 -0.922 0.341 -0.184 0.325 0.413 -0.851 -0.321 -0.396 0.86 0.47 0.637 0.611 -0.738 0.663 -0.123 -0.739 0.663 -0.122 0.469 0.637 0.612 -0.478 -0.644 -0.598 -0.478 -0.644 -0.597 0.73 -0.67 0.135 0.73 -0.67 0.136 -0.739 0.663 -0.121 -0.479 -0.644 -0.597 0.729 -0.67 0.137 0.49 0.624 -0.609 -0.41 0.784 0.466 0.491 0.624 -0.608 -0.479 -0.624 0.617 -0.479 -0.624 0.618 0.421 -0.783 -0.457 0.422 -0.783 -0.457 -0.409 0.784 0.467 -0.478 -0.624 0.618 0.422 -0.783 -0.456 0.566 0.75 -0.341 -0.588 0.072 -0.806 0.566 0.751 -0.34 -0.576 -0.74 0.348 -0.576 -0.739 0.349 0.578 -0.061 0.814 0.578 -0.06 0.814 -0.589 0.073 -0.805 0.565 0.752 -0.34 -0.577 -0.738 0.349 0.577 -0.06 0.815 0.459 0.615 0.641 -0.89 0.303 0.342 -0.89 0.302 0.342 -0.459 -0.628 -0.628 -0.459 -0.629 -0.627 0.89 -0.316 -0.329 0.89 -0.316 -0.328 -0.89 0.301 0.343 0.459 0.614 0.642 -0.459 -0.63 -0.627 0.89 -0.317 -0.328 0.498 0.65 -0.574 -0.829 0.551 -0.095 -0.829 0.551 -0.096 0.498 0.649 -0.575 -0.483 -0.614 0.625 -0.483 -0.615 0.624 0.845 -0.515 0.146 0.844 -0.516 0.145 -0.834 0.131 -0.536 0.272 0.212 -0.939 -0.543 -0.837 0.063 0.56 -0.758 -0.335 -0.247 -0.567 -0.786 0.796 0.133 0.591 0.292 0.716 0.634 0.33 0.944 -0.008 0.982 0.183 -0.039 -0.463 0.568 0.68 -0.656 0.753 0.051 -0.713 -0.16 0.683 -0.977 -0.198 0.078 -0.21 -0.739 0.64 -0.32 -0.946 0.047 0.542 -0.594 0.594 0.653 -0.757 -0.012 0.326 0.945 -0.023 0.981 0.191 -0.033 -0.653 0.757 0.03 -0.98 -0.188 0.072 -0.323 -0.944 0.061 0.657 -0.754 0.009 0.324 0.946 0.02 0.979 0.2 -0.023 -0.647 0.76 0.063 -0.982 -0.178 0.063 -0.331 -0.944 0.019 0.66 -0.751 -0.024 0.327 0.94 0.101 0.98 0.2 -0.011 -0.642 0.755 0.132 -0.983 -0.176 0.053 -0.336 -0.94 -0.061 0.658 -0.748 -0.093 0.334 0.928 0.167 0.982 0.191 -0.001 -0.642 0.743 0.188 -0.982 -0.183 0.042 -0.336 -0.933 -0.128 0.652 -0.744 -0.149 0.233 0.851 -0.471 0.742 0.264 -0.616 -0.544 0.703 -0.458 -0.806 -0.029 -0.591 -0.296 -0.61 -0.735 0.475 -0.464 -0.748 0.064 -0.022 0.998 -0.053 0.19 -0.98 0.947 0.145 0.288 -0.29 0.689 0.664 -0.29 0.689 0.665 0.946 0.144 0.289 -0.948 -0.157 -0.276 -0.949 -0.157 -0.275 0.289 -0.701 -0.652 0.289 -0.702 -0.651 -0.29 0.688 0.665 -0.949 -0.158 -0.274 0.461 0.175 -0.87 -0.461 0.883 -0.083 -0.461 0.884 -0.083 0.462 0.175 -0.87 -0.45 -0.168 0.877 -0.449 -0.168 0.878 0.473 -0.876 0.091 0.473 -0.876 0.092 -0.46 0.884 -0.082 0.463 0.175 -0.869 -0.449 -0.167 0.878 0.474 -0.876 0.092 0.785 0.089 0.613 -0.105 0.994 -0.02 -0.106 0.994 -0.019 0.784 0.089 0.614 -0.795 -0.09 -0.6 -0.796 -0.09 -0.599 0.096 -0.995 0.034 0.095 -0.995 0.034 -0.106 0.994 -0.018 0.784 0.089 0.615 -0.796 -0.09 -0.598 0.095 -0.995 0.035 0.741 0.198 -0.642 0.24 0.791 0.563 0.241 0.79 0.564 -0.732 -0.206 0.65 -0.731 -0.206 0.65 -0.232 -0.799 -0.555 -0.231 -0.799 -0.555 0.742 0.197 -0.641 -0.731 -0.206 0.651 -0.231 -0.8 -0.554 0.903 0.214 -0.373 -0.406 0.514 -0.755 -0.406 0.515 -0.755 -0.902 -0.2 0.382 -0.902 -0.199 0.383 0.407 -0.501 0.764 0.407 -0.5 0.764 -0.406 0.516 -0.754 0.903 0.215 -0.372 0.407 -0.5 0.765 0.763 0.077 0.642 -0.437 0.773 0.46 -0.437 0.772 0.461 0.762 0.076 0.643 -0.771 -0.088 -0.631 -0.772 -0.088 -0.63 0.429 -0.784 -0.448 0.429 -0.785 -0.447 -0.438 0.772 0.462 0.762 0.075 0.643 -0.772 -0.089 -0.629 0.428 -0.785 -0.447 0.767 0.208 -0.608 -0.246 0.969 0.012 -0.247 0.969 0.011 0.766 0.208 -0.609 -0.727 -0.197 0.658 -0.728 -0.197 0.657 0.284 -0.958 0.041 0.284 -0.958 0.04 -0.544 0.7 -0.464 0.29 0.075 -0.954 -0.961 -0.264 0.077 -0.109 -0.89 -0.444 -0.577 -0.162 -0.801 -0.405 0.683 0.607 -0.795 -0.009 0.606 -0.999 -0.015 0.038 -0.516 0.856 0.016 -0.391 -0.692 0.607 -0.494 -0.869 0.04 0.403 -0.683 0.609 0.501 -0.865 0.021 0.792 0.008 0.61 1 0.006 -0.002 0.389 0.691 0.609 0.487 0.873 -0.004 -0.998 -0.01 0.064 -0.509 0.86 0.012 -0.489 -0.869 0.07 0.508 -0.861 0.024 1 0.009 -0.028 0.491 0.871 -0.034 -0.999 -0.006 0.042 -0.501 0.866 0.007 -0.486 -0.873 0.053 0.517 -0.856 0.028 1 0.014 -0.007 0.496 0.868 -0.017 -1 -0.005 -0.017 -0.498 0.867 0.002 -0.485 -0.875 0 0.519 -0.854 0.035 0.998 0.016 0.053 0.496 0.868 0.036 -0.997 -0.008 -0.07 -0.504 0.864 -0.004 -0.485 -0.873 -0.048 0.513 -0.858 0.041 0.994 0.012 0.106 0.489 0.868 0.084 -0.743 0.014 -0.67 -0.347 0.72 -0.602 -0.329 -0.686 -0.649 0.478 -0.677 -0.56 0.87 0.029 -0.493 0.459 0.725 -0.514 -0.001 -0.001 1 0.112 0.036 -0.993 -0.506 0.832 0.226 -0.649 -0.179 -0.739 -0.65 -0.179 -0.739 -0.507 0.832 0.227 0.496 -0.841 -0.216 0.495 -0.842 -0.215 0.639 0.169 0.75 0.638 0.169 0.751 -0.65 -0.18 -0.738 -0.507 0.831 0.227 0.494 -0.842 -0.214 0.638 0.168 0.751 -0.489 0.821 0.295 -0.609 -0.575 0.547 -0.608 -0.574 0.548 -0.488 0.821 0.296 0.497 -0.82 -0.285 0.498 -0.819 -0.284 0.617 0.576 -0.537 0.617 0.576 -0.536 -0.608 -0.574 0.549 0.498 -0.819 -0.283 0.618 0.576 -0.536 -0.397 0.696 -0.599 -0.783 -0.6 -0.167 -0.783 -0.599 -0.167 -0.398 0.696 -0.598 0.389 -0.689 0.612 0.388 -0.689 0.612 0.774 0.607 0.18 0.774 0.607 0.181 -0.784 -0.599 -0.166 -0.398 0.696 -0.597 0.388 -0.688 0.613 0.773 0.607 0.181 -0.44 0.714 0.544 -0.902 -0.339 -0.267 -0.902 -0.339 -0.266 -0.44 0.714 0.545 0.44 -0.724 -0.532 0.44 -0.724 -0.531 0.902 0.329 0.279 -0.902 -0.34 -0.265 -0.44 0.713 0.546 0.44 -0.725 -0.531 0.902 0.328 0.28 -0.443 0.78 -0.442 -0.736 -0.006 0.677 -0.735 -0.005 0.678 -0.442 0.781 -0.442 0.45 -0.771 0.45 0.451 -0.771 0.45 0.743 0.015 -0.669 -0.442 0.781 -0.441 0.451 -0.77 0.451 0.744 0.016 -0.668 -0.466 0.795 -0.389 -0.359 -0.589 -0.724 -0.467 0.795 -0.388 0.454 -0.798 0.396 0.454 -0.798 0.397 0.347 0.586 0.732 0.346 0.586 0.732 -0.36 -0.589 -0.723 -0.467 0.794 -0.388 0.453 -0.798 0.397 0.345 0.586 0.733 0.727 -0.121 0.676 0.435 0.59 0.68 0.604 0.791 0.101 0.989 -0.127 0.069 -0.326 0.694 0.642 -0.378 0.924 0.052 -0.796 0.087 0.599 -0.989 0.143 -0.029 -0.504 -0.626 0.595 -0.614 -0.787 -0.062 0.258 -0.73 0.633 0.384 -0.923 -0.012 0.605 0.786 0.129 0.989 -0.135 0.065 -0.383 0.92 0.083 -0.991 0.135 -0.026 -0.609 -0.788 -0.09 0.381 -0.923 -0.045 0.611 0.785 0.105 0.988 -0.145 0.059 -0.387 0.92 0.065 -0.992 0.125 -0.021 -0.607 -0.792 -0.067 0.375 -0.926 -0.027 0.615 0.787 0.042 0.988 -0.147 0.053 -0.386 0.922 0.008 -0.992 0.122 -0.014 -0.608 -0.794 -0.003 0.371 -0.928 0.031 0.615 0.789 -0.016 0.989 -0.14 0.047 -0.381 0.923 -0.044 -0.992 0.129 -0.008 -0.611 -0.789 0.055 0.373 -0.924 0.082 0.491 0.573 -0.656 0.79 -0.152 -0.595 -0.287 0.68 -0.675 -0.772 0.061 -0.633 -0.476 -0.669 -0.571 0.307 -0.775 -0.552 -0.053 -0.027 0.998 0.015 -0.074 -0.997 0.948 -0.126 0.294 0.291 0.615 -0.733 0.291 0.616 -0.732 0.947 -0.125 0.295 -0.949 0.139 -0.282 -0.949 0.14 -0.282 -0.292 -0.602 0.743 -0.292 -0.601 0.744 0.291 0.617 -0.731 0.947 -0.124 0.295 -0.949 0.141 -0.281 -0.292 -0.6 0.745 0.921 -0.134 0.366 -0.103 0.795 0.598 -0.103 0.794 0.599 0.921 -0.135 0.366 -0.926 0.126 -0.355 -0.927 0.126 -0.355 0.098 -0.803 -0.588 0.098 -0.803 -0.587 0.92 -0.135 0.367 -0.927 0.126 -0.354 0.098 -0.804 -0.587 0.802 -0.099 -0.589 0.024 0.989 -0.148 0.802 -0.099 -0.588 -0.792 0.101 0.603 -0.791 0.101 0.604 -0.014 -0.987 0.163 -0.013 -0.986 0.163 0.025 0.989 -0.147 0.803 -0.099 -0.588 -0.79 0.101 0.604 -0.013 -0.986 0.164 0.78 -0.112 0.616 0.306 0.921 -0.241 0.779 -0.112 0.617 -0.788 0.118 -0.604 -0.789 0.118 -0.604 -0.314 -0.915 0.254 -0.314 -0.915 0.255 0.305 0.922 -0.24 0.779 -0.111 0.618 -0.789 0.118 -0.603 -0.315 -0.914 0.255 0.897 -0.121 -0.426 0.395 0.537 0.746 0.395 0.536 0.746 0.897 -0.122 -0.425 -0.894 0.11 0.434 -0.894 0.109 0.434 -0.393 -0.548 -0.738 -0.393 -0.549 -0.738 0.395 0.535 0.747 0.897 -0.123 -0.425 -0.894 0.108 0.434 -0.393 -0.55 -0.737 0.923 -0.114 -0.369 -0.19 0.641 -0.744 -0.19 0.641 -0.743 0.923 -0.114 -0.368 -0.918 0.125 0.377 -0.917 0.126 0.378 0.194 -0.63 0.752 0.195 -0.629 0.752 -0.189 0.642 -0.743 0.923 -0.113 -0.368 0.195 -0.629 0.753 0.351 0.586 0.73 -0.435 0.534 0.725 -0.554 0.819 0.145 0.448 0.878 0.17 -0.782 -0.163 0.602 -0.997 -0.072 -0.009 -0.343 -0.806 0.483 -0.434 -0.891 -0.135 0.442 -0.753 0.487 0.559 -0.822 -0.108 0.79 -0.057 0.611 0.998 0.056 0.043 -0.554 0.827 0.094 0.448 0.88 0.16 -0.997 -0.067 -0.049 -0.434 -0.892 -0.123 0.556 -0.829 -0.057 0.995 0.049 0.083 -0.557 0.829 0.06 0.441 0.886 0.143 -0.996 -0.061 -0.065 -0.442 -0.891 -0.107 0.55 -0.835 -0.024 0.994 0.052 0.101 -0.561 0.825 0.071 0.433 0.893 0.124 -0.998 -0.061 -0.034 -0.451 -0.888 -0.087 0.548 -0.836 -0.035 0.996 0.06 0.071 -0.562 0.819 0.114 0.432 0.896 0.105 -0.997 -0.066 0.029 -0.452 -0.89 -0.067 0.549 -0.832 -0.078 0.998 0.068 0.008 -0.478 0.728 -0.491 0.324 0.785 -0.527 -0.834 0.009 -0.552 -0.388 -0.654 -0.65 0.415 -0.598 -0.686 0.771 0.122 -0.625 0.007 -0.179 0.984 -0.054 0.11 -0.992 0.428 0.896 -0.117 -0.612 0.186 -0.769 -0.613 0.186 -0.768 0.427 0.897 -0.117 -0.438 -0.89 0.127 0.602 -0.18 0.778 0.601 -0.179 0.779 -0.613 0.187 -0.768 0.427 0.897 -0.116 -0.439 -0.889 0.128 0.353 0.651 0.672 -0.928 0.137 0.347 -0.928 0.136 0.347 0.353 0.65 0.673 -0.351 -0.663 -0.662 -0.351 -0.663 -0.661 0.93 -0.148 -0.337 0.93 -0.149 -0.336 -0.928 0.135 0.348 -0.351 -0.664 -0.661 0.93 -0.15 -0.335 0.272 0.62 -0.736 -0.859 0.502 0.103 -0.859 0.502 0.104 0.273 0.621 -0.735 -0.265 -0.61 0.747 -0.265 -0.609 0.748 0.866 -0.491 -0.092 0.867 -0.49 -0.091 -0.858 0.503 0.104 0.273 0.621 -0.734 -0.264 -0.609 0.748 0.352 0.663 0.661 -0.762 0.614 -0.204 -0.763 0.614 -0.203 0.351 0.663 0.661 -0.361 -0.67 -0.648 -0.362 -0.671 -0.648 0.753 -0.621 0.216 0.753 -0.622 0.216 -0.763 0.613 -0.203 0.351 0.662 0.662 -0.362 -0.671 -0.647 0.752 -0.622 0.217 0.447 0.883 0.143 -0.554 0.146 0.82 -0.553 0.146 0.82 0.448 0.882 0.144 -0.435 -0.89 -0.134 -0.435 -0.891 -0.134 0.566 -0.154 -0.81 -0.552 0.145 0.821 0.448 0.882 0.145 -0.434 -0.891 -0.133 0.567 -0.154 -0.809 0.753 0.235 0.615 0.141 0.704 0.696 0.138 0.987 0.085 0.928 0.373 0 -0.576 0.409 0.708 -0.792 0.602 0.103 -0.682 -0.357 0.638 -0.92 -0.39 0.036 -0.069 -0.828 0.557 -0.13 -0.99 -0.047 0.649 -0.531 0.545 0.788 -0.613 -0.065 0.135 0.99 0.031 0.928 0.374 -0.011 -0.795 0.603 0.061 -0.919 -0.391 0.048 -0.128 -0.992 0.006 0.789 -0.614 -0.023 0.128 0.992 -0.004 0.924 0.382 -0.028 -0.794 0.606 0.043 -0.921 -0.383 0.066 -0.13 -0.991 0.042 0.792 -0.61 -0.005 0.123 0.992 0.008 0.919 0.392 -0.048 -0.79 0.609 0.075 -0.923 -0.376 0.087 -0.135 -0.99 0.031 0.794 -0.607 -0.038 0.127 0.99 0.053 0.917 0.394 -0.068 -0.782 0.607 0.14 -0.921 -0.375 0.108 -0.139 -0.99 -0.014 0.79 -0.605 -0.103 0.026 0.832 -0.554 0.646 0.352 -0.677 -0.704 0.527 -0.476 -0.812 -0.259 -0.523 -0.191 -0.739 -0.647 0.538 -0.433 -0.724 0.058 -0.096 0.994 -0.136 0.076 -0.988 0.874 0.388 -0.294 -0.459 0.5 -0.734 -0.459 0.501 -0.734 -0.875 -0.376 0.304 -0.876 -0.375 0.304 0.457 -0.488 0.743 0.457 -0.488 0.744 -0.459 0.501 -0.733 0.873 0.389 -0.293 -0.876 -0.375 0.305 0.457 -0.487 0.744 0.788 0.28 0.549 -0.542 0.724 0.427 -0.542 0.723 0.428 0.787 0.28 0.55 -0.792 -0.29 -0.537 -0.792 -0.291 -0.537 0.538 -0.733 -0.415 0.538 -0.734 -0.415 -0.543 0.722 0.428 0.787 0.279 0.55 -0.792 -0.291 -0.536 0.538 -0.735 -0.414 0.463 0.252 -0.85 -0.301 0.946 0.119 -0.3 0.946 0.12 0.464 0.252 -0.849 -0.449 -0.248 0.858 -0.448 -0.248 0.859 0.315 -0.943 -0.11 0.316 -0.942 -0.11 -0.299 0.947 0.12 0.465 0.252 -0.849 0.317 -0.942 -0.109 0.793 0.29 0.536 -0.209 0.953 -0.221 -0.209 0.953 -0.22 0.792 0.29 0.537 -0.803 -0.289 -0.522 -0.803 -0.289 -0.521 0.199 -0.951 0.235 -0.21 0.953 -0.219 -0.804 -0.289 -0.52 0.198 -0.951 0.236 0.926 0.376 -0.028 -0.173 0.494 0.852 -0.173 0.493 0.852 0.927 0.375 -0.027 -0.921 -0.389 0.037 -0.92 -0.389 0.038 0.179 -0.507 -0.843 0.179 -0.508 -0.843 -0.172 0.493 0.853 0.927 0.374 -0.027 -0.92 -0.39 0.038 0.179 -0.509 -0.842 -0.53 -0.511 0.677 0.224 -0.732 0.643 0.243 -0.968 0.068 -0.715 -0.693 0.094 0.791 -0.19 0.582 0.96 -0.282 -0.007 0.603 0.573 0.555 0.725 0.686 -0.057 -0.151 0.794 0.589 -0.235 0.972 -0.032 -0.717 0.252 0.65 -0.959 0.279 0.044 0.244 -0.964 0.102 -0.715 -0.693 0.09 0.96 -0.278 0.032 0.726 0.686 -0.052 -0.235 0.97 -0.066 -0.961 0.276 0.005 0.24 -0.964 0.117 -0.721 -0.688 0.082 0.961 -0.273 0.053 0.72 0.692 -0.046 -0.239 0.968 -0.08 -0.96 0.279 -0.016 0.235 -0.968 0.083 -0.728 -0.681 0.073 0.962 -0.271 0.027 0.714 0.699 -0.038 -0.243 0.969 -0.046 -0.958 0.286 0.009 0.232 -0.973 0.012 -0.73 -0.68 0.066 0.961 -0.273 -0.035 0.713 0.701 -0.028 -0.241 0.97 0.025 -0.955 0.289 0.072 0.137 -0.764 -0.63 -0.632 -0.538 -0.558 0.717 -0.209 -0.665 0.529 0.572 -0.627 -0.239 0.797 -0.555 -0.819 0.242 -0.52 0.06 0.05 0.997 -0.086 0.028 -0.996 -0.607 -0.588 0.535 0.468 -0.81 -0.354 0.468 -0.81 -0.353 -0.606 -0.588 0.535 0.617 0.589 -0.522 0.618 0.589 -0.521 -0.457 0.81 0.367 -0.456 0.81 0.367 0.469 -0.81 -0.353 -0.606 -0.588 0.536 0.619 0.589 -0.521 -0.456 0.81 0.368 -0.699 -0.662 0.272 0.603 -0.334 0.724 0.603 -0.334 0.725 -0.699 -0.661 0.273 0.692 0.672 -0.262 0.692 0.673 -0.262 -0.609 0.345 -0.714 -0.61 0.346 -0.713 0.602 -0.333 0.725 -0.699 -0.66 0.273 0.692 0.673 -0.261 -0.66 -0.634 -0.403 0.753 -0.555 -0.353 0.753 -0.555 -0.352 0.66 0.624 0.418 0.66 0.624 0.419 -0.753 0.545 0.368 -0.753 0.545 0.369 0.753 -0.556 -0.351 -0.66 -0.635 -0.402 0.66 0.623 0.42 -0.753 0.544 0.369 -0.433 -0.419 0.798 0.703 -0.711 0.009 0.704 -0.71 0.009 -0.433 -0.418 0.799 0.442 0.427 -0.789 0.442 0.428 -0.788 -0.695 0.719 0 -0.694 0.72 0.001 0.704 -0.71 0.01 -0.432 -0.418 0.799 0.443 0.428 -0.788 0.421 -0.634 0.649 0.77 0.057 0.636 0.997 0.061 0.041 0.553 -0.832 0.04 0.345 0.706 0.619 0.452 0.892 0.021 -0.429 0.662 0.614 -0.543 0.84 -0.002 -0.778 -0.031 0.627 -0.999 -0.053 -0.003 -0.353 -0.678 0.644 -0.448 -0.894 0.018 0.995 0.061 0.077 0.553 -0.832 0.035 0.45 0.891 0.061 -0.543 0.84 0.004 -0.998 -0.052 -0.039 -0.447 -0.894 -0.023 0.994 0.056 0.092 0.546 -0.837 0.028 0.445 0.892 0.083 -0.55 0.835 0.01 -0.997 -0.055 -0.054 -0.45 -0.892 -0.045 0.997 0.052 0.056 0.539 -0.842 0.019 0.443 0.895 0.056 -0.558 0.83 0.019 -0.998 -0.061 -0.018 -0.456 -0.89 -0.018 0.999 0.051 -0.017 0.537 -0.844 0.011 0.443 0.897 -0.008 -0.559 0.829 0.028 -0.997 -0.062 0.055 -0.456 -0.889 0.047 0.745 0.024 -0.667 0.391 -0.683 -0.617 0.311 0.687 -0.657 -0.479 0.644 -0.597 -0.835 -0.064 -0.546 -0.4 -0.728 -0.556 -0.006 0.021 1 -0.072 -0.033 -0.997 0.48 -0.721 0.5 0.866 0.327 -0.378 0.866 0.328 -0.377 0.48 -0.72 0.501 -0.478 0.731 -0.487 -0.478 0.732 -0.486 -0.864 -0.317 0.391 -0.864 -0.317 0.392 0.48 -0.72 0.502 -0.864 -0.316 0.393 0.53 -0.817 0.226 0.452 0.489 0.746 0.452 0.488 0.747 0.529 -0.818 0.227 -0.541 0.813 -0.216 -0.542 0.813 -0.215 -0.464 -0.493 -0.736 -0.464 -0.494 -0.735 0.451 0.488 0.747 -0.542 0.812 -0.214 -0.465 -0.494 -0.735 0.486 -0.739 -0.467 0.669 0.653 -0.356 0.67 0.653 -0.355 0.486 -0.739 -0.466 -0.476 0.736 0.481 -0.475 0.736 0.482 -0.659 -0.655 0.37 -0.658 -0.655 0.371 0.67 0.652 -0.354 0.487 -0.739 -0.465 -0.474 0.736 0.483 -0.658 -0.655 0.372 0.35 -0.527 0.775 0.827 0.562 0.009 0.827 0.562 0.01 0.349 -0.526 0.775 -0.356 0.536 -0.765 -0.357 0.537 -0.765 -0.834 -0.552 0.001 -0.834 -0.551 0.002 0.827 0.563 0.01 0.349 -0.526 0.776 -0.357 0.538 -0.764 -0.835 -0.551 0.002 -0.735 -0.243 0.634 -0.179 -0.783 0.595 -0.25 -0.967 -0.05 -0.964 -0.266 0.024 0.567 -0.572 0.593 0.718 -0.694 -0.054 0.756 0.179 0.629 0.96 0.278 0.016 0.202 0.717 0.668 0.243 0.966 0.088 -0.543 0.507 0.67 -0.713 0.695 0.092 -0.247 -0.967 -0.064 -0.961 -0.275 0.029 0.714 -0.696 -0.075 0.963 0.269 0.009 0.248 0.963 0.102 -0.715 0.69 0.112 -0.242 -0.97 -0.023 -0.958 -0.284 0.038 0.711 -0.702 -0.042 0.966 0.26 -0.001 0.252 0.966 0.06 -0.72 0.69 0.08 -0.239 -0.969 0.057 -0.957 -0.285 0.05 0.711 -0.702 0.027 0.966 0.258 -0.011 0.251 0.968 -0.019 -0.723 0.691 0.012 -0.241 -0.963 0.123 -0.959 -0.277 0.061 0.715 -0.695 0.082 0.964 0.266 -0.021 0.246 0.966 -0.085 -0.721 0.691 -0.044 -0.2 -0.839 -0.505 -0.77 -0.29 -0.568 0.563 -0.624 -0.542 0.754 0.14 -0.641 0.184 0.686 -0.704 -0.576 0.472 -0.667 0.018 -0.051 0.999 -0.013 -0.122 -0.992 -0.906 -0.247 0.344 0.403 -0.707 0.582 0.403 -0.706 0.582 -0.906 -0.247 0.345 0.907 0.258 -0.332 0.907 0.259 -0.331 -0.401 0.718 -0.569 -0.401 0.718 -0.568 0.403 -0.706 0.583 -0.905 -0.246 0.346 0.908 0.259 -0.33 -0.401 0.719 -0.568 -0.522 -0.159 -0.838 0.525 -0.832 -0.179 0.524 -0.832 -0.179 -0.522 -0.16 -0.838 0.512 0.151 0.846 0.511 0.15 0.846 -0.535 0.824 0.188 -0.536 0.823 0.188 0.524 -0.833 -0.178 -0.523 -0.16 -0.837 0.51 0.15 0.847 -0.536 0.823 0.189 -0.726 -0.2 0.658 0.186 -0.978 -0.098 0.186 -0.978 -0.097 -0.726 -0.2 0.659 0.737 0.2 -0.645 0.738 0.201 -0.645 -0.175 0.978 0.111 -0.174 0.978 0.111 0.187 -0.978 -0.096 -0.725 -0.2 0.659 0.738 0.201 -0.644 -0.174 0.978 0.112 -0.777 -0.222 -0.589 -0.127 -0.848 0.515 -0.127 -0.847 0.516 -0.778 -0.221 -0.589 0.768 0.228 0.598 0.118 0.854 -0.506 0.118 0.855 -0.506 -0.128 -0.847 0.516 -0.778 -0.221 -0.588 0.767 0.229 0.599 0.117 0.855 -0.505 -0.912 -0.268 -0.312 0.388 -0.43 -0.815 0.388 -0.431 -0.815 -0.911 -0.269 -0.311 0.913 0.254 0.32 -0.387 0.416 0.823 0.388 -0.432 -0.814 -0.911 -0.27 -0.311 0.913 0.253 0.321 -0.386 0.415 0.824 -0.703 -0.187 0.686 0.537 -0.761 0.363 0.538 -0.761 0.364 -0.702 -0.187 0.687 0.711 0.198 -0.674 0.712 0.199 -0.674 -0.53 0.772 -0.351 -0.529 0.773 -0.35 0.538 -0.76 0.364 -0.702 -0.186 0.687 0.712 0.2 -0.673 -0.529 0.774 -0.349 -0.799 -0.236 -0.554 0.326 -0.942 -0.076 0.327 -0.942 -0.077 -0.798 -0.236 -0.555 0.765 0.218 0.606 0.766 0.219 0.605 -0.359 0.924 0.129 -0.358 0.925 0.128 0.562 -0.62 -0.548 -0.366 -0.038 -0.93 0.939 0.343 0.02 -0.003 0.925 -0.38 0.498 0.268 -0.825 -0.794 -0.121 0.595 -0.275 -0.724 0.633 -0.326 -0.942 0.075 -0.981 -0.195 0.005 0.508 -0.575 0.642 0.648 -0.756 0.089 0.769 0.176 0.614 0.983 0.179 0.032 0.25 0.778 0.577 0.335 0.942 -0.039 -0.531 0.629 0.567 -0.655 0.753 -0.053 -0.331 -0.938 0.101 -0.982 -0.187 0.001 0.65 -0.751 0.118 0.982 0.187 0.035 0.332 0.941 -0.065 -0.651 0.754 -0.082 -0.335 -0.939 0.079 -0.984 -0.177 -0.005 0.654 -0.749 0.101 0.98 0.197 0.039 0.327 0.944 -0.044 -0.648 0.759 -0.066 -0.335 -0.942 0.021 -0.985 -0.175 -0.01 0.658 -0.752 0.049 0.979 0.2 0.045 0.323 0.946 0.015 -0.648 0.762 -0.013 -0.33 -0.943 -0.032 -0.983 -0.182 -0.015 0.657 -0.754 0.001 0.98 0.193 0.051 0.325 0.943 0.068 -0.652 0.758 0.035 -0.253 -0.727 -0.639 -0.784 -0.11 -0.611 0.548 -0.573 -0.609 0.812 0.194 -0.551 0.279 0.805 -0.523 -0.517 0.654 -0.553 -0.02 0.046 0.999 0.024 0.072 -0.997 -0.959 -0.183 0.214 -0.038 -0.708 -0.705 -0.959 -0.184 0.215 0.964 0.171 -0.203 0.964 0.17 -0.202 0.043 0.695 0.717 0.043 0.695 0.718 -0.037 -0.709 -0.704 -0.959 -0.185 0.215 0.965 0.169 -0.202 0.044 0.694 0.719 -0.945 -0.168 0.283 0.323 -0.742 0.587 0.323 -0.742 0.588 -0.944 -0.167 0.283 0.946 0.177 -0.273 0.946 0.177 -0.272 -0.322 0.751 -0.577 -0.321 0.752 -0.576 0.323 -0.741 0.588 -0.944 -0.167 0.284 0.946 0.178 -0.271 -0.779 -0.166 -0.605 0.301 -0.947 -0.116 0.301 -0.947 -0.115 -0.779 -0.166 -0.604 0.77 0.161 0.618 0.769 0.161 0.619 -0.311 0.942 0.129 -0.311 0.941 0.129 0.3 -0.947 -0.115 -0.78 -0.167 -0.603 -0.312 0.941 0.13 -0.834 -0.147 0.533 0.017 -0.976 -0.219 0.018 -0.976 -0.219 -0.833 -0.147 0.533 0.842 0.144 -0.52 0.842 0.143 -0.519 -0.009 0.973 0.231 -0.008 0.973 0.232 0.018 -0.976 -0.218 -0.833 -0.147 0.534 0.843 0.143 -0.519 -0.008 0.973 0.233 -0.876 -0.173 -0.45 -0.259 -0.664 0.702 -0.259 -0.663 0.702 -0.877 -0.172 -0.449 0.87 0.183 0.457 0.87 0.184 0.458 0.252 0.674 -0.694 -0.26 -0.662 0.703 0.87 0.185 0.458 0.252 0.675 -0.693 -0.899 -0.187 -0.397 0.448 -0.572 -0.687 0.448 -0.573 -0.687 -0.899 -0.188 -0.396 0.897 0.176 0.405 0.897 0.175 0.405 -0.45 0.561 0.695 -0.45 0.56 0.696 0.448 -0.574 -0.686 -0.899 -0.189 -0.396 0.897 0.174 0.405 -0.45 0.559 0.696 0.692 -0.356 0.628 0.623 0.417 0.661 0.815 0.574 0.078 0.909 -0.417 0.018 -0.081 0.746 0.661 -0.087 0.993 0.079 -0.718 0.3 0.628 -0.904 0.426 0.021 -0.649 -0.474 0.595 -0.82 -0.57 -0.04 0.056 -0.801 0.596 0.091 -0.995 -0.041 0.813 0.571 0.113 0.909 -0.417 0.014 -0.088 0.989 0.119 -0.904 0.426 0.026 -0.82 -0.567 -0.075 0.092 -0.992 -0.081 0.815 0.565 0.128 0.906 -0.424 0.005 -0.092 0.986 0.141 -0.908 0.418 0.032 -0.818 -0.569 -0.09 0.088 -0.991 -0.103 0.82 0.565 0.092 0.902 -0.432 -0.004 -0.096 0.989 0.114 -0.912 0.409 0.04 -0.816 -0.576 -0.055 0.082 -0.994 -0.077 0.822 0.57 0.02 0.901 -0.434 -0.012 -0.097 0.994 0.051 -0.912 0.407 0.049 -0.814 -0.58 0.018 0.081 -0.997 -0.013 0.624 0.453 -0.637 0.696 -0.338 -0.633 -0.096 0.787 -0.609 -0.746 0.33 -0.578 -0.675 -0.463 -0.574 0.047 -0.797 -0.602 -0.02 -0.045 0.999 -0.041 -0.007 -0.999 0.787 -0.389 0.478 0.565 0.756 -0.33 0.565 0.757 -0.329 0.787 -0.389 0.479 -0.791 0.398 -0.465 -0.791 0.398 -0.464 -0.568 -0.748 0.344 -0.569 -0.747 0.344 0.565 0.757 -0.328 0.787 -0.388 0.48 -0.791 0.399 -0.463 -0.569 -0.747 0.345 0.881 -0.428 0.203 0.125 0.611 0.782 0.124 0.61 0.782 0.88 -0.428 0.203 -0.888 0.417 -0.193 -0.888 0.417 -0.192 -0.132 -0.621 -0.772 -0.132 -0.622 -0.772 0.124 0.61 0.783 0.88 -0.429 0.204 -0.889 0.416 -0.192 -0.132 -0.623 -0.771 0.805 -0.344 -0.483 0.225 0.927 -0.298 0.226 0.928 -0.297 0.806 -0.344 -0.482 -0.795 0.346 0.498 -0.216 -0.925 0.313 -0.215 -0.925 0.314 0.227 0.928 -0.297 0.806 -0.344 -0.481 -0.794 0.346 0.499 -0.215 -0.925 0.315 0.574 -0.31 0.758 0.406 0.911 0.065 0.406 0.912 0.065 0.574 -0.309 0.758 -0.585 0.314 -0.748 -0.586 0.314 -0.747 -0.417 -0.907 -0.054 -0.418 -0.907 -0.054 0.405 0.912 0.066 0.573 -0.309 0.759 -0.418 -0.907 -0.053 -0.032 -0.826 0.563 0.642 -0.458 0.614 0.854 -0.52 -0.035 -0.028 -0.997 -0.076 0.657 0.308 0.689 0.874 0.482 0.061 -0.002 0.703 0.712 0.012 0.993 0.115 -0.672 0.335 0.661 -0.858 0.509 0.073 -0.688 -0.427 0.587 -0.877 -0.48 -0.022 0.856 -0.515 -0.049 -0.019 -0.997 -0.07 0.877 0.479 0.04 0.022 0.994 0.109 -0.855 0.511 0.088 -0.874 -0.485 -0.001 0.857 -0.515 -0.006 -0.01 -0.998 -0.06 0.879 0.471 0.073 0.032 0.995 0.1 -0.853 0.52 0.046 -0.873 -0.487 -0.035 0.851 -0.52 0.075 -0.009 -0.999 -0.048 0.874 0.465 0.143 0.034 0.995 0.09 -0.849 0.527 -0.035 -0.869 -0.483 -0.104 0.838 -0.526 0.141 -0.019 -0.999 -0.037 0.863 0.465 0.199 0.027 0.997 0.078 -0.843 0.528 -0.103 -0.865 -0.476 -0.161 0.778 -0.387 -0.494 0.098 -0.755 -0.648 0.797 0.401 -0.452 0.135 0.814 -0.564 -0.539 0.443 -0.716 -0.558 -0.338 -0.758 -0.027 -0.094 0.995 0.189 0.049 -0.981 -0.054 -0.966 0.255 0.738 0.115 0.665 -0.055 -0.965 0.255 0.043 0.969 -0.242 0.043 0.97 -0.241 -0.75 -0.111 -0.653 -0.75 -0.111 -0.652 0.737 0.115 0.666 -0.055 -0.965 0.256 0.042 0.97 -0.24 -0.751 -0.111 -0.651 0.067 -0.453 -0.889 0.96 0.269 -0.082 -0.063 0.44 0.896 -0.063 0.439 0.896 -0.955 -0.282 0.09 -0.955 -0.283 0.09 0.96 0.268 -0.081 0.068 -0.454 -0.888 -0.063 0.438 0.897 -0.955 -0.284 0.09 -0.073 -0.807 0.586 0.994 -0.104 -0.032 0.994 -0.104 -0.031 -0.072 -0.806 0.587 0.074 0.816 -0.573 0.074 0.817 -0.572 -0.992 0.113 0.046 -0.992 0.114 0.047 0.994 -0.103 -0.031 -0.072 -0.806 0.588 0.074 0.817 -0.571 -0.992 0.114 0.048 0.034 -0.74 -0.672 0.726 -0.42 0.544 0.726 -0.421 0.545 0.033 -0.74 -0.672 -0.043 0.732 0.68 -0.736 0.414 -0.537 -0.736 0.413 -0.536 0.725 -0.421 0.545 0.033 -0.74 -0.671 -0.044 0.731 0.681 -0.737 0.413 -0.536 0.017 -0.912 -0.409 0.58 0.317 -0.75 0.581 0.317 -0.75 0.018 -0.913 -0.408 -0.004 0.908 0.418 -0.003 0.908 0.419 -0.567 -0.32 0.759 0.582 0.316 -0.749 -0.002 0.908 0.419 -0.566 -0.32 0.76 -0.08 -0.783 0.616 0.85 0.248 0.465 0.849 0.249 0.465 -0.08 -0.783 0.617 0.071 0.794 -0.604 0.07 0.794 -0.604 -0.859 -0.239 -0.452 -0.86 -0.238 -0.451 0.849 0.249 0.466 -0.081 -0.782 0.618 0.07 0.795 -0.603 -0.861 -0.237 -0.451 0.038 -0.768 -0.639 0.999 0.038 0.005 0.999 0.039 0.004 0.038 -0.768 -0.64 -0.035 0.725 0.688 -0.035 0.726 0.687 -0.996 -0.079 0.047 -0.996 -0.078 0.046 0.793 0.402 -0.458 0.006 -0.262 -0.965 -0.056 0.992 0.114 -0.85 0.308 -0.428 -0.044 0.625 -0.779 -0.508 0.539 0.672 -0.759 -0.215 0.614 -0.978 -0.208 0.035 -0.665 0.742 0.085 -0.232 -0.804 0.548 -0.316 -0.948 -0.032 0.543 -0.644 0.538 0.659 -0.751 -0.05 0.797 0.103 0.594 0.981 0.194 -0.001 0.275 0.698 0.661 0.319 0.945 0.067 -0.978 -0.206 0.024 -0.661 0.749 0.052 -0.309 -0.951 -0.01 0.666 -0.746 -0.016 0.981 0.196 0.011 0.324 0.945 0.045 -0.978 -0.207 -0.023 -0.66 0.751 0.001 -0.305 -0.952 -0.006 0.667 -0.744 0.035 0.979 0.195 0.059 0.325 0.945 0.042 -0.975 -0.212 -0.065 -0.664 0.746 -0.06 -0.307 -0.952 0.013 0.659 -0.746 0.095 0.976 0.195 0.102 0.32 0.947 0.025 -0.974 -0.217 -0.065 -0.667 0.736 -0.12 -0.317 -0.946 0.071 0.647 -0.746 0.155 0.976 0.194 0.104 0.319 0.947 -0.035 -0.732 -0.248 -0.634 -0.472 0.519 -0.713 -0.2 -0.844 -0.497 0.59 -0.678 -0.438 0.852 0.084 -0.516 0.323 0.685 -0.653 0.034 -0.092 0.995 0.105 -0.139 -0.985 -0.559 0.623 0.547 -0.831 -0.301 -0.467 -0.559 0.623 0.548 0.556 -0.634 -0.537 0.556 -0.635 -0.537 0.83 0.29 0.477 0.829 0.289 0.478 -0.831 -0.302 -0.466 -0.559 0.622 0.548 0.556 -0.635 -0.536 -0.645 0.734 -0.214 -0.708 -0.457 0.538 -0.708 -0.457 0.539 -0.645 0.734 -0.213 0.65 -0.725 0.227 0.65 -0.725 0.228 0.713 0.466 -0.525 0.713 0.466 -0.524 -0.707 -0.456 0.54 -0.644 0.735 -0.213 0.651 -0.724 0.229 0.713 0.466 -0.523 -0.367 0.406 -0.837 -0.306 -0.909 -0.284 -0.306 -0.909 -0.283 -0.368 0.406 -0.836 0.353 -0.404 0.844 0.352 -0.404 0.844 0.292 0.911 0.29 0.291 0.912 0.29 -0.307 -0.909 -0.283 -0.369 0.407 -0.836 0.29 0.912 0.291 -0.524 0.591 0.613 -0.74 -0.672 0.015 -0.74 -0.673 0.015 -0.524 0.591 0.614 0.531 -0.599 -0.6 0.531 -0.599 -0.599 0.747 0.665 -0.002 0.748 0.664 -0.001 -0.739 -0.673 0.016 -0.523 0.591 0.614 0.532 -0.6 -0.598 -0.39 0.445 -0.806 -0.925 -0.253 0.284 -0.925 -0.252 0.284 -0.39 0.446 -0.806 0.388 -0.43 0.815 0.388 -0.429 0.816 0.923 0.268 -0.276 0.923 0.269 -0.275 -0.925 -0.251 0.285 -0.39 0.447 -0.805 0.388 -0.428 0.816 0.923 0.27 -0.275 -0.633 0.704 0.323 -0.7 -0.305 -0.646 -0.633 0.703 0.323 0.626 -0.715 -0.311 0.626 -0.716 -0.311 0.693 0.294 0.658 0.693 0.293 0.659 -0.7 -0.306 -0.645 -0.633 0.703 0.324 0.625 -0.716 -0.31 0.693 0.292 0.659 -0.633 0.719 0.286 -0.545 -0.688 0.478 -0.545 -0.688 0.479 -0.632 0.72 0.287 0.641 -0.717 -0.274 0.642 -0.717 -0.273 0.554 0.69 -0.466 0.554 0.69 -0.465 -0.544 -0.688 0.48 -0.632 0.72 0.288 0.642 -0.717 -0.272 0.555 0.69 -0.464 -0.583 0.646 -0.493 -0.614 -0.751 -0.243 -0.613 -0.751 -0.244 0.559 -0.64 0.527 0.589 0.759 0.277 0.59 0.759 0.277 -0.181 -0.725 -0.664 -0.155 0.45 -0.879 0.787 -0.617 -0.019 0.815 0.534 -0.223 0.58 -0.163 -0.798</float_array><technique_common><accessor source="#ROW_10_SEG4_solid-nrm-a" count="1646" stride="3"><param name="X" type="float"/><param name="Y" type="float"/><param name="Z" type="float"/></accessor></technique_common></source>
        <vertices id="ROW_10_SEG4_solid-vtx"><input semantic="POSITION" source="#ROW_10_SEG4_solid-pos"/></vertices>
        <triangles count="2688" material="MAT_COTTON_STEM-mat"><input semantic="VERTEX" source="#ROW_10_SEG4_solid-vtx" offset="0"/><input semantic="NORMAL" source="#ROW_10_SEG4_solid-nrm" offset="1"/><p>0 0 1 1 2 2 0 0 2 2 3 3 1 1 4 4 5 5 1 1 5 5 2 2 4 4 6 6 7 7 4 4 7 7 5 5 6 6 8 8 9 9 6 6 9 9 7 7 8 8 10 10 11 11 8 8 11 11 9 9 10 10 0 0 3 3 10 10 3 3 11 11 3 3 2 2 12 12 3 3 12 12 13 13 2 2 5 5 14 14 2 2 14 14 12 12 5 5 7 7 15 15 5 5 15 15 14 14 7 7 9 9 16 16 7 7 16 16 15 15 9 9 11 11 17 17 9 9 17 17 16 16 11 11 3 3 13 13 11 11 13 13 17 17 13 13 12 12 18 18 13 13 18 18 19 19 12 12 14 14 20 20 12 12 20 20 18 18 14 14 15 15 21 21 14 14 21 21 20 20 15 15 16 16 22 22 15 15 22 22 21 21 16 16 17 17 23 23 16 16 23 23 22 22 17 17 13 13 19 19 17 17 19 19 23 23 19 19 18 18 24 24 19 19 24 24 25 25 18 18 20 20 26 26 18 18 26 26 24 24 20 20 21 21 27 27 20 20 27 27 26 26 21 21 22 22 28 28 21 21 28 28 27 27 22 22 23 23 29 29 22 22 29 29 28 28 23 23 19 19 25 25 23 23 25 25 29 29 25 25 24 24 30 30 25 25 30 30 31 31 24 24 26 26 32 32 24 24 32 32 30 30 26 26 27 27 33 33 26 26 33 33 32 32 27 27 28 28 34 34 27 27 34 34 33 33 28 28 29 29 35 35 28 28 35 35 34 34 29 29 25 25 31 31 29 29 31 31 35 35 31 31 30 30 36 36 31 31 36 36 37 37 30 30 32 32 38 38 30 30 38 38 36 36 32 32 33 33 39 39 32 32 39 39 38 38 33 33 34 34 40 40 33 33 40 40 39 39 34 34 35 35 41 41 34 34 41 41 40 40 35 35 31 31 37 37 35 35 37 37 41 41 0 0 1 1 42 42 1 1 4 4 42 42 4 4 6 6 42 42 6 6 8 8 42 42 8 8 10 10 42 42 10 10 0 0 42 42 36 36 37 37 43 43 38 38 36 36 43 43 39 39 38 38 43 43 40 40 39 39 43 43 41 41 40 40 43 43 37 37 41 41 43 43 44 44 45 45 46 46 44 44 46 46 47 47 45 45 48 48 49 49 45 45 49 49 46 46 48 48 50 50 51 51 48 48 51 51 49 49 50 50 44 44 47 47 50 50 47 47 51 51 47 47 46 46 52 52 47 47 52 52 53 53 46 46 49 49 54 54 46 46 54 54 52 52 49 49 51 51 55 55 49 49 55 55 54 54 51 51 47 47 53 53 51 51 53 53 55 55 56 56 57 57 58 58 56 56 58 58 59 59 57 57 60 60 61 60 57 57 61 60 58 58 60 60 62 61 63 62 60 60 63 62 61 60 62 61 56 56 59 59 62 61 59 59 63 62 59 59 58 58 64 58 59 59 64 58 65 63 58 58 61 60 66 64 58 58 66 64 64 58 61 60 63 62 67 65 61 60 67 65 66 64 63 62 59 59 65 63 63 62 65 63 67 65 68 66 69 67 70 68 68 66 70 68 71 69 69 67 72 70 73 71 69 67 73 71 70 68 72 70 74 72 75 73 72 70 75 73 73 71 74 72 68 66 71 69 74 72 71 69 75 73 71 69 70 68 76 74 71 69 76 74 77 75 70 68 73 71 78 76 70 68 78 76 76 74 73 71 75 73 79 73 73 71 79 73 78 76 75 73 71 69 77 75 75 73 77 75 79 73 80 77 81 78 82 79 80 77 82 79 83 80 81 78 84 81 85 82 81 78 85 82 82 79 84 81 86 83 87 84 84 81 87 84 85 82 86 83 80 77 83 80 86 83 83 80 87 84 83 80 82 79 88 85 83 80 88 85 89 86 82 79 85 82 90 82 82 79 90 82 88 85 85 82 87 84 91 84 85 82 91 84 90 82 87 84 83 80 89 86 87 84 89 86 91 84 92 87 93 88 94 88 92 87 94 88 95 89 93 88 96 90 97 91 93 88 97 91 94 88 96 90 98 92 99 93 96 90 99 93 97 91 98 92 92 87 95 89 98 92 95 89 99 93 95 89 94 88 100 94 95 89 100 94 101 89 94 88 97 91 102 95 94 88 102 95 100 94 97 91 99 93 103 93 97 91 103 93 102 95 99 93 95 89 101 89 99 93 101 89 103 93 104 96 105 97 106 98 104 96 106 98 107 99 105 97 108 100 109 101 105 97 109 101 106 98 108 100 110 102 111 103 108 100 111 103 109 101 110 102 104 96 107 99 110 102 107 99 111 103 107 99 106 98 112 104 107 99 112 104 113 99 106 98 109 101 114 105 106 98 114 105 112 104 109 101 111 103 115 106 109 101 115 106 114 105 111 103 107 99 113 99 111 103 113 99 115 106 116 107 117 108 118 109 116 107 118 109 119 110 117 108 120 111 121 112 117 108 121 112 118 109 120 111 122 113 123 114 120 111 123 114 121 112 122 113 124 115 125 116 122 113 125 116 123 114 124 115 126 117 127 118 124 115 127 118 125 116 126 117 116 107 119 110 126 117 119 110 127 118 119 110 118 109 128 119 119 110 128 119 129 120 118 109 121 112 130 121 118 109 130 121 128 119 121 112 123 114 131 122 121 112 131 122 130 121 123 114 125 116 132 123 123 114 132 123 131 122 125 116 127 118 133 124 125 116 133 124 132 123 127 118 119 110 129 120 127 118 129 120 133 124 129 120 128 119 134 125 129 120 134 125 135 126 128 119 130 121 136 127 128 119 136 127 134 125 130 121 131 122 137 128 130 121 137 128 136 127 131 122 132 123 138 129 131 122 138 129 137 128 132 123 133 124 139 130 132 123 139 130 138 129 133 124 129 120 135 126 133 124 135 126 139 130 135 126 134 125 140 131 135 126 140 131 141 132 134 125 136 127 142 133 134 125 142 133 140 131 136 127 137 128 143 134 136 127 143 134 142 133 137 128 138 129 144 135 137 128 144 135 143 134 138 129 139 130 145 136 138 129 145 136 144 135 139 130 135 126 141 132 139 130 141 132 145 136 141 132 140 131 146 137 141 132 146 137 147 138 140 131 142 133 148 139 140 131 148 139 146 137 142 133 143 134 149 140 142 133 149 140 148 139 143 134 144 135 150 141 143 134 150 141 149 140 144 135 145 136 151 142 144 135 151 142 150 141 145 136 141 132 147 138 145 136 147 138 151 142 147 138 146 137 152 143 147 138 152 143 153 144 146 137 148 139 154 145 146 137 154 145 152 143 148 139 149 140 155 146 148 139 155 146 154 145 149 140 150 141 156 147 149 140 156 147 155 146 150 141 151 142 157 148 150 141 157 148 156 147 151 142 147 138 153 144 151 142 153 144 157 148 116 107 117 108 158 149 117 108 120 111 158 149 120 111 122 113 158 149 122 113 124 115 158 149 124 115 126 117 158 149 126 117 116 107 158 149 152 143 153 144 159 150 154 145 152 143 159 150 155 146 154 145 159 150 156 147 155 146 159 150 157 148 156 147 159 150 153 144 157 148 159 150 160 151 161 152 162 153 160 151 162 153 163 154 161 152 164 155 165 156 161 152 165 156 162 153 164 155 166 157 167 158 164 155 167 158 165 156 166 157 160 151 163 154 166 157 163 154 167 158 163 154 162 153 168 159 163 154 168 159 169 160 162 153 165 156 170 161 162 153 170 161 168 159 165 156 167 158 171 162 165 156 171 162 170 161 167 158 163 154 169 160 167 158 169 160 171 162 172 163 173 164 174 164 172 163 174 164 175 165 173 164 176 166 177 167 173 164 177 167 174 164 176 166 178 168 179 168 176 166 179 168 177 167 178 168 172 163 175 165 178 168 175 165 179 168 175 165 174 164 180 169 175 165 180 169 181 170 174 164 177 167 182 171 174 164 182 171 180 169 177 167 179 168 183 172 177 167 183 172 182 171 179 168 175 165 181 170 179 168 181 170 183 172 184 173 185 174 186 175 184 173 186 175 187 176 185 174 188 177 189 178 185 174 189 178 186 175 188 177 190 179 191 179 188 177 191 179 189 178 190 179 184 173 187 176 190 179 187 176 191 179 187 176 186 175 192 180 187 176 192 180 193 181 186 175 189 178 194 182 186 175 194 182 192 180 189 178 191 179 195 183 189 178 195 183 194 182 191 179 187 176 193 181 191 179 193 181 195 183 196 184 197 185 198 186 196 184 198 186 199 187 197 185 200 188 201 189 197 185 201 189 198 186 200 188 202 190 203 191 200 188 203 191 201 189 202 190 196 184 199 187 202 190 199 187 203 191 199 187 198 186 204 192 199 187 204 192 205 193 198 186 201 189 206 194 198 186 206 194 204 192 201 189 203 191 207 195 201 189 207 195 206 194 203 191 199 187 205 193 203 191 205 193 207 195 208 196 209 197 210 198 208 196 210 198 211 199 209 197 212 200 213 201 209 197 213 201 210 198 212 200 214 202 215 203 212 200 215 203 213 201 214 202 208 196 211 199 214 202 211 199 215 203 211 199 210 198 216 198 211 199 216 198 217 204 210 198 213 201 218 205 210 198 218 205 216 198 213 201 215 203 219 206 213 201 219 206 218 205 215 203 211 199 217 204 215 203 217 204 219 206 220 207 221 208 222 209 220 207 222 209 223 207 221 208 224 210 225 211 221 208 225 211 222 209 224 210 226 212 227 213 224 210 227 213 225 211 226 212 220 207 223 207 226 212 223 207 227 213 223 207 222 209 228 214 223 207 228 214 229 215 222 209 225 211 230 216 222 209 230 216 228 214 225 211 227 213 231 217 225 211 231 217 230 216 227 213 223 207 229 215 227 213 229 215 231 217 232 218 233 219 234 220 232 218 234 220 235 221 233 219 236 222 237 223 233 219 237 223 234 220 236 222 238 224 239 225 236 222 239 225 237 223 238 224 240 226 241 227 238 224 241 227 239 225 240 226 242 228 243 229 240 226 243 229 241 227 242 228 232 218 235 221 242 228 235 221 243 229 235 221 234 220 244 230 235 221 244 230 245 231 234 220 237 223 246 232 234 220 246 232 244 230 237 223 239 225 247 233 237 223 247 233 246 232 239 225 241 227 248 234 239 225 248 234 247 233 241 227 243 229 249 235 241 227 249 235 248 234 243 229 235 221 245 231 243 229 245 231 249 235 245 231 244 230 250 236 245 231 250 236 251 237 244 230 246 232 252 238 244 230 252 238 250 236 246 232 247 233 253 239 246 232 253 239 252 238 247 233 248 234 254 240 247 233 254 240 253 239 248 234 249 235 255 241 248 234 255 241 254 240 249 235 245 231 251 237 249 235 251 237 255 241 251 237 250 236 256 242 251 237 256 242 257 243 250 236 252 238 258 244 250 236 258 244 256 242 252 238 253 239 259 245 252 238 259 245 258 244 253 239 254 240 260 246 253 239 260 246 259 245 254 240 255 241 261 247 254 240 261 247 260 246 255 241 251 237 257 243 255 241 257 243 261 247 257 243 256 242 262 248 257 243 262 248 263 249 256 242 258 244 264 250 256 242 264 250 262 248 258 244 259 245 265 251 258 244 265 251 264 250 259 245 260 246 266 252 259 245 266 252 265 251 260 246 261 247 267 253 260 246 267 253 266 252 261 247 257 243 263 249 261 247 263 249 267 253 263 249 262 248 268 254 263 249 268 254 269 255 262 248 264 250 270 256 262 248 270 256 268 254 264 250 265 251 271 257 264 250 271 257 270 256 265 251 266 252 272 258 265 251 272 258 271 257 266 252 267 253 273 259 266 252 273 259 272 258 267 253 263 249 269 255 267 253 269 255 273 259 232 218 233 219 274 260 233 219 236 222 274 260 236 222 238 224 274 260 238 224 240 226 274 260 240 226 242 228 274 260 242 228 232 218 274 260 268 254 269 255 275 261 270 256 268 254 275 261 271 257 270 256 275 261 272 258 271 257 275 261 273 259 272 258 275 261 269 255 273 259 275 261 276 262 277 263 278 264 276 262 278 264 279 265 277 263 280 266 281 267 277 263 281 267 278 264 280 266 282 268 283 269 280 266 283 269 281 267 282 268 276 262 279 265 282 268 279 265 283 269 279 265 278 264 284 270 279 265 284 270 285 265 278 264 281 267 286 267 278 264 286 267 284 270 281 267 283 269 287 271 281 267 287 271 286 267 283 269 279 265 285 265 283 269 285 265 287 271 288 272 289 273 290 274 288 272 290 274 291 275 289 273 292 276 293 277 289 273 293 277 290 274 292 276 294 278 295 279 292 276 295 279 293 277 294 278 288 272 291 275 294 278 291 275 295 279 291 275 290 274 296 280 291 275 296 280 297 281 290 274 293 277 298 282 290 274 298 282 296 280 293 277 295 279 299 279 293 277 299 279 298 282 295 279 291 275 297 281 295 279 297 281 299 279 300 283 301 284 302 285 300 283 302 285 303 286 301 284 304 287 305 288 301 284 305 288 302 285 304 287 306 289 307 290 304 287 307 290 305 288 306 289 300 283 303 286 306 289 303 286 307 290 303 286 302 285 308 291 303 286 308 291 309 286 302 285 305 288 310 292 302 285 310 292 308 291 305 288 307 290 311 293 305 288 311 293 310 292 307 290 303 286 309 286 307 290 309 286 311 293 312 294 313 295 314 295 312 294 314 295 315 296 313 295 316 297 317 298 313 295 317 298 314 295 316 297 318 299 319 300 316 297 319 300 317 298 318 299 312 294 315 296 318 299 315 296 319 300 315 296 314 295 320 301 315 296 320 301 321 296 314 295 317 298 322 302 314 295 322 302 320 301 317 298 319 300 323 303 317 298 323 303 322 302 319 300 315 296 321 296 319 300 321 296 323 303 324 304 325 305 326 305 324 304 326 305 327 306 325 305 328 307 329 308 325 305 329 308 326 305 328 307 330 309 331 310 328 307 331 310 329 308 330 309 324 304 327 306 330 309 327 306 331 310 327 306 326 305 332 311 327 306 332 311 333 312 326 305 329 308 334 313 326 305 334 313 332 311 329 308 331 310 335 314 329 308 335 314 334 313 331 310 327 306 333 312 331 310 333 312 335 314 336 315 337 316 338 317 336 315 338 317 339 315 337 316 340 318 341 319 337 316 341 319 338 317 340 318 342 320 343 321 340 318 343 321 341 319 342 320 336 315 339 315 342 320 339 315 343 321 339 315 338 317 344 322 339 315 344 322 345 323 338 317 341 319 346 324 338 317 346 324 344 322 341 319 343 321 347 325 341 319 347 325 346 324 343 321 339 315 345 323 343 321 345 323 347 325 348 326 349 327 350 328 348 326 350 328 351 329 349 327 352 330 353 331 349 327 353 331 350 328 352 330 354 332 355 333 352 330 355 333 353 331 354 332 348 326 351 329 354 332 351 329 355 333 351 329 350 328 356 334 351 329 356 334 357 335 350 328 353 331 358 336 350 328 358 336 356 334 353 331 355 333 359 337 353 331 359 337 358 336 355 333 351 329 357 335 355 333 357 335 359 337 356 334 357 335 360 338 358 336 356 334 360 338 359 337 358 336 360 338 357 335 359 337 360 338 361 339 362 340 363 341 361 339 363 341 364 342 362 340 365 343 366 344 362 340 366 344 363 341 365 343 367 345 368 346 365 343 368 346 366 344 367 345 369 347 370 348 367 345 370 348 368 346 369 347 371 349 372 350 369 347 372 350 370 348 371 349 361 339 364 342 371 349 364 342 372 350 364 342 363 341 373 351 364 342 373 351 374 352 363 341 366 344 375 353 363 341 375 353 373 351 366 344 368 346 376 354 366 344 376 354 375 353 368 346 370 348 377 355 368 346 377 355 376 354 370 348 372 350 378 356 370 348 378 356 377 355 372 350 364 342 374 352 372 350 374 352 378 356 374 352 373 351 379 357 374 352 379 357 380 358 373 351 375 353 381 359 373 351 381 359 379 357 375 353 376 354 382 360 375 353 382 360 381 359 376 354 377 355 383 361 376 354 383 361 382 360 377 355 378 356 384 362 377 355 384 362 383 361 378 356 374 352 380 358 378 356 380 358 384 362 380 358 379 357 385 363 380 358 385 363 386 364 379 357 381 359 387 365 379 357 387 365 385 363 381 359 382 360 388 366 381 359 388 366 387 365 382 360 383 361 389 367 382 360 389 367 388 366 383 361 384 362 390 368 383 361 390 368 389 367 384 362 380 358 386 364 384 362 386 364 390 368 386 364 385 363 391 369 386 364 391 369 392 370 385 363 387 365 393 371 385 363 393 371 391 369 387 365 388 366 394 372 387 365 394 372 393 371 388 366 389 367 395 373 388 366 395 373 394 372 389 367 390 368 396 374 389 367 396 374 395 373 390 368 386 364 392 370 390 368 392 370 396 374 392 370 391 369 397 375 392 370 397 375 398 376 391 369 393 371 399 377 391 369 399 377 397 375 393 371 394 372 400 378 393 371 400 378 399 377 394 372 395 373 401 379 394 372 401 379 400 378 395 373 396 374 402 380 395 373 402 380 401 379 396 374 392 370 398 376 396 374 398 376 402 380 361 339 362 340 403 381 362 340 365 343 403 381 365 343 367 345 403 381 367 345 369 347 403 381 369 347 371 349 403 381 371 349 361 339 403 381 397 375 398 376 404 382 399 377 397 375 404 382 400 378 399 377 404 382 401 379 400 378 404 382 402 380 401 379 404 382 398 376 402 380 404 382 405 383 406 384 407 385 405 383 407 385 408 386 406 384 409 387 410 388 406 384 410 388 407 385 409 387 411 389 412 390 409 387 412 390 410 388 411 389 405 383 408 386 411 389 408 386 412 390 408 386 407 385 413 391 408 386 413 391 414 386 407 385 410 388 415 392 407 385 415 392 413 391 410 388 412 390 416 390 410 388 416 390 415 392 412 390 408 386 414 386 412 390 414 386 416 390 417 393 418 394 419 395 417 393 419 395 420 396 418 394 421 397 422 398 418 394 422 398 419 395 421 397 423 399 424 400 421 397 424 400 422 398 423 399 417 393 420 396 423 399 420 396 424 400 420 396 419 395 425 401 420 396 425 401 426 402 419 395 422 398 427 403 419 395 427 403 425 401 422 398 424 400 428 404 422 398 428 404 427 403 424 400 420 396 426 402 424 400 426 402 428 404 429 405 430 406 431 407 429 405 431 407 432 408 430 406 433 409 434 410 430 406 434 410 431 407 433 409 435 411 436 412 433 409 436 412 434 410 435 411 429 405 432 408 435 411 432 408 436 412 432 408 431 407 437 413 432 408 437 413 438 414 431 407 434 410 439 415 431 407 439 415 437 413 434 410 436 412 440 416 434 410 440 416 439 415 436 412 432 408 438 414 436 412 438 414 440 416 441 417 442 418 443 419 441 417 443 419 444 417 442 418 445 420 446 421 442 418 446 421 443 419 445 420 447 422 448 423 445 420 448 423 446 421 447 422 441 417 444 417 447 422 444 417 448 423 444 417 443 419 449 419 444 417 449 419 450 424 443 419 446 421 451 425 443 419 451 425 449 419 446 421 448 423 452 426 446 421 452 426 451 425 448 423 444 417 450 424 448 423 450 424 452 426 453 427 454 428 455 429 453 427 455 429 456 427 454 428 457 430 458 431 454 428 458 431 455 429 457 430 459 432 460 433 457 430 460 433 458 431 459 432 453 427 456 427 459 432 456 427 460 433 456 427 455 429 461 434 456 427 461 434 462 435 455 429 458 431 463 431 455 429 463 431 461 434 458 431 460 433 464 436 458 431 464 436 463 431 460 433 456 427 462 435 460 433 462 435 464 436 465 437 466 438 467 439 465 437 467 439 468 440 466 438 469 441 470 442 466 438 470 442 467 439 469 441 471 443 472 444 469 441 472 444 470 442 471 443 465 437 468 440 471 443 468 440 472 444 468 440 467 439 473 445 468 440 473 445 474 446 467 439 470 442 475 447 467 439 475 447 473 445 470 442 472 444 476 448 470 442 476 448 475 447 472 444 468 440 474 446 472 444 474 446 476 448 477 449 478 450 479 451 477 449 479 451 480 452 478 450 481 453 482 454 478 450 482 454 479 451 481 453 483 455 484 456 481 453 484 456 482 454 483 455 477 449 480 452 483 455 480 452 484 456 480 452 479 451 485 457 480 452 485 457 486 458 479 451 482 454 487 459 479 451 487 459 485 457 482 454 484 456 488 460 482 454 488 460 487 459 484 456 480 452 486 458 484 456 486 458 488 460 485 457 486 458 489 461 487 459 485 457 489 461 488 460 487 459 489 461 486 458 488 460 489 461 490 462 491 463 492 464 490 462 492 464 493 465 491 463 494 466 495 467 491 463 495 467 492 464 494 466 496 468 497 469 494 466 497 469 495 467 496 468 498 470 499 471 496 468 499 471 497 469 498 470 500 472 501 473 498 470 501 473 499 471 500 472 490 462 493 465 500 472 493 465 501 473 493 465 492 464 502 474 493 465 502 474 503 475 492 464 495 467 504 476 492 464 504 476 502 474 495 467 497 469 505 477 495 467 505 477 504 476 497 469 499 471 506 478 497 469 506 478 505 477 499 471 501 473 507 479 499 471 507 479 506 478 501 473 493 465 503 475 501 473 503 475 507 479 503 475 502 474 508 480 503 475 508 480 509 481 502 474 504 476 510 482 502 474 510 482 508 480 504 476 505 477 511 483 504 476 511 483 510 482 505 477 506 478 512 484 505 477 512 484 511 483 506 478 507 479 513 485 506 478 513 485 512 484 507 479 503 475 509 481 507 479 509 481 513 485 509 481 508 480 514 486 509 481 514 486 515 487 508 480 510 482 516 488 508 480 516 488 514 486 510 482 511 483 517 489 510 482 517 489 516 488 511 483 512 484 518 490 511 483 518 490 517 489 512 484 513 485 519 491 512 484 519 491 518 490 513 485 509 481 515 487 513 485 515 487 519 491 515 487 514 486 520 492 515 487 520 492 521 493 514 486 516 488 522 494 514 486 522 494 520 492 516 488 517 489 523 495 516 488 523 495 522 494 517 489 518 490 524 496 517 489 524 496 523 495 518 490 519 491 525 497 518 490 525 497 524 496 519 491 515 487 521 493 519 491 521 493 525 497 521 493 520 492 526 498 521 493 526 498 527 499 520 492 522 494 528 500 520 492 528 500 526 498 522 494 523 495 529 501 522 494 529 501 528 500 523 495 524 496 530 502 523 495 530 502 529 501 524 496 525 497 531 503 524 496 531 503 530 502 525 497 521 493 527 499 525 497 527 499 531 503 490 462 491 463 532 504 491 463 494 466 532 504 494 466 496 468 532 504 496 468 498 470 532 504 498 470 500 472 532 504 500 472 490 462 532 504 526 498 527 499 533 505 528 500 526 498 533 505 529 501 528 500 533 505 530 502 529 501 533 505 531 503 530 502 533 505 527 499 531 503 533 505 534 506 535 507 536 508 534 506 536 508 537 509 535 507 538 510 539 511 535 507 539 511 536 508 538 510 540 512 541 513 538 510 541 513 539 511 540 512 534 506 537 509 540 512 537 509 541 513 537 509 536 508 542 514 537 509 542 514 543 515 536 508 539 511 544 516 536 508 544 516 542 514 539 511 541 513 545 517 539 511 545 517 544 516 541 513 537 509 543 515 541 513 543 515 545 517 546 518 547 519 548 520 546 518 548 520 549 521 547 519 550 522 551 523 547 519 551 523 548 520 550 522 552 524 553 525 550 522 553 525 551 523 552 524 546 518 549 521 552 524 549 521 553 525 549 521 548 520 554 526 549 521 554 526 555 521 548 520 551 523 556 527 548 520 556 527 554 526 551 523 553 525 557 528 551 523 557 528 556 527 553 525 549 521 555 521 553 525 555 521 557 528 558 529 559 530 560 531 558 529 560 531 561 532 559 530 562 533 563 534 559 530 563 534 560 531 562 533 564 535 565 536 562 533 565 536 563 534 564 535 558 529 561 532 564 535 561 532 565 536 561 532 560 531 566 537 561 532 566 537 567 538 560 531 563 534 568 539 560 531 568 539 566 537 563 534 565 536 569 540 563 534 569 540 568 539 565 536 561 532 567 538 565 536 567 538 569 540 570 541 571 542 572 543 570 541 572 543 573 544 571 542 574 545 575 546 571 542 575 546 572 543 574 545 576 547 577 547 574 545 577 547 575 546 576 547 570 541 573 544 576 547 573 544 577 547 573 544 572 543 578 548 573 544 578 548 579 549 572 543 575 546 580 550 572 543 580 550 578 548 575 546 577 547 581 551 575 546 581 551 580 550 577 547 573 544 579 549 577 547 579 549 581 551 582 552 583 553 584 554 582 552 584 554 585 555 583 553 586 556 587 557 583 553 587 557 584 554 586 556 588 558 589 558 586 556 589 558 587 557 588 558 582 552 585 555 588 558 585 555 589 558 585 555 584 554 590 554 585 555 590 554 591 559 584 554 587 557 592 560 584 554 592 560 590 554 587 557 589 558 593 561 587 557 593 561 592 560 589 558 585 555 591 559 589 558 591 559 593 561 594 562 595 563 596 563 594 562 596 563 597 564 595 563 598 565 599 566 595 563 599 566 596 563 598 565 600 567 601 568 598 565 601 568 599 566 600 567 594 562 597 564 600 567 597 564 601 568 597 564 596 563 602 569 597 564 602 569 603 570 596 563 599 566 604 571 596 563 604 571 602 569 599 566 601 568 605 572 599 566 605 572 604 571 601 568 597 564 603 570 601 568 603 570 605 572 606 573 607 574 608 575 606 573 608 575 609 576 607 574 610 577 611 578 607 574 611 578 608 575 610 577 612 579 613 580 610 577 613 580 611 578 612 579 614 581 615 582 612 579 615 582 613 580 614 581 616 583 617 584 614 581 617 584 615 582 616 583 606 573 609 576 616 583 609 576 617 584 609 576 608 575 618 585 609 576 618 585 619 586 608 575 611 578 620 587 608 575 620 587 618 585 611 578 613 580 621 588 611 578 621 588 620 587 613 580 615 582 622 589 613 580 622 589 621 588 615 582 617 584 623 590 615 582 623 590 622 589 617 584 609 576 619 586 617 584 619 586 623 590 619 586 618 585 624 591 619 586 624 591 625 592 618 585 620 587 626 593 618 585 626 593 624 591 620 587 621 588 627 594 620 587 627 594 626 593 621 588 622 589 628 595 621 588 628 595 627 594 622 589 623 590 629 596 622 589 629 596 628 595 623 590 619 586 625 592 623 590 625 592 629 596 625 592 624 591 630 597 625 592 630 597 631 598 624 591 626 593 632 599 624 591 632 599 630 597 626 593 627 594 633 600 626 593 633 600 632 599 627 594 628 595 634 601 627 594 634 601 633 600 628 595 629 596 635 602 628 595 635 602 634 601 629 596 625 592 631 598 629 596 631 598 635 602 631 598 630 597 636 603 631 598 636 603 637 604 630 597 632 599 638 605 630 597 638 605 636 603 632 599 633 600 639 606 632 599 639 606 638 605 633 600 634 601 640 607 633 600 640 607 639 606 634 601 635 602 641 608 634 601 641 608 640 607 635 602 631 598 637 604 635 602 637 604 641 608 637 604 636 603 642 609 637 604 642 609 643 610 636 603 638 605 644 611 636 603 644 611 642 609 638 605 639 606 645 612 638 605 645 612 644 611 639 606 640 607 646 613 639 606 646 613 645 612 640 607 641 608 647 614 640 607 647 614 646 613 641 608 637 604 643 610 641 608 643 610 647 614 606 573 607 574 648 615 607 574 610 577 648 615 610 577 612 579 648 615 612 579 614 581 648 615 614 581 616 583 648 615 616 583 606 573 648 615 642 609 643 610 649 616 644 611 642 609 649 616 645 612 644 611 649 616 646 613 645 612 649 616 647 614 646 613 649 616 643 610 647 614 649 616 650 617 651 618 652 619 650 617 652 619 653 620 651 618 654 621 655 622 651 618 655 622 652 619 654 621 656 623 657 624 654 621 657 624 655 622 656 623 650 617 653 620 656 623 653 620 657 624 653 620 652 619 658 625 653 620 658 625 659 626 652 619 655 622 660 627 652 619 660 627 658 625 655 622 657 624 661 628 655 622 661 628 660 627 657 624 653 620 659 626 657 624 659 626 661 628 662 629 663 630 664 631 662 629 664 631 665 632 663 630 666 633 667 634 663 630 667 634 664 631 666 633 668 635 669 636 666 633 669 636 667 634 668 635 662 629 665 632 668 635 665 632 669 636 665 632 664 631 670 631 665 632 670 631 671 637 664 631 667 634 672 638 664 631 672 638 670 631 667 634 669 636 673 639 667 634 673 639 672 638 669 636 665 632 671 637 669 636 671 637 673 639 674 640 675 641 676 641 674 640 676 641 677 642 675 641 678 643 679 644 675 641 679 644 676 641 678 643 680 645 681 646 678 643 681 646 679 644 680 645 674 640 677 642 680 645 677 642 681 646 677 642 676 641 682 647 677 642 682 647 683 648 676 641 679 644 684 649 676 641 684 649 682 647 679 644 681 646 685 650 679 644 685 650 684 649 681 646 677 642 683 648 681 646 683 648 685 650 686 651 687 652 688 652 686 651 688 652 689 653 687 652 690 654 691 655 687 652 691 655 688 652 690 654 692 656 693 657 690 654 693 657 691 655 692 656 686 651 689 653 692 656 689 653 693 657 689 653 688 652 694 658 689 653 694 658 695 659 688 652 691 655 696 660 688 652 696 660 694 658 691 655 693 657 697 661 691 655 697 661 696 660 693 657 689 653 695 659 693 657 695 659 697 661 698 662 699 663 700 664 698 662 700 664 701 665 699 663 702 666 703 667 699 663 703 667 700 664 702 666 704 668 705 669 702 666 705 669 703 667 704 668 698 662 701 665 704 668 701 665 705 669 701 665 700 664 706 670 701 665 706 670 707 671 700 664 703 667 708 672 700 664 708 672 706 670 703 667 705 669 709 673 703 667 709 673 708 672 705 669 701 665 707 671 705 669 707 671 709 673 710 674 711 675 712 676 710 674 712 676 713 677 711 675 714 678 715 679 711 675 715 679 712 676 714 678 716 680 717 681 714 678 717 681 715 679 716 680 710 674 713 677 716 680 713 677 717 681 713 677 712 676 718 682 713 677 718 682 719 683 712 676 715 679 720 679 712 676 720 679 718 682 715 679 717 681 721 684 715 679 721 684 720 679 717 681 713 677 719 683 717 681 719 683 721 684 722 685 723 686 724 687 722 685 724 687 725 688 723 686 726 689 727 690 723 686 727 690 724 687 726 689 728 691 729 692 726 689 729 692 727 690 728 691 730 693 731 694 728 691 731 694 729 692 730 693 732 695 733 696 730 693 733 696 731 694 732 695 722 685 725 688 732 695 725 688 733 696 725 688 724 687 734 697 725 688 734 697 735 698 724 687 727 690 736 699 724 687 736 699 734 697 727 690 729 692 737 700 727 690 737 700 736 699 729 692 731 694 738 701 729 692 738 701 737 700 731 694 733 696 739 702 731 694 739 702 738 701 733 696 725 688 735 698 733 696 735 698 739 702 735 698 734 697 740 703 735 698 740 703 741 704 734 697 736 699 742 705 734 697 742 705 740 703 736 699 737 700 743 706 736 699 743 706 742 705 737 700 738 701 744 707 737 700 744 707 743 706 738 701 739 702 745 708 738 701 745 708 744 707 739 702 735 698 741 704 739 702 741 704 745 708 741 704 740 703 746 709 741 704 746 709 747 710 740 703 742 705 748 711 740 703 748 711 746 709 742 705 743 706 749 712 742 705 749 712 748 711 743 706 744 707 750 713 743 706 750 713 749 712 744 707 745 708 751 714 744 707 751 714 750 713 745 708 741 704 747 710 745 708 747 710 751 714 747 710 746 709 752 715 747 710 752 715 753 716 746 709 748 711 754 717 746 709 754 717 752 715 748 711 749 712 755 718 748 711 755 718 754 717 749 712 750 713 756 719 749 712 756 719 755 718 750 713 751 714 757 720 750 713 757 720 756 719 751 714 747 710 753 716 751 714 753 716 757 720 753 716 752 715 758 721 753 716 758 721 759 722 752 715 754 717 760 723 752 715 760 723 758 721 754 717 755 718 761 724 754 717 761 724 760 723 755 718 756 719 762 725 755 718 762 725 761 724 756 719 757 720 763 726 756 719 763 726 762 725 757 720 753 716 759 722 757 720 759 722 763 726 722 685 723 686 764 727 723 686 726 689 764 727 726 689 728 691 764 727 728 691 730 693 764 727 730 693 732 695 764 727 732 695 722 685 764 727 758 721 759 722 765 728 760 723 758 721 765 728 761 724 760 723 765 728 762 725 761 724 765 728 763 726 762 725 765 728 759 722 763 726 765 728 766 729 767 730 768 731 766 729 768 731 769 732 767 730 770 733 771 733 767 730 771 733 768 731 770 733 772 734 773 735 770 733 773 735 771 733 772 734 766 729 769 732 772 734 769 732 773 735 769 732 768 731 774 736 769 732 774 736 775 737 768 731 771 733 776 738 768 731 776 738 774 736 771 733 773 735 777 735 771 733 777 735 776 738 773 735 769 732 775 737 773 735 775 737 777 735 778 739 779 740 780 741 778 739 780 741 781 742 779 740 782 743 783 744 779 740 783 744 780 741 782 743 784 745 785 746 782 743 785 746 783 744 784 745 778 739 781 742 784 745 781 742 785 746 781 742 780 741 786 747 781 742 786 747 787 742 780 741 783 744 788 748 780 741 788 748 786 747 783 744 785 746 789 749 783 744 789 749 788 748 785 746 781 742 787 742 785 746 787 742 789 749 790 750 791 751 792 752 790 750 792 752 793 753 791 751 794 754 795 755 791 751 795 755 792 752 794 754 796 756 797 757 794 754 797 757 795 755 796 756 790 750 793 753 796 756 793 753 797 757 793 753 792 752 798 758 793 753 798 758 799 759 792 752 795 755 800 760 792 752 800 760 798 758 795 755 797 757 801 757 795 755 801 757 800 760 797 757 793 753 799 759 797 757 799 759 801 757 802 761 803 762 804 763 802 761 804 763 805 764 803 762 806 765 807 766 803 762 807 766 804 763 806 765 808 767 809 768 806 765 809 768 807 766 808 767 802 761 805 764 808 767 805 764 809 768 805 764 804 763 810 769 805 764 810 769 811 770 804 763 807 766 812 771 804 763 812 771 810 769 807 766 809 768 813 772 807 766 813 772 812 771 809 768 805 764 811 770 809 768 811 770 813 772 814 773 815 774 816 775 814 773 816 775 817 776 815 774 818 777 819 778 815 774 819 778 816 775 818 777 820 779 821 779 818 777 821 779 819 778 820 779 814 773 817 776 820 779 817 776 821 779 817 776 816 775 822 780 817 776 822 780 823 781 816 775 819 778 824 782 816 775 824 782 822 780 819 778 821 779 825 783 819 778 825 783 824 782 821 779 817 776 823 781 821 779 823 781 825 783 826 784 827 785 828 786 826 784 828 786 829 787 827 785 830 788 831 789 827 785 831 789 828 786 830 788 832 790 833 791 830 788 833 791 831 789 832 790 834 792 835 793 832 790 835 793 833 791 834 792 836 794 837 795 834 792 837 795 835 793 836 794 826 784 829 787 836 794 829 787 837 795 829 787 828 786 838 796 829 787 838 796 839 797 828 786 831 789 840 798 828 786 840 798 838 796 831 789 833 791 841 799 831 789 841 799 840 798 833 791 835 793 842 800 833 791 842 800 841 799 835 793 837 795 843 801 835 793 843 801 842 800 837 795 829 787 839 797 837 795 839 797 843 801 839 797 838 796 844 802 839 797 844 802 845 803 838 796 840 798 846 804 838 796 846 804 844 802 840 798 841 799 847 805 840 798 847 805 846 804 841 799 842 800 848 806 841 799 848 806 847 805 842 800 843 801 849 807 842 800 849 807 848 806 843 801 839 797 845 803 843 801 845 803 849 807 845 803 844 802 850 808 845 803 850 808 851 809 844 802 846 804 852 810 844 802 852 810 850 808 846 804 847 805 853 811 846 804 853 811 852 810 847 805 848 806 854 812 847 805 854 812 853 811 848 806 849 807 855 813 848 806 855 813 854 812 849 807 845 803 851 809 849 807 851 809 855 813 851 809 850 808 856 814 851 809 856 814 857 815 850 808 852 810 858 816 850 808 858 816 856 814 852 810 853 811 859 817 852 810 859 817 858 816 853 811 854 812 860 818 853 811 860 818 859 817 854 812 855 813 861 819 854 812 861 819 860 818 855 813 851 809 857 815 855 813 857 815 861 819 857 815 856 814 862 820 857 815 862 820 863 821 856 814 858 816 864 822 856 814 864 822 862 820 858 816 859 817 865 823 858 816 865 823 864 822 859 817 860 818 866 824 859 817 866 824 865 823 860 818 861 819 867 825 860 818 867 825 866 824 861 819 857 815 863 821 861 819 863 821 867 825 826 784 827 785 868 826 827 785 830 788 868 826 830 788 832 790 868 826 832 790 834 792 868 826 834 792 836 794 868 826 836 794 826 784 868 826 862 820 863 821 869 827 864 822 862 820 869 827 865 823 864 822 869 827 866 824 865 823 869 827 867 825 866 824 869 827 863 821 867 825 869 827 870 828 871 829 872 830 870 828 872 830 873 828 871 829 874 831 875 832 871 829 875 832 872 830 874 831 876 833 877 834 874 831 877 834 875 832 876 833 870 828 873 828 876 833 873 828 877 834 873 828 872 830 878 835 873 828 878 835 879 836 872 830 875 832 880 837 872 830 880 837 878 835 875 832 877 834 881 838 875 832 881 838 880 837 877 834 873 828 879 836 877 834 879 836 881 838 882 839 883 840 884 841 882 839 884 841 885 842 883 840 886 843 887 844 883 840 887 844 884 841 886 843 888 845 889 846 886 843 889 846 887 844 888 845 882 839 885 842 888 845 885 842 889 846 885 842 884 841 890 847 885 842 890 847 891 848 884 841 887 844 892 849 884 841 892 849 890 847 887 844 889 846 893 850 887 844 893 850 892 849 889 846 885 842 891 848 889 846 891 848 893 850 894 851 895 852 896 853 894 851 896 853 897 854 895 852 898 855 899 856 895 852 899 856 896 853 898 855 900 857 901 858 898 855 901 858 899 856 900 857 894 851 897 854 900 857 897 854 901 858 897 854 896 853 902 859 897 854 902 859 903 860 896 853 899 856 904 856 896 853 904 856 902 859 899 856 901 858 905 861 899 856 905 861 904 856 901 858 897 854 903 860 901 858 903 860 905 861 906 862 907 863 908 864 906 862 908 864 909 865 907 863 910 866 911 867 907 863 911 867 908 864 910 866 912 868 913 868 910 866 913 868 911 867 912 868 906 862 909 865 912 868 909 865 913 868 909 865 908 864 914 869 909 865 914 869 915 865 908 864 911 867 916 870 908 864 916 870 914 869 911 867 913 868 917 871 911 867 917 871 916 870 913 868 909 865 915 865 913 868 915 865 917 871 918 872 919 873 920 874 918 872 920 874 921 875 919 873 922 876 923 877 919 873 923 877 920 874 922 876 924 878 925 879 922 876 925 879 923 877 924 878 918 872 921 875 924 878 921 875 925 879 921 875 920 874 926 880 921 875 926 880 927 881 920 874 923 877 928 882 920 874 928 882 926 880 923 877 925 879 929 883 923 877 929 883 928 882 925 879 921 875 927 881 925 879 927 881 929 883 930 884 931 885 932 886 930 884 932 886 933 887 931 885 934 888 935 889 931 885 935 889 932 886 934 888 936 890 937 891 934 888 937 891 935 889 936 890 938 892 939 893 936 890 939 893 937 891 938 892 940 894 941 895 938 892 941 895 939 893 940 894 930 884 933 887 940 894 933 887 941 895 933 887 932 886 942 896 933 887 942 896 943 897 932 886 935 889 944 898 932 886 944 898 942 896 935 889 937 891 945 899 935 889 945 899 944 898 937 891 939 893 946 900 937 891 946 900 945 899 939 893 941 895 947 901 939 893 947 901 946 900 941 895 933 887 943 897 941 895 943 897 947 901 943 897 942 896 948 902 943 897 948 902 949 903 942 896 944 898 950 904 942 896 950 904 948 902 944 898 945 899 951 905 944 898 951 905 950 904 945 899 946 900 952 906 945 899 952 906 951 905 946 900 947 901 953 907 946 900 953 907 952 906 947 901 943 897 949 903 947 901 949 903 953 907 949 903 948 902 954 908 949 903 954 908 955 909 948 902 950 904 956 910 948 902 956 910 954 908 950 904 951 905 957 911 950 904 957 911 956 910 951 905 952 906 958 912 951 905 958 912 957 911 952 906 953 907 959 913 952 906 959 913 958 912 953 907 949 903 955 909 953 907 955 909 959 913 955 909 954 908 960 914 955 909 960 914 961 915 954 908 956 910 962 916 954 908 962 916 960 914 956 910 957 911 963 917 956 910 963 917 962 916 957 911 958 912 964 918 957 911 964 918 963 917 958 912 959 913 965 919 958 912 965 919 964 918 959 913 955 909 961 915 959 913 961 915 965 919 961 915 960 914 966 920 961 915 966 920 967 921 960 914 962 916 968 922 960 914 968 922 966 920 962 916 963 917 969 923 962 916 969 923 968 922 963 917 964 918 970 924 963 917 970 924 969 923 964 918 965 919 971 925 964 918 971 925 970 924 965 919 961 915 967 921 965 919 967 921 971 925 930 884 931 885 972 926 931 885 934 888 972 926 934 888 936 890 972 926 936 890 938 892 972 926 938 892 940 894 972 926 940 894 930 884 972 926 966 920 967 921 973 927 968 922 966 920 973 927 969 923 968 922 973 927 970 924 969 923 973 927 971 925 970 924 973 927 967 921 971 925 973 927 974 928 975 929 976 930 974 928 976 930 977 931 975 929 978 932 979 933 975 929 979 933 976 930 978 932 980 934 981 935 978 932 981 935 979 933 980 934 974 928 977 931 980 934 977 931 981 935 977 931 976 930 982 936 977 931 982 936 983 937 976 930 979 933 984 938 976 930 984 938 982 936 979 933 981 935 985 939 979 933 985 939 984 938 981 935 977 931 983 937 981 935 983 937 985 939 986 940 987 941 988 942 986 940 988 942 989 943 987 941 990 944 991 945 987 941 991 945 988 942 990 944 992 946 993 947 990 944 993 947 991 945 992 946 986 940 989 943 992 946 989 943 993 947 989 943 988 942 994 948 989 943 994 948 995 949 988 942 991 945 996 950 988 942 996 950 994 948 991 945 993 947 997 947 991 945 997 947 996 950 993 947 989 943 995 949 993 947 995 949 997 947 998 951 999 952 1000 953 998 951 1000 953 1001 951 999 952 1002 954 1003 955 999 952 1003 955 1000 953 1002 954 1004 956 1005 957 1002 954 1005 957 1003 955 1004 956 998 951 1001 951 1004 956 1001 951 1005 957 1001 951 1000 953 1006 958 1001 951 1006 958 1007 959 1000 953 1003 955 1008 960 1000 953 1008 960 1006 958 1003 955 1005 957 1009 961 1003 955 1009 961 1008 960 1005 957 1001 951 1007 959 1005 957 1007 959 1009 961 1010 962 1011 963 1012 964 1010 962 1012 964 1013 965 1011 963 1014 966 1015 967 1011 963 1015 967 1012 964 1014 966 1016 968 1017 969 1014 966 1017 969 1015 967 1016 968 1010 962 1013 965 1016 968 1013 965 1017 969 1013 965 1012 964 1018 970 1013 965 1018 970 1019 971 1012 964 1015 967 1020 972 1012 964 1020 972 1018 970 1015 967 1017 969 1021 969 1015 967 1021 969 1020 972 1017 969 1013 965 1019 971 1017 969 1019 971 1021 969 1022 973 1023 974 1024 975 1022 973 1024 975 1025 976 1023 974 1026 977 1027 978 1023 974 1027 978 1024 975 1026 977 1028 979 1029 980 1026 977 1029 980 1027 978 1028 979 1030 981 1031 982 1028 979 1031 982 1029 980 1030 981 1032 983 1033 984 1030 981 1033 984 1031 982 1032 983 1022 973 1025 976 1032 983 1025 976 1033 984 1025 976 1024 975 1034 985 1025 976 1034 985 1035 986 1024 975 1027 978 1036 987 1024 975 1036 987 1034 985 1027 978 1029 980 1037 988 1027 978 1037 988 1036 987 1029 980 1031 982 1038 989 1029 980 1038 989 1037 988 1031 982 1033 984 1039 990 1031 982 1039 990 1038 989 1033 984 1025 976 1035 986 1033 984 1035 986 1039 990 1035 986 1034 985 1040 991 1035 986 1040 991 1041 992 1034 985 1036 987 1042 993 1034 985 1042 993 1040 991 1036 987 1037 988 1043 994 1036 987 1043 994 1042 993 1037 988 1038 989 1044 995 1037 988 1044 995 1043 994 1038 989 1039 990 1045 996 1038 989 1045 996 1044 995 1039 990 1035 986 1041 992 1039 990 1041 992 1045 996 1041 992 1040 991 1046 997 1041 992 1046 997 1047 998 1040 991 1042 993 1048 999 1040 991 1048 999 1046 997 1042 993 1043 994 1049 1000 1042 993 1049 1000 1048 999 1043 994 1044 995 1050 1001 1043 994 1050 1001 1049 1000 1044 995 1045 996 1051 1002 1044 995 1051 1002 1050 1001 1045 996 1041 992 1047 998 1045 996 1047 998 1051 1002 1047 998 1046 997 1052 1003 1047 998 1052 1003 1053 1004 1046 997 1048 999 1054 1005 1046 997 1054 1005 1052 1003 1048 999 1049 1000 1055 1006 1048 999 1055 1006 1054 1005 1049 1000 1050 1001 1056 1007 1049 1000 1056 1007 1055 1006 1050 1001 1051 1002 1057 1008 1050 1001 1057 1008 1056 1007 1051 1002 1047 998 1053 1004 1051 1002 1053 1004 1057 1008 1053 1004 1052 1003 1058 1009 1053 1004 1058 1009 1059 1010 1052 1003 1054 1005 1060 1011 1052 1003 1060 1011 1058 1009 1054 1005 1055 1006 1061 1012 1054 1005 1061 1012 1060 1011 1055 1006 1056 1007 1062 1013 1055 1006 1062 1013 1061 1012 1056 1007 1057 1008 1063 1014 1056 1007 1063 1014 1062 1013 1057 1008 1053 1004 1059 1010 1057 1008 1059 1010 1063 1014 1022 973 1023 974 1064 1015 1023 974 1026 977 1064 1015 1026 977 1028 979 1064 1015 1028 979 1030 981 1064 1015 1030 981 1032 983 1064 1015 1032 983 1022 973 1064 1015 1058 1009 1059 1010 1065 1016 1060 1011 1058 1009 1065 1016 1061 1012 1060 1011 1065 1016 1062 1013 1061 1012 1065 1016 1063 1014 1062 1013 1065 1016 1059 1010 1063 1014 1065 1016 1066 1017 1067 1018 1068 1019 1066 1017 1068 1019 1069 1020 1067 1018 1070 1021 1071 1022 1067 1018 1071 1022 1068 1019 1070 1021 1072 1023 1073 1024 1070 1021 1073 1024 1071 1022 1072 1023 1066 1017 1069 1020 1072 1023 1069 1020 1073 1024 1069 1020 1068 1019 1074 1019 1069 1020 1074 1019 1075 1025 1068 1019 1071 1022 1076 1022 1068 1019 1076 1022 1074 1019 1071 1022 1073 1024 1077 1026 1071 1022 1077 1026 1076 1022 1073 1024 1069 1020 1075 1025 1073 1024 1075 1025 1077 1026 1078 1027 1079 1028 1080 1029 1078 1027 1080 1029 1081 1030 1079 1028 1082 1031 1083 1032 1079 1028 1083 1032 1080 1029 1082 1031 1084 1033 1085 1034 1082 1031 1085 1034 1083 1032 1084 1033 1078 1027 1081 1030 1084 1033 1081 1030 1085 1034 1081 1030 1080 1029 1086 1035 1081 1030 1086 1035 1087 1030 1080 1029 1083 1032 1088 1036 1080 1029 1088 1036 1086 1035 1083 1032 1085 1034 1089 1037 1083 1032 1089 1037 1088 1036 1085 1034 1081 1030 1087 1030 1085 1034 1087 1030 1089 1037 1090 1038 1091 1039 1092 1040 1090 1038 1092 1040 1093 1041 1091 1039 1094 1042 1095 1043 1091 1039 1095 1043 1092 1040 1094 1042 1096 1044 1097 1045 1094 1042 1097 1045 1095 1043 1096 1044 1090 1038 1093 1041 1096 1044 1093 1041 1097 1045 1093 1041 1092 1040 1098 1046 1093 1041 1098 1046 1099 1047 1092 1040 1095 1043 1100 1048 1092 1040 1100 1048 1098 1046 1095 1043 1097 1045 1101 1049 1095 1043 1101 1049 1100 1048 1097 1045 1093 1041 1099 1047 1097 1045 1099 1047 1101 1049 1102 1050 1103 1051 1104 1052 1102 1050 1104 1052 1105 1053 1103 1051 1106 1054 1107 1055 1103 1051 1107 1055 1104 1052 1106 1054 1108 1056 1109 1057 1106 1054 1109 1057 1107 1055 1108 1056 1102 1050 1105 1053 1108 1056 1105 1053 1109 1057 1105 1053 1104 1052 1110 1058 1105 1053 1110 1058 1111 1059 1104 1052 1107 1055 1112 1060 1104 1052 1112 1060 1110 1058 1107 1055 1109 1057 1113 1061 1107 1055 1113 1061 1112 1060 1109 1057 1105 1053 1111 1059 1109 1057 1111 1059 1113 1061 1114 1062 1115 1063 1116 1064 1114 1062 1116 1064 1117 1065 1115 1063 1118 1066 1119 1067 1115 1063 1119 1067 1116 1064 1118 1066 1120 1068 1121 1069 1118 1066 1121 1069 1119 1067 1120 1068 1122 1070 1123 1071 1120 1068 1123 1071 1121 1069 1122 1070 1124 1072 1125 1073 1122 1070 1125 1073 1123 1071 1124 1072 1114 1062 1117 1065 1124 1072 1117 1065 1125 1073 1117 1065 1116 1064 1126 1074 1117 1065 1126 1074 1127 1075 1116 1064 1119 1067 1128 1076 1116 1064 1128 1076 1126 1074 1119 1067 1121 1069 1129 1077 1119 1067 1129 1077 1128 1076 1121 1069 1123 1071 1130 1078 1121 1069 1130 1078 1129 1077 1123 1071 1125 1073 1131 1079 1123 1071 1131 1079 1130 1078 1125 1073 1117 1065 1127 1075 1125 1073 1127 1075 1131 1079 1127 1075 1126 1074 1132 1080 1127 1075 1132 1080 1133 1081 1126 1074 1128 1076 1134 1082 1126 1074 1134 1082 1132 1080 1128 1076 1129 1077 1135 1083 1128 1076 1135 1083 1134 1082 1129 1077 1130 1078 1136 1084 1129 1077 1136 1084 1135 1083 1130 1078 1131 1079 1137 1085 1130 1078 1137 1085 1136 1084 1131 1079 1127 1075 1133 1081 1131 1079 1133 1081 1137 1085 1133 1081 1132 1080 1138 1086 1133 1081 1138 1086 1139 1087 1132 1080 1134 1082 1140 1088 1132 1080 1140 1088 1138 1086 1134 1082 1135 1083 1141 1089 1134 1082 1141 1089 1140 1088 1135 1083 1136 1084 1142 1090 1135 1083 1142 1090 1141 1089 1136 1084 1137 1085 1143 1091 1136 1084 1143 1091 1142 1090 1137 1085 1133 1081 1139 1087 1137 1085 1139 1087 1143 1091 1139 1087 1138 1086 1144 1092 1139 1087 1144 1092 1145 1093 1138 1086 1140 1088 1146 1094 1138 1086 1146 1094 1144 1092 1140 1088 1141 1089 1147 1095 1140 1088 1147 1095 1146 1094 1141 1089 1142 1090 1148 1096 1141 1089 1148 1096 1147 1095 1142 1090 1143 1091 1149 1097 1142 1090 1149 1097 1148 1096 1143 1091 1139 1087 1145 1093 1143 1091 1145 1093 1149 1097 1145 1093 1144 1092 1150 1098 1145 1093 1150 1098 1151 1099 1144 1092 1146 1094 1152 1100 1144 1092 1152 1100 1150 1098 1146 1094 1147 1095 1153 1101 1146 1094 1153 1101 1152 1100 1147 1095 1148 1096 1154 1102 1147 1095 1154 1102 1153 1101 1148 1096 1149 1097 1155 1103 1148 1096 1155 1103 1154 1102 1149 1097 1145 1093 1151 1099 1149 1097 1151 1099 1155 1103 1114 1062 1115 1063 1156 1104 1115 1063 1118 1066 1156 1104 1118 1066 1120 1068 1156 1104 1120 1068 1122 1070 1156 1104 1122 1070 1124 1072 1156 1104 1124 1072 1114 1062 1156 1104 1150 1098 1151 1099 1157 1105 1152 1100 1150 1098 1157 1105 1153 1101 1152 1100 1157 1105 1154 1102 1153 1101 1157 1105 1155 1103 1154 1102 1157 1105 1151 1099 1155 1103 1157 1105 1158 1106 1159 1107 1160 1108 1158 1106 1160 1108 1161 1109 1159 1107 1162 1110 1163 1111 1159 1107 1163 1111 1160 1108 1162 1110 1164 1112 1165 1113 1162 1110 1165 1113 1163 1111 1164 1112 1158 1106 1161 1109 1164 1112 1161 1109 1165 1113 1161 1109 1160 1108 1166 1114 1161 1109 1166 1114 1167 1115 1160 1108 1163 1111 1168 1116 1160 1108 1168 1116 1166 1114 1163 1111 1165 1113 1169 1117 1163 1111 1169 1117 1168 1116 1165 1113 1161 1109 1167 1115 1165 1113 1167 1115 1169 1117 1170 1118 1171 1119 1172 1120 1170 1118 1172 1120 1173 1121 1171 1119 1174 1122 1175 1123 1171 1119 1175 1123 1172 1120 1174 1122 1176 1124 1177 1125 1174 1122 1177 1125 1175 1123 1176 1124 1170 1118 1173 1121 1176 1124 1173 1121 1177 1125 1173 1121 1172 1120 1178 1126 1173 1121 1178 1126 1179 1127 1172 1120 1175 1123 1180 1128 1172 1120 1180 1128 1178 1126 1175 1123 1177 1125 1181 1129 1175 1123 1181 1129 1180 1128 1177 1125 1173 1121 1179 1127 1177 1125 1179 1127 1181 1129 1182 1130 1183 1131 1184 1132 1182 1130 1184 1132 1185 1133 1183 1131 1186 1134 1187 1135 1183 1131 1187 1135 1184 1132 1186 1134 1188 1136 1189 1137 1186 1134 1189 1137 1187 1135 1188 1136 1182 1130 1185 1133 1188 1136 1185 1133 1189 1137 1185 1133 1184 1132 1190 1138 1185 1133 1190 1138 1191 1139 1184 1132 1187 1135 1192 1140 1184 1132 1192 1140 1190 1138 1187 1135 1189 1137 1193 1141 1187 1135 1193 1141 1192 1140 1189 1137 1185 1133 1191 1139 1189 1137 1191 1139 1193 1141 1194 1142 1195 1143 1196 1144 1194 1142 1196 1144 1197 1145 1195 1143 1198 1146 1199 1146 1195 1143 1199 1146 1196 1144 1198 1146 1200 1147 1201 1148 1198 1146 1201 1148 1199 1146 1200 1147 1194 1142 1197 1145 1200 1147 1197 1145 1201 1148 1197 1145 1196 1144 1202 1149 1197 1145 1202 1149 1203 1150 1196 1144 1199 1146 1204 1151 1196 1144 1204 1151 1202 1149 1199 1146 1201 1148 1205 1152 1199 1146 1205 1152 1204 1151 1201 1148 1197 1145 1203 1150 1201 1148 1203 1150 1205 1152 1206 1153 1207 1154 1208 1155 1206 1153 1208 1155 1209 1156 1207 1154 1210 1157 1211 1157 1207 1154 1211 1157 1208 1155 1210 1157 1212 1158 1213 1158 1210 1157 1213 1158 1211 1157 1212 1158 1206 1153 1209 1156 1212 1158 1209 1156 1213 1158 1209 1156 1208 1155 1214 1159 1209 1156 1214 1159 1215 1160 1208 1155 1211 1157 1216 1161 1208 1155 1216 1161 1214 1159 1211 1157 1213 1158 1217 1162 1211 1157 1217 1162 1216 1161 1213 1158 1209 1156 1215 1160 1213 1158 1215 1160 1217 1162 1218 1163 1219 1164 1220 1165 1218 1163 1220 1165 1221 1166 1219 1164 1222 1167 1223 1168 1219 1164 1223 1168 1220 1165 1222 1167 1224 1169 1225 1170 1222 1167 1225 1170 1223 1168 1224 1169 1218 1163 1221 1166 1224 1169 1221 1166 1225 1170 1221 1166 1220 1165 1226 1171 1221 1166 1226 1171 1227 1172 1220 1165 1223 1168 1228 1173 1220 1165 1228 1173 1226 1171 1223 1168 1225 1170 1229 1174 1223 1168 1229 1174 1228 1173 1225 1170 1221 1166 1227 1172 1225 1170 1227 1172 1229 1174 1230 1175 1231 1176 1232 1177 1230 1175 1232 1177 1233 1178 1231 1176 1234 1179 1235 1180 1231 1176 1235 1180 1232 1177 1234 1179 1236 1181 1237 1182 1234 1179 1237 1182 1235 1180 1236 1181 1230 1175 1233 1178 1236 1181 1233 1178 1237 1182 1233 1178 1232 1177 1238 1183 1233 1178 1238 1183 1239 1184 1232 1177 1235 1180 1240 1185 1232 1177 1240 1185 1238 1183 1235 1180 1237 1182 1241 1186 1235 1180 1241 1186 1240 1185 1237 1182 1233 1178 1239 1184 1237 1182 1239 1184 1241 1186 1238 1183 1239 1184 1242 1187 1240 1185 1238 1183 1242 1187 1241 1186 1240 1185 1242 1187 1239 1184 1241 1186 1242 1187 1243 1188 1244 1189 1245 1190 1243 1188 1245 1190 1246 1191 1244 1189 1247 1192 1248 1193 1244 1189 1248 1193 1245 1190 1247 1192 1249 1194 1250 1195 1247 1192 1250 1195 1248 1193 1249 1194 1251 1196 1252 1197 1249 1194 1252 1197 1250 1195 1251 1196 1253 1198 1254 1199 1251 1196 1254 1199 1252 1197 1253 1198 1243 1188 1246 1191 1253 1198 1246 1191 1254 1199 1246 1191 1245 1190 1255 1200 1246 1191 1255 1200 1256 1201 1245 1190 1248 1193 1257 1202 1245 1190 1257 1202 1255 1200 1248 1193 1250 1195 1258 1203 1248 1193 1258 1203 1257 1202 1250 1195 1252 1197 1259 1204 1250 1195 1259 1204 1258 1203 1252 1197 1254 1199 1260 1205 1252 1197 1260 1205 1259 1204 1254 1199 1246 1191 1256 1201 1254 1199 1256 1201 1260 1205 1256 1201 1255 1200 1261 1206 1256 1201 1261 1206 1262 1207 1255 1200 1257 1202 1263 1208 1255 1200 1263 1208 1261 1206 1257 1202 1258 1203 1264 1209 1257 1202 1264 1209 1263 1208 1258 1203 1259 1204 1265 1210 1258 1203 1265 1210 1264 1209 1259 1204 1260 1205 1266 1211 1259 1204 1266 1211 1265 1210 1260 1205 1256 1201 1262 1207 1260 1205 1262 1207 1266 1211 1262 1207 1261 1206 1267 1212 1262 1207 1267 1212 1268 1213 1261 1206 1263 1208 1269 1214 1261 1206 1269 1214 1267 1212 1263 1208 1264 1209 1270 1215 1263 1208 1270 1215 1269 1214 1264 1209 1265 1210 1271 1216 1264 1209 1271 1216 1270 1215 1265 1210 1266 1211 1272 1217 1265 1210 1272 1217 1271 1216 1266 1211 1262 1207 1268 1213 1266 1211 1268 1213 1272 1217 1268 1213 1267 1212 1273 1218 1268 1213 1273 1218 1274 1219 1267 1212 1269 1214 1275 1220 1267 1212 1275 1220 1273 1218 1269 1214 1270 1215 1276 1221 1269 1214 1276 1221 1275 1220 1270 1215 1271 1216 1277 1222 1270 1215 1277 1222 1276 1221 1271 1216 1272 1217 1278 1223 1271 1216 1278 1223 1277 1222 1272 1217 1268 1213 1274 1219 1272 1217 1274 1219 1278 1223 1274 1219 1273 1218 1279 1224 1274 1219 1279 1224 1280 1225 1273 1218 1275 1220 1281 1226 1273 1218 1281 1226 1279 1224 1275 1220 1276 1221 1282 1227 1275 1220 1282 1227 1281 1226 1276 1221 1277 1222 1283 1228 1276 1221 1283 1228 1282 1227 1277 1222 1278 1223 1284 1229 1277 1222 1284 1229 1283 1228 1278 1223 1274 1219 1280 1225 1278 1223 1280 1225 1284 1229 1243 1188 1244 1189 1285 1230 1244 1189 1247 1192 1285 1230 1247 1192 1249 1194 1285 1230 1249 1194 1251 1196 1285 1230 1251 1196 1253 1198 1285 1230 1253 1198 1243 1188 1285 1230 1279 1224 1280 1225 1286 1231 1281 1226 1279 1224 1286 1231 1282 1227 1281 1226 1286 1231 1283 1228 1282 1227 1286 1231 1284 1229 1283 1228 1286 1231 1280 1225 1284 1229 1286 1231 1287 1232 1288 1233 1289 1233 1287 1232 1289 1233 1290 1234 1288 1233 1291 1235 1292 1236 1288 1233 1292 1236 1289 1233 1291 1235 1293 1237 1294 1238 1291 1235 1294 1238 1292 1236 1293 1237 1287 1232 1290 1234 1293 1237 1290 1234 1294 1238 1290 1234 1289 1233 1295 1239 1290 1234 1295 1239 1296 1240 1289 1233 1292 1236 1297 1241 1289 1233 1297 1241 1295 1239 1292 1236 1294 1238 1298 1242 1292 1236 1298 1242 1297 1241 1294 1238 1290 1234 1296 1240 1294 1238 1296 1240 1298 1242 1299 1243 1300 1244 1301 1245 1299 1243 1301 1245 1302 1246 1300 1244 1303 1247 1304 1248 1300 1244 1304 1248 1301 1245 1303 1247 1305 1249 1306 1250 1303 1247 1306 1250 1304 1248 1305 1249 1299 1243 1302 1246 1305 1249 1302 1246 1306 1250 1302 1246 1301 1245 1307 1251 1302 1246 1307 1251 1308 1252 1301 1245 1304 1248 1309 1253 1301 1245 1309 1253 1307 1251 1304 1248 1306 1250 1310 1250 1304 1248 1310 1250 1309 1253 1306 1250 1302 1246 1308 1252 1306 1250 1308 1252 1310 1250 1311 1254 1312 1255 1313 1256 1311 1254 1313 1256 1314 1257 1312 1255 1315 1258 1316 1259 1312 1255 1316 1259 1313 1256 1315 1258 1317 1260 1318 1261 1315 1258 1318 1261 1316 1259 1317 1260 1311 1254 1314 1257 1317 1260 1314 1257 1318 1261 1314 1257 1313 1256 1319 1262 1314 1257 1319 1262 1320 1263 1313 1256 1316 1259 1321 1259 1313 1256 1321 1259 1319 1262 1316 1259 1318 1261 1322 1264 1316 1259 1322 1264 1321 1259 1318 1261 1314 1257 1320 1263 1318 1261 1320 1263 1322 1264 1323 1265 1324 1266 1325 1267 1323 1265 1325 1267 1326 1268 1324 1266 1327 1269 1328 1270 1324 1266 1328 1270 1325 1267 1327 1269 1329 1271 1330 1272 1327 1269 1330 1272 1328 1270 1329 1271 1323 1265 1326 1268 1329 1271 1326 1268 1330 1272 1326 1268 1325 1267 1331 1273 1326 1268 1331 1273 1332 1274 1325 1267 1328 1270 1333 1275 1325 1267 1333 1275 1331 1273 1328 1270 1330 1272 1334 1276 1328 1270 1334 1276 1333 1275 1330 1272 1326 1268 1332 1274 1330 1272 1332 1274 1334 1276 1335 1277 1336 1278 1337 1279 1335 1277 1337 1279 1338 1280 1336 1278 1339 1281 1340 1282 1336 1278 1340 1282 1337 1279 1339 1281 1341 1283 1342 1283 1339 1281 1342 1283 1340 1282 1341 1283 1335 1277 1338 1280 1341 1283 1338 1280 1342 1283 1338 1280 1337 1279 1343 1284 1338 1280 1343 1284 1344 1280 1337 1279 1340 1282 1345 1285 1337 1279 1345 1285 1343 1284 1340 1282 1342 1283 1346 1286 1340 1282 1346 1286 1345 1285 1342 1283 1338 1280 1344 1280 1342 1283 1344 1280 1346 1286 1347 1287 1348 1288 1349 1289 1347 1287 1349 1289 1350 1290 1348 1288 1351 1291 1352 1292 1348 1288 1352 1292 1349 1289 1351 1291 1353 1293 1354 1294 1351 1291 1354 1294 1352 1292 1353 1293 1347 1287 1350 1290 1353 1293 1350 1290 1354 1294 1350 1290 1349 1289 1355 1295 1350 1290 1355 1295 1356 1296 1349 1289 1352 1292 1357 1297 1349 1289 1357 1297 1355 1295 1352 1292 1354 1294 1358 1298 1352 1292 1358 1298 1357 1297 1354 1294 1350 1290 1356 1296 1354 1294 1356 1296 1358 1298 1359 1299 1360 1300 1361 1301 1359 1299 1361 1301 1362 1302 1360 1300 1363 1303 1364 1304 1360 1300 1364 1304 1361 1301 1363 1303 1365 1305 1366 1306 1363 1303 1366 1306 1364 1304 1365 1305 1367 1307 1368 1308 1365 1305 1368 1308 1366 1306 1367 1307 1369 1309 1370 1310 1367 1307 1370 1310 1368 1308 1369 1309 1359 1299 1362 1302 1369 1309 1362 1302 1370 1310 1362 1302 1361 1301 1371 1311 1362 1302 1371 1311 1372 1312 1361 1301 1364 1304 1373 1313 1361 1301 1373 1313 1371 1311 1364 1304 1366 1306 1374 1314 1364 1304 1374 1314 1373 1313 1366 1306 1368 1308 1375 1315 1366 1306 1375 1315 1374 1314 1368 1308 1370 1310 1376 1316 1368 1308 1376 1316 1375 1315 1370 1310 1362 1302 1372 1312 1370 1310 1372 1312 1376 1316 1372 1312 1371 1311 1377 1317 1372 1312 1377 1317 1378 1318 1371 1311 1373 1313 1379 1319 1371 1311 1379 1319 1377 1317 1373 1313 1374 1314 1380 1320 1373 1313 1380 1320 1379 1319 1374 1314 1375 1315 1381 1321 1374 1314 1381 1321 1380 1320 1375 1315 1376 1316 1382 1322 1375 1315 1382 1322 1381 1321 1376 1316 1372 1312 1378 1318 1376 1316 1378 1318 1382 1322 1378 1318 1377 1317 1383 1323 1378 1318 1383 1323 1384 1324 1377 1317 1379 1319 1385 1325 1377 1317 1385 1325 1383 1323 1379 1319 1380 1320 1386 1326 1379 1319 1386 1326 1385 1325 1380 1320 1381 1321 1387 1327 1380 1320 1387 1327 1386 1326 1381 1321 1382 1322 1388 1328 1381 1321 1388 1328 1387 1327 1382 1322 1378 1318 1384 1324 1382 1322 1384 1324 1388 1328 1384 1324 1383 1323 1389 1329 1384 1324 1389 1329 1390 1330 1383 1323 1385 1325 1391 1331 1383 1323 1391 1331 1389 1329 1385 1325 1386 1326 1392 1332 1385 1325 1392 1332 1391 1331 1386 1326 1387 1327 1393 1333 1386 1326 1393 1333 1392 1332 1387 1327 1388 1328 1394 1334 1387 1327 1394 1334 1393 1333 1388 1328 1384 1324 1390 1330 1388 1328 1390 1330 1394 1334 1390 1330 1389 1329 1395 1335 1390 1330 1395 1335 1396 1336 1389 1329 1391 1331 1397 1337 1389 1329 1397 1337 1395 1335 1391 1331 1392 1332 1398 1338 1391 1331 1398 1338 1397 1337 1392 1332 1393 1333 1399 1339 1392 1332 1399 1339 1398 1338 1393 1333 1394 1334 1400 1340 1393 1333 1400 1340 1399 1339 1394 1334 1390 1330 1396 1336 1394 1334 1396 1336 1400 1340 1359 1299 1360 1300 1401 1341 1360 1300 1363 1303 1401 1341 1363 1303 1365 1305 1401 1341 1365 1305 1367 1307 1401 1341 1367 1307 1369 1309 1401 1341 1369 1309 1359 1299 1401 1341 1395 1335 1396 1336 1402 1342 1397 1337 1395 1335 1402 1342 1398 1338 1397 1337 1402 1342 1399 1339 1398 1338 1402 1342 1400 1340 1399 1339 1402 1342 1396 1336 1400 1340 1402 1342 1403 1343 1404 1344 1405 1345 1403 1343 1405 1345 1406 1346 1404 1344 1407 1347 1408 1348 1404 1344 1408 1348 1405 1345 1407 1347 1409 1349 1410 1350 1407 1347 1410 1350 1408 1348 1409 1349 1403 1343 1406 1346 1409 1349 1406 1346 1410 1350 1406 1346 1405 1345 1411 1351 1406 1346 1411 1351 1412 1352 1405 1345 1408 1348 1413 1353 1405 1345 1413 1353 1411 1351 1408 1348 1410 1350 1414 1354 1408 1348 1414 1354 1413 1353 1410 1350 1406 1346 1412 1352 1410 1350 1412 1352 1414 1354 1415 1355 1416 1356 1417 1357 1415 1355 1417 1357 1418 1358 1416 1356 1419 1359 1420 1360 1416 1356 1420 1360 1417 1357 1419 1359 1421 1361 1422 1362 1419 1359 1422 1362 1420 1360 1421 1361 1415 1355 1418 1358 1421 1361 1418 1358 1422 1362 1418 1358 1417 1357 1423 1363 1418 1358 1423 1363 1424 1364 1417 1357 1420 1360 1425 1365 1417 1357 1425 1365 1423 1363 1420 1360 1422 1362 1426 1366 1420 1360 1426 1366 1425 1365 1422 1362 1418 1358 1424 1364 1422 1362 1424 1364 1426 1366 1427 1367 1428 1368 1429 1369 1427 1367 1429 1369 1430 1370 1428 1368 1431 1371 1432 1371 1428 1368 1432 1371 1429 1369 1431 1371 1433 1372 1434 1373 1431 1371 1434 1373 1432 1371 1433 1372 1427 1367 1430 1370 1433 1372 1430 1370 1434 1373 1430 1370 1429 1369 1435 1374 1430 1370 1435 1374 1436 1375 1429 1369 1432 1371 1437 1376 1429 1369 1437 1376 1435 1374 1432 1371 1434 1373 1438 1377 1432 1371 1438 1377 1437 1376 1434 1373 1430 1370 1436 1375 1434 1373 1436 1375 1438 1377 1439 1378 1440 1379 1441 1380 1439 1378 1441 1380 1442 1381 1440 1379 1443 1382 1444 1383 1440 1379 1444 1383 1441 1380 1443 1382 1445 1384 1446 1385 1443 1382 1446 1385 1444 1383 1445 1384 1439 1378 1442 1381 1445 1384 1442 1381 1446 1385 1442 1381 1441 1380 1447 1386 1442 1381 1447 1386 1448 1387 1441 1380 1444 1383 1449 1383 1441 1380 1449 1383 1447 1386 1444 1383 1446 1385 1450 1388 1444 1383 1450 1388 1449 1383 1446 1385 1442 1381 1448 1387 1446 1385 1448 1387 1450 1388 1451 1389 1452 1390 1453 1391 1451 1389 1453 1391 1454 1392 1452 1390 1455 1393 1456 1394 1452 1390 1456 1394 1453 1391 1455 1393 1457 1395 1458 1396 1455 1393 1458 1396 1456 1394 1457 1395 1459 1397 1460 1398 1457 1395 1460 1398 1458 1396 1459 1397 1461 1399 1462 1400 1459 1397 1462 1400 1460 1398 1461 1399 1451 1389 1454 1392 1461 1399 1454 1392 1462 1400 1454 1392 1453 1391 1463 1401 1454 1392 1463 1401 1464 1402 1453 1391 1456 1394 1465 1403 1453 1391 1465 1403 1463 1401 1456 1394 1458 1396 1466 1404 1456 1394 1466 1404 1465 1403 1458 1396 1460 1398 1467 1405 1458 1396 1467 1405 1466 1404 1460 1398 1462 1400 1468 1406 1460 1398 1468 1406 1467 1405 1462 1400 1454 1392 1464 1402 1462 1400 1464 1402 1468 1406 1464 1402 1463 1401 1469 1407 1464 1402 1469 1407 1470 1408 1463 1401 1465 1403 1471 1409 1463 1401 1471 1409 1469 1407 1465 1403 1466 1404 1472 1410 1465 1403 1472 1410 1471 1409 1466 1404 1467 1405 1473 1411 1466 1404 1473 1411 1472 1410 1467 1405 1468 1406 1474 1412 1467 1405 1474 1412 1473 1411 1468 1406 1464 1402 1470 1408 1468 1406 1470 1408 1474 1412 1470 1408 1469 1407 1475 1413 1470 1408 1475 1413 1476 1414 1469 1407 1471 1409 1477 1415 1469 1407 1477 1415 1475 1413 1471 1409 1472 1410 1478 1416 1471 1409 1478 1416 1477 1415 1472 1410 1473 1411 1479 1417 1472 1410 1479 1417 1478 1416 1473 1411 1474 1412 1480 1418 1473 1411 1480 1418 1479 1417 1474 1412 1470 1408 1476 1414 1474 1412 1476 1414 1480 1418 1476 1414 1475 1413 1481 1419 1476 1414 1481 1419 1482 1420 1475 1413 1477 1415 1483 1421 1475 1413 1483 1421 1481 1419 1477 1415 1478 1416 1484 1422 1477 1415 1484 1422 1483 1421 1478 1416 1479 1417 1485 1423 1478 1416 1485 1423 1484 1422 1479 1417 1480 1418 1486 1424 1479 1417 1486 1424 1485 1423 1480 1418 1476 1414 1482 1420 1480 1418 1482 1420 1486 1424 1482 1420 1481 1419 1487 1425 1482 1420 1487 1425 1488 1426 1481 1419 1483 1421 1489 1427 1481 1419 1489 1427 1487 1425 1483 1421 1484 1422 1490 1428 1483 1421 1490 1428 1489 1427 1484 1422 1485 1423 1491 1429 1484 1422 1491 1429 1490 1428 1485 1423 1486 1424 1492 1430 1485 1423 1492 1430 1491 1429 1486 1424 1482 1420 1488 1426 1486 1424 1488 1426 1492 1430 1451 1389 1452 1390 1493 1431 1452 1390 1455 1393 1493 1431 1455 1393 1457 1395 1493 1431 1457 1395 1459 1397 1493 1431 1459 1397 1461 1399 1493 1431 1461 1399 1451 1389 1493 1431 1487 1425 1488 1426 1494 1432 1489 1427 1487 1425 1494 1432 1490 1428 1489 1427 1494 1432 1491 1429 1490 1428 1494 1432 1492 1430 1491 1429 1494 1432 1488 1426 1492 1430 1494 1432 1495 1433 1496 1434 1497 1434 1495 1433 1497 1434 1498 1435 1496 1434 1499 1436 1500 1437 1496 1434 1500 1437 1497 1434 1499 1436 1501 1438 1502 1439 1499 1436 1502 1439 1500 1437 1501 1438 1495 1433 1498 1435 1501 1438 1498 1435 1502 1439 1498 1435 1497 1434 1503 1440 1498 1435 1503 1440 1504 1441 1497 1434 1500 1437 1505 1442 1497 1434 1505 1442 1503 1440 1500 1437 1502 1439 1506 1443 1500 1437 1506 1443 1505 1442 1502 1439 1498 1435 1504 1441 1502 1439 1504 1441 1506 1443 1507 1444 1508 1445 1509 1445 1507 1444 1509 1445 1510 1444 1508 1445 1511 1446 1512 1447 1508 1445 1512 1447 1509 1445 1511 1446 1513 1448 1514 1449 1511 1446 1514 1449 1512 1447 1513 1448 1507 1444 1510 1444 1513 1448 1510 1444 1514 1449 1510 1444 1509 1445 1515 1450 1510 1444 1515 1450 1516 1451 1509 1445 1512 1447 1517 1452 1509 1445 1517 1452 1515 1450 1512 1447 1514 1449 1518 1453 1512 1447 1518 1453 1517 1452 1514 1449 1510 1444 1516 1451 1514 1449 1516 1451 1518 1453 1519 1454 1520 1455 1521 1456 1519 1454 1521 1456 1522 1457 1520 1455 1523 1458 1524 1459 1520 1455 1524 1459 1521 1456 1523 1458 1525 1460 1526 1461 1523 1458 1526 1461 1524 1459 1525 1460 1519 1454 1522 1457 1525 1460 1522 1457 1526 1461 1522 1457 1521 1456 1527 1462 1522 1457 1527 1462 1528 1463 1521 1456 1524 1459 1529 1464 1521 1456 1529 1464 1527 1462 1524 1459 1526 1461 1530 1465 1524 1459 1530 1465 1529 1464 1526 1461 1522 1457 1528 1463 1526 1461 1528 1463 1530 1465 1531 1466 1532 1467 1533 1468 1531 1466 1533 1468 1534 1469 1532 1467 1535 1470 1536 1470 1532 1467 1536 1470 1533 1468 1535 1470 1537 1471 1538 1472 1535 1470 1538 1472 1536 1470 1537 1471 1531 1466 1534 1469 1537 1471 1534 1469 1538 1472 1534 1469 1533 1468 1539 1473 1534 1469 1539 1473 1540 1474 1533 1468 1536 1470 1541 1475 1533 1468 1541 1475 1539 1473 1536 1470 1538 1472 1542 1476 1536 1470 1542 1476 1541 1475 1538 1472 1534 1469 1540 1474 1538 1472 1540 1474 1542 1476 1543 1477 1544 1478 1545 1479 1543 1477 1545 1479 1546 1480 1544 1478 1547 1481 1548 1482 1544 1478 1548 1482 1545 1479 1547 1481 1549 1483 1550 1483 1547 1481 1550 1483 1548 1482 1549 1483 1543 1477 1546 1480 1549 1483 1546 1480 1550 1483 1546 1480 1545 1479 1551 1484 1546 1480 1551 1484 1552 1480 1545 1479 1548 1482 1553 1485 1545 1479 1553 1485 1551 1484 1548 1482 1550 1483 1554 1486 1548 1482 1554 1486 1553 1485 1550 1483 1546 1480 1552 1480 1550 1483 1552 1480 1554 1486 1555 1487 1556 1488 1557 1489 1555 1487 1557 1489 1558 1490 1556 1488 1559 1491 1560 1492 1556 1488 1560 1492 1557 1489 1559 1491 1561 1493 1562 1494 1559 1491 1562 1494 1560 1492 1561 1493 1555 1487 1558 1490 1561 1493 1558 1490 1562 1494 1558 1490 1557 1489 1563 1495 1558 1490 1563 1495 1564 1496 1557 1489 1560 1492 1565 1497 1557 1489 1565 1497 1563 1495 1560 1492 1562 1494 1566 1498 1560 1492 1566 1498 1565 1497 1562 1494 1558 1490 1564 1496 1562 1494 1564 1496 1566 1498 1567 1499 1568 1500 1569 1501 1567 1499 1569 1501 1570 1502 1568 1500 1571 1503 1572 1504 1568 1500 1572 1504 1569 1501 1571 1503 1573 1505 1574 1506 1571 1503 1574 1506 1572 1504 1573 1505 1567 1499 1570 1502 1573 1505 1570 1502 1574 1506 1570 1502 1569 1501 1575 1507 1570 1502 1575 1507 1576 1508 1569 1501 1572 1504 1577 1509 1569 1501 1577 1509 1575 1507 1572 1504 1574 1506 1578 1510 1572 1504 1578 1510 1577 1509 1574 1506 1570 1502 1576 1508 1574 1506 1576 1508 1578 1510 1575 1507 1576 1508 1579 1511 1577 1509 1575 1507 1579 1511 1578 1510 1577 1509 1579 1511 1576 1508 1578 1510 1579 1511 1580 1512 1581 1513 1582 1514 1580 1512 1582 1514 1583 1515 1581 1513 1584 1516 1585 1517 1581 1513 1585 1517 1582 1514 1584 1516 1586 1518 1587 1519 1584 1516 1587 1519 1585 1517 1586 1518 1588 1520 1589 1521 1586 1518 1589 1521 1587 1519 1588 1520 1590 1522 1591 1523 1588 1520 1591 1523 1589 1521 1590 1522 1580 1512 1583 1515 1590 1522 1583 1515 1591 1523 1583 1515 1582 1514 1592 1524 1583 1515 1592 1524 1593 1525 1582 1514 1585 1517 1594 1526 1582 1514 1594 1526 1592 1524 1585 1517 1587 1519 1595 1527 1585 1517 1595 1527 1594 1526 1587 1519 1589 1521 1596 1528 1587 1519 1596 1528 1595 1527 1589 1521 1591 1523 1597 1529 1589 1521 1597 1529 1596 1528 1591 1523 1583 1515 1593 1525 1591 1523 1593 1525 1597 1529 1593 1525 1592 1524 1598 1530 1593 1525 1598 1530 1599 1531 1592 1524 1594 1526 1600 1532 1592 1524 1600 1532 1598 1530 1594 1526 1595 1527 1601 1533 1594 1526 1601 1533 1600 1532 1595 1527 1596 1528 1602 1534 1595 1527 1602 1534 1601 1533 1596 1528 1597 1529 1603 1535 1596 1528 1603 1535 1602 1534 1597 1529 1593 1525 1599 1531 1597 1529 1599 1531 1603 1535 1599 1531 1598 1530 1604 1536 1599 1531 1604 1536 1605 1537 1598 1530 1600 1532 1606 1538 1598 1530 1606 1538 1604 1536 1600 1532 1601 1533 1607 1539 1600 1532 1607 1539 1606 1538 1601 1533 1602 1534 1608 1540 1601 1533 1608 1540 1607 1539 1602 1534 1603 1535 1609 1541 1602 1534 1609 1541 1608 1540 1603 1535 1599 1531 1605 1537 1603 1535 1605 1537 1609 1541 1605 1537 1604 1536 1610 1542 1605 1537 1610 1542 1611 1543 1604 1536 1606 1538 1612 1544 1604 1536 1612 1544 1610 1542 1606 1538 1607 1539 1613 1545 1606 1538 1613 1545 1612 1544 1607 1539 1608 1540 1614 1546 1607 1539 1614 1546 1613 1545 1608 1540 1609 1541 1615 1547 1608 1540 1615 1547 1614 1546 1609 1541 1605 1537 1611 1543 1609 1541 1611 1543 1615 1547 1611 1543 1610 1542 1616 1548 1611 1543 1616 1548 1617 1549 1610 1542 1612 1544 1618 1550 1610 1542 1618 1550 1616 1548 1612 1544 1613 1545 1619 1551 1612 1544 1619 1551 1618 1550 1613 1545 1614 1546 1620 1552 1613 1545 1620 1552 1619 1551 1614 1546 1615 1547 1621 1553 1614 1546 1621 1553 1620 1552 1615 1547 1611 1543 1617 1549 1615 1547 1617 1549 1621 1553 1580 1512 1581 1513 1622 1554 1581 1513 1584 1516 1622 1554 1584 1516 1586 1518 1622 1554 1586 1518 1588 1520 1622 1554 1588 1520 1590 1522 1622 1554 1590 1522 1580 1512 1622 1554 1616 1548 1617 1549 1623 1555 1618 1550 1616 1548 1623 1555 1619 1551 1618 1550 1623 1555 1620 1552 1619 1551 1623 1555 1621 1553 1620 1552 1623 1555 1617 1549 1621 1553 1623 1555 1624 1556 1625 1557 1626 1557 1624 1556 1626 1557 1627 1558 1625 1557 1628 1559 1629 1560 1625 1557 1629 1560 1626 1557 1628 1559 1630 1561 1631 1562 1628 1559 1631 1562 1629 1560 1630 1561 1624 1556 1627 1558 1630 1561 1627 1558 1631 1562 1627 1558 1626 1557 1632 1563 1627 1558 1632 1563 1633 1564 1626 1557 1629 1560 1634 1565 1626 1557 1634 1565 1632 1563 1629 1560 1631 1562 1635 1562 1629 1560 1635 1562 1634 1565 1631 1562 1627 1558 1633 1564 1631 1562 1633 1564 1635 1562 1636 1566 1637 1567 1638 1568 1636 1566 1638 1568 1639 1569 1637 1567 1640 1570 1641 1571 1637 1567 1641 1571 1638 1568 1640 1570 1642 1572 1643 1573 1640 1570 1643 1573 1641 1571 1642 1572 1636 1566 1639 1569 1642 1572 1639 1569 1643 1573 1639 1569 1638 1568 1644 1574 1639 1569 1644 1574 1645 1575 1638 1568 1641 1571 1646 1576 1638 1568 1646 1576 1644 1574 1641 1571 1643 1573 1647 1577 1641 1571 1647 1577 1646 1576 1643 1573 1639 1569 1645 1575 1643 1573 1645 1575 1647 1577 1648 1578 1649 1579 1650 1580 1648 1578 1650 1580 1651 1581 1649 1579 1652 1582 1653 1583 1649 1579 1653 1583 1650 1580 1652 1582 1654 1584 1655 1585 1652 1582 1655 1585 1653 1583 1654 1584 1648 1578 1651 1581 1654 1584 1651 1581 1655 1585 1651 1581 1650 1580 1656 1586 1651 1581 1656 1586 1657 1587 1650 1580 1653 1583 1658 1583 1650 1580 1658 1583 1656 1586 1653 1583 1655 1585 1659 1588 1653 1583 1659 1588 1658 1583 1655 1585 1651 1581 1657 1587 1655 1585 1657 1587 1659 1588 1660 1589 1661 1590 1662 1591 1660 1589 1662 1591 1663 1592 1661 1590 1664 1593 1665 1594 1661 1590 1665 1594 1662 1591 1664 1593 1666 1595 1667 1596 1664 1593 1667 1596 1665 1594 1666 1595 1660 1589 1663 1592 1666 1595 1663 1592 1667 1596 1663 1592 1662 1591 1668 1597 1663 1592 1668 1597 1669 1598 1662 1591 1665 1594 1670 1599 1662 1591 1670 1599 1668 1597 1665 1594 1667 1596 1671 1596 1665 1594 1671 1596 1670 1599 1667 1596 1663 1592 1669 1598 1667 1596 1669 1598 1671 1596 1672 1600 1673 1601 1674 1602 1672 1600 1674 1602 1675 1603 1673 1601 1676 1604 1677 1605 1673 1601 1677 1605 1674 1602 1676 1604 1678 1606 1679 1607 1676 1604 1679 1607 1677 1605 1678 1606 1672 1600 1675 1603 1678 1606 1675 1603 1679 1607 1675 1603 1674 1602 1680 1608 1675 1603 1680 1608 1681 1609 1674 1602 1677 1605 1682 1610 1674 1602 1682 1610 1680 1608 1677 1605 1679 1607 1683 1611 1677 1605 1683 1611 1682 1610 1679 1607 1675 1603 1681 1609 1679 1607 1681 1609 1683 1611 1684 1612 1685 1613 1686 1613 1684 1612 1686 1613 1687 1614 1685 1613 1688 1615 1689 1616 1685 1613 1689 1616 1686 1613 1688 1615 1690 1617 1691 1618 1688 1615 1691 1618 1689 1616 1690 1617 1684 1612 1687 1614 1690 1617 1687 1614 1691 1618 1687 1614 1686 1613 1692 1619 1687 1614 1692 1619 1693 1620 1686 1613 1689 1616 1694 1621 1686 1613 1694 1621 1692 1619 1689 1616 1691 1618 1695 1622 1689 1616 1695 1622 1694 1621 1691 1618 1687 1614 1693 1620 1691 1618 1693 1620 1695 1622 1696 1623 1697 1624 1698 1625 1696 1623 1698 1625 1699 1626 1697 1624 1700 1627 1701 1628 1697 1624 1701 1628 1698 1625 1700 1627 1702 1629 1703 1630 1700 1627 1703 1630 1701 1628 1702 1629 1696 1623 1699 1626 1702 1629 1699 1626 1703 1630 1699 1626 1698 1625 1704 1631 1699 1626 1704 1631 1705 1632 1698 1625 1701 1628 1706 1633 1698 1625 1706 1633 1704 1631 1701 1628 1703 1630 1707 1634 1701 1628 1707 1634 1706 1633 1703 1630 1699 1626 1705 1632 1703 1630 1705 1632 1707 1634 1708 1635 1709 1636 1710 1637 1708 1635 1710 1637 1711 1635 1709 1636 1712 1638 1713 1638 1709 1636 1713 1638 1710 1637 1712 1638 1714 1639 1715 1640 1712 1638 1715 1640 1713 1638 1714 1639 1708 1635 1711 1635 1714 1639 1711 1635 1715 1640 1711 1635 1710 1637 1716 1641 1711 1635 1716 1641 1717 1642 1710 1637 1713 1638 1718 1643 1710 1637 1718 1643 1716 1641 1713 1638 1715 1640 1719 1644 1713 1638 1719 1644 1718 1643 1715 1640 1711 1635 1717 1642 1715 1640 1717 1642 1719 1644 1716 1641 1717 1642 1720 1645 1718 1643 1716 1641 1720 1645 1719 1644 1718 1643 1720 1645 1717 1642 1719 1644 1720 1645</p></triangles>
      </mesh>
    </geometry>
  </library_geometries>
  <library_visual_scenes><visual_scene id="scene" name="scene">
    <node id="ROW_10_SEG4_solid" name="ROW_10_SEG4_solid" type="NODE"><instance_geometry url="#ROW_10_SEG4_solid-mesh"><bind_material><technique_common>
      <instance_material symbol="MAT_COTTON_STEM-mat" target="#MAT_COTTON_STEM"/>
    </technique_common></bind_material></instance_geometry></node>
  </visual_scene></library_visual_scenes>
  <scene><instance_visual_scene url="#scene"/></scene>
</COLLADA>
