<?xml version="1.0" encoding="utf-8"?>
<COLLADA xmlns="http://www.collada.org/2005/11/COLLADASchema" version="1.4.1">
  <asset>
    <contributor><authoring_tool>VIGIL SIH26126 farm generator</authoring_tool></contributor>
    <unit name="meter" meter="1"/>
    <up_axis>Z_UP</up_axis>
  </asset>
  <library_effects>
    <effect id="MAT_COTTON_LEAF_0-fx"><profile_COMMON><technique sid="c"><lambert><diffuse><color>0.0400 0.0980 0.0190 1</color></diffuse></lambert></technique></profile_COMMON></effect>
    <effect id="MAT_COTTON_COTYL-fx"><profile_COMMON><technique sid="c"><lambert><diffuse><color>0.0720 0.1320 0.0380 1</color></diffuse></lambert></technique></profile_COMMON></effect>
    <effect id="MAT_COTTON_LEAF_3-fx"><profile_COMMON><technique sid="c"><lambert><diffuse><color>0.0630 0.1360 0.0300 1</color></diffuse></lambert></technique></profile_COMMON></effect>
    <effect id="MAT_COTTON_LEAF_2-fx"><profile_COMMON><technique sid="c"><lambert><diffuse><color>0.0310 0.0810 0.0150 1</color></diffuse></lambert></technique></profile_COMMON></effect>
    <effect id="MAT_COTTON_LEAF_5-fx"><profile_COMMON><technique sid="c"><lambert><diffuse><color>0.0360 0.0900 0.0170 1</color></diffuse></lambert></technique></profile_COMMON></effect>
    <effect id="MAT_COTTON_LEAF_4-fx"><profile_COMMON><technique sid="c"><lambert><diffuse><color>0.0460 0.1080 0.0220 1</color></diffuse></lambert></technique></profile_COMMON></effect>
    <effect id="MAT_COTTON_LEAF_1-fx"><profile_COMMON><technique sid="c"><lambert><diffuse><color>0.0530 0.1240 0.0240 1</color></diffuse></lambert></technique></profile_COMMON></effect>
  </library_effects>
  <library_materials>
    <material id="MAT_COTTON_LEAF_0" name="MAT_COTTON_LEAF_0"><instance_effect url="#MAT_COTTON_LEAF_0-fx"/></material>
    <material id="MAT_COTTON_COTYL" name="MAT_COTTON_COTYL"><instance_effect url="#MAT_COTTON_COTYL-fx"/></material>
    <material id="MAT_COTTON_LEAF_3" name="MAT_COTTON_LEAF_3"><instance_effect url="#MAT_COTTON_LEAF_3-fx"/></material>
    <material id="MAT_COTTON_LEAF_2" name="MAT_COTTON_LEAF_2"><instance_effect url="#MAT_COTTON_LEAF_2-fx"/></material>
    <material id="MAT_COTTON_LEAF_5" name="MAT_COTTON_LEAF_5"><instance_effect url="#MAT_COTTON_LEAF_5-fx"/></material>
    <material id="MAT_COTTON_LEAF_4" name="MAT_COTTON_LEAF_4"><instance_effect url="#MAT_COTTON_LEAF_4-fx"/></material>
    <material id="MAT_COTTON_LEAF_1" name="MAT_COTTON_LEAF_1"><instance_effect url="#MAT_COTTON_LEAF_1-fx"/></material>
  </library_materials>
  <library_geometries>
    <geometry id="ROW_20_SEG2_foliage-mesh" name="ROW_20_SEG2_foliage">
      <mesh>
        <source id="ROW_20_SEG2_foliage-pos"><float_array id="ROW_20_SEG2_foliage-pos-a" count="10512">-2.1326 0.04123 0.057358 -2.1327 0.02934 0.060571 -2.1359 0.027483 0.060947 -2.141 0.02716 0.06091 -2.146 0.028786 0.060315 -2.1508 0.031554 0.059211 -2.1564 0.033341 0.057978 -2.1628 0.036475 0.05581 -2.1676 0.040818 0.05299 -2.1689 0.045479 0.050377 -2.1658 0.049661 0.048958 -2.1597 0.052779 0.048705 -2.1529 0.053563 0.049738 -2.1537 0.057566 0.047095 -2.1543 0.06389 0.042419 -2.1523 0.070556 0.037327 -2.148 0.075254 0.033869 -2.1411 0.074513 0.035727 -2.1341 0.071009 0.039542 -2.1295 0.066092 0.043649 -2.1269 0.062722 0.046036 -2.1217 0.066195 0.043283 -2.1151 0.067539 0.041732 -2.1098 0.066363 0.041936 -2.1073 0.062109 0.044385 -2.1074 0.056044 0.047901 -2.1097 0.049836 0.051312 -2.1125 0.045091 0.05374 -2.1141 0.04003 0.055771 -2.1167 0.035745 0.05744 -2.1207 0.032866 0.058771 -2.1243 0.03229 0.059378 -2.1472 0.002182 0.10659 -2.1319 0.011451 0.1025 -2.1263 0.0089159 0.10193 -2.1211 0.0025301 0.10216 -2.1186 -0.0055151 0.10312 -2.1178 -0.014602 0.10431 -2.1151 -0.02433 0.10487 -2.1138 -0.036756 0.10545 -2.1162 -0.0481 0.10589 -2.1222 -0.054792 0.10624 -2.1313 -0.053993 0.10696 -2.1412 -0.04763 0.10791 -2.1479 -0.037904 0.10871 -2.1536 -0.043428 0.10856 -2.1638 -0.05159 0.10765 -2.1773 -0.056433 0.10618 -2.1894 -0.055764 0.10506 -2.1938 -0.044429 0.1062 -2.1933 -0.030132 0.10768 -2.1886 -0.017977 0.10859 -2.1851 -0.010784 0.10875 -2.1964 -0.0074072 0.10796 -2.2055 -7.6294e-06 0.10702 -2.2091 0.0084391 0.10632 -2.2046 0.016222 0.10596 -2.1945 0.021977 0.10553 -2.1823 0.024618 0.10493 -2.1722 0.025019 0.10436 -2.1633 0.027079 0.10316 -2.1549 0.02716 0.10219 -2.1472 0.02411 0.10195 -2.1431 0.019589 0.10251 -2.1079 0.038003 0.13563 -2.1259 0.039557 0.13395 -2.1287 0.044887 0.13361 -2.129 0.052985 0.13342 -2.1263 0.060699 0.13344 -2.1218 0.068096 0.13346 -2.1185 0.07683 0.13291 -2.1128 0.086678 0.13206 -2.1051 0.093711 0.13127 -2.0972 0.09532 0.13103 -2.0908 0.089719 0.13182 -2.0865 0.079618 0.13316 -2.0862 0.068737 0.13446 -2.0792 0.069484 0.13392 -2.0679 0.069707 0.13269 -2.0559 0.065638 0.13123 -2.0476 0.058283 0.13011 -2.0498 0.047366 0.13075 -2.0569 0.036853 0.13184 -2.0661 0.030164 0.1329 -2.0721 0.02653 0.13337 -2.0659 0.017731 0.13156 -2.0632 0.0071926 0.12968 -2.065 -0.0011005 0.12852 -2.0723 -0.0045691 0.12872 -2.0827 -0.0035992 0.12972 -2.0931 0.00080681 0.13094 -2.101 0.005784 0.13184 -2.109 0.0089731 0.1321 -2.1158 0.01353 0.13239 -2.1204 0.020178 0.13297 -2.1214 0.026038 0.1336 -2.1389 0.040627 0.15576 -2.1338 0.035329 0.1568 -2.1344 0.033042 0.15728 -2.1365 0.030598 0.15781 -2.1394 0.029068 0.15813 -2.1429 0.028097 0.15823 -2.1463 0.02631 0.15826 -2.1507 0.024764 0.15795 -2.155 0.024552 0.15723 -2.1579 0.026061 0.15634 -2.1584 0.029463 0.15564 -2.1569 0.033697 0.15514 -2.154 0.03714 0.15502 -2.1563 0.03861 0.15401 -2.1599 0.041215 0.15208 -2.1625 0.045187 0.14962 -2.163 0.049243 0.14756 -2.1593 0.051963 0.14746 -2.1542 0.053382 0.14818 -2.1495 0.053142 0.14936 -2.1467 0.052712 0.15004 -2.1461 0.05659 0.14782 -2.144 0.060035 0.14585 -2.1411 0.061801 0.14491 -2.1379 0.060965 0.14557 -2.1351 0.058167 0.14726 -2.1331 0.054373 0.14928 -2.1321 0.051035 0.15089 -2.1305 0.048071 0.15205 -2.1297 0.045063 0.15318 -2.1302 0.042071 0.15439 -2.1315 0.040246 0.15523 -1.5566 0.014288 0.059948 -1.5471 0.0043831 0.062684 -1.5482 0.00026703 0.062731 -1.552 -0.0040693 0.062287 -1.5573 -0.0067081 0.061366 -1.5634 -0.0082836 0.059965 -1.5693 -0.011236 0.058292 -1.577 -0.013659 0.055607 -1.5843 -0.013708 0.052402 -1.5891 -0.010819 0.049704 -1.5899 -0.004777 0.048651 -1.5876 0.0026321 0.049049 -1.5828 0.0085917 0.050771 -1.5866 0.011436 0.048036 -1.5922 0.016458 0.043196 -1.596 0.023934 0.038112 -1.5964 0.031456 0.034887 -1.5902 0.036252 0.037438 -1.5819 0.03862 0.041984 -1.5742 0.037982 0.046584 -1.5694 0.037106 0.049211 -1.568 0.044397 0.046764 -1.5639 0.050881 0.045607 -1.5587 0.054195 0.046148 -1.5532 0.052572 0.048776 -1.5484 0.04726 0.052275 -1.5453 0.040113 0.055483 -1.5437 0.033854 0.05766 -1.5409 0.0283 0.059451 -1.5395 0.022656 0.060825 -1.5403 0.017026 0.061814 -1.5428 0.01357 0.062182 -1.5368 -0.033731 0.11132 -1.532 -0.013638 0.10853 -1.5255 -0.011126 0.10813 -1.5162 -0.012003 0.10831 -1.5077 -0.016489 0.10899 -1.4997 -0.023231 0.10973 -1.4897 -0.02885 0.10986 -1.4787 -0.03781 0.1097 -1.4714 -0.048806 0.10918 -1.4708 -0.059009 0.10865 -1.4788 -0.065784 0.10883 -1.4918 -0.068711 0.10963 -1.505 -0.066422 0.11074 -1.5051 -0.075444 0.10974 -1.5067 -0.089997 0.10737 -1.5135 -0.10452 0.10436 -1.5238 -0.11362 0.10225 -1.5364 -0.10821 0.10402 -1.5476 -0.096594 0.10676 -1.5537 -0.083269 0.10901 -1.5567 -0.074759 0.10997 -1.5684 -0.081077 0.10849 -1.5817 -0.082379 0.10729 -1.5913 -0.078447 0.10685 -1.594 -0.068581 0.10735 -1.5906 -0.055866 0.10803 -1.583 -0.043898 0.10846 -1.5752 -0.03541 0.1086 -1.5698 -0.026509 0.10806 -1.5631 -0.019574 0.10761 -1.5545 -0.015797 0.10769 -1.5475 -0.01614 0.1083 -1.5342 0.02332 0.14946 -1.5499 0.010231 0.14634 -1.5564 0.012336 0.14614 -1.5632 0.018548 0.14649 -1.5673 0.026839 0.14728 -1.5696 0.03637 0.14817 -1.574 0.046017 0.14844 -1.5774 0.058516 0.14862 -1.577 0.070365 0.14882 -1.5719 0.078022 0.14925 -1.5623 0.078659 0.15021 -1.5507 0.073894 0.15131 -1.5417 0.065339 0.152 -1.5367 0.071616 0.15197 -1.5278 0.081031 0.15144 -1.5149 0.087564 0.1504 -1.5024 0.088497 0.14923 -1.4953 0.07796 0.14899 -1.4925 0.063761 0.14892 -1.4945 0.050947 0.14894 -1.4964 0.043153 0.14875 -1.4843 0.041363 0.14655 -1.4737 0.03528 0.14387 -1.4684 0.027338 0.14183 -1.4715 0.018704 0.14126 -1.4805 0.011062 0.14168 -1.4924 0.0060549 0.14259 -1.5027 0.0036163 0.14338 -1.5117 -0.00035095 0.1433 -1.5208 -0.0021915 0.14346 -1.5299 -0.00065231 0.14424 -1.5354 0.0031252 0.1453 -1.5612 -0.0016117 0.16995 -1.5528 -0.0018702 0.17111 -1.5515 -0.0042219 0.17144 -1.5512 -0.0079088 0.1717 -1.5523 -0.011509 0.17173 -1.5542 -0.015037 0.17152 -1.5555 -0.0192 0.17117 -1.5578 -0.023984 0.17037 -1.5611 -0.027534 0.16922 -1.5646 -0.028555 0.16813 -1.5677 -0.02613 0.16755 -1.57 -0.02152 0.16741 -1.5704 -0.016421 0.16774 -1.5735 -0.017049 0.16653 -1.5784 -0.017633 0.16429 -1.5837 -0.016274 0.16163 -1.5874 -0.013246 0.15956 -1.5866 -0.0080957 0.15992 -1.5837 -0.0029469 0.16122 -1.5798 0.0004921 0.16287 -1.5771 0.0023766 0.16382 -1.5798 0.006115 0.16164 -1.5809 0.010774 0.15985 -1.58 0.014585 0.15913 -1.5768 0.016418 0.16005 -1.5722 0.016335 0.16196 -1.5676 0.014673 0.1641 -1.5641 0.01265 0.16574 -1.5605 0.011429 0.16694 -1.5574 0.009552 0.16806 -1.5554 0.0066767 0.16916 -1.5549 0.0040665 0.16987 -2.1278 0.022039 0.020324 -2.1297 0.02753 0.019977 -2.1393 0.025716 0.020812 -2.1323 0.030632 0.019877 -2.1352 0.032845 0.019833 -2.1383 0.034266 0.019832 -2.1417 0.034911 0.019872 -2.1454 0.034765 0.019955 -2.1493 0.03373 0.020093 -2.154 0.030307 0.020479 -2.1521 0.024855 0.021233 -2.1495 0.021779 0.021623 -2.1466 0.019583 0.021841 -2.1434 0.018167 0.0219 -2.14 0.017516 0.021802 -2.1364 0.017646 0.021545 -2.1325 0.018655 0.021117 -2.1278 0.022039 0.020324 -2.126 0.01654 0.020608 -2.1164 0.018284 0.019018 -2.1234 0.013418 0.020527 -2.1205 0.011176 0.020274 -2.1174 0.0097151 0.019862 -2.114 0.0090208 0.019293 -2.1104 0.0091057 0.018565 -2.1066 0.010072 0.017665 -2.102 0.013415 0.016401 -2.1038 0.018953 0.016524 -2.1064 0.022102 0.016896 -2.1092 0.02436 0.017323 -2.1123 0.025826 0.017792 -2.1157 0.026516 0.018303 -2.1193 0.026414 0.018857 -2.1232 0.025421 0.019467 -1.5373 0.0067177 0.017318 -1.5432 0.0096331 0.017187 -1.5494 0.00036621 0.017276 -1.5478 0.010015 0.017106 -1.5519 0.0094528 0.017001 -1.5556 0.0080528 0.016868 -1.5588 0.0058298 0.016706 -1.5616 0.0027685 0.016516 -1.5639 -0.001235 0.016302 -1.5649 -0.0077744 0.016138 -1.559 -0.010666 0.016731 -1.5544 -0.01103 0.017142 -1.5503 -0.010458 0.017445 -1.5466 -0.0090542 0.017645 -1.5434 -0.006835 0.01774 -1.5406 -0.0037842 0.017732 -1.5383 0.00020313 0.017616 -1.5373 0.0067177 0.017318 -1.5314 0.0037956 0.017375 -1.5251 0.013025 0.016428 -1.5268 0.0034037 0.017251 -1.5227 0.0039482 0.017018 -1.519 0.0053244 0.016681 -1.5158 0.0075178 0.016241 -1.513 0.010543 0.015697 -1.5107 0.014504 0.015044 -1.5097 0.020996 0.01421 -1.5156 0.023942 0.014616 -1.5202 0.024352 0.01507 -1.5243 0.023818 0.015501 -1.528 0.022445 0.015904 -1.5312 0.020247 0.016278 -1.534 0.017213 0.016624 -1.5363 0.013233 0.016946 -1.218 -0.0045099 0.019466 -1.2125 -0.008996 0.02034 -1.2038 -0.00065804 0.021808 -1.2078 -0.010487 0.021085 -1.2034 -0.010861 0.021736 -1.1992 -0.010248 0.022295 -1.1953 -0.0086632 0.022763 -1.1916 -0.0060892 0.023139 -1.1882 -0.0024004 0.023422 -1.1856 0.0042839 0.023576 -1.1912 0.0087538 0.023219 -1.196 0.010232 0.022843 -1.2004 0.0106 0.022414 -1.2046 0.009984 0.021928 -1.2085 0.0084019 0.021386 -1.2122 0.0058346 0.020789 -1.2155 0.0021572 0.020137 -1.218 -0.0045099 0.019466 -1.2244 0.00060463 0.018764 -1.2342 -0.008913 0.016967 -1.2298 0.0023031 0.018039 -1.2348 0.0027332 0.017251 -1.2396 0.002037 0.016398 -1.244 0.00023556 0.015481 -1.2481 -0.0026913 0.014498 -1.2519 -0.0068874 0.013453 -1.2547 -0.0145 0.012385 -1.2485 -0.019622 0.013684 -1.2431 -0.021325 0.014836 -1.2381 -0.021758 0.01588 -1.2334 -0.021063 0.016818 -1.2289 -0.01926 0.01765 -1.2248 -0.016331 0.018377 -1.2209 -0.01213 0.018995 -0.31411 -0.0095396 0.013253 -0.30863 -0.011931 0.013269 -0.30338 -0.0032816 0.013001 -0.30446 -0.012085 0.013223 -0.30077 -0.011407 0.013115 -0.2975 -0.0099907 0.012944 -0.29466 -0.0078487 0.01271 -0.29225 -0.0049686 0.012413 -0.29032 -0.0012579 0.012054 -0.2897 0.0046921 0.011633 -0.29518 0.0070801 0.012065 -0.29936 0.0072317 0.012429 -0.30305 0.0065517 0.012729 -0.30632 0.0051346 0.012964 -0.30916 0.0029936 0.013134 -0.31157 0.00011539 0.013239 -0.31349 -0.0035934 0.01328 -0.31411 -0.0095396 0.013253 -0.32009 -0.0069323 0.013274 -0.32582 -0.016363 0.012949 -0.32464 -0.0067644 0.013221 -0.32867 -0.0075035 0.013098 -0.33222 -0.0090475 0.012904 -0.33532 -0.011382 0.01264 -0.33795 -0.014522 0.012305 -0.34005 -0.018568 0.011899 -0.34074 -0.025054 0.01142 -0.33476 -0.027659 0.011886 -0.3302 -0.027824 0.012287 -0.32617 -0.027084 0.012619 -0.32261 -0.025539 0.012882 -0.31951 -0.023206 0.013077 -0.31689 -0.020067 0.013203 -0.31479 -0.016024 0.013262 1.2286 -0.0033665 0.00524 1.2214 -0.003293 0.0054672 1.2196 -0.015315 0.0040994 1.2167 -0.0050802 0.0053814 1.2129 -0.0075541 0.0051308 1.2099 -0.010637 0.0047252 1.2077 -0.014318 0.0041661 1.2064 -0.018608 0.0034521 1.206 -0.023585 0.0025733 1.208 -0.030422 0.0013814 1.2153 -0.030538 0.0016942 1.22 -0.028782 0.0021658 1.2238 -0.026326 0.0026479 1.2268 -0.02325 0.0031306 1.2289 -0.019563 0.0036125 1.2303 -0.015254 0.0040951 1.2307 -0.010246 0.0045882 1.2286 -0.0033665 0.00524 1.2365 -0.0034494 0.0050369 1.2384 0.0097256 0.005784 1.2416 -0.0014896 0.0050071 1.2457 0.0012341 0.0049888 1.249 0.0046377 0.0049714 1.2513 0.008708 0.0049532 1.2528 0.013457 0.0049359 1.2532 0.01897 0.0049301 1.2509 0.026527 0.0050975 1.243 0.026551 0.0058885 1.2379 0.024549 0.0063384 1.2338 0.0218 0.0066086 1.2305 0.018389 0.0067101 1.2282 0.014327 0.0066443 1.2267 0.0096025 0.0064096 1.2263 0.0041313 0.0059954 1.5182 -0.0015192 0.0045572 1.5122 -0.0053768 0.0052661 1.5173 -0.016401 0.0044503 1.5093 -0.0094328 0.0055611 1.5075 -0.013564 0.0056536 1.5067 -0.017763 0.0055579 1.5069 -0.022026 0.005276 1.5081 -0.026357 0.0048058 1.5105 -0.030762 0.0041332 1.5159 -0.035366 0.0030466 1.5219 -0.031498 0.0028782 1.5249 -0.027434 0.0029694 1.5267 -0.023298 0.0031085 1.5275 -0.019099 0.0032815 1.5273 -0.014836 0.0034862 1.5261 -0.01051 0.0037248 1.5237 -0.0061131 0.0040112 1.5182 -0.0015192 0.0045572 1.5248 0.0026875 0.003829 1.5192 0.014704 0.0039728 1.528 0.0071096 0.0033838 1.5299 0.011613 0.0029907 1.5307 0.016188 0.0026345 1.5304 0.020833 0.002313 1.529 0.025549 0.0020283 1.5263 0.030347 0.0017957 1.5203 0.03536 0.0018462 1.5138 0.03115 0.0031641 1.5107 0.026725 0.0040305 1.5088 0.02222 0.0046762 1.508 0.017644 0.0051167 1.5082 0.013 0.005354 1.5096 0.0082846 0.005386 1.5122 0.0034904 0.0051973 1.8224 0.015141 0.0047197 1.819 0.0081358 0.005362 1.83 0.0010633 0.0071489 1.8186 0.0027418 0.0060126 1.8193 -0.0020618 0.0066172 1.821 -0.0063429 0.0071723 1.8237 -0.010111 0.0076772 1.8274 -0.013356 0.0081326 1.8321 -0.01601 0.0085419 1.8399 -0.017054 0.0089596 1.8432 -0.009964 0.0088635 1.8435 -0.004509 0.0086031 1.8428 0.00033188 0.0082326 1.841 0.0046244 0.0077556 1.8384 0.0083809 0.0071726 1.8348 0.011589 0.0064831 1.83 0.014182 0.0056836 1.8224 0.015141 0.0047197 1.8262 0.023177 0.004298 1.8136 0.031238 0.0021295 1.8266 0.029352 0.0036875 1.8258 0.034831 0.0029504 1.8238 0.039692 0.0020906 1.8208 0.043945 0.0011088 1.8167 0.047581 4.3158e-06 1.8113 0.05052 -0.0012269 1.8026 0.051599 -0.0026467 1.7987 0.043616 -0.001594 1.7983 0.037479 -0.0005329 1.7991 0.032022 0.00047467 1.801 0.027169 0.0014246 1.804 0.022908 0.0023163 1.8082 0.019251 0.0031503 1.8136 0.016273 0.0039308 2.1478 -0.00017738 0.0031126 2.1526 -0.0039968 0.0032654 2.16 0.0030994 0.0048127 2.1567 -0.0052652 0.0035819 2.1605 -0.0055799 0.0039211 2.1641 -0.0050488 0.0042737 2.1675 -0.003686 0.0046383 2.1706 -0.0014763 0.0050163 2.1735 0.0016861 0.005417 2.1757 0.0074005 0.0059814 2.1708 0.011165 0.006253 2.1667 0.012394 0.0062396 2.1629 0.012685 0.0060822 2.1593 0.012146 0.0057902 2.1559 0.010791 0.005365 2.1528 0.008605 0.0048052 2.1499 0.0054817 0.0041014 2.1478 -0.00017738 0.0031126 2.1424 0.0041552 0.0031801 2.1339 -0.0039368 0.0013138 2.1377 0.0055904 0.0029215 2.1333 0.0059547 0.0024978 2.1293 0.0053682 0.0019197 2.1254 0.00385 0.0011888 2.1219 0.0013809 0.00030342 2.1187 -0.0021601 -0.00074703 2.1163 -0.0085964 -0.0021236 2.1217 -0.012982 -0.0017015 2.1264 -0.014455 -0.0010932 2.1307 -0.014842 -0.00045972 2.1348 -0.014263 0.00018831 2.1386 -0.012737 0.00084933 2.1421 -0.010245 0.0015249 2.1454 -0.0066671 0.0022257 -1.8527 -0.0042048 0.084011 -1.8377 -0.0012388 0.082792 -1.8337 -0.0048637 0.083206 -1.831 -0.011532 0.084277 -1.831 -0.018778 0.085547 -1.8327 -0.026423 0.08673 -1.8329 -0.035296 0.087556 -1.835 -0.046052 0.088089 -1.8397 -0.054895 0.087952 -1.8463 -0.058777 0.08734 -1.8536 -0.055394 0.086776 -1.8602 -0.047112 0.086352 -1.8633 -0.036942 0.086158 -1.8693 -0.040009 0.085074 -1.8794 -0.04417 0.082537 -1.8914 -0.044692 0.07885 -1.9009 -0.040944 0.075568 -1.9018 -0.030211 0.075528 -1.8981 -0.01833 0.076607 -1.8914 -0.0094376 0.078059 -1.8867 -0.0044365 0.0787 -1.895 0.0012579 0.075253 -1.9005 0.0096474 0.071852 -1.9012 0.017459 0.069847 -1.8956 0.022612 0.070167 -1.8859 0.024598 0.071878 -1.8752 0.023404 0.074086 -1.8669 0.020917 0.075868 -1.859 0.02006 0.076635 -1.8521 0.017732 0.077562 -1.8467 0.013106 0.079083 -1.8446 0.0083218 0.080598 -1.7737 0.006959 0.11366 -1.7978 0.021684 0.11005 -1.7981 0.031123 0.10831 -1.7929 0.042837 0.10664 -1.7834 0.0519 0.10561 -1.7713 0.059225 0.10453 -1.7598 0.069553 0.1021 -1.7438 0.079593 0.098607 -1.7269 0.083833 0.095021 -1.7138 0.079906 0.092843 -1.7086 0.066723 0.093992 -1.7103 0.048907 0.097662 -1.7186 0.03321 0.1025 -1.7075 0.02874 0.099782 -1.6901 0.019786 0.094374 -1.6752 0.0038939 0.08895 -1.6684 -0.013729 0.086352 -1.6804 -0.027215 0.092553 -1.6994 -0.035871 0.10082 -1.7185 -0.037368 0.10744 -1.7304 -0.037312 0.11066 -1.7277 -0.0555 0.10976 -1.7319 -0.073266 0.11021 -1.7411 -0.083997 0.11183 -1.7547 -0.082951 0.11434 -1.7692 -0.072837 0.11626 -1.781 -0.057688 0.11684 -1.7885 -0.043974 0.11649 -1.7975 -0.033117 0.11545 -1.8036 -0.021502 0.11409 -1.8048 -0.0086651 0.11292 -1.8013 0.00029755 0.11253 -1.8534 0.055314 0.16855 -1.8434 0.030821 0.1691 -1.8482 0.024072 0.1701 -1.8581 0.018918 0.1716 -1.8696 0.017986 0.17292 -1.8821 0.019671 0.17388 -1.8957 0.018778 0.17453 -1.9124 0.02039 0.17458 -1.927 0.026314 0.17371 -1.9347 0.035806 0.17234 -1.9318 0.047738 0.17113 -1.9216 0.059421 0.17016 -1.9076 0.066257 0.1697 -1.9136 0.074981 0.16785 -1.9222 0.089633 0.16403 -1.9257 0.10756 0.15882 -1.9223 0.12258 0.15416 -1.9066 0.12599 0.15353 -1.8879 0.12269 0.15454 -1.8727 0.1144 0.15653 -1.8638 0.10846 0.15758 -1.8572 0.12157 0.15231 -1.8457 0.13082 0.14727 -1.8339 0.13297 0.14444 -1.8244 0.12527 0.1453 -1.8184 0.11108 0.14854 -1.8168 0.094847 0.15269 -1.8178 0.081725 0.15606 -1.8164 0.069323 0.15818 -1.8176 0.057938 0.1604 -1.823 0.048371 0.16312 -1.8297 0.044011 0.16531 -1.8152 -0.029595 0.20197 -1.8086 -0.0068188 0.19829 -1.8008 -0.0036736 0.19853 -1.7897 -0.0046892 0.20006 -1.7798 -0.010122 0.2023 -1.7704 -0.018337 0.2048 -1.7582 -0.025408 0.20695 -1.7447 -0.036757 0.20937 -1.736 -0.050599 0.21119 -1.7356 -0.063226 0.212 -1.7458 -0.071168 0.21187 -1.7622 -0.074016 0.21111 -1.7785 -0.070315 0.20991 -1.7788 -0.081573 0.21008 -1.7809 -0.099816 0.20946 -1.7895 -0.11788 0.20742 -1.8022 -0.12902 0.20496 -1.8175 -0.12165 0.20389 -1.8308 -0.10652 0.20318 -1.8376 -0.089465 0.20269 -1.8408 -0.078674 0.20209 -1.8554 -0.086529 0.1994 -1.8716 -0.088051 0.19607 -1.8832 -0.083038 0.19345 -1.8859 -0.070723 0.19235 -1.8809 -0.055044 0.19225 -1.8707 -0.04052 0.1928 -1.8606 -0.030443 0.19347 -1.8534 -0.020005 0.19305 -1.8449 -0.012097 0.19312 -1.8344 -0.0081825 0.19431 -1.8263 -0.0091877 0.19608 -1.7958 0.054005 0.19973 -1.8123 0.046483 0.19994 -1.8182 0.049291 0.1983 -1.8233 0.056172 0.19565 -1.8252 0.06467 0.19293 -1.8251 0.074151 0.18994 -1.8272 0.084628 0.18595 -1.8273 0.097696 0.18069 -1.8234 0.109 0.17582 -1.8159 0.11486 0.17309 -1.8059 0.11262 0.1743 -1.7959 0.10466 0.17839 -1.7899 0.093785 0.18386 -1.7829 0.098449 0.18113 -1.7707 0.10477 0.1764 -1.7552 0.10686 0.17265 -1.7418 0.10368 0.17185 -1.7386 0.092007 0.17835 -1.7412 0.078393 0.18651 -1.7482 0.067472 0.19301 -1.7533 0.061047 0.19642 -1.7409 0.05549 0.19725 -1.7316 0.046158 0.1998 -1.7286 0.036807 0.20303 -1.7348 0.029765 0.20621 -1.7469 0.025815 0.20827 -1.761 0.025406 0.20867 -1.7723 0.026889 0.20808 -1.7822 0.026195 0.20769 -1.7911 0.027419 0.20668 -1.7987 0.031873 0.20498 -1.8022 0.0374 0.20342 -1.8405 0.025788 0.23358 -1.8314 0.023467 0.2346 -1.8301 0.02049 0.23451 -1.8305 0.016173 0.23414 -1.8327 0.012245 0.23357 -1.836 0.0085354 0.23278 -1.8388 0.0036936 0.23178 -1.8433 -0.001606 0.23022 -1.8488 -0.0050135 0.22841 -1.8537 -0.0051451 0.22696 -1.8569 -0.0011473 0.22658 -1.8581 0.0052233 0.22712 -1.8567 0.011571 0.22841 -1.861 0.011734 0.22694 -1.868 0.012676 0.22429 -1.8749 0.016257 0.22158 -1.879 0.021395 0.22001 -1.8762 0.027294 0.22191 -1.8705 0.032276 0.22487 -1.8639 0.03475 0.22763 -1.8597 0.035893 0.22914 -1.8626 0.041764 0.22821 -1.8631 0.048249 0.22806 -1.861 0.05287 0.2287 -1.8561 0.053874 0.23018 -1.85 0.051809 0.23182 -1.8443 0.047693 0.2331 -1.8404 0.04364 0.23383 -1.8362 0.040816 0.23443 -1.8331 0.037521 0.23478 -1.8317 0.033417 0.2349 -1.8323 0.030204 0.2348 -1.7979 0.0047636 0.11855 -1.7971 0.019253 0.11578 -1.793 0.021301 0.1151 -1.7868 0.021416 0.11468 -1.7808 0.019159 0.11469 -1.7751 0.015419 0.11481 -1.7684 0.012642 0.11436 -1.7608 0.0079136 0.11372 -1.7554 0.0016241 0.11316 -1.7541 -0.0047703 0.11306 -1.7583 -0.0098677 0.11392 -1.7658 -0.013121 0.11539 -1.774 -0.013188 0.1169 -1.7734 -0.018866 0.11651 -1.7732 -0.028064 0.11552 -1.7763 -0.037739 0.11449 -1.7819 -0.04438 0.11401 -1.7902 -0.042372 0.11555 -1.7983 -0.036402 0.11744 -1.8035 -0.02886 0.11881 -1.8063 -0.023931 0.11936 -1.8131 -0.02884 0.119 -1.8212 -0.030806 0.11873 -1.8276 -0.029222 0.11868 -1.8304 -0.023309 0.11889 -1.8298 -0.015013 0.11898 -1.8265 -0.0066996 0.1188 -1.8228 -0.00046825 0.11846 -1.8205 0.0059509 0.11773 -1.8171 0.011326 0.117 -1.8121 0.014966 0.11655 -1.8076 0.015775 0.11658 -1.7979 0.0047636 0.11855 -1.8117 0.0023012 0.11648 -1.8145 0.0056381 0.11591 -1.816 0.011432 0.11548 -1.8152 0.017519 0.11537 -1.813 0.023716 0.11534 -1.8119 0.030573 0.11485 -1.8092 0.038661 0.11421 -1.8046 0.045112 0.11374 -1.7989 0.047756 0.11375 -1.7932 0.045025 0.11462 -1.7885 0.038687 0.11596 -1.7866 0.031032 0.11724 -1.7814 0.032855 0.11705 -1.773 0.035085 0.11651 -1.7634 0.034353 0.11599 -1.756 0.030595 0.11581 -1.7559 0.022378 0.11684 -1.7596 0.01353 0.11803 -1.7654 0.0070171 0.11888 -1.7693 0.0032625 0.1192 -1.7633 -0.0019512 0.11884 -1.7596 -0.0091038 0.11845 -1.7597 -0.015459 0.11823 -1.7645 -0.019344 0.1183 -1.7724 -0.020609 0.11841 -1.7809 -0.019428 0.11839 -1.7875 -0.017355 0.11825 -1.794 -0.016627 0.11778 -1.7998 -0.014654 0.11733 -1.8044 -0.010738 0.11707 -1.8061 -0.0066891 0.11712 -0.014731 0.0027075 0.05849 -0.015967 -0.0099869 0.059235 -0.019873 -0.012268 0.059608 -0.025932 -0.012733 0.060094 -0.031789 -0.010861 0.06042 -0.037539 -0.0075626 0.06047 -0.044623 -0.0052299 0.060255 -0.052723 -0.0010004 0.059433 -0.058593 0.0048304 0.057987 -0.060024 0.010888 0.056463 -0.055481 0.015847 0.055621 -0.047235 0.019052 0.055451 -0.038342 0.019121 0.055989 -0.039231 0.024488 0.054213 -0.039883 0.033195 0.050738 -0.037109 0.042345 0.046502 -0.031549 0.048644 0.043252 -0.022771 0.046821 0.044189 -0.014297 0.041181 0.04661 -0.0089622 0.033937 0.049329 -0.0061588 0.029166 0.050797 0.0006578 0.034 0.047724 0.0089179 0.035948 0.045231 0.015459 0.034449 0.044286 0.018149 0.028784 0.045606 0.017229 0.020834 0.048147 0.013499 0.012913 0.050879 0.0093331 0.0070686 0.052909 0.0066657 0.0011425 0.054216 0.0030431 -0.0036879 0.055419 -0.0020808 -0.0067139 0.056737 -0.0065012 -0.0070324 0.057708 -0.027287 -0.059015 0.091584 -0.0093689 -0.043796 0.087734 -0.0016379 -0.045936 0.087198 0.0065151 -0.053061 0.087493 0.011465 -0.062863 0.088464 0.014388 -0.074329 0.089482 0.019958 -0.086145 0.089621 0.024239 -0.10166 0.089305 0.023685 -0.11652 0.088429 0.017478 -0.12624 0.087528 0.0056084 -0.12713 0.087679 -0.0084186 -0.12115 0.088767 -0.019202 -0.11027 0.090375 -0.025337 -0.11841 0.088795 -0.036391 -0.13072 0.085167 -0.052378 -0.13949 0.080607 -0.067922 -0.14104 0.0774 -0.076134 -0.12762 0.079991 -0.078894 -0.10948 0.084066 -0.075821 -0.093172 0.087488 -0.073056 -0.083348 0.088979 -0.088151 -0.081293 0.086702 -0.1013 -0.073695 0.084909 -0.10769 -0.063673 0.084285 -0.10368 -0.05286 0.08513 -0.092166 -0.043474 0.086289 -0.077211 -0.037576 0.087104 -0.064421 -0.034937 0.08744 -0.05346 -0.030411 0.086782 -0.042618 -0.028502 0.08622 -0.032023 -0.030748 0.086411 -0.025701 -0.035632 0.08731 0.027268 -0.00041676 0.13359 0.005232 -0.0025597 0.1326 0.00096321 0.0029392 0.13229 -0.0007956 0.012218 0.13205 0.0012232 0.021767 0.13191 0.0055864 0.031417 0.13165 0.0081707 0.042455 0.13078 0.013583 0.055381 0.12935 0.021952 0.065434 0.12781 0.0315 0.069117 0.12687 0.040398 0.063931 0.12732 0.047247 0.052931 0.12868 0.049266 0.040124 0.13034 0.05783 0.042638 0.12909 0.071873 0.045519 0.12658 0.087378 0.043453 0.12373 0.098823 0.036654 0.12172 0.097704 0.023304 0.12307 0.090397 0.0093727 0.12539 0.079923 -0.00047398 0.12768 0.072914 -0.0060225 0.12882 0.082075 -0.015031 0.12644 0.086956 -0.02692 0.12434 0.085948 -0.037133 0.12338 0.077408 -0.042781 0.12425 0.064406 -0.043794 0.12609 0.050799 -0.04073 0.12804 0.040361 -0.036442 0.12942 0.029992 -0.034371 0.13007 0.021071 -0.030452 0.13065 0.01458 -0.023633 0.13142 0.012624 -0.016984 0.13213 -0.052068 -0.0067368 0.15634 -0.035279 -0.017727 0.15621 -0.034709 -0.024621 0.15747 -0.038358 -0.03301 0.1597 -0.045298 -0.039375 0.16198 -0.054317 -0.044559 0.16412 -0.063117 -0.052359 0.16638 -0.075639 -0.060062 0.16856 -0.088938 -0.063488 0.16953 -0.099153 -0.060734 0.16899 -0.10296 -0.050781 0.16711 -0.10115 -0.03723 0.16461 -0.09409 -0.025275 0.16241 -0.103 -0.022361 0.1614 -0.11699 -0.016509 0.1589 -0.12913 -0.0056629 0.1546 -0.13471 0.0067406 0.15026 -0.12498 0.017067 0.14861 -0.1096 0.02393 0.14824 -0.0943 0.025259 0.14885 -0.084877 0.025162 0.14911 -0.087357 0.038275 0.14471 -0.084354 0.051086 0.14026 -0.077317 0.058817 0.13747 -0.06676 0.057935 0.13752 -0.055485 0.050279 0.13947 -0.046462 0.038825 0.14234 -0.040975 0.028485 0.14487 -0.034407 0.020254 0.14626 -0.030194 0.011687 0.14792 -0.029739 0.0025902 0.1503 -0.032668 -0.0034323 0.15244 0.0099394 -0.042055 0.16463 0.0080087 -0.027132 0.16245 0.011801 -0.023339 0.16081 0.018717 -0.021242 0.15882 0.026136 -0.022074 0.15725 0.033871 -0.024738 0.15574 0.043 -0.026042 0.15329 0.053784 -0.029695 0.15027 0.062157 -0.036047 0.14776 0.065176 -0.043668 0.14683 0.060841 -0.050938 0.14857 0.051756 -0.056517 0.15211 0.041238 -0.058061 0.15611 0.043411 -0.065045 0.15502 0.04575 -0.0768 0.15295 0.04384 -0.090059 0.15159 0.03807 -0.10001 0.15192 0.027532 -0.099048 0.15641 0.016786 -0.092765 0.16151 0.0093913 -0.083797 0.16508 0.005283 -0.077879 0.16675 -0.0022502 -0.086284 0.16808 -0.012155 -0.091172 0.17016 -0.020551 -0.090919 0.17218 -0.024864 -0.084012 0.17349 -0.02516 -0.073208 0.17361 -0.022042 -0.061893 0.17253 -0.018036 -0.053349 0.17109 -0.016119 -0.045364 0.16974 -0.012861 -0.038648 0.16816 -0.0073278 -0.033883 0.16647 -0.0019662 -0.03263 0.1654 -0.0037739 0.0042038 0.18525 -0.0079336 -0.0023403 0.18674 -0.010629 -0.0027075 0.1865 -0.013951 -0.0014324 0.18574 -0.016501 0.0011692 0.18467 -0.018587 0.0045805 0.18333 -0.021685 0.0078335 0.18176 -0.024694 0.012465 0.17952 -0.025944 0.017381 0.17717 -0.024728 0.021176 0.17549 -0.020737 0.022695 0.17526 -0.015406 0.022192 0.17621 -0.010782 0.01973 0.17804 -0.0094758 0.022985 0.17642 -0.0068203 0.028002 0.17366 -0.0020994 0.032257 0.17112 0.0031248 0.034159 0.16994 0.0070138 0.03079 0.17235 0.0093641 0.025396 0.17583 0.0095301 0.019927 0.17898 0.0093017 0.016498 0.18074 0.014768 0.017337 0.18027 0.020052 0.01613 0.18074 0.023178 0.013467 0.18193 0.022683 0.0095549 0.18371 0.019414 0.0053663 0.18545 0.014648 0.0019855 0.18664 0.010401 -8.4877e-05 0.18723 0.007092 -0.0026283 0.18784 0.0036772 -0.0042696 0.18811 4.518e-05 -0.004425 0.18794 -0.0023702 -0.0032358 0.18748 -0.023385 -0.038666 0.093019 -0.011853 -0.043056 0.092256 -0.011176 -0.046846 0.092289 -0.012594 -0.051873 0.092565 -0.015869 -0.05609 0.092937 -0.020277 -0.059759 0.093227 -0.024109 -0.064468 0.093231 -0.029694 -0.06942 0.092971 -0.036006 -0.072307 0.092423 -0.04142 -0.071855 0.091841 -0.044519 -0.067265 0.09164 -0.045344 -0.060315 0.091787 -0.043471 -0.053592 0.092215 -0.048119 -0.052782 0.091398 -0.055435 -0.050897 0.089703 -0.062317 -0.046299 0.087599 -0.066197 -0.040345 0.08601 -0.062645 -0.034021 0.086659 -0.056025 -0.028798 0.088012 -0.048826 -0.026293 0.089371 -0.044231 -0.025123 0.090037 -0.046455 -0.018652 0.088598 -0.046 -0.011771 0.087393 -0.043149 -0.0070457 0.086881 -0.037769 -0.0062246 0.087365 -0.031315 -0.0086555 0.088321 -0.025476 -0.013206 0.089308 -0.0214 -0.017653 0.090004 -0.016803 -0.021083 0.090257 -0.013307 -0.025128 0.090518 -0.011624 -0.030056 0.091004 -0.012098 -0.033838 0.091551 -0.023385 -0.038666 0.093019 -0.021808 -0.027388 0.089736 -0.018412 -0.025994 0.089322 -0.013398 -0.026225 0.089396 -0.008733 -0.028299 0.089978 -0.0043415 -0.03153 0.090783 0.00088549 -0.034077 0.091163 0.0067035 -0.038216 0.091703 0.010734 -0.04347 0.092401 0.011448 -0.048573 0.093224 0.0078137 -0.052331 0.094216 0.0015022 -0.054443 0.095152 -0.0051615 -0.054024 0.095634 -0.0049587 -0.05854 0.096156 -0.0052286 -0.065836 0.096754 -0.0081465 -0.073352 0.097195 -0.012949 -0.078346 0.097393 -0.019582 -0.076333 0.097433 -0.025812 -0.071201 0.097184 -0.029631 -0.064972 0.096671 -0.031678 -0.060936 0.096188 -0.037303 -0.06456 0.095963 -0.043874 -0.065805 0.095296 -0.048916 -0.06431 0.094484 -0.050815 -0.059517 0.093686 -0.049893 -0.05297 0.092884 -0.04686 -0.046524 0.09216 -0.04356 -0.041755 0.091602 -0.041339 -0.036799 0.090659 -0.038307 -0.032719 0.089916 -0.03405 -0.030071 0.089648 -0.030393 -0.029626 0.089915 0.3026 -0.005044 0.054747 0.30837 0.0059633 0.055255 0.31268 0.0066013 0.055968 0.31824 0.0048208 0.057071 0.32276 0.0010052 0.058059 0.32667 -0.0040731 0.058805 0.33216 -0.00879 0.0594 0.33791 -0.015625 0.059555 0.34112 -0.02312 0.058906 0.34028 -0.029192 0.05772 0.33444 -0.032033 0.056551 0.32588 -0.031892 0.055609 0.31784 -0.028648 0.055212 0.3168 -0.033916 0.0537 0.31445 -0.042208 0.050577 0.30893 -0.049688 0.046357 0.30189 -0.053515 0.042738 0.29463 -0.048586 0.042694 0.28893 -0.040241 0.044041 0.28661 -0.03159 0.045966 0.28575 -0.026175 0.046989 0.27812 -0.028213 0.043373 0.27022 -0.027085 0.040097 0.26501 -0.023393 0.038434 0.26459 -0.017224 0.039299 0.26815 -0.010251 0.041683 0.2742 -0.004324 0.044551 0.27993 -0.00047112 0.04683 0.28441 0.0039597 0.048235 0.28934 0.0070477 0.049668 0.29494 0.0079679 0.051422 0.29893 0.006691 0.052836 0.33389 0.047967 0.087045 0.31252 0.040627 0.08179 0.30644 0.04536 0.08039 0.30178 0.054786 0.079626 0.30091 0.065481 0.07979 0.30248 0.076932 0.080167 0.30188 0.089614 0.079387 0.30386 0.10512 0.078188 0.30997 0.11822 0.076961 0.31923 0.12461 0.076445 0.33018 0.12106 0.077812 0.34041 0.11059 0.080528 0.34587 0.096945 0.083554 0.35453 0.1019 0.082406 0.36935 0.10868 0.079628 0.38734 0.11039 0.076546 0.40211 0.10585 0.07496 0.40423 0.090932 0.078762 0.39958 0.073871 0.083593 0.39044 0.06056 0.087114 0.38417 0.05284 0.088577 0.39712 0.045293 0.087965 0.40622 0.033509 0.087784 0.40827 0.022106 0.08812 0.40057 0.013913 0.08884 0.38666 0.0097847 0.089046 0.371 0.010036 0.088451 0.35853 0.01239 0.087518 0.34709 0.01231 0.085846 0.33672 0.014547 0.084209 0.32806 0.020476 0.083224 0.32414 0.027251 0.083313 0.25946 0.018059 0.12452 0.28007 0.011815 0.12579 0.28187 0.0052814 0.12609 0.28001 -0.0037241 0.12629 0.27466 -0.011576 0.12622 0.26718 -0.018663 0.12578 0.26083 -0.027694 0.12495 0.25129 -0.037416 0.12334 0.24019 -0.043477 0.12122 0.23035 -0.043336 0.1194 0.22427 -0.035371 0.11877 0.22212 -0.022873 0.11908 0.22494 -0.010509 0.12015 0.21645 -0.0096989 0.11809 0.20302 -0.0072851 0.11421 0.19017 9.2506e-05 0.10971 0.18263 0.010285 0.10633 0.18849 0.021964 0.1074 0.20002 0.031953 0.11008 0.21286 0.0371 0.11316 0.2211 0.039584 0.11487 0.21647 0.0509 0.1113 0.21672 0.06325 0.10837 0.22152 0.072 0.10724 0.23119 0.073993 0.10883 0.24304 0.070239 0.11199 0.25391 0.062604 0.11543 0.26153 0.054997 0.11801 0.26999 0.049363 0.11979 0.27646 0.042595 0.12141 0.27966 0.034125 0.12305 0.27887 0.027473 0.12414 0.33081 -0.0039768 0.15516 0.31989 0.012072 0.15295 0.32184 0.018561 0.15395 0.32803 0.024905 0.1563 0.33641 0.028223 0.1591 0.34623 0.029703 0.16202 0.35681 0.033625 0.16495 0.3707 0.036084 0.1682 0.3838 0.034336 0.17046 0.39197 0.028066 0.17107 0.39183 0.017596 0.16989 0.38538 0.0059175 0.16762 0.3748 -0.0023766 0.16503 0.38178 -0.0083389 0.16505 0.39235 -0.018909 0.16421 0.39956 -0.033403 0.16154 0.40032 -0.046888 0.15818 0.38791 -0.052699 0.15582 0.37162 -0.053238 0.15403 0.35736 -0.048764 0.15307 0.34894 -0.045194 0.15234 0.34667 -0.05818 0.14862 0.3396 -0.068881 0.14426 0.33067 -0.073423 0.14099 0.32154 -0.068743 0.13991 0.31412 -0.057586 0.14044 0.31006 -0.043783 0.14201 0.30878 -0.032306 0.14364 0.30584 -0.022398 0.14409 0.30511 -0.013039 0.14505 0.30788 -0.0045385 0.1471 0.31256 -6.3896e-05 0.14936 0.28772 0.051124 0.15585 0.28408 0.036856 0.15432 0.27942 0.034735 0.15241 0.27262 0.035265 0.14978 0.26643 0.03864 0.14742 0.26063 0.043785 0.14505 0.25316 0.048158 0.14163 0.24514 0.055213 0.13741 0.24024 0.063844 0.13387 0.24046 0.071746 0.13242 0.24689 0.0768 0.13439 0.25679 0.078702 0.13869 0.26642 0.076479 0.1437 0.26718 0.083488 0.14219 0.26965 0.094784 0.13957 0.27643 0.10592 0.13805 0.28527 0.11276 0.1387 0.29395 0.10831 0.14428 0.30077 0.099035 0.15062 0.30373 0.088481 0.15518 0.30505 0.081757 0.15742 0.31481 0.086628 0.1593 0.32532 0.087514 0.16225 0.33256 0.084328 0.16513 0.33373 0.076615 0.16708 0.32996 0.0668 0.16753 0.32304 0.057703 0.16645 0.3164 0.051403 0.16485 0.31183 0.044842 0.16355 0.30655 0.0399 0.16183 0.29997 0.037542 0.15971 0.2948 0.03832 0.15813 0.28092 0.0058165 0.17899 0.28695 0.010266 0.18071 0.28952 0.0095892 0.18075 0.29208 0.0071726 0.18038 0.29349 0.0038261 0.17966 0.29421 -9.4414e-05 0.17865 0.29591 -0.004261 0.17752 0.29708 -0.0096769 0.17575 0.29657 -0.014708 0.17369 0.29422 -0.017781 0.17201 0.2901 -0.017694 0.17141 0.28543 -0.015219 0.17178 0.28205 -0.011187 0.17303 0.27981 -0.013738 0.17139 0.27581 -0.017448 0.16852 0.27022 -0.019701 0.16564 0.26494 -0.019566 0.16398 0.2625 -0.014951 0.16585 0.26209 -0.0090122 0.1689 0.2637 -0.0038309 0.17184 0.26503 -0.00071812 0.17351 0.25986 0.00050926 0.17249 0.25554 0.0035667 0.17237 0.25363 0.0071888 0.17314 0.25537 0.010639 0.17484 0.2597 0.013314 0.17679 0.26512 0.014677 0.17837 0.26965 0.015015 0.17934 0.2735 0.016124 0.18022 0.27715 0.01636 0.1808 0.28047 0.015154 0.181 0.28223 0.013165 0.18084 0.32269 0.031199 0.08863 0.31407 0.039339 0.086543 0.31487 0.042998 0.086398 0.31799 0.047014 0.086677 0.32246 0.049625 0.087269 0.32775 0.051321 0.087914 0.33293 0.054146 0.088186 0.3398 0.056526 0.088375 0.34658 0.056764 0.088412 0.35131 0.054329 0.088417 0.35239 0.049048 0.088673 0.35053 0.042506 0.0891 0.3463 0.037178 0.089518 0.35024 0.034687 0.089219 0.35624 0.030191 0.088363 0.36087 0.02339 0.087134 0.36227 0.016507 0.086136 0.35667 0.01217 0.086586 0.34868 0.0099964 0.087377 0.34118 0.01048 0.088037 0.33657 0.011161 0.088247 0.33628 0.0044317 0.08724 0.33341 -0.0016651 0.086196 0.32914 -0.0048971 0.085524 0.32398 -0.0036259 0.085462 0.31902 0.00099659 0.085662 0.3154 0.0072994 0.085898 0.31335 0.012841 0.086034 0.31049 0.017633 0.085706 0.30884 0.022573 0.085483 0.30913 0.027655 0.085648 0.31091 0.030916 0.086132 0.32269 0.031199 0.08863 0.31736 0.021427 0.085536 0.31384 0.021397 0.08481 0.30943 0.023454 0.084352 0.30598 0.027072 0.08438 0.30318 0.031645 0.084625 0.29941 0.035882 0.084381 0.2957 0.041778 0.084188 0.29398 0.048031 0.084308 0.29517 0.052934 0.084903 0.29974 0.05504 0.086159 0.30609 0.054677 0.087686 0.31186 0.05188 0.088873 0.31332 0.056049 0.08924 0.31622 0.062548 0.089654 0.3216 0.068261 0.090182 0.32774 0.070997 0.090741 0.33293 0.06675 0.091532 0.33661 0.059828 0.092084 0.33776 0.052789 0.092153 0.33813 0.048376 0.092003 0.34454 0.04955 0.092268 0.35094 0.04821 0.092261 0.35497 0.044958 0.092029 0.35496 0.039898 0.091575 0.35176 0.0343 0.09087 0.34671 0.029572 0.090018 0.34203 0.026463 0.089255 0.33828 0.022764 0.08823 0.33411 0.020162 0.087293 0.32933 0.01933 0.086657 0.32587 0.020292 0.08655 0.61311 -0.038737 0.061598 0.61805 -0.024467 0.061973 0.62317 -0.022913 0.062389 0.63026 -0.024036 0.063051 0.63647 -0.027794 0.063617 0.64216 -0.033174 0.063924 0.64965 -0.037827 0.063921 0.65779 -0.044969 0.063326 0.66293 -0.053362 0.06204 0.66291 -0.060788 0.060579 0.65632 -0.065264 0.059722 0.64595 -0.066666 0.05948 0.63571 -0.064253 0.059905 0.63525 -0.070748 0.05812 0.63362 -0.081095 0.054536 0.62793 -0.091038 0.050035 0.61982 -0.096886 0.04648 0.61023 -0.092313 0.047285 0.60203 -0.083369 0.049628 0.59789 -0.07344 0.052315 0.59598 -0.067115 0.053732 0.58683 -0.070924 0.050294 0.57682 -0.07099 0.047371 0.56973 -0.0675 0.046103 0.5682 -0.060185 0.047321 0.57144 -0.051188 0.04991 0.5779 -0.042994 0.052774 0.5843 -0.037341 0.054935 0.589 -0.031213 0.056241 0.59449 -0.026613 0.057493 0.60121 -0.024495 0.058977 0.60637 -0.025309 0.060158 0.64438 0.030252 0.096956 0.6196 0.017558 0.092808 0.61131 0.022134 0.091953 0.60392 0.032592 0.091838 0.60095 0.045266 0.09245 0.60076 0.059293 0.093095 0.59764 0.074413 0.092674 0.59704 0.093399 0.09162 0.60181 0.11027 0.090059 0.61165 0.11966 0.08879 0.62554 0.1174 0.089177 0.63999 0.1067 0.090941 0.64934 0.09129 0.093415 0.65867 0.09886 0.091438 0.67482 0.10977 0.08708 0.69567 0.11518 0.081908 0.714 0.11249 0.078543 0.71968 0.094929 0.082177 0.71778 0.07353 0.087561 0.70968 0.055821 0.092008 0.70377 0.045378 0.094024 0.72056 0.038723 0.091842 0.73357 0.026266 0.090386 0.73814 0.012955 0.090205 0.73053 0.0016899 0.091499 0.71467 -0.0058393 0.092936 0.69584 -0.0084267 0.093772 0.68041 -0.0078936 0.093986 0.66656 -0.010084 0.093184 0.65358 -0.0092955 0.092393 0.64202 -0.0037699 0.092297 0.6361 0.0036354 0.092992 0.56503 -0.019888 0.14569 0.59095 -0.023585 0.14495 0.59434 -0.031098 0.1449 0.59378 -0.042252 0.14503 0.58881 -0.052665 0.1452 0.58112 -0.062549 0.14519 0.57509 -0.074549 0.14458 0.56529 -0.08796 0.14335 0.55289 -0.097259 0.14181 0.54091 -0.098885 0.14069 0.53212 -0.090441 0.14082 0.52729 -0.075845 0.14178 0.52851 -0.060499 0.14312 0.51798 -0.06107 0.14163 0.50107 -0.060606 0.13859 0.48385 -0.054071 0.13495 0.47261 -0.043188 0.13217 0.47759 -0.028103 0.1332 0.48983 -0.014018 0.13544 0.50458 -0.0055065 0.13787 0.51417 -0.0010223 0.1391 0.50617 0.011747 0.13586 0.50388 0.026652 0.1329 0.50788 0.038054 0.13144 0.51926 0.042214 0.13239 0.53446 0.039861 0.13471 0.54923 0.032662 0.13733 0.56003 0.02491 0.13928 0.57136 0.01969 0.14031 0.58052 0.012743 0.14131 0.58608 0.00315 0.14259 0.58647 -0.0049934 0.14369 0.65775 -0.033534 0.1729 0.64151 -0.016264 0.17196 0.64275 -0.0081291 0.17312 0.64926 0.00059891 0.17539 0.65898 0.0060949 0.17787 0.67077 0.0096493 0.18029 0.68303 0.016274 0.18273 0.69954 0.021753 0.18516 0.71576 0.022047 0.18641 0.72674 0.016025 0.18612 0.72837 0.0034504 0.18446 0.72254 -0.011728 0.18212 0.71113 -0.023605 0.17994 0.72057 -0.02947 0.1791 0.73505 -0.040191 0.17679 0.74602 -0.056218 0.1726 0.74903 -0.072218 0.16828 0.73499 -0.081457 0.16661 0.71542 -0.085093 0.16613 0.69746 -0.082346 0.16655 0.68666 -0.079609 0.16665 0.6859 -0.095568 0.16222 0.67893 -0.10966 0.15761 0.66873 -0.11672 0.15461 0.65684 -0.11278 0.15441 0.64599 -0.10077 0.15608 0.63878 -0.084973 0.1587 0.63532 -0.071457 0.16104 0.63004 -0.060117 0.16215 0.62757 -0.04903 0.16361 0.62955 -0.038343 0.16595 0.63457 -0.032137 0.1682 0.59622 0.024616 0.1796 0.59432 0.0068398 0.17775 0.58892 0.0034571 0.17596 0.58041 0.0028706 0.17365 0.57213 0.0058069 0.17167 0.56399 0.01094 0.1697 0.55388 0.01485 0.16668 0.54253 0.021889 0.16288 0.5347 0.031384 0.15962 0.53336 0.040928 0.1582 0.54034 0.048158 0.15998 0.5523 0.052216 0.16397 0.56478 0.051265 0.16866 0.56423 0.059835 0.1671 0.56483 0.073883 0.16425 0.57072 0.088513 0.16224 0.58011 0.098356 0.16234 0.59191 0.094545 0.16769 0.60247 0.084597 0.17394 0.60844 0.072419 0.17849 0.61151 0.064565 0.1807 0.62249 0.072192 0.18205 0.63521 0.075158 0.18442 0.64477 0.072638 0.18689 0.64779 0.063573 0.18874 0.64513 0.051089 0.1893 0.63841 0.038908 0.18845 0.63145 0.03014 0.18707 0.62704 0.021437 0.18582 0.62145 0.014551 0.18422 0.61378 0.010532 0.18237 0.60728 0.01053 0.18109 0.59894 -0.031314 0.20506 0.60553 -0.02488 0.20658 0.60873 -0.025217 0.20636 0.6122 -0.027639 0.20561 0.61442 -0.031385 0.20455 0.61588 -0.035946 0.20321 0.61855 -0.040616 0.20163 0.62074 -0.046877 0.19933 0.62083 -0.052981 0.19689 0.6184 -0.057084 0.19511 0.61339 -0.057733 0.19482 0.6074 -0.055631 0.19577 0.60275 -0.051434 0.19764 0.60036 -0.054888 0.19591 0.59594 -0.060044 0.19292 0.58935 -0.063744 0.19011 0.58283 -0.064535 0.18874 0.57928 -0.059473 0.19125 0.57804 -0.052461 0.19494 0.57934 -0.045981 0.19828 0.58054 -0.042023 0.20015 0.57403 -0.041492 0.19954 0.56829 -0.03862 0.19991 0.56543 -0.034637 0.20109 0.56707 -0.030196 0.20296 0.57197 -0.026209 0.20484 0.57838 -0.023591 0.20616 0.58383 -0.022363 0.20683 0.58833 -0.02033 0.2075 0.59271 -0.01938 0.20781 0.59693 -0.020216 0.20769 0.59938 -0.022274 0.20727 0.63423 0.0080357 0.099294 0.62221 0.016238 0.098014 0.62248 0.02078 0.097889 0.6255 0.026172 0.098035 0.63044 0.030125 0.098361 0.63652 0.03313 0.09864 0.64223 0.037476 0.098542 0.65003 0.041599 0.098173 0.65809 0.043138 0.097572 0.66419 0.04109 0.097045 0.66648 0.03495 0.097063 0.66549 0.026748 0.097517 0.66147 0.019567 0.098226 0.66659 0.017309 0.097429 0.67449 0.013034 0.095737 0.68114 0.005744 0.093678 0.68396 -0.0022449 0.092191 0.67812 -0.0084906 0.093099 0.66905 -0.012588 0.094695 0.66007 -0.013403 0.09618 0.65445 -0.013441 0.096883 0.65523 -0.021557 0.095553 0.6528 -0.02939 0.094446 0.64822 -0.03405 0.09399 0.6418 -0.033478 0.094457 0.63505 -0.028851 0.095308 0.6296 -0.021958 0.096125 0.62614 -0.01569 0.096655 0.62181 -0.010463 0.096711 0.61891 -0.0048351 0.096774 0.61834 0.0013132 0.097098 0.61994 0.0055513 0.097579 0.63423 0.0080357 0.099294 0.62932 -0.0046368 0.09598 0.62503 -0.0053148 0.095493 0.61933 -0.0036554 0.095462 0.61454 4.7684e-05 0.095942 0.61039 0.0050144 0.096636 0.60508 0.0094061 0.096856 0.59954 0.015799 0.097183 0.59636 0.022985 0.097684 0.59695 0.029081 0.098402 0.60216 0.032436 0.099457 0.61 0.033156 0.10057 0.61753 0.03085 0.10127 0.61855 0.036119 0.10168 0.62088 0.04445 0.10208 0.62632 0.052294 0.10235 0.63322 0.056706 0.10248 0.64029 0.052558 0.10275 0.64602 0.044925 0.1028 0.64868 0.036688 0.10254 0.64992 0.031463 0.10219 0.65739 0.034053 0.10191 0.6653 0.033629 0.10125 0.67068 0.030475 0.10049 0.67154 0.024405 0.099816 0.66867 0.017105 0.099144 0.6634 0.010509 0.098511 0.65829 0.0059195 0.097994 0.65437 0.00080013 0.097072 0.64976 -0.0030804 0.096325 0.64413 -0.0049534 0.096035 0.6398 -0.0044384 0.096277 -1.2238 0.020484 0.067056 -1.2275 0.0049314 0.064238 -1.2325 0.003231 0.062576 -1.2396 0.0040903 0.060511 -1.246 0.0075998 0.058862 -1.2519 0.012748 0.057361 -1.2591 0.017022 0.054872 -1.2669 0.023686 0.051933 -1.2719 0.031739 0.049903 -1.2721 0.039142 0.049834 -1.2664 0.044048 0.05251 -1.257 0.046217 0.056619 -1.2475 0.044673 0.060492 -1.2471 0.051162 0.06027 -1.2454 0.061549 0.05981 -1.2397 0.071865 0.060145 -1.2317 0.078325 0.061212 -1.2223 0.074582 0.063847 -1.2142 0.066423 0.066451 -1.2099 0.056975 0.068192 -1.2077 0.050896 0.068971 -1.1984 0.055382 0.069106 -1.188 0.056299 0.069203 -1.1805 0.05347 0.069355 -1.1786 0.046331 0.069786 -1.1814 0.03706 0.070156 -1.1874 0.028239 0.070157 -1.1934 0.021899 0.06983 -1.1976 0.015171 0.069178 -1.2028 0.0098457 0.068352 -1.2095 0.006815 0.06746 -1.215 0.0068779 0.066889 -1.2391 -0.043758 0.12501 -1.2217 -0.027518 0.12349 -1.2145 -0.029521 0.1233 -1.207 -0.036286 0.12342 -1.2025 -0.04565 0.12372 -1.1999 -0.056561 0.12383 -1.195 -0.067421 0.12319 -1.1912 -0.08162 0.12183 -1.1917 -0.095308 0.12002 -1.1972 -0.10447 0.11858 -1.208 -0.1059 0.11859 -1.2208 -0.10121 0.11968 -1.2309 -0.091947 0.12139 -1.2363 -0.099477 0.11947 -1.2461 -0.1108 0.11556 -1.2601 -0.11898 0.11094 -1.2739 -0.12065 0.10761 -1.2818 -0.10885 0.10948 -1.285 -0.092592 0.11293 -1.2829 -0.077694 0.11631 -1.2808 -0.068574 0.11801 -1.2941 -0.066914 0.11472 -1.3057 -0.060148 0.11197 -1.3114 -0.051018 0.11085 -1.3081 -0.040828 0.11214 -1.2981 -0.031593 0.11459 -1.285 -0.025318 0.1171 -1.2736 -0.022076 0.11885 -1.2636 -0.017038 0.11958 -1.2536 -0.014474 0.12026 -1.2437 -0.015872 0.12132 -1.2376 -0.02006 0.12241 -1.187 0.0016146 0.15425 -1.2169 0.0040236 0.15364 -1.2208 0.011869 0.15493 -1.2205 0.023759 0.15725 -1.2152 0.035086 0.15957 -1.2069 0.046015 0.16158 -1.2005 0.059074 0.16325 -1.1901 0.073948 0.16444 -1.1766 0.084781 0.16429 -1.1632 0.087542 0.16296 -1.1531 0.079362 0.1611 -1.147 0.064291 0.15921 -1.1476 0.047875 0.15795 -1.1359 0.049459 0.15593 -1.1171 0.050708 0.15157 -1.0978 0.045737 0.14531 -1.0849 0.035576 0.1397 -1.0897 0.018967 0.13899 -1.1027 0.0026035 0.1402 -1.1186 -0.0080585 0.14234 -1.1291 -0.013816 0.14338 -1.1198 -0.026278 0.13781 -1.1168 -0.041492 0.13255 -1.1208 -0.053698 0.12959 -1.1334 -0.059152 0.13029 -1.1504 -0.05818 0.13322 -1.1672 -0.052069 0.13699 -1.1796 -0.044965 0.14008 -1.1926 -0.040368 0.14175 -1.2033 -0.033738 0.14366 -1.21 -0.024083 0.14644 -1.211 -0.015605 0.14901 -1.2545 0.010211 0.18233 -1.2393 -0.01117 0.18483 -1.2423 -0.019153 0.18425 -1.2507 -0.026969 0.18274 -1.2617 -0.031045 0.18072 -1.2741 -0.032775 0.17814 -1.2868 -0.037303 0.17478 -1.303 -0.04015 0.16994 -1.318 -0.038067 0.16498 -1.3272 -0.030593 0.16174 -1.3272 -0.01797 0.16191 -1.3201 -0.0036745 0.1645 -1.3084 0.006772 0.16845 -1.3158 0.013952 0.16513 -1.3265 0.02651 0.15926 -1.3329 0.043757 0.15351 -1.3322 0.05989 0.15015 -1.318 0.067379 0.15399 -1.2998 0.068861 0.16013 -1.284 0.064417 0.16616 -1.2744 0.060749 0.16955 -1.2699 0.075912 0.16612 -1.26 0.088492 0.16409 -1.2486 0.093945 0.16428 -1.238 0.088749 0.16758 -1.2297 0.076001 0.17232 -1.2254 0.060017 0.17677 -1.2241 0.046514 0.17976 -1.2203 0.034488 0.18206 -1.2193 0.022794 0.18376 -1.2228 0.01179 0.18489 -1.2287 0.0055914 0.18518 -1.2133 -0.043187 0.1914 -1.2117 -0.028509 0.18736 -1.2071 -0.025806 0.1856 -1.1997 -0.025452 0.18394 -1.1925 -0.028004 0.18306 -1.1854 -0.032399 0.18248 -1.1766 -0.035875 0.18091 -1.1666 -0.042056 0.17916 -1.1596 -0.050297 0.17806 -1.1582 -0.058461 0.17825 -1.1642 -0.064418 0.1805 -1.1745 -0.067519 0.18397 -1.1855 -0.066339 0.1873 -1.1848 -0.073729 0.18718 -1.1849 -0.085914 0.18666 -1.1896 -0.098592 0.18668 -1.1975 -0.10704 0.18767 -1.2079 -0.10336 0.19116 -1.2174 -0.094392 0.19461 -1.223 -0.083686 0.19652 -1.2258 -0.076864 0.19717 -1.2351 -0.083326 0.1988 -1.2461 -0.085783 0.20054 -1.2544 -0.08355 0.20179 -1.2572 -0.075766 0.20195 -1.2552 -0.065162 0.20084 -1.2495 -0.054914 0.19877 -1.2436 -0.047595 0.19674 -1.2399 -0.040375 0.19467 -1.2351 -0.034698 0.19261 -1.2285 -0.031408 0.19086 -1.2229 -0.03143 0.1901 -1.2165 0.015736 0.21189 -1.2231 0.0083265 0.21227 -1.2262 0.0088568 0.21189 -1.2297 0.011314 0.21129 -1.2321 0.014942 0.21063 -1.2338 0.019243 0.20981 -1.2364 0.02336 0.2087 -1.2386 0.02879 0.20709 -1.2391 0.034133 0.20535 -1.2371 0.037884 0.20408 -1.2327 0.038856 0.20396 -1.227 0.037569 0.20478 -1.2223 0.034416 0.20627 -1.2203 0.037464 0.20495 -1.2166 0.042017 0.20258 -1.2109 0.04543 0.20026 -1.2051 0.046364 0.19907 -1.2012 0.042162 0.20113 -1.1991 0.036137 0.20414 -1.1993 0.03042 0.20681 -1.1998 0.026849 0.20827 -1.194 0.026486 0.20772 -1.1887 0.024087 0.20787 -1.1857 0.020634 0.20865 -1.1867 0.016546 0.21001 -1.1905 0.012626 0.21137 -1.1958 0.0097322 0.21231 -1.2004 0.0080585 0.21277 -1.2044 0.0056496 0.21309 -1.2086 0.0042191 0.21317 -1.2129 0.004406 0.21307 -1.2158 0.005887 0.21291 1.8455 0.026487 0.056143 1.8282 0.0264 0.052539 1.8252 0.031281 0.050785 1.8243 0.039091 0.048749 1.8264 0.046822 0.047258 1.8304 0.05442 0.045988 1.8332 0.063215 0.043656 1.8383 0.073257 0.040963 1.8456 0.080676 0.039249 1.8534 0.082834 0.039505 1.86 0.077921 0.04246 1.8645 0.068476 0.046753 1.8652 0.05794 0.050632 1.8722 0.05916 0.050677 1.8836 0.060068 0.050623 1.896 0.056699 0.051346 1.9048 0.049816 0.052635 1.9032 0.038922 0.055114 1.8965 0.028178 0.057383 1.8876 0.021124 0.05874 1.8817 0.017224 0.059263 1.8889 0.0085163 0.059463 1.8925 -0.0022316 0.059451 1.8914 -0.010903 0.059375 1.8844 -0.014796 0.059487 1.8738 -0.01424 0.059511 1.863 -0.010178 0.059213 1.8547 -0.0054522 0.05868 1.8465 -0.0027122 0.057758 1.8396 0.001441 0.05673 1.8347 0.0078335 0.055755 1.8334 0.01367 0.055237 1.7714 0.024616 0.11472 1.7931 0.010368 0.11358 1.7928 0.0022745 0.11317 1.7876 -0.0074034 0.11289 1.7789 -0.014567 0.11274 1.768 -0.02009 0.11234 1.7578 -0.028072 0.1111 1.7438 -0.035716 0.10899 1.7293 -0.038701 0.10648 1.7182 -0.035167 0.10464 1.7139 -0.024164 0.10475 1.7155 -0.0093889 0.1063 1.7227 0.0035896 0.10866 1.7134 0.007494 0.10638 1.699 0.014956 0.1019 1.6869 0.027871 0.096882 1.6817 0.042134 0.093496 1.6921 0.053423 0.096104 1.7083 0.060884 0.10051 1.7245 0.062433 0.10471 1.7346 0.062537 0.10687 1.7331 0.077102 0.10366 1.7373 0.091213 0.10124 1.7455 0.099655 0.10054 1.7571 0.098705 0.1023 1.7694 0.090457 0.10514 1.7793 0.078115 0.10787 1.7856 0.066885 0.10969 1.7935 0.057596 0.11054 1.7988 0.047611 0.11122 1.7998 0.036698 0.11213 1.7969 0.029181 0.113 1.8317 -0.019606 0.14681 1.8265 0.012615 0.14672 1.8338 0.018822 0.14849 1.8463 0.02149 0.15145 1.8596 0.018749 0.15432 1.8732 0.012675 0.15679 1.8886 0.0092659 0.15904 1.907 0.0019808 0.16079 1.9219 -0.0095005 0.16091 1.9283 -0.02285 0.15942 1.9224 -0.035687 0.15695 1.9081 -0.045936 0.1542 1.8906 -0.049476 0.15216 1.8954 -0.061394 0.14992 1.9017 -0.080848 0.14509 1.9017 -0.10244 0.13798 1.8945 -0.11856 0.13141 1.8757 -0.11767 0.13001 1.855 -0.10822 0.13076 1.8395 -0.094119 0.13279 1.8307 -0.084577 0.13379 1.8202 -0.097466 0.12723 1.805 -0.10445 0.12095 1.7912 -0.10321 0.11736 1.7822 -0.091393 0.11804 1.7787 -0.073195 0.12144 1.7807 -0.053971 0.12594 1.7849 -0.039089 0.1297 1.7863 -0.024181 0.13185 1.7905 -0.011224 0.13432 1.7988 -0.0016346 0.13778 1.8075 0.0014477 0.14088 1.8223 0.053292 0.17784 1.8035 0.031602 0.17931 1.7943 0.032784 0.1784 1.7839 0.039723 0.17658 1.7768 0.050317 0.17443 1.7719 0.063084 0.17182 1.764 0.075445 0.16827 1.757 0.091987 0.16327 1.7555 0.10849 0.15835 1.7611 0.12025 0.15539 1.7745 0.12348 0.15613 1.7913 0.11963 0.15938 1.8052 0.10984 0.16384 1.8111 0.11959 0.16076 1.8218 0.13433 0.15528 1.8386 0.14569 0.15006 1.856 0.14917 0.14721 1.8674 0.13599 0.15138 1.8734 0.11693 0.15766 1.8726 0.098864 0.16359 1.8711 0.087672 0.16687 1.8884 0.086948 0.16385 1.9043 0.079753 0.16211 1.913 0.069105 0.16238 1.9102 0.056405 0.16547 1.8986 0.044285 0.16979 1.8827 0.035477 0.17373 1.8686 0.03052 0.17627 1.8568 0.023403 0.17811 1.8446 0.019286 0.17938 1.832 0.020077 0.18013 1.8239 0.024718 0.18026 1.7761 -0.0043192 0.18445 1.7922 -0.0020447 0.18081 1.7963 -0.0062389 0.179 1.7986 -0.013912 0.17715 1.7978 -0.022168 0.176 1.795 -0.030804 0.17509 1.7937 -0.041003 0.17315 1.7898 -0.053107 0.17088 1.7829 -0.062595 0.16925 1.7746 -0.066139 0.16907 1.7667 -0.06143 0.17128 1.7606 -0.05135 0.17495 1.7589 -0.039576 0.17868 1.7513 -0.042192 0.17823 1.7384 -0.045169 0.17714 1.7238 -0.043479 0.17668 1.7128 -0.037362 0.17747 1.7138 -0.025462 0.18147 1.7207 -0.013166 0.18565 1.7306 -0.0046005 0.18822 1.737 0.0001564 0.18925 1.7277 0.0083237 0.19082 1.7222 0.019221 0.19272 1.7224 0.028577 0.19426 1.7299 0.033551 0.19481 1.7417 0.03412 0.19408 1.754 0.030869 0.19226 1.7634 0.02656 0.19034 1.7721 0.024532 0.18842 1.7794 0.020991 0.18643 1.7846 0.014908 0.18462 1.7861 0.0089846 0.18374 1.8368 0.013711 0.20872 1.8272 0.018769 0.20889 1.827 0.022243 0.20856 1.8287 0.026636 0.20809 1.832 0.03012 0.20759 1.8361 0.032986 0.20694 1.8398 0.036825 0.20599 1.8451 0.040669 0.20456 1.8507 0.042543 0.20296 1.8552 0.041498 0.20175 1.8574 0.037012 0.2016 1.8574 0.030683 0.20233 1.8552 0.024879 0.20369 1.859 0.023571 0.2024 1.8649 0.020913 0.20005 1.8701 0.015813 0.19767 1.8726 0.0098705 0.19636 1.8691 0.0046444 0.19829 1.8631 0.00081825 0.20117 1.8569 -0.00050163 0.20375 1.853 -0.00098038 0.20514 1.8541 -0.0071907 0.20445 1.853 -0.013456 0.20443 1.85 -0.01745 0.20505 1.8454 -0.017555 0.20632 1.8402 -0.01457 0.20765 1.8358 -0.0097437 0.20859 1.8328 -0.0052347 0.20908 1.8292 -0.0016375 0.20937 1.8266 0.0023899 0.20945 1.8257 0.0070362 0.20941 1.8265 0.010432 0.20935 2.1445 0.017374 0.044196 2.1414 0.0042992 0.040784 2.1371 0.0029173 0.039474 2.1309 0.0037193 0.038117 2.1253 0.0067558 0.037286 2.1202 0.011184 0.036687 2.1139 0.014926 0.03526 2.1071 0.020732 0.033678 2.1026 0.027686 0.032847 2.1024 0.033994 0.033391 2.1074 0.038038 0.035758 2.1155 0.039685 0.038944 2.1237 0.03819 0.041636 2.124 0.043739 0.041958 2.1254 0.052643 0.042351 2.1302 0.061476 0.043241 2.137 0.066996 0.044333 2.1451 0.063721 0.045845 2.1522 0.056671 0.047022 2.1561 0.048543 0.04753 2.158 0.043332 0.047601 2.1659 0.047258 0.047728 2.1748 0.048162 0.047499 2.1813 0.045833 0.047122 2.183 0.039743 0.046833 2.1807 0.031782 0.046496 2.1757 0.024195 0.046011 2.1706 0.018745 0.045458 2.167 0.013012 0.044542 2.1626 0.0084743 0.043633 2.1568 0.0058784 0.042909 2.1521 0.0059071 0.042649 2.1342 -0.041999 0.086957 2.1489 -0.027833 0.086377 2.155 -0.029434 0.085795 2.1615 -0.035113 0.085079 2.1654 -0.043057 0.084414 2.1677 -0.052327 0.08354 2.172 -0.061467 0.081965 2.1753 -0.07341 0.079578 2.175 -0.084936 0.077023 2.1703 -0.092701 0.07532 2.1611 -0.094045 0.075606 2.1501 -0.090296 0.077342 2.1415 -0.082664 0.079848 2.1368 -0.088999 0.077876 2.1285 -0.098465 0.074137 2.1163 -0.10525 0.070229 2.1044 -0.10659 0.067879 2.0977 -0.096775 0.070636 2.0949 -0.083235 0.074868 2.0967 -0.07078 0.078751 2.0985 -0.063116 0.080787 2.087 -0.061613 0.07872 2.0769 -0.055783 0.077444 2.0719 -0.047991 0.077467 2.0747 -0.03937 0.079211 2.0832 -0.031569 0.081587 2.0945 -0.026253 0.083656 2.1042 -0.023485 0.084925 2.1127 -0.019127 0.085563 2.1213 -0.01687 0.085955 2.1299 -0.018019 0.086343 2.1351 -0.021594 0.086676 2.1794 -0.0049562 0.11256 2.1538 -0.0032291 0.11335 2.1504 0.0033054 0.11518 2.1507 0.013259 0.11801 2.1552 0.022794 0.12062 2.1623 0.032052 0.12282 2.1677 0.043126 0.125 2.1765 0.055835 0.12677 2.188 0.06524 0.12703 2.1993 0.06786 0.12567 2.208 0.061163 0.12312 2.2132 0.048546 0.12015 2.2128 0.034653 0.11783 2.2227 0.036303 0.11588 2.2386 0.037936 0.11173 2.2549 0.034425 0.10551 2.2658 0.026361 0.09964 2.2618 0.012209 0.097912 2.2509 -0.0019836 0.098071 2.2375 -0.011429 0.099551 2.2286 -0.016542 0.10032 2.2365 -0.026613 0.094437 2.239 -0.039129 0.08881 2.2355 -0.049349 0.085568 2.2249 -0.054204 0.086163 2.2104 -0.053813 0.089262 2.1962 -0.049108 0.093445 2.1856 -0.043448 0.096993 2.1745 -0.039823 0.099198 2.1654 -0.034455 0.10168 2.1596 -0.02653 0.10497 2.1589 -0.019518 0.10778 2.1227 -0.00063515 0.13866 2.136 -0.018851 0.13844 2.1335 -0.025643 0.13744 2.1263 -0.03229 0.13589 2.1169 -0.035742 0.13431 2.1062 -0.03717 0.13252 2.0952 -0.040927 0.12988 2.0812 -0.04318 0.12629 2.0682 -0.04121 0.12296 2.0602 -0.034709 0.12124 2.0601 -0.02397 0.12239 2.0661 -0.011905 0.12539 2.0761 -0.0031662 0.12902 2.0696 0.0031147 0.12716 2.0601 0.01413 0.12376 2.0543 0.029184 0.12067 2.0546 0.043193 0.11919 2.0668 0.049453 0.12241 2.0826 0.050468 0.12688 2.0964 0.046416 0.13086 2.1048 0.043149 0.13299 2.1083 0.056385 0.13124 2.1166 0.06738 0.13022 2.1263 0.072151 0.1304 2.1356 0.067604 0.13228 2.1429 0.056483 0.13483 2.1469 0.042578 0.13703 2.1483 0.030862 0.13835 2.1517 0.020489 0.13913 2.1527 0.010409 0.13954 2.1499 0.00090694 0.13971 2.1449 -0.0044689 0.13967 2.1588 -0.046306 0.14029 2.1598 -0.033472 0.13811 2.1637 -0.030977 0.13671 2.1699 -0.030456 0.13511 2.1761 -0.032472 0.13393 2.1822 -0.036083 0.13284 2.1897 -0.038814 0.13096 2.1982 -0.043819 0.12867 2.2042 -0.050667 0.12685 2.2054 -0.057618 0.12631 2.2005 -0.062941 0.12789 2.1918 -0.065977 0.13085 2.1826 -0.065365 0.13407 2.1832 -0.071641 0.13336 2.1832 -0.081983 0.13196 2.1793 -0.092841 0.13114 2.1727 -0.10021 0.13156 2.1639 -0.097479 0.13508 2.1558 -0.090219 0.13897 2.151 -0.081317 0.14159 2.1486 -0.075592 0.14277 2.1407 -0.081337 0.14392 2.1314 -0.083699 0.14556 2.1243 -0.081998 0.14706 2.1219 -0.075415 0.14792 2.1235 -0.066271 0.14778 2.1281 -0.057313 0.1467 2.133 -0.050848 0.14541 2.1361 -0.044493 0.14416 2.14 -0.039439 0.14276 2.1456 -0.036421 0.14135 2.1503 -0.036311 0.14052 2.1563 0.0022669 0.16185 2.1507 -0.0041552 0.16181 2.148 -0.0037146 0.16166 2.1449 -0.0016184 0.1615 2.1428 0.0014935 0.16133 2.1414 0.0051994 0.16107 2.1391 0.0087585 0.16059 2.137 0.01348 0.15979 2.1365 0.01816 0.15881 2.1381 0.021477 0.158 2.1419 0.022369 0.15781 2.1468 0.02128 0.15818 2.1509 0.018538 0.15897 2.1525 0.021261 0.15806 2.1555 0.025368 0.15635 2.1603 0.028524 0.15452 2.1653 0.029484 0.15341 2.1687 0.025794 0.15461 2.1706 0.020456 0.15651 2.1706 0.015378 0.15825 2.1703 0.012218 0.15917 2.1752 0.012024 0.15848 2.1798 0.010036 0.15821 2.1824 0.0070696 0.15847 2.1817 0.0034723 0.15928 2.1785 -2.0027e-05 0.16023 2.174 -0.0026226 0.16096 2.1701 -0.0041418 0.16137 2.1667 -0.0062685 0.16159 2.1632 -0.0075445 0.16169 2.1594 -0.007431 0.16178 2.157 -0.0061922 0.16187 -0.94218 -0.0083971 0.075496 -0.92477 0.0015354 0.073654 -0.91844 -0.0012341 0.072064 -0.91268 -0.0085106 0.070105 -0.91019 -0.017755 0.068476 -0.90974 -0.028199 0.066753 -0.90702 -0.039476 0.063893 -0.90625 -0.053755 0.060027 -0.90973 -0.066513 0.056364 -0.91722 -0.073696 0.054384 -0.92784 -0.072247 0.055739 -0.93883 -0.064507 0.059479 -0.94584 -0.053159 0.064186 -0.95297 -0.058974 0.061917 -0.96549 -0.067217 0.057601 -0.98175 -0.071243 0.053668 -0.99604 -0.069228 0.052182 -1.0002 -0.056514 0.057698 -0.99835 -0.040991 0.064776 -0.99171 -0.028054 0.070375 -0.98692 -0.020377 0.073154 -1.0002 -0.015508 0.072884 -1.0106 -0.006196 0.073809 -1.0143 0.0037956 0.075584 -1.0084 0.012213 0.077901 -0.99597 0.017841 0.079614 -0.98127 0.019772 0.080101 -0.96932 0.019345 0.07976 -0.95889 0.021109 0.079108 -0.94923 0.020659 0.078085 -0.94075 0.016564 0.076933 -0.93652 0.010918 0.076221 -0.86583 0.031144 0.11559 -0.88928 0.036322 0.11684 -0.89299 0.044002 0.11809 -0.89247 0.055305 0.12007 -0.88726 0.065771 0.12183 -0.87918 0.075885 0.12306 -0.87249 0.089134 0.12396 -0.86153 0.1041 0.12371 -0.8479 0.1145 0.12157 -0.83518 0.1162 0.11832 -0.82665 0.10632 0.11555 -0.82299 0.089497 0.11379 -0.82598 0.072038 0.11369 -0.81472 0.073064 0.10977 -0.7966 0.073314 0.10175 -0.77861 0.06698 0.09136 -0.76735 0.055584 0.083011 -0.77395 0.038755 0.084578 -0.78832 0.023187 0.089709 -0.805 0.014196 0.095624 -0.81571 0.0098295 0.098741 -0.80756 -0.0039606 0.091335 -0.8058 -0.020009 0.085192 -0.81068 -0.03217 0.08267 -0.82303 -0.036107 0.085381 -0.83897 -0.032514 0.090885 -0.85391 -0.023402 0.096918 -0.86436 -0.013906 0.10149 -0.8752 -0.0073118 0.10427 -0.88345 0.00069809 0.10695 -0.88753 0.010933 0.11015 -0.88643 0.019085 0.1127 -0.98145 0.043996 0.16082 -0.96211 0.025616 0.16424 -0.96323 0.015908 0.16562 -0.97038 0.0048704 0.16704 -0.98135 -0.0027637 0.16776 -0.99471 -0.0083818 0.16778 -1.0084 -0.017729 0.16761 -1.0268 -0.026304 0.16619 -1.045 -0.02876 0.16334 -1.0574 -0.02308 0.16008 -1.0597 -0.00842 0.15774 -1.0537 0.010268 0.15645 -1.0414 0.025744 0.15662 -1.052 0.031396 0.15301 -1.0681 0.042027 0.1461 -1.0803 0.059258 0.13751 -1.0836 0.077445 0.13058 -1.0683 0.089981 0.13124 -1.0469 0.096692 0.13495 -1.027 0.095779 0.13988 -1.0149 0.093947 0.14271 -1.014 0.11235 0.13562 -1.0061 0.12928 0.12965 -0.99451 0.13852 0.12712 -0.98107 0.13537 0.12986 -0.96873 0.12287 0.13576 -0.96038 0.10557 0.14246 -0.95625 0.090412 0.14763 -0.94995 0.077903 0.1513 -0.94684 0.065347 0.1547 -0.94889 0.052738 0.15811 -0.95457 0.044973 0.16029 -0.918 -0.028157 0.20513 -0.90934 0.0065603 0.20124 -0.89825 0.010133 0.19803 -0.88259 0.0081606 0.19377 -0.86865 0.00047684 0.1901 -0.85599 -0.010711 0.18657 -0.84058 -0.019835 0.18134 -0.82403 -0.033959 0.17499 -0.8136 -0.051043 0.17011 -0.81345 -0.066876 0.16886 -0.82618 -0.077671 0.17305 -0.84654 -0.082811 0.18044 -0.86702 -0.080035 0.18812 -0.86835 -0.093815 0.18674 -0.87259 -0.11577 0.1843 -0.88546 -0.13755 0.18349 -0.90318 -0.15119 0.18491 -0.92315 -0.14345 0.19136 -0.94036 -0.12637 0.19846 -0.94946 -0.10651 0.20369 -0.95408 -0.093665 0.20632 -0.9742 -0.10279 0.20712 -0.9964 -0.10432 0.20863 -1.0123 -0.098009 0.21042 -1.0163 -0.082775 0.21247 -1.0102 -0.063109 0.2139 -0.9974 -0.044384 0.21411 -0.98454 -0.030833 0.21343 -0.97537 -0.016229 0.2124 -0.964 -0.0045815 0.21078 -0.94923 0.0021524 0.20868 -0.93724 0.0021935 0.20707 -0.89861 0.078279 0.21613 -0.92208 0.057764 0.21621 -0.93164 0.060206 0.21401 -0.94145 0.069064 0.21069 -0.94711 0.081441 0.20733 -0.9501 0.095834 0.20349 -0.95628 0.11018 0.1981 -0.96059 0.12876 0.19065 -0.95887 0.14635 0.18323 -0.95043 0.15778 0.17859 -0.93554 0.15908 0.17961 -0.91842 0.1525 0.18489 -0.90566 0.14017 0.19247 -0.89734 0.14935 0.18761 -0.88249 0.16271 0.17884 -0.86163 0.1714 0.17076 -0.84185 0.17191 0.16724 -0.83247 0.15674 0.17643 -0.83026 0.13646 0.18898 -0.83521 0.11812 0.19968 -0.83928 0.10682 0.20537 -0.82035 0.10321 0.20394 -0.80421 0.093074 0.20512 -0.79673 0.080531 0.20845 -0.80241 0.067725 0.21363 -0.81744 0.056826 0.21846 -0.83657 0.050014 0.22136 -0.85279 0.046929 0.22239 -0.86681 0.041087 0.22293 -0.88059 0.038473 0.22251 -0.89389 0.041237 0.22134 -0.90172 0.047528 0.22017 -0.97482 0.01297 0.22325 -0.94755 0.011749 0.2234 -0.94321 0.0046482 0.22169 -0.94274 -0.0065498 0.21918 -0.94703 -0.017469 0.21666 -0.95424 -0.028064 0.21372 -0.95948 -0.040534 0.2096 -0.96856 -0.054517 0.20378 -0.98071 -0.064324 0.19777 -0.9931 -0.066344 0.1937 -1.003 -0.058313 0.194 -1.0094 -0.044132 0.19778 -1.0094 -0.029033 0.20371 -1.0203 -0.029763 0.19945 -1.0379 -0.029206 0.19171 -1.0563 -0.022255 0.18442 -1.0689 -0.010961 0.18112 -1.0651 0.0037575 0.18906 -1.0537 0.017377 0.20003 -1.039 0.025646 0.20933 -1.0294 0.030146 0.21427 -1.0389 0.043323 0.21338 -1.0426 0.058824 0.2149 -1.0394 0.070748 0.21816 -1.0278 0.075222 0.22267 -1.0116 0.073141 0.22656 -0.9955 0.066207 0.22864 -0.98352 0.058683 0.22919 -0.97119 0.054099 0.22943 -0.96105 0.047694 0.22886 -0.95456 0.038277 0.22769 -0.95368 0.029887 0.22663 -0.89424 0.018485 0.24311 -0.90723 0.028912 0.24099 -0.9066 0.033695 0.23955 -0.9026 0.038976 0.2379 -0.89641 0.042419 0.23663 -0.88893 0.044633 0.23534 -0.88172 0.048323 0.23319 -0.87206 0.051257 0.23033 -0.86241 0.051158 0.22763 -0.85553 0.047472 0.22616 -0.8536 0.040225 0.22717 -0.85576 0.031575 0.23001 -0.86136 0.024834 0.23366 -0.85566 0.021043 0.23198 -0.84706 0.014094 0.22879 -0.84038 0.0039263 0.226 -0.83823 -0.0059738 0.22518 -0.84569 -0.011081 0.22975 -0.85658 -0.012824 0.23551 -0.86702 -0.011053 0.23999 -0.87351 -0.0095139 0.24223 -0.87365 -0.019027 0.24263 -0.87753 -0.027435 0.24404 -0.88352 -0.031661 0.2459 -0.89092 -0.029434 0.24773 -0.89818 -0.022588 0.24875 -0.90362 -0.013596 0.24864 -0.90679 -0.0058575 0.24793 -0.91118 0.00066185 0.24704 -0.91382 0.007246 0.24581 -0.91359 0.013945 0.24447 -0.91102 0.018197 0.24366 -0.93723 0.052735 0.26337 -0.93634 0.038476 0.26501 -0.93989 0.03573 0.2643 -0.94575 0.034609 0.26285 -0.95169 0.035913 0.2611 -0.95759 0.038699 0.25901 -0.96429 0.040277 0.25644 -0.97198 0.043591 0.25288 -0.97774 0.048752 0.24933 -0.97956 0.054712 0.24705 -0.97609 0.06041 0.2472 -0.9692 0.064914 0.24917 -0.96141 0.066394 0.25221 -0.96246 0.071685 0.24996 -0.9633 0.080291 0.2461 -0.96093 0.089772 0.24259 -0.95589 0.096787 0.24097 -0.94785 0.096271 0.24443 -0.93983 0.091951 0.2494 -0.93445 0.0856 0.25391 -0.93142 0.081296 0.25643 -0.92506 0.086844 0.25538 -0.9171 0.089716 0.25551 -0.91059 0.08898 0.25675 -0.90748 0.083657 0.25922 -0.90757 0.075591 0.26194 -0.91023 0.067136 0.26405 -0.91346 0.060627 0.26523 -0.91516 0.054064 0.26624 -0.91797 0.048411 0.26676 -0.92257 0.044334 0.26674 -0.92693 0.043153 0.26634 -0.87669 0.018413 0.13996 -0.88014 0.034501 0.14021 -0.8764 0.037998 0.14007 -0.86975 0.040035 0.1399 -0.86266 0.03941 0.13967 -0.85539 0.037135 0.13919 -0.84741 0.036284 0.13831 -0.83794 0.033685 0.13676 -0.8303 0.028813 0.13478 -0.82703 0.02253 0.13309 -0.82996 0.015783 0.13258 -0.83709 0.00982 0.13311 -0.84585 0.0069866 0.13451 -0.84356 0.0013189 0.13261 -0.84069 -0.0080023 0.12906 -0.84121 -0.018765 0.12516 -0.8453 -0.02723 0.12264 -0.85478 -0.027942 0.12475 -0.86512 -0.02452 0.12832 -0.87284 -0.01848 0.13172 -0.87732 -0.014293 0.13355 -0.88315 -0.02132 0.13172 -0.89131 -0.025695 0.13073 -0.89868 -0.025911 0.13092 -0.90336 -0.020578 0.13257 -0.90512 -0.011732 0.13472 -0.90408 -0.0020304 0.13659 -0.90194 0.0056629 0.13778 -0.90136 0.013244 0.1385 -0.89932 0.020046 0.13901 -0.89496 0.025449 0.13951 -0.89033 0.027612 0.1399 -0.87669 0.018413 0.13996 -0.88807 0.013022 0.13909 -0.89131 0.01521 0.13863 -0.89396 0.019824 0.13812 -0.8947 0.02523 0.13774 -0.89422 0.031063 0.13732 -0.8949 0.037177 0.13651 -0.89447 0.044705 0.13538 -0.89201 0.051272 0.13427 -0.88777 0.054826 0.13365 -0.88221 0.053821 0.13405 -0.87659 0.049535 0.13516 -0.87308 0.043478 0.13655 -0.86911 0.046192 0.1358 -0.86239 0.049986 0.13435 -0.85399 0.051497 0.13293 -0.84679 0.049928 0.13221 -0.84478 0.042953 0.1337 -0.84582 0.034604 0.13574 -0.84925 0.027755 0.13747 -0.85173 0.023663 0.13835 -0.84534 0.020535 0.13779 -0.84059 0.015195 0.13755 -0.83916 0.009716 0.13773 -0.84245 0.0052767 0.13843 -0.8489 0.0024118 0.1392 -0.85645 0.0014963 0.13974 -0.86265 0.0017548 0.13997 -0.86845 0.00086403 0.13994 -0.8739 0.0012093 0.13981 -0.87872 0.0035238 0.13968 -0.88116 0.0066071 0.13967 -0.61467 -0.057888 0.08148 -0.60501 -0.045173 0.080601 -0.5999 -0.04537 0.079585 -0.594 -0.048932 0.078195 -0.58986 -0.054832 0.076936 -0.58683 -0.062167 0.075617 -0.58206 -0.069338 0.07362 -0.57779 -0.079171 0.071026 -0.57675 -0.089206 0.068746 -0.57986 -0.096541 0.06772 -0.58741 -0.098783 0.068849 -0.59696 -0.096735 0.071387 -0.60484 -0.090951 0.074346 -0.60806 -0.097179 0.073217 -0.61416 -0.10674 0.07116 -0.62385 -0.11447 0.069527 -0.6339 -0.11737 0.069154 -0.64035 -0.10964 0.072111 -0.64362 -0.098115 0.075772 -0.64293 -0.086973 0.078677 -0.64193 -0.080094 0.080153 -0.65211 -0.08059 0.080023 -0.66154 -0.077083 0.080457 -0.66673 -0.07111 0.081324 -0.66509 -0.063346 0.082578 -0.65834 -0.055592 0.083639 -0.64903 -0.049733 0.084106 -0.64088 -0.046345 0.08408 -0.63423 -0.041844 0.083883 -0.62745 -0.03914 0.083433 -0.62046 -0.039351 0.082804 -0.61597 -0.041965 0.082316 -0.58031 -0.0029898 0.126 -0.60332 -0.012793 0.13182 -0.60933 -0.0082874 0.13321 -0.61365 0.0010796 0.13432 -0.61406 0.01197 0.1344 -0.61215 0.023708 0.13344 -0.61273 0.036246 0.1323 -0.61121 0.051676 0.12938 -0.60612 0.065028 0.1246 -0.598 0.072056 0.11937 -0.58755 0.069556 0.11564 -0.5771 0.06027 0.1138 -0.57075 0.047482 0.11462 -0.56349 0.052899 0.10912 -0.5516 0.060451 0.099076 -0.53712 0.063237 0.087457 -0.52485 0.059717 0.079006 -0.52121 0.045251 0.081962 -0.52303 0.028147 0.089205 -0.52936 0.014304 0.097326 -0.53415 0.0061111 0.10198 -0.52333 -0.00052452 0.095225 -0.51576 -0.011612 0.090837 -0.51408 -0.022823 0.090384 -0.52062 -0.031645 0.095059 -0.53276 -0.037024 0.10228 -0.54679 -0.038301 0.10952 -0.55823 -0.037251 0.11482 -0.56938 -0.038549 0.11897 -0.57963 -0.037388 0.12257 -0.58808 -0.032311 0.12587 -0.59174 -0.025887 0.12782 -0.66302 -0.0092916 0.14322 -0.63971 -0.027695 0.13674 -0.64082 -0.036977 0.13448 -0.64808 -0.047571 0.13249 -0.65933 -0.054883 0.13156 -0.67303 -0.060042 0.13089 -0.68646 -0.06811 0.12851 -0.70462 -0.07513 0.12544 -0.72293 -0.076431 0.12298 -0.73607 -0.07053 0.12253 -0.73969 -0.057029 0.12562 -0.73544 -0.040148 0.13082 -0.72458 -0.026306 0.13605 -0.73568 -0.020128 0.13493 -0.75273 -0.0085926 0.13226 -0.76639 0.0092945 0.12983 -0.77126 0.027575 0.12909 -0.75681 0.038895 0.13386 -0.73556 0.044445 0.13947 -0.71524 0.043017 0.14351 -0.70274 0.041185 0.14523 -0.7032 0.059476 0.14436 -0.69653 0.076321 0.14375 -0.68557 0.085498 0.14375 -0.67151 0.082421 0.14458 -0.65756 0.070278 0.14521 -0.64706 0.0536 0.14506 -0.64097 0.038995 0.14436 -0.63286 0.026901 0.14268 -0.62799 0.014476 0.14093 -0.62835 0.0015478 0.13972 -0.63297 -0.0068703 0.13957 -0.57698 -0.067025 0.19072 -0.58278 -0.040903 0.18572 -0.57676 -0.035194 0.18372 -0.5658 -0.032048 0.18177 -0.55398 -0.033395 0.18064 -0.54173 -0.037584 0.17972 -0.52815 -0.039595 0.17746 -0.51199 -0.044917 0.1746 -0.49892 -0.054184 0.17232 -0.49332 -0.065511 0.1718 -0.49833 -0.0768 0.17432 -0.5105 -0.086088 0.1787 -0.52545 -0.089657 0.18324 -0.52146 -0.1 0.18227 -0.51648 -0.11722 0.18012 -0.51734 -0.13685 0.17841 -0.52432 -0.1519 0.17824 -0.54035 -0.15171 0.18261 -0.55777 -0.14389 0.18765 -0.57071 -0.13181 0.19125 -0.57818 -0.12371 0.19285 -0.58814 -0.13623 0.19286 -0.60211 -0.14382 0.19324 -0.61469 -0.14389 0.19393 -0.62254 -0.13402 0.19486 -0.62528 -0.11809 0.19526 -0.6232 -0.10098 0.19479 -0.61928 -0.087669 0.19386 -0.61814 -0.074836 0.19234 -0.61458 -0.063551 0.19067 -0.60714 -0.054817 0.18926 -0.59928 -0.051559 0.18873 -0.60003 0.017815 0.19531 -0.61062 -0.0036039 0.19562 -0.61835 -0.0047131 0.19471 -0.62828 -0.0012684 0.19335 -0.6363 0.0059729 0.19192 -0.64308 0.015513 0.19013 -0.65233 0.02419 0.18751 -0.66168 0.036635 0.18364 -0.66638 0.050219 0.17947 -0.66413 0.061252 0.17652 -0.65368 0.066614 0.17652 -0.63891 0.066713 0.17888 -0.62539 0.061212 0.18275 -0.6226 0.070644 0.17957 -0.61668 0.085339 0.17373 -0.60496 0.098475 0.16789 -0.59118 0.10513 0.16478 -0.57915 0.09652 0.16984 -0.57051 0.081842 0.17722 -0.56777 0.066493 0.18372 -0.56692 0.056784 0.18717 -0.55231 0.060155 0.18544 -0.53754 0.057818 0.18532 -0.52813 0.050953 0.18681 -0.52801 0.039739 0.18995 -0.53524 0.027061 0.19321 -0.54682 0.016199 0.1955 -0.55754 0.0090361 0.19661 -0.56586 0.00063801 0.19725 -0.57499 -0.0053043 0.19738 -0.58541 -0.0072079 0.1972 -0.59293 -0.0049429 0.19695 -0.62196 -0.050701 0.21962 -0.60871 -0.041821 0.21808 -0.60389 -0.043674 0.21626 -0.59937 -0.048894 0.21365 -0.59726 -0.055705 0.21124 -0.59668 -0.063457 0.20882 -0.59445 -0.071513 0.20529 -0.59358 -0.0818 0.20095 -0.59581 -0.091252 0.19752 -0.60108 -0.096988 0.19649 -0.60888 -0.096777 0.19907 -0.61721 -0.092052 0.20376 -0.62283 -0.084395 0.20868 -0.62791 -0.089022 0.20759 -0.63682 -0.095704 0.20573 -0.64863 -0.099529 0.20491 -0.65927 -0.098804 0.20559 -0.66308 -0.089629 0.20964 -0.66264 -0.078013 0.21419 -0.65851 -0.068051 0.21762 -0.65543 -0.06206 0.21936 -0.66559 -0.058902 0.21961 -0.67383 -0.052266 0.22035 -0.67717 -0.044847 0.22142 -0.6732 -0.038217 0.22287 -0.66421 -0.033392 0.22409 -0.65328 -0.031197 0.22457 -0.64426 -0.030849 0.22441 -0.63638 -0.028895 0.22406 -0.62892 -0.028648 0.22333 -0.6221 -0.031197 0.22222 -0.61845 -0.035147 0.22127 -0.59006 -0.024632 0.24732 -0.60017 -0.020736 0.24519 -0.60073 -0.017374 0.24483 -0.59943 -0.012908 0.24479 -0.59648 -0.009161 0.24509 -0.59252 -0.0059109 0.24544 -0.58902 -0.001749 0.24535 -0.58393 0.002593 0.2451 -0.57817 0.0050678 0.24474 -0.57327 0.0045757 0.24453 -0.57054 0.00045395 0.24489 -0.56994 -0.0057173 0.24567 -0.57178 -0.011638 0.24657 -0.56754 -0.012459 0.24608 -0.56083 -0.014333 0.24491 -0.55451 -0.018653 0.24349 -0.55096 -0.02411 0.24258 -0.55433 -0.029634 0.24371 -0.56051 -0.034091 0.24529 -0.56716 -0.036126 0.24655 -0.57137 -0.03706 0.24707 -0.56935 -0.042953 0.2464 -0.56976 -0.049167 0.24587 -0.57235 -0.053384 0.24567 -0.57724 -0.054022 0.2459 -0.58307 -0.051717 0.24617 -0.5883 -0.047531 0.24625 -0.59192 -0.043482 0.24618 -0.59599 -0.040377 0.2457 -0.59905 -0.036739 0.24526 -0.60049 -0.032319 0.24512 -0.60004 -0.028929 0.24535 -0.64274 -0.011291 0.18518 -0.64397 -0.025743 0.18299 -0.64807 -0.027719 0.18265 -0.65428 -0.027722 0.18262 -0.66017 -0.025363 0.18292 -0.66579 -0.021534 0.18328 -0.6724 -0.018665 0.18321 -0.67983 -0.013855 0.18303 -0.68512 -0.0075445 0.18285 -0.68631 -0.0012007 0.1829 -0.68206 0.003787 0.1835 -0.67441 0.0069075 0.18441 -0.66617 0.0068722 0.18524 -0.66669 0.012479 0.18502 -0.66679 0.02153 0.18433 -0.66363 0.030982 0.18343 -0.65799 0.037415 0.18277 -0.64968 0.035345 0.18341 -0.64169 0.029383 0.18429 -0.63661 0.021893 0.18497 -0.63384 0.01699 0.18519 -0.62709 0.021713 0.18433 -0.61904 0.023508 0.1834 -0.6127 0.021831 0.18278 -0.61007 0.01594 0.18273 -0.61082 0.0077391 0.18292 -0.61418 -0.00044823 0.18312 -0.61797 -0.0065708 0.18321 -0.62041 -0.012922 0.18285 -0.6239 -0.018218 0.18257 -0.629 -0.021752 0.18262 -0.6335 -0.022467 0.18297 -0.64274 -0.011291 0.18518 -0.62973 -0.0093241 0.18545 -0.62712 -0.012486 0.1854 -0.62582 -0.017899 0.18534 -0.62667 -0.023531 0.18521 -0.62885 -0.029233 0.18488 -0.62992 -0.035576 0.18424 -0.63246 -0.043026 0.18308 -0.63673 -0.048914 0.18156 -0.64191 -0.051243 0.18024 -0.64716 -0.048577 0.1798 -0.65157 -0.042582 0.18014 -0.65339 -0.035426 0.18115 -0.65804 -0.037006 0.17966 -0.66562 -0.038893 0.17685 -0.6742 -0.038006 0.17374 -0.68076 -0.034356 0.17168 -0.68085 -0.026723 0.1732 -0.6776 -0.018584 0.17587 -0.67239 -0.012663 0.17848 -0.66882 -0.0092621 0.17988 -0.67414 -0.0042925 0.17829 -0.67722 0.0024223 0.17733 -0.67703 0.008317 0.17736 -0.67254 0.011816 0.17863 -0.66539 0.012817 0.18038 -0.6577 0.011534 0.18196 -0.65166 0.0094633 0.18301 -0.64564 0.0086412 0.18365 -0.64032 0.0066786 0.18415 -0.63622 0.002943 0.18465 -0.63472 -0.00085258 0.18504 0.95738 0.0030756 0.057827 0.94338 0.0033932 0.057679 0.94085 0.0071678 0.057195 0.94029 0.013251 0.056482 0.94229 0.019291 0.055771 0.94588 0.025289 0.054939 0.94844 0.032474 0.053657 0.95311 0.040715 0.051853 0.9596 0.046765 0.050078 0.96636 0.048419 0.049038 0.97187 0.044175 0.049459 0.97542 0.036226 0.050894 0.97549 0.027498 0.052779 0.98151 0.028507 0.051633 0.99134 0.02926 0.04951 1.0017 0.026517 0.047465 1.0089 0.020943 0.046423 1.0069 0.012227 0.048395 1.0005 0.0037508 0.051169 0.99241 -0.001687 0.053597 0.98708 -0.0046196 0.054868 0.99266 -0.011536 0.054001 0.99504 -0.020023 0.053635 0.99351 -0.026817 0.053932 0.98721 -0.029736 0.055054 0.97829 -0.029042 0.05639 0.96937 -0.025523 0.057429 0.96278 -0.02152 0.057984 0.95616 -0.019133 0.05827 0.95074 -0.015718 0.058366 0.94728 -0.010638 0.058353 0.9468 -0.006094 0.058296 0.90246 -0.0037861 0.097888 0.92145 -0.015334 0.10123 0.9214 -0.021982 0.10193 0.91703 -0.029927 0.10247 0.90953 -0.035833 0.10241 0.9002 -0.040474 0.10162 0.89157 -0.047266 0.10049 0.87976 -0.053966 0.097957 0.86751 -0.056953 0.094131 0.85816 -0.054514 0.090212 0.85442 -0.045622 0.087825 0.85556 -0.033353 0.087123 0.86138 -0.022332 0.088418 0.85361 -0.019661 0.08421 0.84178 -0.01453 0.076453 0.83194 -0.0050211 0.067587 0.82781 0.0059795 0.06132 0.8363 0.015815 0.06425 0.84961 0.022891 0.070459 0.86297 0.025049 0.07705 0.87141 0.025594 0.080742 0.87029 0.037073 0.075844 0.87409 0.048406 0.072766 0.88115 0.055396 0.07261 0.89093 0.055034 0.076196 0.90125 0.048786 0.081501 0.90964 0.039091 0.086655 0.91497 0.030144 0.09031 0.92177 0.022689 0.093035 0.92635 0.014634 0.095333 0.92722 0.0058479 0.097472 0.92462 -0.00016594 0.098802 0.95008 -0.059959 0.10648 0.95089 -0.033628 0.10286 0.95796 -0.029486 0.10093 0.96912 -0.029019 0.098795 0.98005 -0.033128 0.097228 0.99072 -0.040088 0.095683 1.0033 -0.045253 0.092724 1.0175 -0.054255 0.088811 1.0277 -0.066338 0.085359 1.0303 -0.078623 0.083938 1.0227 -0.088327 0.08618 1.0087 -0.094356 0.090777 0.99352 -0.094159 0.095923 0.99481 -0.1051 0.094079 0.99531 -0.1229 0.09042 0.98957 -0.1416 0.087164 0.9791 -0.15441 0.085998 0.96383 -0.15035 0.091038 0.94918 -0.13858 0.097362 0.93989 -0.12377 0.10234 0.93482 -0.11411 0.10476 0.92207 -0.12381 0.10382 0.90669 -0.12775 0.10363 0.89456 -0.12475 0.10436 0.88954 -0.11329 0.10615 0.89099 -0.097238 0.10784 0.8974 -0.081231 0.10866 0.90459 -0.069364 0.10865 0.90892 -0.057304 0.10793 0.91516 -0.047361 0.10692 0.92445 -0.040874 0.10598 0.93278 -0.039784 0.10559 0.94847 0.027475 0.154 0.93277 0.010241 0.14905 0.92556 0.011672 0.14774 0.91763 0.0179 0.14687 0.91246 0.027004 0.1468 0.9091 0.037857 0.14696 0.90346 0.048614 0.14606 0.89881 0.062938 0.14488 0.89857 0.077071 0.14399 0.9037 0.086889 0.14407 0.91436 0.089017 0.14595 0.92736 0.084942 0.14887 0.93774 0.07595 0.15167 0.94298 0.084162 0.15124 0.95253 0.09668 0.14993 0.96681 0.1063 0.14859 0.98106 0.10914 0.14806 0.98933 0.097461 0.15059 0.99292 0.080825 0.15353 0.99116 0.065248 0.15553 0.98932 0.055702 0.15626 1.0033 0.055129 0.15564 1.0159 0.049167 0.15499 1.0224 0.040287 0.15464 1.0195 0.029605 0.15476 1.0096 0.019432 0.15474 0.99643 0.012117 0.15434 0.98496 0.0080776 0.15372 0.97523 0.0023651 0.15238 0.96534 -0.0008297 0.15111 0.95528 4.7684e-06 0.15038 0.94891 0.0039053 0.15049 0.9004 -0.032792 0.15541 0.92103 -0.029244 0.15507 0.92576 -0.034065 0.15373 0.92837 -0.042758 0.1518 0.92731 -0.052054 0.14991 0.92398 -0.061639 0.14779 0.92249 -0.072468 0.14478 0.91834 -0.085238 0.14066 0.91099 -0.095288 0.13662 0.90191 -0.099195 0.13417 0.89274 -0.094593 0.1349 0.88516 -0.084375 0.13802 0.88224 -0.072245 0.14238 0.87401 -0.074938 0.13979 0.86035 -0.077968 0.1351 0.84481 -0.076104 0.13087 0.83289 -0.069613 0.12918 0.83299 -0.057014 0.13448 0.83921 -0.043821 0.14157 0.84892 -0.034391 0.14746 0.85548 -0.029003 0.15056 0.84552 -0.020329 0.15014 0.83958 -0.0087013 0.15116 0.83966 0.0013771 0.1532 0.84765 0.0070457 0.15599 0.86047 0.0082703 0.15836 0.8742 0.005559 0.15955 0.88482 0.0016155 0.15977 0.89507 3.9101e-05 0.15977 0.90398 -0.0033484 0.15926 0.91068 -0.0097075 0.15834 0.91293 -0.016162 0.15755 0.9611 -0.014485 0.17517 0.94794 -0.0096178 0.17476 0.94671 -0.0051508 0.17357 0.94798 0.00089073 0.17173 0.95164 0.0060415 0.1699 0.95674 0.010601 0.16795 0.96117 0.016543 0.16518 0.96785 0.022738 0.16163 0.97557 0.026247 0.15862 0.9823 0.02555 0.15741 0.98626 0.019776 0.15902 0.98736 0.011171 0.16236 0.98501 0.0029507 0.16607 0.99086 0.0018263 0.16481 1.0001 -0.00090218 0.16261 1.0089 -0.007206 0.16107 1.0138 -0.015128 0.16085 1.0094 -0.022796 0.16394 1.0012 -0.028758 0.16774 0.9921 -0.031196 0.17089 0.98634 -0.03222 0.17255 0.98933 -0.041028 0.17197 0.9889 -0.050312 0.17193 0.9854 -0.056556 0.17252 0.97872 -0.057265 0.174 0.97072 -0.053489 0.17567 0.96357 -0.046942 0.17687 0.95868 -0.040746 0.1774 0.95323 -0.036174 0.17767 0.94919 -0.03099 0.1776 0.94745 -0.024798 0.17719 0.94833 -0.020126 0.17669 0.92725 -0.0071735 0.20095 0.92961 -0.016175 0.19834 0.9275 -0.018279 0.19796 0.92366 -0.019656 0.19798 0.91951 -0.019528 0.19842 0.91518 -0.018433 0.19899 0.91043 -0.018106 0.19914 0.90473 -0.016731 0.19926 0.9 -0.013927 0.19936 0.89782 -0.010201 0.19955 0.89935 -0.0061789 0.2001 0.90344 -0.0026188 0.20087 0.90861 -0.00092316 0.20156 0.907 0.0025215 0.20146 0.90483 0.0082941 0.20097 0.90459 0.015067 0.20028 0.9066 0.020438 0.19982 0.91229 0.020835 0.20058 0.91868 0.018671 0.20151 0.92359 0.014952 0.20211 0.92643 0.012429 0.20225 0.92954 0.016938 0.20188 0.93413 0.019884 0.20145 0.93844 0.020241 0.20113 0.94142 0.017109 0.20097 0.94279 0.011794 0.20074 0.94252 0.0059395 0.20038 0.94151 0.0013008 0.20001 0.94138 -0.0031328 0.19928 0.94037 -0.0071392 0.19863 0.93797 -0.010428 0.19837 0.93535 -0.011872 0.19857 0.94261 -0.047276 0.14383 0.95339 -0.040558 0.14201 0.95689 -0.042412 0.14143 0.96008 -0.046784 0.14094 0.96145 -0.052174 0.14074 0.96164 -0.058136 0.1406 0.963 -0.064268 0.14001 0.96341 -0.071975 0.13926 0.96165 -0.078947 0.13865 0.95778 -0.083059 0.13855 0.95208 -0.082672 0.13933 0.94597 -0.078943 0.14065 0.94179 -0.073168 0.14197 0.93808 -0.076409 0.14169 0.93169 -0.081098 0.14101 0.92334 -0.08368 0.14039 0.91586 -0.082975 0.14019 0.91308 -0.076093 0.14137 0.91323 -0.067441 0.14278 0.91594 -0.060039 0.14381 0.918 -0.055573 0.14425 0.91115 -0.053196 0.14397 0.90571 -0.048377 0.14376 0.90362 -0.043009 0.14372 0.90643 -0.03811 0.14393 0.91263 -0.034424 0.14411 0.92017 -0.032589 0.14411 0.92646 -0.032114 0.14396 0.9322 -0.030539 0.14353 0.93773 -0.030257 0.14308 0.94286 -0.032036 0.14277 0.94569 -0.034862 0.14275 0.94261 -0.047276 0.14383 0.93453 -0.03913 0.14502 0.93543 -0.03566 0.1452 0.9386 -0.031951 0.1453 0.94302 -0.029639 0.14518 0.94816 -0.028214 0.14478 0.95318 -0.025661 0.14422 0.95972 -0.023543 0.1431 0.96603 -0.023423 0.14155 0.9703 -0.025794 0.14006 0.97109 -0.030838 0.13926 0.96912 -0.037059 0.13917 0.96503 -0.042099 0.13983 0.96848 -0.044464 0.13822 0.97362 -0.048667 0.13528 0.97728 -0.054975 0.13197 0.97799 -0.061351 0.12969 0.97269 -0.065447 0.13091 0.96535 -0.067516 0.13336 0.95858 -0.067057 0.13592 0.95438 -0.066381 0.13735 0.95354 -0.072595 0.13555 0.95034 -0.07817 0.13444 0.94606 -0.081071 0.13442 0.94132 -0.079786 0.1358 0.937 -0.07537 0.13782 0.93401 -0.069385 0.13976 0.93241 -0.064127 0.14112 0.92993 -0.059498 0.14213 0.92859 -0.054762 0.14297 0.92915 -0.04998 0.14374 0.93109 -0.046992 0.14422 -0.33734 -0.00453 0.053546 -0.32846 -0.01095 0.054977 -0.32856 -0.014576 0.055791 -0.33095 -0.018831 0.056883 -0.33495 -0.021924 0.057723 -0.33993 -0.02434 0.058221 -0.34478 -0.028079 0.058702 -0.35144 -0.031745 0.058622 -0.35826 -0.033326 0.057528 -0.36329 -0.031884 0.05572 -0.36491 -0.026851 0.053884 -0.36363 -0.019979 0.052468 -0.3598 -0.013881 0.052042 -0.36407 -0.012396 0.049983 -0.37064 -0.009552 0.045968 -0.37601 -0.0043011 0.040876 -0.37811 0.0017815 0.036856 -0.37295 0.0072155 0.037547 -0.36517 0.011023 0.040021 -0.35759 0.011986 0.042936 -0.3529 0.012081 0.044538 -0.35338 0.01857 0.041326 -0.35115 0.024919 0.038921 -0.34718 0.028767 0.03819 -0.34187 0.02836 0.039699 -0.33648 0.024548 0.042352 -0.33232 0.018787 0.045156 -0.32986 0.01355 0.04727 -0.32667 0.0092173 0.048722 -0.3247 0.0046778 0.050088 -0.32471 -9.4414e-05 0.051605 -0.3264 -0.0032101 0.05274 -0.29508 -0.037339 0.10034 -0.299 -0.020205 0.097129 -0.29503 -0.015659 0.094799 -0.28741 -0.012766 0.091904 -0.27898 -0.013127 0.089541 -0.27007 -0.015544 0.087212 -0.25995 -0.016362 0.083314 -0.24786 -0.01969 0.078388 -0.23816 -0.026211 0.074326 -0.23411 -0.034534 0.072951 -0.23801 -0.043005 0.075985 -0.24722 -0.049992 0.08174 -0.25845 -0.05264 0.087934 -0.2555 -0.060342 0.086244 -0.25203 -0.073408 0.083018 -0.25314 -0.088558 0.080704 -0.25879 -0.10035 0.080632 -0.27057 -0.1003 0.086481 -0.28307 -0.094315 0.093302 -0.29209 -0.084986 0.098366 -0.29724 -0.078765 0.10078 -0.30521 -0.089048 0.10095 -0.31618 -0.095659 0.10189 -0.32583 -0.096312 0.10334 -0.33133 -0.088969 0.1052 -0.33258 -0.076759 0.10646 -0.33005 -0.063581 0.10654 -0.32632 -0.053428 0.10585 -0.32494 -0.044087 0.10477 -0.32191 -0.036 0.10333 -0.31608 -0.029833 0.10177 -0.31008 -0.027672 0.1008 -0.30779 0.025558 0.12286 -0.3167 0.0099525 0.12119 -0.32265 0.0090027 0.11909 -0.33005 0.011922 0.11613 -0.33578 0.018017 0.11341 -0.34048 0.02608 0.11055 -0.34727 0.03379 0.10618 -0.35374 0.044877 0.10054 -0.35623 0.056793 0.095673 -0.35333 0.066135 0.093616 -0.34455 0.070004 0.096266 -0.33298 0.068932 0.10192 -0.32303 0.063 0.10835 -0.31984 0.071097 0.10608 -0.31328 0.083721 0.10195 -0.30195 0.094667 0.098818 -0.28968 0.099763 0.098289 -0.2813 0.091398 0.10453 -0.27661 0.077918 0.1121 -0.27679 0.064286 0.11798 -0.27757 0.055805 0.12092 -0.26463 0.058117 0.12083 -0.25212 0.055378 0.12184 -0.24476 0.048955 0.12365 -0.24604 0.039356 0.12616 -0.25382 0.029065 0.12818 -0.26502 0.020775 0.12893 -0.2749 0.015705 0.12869 -0.28245 0.0095768 0.12816 -0.29022 0.00562 0.12715 -0.29856 0.0051908 0.12575 -0.30417 0.0079689 0.12466 -0.32762 -0.02869 0.15274 -0.3141 -0.020555 0.14951 -0.3094 -0.023017 0.14849 -0.30494 -0.028709 0.14764 -0.3028 -0.035666 0.14726 -0.30217 -0.043348 0.14695 -0.30001 -0.051357 0.14571 -0.29904 -0.061413 0.14399 -0.30099 -0.070458 0.14251 -0.30589 -0.075696 0.14209 -0.31339 -0.074964 0.1436 -0.32158 -0.069838 0.14624 -0.32733 -0.062107 0.14893 -0.33207 -0.066259 0.14811 -0.34034 -0.072268 0.14626 -0.35136 -0.075497 0.14439 -0.36139 -0.074445 0.14339 -0.36538 -0.065375 0.14555 -0.36554 -0.054073 0.14836 -0.36223 -0.044487 0.15062 -0.35969 -0.038741 0.15163 -0.36904 -0.035566 0.15019 -0.37669 -0.029256 0.14887 -0.37986 -0.022289 0.14826 -0.37638 -0.016025 0.1488 -0.36828 -0.011419 0.14976 -0.3583 -0.0092669 0.15056 -0.34993 -0.0088587 0.15093 -0.34245 -0.007041 0.15057 -0.33517 -0.0068817 0.15016 -0.32833 -0.0093517 0.15007 -0.32444 -0.013082 0.15037 -0.29918 -0.011944 0.16717 -0.30732 -0.0078535 0.16676 -0.30757 -0.005024 0.16623 -0.30615 -0.0014324 0.16558 -0.30341 0.0014248 0.165 -0.29988 0.0037718 0.16433 -0.29671 0.0069122 0.1633 -0.29224 0.010029 0.16183 -0.28743 0.011494 0.1603 -0.28354 0.010555 0.15925 -0.28164 0.0068302 0.15936 -0.28157 0.0016403 0.1604 -0.28344 -0.0030661 0.16202 -0.28016 -0.0042295 0.16087 -0.27508 -0.0065908 0.15876 -0.27058 -0.010989 0.15673 -0.26833 -0.016007 0.15579 -0.27134 -0.020172 0.15801 -0.27645 -0.0231 0.16108 -0.28179 -0.023979 0.16364 -0.28519 -0.024259 0.16499 -0.28414 -0.02945 0.16476 -0.28507 -0.03464 0.16518 -0.28755 -0.037903 0.16605 -0.29152 -0.037894 0.16723 -0.296 -0.035326 0.1682 -0.29987 -0.031263 0.16866 -0.30247 -0.027501 0.16872 -0.30556 -0.024527 0.16864 -0.30779 -0.021218 0.16835 -0.30859 -0.017407 0.16797 -0.30788 -0.014623 0.16771 1.2581 -0.0024338 0.053621 1.2453 0.00034714 0.055978 1.2437 0.0043201 0.057376 1.2444 0.010036 0.059207 1.2475 0.015249 0.06062 1.2519 0.020213 0.061555 1.2556 0.026577 0.062617 1.2612 0.033776 0.063015 1.2681 0.038855 0.061951 1.2743 0.03982 0.05966 1.2784 0.035205 0.056888 1.2801 0.027148 0.054381 1.2787 0.018642 0.053128 1.2841 0.019232 0.05052 1.2926 0.019608 0.045421 1.3009 0.016878 0.038733 1.3059 0.011568 0.033208 1.3027 0.0030508 0.033365 1.296 -0.0050926 0.035831 1.2881 -0.010042 0.039156 1.2829 -0.012527 0.041028 1.2864 -0.019134 0.036414 1.2868 -0.026951 0.032759 1.2842 -0.032998 0.031392 1.2781 -0.035207 0.0332 1.2704 -0.03381 0.036778 1.2632 -0.029692 0.040773 1.2581 -0.025278 0.043895 1.2526 -0.02214 0.046105 1.2483 -0.018189 0.048249 1.2461 -0.013066 0.050626 1.2466 -0.0089455 0.052371 1.1973 0.0089045 0.11341 1.2096 -0.0078812 0.10762 1.2072 -0.01452 0.10424 1.2 -0.020988 0.10033 1.1904 -0.024292 0.097417 1.1793 -0.025541 0.094775 1.1675 -0.028964 0.090041 1.1523 -0.030418 0.084328 1.1383 -0.027308 0.080051 1.1299 -0.019837 0.07929 1.1303 -0.0089607 0.083965 1.1375 0.0024748 0.091819 1.149 0.010004 0.099734 1.142 0.017334 0.098534 1.1319 0.030528 0.096084 1.126 0.048082 0.095025 1.1267 0.063804 0.096344 1.1401 0.068645 0.10354 1.157 0.067135 0.11125 1.1716 0.060487 0.11641 1.1803 0.055749 0.11868 1.1844 0.070865 0.12015 1.1935 0.083239 0.12215 1.204 0.088336 0.12409 1.2136 0.082584 0.12557 1.2208 0.069511 0.12572 1.2241 0.053718 0.12429 1.2247 0.040792 0.12225 1.2275 0.029922 0.11987 1.2279 0.019696 0.11718 1.2242 0.010297 0.11452 1.2186 0.0051956 0.11304 1.2417 -0.057261 0.13361 1.2442 -0.035607 0.13347 1.2503 -0.031531 0.1311 1.2598 -0.030963 0.12728 1.269 -0.034718 0.12337 1.2779 -0.041129 0.11904 1.2889 -0.045995 0.11297 1.3011 -0.054611 0.10497 1.3093 -0.066106 0.097761 1.3104 -0.077589 0.09418 1.3026 -0.08629 0.096839 1.2894 -0.091162 0.10366 1.2757 -0.089972 0.11199 1.2759 -0.10019 0.10828 1.2744 -0.1168 0.10179 1.2668 -0.1339 0.096625 1.2555 -0.14525 0.095264 1.2425 -0.14062 0.10366 1.2312 -0.12872 0.11429 1.2252 -0.11418 0.12295 1.2222 -0.10475 0.12748 1.2089 -0.11338 0.12695 1.1937 -0.11633 0.12833 1.1825 -0.11288 0.13117 1.1796 -0.10192 0.13531 1.1835 -0.087089 0.13902 1.1921 -0.072729 0.14099 1.2007 -0.062442 0.14139 1.2062 -0.052053 0.14154 1.2129 -0.043907 0.14085 1.222 -0.039362 0.13931 1.2295 -0.039681 0.13774 1.2393 0.008852 0.17611 1.228 -0.0061588 0.17112 1.2216 -0.0055256 0.17012 1.2139 -0.0012217 0.16969 1.2083 0.0055189 0.17 1.204 0.013764 0.17049 1.1978 0.021756 0.16987 1.1919 0.032627 0.16893 1.1898 0.043724 0.1682 1.1928 0.051874 0.16834 1.2015 0.05442 0.17017 1.2131 0.052301 0.17286 1.2232 0.046143 0.1753 1.2265 0.053064 0.17484 1.2329 0.063807 0.17339 1.2435 0.072766 0.17161 1.2552 0.076423 0.1704 1.2639 0.068014 0.17204 1.2695 0.055264 0.17414 1.2704 0.042842 0.17574 1.2703 0.035172 0.17628 1.2821 0.036211 0.17429 1.2936 0.03296 0.17207 1.3003 0.026799 0.17056 1.2994 0.018167 0.17046 1.2926 0.0091553 0.17101 1.2825 0.0019941 0.17162 1.2734 -0.002429 0.17192 1.2659 -0.0079203 0.17119 1.2579 -0.011471 0.1706 1.2491 -0.011942 0.17069 1.243 -0.0096674 0.17143 1.216 -0.024644 0.19131 1.227 -0.025307 0.19044 1.2286 -0.028266 0.18948 1.2287 -0.032836 0.18827 1.2269 -0.037224 0.18721 1.2241 -0.041411 0.1861 1.222 -0.046266 0.18446 1.2184 -0.051654 0.18228 1.2137 -0.05537 0.1802 1.2089 -0.056044 0.17899 1.205 -0.052821 0.17953 1.2026 -0.047221 0.18138 1.2025 -0.041308 0.18389 1.1983 -0.041436 0.1826 1.1914 -0.040973 0.18026 1.1843 -0.037995 0.17825 1.1794 -0.03339 0.17767 1.1809 -0.027608 0.18086 1.1853 -0.022301 0.18495 1.1909 -0.019098 0.18822 1.1946 -0.017339 0.18992 1.191 -0.012057 0.19022 1.1896 -0.0059166 0.19132 1.1909 -0.001236 0.19277 1.1953 0.00048923 0.19425 1.2016 -0.00035667 0.19518 1.2078 -0.003088 0.19532 1.2125 -0.0060396 0.19499 1.2173 -0.0078735 0.19459 1.2213 -0.010457 0.1939 1.224 -0.01426 0.19301 1.2245 -0.017651 0.19236 1.544 0.018545 0.050946 1.5319 0.014005 0.054066 1.5285 0.016536 0.055426 1.526 0.02177 0.057006 1.5258 0.027829 0.058029 1.5267 0.034414 0.058489 1.5263 0.041743 0.059079 1.5271 0.050827 0.058836 1.5299 0.058676 0.057132 1.5344 0.062709 0.054389 1.5403 0.060935 0.051506 1.546 0.055056 0.04917 1.5495 0.047161 0.048317 1.5535 0.050407 0.045325 1.5601 0.055017 0.03964 1.5682 0.056822 0.032492 1.5751 0.054811 0.026816 1.5771 0.046048 0.027492 1.5761 0.035769 0.030707 1.5724 0.027597 0.034739 1.5696 0.022873 0.037045 1.5759 0.018993 0.032433 1.5804 0.012503 0.029029 1.5815 0.0059681 0.028056 1.5777 0.00096607 0.03035 1.5707 -0.0018358 0.034396 1.5626 -0.0021019 0.03873 1.5561 -0.0010328 0.042039 1.5499 -0.0013046 0.044509 1.5443 -0.00022411 0.046799 1.5398 0.0029879 0.049139 1.5379 0.0067644 0.050706 1.4897 -0.0012627 0.11444 1.5089 -0.0088482 0.10842 1.5104 -0.015851 0.10544 1.5078 -0.025397 0.10224 1.5016 -0.033575 0.10009 1.4929 -0.040841 0.098241 1.4849 -0.050406 0.094418 1.4729 -0.060258 0.089773 1.4595 -0.065586 0.08632 1.4483 -0.064056 0.085858 1.4429 -0.054492 0.090113 1.4429 -0.040601 0.09708 1.4486 -0.027599 0.10396 1.4388 -0.025397 0.10296 1.4231 -0.020143 0.10071 1.4085 -0.0089235 0.099423 1.4006 0.0045929 0.10013 1.4092 0.016335 0.10626 1.4244 0.024825 0.11289 1.4403 0.02761 0.11731 1.4502 0.028593 0.11917 1.4453 0.043407 0.11982 1.4462 0.058763 0.12077 1.4521 0.068821 0.12183 1.4633 0.069403 0.12286 1.4764 0.062495 0.123 1.4878 0.051158 0.12191 1.4953 0.040642 0.1203 1.5035 0.033019 0.11812 1.5093 0.024578 0.11577 1.5113 0.014634 0.11369 1.5093 0.0072136 0.11277 1.5635 -0.030515 0.13404 1.5537 -0.011212 0.13295 1.5564 -0.004673 0.13003 1.5639 0.00072289 0.12555 1.5733 0.0023432 0.12115 1.5841 0.0016022 0.11646 1.5956 0.0031834 0.10982 1.6101 0.0021763 0.10131 1.6229 -0.0033503 0.093959 1.63 -0.012503 0.090715 1.6283 -0.023814 0.094216 1.6204 -0.034583 0.1021 1.6087 -0.040478 0.1113 1.6143 -0.049094 0.10795 1.6219 -0.064096 0.10216 1.6248 -0.08272 0.098109 1.6217 -0.098352 0.097912 1.6086 -0.10107 0.10702 1.5932 -0.096667 0.11798 1.5806 -0.087322 0.12653 1.5731 -0.080855 0.13092 1.5668 -0.095289 0.1316 1.5559 -0.10591 0.13411 1.5449 -0.10893 0.13757 1.5366 -0.10122 0.14152 1.5318 -0.086571 0.14443 1.5312 -0.069871 0.14532 1.5327 -0.056637 0.14476 1.5315 -0.045029 0.14417 1.5326 -0.034648 0.14274 1.5376 -0.02607 0.14043 1.5439 -0.022346 0.13836 1.5269 0.025729 0.17435 1.5256 0.006794 0.17066 1.5199 0.0037584 0.17007 1.5112 0.0031195 0.16999 1.5028 0.0056391 0.17044 1.4947 0.010144 0.17092 1.4852 0.013339 0.17043 1.4744 0.01909 0.1695 1.4665 0.02707 0.16851 1.4645 0.035452 0.16816 1.4704 0.042439 0.16931 1.4813 0.047189 0.1713 1.4931 0.047758 0.17329 1.4921 0.05526 0.17235 1.4913 0.0675 0.17009 1.4952 0.080623 0.16728 1.5028 0.089898 0.16515 1.5147 0.087822 0.1665 1.5264 0.080443 0.16869 1.534 0.070747 0.17068 1.5381 0.06438 0.1715 1.5473 0.071567 0.16868 1.5584 0.074953 0.1658 1.5674 0.073442 0.16407 1.5713 0.06579 0.16434 1.5706 0.054651 0.16567 1.5662 0.043279 0.16721 1.5611 0.034677 0.16828 1.5579 0.026 0.16825 1.5532 0.018646 0.16832 1.5462 0.013479 0.16902 1.54 0.01211 0.17008 1.5266 -0.01369 0.19233 1.536 -0.0083275 0.19074 1.5389 -0.0099764 0.18979 1.5414 -0.013791 0.18873 1.5423 -0.018436 0.18794 1.5422 -0.02353 0.18717 1.5431 -0.028795 0.18585 1.543 -0.035336 0.1841 1.541 -0.041124 0.18247 1.5374 -0.044378 0.18161 1.5325 -0.043776 0.18229 1.5274 -0.040369 0.1841 1.5242 -0.035348 0.18641 1.5207 -0.037846 0.18541 1.5147 -0.041336 0.1835 1.5071 -0.042896 0.18187 1.5005 -0.041784 0.18145 1.4987 -0.035987 0.18434 1.4996 -0.028916 0.18794 1.5026 -0.022988 0.19072 1.5048 -0.019404 0.1921 1.4989 -0.016979 0.19246 1.4945 -0.012577 0.19343 1.493 -0.0079222 0.19464 1.4958 -0.0039682 0.19575 1.5014 -0.001215 0.19629 1.5081 -7.534e-05 0.19611 1.5135 -1.9073e-06 0.19558 1.5185 0.0010872 0.19492 1.5233 0.0010939 0.19405 1.5275 -0.0006609 0.19311 1.5298 -0.0032349 0.19256</float_array><technique_common><accessor source="#ROW_20_SEG2_foliage-pos-a" count="3504" stride="3"><param name="X" type="float"/><param name="Y" type="float"/><param name="Z" type="float"/></accessor></technique_common></source>
        <source id="ROW_20_SEG2_foliage-nrm"><float_array id="ROW_20_SEG2_foliage-nrm-a" count="20922">0.011 -0.402 -0.915 0.038 -0.261 -0.965 0.028 -0.259 -0.966 0.028 -0.26 -0.965 0.045 -0.277 -0.96 0.081 -0.332 -0.94 0.106 -0.392 -0.914 0.114 -0.439 -0.891 0.115 -0.457 -0.882 0.121 -0.432 -0.894 0.132 -0.39 -0.911 0.15 -0.343 -0.927 0.08 -0.425 -0.902 -0.064 -0.588 -0.806 -0.068 -0.594 -0.802 -0.038 -0.581 -0.813 0.073 -0.544 -0.836 0.184 -0.502 -0.845 0.217 -0.493 -0.843 0.209 -0.492 -0.845 -0.023 -0.461 -0.887 -0.132 -0.443 -0.887 -0.085 -0.467 -0.88 -0.046 -0.492 -0.87 -0.024 -0.506 -0.862 -0.037 -0.492 -0.87 -0.065 -0.453 -0.889 -0.09 -0.392 -0.915 -0.102 -0.329 -0.939 -0.101 -0.306 -0.947 -0.102 -0.305 -0.947 -0.108 -0.312 -0.944 -0.071 -0.097 -0.993 -0.169 -0.152 -0.974 -0.164 -0.164 -0.973 -0.163 -0.168 -0.972 -0.159 -0.151 -0.976 -0.138 -0.108 -0.985 -0.106 -0.064 -0.992 -0.071 -0.032 -0.997 -0.05 -0.017 -0.999 -0.062 -0.021 -0.998 -0.092 -0.032 -0.995 -0.134 -0.042 -0.99 -0.06 -0.052 -0.997 0.125 -0.06 -0.99 0.131 -0.06 -0.99 0.101 -0.045 -0.994 0.012 0.018 -1 -0.075 0.083 -0.994 -0.099 0.107 -0.989 -0.097 0.101 -0.99 -0.032 -0.072 -0.997 -0 -0.14 -0.99 -0.004 -0.096 -0.995 -0.002 -0.064 -0.998 -0.002 -0.052 -0.999 -0.009 -0.076 -0.997 -0.03 -0.12 -0.992 -0.061 -0.163 -0.985 -0.096 -0.197 -0.976 -0.11 -0.206 -0.972 -0.107 -0.206 -0.973 -0.094 -0.206 -0.974 -0.001 0.026 -1 0.091 -0.018 -0.996 0.091 -0.019 -0.996 0.087 -0.024 -0.996 0.075 -0.035 -0.997 0.029 -0.059 -0.998 -0.013 -0.073 -0.997 -0.03 -0.076 -0.997 -0.02 -0.077 -0.997 0.013 -0.082 -0.997 0.054 -0.091 -0.994 0.084 -0.102 -0.991 0.02 -0.052 -0.998 -0.102 0.039 -0.994 -0.107 0.043 -0.993 -0.104 0.037 -0.994 -0.09 -0.004 -0.996 -0.076 -0.046 -0.996 -0.075 -0.053 -0.996 -0.074 -0.045 -0.996 -0.031 0.1 -0.995 -0.009 0.178 -0.984 -0.027 0.152 -0.988 -0.054 0.121 -0.991 -0.078 0.096 -0.992 -0.085 0.09 -0.992 -0.07 0.098 -0.993 -0.028 0.111 -0.993 0.023 0.12 -0.993 0.04 0.118 -0.992 0.045 0.116 -0.992 0.047 0.116 -0.992 0.05 -0.326 -0.944 -0.01 -0.202 -0.979 -0.012 -0.202 -0.979 -0.005 -0.201 -0.98 0.018 -0.201 -0.979 0.086 -0.218 -0.972 0.143 -0.241 -0.96 0.168 -0.256 -0.952 0.165 -0.252 -0.953 0.139 -0.22 -0.965 0.108 -0.177 -0.978 0.087 -0.137 -0.987 0.104 -0.246 -0.964 0.14 -0.445 -0.884 0.142 -0.453 -0.88 0.146 -0.439 -0.887 0.176 -0.374 -0.91 0.207 -0.308 -0.929 0.216 -0.294 -0.931 0.208 -0.3 -0.931 0.026 -0.415 -0.91 -0.069 -0.47 -0.88 -0.025 -0.46 -0.888 0.03 -0.454 -0.891 0.073 -0.449 -0.89 0.078 -0.449 -0.89 0.048 -0.443 -0.895 -0.009 -0.42 -0.908 -0.068 -0.384 -0.921 -0.083 -0.367 -0.926 -0.086 -0.362 -0.928 -0.086 -0.363 -0.928 0.293 -0.188 -0.938 0.211 -0.067 -0.975 0.203 -0.072 -0.977 0.204 -0.073 -0.976 0.228 -0.073 -0.971 0.291 -0.089 -0.952 0.352 -0.115 -0.929 0.391 -0.144 -0.909 0.404 -0.156 -0.901 0.39 -0.134 -0.911 0.368 -0.096 -0.925 0.348 -0.049 -0.936 0.357 -0.157 -0.921 0.372 -0.381 -0.847 0.372 -0.389 -0.843 0.384 -0.357 -0.851 0.436 -0.251 -0.864 0.484 -0.143 -0.863 0.501 -0.114 -0.858 0.494 -0.118 -0.861 0.31 -0.256 -0.915 0.221 -0.32 -0.921 0.271 -0.304 -0.913 0.315 -0.295 -0.902 0.341 -0.291 -0.894 0.323 -0.289 -0.901 0.275 -0.28 -0.92 0.215 -0.252 -0.943 0.161 -0.215 -0.963 0.146 -0.197 -0.97 0.145 -0.197 -0.97 0.146 -0.207 -0.967 0.019 -0.027 -0.999 -0.01 -0.135 -0.991 0.002 -0.141 -0.99 0.005 -0.142 -0.99 -0.004 -0.127 -0.992 -0.02 -0.082 -0.996 -0.028 -0.028 -0.999 -0.026 0.02 -0.999 -0.022 0.045 -0.999 -0.028 0.033 -0.999 -0.041 0.004 -0.999 -0.063 -0.033 -0.997 -0.005 0.013 -1 0.131 0.137 -0.982 0.135 0.141 -0.981 0.103 0.131 -0.986 -0.003 0.112 -0.994 -0.11 0.096 -0.989 -0.144 0.096 -0.985 -0.139 0.093 -0.986 0.03 0.019 -0.999 0.1 -0.007 -0.995 0.066 0.021 -0.998 0.045 0.045 -0.998 0.036 0.054 -0.998 0.048 0.032 -0.998 0.065 -0.013 -0.998 0.073 -0.067 -0.995 0.073 -0.115 -0.991 0.069 -0.132 -0.989 0.072 -0.129 -0.989 0.081 -0.12 -0.989 -0.018 0.108 -0.994 0.077 0.143 -0.987 0.078 0.141 -0.987 0.079 0.135 -0.988 0.078 0.119 -0.99 0.062 0.071 -0.996 0.044 0.032 -0.999 0.034 0.017 -0.999 0.041 0.023 -0.999 0.068 0.043 -0.997 0.103 0.066 -0.992 0.131 0.079 -0.988 0.051 0.069 -0.996 -0.098 0.047 -0.994 -0.105 0.046 -0.993 -0.098 0.044 -0.994 -0.059 0.025 -0.998 -0.02 0.006 -1 -0.015 0.002 -1 -0.019 0.008 -1 -0.091 0.139 -0.986 -0.132 0.208 -0.969 -0.125 0.178 -0.976 -0.122 0.137 -0.983 -0.121 0.103 -0.987 -0.122 0.094 -0.988 -0.117 0.11 -0.987 -0.097 0.149 -0.984 -0.068 0.191 -0.979 -0.055 0.201 -0.978 -0.049 0.204 -0.978 -0.048 0.204 -0.978 0.266 -0.105 -0.958 0.136 -0.058 -0.989 0.135 -0.059 -0.989 0.139 -0.054 -0.989 0.155 -0.038 -0.987 0.215 -0.003 -0.977 0.27 0.02 -0.963 0.299 0.027 -0.954 0.294 0.027 -0.955 0.254 0.033 -0.967 0.201 0.042 -0.979 0.158 0.056 -0.986 0.247 -0.01 -0.969 0.413 -0.13 -0.901 0.42 -0.136 -0.897 0.413 -0.122 -0.903 0.388 -0.053 -0.92 0.363 0.016 -0.932 0.359 0.032 -0.933 0.358 0.023 -0.933 0.311 -0.187 -0.932 0.284 -0.295 -0.912 0.308 -0.256 -0.916 0.342 -0.213 -0.915 0.369 -0.18 -0.912 0.372 -0.176 -0.911 0.347 -0.192 -0.918 0.291 -0.215 -0.932 0.224 -0.23 -0.947 0.202 -0.229 -0.952 0.196 -0.228 -0.954 0.197 -0.229 -0.953 0.075 0.104 0.992 0.07 0.088 0.994 0.047 0.113 0.993 0.066 0.095 0.993 0.055 0.105 0.993 0.039 0.109 0.993 0.024 0.108 0.994 0.012 0.102 0.995 0.009 0.1 0.995 0.016 0.123 0.992 0.023 0.145 0.989 0.024 0.141 0.99 0.031 0.13 0.991 0.043 0.12 0.992 0.058 0.115 0.992 0.073 0.116 0.991 0.08 0.12 0.99 0.14 0.083 0.987 0.146 0.098 0.984 0.168 0.073 0.983 0.15 0.092 0.985 0.16 0.082 0.984 0.176 0.077 0.981 0.191 0.078 0.978 0.203 0.083 0.976 0.206 0.085 0.975 0.199 0.063 0.978 0.192 0.041 0.981 0.19 0.044 0.981 0.184 0.056 0.981 0.172 0.066 0.983 0.157 0.071 0.985 0.143 0.07 0.987 0.136 0.066 0.988 -0.021 0.034 0.999 -0.014 0.019 1 -0.047 0.021 0.999 -0.022 0.021 1 -0.036 0.02 0.999 -0.05 0.013 0.999 -0.06 0.001 0.998 -0.065 -0.011 0.998 -0.065 -0.015 0.998 -0.076 0.005 0.997 -0.087 0.026 0.996 -0.083 0.025 0.996 -0.071 0.021 0.997 -0.055 0.023 0.998 -0.041 0.03 0.999 -0.032 0.041 0.999 -0.03 0.049 0.998 0.039 0.066 0.997 0.032 0.081 0.996 0.065 0.079 0.995 0.039 0.079 0.996 0.054 0.079 0.995 0.068 0.087 0.994 0.078 0.099 0.992 0.082 0.111 0.99 0.083 0.115 0.99 0.094 0.094 0.991 0.105 0.073 0.992 0.101 0.075 0.992 0.089 0.078 0.993 0.073 0.077 0.994 0.059 0.07 0.996 0.05 0.058 0.997 0.047 0.051 0.998 -0.156 -0.024 0.987 -0.16 -0.007 0.987 -0.127 -0.016 0.992 -0.153 -0.011 0.988 -0.139 -0.013 0.99 -0.122 -0.009 0.992 -0.109 0.001 0.994 -0.102 0.013 0.995 -0.101 0.016 0.995 -0.094 -0.007 0.996 -0.088 -0.031 0.996 -0.091 -0.029 0.995 -0.103 -0.022 0.994 -0.119 -0.02 0.993 -0.136 -0.024 0.99 -0.147 -0.034 0.989 -0.151 -0.041 0.988 -0.147 -0.021 0.989 -0.143 -0.039 0.989 -0.176 -0.029 0.984 -0.15 -0.035 0.988 -0.164 -0.032 0.986 -0.181 -0.037 0.983 -0.193 -0.047 0.98 -0.2 -0.058 0.978 -0.202 -0.062 0.977 -0.208 -0.038 0.977 -0.214 -0.014 0.977 -0.211 -0.017 0.977 -0.199 -0.023 0.98 -0.184 -0.026 0.983 -0.167 -0.021 0.986 -0.156 -0.012 0.988 -0.152 -0.005 0.988 0.018 0.009 1 0.01 0.025 1 0.045 0.025 0.999 0.018 0.023 1 0.033 0.025 0.999 0.048 0.033 0.998 0.058 0.047 0.997 0.062 0.06 0.996 0.062 0.064 0.996 0.075 0.042 0.996 0.088 0.021 0.996 0.084 0.022 0.996 0.07 0.025 0.997 0.054 0.023 0.998 0.039 0.015 0.999 0.03 0.002 1 0.028 -0.006 1 -0.019 -0.012 1 -0.01 -0.028 1 -0.046 -0.028 0.999 -0.018 -0.026 0.999 -0.034 -0.028 0.999 -0.049 -0.036 0.998 -0.059 -0.05 0.997 -0.062 -0.063 0.996 -0.063 -0.067 0.996 -0.076 -0.045 0.996 -0.088 -0.024 0.996 -0.084 -0.025 0.996 -0.071 -0.028 0.997 -0.054 -0.026 0.998 -0.04 -0.018 0.999 -0.031 -0.005 1 -0.028 0.003 1 0.015 -0.106 0.994 0.029 -0.117 0.993 -0.004 -0.131 0.991 0.021 -0.119 0.993 0.007 -0.126 0.992 -0.004 -0.14 0.99 -0.008 -0.156 0.988 -0.006 -0.169 0.986 -0.005 -0.173 0.985 -0.025 -0.158 0.987 -0.045 -0.143 0.989 -0.041 -0.143 0.989 -0.027 -0.141 0.99 -0.013 -0.133 0.991 -0.002 -0.119 0.993 0.001 -0.104 0.995 -0 -0.096 0.995 0.04 -0.072 0.997 0.027 -0.061 0.998 0.059 -0.047 0.997 0.035 -0.059 0.998 0.048 -0.052 0.997 0.059 -0.038 0.998 0.063 -0.022 0.998 0.061 -0.008 0.998 0.06 -0.004 0.998 0.08 -0.019 0.997 0.1 -0.034 0.994 0.096 -0.034 0.995 0.082 -0.036 0.996 0.068 -0.045 0.997 0.057 -0.059 0.997 0.054 -0.074 0.996 0.055 -0.082 0.995 0.108 -0.014 0.994 0.126 -0.016 0.992 0.106 -0.046 0.993 0.119 -0.022 0.993 0.112 -0.035 0.993 0.111 -0.053 0.992 0.116 -0.069 0.991 0.125 -0.08 0.989 0.128 -0.082 0.988 0.103 -0.081 0.991 0.078 -0.079 0.994 0.081 -0.077 0.994 0.092 -0.067 0.994 0.099 -0.052 0.994 0.101 -0.035 0.994 0.095 -0.02 0.995 0.09 -0.014 0.996 0.11 0.029 0.993 0.092 0.031 0.995 0.112 0.061 0.992 0.099 0.037 0.994 0.106 0.05 0.993 0.107 0.068 0.992 0.101 0.084 0.991 0.092 0.095 0.991 0.089 0.097 0.991 0.114 0.096 0.989 0.139 0.094 0.986 0.136 0.092 0.986 0.126 0.082 0.989 0.119 0.067 0.991 0.117 0.05 0.992 0.123 0.035 0.992 0.128 0.029 0.991 -0.094 0.119 0.988 -0.079 0.127 0.989 -0.08 0.093 0.992 -0.081 0.119 0.99 -0.08 0.105 0.991 -0.072 0.091 0.993 -0.06 0.081 0.995 -0.047 0.077 0.996 -0.043 0.076 0.996 -0.064 0.064 0.996 -0.085 0.053 0.995 -0.084 0.057 0.995 -0.08 0.069 0.994 -0.082 0.085 0.993 -0.09 0.1 0.991 -0.101 0.108 0.989 -0.109 0.111 0.988 -0.09 0.111 0.99 -0.105 0.103 0.989 -0.104 0.137 0.985 -0.103 0.11 0.989 -0.104 0.125 0.987 -0.111 0.139 0.984 -0.124 0.149 0.981 -0.136 0.153 0.979 -0.14 0.154 0.978 -0.119 0.165 0.979 -0.098 0.177 0.979 -0.1 0.173 0.98 -0.103 0.16 0.982 -0.102 0.145 0.984 -0.094 0.13 0.987 -0.082 0.122 0.989 -0.075 0.119 0.99 -0.106 -0.117 0.987 -0.11 -0.101 0.989 -0.078 -0.109 0.991 -0.104 -0.104 0.989 -0.089 -0.107 0.99 -0.073 -0.102 0.992 -0.061 -0.093 0.994 -0.054 -0.082 0.995 -0.053 -0.078 0.996 -0.047 -0.101 0.994 -0.04 -0.123 0.992 -0.043 -0.121 0.992 -0.055 -0.115 0.992 -0.071 -0.113 0.991 -0.086 -0.117 0.989 -0.097 -0.126 0.987 -0.101 -0.133 0.986 -0.097 -0.114 0.989 -0.093 -0.131 0.987 -0.125 -0.122 0.985 -0.1 -0.127 0.987 -0.114 -0.125 0.986 -0.13 -0.129 0.983 -0.142 -0.138 0.98 -0.148 -0.149 0.978 -0.15 -0.153 0.977 -0.156 -0.13 0.979 -0.163 -0.108 0.981 -0.16 -0.11 0.981 -0.148 -0.116 0.982 -0.133 -0.118 0.984 -0.117 -0.114 0.987 -0.106 -0.105 0.989 -0.102 -0.098 0.99 0.093 -0.159 -0.983 -0.048 -0.165 -0.985 -0.048 -0.174 -0.984 -0.047 -0.174 -0.984 -0.034 -0.155 -0.987 0.015 -0.108 -0.994 0.069 -0.07 -0.995 0.109 -0.051 -0.993 0.119 -0.047 -0.992 0.088 -0.05 -0.995 0.037 -0.055 -0.998 -0.015 -0.052 -0.999 0.081 -0.091 -0.993 0.291 -0.164 -0.943 0.299 -0.166 -0.94 0.28 -0.146 -0.949 0.22 -0.065 -0.973 0.16 0.019 -0.987 0.147 0.045 -0.988 0.147 0.037 -0.988 0.152 -0.191 -0.97 0.157 -0.291 -0.944 0.173 -0.242 -0.955 0.193 -0.196 -0.961 0.206 -0.168 -0.964 0.199 -0.176 -0.964 0.169 -0.209 -0.963 0.115 -0.247 -0.962 0.054 -0.278 -0.959 0.032 -0.283 -0.959 0.031 -0.284 -0.958 0.04 -0.286 -0.957 -0.086 -0.1 -0.991 0.037 -0.18 -0.983 0.049 -0.169 -0.984 0.052 -0.165 -0.985 0.029 -0.17 -0.985 -0.035 -0.17 -0.985 -0.104 -0.158 -0.982 -0.162 -0.136 -0.977 -0.19 -0.12 -0.974 -0.179 -0.131 -0.975 -0.149 -0.159 -0.976 -0.112 -0.202 -0.973 -0.145 -0.114 -0.983 -0.236 0.101 -0.967 -0.239 0.108 -0.965 -0.241 0.065 -0.968 -0.263 -0.068 -0.962 -0.285 -0.198 -0.938 -0.297 -0.237 -0.925 -0.291 -0.232 -0.928 -0.137 -0.067 -0.988 -0.078 0.005 -0.997 -0.126 -0.023 -0.992 -0.164 -0.039 -0.986 -0.178 -0.045 -0.983 -0.146 -0.04 -0.988 -0.084 -0.039 -0.996 -0.015 -0.051 -0.999 0.045 -0.072 -0.996 0.065 -0.084 -0.994 0.064 -0.079 -0.995 0.056 -0.065 -0.996 -0.107 -0.171 -0.98 -0.112 -0.068 -0.991 -0.114 -0.068 -0.991 -0.11 -0.069 -0.992 -0.095 -0.075 -0.993 -0.054 -0.105 -0.993 -0.022 -0.137 -0.99 -0.009 -0.156 -0.988 -0.009 -0.154 -0.988 -0.017 -0.124 -0.992 -0.024 -0.085 -0.996 -0.027 -0.051 -0.998 -0.048 -0.133 -0.99 -0.083 -0.288 -0.954 -0.084 -0.294 -0.952 -0.076 -0.284 -0.956 -0.034 -0.243 -0.969 0.009 -0.202 -0.979 0.02 -0.194 -0.981 0.014 -0.195 -0.981 -0.145 -0.227 -0.963 -0.226 -0.244 -0.943 -0.193 -0.248 -0.949 -0.155 -0.257 -0.954 -0.125 -0.266 -0.956 -0.123 -0.266 -0.956 -0.142 -0.253 -0.957 -0.174 -0.22 -0.96 -0.202 -0.179 -0.963 -0.208 -0.163 -0.964 -0.208 -0.16 -0.965 -0.209 -0.161 -0.965 0.139 -0.113 -0.984 0.106 -0.188 -0.976 0.113 -0.192 -0.975 0.115 -0.192 -0.975 0.109 -0.182 -0.977 0.099 -0.146 -0.984 0.094 -0.107 -0.99 0.097 -0.076 -0.992 0.099 -0.063 -0.993 0.093 -0.077 -0.993 0.081 -0.102 -0.992 0.062 -0.13 -0.99 0.112 -0.092 -0.989 0.22 0.002 -0.975 0.223 0.005 -0.975 0.201 -0.002 -0.98 0.126 -0.013 -0.992 0.051 -0.022 -0.998 0.027 -0.021 -0.999 0.031 -0.024 -0.999 0.16 -0.086 -0.983 0.216 -0.109 -0.97 0.192 -0.087 -0.978 0.175 -0.066 -0.982 0.165 -0.054 -0.985 0.171 -0.066 -0.983 0.18 -0.095 -0.979 0.185 -0.135 -0.974 0.183 -0.172 -0.968 0.179 -0.184 -0.966 0.181 -0.183 -0.966 0.187 -0.177 -0.966 0.023 -0.336 -0.942 0.123 -0.296 -0.947 0.12 -0.283 -0.952 0.119 -0.278 -0.953 0.113 -0.293 -0.949 0.087 -0.33 -0.94 0.05 -0.367 -0.929 0.012 -0.392 -0.92 -0.01 -0.403 -0.915 0.002 -0.4 -0.916 0.034 -0.393 -0.919 0.079 -0.387 -0.919 0.009 -0.372 -0.928 -0.174 -0.337 -0.925 -0.18 -0.336 -0.925 -0.152 -0.356 -0.922 -0.073 -0.427 -0.901 0.005 -0.496 -0.869 0.025 -0.519 -0.854 0.024 -0.514 -0.857 -0.015 -0.35 -0.936 -0.036 -0.285 -0.958 -0.039 -0.327 -0.944 -0.046 -0.357 -0.933 -0.048 -0.369 -0.928 -0.037 -0.348 -0.937 -0.012 -0.311 -0.95 0.025 -0.274 -0.961 0.062 -0.247 -0.967 0.076 -0.24 -0.968 0.072 -0.239 -0.968 0.058 -0.238 -0.97 0.215 0.056 -0.975 0.133 0.088 -0.987 0.128 0.077 -0.989 0.126 0.073 -0.989 0.137 0.08 -0.987 0.173 0.091 -0.981 0.215 0.096 -0.972 0.253 0.092 -0.963 0.272 0.088 -0.958 0.261 0.094 -0.961 0.237 0.107 -0.966 0.206 0.129 -0.97 0.244 0.074 -0.967 0.341 -0.053 -0.939 0.344 -0.056 -0.937 0.336 -0.026 -0.941 0.325 0.069 -0.943 0.313 0.164 -0.936 0.312 0.194 -0.93 0.31 0.191 -0.931 0.248 0.045 -0.968 0.225 -0.017 -0.974 0.249 0.012 -0.968 0.269 0.03 -0.963 0.278 0.038 -0.96 0.261 0.029 -0.965 0.225 0.017 -0.974 0.183 0.012 -0.983 0.145 0.015 -0.989 0.133 0.018 -0.991 0.135 0.015 -0.991 0.143 0.006 -0.99 -0.053 -0.068 -0.996 -0.074 -0.183 -0.98 -0.066 -0.186 -0.98 -0.065 -0.185 -0.981 -0.078 -0.17 -0.982 -0.104 -0.124 -0.987 -0.121 -0.073 -0.99 -0.127 -0.031 -0.991 -0.127 -0.014 -0.992 -0.131 -0.033 -0.991 -0.14 -0.067 -0.988 -0.155 -0.105 -0.982 -0.102 -0.044 -0.994 0.011 0.098 -0.995 0.015 0.103 -0.995 -0.009 0.091 -0.996 -0.096 0.061 -0.994 -0.183 0.033 -0.982 -0.21 0.028 -0.977 -0.203 0.026 -0.979 -0.029 -0.02 -0.999 0.051 -0.036 -0.998 0.016 -0.015 -1 -0.012 0.007 -1 -0.027 0.019 -0.999 -0.017 0.005 -1 0.004 -0.031 -1 0.021 -0.083 -0.996 0.029 -0.135 -0.99 0.027 -0.154 -0.988 0.028 -0.154 -0.988 0.033 -0.148 -0.988 0.065 -0.03 -0.997 0.155 -0.037 -0.987 0.155 -0.034 -0.987 0.154 -0.037 -0.987 0.146 -0.049 -0.988 0.114 -0.077 -0.991 0.079 -0.099 -0.992 0.056 -0.108 -0.993 0.053 -0.11 -0.993 0.076 -0.109 -0.991 0.107 -0.109 -0.988 0.137 -0.113 -0.984 0.076 -0.082 -0.994 -0.051 -0.024 -0.998 -0.056 -0.021 -0.998 -0.047 -0.032 -0.998 -0.016 -0.08 -0.997 0.014 -0.129 -0.992 0.019 -0.142 -0.99 0.019 -0.136 -0.99 0.023 0.002 -1 0.022 0.071 -0.997 0.013 0.043 -0.999 -0.001 0.014 -1 -0.011 -0.005 -1 -0.009 -0.003 -1 0.009 0.013 -1 0.044 0.035 -0.998 0.084 0.051 -0.995 0.098 0.053 -0.994 0.101 0.053 -0.993 0.098 0.054 -0.994 -0.1 -0.186 -0.977 -0.065 -0.052 -0.997 -0.073 -0.049 -0.996 -0.073 -0.05 -0.996 -0.059 -0.068 -0.996 -0.028 -0.128 -0.991 -0.008 -0.19 -0.982 -0.001 -0.233 -0.973 -0.001 -0.243 -0.97 0.005 -0.213 -0.977 0.016 -0.165 -0.986 0.034 -0.116 -0.993 -0.032 -0.195 -0.98 -0.166 -0.366 -0.916 -0.17 -0.372 -0.912 -0.146 -0.361 -0.921 -0.049 -0.331 -0.943 0.049 -0.3 -0.953 0.078 -0.295 -0.952 0.07 -0.293 -0.954 -0.149 -0.231 -0.961 -0.247 -0.204 -0.947 -0.204 -0.234 -0.951 -0.166 -0.267 -0.949 -0.143 -0.288 -0.947 -0.149 -0.279 -0.949 -0.171 -0.241 -0.955 -0.191 -0.179 -0.965 -0.203 -0.113 -0.973 -0.201 -0.09 -0.975 -0.202 -0.089 -0.975 -0.207 -0.097 -0.974 0.009 -0.035 -0.999 -0.104 -0.128 -0.986 -0.096 -0.142 -0.985 -0.094 -0.146 -0.985 -0.092 -0.123 -0.988 -0.073 -0.063 -0.995 -0.042 -0 -0.999 -0.004 0.048 -0.999 0.019 0.071 -0.997 0.005 0.064 -0.998 -0.03 0.043 -0.999 -0.081 0.021 -0.996 0.012 0.026 -1 0.241 0.053 -0.969 0.248 0.055 -0.967 0.209 0.068 -0.976 0.089 0.127 -0.988 -0.03 0.188 -0.982 -0.065 0.211 -0.975 -0.061 0.204 -0.977 0.055 0.004 -0.999 0.106 -0.073 -0.992 0.094 -0.019 -0.995 0.089 0.022 -0.996 0.087 0.037 -0.996 0.083 0.005 -0.997 0.066 -0.054 -0.996 0.035 -0.117 -0.993 -0.002 -0.168 -0.986 -0.02 -0.183 -0.983 -0.015 -0.182 -0.983 0.001 -0.18 -0.984 -0.053 0.006 -0.999 0.047 -0.02 -0.999 0.047 -0.018 -0.999 0.045 -0.021 -0.999 0.035 -0.034 -0.999 -0.005 -0.064 -0.998 -0.045 -0.085 -0.995 -0.067 -0.092 -0.994 -0.065 -0.093 -0.994 -0.034 -0.094 -0.995 0.005 -0.098 -0.995 0.038 -0.106 -0.994 -0.034 -0.062 -0.998 -0.173 0.02 -0.985 -0.179 0.023 -0.984 -0.171 0.012 -0.985 -0.143 -0.041 -0.989 -0.116 -0.094 -0.989 -0.112 -0.107 -0.988 -0.111 -0.101 -0.989 -0.096 0.06 -0.994 -0.09 0.144 -0.985 -0.103 0.113 -0.988 -0.123 0.079 -0.989 -0.139 0.053 -0.989 -0.14 0.051 -0.989 -0.122 0.065 -0.99 -0.081 0.085 -0.993 -0.034 0.1 -0.994 -0.018 0.101 -0.995 -0.014 0.101 -0.995 -0.015 0.101 -0.995 -0.07 -0.242 -0.968 -0.132 -0.189 -0.973 -0.138 -0.195 -0.971 -0.139 -0.196 -0.971 -0.127 -0.194 -0.973 -0.089 -0.196 -0.977 -0.051 -0.203 -0.978 -0.022 -0.214 -0.977 -0.01 -0.22 -0.975 -0.021 -0.21 -0.977 -0.042 -0.192 -0.981 -0.063 -0.166 -0.984 -0.042 -0.223 -0.974 0.014 -0.35 -0.937 0.016 -0.354 -0.935 0.017 -0.332 -0.943 0.029 -0.26 -0.965 0.043 -0.187 -0.981 0.051 -0.165 -0.985 0.047 -0.168 -0.985 -0.051 -0.27 -0.962 -0.09 -0.315 -0.945 -0.061 -0.299 -0.952 -0.036 -0.289 -0.957 -0.022 -0.284 -0.959 -0.035 -0.286 -0.958 -0.066 -0.286 -0.956 -0.105 -0.278 -0.955 -0.14 -0.265 -0.954 -0.15 -0.258 -0.954 -0.15 -0.26 -0.954 -0.146 -0.267 -0.952 -0.25 -0.065 -0.966 -0.241 -0.171 -0.955 -0.228 -0.173 -0.958 -0.223 -0.173 -0.959 -0.235 -0.163 -0.958 -0.264 -0.126 -0.956 -0.288 -0.08 -0.954 -0.302 -0.035 -0.953 -0.306 -0.011 -0.952 -0.307 -0.024 -0.951 -0.309 -0.056 -0.949 -0.317 -0.1 -0.943 -0.281 -0.039 -0.959 -0.195 0.123 -0.973 -0.192 0.129 -0.973 -0.22 0.108 -0.97 -0.312 0.057 -0.948 -0.402 0.008 -0.916 -0.432 -0.003 -0.902 -0.426 -0.004 -0.905 -0.253 -0.024 -0.967 -0.183 -0.026 -0.983 -0.224 -0.009 -0.975 -0.251 0.007 -0.968 -0.262 0.013 -0.965 -0.245 -0.004 -0.97 -0.216 -0.04 -0.976 -0.191 -0.086 -0.978 -0.175 -0.13 -0.976 -0.173 -0.146 -0.974 -0.171 -0.141 -0.975 -0.165 -0.129 -0.978 0.067 -0.36 -0.931 0.122 -0.293 -0.948 0.114 -0.286 -0.952 0.111 -0.283 -0.953 0.113 -0.295 -0.949 0.113 -0.331 -0.937 0.104 -0.371 -0.923 0.09 -0.405 -0.91 0.079 -0.421 -0.904 0.088 -0.413 -0.907 0.108 -0.394 -0.913 0.138 -0.372 -0.918 0.075 -0.392 -0.917 -0.076 -0.443 -0.893 -0.08 -0.445 -0.892 -0.049 -0.447 -0.893 0.045 -0.463 -0.885 0.137 -0.477 -0.868 0.166 -0.484 -0.859 0.163 -0.482 -0.861 0.047 -0.387 -0.921 -0.004 -0.349 -0.937 0.015 -0.379 -0.925 0.026 -0.402 -0.915 0.031 -0.413 -0.91 0.028 -0.395 -0.918 0.027 -0.359 -0.933 0.036 -0.319 -0.947 0.05 -0.285 -0.957 0.057 -0.274 -0.96 0.053 -0.276 -0.96 0.042 -0.281 -0.959 0.03 -0.075 -0.997 -0.074 -0.022 -0.997 -0.079 -0.029 -0.996 -0.078 -0.03 -0.997 -0.061 -0.021 -0.998 -0.009 -0.011 -1 0.045 -0.009 -0.999 0.086 -0.016 -0.996 0.102 -0.021 -0.995 0.086 -0.011 -0.996 0.055 0.007 -0.998 0.024 0.033 -0.999 0.067 -0.036 -0.997 0.168 -0.183 -0.969 0.172 -0.188 -0.967 0.167 -0.162 -0.973 0.164 -0.071 -0.984 0.162 0.021 -0.987 0.166 0.048 -0.985 0.162 0.042 -0.986 0.069 -0.112 -0.991 0.03 -0.183 -0.983 0.06 -0.156 -0.986 0.089 -0.136 -0.987 0.105 -0.125 -0.987 0.089 -0.131 -0.987 0.048 -0.14 -0.989 -0.006 -0.141 -0.99 -0.058 -0.134 -0.989 -0.076 -0.127 -0.989 -0.071 -0.134 -0.988 0.031 -0.198 -0.98 -0.003 -0.279 -0.96 0 -0.28 -0.96 -0.002 -0.278 -0.96 -0.011 -0.267 -0.964 -0.028 -0.229 -0.973 -0.039 -0.191 -0.981 -0.041 -0.167 -0.985 -0.041 -0.164 -0.986 -0.047 -0.185 -0.982 -0.057 -0.215 -0.975 -0.069 -0.24 -0.968 -0.022 -0.193 -0.981 0.071 -0.091 -0.993 0.075 -0.086 -0.993 0.062 -0.092 -0.994 0.007 -0.108 -0.994 -0.048 -0.121 -0.991 -0.062 -0.122 -0.991 -0.057 -0.124 -0.991 0.075 -0.168 -0.983 0.14 -0.186 -0.973 0.116 -0.17 -0.979 0.093 -0.149 -0.985 0.077 -0.133 -0.988 0.079 -0.136 -0.988 0.089 -0.158 -0.983 0.099 -0.196 -0.976 0.102 -0.238 -0.966 0.1 -0.252 -0.963 0.099 -0.254 -0.962 0.101 -0.252 -0.962 0.253 0.071 -0.965 0.169 -0.043 -0.985 0.176 -0.049 -0.983 0.177 -0.048 -0.983 0.17 -0.026 -0.985 0.164 0.043 -0.985 0.168 0.11 -0.98 0.178 0.153 -0.972 0.181 0.163 -0.97 0.165 0.137 -0.977 0.136 0.095 -0.986 0.101 0.056 -0.993 0.193 0.105 -0.976 0.379 0.219 -0.899 0.385 0.223 -0.895 0.358 0.221 -0.907 0.258 0.229 -0.939 0.155 0.237 -0.959 0.126 0.243 -0.962 0.133 0.238 -0.962 0.315 0.096 -0.944 0.395 0.033 -0.918 0.367 0.077 -0.927 0.344 0.123 -0.931 0.33 0.152 -0.932 0.332 0.141 -0.933 0.339 0.096 -0.936 0.335 0.03 -0.942 0.32 -0.038 -0.947 0.31 -0.059 -0.949 0.31 -0.06 -0.949 0.318 -0.055 -0.947 0.094 -0.032 -0.995 0.234 0.013 -0.972 0.233 0.03 -0.972 0.232 0.035 -0.972 0.222 0.013 -0.975 0.181 -0.037 -0.983 0.128 -0.084 -0.988 0.043 -0.128 -0.991 0.059 -0.126 -0.99 0.1 -0.12 -0.988 0.156 -0.118 -0.981 0.067 -0.087 -0.994 -0.161 -0.023 -0.987 -0.169 -0.022 -0.985 -0.136 -0.05 -0.989 -0.046 -0.152 -0.987 0.042 -0.255 -0.966 0.064 -0.29 -0.955 0.064 -0.282 -0.957 0.035 -0.051 -0.998 0.016 0.043 -0.999 0.007 -0.014 -1 -0.004 -0.054 -0.999 -0.008 -0.069 -0.998 0.009 -0.04 -0.999 0.047 0.009 -0.999 0.101 0.057 -0.993 0.155 0.09 -0.984 0.177 0.098 -0.979 0.172 0.1 -0.98 0.156 0.103 -0.982 0.136 -0.094 -0.986 0.052 -0.031 -0.998 0.051 -0.033 -0.998 0.054 -0.03 -0.998 0.069 -0.022 -0.997 0.118 -0.009 -0.993 0.163 -0.004 -0.987 0.187 -0.007 -0.982 0.185 -0.005 -0.983 0.157 0.008 -0.988 0.121 0.027 -0.992 0.093 0.047 -0.995 0.144 -0.023 -0.989 0.242 -0.153 -0.958 0.246 -0.158 -0.956 0.243 -0.144 -0.959 0.238 -0.084 -0.968 0.233 -0.023 -0.972 0.234 -0.009 -0.972 0.231 -0.015 -0.973 0.155 -0.161 -0.975 0.115 -0.238 -0.964 0.14 -0.213 -0.967 0.172 -0.189 -0.967 0.198 -0.171 -0.965 0.199 -0.169 -0.965 0.176 -0.176 -0.969 0.131 -0.179 -0.975 0.08 -0.175 -0.981 0.065 -0.17 -0.983 0.062 -0.168 -0.984 0.063 -0.169 -0.984 0.246 0.136 -0.96 0.284 0.062 -0.957 0.291 0.065 -0.954 0.293 0.066 -0.954 0.281 0.068 -0.957 0.247 0.084 -0.965 0.213 0.105 -0.971 0.19 0.127 -0.973 0.182 0.137 -0.974 0.189 0.124 -0.974 0.201 0.098 -0.975 0.211 0.066 -0.975 0.213 0.128 -0.969 0.206 0.272 -0.94 0.205 0.276 -0.939 0.197 0.255 -0.947 0.16 0.191 -0.969 0.119 0.126 -0.985 0.104 0.108 -0.989 0.108 0.11 -0.988 0.238 0.17 -0.956 0.29 0.198 -0.936 0.258 0.194 -0.946 0.231 0.194 -0.953 0.216 0.194 -0.957 0.229 0.191 -0.955 0.258 0.179 -0.949 0.291 0.157 -0.944 0.319 0.131 -0.939 0.326 0.121 -0.938 0.326 0.123 -0.937 0.326 0.131 -0.936 0.345 -0.101 -0.933 0.377 0.003 -0.926 0.366 0.01 -0.931 0.362 0.012 -0.932 0.369 -0.002 -0.929 0.381 -0.047 -0.923 0.386 -0.1 -0.917 0.381 -0.148 -0.913 0.375 -0.172 -0.911 0.381 -0.16 -0.91 0.396 -0.131 -0.909 0.419 -0.092 -0.903 0.364 -0.136 -0.922 0.221 -0.257 -0.941 0.216 -0.261 -0.941 0.249 -0.252 -0.935 0.354 -0.238 -0.905 0.454 -0.224 -0.862 0.484 -0.224 -0.846 0.48 -0.221 -0.849 0.333 -0.14 -0.933 0.269 -0.113 -0.957 0.3 -0.144 -0.943 0.318 -0.169 -0.933 0.326 -0.179 -0.928 0.317 -0.157 -0.935 0.305 -0.111 -0.946 0.299 -0.059 -0.952 0.301 -0.011 -0.953 0.305 0.005 -0.952 0.302 0.001 -0.953 0.292 -0.008 -0.956 0.16 0.302 -0.94 0.084 0.259 -0.962 0.089 0.249 -0.964 0.091 0.245 -0.965 0.093 0.257 -0.962 0.106 0.292 -0.95 0.128 0.328 -0.936 0.154 0.354 -0.923 0.169 0.365 -0.915 0.158 0.361 -0.919 0.133 0.351 -0.927 0.097 0.341 -0.935 0.163 0.336 -0.928 0.323 0.327 -0.888 0.327 0.327 -0.887 0.299 0.341 -0.891 0.216 0.392 -0.894 0.134 0.442 -0.887 0.109 0.461 -0.881 0.11 0.457 -0.883 0.189 0.32 -0.928 0.223 0.263 -0.939 0.216 0.3 -0.929 0.214 0.327 -0.921 0.213 0.339 -0.917 0.209 0.32 -0.924 0.197 0.286 -0.938 0.175 0.25 -0.952 0.149 0.223 -0.963 0.139 0.216 -0.967 0.143 0.216 -0.966 0.155 0.216 -0.964 0.09 0.015 -0.996 0.167 -0.076 -0.983 0.174 -0.071 -0.982 0.173 -0.07 -0.982 0.154 -0.071 -0.986 0.101 -0.061 -0.993 0.05 -0.042 -0.998 0.014 -0.019 -1 0 -0.009 -1 0.012 -0.024 -1 0.033 -0.053 -0.998 0.053 -0.089 -0.995 0.04 -0.008 -0.999 -0.001 0.171 -0.985 -0.002 0.178 -0.984 -0.008 0.151 -0.988 -0.039 0.063 -0.997 -0.073 -0.024 -0.997 -0.087 -0.048 -0.995 -0.081 -0.044 -0.996 0.067 0.065 -0.996 0.13 0.117 -0.984 0.092 0.103 -0.99 0.057 0.096 -0.994 0.038 0.092 -0.995 0.055 0.091 -0.994 0.097 0.084 -0.992 0.148 0.064 -0.987 0.194 0.037 -0.98 0.208 0.023 -0.978 0.209 0.024 -0.978 0.207 0.032 -0.978 0.135 0.132 -0.982 0.196 0.197 -0.961 0.194 0.199 -0.961 0.195 0.197 -0.961 0.2 0.182 -0.963 0.202 0.14 -0.969 0.198 0.099 -0.975 0.191 0.075 -0.979 0.19 0.072 -0.979 0.203 0.09 -0.975 0.223 0.114 -0.968 0.245 0.134 -0.96 0.182 0.107 -0.977 0.056 0.046 -0.997 0.051 0.043 -0.998 0.066 0.044 -0.997 0.123 0.037 -0.992 0.18 0.028 -0.983 0.194 0.024 -0.981 0.189 0.028 -0.982 0.082 0.12 -0.989 0.027 0.163 -0.986 0.044 0.138 -0.989 0.058 0.109 -0.992 0.067 0.088 -0.994 0.067 0.092 -0.994 0.065 0.117 -0.991 0.07 0.157 -0.985 0.082 0.198 -0.977 0.09 0.211 -0.973 0.091 0.213 -0.973 0.089 0.212 -0.973 0.144 0.116 -0.983 0.082 -0.002 -0.997 0.089 -0.007 -0.996 0.089 -0.006 -0.996 0.08 0.014 -0.997 0.065 0.077 -0.995 0.059 0.14 -0.988 0.063 0.181 -0.981 0.065 0.192 -0.979 0.053 0.165 -0.985 0.032 0.122 -0.992 0.004 0.08 -0.997 0.083 0.139 -0.987 0.247 0.272 -0.93 0.253 0.277 -0.927 0.227 0.271 -0.935 0.13 0.263 -0.956 0.031 0.256 -0.966 0.003 0.258 -0.966 0.01 0.254 -0.967 0.2 0.148 -0.969 0.287 0.101 -0.953 0.253 0.138 -0.958 0.225 0.177 -0.958 0.208 0.202 -0.957 0.211 0.192 -0.958 0.223 0.152 -0.963 0.229 0.089 -0.969 0.224 0.024 -0.974 0.217 0.003 -0.976 0.218 0.002 -0.976 0.224 0.008 -0.974 0.01 -0.002 -1 0.135 0.06 -0.989 0.131 0.075 -0.989 0.13 0.079 -0.988 0.123 0.058 -0.991 0.092 0.006 -0.996 0.049 -0.045 -0.998 0.003 -0.082 -0.997 -0.024 -0.099 -0.995 -0.009 -0.094 -0.995 0.028 -0.083 -0.996 0.081 -0.074 -0.994 -0.007 -0.057 -0.998 -0.228 -0.031 -0.973 -0.235 -0.031 -0.971 -0.201 -0.052 -0.978 -0.102 -0.134 -0.986 -0.005 -0.218 -0.976 0.022 -0.248 -0.969 0.021 -0.24 -0.97 -0.042 -0.028 -0.999 -0.073 0.056 -0.996 -0.073 0.003 -0.997 -0.078 -0.036 -0.996 -0.08 -0.051 -0.995 -0.068 -0.022 -0.997 -0.04 0.029 -0.999 0.003 0.081 -0.997 0.049 0.12 -0.992 0.069 0.13 -0.989 0.065 0.131 -0.989 0.049 0.132 -0.99 0.058 -0.053 -0.997 -0.03 -0.007 -1 -0.03 -0.009 -1 -0.028 -0.006 -1 -0.015 0.004 -1 0.028 0.022 -0.999 0.07 0.033 -0.997 0.093 0.035 -0.995 0.091 0.036 -0.995 0.062 0.044 -0.997 0.027 0.056 -0.998 -0.002 0.071 -0.997 0.055 0.014 -0.998 0.167 -0.094 -0.982 0.171 -0.098 -0.98 0.166 -0.086 -0.982 0.152 -0.03 -0.988 0.139 0.026 -0.99 0.138 0.039 -0.99 0.136 0.033 -0.99 0.086 -0.114 -0.99 0.061 -0.191 -0.98 0.08 -0.165 -0.983 0.106 -0.137 -0.985 0.128 -0.117 -0.985 0.129 -0.115 -0.985 0.109 -0.124 -0.986 0.066 -0.134 -0.989 0.019 -0.137 -0.99 0.003 -0.134 -0.991 -0 -0.133 -0.991 0.001 -0.134 -0.991 0.129 0.175 -0.976 0.175 0.112 -0.978 0.182 0.116 -0.977 0.183 0.117 -0.976 0.172 0.117 -0.978 0.137 0.127 -0.982 0.102 0.142 -0.985 0.078 0.159 -0.984 0.069 0.167 -0.983 0.077 0.156 -0.985 0.091 0.134 -0.987 0.105 0.105 -0.989 0.099 0.163 -0.982 0.075 0.296 -0.952 0.074 0.3 -0.951 0.069 0.279 -0.958 0.041 0.214 -0.976 0.011 0.148 -0.989 -0.001 0.129 -0.992 0.003 0.132 -0.991 0.117 0.206 -0.972 0.164 0.239 -0.957 0.134 0.231 -0.964 0.108 0.227 -0.968 0.094 0.225 -0.97 0.106 0.224 -0.969 0.135 0.217 -0.967 0.17 0.201 -0.965 0.2 0.181 -0.963 0.208 0.173 -0.963 0.208 0.174 -0.963 0.206 0.182 -0.961 0.258 -0.031 -0.966 0.273 0.07 -0.959 0.261 0.075 -0.962 0.257 0.077 -0.963 0.266 0.065 -0.962 0.284 0.024 -0.958 0.297 -0.025 -0.955 0.3 -0.07 -0.951 0.298 -0.094 -0.95 0.302 -0.082 -0.95 0.311 -0.052 -0.949 0.328 -0.012 -0.945 0.281 -0.061 -0.958 0.164 -0.194 -0.967 0.16 -0.199 -0.967 0.19 -0.186 -0.964 0.288 -0.158 -0.944 0.384 -0.132 -0.914 0.415 -0.128 -0.901 0.41 -0.126 -0.903 0.252 -0.07 -0.965 0.186 -0.052 -0.981 0.22 -0.077 -0.972 0.242 -0.099 -0.965 0.251 -0.107 -0.962 0.239 -0.087 -0.967 0.22 -0.046 -0.974 0.207 0.002 -0.978 0.202 0.046 -0.978 0.204 0.062 -0.977 0.201 0.058 -0.978 0.193 0.048 -0.98 0.028 0.318 -0.948 -0.038 0.267 -0.963 -0.032 0.258 -0.966 -0.03 0.255 -0.967 -0.03 0.267 -0.963 -0.021 0.301 -0.953 -0.005 0.337 -0.941 0.017 0.366 -0.931 0.03 0.379 -0.925 0.02 0.373 -0.928 -0.003 0.36 -0.933 -0.036 0.346 -0.938 0.027 0.35 -0.936 0.181 0.365 -0.913 0.185 0.366 -0.912 0.156 0.375 -0.914 0.072 0.411 -0.909 -0.012 0.447 -0.894 -0.037 0.461 -0.887 -0.036 0.458 -0.888 0.053 0.339 -0.939 0.092 0.291 -0.952 0.081 0.324 -0.943 0.076 0.349 -0.934 0.074 0.36 -0.93 0.072 0.342 -0.937 0.065 0.308 -0.949 0.048 0.272 -0.961 0.027 0.242 -0.97 0.018 0.234 -0.972 0.022 0.235 -0.972 0.033 0.236 -0.971 -0.001 0.041 -0.999 0.084 -0.032 -0.996 0.09 -0.027 -0.996 0.089 -0.026 -0.996 0.071 -0.03 -0.997 0.021 -0.028 -0.999 -0.03 -0.017 -0.999 -0.067 -0.002 -0.998 -0.081 0.006 -0.997 -0.068 -0.007 -0.998 -0.044 -0.03 -0.999 -0.02 -0.061 -0.998 -0.044 0.013 -0.999 -0.106 0.173 -0.979 -0.109 0.179 -0.978 -0.11 0.153 -0.982 -0.127 0.067 -0.99 -0.147 -0.019 -0.989 -0.156 -0.043 -0.987 -0.151 -0.038 -0.988 -0.029 0.084 -0.996 0.023 0.141 -0.99 -0.011 0.123 -0.992 -0.043 0.111 -0.993 -0.06 0.105 -0.993 -0.044 0.106 -0.993 -0.004 0.106 -0.994 0.047 0.095 -0.994 0.093 0.076 -0.993 0.108 0.065 -0.992 0.109 0.066 -0.992 0.106 0.073 -0.992 0.025 0.156 -0.987 0.075 0.225 -0.971 0.072 0.227 -0.971 0.074 0.224 -0.972 0.08 0.212 -0.974 0.088 0.172 -0.981 0.089 0.134 -0.987 0.085 0.111 -0.99 0.085 0.108 -0.991 0.095 0.126 -0.987 0.111 0.152 -0.982 0.128 0.173 -0.976 0.073 0.139 -0.988 -0.036 0.065 -0.997 -0.041 0.061 -0.997 -0.027 0.064 -0.998 0.027 0.066 -0.997 0.082 0.066 -0.994 0.095 0.064 -0.993 0.09 0.067 -0.994 -0.022 0.137 -0.99 -0.079 0.169 -0.982 -0.06 0.149 -0.987 -0.044 0.124 -0.991 -0.032 0.106 -0.994 -0.033 0.109 -0.994 -0.038 0.132 -0.991 -0.038 0.17 -0.985 -0.032 0.21 -0.977 -0.027 0.223 -0.975 -0.026 0.225 -0.974 -0.028 0.223 -0.974 0.205 0.021 -0.978 0.281 0.107 -0.954 0.286 0.104 -0.952 0.294 0.097 -0.951 0.304 0.082 -0.949 0.321 0.022 -0.947 0.329 -0.025 -0.944 0.329 -0.033 -0.944 0.334 -0.009 -0.942 0.349 0.038 -0.936 0.366 0.089 -0.926 0.38 0.118 -0.917 0.314 0.05 -0.948 0.196 -0.068 -0.978 0.19 -0.073 -0.979 0.189 -0.073 -0.979 0.218 -0.069 -0.973 0.247 -0.064 -0.967 0.239 -0.061 -0.969 -0 0.059 -0.998 0.024 0.036 -0.999 0.059 -0.007 -0.998 0.087 -0.047 -0.995 0.099 -0.069 -0.993 0.097 -0.061 -0.993 0.091 -0.014 -0.996 0.09 0.048 -0.995 0.095 0.066 -0.993 0.1 0.075 -0.992 0.104 0.079 -0.991 0.078 0.022 -0.997 -0.041 -0.049 -0.998 -0.037 -0.055 -0.998 -0.037 -0.053 -0.998 -0.037 -0.03 -0.999 -0.02 0.031 -0.999 0.007 0.089 -0.996 0.031 0.123 -0.992 0.038 0.131 -0.991 0.013 0.114 -0.993 -0.026 0.09 -0.996 -0.069 0.07 -0.995 0.034 0.081 -0.996 0.246 0.108 -0.963 0.253 0.109 -0.961 0.228 0.117 -0.967 0.14 0.158 -0.978 0.052 0.2 -0.979 0.029 0.214 -0.976 0.033 0.207 -0.978 0.15 0.026 -0.988 0.208 -0.059 -0.976 0.195 -0.014 -0.981 0.189 0.032 -0.981 0.186 0.062 -0.981 0.184 0.051 -0.982 0.174 0.01 -0.985 0.147 -0.047 -0.988 0.111 -0.099 -0.989 0.093 -0.114 -0.989 0.092 -0.116 -0.989 0.099 -0.115 -0.989 -0.072 0.209 -0.975 0.034 0.179 -0.983 0.037 0.187 -0.982 0.036 0.187 -0.982 0.022 0.176 -0.984 -0.022 0.153 -0.988 -0.071 0.138 -0.988 -0.109 0.134 -0.985 -0.124 0.134 -0.983 -0.104 0.129 -0.986 -0.071 0.118 -0.991 -0.035 0.101 -0.994 -0.095 0.16 -0.983 -0.227 0.275 -0.934 -0.231 0.278 -0.932 -0.22 0.255 -0.942 -0.194 0.17 -0.966 -0.169 0.083 -0.982 -0.165 0.056 -0.985 -0.163 0.061 -0.985 -0.118 0.236 -0.965 -0.099 0.316 -0.943 -0.12 0.283 -0.951 -0.142 0.256 -0.956 -0.156 0.24 -0.958 -0.144 0.249 -0.958 -0.11 0.267 -0.957 -0.06 0.282 -0.958 -0.011 0.287 -0.958 0.007 0.284 -0.959 0.007 0.285 -0.959 0.001 0.29 -0.957 0.199 -0.106 -0.974 0.171 0.006 -0.985 0.176 0.007 -0.984 0.194 0.004 -0.981 0.246 -0.018 -0.969 0.288 -0.044 -0.957 0.303 -0.058 -0.951 0.3 -0.052 -0.953 0.282 -0.019 -0.959 0.262 0.023 -0.965 0.25 0.059 -0.966 0.251 -0.037 -0.967 0.252 -0.215 -0.944 0.251 -0.222 -0.942 0.256 -0.212 -0.943 0.287 -0.162 -0.944 0.319 -0.112 -0.941 0.326 -0.104 -0.94 0.32 -0.107 -0.941 0.16 -0.182 -0.97 0.073 -0.223 -0.972 0.11 -0.218 -0.97 0.156 -0.218 -0.963 0.193 -0.22 -0.956 0.201 -0.221 -0.954 0.181 -0.213 -0.96 0.14 -0.186 -0.972 0.098 -0.149 -0.984 0.088 -0.133 -0.987 0.086 -0.128 -0.988 -0.202 -0.134 -0.97 -0.219 -0.238 -0.946 -0.206 -0.243 -0.948 -0.202 -0.244 -0.948 -0.212 -0.232 -0.949 -0.232 -0.189 -0.954 -0.247 -0.138 -0.959 -0.25 -0.093 -0.964 -0.249 -0.07 -0.966 -0.253 -0.083 -0.964 -0.263 -0.115 -0.958 -0.28 -0.155 -0.948 -0.23 -0.105 -0.967 -0.11 0.035 -0.993 -0.107 0.04 -0.994 -0.137 0.026 -0.99 -0.237 -0.002 -0.971 -0.336 -0.026 -0.942 -0.367 -0.028 -0.93 -0.361 -0.031 -0.932 -0.193 -0.095 -0.977 -0.123 -0.114 -0.986 -0.16 -0.088 -0.983 -0.184 -0.065 -0.981 -0.194 -0.055 -0.979 -0.182 -0.075 -0.981 -0.161 -0.116 -0.98 -0.147 -0.167 -0.975 -0.141 -0.213 -0.967 -0.142 -0.229 -0.963 -0.139 -0.226 -0.964 -0.131 -0.215 -0.968 0.009 -0.231 -0.973 0.094 -0.134 -0.986 0.087 -0.124 -0.988 0.085 -0.122 -0.989 0.086 -0.144 -0.986 0.077 -0.198 -0.977 0.057 -0.254 -0.966 0.031 -0.298 -0.954 0.014 -0.32 -0.947 0.023 -0.313 -0.949 0.05 -0.293 -0.955 0.089 -0.269 -0.959 0.012 -0.285 -0.959 -0.174 -0.328 -0.929 -0.181 -0.33 -0.927 -0.148 -0.337 -0.93 -0.042 -0.372 -0.927 0.062 -0.407 -0.911 0.092 -0.421 -0.902 0.088 -0.415 -0.905 -0.028 -0.271 -0.962 -0.079 -0.213 -0.974 -0.063 -0.255 -0.965 -0.055 -0.287 -0.956 -0.052 -0.298 -0.953 -0.052 -0.271 -0.961 -0.044 -0.22 -0.974 -0.024 -0.164 -0.986 0.003 -0.116 -0.993 0.017 -0.099 -0.995 0.014 -0.1 -0.995 0.002 -0.103 -0.995 0.102 -0.166 -0.981 0.2 -0.219 -0.955 0.199 -0.225 -0.954 0.194 -0.233 -0.953 0.181 -0.246 -0.952 0.129 -0.277 -0.952 0.087 -0.295 -0.952 0.079 -0.297 -0.952 0.103 -0.296 -0.95 0.15 -0.299 -0.942 0.202 -0.305 -0.931 0.233 -0.312 -0.921 0.154 -0.263 -0.952 0.017 -0.178 -0.984 0.01 -0.173 -0.985 0.02 -0.199 -0.98 0.031 -0.226 -0.974 0.031 -0.225 -0.974 0.032 -0.217 -0.976 0.071 -0.059 -0.996 0.075 0.008 -0.997 0.043 -0.034 -0.999 0.011 -0.07 -0.997 -0.006 -0.087 -0.996 0.001 -0.083 -0.997 0.044 -0.067 -0.997 0.102 -0.051 -0.993 0.12 -0.051 -0.991 0.129 -0.054 -0.99 0.134 -0.057 -0.989 0.074 -0.045 -0.996 -0.02 0.05 -0.999 -0.025 0.045 -0.999 -0.023 0.046 -0.999 -0.001 0.05 -0.999 0.061 0.049 -0.997 0.121 0.037 -0.992 0.159 0.021 -0.987 0.168 0.017 -0.986 0.146 0.036 -0.989 0.115 0.068 -0.991 0.086 0.104 -0.991 0.12 0.009 -0.993 0.193 -0.185 -0.964 0.196 -0.192 -0.962 0.198 -0.166 -0.966 0.216 -0.073 -0.974 0.235 0.02 -0.972 0.244 0.044 -0.969 0.238 0.039 -0.97 0.095 -0.113 -0.989 0.027 -0.187 -0.982 0.067 -0.165 -0.984 0.109 -0.148 -0.983 0.137 -0.138 -0.981 0.126 -0.139 -0.982 0.085 -0.139 -0.987 0.026 -0.127 -0.992 -0.032 -0.104 -0.994 -0.05 -0.092 -0.995 -0.052 -0.09 -0.995 -0.05 -0.097 -0.994 0.215 0.139 -0.967 0.212 0.031 -0.977 0.22 0.031 -0.975 0.22 0.032 -0.975 0.206 0.042 -0.978 0.175 0.078 -0.981 0.149 0.121 -0.981 0.137 0.156 -0.978 0.133 0.17 -0.976 0.133 0.15 -0.98 0.131 0.116 -0.985 0.123 0.079 -0.989 0.164 0.149 -0.975 0.241 0.299 -0.923 0.243 0.304 -0.921 0.224 0.289 -0.931 0.15 0.245 -0.958 0.074 0.201 -0.977 0.05 0.191 -0.98 0.056 0.19 -0.98 0.23 0.188 -0.955 0.31 0.189 -0.932 0.274 0.201 -0.94 0.244 0.215 -0.946 0.226 0.224 -0.948 0.236 0.215 -0.948 0.261 0.187 -0.947 0.287 0.144 -0.947 0.303 0.098 -0.948 0.304 0.081 -0.949 0.305 0.081 -0.949 0.308 0.087 -0.947 -0.019 -0.19 -0.982 0.081 -0.137 -0.987 0.082 -0.142 -0.986 0.084 -0.16 -0.984 0.075 -0.214 -0.974 0.06 -0.26 -0.964 0.049 -0.278 -0.959 0.055 -0.273 -0.96 0.082 -0.249 -0.965 0.117 -0.22 -0.968 0.148 -0.2 -0.968 0.057 -0.223 -0.973 -0.111 -0.265 -0.958 -0.118 -0.267 -0.956 -0.107 -0.269 -0.957 -0.053 -0.287 -0.956 0.001 -0.305 -0.952 0.011 -0.31 -0.951 0.007 -0.305 -0.952 -0.1 -0.17 -0.98 -0.158 -0.097 -0.983 -0.146 -0.131 -0.981 -0.135 -0.175 -0.975 -0.129 -0.211 -0.969 -0.128 -0.219 -0.967 -0.124 -0.198 -0.972 -0.108 -0.153 -0.982 -0.082 -0.104 -0.991 -0.07 -0.091 -0.993 -0.065 -0.088 -0.994 -0.066 -0.088 -0.994 -0.138 0.183 -0.973 -0.241 0.174 -0.955 -0.243 0.161 -0.957 -0.243 0.157 -0.957 -0.233 0.169 -0.958 -0.197 0.198 -0.96 -0.153 0.223 -0.963 -0.111 0.237 -0.965 -0.088 0.242 -0.966 -0.102 0.242 -0.965 -0.134 0.244 -0.96 -0.177 0.25 -0.952 -0.117 0.216 -0.969 0.043 0.135 -0.99 0.029 0.158 -0.987 -0.021 0.246 -0.969 -0.068 0.333 -0.94 -0.078 0.362 -0.929 -0.079 0.356 -0.931 -0.099 0.183 -0.978 -0.101 0.113 -0.989 -0.084 0.153 -0.985 -0.068 0.181 -0.981 -0.061 0.193 -0.979 -0.077 0.177 -0.981 -0.111 0.148 -0.983 -0.156 0.123 -0.98 -0.199 0.106 -0.974 -0.214 0.104 -0.971 -0.21 0.102 -0.972 -0.199 0.097 -0.975 -0.181 -0.039 -0.983 -0.069 -0.097 -0.993 -0.061 -0.088 -0.994 -0.06 -0.086 -0.995 -0.08 -0.092 -0.993 -0.133 -0.096 -0.986 -0.192 -0.09 -0.977 -0.24 -0.076 -0.968 -0.265 -0.065 -0.962 -0.256 -0.072 -0.964 -0.23 -0.092 -0.969 -0.199 -0.124 -0.972 -0.231 -0.055 -0.971 -0.316 0.111 -0.942 -0.32 0.117 -0.94 -0.319 0.084 -0.944 -0.328 -0.024 -0.944 -0.338 -0.131 -0.932 -0.345 -0.163 -0.924 -0.34 -0.158 -0.927 -0.228 -0.014 -0.974 -0.184 0.048 -0.982 -0.22 0.023 -0.975 -0.249 0.008 -0.969 -0.259 0.003 -0.966 -0.233 0.008 -0.972 -0.183 0.013 -0.983 -0.124 0.008 -0.992 -0.073 -0.006 -0.997 -0.054 -0.016 -0.998 -0.055 -0.013 -0.998 -0.061 -0.003 -0.998 0.154 0.114 -0.982 0.227 0.196 -0.954 0.232 0.193 -0.953 0.24 0.186 -0.953 0.249 0.171 -0.953 0.267 0.114 -0.957 0.275 0.069 -0.959 0.275 0.061 -0.959 0.28 0.084 -0.956 0.294 0.129 -0.947 0.311 0.177 -0.934 0.325 0.205 -0.923 0.26 0.141 -0.955 0.146 0.029 -0.989 0.14 0.024 -0.99 0.139 0.024 -0.99 0.167 0.028 -0.986 0.196 0.032 -0.98 0.195 0.032 -0.98 0.188 0.035 -0.982 0.042 0.108 -0.993 -0.045 0.149 -0.988 -0.021 0.127 -0.992 0.012 0.087 -0.996 0.04 0.048 -0.998 0.052 0.028 -0.998 0.05 0.036 -0.998 0.044 0.08 -0.996 0.042 0.14 -0.989 0.046 0.157 -0.986 0.051 0.165 -0.985 0.055 0.17 -0.984 0.03 0.114 -0.993 -0.083 0.045 -0.996 -0.079 0.039 -0.996 -0.079 0.042 -0.996 -0.079 0.063 -0.995 -0.063 0.123 -0.99 -0.038 0.178 -0.983 -0.015 0.21 -0.978 -0.008 0.218 -0.976 -0.032 0.202 -0.979 -0.07 0.178 -0.982 -0.111 0.159 -0.981 -0.012 0.17 -0.985 0.192 0.197 -0.961 0.2 0.198 -0.96 0.176 0.205 -0.963 0.09 0.244 -0.966 0.004 0.283 -0.959 -0.017 0.296 -0.955 -0.013 0.29 -0.957 0.1 0.119 -0.988 0.157 0.037 -0.987 0.144 0.081 -0.986 0.138 0.125 -0.983 0.134 0.153 -0.979 0.133 0.143 -0.981 0.123 0.104 -0.987 0.098 0.049 -0.994 0.063 -0.001 -0.998 0.047 -0.016 -0.999 0.046 -0.017 -0.999 0.052 -0.016 -0.999 -0.115 0.29 -0.95 -0.012 0.263 -0.965 -0.01 0.27 -0.963 -0.011 0.271 -0.963 -0.024 0.26 -0.965 -0.066 0.238 -0.969 -0.113 0.223 -0.968 -0.15 0.218 -0.964 -0.164 0.218 -0.962 -0.144 0.213 -0.966 -0.113 0.204 -0.972 -0.078 0.188 -0.979 -0.137 0.243 -0.96 -0.263 0.348 -0.9 -0.267 0.351 -0.897 -0.257 0.33 -0.909 -0.231 0.25 -0.94 -0.206 0.168 -0.964 -0.202 0.142 -0.969 -0.201 0.148 -0.968 -0.159 0.314 -0.936 -0.141 0.39 -0.91 -0.161 0.359 -0.919 -0.182 0.333 -0.925 -0.195 0.318 -0.928 -0.183 0.326 -0.927 -0.151 0.344 -0.927 -0.103 0.358 -0.928 -0.056 0.364 -0.93 -0.039 0.362 -0.931 -0.038 0.363 -0.931 -0.044 0.367 -0.929 0.149 -0.008 -0.989 0.121 0.1 -0.988 0.126 0.101 -0.987 0.143 0.098 -0.985 0.194 0.076 -0.978 0.235 0.051 -0.971 0.25 0.037 -0.967 0.247 0.043 -0.968 0.229 0.075 -0.97 0.209 0.116 -0.971 0.197 0.15 -0.969 0.199 0.058 -0.978 0.203 -0.115 -0.973 0.202 -0.122 -0.972 0.207 -0.111 -0.972 0.236 -0.063 -0.97 0.266 -0.016 -0.964 0.273 -0.007 -0.962 0.267 -0.01 -0.964 0.113 -0.082 -0.99 0.029 -0.122 -0.992 0.065 -0.117 -0.991 0.11 -0.117 -0.987 0.146 -0.119 -0.982 0.153 -0.12 -0.981 0.134 -0.112 -0.985 0.094 -0.086 -0.992 0.052 -0.049 -0.997 0.042 -0.034 -0.999 0.04 -0.029 -0.999 0.04 -0.03 -0.999 -0.236 -0.041 -0.971 -0.25 -0.143 -0.958 -0.238 -0.148 -0.96 -0.234 -0.149 -0.961 -0.244 -0.137 -0.96 -0.264 -0.095 -0.96 -0.278 -0.047 -0.959 -0.283 -0.003 -0.959 -0.282 0.02 -0.959 -0.286 0.007 -0.958 -0.294 -0.025 -0.956 -0.31 -0.064 -0.949 -0.263 -0.013 -0.965 -0.15 0.124 -0.981 -0.147 0.129 -0.981 -0.175 0.115 -0.978 -0.271 0.085 -0.959 -0.365 0.058 -0.929 -0.395 0.054 -0.917 -0.39 0.052 -0.92 -0.228 -0.003 -0.974 -0.161 -0.019 -0.987 -0.196 0.005 -0.981 -0.219 0.026 -0.975 -0.229 0.035 -0.973 -0.217 0.017 -0.976 -0.197 -0.022 -0.98 -0.183 -0.071 -0.981 -0.176 -0.116 -0.978 -0.177 -0.132 -0.975 -0.174 -0.128 -0.976 -0.167 -0.118 -0.979 -0.032 -0.131 -0.991 0.048 -0.035 -0.998 0.041 -0.026 -0.999 0.039 -0.024 -0.999 0.041 -0.045 -0.998 0.033 -0.097 -0.995 0.015 -0.153 -0.988 -0.01 -0.197 -0.98 -0.026 -0.219 -0.975 -0.016 -0.211 -0.977 0.009 -0.191 -0.982 0.046 -0.167 -0.985 -0.028 -0.183 -0.983 -0.206 -0.231 -0.951 -0.213 -0.233 -0.949 -0.18 -0.239 -0.954 -0.078 -0.272 -0.959 0.023 -0.305 -0.952 0.053 -0.319 -0.946 0.049 -0.314 -0.948 -0.066 -0.171 -0.983 -0.117 -0.114 -0.987 -0.101 -0.155 -0.983 -0.093 -0.187 -0.978 -0.089 -0.198 -0.976 -0.089 -0.171 -0.981 -0.083 -0.121 -0.989 -0.065 -0.065 -0.996 -0.04 -0.018 -0.999 -0.027 -0.002 -1 -0.029 -0.002 -1 -0.041 -0.006 -0.999 -0.058 0.195 -0.979 -0.183 0.141 -0.973 -0.179 0.127 -0.976 -0.178 0.123 -0.976 -0.172 0.143 -0.975 -0.141 0.197 -0.97 -0.099 0.247 -0.964 -0.057 0.281 -0.958 -0.037 0.294 -0.955 -0.057 0.287 -0.956 -0.099 0.274 -0.957 -0.152 0.263 -0.953 -0.058 0.249 -0.967 0.172 0.221 -0.96 0.179 0.221 -0.959 0.146 0.241 -0.959 0.049 0.32 -0.946 -0.047 0.396 -0.917 -0.073 0.423 -0.903 -0.071 0.416 -0.907 -0.004 0.206 -0.979 0.03 0.117 -0.993 0.03 0.171 -0.985 0.035 0.214 -0.976 0.038 0.234 -0.971 0.029 0.212 -0.977 0.003 0.165 -0.986 -0.039 0.115 -0.993 -0.085 0.074 -0.994 -0.103 0.063 -0.993 -0.099 0.063 -0.993 -0.085 0.062 -0.994 -0.164 0.205 -0.965 -0.019 0.152 -0.988 -0.012 0.167 -0.986 -0.01 0.171 -0.985 -0.03 0.159 -0.987 -0.099 0.135 -0.986 -0.173 0.121 -0.977 -0.232 0.121 -0.965 -0.256 0.124 -0.959 -0.231 0.114 -0.966 -0.183 0.095 -0.979 -0.127 0.063 -0.99 -0.201 0.151 -0.968 -0.374 0.336 -0.864 -0.379 0.341 -0.86 -0.368 0.302 -0.879 -0.346 0.165 -0.924 -0.321 0.023 -0.947 -0.319 -0.021 -0.948 -0.315 -0.014 -0.949 -0.216 0.24 -0.946 -0.175 0.347 -0.922 -0.217 0.298 -0.93 -0.255 0.262 -0.931 -0.276 0.242 -0.93 -0.254 0.255 -0.933 -0.199 0.278 -0.94 -0.125 0.293 -0.948 -0.053 0.294 -0.954 -0.03 0.289 -0.957 -0.032 0.292 -0.956 -0.044 0.304 -0.952 0.09 -0.233 -0.968 0.037 -0.145 -0.989 0.033 -0.147 -0.989 0.036 -0.147 -0.988 0.052 -0.146 -0.988 0.105 -0.157 -0.982 0.15 -0.173 -0.973 0.173 -0.185 -0.967 0.172 -0.184 -0.968 0.152 -0.161 -0.975 0.125 -0.128 -0.984 0.104 -0.095 -0.99 0.122 -0.177 -0.976 0.163 -0.34 -0.926 0.165 -0.345 -0.924 0.168 -0.33 -0.929 0.192 -0.267 -0.944 0.217 -0.204 -0.955 0.225 -0.19 -0.956 0.22 -0.193 -0.956 0.077 -0.294 -0.953 0.008 -0.342 -0.94 0.046 -0.331 -0.942 0.089 -0.324 -0.942 0.12 -0.319 -0.94 0.121 -0.318 -0.94 0.095 -0.314 -0.945 0.05 -0.298 -0.953 0.003 -0.273 -0.962 -0.009 -0.262 -0.965 -0.011 -0.26 -0.965 -0.01 -0.264 -0.964 -0.211 0.041 -0.977 -0.265 -0.042 -0.963 -0.266 -0.041 -0.963 -0.271 -0.037 -0.962 -0.279 -0.023 -0.96 -0.293 0.026 -0.956 -0.3 0.069 -0.952 -0.299 0.086 -0.95 -0.302 0.077 -0.95 -0.312 0.045 -0.949 -0.327 0.006 -0.945 -0.341 -0.021 -0.94 -0.286 0.033 -0.958 -0.181 0.136 -0.974 -0.175 0.141 -0.974 -0.182 0.139 -0.974 -0.223 0.132 -0.966 -0.263 0.126 -0.957 -0.269 0.126 -0.955 -0.263 0.123 -0.957 -0.135 0.056 -0.989 -0.065 0.022 -0.998 -0.087 0.043 -0.995 -0.112 0.076 -0.991 -0.131 0.103 -0.986 -0.136 0.111 -0.984 -0.131 0.095 -0.987 -0.126 0.052 -0.991 -0.126 0.001 -0.992 -0.13 -0.015 -0.991 -0.132 -0.02 -0.991 -0.133 -0.021 -0.991 0.042 -0.287 -0.957 0.171 -0.2 -0.965 0.165 -0.188 -0.968 0.163 -0.186 -0.969 0.161 -0.211 -0.964 0.139 -0.277 -0.951 0.104 -0.34 -0.935 0.066 -0.384 -0.921 0.047 -0.4 -0.915 0.069 -0.389 -0.919 0.111 -0.367 -0.924 0.166 -0.345 -0.924 0.056 -0.351 -0.935 -0.195 -0.362 -0.911 -0.203 -0.363 -0.909 -0.165 -0.378 -0.911 -0.047 -0.44 -0.897 0.07 -0.497 -0.865 0.103 -0.517 -0.85 0.099 -0.511 -0.854 -0.023 -0.311 -0.95 -0.081 -0.22 -0.972 -0.068 -0.276 -0.959 -0.064 -0.322 -0.945 -0.062 -0.345 -0.936 -0.058 -0.321 -0.945 -0.041 -0.267 -0.963 -0.006 -0.204 -0.979 0.038 -0.149 -0.988 0.057 -0.133 -0.989 0.054 -0.132 -0.99 0.041 -0.134 -0.99 0.162 0.226 -0.961 0.016 0.243 -0.97 0.011 0.226 -0.974 0.01 0.22 -0.975 0.027 0.235 -0.972 0.082 0.264 -0.961 0.149 0.284 -0.947 0.212 0.289 -0.934 0.248 0.286 -0.925 0.235 0.291 -0.927 0.197 0.304 -0.932 0.145 0.329 -0.933 0.217 0.259 -0.941 0.393 0.091 -0.915 0.398 0.087 -0.913 0.379 0.132 -0.916 0.334 0.274 -0.902 0.286 0.411 -0.866 0.275 0.455 -0.847 0.273 0.449 -0.851 0.227 0.228 -0.947 0.211 0.131 -0.969 0.239 0.179 -0.954 0.262 0.21 -0.942 0.27 0.221 -0.937 0.242 0.2 -0.949 0.187 0.171 -0.967 0.12 0.15 -0.981 0.058 0.143 -0.988 0.036 0.146 -0.989 0.04 0.142 -0.989 0.054 0.131 -0.99 -0.175 -0.18 -0.968 -0.068 -0.279 -0.958 -0.054 -0.269 -0.962 -0.049 -0.265 -0.963 -0.072 -0.267 -0.961 -0.133 -0.257 -0.957 -0.2 -0.233 -0.952 -0.254 -0.197 -0.947 -0.283 -0.171 -0.944 -0.276 -0.183 -0.944 -0.254 -0.216 -0.943 -0.228 -0.266 -0.937 -0.242 -0.168 -0.956 -0.281 0.073 -0.957 -0.283 0.079 -0.956 -0.295 0.031 -0.955 -0.346 -0.11 -0.932 -0.394 -0.246 -0.886 -0.413 -0.287 -0.864 -0.408 -0.285 -0.867 -0.233 -0.142 -0.962 -0.161 -0.076 -0.984 -0.212 -0.097 -0.972 -0.249 -0.107 -0.963 -0.261 -0.111 -0.959 -0.224 -0.112 -0.968 -0.16 -0.122 -0.979 -0.094 -0.147 -0.985 -0.041 -0.178 -0.983 -0.024 -0.194 -0.981 -0.025 -0.188 -0.982 -0.03 -0.171 -0.985 0.241 -0.217 -0.946 0.264 -0.094 -0.96 0.259 -0.093 -0.961 0.26 -0.095 -0.961 0.275 -0.107 -0.955 0.307 -0.154 -0.939 0.33 -0.204 -0.922 0.338 -0.238 -0.911 0.339 -0.245 -0.908 0.343 -0.216 -0.914 0.349 -0.173 -0.921 0.36 -0.131 -0.924 0.308 -0.213 -0.927 0.197 -0.378 -0.905 0.193 -0.384 -0.903 0.213 -0.371 -0.904 0.291 -0.333 -0.897 0.369 -0.294 -0.882 0.39 -0.286 -0.875 0.383 -0.285 -0.878 0.195 -0.269 -0.943 0.1 -0.26 -0.96 0.138 -0.278 -0.951 0.174 -0.299 -0.938 0.198 -0.315 -0.928 0.194 -0.31 -0.931 0.174 -0.282 -0.944 0.152 -0.232 -0.961 0.137 -0.176 -0.975 0.137 -0.156 -0.978 0.137 -0.154 -0.979 0.134 -0.158 -0.978 -0.062 0.136 -0.989 -0.043 0.007 -0.999 -0.032 0.006 -0.999 -0.03 0.007 -1 -0.049 0.019 -0.999 -0.088 0.06 -0.994 -0.123 0.11 -0.986 -0.142 0.155 -0.978 -0.148 0.178 -0.973 -0.148 0.161 -0.976 -0.148 0.125 -0.981 -0.153 0.079 -0.985 -0.115 0.157 -0.981 -0.035 0.337 -0.941 -0.032 0.343 -0.939 -0.057 0.322 -0.945 -0.147 0.261 -0.954 -0.238 0.199 -0.951 -0.267 0.184 -0.946 -0.26 0.184 -0.948 -0.062 0.193 -0.979 0.024 0.199 -0.98 -0.02 0.211 -0.977 -0.054 0.225 -0.973 -0.07 0.231 -0.97 -0.051 0.217 -0.975 -0.015 0.183 -0.983 0.019 0.132 -0.991 0.042 0.08 -0.996 0.046 0.059 -0.997 0.047 0.06 -0.997 0.051 0.07 -0.996 0.003 -0.086 -0.996 0.103 -0.059 -0.993 0.102 -0.053 -0.993 0.101 -0.054 -0.993 0.096 -0.071 -0.993 0.07 -0.11 -0.991 0.01 -0.165 -0.986 0.001 -0.17 -0.985 0.021 -0.164 -0.986 0.053 -0.156 -0.986 0.088 -0.152 -0.984 0.015 -0.137 -0.991 -0.142 -0.108 -0.984 -0.148 -0.107 -0.983 -0.131 -0.119 -0.984 -0.075 -0.17 -0.983 -0.021 -0.222 -0.975 -0.008 -0.238 -0.971 -0.009 -0.232 -0.973 -0.048 -0.078 -0.996 -0.069 -0.007 -0.998 -0.07 -0.042 -0.997 -0.076 -0.074 -0.994 -0.08 -0.094 -0.992 -0.076 -0.085 -0.994 -0.058 -0.057 -0.997 -0.025 -0.022 -0.999 0.012 0.007 -1 0.028 0.013 -1 0.029 0.014 -0.999 0.024 0.015 -1 -0.115 0.132 -0.984 -0.191 0.078 -0.978 -0.188 0.074 -0.979 -0.188 0.075 -0.979 -0.19 0.089 -0.978 -0.184 0.134 -0.974 -0.172 0.175 -0.969 -0.159 0.199 -0.967 -0.157 0.202 -0.967 -0.176 0.186 -0.967 -0.203 0.163 -0.966 -0.232 0.144 -0.962 -0.157 0.163 -0.974 -0.004 0.205 -0.979 0.001 0.207 -0.978 -0.018 0.209 -0.978 -0.085 0.228 -0.97 -0.151 0.248 -0.957 -0.168 0.256 -0.952 -0.165 0.252 -0.954 -0.009 0.079 -0.997 -0.024 0.111 -0.994 -0.034 0.144 -0.989 -0.04 0.168 -0.985 -0.04 0.164 -0.986 -0.043 0.137 -0.99 -0.056 0.096 -0.994 -0.076 0.056 -0.996 -0.086 0.045 -0.995 -0.086 0.044 -0.995 -0.082 0.046 -0.996 -0.384 -0.058 -0.921 -0.238 -0.018 -0.971 -0.241 -0.003 -0.971 -0.242 0 -0.97 -0.251 -0.024 -0.968 -0.29 -0.08 -0.954 -0.341 -0.132 -0.931 -0.389 -0.164 -0.907 -0.413 -0.175 -0.894 -0.393 -0.172 -0.903 -0.35 -0.167 -0.922 -0.295 -0.166 -0.941 -0.399 -0.129 -0.908 -0.615 -0.053 -0.787 -0.62 -0.051 -0.783 -0.592 -0.081 -0.802 -0.503 -0.187 -0.844 -0.406 -0.293 -0.866 -0.377 -0.329 -0.866 -0.379 -0.322 -0.868 -0.449 -0.072 -0.891 -0.476 0.04 -0.878 -0.48 -0.019 -0.877 -0.487 -0.064 -0.871 -0.491 -0.087 -0.867 -0.48 -0.06 -0.875 -0.449 -0.009 -0.894 -0.398 0.042 -0.916 -0.343 0.08 -0.936 -0.319 0.088 -0.944 -0.322 0.089 -0.943 -0.336 0.093 -0.937 0.009 0.132 -0.991 -0.075 0.245 -0.967 -0.081 0.24 -0.967 -0.079 0.24 -0.968 -0.056 0.243 -0.968 0.01 0.234 -0.972 0.073 0.214 -0.974 0.11 0.194 -0.975 0.118 0.189 -0.975 0.095 0.215 -0.972 0.064 0.253 -0.965 0.038 0.295 -0.955 0.062 0.188 -0.98 0.119 -0.036 -0.992 0.121 -0.044 -0.992 0.126 -0.016 -0.992 0.157 0.083 -0.984 0.189 0.18 -0.965 0.201 0.205 -0.958 0.195 0.2 -0.96 0.019 0.055 -0.998 -0.065 -0.021 -0.998 -0.018 -0.001 -1 0.03 0.013 -0.999 0.064 0.021 -0.998 0.054 0.021 -0.998 -0.05 0.047 -0.998 -0.11 0.077 -0.991 -0.127 0.092 -0.988 -0.129 0.093 -0.987 -0.127 0.086 -0.988 -0.121 -0.092 -0.988 -0.121 -0.213 -0.97 -0.114 -0.213 -0.97 -0.115 -0.212 -0.971 -0.131 -0.201 -0.971 -0.17 -0.16 -0.972 -0.201 -0.112 -0.973 -0.216 -0.076 -0.974 -0.219 -0.065 -0.974 -0.218 -0.092 -0.972 -0.218 -0.132 -0.967 -0.224 -0.175 -0.959 -0.183 -0.093 -0.979 -0.1 0.085 -0.991 -0.097 0.092 -0.991 -0.117 0.075 -0.99 -0.194 0.024 -0.981 -0.271 -0.025 -0.962 -0.294 -0.035 -0.955 -0.287 -0.036 -0.957 -0.094 -0.035 -0.995 -0.001 -0.031 -1 -0.042 -0.019 -0.999 -0.08 -0.002 -0.997 -0.104 0.009 -0.995 -0.095 0.002 -0.995 -0.068 -0.027 -0.997 -0.038 -0.074 -0.997 -0.015 -0.126 -0.992 -0.012 -0.145 -0.989 -0.011 -0.146 -0.989 -0.008 -0.14 -0.99 0.06 -0.185 -0.981 0.127 -0.077 -0.989 0.117 -0.069 -0.991 0.115 -0.067 -0.991 0.121 -0.086 -0.989 0.126 -0.142 -0.982 0.12 -0.202 -0.972 0.106 -0.249 -0.963 0.096 -0.271 -0.958 0.108 -0.257 -0.96 0.132 -0.227 -0.965 0.166 -0.193 -0.967 0.086 -0.231 -0.969 -0.099 -0.323 -0.941 -0.105 -0.326 -0.939 -0.069 -0.325 -0.943 0.046 -0.334 -0.941 0.16 -0.342 -0.926 0.194 -0.349 -0.917 0.189 -0.345 -0.919 0.027 -0.226 -0.974 -0.047 -0.177 -0.983 -0.018 -0.216 -0.976 0 -0.249 -0.969 0.009 -0.264 -0.964 0.003 -0.241 -0.97 -0.002 -0.192 -0.981 0.003 -0.133 -0.991 0.017 -0.078 -0.997 0.026 -0.061 -0.998 0.023 -0.062 -0.998 0.012 -0.068 -0.998 -0.142 0.25 -0.958 -0.265 0.233 -0.936 -0.266 0.236 -0.935 -0.266 0.243 -0.933 -0.262 0.262 -0.929 -0.232 0.32 -0.919 -0.201 0.362 -0.91 -0.189 0.373 -0.908 -0.206 0.363 -0.909 -0.25 0.34 -0.907 -0.3 0.316 -0.9 -0.337 0.303 -0.891 -0.232 0.306 -0.923 -0.04 0.305 -0.952 -0.032 0.304 -0.952 -0.038 0.307 -0.951 -0.078 0.335 -0.939 -0.118 0.362 -0.925 -0.123 0.366 -0.922 -0.12 0.359 -0.925 -0.055 0.185 -0.981 -0.015 0.084 -0.996 -0.018 0.123 -0.992 -0.013 0.179 -0.984 -0.006 0.227 -0.974 -0.002 0.245 -0.969 -0.009 0.231 -0.973 -0.041 0.19 -0.981 -0.087 0.143 -0.986 -0.104 0.133 -0.986 -0.112 0.13 -0.985 -0.115 0.13 -0.985 0.049 -0.019 -0.999 0.177 -0.077 -0.981 0.184 -0.067 -0.981 0.184 -0.065 -0.981 0.163 -0.074 -0.984 0.103 -0.086 -0.991 0.037 -0.087 -0.995 -0.017 -0.077 -0.997 -0.044 -0.069 -0.997 -0.029 -0.079 -0.996 0.005 -0.1 -0.995 0.043 -0.132 -0.99 -0.004 -0.052 -0.999 -0.124 0.13 -0.984 -0.129 0.136 -0.982 -0.123 0.099 -0.987 -0.12 -0.021 -0.993 -0.119 -0.142 -0.983 -0.124 -0.178 -0.976 -0.12 -0.172 -0.978 -0.005 0.012 -1 0.039 0.095 -0.995 0.002 0.061 -0.998 -0.03 0.039 -0.999 -0.045 0.029 -0.999 -0.019 0.038 -0.999 0.035 0.049 -0.998 0.101 0.05 -0.994 0.161 0.041 -0.986 0.183 0.032 -0.983 0.182 0.034 -0.983 0.175 0.044 -0.984 -0.019 0.056 -0.998 0.01 0.149 -0.989 0.006 0.15 -0.989 0.008 0.149 -0.989 0.018 0.136 -0.99 0.039 0.096 -0.995 0.053 0.054 -0.997 0.056 0.025 -0.998 0.057 0.019 -0.998 0.061 0.04 -0.997 0.07 0.073 -0.995 0.083 0.102 -0.991 0.034 0.048 -0.998 -0.062 -0.069 -0.996 -0.066 -0.074 -0.995 -0.05 -0.066 -0.997 0.013 -0.045 -0.999 0.076 -0.026 -0.997 0.093 -0.024 -0.995 0.087 -0.022 -0.996 -0.059 0.019 -0.998 -0.129 0.036 -0.991 -0.102 0.019 -0.995 -0.076 -0.003 -0.997 -0.06 -0.018 -0.998 -0.063 -0.012 -0.998 -0.077 0.013 -0.997 -0.09 0.056 -0.994 -0.096 0.101 -0.99 -0.094 0.117 -0.989 -0.094 0.119 -0.988 -0.096 0.116 -0.989 0.145 0.037 -0.989 0.016 0.029 -0.999 0.016 0.019 -1 0.017 0.018 -1 0.029 0.036 -0.999 0.072 0.073 -0.995 0.123 0.103 -0.987 0.167 0.119 -0.979 0.188 0.124 -0.974 0.17 0.124 -0.978 0.133 0.126 -0.983 0.165 0.091 -0.982 0.336 0.002 -0.942 0.343 -0.001 -0.939 0.324 0.024 -0.946 0.271 0.113 -0.956 0.218 0.204 -0.955 0.205 0.232 -0.951 0.205 0.225 -0.953 0.201 0.03 -0.979 0.202 -0.058 -0.978 0.216 -0.015 -0.976 0.232 0.019 -0.972 0.24 0.035 -0.97 0.227 0.019 -0.974 0.192 -0.013 -0.981 0.14 -0.043 -0.989 0.087 -0.063 -0.994 0.066 -0.066 -0.996 0.067 -0.067 -0.996 0.076 -0.071 -0.995 -0.079 -0.093 -0.992 0.008 -0.122 -0.993 0.009 -0.117 -0.993 0.008 -0.118 -0.993 -0.002 -0.128 -0.992 -0.041 -0.149 -0.988 -0.08 -0.164 -0.983 -0.106 -0.168 -0.98 -0.11 -0.168 -0.98 -0.086 -0.173 -0.981 -0.053 -0.181 -0.982 -0.021 -0.194 -0.981 -0.079 -0.145 -0.986 -0.201 -0.048 -0.978 -0.205 -0.045 -0.978 -0.196 -0.061 -0.979 -0.172 -0.126 -0.977 -0.15 -0.19 -0.97 -0.146 -0.208 -0.967 -0.145 -0.204 -0.968 -0.113 -0.053 -0.992 -0.099 0.022 -0.995 -0.115 -0.008 -0.993 -0.136 -0.035 -0.99 -0.151 -0.054 -0.987 -0.148 -0.052 -0.988 -0.125 -0.039 -0.991 -0.085 -0.025 -0.996 -0.042 -0.018 -0.999 -0.028 -0.019 -0.999 -0.027 -0.019 -0.999 -0.031 -0.016 -0.999 0.229 -0.2 -0.953 0.11 -0.105 -0.988 0.1 -0.115 -0.988 0.099 -0.118 -0.988 0.123 -0.112 -0.986 0.191 -0.111 -0.975 0.262 -0.123 -0.957 0.316 -0.144 -0.938 0.34 -0.158 -0.927 0.325 -0.143 -0.935 0.296 -0.111 -0.949 0.262 -0.066 -0.963 0.295 -0.173 -0.94 0.365 -0.398 -0.842 0.367 -0.404 -0.838 0.373 -0.362 -0.854 0.404 -0.227 -0.886 0.431 -0.086 -0.898 0.443 -0.043 -0.896 0.438 -0.049 -0.898 0.279 -0.246 -0.928 0.206 -0.334 -0.92 0.256 -0.303 -0.918 0.296 -0.283 -0.912 0.316 -0.273 -0.909 0.288 -0.279 -0.916 0.229 -0.282 -0.932 0.158 -0.27 -0.95 0.095 -0.246 -0.965 0.075 -0.232 -0.97 0.075 -0.235 -0.969 0.08 -0.248 -0.965 -0.151 0.006 -0.989 -0.191 -0.128 -0.973 -0.184 -0.13 -0.974 -0.185 -0.128 -0.974 -0.2 -0.112 -0.973 -0.232 -0.054 -0.971 -0.252 0.007 -0.968 -0.257 0.048 -0.965 -0.258 0.058 -0.965 -0.265 0.025 -0.964 -0.278 -0.023 -0.96 -0.295 -0.069 -0.953 -0.225 0.014 -0.974 -0.081 0.189 -0.979 -0.076 0.195 -0.978 -0.101 0.183 -0.978 -0.197 0.15 -0.969 -0.291 0.118 -0.949 -0.318 0.113 -0.941 -0.311 0.111 -0.944 -0.095 0.058 -0.994 0.013 0.036 -0.999 -0.03 0.061 -0.998 -0.069 0.091 -0.993 -0.094 0.113 -0.989 -0.089 0.105 -0.99 -0.069 0.069 -0.995 -0.049 0.008 -0.999 -0.039 -0.057 -0.998 -0.041 -0.079 -0.996 -0.041 -0.081 -0.996 -0.037 -0.075 -0.996 0.101 0.032 -0.994 0.198 0.1 -0.975 0.194 0.106 -0.975 0.193 0.104 -0.976 0.194 0.085 -0.977 0.184 0.031 -0.982 0.164 -0.021 -0.986 0.144 -0.053 -0.988 0.137 -0.062 -0.989 0.157 -0.046 -0.986 0.19 -0.023 -0.982 0.227 -0.003 -0.974 0.138 -0.017 -0.99 -0.051 -0.054 -0.997 -0.058 -0.055 -0.997 -0.033 -0.061 -0.998 0.052 -0.093 -0.994 0.136 -0.127 -0.983 0.157 -0.14 -0.978 0.154 -0.134 -0.979 0.041 0.021 -0.999 -0.017 0.092 -0.996 -0.002 0.053 -0.999 0.006 0.013 -1 0.011 -0.012 -1 0.012 -0.001 -1 0.019 0.036 -0.999 0.039 0.088 -0.995 0.067 0.135 -0.989 0.081 0.149 -0.986 0.081 0.15 -0.985 0.074 0.148 -0.986 0.071 0.228 -0.971 -0.053 0.219 -0.974 -0.054 0.206 -0.977 -0.054 0.203 -0.978 -0.042 0.219 -0.975 -0.001 0.255 -0.967 0.05 0.284 -0.957 0.096 0.3 -0.949 0.119 0.304 -0.945 0.101 0.305 -0.947 0.064 0.307 -0.95 0.017 0.315 -0.949 0.093 0.273 -0.957 0.274 0.179 -0.945 0.28 0.176 -0.944 0.258 0.204 -0.944 0.199 0.3 -0.933 0.14 0.394 -0.908 0.126 0.424 -0.897 0.126 0.418 -0.9 0.123 0.224 -0.967 0.126 0.139 -0.982 0.141 0.183 -0.973 0.156 0.216 -0.964 0.164 0.231 -0.959 0.149 0.214 -0.965 0.113 0.183 -0.977 0.062 0.153 -0.986 0.011 0.133 -0.991 -0.009 0.131 -0.991 -0.006 0.129 -0.992 0.005 0.124 -0.992 -0.156 -0.185 -0.97 -0.071 -0.273 -0.959 -0.073 -0.276 -0.959 -0.079 -0.281 -0.957 -0.096 -0.289 -0.953 -0.159 -0.298 -0.941 -0.21 -0.299 -0.931 -0.225 -0.297 -0.928 -0.207 -0.304 -0.93 -0.164 -0.326 -0.931 -0.116 -0.353 -0.929 -0.084 -0.375 -0.923 -0.148 -0.29 -0.945 -0.259 -0.136 -0.956 -0.263 -0.129 -0.956 -0.261 -0.135 -0.956 -0.26 -0.184 -0.948 -0.258 -0.233 -0.938 -0.259 -0.239 -0.936 -0.255 -0.233 -0.939 -0.156 -0.076 -0.985 -0.099 0.015 -0.995 -0.129 -0.01 -0.992 -0.175 -0.039 -0.984 -0.217 -0.063 -0.974 -0.233 -0.07 -0.97 -0.218 -0.068 -0.974 -0.167 -0.068 -0.984 -0.104 -0.077 -0.992 -0.086 -0.085 -0.993 -0.08 -0.089 -0.993 -0.078 -0.092 -0.993 -0.055 0.125 -0.991 -0.081 0.258 -0.963 -0.094 0.257 -0.962 -0.096 0.256 -0.962 -0.076 0.245 -0.966 -0.032 0.205 -0.978 0.007 0.154 -0.988 0.03 0.106 -0.994 0.038 0.08 -0.996 0.037 0.098 -0.995 0.035 0.136 -0.99 0.039 0.184 -0.982 0.002 0.101 -0.995 -0.072 -0.099 -0.992 -0.074 -0.106 -0.992 -0.049 -0.08 -0.996 0.045 -0.008 -0.999 0.14 0.062 -0.988 0.172 0.078 -0.982 0.165 0.078 -0.983 -0.048 0.064 -0.997 -0.139 0.051 -0.989 -0.091 0.041 -0.995 -0.055 0.029 -0.998 -0.038 0.023 -0.999 -0.06 0.038 -0.997 -0.1 0.074 -0.992 -0.139 0.125 -0.982 -0.166 0.178 -0.97 -0.171 0.2 -0.965 -0.173 0.198 -0.965 -0.176 0.186 -0.966 -0.075 0.028 -0.997 -0.165 -0.004 -0.986 -0.163 -0.007 -0.987 -0.163 -0.005 -0.987 -0.16 0.01 -0.987 -0.14 0.05 -0.989 -0.114 0.086 -0.99 -0.094 0.105 -0.99 -0.089 0.109 -0.99 -0.109 0.1 -0.989 -0.139 0.088 -0.986 -0.17 0.081 -0.982 -0.099 0.074 -0.992 0.048 0.066 -0.997 0.055 0.066 -0.996 0.039 0.073 -0.997 -0.013 0.111 -0.994 -0.064 0.15 -0.987 -0.076 0.162 -0.984 -0.074 0.156 -0.985 -0.023 0.018 -1 0.005 -0.048 -0.999 0.002 -0.016 -1 0.005 0.016 -1 0.007 0.038 -0.999 0.005 0.032 -0.999 -0.008 0.007 -1 -0.034 -0.028 -0.999 -0.066 -0.059 -0.996 -0.08 -0.067 -0.995 -0.082 -0.068 -0.994 -0.078 -0.068 -0.995 -0.154 0.167 -0.974 -0.074 0.071 -0.995 -0.066 0.076 -0.995 -0.066 0.078 -0.995 -0.086 0.078 -0.993 -0.14 0.09 -0.986 -0.194 0.112 -0.975 -0.231 0.137 -0.963 -0.247 0.15 -0.957 -0.237 0.136 -0.962 -0.217 0.106 -0.97 -0.198 0.067 -0.978 -0.208 0.151 -0.966 -0.234 0.335 -0.913 -0.236 0.342 -0.91 -0.244 0.313 -0.918 -0.285 0.22 -0.933 -0.326 0.126 -0.937 -0.342 0.1 -0.934 -0.336 0.103 -0.936 -0.18 0.215 -0.96 -0.111 0.266 -0.958 -0.153 0.252 -0.955 -0.189 0.246 -0.951 -0.206 0.242 -0.948 -0.186 0.241 -0.953 -0.141 0.232 -0.962 -0.088 0.21 -0.974 -0.041 0.18 -0.983 -0.027 0.165 -0.986 -0.026 0.166 -0.986 -0.028 0.176 -0.984 0.124 -0.306 -0.944 -0.001 -0.219 -0.976 -0.017 -0.232 -0.973 -0.022 -0.236 -0.971 0.002 -0.233 -0.972 0.067 -0.238 -0.969 0.14 -0.254 -0.957 0.202 -0.28 -0.938 0.236 -0.299 -0.925 0.228 -0.29 -0.929 0.201 -0.262 -0.944 0.166 -0.215 -0.962 0.19 -0.306 -0.933 0.261 -0.516 -0.816 0.263 -0.521 -0.812 0.271 -0.478 -0.835 0.311 -0.339 -0.888 0.349 -0.192 -0.917 0.366 -0.145 -0.919 0.36 -0.15 -0.921 0.183 -0.33 -0.926 0.116 -0.4 -0.909 0.171 -0.373 -0.912 0.209 -0.358 -0.91 0.221 -0.352 -0.909 0.181 -0.358 -0.916 0.112 -0.358 -0.927 0.039 -0.342 -0.939 -0.02 -0.317 -0.948 -0.04 -0.303 -0.952 -0.037 -0.31 -0.95 -0.03 -0.328 -0.944 -0.27 -0.071 -0.96 -0.275 -0.238 -0.932 -0.267 -0.238 -0.934 -0.269 -0.237 -0.934 -0.291 -0.221 -0.931 -0.348 -0.158 -0.924 -0.389 -0.092 -0.916 -0.406 -0.049 -0.913 -0.408 -0.045 -0.912 -0.405 -0.091 -0.91 -0.401 -0.157 -0.903 -0.403 -0.219 -0.889 -0.356 -0.1 -0.929 -0.249 0.157 -0.956 -0.246 0.166 -0.955 -0.268 0.145 -0.952 -0.363 0.082 -0.928 -0.453 0.02 -0.891 -0.478 0.008 -0.878 -0.469 0.007 -0.883 -0.208 0 -0.978 -0.075 0.003 -0.997 -0.135 0.023 -0.991 -0.194 0.051 -0.98 -0.234 0.073 -0.97 -0.231 0.07 -0.97 -0.201 0.036 -0.979 -0.158 -0.03 -0.987 -0.122 -0.107 -0.987 -0.116 -0.134 -0.984 -0.116 -0.136 -0.984 -0.113 -0.128 -0.985 0.232 -0.197 -0.952 0.346 -0.098 -0.933 0.341 -0.092 -0.936 0.341 -0.094 -0.935 0.346 -0.116 -0.931 0.343 -0.191 -0.919 0.33 -0.259 -0.908 0.314 -0.296 -0.902 0.314 -0.298 -0.901 0.344 -0.264 -0.901 0.385 -0.218 -0.897 0.427 -0.18 -0.886 0.312 -0.231 -0.922 0.066 -0.33 -0.942 0.059 -0.333 -0.941 0.089 -0.334 -0.938 0.198 -0.351 -0.915 0.303 -0.367 -0.88 0.329 -0.374 -0.867 0.324 -0.369 -0.871 0.142 -0.204 -0.969 0.043 -0.119 -0.992 0.073 -0.17 -0.983 0.096 -0.225 -0.97 0.111 -0.267 -0.957 0.112 -0.265 -0.958 0.112 -0.226 -0.968 0.126 -0.158 -0.979 0.152 -0.086 -0.985 0.165 -0.066 -0.984 0.165 -0.065 -0.984 0.158 -0.068 -0.985 -0.06 0.032 -0.998 -0.221 -0.021 -0.975 -0.22 -0.024 -0.975 -0.219 -0.018 -0.975 -0.213 0.01 -0.977 -0.175 0.084 -0.981 -0.13 0.146 -0.981 -0.1 0.175 -0.98 -0.1 0.176 -0.979 -0.14 0.157 -0.978 -0.197 0.131 -0.972 -0.249 0.116 -0.962 -0.126 0.111 -0.986 0.127 0.107 -0.986 0.138 0.106 -0.985 0.118 0.116 -0.986 0.041 0.171 -0.984 -0.034 0.226 -0.973 -0.05 0.242 -0.969 -0.046 0.231 -0.972 0.037 -0.006 -0.999 0.081 -0.123 -0.989 0.079 -0.068 -0.995 0.085 -0.005 -0.996 0.091 0.039 -0.995 0.089 0.038 -0.995 0.071 0.001 -0.997 0.027 -0.061 -0.998 -0.032 -0.121 -0.992 -0.056 -0.136 -0.989 -0.061 -0.139 -0.988 -0.058 -0.139 -0.989 -0.178 -0.122 -0.976 -0.044 -0.186 -0.981 -0.033 -0.174 -0.984 -0.03 -0.169 -0.985 -0.053 -0.177 -0.983 -0.114 -0.182 -0.977 -0.184 -0.174 -0.967 -0.245 -0.155 -0.957 -0.28 -0.138 -0.95 -0.272 -0.146 -0.951 -0.245 -0.169 -0.955 -0.207 -0.208 -0.956 -0.244 -0.126 -0.962 -0.341 0.076 -0.937 -0.345 0.082 -0.935 -0.344 0.037 -0.938 -0.356 -0.101 -0.929 -0.366 -0.236 -0.9 -0.374 -0.278 -0.885 -0.369 -0.273 -0.889 -0.242 -0.104 -0.965 -0.193 -0.031 -0.981 -0.236 -0.062 -0.97 -0.267 -0.078 -0.961 -0.275 -0.083 -0.958 -0.239 -0.075 -0.968 -0.175 -0.069 -0.982 -0.106 -0.076 -0.991 -0.046 -0.093 -0.995 -0.025 -0.104 -0.994 -0.027 -0.099 -0.995 -0.035 -0.085 -0.996 -0.26 0.318 -0.912 -0.112 0.29 -0.95 -0.102 0.308 -0.946 -0.099 0.314 -0.944 -0.12 0.302 -0.946 -0.182 0.28 -0.943 -0.255 0.266 -0.93 -0.323 0.264 -0.909 -0.36 0.267 -0.894 -0.35 0.262 -0.899 -0.314 0.248 -0.916 -0.264 0.221 -0.939 -0.321 0.292 -0.901 -0.464 0.446 -0.765 -0.469 0.45 -0.76 -0.46 0.41 -0.788 -0.444 0.271 -0.854 -0.423 0.124 -0.898 -0.42 0.074 -0.904 -0.417 0.081 -0.905 -0.324 0.316 -0.892 -0.289 0.405 -0.868 -0.329 0.359 -0.874 -0.358 0.33 -0.873 -0.367 0.32 -0.873 -0.333 0.341 -0.879 -0.269 0.369 -0.89 -0.196 0.385 -0.902 -0.131 0.386 -0.913 -0.108 0.381 -0.918 -0.113 0.386 -0.916 -0.126 0.399 -0.908 0.196 0.258 -0.946 0.136 0.41 -0.902 0.128 0.408 -0.904 0.131 0.407 -0.904 0.157 0.402 -0.902 0.234 0.365 -0.901 0.299 0.319 -0.899 0.331 0.286 -0.899 0.334 0.283 -0.899 0.313 0.324 -0.893 0.284 0.383 -0.879 0.263 0.439 -0.859 0.265 0.315 -0.911 0.265 0.04 -0.963 0.265 0.03 -0.964 0.278 0.057 -0.959 0.341 0.15 -0.928 0.402 0.239 -0.884 0.42 0.259 -0.87 0.412 0.256 -0.874 0.165 0.169 -0.972 0.042 0.117 -0.992 0.106 0.122 -0.987 0.217 0.112 -0.97 0.214 0.114 -0.97 0.172 0.134 -0.976 0.107 0.179 -0.978 0.044 0.236 -0.971 0.028 0.258 -0.966 0.026 0.26 -0.965 0.027 0.252 -0.967 -0.318 0.177 -0.931 -0.384 0.039 -0.923 -0.377 0.037 -0.925 -0.378 0.038 -0.925 -0.391 0.056 -0.919 -0.418 0.125 -0.9 -0.431 0.192 -0.882 -0.431 0.232 -0.872 -0.431 0.233 -0.871 -0.446 0.19 -0.875 -0.466 0.132 -0.875 -0.49 0.078 -0.868 -0.404 0.174 -0.898 -0.216 0.363 -0.906 -0.21 0.368 -0.906 -0.238 0.358 -0.903 -0.345 0.329 -0.879 -0.447 0.299 -0.843 -0.474 0.294 -0.83 -0.468 0.292 -0.834 -0.238 0.22 -0.946 -0.114 0.183 -0.976 -0.161 0.217 -0.963 -0.203 0.258 -0.945 -0.233 0.289 -0.928 -0.233 0.287 -0.929 -0.219 0.252 -0.943 -0.206 0.184 -0.961 -0.201 0.109 -0.973 -0.206 0.086 -0.975 -0.206 0.084 -0.975 -0.2 0.09 -0.976 0.04 0.085 -0.996 0.169 0.193 -0.966 0.167 0.196 -0.966 0.169 0.191 -0.967 0.174 0.163 -0.971 0.167 0.079 -0.983 0.15 0.005 -0.989 0.133 -0.033 -0.991 0.134 -0.035 -0.99 0.163 -0.002 -0.987 0.206 0.044 -0.978 0.248 0.078 -0.966 0.132 0.036 -0.991 -0.103 -0.059 -0.993 -0.114 -0.063 -0.992 -0.092 -0.064 -0.994 0.001 -0.084 -0.996 0.093 -0.107 -0.99 0.113 -0.115 -0.987 0.105 -0.107 -0.989 -0.064 0.082 -0.995 -0.151 0.171 -0.974 -0.127 0.121 -0.984 -0.108 0.062 -0.992 -0.096 0.019 -0.995 -0.095 0.02 -0.995 -0.093 0.062 -0.994 -0.076 0.136 -0.988 -0.046 0.214 -0.976 -0.029 0.237 -0.971 -0.025 0.241 -0.97 -0.028 0.24 -0.97 0.09 0.271 -0.959 -0.06 0.278 -0.959 -0.065 0.262 -0.963 -0.066 0.257 -0.964 -0.047 0.272 -0.961 0.008 0.3 -0.954 0.075 0.32 -0.944 0.14 0.325 -0.935 0.178 0.323 -0.93 0.169 0.326 -0.93 0.134 0.337 -0.932 0.084 0.359 -0.93 0.149 0.299 -0.943 0.319 0.148 -0.936 0.325 0.143 -0.935 0.306 0.185 -0.934 0.264 0.316 -0.911 0.221 0.442 -0.869 0.213 0.481 -0.85 0.21 0.475 -0.854 0.156 0.277 -0.948 0.139 0.192 -0.971 0.167 0.237 -0.957 0.19 0.263 -0.946 0.195 0.271 -0.943 0.165 0.25 -0.954 0.108 0.221 -0.969 0.04 0.201 -0.979 -0.021 0.193 -0.981 -0.045 0.195 -0.98 -0.042 0.192 -0.981 -0.028 0.182 -0.983 -0.429 0.063 -0.901 -0.29 0.119 -0.95 -0.292 0.139 -0.946 -0.293 0.146 -0.945 -0.304 0.124 -0.945 -0.343 0.072 -0.936 -0.396 0.02 -0.918 -0.451 -0.018 -0.892 -0.484 -0.035 -0.874 -0.473 -0.034 -0.881 -0.436 -0.027 -0.9 -0.379 -0.024 -0.925 -0.465 0.007 -0.885 -0.665 0.067 -0.744 -0.671 0.068 -0.739 -0.642 0.037 -0.766 -0.555 -0.075 -0.828 -0.457 -0.19 -0.869 -0.427 -0.231 -0.874 -0.429 -0.224 -0.875 -0.481 0.027 -0.876 -0.5 0.122 -0.858 -0.508 0.061 -0.859 -0.516 0.02 -0.856 -0.518 0.007 -0.855 -0.502 0.044 -0.864 -0.464 0.102 -0.88 -0.411 0.154 -0.898 -0.358 0.19 -0.914 -0.336 0.199 -0.921 -0.343 0.2 -0.918 -0.361 0.204 -0.91 -0.014 0.262 -0.965 -0.147 0.36 -0.921 -0.152 0.353 -0.923 -0.15 0.354 -0.923 -0.124 0.364 -0.923 -0.039 0.376 -0.926 0.041 0.373 -0.927 0.087 0.363 -0.928 0.091 0.363 -0.927 0.05 0.386 -0.921 -0.006 0.42 -0.908 -0.054 0.457 -0.888 0.014 0.35 -0.936 0.166 0.115 -0.979 0.171 0.107 -0.979 0.167 0.138 -0.976 0.17 0.253 -0.952 0.173 0.364 -0.915 0.178 0.392 -0.903 0.172 0.385 -0.907 0.01 0.169 -0.986 -0.066 0.055 -0.996 -0.015 0.095 -0.995 0.044 0.128 -0.991 0.085 0.149 -0.985 0.081 0.149 -0.985 0.035 0.142 -0.989 -0.045 0.144 -0.989 -0.13 0.157 -0.979 -0.155 0.167 -0.974 -0.158 0.168 -0.973 -0.153 0.162 -0.975 -0.4 -0.09 -0.912 -0.378 -0.242 -0.894 -0.371 -0.24 -0.897 -0.373 -0.239 -0.897 -0.393 -0.231 -0.89 -0.454 -0.186 -0.871 -0.501 -0.136 -0.854 -0.522 -0.102 -0.847 -0.524 -0.101 -0.846 -0.512 -0.146 -0.847 -0.497 -0.206 -0.843 -0.487 -0.263 -0.833 -0.469 -0.138 -0.873 -0.416 0.125 -0.901 -0.415 0.133 -0.9 -0.432 0.108 -0.895 -0.505 0.026 -0.863 -0.572 -0.053 -0.818 -0.592 -0.071 -0.803 -0.586 -0.07 -0.808 -0.358 -0.01 -0.934 -0.234 0.025 -0.972 -0.291 0.028 -0.956 -0.349 0.041 -0.936 -0.391 0.052 -0.919 -0.39 0.05 -0.919 -0.358 0.027 -0.933 -0.311 -0.023 -0.95 -0.266 -0.086 -0.96 -0.256 -0.107 -0.961 -0.255 -0.109 -0.961 -0.254 -0.101 -0.962 -0.05 0.027 -0.998 -0.001 0.192 -0.981 -0.004 0.193 -0.981 0.001 0.189 -0.982 0.02 0.168 -0.986 0.061 0.093 -0.994 0.087 0.021 -0.996 0.095 -0.021 -0.995 0.096 -0.022 -0.995 0.102 0.023 -0.995 0.114 0.085 -0.99 0.13 0.138 -0.982 0.055 0.037 -0.998 -0.09 -0.173 -0.981 -0.097 -0.183 -0.978 -0.078 -0.172 -0.982 0.011 -0.138 -0.99 0.102 -0.105 -0.989 0.123 -0.101 -0.987 0.112 -0.098 -0.989 -0.136 -0.034 -0.99 -0.257 -0.005 -0.966 -0.211 -0.035 -0.977 -0.162 -0.075 -0.984 -0.128 -0.105 -0.986 -0.128 -0.103 -0.986 -0.149 -0.067 -0.987 -0.176 0.006 -0.984 -0.193 0.089 -0.977 -0.192 0.118 -0.974 -0.191 0.124 -0.974 -0.193 0.121 -0.974 -0.11 0.213 -0.971 -0.24 0.136 -0.961 -0.235 0.12 -0.965 -0.233 0.115 -0.966 -0.226 0.138 -0.964 -0.196 0.193 -0.962 -0.149 0.247 -0.957 -0.097 0.288 -0.953 -0.063 0.308 -0.949 -0.074 0.306 -0.949 -0.109 0.295 -0.949 -0.163 0.286 -0.944 -0.075 0.27 -0.96 0.152 0.238 -0.959 0.159 0.238 -0.958 0.121 0.262 -0.957 0.013 0.351 -0.936 -0.091 0.435 -0.896 -0.12 0.465 -0.877 -0.119 0.458 -0.881 -0.057 0.256 -0.965 -0.025 0.174 -0.984 -0.026 0.227 -0.973 -0.021 0.263 -0.965 -0.021 0.273 -0.962 -0.035 0.238 -0.971 -0.114 0.126 -0.985 -0.161 0.085 -0.983 -0.183 0.073 -0.98 -0.178 0.072 -0.981 -0.161 0.071 -0.984 -0.011 0.402 0.915 -0.038 0.261 0.965 -0.028 0.259 0.966 -0.028 0.26 0.965 -0.045 0.277 0.96 -0.081 0.332 0.94 -0.106 0.392 0.914 -0.114 0.439 0.891 -0.115 0.457 0.882 -0.121 0.432 0.894 -0.132 0.39 0.911 -0.15 0.343 0.927 -0.08 0.425 0.902 0.064 0.588 0.806 0.068 0.594 0.802 0.038 0.581 0.813 -0.073 0.544 0.836 -0.184 0.502 0.845 -0.217 0.493 0.843 -0.209 0.492 0.845 0.023 0.461 0.887 0.132 0.443 0.887 0.085 0.467 0.88 0.046 0.492 0.87 0.024 0.506 0.862 0.037 0.492 0.87 0.065 0.453 0.889 0.09 0.392 0.915 0.102 0.329 0.939 0.101 0.306 0.947 0.102 0.305 0.947 0.108 0.312 0.944 0.071 0.097 0.993 0.169 0.152 0.974 0.164 0.164 0.973 0.163 0.168 0.972 0.159 0.151 0.976 0.138 0.108 0.985 0.106 0.064 0.992 0.071 0.032 0.997 0.05 0.017 0.999 0.062 0.021 0.998 0.092 0.032 0.995 0.134 0.042 0.99 0.06 0.052 0.997 -0.125 0.06 0.99 -0.131 0.06 0.99 -0.101 0.045 0.994 -0.012 -0.018 1 0.075 -0.083 0.994 0.099 -0.107 0.989 0.097 -0.101 0.99 0.032 0.072 0.997 0 0.14 0.99 0.004 0.096 0.995 0.002 0.064 0.998 0.002 0.052 0.999 0.009 0.076 0.997 0.03 0.12 0.992 0.061 0.163 0.985 0.096 0.197 0.976 0.11 0.206 0.972 0.107 0.206 0.973 0.094 0.206 0.974 0.001 -0.026 1 -0.091 0.018 0.996 -0.091 0.019 0.996 -0.087 0.024 0.996 -0.075 0.035 0.997 -0.029 0.059 0.998 0.013 0.073 0.997 0.03 0.076 0.997 0.02 0.077 0.997 -0.013 0.082 0.997 -0.054 0.091 0.994 -0.084 0.102 0.991 -0.02 0.052 0.998 0.102 -0.039 0.994 0.107 -0.043 0.993 0.104 -0.037 0.994 0.09 0.004 0.996 0.076 0.046 0.996 0.075 0.053 0.996 0.074 0.045 0.996 0.031 -0.1 0.995 0.009 -0.178 0.984 0.027 -0.152 0.988 0.054 -0.121 0.991 0.078 -0.096 0.992 0.085 -0.09 0.992 0.07 -0.098 0.993 0.028 -0.111 0.993 -0.023 -0.12 0.993 -0.04 -0.118 0.992 -0.045 -0.116 0.992 -0.047 -0.116 0.992 -0.05 0.326 0.944 0.01 0.202 0.979 0.012 0.202 0.979 0.005 0.201 0.98 -0.018 0.201 0.979 -0.086 0.218 0.972 -0.143 0.241 0.96 -0.168 0.256 0.952 -0.165 0.252 0.953 -0.139 0.22 0.965 -0.108 0.177 0.978 -0.087 0.137 0.987 -0.104 0.246 0.964 -0.14 0.445 0.884 -0.142 0.453 0.88 -0.146 0.439 0.887 -0.176 0.374 0.91 -0.207 0.308 0.929 -0.216 0.294 0.931 -0.208 0.3 0.931 -0.026 0.415 0.91 0.069 0.47 0.88 0.025 0.46 0.888 -0.03 0.454 0.891 -0.073 0.449 0.89 -0.078 0.449 0.89 -0.048 0.443 0.895 0.009 0.42 0.908 0.068 0.384 0.921 0.083 0.367 0.926 0.086 0.362 0.928 0.086 0.363 0.928 -0.293 0.188 0.938 -0.211 0.067 0.975 -0.203 0.072 0.977 -0.204 0.073 0.976 -0.228 0.073 0.971 -0.291 0.089 0.952 -0.352 0.115 0.929 -0.391 0.144 0.909 -0.404 0.156 0.901 -0.39 0.134 0.911 -0.368 0.096 0.925 -0.348 0.049 0.936 -0.357 0.157 0.921 -0.372 0.381 0.847 -0.372 0.389 0.843 -0.384 0.357 0.851 -0.436 0.251 0.864 -0.484 0.143 0.863 -0.501 0.114 0.858 -0.494 0.118 0.861 -0.31 0.256 0.915 -0.221 0.32 0.921 -0.271 0.304 0.913 -0.315 0.295 0.902 -0.341 0.291 0.894 -0.323 0.289 0.901 -0.275 0.28 0.92 -0.215 0.252 0.943 -0.161 0.215 0.963 -0.146 0.197 0.97 -0.145 0.197 0.97 -0.146 0.207 0.967 -0.019 0.027 0.999 0.01 0.135 0.991 -0.002 0.141 0.99 -0.005 0.142 0.99 0.004 0.127 0.992 0.02 0.082 0.996 0.028 0.028 0.999 0.026 -0.02 0.999 0.022 -0.045 0.999 0.028 -0.033 0.999 0.041 -0.004 0.999 0.063 0.033 0.997 0.005 -0.013 1 -0.131 -0.137 0.982 -0.135 -0.141 0.981 -0.103 -0.131 0.986 0.003 -0.112 0.994 0.11 -0.096 0.989 0.144 -0.096 0.985 0.139 -0.093 0.986 -0.03 -0.019 0.999 -0.1 0.007 0.995 -0.066 -0.021 0.998 -0.045 -0.045 0.998 -0.036 -0.054 0.998 -0.048 -0.032 0.998 -0.065 0.013 0.998 -0.073 0.067 0.995 -0.073 0.115 0.991 -0.069 0.132 0.989 -0.072 0.129 0.989 -0.081 0.12 0.989 0.018 -0.108 0.994 -0.077 -0.143 0.987 -0.078 -0.141 0.987 -0.079 -0.135 0.988 -0.078 -0.119 0.99 -0.062 -0.071 0.996 -0.044 -0.032 0.999 -0.034 -0.017 0.999 -0.041 -0.023 0.999 -0.068 -0.043 0.997 -0.103 -0.066 0.992 -0.131 -0.079 0.988 -0.051 -0.069 0.996 0.098 -0.047 0.994 0.105 -0.046 0.993 0.098 -0.044 0.994 0.059 -0.025 0.998 0.02 -0.006 1 0.015 -0.002 1 0.019 -0.008 1 0.091 -0.139 0.986 0.132 -0.208 0.969 0.125 -0.178 0.976 0.122 -0.137 0.983 0.121 -0.103 0.987 0.122 -0.094 0.988 0.117 -0.11 0.987 0.097 -0.149 0.984 0.068 -0.191 0.979 0.055 -0.201 0.978 0.049 -0.204 0.978 0.048 -0.204 0.978 -0.266 0.105 0.958 -0.136 0.058 0.989 -0.135 0.059 0.989 -0.139 0.054 0.989 -0.155 0.038 0.987 -0.215 0.003 0.977 -0.27 -0.02 0.963 -0.299 -0.027 0.954 -0.294 -0.027 0.955 -0.254 -0.033 0.967 -0.201 -0.042 0.979 -0.158 -0.056 0.986 -0.247 0.01 0.969 -0.413 0.13 0.901 -0.42 0.136 0.897 -0.413 0.122 0.903 -0.388 0.053 0.92 -0.363 -0.016 0.932 -0.359 -0.032 0.933 -0.358 -0.023 0.933 -0.311 0.187 0.932 -0.284 0.295 0.912 -0.308 0.256 0.916 -0.342 0.213 0.915 -0.369 0.18 0.912 -0.372 0.176 0.911 -0.347 0.192 0.918 -0.291 0.215 0.932 -0.224 0.23 0.947 -0.202 0.229 0.952 -0.196 0.228 0.954 -0.197 0.229 0.953 -0.075 -0.104 -0.992 -0.07 -0.088 -0.994 -0.047 -0.113 -0.993 -0.066 -0.095 -0.993 -0.055 -0.105 -0.993 -0.039 -0.109 -0.993 -0.024 -0.108 -0.994 -0.012 -0.102 -0.995 -0.009 -0.1 -0.995 -0.016 -0.123 -0.992 -0.023 -0.145 -0.989 -0.024 -0.141 -0.99 -0.031 -0.13 -0.991 -0.043 -0.12 -0.992 -0.058 -0.115 -0.992 -0.073 -0.116 -0.991 -0.08 -0.12 -0.99 -0.14 -0.083 -0.987 -0.146 -0.098 -0.984 -0.168 -0.073 -0.983 -0.15 -0.092 -0.985 -0.16 -0.082 -0.984 -0.176 -0.077 -0.981 -0.191 -0.078 -0.978 -0.203 -0.083 -0.976 -0.206 -0.085 -0.975 -0.199 -0.063 -0.978 -0.192 -0.041 -0.981 -0.19 -0.044 -0.981 -0.184 -0.056 -0.981 -0.172 -0.066 -0.983 -0.157 -0.071 -0.985 -0.143 -0.07 -0.987 -0.136 -0.066 -0.988 0.021 -0.034 -0.999 0.014 -0.019 -1 0.047 -0.021 -0.999 0.022 -0.021 -1 0.036 -0.02 -0.999 0.05 -0.013 -0.999 0.06 -0.001 -0.998 0.065 0.011 -0.998 0.065 0.015 -0.998 0.076 -0.005 -0.997 0.087 -0.026 -0.996 0.083 -0.025 -0.996 0.071 -0.021 -0.997 0.055 -0.023 -0.998 0.041 -0.03 -0.999 0.032 -0.041 -0.999 0.03 -0.049 -0.998 -0.039 -0.066 -0.997 -0.032 -0.081 -0.996 -0.065 -0.079 -0.995 -0.039 -0.079 -0.996 -0.054 -0.079 -0.995 -0.068 -0.087 -0.994 -0.078 -0.099 -0.992 -0.082 -0.111 -0.99 -0.083 -0.115 -0.99 -0.094 -0.094 -0.991 -0.105 -0.073 -0.992 -0.101 -0.075 -0.992 -0.089 -0.078 -0.993 -0.073 -0.077 -0.994 -0.059 -0.07 -0.996 -0.05 -0.058 -0.997 -0.047 -0.051 -0.998 0.156 0.024 -0.987 0.16 0.007 -0.987 0.127 0.016 -0.992 0.153 0.011 -0.988 0.139 0.013 -0.99 0.122 0.009 -0.992 0.109 -0.001 -0.994 0.102 -0.013 -0.995 0.101 -0.016 -0.995 0.094 0.007 -0.996 0.088 0.031 -0.996 0.091 0.029 -0.995 0.103 0.022 -0.994 0.119 0.02 -0.993 0.136 0.024 -0.99 0.147 0.034 -0.989 0.151 0.041 -0.988 0.147 0.021 -0.989 0.143 0.039 -0.989 0.176 0.029 -0.984 0.15 0.035 -0.988 0.164 0.032 -0.986 0.181 0.037 -0.983 0.193 0.047 -0.98 0.2 0.058 -0.978 0.202 0.062 -0.977 0.208 0.038 -0.977 0.214 0.014 -0.977 0.211 0.017 -0.977 0.199 0.023 -0.98 0.184 0.026 -0.983 0.167 0.021 -0.986 0.156 0.012 -0.988 0.152 0.005 -0.988 -0.018 -0.009 -1 -0.01 -0.025 -1 -0.045 -0.025 -0.999 -0.018 -0.023 -1 -0.033 -0.025 -0.999 -0.048 -0.033 -0.998 -0.058 -0.047 -0.997 -0.062 -0.06 -0.996 -0.062 -0.064 -0.996 -0.075 -0.042 -0.996 -0.088 -0.021 -0.996 -0.084 -0.022 -0.996 -0.07 -0.025 -0.997 -0.054 -0.023 -0.998 -0.039 -0.015 -0.999 -0.03 -0.002 -1 -0.028 0.006 -1 0.019 0.012 -1 0.01 0.028 -1 0.046 0.028 -0.999 0.018 0.026 -0.999 0.034 0.028 -0.999 0.049 0.036 -0.998 0.059 0.05 -0.997 0.062 0.063 -0.996 0.063 0.067 -0.996 0.076 0.045 -0.996 0.088 0.024 -0.996 0.084 0.025 -0.996 0.071 0.028 -0.997 0.054 0.026 -0.998 0.04 0.018 -0.999 0.031 0.005 -1 0.028 -0.003 -1 -0.015 0.106 -0.994 -0.029 0.117 -0.993 0.004 0.131 -0.991 -0.021 0.119 -0.993 -0.007 0.126 -0.992 0.004 0.14 -0.99 0.008 0.156 -0.988 0.006 0.169 -0.986 0.005 0.173 -0.985 0.025 0.158 -0.987 0.045 0.143 -0.989 0.041 0.143 -0.989 0.027 0.141 -0.99 0.013 0.133 -0.991 0.002 0.119 -0.993 -0.001 0.104 -0.995 0 0.096 -0.995 -0.04 0.072 -0.997 -0.027 0.061 -0.998 -0.059 0.047 -0.997 -0.035 0.059 -0.998 -0.048 0.052 -0.997 -0.059 0.038 -0.998 -0.063 0.022 -0.998 -0.061 0.008 -0.998 -0.06 0.004 -0.998 -0.08 0.019 -0.997 -0.1 0.034 -0.994 -0.096 0.034 -0.995 -0.082 0.036 -0.996 -0.068 0.045 -0.997 -0.057 0.059 -0.997 -0.054 0.074 -0.996 -0.055 0.082 -0.995 -0.108 0.014 -0.994 -0.126 0.016 -0.992 -0.106 0.046 -0.993 -0.119 0.022 -0.993 -0.112 0.035 -0.993 -0.111 0.053 -0.992 -0.116 0.069 -0.991 -0.125 0.08 -0.989 -0.128 0.082 -0.988 -0.103 0.081 -0.991 -0.078 0.079 -0.994 -0.081 0.077 -0.994 -0.092 0.067 -0.994 -0.099 0.052 -0.994 -0.101 0.035 -0.994 -0.095 0.02 -0.995 -0.09 0.014 -0.996 -0.11 -0.029 -0.993 -0.092 -0.031 -0.995 -0.112 -0.061 -0.992 -0.099 -0.037 -0.994 -0.106 -0.05 -0.993 -0.107 -0.068 -0.992 -0.101 -0.084 -0.991 -0.092 -0.095 -0.991 -0.089 -0.097 -0.991 -0.114 -0.096 -0.989 -0.139 -0.094 -0.986 -0.136 -0.092 -0.986 -0.126 -0.082 -0.989 -0.119 -0.067 -0.991 -0.117 -0.05 -0.992 -0.123 -0.035 -0.992 -0.128 -0.029 -0.991 0.094 -0.119 -0.988 0.079 -0.127 -0.989 0.08 -0.093 -0.992 0.081 -0.119 -0.99 0.08 -0.105 -0.991 0.072 -0.091 -0.993 0.06 -0.081 -0.995 0.047 -0.077 -0.996 0.043 -0.076 -0.996 0.064 -0.064 -0.996 0.085 -0.053 -0.995 0.084 -0.057 -0.995 0.08 -0.069 -0.994 0.082 -0.085 -0.993 0.09 -0.1 -0.991 0.101 -0.108 -0.989 0.109 -0.111 -0.988 0.09 -0.111 -0.99 0.105 -0.103 -0.989 0.104 -0.137 -0.985 0.103 -0.11 -0.989 0.104 -0.125 -0.987 0.111 -0.139 -0.984 0.124 -0.149 -0.981 0.136 -0.153 -0.979 0.14 -0.154 -0.978 0.119 -0.165 -0.979 0.098 -0.177 -0.979 0.1 -0.173 -0.98 0.103 -0.16 -0.982 0.102 -0.145 -0.984 0.094 -0.13 -0.987 0.082 -0.122 -0.989 0.075 -0.119 -0.99 0.106 0.117 -0.987 0.11 0.101 -0.989 0.078 0.109 -0.991 0.104 0.104 -0.989 0.089 0.107 -0.99 0.073 0.102 -0.992 0.061 0.093 -0.994 0.054 0.082 -0.995 0.053 0.078 -0.996 0.047 0.101 -0.994 0.04 0.123 -0.992 0.043 0.121 -0.992 0.055 0.115 -0.992 0.071 0.113 -0.991 0.086 0.117 -0.989 0.097 0.126 -0.987 0.101 0.133 -0.986 0.097 0.114 -0.989 0.093 0.131 -0.987 0.125 0.122 -0.985 0.1 0.127 -0.987 0.114 0.125 -0.986 0.13 0.129 -0.983 0.142 0.138 -0.98 0.148 0.149 -0.978 0.15 0.153 -0.977 0.156 0.13 -0.979 0.163 0.108 -0.981 0.16 0.11 -0.981 0.148 0.116 -0.982 0.133 0.118 -0.984 0.117 0.114 -0.987 0.106 0.105 -0.989 0.102 0.098 -0.99 -0.093 0.159 0.983 0.048 0.165 0.985 0.048 0.174 0.984 0.047 0.174 0.984 0.034 0.155 0.987 -0.015 0.108 0.994 -0.069 0.07 0.995 -0.109 0.051 0.993 -0.119 0.047 0.992 -0.088 0.05 0.995 -0.037 0.055 0.998 0.015 0.052 0.999 -0.081 0.091 0.993 -0.291 0.164 0.943 -0.299 0.166 0.94 -0.28 0.146 0.949 -0.22 0.065 0.973 -0.16 -0.019 0.987 -0.147 -0.045 0.988 -0.147 -0.037 0.988 -0.152 0.191 0.97 -0.157 0.291 0.944 -0.173 0.242 0.955 -0.193 0.196 0.961 -0.206 0.168 0.964 -0.199 0.176 0.964 -0.169 0.209 0.963 -0.115 0.247 0.962 -0.054 0.278 0.959 -0.032 0.283 0.959 -0.031 0.284 0.958 -0.04 0.286 0.957 0.086 0.1 0.991 -0.037 0.18 0.983 -0.049 0.169 0.984 -0.052 0.165 0.985 -0.029 0.17 0.985 0.035 0.17 0.985 0.104 0.158 0.982 0.162 0.136 0.977 0.19 0.12 0.974 0.179 0.131 0.975 0.149 0.159 0.976 0.112 0.202 0.973 0.145 0.114 0.983 0.236 -0.101 0.967 0.239 -0.108 0.965 0.241 -0.065 0.968 0.263 0.068 0.962 0.285 0.198 0.938 0.297 0.237 0.925 0.291 0.232 0.928 0.137 0.067 0.988 0.078 -0.005 0.997 0.126 0.023 0.992 0.164 0.039 0.986 0.178 0.045 0.983 0.146 0.04 0.988 0.084 0.039 0.996 0.015 0.051 0.999 -0.045 0.072 0.996 -0.065 0.084 0.994 -0.064 0.079 0.995 -0.056 0.065 0.996 0.107 0.171 0.98 0.112 0.068 0.991 0.114 0.068 0.991 0.11 0.069 0.992 0.095 0.075 0.993 0.054 0.105 0.993 0.022 0.137 0.99 0.009 0.156 0.988 0.009 0.154 0.988 0.017 0.124 0.992 0.024 0.085 0.996 0.027 0.051 0.998 0.048 0.133 0.99 0.083 0.288 0.954 0.084 0.294 0.952 0.076 0.284 0.956 0.034 0.243 0.969 -0.009 0.202 0.979 -0.02 0.194 0.981 -0.014 0.195 0.981 0.145 0.227 0.963 0.226 0.244 0.943 0.193 0.248 0.949 0.155 0.257 0.954 0.125 0.266 0.956 0.123 0.266 0.956 0.142 0.253 0.957 0.174 0.22 0.96 0.202 0.179 0.963 0.208 0.163 0.964 0.208 0.16 0.965 0.209 0.161 0.965 -0.139 0.113 0.984 -0.106 0.188 0.976 -0.113 0.192 0.975 -0.115 0.192 0.975 -0.109 0.182 0.977 -0.099 0.146 0.984 -0.094 0.107 0.99 -0.097 0.076 0.992 -0.099 0.063 0.993 -0.093 0.077 0.993 -0.081 0.102 0.992 -0.062 0.13 0.99 -0.112 0.092 0.989 -0.22 -0.002 0.975 -0.223 -0.005 0.975 -0.201 0.002 0.98 -0.126 0.013 0.992 -0.051 0.022 0.998 -0.027 0.021 0.999 -0.031 0.024 0.999 -0.16 0.086 0.983 -0.216 0.109 0.97 -0.192 0.087 0.978 -0.175 0.066 0.982 -0.165 0.054 0.985 -0.171 0.066 0.983 -0.18 0.095 0.979 -0.185 0.135 0.974 -0.183 0.172 0.968 -0.179 0.184 0.966 -0.181 0.183 0.966 -0.187 0.177 0.966 -0.023 0.336 0.942 -0.123 0.296 0.947 -0.12 0.283 0.952 -0.119 0.278 0.953 -0.113 0.293 0.949 -0.087 0.33 0.94 -0.05 0.367 0.929 -0.012 0.392 0.92 0.01 0.403 0.915 -0.002 0.4 0.916 -0.034 0.393 0.919 -0.079 0.387 0.919 -0.009 0.372 0.928 0.174 0.337 0.925 0.18 0.336 0.925 0.152 0.356 0.922 0.073 0.427 0.901 -0.005 0.496 0.869 -0.025 0.519 0.854 -0.024 0.514 0.857 0.015 0.35 0.936 0.036 0.285 0.958 0.039 0.327 0.944 0.046 0.357 0.933 0.048 0.369 0.928 0.037 0.348 0.937 0.012 0.311 0.95 -0.025 0.274 0.961 -0.062 0.247 0.967 -0.076 0.24 0.968 -0.072 0.239 0.968 -0.058 0.238 0.97 -0.215 -0.056 0.975 -0.133 -0.088 0.987 -0.128 -0.077 0.989 -0.126 -0.073 0.989 -0.137 -0.08 0.987 -0.173 -0.091 0.981 -0.215 -0.096 0.972 -0.253 -0.092 0.963 -0.272 -0.088 0.958 -0.261 -0.094 0.961 -0.237 -0.107 0.966 -0.206 -0.129 0.97 -0.244 -0.074 0.967 -0.341 0.053 0.939 -0.344 0.056 0.937 -0.336 0.026 0.941 -0.325 -0.069 0.943 -0.313 -0.164 0.936 -0.312 -0.194 0.93 -0.31 -0.191 0.931 -0.248 -0.045 0.968 -0.225 0.017 0.974 -0.249 -0.012 0.968 -0.269 -0.03 0.963 -0.278 -0.038 0.96 -0.261 -0.029 0.965 -0.225 -0.017 0.974 -0.183 -0.012 0.983 -0.145 -0.015 0.989 -0.133 -0.018 0.991 -0.135 -0.015 0.991 -0.143 -0.006 0.99 0.053 0.068 0.996 0.074 0.183 0.98 0.066 0.186 0.98 0.065 0.185 0.981 0.078 0.17 0.982 0.104 0.124 0.987 0.121 0.073 0.99 0.127 0.031 0.991 0.127 0.014 0.992 0.131 0.033 0.991 0.14 0.067 0.988 0.155 0.105 0.982 0.102 0.044 0.994 -0.011 -0.098 0.995 -0.015 -0.103 0.995 0.009 -0.091 0.996 0.096 -0.061 0.994 0.183 -0.033 0.982 0.21 -0.028 0.977 0.203 -0.026 0.979 0.029 0.02 0.999 -0.051 0.036 0.998 -0.016 0.015 1 0.012 -0.007 1 0.027 -0.019 0.999 0.017 -0.005 1 -0.004 0.031 1 -0.021 0.083 0.996 -0.029 0.135 0.99 -0.027 0.154 0.988 -0.028 0.154 0.988 -0.033 0.148 0.988 -0.065 0.03 0.997 -0.155 0.037 0.987 -0.155 0.034 0.987 -0.154 0.037 0.987 -0.146 0.049 0.988 -0.114 0.077 0.991 -0.079 0.099 0.992 -0.056 0.108 0.993 -0.053 0.11 0.993 -0.076 0.109 0.991 -0.107 0.109 0.988 -0.137 0.113 0.984 -0.076 0.082 0.994 0.051 0.024 0.998 0.056 0.021 0.998 0.047 0.032 0.998 0.016 0.08 0.997 -0.014 0.129 0.992 -0.019 0.142 0.99 -0.019 0.136 0.99 -0.023 -0.002 1 -0.022 -0.071 0.997 -0.013 -0.043 0.999 0.001 -0.014 1 0.011 0.005 1 0.009 0.003 1 -0.009 -0.013 1 -0.044 -0.035 0.998 -0.084 -0.051 0.995 -0.098 -0.053 0.994 -0.101 -0.053 0.993 -0.098 -0.054 0.994 0.1 0.186 0.977 0.065 0.052 0.997 0.073 0.049 0.996 0.073 0.05 0.996 0.059 0.068 0.996 0.028 0.128 0.991 0.008 0.19 0.982 0.001 0.233 0.973 0.001 0.243 0.97 -0.005 0.213 0.977 -0.016 0.165 0.986 -0.034 0.116 0.993 0.032 0.195 0.98 0.166 0.366 0.916 0.17 0.372 0.912 0.146 0.361 0.921 0.049 0.331 0.943 -0.049 0.3 0.953 -0.078 0.295 0.952 -0.07 0.293 0.954 0.149 0.231 0.961 0.247 0.204 0.947 0.204 0.234 0.951 0.166 0.267 0.949 0.143 0.288 0.947 0.149 0.279 0.949 0.171 0.241 0.955 0.191 0.179 0.965 0.203 0.113 0.973 0.201 0.09 0.975 0.202 0.089 0.975 0.207 0.097 0.974 -0.009 0.035 0.999 0.104 0.128 0.986 0.096 0.142 0.985 0.094 0.146 0.985 0.092 0.123 0.988 0.073 0.063 0.995 0.042 0 0.999 0.004 -0.048 0.999 -0.019 -0.071 0.997 -0.005 -0.064 0.998 0.03 -0.043 0.999 0.081 -0.021 0.996 -0.012 -0.026 1 -0.241 -0.053 0.969 -0.248 -0.055 0.967 -0.209 -0.068 0.976 -0.089 -0.127 0.988 0.03 -0.188 0.982 0.065 -0.211 0.975 0.061 -0.204 0.977 -0.055 -0.004 0.999 -0.106 0.073 0.992 -0.094 0.019 0.995 -0.089 -0.022 0.996 -0.087 -0.037 0.996 -0.083 -0.005 0.997 -0.066 0.054 0.996 -0.035 0.117 0.993 0.002 0.168 0.986 0.02 0.183 0.983 0.015 0.182 0.983 -0.001 0.18 0.984 0.053 -0.006 0.999 -0.047 0.02 0.999 -0.047 0.018 0.999 -0.045 0.021 0.999 -0.035 0.034 0.999 0.005 0.064 0.998 0.045 0.085 0.995 0.067 0.092 0.994 0.065 0.093 0.994 0.034 0.094 0.995 -0.005 0.098 0.995 -0.038 0.106 0.994 0.034 0.062 0.998 0.173 -0.02 0.985 0.179 -0.023 0.984 0.171 -0.012 0.985 0.143 0.041 0.989 0.116 0.094 0.989 0.112 0.107 0.988 0.111 0.101 0.989 0.096 -0.06 0.994 0.09 -0.144 0.985 0.103 -0.113 0.988 0.123 -0.079 0.989 0.139 -0.053 0.989 0.14 -0.051 0.989 0.122 -0.065 0.99 0.081 -0.085 0.993 0.034 -0.1 0.994 0.018 -0.101 0.995 0.014 -0.101 0.995 0.015 -0.101 0.995 0.07 0.242 0.968 0.132 0.189 0.973 0.138 0.195 0.971 0.139 0.196 0.971 0.127 0.194 0.973 0.089 0.196 0.977 0.051 0.203 0.978 0.022 0.214 0.977 0.01 0.22 0.975 0.021 0.21 0.977 0.042 0.192 0.981 0.063 0.166 0.984 0.042 0.223 0.974 -0.014 0.35 0.937 -0.016 0.354 0.935 -0.017 0.332 0.943 -0.029 0.26 0.965 -0.043 0.187 0.981 -0.051 0.165 0.985 -0.047 0.168 0.985 0.051 0.27 0.962 0.09 0.315 0.945 0.061 0.299 0.952 0.036 0.289 0.957 0.022 0.284 0.959 0.035 0.286 0.958 0.066 0.286 0.956 0.105 0.278 0.955 0.14 0.265 0.954 0.15 0.258 0.954 0.15 0.26 0.954 0.146 0.267 0.952 0.25 0.065 0.966 0.241 0.171 0.955 0.228 0.173 0.958 0.223 0.173 0.959 0.235 0.163 0.958 0.264 0.126 0.956 0.288 0.08 0.954 0.302 0.035 0.953 0.306 0.011 0.952 0.307 0.024 0.951 0.309 0.056 0.949 0.317 0.1 0.943 0.281 0.039 0.959 0.195 -0.123 0.973 0.192 -0.129 0.973 0.22 -0.108 0.97 0.312 -0.057 0.948 0.402 -0.008 0.916 0.432 0.003 0.902 0.426 0.004 0.905 0.253 0.024 0.967 0.183 0.026 0.983 0.224 0.009 0.975 0.251 -0.007 0.968 0.262 -0.013 0.965 0.245 0.004 0.97 0.216 0.04 0.976 0.191 0.086 0.978 0.175 0.13 0.976 0.173 0.146 0.974 0.171 0.141 0.975 0.165 0.129 0.978 -0.067 0.36 0.931 -0.122 0.293 0.948 -0.114 0.286 0.952 -0.111 0.283 0.953 -0.113 0.295 0.949 -0.113 0.331 0.937 -0.104 0.371 0.923 -0.09 0.405 0.91 -0.079 0.421 0.904 -0.088 0.413 0.907 -0.108 0.394 0.913 -0.138 0.372 0.918 -0.075 0.392 0.917 0.076 0.443 0.893 0.08 0.445 0.892 0.049 0.447 0.893 -0.045 0.463 0.885 -0.137 0.477 0.868 -0.166 0.484 0.859 -0.163 0.482 0.861 -0.047 0.387 0.921 0.004 0.349 0.937 -0.015 0.379 0.925 -0.026 0.402 0.915 -0.031 0.413 0.91 -0.028 0.395 0.918 -0.027 0.359 0.933 -0.036 0.319 0.947 -0.05 0.285 0.957 -0.057 0.274 0.96 -0.053 0.276 0.96 -0.042 0.281 0.959 -0.03 0.075 0.997 0.074 0.022 0.997 0.079 0.029 0.996 0.078 0.03 0.997 0.061 0.021 0.998 0.009 0.011 1 -0.045 0.009 0.999 -0.086 0.016 0.996 -0.102 0.021 0.995 -0.086 0.011 0.996 -0.055 -0.007 0.998 -0.024 -0.033 0.999 -0.067 0.036 0.997 -0.168 0.183 0.969 -0.172 0.188 0.967 -0.167 0.162 0.973 -0.164 0.071 0.984 -0.162 -0.021 0.987 -0.166 -0.048 0.985 -0.162 -0.042 0.986 -0.069 0.112 0.991 -0.03 0.183 0.983 -0.06 0.156 0.986 -0.089 0.136 0.987 -0.105 0.125 0.987 -0.089 0.131 0.987 -0.048 0.14 0.989 0.006 0.141 0.99 0.058 0.134 0.989 0.076 0.127 0.989 0.071 0.134 0.988 -0.031 0.198 0.98 0.003 0.279 0.96 -0 0.28 0.96 0.002 0.278 0.96 0.011 0.267 0.964 0.028 0.229 0.973 0.039 0.191 0.981 0.041 0.167 0.985 0.041 0.164 0.986 0.047 0.185 0.982 0.057 0.215 0.975 0.069 0.24 0.968 0.022 0.193 0.981 -0.071 0.091 0.993 -0.075 0.086 0.993 -0.062 0.092 0.994 -0.007 0.108 0.994 0.048 0.121 0.991 0.062 0.122 0.991 0.057 0.124 0.991 -0.075 0.168 0.983 -0.14 0.186 0.973 -0.116 0.17 0.979 -0.093 0.149 0.985 -0.077 0.133 0.988 -0.079 0.136 0.988 -0.089 0.158 0.983 -0.099 0.196 0.976 -0.102 0.238 0.966 -0.1 0.252 0.963 -0.099 0.254 0.962 -0.101 0.252 0.962 -0.253 -0.071 0.965 -0.169 0.043 0.985 -0.176 0.049 0.983 -0.177 0.048 0.983 -0.17 0.026 0.985 -0.164 -0.043 0.985 -0.168 -0.11 0.98 -0.178 -0.153 0.972 -0.181 -0.163 0.97 -0.165 -0.137 0.977 -0.136 -0.095 0.986 -0.101 -0.056 0.993 -0.193 -0.105 0.976 -0.379 -0.219 0.899 -0.385 -0.223 0.895 -0.358 -0.221 0.907 -0.258 -0.229 0.939 -0.155 -0.237 0.959 -0.126 -0.243 0.962 -0.133 -0.238 0.962 -0.315 -0.096 0.944 -0.395 -0.033 0.918 -0.367 -0.077 0.927 -0.344 -0.123 0.931 -0.33 -0.152 0.932 -0.332 -0.141 0.933 -0.339 -0.096 0.936 -0.335 -0.03 0.942 -0.32 0.038 0.947 -0.31 0.059 0.949 -0.31 0.06 0.949 -0.318 0.055 0.947 -0.094 0.032 0.995 -0.234 -0.013 0.972 -0.233 -0.03 0.972 -0.232 -0.035 0.972 -0.222 -0.013 0.975 -0.181 0.037 0.983 -0.128 0.084 0.988 -0.043 0.128 0.991 -0.059 0.126 0.99 -0.1 0.12 0.988 -0.156 0.118 0.981 -0.067 0.087 0.994 0.161 0.023 0.987 0.169 0.022 0.985 0.136 0.05 0.989 0.046 0.152 0.987 -0.042 0.255 0.966 -0.064 0.29 0.955 -0.064 0.282 0.957 -0.035 0.051 0.998 -0.016 -0.043 0.999 -0.007 0.014 1 0.004 0.054 0.999 0.008 0.069 0.998 -0.009 0.04 0.999 -0.047 -0.009 0.999 -0.101 -0.057 0.993 -0.155 -0.09 0.984 -0.177 -0.098 0.979 -0.172 -0.1 0.98 -0.156 -0.103 0.982 -0.136 0.094 0.986 -0.052 0.031 0.998 -0.051 0.033 0.998 -0.054 0.03 0.998 -0.069 0.022 0.997 -0.118 0.009 0.993 -0.163 0.004 0.987 -0.187 0.007 0.982 -0.185 0.005 0.983 -0.157 -0.008 0.988 -0.121 -0.027 0.992 -0.093 -0.047 0.995 -0.144 0.023 0.989 -0.242 0.153 0.958 -0.246 0.158 0.956 -0.243 0.144 0.959 -0.238 0.084 0.968 -0.233 0.023 0.972 -0.234 0.009 0.972 -0.231 0.015 0.973 -0.155 0.161 0.975 -0.115 0.238 0.964 -0.14 0.213 0.967 -0.172 0.189 0.967 -0.198 0.171 0.965 -0.199 0.169 0.965 -0.176 0.176 0.969 -0.131 0.179 0.975 -0.08 0.175 0.981 -0.065 0.17 0.983 -0.062 0.168 0.984 -0.063 0.169 0.984 -0.246 -0.136 0.96 -0.284 -0.062 0.957 -0.291 -0.065 0.954 -0.293 -0.066 0.954 -0.281 -0.068 0.957 -0.247 -0.084 0.965 -0.213 -0.105 0.971 -0.19 -0.127 0.973 -0.182 -0.137 0.974 -0.189 -0.124 0.974 -0.201 -0.098 0.975 -0.211 -0.066 0.975 -0.213 -0.128 0.969 -0.206 -0.272 0.94 -0.205 -0.276 0.939 -0.197 -0.255 0.947 -0.16 -0.191 0.969 -0.119 -0.126 0.985 -0.104 -0.108 0.989 -0.108 -0.11 0.988 -0.238 -0.17 0.956 -0.29 -0.198 0.936 -0.258 -0.194 0.946 -0.231 -0.194 0.953 -0.216 -0.194 0.957 -0.229 -0.191 0.955 -0.258 -0.179 0.949 -0.291 -0.157 0.944 -0.319 -0.131 0.939 -0.326 -0.121 0.938 -0.326 -0.123 0.937 -0.326 -0.131 0.936 -0.345 0.101 0.933 -0.377 -0.003 0.926 -0.366 -0.01 0.931 -0.362 -0.012 0.932 -0.369 0.002 0.929 -0.381 0.047 0.923 -0.386 0.1 0.917 -0.381 0.148 0.913 -0.375 0.172 0.911 -0.381 0.16 0.91 -0.396 0.131 0.909 -0.419 0.092 0.903 -0.364 0.136 0.922 -0.221 0.257 0.941 -0.216 0.261 0.941 -0.249 0.252 0.935 -0.354 0.238 0.905 -0.454 0.224 0.862 -0.484 0.224 0.846 -0.48 0.221 0.849 -0.333 0.14 0.933 -0.269 0.113 0.957 -0.3 0.144 0.943 -0.318 0.169 0.933 -0.326 0.179 0.928 -0.317 0.157 0.935 -0.305 0.111 0.946 -0.299 0.059 0.952 -0.301 0.011 0.953 -0.305 -0.005 0.952 -0.302 -0.001 0.953 -0.292 0.008 0.956 -0.16 -0.302 0.94 -0.084 -0.259 0.962 -0.089 -0.249 0.964 -0.091 -0.245 0.965 -0.093 -0.257 0.962 -0.106 -0.292 0.95 -0.128 -0.328 0.936 -0.154 -0.354 0.923 -0.169 -0.365 0.915 -0.158 -0.361 0.919 -0.133 -0.351 0.927 -0.097 -0.341 0.935 -0.163 -0.336 0.928 -0.323 -0.327 0.888 -0.327 -0.327 0.887 -0.299 -0.341 0.891 -0.216 -0.392 0.894 -0.134 -0.442 0.887 -0.109 -0.461 0.881 -0.11 -0.457 0.883 -0.189 -0.32 0.928 -0.223 -0.263 0.939 -0.216 -0.3 0.929 -0.214 -0.327 0.921 -0.213 -0.339 0.917 -0.209 -0.32 0.924 -0.197 -0.286 0.938 -0.175 -0.25 0.952 -0.149 -0.223 0.963 -0.139 -0.216 0.967 -0.143 -0.216 0.966 -0.155 -0.216 0.964 -0.09 -0.015 0.996 -0.167 0.076 0.983 -0.174 0.071 0.982 -0.173 0.07 0.982 -0.154 0.071 0.986 -0.101 0.061 0.993 -0.05 0.042 0.998 -0.014 0.019 1 -0 0.009 1 -0.012 0.024 1 -0.033 0.053 0.998 -0.053 0.089 0.995 -0.04 0.008 0.999 0.001 -0.171 0.985 0.002 -0.178 0.984 0.008 -0.151 0.988 0.039 -0.063 0.997 0.073 0.024 0.997 0.087 0.048 0.995 0.081 0.044 0.996 -0.067 -0.065 0.996 -0.13 -0.117 0.984 -0.092 -0.103 0.99 -0.057 -0.096 0.994 -0.038 -0.092 0.995 -0.055 -0.091 0.994 -0.097 -0.084 0.992 -0.148 -0.064 0.987 -0.194 -0.037 0.98 -0.208 -0.023 0.978 -0.209 -0.024 0.978 -0.207 -0.032 0.978 -0.135 -0.132 0.982 -0.196 -0.197 0.961 -0.194 -0.199 0.961 -0.195 -0.197 0.961 -0.2 -0.182 0.963 -0.202 -0.14 0.969 -0.198 -0.099 0.975 -0.191 -0.075 0.979 -0.19 -0.072 0.979 -0.203 -0.09 0.975 -0.223 -0.114 0.968 -0.245 -0.134 0.96 -0.182 -0.107 0.977 -0.056 -0.046 0.997 -0.051 -0.043 0.998 -0.066 -0.044 0.997 -0.123 -0.037 0.992 -0.18 -0.028 0.983 -0.194 -0.024 0.981 -0.189 -0.028 0.982 -0.082 -0.12 0.989 -0.027 -0.163 0.986 -0.044 -0.138 0.989 -0.058 -0.109 0.992 -0.067 -0.088 0.994 -0.067 -0.092 0.994 -0.065 -0.117 0.991 -0.07 -0.157 0.985 -0.082 -0.198 0.977 -0.09 -0.211 0.973 -0.091 -0.213 0.973 -0.089 -0.212 0.973 -0.144 -0.116 0.983 -0.082 0.002 0.997 -0.089 0.007 0.996 -0.089 0.006 0.996 -0.08 -0.014 0.997 -0.065 -0.077 0.995 -0.059 -0.14 0.988 -0.063 -0.181 0.981 -0.065 -0.192 0.979 -0.053 -0.165 0.985 -0.032 -0.122 0.992 -0.004 -0.08 0.997 -0.083 -0.139 0.987 -0.247 -0.272 0.93 -0.253 -0.277 0.927 -0.227 -0.271 0.935 -0.13 -0.263 0.956 -0.031 -0.256 0.966 -0.003 -0.258 0.966 -0.01 -0.254 0.967 -0.2 -0.148 0.969 -0.287 -0.101 0.953 -0.253 -0.138 0.958 -0.225 -0.177 0.958 -0.208 -0.202 0.957 -0.211 -0.192 0.958 -0.223 -0.152 0.963 -0.229 -0.089 0.969 -0.224 -0.024 0.974 -0.217 -0.003 0.976 -0.218 -0.002 0.976 -0.224 -0.008 0.974 -0.01 0.002 1 -0.135 -0.06 0.989 -0.131 -0.075 0.989 -0.13 -0.079 0.988 -0.123 -0.058 0.991 -0.092 -0.006 0.996 -0.049 0.045 0.998 -0.003 0.082 0.997 0.024 0.099 0.995 0.009 0.094 0.995 -0.028 0.083 0.996 -0.081 0.074 0.994 0.007 0.057 0.998 0.228 0.031 0.973 0.235 0.031 0.971 0.201 0.052 0.978 0.102 0.134 0.986 0.005 0.218 0.976 -0.022 0.248 0.969 -0.021 0.24 0.97 0.042 0.028 0.999 0.073 -0.056 0.996 0.073 -0.003 0.997 0.078 0.036 0.996 0.08 0.051 0.995 0.068 0.022 0.997 0.04 -0.029 0.999 -0.003 -0.081 0.997 -0.049 -0.12 0.992 -0.069 -0.13 0.989 -0.065 -0.131 0.989 -0.049 -0.132 0.99 -0.058 0.053 0.997 0.03 0.007 1 0.03 0.009 1 0.028 0.006 1 0.015 -0.004 1 -0.028 -0.022 0.999 -0.07 -0.033 0.997 -0.093 -0.035 0.995 -0.091 -0.036 0.995 -0.062 -0.044 0.997 -0.027 -0.056 0.998 0.002 -0.071 0.997 -0.055 -0.014 0.998 -0.167 0.094 0.982 -0.171 0.098 0.98 -0.166 0.086 0.982 -0.152 0.03 0.988 -0.139 -0.026 0.99 -0.138 -0.039 0.99 -0.136 -0.033 0.99 -0.086 0.114 0.99 -0.061 0.191 0.98 -0.08 0.165 0.983 -0.106 0.137 0.985 -0.128 0.117 0.985 -0.129 0.115 0.985 -0.109 0.124 0.986 -0.066 0.134 0.989 -0.019 0.137 0.99 -0.003 0.134 0.991 0 0.133 0.991 -0.001 0.134 0.991 -0.129 -0.175 0.976 -0.175 -0.112 0.978 -0.182 -0.116 0.977 -0.183 -0.117 0.976 -0.172 -0.117 0.978 -0.137 -0.127 0.982 -0.102 -0.142 0.985 -0.078 -0.159 0.984 -0.069 -0.167 0.983 -0.077 -0.156 0.985 -0.091 -0.134 0.987 -0.105 -0.105 0.989 -0.099 -0.163 0.982 -0.075 -0.296 0.952 -0.074 -0.3 0.951 -0.069 -0.279 0.958 -0.041 -0.214 0.976 -0.011 -0.148 0.989 0.001 -0.129 0.992 -0.003 -0.132 0.991 -0.117 -0.206 0.972 -0.164 -0.239 0.957 -0.134 -0.231 0.964 -0.108 -0.227 0.968 -0.094 -0.225 0.97 -0.106 -0.224 0.969 -0.135 -0.217 0.967 -0.17 -0.201 0.965 -0.2 -0.181 0.963 -0.208 -0.173 0.963 -0.208 -0.174 0.963 -0.206 -0.182 0.961 -0.258 0.031 0.966 -0.273 -0.07 0.959 -0.261 -0.075 0.962 -0.257 -0.077 0.963 -0.266 -0.065 0.962 -0.284 -0.024 0.958 -0.297 0.025 0.955 -0.3 0.07 0.951 -0.298 0.094 0.95 -0.302 0.082 0.95 -0.311 0.052 0.949 -0.328 0.012 0.945 -0.281 0.061 0.958 -0.164 0.194 0.967 -0.16 0.199 0.967 -0.19 0.186 0.964 -0.288 0.158 0.944 -0.384 0.132 0.914 -0.415 0.128 0.901 -0.41 0.126 0.903 -0.252 0.07 0.965 -0.186 0.052 0.981 -0.22 0.077 0.972 -0.242 0.099 0.965 -0.251 0.107 0.962 -0.239 0.087 0.967 -0.22 0.046 0.974 -0.207 -0.002 0.978 -0.202 -0.046 0.978 -0.204 -0.062 0.977 -0.201 -0.058 0.978 -0.193 -0.048 0.98 -0.028 -0.318 0.948 0.038 -0.267 0.963 0.032 -0.258 0.966 0.03 -0.255 0.967 0.03 -0.267 0.963 0.021 -0.301 0.953 0.005 -0.337 0.941 -0.017 -0.366 0.931 -0.03 -0.379 0.925 -0.02 -0.373 0.928 0.003 -0.36 0.933 0.036 -0.346 0.938 -0.027 -0.35 0.936 -0.181 -0.365 0.913 -0.185 -0.366 0.912 -0.156 -0.375 0.914 -0.072 -0.411 0.909 0.012 -0.447 0.894 0.037 -0.461 0.887 0.036 -0.458 0.888 -0.053 -0.339 0.939 -0.092 -0.291 0.952 -0.081 -0.324 0.943 -0.076 -0.349 0.934 -0.074 -0.36 0.93 -0.072 -0.342 0.937 -0.065 -0.308 0.949 -0.048 -0.272 0.961 -0.027 -0.242 0.97 -0.018 -0.234 0.972 -0.022 -0.235 0.972 -0.033 -0.236 0.971 0.001 -0.041 0.999 -0.084 0.032 0.996 -0.09 0.027 0.996 -0.089 0.026 0.996 -0.071 0.03 0.997 -0.021 0.028 0.999 0.03 0.017 0.999 0.067 0.002 0.998 0.081 -0.006 0.997 0.068 0.007 0.998 0.044 0.03 0.999 0.02 0.061 0.998 0.044 -0.013 0.999 0.106 -0.173 0.979 0.109 -0.179 0.978 0.11 -0.153 0.982 0.127 -0.067 0.99 0.147 0.019 0.989 0.156 0.043 0.987 0.151 0.038 0.988 0.029 -0.084 0.996 -0.023 -0.141 0.99 0.011 -0.123 0.992 0.043 -0.111 0.993 0.06 -0.105 0.993 0.044 -0.106 0.993 0.004 -0.106 0.994 -0.047 -0.095 0.994 -0.093 -0.076 0.993 -0.108 -0.065 0.992 -0.109 -0.066 0.992 -0.106 -0.073 0.992 -0.025 -0.156 0.987 -0.075 -0.225 0.971 -0.072 -0.227 0.971 -0.074 -0.224 0.972 -0.08 -0.212 0.974 -0.088 -0.172 0.981 -0.089 -0.134 0.987 -0.085 -0.111 0.99 -0.085 -0.108 0.991 -0.095 -0.126 0.987 -0.111 -0.152 0.982 -0.128 -0.173 0.976 -0.073 -0.139 0.988 0.036 -0.065 0.997 0.041 -0.061 0.997 0.027 -0.064 0.998 -0.027 -0.066 0.997 -0.082 -0.066 0.994 -0.095 -0.064 0.993 -0.09 -0.067 0.994 0.022 -0.137 0.99 0.079 -0.169 0.982 0.06 -0.149 0.987 0.044 -0.124 0.991 0.032 -0.106 0.994 0.033 -0.109 0.994 0.038 -0.132 0.991 0.038 -0.17 0.985 0.032 -0.21 0.977 0.027 -0.223 0.975 0.026 -0.225 0.974 0.028 -0.223 0.974 -0.205 -0.021 0.978 -0.281 -0.107 0.954 -0.286 -0.104 0.952 -0.294 -0.097 0.951 -0.304 -0.082 0.949 -0.321 -0.022 0.947 -0.329 0.025 0.944 -0.329 0.033 0.944 -0.334 0.009 0.942 -0.349 -0.038 0.936 -0.366 -0.089 0.926 -0.38 -0.118 0.917 -0.314 -0.05 0.948 -0.196 0.068 0.978 -0.19 0.073 0.979 -0.189 0.073 0.979 -0.218 0.069 0.973 -0.247 0.064 0.967 -0.239 0.061 0.969 0 -0.059 0.998 -0.024 -0.036 0.999 -0.059 0.007 0.998 -0.087 0.047 0.995 -0.099 0.069 0.993 -0.097 0.061 0.993 -0.091 0.014 0.996 -0.09 -0.048 0.995 -0.095 -0.066 0.993 -0.1 -0.075 0.992 -0.104 -0.079 0.991 -0.078 -0.022 0.997 0.041 0.049 0.998 0.037 0.055 0.998 0.037 0.053 0.998 0.037 0.03 0.999 0.02 -0.031 0.999 -0.007 -0.089 0.996 -0.031 -0.123 0.992 -0.038 -0.131 0.991 -0.013 -0.114 0.993 0.026 -0.09 0.996 0.069 -0.07 0.995 -0.034 -0.081 0.996 -0.246 -0.108 0.963 -0.253 -0.109 0.961 -0.228 -0.117 0.967 -0.14 -0.158 0.978 -0.052 -0.2 0.979 -0.029 -0.214 0.976 -0.033 -0.207 0.978 -0.15 -0.026 0.988 -0.208 0.059 0.976 -0.195 0.014 0.981 -0.189 -0.032 0.981 -0.186 -0.062 0.981 -0.184 -0.051 0.982 -0.174 -0.01 0.985 -0.147 0.047 0.988 -0.111 0.099 0.989 -0.093 0.114 0.989 -0.092 0.116 0.989 -0.099 0.115 0.989 0.072 -0.209 0.975 -0.034 -0.179 0.983 -0.037 -0.187 0.982 -0.036 -0.187 0.982 -0.022 -0.176 0.984 0.022 -0.153 0.988 0.071 -0.138 0.988 0.109 -0.134 0.985 0.124 -0.134 0.983 0.104 -0.129 0.986 0.071 -0.118 0.991 0.035 -0.101 0.994 0.095 -0.16 0.983 0.227 -0.275 0.934 0.231 -0.278 0.932 0.22 -0.255 0.942 0.194 -0.17 0.966 0.169 -0.083 0.982 0.165 -0.056 0.985 0.163 -0.061 0.985 0.118 -0.236 0.965 0.099 -0.316 0.943 0.12 -0.283 0.951 0.142 -0.256 0.956 0.156 -0.24 0.958 0.144 -0.249 0.958 0.11 -0.267 0.957 0.06 -0.282 0.958 0.011 -0.287 0.958 -0.007 -0.284 0.959 -0.007 -0.285 0.959 -0.001 -0.29 0.957 -0.199 0.106 0.974 -0.171 -0.006 0.985 -0.176 -0.007 0.984 -0.194 -0.004 0.981 -0.246 0.018 0.969 -0.288 0.044 0.957 -0.303 0.058 0.951 -0.3 0.052 0.953 -0.282 0.019 0.959 -0.262 -0.023 0.965 -0.25 -0.059 0.966 -0.251 0.037 0.967 -0.252 0.215 0.944 -0.251 0.222 0.942 -0.256 0.212 0.943 -0.287 0.162 0.944 -0.319 0.112 0.941 -0.326 0.104 0.94 -0.32 0.107 0.941 -0.16 0.182 0.97 -0.073 0.223 0.972 -0.11 0.218 0.97 -0.156 0.218 0.963 -0.193 0.22 0.956 -0.201 0.221 0.954 -0.181 0.213 0.96 -0.14 0.186 0.972 -0.098 0.149 0.984 -0.088 0.133 0.987 -0.086 0.128 0.988 0.202 0.134 0.97 0.219 0.238 0.946 0.206 0.243 0.948 0.202 0.244 0.948 0.212 0.232 0.949 0.232 0.189 0.954 0.247 0.138 0.959 0.25 0.093 0.964 0.249 0.07 0.966 0.253 0.083 0.964 0.263 0.115 0.958 0.28 0.155 0.948 0.23 0.105 0.967 0.11 -0.035 0.993 0.107 -0.04 0.994 0.137 -0.026 0.99 0.237 0.002 0.971 0.336 0.026 0.942 0.367 0.028 0.93 0.361 0.031 0.932 0.193 0.095 0.977 0.123 0.114 0.986 0.16 0.088 0.983 0.184 0.065 0.981 0.194 0.055 0.979 0.182 0.075 0.981 0.161 0.116 0.98 0.147 0.167 0.975 0.141 0.213 0.967 0.142 0.229 0.963 0.139 0.226 0.964 0.131 0.215 0.968 -0.009 0.231 0.973 -0.094 0.134 0.986 -0.087 0.124 0.988 -0.085 0.122 0.989 -0.086 0.144 0.986 -0.077 0.198 0.977 -0.057 0.254 0.966 -0.031 0.298 0.954 -0.014 0.32 0.947 -0.023 0.313 0.949 -0.05 0.293 0.955 -0.089 0.269 0.959 -0.012 0.285 0.959 0.174 0.328 0.929 0.181 0.33 0.927 0.148 0.337 0.93 0.042 0.372 0.927 -0.062 0.407 0.911 -0.092 0.421 0.902 -0.088 0.415 0.905 0.028 0.271 0.962 0.079 0.213 0.974 0.063 0.255 0.965 0.055 0.287 0.956 0.052 0.298 0.953 0.052 0.271 0.961 0.044 0.22 0.974 0.024 0.164 0.986 -0.003 0.116 0.993 -0.017 0.099 0.995 -0.014 0.1 0.995 -0.002 0.103 0.995 -0.102 0.166 0.981 -0.2 0.219 0.955 -0.199 0.225 0.954 -0.194 0.233 0.953 -0.181 0.246 0.952 -0.129 0.277 0.952 -0.087 0.295 0.952 -0.079 0.297 0.952 -0.103 0.296 0.95 -0.15 0.299 0.942 -0.202 0.305 0.931 -0.233 0.312 0.921 -0.154 0.263 0.952 -0.017 0.178 0.984 -0.01 0.173 0.985 -0.02 0.199 0.98 -0.031 0.226 0.974 -0.031 0.225 0.974 -0.032 0.217 0.976 -0.071 0.059 0.996 -0.075 -0.008 0.997 -0.043 0.034 0.999 -0.011 0.07 0.997 0.006 0.087 0.996 -0.001 0.083 0.997 -0.044 0.067 0.997 -0.102 0.051 0.993 -0.12 0.051 0.991 -0.129 0.054 0.99 -0.134 0.057 0.989 -0.074 0.045 0.996 0.02 -0.05 0.999 0.025 -0.045 0.999 0.023 -0.046 0.999 0.001 -0.05 0.999 -0.061 -0.049 0.997 -0.121 -0.037 0.992 -0.159 -0.021 0.987 -0.168 -0.017 0.986 -0.146 -0.036 0.989 -0.115 -0.068 0.991 -0.086 -0.104 0.991 -0.12 -0.009 0.993 -0.193 0.185 0.964 -0.196 0.192 0.962 -0.198 0.166 0.966 -0.216 0.073 0.974 -0.235 -0.02 0.972 -0.244 -0.044 0.969 -0.238 -0.039 0.97 -0.095 0.113 0.989 -0.027 0.187 0.982 -0.067 0.165 0.984 -0.109 0.148 0.983 -0.137 0.138 0.981 -0.126 0.139 0.982 -0.085 0.139 0.987 -0.026 0.127 0.992 0.032 0.104 0.994 0.05 0.092 0.995 0.052 0.09 0.995 0.05 0.097 0.994 -0.215 -0.139 0.967 -0.212 -0.031 0.977 -0.22 -0.031 0.975 -0.22 -0.032 0.975 -0.206 -0.042 0.978 -0.175 -0.078 0.981 -0.149 -0.121 0.981 -0.137 -0.156 0.978 -0.133 -0.17 0.976 -0.133 -0.15 0.98 -0.131 -0.116 0.985 -0.123 -0.079 0.989 -0.164 -0.149 0.975 -0.241 -0.299 0.923 -0.243 -0.304 0.921 -0.224 -0.289 0.931 -0.15 -0.245 0.958 -0.074 -0.201 0.977 -0.05 -0.191 0.98 -0.056 -0.19 0.98 -0.23 -0.188 0.955 -0.31 -0.189 0.932 -0.274 -0.201 0.94 -0.244 -0.215 0.946 -0.226 -0.224 0.948 -0.236 -0.215 0.948 -0.261 -0.187 0.947 -0.287 -0.144 0.947 -0.303 -0.098 0.948 -0.304 -0.081 0.949 -0.305 -0.081 0.949 -0.308 -0.087 0.947 0.019 0.19 0.982 -0.081 0.137 0.987 -0.082 0.142 0.986 -0.084 0.16 0.984 -0.075 0.214 0.974 -0.06 0.26 0.964 -0.049 0.278 0.959 -0.055 0.273 0.96 -0.082 0.249 0.965 -0.117 0.22 0.968 -0.148 0.2 0.968 -0.057 0.223 0.973 0.111 0.265 0.958 0.118 0.267 0.956 0.107 0.269 0.957 0.053 0.287 0.956 -0.001 0.305 0.952 -0.011 0.31 0.951 -0.007 0.305 0.952 0.1 0.17 0.98 0.158 0.097 0.983 0.146 0.131 0.981 0.135 0.175 0.975 0.129 0.211 0.969 0.128 0.219 0.967 0.124 0.198 0.972 0.108 0.153 0.982 0.082 0.104 0.991 0.07 0.091 0.993 0.065 0.088 0.994 0.066 0.088 0.994 0.138 -0.183 0.973 0.241 -0.174 0.955 0.243 -0.161 0.957 0.243 -0.157 0.957 0.233 -0.169 0.958 0.197 -0.198 0.96 0.153 -0.223 0.963 0.111 -0.237 0.965 0.088 -0.242 0.966 0.102 -0.242 0.965 0.134 -0.244 0.96 0.177 -0.25 0.952 0.117 -0.216 0.969 -0.043 -0.135 0.99 -0.029 -0.158 0.987 0.021 -0.246 0.969 0.068 -0.333 0.94 0.078 -0.362 0.929 0.079 -0.356 0.931 0.099 -0.183 0.978 0.101 -0.113 0.989 0.084 -0.153 0.985 0.068 -0.181 0.981 0.061 -0.193 0.979 0.077 -0.177 0.981 0.111 -0.148 0.983 0.156 -0.123 0.98 0.199 -0.106 0.974 0.214 -0.104 0.971 0.21 -0.102 0.972 0.199 -0.097 0.975 0.181 0.039 0.983 0.069 0.097 0.993 0.061 0.088 0.994 0.06 0.086 0.995 0.08 0.092 0.993 0.133 0.096 0.986 0.192 0.09 0.977 0.24 0.076 0.968 0.265 0.065 0.962 0.256 0.072 0.964 0.23 0.092 0.969 0.199 0.124 0.972 0.231 0.055 0.971 0.316 -0.111 0.942 0.32 -0.117 0.94 0.319 -0.084 0.944 0.328 0.024 0.944 0.338 0.131 0.932 0.345 0.163 0.924 0.34 0.158 0.927 0.228 0.014 0.974 0.184 -0.048 0.982 0.22 -0.023 0.975 0.249 -0.008 0.969 0.259 -0.003 0.966 0.233 -0.008 0.972 0.183 -0.013 0.983 0.124 -0.008 0.992 0.073 0.006 0.997 0.054 0.016 0.998 0.055 0.013 0.998 0.061 0.003 0.998 -0.154 -0.114 0.982 -0.227 -0.196 0.954 -0.232 -0.193 0.953 -0.24 -0.186 0.953 -0.249 -0.171 0.953 -0.267 -0.114 0.957 -0.275 -0.069 0.959 -0.275 -0.061 0.959 -0.28 -0.084 0.956 -0.294 -0.129 0.947 -0.311 -0.177 0.934 -0.325 -0.205 0.923 -0.26 -0.141 0.955 -0.146 -0.029 0.989 -0.14 -0.024 0.99 -0.139 -0.024 0.99 -0.167 -0.028 0.986 -0.196 -0.032 0.98 -0.195 -0.032 0.98 -0.188 -0.035 0.982 -0.042 -0.108 0.993 0.045 -0.149 0.988 0.021 -0.127 0.992 -0.012 -0.087 0.996 -0.04 -0.048 0.998 -0.052 -0.028 0.998 -0.05 -0.036 0.998 -0.044 -0.08 0.996 -0.042 -0.14 0.989 -0.046 -0.157 0.986 -0.051 -0.165 0.985 -0.055 -0.17 0.984 -0.03 -0.114 0.993 0.083 -0.045 0.996 0.079 -0.039 0.996 0.079 -0.042 0.996 0.079 -0.063 0.995 0.063 -0.123 0.99 0.038 -0.178 0.983 0.015 -0.21 0.978 0.008 -0.218 0.976 0.032 -0.202 0.979 0.07 -0.178 0.982 0.111 -0.159 0.981 0.012 -0.17 0.985 -0.192 -0.197 0.961 -0.2 -0.198 0.96 -0.176 -0.205 0.963 -0.09 -0.244 0.966 -0.004 -0.283 0.959 0.017 -0.296 0.955 0.013 -0.29 0.957 -0.1 -0.119 0.988 -0.157 -0.037 0.987 -0.144 -0.081 0.986 -0.138 -0.125 0.983 -0.134 -0.153 0.979 -0.133 -0.143 0.981 -0.123 -0.104 0.987 -0.098 -0.049 0.994 -0.063 0.001 0.998 -0.047 0.016 0.999 -0.046 0.017 0.999 -0.052 0.016 0.999 0.115 -0.29 0.95 0.012 -0.263 0.965 0.01 -0.27 0.963 0.011 -0.271 0.963 0.024 -0.26 0.965 0.066 -0.238 0.969 0.113 -0.223 0.968 0.15 -0.218 0.964 0.164 -0.218 0.962 0.144 -0.213 0.966 0.113 -0.204 0.972 0.078 -0.188 0.979 0.137 -0.243 0.96 0.263 -0.348 0.9 0.267 -0.351 0.897 0.257 -0.33 0.909 0.231 -0.25 0.94 0.206 -0.168 0.964 0.202 -0.142 0.969 0.201 -0.148 0.968 0.159 -0.314 0.936 0.141 -0.39 0.91 0.161 -0.359 0.919 0.182 -0.333 0.925 0.195 -0.318 0.928 0.183 -0.326 0.927 0.151 -0.344 0.927 0.103 -0.358 0.928 0.056 -0.364 0.93 0.039 -0.362 0.931 0.038 -0.363 0.931 0.044 -0.367 0.929 -0.149 0.008 0.989 -0.121 -0.1 0.988 -0.126 -0.101 0.987 -0.143 -0.098 0.985 -0.194 -0.076 0.978 -0.235 -0.051 0.971 -0.25 -0.037 0.967 -0.247 -0.043 0.968 -0.229 -0.075 0.97 -0.209 -0.116 0.971 -0.197 -0.15 0.969 -0.199 -0.058 0.978 -0.203 0.115 0.973 -0.202 0.122 0.972 -0.207 0.111 0.972 -0.236 0.063 0.97 -0.266 0.016 0.964 -0.273 0.007 0.962 -0.267 0.01 0.964 -0.113 0.082 0.99 -0.029 0.122 0.992 -0.065 0.117 0.991 -0.11 0.117 0.987 -0.146 0.119 0.982 -0.153 0.12 0.981 -0.134 0.112 0.985 -0.094 0.086 0.992 -0.052 0.049 0.997 -0.042 0.034 0.999 -0.04 0.029 0.999 -0.04 0.03 0.999 0.236 0.041 0.971 0.25 0.143 0.958 0.238 0.148 0.96 0.234 0.149 0.961 0.244 0.137 0.96 0.264 0.095 0.96 0.278 0.047 0.959 0.283 0.003 0.959 0.282 -0.02 0.959 0.286 -0.007 0.958 0.294 0.025 0.956 0.31 0.064 0.949 0.263 0.013 0.965 0.15 -0.124 0.981 0.147 -0.129 0.981 0.175 -0.115 0.978 0.271 -0.085 0.959 0.365 -0.058 0.929 0.395 -0.054 0.917 0.39 -0.052 0.92 0.228 0.003 0.974 0.161 0.019 0.987 0.196 -0.005 0.981 0.219 -0.026 0.975 0.229 -0.035 0.973 0.217 -0.017 0.976 0.197 0.022 0.98 0.183 0.071 0.981 0.176 0.116 0.978 0.177 0.132 0.975 0.174 0.128 0.976 0.167 0.118 0.979 0.032 0.131 0.991 -0.048 0.035 0.998 -0.041 0.026 0.999 -0.039 0.024 0.999 -0.041 0.045 0.998 -0.033 0.097 0.995 -0.015 0.153 0.988 0.01 0.197 0.98 0.026 0.219 0.975 0.016 0.211 0.977 -0.009 0.191 0.982 -0.046 0.167 0.985 0.028 0.183 0.983 0.206 0.231 0.951 0.213 0.233 0.949 0.18 0.239 0.954 0.078 0.272 0.959 -0.023 0.305 0.952 -0.053 0.319 0.946 -0.049 0.314 0.948 0.066 0.171 0.983 0.117 0.114 0.987 0.101 0.155 0.983 0.093 0.187 0.978 0.089 0.198 0.976 0.089 0.171 0.981 0.083 0.121 0.989 0.065 0.065 0.996 0.04 0.018 0.999 0.027 0.002 1 0.029 0.002 1 0.041 0.006 0.999 0.058 -0.195 0.979 0.183 -0.141 0.973 0.179 -0.127 0.976 0.178 -0.123 0.976 0.172 -0.143 0.975 0.141 -0.197 0.97 0.099 -0.247 0.964 0.057 -0.281 0.958 0.037 -0.294 0.955 0.057 -0.287 0.956 0.099 -0.274 0.957 0.152 -0.263 0.953 0.058 -0.249 0.967 -0.172 -0.221 0.96 -0.179 -0.221 0.959 -0.146 -0.241 0.959 -0.049 -0.32 0.946 0.047 -0.396 0.917 0.073 -0.423 0.903 0.071 -0.416 0.907 0.004 -0.206 0.979 -0.03 -0.117 0.993 -0.03 -0.171 0.985 -0.035 -0.214 0.976 -0.038 -0.234 0.971 -0.029 -0.212 0.977 -0.003 -0.165 0.986 0.039 -0.115 0.993 0.085 -0.074 0.994 0.103 -0.063 0.993 0.099 -0.063 0.993 0.085 -0.062 0.994 0.164 -0.205 0.965 0.019 -0.152 0.988 0.012 -0.167 0.986 0.01 -0.171 0.985 0.03 -0.159 0.987 0.099 -0.135 0.986 0.173 -0.121 0.977 0.232 -0.121 0.965 0.256 -0.124 0.959 0.231 -0.114 0.966 0.183 -0.095 0.979 0.127 -0.063 0.99 0.201 -0.151 0.968 0.374 -0.336 0.864 0.379 -0.341 0.86 0.368 -0.302 0.879 0.346 -0.165 0.924 0.321 -0.023 0.947 0.319 0.021 0.948 0.315 0.014 0.949 0.216 -0.24 0.946 0.175 -0.347 0.922 0.217 -0.298 0.93 0.255 -0.262 0.931 0.276 -0.242 0.93 0.254 -0.255 0.933 0.199 -0.278 0.94 0.125 -0.293 0.948 0.053 -0.294 0.954 0.03 -0.289 0.957 0.032 -0.292 0.956 0.044 -0.304 0.952 -0.09 0.233 0.968 -0.037 0.145 0.989 -0.033 0.147 0.989 -0.036 0.147 0.988 -0.052 0.146 0.988 -0.105 0.157 0.982 -0.15 0.173 0.973 -0.173 0.185 0.967 -0.172 0.184 0.968 -0.152 0.161 0.975 -0.125 0.128 0.984 -0.104 0.095 0.99 -0.122 0.177 0.976 -0.163 0.34 0.926 -0.165 0.345 0.924 -0.168 0.33 0.929 -0.192 0.267 0.944 -0.217 0.204 0.955 -0.225 0.19 0.956 -0.22 0.193 0.956 -0.077 0.294 0.953 -0.008 0.342 0.94 -0.046 0.331 0.942 -0.089 0.324 0.942 -0.12 0.319 0.94 -0.121 0.318 0.94 -0.095 0.314 0.945 -0.05 0.298 0.953 -0.003 0.273 0.962 0.009 0.262 0.965 0.011 0.26 0.965 0.01 0.264 0.964 0.211 -0.041 0.977 0.265 0.042 0.963 0.266 0.041 0.963 0.271 0.037 0.962 0.279 0.023 0.96 0.293 -0.026 0.956 0.3 -0.069 0.952 0.299 -0.086 0.95 0.302 -0.077 0.95 0.312 -0.045 0.949 0.327 -0.006 0.945 0.341 0.021 0.94 0.286 -0.033 0.958 0.181 -0.136 0.974 0.175 -0.141 0.974 0.182 -0.139 0.974 0.223 -0.132 0.966 0.263 -0.126 0.957 0.269 -0.126 0.955 0.263 -0.123 0.957 0.135 -0.056 0.989 0.065 -0.022 0.998 0.087 -0.043 0.995 0.112 -0.076 0.991 0.131 -0.103 0.986 0.136 -0.111 0.984 0.131 -0.095 0.987 0.126 -0.052 0.991 0.126 -0.001 0.992 0.13 0.015 0.991 0.132 0.02 0.991 0.133 0.021 0.991 -0.042 0.287 0.957 -0.171 0.2 0.965 -0.165 0.188 0.968 -0.163 0.186 0.969 -0.161 0.211 0.964 -0.139 0.277 0.951 -0.104 0.34 0.935 -0.066 0.384 0.921 -0.047 0.4 0.915 -0.069 0.389 0.919 -0.111 0.367 0.924 -0.166 0.345 0.924 -0.056 0.351 0.935 0.195 0.362 0.911 0.203 0.363 0.909 0.165 0.378 0.911 0.047 0.44 0.897 -0.07 0.497 0.865 -0.103 0.517 0.85 -0.099 0.511 0.854 0.023 0.311 0.95 0.081 0.22 0.972 0.068 0.276 0.959 0.064 0.322 0.945 0.062 0.345 0.936 0.058 0.321 0.945 0.041 0.267 0.963 0.006 0.204 0.979 -0.038 0.149 0.988 -0.057 0.133 0.989 -0.054 0.132 0.99 -0.041 0.134 0.99 -0.162 -0.226 0.961 -0.016 -0.243 0.97 -0.011 -0.226 0.974 -0.01 -0.22 0.975 -0.027 -0.235 0.972 -0.082 -0.264 0.961 -0.149 -0.284 0.947 -0.212 -0.289 0.934 -0.248 -0.286 0.925 -0.235 -0.291 0.927 -0.197 -0.304 0.932 -0.145 -0.329 0.933 -0.217 -0.259 0.941 -0.393 -0.091 0.915 -0.398 -0.087 0.913 -0.379 -0.132 0.916 -0.334 -0.274 0.902 -0.286 -0.411 0.866 -0.275 -0.455 0.847 -0.273 -0.449 0.851 -0.227 -0.228 0.947 -0.211 -0.131 0.969 -0.239 -0.179 0.954 -0.262 -0.21 0.942 -0.27 -0.221 0.937 -0.242 -0.2 0.949 -0.187 -0.171 0.967 -0.12 -0.15 0.981 -0.058 -0.143 0.988 -0.036 -0.146 0.989 -0.04 -0.142 0.989 -0.054 -0.131 0.99 0.175 0.18 0.968 0.068 0.279 0.958 0.054 0.269 0.962 0.049 0.265 0.963 0.072 0.267 0.961 0.133 0.257 0.957 0.2 0.233 0.952 0.254 0.197 0.947 0.283 0.171 0.944 0.276 0.183 0.944 0.254 0.216 0.943 0.228 0.266 0.937 0.242 0.168 0.956 0.281 -0.073 0.957 0.283 -0.079 0.956 0.295 -0.031 0.955 0.346 0.11 0.932 0.394 0.246 0.886 0.413 0.287 0.864 0.408 0.285 0.867 0.233 0.142 0.962 0.161 0.076 0.984 0.212 0.097 0.972 0.249 0.107 0.963 0.261 0.111 0.959 0.224 0.112 0.968 0.16 0.122 0.979 0.094 0.147 0.985 0.041 0.178 0.983 0.024 0.194 0.981 0.025 0.188 0.982 0.03 0.171 0.985 -0.241 0.217 0.946 -0.264 0.094 0.96 -0.259 0.093 0.961 -0.26 0.095 0.961 -0.275 0.107 0.955 -0.307 0.154 0.939 -0.33 0.204 0.922 -0.338 0.238 0.911 -0.339 0.245 0.908 -0.343 0.216 0.914 -0.349 0.173 0.921 -0.36 0.131 0.924 -0.308 0.213 0.927 -0.197 0.378 0.905 -0.193 0.384 0.903 -0.213 0.371 0.904 -0.291 0.333 0.897 -0.369 0.294 0.882 -0.39 0.286 0.875 -0.383 0.285 0.878 -0.195 0.269 0.943 -0.1 0.26 0.96 -0.138 0.278 0.951 -0.174 0.299 0.938 -0.198 0.315 0.928 -0.194 0.31 0.931 -0.174 0.282 0.944 -0.152 0.232 0.961 -0.137 0.176 0.975 -0.137 0.156 0.978 -0.137 0.154 0.979 -0.134 0.158 0.978 0.062 -0.136 0.989 0.043 -0.007 0.999 0.032 -0.006 0.999 0.03 -0.007 1 0.049 -0.019 0.999 0.088 -0.06 0.994 0.123 -0.11 0.986 0.142 -0.155 0.978 0.148 -0.178 0.973 0.148 -0.161 0.976 0.148 -0.125 0.981 0.153 -0.079 0.985 0.115 -0.157 0.981 0.035 -0.337 0.941 0.032 -0.343 0.939 0.057 -0.322 0.945 0.147 -0.261 0.954 0.238 -0.199 0.951 0.267 -0.184 0.946 0.26 -0.184 0.948 0.062 -0.193 0.979 -0.024 -0.199 0.98 0.02 -0.211 0.977 0.054 -0.225 0.973 0.07 -0.231 0.97 0.051 -0.217 0.975 0.015 -0.183 0.983 -0.019 -0.132 0.991 -0.042 -0.08 0.996 -0.046 -0.059 0.997 -0.047 -0.06 0.997 -0.051 -0.07 0.996 -0.003 0.086 0.996 -0.103 0.059 0.993 -0.102 0.053 0.993 -0.101 0.054 0.993 -0.096 0.071 0.993 -0.07 0.11 0.991 -0.01 0.165 0.986 -0.001 0.17 0.985 -0.021 0.164 0.986 -0.053 0.156 0.986 -0.088 0.152 0.984 -0.015 0.137 0.991 0.142 0.108 0.984 0.148 0.107 0.983 0.131 0.119 0.984 0.075 0.17 0.983 0.021 0.222 0.975 0.008 0.238 0.971 0.009 0.232 0.973 0.048 0.078 0.996 0.069 0.007 0.998 0.07 0.042 0.997 0.076 0.074 0.994 0.08 0.094 0.992 0.076 0.085 0.994 0.058 0.057 0.997 0.025 0.022 0.999 -0.012 -0.007 1 -0.028 -0.013 1 -0.029 -0.014 0.999 -0.024 -0.015 1 0.115 -0.132 0.984 0.191 -0.078 0.978 0.188 -0.074 0.979 0.188 -0.075 0.979 0.19 -0.089 0.978 0.184 -0.134 0.974 0.172 -0.175 0.969 0.159 -0.199 0.967 0.157 -0.202 0.967 0.176 -0.186 0.967 0.203 -0.163 0.966 0.232 -0.144 0.962 0.157 -0.163 0.974 0.004 -0.205 0.979 -0.001 -0.207 0.978 0.018 -0.209 0.978 0.085 -0.228 0.97 0.151 -0.248 0.957 0.168 -0.256 0.952 0.165 -0.252 0.954 0.009 -0.079 0.997 0.024 -0.111 0.994 0.034 -0.144 0.989 0.04 -0.168 0.985 0.04 -0.164 0.986 0.043 -0.137 0.99 0.056 -0.096 0.994 0.076 -0.056 0.996 0.086 -0.045 0.995 0.086 -0.044 0.995 0.082 -0.046 0.996 0.384 0.058 0.921 0.238 0.018 0.971 0.241 0.003 0.971 0.242 -0 0.97 0.251 0.024 0.968 0.29 0.08 0.954 0.341 0.132 0.931 0.389 0.164 0.907 0.413 0.175 0.894 0.393 0.172 0.903 0.35 0.167 0.922 0.295 0.166 0.941 0.399 0.129 0.908 0.615 0.053 0.787 0.62 0.051 0.783 0.592 0.081 0.802 0.503 0.187 0.844 0.406 0.293 0.866 0.377 0.329 0.866 0.379 0.322 0.868 0.449 0.072 0.891 0.476 -0.04 0.878 0.48 0.019 0.877 0.487 0.064 0.871 0.491 0.087 0.867 0.48 0.06 0.875 0.449 0.009 0.894 0.398 -0.042 0.916 0.343 -0.08 0.936 0.319 -0.088 0.944 0.322 -0.089 0.943 0.336 -0.093 0.937 -0.009 -0.132 0.991 0.075 -0.245 0.967 0.081 -0.24 0.967 0.079 -0.24 0.968 0.056 -0.243 0.968 -0.01 -0.234 0.972 -0.073 -0.214 0.974 -0.11 -0.194 0.975 -0.118 -0.189 0.975 -0.095 -0.215 0.972 -0.064 -0.253 0.965 -0.038 -0.295 0.955 -0.062 -0.188 0.98 -0.119 0.036 0.992 -0.121 0.044 0.992 -0.126 0.016 0.992 -0.157 -0.083 0.984 -0.189 -0.18 0.965 -0.201 -0.205 0.958 -0.195 -0.2 0.96 -0.019 -0.055 0.998 0.065 0.021 0.998 0.018 0.001 1 -0.03 -0.013 0.999 -0.064 -0.021 0.998 -0.054 -0.021 0.998 0.05 -0.047 0.998 0.11 -0.077 0.991 0.127 -0.092 0.988 0.129 -0.093 0.987 0.127 -0.086 0.988 0.121 0.092 0.988 0.121 0.213 0.97 0.114 0.213 0.97 0.115 0.212 0.971 0.131 0.201 0.971 0.17 0.16 0.972 0.201 0.112 0.973 0.216 0.076 0.974 0.219 0.065 0.974 0.218 0.092 0.972 0.218 0.132 0.967 0.224 0.175 0.959 0.183 0.093 0.979 0.1 -0.085 0.991 0.097 -0.092 0.991 0.117 -0.075 0.99 0.194 -0.024 0.981 0.271 0.025 0.962 0.294 0.035 0.955 0.287 0.036 0.957 0.094 0.035 0.995 0.001 0.031 1 0.042 0.019 0.999 0.08 0.002 0.997 0.104 -0.009 0.995 0.095 -0.002 0.995 0.068 0.027 0.997 0.038 0.074 0.997 0.015 0.126 0.992 0.012 0.145 0.989 0.011 0.146 0.989 0.008 0.14 0.99 -0.06 0.185 0.981 -0.127 0.077 0.989 -0.117 0.069 0.991 -0.115 0.067 0.991 -0.121 0.086 0.989 -0.126 0.142 0.982 -0.12 0.202 0.972 -0.106 0.249 0.963 -0.096 0.271 0.958 -0.108 0.257 0.96 -0.132 0.227 0.965 -0.166 0.193 0.967 -0.086 0.231 0.969 0.099 0.323 0.941 0.105 0.326 0.939 0.069 0.325 0.943 -0.046 0.334 0.941 -0.16 0.342 0.926 -0.194 0.349 0.917 -0.189 0.345 0.919 -0.027 0.226 0.974 0.047 0.177 0.983 0.018 0.216 0.976 -0 0.249 0.969 -0.009 0.264 0.964 -0.003 0.241 0.97 0.002 0.192 0.981 -0.003 0.133 0.991 -0.017 0.078 0.997 -0.026 0.061 0.998 -0.023 0.062 0.998 -0.012 0.068 0.998 0.142 -0.25 0.958 0.265 -0.233 0.936 0.266 -0.236 0.935 0.266 -0.243 0.933 0.262 -0.262 0.929 0.232 -0.32 0.919 0.201 -0.362 0.91 0.189 -0.373 0.908 0.206 -0.363 0.909 0.25 -0.34 0.907 0.3 -0.316 0.9 0.337 -0.303 0.891 0.232 -0.306 0.923 0.04 -0.305 0.952 0.032 -0.304 0.952 0.038 -0.307 0.951 0.078 -0.335 0.939 0.118 -0.362 0.925 0.123 -0.366 0.922 0.12 -0.359 0.925 0.055 -0.185 0.981 0.015 -0.084 0.996 0.018 -0.123 0.992 0.013 -0.179 0.984 0.006 -0.227 0.974 0.002 -0.245 0.969 0.009 -0.231 0.973 0.041 -0.19 0.981 0.087 -0.143 0.986 0.104 -0.133 0.986 0.112 -0.13 0.985 0.115 -0.13 0.985 -0.049 0.019 0.999 -0.177 0.077 0.981 -0.184 0.067 0.981 -0.184 0.065 0.981 -0.163 0.074 0.984 -0.103 0.086 0.991 -0.037 0.087 0.995 0.017 0.077 0.997 0.044 0.069 0.997 0.029 0.079 0.996 -0.005 0.1 0.995 -0.043 0.132 0.99 0.004 0.052 0.999 0.124 -0.13 0.984 0.129 -0.136 0.982 0.123 -0.099 0.987 0.12 0.021 0.993 0.119 0.142 0.983 0.124 0.178 0.976 0.12 0.172 0.978 0.005 -0.012 1 -0.039 -0.095 0.995 -0.002 -0.061 0.998 0.03 -0.039 0.999 0.045 -0.029 0.999 0.019 -0.038 0.999 -0.035 -0.049 0.998 -0.101 -0.05 0.994 -0.161 -0.041 0.986 -0.183 -0.032 0.983 -0.182 -0.034 0.983 -0.175 -0.044 0.984 0.019 -0.056 0.998 -0.01 -0.149 0.989 -0.006 -0.15 0.989 -0.008 -0.149 0.989 -0.018 -0.136 0.99 -0.039 -0.096 0.995 -0.053 -0.054 0.997 -0.056 -0.025 0.998 -0.057 -0.019 0.998 -0.061 -0.04 0.997 -0.07 -0.073 0.995 -0.083 -0.102 0.991 -0.034 -0.048 0.998 0.062 0.069 0.996 0.066 0.074 0.995 0.05 0.066 0.997 -0.013 0.045 0.999 -0.076 0.026 0.997 -0.093 0.024 0.995 -0.087 0.022 0.996 0.059 -0.019 0.998 0.129 -0.036 0.991 0.102 -0.019 0.995 0.076 0.003 0.997 0.06 0.018 0.998 0.063 0.012 0.998 0.077 -0.013 0.997 0.09 -0.056 0.994 0.096 -0.101 0.99 0.094 -0.117 0.989 0.094 -0.119 0.988 0.096 -0.116 0.989 -0.145 -0.037 0.989 -0.016 -0.029 0.999 -0.016 -0.019 1 -0.017 -0.018 1 -0.029 -0.036 0.999 -0.072 -0.073 0.995 -0.123 -0.103 0.987 -0.167 -0.119 0.979 -0.188 -0.124 0.974 -0.17 -0.124 0.978 -0.133 -0.126 0.983 -0.165 -0.091 0.982 -0.336 -0.002 0.942 -0.343 0.001 0.939 -0.324 -0.024 0.946 -0.271 -0.113 0.956 -0.218 -0.204 0.955 -0.205 -0.232 0.951 -0.205 -0.225 0.953 -0.201 -0.03 0.979 -0.202 0.058 0.978 -0.216 0.015 0.976 -0.232 -0.019 0.972 -0.24 -0.035 0.97 -0.227 -0.019 0.974 -0.192 0.013 0.981 -0.14 0.043 0.989 -0.087 0.063 0.994 -0.066 0.066 0.996 -0.067 0.067 0.996 -0.076 0.071 0.995 0.079 0.093 0.992 -0.008 0.122 0.993 -0.009 0.117 0.993 -0.008 0.118 0.993 0.002 0.128 0.992 0.041 0.149 0.988 0.08 0.164 0.983 0.106 0.168 0.98 0.11 0.168 0.98 0.086 0.173 0.981 0.053 0.181 0.982 0.021 0.194 0.981 0.079 0.145 0.986 0.201 0.048 0.978 0.205 0.045 0.978 0.196 0.061 0.979 0.172 0.126 0.977 0.15 0.19 0.97 0.146 0.208 0.967 0.145 0.204 0.968 0.113 0.053 0.992 0.099 -0.022 0.995 0.115 0.008 0.993 0.136 0.035 0.99 0.151 0.054 0.987 0.148 0.052 0.988 0.125 0.039 0.991 0.085 0.025 0.996 0.042 0.018 0.999 0.028 0.019 0.999 0.027 0.019 0.999 0.031 0.016 0.999 -0.229 0.2 0.953 -0.11 0.105 0.988 -0.1 0.115 0.988 -0.099 0.118 0.988 -0.123 0.112 0.986 -0.191 0.111 0.975 -0.262 0.123 0.957 -0.316 0.144 0.938 -0.34 0.158 0.927 -0.325 0.143 0.935 -0.296 0.111 0.949 -0.262 0.066 0.963 -0.295 0.173 0.94 -0.365 0.398 0.842 -0.367 0.404 0.838 -0.373 0.362 0.854 -0.404 0.227 0.886 -0.431 0.086 0.898 -0.443 0.043 0.896 -0.438 0.049 0.898 -0.279 0.246 0.928 -0.206 0.334 0.92 -0.256 0.303 0.918 -0.296 0.283 0.912 -0.316 0.273 0.909 -0.288 0.279 0.916 -0.229 0.282 0.932 -0.158 0.27 0.95 -0.095 0.246 0.965 -0.075 0.232 0.97 -0.075 0.235 0.969 -0.08 0.248 0.965 0.151 -0.006 0.989 0.191 0.128 0.973 0.184 0.13 0.974 0.185 0.128 0.974 0.2 0.112 0.973 0.232 0.054 0.971 0.252 -0.007 0.968 0.257 -0.048 0.965 0.258 -0.058 0.965 0.265 -0.025 0.964 0.278 0.023 0.96 0.295 0.069 0.953 0.225 -0.014 0.974 0.081 -0.189 0.979 0.076 -0.195 0.978 0.101 -0.183 0.978 0.197 -0.15 0.969 0.291 -0.118 0.949 0.318 -0.113 0.941 0.311 -0.111 0.944 0.095 -0.058 0.994 -0.013 -0.036 0.999 0.03 -0.061 0.998 0.069 -0.091 0.993 0.094 -0.113 0.989 0.089 -0.105 0.99 0.069 -0.069 0.995 0.049 -0.008 0.999 0.039 0.057 0.998 0.041 0.079 0.996 0.041 0.081 0.996 0.037 0.075 0.996 -0.101 -0.032 0.994 -0.198 -0.1 0.975 -0.194 -0.106 0.975 -0.193 -0.104 0.976 -0.194 -0.085 0.977 -0.184 -0.031 0.982 -0.164 0.021 0.986 -0.144 0.053 0.988 -0.137 0.062 0.989 -0.157 0.046 0.986 -0.19 0.023 0.982 -0.227 0.003 0.974 -0.138 0.017 0.99 0.051 0.054 0.997 0.058 0.055 0.997 0.033 0.061 0.998 -0.052 0.093 0.994 -0.136 0.127 0.983 -0.157 0.14 0.978 -0.154 0.134 0.979 -0.041 -0.021 0.999 0.017 -0.092 0.996 0.002 -0.053 0.999 -0.006 -0.013 1 -0.011 0.012 1 -0.012 0.001 1 -0.019 -0.036 0.999 -0.039 -0.088 0.995 -0.067 -0.135 0.989 -0.081 -0.149 0.986 -0.081 -0.15 0.985 -0.074 -0.148 0.986 -0.071 -0.228 0.971 0.053 -0.219 0.974 0.054 -0.206 0.977 0.054 -0.203 0.978 0.042 -0.219 0.975 0.001 -0.255 0.967 -0.05 -0.284 0.957 -0.096 -0.3 0.949 -0.119 -0.304 0.945 -0.101 -0.305 0.947 -0.064 -0.307 0.95 -0.017 -0.315 0.949 -0.093 -0.273 0.957 -0.274 -0.179 0.945 -0.28 -0.176 0.944 -0.258 -0.204 0.944 -0.199 -0.3 0.933 -0.14 -0.394 0.908 -0.126 -0.424 0.897 -0.126 -0.418 0.9 -0.123 -0.224 0.967 -0.126 -0.139 0.982 -0.141 -0.183 0.973 -0.156 -0.216 0.964 -0.164 -0.231 0.959 -0.149 -0.214 0.965 -0.113 -0.183 0.977 -0.062 -0.153 0.986 -0.011 -0.133 0.991 0.009 -0.131 0.991 0.006 -0.129 0.992 -0.005 -0.124 0.992 0.156 0.185 0.97 0.071 0.273 0.959 0.073 0.276 0.959 0.079 0.281 0.957 0.096 0.289 0.953 0.159 0.298 0.941 0.21 0.299 0.931 0.225 0.297 0.928 0.207 0.304 0.93 0.164 0.326 0.931 0.116 0.353 0.929 0.084 0.375 0.923 0.148 0.29 0.945 0.259 0.136 0.956 0.263 0.129 0.956 0.261 0.135 0.956 0.26 0.184 0.948 0.258 0.233 0.938 0.259 0.239 0.936 0.255 0.233 0.939 0.156 0.076 0.985 0.099 -0.015 0.995 0.129 0.01 0.992 0.175 0.039 0.984 0.217 0.063 0.974 0.233 0.07 0.97 0.218 0.068 0.974 0.167 0.068 0.984 0.104 0.077 0.992 0.086 0.085 0.993 0.08 0.089 0.993 0.078 0.092 0.993 0.055 -0.125 0.991 0.081 -0.258 0.963 0.094 -0.257 0.962 0.096 -0.256 0.962 0.076 -0.245 0.966 0.032 -0.205 0.978 -0.007 -0.154 0.988 -0.03 -0.106 0.994 -0.038 -0.08 0.996 -0.037 -0.098 0.995 -0.035 -0.136 0.99 -0.039 -0.184 0.982 -0.002 -0.101 0.995 0.072 0.099 0.992 0.074 0.106 0.992 0.049 0.08 0.996 -0.045 0.008 0.999 -0.14 -0.062 0.988 -0.172 -0.078 0.982 -0.165 -0.078 0.983 0.048 -0.064 0.997 0.139 -0.051 0.989 0.091 -0.041 0.995 0.055 -0.029 0.998 0.038 -0.023 0.999 0.06 -0.038 0.997 0.1 -0.074 0.992 0.139 -0.125 0.982 0.166 -0.178 0.97 0.171 -0.2 0.965 0.173 -0.198 0.965 0.176 -0.186 0.966 0.075 -0.028 0.997 0.165 0.004 0.986 0.163 0.007 0.987 0.163 0.005 0.987 0.16 -0.01 0.987 0.14 -0.05 0.989 0.114 -0.086 0.99 0.094 -0.105 0.99 0.089 -0.109 0.99 0.109 -0.1 0.989 0.139 -0.088 0.986 0.17 -0.081 0.982 0.099 -0.074 0.992 -0.048 -0.066 0.997 -0.055 -0.066 0.996 -0.039 -0.073 0.997 0.013 -0.111 0.994 0.064 -0.15 0.987 0.076 -0.162 0.984 0.074 -0.156 0.985 0.023 -0.018 1 -0.005 0.048 0.999 -0.002 0.016 1 -0.005 -0.016 1 -0.007 -0.038 0.999 -0.005 -0.032 0.999 0.008 -0.007 1 0.034 0.028 0.999 0.066 0.059 0.996 0.08 0.067 0.995 0.082 0.068 0.994 0.078 0.068 0.995 0.154 -0.167 0.974 0.074 -0.071 0.995 0.066 -0.076 0.995 0.066 -0.078 0.995 0.086 -0.078 0.993 0.14 -0.09 0.986 0.194 -0.112 0.975 0.231 -0.137 0.963 0.247 -0.15 0.957 0.237 -0.136 0.962 0.217 -0.106 0.97 0.198 -0.067 0.978 0.208 -0.151 0.966 0.234 -0.335 0.913 0.236 -0.342 0.91 0.244 -0.313 0.918 0.285 -0.22 0.933 0.326 -0.126 0.937 0.342 -0.1 0.934 0.336 -0.103 0.936 0.18 -0.215 0.96 0.111 -0.266 0.958 0.153 -0.252 0.955 0.189 -0.246 0.951 0.206 -0.242 0.948 0.186 -0.241 0.953 0.141 -0.232 0.962 0.088 -0.21 0.974 0.041 -0.18 0.983 0.027 -0.165 0.986 0.026 -0.166 0.986 0.028 -0.176 0.984 -0.124 0.306 0.944 0.001 0.219 0.976 0.017 0.232 0.973 0.022 0.236 0.971 -0.002 0.233 0.972 -0.067 0.238 0.969 -0.14 0.254 0.957 -0.202 0.28 0.938 -0.236 0.299 0.925 -0.228 0.29 0.929 -0.201 0.262 0.944 -0.166 0.215 0.962 -0.19 0.306 0.933 -0.261 0.516 0.816 -0.263 0.521 0.812 -0.271 0.478 0.835 -0.311 0.339 0.888 -0.349 0.192 0.917 -0.366 0.145 0.919 -0.36 0.15 0.921 -0.183 0.33 0.926 -0.116 0.4 0.909 -0.171 0.373 0.912 -0.209 0.358 0.91 -0.221 0.352 0.909 -0.181 0.358 0.916 -0.112 0.358 0.927 -0.039 0.342 0.939 0.02 0.317 0.948 0.04 0.303 0.952 0.037 0.31 0.95 0.03 0.328 0.944 0.27 0.071 0.96 0.275 0.238 0.932 0.267 0.238 0.934 0.269 0.237 0.934 0.291 0.221 0.931 0.348 0.158 0.924 0.389 0.092 0.916 0.406 0.049 0.913 0.408 0.045 0.912 0.405 0.091 0.91 0.401 0.157 0.903 0.403 0.219 0.889 0.356 0.1 0.929 0.249 -0.157 0.956 0.246 -0.166 0.955 0.268 -0.145 0.952 0.363 -0.082 0.928 0.453 -0.02 0.891 0.478 -0.008 0.878 0.469 -0.007 0.883 0.208 -0 0.978 0.075 -0.003 0.997 0.135 -0.023 0.991 0.194 -0.051 0.98 0.234 -0.073 0.97 0.231 -0.07 0.97 0.201 -0.036 0.979 0.158 0.03 0.987 0.122 0.107 0.987 0.116 0.134 0.984 0.116 0.136 0.984 0.113 0.128 0.985 -0.232 0.197 0.952 -0.346 0.098 0.933 -0.341 0.092 0.936 -0.341 0.094 0.935 -0.346 0.116 0.931 -0.343 0.191 0.919 -0.33 0.259 0.908 -0.314 0.296 0.902 -0.314 0.298 0.901 -0.344 0.264 0.901 -0.385 0.218 0.897 -0.427 0.18 0.886 -0.312 0.231 0.922 -0.066 0.33 0.942 -0.059 0.333 0.941 -0.089 0.334 0.938 -0.198 0.351 0.915 -0.303 0.367 0.88 -0.329 0.374 0.867 -0.324 0.369 0.871 -0.142 0.204 0.969 -0.043 0.119 0.992 -0.073 0.17 0.983 -0.096 0.225 0.97 -0.111 0.267 0.957 -0.112 0.265 0.958 -0.112 0.226 0.968 -0.126 0.158 0.979 -0.152 0.086 0.985 -0.165 0.066 0.984 -0.165 0.065 0.984 -0.158 0.068 0.985 0.06 -0.032 0.998 0.221 0.021 0.975 0.22 0.024 0.975 0.219 0.018 0.975 0.213 -0.01 0.977 0.175 -0.084 0.981 0.13 -0.146 0.981 0.1 -0.175 0.98 0.1 -0.176 0.979 0.14 -0.157 0.978 0.197 -0.131 0.972 0.249 -0.116 0.962 0.126 -0.111 0.986 -0.127 -0.107 0.986 -0.138 -0.106 0.985 -0.118 -0.116 0.986 -0.041 -0.171 0.984 0.034 -0.226 0.973 0.05 -0.242 0.969 0.046 -0.231 0.972 -0.037 0.006 0.999 -0.081 0.123 0.989 -0.079 0.068 0.995 -0.085 0.005 0.996 -0.091 -0.039 0.995 -0.089 -0.038 0.995 -0.071 -0.001 0.997 -0.027 0.061 0.998 0.032 0.121 0.992 0.056 0.136 0.989 0.061 0.139 0.988 0.058 0.139 0.989 0.178 0.122 0.976 0.044 0.186 0.981 0.033 0.174 0.984 0.03 0.169 0.985 0.053 0.177 0.983 0.114 0.182 0.977 0.184 0.174 0.967 0.245 0.155 0.957 0.28 0.138 0.95 0.272 0.146 0.951 0.245 0.169 0.955 0.207 0.208 0.956 0.244 0.126 0.962 0.341 -0.076 0.937 0.345 -0.082 0.935 0.344 -0.037 0.938 0.356 0.101 0.929 0.366 0.236 0.9 0.374 0.278 0.885 0.369 0.273 0.889 0.242 0.104 0.965 0.193 0.031 0.981 0.236 0.062 0.97 0.267 0.078 0.961 0.275 0.083 0.958 0.239 0.075 0.968 0.175 0.069 0.982 0.106 0.076 0.991 0.046 0.093 0.995 0.025 0.104 0.994 0.027 0.099 0.995 0.035 0.085 0.996 0.26 -0.318 0.912 0.112 -0.29 0.95 0.102 -0.308 0.946 0.099 -0.314 0.944 0.12 -0.302 0.946 0.182 -0.28 0.943 0.255 -0.266 0.93 0.323 -0.264 0.909 0.36 -0.267 0.894 0.35 -0.262 0.899 0.314 -0.248 0.916 0.264 -0.221 0.939 0.321 -0.292 0.901 0.464 -0.446 0.765 0.469 -0.45 0.76 0.46 -0.41 0.788 0.444 -0.271 0.854 0.423 -0.124 0.898 0.42 -0.074 0.904 0.417 -0.081 0.905 0.324 -0.316 0.892 0.289 -0.405 0.868 0.329 -0.359 0.874 0.358 -0.33 0.873 0.367 -0.32 0.873 0.333 -0.341 0.879 0.269 -0.369 0.89 0.196 -0.385 0.902 0.131 -0.386 0.913 0.108 -0.381 0.918 0.113 -0.386 0.916 0.126 -0.399 0.908 -0.196 -0.258 0.946 -0.136 -0.41 0.902 -0.128 -0.408 0.904 -0.131 -0.407 0.904 -0.157 -0.402 0.902 -0.234 -0.365 0.901 -0.299 -0.319 0.899 -0.331 -0.286 0.899 -0.334 -0.283 0.899 -0.313 -0.324 0.893 -0.284 -0.383 0.879 -0.263 -0.439 0.859 -0.265 -0.315 0.911 -0.265 -0.04 0.963 -0.265 -0.03 0.964 -0.278 -0.057 0.959 -0.341 -0.15 0.928 -0.402 -0.239 0.884 -0.42 -0.259 0.87 -0.412 -0.256 0.874 -0.165 -0.169 0.972 -0.042 -0.117 0.992 -0.106 -0.122 0.987 -0.217 -0.112 0.97 -0.214 -0.114 0.97 -0.172 -0.134 0.976 -0.107 -0.179 0.978 -0.044 -0.236 0.971 -0.028 -0.258 0.966 -0.026 -0.26 0.965 -0.027 -0.252 0.967 0.318 -0.177 0.931 0.384 -0.039 0.923 0.377 -0.037 0.925 0.378 -0.038 0.925 0.391 -0.056 0.919 0.418 -0.125 0.9 0.431 -0.192 0.882 0.431 -0.232 0.872 0.431 -0.233 0.871 0.446 -0.19 0.875 0.466 -0.132 0.875 0.49 -0.078 0.868 0.404 -0.174 0.898 0.216 -0.363 0.906 0.21 -0.368 0.906 0.238 -0.358 0.903 0.345 -0.329 0.879 0.447 -0.299 0.843 0.474 -0.294 0.83 0.468 -0.292 0.834 0.238 -0.22 0.946 0.114 -0.183 0.976 0.161 -0.217 0.963 0.203 -0.258 0.945 0.233 -0.289 0.928 0.233 -0.287 0.929 0.219 -0.252 0.943 0.206 -0.184 0.961 0.201 -0.109 0.973 0.206 -0.086 0.975 0.206 -0.084 0.975 0.2 -0.09 0.976 -0.04 -0.085 0.996 -0.169 -0.193 0.966 -0.167 -0.196 0.966 -0.169 -0.191 0.967 -0.174 -0.163 0.971 -0.167 -0.079 0.983 -0.15 -0.005 0.989 -0.133 0.033 0.991 -0.134 0.035 0.99 -0.163 0.002 0.987 -0.206 -0.044 0.978 -0.248 -0.078 0.966 -0.132 -0.036 0.991 0.103 0.059 0.993 0.114 0.063 0.992 0.092 0.064 0.994 -0.001 0.084 0.996 -0.093 0.107 0.99 -0.113 0.115 0.987 -0.105 0.107 0.989 0.064 -0.082 0.995 0.151 -0.171 0.974 0.127 -0.121 0.984 0.108 -0.062 0.992 0.096 -0.019 0.995 0.095 -0.02 0.995 0.093 -0.062 0.994 0.076 -0.136 0.988 0.046 -0.214 0.976 0.029 -0.237 0.971 0.025 -0.241 0.97 0.028 -0.24 0.97 -0.09 -0.271 0.959 0.06 -0.278 0.959 0.065 -0.262 0.963 0.066 -0.257 0.964 0.047 -0.272 0.961 -0.008 -0.3 0.954 -0.075 -0.32 0.944 -0.14 -0.325 0.935 -0.178 -0.323 0.93 -0.169 -0.326 0.93 -0.134 -0.337 0.932 -0.084 -0.359 0.93 -0.149 -0.299 0.943 -0.319 -0.148 0.936 -0.325 -0.143 0.935 -0.306 -0.185 0.934 -0.264 -0.316 0.911 -0.221 -0.442 0.869 -0.213 -0.481 0.85 -0.21 -0.475 0.854 -0.156 -0.277 0.948 -0.139 -0.192 0.971 -0.167 -0.237 0.957 -0.19 -0.263 0.946 -0.195 -0.271 0.943 -0.165 -0.25 0.954 -0.108 -0.221 0.969 -0.04 -0.201 0.979 0.021 -0.193 0.981 0.045 -0.195 0.98 0.042 -0.192 0.981 0.028 -0.182 0.983 0.429 -0.063 0.901 0.29 -0.119 0.95 0.292 -0.139 0.946 0.293 -0.146 0.945 0.304 -0.124 0.945 0.343 -0.072 0.936 0.396 -0.02 0.918 0.451 0.018 0.892 0.484 0.035 0.874 0.473 0.034 0.881 0.436 0.027 0.9 0.379 0.024 0.925 0.465 -0.007 0.885 0.665 -0.067 0.744 0.671 -0.068 0.739 0.642 -0.037 0.766 0.555 0.075 0.828 0.457 0.19 0.869 0.427 0.231 0.874 0.429 0.224 0.875 0.481 -0.027 0.876 0.5 -0.122 0.858 0.508 -0.061 0.859 0.516 -0.02 0.856 0.518 -0.007 0.855 0.502 -0.044 0.864 0.464 -0.102 0.88 0.411 -0.154 0.898 0.358 -0.19 0.914 0.336 -0.199 0.921 0.343 -0.2 0.918 0.361 -0.204 0.91 0.014 -0.262 0.965 0.147 -0.36 0.921 0.152 -0.353 0.923 0.15 -0.354 0.923 0.124 -0.364 0.923 0.039 -0.376 0.926 -0.041 -0.373 0.927 -0.087 -0.363 0.928 -0.091 -0.363 0.927 -0.05 -0.386 0.921 0.006 -0.42 0.908 0.054 -0.457 0.888 -0.014 -0.35 0.936 -0.166 -0.115 0.979 -0.171 -0.107 0.979 -0.167 -0.138 0.976 -0.17 -0.253 0.952 -0.173 -0.364 0.915 -0.178 -0.392 0.903 -0.172 -0.385 0.907 -0.01 -0.169 0.986 0.066 -0.055 0.996 0.015 -0.095 0.995 -0.044 -0.128 0.991 -0.085 -0.149 0.985 -0.081 -0.149 0.985 -0.035 -0.142 0.989 0.045 -0.144 0.989 0.13 -0.157 0.979 0.155 -0.167 0.974 0.158 -0.168 0.973 0.153 -0.162 0.975 0.4 0.09 0.912 0.378 0.242 0.894 0.371 0.24 0.897 0.373 0.239 0.897 0.393 0.231 0.89 0.454 0.186 0.871 0.501 0.136 0.854 0.522 0.102 0.847 0.524 0.101 0.846 0.512 0.146 0.847 0.497 0.206 0.843 0.487 0.263 0.833 0.469 0.138 0.873 0.416 -0.125 0.901 0.415 -0.133 0.9 0.432 -0.108 0.895 0.505 -0.026 0.863 0.572 0.053 0.818 0.592 0.071 0.803 0.586 0.07 0.808 0.358 0.01 0.934 0.234 -0.025 0.972 0.291 -0.028 0.956 0.349 -0.041 0.936 0.391 -0.052 0.919 0.39 -0.05 0.919 0.358 -0.027 0.933 0.311 0.023 0.95 0.266 0.086 0.96 0.256 0.107 0.961 0.255 0.109 0.961 0.254 0.101 0.962 0.05 -0.027 0.998 0.001 -0.192 0.981 0.004 -0.193 0.981 -0.001 -0.189 0.982 -0.02 -0.168 0.986 -0.061 -0.093 0.994 -0.087 -0.021 0.996 -0.095 0.021 0.995 -0.096 0.022 0.995 -0.102 -0.023 0.995 -0.114 -0.085 0.99 -0.13 -0.138 0.982 -0.055 -0.037 0.998 0.09 0.173 0.981 0.097 0.183 0.978 0.078 0.172 0.982 -0.011 0.138 0.99 -0.102 0.105 0.989 -0.123 0.101 0.987 -0.112 0.098 0.989 0.136 0.034 0.99 0.257 0.005 0.966 0.211 0.035 0.977 0.162 0.075 0.984 0.128 0.105 0.986 0.128 0.103 0.986 0.149 0.067 0.987 0.176 -0.006 0.984 0.193 -0.089 0.977 0.192 -0.118 0.974 0.191 -0.124 0.974 0.193 -0.121 0.974 0.11 -0.213 0.971 0.24 -0.136 0.961 0.235 -0.12 0.965 0.233 -0.115 0.966 0.226 -0.138 0.964 0.196 -0.193 0.962 0.149 -0.247 0.957 0.097 -0.288 0.953 0.063 -0.308 0.949 0.074 -0.306 0.949 0.109 -0.295 0.949 0.163 -0.286 0.944 0.075 -0.27 0.96 -0.152 -0.238 0.959 -0.159 -0.238 0.958 -0.121 -0.262 0.957 -0.013 -0.351 0.936 0.091 -0.435 0.896 0.12 -0.465 0.877 0.119 -0.458 0.881 0.057 -0.256 0.965 0.025 -0.174 0.984 0.026 -0.227 0.973 0.021 -0.263 0.965 0.021 -0.273 0.962 0.035 -0.238 0.971 0.114 -0.126 0.985 0.161 -0.085 0.983 0.183 -0.073 0.98 0.178 -0.072 0.981 0.161 -0.071 0.984</float_array><technique_common><accessor source="#ROW_20_SEG2_foliage-nrm-a" count="6974" stride="3"><param name="X" type="float"/><param name="Y" type="float"/><param name="Z" type="float"/></accessor></technique_common></source>
        <vertices id="ROW_20_SEG2_foliage-vtx"><input semantic="POSITION" source="#ROW_20_SEG2_foliage-pos"/></vertices>
        <triangles count="480" material="MAT_COTTON_LEAF_0-mat"><input semantic="VERTEX" source="#ROW_20_SEG2_foliage-vtx" offset="0"/><input semantic="NORMAL" source="#ROW_20_SEG2_foliage-nrm" offset="1"/><p>0 0 1 1 2 2 0 0 2 2 3 3 0 0 3 3 4 4 0 0 4 4 5 5 0 0 5 5 6 6 0 0 6 6 7 7 0 0 7 7 8 8 0 0 8 8 9 9 0 0 9 9 10 10 0 0 10 10 11 11 0 0 11 11 12 12 0 0 12 12 13 13 0 0 13 13 14 14 0 0 14 14 15 15 0 0 15 15 16 16 0 0 16 16 17 17 0 0 17 17 18 18 0 0 18 18 19 19 0 0 19 19 20 20 0 0 20 20 21 21 0 0 21 21 22 22 0 0 22 22 23 23 0 0 23 23 24 24 0 0 24 24 25 25 0 0 25 25 26 26 0 0 26 26 27 27 0 0 27 27 28 28 0 0 28 28 29 29 0 0 29 29 30 30 0 0 30 30 31 31 32 32 33 33 34 34 32 32 34 34 35 35 32 32 35 35 36 36 32 32 36 36 37 37 32 32 37 37 38 38 32 32 38 38 39 39 32 32 39 39 40 40 32 32 40 40 41 41 32 32 41 41 42 42 32 32 42 42 43 43 32 32 43 43 44 44 32 32 44 44 45 45 32 32 45 45 46 46 32 32 46 46 47 47 32 32 47 47 48 48 32 32 48 48 49 49 32 32 49 49 50 50 32 32 50 50 51 51 32 32 51 51 52 52 32 32 52 52 53 53 32 32 53 53 54 54 32 32 54 54 55 55 32 32 55 55 56 56 32 32 56 56 57 57 32 32 57 57 58 58 32 32 58 58 59 59 32 32 59 59 60 60 32 32 60 60 61 61 32 32 61 61 62 62 32 32 62 62 63 63 64 64 65 65 66 66 64 64 66 66 67 67 64 64 67 67 68 68 64 64 68 68 69 69 64 64 69 69 70 70 64 64 70 70 71 71 64 64 71 71 72 72 64 64 72 72 73 73 64 64 73 73 74 74 64 64 74 74 75 75 64 64 75 75 76 76 64 64 76 76 77 77 64 64 77 77 78 78 64 64 78 78 79 79 64 64 79 79 80 80 64 64 80 80 81 81 64 64 81 81 82 82 64 64 82 82 83 83 64 64 83 83 84 84 64 64 84 84 85 85 64 64 85 85 86 86 64 64 86 86 87 87 64 64 87 87 88 88 64 64 88 88 89 89 64 64 89 89 90 90 64 64 90 90 91 91 64 64 91 91 92 92 64 64 92 92 93 93 64 64 93 93 94 94 64 64 94 94 95 95 96 96 97 97 98 98 96 96 98 98 99 99 96 96 99 99 100 100 96 96 100 100 101 101 96 96 101 101 102 102 96 96 102 102 103 103 96 96 103 103 104 104 96 96 104 104 105 105 96 96 105 105 106 106 96 96 106 106 107 107 96 96 107 107 108 108 96 96 108 108 109 109 96 96 109 109 110 110 96 96 110 110 111 111 96 96 111 111 112 112 96 96 112 112 113 113 96 96 113 113 114 114 96 96 114 114 115 115 96 96 115 115 116 116 96 96 116 116 117 117 96 96 117 117 118 118 96 96 118 118 119 119 96 96 119 119 120 120 96 96 120 120 121 121 96 96 121 121 122 122 96 96 122 122 123 123 96 96 123 123 124 124 96 96 124 124 125 125 96 96 125 125 126 126 96 96 126 126 127 127 128 128 129 129 130 130 128 128 130 130 131 131 128 128 131 131 132 132 128 128 132 132 133 133 128 128 133 133 134 134 128 128 134 134 135 135 128 128 135 135 136 136 128 128 136 136 137 137 128 128 137 137 138 138 128 128 138 138 139 139 128 128 139 139 140 140 128 128 140 140 141 141 128 128 141 141 142 142 128 128 142 142 143 143 128 128 143 143 144 144 128 128 144 144 145 145 128 128 145 145 146 146 128 128 146 146 147 147 128 128 147 147 148 148 128 128 148 148 149 149 128 128 149 149 150 150 128 128 150 150 151 151 128 128 151 151 152 152 128 128 152 152 153 153 128 128 153 153 154 154 128 128 154 154 155 155 128 128 155 155 156 156 128 128 156 156 157 157 128 128 157 157 158 158 128 128 158 158 159 159 160 160 161 161 162 162 160 160 162 162 163 163 160 160 163 163 164 164 160 160 164 164 165 165 160 160 165 165 166 166 160 160 166 166 167 167 160 160 167 167 168 168 160 160 168 168 169 169 160 160 169 169 170 170 160 160 170 170 171 171 160 160 171 171 172 172 160 160 172 172 173 173 160 160 173 173 174 174 160 160 174 174 175 175 160 160 175 175 176 176 160 160 176 176 177 177 160 160 177 177 178 178 160 160 178 178 179 179 160 160 179 179 180 180 160 160 180 180 181 181 160 160 181 181 182 182 160 160 182 182 183 183 160 160 183 183 184 184 160 160 184 184 185 185 160 160 185 185 186 186 160 160 186 186 187 187 160 160 187 187 188 188 160 160 188 188 189 189 160 160 189 189 190 190 160 160 190 190 191 191 192 192 193 193 194 194 192 192 194 194 195 195 192 192 195 195 196 196 192 192 196 196 197 197 192 192 197 197 198 198 192 192 198 198 199 199 192 192 199 199 200 200 192 192 200 200 201 201 192 192 201 201 202 202 192 192 202 202 203 203 192 192 203 203 204 204 192 192 204 204 205 205 192 192 205 205 206 206 192 192 206 206 207 207 192 192 207 207 208 208 192 192 208 208 209 209 192 192 209 209 210 210 192 192 210 210 211 211 192 192 211 211 212 212 192 192 212 212 213 213 192 192 213 213 214 214 192 192 214 214 215 215 192 192 215 215 216 216 192 192 216 216 217 217 192 192 217 217 218 218 192 192 218 218 219 219 192 192 219 219 220 220 192 192 220 220 221 221 192 192 221 221 222 222 192 192 222 222 223 223 224 224 225 225 226 226 224 224 226 226 227 227 224 224 227 227 228 228 224 224 228 228 229 229 224 224 229 229 230 230 224 224 230 230 231 231 224 224 231 231 232 232 224 224 232 232 233 233 224 224 233 233 234 234 224 224 234 234 235 235 224 224 235 235 236 236 224 224 236 236 237 237 224 224 237 237 238 238 224 224 238 238 239 239 224 224 239 239 240 240 224 224 240 240 241 241 224 224 241 241 242 242 224 224 242 242 243 243 224 224 243 243 244 244 224 224 244 244 245 245 224 224 245 245 246 246 224 224 246 246 247 247 224 224 247 247 248 248 224 224 248 248 249 249 224 224 249 249 250 250 224 224 250 250 251 251 224 224 251 251 252 252 224 224 252 252 253 253 224 224 253 253 254 254 224 224 254 254 255 255 0 3487 2 3489 1 3488 0 3487 3 3490 2 3489 0 3487 4 3491 3 3490 0 3487 5 3492 4 3491 0 3487 6 3493 5 3492 0 3487 7 3494 6 3493 0 3487 8 3495 7 3494 0 3487 9 3496 8 3495 0 3487 10 3497 9 3496 0 3487 11 3498 10 3497 0 3487 12 3499 11 3498 0 3487 13 3500 12 3499 0 3487 14 3501 13 3500 0 3487 15 3502 14 3501 0 3487 16 3503 15 3502 0 3487 17 3504 16 3503 0 3487 18 3505 17 3504 0 3487 19 3506 18 3505 0 3487 20 3507 19 3506 0 3487 21 3508 20 3507 0 3487 22 3509 21 3508 0 3487 23 3510 22 3509 0 3487 24 3511 23 3510 0 3487 25 3512 24 3511 0 3487 26 3513 25 3512 0 3487 27 3514 26 3513 0 3487 28 3515 27 3514 0 3487 29 3516 28 3515 0 3487 30 3517 29 3516 0 3487 31 3518 30 3517 32 3519 34 3521 33 3520 32 3519 35 3522 34 3521 32 3519 36 3523 35 3522 32 3519 37 3524 36 3523 32 3519 38 3525 37 3524 32 3519 39 3526 38 3525 32 3519 40 3527 39 3526 32 3519 41 3528 40 3527 32 3519 42 3529 41 3528 32 3519 43 3530 42 3529 32 3519 44 3531 43 3530 32 3519 45 3532 44 3531 32 3519 46 3533 45 3532 32 3519 47 3534 46 3533 32 3519 48 3535 47 3534 32 3519 49 3536 48 3535 32 3519 50 3537 49 3536 32 3519 51 3538 50 3537 32 3519 52 3539 51 3538 32 3519 53 3540 52 3539 32 3519 54 3541 53 3540 32 3519 55 3542 54 3541 32 3519 56 3543 55 3542 32 3519 57 3544 56 3543 32 3519 58 3545 57 3544 32 3519 59 3546 58 3545 32 3519 60 3547 59 3546 32 3519 61 3548 60 3547 32 3519 62 3549 61 3548 32 3519 63 3550 62 3549 64 3551 66 3553 65 3552 64 3551 67 3554 66 3553 64 3551 68 3555 67 3554 64 3551 69 3556 68 3555 64 3551 70 3557 69 3556 64 3551 71 3558 70 3557 64 3551 72 3559 71 3558 64 3551 73 3560 72 3559 64 3551 74 3561 73 3560 64 3551 75 3562 74 3561 64 3551 76 3563 75 3562 64 3551 77 3564 76 3563 64 3551 78 3565 77 3564 64 3551 79 3566 78 3565 64 3551 80 3567 79 3566 64 3551 81 3568 80 3567 64 3551 82 3569 81 3568 64 3551 83 3570 82 3569 64 3551 84 3571 83 3570 64 3551 85 3572 84 3571 64 3551 86 3573 85 3572 64 3551 87 3574 86 3573 64 3551 88 3575 87 3574 64 3551 89 3576 88 3575 64 3551 90 3577 89 3576 64 3551 91 3578 90 3577 64 3551 92 3579 91 3578 64 3551 93 3580 92 3579 64 3551 94 3581 93 3580 64 3551 95 3582 94 3581 96 3583 98 3585 97 3584 96 3583 99 3586 98 3585 96 3583 100 3587 99 3586 96 3583 101 3588 100 3587 96 3583 102 3589 101 3588 96 3583 103 3590 102 3589 96 3583 104 3591 103 3590 96 3583 105 3592 104 3591 96 3583 106 3593 105 3592 96 3583 107 3594 106 3593 96 3583 108 3595 107 3594 96 3583 109 3596 108 3595 96 3583 110 3597 109 3596 96 3583 111 3598 110 3597 96 3583 112 3599 111 3598 96 3583 113 3600 112 3599 96 3583 114 3601 113 3600 96 3583 115 3602 114 3601 96 3583 116 3603 115 3602 96 3583 117 3604 116 3603 96 3583 118 3605 117 3604 96 3583 119 3606 118 3605 96 3583 120 3607 119 3606 96 3583 121 3608 120 3607 96 3583 122 3609 121 3608 96 3583 123 3610 122 3609 96 3583 124 3611 123 3610 96 3583 125 3612 124 3611 96 3583 126 3613 125 3612 96 3583 127 3614 126 3613 128 3615 130 3617 129 3616 128 3615 131 3618 130 3617 128 3615 132 3619 131 3618 128 3615 133 3620 132 3619 128 3615 134 3621 133 3620 128 3615 135 3622 134 3621 128 3615 136 3623 135 3622 128 3615 137 3624 136 3623 128 3615 138 3625 137 3624 128 3615 139 3626 138 3625 128 3615 140 3627 139 3626 128 3615 141 3628 140 3627 128 3615 142 3629 141 3628 128 3615 143 3630 142 3629 128 3615 144 3631 143 3630 128 3615 145 3632 144 3631 128 3615 146 3633 145 3632 128 3615 147 3634 146 3633 128 3615 148 3635 147 3634 128 3615 149 3636 148 3635 128 3615 150 3637 149 3636 128 3615 151 3638 150 3637 128 3615 152 3639 151 3638 128 3615 153 3640 152 3639 128 3615 154 3641 153 3640 128 3615 155 3642 154 3641 128 3615 156 3643 155 3642 128 3615 157 3644 156 3643 128 3615 158 3645 157 3644 128 3615 159 3646 158 3645 160 3647 162 3649 161 3648 160 3647 163 3650 162 3649 160 3647 164 3651 163 3650 160 3647 165 3652 164 3651 160 3647 166 3653 165 3652 160 3647 167 3654 166 3653 160 3647 168 3655 167 3654 160 3647 169 3656 168 3655 160 3647 170 3657 169 3656 160 3647 171 3658 170 3657 160 3647 172 3659 171 3658 160 3647 173 3660 172 3659 160 3647 174 3661 173 3660 160 3647 175 3662 174 3661 160 3647 176 3663 175 3662 160 3647 177 3664 176 3663 160 3647 178 3665 177 3664 160 3647 179 3666 178 3665 160 3647 180 3667 179 3666 160 3647 181 3668 180 3667 160 3647 182 3669 181 3668 160 3647 183 3670 182 3669 160 3647 184 3671 183 3670 160 3647 185 3672 184 3671 160 3647 186 3673 185 3672 160 3647 187 3674 186 3673 160 3647 188 3675 187 3674 160 3647 189 3676 188 3675 160 3647 190 3677 189 3676 160 3647 191 3678 190 3677 192 3679 194 3681 193 3680 192 3679 195 3682 194 3681 192 3679 196 3683 195 3682 192 3679 197 3684 196 3683 192 3679 198 3685 197 3684 192 3679 199 3686 198 3685 192 3679 200 3687 199 3686 192 3679 201 3688 200 3687 192 3679 202 3689 201 3688 192 3679 203 3690 202 3689 192 3679 204 3691 203 3690 192 3679 205 3692 204 3691 192 3679 206 3693 205 3692 192 3679 207 3694 206 3693 192 3679 208 3695 207 3694 192 3679 209 3696 208 3695 192 3679 210 3697 209 3696 192 3679 211 3698 210 3697 192 3679 212 3699 211 3698 192 3679 213 3700 212 3699 192 3679 214 3701 213 3700 192 3679 215 3702 214 3701 192 3679 216 3703 215 3702 192 3679 217 3704 216 3703 192 3679 218 3705 217 3704 192 3679 219 3706 218 3705 192 3679 220 3707 219 3706 192 3679 221 3708 220 3707 192 3679 222 3709 221 3708 192 3679 223 3710 222 3709 224 3711 226 3713 225 3712 224 3711 227 3714 226 3713 224 3711 228 3715 227 3714 224 3711 229 3716 228 3715 224 3711 230 3717 229 3716 224 3711 231 3718 230 3717 224 3711 232 3719 231 3718 224 3711 233 3720 232 3719 224 3711 234 3721 233 3720 224 3711 235 3722 234 3721 224 3711 236 3723 235 3722 224 3711 237 3724 236 3723 224 3711 238 3725 237 3724 224 3711 239 3726 238 3725 224 3711 240 3727 239 3726 224 3711 241 3728 240 3727 224 3711 242 3729 241 3728 224 3711 243 3730 242 3729 224 3711 244 3731 243 3730 224 3711 245 3732 244 3731 224 3711 246 3733 245 3732 224 3711 247 3734 246 3733 224 3711 248 3735 247 3734 224 3711 249 3736 248 3735 224 3711 250 3737 249 3736 224 3711 251 3738 250 3737 224 3711 252 3739 251 3738 224 3711 253 3740 252 3739 224 3711 254 3741 253 3740 224 3711 255 3742 254 3741</p></triangles>
        <triangles count="512" material="MAT_COTTON_COTYL-mat"><input semantic="VERTEX" source="#ROW_20_SEG2_foliage-vtx" offset="0"/><input semantic="NORMAL" source="#ROW_20_SEG2_foliage-nrm" offset="1"/><p>256 256 257 257 258 258 257 257 259 259 258 258 259 259 260 260 258 258 260 260 261 261 258 258 261 261 262 262 258 258 262 262 263 263 258 258 263 263 264 264 258 258 264 264 265 265 258 258 265 265 266 266 258 258 266 266 267 267 258 258 267 267 268 268 258 258 268 268 269 269 258 258 269 269 270 270 258 258 270 270 271 271 258 258 271 271 272 272 258 258 272 272 256 256 258 258 273 273 274 274 275 275 274 274 276 276 275 275 276 276 277 277 275 275 277 277 278 278 275 275 278 278 279 279 275 275 279 279 280 280 275 275 280 280 281 281 275 275 281 281 282 282 275 275 282 282 283 283 275 275 283 283 284 284 275 275 284 284 285 285 275 275 285 285 286 286 275 275 286 286 287 287 275 275 287 287 288 288 275 275 288 288 289 289 275 275 289 289 273 273 275 275 290 290 291 291 292 292 291 291 293 293 292 292 293 293 294 294 292 292 294 294 295 295 292 292 295 295 296 296 292 292 296 296 297 297 292 292 297 297 298 298 292 292 298 298 299 299 292 292 299 299 300 300 292 292 300 300 301 301 292 292 301 301 302 302 292 292 302 302 303 303 292 292 303 303 304 304 292 292 304 304 305 305 292 292 305 305 306 306 292 292 306 306 290 290 292 292 307 307 308 308 309 309 308 308 310 310 309 309 310 310 311 311 309 309 311 311 312 312 309 309 312 312 313 313 309 309 313 313 314 314 309 309 314 314 315 315 309 309 315 315 316 316 309 309 316 316 317 317 309 309 317 317 318 318 309 309 318 318 319 319 309 309 319 319 320 320 309 309 320 320 321 321 309 309 321 321 322 322 309 309 322 322 323 323 309 309 323 323 307 307 309 309 324 324 325 325 326 326 325 325 327 327 326 326 327 327 328 328 326 326 328 328 329 329 326 326 329 329 330 330 326 326 330 330 331 331 326 326 331 331 332 332 326 326 332 332 333 333 326 326 333 333 334 334 326 326 334 334 335 335 326 326 335 335 336 336 326 326 336 336 337 337 326 326 337 337 338 338 326 326 338 338 339 339 326 326 339 339 340 340 326 326 340 340 324 324 326 326 341 341 342 342 343 343 342 342 344 344 343 343 344 344 345 345 343 343 345 345 346 346 343 343 346 346 347 347 343 343 347 347 348 348 343 343 348 348 349 349 343 343 349 349 350 350 343 343 350 350 351 351 343 343 351 351 352 352 343 343 352 352 353 353 343 343 353 353 354 354 343 343 354 354 355 355 343 343 355 355 356 356 343 343 356 356 357 357 343 343 357 357 341 341 343 343 358 358 359 359 360 360 359 359 361 361 360 360 361 361 362 362 360 360 362 362 363 363 360 360 363 363 364 364 360 360 364 364 365 365 360 360 365 365 366 366 360 360 366 366 367 367 360 360 367 367 368 368 360 360 368 368 369 369 360 360 369 369 370 370 360 360 370 370 371 371 360 360 371 371 372 372 360 360 372 372 373 373 360 360 373 373 374 374 360 360 374 374 358 358 360 360 375 375 376 376 377 377 376 376 378 378 377 377 378 378 379 379 377 377 379 379 380 380 377 377 380 380 381 381 377 377 381 381 382 382 377 377 382 382 383 383 377 377 383 383 384 384 377 377 384 384 385 385 377 377 385 385 386 386 377 377 386 386 387 387 377 377 387 387 388 388 377 377 388 388 389 389 377 377 389 389 390 390 377 377 390 390 391 391 377 377 391 391 375 375 377 377 392 392 393 393 394 394 393 393 395 395 394 394 395 395 396 396 394 394 396 396 397 397 394 394 397 397 398 398 394 394 398 398 399 399 394 394 399 399 400 400 394 394 400 400 401 401 394 394 401 401 402 402 394 394 402 402 403 403 394 394 403 403 404 404 394 394 404 404 405 405 394 394 405 405 406 406 394 394 406 406 407 407 394 394 407 407 408 408 394 394 408 408 392 392 394 394 409 409 410 410 411 411 410 410 412 412 411 411 412 412 413 413 411 411 413 413 414 414 411 411 414 414 415 415 411 411 415 415 416 416 411 411 416 416 417 417 411 411 417 417 418 418 411 411 418 418 419 419 411 411 419 419 420 420 411 411 420 420 421 421 411 411 421 421 422 422 411 411 422 422 423 423 411 411 423 423 424 424 411 411 424 424 425 425 411 411 425 425 409 409 411 411 426 426 427 427 428 428 427 427 429 429 428 428 429 429 430 430 428 428 430 430 431 431 428 428 431 431 432 432 428 428 432 432 433 433 428 428 433 433 434 434 428 428 434 434 435 435 428 428 435 435 436 436 428 428 436 436 437 437 428 428 437 437 438 438 428 428 438 438 439 439 428 428 439 439 440 440 428 428 440 440 441 441 428 428 441 441 442 442 428 428 442 442 426 426 428 428 443 443 444 444 445 445 444 444 446 446 445 445 446 446 447 447 445 445 447 447 448 448 445 445 448 448 449 449 445 445 449 449 450 450 445 445 450 450 451 451 445 445 451 451 452 452 445 445 452 452 453 453 445 445 453 453 454 454 445 445 454 454 455 455 445 445 455 455 456 456 445 445 456 456 457 457 445 445 457 457 458 458 445 445 458 458 459 459 445 445 459 459 443 443 445 445 460 460 461 461 462 462 461 461 463 463 462 462 463 463 464 464 462 462 464 464 465 465 462 462 465 465 466 466 462 462 466 466 467 467 462 462 467 467 468 468 462 462 468 468 469 469 462 462 469 469 470 470 462 462 470 470 471 471 462 462 471 471 472 472 462 462 472 472 473 473 462 462 473 473 474 474 462 462 474 474 475 475 462 462 475 475 476 476 462 462 476 476 460 460 462 462 477 477 478 478 479 479 478 478 480 480 479 479 480 480 481 481 479 479 481 481 482 482 479 479 482 482 483 483 479 479 483 483 484 484 479 479 484 484 485 485 479 479 485 485 486 486 479 479 486 486 487 487 479 479 487 487 488 488 479 479 488 488 489 489 479 479 489 489 490 490 479 479 490 490 491 491 479 479 491 491 492 492 479 479 492 492 493 493 479 479 493 493 477 477 479 479 494 494 495 495 496 496 495 495 497 497 496 496 497 497 498 498 496 496 498 498 499 499 496 496 499 499 500 500 496 496 500 500 501 501 496 496 501 501 502 502 496 496 502 502 503 503 496 496 503 503 504 504 496 496 504 504 505 505 496 496 505 505 506 506 496 496 506 506 507 507 496 496 507 507 508 508 496 496 508 508 509 509 496 496 509 509 510 510 496 496 510 510 494 494 496 496 511 511 512 512 513 513 512 512 514 514 513 513 514 514 515 515 513 513 515 515 516 516 513 513 516 516 517 517 513 513 517 517 518 518 513 513 518 518 519 519 513 513 519 519 520 520 513 513 520 520 521 521 513 513 521 521 522 522 513 513 522 522 523 523 513 513 523 523 524 524 513 513 524 524 525 525 513 513 525 525 526 526 513 513 526 526 527 527 513 513 527 527 511 511 513 513 256 3743 258 3745 257 3744 257 3744 258 3745 259 3746 259 3746 258 3745 260 3747 260 3747 258 3745 261 3748 261 3748 258 3745 262 3749 262 3749 258 3745 263 3750 263 3750 258 3745 264 3751 264 3751 258 3745 265 3752 265 3752 258 3745 266 3753 266 3753 258 3745 267 3754 267 3754 258 3745 268 3755 268 3755 258 3745 269 3756 269 3756 258 3745 270 3757 270 3757 258 3745 271 3758 271 3758 258 3745 272 3759 272 3759 258 3745 256 3743 273 3760 275 3762 274 3761 274 3761 275 3762 276 3763 276 3763 275 3762 277 3764 277 3764 275 3762 278 3765 278 3765 275 3762 279 3766 279 3766 275 3762 280 3767 280 3767 275 3762 281 3768 281 3768 275 3762 282 3769 282 3769 275 3762 283 3770 283 3770 275 3762 284 3771 284 3771 275 3762 285 3772 285 3772 275 3762 286 3773 286 3773 275 3762 287 3774 287 3774 275 3762 288 3775 288 3775 275 3762 289 3776 289 3776 275 3762 273 3760 290 3777 292 3779 291 3778 291 3778 292 3779 293 3780 293 3780 292 3779 294 3781 294 3781 292 3779 295 3782 295 3782 292 3779 296 3783 296 3783 292 3779 297 3784 297 3784 292 3779 298 3785 298 3785 292 3779 299 3786 299 3786 292 3779 300 3787 300 3787 292 3779 301 3788 301 3788 292 3779 302 3789 302 3789 292 3779 303 3790 303 3790 292 3779 304 3791 304 3791 292 3779 305 3792 305 3792 292 3779 306 3793 306 3793 292 3779 290 3777 307 3794 309 3796 308 3795 308 3795 309 3796 310 3797 310 3797 309 3796 311 3798 311 3798 309 3796 312 3799 312 3799 309 3796 313 3800 313 3800 309 3796 314 3801 314 3801 309 3796 315 3802 315 3802 309 3796 316 3803 316 3803 309 3796 317 3804 317 3804 309 3796 318 3805 318 3805 309 3796 319 3806 319 3806 309 3796 320 3807 320 3807 309 3796 321 3808 321 3808 309 3796 322 3809 322 3809 309 3796 323 3810 323 3810 309 3796 307 3794 324 3811 326 3813 325 3812 325 3812 326 3813 327 3814 327 3814 326 3813 328 3815 328 3815 326 3813 329 3816 329 3816 326 3813 330 3817 330 3817 326 3813 331 3818 331 3818 326 3813 332 3819 332 3819 326 3813 333 3820 333 3820 326 3813 334 3821 334 3821 326 3813 335 3822 335 3822 326 3813 336 3823 336 3823 326 3813 337 3824 337 3824 326 3813 338 3825 338 3825 326 3813 339 3826 339 3826 326 3813 340 3827 340 3827 326 3813 324 3811 341 3828 343 3830 342 3829 342 3829 343 3830 344 3831 344 3831 343 3830 345 3832 345 3832 343 3830 346 3833 346 3833 343 3830 347 3834 347 3834 343 3830 348 3835 348 3835 343 3830 349 3836 349 3836 343 3830 350 3837 350 3837 343 3830 351 3838 351 3838 343 3830 352 3839 352 3839 343 3830 353 3840 353 3840 343 3830 354 3841 354 3841 343 3830 355 3842 355 3842 343 3830 356 3843 356 3843 343 3830 357 3844 357 3844 343 3830 341 3828 358 3845 360 3847 359 3846 359 3846 360 3847 361 3848 361 3848 360 3847 362 3849 362 3849 360 3847 363 3850 363 3850 360 3847 364 3851 364 3851 360 3847 365 3852 365 3852 360 3847 366 3853 366 3853 360 3847 367 3854 367 3854 360 3847 368 3855 368 3855 360 3847 369 3856 369 3856 360 3847 370 3857 370 3857 360 3847 371 3858 371 3858 360 3847 372 3859 372 3859 360 3847 373 3860 373 3860 360 3847 374 3861 374 3861 360 3847 358 3845 375 3862 377 3864 376 3863 376 3863 377 3864 378 3865 378 3865 377 3864 379 3866 379 3866 377 3864 380 3867 380 3867 377 3864 381 3868 381 3868 377 3864 382 3869 382 3869 377 3864 383 3870 383 3870 377 3864 384 3871 384 3871 377 3864 385 3872 385 3872 377 3864 386 3873 386 3873 377 3864 387 3874 387 3874 377 3864 388 3875 388 3875 377 3864 389 3876 389 3876 377 3864 390 3877 390 3877 377 3864 391 3878 391 3878 377 3864 375 3862 392 3879 394 3881 393 3880 393 3880 394 3881 395 3882 395 3882 394 3881 396 3883 396 3883 394 3881 397 3884 397 3884 394 3881 398 3885 398 3885 394 3881 399 3886 399 3886 394 3881 400 3887 400 3887 394 3881 401 3888 401 3888 394 3881 402 3889 402 3889 394 3881 403 3890 403 3890 394 3881 404 3891 404 3891 394 3881 405 3892 405 3892 394 3881 406 3893 406 3893 394 3881 407 3894 407 3894 394 3881 408 3895 408 3895 394 3881 392 3879 409 3896 411 3898 410 3897 410 3897 411 3898 412 3899 412 3899 411 3898 413 3900 413 3900 411 3898 414 3901 414 3901 411 3898 415 3902 415 3902 411 3898 416 3903 416 3903 411 3898 417 3904 417 3904 411 3898 418 3905 418 3905 411 3898 419 3906 419 3906 411 3898 420 3907 420 3907 411 3898 421 3908 421 3908 411 3898 422 3909 422 3909 411 3898 423 3910 423 3910 411 3898 424 3911 424 3911 411 3898 425 3912 425 3912 411 3898 409 3896 426 3913 428 3915 427 3914 427 3914 428 3915 429 3916 429 3916 428 3915 430 3917 430 3917 428 3915 431 3918 431 3918 428 3915 432 3919 432 3919 428 3915 433 3920 433 3920 428 3915 434 3921 434 3921 428 3915 435 3922 435 3922 428 3915 436 3923 436 3923 428 3915 437 3924 437 3924 428 3915 438 3925 438 3925 428 3915 439 3926 439 3926 428 3915 440 3927 440 3927 428 3915 441 3928 441 3928 428 3915 442 3929 442 3929 428 3915 426 3913 443 3930 445 3932 444 3931 444 3931 445 3932 446 3933 446 3933 445 3932 447 3934 447 3934 445 3932 448 3935 448 3935 445 3932 449 3936 449 3936 445 3932 450 3937 450 3937 445 3932 451 3938 451 3938 445 3932 452 3939 452 3939 445 3932 453 3940 453 3940 445 3932 454 3941 454 3941 445 3932 455 3942 455 3942 445 3932 456 3943 456 3943 445 3932 457 3944 457 3944 445 3932 458 3945 458 3945 445 3932 459 3946 459 3946 445 3932 443 3930 460 3947 462 3949 461 3948 461 3948 462 3949 463 3950 463 3950 462 3949 464 3951 464 3951 462 3949 465 3952 465 3952 462 3949 466 3953 466 3953 462 3949 467 3954 467 3954 462 3949 468 3955 468 3955 462 3949 469 3956 469 3956 462 3949 470 3957 470 3957 462 3949 471 3958 471 3958 462 3949 472 3959 472 3959 462 3949 473 3960 473 3960 462 3949 474 3961 474 3961 462 3949 475 3962 475 3962 462 3949 476 3963 476 3963 462 3949 460 3947 477 3964 479 3966 478 3965 478 3965 479 3966 480 3967 480 3967 479 3966 481 3968 481 3968 479 3966 482 3969 482 3969 479 3966 483 3970 483 3970 479 3966 484 3971 484 3971 479 3966 485 3972 485 3972 479 3966 486 3973 486 3973 479 3966 487 3974 487 3974 479 3966 488 3975 488 3975 479 3966 489 3976 489 3976 479 3966 490 3977 490 3977 479 3966 491 3978 491 3978 479 3966 492 3979 492 3979 479 3966 493 3980 493 3980 479 3966 477 3964 494 3981 496 3983 495 3982 495 3982 496 3983 497 3984 497 3984 496 3983 498 3985 498 3985 496 3983 499 3986 499 3986 496 3983 500 3987 500 3987 496 3983 501 3988 501 3988 496 3983 502 3989 502 3989 496 3983 503 3990 503 3990 496 3983 504 3991 504 3991 496 3983 505 3992 505 3992 496 3983 506 3993 506 3993 496 3983 507 3994 507 3994 496 3983 508 3995 508 3995 496 3983 509 3996 509 3996 496 3983 510 3997 510 3997 496 3983 494 3981 511 3998 513 4000 512 3999 512 3999 513 4000 514 4001 514 4001 513 4000 515 4002 515 4002 513 4000 516 4003 516 4003 513 4000 517 4004 517 4004 513 4000 518 4005 518 4005 513 4000 519 4006 519 4006 513 4000 520 4007 520 4007 513 4000 521 4008 521 4008 513 4000 522 4009 522 4009 513 4000 523 4010 523 4010 513 4000 524 4011 524 4011 513 4000 525 4012 525 4012 513 4000 526 4013 526 4013 513 4000 527 4014 527 4014 513 4000 511 3998</p></triangles>
        <triangles count="1920" material="MAT_COTTON_LEAF_3-mat"><input semantic="VERTEX" source="#ROW_20_SEG2_foliage-vtx" offset="0"/><input semantic="NORMAL" source="#ROW_20_SEG2_foliage-nrm" offset="1"/><p>528 528 529 529 530 530 528 528 530 530 531 531 528 528 531 531 532 532 528 528 532 532 533 533 528 528 533 533 534 534 528 528 534 534 535 535 528 528 535 535 536 536 528 528 536 536 537 537 528 528 537 537 538 538 528 528 538 538 539 539 528 528 539 539 540 540 528 528 540 540 541 541 528 528 541 541 542 542 528 528 542 542 543 543 528 528 543 543 544 544 528 528 544 544 545 545 528 528 545 545 546 546 528 528 546 546 547 547 528 528 547 547 548 548 528 528 548 548 549 549 528 528 549 549 550 550 528 528 550 550 551 551 528 528 551 551 552 552 528 528 552 552 553 553 528 528 553 553 554 554 528 528 554 554 555 555 528 528 555 555 556 556 528 528 556 556 557 557 528 528 557 557 558 558 528 528 558 558 559 559 560 560 561 561 562 562 560 560 562 562 563 563 560 560 563 563 564 564 560 560 564 564 565 565 560 560 565 565 566 566 560 560 566 566 567 567 560 560 567 567 568 568 560 560 568 568 569 569 560 560 569 569 570 570 560 560 570 570 571 571 560 560 571 571 572 572 560 560 572 572 573 573 560 560 573 573 574 574 560 560 574 574 575 575 560 560 575 575 576 576 560 560 576 576 577 577 560 560 577 577 578 578 560 560 578 578 579 579 560 560 579 579 580 580 560 560 580 580 581 581 560 560 581 581 582 582 560 560 582 582 583 583 560 560 583 583 584 584 560 560 584 584 585 585 560 560 585 585 586 586 560 560 586 586 587 587 560 560 587 587 588 588 560 560 588 588 589 589 560 560 589 589 590 590 560 560 590 590 591 591 592 592 593 593 594 594 592 592 594 594 595 595 592 592 595 595 596 596 592 592 596 596 597 597 592 592 597 597 598 598 592 592 598 598 599 599 592 592 599 599 600 600 592 592 600 600 601 601 592 592 601 601 602 602 592 592 602 602 603 603 592 592 603 603 604 604 592 592 604 604 605 605 592 592 605 605 606 606 592 592 606 606 607 607 592 592 607 607 608 608 592 592 608 608 609 609 592 592 609 609 610 610 592 592 610 610 611 611 592 592 611 611 612 612 592 592 612 612 613 613 592 592 613 613 614 614 592 592 614 614 615 615 592 592 615 615 616 616 592 592 616 616 617 617 592 592 617 617 618 618 592 592 618 618 619 619 592 592 619 619 620 620 592 592 620 620 621 621 592 592 621 621 622 622 592 592 622 622 623 623 624 624 625 625 626 626 624 624 626 626 627 627 624 624 627 627 628 628 624 624 628 628 629 629 624 624 629 629 630 630 624 624 630 630 631 631 624 624 631 631 632 632 624 624 632 632 633 633 624 624 633 633 634 634 624 624 634 634 635 635 624 624 635 635 636 636 624 624 636 636 637 637 624 624 637 637 638 638 624 624 638 638 639 639 624 624 639 639 640 640 624 624 640 640 641 641 624 624 641 641 642 642 624 624 642 642 643 643 624 624 643 643 644 644 624 624 644 644 645 645 624 624 645 645 646 646 624 624 646 646 647 647 624 624 647 647 648 648 624 624 648 648 649 649 624 624 649 649 650 650 624 624 650 650 651 651 624 624 651 651 652 652 624 624 652 652 653 653 624 624 653 653 654 654 624 624 654 654 655 655 656 656 657 657 658 658 656 656 658 658 659 659 656 656 659 659 660 660 656 656 660 660 661 661 656 656 661 661 662 662 656 656 662 662 663 663 656 656 663 663 664 664 656 656 664 664 665 665 656 656 665 665 666 666 656 656 666 666 667 667 656 656 667 667 668 668 656 656 668 668 669 669 656 656 669 669 670 670 656 656 670 670 671 671 656 656 671 671 672 672 656 656 672 672 673 673 656 656 673 673 674 674 656 656 674 674 675 675 656 656 675 675 676 676 656 656 676 676 677 677 656 656 677 677 678 678 656 656 678 678 679 679 656 656 679 679 680 680 656 656 680 680 681 681 656 656 681 681 682 682 656 656 682 682 683 683 656 656 683 683 684 684 656 656 684 684 685 685 656 656 685 685 686 686 656 656 686 686 687 687 688 688 689 689 690 690 688 688 690 690 691 691 688 688 691 691 692 692 688 688 692 692 693 693 688 688 693 693 694 694 688 688 694 694 695 695 688 688 695 695 696 696 688 688 696 696 697 697 688 688 697 697 698 698 688 688 698 698 699 699 688 688 699 699 700 700 688 688 700 700 701 701 688 688 701 701 702 702 688 688 702 702 703 703 688 688 703 703 704 704 688 688 704 704 705 705 688 688 705 705 706 706 688 688 706 706 707 707 688 688 707 707 708 708 688 688 708 708 709 709 688 688 709 709 710 710 688 688 710 710 711 711 688 688 711 711 712 712 688 688 712 712 713 713 688 688 713 713 714 714 688 688 714 714 715 715 688 688 715 715 716 716 688 688 716 716 717 717 688 688 717 717 718 718 688 688 718 718 719 719 720 720 721 721 722 722 720 720 722 722 723 723 720 720 723 723 724 724 720 720 724 724 725 725 720 720 725 725 726 726 720 720 726 726 727 727 720 720 727 727 728 728 720 720 728 728 729 729 720 720 729 729 730 730 720 720 730 730 731 731 720 720 731 731 732 732 720 720 732 732 733 733 720 720 733 733 734 734 720 720 734 734 735 735 720 720 735 735 736 736 720 720 736 736 737 737 720 720 737 737 738 738 720 720 738 738 739 739 720 720 739 739 740 740 720 720 740 740 741 741 720 720 741 741 742 742 720 720 742 742 743 743 720 720 743 743 744 744 720 720 744 744 745 745 720 720 745 745 746 746 720 720 746 746 747 747 720 720 747 747 748 748 720 720 748 748 749 749 720 720 749 749 750 750 720 720 750 750 751 751 752 752 753 753 754 754 752 752 754 754 755 755 752 752 755 755 756 756 752 752 756 756 757 757 752 752 757 757 758 758 752 752 758 758 759 759 752 752 759 759 760 760 752 752 760 760 761 761 752 752 761 761 762 762 752 752 762 762 763 763 752 752 763 763 764 764 752 752 764 764 765 765 752 752 765 765 766 766 752 752 766 766 767 767 752 752 767 767 768 768 752 752 768 768 769 769 752 752 769 769 770 770 752 752 770 770 771 771 752 752 771 771 772 772 752 752 772 772 773 773 752 752 773 773 774 774 752 752 774 774 775 775 752 752 775 775 776 776 752 752 776 776 777 777 752 752 777 777 778 778 752 752 778 778 779 779 752 752 779 779 780 780 752 752 780 780 781 781 752 752 781 781 782 782 752 752 782 782 783 783 784 784 785 785 786 786 784 784 786 786 787 787 784 784 787 787 788 788 784 784 788 788 789 789 784 784 789 789 790 790 784 784 790 790 791 791 784 784 791 791 792 792 784 784 792 792 793 793 784 784 793 793 794 794 784 784 794 794 795 795 784 784 795 795 796 796 784 784 796 796 797 797 784 784 797 797 798 798 784 784 798 798 799 799 784 784 799 799 800 800 784 784 800 800 801 801 784 784 801 801 802 802 784 784 802 802 803 803 784 784 803 803 804 804 784 784 804 804 805 805 784 784 805 805 806 806 784 784 806 806 807 807 784 784 807 807 808 808 784 784 808 808 809 809 784 784 809 809 810 810 784 784 810 810 811 811 784 784 811 811 812 812 784 784 812 812 813 813 784 784 813 813 814 814 784 784 814 814 815 815 816 816 817 817 818 818 816 816 818 818 819 819 816 816 819 819 820 820 816 816 820 820 821 821 816 816 821 821 822 822 816 816 822 822 823 823 816 816 823 823 824 824 816 816 824 824 825 825 816 816 825 825 826 826 816 816 826 826 827 827 816 816 827 827 828 828 816 816 828 828 829 829 816 816 829 829 830 830 816 816 830 830 831 831 816 816 831 831 832 832 816 816 832 832 833 833 816 816 833 833 834 834 816 816 834 834 835 835 816 816 835 835 836 836 816 816 836 836 837 837 816 816 837 837 838 838 816 816 838 838 839 839 816 816 839 839 840 840 816 816 840 840 841 841 816 816 841 841 842 842 816 816 842 842 843 843 816 816 843 843 844 844 816 816 844 844 845 845 816 816 845 845 846 846 816 816 846 846 847 847 848 848 849 849 850 850 848 848 850 850 851 851 848 848 851 851 852 852 848 848 852 852 853 853 848 848 853 853 854 854 848 848 854 854 855 855 848 848 855 855 856 856 848 848 856 856 857 857 848 848 857 857 858 858 848 848 858 858 859 859 848 848 859 859 860 860 848 848 860 860 861 861 848 848 861 861 862 862 848 848 862 862 863 863 848 848 863 863 864 864 848 848 864 864 865 865 848 848 865 865 866 866 848 848 866 866 867 867 848 848 867 867 868 868 848 848 868 868 869 869 848 848 869 869 870 870 848 848 870 870 871 871 848 848 871 871 872 872 848 848 872 872 873 873 848 848 873 873 874 874 848 848 874 874 875 875 848 848 875 875 876 876 848 848 876 876 877 877 848 848 877 877 878 878 848 848 878 878 879 879 880 880 881 881 882 882 880 880 882 882 883 883 880 880 883 883 884 884 880 880 884 884 885 885 880 880 885 885 886 886 880 880 886 886 887 887 880 880 887 887 888 888 880 880 888 888 889 889 880 880 889 889 890 890 880 880 890 890 891 891 880 880 891 891 892 892 880 880 892 892 893 893 880 880 893 893 894 894 880 880 894 894 895 895 880 880 895 895 896 896 880 880 896 896 897 897 880 880 897 897 898 898 880 880 898 898 899 899 880 880 899 899 900 900 880 880 900 900 901 901 880 880 901 901 902 902 880 880 902 902 903 903 880 880 903 903 904 904 880 880 904 904 905 905 880 880 905 905 906 906 880 880 906 906 907 907 880 880 907 907 908 908 880 880 908 908 909 909 880 880 909 909 910 910 880 880 910 910 911 911 912 912 913 913 914 914 912 912 914 914 915 915 912 912 915 915 916 916 912 912 916 916 917 917 912 912 917 917 918 918 912 912 918 918 919 919 912 912 919 919 920 920 912 912 920 920 921 921 912 912 921 921 922 922 912 912 922 922 923 923 912 912 923 923 924 924 912 912 924 924 925 925 912 912 925 925 926 926 912 912 926 926 927 927 912 912 927 927 928 928 912 912 928 928 929 929 912 912 929 929 930 930 912 912 930 930 931 931 912 912 931 931 932 932 912 912 932 932 933 933 912 912 933 933 934 934 912 912 934 934 935 935 912 912 935 935 936 936 912 912 936 936 937 937 912 912 937 937 938 938 912 912 938 938 939 939 912 912 939 939 940 940 912 912 940 940 941 941 912 912 941 941 942 942 912 912 942 942 943 943 944 944 945 945 946 946 944 944 946 946 947 947 944 944 947 947 948 948 944 944 948 948 949 949 944 944 949 949 950 950 944 944 950 950 951 951 944 944 951 951 952 952 944 944 952 952 953 953 944 944 953 953 954 954 944 944 954 954 955 955 944 944 955 955 956 956 944 944 956 956 957 957 944 944 957 957 958 958 944 944 958 958 959 959 944 944 959 959 960 960 944 944 960 960 961 961 944 944 961 961 962 962 944 944 962 962 963 963 944 944 963 963 964 964 944 944 964 964 965 965 944 944 965 965 966 966 944 944 966 966 967 967 944 944 967 967 968 968 944 944 968 968 969 969 944 944 969 969 970 970 944 944 970 970 971 971 944 944 971 971 972 972 944 944 972 972 973 973 944 944 973 973 974 974 944 944 974 974 975 975 976 976 977 977 978 978 976 976 978 978 979 979 976 976 979 979 980 980 976 976 980 980 981 981 976 976 981 981 982 982 976 976 982 982 983 983 976 976 983 983 984 984 976 976 984 984 985 985 976 976 985 985 986 986 976 976 986 986 987 987 976 976 987 987 988 988 976 976 988 988 989 989 976 976 989 989 990 990 976 976 990 990 991 991 976 976 991 991 992 992 976 976 992 992 993 993 976 976 993 993 994 994 976 976 994 994 995 995 976 976 995 995 996 996 976 976 996 996 997 997 976 976 997 997 998 998 976 976 998 998 999 999 976 976 999 999 1000 1000 976 976 1000 1000 1001 1001 976 976 1001 1001 1002 1002 976 976 1002 1002 1003 1003 976 976 1003 1003 1004 1004 976 976 1004 1004 1005 1005 976 976 1005 1005 1006 1005 976 976 1006 1005 1007 1006 1008 1007 1009 1008 1010 1009 1008 1007 1010 1009 1011 1010 1008 1007 1011 1010 1012 1011 1008 1007 1012 1011 1013 1012 1008 1007 1013 1012 1014 1013 1008 1007 1014 1013 1015 1014 1008 1007 1015 1014 1016 1015 1008 1007 1016 1015 1017 1016 1008 1007 1017 1016 1018 1017 1008 1007 1018 1017 1019 1018 1008 1007 1019 1018 1020 1019 1008 1007 1020 1019 1021 1020 1008 1007 1021 1020 1022 1021 1008 1007 1022 1021 1023 1022 1008 1007 1023 1022 1024 1023 1008 1007 1024 1023 1025 1024 1008 1007 1025 1024 1026 1025 1008 1007 1026 1025 1027 1026 1008 1007 1027 1026 1028 1027 1008 1007 1028 1027 1029 1028 1008 1007 1029 1028 1030 1029 1008 1007 1030 1029 1031 1030 1008 1007 1031 1030 1032 1031 1008 1007 1032 1031 1033 1032 1008 1007 1033 1032 1034 1033 1008 1007 1034 1033 1035 1034 1008 1007 1035 1034 1036 1035 1008 1007 1036 1035 1037 1036 1008 1007 1037 1036 1038 1037 1008 1007 1038 1037 1039 1038 1040 1039 1041 1040 1042 1041 1040 1039 1042 1041 1043 1042 1040 1039 1043 1042 1044 1043 1040 1039 1044 1043 1045 1044 1040 1039 1045 1044 1046 1045 1040 1039 1046 1045 1047 1046 1040 1039 1047 1046 1048 1047 1040 1039 1048 1047 1049 1048 1040 1039 1049 1048 1050 1049 1040 1039 1050 1049 1051 1050 1040 1039 1051 1050 1052 1051 1040 1039 1052 1051 1053 1052 1040 1039 1053 1052 1054 1053 1040 1039 1054 1053 1055 1054 1040 1039 1055 1054 1056 1055 1040 1039 1056 1055 1057 1056 1040 1039 1057 1056 1058 1057 1040 1039 1058 1057 1059 1058 1040 1039 1059 1058 1060 1059 1040 1039 1060 1059 1061 1060 1040 1039 1061 1060 1062 1061 1040 1039 1062 1061 1063 1062 1040 1039 1063 1062 1064 1063 1040 1039 1064 1063 1065 1064 1040 1039 1065 1064 1066 1065 1040 1039 1066 1065 1067 1066 1040 1039 1067 1066 1068 1067 1040 1039 1068 1067 1069 1068 1040 1039 1069 1068 1070 1069 1040 1039 1070 1069 1071 1070 1072 1071 1073 1072 1074 1073 1072 1071 1074 1073 1075 1074 1072 1071 1075 1074 1076 1075 1072 1071 1076 1075 1077 1076 1072 1071 1077 1076 1078 1077 1072 1071 1078 1077 1079 188 1072 1071 1079 188 1080 1078 1072 1071 1080 1078 1081 1079 1072 1071 1081 1079 1082 1080 1072 1071 1082 1080 1083 1081 1072 1071 1083 1081 1084 1082 1072 1071 1084 1082 1085 1083 1072 1071 1085 1083 1086 1084 1072 1071 1086 1084 1087 1085 1072 1071 1087 1085 1088 1086 1072 1071 1088 1086 1089 1087 1072 1071 1089 1087 1090 1088 1072 1071 1090 1088 1091 1089 1072 1071 1091 1089 1092 1090 1072 1071 1092 1090 1093 1091 1072 1071 1093 1091 1094 1092 1072 1071 1094 1092 1095 1093 1072 1071 1095 1093 1096 1094 1072 1071 1096 1094 1097 1095 1072 1071 1097 1095 1098 1096 1072 1071 1098 1096 1099 1097 1072 1071 1099 1097 1100 1098 1072 1071 1100 1098 1101 1099 1072 1071 1101 1099 1102 1100 1072 1071 1102 1100 1103 1101 1104 1102 1105 1103 1106 1104 1104 1102 1106 1104 1107 1105 1104 1102 1107 1105 1108 1106 1104 1102 1108 1106 1109 1107 1104 1102 1109 1107 1110 1108 1104 1102 1110 1108 1111 1109 1104 1102 1111 1109 1112 1110 1104 1102 1112 1110 1113 1111 1104 1102 1113 1111 1114 1112 1104 1102 1114 1112 1115 1113 1104 1102 1115 1113 1116 1114 1104 1102 1116 1114 1117 1115 1104 1102 1117 1115 1118 1116 1104 1102 1118 1116 1119 1117 1104 1102 1119 1117 1120 1118 1104 1102 1120 1118 1121 1119 1104 1102 1121 1119 1122 1120 1104 1102 1122 1120 1123 1121 1104 1102 1123 1121 1124 1122 1104 1102 1124 1122 1125 1123 1104 1102 1125 1123 1126 1124 1104 1102 1126 1124 1127 1125 1104 1102 1127 1125 1128 1126 1104 1102 1128 1126 1129 1127 1104 1102 1129 1127 1130 1128 1104 1102 1130 1128 1131 1129 1104 1102 1131 1129 1132 1130 1104 1102 1132 1130 1133 1131 1104 1102 1133 1131 1134 1132 1104 1102 1134 1132 1135 1133 1136 1134 1137 1135 1138 1136 1136 1134 1138 1136 1139 1137 1136 1134 1139 1137 1140 1138 1136 1134 1140 1138 1141 1139 1136 1134 1141 1139 1142 1140 1136 1134 1142 1140 1143 1141 1136 1134 1143 1141 1144 1142 1136 1134 1144 1142 1145 1143 1136 1134 1145 1143 1146 1144 1136 1134 1146 1144 1147 1145 1136 1134 1147 1145 1148 1146 1136 1134 1148 1146 1149 1147 1136 1134 1149 1147 1150 1148 1136 1134 1150 1148 1151 1149 1136 1134 1151 1149 1152 1150 1136 1134 1152 1150 1153 1151 1136 1134 1153 1151 1154 1152 1136 1134 1154 1152 1155 1153 1136 1134 1155 1153 1156 1154 1136 1134 1156 1154 1157 1155 1136 1134 1157 1155 1158 1156 1136 1134 1158 1156 1159 1157 1136 1134 1159 1157 1160 1158 1136 1134 1160 1158 1161 1159 1136 1134 1161 1159 1162 1160 1136 1134 1162 1160 1163 1161 1136 1134 1163 1161 1164 1162 1136 1134 1164 1162 1165 1163 1136 1134 1165 1163 1166 1164 1136 1134 1166 1164 1167 1165 1168 1166 1169 1167 1170 1168 1168 1166 1170 1168 1171 1169 1168 1166 1171 1169 1172 1170 1168 1166 1172 1170 1173 1171 1168 1166 1173 1171 1174 1172 1168 1166 1174 1172 1175 1173 1168 1166 1175 1173 1176 1174 1168 1166 1176 1174 1177 1175 1168 1166 1177 1175 1178 1176 1168 1166 1178 1176 1179 1177 1168 1166 1179 1177 1180 1178 1168 1166 1180 1178 1181 1179 1168 1166 1181 1179 1182 1180 1168 1166 1182 1180 1183 1181 1168 1166 1183 1181 1184 1182 1168 1166 1184 1182 1185 1183 1168 1166 1185 1183 1186 1184 1168 1166 1186 1184 1187 1185 1168 1166 1187 1185 1188 1186 1168 1166 1188 1186 1189 1187 1168 1166 1189 1187 1190 1188 1168 1166 1190 1188 1191 1189 1168 1166 1191 1189 1192 1190 1168 1166 1192 1190 1193 1191 1168 1166 1193 1191 1194 1192 1168 1166 1194 1192 1195 1193 1168 1166 1195 1193 1196 1194 1168 1166 1196 1194 1197 1195 1168 1166 1197 1195 1198 1196 1168 1166 1198 1196 1199 1197 1200 1198 1201 1199 1202 1200 1200 1198 1202 1200 1203 1201 1200 1198 1203 1201 1204 1202 1200 1198 1204 1202 1205 1203 1200 1198 1205 1203 1206 1204 1200 1198 1206 1204 1207 1205 1200 1198 1207 1205 1208 1206 1200 1198 1208 1206 1209 1207 1200 1198 1209 1207 1210 1208 1200 1198 1210 1208 1211 1209 1200 1198 1211 1209 1212 1210 1200 1198 1212 1210 1213 1211 1200 1198 1213 1211 1214 1212 1200 1198 1214 1212 1215 1213 1200 1198 1215 1213 1216 1214 1200 1198 1216 1214 1217 1215 1200 1198 1217 1215 1218 1216 1200 1198 1218 1216 1219 1217 1200 1198 1219 1217 1220 1218 1200 1198 1220 1218 1221 1219 1200 1198 1221 1219 1222 1220 1200 1198 1222 1220 1223 1221 1200 1198 1223 1221 1224 1222 1200 1198 1224 1222 1225 1223 1200 1198 1225 1223 1226 1224 1200 1198 1226 1224 1227 1225 1200 1198 1227 1225 1228 1226 1200 1198 1228 1226 1229 1227 1200 1198 1229 1227 1230 1228 1200 1198 1230 1228 1231 1229 1232 1230 1233 1231 1234 1232 1232 1230 1234 1232 1235 1233 1232 1230 1235 1233 1236 1234 1232 1230 1236 1234 1237 1235 1232 1230 1237 1235 1238 1236 1232 1230 1238 1236 1239 1237 1232 1230 1239 1237 1240 1238 1232 1230 1240 1238 1241 1239 1232 1230 1241 1239 1242 1240 1232 1230 1242 1240 1243 1241 1232 1230 1243 1241 1244 1242 1232 1230 1244 1242 1245 1243 1232 1230 1245 1243 1246 1244 1232 1230 1246 1244 1247 1245 1232 1230 1247 1245 1248 1246 1232 1230 1248 1246 1249 1247 1232 1230 1249 1247 1250 1248 1232 1230 1250 1248 1251 1249 1232 1230 1251 1249 1252 1250 1232 1230 1252 1250 1253 1251 1232 1230 1253 1251 1254 1252 1232 1230 1254 1252 1255 1253 1232 1230 1255 1253 1256 1254 1232 1230 1256 1254 1257 1255 1232 1230 1257 1255 1258 1256 1232 1230 1258 1256 1259 1257 1232 1230 1259 1257 1260 1258 1232 1230 1260 1258 1261 1259 1232 1230 1261 1259 1262 1260 1232 1230 1262 1260 1263 1261 1264 1262 1265 1263 1266 1264 1264 1262 1266 1264 1267 1265 1264 1262 1267 1265 1268 1266 1264 1262 1268 1266 1269 1267 1264 1262 1269 1267 1270 1268 1264 1262 1270 1268 1271 1269 1264 1262 1271 1269 1272 1270 1264 1262 1272 1270 1273 1271 1264 1262 1273 1271 1274 1272 1264 1262 1274 1272 1275 1273 1264 1262 1275 1273 1276 1274 1264 1262 1276 1274 1277 1275 1264 1262 1277 1275 1278 1276 1264 1262 1278 1276 1279 1277 1264 1262 1279 1277 1280 1278 1264 1262 1280 1278 1281 1279 1264 1262 1281 1279 1282 1280 1264 1262 1282 1280 1283 1281 1264 1262 1283 1281 1284 1282 1264 1262 1284 1282 1285 1283 1264 1262 1285 1283 1286 1284 1264 1262 1286 1284 1287 1285 1264 1262 1287 1285 1288 1286 1264 1262 1288 1286 1289 1287 1264 1262 1289 1287 1290 1288 1264 1262 1290 1288 1291 1289 1264 1262 1291 1289 1292 1290 1264 1262 1292 1290 1293 1291 1264 1262 1293 1291 1294 1292 1264 1262 1294 1292 1295 1293 1296 1294 1297 1295 1298 1296 1296 1294 1298 1296 1299 1297 1296 1294 1299 1297 1300 1298 1296 1294 1300 1298 1301 1299 1296 1294 1301 1299 1302 1300 1296 1294 1302 1300 1303 1301 1296 1294 1303 1301 1304 1302 1296 1294 1304 1302 1305 1303 1296 1294 1305 1303 1306 1304 1296 1294 1306 1304 1307 1305 1296 1294 1307 1305 1308 1306 1296 1294 1308 1306 1309 1307 1296 1294 1309 1307 1310 1308 1296 1294 1310 1308 1311 1309 1296 1294 1311 1309 1312 1310 1296 1294 1312 1310 1313 1311 1296 1294 1313 1311 1314 1312 1296 1294 1314 1312 1315 1313 1296 1294 1315 1313 1316 1314 1296 1294 1316 1314 1317 1315 1296 1294 1317 1315 1318 1316 1296 1294 1318 1316 1319 1317 1296 1294 1319 1317 1320 1318 1296 1294 1320 1318 1321 1319 1296 1294 1321 1319 1322 1320 1296 1294 1322 1320 1323 1321 1296 1294 1323 1321 1324 1322 1296 1294 1324 1322 1325 1323 1296 1294 1325 1323 1326 1324 1296 1294 1326 1324 1327 1325 1328 1326 1329 1327 1330 1328 1328 1326 1330 1328 1331 1329 1328 1326 1331 1329 1332 1330 1328 1326 1332 1330 1333 1331 1328 1326 1333 1331 1334 1332 1328 1326 1334 1332 1335 1333 1328 1326 1335 1333 1336 1334 1328 1326 1336 1334 1337 1335 1328 1326 1337 1335 1338 1336 1328 1326 1338 1336 1339 1337 1328 1326 1339 1337 1340 1338 1328 1326 1340 1338 1341 1339 1328 1326 1341 1339 1342 1340 1328 1326 1342 1340 1343 1341 1328 1326 1343 1341 1344 1342 1328 1326 1344 1342 1345 1343 1328 1326 1345 1343 1346 1344 1328 1326 1346 1344 1347 1345 1328 1326 1347 1345 1348 1346 1328 1326 1348 1346 1349 1347 1328 1326 1349 1347 1350 1348 1328 1326 1350 1348 1351 1349 1328 1326 1351 1349 1352 1350 1328 1326 1352 1350 1353 1351 1328 1326 1353 1351 1354 1352 1328 1326 1354 1352 1355 1353 1328 1326 1355 1353 1356 1354 1328 1326 1356 1354 1357 1355 1328 1326 1357 1355 1358 1356 1328 1326 1358 1356 1359 1357 1360 1358 1361 1359 1362 1360 1360 1358 1362 1360 1363 1361 1360 1358 1363 1361 1364 1362 1360 1358 1364 1362 1365 1363 1360 1358 1365 1363 1366 1364 1360 1358 1366 1364 1367 1365 1360 1358 1367 1365 1368 1366 1360 1358 1368 1366 1369 1367 1360 1358 1369 1367 1370 1368 1360 1358 1370 1368 1371 1369 1360 1358 1371 1369 1372 1370 1360 1358 1372 1370 1373 1371 1360 1358 1373 1371 1374 1372 1360 1358 1374 1372 1375 1373 1360 1358 1375 1373 1376 1374 1360 1358 1376 1374 1377 1375 1360 1358 1377 1375 1378 1376 1360 1358 1378 1376 1379 1377 1360 1358 1379 1377 1380 1378 1360 1358 1380 1378 1381 1379 1360 1358 1381 1379 1382 1380 1360 1358 1382 1380 1383 1381 1360 1358 1383 1381 1384 1382 1360 1358 1384 1382 1385 1383 1360 1358 1385 1383 1386 1384 1360 1358 1386 1384 1387 1385 1360 1358 1387 1385 1388 1386 1360 1358 1388 1386 1389 1387 1360 1358 1389 1387 1390 1388 1360 1358 1390 1388 1391 1389 1392 1390 1393 1391 1394 1392 1392 1390 1394 1392 1395 1393 1392 1390 1395 1393 1396 1394 1392 1390 1396 1394 1397 1395 1392 1390 1397 1395 1398 1396 1392 1390 1398 1396 1399 1397 1392 1390 1399 1397 1400 1398 1392 1390 1400 1398 1401 1399 1392 1390 1401 1399 1402 1400 1392 1390 1402 1400 1403 1401 1392 1390 1403 1401 1404 1402 1392 1390 1404 1402 1405 1403 1392 1390 1405 1403 1406 1404 1392 1390 1406 1404 1407 1405 1392 1390 1407 1405 1408 1406 1392 1390 1408 1406 1409 1407 1392 1390 1409 1407 1410 1408 1392 1390 1410 1408 1411 1409 1392 1390 1411 1409 1412 1410 1392 1390 1412 1410 1413 1411 1392 1390 1413 1411 1414 1412 1392 1390 1414 1412 1415 1413 1392 1390 1415 1413 1416 1414 1392 1390 1416 1414 1417 1415 1392 1390 1417 1415 1418 1416 1392 1390 1418 1416 1419 1417 1392 1390 1419 1417 1420 1418 1392 1390 1420 1418 1421 1419 1392 1390 1421 1419 1422 1420 1392 1390 1422 1420 1423 1421 1424 1422 1425 1423 1426 1424 1424 1422 1426 1424 1427 1425 1424 1422 1427 1425 1428 1426 1424 1422 1428 1426 1429 1427 1424 1422 1429 1427 1430 1428 1424 1422 1430 1428 1431 1429 1424 1422 1431 1429 1432 1430 1424 1422 1432 1430 1433 1431 1424 1422 1433 1431 1434 1432 1424 1422 1434 1432 1435 1433 1424 1422 1435 1433 1436 1434 1424 1422 1436 1434 1437 1435 1424 1422 1437 1435 1438 1436 1424 1422 1438 1436 1439 1437 1424 1422 1439 1437 1440 1438 1424 1422 1440 1438 1441 1439 1424 1422 1441 1439 1442 1440 1424 1422 1442 1440 1443 1441 1424 1422 1443 1441 1444 1442 1424 1422 1444 1442 1445 1443 1424 1422 1445 1443 1446 1444 1424 1422 1446 1444 1447 1445 1424 1422 1447 1445 1448 1446 1424 1422 1448 1446 1449 1447 1424 1422 1449 1447 1450 1448 1424 1422 1450 1448 1451 1449 1424 1422 1451 1449 1452 1450 1424 1422 1452 1450 1453 1451 1424 1422 1453 1451 1454 1452 1424 1422 1454 1452 1455 1453 1456 1454 1457 1455 1458 1456 1456 1454 1458 1456 1459 1457 1456 1454 1459 1457 1460 1458 1456 1454 1460 1458 1461 1459 1456 1454 1461 1459 1462 1460 1456 1454 1462 1460 1463 1461 1456 1454 1463 1461 1464 1462 1456 1454 1464 1462 1465 1463 1456 1454 1465 1463 1466 1464 1456 1454 1466 1464 1467 1465 1456 1454 1467 1465 1468 1466 1456 1454 1468 1466 1469 1467 1456 1454 1469 1467 1470 1468 1456 1454 1470 1468 1471 1469 1456 1454 1471 1469 1472 1470 1456 1454 1472 1470 1473 1471 1456 1454 1473 1471 1474 1472 1456 1454 1474 1472 1475 1473 1456 1454 1475 1473 1476 1474 1456 1454 1476 1474 1477 1475 1456 1454 1477 1475 1478 1476 1456 1454 1478 1476 1479 1477 1456 1454 1479 1477 1480 1478 1456 1454 1480 1478 1481 1479 1456 1454 1481 1479 1482 1480 1456 1454 1482 1480 1483 1481 1456 1454 1483 1481 1484 1482 1456 1454 1484 1482 1485 1483 1456 1454 1485 1483 1486 1484 1456 1454 1486 1484 1487 1485 1488 1486 1489 1487 1490 1488 1488 1486 1490 1488 1491 1489 1488 1486 1491 1489 1492 1490 1488 1486 1492 1490 1493 1491 1488 1486 1493 1491 1494 1492 1488 1486 1494 1492 1495 1493 1488 1486 1495 1493 1496 1494 1488 1486 1496 1494 1497 1495 1488 1486 1497 1495 1498 1496 1488 1486 1498 1496 1499 1497 1488 1486 1499 1497 1500 1498 1488 1486 1500 1498 1501 1499 1488 1486 1501 1499 1502 1500 1488 1486 1502 1500 1503 1501 1488 1486 1503 1501 1504 1502 1488 1486 1504 1502 1505 1503 1488 1486 1505 1503 1506 1504 1488 1486 1506 1504 1507 1505 1488 1486 1507 1505 1508 1506 1488 1486 1508 1506 1509 1507 1488 1486 1509 1507 1510 1508 1488 1486 1510 1508 1511 1509 1488 1486 1511 1509 1512 1510 1488 1486 1512 1510 1513 1511 1488 1486 1513 1511 1514 1512 1488 1486 1514 1512 1515 1513 1488 1486 1515 1513 1516 1514 1488 1486 1516 1514 1517 1515 1488 1486 1517 1515 1518 1516 1488 1486 1518 1516 1519 1517 1520 1518 1521 1519 1522 1520 1520 1518 1522 1520 1523 1521 1520 1518 1523 1521 1524 1522 1520 1518 1524 1522 1525 1523 1520 1518 1525 1523 1526 1524 1520 1518 1526 1524 1527 1525 1520 1518 1527 1525 1528 1526 1520 1518 1528 1526 1529 1527 1520 1518 1529 1527 1530 1528 1520 1518 1530 1528 1531 1529 1520 1518 1531 1529 1532 1530 1520 1518 1532 1530 1533 1531 1520 1518 1533 1531 1534 1532 1520 1518 1534 1532 1535 1533 1520 1518 1535 1533 1536 1534 1520 1518 1536 1534 1537 1535 1520 1518 1537 1535 1538 1536 1520 1518 1538 1536 1539 1537 1520 1518 1539 1537 1540 1538 1520 1518 1540 1538 1541 1539 1520 1518 1541 1539 1542 1540 1520 1518 1542 1540 1543 1541 1520 1518 1543 1541 1544 1542 1520 1518 1544 1542 1545 1543 1520 1518 1545 1543 1546 1544 1520 1518 1546 1544 1547 1545 1520 1518 1547 1545 1548 1546 1520 1518 1548 1546 1549 1547 1520 1518 1549 1547 1550 1548 1520 1518 1550 1548 1551 1549 528 4015 530 4017 529 4016 528 4015 531 4018 530 4017 528 4015 532 4019 531 4018 528 4015 533 4020 532 4019 528 4015 534 4021 533 4020 528 4015 535 4022 534 4021 528 4015 536 4023 535 4022 528 4015 537 4024 536 4023 528 4015 538 4025 537 4024 528 4015 539 4026 538 4025 528 4015 540 4027 539 4026 528 4015 541 4028 540 4027 528 4015 542 4029 541 4028 528 4015 543 4030 542 4029 528 4015 544 4031 543 4030 528 4015 545 4032 544 4031 528 4015 546 4033 545 4032 528 4015 547 4034 546 4033 528 4015 548 4035 547 4034 528 4015 549 4036 548 4035 528 4015 550 4037 549 4036 528 4015 551 4038 550 4037 528 4015 552 4039 551 4038 528 4015 553 4040 552 4039 528 4015 554 4041 553 4040 528 4015 555 4042 554 4041 528 4015 556 4043 555 4042 528 4015 557 4044 556 4043 528 4015 558 4045 557 4044 528 4015 559 4046 558 4045 560 4047 562 4049 561 4048 560 4047 563 4050 562 4049 560 4047 564 4051 563 4050 560 4047 565 4052 564 4051 560 4047 566 4053 565 4052 560 4047 567 4054 566 4053 560 4047 568 4055 567 4054 560 4047 569 4056 568 4055 560 4047 570 4057 569 4056 560 4047 571 4058 570 4057 560 4047 572 4059 571 4058 560 4047 573 4060 572 4059 560 4047 574 4061 573 4060 560 4047 575 4062 574 4061 560 4047 576 4063 575 4062 560 4047 577 4064 576 4063 560 4047 578 4065 577 4064 560 4047 579 4066 578 4065 560 4047 580 4067 579 4066 560 4047 581 4068 580 4067 560 4047 582 4069 581 4068 560 4047 583 4070 582 4069 560 4047 584 4071 583 4070 560 4047 585 4072 584 4071 560 4047 586 4073 585 4072 560 4047 587 4074 586 4073 560 4047 588 4075 587 4074 560 4047 589 4076 588 4075 560 4047 590 4077 589 4076 560 4047 591 4078 590 4077 592 4079 594 4081 593 4080 592 4079 595 4082 594 4081 592 4079 596 4083 595 4082 592 4079 597 4084 596 4083 592 4079 598 4085 597 4084 592 4079 599 4086 598 4085 592 4079 600 4087 599 4086 592 4079 601 4088 600 4087 592 4079 602 4089 601 4088 592 4079 603 4090 602 4089 592 4079 604 4091 603 4090 592 4079 605 4092 604 4091 592 4079 606 4093 605 4092 592 4079 607 4094 606 4093 592 4079 608 4095 607 4094 592 4079 609 4096 608 4095 592 4079 610 4097 609 4096 592 4079 611 4098 610 4097 592 4079 612 4099 611 4098 592 4079 613 4100 612 4099 592 4079 614 4101 613 4100 592 4079 615 4102 614 4101 592 4079 616 4103 615 4102 592 4079 617 4104 616 4103 592 4079 618 4105 617 4104 592 4079 619 4106 618 4105 592 4079 620 4107 619 4106 592 4079 621 4108 620 4107 592 4079 622 4109 621 4108 592 4079 623 4110 622 4109 624 4111 626 4113 625 4112 624 4111 627 4114 626 4113 624 4111 628 4115 627 4114 624 4111 629 4116 628 4115 624 4111 630 4117 629 4116 624 4111 631 4118 630 4117 624 4111 632 4119 631 4118 624 4111 633 4120 632 4119 624 4111 634 4121 633 4120 624 4111 635 4122 634 4121 624 4111 636 4123 635 4122 624 4111 637 4124 636 4123 624 4111 638 4125 637 4124 624 4111 639 4126 638 4125 624 4111 640 4127 639 4126 624 4111 641 4128 640 4127 624 4111 642 4129 641 4128 624 4111 643 4130 642 4129 624 4111 644 4131 643 4130 624 4111 645 4132 644 4131 624 4111 646 4133 645 4132 624 4111 647 4134 646 4133 624 4111 648 4135 647 4134 624 4111 649 4136 648 4135 624 4111 650 4137 649 4136 624 4111 651 4138 650 4137 624 4111 652 4139 651 4138 624 4111 653 4140 652 4139 624 4111 654 4141 653 4140 624 4111 655 4142 654 4141 656 4143 658 4145 657 4144 656 4143 659 4146 658 4145 656 4143 660 4147 659 4146 656 4143 661 4148 660 4147 656 4143 662 4149 661 4148 656 4143 663 4150 662 4149 656 4143 664 4151 663 4150 656 4143 665 4152 664 4151 656 4143 666 4153 665 4152 656 4143 667 4154 666 4153 656 4143 668 4155 667 4154 656 4143 669 4156 668 4155 656 4143 670 4157 669 4156 656 4143 671 4158 670 4157 656 4143 672 4159 671 4158 656 4143 673 4160 672 4159 656 4143 674 4161 673 4160 656 4143 675 4162 674 4161 656 4143 676 4163 675 4162 656 4143 677 4164 676 4163 656 4143 678 4165 677 4164 656 4143 679 4166 678 4165 656 4143 680 4167 679 4166 656 4143 681 4168 680 4167 656 4143 682 4169 681 4168 656 4143 683 4170 682 4169 656 4143 684 4171 683 4170 656 4143 685 4172 684 4171 656 4143 686 4173 685 4172 656 4143 687 4174 686 4173 688 4175 690 4177 689 4176 688 4175 691 4178 690 4177 688 4175 692 4179 691 4178 688 4175 693 4180 692 4179 688 4175 694 4181 693 4180 688 4175 695 4182 694 4181 688 4175 696 4183 695 4182 688 4175 697 4184 696 4183 688 4175 698 4185 697 4184 688 4175 699 4186 698 4185 688 4175 700 4187 699 4186 688 4175 701 4188 700 4187 688 4175 702 4189 701 4188 688 4175 703 4190 702 4189 688 4175 704 4191 703 4190 688 4175 705 4192 704 4191 688 4175 706 4193 705 4192 688 4175 707 4194 706 4193 688 4175 708 4195 707 4194 688 4175 709 4196 708 4195 688 4175 710 4197 709 4196 688 4175 711 4198 710 4197 688 4175 712 4199 711 4198 688 4175 713 4200 712 4199 688 4175 714 4201 713 4200 688 4175 715 4202 714 4201 688 4175 716 4203 715 4202 688 4175 717 4204 716 4203 688 4175 718 4205 717 4204 688 4175 719 4206 718 4205 720 4207 722 4209 721 4208 720 4207 723 4210 722 4209 720 4207 724 4211 723 4210 720 4207 725 4212 724 4211 720 4207 726 4213 725 4212 720 4207 727 4214 726 4213 720 4207 728 4215 727 4214 720 4207 729 4216 728 4215 720 4207 730 4217 729 4216 720 4207 731 4218 730 4217 720 4207 732 4219 731 4218 720 4207 733 4220 732 4219 720 4207 734 4221 733 4220 720 4207 735 4222 734 4221 720 4207 736 4223 735 4222 720 4207 737 4224 736 4223 720 4207 738 4225 737 4224 720 4207 739 4226 738 4225 720 4207 740 4227 739 4226 720 4207 741 4228 740 4227 720 4207 742 4229 741 4228 720 4207 743 4230 742 4229 720 4207 744 4231 743 4230 720 4207 745 4232 744 4231 720 4207 746 4233 745 4232 720 4207 747 4234 746 4233 720 4207 748 4235 747 4234 720 4207 749 4236 748 4235 720 4207 750 4237 749 4236 720 4207 751 4238 750 4237 752 4239 754 4241 753 4240 752 4239 755 4242 754 4241 752 4239 756 4243 755 4242 752 4239 757 4244 756 4243 752 4239 758 4245 757 4244 752 4239 759 4246 758 4245 752 4239 760 4247 759 4246 752 4239 761 4248 760 4247 752 4239 762 4249 761 4248 752 4239 763 4250 762 4249 752 4239 764 4251 763 4250 752 4239 765 4252 764 4251 752 4239 766 4253 765 4252 752 4239 767 4254 766 4253 752 4239 768 4255 767 4254 752 4239 769 4256 768 4255 752 4239 770 4257 769 4256 752 4239 771 4258 770 4257 752 4239 772 4259 771 4258 752 4239 773 4260 772 4259 752 4239 774 4261 773 4260 752 4239 775 4262 774 4261 752 4239 776 4263 775 4262 752 4239 777 4264 776 4263 752 4239 778 4265 777 4264 752 4239 779 4266 778 4265 752 4239 780 4267 779 4266 752 4239 781 4268 780 4267 752 4239 782 4269 781 4268 752 4239 783 4270 782 4269 784 4271 786 4273 785 4272 784 4271 787 4274 786 4273 784 4271 788 4275 787 4274 784 4271 789 4276 788 4275 784 4271 790 4277 789 4276 784 4271 791 4278 790 4277 784 4271 792 4279 791 4278 784 4271 793 4280 792 4279 784 4271 794 4281 793 4280 784 4271 795 4282 794 4281 784 4271 796 4283 795 4282 784 4271 797 4284 796 4283 784 4271 798 4285 797 4284 784 4271 799 4286 798 4285 784 4271 800 4287 799 4286 784 4271 801 4288 800 4287 784 4271 802 4289 801 4288 784 4271 803 4290 802 4289 784 4271 804 4291 803 4290 784 4271 805 4292 804 4291 784 4271 806 4293 805 4292 784 4271 807 4294 806 4293 784 4271 808 4295 807 4294 784 4271 809 4296 808 4295 784 4271 810 4297 809 4296 784 4271 811 4298 810 4297 784 4271 812 4299 811 4298 784 4271 813 4300 812 4299 784 4271 814 4301 813 4300 784 4271 815 4302 814 4301 816 4303 818 4305 817 4304 816 4303 819 4306 818 4305 816 4303 820 4307 819 4306 816 4303 821 4308 820 4307 816 4303 822 4309 821 4308 816 4303 823 4310 822 4309 816 4303 824 4311 823 4310 816 4303 825 4312 824 4311 816 4303 826 4313 825 4312 816 4303 827 4314 826 4313 816 4303 828 4315 827 4314 816 4303 829 4316 828 4315 816 4303 830 4317 829 4316 816 4303 831 4318 830 4317 816 4303 832 4319 831 4318 816 4303 833 4320 832 4319 816 4303 834 4321 833 4320 816 4303 835 4322 834 4321 816 4303 836 4323 835 4322 816 4303 837 4324 836 4323 816 4303 838 4325 837 4324 816 4303 839 4326 838 4325 816 4303 840 4327 839 4326 816 4303 841 4328 840 4327 816 4303 842 4329 841 4328 816 4303 843 4330 842 4329 816 4303 844 4331 843 4330 816 4303 845 4332 844 4331 816 4303 846 4333 845 4332 816 4303 847 4334 846 4333 848 4335 850 4337 849 4336 848 4335 851 4338 850 4337 848 4335 852 4339 851 4338 848 4335 853 4340 852 4339 848 4335 854 4341 853 4340 848 4335 855 4342 854 4341 848 4335 856 4343 855 4342 848 4335 857 4344 856 4343 848 4335 858 4345 857 4344 848 4335 859 4346 858 4345 848 4335 860 4347 859 4346 848 4335 861 4348 860 4347 848 4335 862 4349 861 4348 848 4335 863 4350 862 4349 848 4335 864 4351 863 4350 848 4335 865 4352 864 4351 848 4335 866 4353 865 4352 848 4335 867 4354 866 4353 848 4335 868 4355 867 4354 848 4335 869 4356 868 4355 848 4335 870 4357 869 4356 848 4335 871 4358 870 4357 848 4335 872 4359 871 4358 848 4335 873 4360 872 4359 848 4335 874 4361 873 4360 848 4335 875 4362 874 4361 848 4335 876 4363 875 4362 848 4335 877 4364 876 4363 848 4335 878 4365 877 4364 848 4335 879 4366 878 4365 880 4367 882 4369 881 4368 880 4367 883 4370 882 4369 880 4367 884 4371 883 4370 880 4367 885 4372 884 4371 880 4367 886 4373 885 4372 880 4367 887 4374 886 4373 880 4367 888 4375 887 4374 880 4367 889 4376 888 4375 880 4367 890 4377 889 4376 880 4367 891 4378 890 4377 880 4367 892 4379 891 4378 880 4367 893 4380 892 4379 880 4367 894 4381 893 4380 880 4367 895 4382 894 4381 880 4367 896 4383 895 4382 880 4367 897 4384 896 4383 880 4367 898 4385 897 4384 880 4367 899 4386 898 4385 880 4367 900 4387 899 4386 880 4367 901 4388 900 4387 880 4367 902 4389 901 4388 880 4367 903 4390 902 4389 880 4367 904 4391 903 4390 880 4367 905 4392 904 4391 880 4367 906 4393 905 4392 880 4367 907 4394 906 4393 880 4367 908 4395 907 4394 880 4367 909 4396 908 4395 880 4367 910 4397 909 4396 880 4367 911 4398 910 4397 912 4399 914 4401 913 4400 912 4399 915 4402 914 4401 912 4399 916 4403 915 4402 912 4399 917 4404 916 4403 912 4399 918 4405 917 4404 912 4399 919 4406 918 4405 912 4399 920 4407 919 4406 912 4399 921 4408 920 4407 912 4399 922 4409 921 4408 912 4399 923 4410 922 4409 912 4399 924 4411 923 4410 912 4399 925 4412 924 4411 912 4399 926 4413 925 4412 912 4399 927 4414 926 4413 912 4399 928 4415 927 4414 912 4399 929 4416 928 4415 912 4399 930 4417 929 4416 912 4399 931 4418 930 4417 912 4399 932 4419 931 4418 912 4399 933 4420 932 4419 912 4399 934 4421 933 4420 912 4399 935 4422 934 4421 912 4399 936 4423 935 4422 912 4399 937 4424 936 4423 912 4399 938 4425 937 4424 912 4399 939 4426 938 4425 912 4399 940 4427 939 4426 912 4399 941 4428 940 4427 912 4399 942 4429 941 4428 912 4399 943 4430 942 4429 944 4431 946 4433 945 4432 944 4431 947 4434 946 4433 944 4431 948 4435 947 4434 944 4431 949 4436 948 4435 944 4431 950 4437 949 4436 944 4431 951 4438 950 4437 944 4431 952 4439 951 4438 944 4431 953 4440 952 4439 944 4431 954 4441 953 4440 944 4431 955 4442 954 4441 944 4431 956 4443 955 4442 944 4431 957 4444 956 4443 944 4431 958 4445 957 4444 944 4431 959 4446 958 4445 944 4431 960 4447 959 4446 944 4431 961 4448 960 4447 944 4431 962 4449 961 4448 944 4431 963 4450 962 4449 944 4431 964 4451 963 4450 944 4431 965 4452 964 4451 944 4431 966 4453 965 4452 944 4431 967 4454 966 4453 944 4431 968 4455 967 4454 944 4431 969 4456 968 4455 944 4431 970 4457 969 4456 944 4431 971 4458 970 4457 944 4431 972 4459 971 4458 944 4431 973 4460 972 4459 944 4431 974 4461 973 4460 944 4431 975 4462 974 4461 976 4463 978 4465 977 4464 976 4463 979 4466 978 4465 976 4463 980 4467 979 4466 976 4463 981 4468 980 4467 976 4463 982 4469 981 4468 976 4463 983 4470 982 4469 976 4463 984 4471 983 4470 976 4463 985 4472 984 4471 976 4463 986 4473 985 4472 976 4463 987 4474 986 4473 976 4463 988 4475 987 4474 976 4463 989 4476 988 4475 976 4463 990 4477 989 4476 976 4463 991 4478 990 4477 976 4463 992 4479 991 4478 976 4463 993 4480 992 4479 976 4463 994 4481 993 4480 976 4463 995 4482 994 4481 976 4463 996 4483 995 4482 976 4463 997 4484 996 4483 976 4463 998 4485 997 4484 976 4463 999 4486 998 4485 976 4463 1000 4487 999 4486 976 4463 1001 4488 1000 4487 976 4463 1002 4489 1001 4488 976 4463 1003 4490 1002 4489 976 4463 1004 4491 1003 4490 976 4463 1005 4492 1004 4491 976 4463 1006 4492 1005 4492 976 4463 1007 4493 1006 4492 1008 4494 1010 4496 1009 4495 1008 4494 1011 4497 1010 4496 1008 4494 1012 4498 1011 4497 1008 4494 1013 4499 1012 4498 1008 4494 1014 4500 1013 4499 1008 4494 1015 4501 1014 4500 1008 4494 1016 4502 1015 4501 1008 4494 1017 4503 1016 4502 1008 4494 1018 4504 1017 4503 1008 4494 1019 4505 1018 4504 1008 4494 1020 4506 1019 4505 1008 4494 1021 4507 1020 4506 1008 4494 1022 4508 1021 4507 1008 4494 1023 4509 1022 4508 1008 4494 1024 4510 1023 4509 1008 4494 1025 4511 1024 4510 1008 4494 1026 4512 1025 4511 1008 4494 1027 4513 1026 4512 1008 4494 1028 4514 1027 4513 1008 4494 1029 4515 1028 4514 1008 4494 1030 4516 1029 4515 1008 4494 1031 4517 1030 4516 1008 4494 1032 4518 1031 4517 1008 4494 1033 4519 1032 4518 1008 4494 1034 4520 1033 4519 1008 4494 1035 4521 1034 4520 1008 4494 1036 4522 1035 4521 1008 4494 1037 4523 1036 4522 1008 4494 1038 4524 1037 4523 1008 4494 1039 4525 1038 4524 1040 4526 1042 4528 1041 4527 1040 4526 1043 4529 1042 4528 1040 4526 1044 4530 1043 4529 1040 4526 1045 4531 1044 4530 1040 4526 1046 4532 1045 4531 1040 4526 1047 4533 1046 4532 1040 4526 1048 4534 1047 4533 1040 4526 1049 4535 1048 4534 1040 4526 1050 4536 1049 4535 1040 4526 1051 4537 1050 4536 1040 4526 1052 4538 1051 4537 1040 4526 1053 4539 1052 4538 1040 4526 1054 4540 1053 4539 1040 4526 1055 4541 1054 4540 1040 4526 1056 4542 1055 4541 1040 4526 1057 4543 1056 4542 1040 4526 1058 4544 1057 4543 1040 4526 1059 4545 1058 4544 1040 4526 1060 4546 1059 4545 1040 4526 1061 4547 1060 4546 1040 4526 1062 4548 1061 4547 1040 4526 1063 4549 1062 4548 1040 4526 1064 4550 1063 4549 1040 4526 1065 4551 1064 4550 1040 4526 1066 4552 1065 4551 1040 4526 1067 4553 1066 4552 1040 4526 1068 4554 1067 4553 1040 4526 1069 4555 1068 4554 1040 4526 1070 4556 1069 4555 1040 4526 1071 4557 1070 4556 1072 4558 1074 4560 1073 4559 1072 4558 1075 4561 1074 4560 1072 4558 1076 4562 1075 4561 1072 4558 1077 4563 1076 4562 1072 4558 1078 4564 1077 4563 1072 4558 1079 3675 1078 4564 1072 4558 1080 4565 1079 3675 1072 4558 1081 4566 1080 4565 1072 4558 1082 4567 1081 4566 1072 4558 1083 4568 1082 4567 1072 4558 1084 4569 1083 4568 1072 4558 1085 4570 1084 4569 1072 4558 1086 4571 1085 4570 1072 4558 1087 4572 1086 4571 1072 4558 1088 4573 1087 4572 1072 4558 1089 4574 1088 4573 1072 4558 1090 4575 1089 4574 1072 4558 1091 4576 1090 4575 1072 4558 1092 4577 1091 4576 1072 4558 1093 4578 1092 4577 1072 4558 1094 4579 1093 4578 1072 4558 1095 4580 1094 4579 1072 4558 1096 4581 1095 4580 1072 4558 1097 4582 1096 4581 1072 4558 1098 4583 1097 4582 1072 4558 1099 4584 1098 4583 1072 4558 1100 4585 1099 4584 1072 4558 1101 4586 1100 4585 1072 4558 1102 4587 1101 4586 1072 4558 1103 4588 1102 4587 1104 4589 1106 4591 1105 4590 1104 4589 1107 4592 1106 4591 1104 4589 1108 4593 1107 4592 1104 4589 1109 4594 1108 4593 1104 4589 1110 4595 1109 4594 1104 4589 1111 4596 1110 4595 1104 4589 1112 4597 1111 4596 1104 4589 1113 4598 1112 4597 1104 4589 1114 4599 1113 4598 1104 4589 1115 4600 1114 4599 1104 4589 1116 4601 1115 4600 1104 4589 1117 4602 1116 4601 1104 4589 1118 4603 1117 4602 1104 4589 1119 4604 1118 4603 1104 4589 1120 4605 1119 4604 1104 4589 1121 4606 1120 4605 1104 4589 1122 4607 1121 4606 1104 4589 1123 4608 1122 4607 1104 4589 1124 4609 1123 4608 1104 4589 1125 4610 1124 4609 1104 4589 1126 4611 1125 4610 1104 4589 1127 4612 1126 4611 1104 4589 1128 4613 1127 4612 1104 4589 1129 4614 1128 4613 1104 4589 1130 4615 1129 4614 1104 4589 1131 4616 1130 4615 1104 4589 1132 4617 1131 4616 1104 4589 1133 4618 1132 4617 1104 4589 1134 4619 1133 4618 1104 4589 1135 4620 1134 4619 1136 4621 1138 4623 1137 4622 1136 4621 1139 4624 1138 4623 1136 4621 1140 4625 1139 4624 1136 4621 1141 4626 1140 4625 1136 4621 1142 4627 1141 4626 1136 4621 1143 4628 1142 4627 1136 4621 1144 4629 1143 4628 1136 4621 1145 4630 1144 4629 1136 4621 1146 4631 1145 4630 1136 4621 1147 4632 1146 4631 1136 4621 1148 4633 1147 4632 1136 4621 1149 4634 1148 4633 1136 4621 1150 4635 1149 4634 1136 4621 1151 4636 1150 4635 1136 4621 1152 4637 1151 4636 1136 4621 1153 4638 1152 4637 1136 4621 1154 4639 1153 4638 1136 4621 1155 4640 1154 4639 1136 4621 1156 4641 1155 4640 1136 4621 1157 4642 1156 4641 1136 4621 1158 4643 1157 4642 1136 4621 1159 4644 1158 4643 1136 4621 1160 4645 1159 4644 1136 4621 1161 4646 1160 4645 1136 4621 1162 4647 1161 4646 1136 4621 1163 4648 1162 4647 1136 4621 1164 4649 1163 4648 1136 4621 1165 4650 1164 4649 1136 4621 1166 4651 1165 4650 1136 4621 1167 4652 1166 4651 1168 4653 1170 4655 1169 4654 1168 4653 1171 4656 1170 4655 1168 4653 1172 4657 1171 4656 1168 4653 1173 4658 1172 4657 1168 4653 1174 4659 1173 4658 1168 4653 1175 4660 1174 4659 1168 4653 1176 4661 1175 4660 1168 4653 1177 4662 1176 4661 1168 4653 1178 4663 1177 4662 1168 4653 1179 4664 1178 4663 1168 4653 1180 4665 1179 4664 1168 4653 1181 4666 1180 4665 1168 4653 1182 4667 1181 4666 1168 4653 1183 4668 1182 4667 1168 4653 1184 4669 1183 4668 1168 4653 1185 4670 1184 4669 1168 4653 1186 4671 1185 4670 1168 4653 1187 4672 1186 4671 1168 4653 1188 4673 1187 4672 1168 4653 1189 4674 1188 4673 1168 4653 1190 4675 1189 4674 1168 4653 1191 4676 1190 4675 1168 4653 1192 4677 1191 4676 1168 4653 1193 4678 1192 4677 1168 4653 1194 4679 1193 4678 1168 4653 1195 4680 1194 4679 1168 4653 1196 4681 1195 4680 1168 4653 1197 4682 1196 4681 1168 4653 1198 4683 1197 4682 1168 4653 1199 4684 1198 4683 1200 4685 1202 4687 1201 4686 1200 4685 1203 4688 1202 4687 1200 4685 1204 4689 1203 4688 1200 4685 1205 4690 1204 4689 1200 4685 1206 4691 1205 4690 1200 4685 1207 4692 1206 4691 1200 4685 1208 4693 1207 4692 1200 4685 1209 4694 1208 4693 1200 4685 1210 4695 1209 4694 1200 4685 1211 4696 1210 4695 1200 4685 1212 4697 1211 4696 1200 4685 1213 4698 1212 4697 1200 4685 1214 4699 1213 4698 1200 4685 1215 4700 1214 4699 1200 4685 1216 4701 1215 4700 1200 4685 1217 4702 1216 4701 1200 4685 1218 4703 1217 4702 1200 4685 1219 4704 1218 4703 1200 4685 1220 4705 1219 4704 1200 4685 1221 4706 1220 4705 1200 4685 1222 4707 1221 4706 1200 4685 1223 4708 1222 4707 1200 4685 1224 4709 1223 4708 1200 4685 1225 4710 1224 4709 1200 4685 1226 4711 1225 4710 1200 4685 1227 4712 1226 4711 1200 4685 1228 4713 1227 4712 1200 4685 1229 4714 1228 4713 1200 4685 1230 4715 1229 4714 1200 4685 1231 4716 1230 4715 1232 4717 1234 4719 1233 4718 1232 4717 1235 4720 1234 4719 1232 4717 1236 4721 1235 4720 1232 4717 1237 4722 1236 4721 1232 4717 1238 4723 1237 4722 1232 4717 1239 4724 1238 4723 1232 4717 1240 4725 1239 4724 1232 4717 1241 4726 1240 4725 1232 4717 1242 4727 1241 4726 1232 4717 1243 4728 1242 4727 1232 4717 1244 4729 1243 4728 1232 4717 1245 4730 1244 4729 1232 4717 1246 4731 1245 4730 1232 4717 1247 4732 1246 4731 1232 4717 1248 4733 1247 4732 1232 4717 1249 4734 1248 4733 1232 4717 1250 4735 1249 4734 1232 4717 1251 4736 1250 4735 1232 4717 1252 4737 1251 4736 1232 4717 1253 4738 1252 4737 1232 4717 1254 4739 1253 4738 1232 4717 1255 4740 1254 4739 1232 4717 1256 4741 1255 4740 1232 4717 1257 4742 1256 4741 1232 4717 1258 4743 1257 4742 1232 4717 1259 4744 1258 4743 1232 4717 1260 4745 1259 4744 1232 4717 1261 4746 1260 4745 1232 4717 1262 4747 1261 4746 1232 4717 1263 4748 1262 4747 1264 4749 1266 4751 1265 4750 1264 4749 1267 4752 1266 4751 1264 4749 1268 4753 1267 4752 1264 4749 1269 4754 1268 4753 1264 4749 1270 4755 1269 4754 1264 4749 1271 4756 1270 4755 1264 4749 1272 4757 1271 4756 1264 4749 1273 4758 1272 4757 1264 4749 1274 4759 1273 4758 1264 4749 1275 4760 1274 4759 1264 4749 1276 4761 1275 4760 1264 4749 1277 4762 1276 4761 1264 4749 1278 4763 1277 4762 1264 4749 1279 4764 1278 4763 1264 4749 1280 4765 1279 4764 1264 4749 1281 4766 1280 4765 1264 4749 1282 4767 1281 4766 1264 4749 1283 4768 1282 4767 1264 4749 1284 4769 1283 4768 1264 4749 1285 4770 1284 4769 1264 4749 1286 4771 1285 4770 1264 4749 1287 4772 1286 4771 1264 4749 1288 4773 1287 4772 1264 4749 1289 4774 1288 4773 1264 4749 1290 4775 1289 4774 1264 4749 1291 4776 1290 4775 1264 4749 1292 4777 1291 4776 1264 4749 1293 4778 1292 4777 1264 4749 1294 4779 1293 4778 1264 4749 1295 4780 1294 4779 1296 4781 1298 4783 1297 4782 1296 4781 1299 4784 1298 4783 1296 4781 1300 4785 1299 4784 1296 4781 1301 4786 1300 4785 1296 4781 1302 4787 1301 4786 1296 4781 1303 4788 1302 4787 1296 4781 1304 4789 1303 4788 1296 4781 1305 4790 1304 4789 1296 4781 1306 4791 1305 4790 1296 4781 1307 4792 1306 4791 1296 4781 1308 4793 1307 4792 1296 4781 1309 4794 1308 4793 1296 4781 1310 4795 1309 4794 1296 4781 1311 4796 1310 4795 1296 4781 1312 4797 1311 4796 1296 4781 1313 4798 1312 4797 1296 4781 1314 4799 1313 4798 1296 4781 1315 4800 1314 4799 1296 4781 1316 4801 1315 4800 1296 4781 1317 4802 1316 4801 1296 4781 1318 4803 1317 4802 1296 4781 1319 4804 1318 4803 1296 4781 1320 4805 1319 4804 1296 4781 1321 4806 1320 4805 1296 4781 1322 4807 1321 4806 1296 4781 1323 4808 1322 4807 1296 4781 1324 4809 1323 4808 1296 4781 1325 4810 1324 4809 1296 4781 1326 4811 1325 4810 1296 4781 1327 4812 1326 4811 1328 4813 1330 4815 1329 4814 1328 4813 1331 4816 1330 4815 1328 4813 1332 4817 1331 4816 1328 4813 1333 4818 1332 4817 1328 4813 1334 4819 1333 4818 1328 4813 1335 4820 1334 4819 1328 4813 1336 4821 1335 4820 1328 4813 1337 4822 1336 4821 1328 4813 1338 4823 1337 4822 1328 4813 1339 4824 1338 4823 1328 4813 1340 4825 1339 4824 1328 4813 1341 4826 1340 4825 1328 4813 1342 4827 1341 4826 1328 4813 1343 4828 1342 4827 1328 4813 1344 4829 1343 4828 1328 4813 1345 4830 1344 4829 1328 4813 1346 4831 1345 4830 1328 4813 1347 4832 1346 4831 1328 4813 1348 4833 1347 4832 1328 4813 1349 4834 1348 4833 1328 4813 1350 4835 1349 4834 1328 4813 1351 4836 1350 4835 1328 4813 1352 4837 1351 4836 1328 4813 1353 4838 1352 4837 1328 4813 1354 4839 1353 4838 1328 4813 1355 4840 1354 4839 1328 4813 1356 4841 1355 4840 1328 4813 1357 4842 1356 4841 1328 4813 1358 4843 1357 4842 1328 4813 1359 4844 1358 4843 1360 4845 1362 4847 1361 4846 1360 4845 1363 4848 1362 4847 1360 4845 1364 4849 1363 4848 1360 4845 1365 4850 1364 4849 1360 4845 1366 4851 1365 4850 1360 4845 1367 4852 1366 4851 1360 4845 1368 4853 1367 4852 1360 4845 1369 4854 1368 4853 1360 4845 1370 4855 1369 4854 1360 4845 1371 4856 1370 4855 1360 4845 1372 4857 1371 4856 1360 4845 1373 4858 1372 4857 1360 4845 1374 4859 1373 4858 1360 4845 1375 4860 1374 4859 1360 4845 1376 4861 1375 4860 1360 4845 1377 4862 1376 4861 1360 4845 1378 4863 1377 4862 1360 4845 1379 4864 1378 4863 1360 4845 1380 4865 1379 4864 1360 4845 1381 4866 1380 4865 1360 4845 1382 4867 1381 4866 1360 4845 1383 4868 1382 4867 1360 4845 1384 4869 1383 4868 1360 4845 1385 4870 1384 4869 1360 4845 1386 4871 1385 4870 1360 4845 1387 4872 1386 4871 1360 4845 1388 4873 1387 4872 1360 4845 1389 4874 1388 4873 1360 4845 1390 4875 1389 4874 1360 4845 1391 4876 1390 4875 1392 4877 1394 4879 1393 4878 1392 4877 1395 4880 1394 4879 1392 4877 1396 4881 1395 4880 1392 4877 1397 4882 1396 4881 1392 4877 1398 4883 1397 4882 1392 4877 1399 4884 1398 4883 1392 4877 1400 4885 1399 4884 1392 4877 1401 4886 1400 4885 1392 4877 1402 4887 1401 4886 1392 4877 1403 4888 1402 4887 1392 4877 1404 4889 1403 4888 1392 4877 1405 4890 1404 4889 1392 4877 1406 4891 1405 4890 1392 4877 1407 4892 1406 4891 1392 4877 1408 4893 1407 4892 1392 4877 1409 4894 1408 4893 1392 4877 1410 4895 1409 4894 1392 4877 1411 4896 1410 4895 1392 4877 1412 4897 1411 4896 1392 4877 1413 4898 1412 4897 1392 4877 1414 4899 1413 4898 1392 4877 1415 4900 1414 4899 1392 4877 1416 4901 1415 4900 1392 4877 1417 4902 1416 4901 1392 4877 1418 4903 1417 4902 1392 4877 1419 4904 1418 4903 1392 4877 1420 4905 1419 4904 1392 4877 1421 4906 1420 4905 1392 4877 1422 4907 1421 4906 1392 4877 1423 4908 1422 4907 1424 4909 1426 4911 1425 4910 1424 4909 1427 4912 1426 4911 1424 4909 1428 4913 1427 4912 1424 4909 1429 4914 1428 4913 1424 4909 1430 4915 1429 4914 1424 4909 1431 4916 1430 4915 1424 4909 1432 4917 1431 4916 1424 4909 1433 4918 1432 4917 1424 4909 1434 4919 1433 4918 1424 4909 1435 4920 1434 4919 1424 4909 1436 4921 1435 4920 1424 4909 1437 4922 1436 4921 1424 4909 1438 4923 1437 4922 1424 4909 1439 4924 1438 4923 1424 4909 1440 4925 1439 4924 1424 4909 1441 4926 1440 4925 1424 4909 1442 4927 1441 4926 1424 4909 1443 4928 1442 4927 1424 4909 1444 4929 1443 4928 1424 4909 1445 4930 1444 4929 1424 4909 1446 4931 1445 4930 1424 4909 1447 4932 1446 4931 1424 4909 1448 4933 1447 4932 1424 4909 1449 4934 1448 4933 1424 4909 1450 4935 1449 4934 1424 4909 1451 4936 1450 4935 1424 4909 1452 4937 1451 4936 1424 4909 1453 4938 1452 4937 1424 4909 1454 4939 1453 4938 1424 4909 1455 4940 1454 4939 1456 4941 1458 4943 1457 4942 1456 4941 1459 4944 1458 4943 1456 4941 1460 4945 1459 4944 1456 4941 1461 4946 1460 4945 1456 4941 1462 4947 1461 4946 1456 4941 1463 4948 1462 4947 1456 4941 1464 4949 1463 4948 1456 4941 1465 4950 1464 4949 1456 4941 1466 4951 1465 4950 1456 4941 1467 4952 1466 4951 1456 4941 1468 4953 1467 4952 1456 4941 1469 4954 1468 4953 1456 4941 1470 4955 1469 4954 1456 4941 1471 4956 1470 4955 1456 4941 1472 4957 1471 4956 1456 4941 1473 4958 1472 4957 1456 4941 1474 4959 1473 4958 1456 4941 1475 4960 1474 4959 1456 4941 1476 4961 1475 4960 1456 4941 1477 4962 1476 4961 1456 4941 1478 4963 1477 4962 1456 4941 1479 4964 1478 4963 1456 4941 1480 4965 1479 4964 1456 4941 1481 4966 1480 4965 1456 4941 1482 4967 1481 4966 1456 4941 1483 4968 1482 4967 1456 4941 1484 4969 1483 4968 1456 4941 1485 4970 1484 4969 1456 4941 1486 4971 1485 4970 1456 4941 1487 4972 1486 4971 1488 4973 1490 4975 1489 4974 1488 4973 1491 4976 1490 4975 1488 4973 1492 4977 1491 4976 1488 4973 1493 4978 1492 4977 1488 4973 1494 4979 1493 4978 1488 4973 1495 4980 1494 4979 1488 4973 1496 4981 1495 4980 1488 4973 1497 4982 1496 4981 1488 4973 1498 4983 1497 4982 1488 4973 1499 4984 1498 4983 1488 4973 1500 4985 1499 4984 1488 4973 1501 4986 1500 4985 1488 4973 1502 4987 1501 4986 1488 4973 1503 4988 1502 4987 1488 4973 1504 4989 1503 4988 1488 4973 1505 4990 1504 4989 1488 4973 1506 4991 1505 4990 1488 4973 1507 4992 1506 4991 1488 4973 1508 4993 1507 4992 1488 4973 1509 4994 1508 4993 1488 4973 1510 4995 1509 4994 1488 4973 1511 4996 1510 4995 1488 4973 1512 4997 1511 4996 1488 4973 1513 4998 1512 4997 1488 4973 1514 4999 1513 4998 1488 4973 1515 5000 1514 4999 1488 4973 1516 5001 1515 5000 1488 4973 1517 5002 1516 5001 1488 4973 1518 5003 1517 5002 1488 4973 1519 5004 1518 5003 1520 5005 1522 5007 1521 5006 1520 5005 1523 5008 1522 5007 1520 5005 1524 5009 1523 5008 1520 5005 1525 5010 1524 5009 1520 5005 1526 5011 1525 5010 1520 5005 1527 5012 1526 5011 1520 5005 1528 5013 1527 5012 1520 5005 1529 5014 1528 5013 1520 5005 1530 5015 1529 5014 1520 5005 1531 5016 1530 5015 1520 5005 1532 5017 1531 5016 1520 5005 1533 5018 1532 5017 1520 5005 1534 5019 1533 5018 1520 5005 1535 5020 1534 5019 1520 5005 1536 5021 1535 5020 1520 5005 1537 5022 1536 5021 1520 5005 1538 5023 1537 5022 1520 5005 1539 5024 1538 5023 1520 5005 1540 5025 1539 5024 1520 5005 1541 5026 1540 5025 1520 5005 1542 5027 1541 5026 1520 5005 1543 5028 1542 5027 1520 5005 1544 5029 1543 5028 1520 5005 1545 5030 1544 5029 1520 5005 1546 5031 1545 5030 1520 5005 1547 5032 1546 5031 1520 5005 1548 5033 1547 5032 1520 5005 1549 5034 1548 5033 1520 5005 1550 5035 1549 5034 1520 5005 1551 5036 1550 5035</p></triangles>
        <triangles count="1080" material="MAT_COTTON_LEAF_2-mat"><input semantic="VERTEX" source="#ROW_20_SEG2_foliage-vtx" offset="0"/><input semantic="NORMAL" source="#ROW_20_SEG2_foliage-nrm" offset="1"/><p>1552 1550 1553 1551 1554 1552 1552 1550 1554 1552 1555 1553 1552 1550 1555 1553 1556 1554 1552 1550 1556 1554 1557 1555 1552 1550 1557 1555 1558 1556 1552 1550 1558 1556 1559 1557 1552 1550 1559 1557 1560 1558 1552 1550 1560 1558 1561 1559 1552 1550 1561 1559 1562 1560 1552 1550 1562 1560 1563 1561 1552 1550 1563 1561 1564 1562 1552 1550 1564 1562 1565 1563 1552 1550 1565 1563 1566 1564 1552 1550 1566 1564 1567 1565 1552 1550 1567 1565 1568 1566 1552 1550 1568 1566 1569 1567 1552 1550 1569 1567 1570 1567 1552 1550 1570 1567 1571 1568 1552 1550 1571 1568 1572 1230 1552 1550 1572 1230 1573 1569 1552 1550 1573 1569 1574 1570 1552 1550 1574 1570 1575 1571 1552 1550 1575 1571 1576 1572 1552 1550 1576 1572 1577 1573 1552 1550 1577 1573 1578 1574 1552 1550 1578 1574 1579 1575 1552 1550 1579 1575 1580 1576 1552 1550 1580 1576 1581 1577 1552 1550 1581 1577 1582 1578 1552 1550 1582 1578 1583 1579 1584 1580 1585 1581 1586 1582 1584 1580 1586 1582 1587 1583 1584 1580 1587 1583 1588 1584 1584 1580 1588 1584 1589 1585 1584 1580 1589 1585 1590 1586 1584 1580 1590 1586 1591 1587 1584 1580 1591 1587 1592 1588 1584 1580 1592 1588 1593 1589 1584 1580 1593 1589 1594 1590 1584 1580 1594 1590 1595 1591 1584 1580 1595 1591 1596 1592 1584 1580 1596 1592 1597 1593 1584 1580 1597 1593 1598 1594 1584 1580 1598 1594 1599 1595 1584 1580 1599 1595 1600 1596 1584 1580 1600 1596 1601 1597 1584 1580 1601 1597 1602 1598 1584 1580 1602 1598 1603 1599 1584 1580 1603 1599 1604 1600 1584 1580 1604 1600 1605 1601 1584 1580 1605 1601 1606 1602 1584 1580 1606 1602 1607 1603 1584 1580 1607 1603 1608 1604 1584 1580 1608 1604 1609 1605 1584 1580 1609 1605 1610 1606 1584 1580 1610 1606 1611 1607 1584 1580 1611 1607 1612 1608 1584 1580 1612 1608 1613 1609 1584 1580 1613 1609 1614 1610 1584 1580 1614 1610 1615 1611 1616 1612 1617 1613 1618 1614 1616 1612 1618 1614 1619 1615 1616 1612 1619 1615 1620 1616 1616 1612 1620 1616 1621 1617 1616 1612 1621 1617 1622 1618 1616 1612 1622 1618 1623 1619 1616 1612 1623 1619 1624 1620 1616 1612 1624 1620 1625 1621 1616 1612 1625 1621 1626 1622 1616 1612 1626 1622 1627 1623 1616 1612 1627 1623 1628 1624 1616 1612 1628 1624 1629 1625 1616 1612 1629 1625 1630 1626 1616 1612 1630 1626 1631 1627 1616 1612 1631 1627 1632 1628 1616 1612 1632 1628 1633 1629 1616 1612 1633 1629 1634 1630 1616 1612 1634 1630 1635 1631 1616 1612 1635 1631 1636 1632 1616 1612 1636 1632 1637 1633 1616 1612 1637 1633 1638 1634 1616 1612 1638 1634 1639 1635 1616 1612 1639 1635 1640 1636 1616 1612 1640 1636 1641 1637 1616 1612 1641 1637 1642 1638 1616 1612 1642 1638 1643 1639 1616 1612 1643 1639 1644 1640 1616 1612 1644 1640 1645 1641 1616 1612 1645 1641 1646 1642 1616 1612 1646 1642 1647 1643 1648 1644 1649 1645 1650 1645 1648 1644 1650 1645 1651 1646 1648 1644 1651 1646 1652 1647 1648 1644 1652 1647 1653 1648 1648 1644 1653 1648 1654 1649 1648 1644 1654 1649 1655 1650 1648 1644 1655 1650 1656 1651 1648 1644 1656 1651 1657 1652 1648 1644 1657 1652 1658 1653 1648 1644 1658 1653 1659 1654 1648 1644 1659 1654 1660 1655 1648 1644 1660 1655 1661 1656 1648 1644 1661 1656 1662 1657 1648 1644 1662 1657 1663 1658 1648 1644 1663 1658 1664 1659 1648 1644 1664 1659 1665 1660 1648 1644 1665 1660 1666 1661 1648 1644 1666 1661 1667 1662 1648 1644 1667 1662 1668 1663 1648 1644 1668 1663 1669 1664 1648 1644 1669 1664 1670 1665 1648 1644 1670 1665 1671 1666 1648 1644 1671 1666 1672 1667 1648 1644 1672 1667 1673 1668 1648 1644 1673 1668 1674 1669 1648 1644 1674 1669 1675 1670 1648 1644 1675 1670 1676 1671 1648 1644 1676 1671 1677 1672 1648 1644 1677 1672 1678 1673 1648 1644 1678 1673 1679 1673 1680 1674 1681 1675 1682 1676 1680 1674 1682 1676 1683 1677 1680 1674 1683 1677 1684 1678 1680 1674 1684 1678 1685 1679 1680 1674 1685 1679 1686 1680 1680 1674 1686 1680 1687 1681 1680 1674 1687 1681 1688 1682 1680 1674 1688 1682 1689 1683 1680 1674 1689 1683 1690 1684 1680 1674 1690 1684 1691 1685 1680 1674 1691 1685 1692 1686 1680 1674 1692 1686 1693 1687 1680 1674 1693 1687 1694 1688 1680 1674 1694 1688 1695 1689 1680 1674 1695 1689 1696 1690 1680 1674 1696 1690 1697 1691 1680 1674 1697 1691 1698 1692 1680 1674 1698 1692 1699 1693 1680 1674 1699 1693 1700 1694 1680 1674 1700 1694 1701 1695 1680 1674 1701 1695 1702 1696 1680 1674 1702 1696 1703 1697 1680 1674 1703 1697 1704 1698 1680 1674 1704 1698 1705 1699 1680 1674 1705 1699 1706 1700 1680 1674 1706 1700 1707 1701 1680 1674 1707 1701 1708 1702 1680 1674 1708 1702 1709 1703 1680 1674 1709 1703 1710 1704 1680 1674 1710 1704 1711 1705 1712 1706 1713 1707 1714 1708 1712 1706 1714 1708 1715 1709 1712 1706 1715 1709 1716 1710 1712 1706 1716 1710 1717 1711 1712 1706 1717 1711 1718 1712 1712 1706 1718 1712 1719 1713 1712 1706 1719 1713 1720 1714 1712 1706 1720 1714 1721 1715 1712 1706 1721 1715 1722 1716 1712 1706 1722 1716 1723 1717 1712 1706 1723 1717 1724 1718 1712 1706 1724 1718 1725 1719 1712 1706 1725 1719 1726 1720 1712 1706 1726 1720 1727 1721 1712 1706 1727 1721 1728 1722 1712 1706 1728 1722 1729 1723 1712 1706 1729 1723 1730 1724 1712 1706 1730 1724 1731 1725 1712 1706 1731 1725 1732 1726 1712 1706 1732 1726 1733 1727 1712 1706 1733 1727 1734 1728 1712 1706 1734 1728 1735 1729 1712 1706 1735 1729 1736 1730 1712 1706 1736 1730 1737 1731 1712 1706 1737 1731 1738 1732 1712 1706 1738 1732 1739 1733 1712 1706 1739 1733 1740 1734 1712 1706 1740 1734 1741 1735 1712 1706 1741 1735 1742 1736 1712 1706 1742 1736 1743 1737 1744 1738 1745 1739 1746 1740 1744 1738 1746 1740 1747 1741 1744 1738 1747 1741 1748 1742 1744 1738 1748 1742 1749 1743 1744 1738 1749 1743 1750 1744 1744 1738 1750 1744 1751 1745 1744 1738 1751 1745 1752 1746 1744 1738 1752 1746 1753 1747 1744 1738 1753 1747 1754 1748 1744 1738 1754 1748 1755 1749 1744 1738 1755 1749 1756 1750 1744 1738 1756 1750 1757 1751 1744 1738 1757 1751 1758 1752 1744 1738 1758 1752 1759 1752 1744 1738 1759 1752 1760 1753 1744 1738 1760 1753 1761 1754 1744 1738 1761 1754 1762 1755 1744 1738 1762 1755 1763 1756 1744 1738 1763 1756 1764 1757 1744 1738 1764 1757 1765 1366 1744 1738 1765 1366 1766 1758 1744 1738 1766 1758 1767 1759 1744 1738 1767 1759 1768 1760 1744 1738 1768 1760 1769 1761 1744 1738 1769 1761 1770 1762 1744 1738 1770 1762 1771 1763 1744 1738 1771 1763 1772 1764 1744 1738 1772 1764 1773 1765 1744 1738 1773 1765 1774 1766 1744 1738 1774 1766 1775 1767 1776 1768 1777 1769 1778 1770 1776 1768 1778 1770 1779 1771 1776 1768 1779 1771 1780 1772 1776 1768 1780 1772 1781 1773 1776 1768 1781 1773 1782 1774 1776 1768 1782 1774 1783 1775 1776 1768 1783 1775 1784 1776 1776 1768 1784 1776 1785 1777 1776 1768 1785 1777 1786 1778 1776 1768 1786 1778 1787 1779 1776 1768 1787 1779 1788 1780 1776 1768 1788 1780 1789 1781 1776 1768 1789 1781 1790 1782 1776 1768 1790 1782 1791 1783 1776 1768 1791 1783 1792 1784 1776 1768 1792 1784 1793 1785 1776 1768 1793 1785 1794 1786 1776 1768 1794 1786 1795 1787 1776 1768 1795 1787 1796 1788 1776 1768 1796 1788 1797 1789 1776 1768 1797 1789 1798 1790 1776 1768 1798 1790 1799 1791 1776 1768 1799 1791 1800 1792 1776 1768 1800 1792 1801 1793 1776 1768 1801 1793 1802 1794 1776 1768 1802 1794 1803 1795 1776 1768 1803 1795 1804 1796 1776 1768 1804 1796 1805 1797 1776 1768 1805 1797 1806 1798 1776 1768 1806 1798 1807 1799 1808 1800 1809 1801 1810 1802 1808 1800 1810 1802 1811 1803 1808 1800 1811 1803 1812 1804 1808 1800 1812 1804 1813 1805 1808 1800 1813 1805 1814 1806 1808 1800 1814 1806 1815 1807 1808 1800 1815 1807 1816 1808 1808 1800 1816 1808 1817 1809 1808 1800 1817 1809 1818 1810 1808 1800 1818 1810 1819 1811 1808 1800 1819 1811 1820 1812 1808 1800 1820 1812 1821 1813 1808 1800 1821 1813 1822 1814 1808 1800 1822 1814 1823 1815 1808 1800 1823 1815 1824 1816 1808 1800 1824 1816 1825 1817 1808 1800 1825 1817 1826 1818 1808 1800 1826 1818 1827 1819 1808 1800 1827 1819 1828 1820 1808 1800 1828 1820 1829 1821 1808 1800 1829 1821 1830 1822 1808 1800 1830 1822 1831 1823 1808 1800 1831 1823 1832 1824 1808 1800 1832 1824 1833 1825 1808 1800 1833 1825 1834 1826 1808 1800 1834 1826 1835 1827 1808 1800 1835 1827 1836 1828 1808 1800 1836 1828 1837 1829 1808 1800 1837 1829 1838 1830 1808 1800 1838 1830 1839 1831 1840 1832 1841 1833 1842 1833 1840 1832 1842 1833 1843 1834 1840 1832 1843 1834 1844 1835 1840 1832 1844 1835 1845 1836 1840 1832 1845 1836 1846 1837 1840 1832 1846 1837 1847 1838 1840 1832 1847 1838 1848 1839 1840 1832 1848 1839 1849 1840 1840 1832 1849 1840 1850 1841 1840 1832 1850 1841 1851 1842 1840 1832 1851 1842 1852 1843 1840 1832 1852 1843 1853 1844 1840 1832 1853 1844 1854 1845 1840 1832 1854 1845 1855 1846 1840 1832 1855 1846 1856 1847 1840 1832 1856 1847 1857 1848 1840 1832 1857 1848 1858 1849 1840 1832 1858 1849 1859 1850 1840 1832 1859 1850 1860 1851 1840 1832 1860 1851 1861 1852 1840 1832 1861 1852 1862 1853 1840 1832 1862 1853 1863 1854 1840 1832 1863 1854 1864 1855 1840 1832 1864 1855 1865 1856 1840 1832 1865 1856 1866 1857 1840 1832 1866 1857 1867 1858 1840 1832 1867 1858 1868 1859 1840 1832 1868 1859 1869 1860 1840 1832 1869 1860 1870 1861 1840 1832 1870 1861 1871 1862 1872 1863 1873 1864 1874 1865 1872 1863 1874 1865 1875 1866 1872 1863 1875 1866 1876 1867 1872 1863 1876 1867 1877 1868 1872 1863 1877 1868 1878 1869 1872 1863 1878 1869 1879 1870 1872 1863 1879 1870 1880 1871 1872 1863 1880 1871 1881 1872 1872 1863 1881 1872 1882 1873 1872 1863 1882 1873 1883 1874 1872 1863 1883 1874 1884 1875 1872 1863 1884 1875 1885 1876 1872 1863 1885 1876 1886 1357 1872 1863 1886 1357 1887 1877 1872 1863 1887 1877 1888 1878 1872 1863 1888 1878 1889 1879 1872 1863 1889 1879 1890 1880 1872 1863 1890 1880 1891 1881 1872 1863 1891 1881 1892 1882 1872 1863 1892 1882 1893 1883 1872 1863 1893 1883 1894 1884 1872 1863 1894 1884 1895 1885 1872 1863 1895 1885 1896 1886 1872 1863 1896 1886 1897 1887 1872 1863 1897 1887 1898 1888 1872 1863 1898 1888 1899 1889 1872 1863 1899 1889 1900 1890 1872 1863 1900 1890 1901 1891 1872 1863 1901 1891 1902 1892 1872 1863 1902 1892 1903 1893 1904 1894 1905 1895 1906 1896 1904 1894 1906 1896 1907 1897 1904 1894 1907 1897 1908 1898 1904 1894 1908 1898 1909 1899 1904 1894 1909 1899 1910 1900 1904 1894 1910 1900 1911 1901 1904 1894 1911 1901 1912 1902 1904 1894 1912 1902 1913 1903 1904 1894 1913 1903 1914 1904 1904 1894 1914 1904 1915 1905 1904 1894 1915 1905 1916 1906 1904 1894 1916 1906 1917 1907 1904 1894 1917 1907 1918 1908 1904 1894 1918 1908 1919 1909 1904 1894 1919 1909 1920 1910 1904 1894 1920 1910 1921 1911 1904 1894 1921 1911 1922 1912 1904 1894 1922 1912 1923 1913 1904 1894 1923 1913 1924 1914 1904 1894 1924 1914 1925 1915 1904 1894 1925 1915 1926 1916 1904 1894 1926 1916 1927 1917 1904 1894 1927 1917 1928 1918 1904 1894 1928 1918 1929 1919 1904 1894 1929 1919 1930 1920 1904 1894 1930 1920 1931 1921 1904 1894 1931 1921 1932 1922 1904 1894 1932 1922 1933 1923 1904 1894 1933 1923 1934 1924 1904 1894 1934 1924 1935 1925 1936 1926 1937 1927 1938 1928 1936 1926 1938 1928 1939 1929 1936 1926 1939 1929 1940 1930 1936 1926 1940 1930 1941 1931 1936 1926 1941 1931 1942 1932 1936 1926 1942 1932 1943 1933 1936 1926 1943 1933 1944 1934 1936 1926 1944 1934 1945 1935 1936 1926 1945 1935 1946 1936 1936 1926 1946 1936 1947 1937 1936 1926 1947 1937 1948 1938 1936 1926 1948 1938 1949 1939 1936 1926 1949 1939 1950 1940 1936 1926 1950 1940 1951 1941 1936 1926 1951 1941 1952 1942 1936 1926 1952 1942 1953 1943 1936 1926 1953 1943 1954 1944 1936 1926 1954 1944 1955 1945 1936 1926 1955 1945 1956 1946 1936 1926 1956 1946 1957 1947 1936 1926 1957 1947 1958 1948 1936 1926 1958 1948 1959 1949 1936 1926 1959 1949 1960 1950 1936 1926 1960 1950 1961 1951 1936 1926 1961 1951 1962 1952 1936 1926 1962 1952 1963 1953 1936 1926 1963 1953 1964 1954 1936 1926 1964 1954 1965 1955 1936 1926 1965 1955 1966 1956 1936 1926 1966 1956 1967 1957 1968 1958 1969 1959 1970 1960 1968 1958 1970 1960 1971 1961 1968 1958 1971 1961 1972 1962 1968 1958 1972 1962 1973 1963 1968 1958 1973 1963 1974 1964 1968 1958 1974 1964 1975 1965 1968 1958 1975 1965 1976 1966 1968 1958 1976 1966 1977 1967 1968 1958 1977 1967 1978 1968 1968 1958 1978 1968 1979 1969 1968 1958 1979 1969 1980 1970 1968 1958 1980 1970 1981 1971 1968 1958 1981 1971 1982 1972 1968 1958 1982 1972 1983 1973 1968 1958 1983 1973 1984 1974 1968 1958 1984 1974 1985 1975 1968 1958 1985 1975 1986 1976 1968 1958 1986 1976 1987 1977 1968 1958 1987 1977 1988 1978 1968 1958 1988 1978 1989 1979 1968 1958 1989 1979 1990 1980 1968 1958 1990 1980 1991 1981 1968 1958 1991 1981 1992 1982 1968 1958 1992 1982 1993 1983 1968 1958 1993 1983 1994 1984 1968 1958 1994 1984 1995 1985 1968 1958 1995 1985 1996 1986 1968 1958 1996 1986 1997 1987 1968 1958 1997 1987 1998 1988 1968 1958 1998 1988 1999 1989 2000 1990 2001 1991 2002 1992 2000 1990 2002 1992 2003 1993 2000 1990 2003 1993 2004 1994 2000 1990 2004 1994 2005 1995 2000 1990 2005 1995 2006 1996 2000 1990 2006 1996 2007 1997 2000 1990 2007 1997 2008 1998 2000 1990 2008 1998 2009 1999 2000 1990 2009 1999 2010 2000 2000 1990 2010 2000 2011 2001 2000 1990 2011 2001 2012 2002 2000 1990 2012 2002 2013 2003 2000 1990 2013 2003 2014 2004 2000 1990 2014 2004 2015 2005 2000 1990 2015 2005 2016 2006 2000 1990 2016 2006 2017 2007 2000 1990 2017 2007 2018 2008 2000 1990 2018 2008 2019 2009 2000 1990 2019 2009 2020 2010 2000 1990 2020 2010 2021 2011 2000 1990 2021 2011 2022 2012 2000 1990 2022 2012 2023 2013 2000 1990 2023 2013 2024 2014 2000 1990 2024 2014 2025 2015 2000 1990 2025 2015 2026 2016 2000 1990 2026 2016 2027 2017 2000 1990 2027 2017 2028 2018 2000 1990 2028 2018 2029 2019 2000 1990 2029 2019 2030 2020 2000 1990 2030 2020 2031 2021 2032 2022 2033 2023 2034 2023 2032 2022 2034 2023 2035 2024 2032 2022 2035 2024 2036 2025 2032 2022 2036 2025 2037 2026 2032 2022 2037 2026 2038 2027 2032 2022 2038 2027 2039 2028 2032 2022 2039 2028 2040 2029 2032 2022 2040 2029 2041 2030 2032 2022 2041 2030 2042 2031 2032 2022 2042 2031 2043 2032 2032 2022 2043 2032 2044 2033 2032 2022 2044 2033 2045 2034 2032 2022 2045 2034 2046 2035 2032 2022 2046 2035 2047 2036 2032 2022 2047 2036 2048 2037 2032 2022 2048 2037 2049 2038 2032 2022 2049 2038 2050 2039 2032 2022 2050 2039 2051 2040 2032 2022 2051 2040 2052 2041 2032 2022 2052 2041 2053 2042 2032 2022 2053 2042 2054 2043 2032 2022 2054 2043 2055 2044 2032 2022 2055 2044 2056 2045 2032 2022 2056 2045 2057 2046 2032 2022 2057 2046 2058 2047 2032 2022 2058 2047 2059 2048 2032 2022 2059 2048 2060 2049 2032 2022 2060 2049 2061 2050 2032 2022 2061 2050 2062 2051 2032 2022 2062 2051 2063 2052 2064 2053 2065 2054 2066 2055 2064 2053 2066 2055 2067 2056 2064 2053 2067 2056 2068 2057 2064 2053 2068 2057 2069 2058 2064 2053 2069 2058 2070 2059 2064 2053 2070 2059 2071 2060 2064 2053 2071 2060 2072 2061 2064 2053 2072 2061 2073 2062 2064 2053 2073 2062 2074 2063 2064 2053 2074 2063 2075 2064 2064 2053 2075 2064 2076 2065 2064 2053 2076 2065 2077 2066 2064 2053 2077 2066 2078 2067 2064 2053 2078 2067 2079 2068 2064 2053 2079 2068 2080 2069 2064 2053 2080 2069 2081 2070 2064 2053 2081 2070 2082 2071 2064 2053 2082 2071 2083 2072 2064 2053 2083 2072 2084 2073 2064 2053 2084 2073 2085 2074 2064 2053 2085 2074 2086 2075 2064 2053 2086 2075 2087 2076 2064 2053 2087 2076 2088 2077 2064 2053 2088 2077 2089 2078 2064 2053 2089 2078 2090 2079 2064 2053 2090 2079 2091 2080 2064 2053 2091 2080 2092 2081 2064 2053 2092 2081 2093 2082 2064 2053 2093 2082 2094 2083 2064 2053 2094 2083 2095 2084 2096 2085 2097 2086 2098 2087 2096 2085 2098 2087 2099 2088 2096 2085 2099 2088 2100 2089 2096 2085 2100 2089 2101 2090 2096 2085 2101 2090 2102 2091 2096 2085 2102 2091 2103 2092 2096 2085 2103 2092 2104 2093 2096 2085 2104 2093 2105 2094 2096 2085 2105 2094 2106 2095 2096 2085 2106 2095 2107 2096 2096 2085 2107 2096 2108 2097 2096 2085 2108 2097 2109 2098 2096 2085 2109 2098 2110 2099 2096 2085 2110 2099 2111 2100 2096 2085 2111 2100 2112 2101 2096 2085 2112 2101 2113 2102 2096 2085 2113 2102 2114 2103 2096 2085 2114 2103 2115 2104 2096 2085 2115 2104 2116 2105 2096 2085 2116 2105 2117 2106 2096 2085 2117 2106 2118 2107 2096 2085 2118 2107 2119 2108 2096 2085 2119 2108 2120 2109 2096 2085 2120 2109 2121 2110 2096 2085 2121 2110 2122 2111 2096 2085 2122 2111 2123 2112 2096 2085 2123 2112 2124 2113 2096 2085 2124 2113 2125 2114 2096 2085 2125 2114 2126 2115 2096 2085 2126 2115 2127 2116 1552 5037 1554 5039 1553 5038 1552 5037 1555 5040 1554 5039 1552 5037 1556 5041 1555 5040 1552 5037 1557 5042 1556 5041 1552 5037 1558 5043 1557 5042 1552 5037 1559 5044 1558 5043 1552 5037 1560 5045 1559 5044 1552 5037 1561 5046 1560 5045 1552 5037 1562 5047 1561 5046 1552 5037 1563 5048 1562 5047 1552 5037 1564 5049 1563 5048 1552 5037 1565 5050 1564 5049 1552 5037 1566 5051 1565 5050 1552 5037 1567 5052 1566 5051 1552 5037 1568 5053 1567 5052 1552 5037 1569 5054 1568 5053 1552 5037 1570 5054 1569 5054 1552 5037 1571 5055 1570 5054 1552 5037 1572 4717 1571 5055 1552 5037 1573 5056 1572 4717 1552 5037 1574 5057 1573 5056 1552 5037 1575 5058 1574 5057 1552 5037 1576 5059 1575 5058 1552 5037 1577 5060 1576 5059 1552 5037 1578 5061 1577 5060 1552 5037 1579 5062 1578 5061 1552 5037 1580 5063 1579 5062 1552 5037 1581 5064 1580 5063 1552 5037 1582 5065 1581 5064 1552 5037 1583 5066 1582 5065 1584 5067 1586 5069 1585 5068 1584 5067 1587 5070 1586 5069 1584 5067 1588 5071 1587 5070 1584 5067 1589 5072 1588 5071 1584 5067 1590 5073 1589 5072 1584 5067 1591 5074 1590 5073 1584 5067 1592 5075 1591 5074 1584 5067 1593 5076 1592 5075 1584 5067 1594 5077 1593 5076 1584 5067 1595 5078 1594 5077 1584 5067 1596 5079 1595 5078 1584 5067 1597 5080 1596 5079 1584 5067 1598 5081 1597 5080 1584 5067 1599 5082 1598 5081 1584 5067 1600 5083 1599 5082 1584 5067 1601 5084 1600 5083 1584 5067 1602 5085 1601 5084 1584 5067 1603 5086 1602 5085 1584 5067 1604 5087 1603 5086 1584 5067 1605 5088 1604 5087 1584 5067 1606 5089 1605 5088 1584 5067 1607 5090 1606 5089 1584 5067 1608 5091 1607 5090 1584 5067 1609 5092 1608 5091 1584 5067 1610 5093 1609 5092 1584 5067 1611 5094 1610 5093 1584 5067 1612 5095 1611 5094 1584 5067 1613 5096 1612 5095 1584 5067 1614 5097 1613 5096 1584 5067 1615 5098 1614 5097 1616 5099 1618 5101 1617 5100 1616 5099 1619 5102 1618 5101 1616 5099 1620 5103 1619 5102 1616 5099 1621 5104 1620 5103 1616 5099 1622 5105 1621 5104 1616 5099 1623 5106 1622 5105 1616 5099 1624 5107 1623 5106 1616 5099 1625 5108 1624 5107 1616 5099 1626 5109 1625 5108 1616 5099 1627 5110 1626 5109 1616 5099 1628 5111 1627 5110 1616 5099 1629 5112 1628 5111 1616 5099 1630 5113 1629 5112 1616 5099 1631 5114 1630 5113 1616 5099 1632 5115 1631 5114 1616 5099 1633 5116 1632 5115 1616 5099 1634 5117 1633 5116 1616 5099 1635 5118 1634 5117 1616 5099 1636 5119 1635 5118 1616 5099 1637 5120 1636 5119 1616 5099 1638 5121 1637 5120 1616 5099 1639 5122 1638 5121 1616 5099 1640 5123 1639 5122 1616 5099 1641 5124 1640 5123 1616 5099 1642 5125 1641 5124 1616 5099 1643 5126 1642 5125 1616 5099 1644 5127 1643 5126 1616 5099 1645 5128 1644 5127 1616 5099 1646 5129 1645 5128 1616 5099 1647 5130 1646 5129 1648 5131 1650 5132 1649 5132 1648 5131 1651 5133 1650 5132 1648 5131 1652 5134 1651 5133 1648 5131 1653 5135 1652 5134 1648 5131 1654 5136 1653 5135 1648 5131 1655 5137 1654 5136 1648 5131 1656 5138 1655 5137 1648 5131 1657 5139 1656 5138 1648 5131 1658 5140 1657 5139 1648 5131 1659 5141 1658 5140 1648 5131 1660 5142 1659 5141 1648 5131 1661 5143 1660 5142 1648 5131 1662 5144 1661 5143 1648 5131 1663 5145 1662 5144 1648 5131 1664 5146 1663 5145 1648 5131 1665 5147 1664 5146 1648 5131 1666 5148 1665 5147 1648 5131 1667 5149 1666 5148 1648 5131 1668 5150 1667 5149 1648 5131 1669 5151 1668 5150 1648 5131 1670 5152 1669 5151 1648 5131 1671 5153 1670 5152 1648 5131 1672 5154 1671 5153 1648 5131 1673 5155 1672 5154 1648 5131 1674 5156 1673 5155 1648 5131 1675 5157 1674 5156 1648 5131 1676 5158 1675 5157 1648 5131 1677 5159 1676 5158 1648 5131 1678 5160 1677 5159 1648 5131 1679 5160 1678 5160 1680 5161 1682 5163 1681 5162 1680 5161 1683 5164 1682 5163 1680 5161 1684 5165 1683 5164 1680 5161 1685 5166 1684 5165 1680 5161 1686 5167 1685 5166 1680 5161 1687 5168 1686 5167 1680 5161 1688 5169 1687 5168 1680 5161 1689 5170 1688 5169 1680 5161 1690 5171 1689 5170 1680 5161 1691 5172 1690 5171 1680 5161 1692 5173 1691 5172 1680 5161 1693 5174 1692 5173 1680 5161 1694 5175 1693 5174 1680 5161 1695 5176 1694 5175 1680 5161 1696 5177 1695 5176 1680 5161 1697 5178 1696 5177 1680 5161 1698 5179 1697 5178 1680 5161 1699 5180 1698 5179 1680 5161 1700 5181 1699 5180 1680 5161 1701 5182 1700 5181 1680 5161 1702 5183 1701 5182 1680 5161 1703 5184 1702 5183 1680 5161 1704 5185 1703 5184 1680 5161 1705 5186 1704 5185 1680 5161 1706 5187 1705 5186 1680 5161 1707 5188 1706 5187 1680 5161 1708 5189 1707 5188 1680 5161 1709 5190 1708 5189 1680 5161 1710 5191 1709 5190 1680 5161 1711 5192 1710 5191 1712 5193 1714 5195 1713 5194 1712 5193 1715 5196 1714 5195 1712 5193 1716 5197 1715 5196 1712 5193 1717 5198 1716 5197 1712 5193 1718 5199 1717 5198 1712 5193 1719 5200 1718 5199 1712 5193 1720 5201 1719 5200 1712 5193 1721 5202 1720 5201 1712 5193 1722 5203 1721 5202 1712 5193 1723 5204 1722 5203 1712 5193 1724 5205 1723 5204 1712 5193 1725 5206 1724 5205 1712 5193 1726 5207 1725 5206 1712 5193 1727 5208 1726 5207 1712 5193 1728 5209 1727 5208 1712 5193 1729 5210 1728 5209 1712 5193 1730 5211 1729 5210 1712 5193 1731 5212 1730 5211 1712 5193 1732 5213 1731 5212 1712 5193 1733 5214 1732 5213 1712 5193 1734 5215 1733 5214 1712 5193 1735 5216 1734 5215 1712 5193 1736 5217 1735 5216 1712 5193 1737 5218 1736 5217 1712 5193 1738 5219 1737 5218 1712 5193 1739 5220 1738 5219 1712 5193 1740 5221 1739 5220 1712 5193 1741 5222 1740 5221 1712 5193 1742 5223 1741 5222 1712 5193 1743 5224 1742 5223 1744 5225 1746 5227 1745 5226 1744 5225 1747 5228 1746 5227 1744 5225 1748 5229 1747 5228 1744 5225 1749 5230 1748 5229 1744 5225 1750 5231 1749 5230 1744 5225 1751 5232 1750 5231 1744 5225 1752 5233 1751 5232 1744 5225 1753 5234 1752 5233 1744 5225 1754 5235 1753 5234 1744 5225 1755 5236 1754 5235 1744 5225 1756 5237 1755 5236 1744 5225 1757 5238 1756 5237 1744 5225 1758 5239 1757 5238 1744 5225 1759 5239 1758 5239 1744 5225 1760 5240 1759 5239 1744 5225 1761 5241 1760 5240 1744 5225 1762 5242 1761 5241 1744 5225 1763 5243 1762 5242 1744 5225 1764 5244 1763 5243 1744 5225 1765 4853 1764 5244 1744 5225 1766 5245 1765 4853 1744 5225 1767 5246 1766 5245 1744 5225 1768 5247 1767 5246 1744 5225 1769 5248 1768 5247 1744 5225 1770 5249 1769 5248 1744 5225 1771 5250 1770 5249 1744 5225 1772 5251 1771 5250 1744 5225 1773 5252 1772 5251 1744 5225 1774 5253 1773 5252 1744 5225 1775 5254 1774 5253 1776 5255 1778 5257 1777 5256 1776 5255 1779 5258 1778 5257 1776 5255 1780 5259 1779 5258 1776 5255 1781 5260 1780 5259 1776 5255 1782 5261 1781 5260 1776 5255 1783 5262 1782 5261 1776 5255 1784 5263 1783 5262 1776 5255 1785 5264 1784 5263 1776 5255 1786 5265 1785 5264 1776 5255 1787 5266 1786 5265 1776 5255 1788 5267 1787 5266 1776 5255 1789 5268 1788 5267 1776 5255 1790 5269 1789 5268 1776 5255 1791 5270 1790 5269 1776 5255 1792 5271 1791 5270 1776 5255 1793 5272 1792 5271 1776 5255 1794 5273 1793 5272 1776 5255 1795 5274 1794 5273 1776 5255 1796 5275 1795 5274 1776 5255 1797 5276 1796 5275 1776 5255 1798 5277 1797 5276 1776 5255 1799 5278 1798 5277 1776 5255 1800 5279 1799 5278 1776 5255 1801 5280 1800 5279 1776 5255 1802 5281 1801 5280 1776 5255 1803 5282 1802 5281 1776 5255 1804 5283 1803 5282 1776 5255 1805 5284 1804 5283 1776 5255 1806 5285 1805 5284 1776 5255 1807 5286 1806 5285 1808 5287 1810 5289 1809 5288 1808 5287 1811 5290 1810 5289 1808 5287 1812 5291 1811 5290 1808 5287 1813 5292 1812 5291 1808 5287 1814 5293 1813 5292 1808 5287 1815 5294 1814 5293 1808 5287 1816 5295 1815 5294 1808 5287 1817 5296 1816 5295 1808 5287 1818 5297 1817 5296 1808 5287 1819 5298 1818 5297 1808 5287 1820 5299 1819 5298 1808 5287 1821 5300 1820 5299 1808 5287 1822 5301 1821 5300 1808 5287 1823 5302 1822 5301 1808 5287 1824 5303 1823 5302 1808 5287 1825 5304 1824 5303 1808 5287 1826 5305 1825 5304 1808 5287 1827 5306 1826 5305 1808 5287 1828 5307 1827 5306 1808 5287 1829 5308 1828 5307 1808 5287 1830 5309 1829 5308 1808 5287 1831 5310 1830 5309 1808 5287 1832 5311 1831 5310 1808 5287 1833 5312 1832 5311 1808 5287 1834 5313 1833 5312 1808 5287 1835 5314 1834 5313 1808 5287 1836 5315 1835 5314 1808 5287 1837 5316 1836 5315 1808 5287 1838 5317 1837 5316 1808 5287 1839 5318 1838 5317 1840 5319 1842 5320 1841 5320 1840 5319 1843 5321 1842 5320 1840 5319 1844 5322 1843 5321 1840 5319 1845 5323 1844 5322 1840 5319 1846 5324 1845 5323 1840 5319 1847 5325 1846 5324 1840 5319 1848 5326 1847 5325 1840 5319 1849 5327 1848 5326 1840 5319 1850 5328 1849 5327 1840 5319 1851 5329 1850 5328 1840 5319 1852 5330 1851 5329 1840 5319 1853 5331 1852 5330 1840 5319 1854 5332 1853 5331 1840 5319 1855 5333 1854 5332 1840 5319 1856 5334 1855 5333 1840 5319 1857 5335 1856 5334 1840 5319 1858 5336 1857 5335 1840 5319 1859 5337 1858 5336 1840 5319 1860 5338 1859 5337 1840 5319 1861 5339 1860 5338 1840 5319 1862 5340 1861 5339 1840 5319 1863 5341 1862 5340 1840 5319 1864 5342 1863 5341 1840 5319 1865 5343 1864 5342 1840 5319 1866 5344 1865 5343 1840 5319 1867 5345 1866 5344 1840 5319 1868 5346 1867 5345 1840 5319 1869 5347 1868 5346 1840 5319 1870 5348 1869 5347 1840 5319 1871 5349 1870 5348 1872 5350 1874 5352 1873 5351 1872 5350 1875 5353 1874 5352 1872 5350 1876 5354 1875 5353 1872 5350 1877 5355 1876 5354 1872 5350 1878 5356 1877 5355 1872 5350 1879 5357 1878 5356 1872 5350 1880 5358 1879 5357 1872 5350 1881 5359 1880 5358 1872 5350 1882 5360 1881 5359 1872 5350 1883 5361 1882 5360 1872 5350 1884 5362 1883 5361 1872 5350 1885 5363 1884 5362 1872 5350 1886 4844 1885 5363 1872 5350 1887 5364 1886 4844 1872 5350 1888 5365 1887 5364 1872 5350 1889 5366 1888 5365 1872 5350 1890 5367 1889 5366 1872 5350 1891 5368 1890 5367 1872 5350 1892 5369 1891 5368 1872 5350 1893 5370 1892 5369 1872 5350 1894 5371 1893 5370 1872 5350 1895 5372 1894 5371 1872 5350 1896 5373 1895 5372 1872 5350 1897 5374 1896 5373 1872 5350 1898 5375 1897 5374 1872 5350 1899 5376 1898 5375 1872 5350 1900 5377 1899 5376 1872 5350 1901 5378 1900 5377 1872 5350 1902 5379 1901 5378 1872 5350 1903 5380 1902 5379 1904 5381 1906 5383 1905 5382 1904 5381 1907 5384 1906 5383 1904 5381 1908 5385 1907 5384 1904 5381 1909 5386 1908 5385 1904 5381 1910 5387 1909 5386 1904 5381 1911 5388 1910 5387 1904 5381 1912 5389 1911 5388 1904 5381 1913 5390 1912 5389 1904 5381 1914 5391 1913 5390 1904 5381 1915 5392 1914 5391 1904 5381 1916 5393 1915 5392 1904 5381 1917 5394 1916 5393 1904 5381 1918 5395 1917 5394 1904 5381 1919 5396 1918 5395 1904 5381 1920 5397 1919 5396 1904 5381 1921 5398 1920 5397 1904 5381 1922 5399 1921 5398 1904 5381 1923 5400 1922 5399 1904 5381 1924 5401 1923 5400 1904 5381 1925 5402 1924 5401 1904 5381 1926 5403 1925 5402 1904 5381 1927 5404 1926 5403 1904 5381 1928 5405 1927 5404 1904 5381 1929 5406 1928 5405 1904 5381 1930 5407 1929 5406 1904 5381 1931 5408 1930 5407 1904 5381 1932 5409 1931 5408 1904 5381 1933 5410 1932 5409 1904 5381 1934 5411 1933 5410 1904 5381 1935 5412 1934 5411 1936 5413 1938 5415 1937 5414 1936 5413 1939 5416 1938 5415 1936 5413 1940 5417 1939 5416 1936 5413 1941 5418 1940 5417 1936 5413 1942 5419 1941 5418 1936 5413 1943 5420 1942 5419 1936 5413 1944 5421 1943 5420 1936 5413 1945 5422 1944 5421 1936 5413 1946 5423 1945 5422 1936 5413 1947 5424 1946 5423 1936 5413 1948 5425 1947 5424 1936 5413 1949 5426 1948 5425 1936 5413 1950 5427 1949 5426 1936 5413 1951 5428 1950 5427 1936 5413 1952 5429 1951 5428 1936 5413 1953 5430 1952 5429 1936 5413 1954 5431 1953 5430 1936 5413 1955 5432 1954 5431 1936 5413 1956 5433 1955 5432 1936 5413 1957 5434 1956 5433 1936 5413 1958 5435 1957 5434 1936 5413 1959 5436 1958 5435 1936 5413 1960 5437 1959 5436 1936 5413 1961 5438 1960 5437 1936 5413 1962 5439 1961 5438 1936 5413 1963 5440 1962 5439 1936 5413 1964 5441 1963 5440 1936 5413 1965 5442 1964 5441 1936 5413 1966 5443 1965 5442 1936 5413 1967 5444 1966 5443 1968 5445 1970 5447 1969 5446 1968 5445 1971 5448 1970 5447 1968 5445 1972 5449 1971 5448 1968 5445 1973 5450 1972 5449 1968 5445 1974 5451 1973 5450 1968 5445 1975 5452 1974 5451 1968 5445 1976 5453 1975 5452 1968 5445 1977 5454 1976 5453 1968 5445 1978 5455 1977 5454 1968 5445 1979 5456 1978 5455 1968 5445 1980 5457 1979 5456 1968 5445 1981 5458 1980 5457 1968 5445 1982 5459 1981 5458 1968 5445 1983 5460 1982 5459 1968 5445 1984 5461 1983 5460 1968 5445 1985 5462 1984 5461 1968 5445 1986 5463 1985 5462 1968 5445 1987 5464 1986 5463 1968 5445 1988 5465 1987 5464 1968 5445 1989 5466 1988 5465 1968 5445 1990 5467 1989 5466 1968 5445 1991 5468 1990 5467 1968 5445 1992 5469 1991 5468 1968 5445 1993 5470 1992 5469 1968 5445 1994 5471 1993 5470 1968 5445 1995 5472 1994 5471 1968 5445 1996 5473 1995 5472 1968 5445 1997 5474 1996 5473 1968 5445 1998 5475 1997 5474 1968 5445 1999 5476 1998 5475 2000 5477 2002 5479 2001 5478 2000 5477 2003 5480 2002 5479 2000 5477 2004 5481 2003 5480 2000 5477 2005 5482 2004 5481 2000 5477 2006 5483 2005 5482 2000 5477 2007 5484 2006 5483 2000 5477 2008 5485 2007 5484 2000 5477 2009 5486 2008 5485 2000 5477 2010 5487 2009 5486 2000 5477 2011 5488 2010 5487 2000 5477 2012 5489 2011 5488 2000 5477 2013 5490 2012 5489 2000 5477 2014 5491 2013 5490 2000 5477 2015 5492 2014 5491 2000 5477 2016 5493 2015 5492 2000 5477 2017 5494 2016 5493 2000 5477 2018 5495 2017 5494 2000 5477 2019 5496 2018 5495 2000 5477 2020 5497 2019 5496 2000 5477 2021 5498 2020 5497 2000 5477 2022 5499 2021 5498 2000 5477 2023 5500 2022 5499 2000 5477 2024 5501 2023 5500 2000 5477 2025 5502 2024 5501 2000 5477 2026 5503 2025 5502 2000 5477 2027 5504 2026 5503 2000 5477 2028 5505 2027 5504 2000 5477 2029 5506 2028 5505 2000 5477 2030 5507 2029 5506 2000 5477 2031 5508 2030 5507 2032 5509 2034 5510 2033 5510 2032 5509 2035 5511 2034 5510 2032 5509 2036 5512 2035 5511 2032 5509 2037 5513 2036 5512 2032 5509 2038 5514 2037 5513 2032 5509 2039 5515 2038 5514 2032 5509 2040 5516 2039 5515 2032 5509 2041 5517 2040 5516 2032 5509 2042 5518 2041 5517 2032 5509 2043 5519 2042 5518 2032 5509 2044 5520 2043 5519 2032 5509 2045 5521 2044 5520 2032 5509 2046 5522 2045 5521 2032 5509 2047 5523 2046 5522 2032 5509 2048 5524 2047 5523 2032 5509 2049 5525 2048 5524 2032 5509 2050 5526 2049 5525 2032 5509 2051 5527 2050 5526 2032 5509 2052 5528 2051 5527 2032 5509 2053 5529 2052 5528 2032 5509 2054 5530 2053 5529 2032 5509 2055 5531 2054 5530 2032 5509 2056 5532 2055 5531 2032 5509 2057 5533 2056 5532 2032 5509 2058 5534 2057 5533 2032 5509 2059 5535 2058 5534 2032 5509 2060 5536 2059 5535 2032 5509 2061 5537 2060 5536 2032 5509 2062 5538 2061 5537 2032 5509 2063 5539 2062 5538 2064 5540 2066 5542 2065 5541 2064 5540 2067 5543 2066 5542 2064 5540 2068 5544 2067 5543 2064 5540 2069 5545 2068 5544 2064 5540 2070 5546 2069 5545 2064 5540 2071 5547 2070 5546 2064 5540 2072 5548 2071 5547 2064 5540 2073 5549 2072 5548 2064 5540 2074 5550 2073 5549 2064 5540 2075 5551 2074 5550 2064 5540 2076 5552 2075 5551 2064 5540 2077 5553 2076 5552 2064 5540 2078 5554 2077 5553 2064 5540 2079 5555 2078 5554 2064 5540 2080 5556 2079 5555 2064 5540 2081 5557 2080 5556 2064 5540 2082 5558 2081 5557 2064 5540 2083 5559 2082 5558 2064 5540 2084 5560 2083 5559 2064 5540 2085 5561 2084 5560 2064 5540 2086 5562 2085 5561 2064 5540 2087 5563 2086 5562 2064 5540 2088 5564 2087 5563 2064 5540 2089 5565 2088 5564 2064 5540 2090 5566 2089 5565 2064 5540 2091 5567 2090 5566 2064 5540 2092 5568 2091 5567 2064 5540 2093 5569 2092 5568 2064 5540 2094 5570 2093 5569 2064 5540 2095 5571 2094 5570 2096 5572 2098 5574 2097 5573 2096 5572 2099 5575 2098 5574 2096 5572 2100 5576 2099 5575 2096 5572 2101 5577 2100 5576 2096 5572 2102 5578 2101 5577 2096 5572 2103 5579 2102 5578 2096 5572 2104 5580 2103 5579 2096 5572 2105 5581 2104 5580 2096 5572 2106 5582 2105 5581 2096 5572 2107 5583 2106 5582 2096 5572 2108 5584 2107 5583 2096 5572 2109 5585 2108 5584 2096 5572 2110 5586 2109 5585 2096 5572 2111 5587 2110 5586 2096 5572 2112 5588 2111 5587 2096 5572 2113 5589 2112 5588 2096 5572 2114 5590 2113 5589 2096 5572 2115 5591 2114 5590 2096 5572 2116 5592 2115 5591 2096 5572 2117 5593 2116 5592 2096 5572 2118 5594 2117 5593 2096 5572 2119 5595 2118 5594 2096 5572 2120 5596 2119 5595 2096 5572 2121 5597 2120 5596 2096 5572 2122 5598 2121 5597 2096 5572 2123 5599 2122 5598 2096 5572 2124 5600 2123 5599 2096 5572 2125 5601 2124 5600 2096 5572 2126 5602 2125 5601 2096 5572 2127 5603 2126 5602</p></triangles>
        <triangles count="600" material="MAT_COTTON_LEAF_5-mat"><input semantic="VERTEX" source="#ROW_20_SEG2_foliage-vtx" offset="0"/><input semantic="NORMAL" source="#ROW_20_SEG2_foliage-nrm" offset="1"/><p>2128 2117 2129 2118 2130 2119 2128 2117 2130 2119 2131 2120 2128 2117 2131 2120 2132 2121 2128 2117 2132 2121 2133 2122 2128 2117 2133 2122 2134 2123 2128 2117 2134 2123 2135 2124 2128 2117 2135 2124 2136 2125 2128 2117 2136 2125 2137 2126 2128 2117 2137 2126 2138 2127 2128 2117 2138 2127 2139 2128 2128 2117 2139 2128 2140 2129 2128 2117 2140 2129 2141 2130 2128 2117 2141 2130 2142 2131 2128 2117 2142 2131 2143 2132 2128 2117 2143 2132 2144 2133 2128 2117 2144 2133 2145 2134 2128 2117 2145 2134 2146 2135 2128 2117 2146 2135 2147 2136 2128 2117 2147 2136 2148 2137 2128 2117 2148 2137 2149 2138 2128 2117 2149 2138 2150 2139 2128 2117 2150 2139 2151 2140 2128 2117 2151 2140 2152 2141 2128 2117 2152 2141 2153 2142 2128 2117 2153 2142 2154 2143 2128 2117 2154 2143 2155 2144 2128 2117 2155 2144 2156 2145 2128 2117 2156 2145 2157 2146 2128 2117 2157 2146 2158 2147 2128 2117 2158 2147 2159 2148 2160 2149 2161 2150 2162 2151 2160 2149 2162 2151 2163 2152 2160 2149 2163 2152 2164 2153 2160 2149 2164 2153 2165 2154 2160 2149 2165 2154 2166 2155 2160 2149 2166 2155 2167 2156 2160 2149 2167 2156 2168 2157 2160 2149 2168 2157 2169 2158 2160 2149 2169 2158 2170 2159 2160 2149 2170 2159 2171 2160 2160 2149 2171 2160 2172 2161 2160 2149 2172 2161 2173 2162 2160 2149 2173 2162 2174 2163 2160 2149 2174 2163 2175 2164 2160 2149 2175 2164 2176 2165 2160 2149 2176 2165 2177 2166 2160 2149 2177 2166 2178 2167 2160 2149 2178 2167 2179 2168 2160 2149 2179 2168 2180 2169 2160 2149 2180 2169 2181 2170 2160 2149 2181 2170 2182 2171 2160 2149 2182 2171 2183 2172 2160 2149 2183 2172 2184 2173 2160 2149 2184 2173 2185 2174 2160 2149 2185 2174 2186 2175 2160 2149 2186 2175 2187 2176 2160 2149 2187 2176 2188 2177 2160 2149 2188 2177 2189 2178 2160 2149 2189 2178 2190 2179 2160 2149 2190 2179 2191 2180 2192 2181 2193 2182 2194 2183 2192 2181 2194 2183 2195 2184 2192 2181 2195 2184 2196 2185 2192 2181 2196 2185 2197 2186 2192 2181 2197 2186 2198 2187 2192 2181 2198 2187 2199 2188 2192 2181 2199 2188 2200 2189 2192 2181 2200 2189 2201 2190 2192 2181 2201 2190 2202 2191 2192 2181 2202 2191 2203 2192 2192 2181 2203 2192 2204 2193 2192 2181 2204 2193 2205 2194 2192 2181 2205 2194 2206 2195 2192 2181 2206 2195 2207 2196 2192 2181 2207 2196 2208 2197 2192 2181 2208 2197 2209 2198 2192 2181 2209 2198 2210 2199 2192 2181 2210 2199 2211 2200 2192 2181 2211 2200 2212 2201 2192 2181 2212 2201 2213 2202 2192 2181 2213 2202 2214 2203 2192 2181 2214 2203 2215 2204 2192 2181 2215 2204 2216 2205 2192 2181 2216 2205 2217 2206 2192 2181 2217 2206 2218 2207 2192 2181 2218 2207 2219 2208 2192 2181 2219 2208 2220 2209 2192 2181 2220 2209 2221 2210 2192 2181 2221 2210 2222 2211 2192 2181 2222 2211 2223 2212 2224 2213 2225 2214 2226 2215 2224 2213 2226 2215 2227 2216 2224 2213 2227 2216 2228 2217 2224 2213 2228 2217 2229 2218 2224 2213 2229 2218 2230 2219 2224 2213 2230 2219 2231 2220 2224 2213 2231 2220 2232 2221 2224 2213 2232 2221 2233 2222 2224 2213 2233 2222 2234 2223 2224 2213 2234 2223 2235 2224 2224 2213 2235 2224 2236 2225 2224 2213 2236 2225 2237 2226 2224 2213 2237 2226 2238 2227 2224 2213 2238 2227 2239 2228 2224 2213 2239 2228 2240 2229 2224 2213 2240 2229 2241 2230 2224 2213 2241 2230 2242 2231 2224 2213 2242 2231 2243 2232 2224 2213 2243 2232 2244 2233 2224 2213 2244 2233 2245 2234 2224 2213 2245 2234 2246 2235 2224 2213 2246 2235 2247 2236 2224 2213 2247 2236 2248 2237 2224 2213 2248 2237 2249 2238 2224 2213 2249 2238 2250 2239 2224 2213 2250 2239 2251 2240 2224 2213 2251 2240 2252 2241 2224 2213 2252 2241 2253 2242 2224 2213 2253 2242 2254 2243 2224 2213 2254 2243 2255 2244 2256 2245 2257 2246 2258 2247 2256 2245 2258 2247 2259 2248 2256 2245 2259 2248 2260 2249 2256 2245 2260 2249 2261 2250 2256 2245 2261 2250 2262 2251 2256 2245 2262 2251 2263 2252 2256 2245 2263 2252 2264 2253 2256 2245 2264 2253 2265 2254 2256 2245 2265 2254 2266 2255 2256 2245 2266 2255 2267 2256 2256 2245 2267 2256 2268 2257 2256 2245 2268 2257 2269 2258 2256 2245 2269 2258 2270 2259 2256 2245 2270 2259 2271 2260 2256 2245 2271 2260 2272 2261 2256 2245 2272 2261 2273 2262 2256 2245 2273 2262 2274 2263 2256 2245 2274 2263 2275 2264 2256 2245 2275 2264 2276 2265 2256 2245 2276 2265 2277 2266 2256 2245 2277 2266 2278 2267 2256 2245 2278 2267 2279 2268 2256 2245 2279 2268 2280 2269 2256 2245 2280 2269 2281 2270 2256 2245 2281 2270 2282 2271 2256 2245 2282 2271 2283 2272 2256 2245 2283 2272 2284 2273 2256 2245 2284 2273 2285 2274 2256 2245 2285 2274 2286 2275 2256 2245 2286 2275 2287 2276 2288 2277 2289 2278 2290 2279 2288 2277 2290 2279 2291 2280 2288 2277 2291 2280 2292 2281 2288 2277 2292 2281 2293 2282 2288 2277 2293 2282 2294 2283 2288 2277 2294 2283 2295 2284 2288 2277 2295 2284 2296 2285 2288 2277 2296 2285 2297 2286 2288 2277 2297 2286 2298 2287 2288 2277 2298 2287 2299 2288 2288 2277 2299 2288 2300 2289 2288 2277 2300 2289 2301 2290 2288 2277 2301 2290 2302 2291 2288 2277 2302 2291 2303 2292 2288 2277 2303 2292 2304 2293 2288 2277 2304 2293 2305 2294 2288 2277 2305 2294 2306 2295 2288 2277 2306 2295 2307 2296 2288 2277 2307 2296 2308 2297 2288 2277 2308 2297 2309 2298 2288 2277 2309 2298 2310 2299 2288 2277 2310 2299 2311 2300 2288 2277 2311 2300 2312 2301 2288 2277 2312 2301 2313 2302 2288 2277 2313 2302 2314 2303 2288 2277 2314 2303 2315 2304 2288 2277 2315 2304 2316 2305 2288 2277 2316 2305 2317 2306 2288 2277 2317 2306 2318 2307 2288 2277 2318 2307 2319 2308 2320 2309 2321 2310 2322 2311 2320 2309 2322 2311 2323 2312 2320 2309 2323 2312 2324 2313 2320 2309 2324 2313 2325 2314 2320 2309 2325 2314 2326 2315 2320 2309 2326 2315 2327 2316 2320 2309 2327 2316 2328 2317 2320 2309 2328 2317 2329 2318 2320 2309 2329 2318 2330 2319 2320 2309 2330 2319 2331 2320 2320 2309 2331 2320 2332 2321 2320 2309 2332 2321 2333 2322 2320 2309 2333 2322 2334 2323 2320 2309 2334 2323 2335 2324 2320 2309 2335 2324 2336 2325 2320 2309 2336 2325 2337 2326 2320 2309 2337 2326 2338 2327 2320 2309 2338 2327 2339 2328 2320 2309 2339 2328 2340 2329 2320 2309 2340 2329 2341 2330 2320 2309 2341 2330 2342 2331 2320 2309 2342 2331 2343 2332 2320 2309 2343 2332 2344 2333 2320 2309 2344 2333 2345 2334 2320 2309 2345 2334 2346 2335 2320 2309 2346 2335 2347 2336 2320 2309 2347 2336 2348 2337 2320 2309 2348 2337 2349 2338 2320 2309 2349 2338 2350 2339 2320 2309 2350 2339 2351 2340 2352 2341 2353 2342 2354 2343 2352 2341 2354 2343 2355 2344 2352 2341 2355 2344 2356 2345 2352 2341 2356 2345 2357 2346 2352 2341 2357 2346 2358 2347 2352 2341 2358 2347 2359 2348 2352 2341 2359 2348 2360 2349 2352 2341 2360 2349 2361 2350 2352 2341 2361 2350 2362 2351 2352 2341 2362 2351 2363 2352 2352 2341 2363 2352 2364 2353 2352 2341 2364 2353 2365 2354 2352 2341 2365 2354 2366 2355 2352 2341 2366 2355 2367 2356 2352 2341 2367 2356 2368 2357 2352 2341 2368 2357 2369 2358 2352 2341 2369 2358 2370 2359 2352 2341 2370 2359 2371 2360 2352 2341 2371 2360 2372 2361 2352 2341 2372 2361 2373 2362 2352 2341 2373 2362 2374 2363 2352 2341 2374 2363 2375 2364 2352 2341 2375 2364 2376 2365 2352 2341 2376 2365 2377 2366 2352 2341 2377 2366 2378 2367 2352 2341 2378 2367 2379 2368 2352 2341 2379 2368 2380 2369 2352 2341 2380 2369 2381 2370 2352 2341 2381 2370 2382 2371 2352 2341 2382 2371 2383 2372 2384 2373 2385 2374 2386 2375 2384 2373 2386 2375 2387 2376 2384 2373 2387 2376 2388 2377 2384 2373 2388 2377 2389 2378 2384 2373 2389 2378 2390 2379 2384 2373 2390 2379 2391 2380 2384 2373 2391 2380 2392 2381 2384 2373 2392 2381 2393 2382 2384 2373 2393 2382 2394 2383 2384 2373 2394 2383 2395 2384 2384 2373 2395 2384 2396 2385 2384 2373 2396 2385 2397 2386 2384 2373 2397 2386 2398 2387 2384 2373 2398 2387 2399 2388 2384 2373 2399 2388 2400 2389 2384 2373 2400 2389 2401 2390 2384 2373 2401 2390 2402 2391 2384 2373 2402 2391 2403 2392 2384 2373 2403 2392 2404 2393 2384 2373 2404 2393 2405 2394 2384 2373 2405 2394 2406 2395 2384 2373 2406 2395 2407 2396 2384 2373 2407 2396 2408 2397 2384 2373 2408 2397 2409 2398 2384 2373 2409 2398 2410 2399 2384 2373 2410 2399 2411 2400 2384 2373 2411 2400 2412 2401 2384 2373 2412 2401 2413 2402 2384 2373 2413 2402 2414 2403 2384 2373 2414 2403 2415 2404 2416 2405 2417 2406 2418 2407 2416 2405 2418 2407 2419 2408 2416 2405 2419 2408 2420 2409 2416 2405 2420 2409 2421 2410 2416 2405 2421 2410 2422 2182 2416 2405 2422 2182 2423 2411 2416 2405 2423 2411 2424 2412 2416 2405 2424 2412 2425 2413 2416 2405 2425 2413 2426 2414 2416 2405 2426 2414 2427 2415 2416 2405 2427 2415 2428 2416 2416 2405 2428 2416 2429 2417 2416 2405 2429 2417 2430 2418 2416 2405 2430 2418 2431 2419 2416 2405 2431 2419 2432 2420 2416 2405 2432 2420 2433 2421 2416 2405 2433 2421 2434 2422 2416 2405 2434 2422 2435 2423 2416 2405 2435 2423 2436 2424 2416 2405 2436 2424 2437 2425 2416 2405 2437 2425 2438 2426 2416 2405 2438 2426 2439 2427 2416 2405 2439 2427 2440 2428 2416 2405 2440 2428 2441 2429 2416 2405 2441 2429 2442 2430 2416 2405 2442 2430 2443 2431 2416 2405 2443 2431 2444 2432 2416 2405 2444 2432 2445 2433 2416 2405 2445 2433 2446 2434 2416 2405 2446 2434 2447 2435 2128 5604 2130 5606 2129 5605 2128 5604 2131 5607 2130 5606 2128 5604 2132 5608 2131 5607 2128 5604 2133 5609 2132 5608 2128 5604 2134 5610 2133 5609 2128 5604 2135 5611 2134 5610 2128 5604 2136 5612 2135 5611 2128 5604 2137 5613 2136 5612 2128 5604 2138 5614 2137 5613 2128 5604 2139 5615 2138 5614 2128 5604 2140 5616 2139 5615 2128 5604 2141 5617 2140 5616 2128 5604 2142 5618 2141 5617 2128 5604 2143 5619 2142 5618 2128 5604 2144 5620 2143 5619 2128 5604 2145 5621 2144 5620 2128 5604 2146 5622 2145 5621 2128 5604 2147 5623 2146 5622 2128 5604 2148 5624 2147 5623 2128 5604 2149 5625 2148 5624 2128 5604 2150 5626 2149 5625 2128 5604 2151 5627 2150 5626 2128 5604 2152 5628 2151 5627 2128 5604 2153 5629 2152 5628 2128 5604 2154 5630 2153 5629 2128 5604 2155 5631 2154 5630 2128 5604 2156 5632 2155 5631 2128 5604 2157 5633 2156 5632 2128 5604 2158 5634 2157 5633 2128 5604 2159 5635 2158 5634 2160 5636 2162 5638 2161 5637 2160 5636 2163 5639 2162 5638 2160 5636 2164 5640 2163 5639 2160 5636 2165 5641 2164 5640 2160 5636 2166 5642 2165 5641 2160 5636 2167 5643 2166 5642 2160 5636 2168 5644 2167 5643 2160 5636 2169 5645 2168 5644 2160 5636 2170 5646 2169 5645 2160 5636 2171 5647 2170 5646 2160 5636 2172 5648 2171 5647 2160 5636 2173 5649 2172 5648 2160 5636 2174 5650 2173 5649 2160 5636 2175 5651 2174 5650 2160 5636 2176 5652 2175 5651 2160 5636 2177 5653 2176 5652 2160 5636 2178 5654 2177 5653 2160 5636 2179 5655 2178 5654 2160 5636 2180 5656 2179 5655 2160 5636 2181 5657 2180 5656 2160 5636 2182 5658 2181 5657 2160 5636 2183 5659 2182 5658 2160 5636 2184 5660 2183 5659 2160 5636 2185 5661 2184 5660 2160 5636 2186 5662 2185 5661 2160 5636 2187 5663 2186 5662 2160 5636 2188 5664 2187 5663 2160 5636 2189 5665 2188 5664 2160 5636 2190 5666 2189 5665 2160 5636 2191 5667 2190 5666 2192 5668 2194 5670 2193 5669 2192 5668 2195 5671 2194 5670 2192 5668 2196 5672 2195 5671 2192 5668 2197 5673 2196 5672 2192 5668 2198 5674 2197 5673 2192 5668 2199 5675 2198 5674 2192 5668 2200 5676 2199 5675 2192 5668 2201 5677 2200 5676 2192 5668 2202 5678 2201 5677 2192 5668 2203 5679 2202 5678 2192 5668 2204 5680 2203 5679 2192 5668 2205 5681 2204 5680 2192 5668 2206 5682 2205 5681 2192 5668 2207 5683 2206 5682 2192 5668 2208 5684 2207 5683 2192 5668 2209 5685 2208 5684 2192 5668 2210 5686 2209 5685 2192 5668 2211 5687 2210 5686 2192 5668 2212 5688 2211 5687 2192 5668 2213 5689 2212 5688 2192 5668 2214 5690 2213 5689 2192 5668 2215 5691 2214 5690 2192 5668 2216 5692 2215 5691 2192 5668 2217 5693 2216 5692 2192 5668 2218 5694 2217 5693 2192 5668 2219 5695 2218 5694 2192 5668 2220 5696 2219 5695 2192 5668 2221 5697 2220 5696 2192 5668 2222 5698 2221 5697 2192 5668 2223 5699 2222 5698 2224 5700 2226 5702 2225 5701 2224 5700 2227 5703 2226 5702 2224 5700 2228 5704 2227 5703 2224 5700 2229 5705 2228 5704 2224 5700 2230 5706 2229 5705 2224 5700 2231 5707 2230 5706 2224 5700 2232 5708 2231 5707 2224 5700 2233 5709 2232 5708 2224 5700 2234 5710 2233 5709 2224 5700 2235 5711 2234 5710 2224 5700 2236 5712 2235 5711 2224 5700 2237 5713 2236 5712 2224 5700 2238 5714 2237 5713 2224 5700 2239 5715 2238 5714 2224 5700 2240 5716 2239 5715 2224 5700 2241 5717 2240 5716 2224 5700 2242 5718 2241 5717 2224 5700 2243 5719 2242 5718 2224 5700 2244 5720 2243 5719 2224 5700 2245 5721 2244 5720 2224 5700 2246 5722 2245 5721 2224 5700 2247 5723 2246 5722 2224 5700 2248 5724 2247 5723 2224 5700 2249 5725 2248 5724 2224 5700 2250 5726 2249 5725 2224 5700 2251 5727 2250 5726 2224 5700 2252 5728 2251 5727 2224 5700 2253 5729 2252 5728 2224 5700 2254 5730 2253 5729 2224 5700 2255 5731 2254 5730 2256 5732 2258 5734 2257 5733 2256 5732 2259 5735 2258 5734 2256 5732 2260 5736 2259 5735 2256 5732 2261 5737 2260 5736 2256 5732 2262 5738 2261 5737 2256 5732 2263 5739 2262 5738 2256 5732 2264 5740 2263 5739 2256 5732 2265 5741 2264 5740 2256 5732 2266 5742 2265 5741 2256 5732 2267 5743 2266 5742 2256 5732 2268 5744 2267 5743 2256 5732 2269 5745 2268 5744 2256 5732 2270 5746 2269 5745 2256 5732 2271 5747 2270 5746 2256 5732 2272 5748 2271 5747 2256 5732 2273 5749 2272 5748 2256 5732 2274 5750 2273 5749 2256 5732 2275 5751 2274 5750 2256 5732 2276 5752 2275 5751 2256 5732 2277 5753 2276 5752 2256 5732 2278 5754 2277 5753 2256 5732 2279 5755 2278 5754 2256 5732 2280 5756 2279 5755 2256 5732 2281 5757 2280 5756 2256 5732 2282 5758 2281 5757 2256 5732 2283 5759 2282 5758 2256 5732 2284 5760 2283 5759 2256 5732 2285 5761 2284 5760 2256 5732 2286 5762 2285 5761 2256 5732 2287 5763 2286 5762 2288 5764 2290 5766 2289 5765 2288 5764 2291 5767 2290 5766 2288 5764 2292 5768 2291 5767 2288 5764 2293 5769 2292 5768 2288 5764 2294 5770 2293 5769 2288 5764 2295 5771 2294 5770 2288 5764 2296 5772 2295 5771 2288 5764 2297 5773 2296 5772 2288 5764 2298 5774 2297 5773 2288 5764 2299 5775 2298 5774 2288 5764 2300 5776 2299 5775 2288 5764 2301 5777 2300 5776 2288 5764 2302 5778 2301 5777 2288 5764 2303 5779 2302 5778 2288 5764 2304 5780 2303 5779 2288 5764 2305 5781 2304 5780 2288 5764 2306 5782 2305 5781 2288 5764 2307 5783 2306 5782 2288 5764 2308 5784 2307 5783 2288 5764 2309 5785 2308 5784 2288 5764 2310 5786 2309 5785 2288 5764 2311 5787 2310 5786 2288 5764 2312 5788 2311 5787 2288 5764 2313 5789 2312 5788 2288 5764 2314 5790 2313 5789 2288 5764 2315 5791 2314 5790 2288 5764 2316 5792 2315 5791 2288 5764 2317 5793 2316 5792 2288 5764 2318 5794 2317 5793 2288 5764 2319 5795 2318 5794 2320 5796 2322 5798 2321 5797 2320 5796 2323 5799 2322 5798 2320 5796 2324 5800 2323 5799 2320 5796 2325 5801 2324 5800 2320 5796 2326 5802 2325 5801 2320 5796 2327 5803 2326 5802 2320 5796 2328 5804 2327 5803 2320 5796 2329 5805 2328 5804 2320 5796 2330 5806 2329 5805 2320 5796 2331 5807 2330 5806 2320 5796 2332 5808 2331 5807 2320 5796 2333 5809 2332 5808 2320 5796 2334 5810 2333 5809 2320 5796 2335 5811 2334 5810 2320 5796 2336 5812 2335 5811 2320 5796 2337 5813 2336 5812 2320 5796 2338 5814 2337 5813 2320 5796 2339 5815 2338 5814 2320 5796 2340 5816 2339 5815 2320 5796 2341 5817 2340 5816 2320 5796 2342 5818 2341 5817 2320 5796 2343 5819 2342 5818 2320 5796 2344 5820 2343 5819 2320 5796 2345 5821 2344 5820 2320 5796 2346 5822 2345 5821 2320 5796 2347 5823 2346 5822 2320 5796 2348 5824 2347 5823 2320 5796 2349 5825 2348 5824 2320 5796 2350 5826 2349 5825 2320 5796 2351 5827 2350 5826 2352 5828 2354 5830 2353 5829 2352 5828 2355 5831 2354 5830 2352 5828 2356 5832 2355 5831 2352 5828 2357 5833 2356 5832 2352 5828 2358 5834 2357 5833 2352 5828 2359 5835 2358 5834 2352 5828 2360 5836 2359 5835 2352 5828 2361 5837 2360 5836 2352 5828 2362 5838 2361 5837 2352 5828 2363 5839 2362 5838 2352 5828 2364 5840 2363 5839 2352 5828 2365 5841 2364 5840 2352 5828 2366 5842 2365 5841 2352 5828 2367 5843 2366 5842 2352 5828 2368 5844 2367 5843 2352 5828 2369 5845 2368 5844 2352 5828 2370 5846 2369 5845 2352 5828 2371 5847 2370 5846 2352 5828 2372 5848 2371 5847 2352 5828 2373 5849 2372 5848 2352 5828 2374 5850 2373 5849 2352 5828 2375 5851 2374 5850 2352 5828 2376 5852 2375 5851 2352 5828 2377 5853 2376 5852 2352 5828 2378 5854 2377 5853 2352 5828 2379 5855 2378 5854 2352 5828 2380 5856 2379 5855 2352 5828 2381 5857 2380 5856 2352 5828 2382 5858 2381 5857 2352 5828 2383 5859 2382 5858 2384 5860 2386 5862 2385 5861 2384 5860 2387 5863 2386 5862 2384 5860 2388 5864 2387 5863 2384 5860 2389 5865 2388 5864 2384 5860 2390 5866 2389 5865 2384 5860 2391 5867 2390 5866 2384 5860 2392 5868 2391 5867 2384 5860 2393 5869 2392 5868 2384 5860 2394 5870 2393 5869 2384 5860 2395 5871 2394 5870 2384 5860 2396 5872 2395 5871 2384 5860 2397 5873 2396 5872 2384 5860 2398 5874 2397 5873 2384 5860 2399 5875 2398 5874 2384 5860 2400 5876 2399 5875 2384 5860 2401 5877 2400 5876 2384 5860 2402 5878 2401 5877 2384 5860 2403 5879 2402 5878 2384 5860 2404 5880 2403 5879 2384 5860 2405 5881 2404 5880 2384 5860 2406 5882 2405 5881 2384 5860 2407 5883 2406 5882 2384 5860 2408 5884 2407 5883 2384 5860 2409 5885 2408 5884 2384 5860 2410 5886 2409 5885 2384 5860 2411 5887 2410 5886 2384 5860 2412 5888 2411 5887 2384 5860 2413 5889 2412 5888 2384 5860 2414 5890 2413 5889 2384 5860 2415 5891 2414 5890 2416 5892 2418 5894 2417 5893 2416 5892 2419 5895 2418 5894 2416 5892 2420 5896 2419 5895 2416 5892 2421 5897 2420 5896 2416 5892 2422 5669 2421 5897 2416 5892 2423 5898 2422 5669 2416 5892 2424 5899 2423 5898 2416 5892 2425 5900 2424 5899 2416 5892 2426 5901 2425 5900 2416 5892 2427 5902 2426 5901 2416 5892 2428 5903 2427 5902 2416 5892 2429 5904 2428 5903 2416 5892 2430 5905 2429 5904 2416 5892 2431 5906 2430 5905 2416 5892 2432 5907 2431 5906 2416 5892 2433 5908 2432 5907 2416 5892 2434 5909 2433 5908 2416 5892 2435 5910 2434 5909 2416 5892 2436 5911 2435 5910 2416 5892 2437 5912 2436 5911 2416 5892 2438 5913 2437 5912 2416 5892 2439 5914 2438 5913 2416 5892 2440 5915 2439 5914 2416 5892 2441 5916 2440 5915 2416 5892 2442 5917 2441 5916 2416 5892 2443 5918 2442 5917 2416 5892 2444 5919 2443 5918 2416 5892 2445 5920 2444 5919 2416 5892 2446 5921 2445 5920 2416 5892 2447 5922 2446 5921</p></triangles>
        <triangles count="1080" material="MAT_COTTON_LEAF_4-mat"><input semantic="VERTEX" source="#ROW_20_SEG2_foliage-vtx" offset="0"/><input semantic="NORMAL" source="#ROW_20_SEG2_foliage-nrm" offset="1"/><p>2448 2436 2449 2437 2450 2438 2448 2436 2450 2438 2451 2439 2448 2436 2451 2439 2452 2440 2448 2436 2452 2440 2453 2441 2448 2436 2453 2441 2454 2442 2448 2436 2454 2442 2455 2443 2448 2436 2455 2443 2456 2444 2448 2436 2456 2444 2457 2445 2448 2436 2457 2445 2458 2446 2448 2436 2458 2446 2459 2447 2448 2436 2459 2447 2460 2448 2448 2436 2460 2448 2461 2449 2448 2436 2461 2449 2462 2450 2448 2436 2462 2450 2463 2451 2448 2436 2463 2451 2464 2452 2448 2436 2464 2452 2465 2453 2448 2436 2465 2453 2466 2454 2448 2436 2466 2454 2467 2455 2448 2436 2467 2455 2468 2373 2448 2436 2468 2373 2469 2456 2448 2436 2469 2456 2470 2457 2448 2436 2470 2457 2471 2458 2448 2436 2471 2458 2472 2459 2448 2436 2472 2459 2473 2460 2448 2436 2473 2460 2474 2461 2448 2436 2474 2461 2475 2462 2448 2436 2475 2462 2476 2463 2448 2436 2476 2463 2477 2464 2448 2436 2477 2464 2478 2465 2448 2436 2478 2465 2479 2466 2480 2467 2481 2468 2482 2469 2480 2467 2482 2469 2483 2470 2480 2467 2483 2470 2484 2471 2480 2467 2484 2471 2485 2472 2480 2467 2485 2472 2486 2473 2480 2467 2486 2473 2487 2474 2480 2467 2487 2474 2488 2475 2480 2467 2488 2475 2489 2476 2480 2467 2489 2476 2490 2477 2480 2467 2490 2477 2491 2478 2480 2467 2491 2478 2492 2479 2480 2467 2492 2479 2493 2480 2480 2467 2493 2480 2494 2481 2480 2467 2494 2481 2495 2482 2480 2467 2495 2482 2496 2483 2480 2467 2496 2483 2497 2484 2480 2467 2497 2484 2498 2485 2480 2467 2498 2485 2499 2486 2480 2467 2499 2486 2500 2487 2480 2467 2500 2487 2501 2488 2480 2467 2501 2488 2502 2489 2480 2467 2502 2489 2503 2490 2480 2467 2503 2490 2504 2491 2480 2467 2504 2491 2505 2492 2480 2467 2505 2492 2506 2493 2480 2467 2506 2493 2507 2494 2480 2467 2507 2494 2508 2495 2480 2467 2508 2495 2509 2496 2480 2467 2509 2496 2510 2497 2480 2467 2510 2497 2511 2498 2512 2499 2513 2500 2514 2501 2512 2499 2514 2501 2515 2502 2512 2499 2515 2502 2516 2503 2512 2499 2516 2503 2517 2504 2512 2499 2517 2504 2518 2505 2512 2499 2518 2505 2519 2506 2512 2499 2519 2506 2520 2507 2512 2499 2520 2507 2521 2508 2512 2499 2521 2508 2522 2509 2512 2499 2522 2509 2523 2510 2512 2499 2523 2510 2524 2511 2512 2499 2524 2511 2525 2512 2512 2499 2525 2512 2526 2513 2512 2499 2526 2513 2527 2514 2512 2499 2527 2514 2528 2515 2512 2499 2528 2515 2529 2516 2512 2499 2529 2516 2530 2517 2512 2499 2530 2517 2531 2518 2512 2499 2531 2518 2532 2519 2512 2499 2532 2519 2533 2520 2512 2499 2533 2520 2534 2521 2512 2499 2534 2521 2535 2522 2512 2499 2535 2522 2536 2523 2512 2499 2536 2523 2537 2524 2512 2499 2537 2524 2538 828 2512 2499 2538 828 2539 2525 2512 2499 2539 2525 2540 2526 2512 2499 2540 2526 2541 2527 2512 2499 2541 2527 2542 2528 2512 2499 2542 2528 2543 2529 2544 2530 2545 2531 2546 2532 2544 2530 2546 2532 2547 2533 2544 2530 2547 2533 2548 2534 2544 2530 2548 2534 2549 2535 2544 2530 2549 2535 2550 2536 2544 2530 2550 2536 2551 2537 2544 2530 2551 2537 2552 2538 2544 2530 2552 2538 2553 2539 2544 2530 2553 2539 2554 2540 2544 2530 2554 2540 2555 2541 2544 2530 2555 2541 2556 2542 2544 2530 2556 2542 2557 2543 2544 2530 2557 2543 2558 2544 2544 2530 2558 2544 2559 2545 2544 2530 2559 2545 2560 2546 2544 2530 2560 2546 2561 2547 2544 2530 2561 2547 2562 2548 2544 2530 2562 2548 2563 2549 2544 2530 2563 2549 2564 2550 2544 2530 2564 2550 2565 2551 2544 2530 2565 2551 2566 2552 2544 2530 2566 2552 2567 2553 2544 2530 2567 2553 2568 2554 2544 2530 2568 2554 2569 2555 2544 2530 2569 2555 2570 2556 2544 2530 2570 2556 2571 2557 2544 2530 2571 2557 2572 2558 2544 2530 2572 2558 2573 2559 2544 2530 2573 2559 2574 2560 2544 2530 2574 2560 2575 2561 2576 2562 2577 2563 2578 2564 2576 2562 2578 2564 2579 2565 2576 2562 2579 2565 2580 2566 2576 2562 2580 2566 2581 2567 2576 2562 2581 2567 2582 2568 2576 2562 2582 2568 2583 2569 2576 2562 2583 2569 2584 2570 2576 2562 2584 2570 2585 2571 2576 2562 2585 2571 2586 2572 2576 2562 2586 2572 2587 2573 2576 2562 2587 2573 2588 2574 2576 2562 2588 2574 2589 2575 2576 2562 2589 2575 2590 2576 2576 2562 2590 2576 2591 2577 2576 2562 2591 2577 2592 2578 2576 2562 2592 2578 2593 2579 2576 2562 2593 2579 2594 2580 2576 2562 2594 2580 2595 2581 2576 2562 2595 2581 2596 2582 2576 2562 2596 2582 2597 2583 2576 2562 2597 2583 2598 2584 2576 2562 2598 2584 2599 2585 2576 2562 2599 2585 2600 2586 2576 2562 2600 2586 2601 2587 2576 2562 2601 2587 2602 2588 2576 2562 2602 2588 2603 2589 2576 2562 2603 2589 2604 2590 2576 2562 2604 2590 2605 2591 2576 2562 2605 2591 2606 2592 2576 2562 2606 2592 2607 2593 2608 2594 2609 2595 2610 2596 2608 2594 2610 2596 2611 2597 2608 2594 2611 2597 2612 2598 2608 2594 2612 2598 2613 2599 2608 2594 2613 2599 2614 2600 2608 2594 2614 2600 2615 2601 2608 2594 2615 2601 2616 2602 2608 2594 2616 2602 2617 2603 2608 2594 2617 2603 2618 2604 2608 2594 2618 2604 2619 2605 2608 2594 2619 2605 2620 2606 2608 2594 2620 2606 2621 2607 2608 2594 2621 2607 2622 2608 2608 2594 2622 2608 2623 2609 2608 2594 2623 2609 2624 2610 2608 2594 2624 2610 2625 2611 2608 2594 2625 2611 2626 2612 2608 2594 2626 2612 2627 2613 2608 2594 2627 2613 2628 2614 2608 2594 2628 2614 2629 2615 2608 2594 2629 2615 2630 2616 2608 2594 2630 2616 2631 2617 2608 2594 2631 2617 2632 2618 2608 2594 2632 2618 2633 2619 2608 2594 2633 2619 2634 2620 2608 2594 2634 2620 2635 2621 2608 2594 2635 2621 2636 2622 2608 2594 2636 2622 2637 2623 2608 2594 2637 2623 2638 2624 2608 2594 2638 2624 2639 2625 2640 2626 2641 2627 2642 2628 2640 2626 2642 2628 2643 2629 2640 2626 2643 2629 2644 2630 2640 2626 2644 2630 2645 2631 2640 2626 2645 2631 2646 2632 2640 2626 2646 2632 2647 2633 2640 2626 2647 2633 2648 2634 2640 2626 2648 2634 2649 2635 2640 2626 2649 2635 2650 2636 2640 2626 2650 2636 2651 2637 2640 2626 2651 2637 2652 2638 2640 2626 2652 2638 2653 2639 2640 2626 2653 2639 2654 2640 2640 2626 2654 2640 2655 2641 2640 2626 2655 2641 2656 2642 2640 2626 2656 2642 2657 2643 2640 2626 2657 2643 2658 2644 2640 2626 2658 2644 2659 2645 2640 2626 2659 2645 2660 2646 2640 2626 2660 2646 2661 2647 2640 2626 2661 2647 2662 2648 2640 2626 2662 2648 2663 2649 2640 2626 2663 2649 2664 2650 2640 2626 2664 2650 2665 2651 2640 2626 2665 2651 2666 2652 2640 2626 2666 2652 2667 2653 2640 2626 2667 2653 2668 2654 2640 2626 2668 2654 2669 2655 2640 2626 2669 2655 2670 2656 2640 2626 2670 2656 2671 2657 2672 2658 2673 2659 2674 2660 2672 2658 2674 2660 2675 2661 2672 2658 2675 2661 2676 2662 2672 2658 2676 2662 2677 2663 2672 2658 2677 2663 2678 2664 2672 2658 2678 2664 2679 2665 2672 2658 2679 2665 2680 2666 2672 2658 2680 2666 2681 2667 2672 2658 2681 2667 2682 2668 2672 2658 2682 2668 2683 2669 2672 2658 2683 2669 2684 2670 2672 2658 2684 2670 2685 2671 2672 2658 2685 2671 2686 2672 2672 2658 2686 2672 2687 2673 2672 2658 2687 2673 2688 2674 2672 2658 2688 2674 2689 2675 2672 2658 2689 2675 2690 2676 2672 2658 2690 2676 2691 2677 2672 2658 2691 2677 2692 2678 2672 2658 2692 2678 2693 2679 2672 2658 2693 2679 2694 2680 2672 2658 2694 2680 2695 2681 2672 2658 2695 2681 2696 2682 2672 2658 2696 2682 2697 2683 2672 2658 2697 2683 2698 2684 2672 2658 2698 2684 2699 2685 2672 2658 2699 2685 2700 2686 2672 2658 2700 2686 2701 2687 2672 2658 2701 2687 2702 2688 2672 2658 2702 2688 2703 2689 2704 2690 2705 2691 2706 2692 2704 2690 2706 2692 2707 2693 2704 2690 2707 2693 2708 2694 2704 2690 2708 2694 2709 2695 2704 2690 2709 2695 2710 2696 2704 2690 2710 2696 2711 2697 2704 2690 2711 2697 2712 2698 2704 2690 2712 2698 2713 2699 2704 2690 2713 2699 2714 2700 2704 2690 2714 2700 2715 1524 2704 2690 2715 1524 2716 2701 2704 2690 2716 2701 2717 2702 2704 2690 2717 2702 2718 2703 2704 2690 2718 2703 2719 2704 2704 2690 2719 2704 2720 2705 2704 2690 2720 2705 2721 2706 2704 2690 2721 2706 2722 2707 2704 2690 2722 2707 2723 2708 2704 2690 2723 2708 2724 2709 2704 2690 2724 2709 2725 2710 2704 2690 2725 2710 2726 2711 2704 2690 2726 2711 2727 2712 2704 2690 2727 2712 2728 2713 2704 2690 2728 2713 2729 2714 2704 2690 2729 2714 2730 2715 2704 2690 2730 2715 2731 2716 2704 2690 2731 2716 2732 2717 2704 2690 2732 2717 2733 2718 2704 2690 2733 2718 2734 2719 2704 2690 2734 2719 2735 2720 2736 2721 2737 2722 2738 2723 2736 2721 2738 2723 2739 2724 2736 2721 2739 2724 2740 2725 2736 2721 2740 2725 2741 2726 2736 2721 2741 2726 2742 2727 2736 2721 2742 2727 2743 2728 2736 2721 2743 2728 2744 2729 2736 2721 2744 2729 2745 2730 2736 2721 2745 2730 2746 2731 2736 2721 2746 2731 2747 2732 2736 2721 2747 2732 2748 2733 2736 2721 2748 2733 2749 2734 2736 2721 2749 2734 2750 2735 2736 2721 2750 2735 2751 2736 2736 2721 2751 2736 2752 2737 2736 2721 2752 2737 2753 2738 2736 2721 2753 2738 2754 2739 2736 2721 2754 2739 2755 2740 2736 2721 2755 2740 2756 2741 2736 2721 2756 2741 2757 2742 2736 2721 2757 2742 2758 2743 2736 2721 2758 2743 2759 2744 2736 2721 2759 2744 2760 2745 2736 2721 2760 2745 2761 2746 2736 2721 2761 2746 2762 2747 2736 2721 2762 2747 2763 2748 2736 2721 2763 2748 2764 2749 2736 2721 2764 2749 2765 2750 2736 2721 2765 2750 2766 2751 2736 2721 2766 2751 2767 2752 2768 2753 2769 2754 2770 2755 2768 2753 2770 2755 2771 2756 2768 2753 2771 2756 2772 2757 2768 2753 2772 2757 2773 2758 2768 2753 2773 2758 2774 2759 2768 2753 2774 2759 2775 2760 2768 2753 2775 2760 2776 2761 2768 2753 2776 2761 2777 2762 2768 2753 2777 2762 2778 2763 2768 2753 2778 2763 2779 2764 2768 2753 2779 2764 2780 2765 2768 2753 2780 2765 2781 2766 2768 2753 2781 2766 2782 2767 2768 2753 2782 2767 2783 2768 2768 2753 2783 2768 2784 2769 2768 2753 2784 2769 2785 2770 2768 2753 2785 2770 2786 2771 2768 2753 2786 2771 2787 2772 2768 2753 2787 2772 2788 2773 2768 2753 2788 2773 2789 2774 2768 2753 2789 2774 2790 2775 2768 2753 2790 2775 2791 2776 2768 2753 2791 2776 2792 2777 2768 2753 2792 2777 2793 2778 2768 2753 2793 2778 2794 2779 2768 2753 2794 2779 2795 2780 2768 2753 2795 2780 2796 2781 2768 2753 2796 2781 2797 2782 2768 2753 2797 2782 2798 2783 2768 2753 2798 2783 2799 2784 2800 2785 2801 2786 2802 2787 2800 2785 2802 2787 2803 2788 2800 2785 2803 2788 2804 2789 2800 2785 2804 2789 2805 2790 2800 2785 2805 2790 2806 2791 2800 2785 2806 2791 2807 2792 2800 2785 2807 2792 2808 2793 2800 2785 2808 2793 2809 2794 2800 2785 2809 2794 2810 2795 2800 2785 2810 2795 2811 2796 2800 2785 2811 2796 2812 2797 2800 2785 2812 2797 2813 2798 2800 2785 2813 2798 2814 2799 2800 2785 2814 2799 2815 2800 2800 2785 2815 2800 2816 2801 2800 2785 2816 2801 2817 2802 2800 2785 2817 2802 2818 2803 2800 2785 2818 2803 2819 2804 2800 2785 2819 2804 2820 2805 2800 2785 2820 2805 2821 2806 2800 2785 2821 2806 2822 2807 2800 2785 2822 2807 2823 2808 2800 2785 2823 2808 2824 2809 2800 2785 2824 2809 2825 2810 2800 2785 2825 2810 2826 2811 2800 2785 2826 2811 2827 2812 2800 2785 2827 2812 2828 2813 2800 2785 2828 2813 2829 2814 2800 2785 2829 2814 2830 2815 2800 2785 2830 2815 2831 2816 2832 2817 2833 2818 2834 2819 2832 2817 2834 2819 2835 2820 2832 2817 2835 2820 2836 2821 2832 2817 2836 2821 2837 2822 2832 2817 2837 2822 2838 2823 2832 2817 2838 2823 2839 2824 2832 2817 2839 2824 2840 2825 2832 2817 2840 2825 2841 2826 2832 2817 2841 2826 2842 2827 2832 2817 2842 2827 2843 2828 2832 2817 2843 2828 2844 2829 2832 2817 2844 2829 2845 2830 2832 2817 2845 2830 2846 2831 2832 2817 2846 2831 2847 2832 2832 2817 2847 2832 2848 2833 2832 2817 2848 2833 2849 2834 2832 2817 2849 2834 2850 2835 2832 2817 2850 2835 2851 2836 2832 2817 2851 2836 2852 2837 2832 2817 2852 2837 2853 2838 2832 2817 2853 2838 2854 2839 2832 2817 2854 2839 2855 2840 2832 2817 2855 2840 2856 2841 2832 2817 2856 2841 2857 2842 2832 2817 2857 2842 2858 2843 2832 2817 2858 2843 2859 2844 2832 2817 2859 2844 2860 2845 2832 2817 2860 2845 2861 2846 2832 2817 2861 2846 2862 2847 2832 2817 2862 2847 2863 2848 2864 2849 2865 2850 2866 2851 2864 2849 2866 2851 2867 2852 2864 2849 2867 2852 2868 2853 2864 2849 2868 2853 2869 2854 2864 2849 2869 2854 2870 2855 2864 2849 2870 2855 2871 2856 2864 2849 2871 2856 2872 2857 2864 2849 2872 2857 2873 2858 2864 2849 2873 2858 2874 2859 2864 2849 2874 2859 2875 2860 2864 2849 2875 2860 2876 2861 2864 2849 2876 2861 2877 2862 2864 2849 2877 2862 2878 2863 2864 2849 2878 2863 2879 2864 2864 2849 2879 2864 2880 2865 2864 2849 2880 2865 2881 2866 2864 2849 2881 2866 2882 2867 2864 2849 2882 2867 2883 2868 2864 2849 2883 2868 2884 2869 2864 2849 2884 2869 2885 2870 2864 2849 2885 2870 2886 2871 2864 2849 2886 2871 2887 2872 2864 2849 2887 2872 2888 2873 2864 2849 2888 2873 2889 2874 2864 2849 2889 2874 2890 2875 2864 2849 2890 2875 2891 2876 2864 2849 2891 2876 2892 2877 2864 2849 2892 2877 2893 2878 2864 2849 2893 2878 2894 2879 2864 2849 2894 2879 2895 2880 2896 2881 2897 2882 2898 2883 2896 2881 2898 2883 2899 2884 2896 2881 2899 2884 2900 2885 2896 2881 2900 2885 2901 2886 2896 2881 2901 2886 2902 2887 2896 2881 2902 2887 2903 2888 2896 2881 2903 2888 2904 2889 2896 2881 2904 2889 2905 2890 2896 2881 2905 2890 2906 2891 2896 2881 2906 2891 2907 2892 2896 2881 2907 2892 2908 2893 2896 2881 2908 2893 2909 2894 2896 2881 2909 2894 2910 2895 2896 2881 2910 2895 2911 2896 2896 2881 2911 2896 2912 2897 2896 2881 2912 2897 2913 2898 2896 2881 2913 2898 2914 2899 2896 2881 2914 2899 2915 2900 2896 2881 2915 2900 2916 2901 2896 2881 2916 2901 2917 2902 2896 2881 2917 2902 2918 2903 2896 2881 2918 2903 2919 2904 2896 2881 2919 2904 2920 2905 2896 2881 2920 2905 2921 2906 2896 2881 2921 2906 2922 2907 2896 2881 2922 2907 2923 2908 2896 2881 2923 2908 2924 2909 2896 2881 2924 2909 2925 2910 2896 2881 2925 2910 2926 2911 2896 2881 2926 2911 2927 2912 2928 2913 2929 2914 2930 2915 2928 2913 2930 2915 2931 2916 2928 2913 2931 2916 2932 2917 2928 2913 2932 2917 2933 2918 2928 2913 2933 2918 2934 2919 2928 2913 2934 2919 2935 2920 2928 2913 2935 2920 2936 2921 2928 2913 2936 2921 2937 2922 2928 2913 2937 2922 2938 2923 2928 2913 2938 2923 2939 2924 2928 2913 2939 2924 2940 2925 2928 2913 2940 2925 2941 2926 2928 2913 2941 2926 2942 2927 2928 2913 2942 2927 2943 2928 2928 2913 2943 2928 2944 2929 2928 2913 2944 2929 2945 2930 2928 2913 2945 2930 2946 2931 2928 2913 2946 2931 2947 2932 2928 2913 2947 2932 2948 2933 2928 2913 2948 2933 2949 2934 2928 2913 2949 2934 2950 2935 2928 2913 2950 2935 2951 2936 2928 2913 2951 2936 2952 2937 2928 2913 2952 2937 2953 2938 2928 2913 2953 2938 2954 2939 2928 2913 2954 2939 2955 2940 2928 2913 2955 2940 2956 2941 2928 2913 2956 2941 2957 2942 2928 2913 2957 2942 2958 2943 2928 2913 2958 2943 2959 2944 2960 2945 2961 2946 2962 2947 2960 2945 2962 2947 2963 2948 2960 2945 2963 2948 2964 2949 2960 2945 2964 2949 2965 2950 2960 2945 2965 2950 2966 2951 2960 2945 2966 2951 2967 2952 2960 2945 2967 2952 2968 2953 2960 2945 2968 2953 2969 2954 2960 2945 2969 2954 2970 2955 2960 2945 2970 2955 2971 2956 2960 2945 2971 2956 2972 2957 2960 2945 2972 2957 2973 2958 2960 2945 2973 2958 2974 2959 2960 2945 2974 2959 2975 2960 2960 2945 2975 2960 2976 2961 2960 2945 2976 2961 2977 2962 2960 2945 2977 2962 2978 2963 2960 2945 2978 2963 2979 2964 2960 2945 2979 2964 2980 2965 2960 2945 2980 2965 2981 2966 2960 2945 2981 2966 2982 2967 2960 2945 2982 2967 2983 2968 2960 2945 2983 2968 2984 2969 2960 2945 2984 2969 2985 2970 2960 2945 2985 2970 2986 2971 2960 2945 2986 2971 2987 2972 2960 2945 2987 2972 2988 2973 2960 2945 2988 2973 2989 2974 2960 2945 2989 2974 2990 2975 2960 2945 2990 2975 2991 2976 2992 2977 2993 2978 2994 2979 2992 2977 2994 2979 2995 2980 2992 2977 2995 2980 2996 2981 2992 2977 2996 2981 2997 2982 2992 2977 2997 2982 2998 2983 2992 2977 2998 2983 2999 2984 2992 2977 2999 2984 3000 2985 2992 2977 3000 2985 3001 2986 2992 2977 3001 2986 3002 2987 2992 2977 3002 2987 3003 2988 2992 2977 3003 2988 3004 2989 2992 2977 3004 2989 3005 2990 2992 2977 3005 2990 3006 2991 2992 2977 3006 2991 3007 2992 2992 2977 3007 2992 3008 2993 2992 2977 3008 2993 3009 2994 2992 2977 3009 2994 3010 2995 2992 2977 3010 2995 3011 2996 2992 2977 3011 2996 3012 2997 2992 2977 3012 2997 3013 2998 2992 2977 3013 2998 3014 2999 2992 2977 3014 2999 3015 3000 2992 2977 3015 3000 3016 3001 2992 2977 3016 3001 3017 3002 2992 2977 3017 3002 3018 3003 2992 2977 3018 3003 3019 3004 2992 2977 3019 3004 3020 3005 2992 2977 3020 3005 3021 3006 2992 2977 3021 3006 3022 3007 2992 2977 3022 3007 3023 3008 2448 5923 2450 5925 2449 5924 2448 5923 2451 5926 2450 5925 2448 5923 2452 5927 2451 5926 2448 5923 2453 5928 2452 5927 2448 5923 2454 5929 2453 5928 2448 5923 2455 5930 2454 5929 2448 5923 2456 5931 2455 5930 2448 5923 2457 5932 2456 5931 2448 5923 2458 5933 2457 5932 2448 5923 2459 5934 2458 5933 2448 5923 2460 5935 2459 5934 2448 5923 2461 5936 2460 5935 2448 5923 2462 5937 2461 5936 2448 5923 2463 5938 2462 5937 2448 5923 2464 5939 2463 5938 2448 5923 2465 5940 2464 5939 2448 5923 2466 5941 2465 5940 2448 5923 2467 5942 2466 5941 2448 5923 2468 5860 2467 5942 2448 5923 2469 5943 2468 5860 2448 5923 2470 5944 2469 5943 2448 5923 2471 5945 2470 5944 2448 5923 2472 5946 2471 5945 2448 5923 2473 5947 2472 5946 2448 5923 2474 5948 2473 5947 2448 5923 2475 5949 2474 5948 2448 5923 2476 5950 2475 5949 2448 5923 2477 5951 2476 5950 2448 5923 2478 5952 2477 5951 2448 5923 2479 5953 2478 5952 2480 5954 2482 5956 2481 5955 2480 5954 2483 5957 2482 5956 2480 5954 2484 5958 2483 5957 2480 5954 2485 5959 2484 5958 2480 5954 2486 5960 2485 5959 2480 5954 2487 5961 2486 5960 2480 5954 2488 5962 2487 5961 2480 5954 2489 5963 2488 5962 2480 5954 2490 5964 2489 5963 2480 5954 2491 5965 2490 5964 2480 5954 2492 5966 2491 5965 2480 5954 2493 5967 2492 5966 2480 5954 2494 5968 2493 5967 2480 5954 2495 5969 2494 5968 2480 5954 2496 5970 2495 5969 2480 5954 2497 5971 2496 5970 2480 5954 2498 5972 2497 5971 2480 5954 2499 5973 2498 5972 2480 5954 2500 5974 2499 5973 2480 5954 2501 5975 2500 5974 2480 5954 2502 5976 2501 5975 2480 5954 2503 5977 2502 5976 2480 5954 2504 5978 2503 5977 2480 5954 2505 5979 2504 5978 2480 5954 2506 5980 2505 5979 2480 5954 2507 5981 2506 5980 2480 5954 2508 5982 2507 5981 2480 5954 2509 5983 2508 5982 2480 5954 2510 5984 2509 5983 2480 5954 2511 5985 2510 5984 2512 5986 2514 5988 2513 5987 2512 5986 2515 5989 2514 5988 2512 5986 2516 5990 2515 5989 2512 5986 2517 5991 2516 5990 2512 5986 2518 5992 2517 5991 2512 5986 2519 5993 2518 5992 2512 5986 2520 5994 2519 5993 2512 5986 2521 5995 2520 5994 2512 5986 2522 5996 2521 5995 2512 5986 2523 5997 2522 5996 2512 5986 2524 5998 2523 5997 2512 5986 2525 5999 2524 5998 2512 5986 2526 6000 2525 5999 2512 5986 2527 6001 2526 6000 2512 5986 2528 6002 2527 6001 2512 5986 2529 6003 2528 6002 2512 5986 2530 6004 2529 6003 2512 5986 2531 6005 2530 6004 2512 5986 2532 6006 2531 6005 2512 5986 2533 6007 2532 6006 2512 5986 2534 6008 2533 6007 2512 5986 2535 6009 2534 6008 2512 5986 2536 6010 2535 6009 2512 5986 2537 6011 2536 6010 2512 5986 2538 4315 2537 6011 2512 5986 2539 6012 2538 4315 2512 5986 2540 6013 2539 6012 2512 5986 2541 6014 2540 6013 2512 5986 2542 6015 2541 6014 2512 5986 2543 6016 2542 6015 2544 6017 2546 6019 2545 6018 2544 6017 2547 6020 2546 6019 2544 6017 2548 6021 2547 6020 2544 6017 2549 6022 2548 6021 2544 6017 2550 6023 2549 6022 2544 6017 2551 6024 2550 6023 2544 6017 2552 6025 2551 6024 2544 6017 2553 6026 2552 6025 2544 6017 2554 6027 2553 6026 2544 6017 2555 6028 2554 6027 2544 6017 2556 6029 2555 6028 2544 6017 2557 6030 2556 6029 2544 6017 2558 6031 2557 6030 2544 6017 2559 6032 2558 6031 2544 6017 2560 6033 2559 6032 2544 6017 2561 6034 2560 6033 2544 6017 2562 6035 2561 6034 2544 6017 2563 6036 2562 6035 2544 6017 2564 6037 2563 6036 2544 6017 2565 6038 2564 6037 2544 6017 2566 6039 2565 6038 2544 6017 2567 6040 2566 6039 2544 6017 2568 6041 2567 6040 2544 6017 2569 6042 2568 6041 2544 6017 2570 6043 2569 6042 2544 6017 2571 6044 2570 6043 2544 6017 2572 6045 2571 6044 2544 6017 2573 6046 2572 6045 2544 6017 2574 6047 2573 6046 2544 6017 2575 6048 2574 6047 2576 6049 2578 6051 2577 6050 2576 6049 2579 6052 2578 6051 2576 6049 2580 6053 2579 6052 2576 6049 2581 6054 2580 6053 2576 6049 2582 6055 2581 6054 2576 6049 2583 6056 2582 6055 2576 6049 2584 6057 2583 6056 2576 6049 2585 6058 2584 6057 2576 6049 2586 6059 2585 6058 2576 6049 2587 6060 2586 6059 2576 6049 2588 6061 2587 6060 2576 6049 2589 6062 2588 6061 2576 6049 2590 6063 2589 6062 2576 6049 2591 6064 2590 6063 2576 6049 2592 6065 2591 6064 2576 6049 2593 6066 2592 6065 2576 6049 2594 6067 2593 6066 2576 6049 2595 6068 2594 6067 2576 6049 2596 6069 2595 6068 2576 6049 2597 6070 2596 6069 2576 6049 2598 6071 2597 6070 2576 6049 2599 6072 2598 6071 2576 6049 2600 6073 2599 6072 2576 6049 2601 6074 2600 6073 2576 6049 2602 6075 2601 6074 2576 6049 2603 6076 2602 6075 2576 6049 2604 6077 2603 6076 2576 6049 2605 6078 2604 6077 2576 6049 2606 6079 2605 6078 2576 6049 2607 6080 2606 6079 2608 6081 2610 6083 2609 6082 2608 6081 2611 6084 2610 6083 2608 6081 2612 6085 2611 6084 2608 6081 2613 6086 2612 6085 2608 6081 2614 6087 2613 6086 2608 6081 2615 6088 2614 6087 2608 6081 2616 6089 2615 6088 2608 6081 2617 6090 2616 6089 2608 6081 2618 6091 2617 6090 2608 6081 2619 6092 2618 6091 2608 6081 2620 6093 2619 6092 2608 6081 2621 6094 2620 6093 2608 6081 2622 6095 2621 6094 2608 6081 2623 6096 2622 6095 2608 6081 2624 6097 2623 6096 2608 6081 2625 6098 2624 6097 2608 6081 2626 6099 2625 6098 2608 6081 2627 6100 2626 6099 2608 6081 2628 6101 2627 6100 2608 6081 2629 6102 2628 6101 2608 6081 2630 6103 2629 6102 2608 6081 2631 6104 2630 6103 2608 6081 2632 6105 2631 6104 2608 6081 2633 6106 2632 6105 2608 6081 2634 6107 2633 6106 2608 6081 2635 6108 2634 6107 2608 6081 2636 6109 2635 6108 2608 6081 2637 6110 2636 6109 2608 6081 2638 6111 2637 6110 2608 6081 2639 6112 2638 6111 2640 6113 2642 6115 2641 6114 2640 6113 2643 6116 2642 6115 2640 6113 2644 6117 2643 6116 2640 6113 2645 6118 2644 6117 2640 6113 2646 6119 2645 6118 2640 6113 2647 6120 2646 6119 2640 6113 2648 6121 2647 6120 2640 6113 2649 6122 2648 6121 2640 6113 2650 6123 2649 6122 2640 6113 2651 6124 2650 6123 2640 6113 2652 6125 2651 6124 2640 6113 2653 6126 2652 6125 2640 6113 2654 6127 2653 6126 2640 6113 2655 6128 2654 6127 2640 6113 2656 6129 2655 6128 2640 6113 2657 6130 2656 6129 2640 6113 2658 6131 2657 6130 2640 6113 2659 6132 2658 6131 2640 6113 2660 6133 2659 6132 2640 6113 2661 6134 2660 6133 2640 6113 2662 6135 2661 6134 2640 6113 2663 6136 2662 6135 2640 6113 2664 6137 2663 6136 2640 6113 2665 6138 2664 6137 2640 6113 2666 6139 2665 6138 2640 6113 2667 6140 2666 6139 2640 6113 2668 6141 2667 6140 2640 6113 2669 6142 2668 6141 2640 6113 2670 6143 2669 6142 2640 6113 2671 6144 2670 6143 2672 6145 2674 6147 2673 6146 2672 6145 2675 6148 2674 6147 2672 6145 2676 6149 2675 6148 2672 6145 2677 6150 2676 6149 2672 6145 2678 6151 2677 6150 2672 6145 2679 6152 2678 6151 2672 6145 2680 6153 2679 6152 2672 6145 2681 6154 2680 6153 2672 6145 2682 6155 2681 6154 2672 6145 2683 6156 2682 6155 2672 6145 2684 6157 2683 6156 2672 6145 2685 6158 2684 6157 2672 6145 2686 6159 2685 6158 2672 6145 2687 6160 2686 6159 2672 6145 2688 6161 2687 6160 2672 6145 2689 6162 2688 6161 2672 6145 2690 6163 2689 6162 2672 6145 2691 6164 2690 6163 2672 6145 2692 6165 2691 6164 2672 6145 2693 6166 2692 6165 2672 6145 2694 6167 2693 6166 2672 6145 2695 6168 2694 6167 2672 6145 2696 6169 2695 6168 2672 6145 2697 6170 2696 6169 2672 6145 2698 6171 2697 6170 2672 6145 2699 6172 2698 6171 2672 6145 2700 6173 2699 6172 2672 6145 2701 6174 2700 6173 2672 6145 2702 6175 2701 6174 2672 6145 2703 6176 2702 6175 2704 6177 2706 6179 2705 6178 2704 6177 2707 6180 2706 6179 2704 6177 2708 6181 2707 6180 2704 6177 2709 6182 2708 6181 2704 6177 2710 6183 2709 6182 2704 6177 2711 6184 2710 6183 2704 6177 2712 6185 2711 6184 2704 6177 2713 6186 2712 6185 2704 6177 2714 6187 2713 6186 2704 6177 2715 5011 2714 6187 2704 6177 2716 6188 2715 5011 2704 6177 2717 6189 2716 6188 2704 6177 2718 6190 2717 6189 2704 6177 2719 6191 2718 6190 2704 6177 2720 6192 2719 6191 2704 6177 2721 6193 2720 6192 2704 6177 2722 6194 2721 6193 2704 6177 2723 6195 2722 6194 2704 6177 2724 6196 2723 6195 2704 6177 2725 6197 2724 6196 2704 6177 2726 6198 2725 6197 2704 6177 2727 6199 2726 6198 2704 6177 2728 6200 2727 6199 2704 6177 2729 6201 2728 6200 2704 6177 2730 6202 2729 6201 2704 6177 2731 6203 2730 6202 2704 6177 2732 6204 2731 6203 2704 6177 2733 6205 2732 6204 2704 6177 2734 6206 2733 6205 2704 6177 2735 6207 2734 6206 2736 6208 2738 6210 2737 6209 2736 6208 2739 6211 2738 6210 2736 6208 2740 6212 2739 6211 2736 6208 2741 6213 2740 6212 2736 6208 2742 6214 2741 6213 2736 6208 2743 6215 2742 6214 2736 6208 2744 6216 2743 6215 2736 6208 2745 6217 2744 6216 2736 6208 2746 6218 2745 6217 2736 6208 2747 6219 2746 6218 2736 6208 2748 6220 2747 6219 2736 6208 2749 6221 2748 6220 2736 6208 2750 6222 2749 6221 2736 6208 2751 6223 2750 6222 2736 6208 2752 6224 2751 6223 2736 6208 2753 6225 2752 6224 2736 6208 2754 6226 2753 6225 2736 6208 2755 6227 2754 6226 2736 6208 2756 6228 2755 6227 2736 6208 2757 6229 2756 6228 2736 6208 2758 6230 2757 6229 2736 6208 2759 6231 2758 6230 2736 6208 2760 6232 2759 6231 2736 6208 2761 6233 2760 6232 2736 6208 2762 6234 2761 6233 2736 6208 2763 6235 2762 6234 2736 6208 2764 6236 2763 6235 2736 6208 2765 6237 2764 6236 2736 6208 2766 6238 2765 6237 2736 6208 2767 6239 2766 6238 2768 6240 2770 6242 2769 6241 2768 6240 2771 6243 2770 6242 2768 6240 2772 6244 2771 6243 2768 6240 2773 6245 2772 6244 2768 6240 2774 6246 2773 6245 2768 6240 2775 6247 2774 6246 2768 6240 2776 6248 2775 6247 2768 6240 2777 6249 2776 6248 2768 6240 2778 6250 2777 6249 2768 6240 2779 6251 2778 6250 2768 6240 2780 6252 2779 6251 2768 6240 2781 6253 2780 6252 2768 6240 2782 6254 2781 6253 2768 6240 2783 6255 2782 6254 2768 6240 2784 6256 2783 6255 2768 6240 2785 6257 2784 6256 2768 6240 2786 6258 2785 6257 2768 6240 2787 6259 2786 6258 2768 6240 2788 6260 2787 6259 2768 6240 2789 6261 2788 6260 2768 6240 2790 6262 2789 6261 2768 6240 2791 6263 2790 6262 2768 6240 2792 6264 2791 6263 2768 6240 2793 6265 2792 6264 2768 6240 2794 6266 2793 6265 2768 6240 2795 6267 2794 6266 2768 6240 2796 6268 2795 6267 2768 6240 2797 6269 2796 6268 2768 6240 2798 6270 2797 6269 2768 6240 2799 6271 2798 6270 2800 6272 2802 6274 2801 6273 2800 6272 2803 6275 2802 6274 2800 6272 2804 6276 2803 6275 2800 6272 2805 6277 2804 6276 2800 6272 2806 6278 2805 6277 2800 6272 2807 6279 2806 6278 2800 6272 2808 6280 2807 6279 2800 6272 2809 6281 2808 6280 2800 6272 2810 6282 2809 6281 2800 6272 2811 6283 2810 6282 2800 6272 2812 6284 2811 6283 2800 6272 2813 6285 2812 6284 2800 6272 2814 6286 2813 6285 2800 6272 2815 6287 2814 6286 2800 6272 2816 6288 2815 6287 2800 6272 2817 6289 2816 6288 2800 6272 2818 6290 2817 6289 2800 6272 2819 6291 2818 6290 2800 6272 2820 6292 2819 6291 2800 6272 2821 6293 2820 6292 2800 6272 2822 6294 2821 6293 2800 6272 2823 6295 2822 6294 2800 6272 2824 6296 2823 6295 2800 6272 2825 6297 2824 6296 2800 6272 2826 6298 2825 6297 2800 6272 2827 6299 2826 6298 2800 6272 2828 6300 2827 6299 2800 6272 2829 6301 2828 6300 2800 6272 2830 6302 2829 6301 2800 6272 2831 6303 2830 6302 2832 6304 2834 6306 2833 6305 2832 6304 2835 6307 2834 6306 2832 6304 2836 6308 2835 6307 2832 6304 2837 6309 2836 6308 2832 6304 2838 6310 2837 6309 2832 6304 2839 6311 2838 6310 2832 6304 2840 6312 2839 6311 2832 6304 2841 6313 2840 6312 2832 6304 2842 6314 2841 6313 2832 6304 2843 6315 2842 6314 2832 6304 2844 6316 2843 6315 2832 6304 2845 6317 2844 6316 2832 6304 2846 6318 2845 6317 2832 6304 2847 6319 2846 6318 2832 6304 2848 6320 2847 6319 2832 6304 2849 6321 2848 6320 2832 6304 2850 6322 2849 6321 2832 6304 2851 6323 2850 6322 2832 6304 2852 6324 2851 6323 2832 6304 2853 6325 2852 6324 2832 6304 2854 6326 2853 6325 2832 6304 2855 6327 2854 6326 2832 6304 2856 6328 2855 6327 2832 6304 2857 6329 2856 6328 2832 6304 2858 6330 2857 6329 2832 6304 2859 6331 2858 6330 2832 6304 2860 6332 2859 6331 2832 6304 2861 6333 2860 6332 2832 6304 2862 6334 2861 6333 2832 6304 2863 6335 2862 6334 2864 6336 2866 6338 2865 6337 2864 6336 2867 6339 2866 6338 2864 6336 2868 6340 2867 6339 2864 6336 2869 6341 2868 6340 2864 6336 2870 6342 2869 6341 2864 6336 2871 6343 2870 6342 2864 6336 2872 6344 2871 6343 2864 6336 2873 6345 2872 6344 2864 6336 2874 6346 2873 6345 2864 6336 2875 6347 2874 6346 2864 6336 2876 6348 2875 6347 2864 6336 2877 6349 2876 6348 2864 6336 2878 6350 2877 6349 2864 6336 2879 6351 2878 6350 2864 6336 2880 6352 2879 6351 2864 6336 2881 6353 2880 6352 2864 6336 2882 6354 2881 6353 2864 6336 2883 6355 2882 6354 2864 6336 2884 6356 2883 6355 2864 6336 2885 6357 2884 6356 2864 6336 2886 6358 2885 6357 2864 6336 2887 6359 2886 6358 2864 6336 2888 6360 2887 6359 2864 6336 2889 6361 2888 6360 2864 6336 2890 6362 2889 6361 2864 6336 2891 6363 2890 6362 2864 6336 2892 6364 2891 6363 2864 6336 2893 6365 2892 6364 2864 6336 2894 6366 2893 6365 2864 6336 2895 6367 2894 6366 2896 6368 2898 6370 2897 6369 2896 6368 2899 6371 2898 6370 2896 6368 2900 6372 2899 6371 2896 6368 2901 6373 2900 6372 2896 6368 2902 6374 2901 6373 2896 6368 2903 6375 2902 6374 2896 6368 2904 6376 2903 6375 2896 6368 2905 6377 2904 6376 2896 6368 2906 6378 2905 6377 2896 6368 2907 6379 2906 6378 2896 6368 2908 6380 2907 6379 2896 6368 2909 6381 2908 6380 2896 6368 2910 6382 2909 6381 2896 6368 2911 6383 2910 6382 2896 6368 2912 6384 2911 6383 2896 6368 2913 6385 2912 6384 2896 6368 2914 6386 2913 6385 2896 6368 2915 6387 2914 6386 2896 6368 2916 6388 2915 6387 2896 6368 2917 6389 2916 6388 2896 6368 2918 6390 2917 6389 2896 6368 2919 6391 2918 6390 2896 6368 2920 6392 2919 6391 2896 6368 2921 6393 2920 6392 2896 6368 2922 6394 2921 6393 2896 6368 2923 6395 2922 6394 2896 6368 2924 6396 2923 6395 2896 6368 2925 6397 2924 6396 2896 6368 2926 6398 2925 6397 2896 6368 2927 6399 2926 6398 2928 6400 2930 6402 2929 6401 2928 6400 2931 6403 2930 6402 2928 6400 2932 6404 2931 6403 2928 6400 2933 6405 2932 6404 2928 6400 2934 6406 2933 6405 2928 6400 2935 6407 2934 6406 2928 6400 2936 6408 2935 6407 2928 6400 2937 6409 2936 6408 2928 6400 2938 6410 2937 6409 2928 6400 2939 6411 2938 6410 2928 6400 2940 6412 2939 6411 2928 6400 2941 6413 2940 6412 2928 6400 2942 6414 2941 6413 2928 6400 2943 6415 2942 6414 2928 6400 2944 6416 2943 6415 2928 6400 2945 6417 2944 6416 2928 6400 2946 6418 2945 6417 2928 6400 2947 6419 2946 6418 2928 6400 2948 6420 2947 6419 2928 6400 2949 6421 2948 6420 2928 6400 2950 6422 2949 6421 2928 6400 2951 6423 2950 6422 2928 6400 2952 6424 2951 6423 2928 6400 2953 6425 2952 6424 2928 6400 2954 6426 2953 6425 2928 6400 2955 6427 2954 6426 2928 6400 2956 6428 2955 6427 2928 6400 2957 6429 2956 6428 2928 6400 2958 6430 2957 6429 2928 6400 2959 6431 2958 6430 2960 6432 2962 6434 2961 6433 2960 6432 2963 6435 2962 6434 2960 6432 2964 6436 2963 6435 2960 6432 2965 6437 2964 6436 2960 6432 2966 6438 2965 6437 2960 6432 2967 6439 2966 6438 2960 6432 2968 6440 2967 6439 2960 6432 2969 6441 2968 6440 2960 6432 2970 6442 2969 6441 2960 6432 2971 6443 2970 6442 2960 6432 2972 6444 2971 6443 2960 6432 2973 6445 2972 6444 2960 6432 2974 6446 2973 6445 2960 6432 2975 6447 2974 6446 2960 6432 2976 6448 2975 6447 2960 6432 2977 6449 2976 6448 2960 6432 2978 6450 2977 6449 2960 6432 2979 6451 2978 6450 2960 6432 2980 6452 2979 6451 2960 6432 2981 6453 2980 6452 2960 6432 2982 6454 2981 6453 2960 6432 2983 6455 2982 6454 2960 6432 2984 6456 2983 6455 2960 6432 2985 6457 2984 6456 2960 6432 2986 6458 2985 6457 2960 6432 2987 6459 2986 6458 2960 6432 2988 6460 2987 6459 2960 6432 2989 6461 2988 6460 2960 6432 2990 6462 2989 6461 2960 6432 2991 6463 2990 6462 2992 6464 2994 6466 2993 6465 2992 6464 2995 6467 2994 6466 2992 6464 2996 6468 2995 6467 2992 6464 2997 6469 2996 6468 2992 6464 2998 6470 2997 6469 2992 6464 2999 6471 2998 6470 2992 6464 3000 6472 2999 6471 2992 6464 3001 6473 3000 6472 2992 6464 3002 6474 3001 6473 2992 6464 3003 6475 3002 6474 2992 6464 3004 6476 3003 6475 2992 6464 3005 6477 3004 6476 2992 6464 3006 6478 3005 6477 2992 6464 3007 6479 3006 6478 2992 6464 3008 6480 3007 6479 2992 6464 3009 6481 3008 6480 2992 6464 3010 6482 3009 6481 2992 6464 3011 6483 3010 6482 2992 6464 3012 6484 3011 6483 2992 6464 3013 6485 3012 6484 2992 6464 3014 6486 3013 6485 2992 6464 3015 6487 3014 6486 2992 6464 3016 6488 3015 6487 2992 6464 3017 6489 3016 6488 2992 6464 3018 6490 3017 6489 2992 6464 3019 6491 3018 6490 2992 6464 3020 6492 3019 6491 2992 6464 3021 6493 3020 6492 2992 6464 3022 6494 3021 6493 2992 6464 3023 6495 3022 6494</p></triangles>
        <triangles count="900" material="MAT_COTTON_LEAF_1-mat"><input semantic="VERTEX" source="#ROW_20_SEG2_foliage-vtx" offset="0"/><input semantic="NORMAL" source="#ROW_20_SEG2_foliage-nrm" offset="1"/><p>3024 3009 3025 3010 3026 3011 3024 3009 3026 3011 3027 3012 3024 3009 3027 3012 3028 3013 3024 3009 3028 3013 3029 3014 3024 3009 3029 3014 3030 3015 3024 3009 3030 3015 3031 3016 3024 3009 3031 3016 3032 3017 3024 3009 3032 3017 3033 3018 3024 3009 3033 3018 3034 3019 3024 3009 3034 3019 3035 3020 3024 3009 3035 3020 3036 3021 3024 3009 3036 3021 3037 3022 3024 3009 3037 3022 3038 3023 3024 3009 3038 3023 3039 3024 3024 3009 3039 3024 3040 3025 3024 3009 3040 3025 3041 3026 3024 3009 3041 3026 3042 3027 3024 3009 3042 3027 3043 3028 3024 3009 3043 3028 3044 3029 3024 3009 3044 3029 3045 3030 3024 3009 3045 3030 3046 3031 3024 3009 3046 3031 3047 3032 3024 3009 3047 3032 3048 3033 3024 3009 3048 3033 3049 3034 3024 3009 3049 3034 3050 3035 3024 3009 3050 3035 3051 3036 3024 3009 3051 3036 3052 3037 3024 3009 3052 3037 3053 3038 3024 3009 3053 3038 3054 3039 3024 3009 3054 3039 3055 3040 3056 3041 3057 3042 3058 3043 3056 3041 3058 3043 3059 3044 3056 3041 3059 3044 3060 3045 3056 3041 3060 3045 3061 3046 3056 3041 3061 3046 3062 3047 3056 3041 3062 3047 3063 3048 3056 3041 3063 3048 3064 3049 3056 3041 3064 3049 3065 3050 3056 3041 3065 3050 3066 3051 3056 3041 3066 3051 3067 3052 3056 3041 3067 3052 3068 3053 3056 3041 3068 3053 3069 3054 3056 3041 3069 3054 3070 3055 3056 3041 3070 3055 3071 3056 3056 3041 3071 3056 3072 3057 3056 3041 3072 3057 3073 3058 3056 3041 3073 3058 3074 3059 3056 3041 3074 3059 3075 3060 3056 3041 3075 3060 3076 3061 3056 3041 3076 3061 3077 3062 3056 3041 3077 3062 3078 3063 3056 3041 3078 3063 3079 3064 3056 3041 3079 3064 3080 3065 3056 3041 3080 3065 3081 3066 3056 3041 3081 3066 3082 3067 3056 3041 3082 3067 3083 3068 3056 3041 3083 3068 3084 3069 3056 3041 3084 3069 3085 3070 3056 3041 3085 3070 3086 3071 3056 3041 3086 3071 3087 3072 3088 3073 3089 3074 3090 3075 3088 3073 3090 3075 3091 3076 3088 3073 3091 3076 3092 3077 3088 3073 3092 3077 3093 3078 3088 3073 3093 3078 3094 3079 3088 3073 3094 3079 3095 3080 3088 3073 3095 3080 3096 3081 3088 3073 3096 3081 3097 3082 3088 3073 3097 3082 3098 3083 3088 3073 3098 3083 3099 3084 3088 3073 3099 3084 3100 3085 3088 3073 3100 3085 3101 3086 3088 3073 3101 3086 3102 3087 3088 3073 3102 3087 3103 3088 3088 3073 3103 3088 3104 3089 3088 3073 3104 3089 3105 3090 3088 3073 3105 3090 3106 3091 3088 3073 3106 3091 3107 3092 3088 3073 3107 3092 3108 3093 3088 3073 3108 3093 3109 3094 3088 3073 3109 3094 3110 3095 3088 3073 3110 3095 3111 3096 3088 3073 3111 3096 3112 3097 3088 3073 3112 3097 3113 3098 3088 3073 3113 3098 3114 3099 3088 3073 3114 3099 3115 3100 3088 3073 3115 3100 3116 3101 3088 3073 3116 3101 3117 3102 3088 3073 3117 3102 3118 3103 3088 3073 3118 3103 3119 3104 3120 3105 3121 3106 3122 3107 3120 3105 3122 3107 3123 3108 3120 3105 3123 3108 3124 3109 3120 3105 3124 3109 3125 3110 3120 3105 3125 3110 3126 3111 3120 3105 3126 3111 3127 3112 3120 3105 3127 3112 3128 3113 3120 3105 3128 3113 3129 3114 3120 3105 3129 3114 3130 3115 3120 3105 3130 3115 3131 3116 3120 3105 3131 3116 3132 3117 3120 3105 3132 3117 3133 3118 3120 3105 3133 3118 3134 3119 3120 3105 3134 3119 3135 3120 3120 3105 3135 3120 3136 3121 3120 3105 3136 3121 3137 3122 3120 3105 3137 3122 3138 3123 3120 3105 3138 3123 3139 3124 3120 3105 3139 3124 3140 3125 3120 3105 3140 3125 3141 3126 3120 3105 3141 3126 3142 3127 3120 3105 3142 3127 3143 3128 3120 3105 3143 3128 3144 3129 3120 3105 3144 3129 3145 3130 3120 3105 3145 3130 3146 3131 3120 3105 3146 3131 3147 3132 3120 3105 3147 3132 3148 3133 3120 3105 3148 3133 3149 3134 3120 3105 3149 3134 3150 3135 3120 3105 3150 3135 3151 3136 3152 3137 3153 3138 3154 3139 3152 3137 3154 3139 3155 3140 3152 3137 3155 3140 3156 3141 3152 3137 3156 3141 3157 3142 3152 3137 3157 3142 3158 3143 3152 3137 3158 3143 3159 3144 3152 3137 3159 3144 3160 3145 3152 3137 3160 3145 3161 3146 3152 3137 3161 3146 3162 3147 3152 3137 3162 3147 3163 3148 3152 3137 3163 3148 3164 3149 3152 3137 3164 3149 3165 3150 3152 3137 3165 3150 3166 3151 3152 3137 3166 3151 3167 3152 3152 3137 3167 3152 3168 3153 3152 3137 3168 3153 3169 3154 3152 3137 3169 3154 3170 3155 3152 3137 3170 3155 3171 3156 3152 3137 3171 3156 3172 3157 3152 3137 3172 3157 3173 3158 3152 3137 3173 3158 3174 3159 3152 3137 3174 3159 3175 3160 3152 3137 3175 3160 3176 3161 3152 3137 3176 3161 3177 3162 3152 3137 3177 3162 3178 3163 3152 3137 3178 3163 3179 3164 3152 3137 3179 3164 3180 3165 3152 3137 3180 3165 3181 3166 3152 3137 3181 3166 3182 3167 3152 3137 3182 3167 3183 3168 3184 3169 3185 3170 3186 3171 3184 3169 3186 3171 3187 3172 3184 3169 3187 3172 3188 3173 3184 3169 3188 3173 3189 3174 3184 3169 3189 3174 3190 3175 3184 3169 3190 3175 3191 3176 3184 3169 3191 3176 3192 3177 3184 3169 3192 3177 3193 3178 3184 3169 3193 3178 3194 3179 3184 3169 3194 3179 3195 3180 3184 3169 3195 3180 3196 3181 3184 3169 3196 3181 3197 3182 3184 3169 3197 3182 3198 3183 3184 3169 3198 3183 3199 3184 3184 3169 3199 3184 3200 3185 3184 3169 3200 3185 3201 3186 3184 3169 3201 3186 3202 3187 3184 3169 3202 3187 3203 3188 3184 3169 3203 3188 3204 3189 3184 3169 3204 3189 3205 3190 3184 3169 3205 3190 3206 3191 3184 3169 3206 3191 3207 3192 3184 3169 3207 3192 3208 3193 3184 3169 3208 3193 3209 3194 3184 3169 3209 3194 3210 3195 3184 3169 3210 3195 3211 3196 3184 3169 3211 3196 3212 3197 3184 3169 3212 3197 3213 3198 3184 3169 3213 3198 3214 3199 3184 3169 3214 3199 3215 3200 3216 3201 3217 3202 3218 3203 3216 3201 3218 3203 3219 3204 3216 3201 3219 3204 3220 3205 3216 3201 3220 3205 3221 3206 3216 3201 3221 3206 3222 3207 3216 3201 3222 3207 3223 3208 3216 3201 3223 3208 3224 3209 3216 3201 3224 3209 3225 3210 3216 3201 3225 3210 3226 3211 3216 3201 3226 3211 3227 3212 3216 3201 3227 3212 3228 3213 3216 3201 3228 3213 3229 3214 3216 3201 3229 3214 3230 3215 3216 3201 3230 3215 3231 3216 3216 3201 3231 3216 3232 3217 3216 3201 3232 3217 3233 3218 3216 3201 3233 3218 3234 3219 3216 3201 3234 3219 3235 3220 3216 3201 3235 3220 3236 3221 3216 3201 3236 3221 3237 3222 3216 3201 3237 3222 3238 3223 3216 3201 3238 3223 3239 1394 3216 3201 3239 1394 3240 3224 3216 3201 3240 3224 3241 3225 3216 3201 3241 3225 3242 3226 3216 3201 3242 3226 3243 3227 3216 3201 3243 3227 3244 3228 3216 3201 3244 3228 3245 3229 3216 3201 3245 3229 3246 3230 3216 3201 3246 3230 3247 3231 3248 3232 3249 3233 3250 3234 3248 3232 3250 3234 3251 3235 3248 3232 3251 3235 3252 3236 3248 3232 3252 3236 3253 3237 3248 3232 3253 3237 3254 3238 3248 3232 3254 3238 3255 3239 3248 3232 3255 3239 3256 3240 3248 3232 3256 3240 3257 3241 3248 3232 3257 3241 3258 3242 3248 3232 3258 3242 3259 3243 3248 3232 3259 3243 3260 3244 3248 3232 3260 3244 3261 3245 3248 3232 3261 3245 3262 3246 3248 3232 3262 3246 3263 3247 3248 3232 3263 3247 3264 3248 3248 3232 3264 3248 3265 3249 3248 3232 3265 3249 3266 3250 3248 3232 3266 3250 3267 3251 3248 3232 3267 3251 3268 3252 3248 3232 3268 3252 3269 3253 3248 3232 3269 3253 3270 3254 3248 3232 3270 3254 3271 3255 3248 3232 3271 3255 3272 3256 3248 3232 3272 3256 3273 3257 3248 3232 3273 3257 3274 3258 3248 3232 3274 3258 3275 3259 3248 3232 3275 3259 3276 3260 3248 3232 3276 3260 3277 3261 3248 3232 3277 3261 3278 3262 3248 3232 3278 3262 3279 3263 3280 3264 3281 3265 3282 3266 3280 3264 3282 3266 3283 3267 3280 3264 3283 3267 3284 3268 3280 3264 3284 3268 3285 3269 3280 3264 3285 3269 3286 3270 3280 3264 3286 3270 3287 3271 3280 3264 3287 3271 3288 3272 3280 3264 3288 3272 3289 3273 3280 3264 3289 3273 3290 3274 3280 3264 3290 3274 3291 3275 3280 3264 3291 3275 3292 3276 3280 3264 3292 3276 3293 3277 3280 3264 3293 3277 3294 3278 3280 3264 3294 3278 3295 3279 3280 3264 3295 3279 3296 3280 3280 3264 3296 3280 3297 3281 3280 3264 3297 3281 3298 3282 3280 3264 3298 3282 3299 3283 3280 3264 3299 3283 3300 3284 3280 3264 3300 3284 3301 3285 3280 3264 3301 3285 3302 3286 3280 3264 3302 3286 3303 3287 3280 3264 3303 3287 3304 3288 3280 3264 3304 3288 3305 3289 3280 3264 3305 3289 3306 3290 3280 3264 3306 3290 3307 3291 3280 3264 3307 3291 3308 3292 3280 3264 3308 3292 3309 3293 3280 3264 3309 3293 3310 3294 3280 3264 3310 3294 3311 3295 3312 3296 3313 3297 3314 3298 3312 3296 3314 3298 3315 3299 3312 3296 3315 3299 3316 3300 3312 3296 3316 3300 3317 3301 3312 3296 3317 3301 3318 3302 3312 3296 3318 3302 3319 3303 3312 3296 3319 3303 3320 3304 3312 3296 3320 3304 3321 3305 3312 3296 3321 3305 3322 3306 3312 3296 3322 3306 3323 3307 3312 3296 3323 3307 3324 3308 3312 3296 3324 3308 3325 3309 3312 3296 3325 3309 3326 3310 3312 3296 3326 3310 3327 3311 3312 3296 3327 3311 3328 3312 3312 3296 3328 3312 3329 3313 3312 3296 3329 3313 3330 3314 3312 3296 3330 3314 3331 3315 3312 3296 3331 3315 3332 3316 3312 3296 3332 3316 3333 3317 3312 3296 3333 3317 3334 3318 3312 3296 3334 3318 3335 3319 3312 3296 3335 3319 3336 3320 3312 3296 3336 3320 3337 3321 3312 3296 3337 3321 3338 3322 3312 3296 3338 3322 3339 3323 3312 3296 3339 3323 3340 3324 3312 3296 3340 3324 3341 3325 3312 3296 3341 3325 3342 3326 3312 3296 3342 3326 3343 3327 3344 3328 3345 3329 3346 3330 3344 3328 3346 3330 3347 3331 3344 3328 3347 3331 3348 3332 3344 3328 3348 3332 3349 3333 3344 3328 3349 3333 3350 3334 3344 3328 3350 3334 3351 3335 3344 3328 3351 3335 3352 3336 3344 3328 3352 3336 3353 3337 3344 3328 3353 3337 3354 3338 3344 3328 3354 3338 3355 3339 3344 3328 3355 3339 3356 3340 3344 3328 3356 3340 3357 3341 3344 3328 3357 3341 3358 3342 3344 3328 3358 3342 3359 3343 3344 3328 3359 3343 3360 3344 3344 3328 3360 3344 3361 3345 3344 3328 3361 3345 3362 3346 3344 3328 3362 3346 3363 3347 3344 3328 3363 3347 3364 3348 3344 3328 3364 3348 3365 3349 3344 3328 3365 3349 3366 3350 3344 3328 3366 3350 3367 3351 3344 3328 3367 3351 3368 3352 3344 3328 3368 3352 3369 3353 3344 3328 3369 3353 3370 3354 3344 3328 3370 3354 3371 3355 3344 3328 3371 3355 3372 3356 3344 3328 3372 3356 3373 3357 3344 3328 3373 3357 3374 3358 3344 3328 3374 3358 3375 3359 3376 3360 3377 3361 3378 3362 3376 3360 3378 3362 3379 3363 3376 3360 3379 3363 3380 3364 3376 3360 3380 3364 3381 3365 3376 3360 3381 3365 3382 3366 3376 3360 3382 3366 3383 3367 3376 3360 3383 3367 3384 3368 3376 3360 3384 3368 3385 3369 3376 3360 3385 3369 3386 3370 3376 3360 3386 3370 3387 3371 3376 3360 3387 3371 3388 3372 3376 3360 3388 3372 3389 3373 3376 3360 3389 3373 3390 3374 3376 3360 3390 3374 3391 3375 3376 3360 3391 3375 3392 3376 3376 3360 3392 3376 3393 3377 3376 3360 3393 3377 3394 3378 3376 3360 3394 3378 3395 3379 3376 3360 3395 3379 3396 3380 3376 3360 3396 3380 3397 3381 3376 3360 3397 3381 3398 3382 3376 3360 3398 3382 3399 3383 3376 3360 3399 3383 3400 3384 3376 3360 3400 3384 3401 3385 3376 3360 3401 3385 3402 3386 3376 3360 3402 3386 3403 3387 3376 3360 3403 3387 3404 3388 3376 3360 3404 3388 3405 3389 3376 3360 3405 3389 3406 3390 3376 3360 3406 3390 3407 3391 3408 3392 3409 3393 3410 3394 3408 3392 3410 3394 3411 3395 3408 3392 3411 3395 3412 3396 3408 3392 3412 3396 3413 3397 3408 3392 3413 3397 3414 3398 3408 3392 3414 3398 3415 3399 3408 3392 3415 3399 3416 3400 3408 3392 3416 3400 3417 3401 3408 3392 3417 3401 3418 3402 3408 3392 3418 3402 3419 3403 3408 3392 3419 3403 3420 3404 3408 3392 3420 3404 3421 3405 3408 3392 3421 3405 3422 3406 3408 3392 3422 3406 3423 3407 3408 3392 3423 3407 3424 3408 3408 3392 3424 3408 3425 3409 3408 3392 3425 3409 3426 3410 3408 3392 3426 3410 3427 3411 3408 3392 3427 3411 3428 3412 3408 3392 3428 3412 3429 3413 3408 3392 3429 3413 3430 3414 3408 3392 3430 3414 3431 3415 3408 3392 3431 3415 3432 3416 3408 3392 3432 3416 3433 3417 3408 3392 3433 3417 3434 3418 3408 3392 3434 3418 3435 3419 3408 3392 3435 3419 3436 3420 3408 3392 3436 3420 3437 3421 3408 3392 3437 3421 3438 3422 3408 3392 3438 3422 3439 3423 3440 3424 3441 3425 3442 3426 3440 3424 3442 3426 3443 3427 3440 3424 3443 3427 3444 3428 3440 3424 3444 3428 3445 3429 3440 3424 3445 3429 3446 3430 3440 3424 3446 3430 3447 3431 3440 3424 3447 3431 3448 3432 3440 3424 3448 3432 3449 3433 3440 3424 3449 3433 3450 3434 3440 3424 3450 3434 3451 3435 3440 3424 3451 3435 3452 3436 3440 3424 3452 3436 3453 3437 3440 3424 3453 3437 3454 3438 3440 3424 3454 3438 3455 3439 3440 3424 3455 3439 3456 3440 3440 3424 3456 3440 3457 3441 3440 3424 3457 3441 3458 3442 3440 3424 3458 3442 3459 3443 3440 3424 3459 3443 3460 3444 3440 3424 3460 3444 3461 3445 3440 3424 3461 3445 3462 3446 3440 3424 3462 3446 3463 3447 3440 3424 3463 3447 3464 3448 3440 3424 3464 3448 3465 3449 3440 3424 3465 3449 3466 3450 3440 3424 3466 3450 3467 3451 3440 3424 3467 3451 3468 3452 3440 3424 3468 3452 3469 3453 3440 3424 3469 3453 3470 3454 3440 3424 3470 3454 3471 3455 3472 3456 3473 3457 3474 3458 3472 3456 3474 3458 3475 3459 3472 3456 3475 3459 3476 3460 3472 3456 3476 3460 3477 3461 3472 3456 3477 3461 3478 3462 3472 3456 3478 3462 3479 3463 3472 3456 3479 3463 3480 3464 3472 3456 3480 3464 3481 3465 3472 3456 3481 3465 3482 3466 3472 3456 3482 3466 3483 3467 3472 3456 3483 3467 3484 3468 3472 3456 3484 3468 3485 3469 3472 3456 3485 3469 3486 3470 3472 3456 3486 3470 3487 3471 3472 3456 3487 3471 3488 3472 3472 3456 3488 3472 3489 3473 3472 3456 3489 3473 3490 3474 3472 3456 3490 3474 3491 3475 3472 3456 3491 3475 3492 3476 3472 3456 3492 3476 3493 3477 3472 3456 3493 3477 3494 3478 3472 3456 3494 3478 3495 3479 3472 3456 3495 3479 3496 3480 3472 3456 3496 3480 3497 3481 3472 3456 3497 3481 3498 1885 3472 3456 3498 1885 3499 3482 3472 3456 3499 3482 3500 3483 3472 3456 3500 3483 3501 3484 3472 3456 3501 3484 3502 3485 3472 3456 3502 3485 3503 3486 3024 6496 3026 6498 3025 6497 3024 6496 3027 6499 3026 6498 3024 6496 3028 6500 3027 6499 3024 6496 3029 6501 3028 6500 3024 6496 3030 6502 3029 6501 3024 6496 3031 6503 3030 6502 3024 6496 3032 6504 3031 6503 3024 6496 3033 6505 3032 6504 3024 6496 3034 6506 3033 6505 3024 6496 3035 6507 3034 6506 3024 6496 3036 6508 3035 6507 3024 6496 3037 6509 3036 6508 3024 6496 3038 6510 3037 6509 3024 6496 3039 6511 3038 6510 3024 6496 3040 6512 3039 6511 3024 6496 3041 6513 3040 6512 3024 6496 3042 6514 3041 6513 3024 6496 3043 6515 3042 6514 3024 6496 3044 6516 3043 6515 3024 6496 3045 6517 3044 6516 3024 6496 3046 6518 3045 6517 3024 6496 3047 6519 3046 6518 3024 6496 3048 6520 3047 6519 3024 6496 3049 6521 3048 6520 3024 6496 3050 6522 3049 6521 3024 6496 3051 6523 3050 6522 3024 6496 3052 6524 3051 6523 3024 6496 3053 6525 3052 6524 3024 6496 3054 6526 3053 6525 3024 6496 3055 6527 3054 6526 3056 6528 3058 6530 3057 6529 3056 6528 3059 6531 3058 6530 3056 6528 3060 6532 3059 6531 3056 6528 3061 6533 3060 6532 3056 6528 3062 6534 3061 6533 3056 6528 3063 6535 3062 6534 3056 6528 3064 6536 3063 6535 3056 6528 3065 6537 3064 6536 3056 6528 3066 6538 3065 6537 3056 6528 3067 6539 3066 6538 3056 6528 3068 6540 3067 6539 3056 6528 3069 6541 3068 6540 3056 6528 3070 6542 3069 6541 3056 6528 3071 6543 3070 6542 3056 6528 3072 6544 3071 6543 3056 6528 3073 6545 3072 6544 3056 6528 3074 6546 3073 6545 3056 6528 3075 6547 3074 6546 3056 6528 3076 6548 3075 6547 3056 6528 3077 6549 3076 6548 3056 6528 3078 6550 3077 6549 3056 6528 3079 6551 3078 6550 3056 6528 3080 6552 3079 6551 3056 6528 3081 6553 3080 6552 3056 6528 3082 6554 3081 6553 3056 6528 3083 6555 3082 6554 3056 6528 3084 6556 3083 6555 3056 6528 3085 6557 3084 6556 3056 6528 3086 6558 3085 6557 3056 6528 3087 6559 3086 6558 3088 6560 3090 6562 3089 6561 3088 6560 3091 6563 3090 6562 3088 6560 3092 6564 3091 6563 3088 6560 3093 6565 3092 6564 3088 6560 3094 6566 3093 6565 3088 6560 3095 6567 3094 6566 3088 6560 3096 6568 3095 6567 3088 6560 3097 6569 3096 6568 3088 6560 3098 6570 3097 6569 3088 6560 3099 6571 3098 6570 3088 6560 3100 6572 3099 6571 3088 6560 3101 6573 3100 6572 3088 6560 3102 6574 3101 6573 3088 6560 3103 6575 3102 6574 3088 6560 3104 6576 3103 6575 3088 6560 3105 6577 3104 6576 3088 6560 3106 6578 3105 6577 3088 6560 3107 6579 3106 6578 3088 6560 3108 6580 3107 6579 3088 6560 3109 6581 3108 6580 3088 6560 3110 6582 3109 6581 3088 6560 3111 6583 3110 6582 3088 6560 3112 6584 3111 6583 3088 6560 3113 6585 3112 6584 3088 6560 3114 6586 3113 6585 3088 6560 3115 6587 3114 6586 3088 6560 3116 6588 3115 6587 3088 6560 3117 6589 3116 6588 3088 6560 3118 6590 3117 6589 3088 6560 3119 6591 3118 6590 3120 6592 3122 6594 3121 6593 3120 6592 3123 6595 3122 6594 3120 6592 3124 6596 3123 6595 3120 6592 3125 6597 3124 6596 3120 6592 3126 6598 3125 6597 3120 6592 3127 6599 3126 6598 3120 6592 3128 6600 3127 6599 3120 6592 3129 6601 3128 6600 3120 6592 3130 6602 3129 6601 3120 6592 3131 6603 3130 6602 3120 6592 3132 6604 3131 6603 3120 6592 3133 6605 3132 6604 3120 6592 3134 6606 3133 6605 3120 6592 3135 6607 3134 6606 3120 6592 3136 6608 3135 6607 3120 6592 3137 6609 3136 6608 3120 6592 3138 6610 3137 6609 3120 6592 3139 6611 3138 6610 3120 6592 3140 6612 3139 6611 3120 6592 3141 6613 3140 6612 3120 6592 3142 6614 3141 6613 3120 6592 3143 6615 3142 6614 3120 6592 3144 6616 3143 6615 3120 6592 3145 6617 3144 6616 3120 6592 3146 6618 3145 6617 3120 6592 3147 6619 3146 6618 3120 6592 3148 6620 3147 6619 3120 6592 3149 6621 3148 6620 3120 6592 3150 6622 3149 6621 3120 6592 3151 6623 3150 6622 3152 6624 3154 6626 3153 6625 3152 6624 3155 6627 3154 6626 3152 6624 3156 6628 3155 6627 3152 6624 3157 6629 3156 6628 3152 6624 3158 6630 3157 6629 3152 6624 3159 6631 3158 6630 3152 6624 3160 6632 3159 6631 3152 6624 3161 6633 3160 6632 3152 6624 3162 6634 3161 6633 3152 6624 3163 6635 3162 6634 3152 6624 3164 6636 3163 6635 3152 6624 3165 6637 3164 6636 3152 6624 3166 6638 3165 6637 3152 6624 3167 6639 3166 6638 3152 6624 3168 6640 3167 6639 3152 6624 3169 6641 3168 6640 3152 6624 3170 6642 3169 6641 3152 6624 3171 6643 3170 6642 3152 6624 3172 6644 3171 6643 3152 6624 3173 6645 3172 6644 3152 6624 3174 6646 3173 6645 3152 6624 3175 6647 3174 6646 3152 6624 3176 6648 3175 6647 3152 6624 3177 6649 3176 6648 3152 6624 3178 6650 3177 6649 3152 6624 3179 6651 3178 6650 3152 6624 3180 6652 3179 6651 3152 6624 3181 6653 3180 6652 3152 6624 3182 6654 3181 6653 3152 6624 3183 6655 3182 6654 3184 6656 3186 6658 3185 6657 3184 6656 3187 6659 3186 6658 3184 6656 3188 6660 3187 6659 3184 6656 3189 6661 3188 6660 3184 6656 3190 6662 3189 6661 3184 6656 3191 6663 3190 6662 3184 6656 3192 6664 3191 6663 3184 6656 3193 6665 3192 6664 3184 6656 3194 6666 3193 6665 3184 6656 3195 6667 3194 6666 3184 6656 3196 6668 3195 6667 3184 6656 3197 6669 3196 6668 3184 6656 3198 6670 3197 6669 3184 6656 3199 6671 3198 6670 3184 6656 3200 6672 3199 6671 3184 6656 3201 6673 3200 6672 3184 6656 3202 6674 3201 6673 3184 6656 3203 6675 3202 6674 3184 6656 3204 6676 3203 6675 3184 6656 3205 6677 3204 6676 3184 6656 3206 6678 3205 6677 3184 6656 3207 6679 3206 6678 3184 6656 3208 6680 3207 6679 3184 6656 3209 6681 3208 6680 3184 6656 3210 6682 3209 6681 3184 6656 3211 6683 3210 6682 3184 6656 3212 6684 3211 6683 3184 6656 3213 6685 3212 6684 3184 6656 3214 6686 3213 6685 3184 6656 3215 6687 3214 6686 3216 6688 3218 6690 3217 6689 3216 6688 3219 6691 3218 6690 3216 6688 3220 6692 3219 6691 3216 6688 3221 6693 3220 6692 3216 6688 3222 6694 3221 6693 3216 6688 3223 6695 3222 6694 3216 6688 3224 6696 3223 6695 3216 6688 3225 6697 3224 6696 3216 6688 3226 6698 3225 6697 3216 6688 3227 6699 3226 6698 3216 6688 3228 6700 3227 6699 3216 6688 3229 6701 3228 6700 3216 6688 3230 6702 3229 6701 3216 6688 3231 6703 3230 6702 3216 6688 3232 6704 3231 6703 3216 6688 3233 6705 3232 6704 3216 6688 3234 6706 3233 6705 3216 6688 3235 6707 3234 6706 3216 6688 3236 6708 3235 6707 3216 6688 3237 6709 3236 6708 3216 6688 3238 6710 3237 6709 3216 6688 3239 4881 3238 6710 3216 6688 3240 6711 3239 4881 3216 6688 3241 6712 3240 6711 3216 6688 3242 6713 3241 6712 3216 6688 3243 6714 3242 6713 3216 6688 3244 6715 3243 6714 3216 6688 3245 6716 3244 6715 3216 6688 3246 6717 3245 6716 3216 6688 3247 6718 3246 6717 3248 6719 3250 6721 3249 6720 3248 6719 3251 6722 3250 6721 3248 6719 3252 6723 3251 6722 3248 6719 3253 6724 3252 6723 3248 6719 3254 6725 3253 6724 3248 6719 3255 6726 3254 6725 3248 6719 3256 6727 3255 6726 3248 6719 3257 6728 3256 6727 3248 6719 3258 6729 3257 6728 3248 6719 3259 6730 3258 6729 3248 6719 3260 6731 3259 6730 3248 6719 3261 6732 3260 6731 3248 6719 3262 6733 3261 6732 3248 6719 3263 6734 3262 6733 3248 6719 3264 6735 3263 6734 3248 6719 3265 6736 3264 6735 3248 6719 3266 6737 3265 6736 3248 6719 3267 6738 3266 6737 3248 6719 3268 6739 3267 6738 3248 6719 3269 6740 3268 6739 3248 6719 3270 6741 3269 6740 3248 6719 3271 6742 3270 6741 3248 6719 3272 6743 3271 6742 3248 6719 3273 6744 3272 6743 3248 6719 3274 6745 3273 6744 3248 6719 3275 6746 3274 6745 3248 6719 3276 6747 3275 6746 3248 6719 3277 6748 3276 6747 3248 6719 3278 6749 3277 6748 3248 6719 3279 6750 3278 6749 3280 6751 3282 6753 3281 6752 3280 6751 3283 6754 3282 6753 3280 6751 3284 6755 3283 6754 3280 6751 3285 6756 3284 6755 3280 6751 3286 6757 3285 6756 3280 6751 3287 6758 3286 6757 3280 6751 3288 6759 3287 6758 3280 6751 3289 6760 3288 6759 3280 6751 3290 6761 3289 6760 3280 6751 3291 6762 3290 6761 3280 6751 3292 6763 3291 6762 3280 6751 3293 6764 3292 6763 3280 6751 3294 6765 3293 6764 3280 6751 3295 6766 3294 6765 3280 6751 3296 6767 3295 6766 3280 6751 3297 6768 3296 6767 3280 6751 3298 6769 3297 6768 3280 6751 3299 6770 3298 6769 3280 6751 3300 6771 3299 6770 3280 6751 3301 6772 3300 6771 3280 6751 3302 6773 3301 6772 3280 6751 3303 6774 3302 6773 3280 6751 3304 6775 3303 6774 3280 6751 3305 6776 3304 6775 3280 6751 3306 6777 3305 6776 3280 6751 3307 6778 3306 6777 3280 6751 3308 6779 3307 6778 3280 6751 3309 6780 3308 6779 3280 6751 3310 6781 3309 6780 3280 6751 3311 6782 3310 6781 3312 6783 3314 6785 3313 6784 3312 6783 3315 6786 3314 6785 3312 6783 3316 6787 3315 6786 3312 6783 3317 6788 3316 6787 3312 6783 3318 6789 3317 6788 3312 6783 3319 6790 3318 6789 3312 6783 3320 6791 3319 6790 3312 6783 3321 6792 3320 6791 3312 6783 3322 6793 3321 6792 3312 6783 3323 6794 3322 6793 3312 6783 3324 6795 3323 6794 3312 6783 3325 6796 3324 6795 3312 6783 3326 6797 3325 6796 3312 6783 3327 6798 3326 6797 3312 6783 3328 6799 3327 6798 3312 6783 3329 6800 3328 6799 3312 6783 3330 6801 3329 6800 3312 6783 3331 6802 3330 6801 3312 6783 3332 6803 3331 6802 3312 6783 3333 6804 3332 6803 3312 6783 3334 6805 3333 6804 3312 6783 3335 6806 3334 6805 3312 6783 3336 6807 3335 6806 3312 6783 3337 6808 3336 6807 3312 6783 3338 6809 3337 6808 3312 6783 3339 6810 3338 6809 3312 6783 3340 6811 3339 6810 3312 6783 3341 6812 3340 6811 3312 6783 3342 6813 3341 6812 3312 6783 3343 6814 3342 6813 3344 6815 3346 6817 3345 6816 3344 6815 3347 6818 3346 6817 3344 6815 3348 6819 3347 6818 3344 6815 3349 6820 3348 6819 3344 6815 3350 6821 3349 6820 3344 6815 3351 6822 3350 6821 3344 6815 3352 6823 3351 6822 3344 6815 3353 6824 3352 6823 3344 6815 3354 6825 3353 6824 3344 6815 3355 6826 3354 6825 3344 6815 3356 6827 3355 6826 3344 6815 3357 6828 3356 6827 3344 6815 3358 6829 3357 6828 3344 6815 3359 6830 3358 6829 3344 6815 3360 6831 3359 6830 3344 6815 3361 6832 3360 6831 3344 6815 3362 6833 3361 6832 3344 6815 3363 6834 3362 6833 3344 6815 3364 6835 3363 6834 3344 6815 3365 6836 3364 6835 3344 6815 3366 6837 3365 6836 3344 6815 3367 6838 3366 6837 3344 6815 3368 6839 3367 6838 3344 6815 3369 6840 3368 6839 3344 6815 3370 6841 3369 6840 3344 6815 3371 6842 3370 6841 3344 6815 3372 6843 3371 6842 3344 6815 3373 6844 3372 6843 3344 6815 3374 6845 3373 6844 3344 6815 3375 6846 3374 6845 3376 6847 3378 6849 3377 6848 3376 6847 3379 6850 3378 6849 3376 6847 3380 6851 3379 6850 3376 6847 3381 6852 3380 6851 3376 6847 3382 6853 3381 6852 3376 6847 3383 6854 3382 6853 3376 6847 3384 6855 3383 6854 3376 6847 3385 6856 3384 6855 3376 6847 3386 6857 3385 6856 3376 6847 3387 6858 3386 6857 3376 6847 3388 6859 3387 6858 3376 6847 3389 6860 3388 6859 3376 6847 3390 6861 3389 6860 3376 6847 3391 6862 3390 6861 3376 6847 3392 6863 3391 6862 3376 6847 3393 6864 3392 6863 3376 6847 3394 6865 3393 6864 3376 6847 3395 6866 3394 6865 3376 6847 3396 6867 3395 6866 3376 6847 3397 6868 3396 6867 3376 6847 3398 6869 3397 6868 3376 6847 3399 6870 3398 6869 3376 6847 3400 6871 3399 6870 3376 6847 3401 6872 3400 6871 3376 6847 3402 6873 3401 6872 3376 6847 3403 6874 3402 6873 3376 6847 3404 6875 3403 6874 3376 6847 3405 6876 3404 6875 3376 6847 3406 6877 3405 6876 3376 6847 3407 6878 3406 6877 3408 6879 3410 6881 3409 6880 3408 6879 3411 6882 3410 6881 3408 6879 3412 6883 3411 6882 3408 6879 3413 6884 3412 6883 3408 6879 3414 6885 3413 6884 3408 6879 3415 6886 3414 6885 3408 6879 3416 6887 3415 6886 3408 6879 3417 6888 3416 6887 3408 6879 3418 6889 3417 6888 3408 6879 3419 6890 3418 6889 3408 6879 3420 6891 3419 6890 3408 6879 3421 6892 3420 6891 3408 6879 3422 6893 3421 6892 3408 6879 3423 6894 3422 6893 3408 6879 3424 6895 3423 6894 3408 6879 3425 6896 3424 6895 3408 6879 3426 6897 3425 6896 3408 6879 3427 6898 3426 6897 3408 6879 3428 6899 3427 6898 3408 6879 3429 6900 3428 6899 3408 6879 3430 6901 3429 6900 3408 6879 3431 6902 3430 6901 3408 6879 3432 6903 3431 6902 3408 6879 3433 6904 3432 6903 3408 6879 3434 6905 3433 6904 3408 6879 3435 6906 3434 6905 3408 6879 3436 6907 3435 6906 3408 6879 3437 6908 3436 6907 3408 6879 3438 6909 3437 6908 3408 6879 3439 6910 3438 6909 3440 6911 3442 6913 3441 6912 3440 6911 3443 6914 3442 6913 3440 6911 3444 6915 3443 6914 3440 6911 3445 6916 3444 6915 3440 6911 3446 6917 3445 6916 3440 6911 3447 6918 3446 6917 3440 6911 3448 6919 3447 6918 3440 6911 3449 6920 3448 6919 3440 6911 3450 6921 3449 6920 3440 6911 3451 6922 3450 6921 3440 6911 3452 6923 3451 6922 3440 6911 3453 6924 3452 6923 3440 6911 3454 6925 3453 6924 3440 6911 3455 6926 3454 6925 3440 6911 3456 6927 3455 6926 3440 6911 3457 6928 3456 6927 3440 6911 3458 6929 3457 6928 3440 6911 3459 6930 3458 6929 3440 6911 3460 6931 3459 6930 3440 6911 3461 6932 3460 6931 3440 6911 3462 6933 3461 6932 3440 6911 3463 6934 3462 6933 3440 6911 3464 6935 3463 6934 3440 6911 3465 6936 3464 6935 3440 6911 3466 6937 3465 6936 3440 6911 3467 6938 3466 6937 3440 6911 3468 6939 3467 6938 3440 6911 3469 6940 3468 6939 3440 6911 3470 6941 3469 6940 3440 6911 3471 6942 3470 6941 3472 6943 3474 6945 3473 6944 3472 6943 3475 6946 3474 6945 3472 6943 3476 6947 3475 6946 3472 6943 3477 6948 3476 6947 3472 6943 3478 6949 3477 6948 3472 6943 3479 6950 3478 6949 3472 6943 3480 6951 3479 6950 3472 6943 3481 6952 3480 6951 3472 6943 3482 6953 3481 6952 3472 6943 3483 6954 3482 6953 3472 6943 3484 6955 3483 6954 3472 6943 3485 6956 3484 6955 3472 6943 3486 6957 3485 6956 3472 6943 3487 6958 3486 6957 3472 6943 3488 6959 3487 6958 3472 6943 3489 6960 3488 6959 3472 6943 3490 6961 3489 6960 3472 6943 3491 6962 3490 6961 3472 6943 3492 6963 3491 6962 3472 6943 3493 6964 3492 6963 3472 6943 3494 6965 3493 6964 3472 6943 3495 6966 3494 6965 3472 6943 3496 6967 3495 6966 3472 6943 3497 6968 3496 6967 3472 6943 3498 5372 3497 6968 3472 6943 3499 6969 3498 5372 3472 6943 3500 6970 3499 6969 3472 6943 3501 6971 3500 6970 3472 6943 3502 6972 3501 6971 3472 6943 3503 6973 3502 6972</p></triangles>
      </mesh>
    </geometry>
  </library_geometries>
  <library_visual_scenes><visual_scene id="scene" name="scene">
    <node id="ROW_20_SEG2_foliage" name="ROW_20_SEG2_foliage" type="NODE"><instance_geometry url="#ROW_20_SEG2_foliage-mesh"><bind_material><technique_common>
      <instance_material symbol="MAT_COTTON_LEAF_0-mat" target="#MAT_COTTON_LEAF_0"/>
      <instance_material symbol="MAT_COTTON_COTYL-mat" target="#MAT_COTTON_COTYL"/>
      <instance_material symbol="MAT_COTTON_LEAF_3-mat" target="#MAT_COTTON_LEAF_3"/>
      <instance_material symbol="MAT_COTTON_LEAF_2-mat" target="#MAT_COTTON_LEAF_2"/>
      <instance_material symbol="MAT_COTTON_LEAF_5-mat" target="#MAT_COTTON_LEAF_5"/>
      <instance_material symbol="MAT_COTTON_LEAF_4-mat" target="#MAT_COTTON_LEAF_4"/>
      <instance_material symbol="MAT_COTTON_LEAF_1-mat" target="#MAT_COTTON_LEAF_1"/>
    </technique_common></bind_material></instance_geometry></node>
  </visual_scene></library_visual_scenes>
  <scene><instance_visual_scene url="#scene"/></scene>
<!-- vigil:double-sided -->
</COLLADA>
