<?xml version="1.0" encoding="utf-8"?>
<COLLADA xmlns="http://www.collada.org/2005/11/COLLADASchema" version="1.4.1">
  <asset>
    <contributor><authoring_tool>VIGIL SIH26126 farm generator</authoring_tool></contributor>
    <unit name="meter" meter="1"/>
    <up_axis>Z_UP</up_axis>
  </asset>
  <library_effects>
    <effect id="MAT_COTTON_STEM-fx"><profile_COMMON><technique sid="c"><lambert><diffuse><color>0.0620 0.0820 0.0240 1</color></diffuse></lambert></technique></profile_COMMON></effect>
  </library_effects>
  <library_materials>
    <material id="MAT_COTTON_STEM" name="MAT_COTTON_STEM"><instance_effect url="#MAT_COTTON_STEM-fx"/></material>
  </library_materials>
  <library_geometries>
    <geometry id="ROW_15_SEG1_solid-mesh" name="ROW_15_SEG1_solid">
      <mesh>
        <source id="ROW_15_SEG1_solid-pos"><float_array id="ROW_15_SEG1_solid-pos-a" count="5712">-2.1284 -0.00699 0.02589 -2.1231 -0.0065718 0.02631 -2.1259 -0.0036488 0.056404 -2.1307 -0.004034 0.055904 -2.1207 -0.0017109 0.026111 -2.1238 0.00071049 0.056231 -2.1237 0.0027328 0.025492 -2.1265 0.0046844 0.055558 -2.1291 0.0023146 0.025072 -2.1313 0.0042992 0.055058 -2.1314 -0.0025468 0.025271 -2.1334 -6.0081e-05 0.055231 -2.1304 -4.673e-05 0.086327 -2.1346 -0.00039959 0.085755 -2.1285 0.0038109 0.086189 -2.1309 0.0073161 0.085479 -2.1351 0.0069633 0.084908 -2.137 0.0031056 0.085046 -2.1351 0.0035272 0.11602 -2.1388 0.0032277 0.11558 -2.1334 0.0068836 0.11592 -2.1355 0.0099416 0.11538 -2.1392 0.0096421 0.11495 -2.1408 0.0062857 0.11505 -2.1384 0.0062184 0.14576 -2.1415 0.0059776 0.14557 -2.137 0.0090737 0.14569 -2.1388 0.011688 0.14544 -2.1419 0.011446 0.14524 -2.1433 0.0085917 0.14531 -2.1396 0.0077214 0.17581 -2.1422 0.0075269 0.17578 -2.1385 0.010075 0.17577 -2.1399 0.012233 0.1757 -2.1425 0.012039 0.17567 -2.1437 0.009686 0.17571 -2.1398 0.0085301 0.2061 -2.1419 0.0083776 0.20611 -2.1389 0.01038 0.20608 -2.1401 0.012078 0.20607 -2.1421 0.011926 0.20608 -2.143 0.010075 0.2061 -2.1261 -0.0021286 0.025691 -2.141 0.010228 0.20609 -2.1297 -0.00018311 0.060208 -2.1286 0.00022268 0.059167 -2.1169 -0.0021791 0.0708 -2.1179 -0.0025311 0.071703 -2.1287 0.0017104 0.059622 -2.117 -0.00088978 0.071194 -2.1298 0.0013046 0.060663 -2.118 -0.0012417 0.072097 -2.1074 -0.0041313 0.080337 -2.1082 -0.0044289 0.0811 -2.1075 -0.0030403 0.08067 -2.1083 -0.0033379 0.081433 -2.1336 0.0022078 0.087365 -2.1317 0.0033531 0.087866 -2.1473 0.020289 0.11001 -2.149 0.019297 0.10958 -2.1322 0.0049586 0.086259 -2.1478 0.021681 0.10862 -2.1341 0.0038137 0.085758 -2.1495 0.020688 0.10819 -2.1601 0.034152 0.12811 -2.1616 0.033312 0.12774 -2.1605 0.035329 0.12693 -2.162 0.034489 0.12656 -2.1375 0.0049615 0.11256 -2.1351 0.0057783 0.11355 -2.1394 -0.011345 0.13789 -2.1415 -0.012053 0.13704 -2.1363 0.007833 0.11482 -2.1405 -0.0095644 0.13899 -2.1387 0.0070157 0.11383 -2.1425 -0.010273 0.13813 -2.143 -0.02534 0.15781 -2.1447 -0.025939 0.15709 -2.1439 -0.023833 0.15874 -2.1456 -0.024432 0.15801 -2.1404 0.0072374 0.14172 -2.1383 0.0074573 0.14041 -2.1249 0.019367 0.1643 -2.1267 0.019176 0.16543 -2.139 0.0097089 0.13968 -2.1255 0.021318 0.16367 -2.141 0.0094886 0.14099 -2.1273 0.021128 0.1648 -2.114 0.029136 0.18385 -2.1155 0.028975 0.18481 -2.1145 0.030787 0.18332 -2.1161 0.030626 0.18428 -2.1413 0.0086303 0.16738 -2.1404 0.008975 0.16878 -2.1595 0.01185 0.17938 -2.1603 0.011551 0.17816 -2.1404 0.010586 0.16838 -2.1595 0.013246 0.17903 -2.1412 0.010241 0.16697 -2.1602 0.012947 0.17781 -2.1752 0.014217 0.18803 -2.1758 0.013965 0.187 -2.1752 0.015399 0.18773 -2.1758 0.015146 0.1867 -2.1413 0.0094671 0.19489 -2.1405 0.010082 0.19465 -2.1326 0.0028234 0.20358 -2.1333 0.0022902 0.20378 -2.1407 0.010738 0.19544 -2.1329 0.0033917 0.20426 -2.1416 0.010123 0.19567 -2.1336 0.0028586 0.20447 -2.1262 -0.0031152 0.2109 -2.1268 -0.0035663 0.21107 -2.1264 -0.002634 0.21148 -2.127 -0.0030856 0.21165 -1.8294 -0.010318 0.023961 -1.8308 -0.0049453 0.023807 -1.8335 -0.0050192 0.056051 -1.8322 -0.0098348 0.056296 -1.8362 -0.0035334 0.023386 -1.8383 -0.0037518 0.055693 -1.8401 -0.0074935 0.023118 -1.8418 -0.0072999 0.055582 -1.8386 -0.012866 0.023271 -1.8405 -0.012115 0.055827 -1.8333 -0.014278 0.023692 -1.8357 -0.013382 0.056184 -1.8355 -0.0035939 0.088145 -1.8344 -0.0078435 0.088551 -1.8398 -0.00247 0.087881 -1.8429 -0.0055957 0.088024 -1.8418 -0.0098453 0.088431 -1.8375 -0.010969 0.088694 -1.8367 -0.00062275 0.12032 -1.8357 -0.0043111 0.12075 -1.8404 0.0003581 0.12016 -1.8431 -0.0023499 0.12043 -1.8421 -0.0060387 0.12085 -1.8384 -0.007019 0.12101 -1.8372 0.0023479 0.15271 -1.8364 -0.00079727 0.15296 -1.8404 0.0031848 0.15264 -1.8427 0.00087595 0.15282 -1.8419 -0.0022688 0.15308 -1.8387 -0.0031056 0.15314 -1.8376 0.0035086 0.18524 -1.8369 0.00090933 0.18527 -1.8402 0.0041995 0.18524 -1.8421 0.0022917 0.18527 -1.8414 -0.00030708 0.1853 -1.8388 -0.0009985 0.1853 -1.8379 0.0024419 0.21777 -1.8374 0.00039864 0.21772 -1.84 0.002986 0.21779 -1.8415 0.0014868 0.21776 -1.8409 -0.00055647 0.2177 -1.8389 -0.0011005 0.21768 -1.8347 -0.0089059 0.023539 -1.8394 0.00094271 0.21774 -1.8362 -0.0086021 0.060219 -1.8373 -0.0076447 0.059505 -1.8306 0.0077572 0.071201 -1.8297 0.0069275 0.07182 -1.8383 -0.0080147 0.060717 -1.8315 0.0074368 0.072252 -1.8372 -0.0089722 0.061431 -1.8306 0.0066066 0.072871 -1.8252 0.020343 0.080795 -1.8244 0.01964 0.081319 -1.8259 0.020072 0.081684 -1.8251 0.019369 0.082208 -1.8375 -0.0061502 0.09799 -1.8389 -0.0041041 0.097417 -1.8582 -0.011539 0.12077 -1.857 -0.013312 0.12127 -1.8403 -0.0054927 0.095704 -1.8594 -0.012742 0.11929 -1.8388 -0.0075388 0.096277 -1.8581 -0.014515 0.11978 -1.874 -0.017663 0.13986 -1.8729 -0.019163 0.14028 -1.875 -0.018682 0.13861 -1.8739 -0.020182 0.13903 -1.8384 -0.0023699 0.13156 -1.8388 -0.0001812 0.13323 -1.8161 -0.0085473 0.15224 -1.8157 -0.010444 0.1508 -1.8406 -0.0016627 0.13481 -1.8176 -0.009831 0.15361 -1.8401 -0.0038514 0.13315 -1.8172 -0.011728 0.15217 -1.7976 -0.015437 0.16779 -1.7972 -0.017042 0.16657 -1.7988 -0.016523 0.16896 -1.7985 -0.018128 0.16774 -1.8384 0.00058603 0.17043 -1.8389 0.0020208 0.16913 -1.8489 0.012719 0.18639 -1.8485 0.011476 0.18751 -1.8406 0.0011005 0.16871 -1.8503 0.011921 0.18602 -1.8401 -0.00033379 0.17 -1.8499 0.010678 0.18715 -1.857 0.021443 0.20052 -1.8567 0.020391 0.20147 -1.8583 0.020769 0.20021 -1.8579 0.019717 0.20116 -1.8387 0.00098419 0.20609 -1.8394 0.0016522 0.20668 -1.8422 -0.0075369 0.21454 -1.8417 -0.0081158 0.21403 -1.8402 0.0013752 0.20601 -1.843 -0.0077767 0.21396 -1.8396 0.00070715 0.20542 -1.8424 -0.0083561 0.21345 -1.8446 -0.015067 0.22096 -1.8441 -0.015556 0.22053 -1.8452 -0.01527 0.22046 -1.8447 -0.015759 0.22003 -1.5207 0.022494 0.019369 -1.5219 0.017107 0.019255 -1.5212 0.016635 0.049192 -1.5202 0.021467 0.049172 -1.5178 0.013391 0.019161 -1.5176 0.013303 0.049114 -1.5126 0.015062 0.019181 -1.5128 0.014803 0.049015 -1.5114 0.02045 0.019295 -1.5118 0.019635 0.048994 -1.5155 0.024166 0.019389 -1.5154 0.022967 0.049073 -1.5194 0.017519 0.079174 -1.5185 0.021792 0.079027 -1.5162 0.01457 0.07912 -1.512 0.015895 0.078918 -1.5111 0.020168 0.07877 -1.5143 0.023117 0.078825 -1.5175 0.018693 0.10895 -1.5167 0.022411 0.10889 -1.5147 0.016128 0.10892 -1.5111 0.017281 0.10883 -1.5103 0.020998 0.10877 -1.5131 0.023563 0.1088 -1.5169 0.018736 0.13858 -1.5162 0.021896 0.1387 -1.5145 0.016555 0.13857 -1.5114 0.017532 0.13869 -1.5107 0.020691 0.13881 -1.5131 0.022873 0.13881 -1.518 0.017121 0.1682 -1.5175 0.019717 0.16843 -1.5161 0.015323 0.16821 -1.5135 0.016121 0.16845 -1.513 0.018717 0.16868 -1.515 0.020515 0.16866 -1.5202 0.014677 0.19791 -1.5198 0.016715 0.19813 -1.5187 0.013263 0.19793 -1.5167 0.013888 0.19816 -1.5162 0.015926 0.19837 -1.5178 0.01734 0.19835 -1.5166 0.018778 0.019275 -1.5182 0.015302 0.19814 -1.5171 0.018962 0.053546 -1.517 0.017859 0.052443 -1.5238 0.0063 0.06245 -1.524 0.0072565 0.063405 -1.5155 0.017506 0.053006 -1.5225 0.0059938 0.062938 -1.5157 0.01861 0.054109 -1.5227 0.0069504 0.063893 -1.5294 -0.0031481 0.070657 -1.5295 -0.0023389 0.071465 -1.5283 -0.003407 0.07107 -1.5285 -0.0025978 0.071878 -1.5164 0.019944 0.080686 -1.5159 0.017654 0.081054 -1.4971 0.026113 0.10553 -1.4975 0.028098 0.10521 -1.514 0.017823 0.07965 -1.4954 0.02626 0.10431 -1.5145 0.020113 0.079282 -1.4959 0.028244 0.10399 -1.4817 0.033064 0.12553 -1.482 0.034743 0.12526 -1.4803 0.033188 0.1245 -1.4807 0.034867 0.12423 -1.5151 0.020862 0.10592 -1.5151 0.018226 0.1067 -1.5329 0.025568 0.12975 -1.5329 0.027852 0.12907 -1.5128 0.01871 0.10821 -1.531 0.025987 0.13105 -1.5129 0.021346 0.10743 -1.531 0.028272 0.13038 -1.5475 0.031612 0.14861 -1.5475 0.033545 0.14804 -1.5459 0.031967 0.14972 -1.5459 0.033901 0.14914 -1.5149 0.020697 0.1349 -1.5152 0.01871 0.13342 -1.5098 0.00028849 0.15625 -1.5096 0.0020113 0.15753 -1.5127 0.018773 0.13294 -1.5077 0.0003438 0.15584 -1.5125 0.020761 0.13442 -1.5074 0.0020661 0.15712 -1.5054 -0.014758 0.17495 -1.5052 -0.0133 0.17603 -1.5035 -0.014711 0.17459 -1.5034 -0.013254 0.17568 -1.5159 0.019124 0.16019 -1.5159 0.018103 0.1615 -1.5086 0.035016 0.17404 -1.5086 0.035901 0.1729 -1.5143 0.017648 0.16122 -1.5073 0.034622 0.1738 -1.5142 0.018669 0.15991 -1.5072 0.035507 0.17266 -1.5027 0.048861 0.18428 -1.5027 0.04961 0.18332 -1.5015 0.048528 0.18408 -1.5015 0.049276 0.18311 -1.5178 0.016724 0.18716 -1.5174 0.015758 0.18689 -1.5276 0.0095744 0.1943 -1.5279 0.010412 0.19454 -1.5167 0.015763 0.18773 -1.527 0.0095792 0.19503 -1.5171 0.01673 0.18801 -1.5274 0.010417 0.19527 -1.5359 0.0045266 0.20038 -1.5362 0.0052352 0.20058 -1.5355 0.0045309 0.201 -1.5357 0.0052395 0.2012 -1.2258 0.0035176 0.019081 -1.2253 -0.0027218 0.01793 -1.2182 -0.008182 0.053228 -1.2187 -0.0025706 0.05415 -1.2196 -0.0052166 0.016436 -1.2131 -0.010428 0.051957 -1.2145 -0.0014729 0.016093 -1.2085 -0.0070634 0.05161 -1.215 0.0047665 0.017244 -1.209 -0.001452 0.052532 -1.2207 0.0072618 0.018738 -1.2141 0.00079441 0.053803 -1.2115 -0.012252 0.088525 -1.2119 -0.0072727 0.089227 -1.2069 -0.014261 0.087577 -1.2029 -0.01129 0.087331 -1.2033 -0.00631 0.088033 -1.2079 -0.0043015 0.088981 -1.2065 -0.016246 0.12376 -1.207 -0.011914 0.12436 -1.2026 -0.018017 0.12317 -1.199 -0.015455 0.12318 -1.1994 -0.011122 0.12377 -1.2034 -0.0093517 0.12436 -1.204 -0.020477 0.15919 -1.2044 -0.016786 0.15963 -1.2006 -0.022001 0.15893 -1.1976 -0.019834 0.1591 -1.198 -0.016143 0.15953 -1.2014 -0.014619 0.1598 -1.2036 -0.023612 0.19499 -1.2039 -0.020555 0.19515 -1.2007 -0.024877 0.19497 -1.1982 -0.023086 0.19511 -1.1986 -0.02003 0.19528 -1.2014 -0.018764 0.1953 -1.2041 -0.023767 0.23106 -1.2043 -0.02136 0.23109 -1.2019 -0.024764 0.23112 -1.1999 -0.023355 0.2312 -1.2001 -0.020948 0.23122 -1.2024 -0.01995 0.23117 -1.2201 0.0010223 0.017587 -1.2021 -0.022357 0.23114 -1.2136 -0.0050793 0.058723 -1.2136 -0.0061693 0.057226 -1.2077 -0.024434 0.071065 -1.2077 -0.023489 0.072363 -1.2118 -0.005805 0.056949 -1.2061 -0.024118 0.070825 -1.2118 -0.004715 0.058446 -1.2061 -0.023174 0.072123 -1.2028 -0.039361 0.082403 -1.2028 -0.038561 0.083501 -1.2015 -0.039093 0.0822 -1.2014 -0.038294 0.083298 -1.2098 -0.0080276 0.084236 -1.2088 -0.010187 0.085371 -1.2041 0.0047984 0.1103 -1.2049 0.0066695 0.10932 -1.2064 -0.009553 0.084535 -1.202 0.0053473 0.10958 -1.2074 -0.0073938 0.0834 -1.2028 0.0072184 0.10859 -1.2002 0.017092 0.13067 -1.2009 0.018676 0.12984 -1.1985 0.017557 0.13006 -1.1992 0.01914 0.12923 -1.2058 -0.011453 0.10929 -1.2044 -0.014109 0.11011 -1.2352 -0.024284 0.12978 -1.2364 -0.021983 0.12907 -1.2033 -0.012745 0.11269 -1.2342 -0.023102 0.13202 -1.2047 -0.010089 0.11188 -1.2354 -0.020801 0.13131 -1.2603 -0.032561 0.1459 -1.2613 -0.030613 0.1453 -1.2595 -0.031561 0.14779 -1.2605 -0.029613 0.14719 -1.2036 -0.014924 0.13929 -1.2031 -0.017514 0.13758 -1.1794 -0.028538 0.16234 -1.1799 -0.026293 0.16383 -1.2008 -0.016053 0.13601 -1.1774 -0.027272 0.16098 -1.2013 -0.013463 0.13772 -1.1779 -0.025027 0.16247 -1.16 -0.037509 0.18261 -1.1604 -0.035609 0.18386 -1.1583 -0.036437 0.18146 -1.1587 -0.034538 0.18271 -1.2022 -0.018223 0.16299 -1.2023 -0.020008 0.16497 -1.2129 0.00050163 0.18286 -1.2128 0.002048 0.18114 -1.1999 -0.01938 0.16575 -1.2108 0.0010462 0.18353 -1.1997 -0.017595 0.16377 -1.2107 0.0025926 0.18182 -1.2216 0.017312 0.19748 -1.2215 0.01862 0.19602 -1.2198 0.017772 0.19805 -1.2197 0.019081 0.1966 -1.2021 -0.021004 0.19178 -1.2018 -0.022038 0.19038 -1.2017 -0.037115 0.20198 -1.2019 -0.036219 0.2032 -1.2 -0.021865 0.19061 -1.2002 -0.036965 0.20218 -1.2003 -0.020831 0.19202 -1.2004 -0.036069 0.2034 -1.2015 -0.049437 0.21149 -1.2018 -0.048679 0.21252 -1.2003 -0.04931 0.21167 -1.2005 -0.048552 0.21269 -1.2025 -0.021852 0.21856 -1.2019 -0.022947 0.21856 -1.1938 -0.018612 0.23068 -1.1943 -0.017663 0.23068 -1.201 -0.022477 0.2178 -1.193 -0.018205 0.23002 -1.2016 -0.021381 0.2178 -1.1935 -0.017255 0.23002 -1.1872 -0.015047 0.24058 -1.1876 -0.014244 0.24059 -1.1865 -0.014702 0.24002 -1.187 -0.013899 0.24003 -1.2065 -0.011678 0.1173 -1.2046 -0.016219 0.11752 -1.2226 -0.021858 0.15094 -1.2241 -0.01839 0.15076 -1.2007 -0.014431 0.12008 -1.2197 -0.020492 0.15289 -1.2027 -0.0098891 0.11985 -1.2212 -0.017024 0.15271 -1.2407 -0.027554 0.18432 -1.2418 -0.025077 0.1842 -1.2386 -0.026578 0.18572 -1.2397 -0.024101 0.18559 -1.2402 -0.025827 0.18496 -0.90878 0.022538 0.017773 -0.91255 0.015983 0.016682 -0.91292 0.0094137 0.05759 -0.90954 0.015311 0.058441 -0.90868 0.0094528 0.015845 -0.90945 0.0035477 0.056919 -0.90104 0.0094776 0.016099 -0.9026 0.0035791 0.0571 -0.89727 0.016032 0.017189 -0.89922 0.0094767 0.057951 -0.90114 0.022563 0.018026 -0.90269 0.015343 0.058621 -0.91267 0.0044532 0.098415 -0.90968 0.0096893 0.099036 -0.9096 -0.00076056 0.098025 -0.90355 -0.00073767 0.098256 -0.90055 0.0044985 0.098876 -0.90362 0.0097117 0.099267 -0.91409 0.00080204 0.13892 -0.91149 0.0053616 0.13945 -0.91143 -0.0037522 0.13885 -0.90617 -0.003747 0.1393 -0.90358 0.00081253 0.13982 -0.90623 0.0053668 0.1399 -0.91803 -0.0013704 0.17931 -0.91582 0.0025167 0.17968 -0.91579 -0.0052485 0.17952 -0.91134 -0.00524 0.18009 -0.90914 -0.0013528 0.18046 -0.91138 0.0025253 0.18025 -0.9232 -0.0010252 0.21981 -0.92136 0.0021782 0.21988 -0.92138 -0.0042129 0.2202 -0.91771 -0.0041966 0.22067 -0.91587 -0.00099373 0.22075 -0.9177 0.0021939 0.22036 -0.92728 0.0029483 0.26041 -0.92582 0.0054579 0.26035 -0.92585 0.0004487 0.2608 -0.92297 0.00045872 0.26114 -0.92151 0.0029683 0.26108 -0.92293 0.0054679 0.26069 -0.90491 0.016007 0.016936 -0.92439 0.0029583 0.26074 -0.90683 0.0098128 0.064361 -0.90746 0.0086007 0.062695 -0.91587 -0.011875 0.079525 -0.91533 -0.010824 0.080968 -0.90546 0.0076861 0.062625 -0.91414 -0.012668 0.079464 -0.90483 0.0088983 0.06429 -0.91359 -0.011617 0.080907 -0.92272 -0.028624 0.093314 -0.92226 -0.027735 0.094535 -0.92125 -0.029294 0.093262 -0.92079 -0.028405 0.094484 -0.90762 0.006916 0.09373 -0.90832 0.0042682 0.09519 -0.8956 0.018148 0.12364 -0.89499 0.020443 0.12237 -0.90548 0.003129 0.094569 -0.89314 0.017161 0.1231 -0.90478 0.0057764 0.093109 -0.89253 0.019455 0.12184 -0.88515 0.029523 0.14689 -0.88463 0.031465 0.14582 -0.88306 0.028688 0.14644 -0.88255 0.030629 0.14537 -0.90864 0.0034647 0.12261 -0.90923 -1.0967e-05 0.12378 -0.94801 0.01356 0.14187 -0.9475 0.016572 0.14085 -0.90742 0.00079107 0.12682 -0.94644 0.014255 0.1445 -0.90683 0.0042667 0.12565 -0.94593 0.017267 0.14349 -0.97971 0.024715 0.15669 -0.97928 0.027264 0.15583 -0.97838 0.025303 0.15892 -0.97795 0.027852 0.15807 -0.9118 0.0016594 0.15681 -0.91297 -0.0013905 0.15501 -0.90019 -0.026033 0.18649 -0.89918 -0.02339 0.18805 -0.90957 -0.0017366 0.15353 -0.89724 -0.026333 0.1852 -0.9084 0.0013132 0.15534 -0.89623 -0.02369 0.18677 -0.88968 -0.046163 0.21224 -0.88883 -0.043926 0.21356 -0.88719 -0.046416 0.21116 -0.88633 -0.044179 0.21248 -0.91499 -9.2983e-05 0.18381 -0.91659 -0.001514 0.18606 -0.91413 0.027686 0.2043 -0.91275 0.028918 0.20235 -0.91384 -0.0025315 0.18727 -0.91175 0.026804 0.20535 -0.91225 -0.001111 0.18502 -0.91037 0.028036 0.2034 -0.91207 0.051582 0.21921 -0.9109 0.052624 0.21756 -0.91006 0.050836 0.2201 -0.90889 0.051877 0.21845 -0.91961 0.00013399 0.21635 -0.91993 -0.0012174 0.21482 -0.93154 -0.01475 0.22824 -0.93127 -0.013579 0.22956 -0.91815 -0.0022306 0.21533 -0.93 -0.015628 0.22868 -0.91784 -0.00087881 0.21685 -0.92973 -0.014457 0.23 -0.94102 -0.025818 0.23925 -0.94079 -0.024827 0.24036 -0.93972 -0.026561 0.23962 -0.93949 -0.02557 0.24073 -0.92317 0.0023813 0.2465 -0.92337 0.00090742 0.2466 -0.91366 0.0007534 0.2613 -0.91349 0.0020308 0.26122 -0.92212 0.00067854 0.24585 -0.91258 0.00055504 0.26066 -0.92192 0.0021524 0.24575 -0.91241 0.001833 0.26057 -0.9057 0.00064278 0.27332 -0.90555 0.0017238 0.27325 -0.90479 0.00047493 0.27278 -0.90464 0.0015559 0.2727 -0.91023 0.0045586 0.13154 -0.91155 -0.0012012 0.13217 -0.9362 0.009387 0.16742 -0.9352 0.013785 0.16695 -0.90679 -0.001894 0.13555 -0.93257 0.0088582 0.17001 -0.90547 0.0038657 0.13493 -0.93156 0.013257 0.16953 -0.96091 0.019929 0.20266 -0.96019 0.023071 0.20232 -0.95832 0.019552 0.2045 -0.9576 0.022694 0.20416 -0.95925 0.021311 0.20341 -0.58826 0.0074887 0.018766 -0.58545 0.012811 0.017489 -0.58821 0.021928 0.049551 -0.59072 0.017127 0.050597 -0.58878 0.017748 0.01594 -0.5912 0.026371 0.048225 -0.59491 0.017362 0.01567 -0.5967 0.026012 0.047945 -0.59773 0.01204 0.016947 -0.59921 0.021212 0.048992 -0.5944 0.007103 0.018495 -0.59622 0.016769 0.050317 -0.59139 0.02972 0.081665 -0.5936 0.025446 0.082487 -0.59405 0.033689 0.080653 -0.59892 0.033383 0.080462 -0.60113 0.029109 0.081284 -0.59847 0.02514 0.082296 -0.59316 0.036522 0.11376 -0.59508 0.032799 0.11446 -0.59548 0.040016 0.11309 -0.59972 0.039786 0.11312 -0.60164 0.036063 0.11383 -0.59932 0.032569 0.11449 -0.59283 0.042263 0.14606 -0.59445 0.039081 0.14659 -0.59481 0.045264 0.14571 -0.59841 0.045084 0.14589 -0.60003 0.041902 0.14642 -0.59806 0.038901 0.14677 -0.59141 0.046065 0.17876 -0.59275 0.043421 0.17903 -0.59304 0.048553 0.17865 -0.59601 0.048398 0.17881 -0.59735 0.045755 0.17907 -0.59572 0.043266 0.17918 -0.59073 0.046925 0.21184 -0.59179 0.044842 0.21195 -0.592 0.048885 0.21182 -0.59434 0.048761 0.21191 -0.5954 0.046678 0.21202 -0.59412 0.044718 0.21204 -0.59159 0.012425 0.017218 -0.59306 0.046802 0.21193 -0.59353 0.021936 0.05462 -0.59296 0.022779 0.05321 -0.58825 0.041139 0.065176 -0.58874 0.040408 0.066398 -0.5946 0.0234 0.052939 -0.58967 0.041677 0.064942 -0.59517 0.022557 0.054349 -0.59016 0.040946 0.066164 -0.58442 0.056159 0.074981 -0.58483 0.05554 0.076015 -0.58562 0.056614 0.074782 -0.58603 0.055995 0.075816 -0.59501 0.027055 0.077849 -0.59466 0.029342 0.0788 -0.60619 0.020292 0.10209 -0.60649 0.01831 0.10127 -0.59695 0.030048 0.078015 -0.60817 0.020904 0.10141 -0.5973 0.027761 0.077064 -0.60847 0.018922 0.10059 -0.61565 0.012867 0.12113 -0.6159 0.01119 0.12043 -0.61732 0.013385 0.12056 -0.61758 0.011708 0.11986 -0.5963 0.032582 0.10064 -0.59606 0.035497 0.10127 -0.56562 0.028347 0.11947 -0.56583 0.025821 0.11892 -0.59768 0.035051 0.10367 -0.56702 0.027961 0.12155 -0.59792 0.032136 0.10304 -0.56723 0.025434 0.121 -0.54073 0.022457 0.13438 -0.54091 0.020319 0.13392 -0.54192 0.02213 0.13614 -0.5421 0.019992 0.13567 -0.59616 0.037406 0.12799 -0.59524 0.039732 0.12633 -0.60868 0.061716 0.14827 -0.60948 0.059701 0.14971 -0.59788 0.039695 0.1249 -0.61097 0.061684 0.14703 -0.59881 0.03737 0.12657 -0.61177 0.059669 0.14847 -0.61972 0.079674 0.16622 -0.6204 0.07797 0.16744 -0.62165 0.079648 0.16517 -0.62233 0.077942 0.16639 -0.59551 0.041511 0.14959 -0.59445 0.042939 0.15134 -0.59639 0.021221 0.16862 -0.59732 0.019983 0.1671 -0.59677 0.043725 0.15204 -0.59841 0.021903 0.16923 -0.59784 0.042298 0.15029 -0.59933 0.020666 0.1677 -0.59802 0.0034442 0.18274 -0.5988 0.0023971 0.18145 -0.59973 0.0040212 0.18325 -0.60051 0.002974 0.18197 -0.59401 0.04463 0.17589 -0.59371 0.045582 0.17456 -0.5859 0.058242 0.18468 -0.58615 0.057417 0.18583 -0.59521 0.046348 0.17475 -0.5872 0.058906 0.18485 -0.59551 0.045396 0.17608 -0.58745 0.058081 0.186 -0.57953 0.068598 0.19298 -0.57974 0.0679 0.19396 -0.58063 0.06916 0.19312 -0.58084 0.068461 0.1941 -0.5931 0.045858 0.20042 -0.59301 0.047054 0.20037 -0.60179 0.048067 0.2115 -0.60187 0.047029 0.21154 -0.59397 0.047103 0.19967 -0.60262 0.048109 0.21089 -0.59406 0.045907 0.19972 -0.60271 0.047072 0.21094 -0.60899 0.048881 0.22059 -0.60906 0.048003 0.22063 -0.6097 0.048916 0.22008 -0.60976 0.048039 0.22012 -0.59558 0.032632 0.10799 -0.59482 0.037356 0.10801 -0.57699 0.033483 0.13875 -0.57758 0.029875 0.13873 -0.59889 0.037985 0.11035 -0.5801 0.033963 0.14053 -0.59966 0.03326 0.11033 -0.58069 0.030355 0.14052 -0.55912 0.029646 0.16946 -0.55954 0.02707 0.16945 -0.56135 0.02999 0.17074 -0.56176 0.027413 0.17073 -0.56044 0.02853 0.1701 -0.31702 -0.00071239 0.019152 -0.31362 0.0038853 0.019237 -0.31485 0.0038304 0.049803 -0.3179 -0.00029087 0.049602 -0.3159 0.0091319 0.019218 -0.3169 0.0085349 0.049792 -0.32158 0.0097814 0.019114 -0.32199 0.0091186 0.04958 -0.32499 0.0051837 0.019029 -0.32503 0.0049973 0.049379 -0.32271 -6.3419e-05 0.019049 -0.32299 0.00029278 0.04939 -0.31773 0.0029736 0.080355 -0.32042 -0.00066853 0.080045 -0.31954 0.0071359 0.08036 -0.32404 0.0076566 0.080055 -0.32673 0.004014 0.079746 -0.32492 -0.0001483 0.079741 -0.3208 0.0018787 0.11069 -0.32314 -0.0012903 0.11048 -0.32237 0.0054994 0.11071 -0.32629 0.0059505 0.11053 -0.32863 0.0027814 0.11033 -0.32706 -0.00083876 0.11031 -0.32217 0.001317 0.14092 -0.32417 -0.0013804 0.14092 -0.32351 0.004395 0.14096 -0.32685 0.0047755 0.141 -0.32884 0.0020785 0.14101 -0.32751 -0.00099945 0.14097 -0.32117 0.0015712 0.17123 -0.32281 -0.00065136 0.17136 -0.32227 0.0041065 0.17128 -0.32501 0.0044198 0.17146 -0.32665 0.0021977 0.17159 -0.32555 -0.00033808 0.17154 -0.31887 0.0021815 0.20167 -0.32015 0.00043488 0.20181 -0.31973 0.0041752 0.20171 -0.32189 0.0044217 0.2019 -0.32317 0.0026746 0.20204 -0.32231 0.00068092 0.20199 -0.3193 0.0045342 0.019133 -0.32102 0.0024281 0.20185 -0.31981 0.0032444 0.054116 -0.31949 0.004395 0.053026 -0.30837 0.012158 0.063725 -0.30865 0.011161 0.06467 -0.32072 0.0053253 0.053595 -0.30944 0.012964 0.064218 -0.32104 0.0041747 0.054684 -0.30972 0.011967 0.065163 -0.2993 0.018507 0.072499 -0.29953 0.017663 0.073299 -0.3002 0.019189 0.072916 -0.30044 0.018345 0.073716 -0.32167 0.0019264 0.081776 -0.32118 0.0042949 0.082224 -0.34319 0.0036244 0.10668 -0.34361 0.0015721 0.10629 -0.32299 0.0049682 0.080762 -0.34476 0.0042081 0.10541 -0.32348 0.0025997 0.080313 -0.34518 0.0021553 0.10502 -0.36123 0.0030556 0.12666 -0.36158 0.0013189 0.12633 -0.36255 0.0035491 0.12559 -0.36291 0.0018125 0.12526 -0.32393 0.00093699 0.10749 -0.32285 0.0034151 0.10838 -0.30967 -0.011712 0.13187 -0.31062 -0.013859 0.1311 -0.3252 0.0038629 0.10987 -0.31171 -0.011323 0.13317 -0.32628 0.0013847 0.10899 -0.31265 -0.013471 0.1324 -0.29894 -0.024112 0.1511 -0.29973 -0.02593 0.15045 -0.30066 -0.023784 0.1522 -0.30146 -0.025601 0.15155 -0.32477 0.00039482 0.13707 -0.32365 0.0022054 0.13563 -0.32154 0.021311 0.15951 -0.32251 0.019742 0.16075 -0.32599 0.0032034 0.13511 -0.32357 0.022175 0.15905 -0.32712 0.0013924 0.13655 -0.32454 0.020606 0.1603 -0.31985 0.036932 0.17905 -0.32067 0.035604 0.18011 -0.32157 0.037664 0.17867 -0.32239 0.036336 0.17972 -0.32388 0.00082016 0.16295 -0.32345 0.0017328 0.16433 -0.3378 -0.01152 0.17645 -0.33818 -0.012311 0.17526 -0.32477 0.0028515 0.16403 -0.33894 -0.01055 0.1762 -0.3252 0.0019388 0.16266 -0.33932 -0.011341 0.17501 -0.34956 -0.02236 0.18636 -0.34989 -0.023029 0.18535 -0.35053 -0.02154 0.18614 -0.35085 -0.022209 0.18513 -0.32177 0.0015683 0.19059 -0.32172 0.0026531 0.19034 -0.30964 0.003974 0.19825 -0.30968 0.0030336 0.19847 -0.32235 0.0028963 0.1912 -0.31018 0.0041847 0.19899 -0.3224 0.0018115 0.19144 -0.31022 0.0032449 0.19921 -0.29976 0.0050445 0.20473 -0.29979 0.0042491 0.20492 -0.30022 0.0052228 0.20536 -0.30025 0.0044274 0.20554 -0.018037 -0.011976 0.022578 -0.024716 -0.015994 0.021858 -0.025077 -0.022786 0.064082 -0.019088 -0.019162 0.064597 -0.024519 -0.023739 0.020773 -0.0249 -0.029743 0.063192 -0.017643 -0.027467 0.02041 -0.018733 -0.033076 0.062817 -0.010965 -0.023449 0.02113 -0.012743 -0.029452 0.063332 -0.011162 -0.015704 0.022214 -0.012921 -0.022496 0.064222 -0.024099 -0.028434 0.10615 -0.018801 -0.025209 0.10647 -0.02394 -0.034615 0.10557 -0.018482 -0.03757 0.10531 -0.013184 -0.034344 0.10563 -0.013343 -0.028164 0.10621 -0.023993 -0.032082 0.14801 -0.019389 -0.029268 0.14827 -0.023852 -0.037477 0.14778 -0.019107 -0.04006 0.14781 -0.014503 -0.037246 0.14807 -0.014644 -0.031851 0.1483 -0.025439 -0.033156 0.18993 -0.021528 -0.030752 0.19006 -0.025317 -0.037747 0.19001 -0.021284 -0.039934 0.19024 -0.017373 -0.037529 0.19037 -0.017495 -0.032938 0.19029 -0.02674 -0.03137 0.23202 -0.023515 -0.029393 0.2319 -0.026638 -0.03514 0.23232 -0.023311 -0.036933 0.23251 -0.020086 -0.034956 0.23239 -0.020188 -0.031186 0.23209 -0.025271 -0.02686 0.27408 -0.022736 -0.025317 0.27386 -0.02519 -0.029815 0.2744 -0.022574 -0.031229 0.27451 -0.02004 -0.029686 0.2743 -0.02012 -0.026731 0.27397 -0.01784 -0.019722 0.021494 -0.022655 -0.028273 0.27419 -0.0189 -0.025586 0.070547 -0.020187 -0.026325 0.068902 -0.036453 -0.041053 0.087203 -0.035336 -0.040413 0.088629 -0.018846 -0.028128 0.068679 -0.03529 -0.042615 0.087009 -0.017558 -0.027389 0.070324 -0.034174 -0.041975 0.088435 -0.049728 -0.053116 0.10219 -0.048784 -0.052575 0.1034 -0.048745 -0.054439 0.10203 -0.047801 -0.053896 0.10324 -0.018733 -0.028572 0.10088 -0.020548 -0.030646 0.10248 -0.00011969 -0.025143 0.13052 0.0014534 -0.023345 0.12913 -0.01861 -0.033047 0.10162 0.0015607 -0.027224 0.12978 -0.016794 -0.030973 0.10002 0.0031338 -0.025426 0.12839 0.01664 -0.020644 0.15343 0.017972 -0.019123 0.15226 0.018062 -0.022405 0.1528 0.019393 -0.020884 0.15163 -0.019086 -0.031928 0.13073 -0.021229 -0.034795 0.13203 -0.047902 -0.0040612 0.15362 -0.046045 -0.0015764 0.1525 -0.018973 -0.035042 0.135 -0.045947 -0.0042748 0.1562 -0.01683 -0.032175 0.1337 -0.04409 -0.0017905 0.15507 -0.069672 0.021117 0.17131 -0.068101 0.023219 0.17036 -0.068017 0.020936 0.17349 -0.066447 0.023038 0.17254 -0.020131 -0.032897 0.16622 -0.022814 -0.035019 0.1645 -0.020996 -0.06426 0.1962 -0.01867 -0.062421 0.19769 -0.020049 -0.036961 0.16271 -0.018599 -0.065943 0.19465 -0.017365 -0.034838 0.16442 -0.016273 -0.064104 0.19613 -0.019442 -0.088183 0.22214 -0.017474 -0.086627 0.22339 -0.017414 -0.089607 0.22082 -0.015446 -0.08805 0.22208 -0.021738 -0.033615 0.19428 -0.023688 -0.034169 0.19675 -0.0057397 -0.009594 0.2149 -0.0040488 -0.0091138 0.21277 -0.021636 -0.03646 0.19779 -0.0039611 -0.011579 0.21581 -0.019686 -0.035906 0.19532 -0.0022702 -0.011099 0.21367 0.0089946 0.010492 0.22974 0.010425 0.010899 0.22793 0.010499 0.0088124 0.2305 0.01193 0.0092187 0.22869 -0.023225 -0.031996 0.22814 -0.02429 -0.033017 0.22662 -0.040284 -0.039845 0.24158 -0.039361 -0.03896 0.2429 -0.023159 -0.03481 0.22701 -0.039304 -0.041399 0.24191 -0.022094 -0.033789 0.22853 -0.038382 -0.040514 0.24323 -0.053343 -0.04544 0.25384 -0.052563 -0.044692 0.25495 -0.052514 -0.046755 0.25412 -0.051733 -0.046006 0.25524 -0.022952 -0.029021 0.25944 -0.02385 -0.030249 0.25958 -0.014081 -0.035528 0.27392 -0.013302 -0.034464 0.2738 -0.022904 -0.031046 0.25871 -0.01326 -0.036219 0.27317 -0.022006 -0.029818 0.25857 -0.012482 -0.035155 0.27304 -0.0060649 -0.039842 0.28564 -0.0054064 -0.038942 0.28554 -0.0053711 -0.040427 0.285 -0.0047126 -0.039526 0.2849 -0.019276 -0.030399 0.14004 -0.023235 -0.034948 0.14087 -0.037373 -0.014267 0.17902 -0.034349 -0.010794 0.17839 -0.019046 -0.037992 0.14398 -0.034174 -0.016592 0.18139 -0.015087 -0.033443 0.14314 -0.031151 -0.013118 0.18076 -0.051584 0.0063992 0.21715 -0.049425 0.0088801 0.2167 -0.049299 0.0047393 0.21885 -0.04714 0.0072203 0.21839 -0.049362 0.0068097 0.21777 0.28862 0.0042591 0.022985 0.28337 0.0011201 0.022279 0.2833 -0.0054297 0.058015 0.288 -0.0025949 0.058537 0.28353 -0.0049272 0.02113 0.28344 -0.010864 0.057055 0.28893 -0.0078359 0.020688 0.28828 -0.013463 0.056617 0.29418 -0.0046973 0.021394 0.29299 -0.010629 0.057139 0.29402 0.0013499 0.022542 0.29285 -0.0051947 0.058099 0.28427 -0.011076 0.093645 0.28843 -0.0085492 0.093992 0.2844 -0.01591 0.092973 0.28869 -0.018217 0.092648 0.29285 -0.01569 0.092994 0.29272 -0.010856 0.093666 0.28456 -0.015147 0.12916 0.28818 -0.012943 0.12945 0.28467 -0.019375 0.12881 0.2884 -0.021399 0.12875 0.29202 -0.019194 0.12903 0.2919 -0.014966 0.12938 0.28363 -0.017202 0.16481 0.2867 -0.015315 0.16498 0.28373 -0.020808 0.16475 0.2869 -0.022527 0.16486 0.28997 -0.02064 0.16503 0.28987 -0.017034 0.16509 0.28281 -0.017016 0.20068 0.28534 -0.015458 0.20063 0.28289 -0.019984 0.20083 0.28551 -0.021394 0.20092 0.28804 -0.019836 0.20087 0.28795 -0.016868 0.20073 0.28416 -0.014689 0.2366 0.28615 -0.01347 0.23645 0.28423 -0.017018 0.23679 0.28628 -0.018128 0.23683 0.28827 -0.01691 0.23669 0.28821 -0.01458 0.2365 0.28877 -0.0017886 0.021836 0.28622 -0.0158 0.23664 0.28818 -0.0078087 0.063413 0.28716 -0.0083423 0.061996 0.27449 -0.020445 0.077199 0.27537 -0.019982 0.078427 0.28822 -0.0097494 0.061749 0.2754 -0.021664 0.076985 0.28924 -0.0092158 0.063166 0.27629 -0.021202 0.078213 0.26415 -0.030358 0.089652 0.26489 -0.029966 0.090691 0.26492 -0.03139 0.089471 0.26567 -0.030998 0.09051 0.28846 -0.011027 0.089137 0.28705 -0.012703 0.090443 0.30322 -0.0091743 0.11439 0.30445 -0.0077224 0.11326 0.28857 -0.014561 0.089639 0.30454 -0.010785 0.1137 0.28998 -0.012886 0.088333 0.30577 -0.0093327 0.11256 0.31649 -0.0062895 0.13396 0.31753 -0.0050607 0.133 0.31761 -0.0076523 0.13337 0.31864 -0.0064235 0.13242 0.28833 -0.014524 0.11444 0.28666 -0.016813 0.11547 0.26579 0.0066605 0.13484 0.26724 0.0086451 0.13395 0.28844 -0.017091 0.11799 0.26734 0.0064201 0.13702 0.29012 -0.014801 0.11696 0.26879 0.0084043 0.13613 0.24876 0.025891 0.1507 0.24999 0.02757 0.14995 0.25007 0.025687 0.15255 0.2513 0.027366 0.15179 0.28768 -0.016309 0.14462 0.28557 -0.017928 0.14311 0.28717 -0.041791 0.16923 0.289 -0.040388 0.17054 0.28773 -0.019397 0.14151 0.28905 -0.043065 0.16784 0.28985 -0.017778 0.14303 0.29088 -0.041662 0.16915 0.28854 -0.061315 0.19059 0.29009 -0.060127 0.1917 0.29012 -0.062392 0.18943 0.29167 -0.061204 0.19053 0.28656 -0.017684 0.16849 0.28504 -0.018193 0.17058 0.2992 0.00058794 0.18668 0.30052 0.0010281 0.18487 0.28665 -0.020019 0.17139 0.3006 -0.00099468 0.18738 0.28817 -0.019511 0.1693 0.30192 -0.00055456 0.18557 0.31083 0.015938 0.19984 0.31194 0.01631 0.1983 0.31202 0.014599 0.20043 0.31313 0.014971 0.1989 0.28555 -0.017393 0.19736 0.28471 -0.018151 0.19604 0.27222 -0.023956 0.20862 0.27295 -0.023299 0.20976 0.2856 -0.019568 0.19631 0.273 -0.025184 0.20886 0.28644 -0.01881 0.19763 0.27373 -0.024527 0.21 0.26203 -0.028714 0.21893 0.26265 -0.028158 0.2199 0.26268 -0.029753 0.21914 0.2633 -0.029197 0.2201 0.28591 -0.015961 0.22407 0.28521 -0.01693 0.22416 0.29295 -0.021478 0.23617 0.29356 -0.020638 0.2361 0.28595 -0.017529 0.22339 0.2936 -0.021997 0.23551 0.28665 -0.016561 0.22331 0.29421 -0.021158 0.23543 0.29931 -0.025195 0.24599 0.29983 -0.024484 0.24593 0.29985 -0.025634 0.24543 0.30037 -0.024924 0.24537 0.28823 -0.013592 0.12241 0.28512 -0.01719 0.123 0.27419 -0.0020733 0.15612 0.27656 0.00067377 0.15567 0.28843 -0.019665 0.12554 0.27671 -0.003963 0.15806 0.29153 -0.016067 0.12495 0.27908 -0.0012155 0.15761 0.2632 0.013033 0.18922 0.26489 0.014996 0.1889 0.265 0.011683 0.1906 0.26669 0.013646 0.19028 0.26494 0.01334 0.18975 0.60925 -0.014569 0.020216 0.60803 -0.020171 0.020618 0.60926 -0.017794 0.05368 0.61035 -0.012764 0.05343 0.61229 -0.024032 0.020765 0.61307 -0.021255 0.053833 0.61776 -0.022291 0.020511 0.61798 -0.019686 0.053737 0.61897 -0.016689 0.020109 0.61907 -0.014657 0.053488 0.61472 -0.012828 0.019961 0.61526 -0.011196 0.053335 0.60917 -0.016489 0.086654 0.61014 -0.012032 0.086628 0.61255 -0.019549 0.086843 0.61688 -0.018152 0.087007 0.61785 -0.013696 0.086981 0.61447 -0.010636 0.086791 0.60755 -0.016175 0.11976 0.60838 -0.012298 0.11981 0.61049 -0.018833 0.12 0.61425 -0.017613 0.12028 0.61508 -0.013735 0.12033 0.61215 -0.011077 0.1201 0.60537 -0.015553 0.15303 0.60608 -0.012257 0.15296 0.60786 -0.017808 0.1533 0.61106 -0.016768 0.1535 0.61177 -0.013473 0.15343 0.60928 -0.011218 0.15316 0.60387 -0.013174 0.18629 0.60447 -0.010472 0.18605 0.60592 -0.015028 0.18657 0.60857 -0.01418 0.18661 0.60916 -0.011477 0.18637 0.60711 -0.0096231 0.18609 0.60341 -0.0087538 0.21936 0.60388 -0.0066381 0.21909 0.60502 -0.01021 0.2196 0.6071 -0.0095496 0.21957 0.60758 -0.0074339 0.21931 0.60597 -0.0059781 0.21906 0.6135 -0.01843 0.020363 0.60549 -0.0080938 0.21933 0.61324 -0.015322 0.057867 0.61381 -0.016788 0.057311 0.59992 -0.026395 0.069886 0.59943 -0.025125 0.070368 0.6149 -0.016811 0.058606 0.60087 -0.026415 0.071009 0.61433 -0.015345 0.059162 0.60037 -0.025145 0.071491 0.58857 -0.034238 0.080197 0.58815 -0.033163 0.080605 0.58936 -0.034255 0.081147 0.58895 -0.03318 0.081555 0.61177 -0.013976 0.096641 0.6121 -0.016566 0.096343 0.63237 -0.016279 0.12119 0.63208 -0.014034 0.12145 0.61409 -0.016136 0.094606 0.63409 -0.015907 0.11969 0.61375 -0.013546 0.094904 0.6338 -0.013661 0.11995 0.64898 -0.016008 0.14151 0.64873 -0.014108 0.14173 0.65043 -0.015692 0.14023 0.65019 -0.013793 0.14045 0.60946 -0.014117 0.13121 0.6088 -0.016156 0.13312 0.59128 0.0042567 0.14986 0.59186 0.0060229 0.1482 0.61103 -0.015448 0.13477 0.59322 0.0048699 0.15128 0.6117 -0.01341 0.13286 0.5938 0.0066361 0.14962 0.57699 0.020991 0.16354 0.57747 0.022486 0.16214 0.57862 0.02151 0.16475 0.57911 0.023005 0.16335 0.60661 -0.012547 0.17104 0.60642 -0.014226 0.16988 0.60975 -0.026743 0.18917 0.60991 -0.025288 0.19018 0.60842 -0.014226 0.16951 0.61147 -0.026743 0.18885 0.60861 -0.012547 0.17068 0.61164 -0.025288 0.18986 0.61249 -0.036964 0.20496 0.61263 -0.035733 0.20582 0.61395 -0.036964 0.2047 0.61409 -0.035732 0.20555 0.60528 -0.0090852 0.20742 0.60553 -0.0099359 0.20812 0.61222 -0.0020347 0.21564 0.612 -0.0012975 0.21502 0.60645 -0.010149 0.20749 0.61301 -0.0022197 0.21509 0.60619 -0.0092983 0.20678 0.61279 -0.0014825 0.21447 0.61769 0.0044374 0.22177 0.61751 0.0050616 0.22125 0.61837 0.004281 0.2213 0.61818 0.0049052 0.22078 0.89746 0.0072956 0.021102 0.90151 0.0035229 0.019963 0.90992 0.0037313 0.051672 0.90626 0.0071139 0.052596 0.9067 0.0052786 0.018571 0.91459 0.0053072 0.050486 0.90784 0.010808 0.018319 0.9156 0.010265 0.050224 0.90379 0.014581 0.019458 0.91194 0.013648 0.051147 0.8986 0.012825 0.02085 0.90727 0.012072 0.052333 0.91726 0.0046339 0.083404 0.914 0.0076251 0.084118 0.92143 0.0060301 0.082513 0.92233 0.010417 0.082336 0.91907 0.013408 0.083051 0.9149 0.012012 0.083942 0.92338 0.0045261 0.11509 0.92053 0.0071235 0.11569 0.92704 0.0057402 0.11452 0.92786 0.0095515 0.11456 0.92501 0.012149 0.11517 0.92135 0.010935 0.11574 0.92805 0.0028138 0.14694 0.92562 0.0050192 0.14739 0.93119 0.0038419 0.14667 0.9319 0.0070758 0.14686 0.92946 0.0092812 0.14731 0.92632 0.0082526 0.14758 0.93074 0.0006094 0.17914 0.92871 0.0024338 0.17934 0.93334 0.0014496 0.1791 0.93391 0.0041151 0.17925 0.93189 0.0059395 0.17945 0.92929 0.0050988 0.1795 0.93099 -0.00024176 0.21164 0.9294 0.0011978 0.2117 0.93303 0.0004158 0.21167 0.93349 0.0025129 0.21177 0.93189 0.0039525 0.21183 0.92985 0.0032949 0.2118 0.90265 0.0090518 0.019711 0.93144 0.0018554 0.21173 0.91116 0.0084348 0.05667 0.91178 0.0077333 0.055303 0.92679 -0.00088406 0.067469 0.92625 -0.00027609 0.068654 0.91273 0.009037 0.055058 0.92761 0.00024557 0.067257 0.91211 0.0097384 0.056425 0.92707 0.00085354 0.068442 0.93907 -0.0079107 0.077437 0.93862 -0.0073962 0.078439 0.93977 -0.0069547 0.077258 0.93931 -0.0064402 0.07826 0.91581 0.0084891 0.079607 0.91774 0.0076261 0.080593 0.91226 0.01999 0.1033 0.91058 0.020738 0.10244 0.91893 0.00948 0.079848 0.91328 0.021597 0.10265 0.91699 0.010344 0.078862 0.91161 0.022345 0.1018 0.90776 0.030138 0.12185 0.90634 0.030771 0.12113 0.90863 0.031498 0.12131 0.90721 0.032131 0.12058 0.92078 0.0082712 0.10213 0.9233 0.0073519 0.10281 0.90944 -0.017899 0.1204 0.90725 -0.017102 0.1198 0.92327 0.0088964 0.10516 0.90941 -0.016561 0.12244 0.92075 0.0098157 0.10448 0.90723 -0.015764 0.12184 0.89806 -0.038529 0.13481 0.89622 -0.037855 0.1343 0.89804 -0.037397 0.13653 0.8962 -0.036723 0.13603 0.92474 0.0069585 0.1291 0.92659 0.0055785 0.12751 0.94908 0.012153 0.14962 0.94748 0.013349 0.151 0.92721 0.0079303 0.12612 0.94962 0.014192 0.14842 0.92536 0.0093102 0.1277 0.94801 0.015388 0.14979 0.96747 0.017578 0.16772 0.96611 0.018589 0.16888 0.96793 0.019302 0.1667 0.96657 0.020314 0.16786 0.92799 0.0053701 0.15039 0.92898 0.0040808 0.15215 0.91003 0.011022 0.16861 0.90917 0.012139 0.16709 0.93023 0.0059481 0.15286 0.91111 0.01264 0.16923 0.92924 0.0072374 0.15111 0.91025 0.013757 0.16771 0.89452 0.016739 0.18207 0.89379 0.017684 0.18078 0.89544 0.018108 0.18259 0.89471 0.019054 0.1813 0.93012 0.0032539 0.17629 0.93091 0.0027623 0.17501 0.94014 -0.0072207 0.18522 0.93946 -0.0067949 0.18633 0.93194 0.0039048 0.17522 0.94104 -0.0062308 0.1854 0.93116 0.0043964 0.1765 0.94035 -0.005805 0.18651 0.94769 -0.015369 0.19359 0.94711 -0.015009 0.19453 0.94845 -0.014532 0.19374 0.94788 -0.014171 0.19468 0.93074 0.0021329 0.20041 0.93177 0.0017619 0.20038 0.93467 0.0092835 0.21137 0.93377 0.0096049 0.21139 0.93205 0.0025997 0.19971 0.93492 0.010009 0.21078 0.93102 0.0029707 0.19973 0.93402 0.010331 0.2108 0.93703 0.015452 0.22035 0.93627 0.015724 0.22036 0.93724 0.016067 0.21985 0.93648 0.016338 0.21986 0.92058 0.007618 0.10934 0.92458 0.0057998 0.10946 0.91653 -0.0090837 0.13949 0.91347 -0.0076952 0.13939 0.92609 0.009253 0.11179 0.91769 -0.0064464 0.14127 0.92209 0.011071 0.11166 0.91463 -0.0050578 0.14117 0.9085 -0.024015 0.1695 0.90632 -0.023023 0.16943 0.90933 -0.022131 0.17077 0.90715 -0.021139 0.1707 0.90782 -0.022577 0.1701 1.2394 0.016158 0.019118 1.2446 0.020103 0.018433 1.2443 0.026481 0.054654 1.2396 0.022924 0.055156 1.2438 0.026576 0.017379 1.2435 0.032296 0.05378 1.2377 0.029102 0.017011 1.2381 0.034553 0.053408 1.2324 0.025157 0.017696 1.2333 0.030996 0.05391 1.2333 0.018685 0.018749 1.2341 0.025181 0.054784 1.2429 0.031779 0.090758 1.2387 0.028614 0.091085 1.2422 0.036948 0.090165 1.2374 0.038951 0.089898 1.2332 0.035785 0.090225 1.2339 0.030617 0.090819 1.2425 0.03547 0.12671 1.2388 0.03271 0.12698 1.2419 0.039986 0.12643 1.2377 0.041742 0.12643 1.234 0.038982 0.12669 1.2346 0.034466 0.12697 1.2435 0.037135 0.16276 1.2404 0.034776 0.16292 1.243 0.040982 0.16277 1.2394 0.042471 0.16293 1.2364 0.040112 0.16308 1.2369 0.036265 0.16308 1.2447 0.036386 0.199 1.2422 0.034443 0.19893 1.2443 0.039549 0.1992 1.2413 0.040769 0.19934 1.2388 0.038826 0.19927 1.2392 0.035663 0.19907 1.2438 0.033109 0.23526 1.2418 0.03159 0.2351 1.2435 0.03559 0.23549 1.2412 0.036551 0.23556 1.2392 0.035031 0.23541 1.2395 0.032551 0.23517 1.2385 0.02263 0.018064 1.2415 0.03407 0.23533 1.2388 0.028394 0.060175 1.2399 0.029101 0.058747 1.2522 0.043167 0.074257 1.2513 0.042554 0.075494 1.2386 0.030496 0.058528 1.2511 0.044375 0.074066 1.2376 0.029788 0.059955 1.2502 0.043762 0.075303 1.2623 0.054684 0.08696 1.2616 0.054164 0.088007 1.2614 0.055706 0.086799 1.2606 0.055187 0.087846 1.2384 0.031348 0.086224 1.2397 0.033272 0.087565 1.223 0.027297 0.11178 1.2219 0.025629 0.11062 1.2379 0.035107 0.086793 1.2214 0.028887 0.11111 1.2366 0.033183 0.085452 1.2203 0.027219 0.10995 1.2093 0.022407 0.13157 1.2083 0.020995 0.13059 1.208 0.023752 0.13101 1.207 0.022341 0.13002 1.2384 0.034651 0.11185 1.2399 0.037265 0.11293 1.265 0.0141 0.13197 1.2636 0.011834 0.13104 1.238 0.037322 0.11548 1.2633 0.014148 0.13419 1.2364 0.034707 0.11441 1.262 0.011883 0.13326 1.2854 -0.0048852 0.14758 1.2843 -0.0068021 0.14679 1.284 -0.0048437 0.14945 1.2829 -0.0067611 0.14866 1.2391 0.036094 0.14237 1.2412 0.038085 0.14086 1.2371 0.062971 0.16768 1.2353 0.061245 0.16899 1.2387 0.039448 0.13929 1.2349 0.064151 0.16631 1.2366 0.037457 0.1408 1.2331 0.062426 0.16762 1.2336 0.083323 0.18962 1.2321 0.081864 0.19073 1.2318 0.084323 0.18846 1.2303 0.082863 0.18957 1.2404 0.037264 0.16651 1.242 0.037937 0.16862 1.229 0.016007 0.18463 1.2276 0.015424 0.1828 1.24 0.039698 0.16948 1.2273 0.017533 0.18537 1.2384 0.039025 0.16736 1.2259 0.01695 0.18354 1.2183 -0.0019231 0.19771 1.2172 -0.0024166 0.19616 1.2169 -0.00063133 0.19834 1.2158 -0.0011249 0.19679 1.2417 0.036548 0.19566 1.2425 0.037475 0.19434 1.2553 0.044829 0.20709 1.2546 0.044026 0.20824 1.2414 0.038888 0.19464 1.2544 0.046054 0.20735 1.2406 0.037961 0.19597 1.2537 0.045251 0.2085 1.2658 0.050853 0.21754 1.2652 0.050173 0.21851 1.265 0.05189 0.21777 1.2644 0.05121 0.21874 1.2417 0.0345 0.22263 1.2423 0.035612 0.22273 1.2337 0.039413 0.23499 1.2331 0.03845 0.2349 1.2415 0.036186 0.22197 1.2329 0.039911 0.23433 1.2408 0.035074 0.22187 1.2323 0.038947 0.23425 1.2265 0.042517 0.24501 1.2261 0.041702 0.24494 1.2259 0.042938 0.24446 1.2254 0.042123 0.24438 1.2386 0.033525 0.11989 1.2416 0.037703 0.12053 1.2552 0.022141 0.15367 1.253 0.018951 0.15318 1.2378 0.039942 0.12316 1.2523 0.023851 0.15567 1.2349 0.035764 0.12251 1.2501 0.020661 0.15518 1.2689 0.0065985 0.18679 1.2673 0.0043192 0.18644 1.2668 0.0078197 0.18822 1.2652 0.0055408 0.18787 1.2671 0.0060697 0.18733 1.5336 -0.012845 0.016117 1.5362 -0.016928 0.016222 1.5373 -0.015261 0.04165 1.535 -0.011596 0.041641 1.541 -0.016748 0.016078 1.5416 -0.0151 0.041537 1.5433 -0.012485 0.015829 1.5436 -0.011273 0.041416 1.5407 -0.0084014 0.015724 1.5413 -0.0076084 0.041407 1.5359 -0.0085812 0.015868 1.537 -0.0077701 0.041519 1.5382 -0.015007 0.066996 1.5362 -0.011765 0.067138 1.542 -0.014863 0.066938 1.5438 -0.011479 0.067021 1.5418 -0.0082383 0.067163 1.5379 -0.0083814 0.067221 1.5388 -0.01625 0.092441 1.537 -0.013436 0.09262 1.5421 -0.016126 0.092444 1.5437 -0.013187 0.092626 1.5419 -0.010373 0.092804 1.5386 -0.010497 0.092801 1.5388 -0.017642 0.11803 1.5373 -0.015245 0.1181 1.5417 -0.017536 0.11809 1.543 -0.015034 0.11821 1.5415 -0.012638 0.11828 1.5387 -0.012743 0.11822 1.5383 -0.017577 0.14367 1.5371 -0.015602 0.14359 1.5406 -0.01749 0.14376 1.5417 -0.015428 0.14377 1.5405 -0.013453 0.14368 1.5381 -0.013539 0.14359 1.5372 -0.015676 0.16923 1.5362 -0.014125 0.1691 1.539 -0.015607 0.16932 1.5399 -0.013988 0.16928 1.5389 -0.012437 0.16915 1.5371 -0.012505 0.16906 1.5384 -0.012665 0.015973 1.538 -0.014056 0.16919 1.5384 -0.011497 0.044872 1.5396 -0.012033 0.044372 1.5376 -0.026144 0.05394 1.5365 -0.025679 0.054373 1.5403 -0.011425 0.045339 1.5382 -0.025617 0.054779 1.5392 -0.010889 0.045839 1.5372 -0.025152 0.055212 1.5359 -0.037675 0.061786 1.535 -0.037282 0.062153 1.5364 -0.037229 0.062496 1.5356 -0.036836 0.062863 1.5388 -0.012117 0.0747 1.5405 -0.013472 0.074357 1.5538 -0.0017519 0.092963 1.5523 -0.00057793 0.09326 1.5413 -0.012022 0.072997 1.5545 -0.00049543 0.091784 1.5396 -0.010668 0.07334 1.5531 0.00067806 0.092081 1.5647 0.0078716 0.10817 1.5634 0.0088644 0.10842 1.5653 0.0089345 0.10718 1.564 0.0099273 0.10743 1.5393 -0.01406 0.10126 1.5402 -0.015703 0.10266 1.5186 -0.013983 0.11674 1.5178 -0.012559 0.11553 1.5412 -0.013989 0.1039 1.5195 -0.012498 0.11781 1.5403 -0.012346 0.1025 1.5187 -0.011075 0.1166 1.501 -0.012536 0.12825 1.5003 -0.011331 0.12723 1.5017 -0.011279 0.12916 1.501 -0.010075 0.12814 1.5388 -0.01537 0.13194 1.5396 -0.016472 0.13098 1.5499 -0.022316 0.14519 1.5492 -0.021361 0.14602 1.5408 -0.015296 0.13066 1.5509 -0.021297 0.14491 1.5399 -0.014194 0.13162 1.5502 -0.020341 0.14574 1.5584 -0.02707 0.15682 1.5578 -0.026261 0.15752 1.5592 -0.026207 0.15658 1.5586 -0.025399 0.15728 1.5379 -0.014606 0.16001 1.5385 -0.014977 0.16051 1.5383 -0.0064158 0.16645 1.5377 -0.0060945 0.16602 1.5392 -0.014556 0.16 1.5389 -0.0060511 0.166 1.5385 -0.014185 0.15949 1.5383 -0.0057297 0.16557 1.5381 0.00059843 0.17129 1.5376 0.0008707 0.17093 1.5386 0.00090742 0.17091 1.5381 0.0011792 0.17055 1.8303 -0.020858 0.01508 1.833 -0.014567 0.013861 1.8337 -0.00775 0.052241 1.8312 -0.013412 0.053216 1.8288 -0.0090666 0.013042 1.8299 -0.0028062 0.051582 1.8219 -0.0098567 0.013442 1.8237 -0.0035243 0.051897 1.8192 -0.016148 0.014662 1.8213 -0.0091863 0.052871 1.8234 -0.021648 0.015481 1.825 -0.01413 0.053531 1.834 -0.0024529 0.090585 1.8318 -0.0074816 0.091324 1.8306 0.0019469 0.090193 1.8252 0.001318 0.090538 1.823 -0.0037107 0.091276 1.8263 -0.0081105 0.091669 1.8359 0.001821 0.12862 1.834 -0.0025573 0.12924 1.833 0.005672 0.12853 1.8283 0.0051446 0.12906 1.8264 0.00076675 0.12969 1.8293 -0.0030847 0.12978 1.8402 0.0050106 0.16651 1.8386 0.001277 0.16697 1.8378 0.0082974 0.16669 1.8338 0.0078511 0.16732 1.8322 0.004118 0.16778 1.8346 0.00083065 0.1676 1.846 0.0060477 0.20452 1.8446 0.0029645 0.20469 1.844 0.0087557 0.20487 1.8407 0.0083804 0.2054 1.8394 0.0052967 0.20557 1.8413 0.0025892 0.20521 1.8511 0.0036931 0.24272 1.85 0.0012727 0.24274 1.8495 0.0058188 0.24307 1.8469 0.0055246 0.24345 1.8459 0.0031047 0.24347 1.8474 0.00097895 0.24311 1.8261 -0.015357 0.014261 1.8485 0.0033989 0.24309 1.8284 -0.0085893 0.058749 1.8288 -0.007462 0.057148 1.8347 0.012261 0.072456 1.8344 0.011285 0.073844 1.8269 -0.0068388 0.057108 1.8331 0.012802 0.072421 1.8265 -0.0079656 0.05871 1.8327 0.011825 0.073809 1.8396 0.028393 0.084999 1.8393 0.027566 0.086174 1.8382 0.02885 0.08497 1.8379 0.028024 0.086144 1.8295 -0.0052881 0.086325 1.8299 -0.0027914 0.087638 1.8205 -0.016059 0.11492 1.8202 -0.018223 0.11379 1.8272 -0.0020604 0.087094 1.8182 -0.015425 0.11445 1.8268 -0.0045571 0.085781 1.8178 -0.01759 0.11332 1.8128 -0.026936 0.13723 1.8125 -0.028767 0.13626 1.8108 -0.0264 0.13683 1.8105 -0.028231 0.13587 1.8308 -0.0014725 0.11342 1.831 0.0017567 0.11445 1.868 -0.0062308 0.13089 1.8678 -0.0090289 0.13 1.8295 0.00090933 0.11737 1.8667 -0.0069652 0.13342 1.8293 -0.0023198 0.11634 1.8665 -0.0097632 0.13253 1.8982 -0.012815 0.14437 1.898 -0.015183 0.14361 1.8971 -0.013436 0.14651 1.8969 -0.015804 0.14575 1.8343 0.0011792 0.14552 1.8351 0.0040207 0.14375 1.8218 0.02567 0.17321 1.8212 0.023207 0.17475 1.8319 0.0039592 0.14242 1.819 0.025617 0.17206 1.8312 0.0011177 0.14419 1.8184 0.023154 0.1736 1.8109 0.043348 0.19733 1.8103 0.041264 0.19863 1.8085 0.043303 0.19635 1.808 0.041219 0.19766 1.8377 0.0036383 0.17083 1.8391 0.0051317 0.17289 1.8403 -0.021169 0.19061 1.8391 -0.022463 0.18883 1.8365 0.0058002 0.17407 1.8381 -0.02059 0.19164 1.8352 0.0043068 0.17201 1.8369 -0.021883 0.18985 1.8412 -0.042697 0.20511 1.8402 -0.043793 0.2036 1.8393 -0.042207 0.20597 1.8383 -0.043303 0.20446 1.8427 0.0045648 0.20136 1.8429 0.0057883 0.1999 1.8523 0.019484 0.21205 1.8522 0.018423 0.21331 1.8412 0.006536 0.20039 1.8509 0.020132 0.21248 1.8411 0.0053124 0.20185 1.8508 0.019071 0.21374 1.8601 0.030684 0.22201 1.86 0.029786 0.22309 1.8588 0.031232 0.22237 1.8587 0.030334 0.22345 1.8469 0.0035062 0.2297 1.847 0.0048628 0.22977 1.8385 0.0043197 0.24381 1.8385 0.0031438 0.24375 1.8458 0.0049286 0.22909 1.8375 0.0043764 0.24322 1.8458 0.003572 0.22902 1.8375 0.003201 0.24316 1.8316 0.00386 0.25529 1.8316 0.0028648 0.25524 1.8308 0.0039077 0.25479 1.8307 0.002913 0.25474 1.8326 -0.0021191 0.12182 1.8332 0.0032396 0.12228 1.8575 -0.0031281 0.15512 1.857 -0.0072203 0.15477 1.8289 0.0034537 0.12555 1.8542 -0.0029645 0.15762 1.8283 -0.0019045 0.12509 1.8537 -0.0070567 0.15727 1.8818 -0.009449 0.18795 1.8815 -0.012372 0.1877 1.8795 -0.0093322 0.18973 1.8791 -0.012255 0.18948 1.8805 -0.010852 0.18871 2.1267 -0.0042214 0.013928 2.1212 -0.0024123 0.013889 2.1207 -0.0041943 0.046734 2.1256 -0.0058103 0.046634 2.1169 -0.0062828 0.013663 2.1168 -0.0076652 0.046537 2.1181 -0.011962 0.013475 2.1179 -0.012752 0.04624 2.1236 -0.013772 0.013513 2.1228 -0.014368 0.04614 2.1279 -0.009901 0.01374 2.1267 -0.010897 0.046337 2.1215 -0.007308 0.079575 2.1259 -0.0087295 0.079345 2.1181 -0.010379 0.079417 2.119 -0.014872 0.079029 2.1234 -0.016293 0.078799 2.1268 -0.013222 0.078957 2.1226 -0.010522 0.11219 2.1264 -0.011765 0.11206 2.1196 -0.013194 0.11207 2.1204 -0.017108 0.11183 2.1242 -0.01835 0.1117 2.1272 -0.015679 0.11181 2.1226 -0.012277 0.14469 2.1258 -0.01334 0.14477 2.1201 -0.014549 0.14461 2.1208 -0.017883 0.14461 2.124 -0.018946 0.14469 2.1265 -0.016675 0.14477 2.1211 -0.011999 0.17726 2.1238 -0.012871 0.17747 2.119 -0.01387 0.17722 2.1196 -0.016614 0.17738 2.1222 -0.017487 0.17759 2.1243 -0.015615 0.17763 2.1188 -0.010588 0.20999 2.1209 -0.011271 0.21019 2.1172 -0.01206 0.20996 2.1176 -0.014215 0.21013 2.1197 -0.014898 0.21032 2.1214 -0.013427 0.21035 2.1224 -0.0080919 0.013701 2.1193 -0.012743 0.21016 2.1227 -0.0088711 0.051343 2.1215 -0.0089054 0.050134 2.1102 -0.00089073 0.061466 2.1112 -0.00086117 0.062514 2.121 -0.010396 0.050701 2.1097 -0.0021834 0.061958 2.1222 -0.010363 0.05191 2.1107 -0.0021539 0.063005 2.1009 0.0056486 0.070759 2.1017 0.0056739 0.071646 2.1005 0.0045552 0.071175 2.1014 0.00458 0.072061 2.1237 -0.010794 0.081102 2.1213 -0.011089 0.081506 2.1282 -0.032571 0.10761 2.1303 -0.032315 0.10726 2.1212 -0.013019 0.079893 2.1282 -0.034243 0.10621 2.1237 -0.012722 0.079489 2.1303 -0.033987 0.10586 2.1339 -0.050167 0.12894 2.1357 -0.04995 0.12864 2.1339 -0.051582 0.12775 2.1356 -0.051365 0.12746 2.1246 -0.013176 0.10875 2.1218 -0.012941 0.10963 2.1314 0.0041056 0.13554 2.1338 0.0039015 0.13478 2.1221 -0.01538 0.1112 2.1317 0.0019917 0.1369 2.1249 -0.015616 0.11032 2.1341 0.0017872 0.13614 2.1394 0.01802 0.15674 2.1414 0.017848 0.1561 2.1396 0.016232 0.15789 2.1416 0.016058 0.15725 2.1245 -0.014406 0.14056 2.1224 -0.013874 0.13896 2.1026 -0.018418 0.16397 2.1044 -0.018878 0.16536 2.1222 -0.016441 0.13834 2.1024 -0.020643 0.16343 2.1243 -0.016973 0.13994 2.1042 -0.021103 0.16482 2.0864 -0.022173 0.18445 2.0879 -0.022563 0.18562 2.0862 -0.024055 0.18399 2.0878 -0.024446 0.18516 2.123 -0.014209 0.16837 2.1219 -0.014106 0.16982 2.1389 -0.023946 0.18319 2.1398 -0.024035 0.18193 2.1212 -0.015728 0.16946 2.1383 -0.025352 0.18287 2.1223 -0.015831 0.168 2.1392 -0.025441 0.18161 2.1528 -0.032018 0.1941 2.1535 -0.032094 0.19303 2.1523 -0.033207 0.19383 2.1531 -0.033283 0.19277 2.1207 -0.012968 0.19807 2.1196 -0.013258 0.19777 2.1143 -0.0021968 0.20634 2.1152 -0.0019445 0.2066 2.1196 -0.013958 0.19867 2.1142 -0.0028033 0.20712 2.1206 -0.013668 0.19898 2.1151 -0.0025511 0.20738 2.1099 0.0068488 0.21336 2.1106 0.0070624 0.21358 2.1098 0.0063357 0.21402 2.1106 0.0065489 0.21425</float_array><technique_common><accessor source="#ROW_15_SEG1_solid-pos-a" count="1904" stride="3"><param name="X" type="float"/><param name="Y" type="float"/><param name="Z" type="float"/></accessor></technique_common></source>
        <source id="ROW_15_SEG1_solid-nrm"><float_array id="ROW_15_SEG1_solid-nrm-a" count="5454">-0.395 -0.656 0.643 0.386 -0.595 0.704 0.557 -0.815 0.156 -0.43 -0.901 0.055 0.729 0.111 0.676 0.99 0.077 0.121 0.29 0.757 0.586 0.442 0.897 -0.016 -0.49 0.696 0.525 -0.553 0.824 -0.119 -0.833 -0.01 0.554 -0.993 -0.082 -0.084 0.551 -0.815 0.183 -0.437 -0.898 0.05 0.985 0.084 0.151 0.434 0.901 -0.014 -0.553 0.82 -0.146 -0.99 -0.08 -0.114 0.55 -0.82 0.16 -0.445 -0.894 0.044 0.987 0.087 0.133 0.425 0.905 -0.01 -0.56 0.819 -0.124 -0.992 -0.074 -0.098 0.555 -0.826 0.1 -0.447 -0.894 0.038 0.993 0.085 0.079 0.422 0.907 -0.004 -0.566 0.822 -0.064 -0.997 -0.068 -0.043 0.56 -0.827 0.045 -0.441 -0.897 0.033 0.996 0.079 0.03 0.428 0.904 0.003 -0.565 0.825 -0.009 -0.998 -0.07 0.006 0.45 -0.671 -0.59 -0.352 -0.73 -0.586 0.799 0.053 -0.6 0.346 0.717 -0.605 -0.455 0.657 -0.601 -0.803 -0.066 -0.592 -0.084 0.081 0.993 -0.005 -0.011 -1 -0.433 -0.86 0.269 0.562 -0.493 -0.664 -0.432 -0.861 0.269 0.446 0.858 -0.257 0.446 0.858 -0.256 -0.549 0.491 0.677 -0.548 0.49 0.677 0.563 -0.493 -0.663 -0.432 -0.861 0.27 0.447 0.857 -0.255 -0.548 0.49 0.678 -0.439 -0.833 0.337 0.757 -0.137 0.639 0.756 -0.137 0.64 -0.439 -0.833 0.338 0.432 0.84 -0.327 0.432 0.841 -0.327 -0.763 0.144 -0.63 -0.764 0.145 -0.629 0.756 -0.136 0.64 -0.44 -0.832 0.338 0.431 0.841 -0.326 -0.305 -0.758 -0.577 0.942 -0.329 -0.064 0.942 -0.329 -0.063 -0.305 -0.758 -0.576 0.302 0.748 0.591 -0.945 0.319 0.077 -0.945 0.318 0.078 0.942 -0.33 -0.062 -0.305 -0.759 -0.575 0.302 0.747 0.592 -0.945 0.318 0.079 -0.396 -0.708 0.584 0.799 -0.58 -0.158 0.8 -0.58 -0.157 -0.396 -0.708 0.585 0.403 0.714 -0.572 0.404 0.715 -0.571 -0.792 0.586 0.17 -0.792 0.587 0.171 0.8 -0.579 -0.156 -0.395 -0.708 0.586 0.404 0.715 -0.57 -0.791 0.587 0.171 -0.365 -0.832 -0.417 0.344 -0.541 0.768 0.352 0.834 0.424 -0.357 0.542 -0.761 -0.357 0.542 -0.76 0.343 -0.54 0.768 -0.366 -0.832 -0.416 0.351 0.834 0.425 -0.358 0.543 -0.76 -0.369 -0.856 -0.361 0.739 -0.03 -0.673 0.74 -0.031 -0.672 -0.369 -0.857 -0.361 0.377 0.849 0.37 0.378 0.848 0.371 -0.731 0.023 0.682 -0.731 0.023 0.683 -0.368 -0.857 -0.36 -0.73 0.022 0.683 0.725 -0.198 0.66 0.515 0.573 0.638 0.705 0.709 0.037 0.962 -0.261 0.085 -0.255 0.774 0.579 -0.267 0.963 -0.031 -0.813 0.207 0.544 -0.968 0.246 -0.049 -0.604 -0.56 0.567 -0.703 -0.712 -0.001 0.163 -0.764 0.624 0.255 -0.965 0.066 0.707 0.707 -0.013 0.962 -0.261 0.075 -0.266 0.961 -0.07 -0.968 0.247 -0.038 -0.705 -0.708 0.049 0.252 -0.962 0.105 0.705 0.708 -0.046 0.965 -0.254 0.058 -0.263 0.961 -0.086 -0.966 0.256 -0.022 -0.708 -0.701 0.081 0.256 -0.959 0.122 0.701 0.713 -0.036 0.968 -0.246 0.038 -0.259 0.964 -0.056 -0.964 0.266 -0.004 -0.711 -0.7 0.07 0.262 -0.961 0.092 0.7 0.714 0.006 0.969 -0.246 0.019 -0.258 0.966 0.004 -0.963 0.268 0.016 -0.711 -0.702 0.029 0.264 -0.964 0.031 0.572 0.591 -0.569 0.786 -0.194 -0.587 -0.214 0.799 -0.563 -0.788 0.224 -0.574 -0.578 -0.562 -0.592 0.211 -0.773 -0.599 -0.076 0.008 0.997 -0.004 0.026 -1 0.948 -0.252 -0.195 -0.017 0.609 -0.793 -0.017 0.61 -0.792 0.948 -0.252 -0.194 -0.943 0.264 0.203 -0.943 0.265 0.203 0.022 -0.598 0.801 0.023 -0.597 0.802 -0.017 0.611 -0.792 0.948 -0.251 -0.194 -0.942 0.265 0.203 0.781 -0.19 0.595 -0.014 0.956 0.292 -0.015 0.956 0.293 0.78 -0.19 0.596 -0.79 0.186 -0.584 -0.791 0.185 -0.583 0.004 -0.96 -0.281 -0.016 0.956 0.294 0.78 -0.19 0.597 -0.792 0.185 -0.582 0.003 -0.96 -0.28 0.596 -0.187 -0.781 0.33 0.944 0.021 0.331 0.943 0.021 0.597 -0.187 -0.78 -0.584 0.183 0.791 -0.583 0.182 0.792 -0.317 -0.948 -0.011 -0.317 -0.948 -0.01 0.332 0.943 0.022 0.598 -0.188 -0.779 -0.582 0.182 0.792 -0.316 -0.949 -0.01 0.791 -0.186 0.583 0.429 0.857 -0.284 0.429 0.858 -0.284 -0.798 0.195 -0.57 -0.799 0.195 -0.569 -0.437 -0.849 0.296 -0.437 -0.849 0.297 0.428 0.858 -0.283 0.79 -0.185 0.584 -0.799 0.196 -0.569 -0.438 -0.849 0.298 0.964 -0.261 0.059 0.119 0.624 0.772 0.119 0.623 0.773 0.963 -0.262 0.059 -0.967 0.248 -0.049 -0.968 0.248 -0.048 -0.123 -0.636 -0.762 -0.123 -0.637 -0.761 0.118 0.622 0.774 0.963 -0.262 0.06 -0.968 0.247 -0.048 -0.123 -0.638 -0.76 -0.57 0.508 0.645 -0.736 -0.248 0.63 -0.951 -0.308 0.042 -0.744 0.667 0.036 -0.164 -0.771 0.616 -0.217 -0.976 0.025 0.575 -0.536 0.618 0.733 -0.68 0.003 0.741 0.221 0.634 0.954 0.298 -0.004 0.168 0.743 0.647 0.21 0.978 0.013 -0.95 -0.303 0.069 -0.739 0.673 0.032 -0.212 -0.976 0.056 0.738 -0.674 0.006 0.953 0.302 -0.031 0.214 0.977 -0.018 -0.953 -0.299 0.046 -0.732 0.68 0.027 -0.208 -0.977 0.038 0.745 -0.667 0.011 0.952 0.306 -0.008 0.219 0.976 -0.001 -0.955 -0.297 -0.016 -0.73 0.683 0.021 -0.207 -0.978 -0.018 0.747 -0.665 0.018 0.95 0.307 0.055 0.22 0.974 0.056 -0.952 -0.298 -0.073 -0.735 0.678 0.015 -0.208 -0.976 -0.069 0.742 -0.67 0.024 0.947 0.3 0.112 0.214 0.971 0.107 -0.698 -0.185 -0.692 -0.533 0.586 -0.61 -0.113 -0.719 -0.686 0.639 -0.484 -0.598 0.807 0.288 -0.516 0.22 0.824 -0.522 0.003 -0.022 1 0.087 0.084 -0.993 -0.724 0.64 0.258 -0.553 -0.333 -0.764 -0.553 -0.334 -0.763 -0.724 0.639 0.259 0.717 -0.652 -0.247 0.716 -0.652 -0.247 0.546 0.321 0.774 0.545 0.321 0.775 -0.554 -0.335 -0.762 -0.725 0.638 0.259 0.716 -0.653 -0.246 0.545 0.32 0.775 -0.702 0.631 0.33 -0.403 -0.724 0.56 -0.402 -0.724 0.56 -0.702 0.631 0.331 0.71 -0.627 -0.319 0.711 -0.627 -0.319 0.411 0.728 -0.549 0.411 0.728 -0.548 -0.402 -0.724 0.561 -0.701 0.631 0.332 0.711 -0.627 -0.318 0.411 0.729 -0.548 -0.573 0.549 -0.608 -0.573 -0.798 -0.189 -0.573 -0.797 -0.189 -0.574 0.55 -0.607 0.563 -0.545 0.621 0.562 -0.545 0.622 0.563 0.801 0.203 0.562 0.802 0.204 -0.574 -0.797 -0.188 -0.574 0.55 -0.606 0.561 0.802 0.204 -0.615 0.531 0.583 -0.762 -0.58 -0.289 -0.761 -0.581 -0.288 -0.615 0.53 0.584 0.618 -0.54 -0.571 0.618 -0.541 -0.571 0.764 0.571 0.301 0.764 0.57 0.302 -0.761 -0.581 -0.287 -0.615 0.53 0.585 0.618 -0.541 -0.57 -0.646 0.618 -0.448 -0.677 -0.229 0.7 -0.677 -0.228 0.7 -0.646 0.619 -0.447 0.65 -0.607 0.456 0.651 -0.607 0.456 0.682 0.239 -0.692 0.682 0.24 -0.691 -0.676 -0.228 0.701 0.651 -0.606 0.457 0.682 0.241 -0.691 -0.674 0.626 -0.393 -0.168 -0.631 -0.758 -0.168 -0.631 -0.757 -0.675 0.626 -0.392 0.664 -0.632 0.4 0.663 -0.632 0.401 0.158 0.624 0.765 0.157 0.624 0.765 -0.169 -0.632 -0.757 -0.675 0.625 -0.392 0.662 -0.633 0.401 0.156 0.624 0.766 -0.59 0.209 0.78 -0.523 -0.564 0.639 -0.799 -0.597 0.076 -0.892 0.387 0.236 0.178 -0.872 0.456 0.091 -0.986 -0.142 0.813 -0.409 0.415 0.894 -0.401 -0.201 0.748 0.363 0.555 0.812 0.582 -0.043 0.048 0.673 0.738 -0.083 0.981 0.177 -0.801 -0.595 0.064 -0.895 0.398 0.203 0.102 -0.988 -0.12 0.902 -0.397 -0.167 0.812 0.582 -0.03 -0.081 0.985 0.154 -0.807 -0.59 0.016 -0.901 0.406 0.151 0.106 -0.988 -0.116 0.909 -0.4 -0.115 0.817 0.577 0.018 -0.081 0.985 0.151 -0.807 -0.59 -0.027 -0.91 0.405 0.089 0.106 -0.99 -0.097 0.91 -0.411 -0.053 0.819 0.571 0.061 -0.088 0.987 0.133 -0.804 -0.593 -0.028 -0.916 0.401 0.027 0.102 -0.994 -0.037 0.907 -0.422 0.008 0.82 0.569 0.063 -0.096 0.993 0.073 -0.635 -0.462 -0.619 -0.716 0.34 -0.61 0.098 -0.793 -0.602 0.751 -0.324 -0.575 0.672 0.477 -0.566 -0.061 0.81 -0.583 0.184 -0.163 0.969 0.032 0.013 -0.999 -0.686 0.276 0.673 -0.686 -0.568 -0.454 -0.686 -0.569 -0.454 -0.686 0.276 0.674 0.689 -0.288 -0.665 0.69 -0.289 -0.664 0.69 0.557 0.462 0.69 0.556 0.463 -0.686 -0.569 -0.453 -0.686 0.275 0.674 0.691 0.555 0.463 -0.906 0.417 -0.07 -0.391 -0.754 0.527 -0.391 -0.754 0.528 -0.906 0.418 -0.069 0.909 -0.409 0.084 0.909 -0.408 0.084 0.393 0.763 -0.513 0.393 0.763 -0.512 -0.39 -0.754 0.529 -0.906 0.418 -0.068 0.909 -0.408 0.085 0.394 0.764 -0.512 -0.589 0.293 -0.753 0.054 -0.919 -0.39 -0.59 0.293 -0.753 0.576 -0.298 0.761 0.576 -0.298 0.762 -0.067 0.915 0.398 -0.068 0.915 0.399 0.053 -0.92 -0.389 -0.59 0.293 -0.752 0.575 -0.298 0.762 -0.069 0.914 0.399 -0.633 0.255 0.731 -0.399 -0.916 -0.026 -0.399 -0.917 -0.026 -0.632 0.255 0.732 0.644 -0.26 -0.72 0.644 -0.26 -0.719 0.41 0.911 0.037 0.411 0.911 0.038 -0.398 -0.917 -0.025 -0.632 0.254 0.732 0.645 -0.261 -0.718 0.411 0.911 0.039 -0.621 0.316 -0.717 -0.701 -0.639 0.316 -0.702 -0.638 0.317 -0.622 0.317 -0.716 0.615 -0.304 0.727 0.615 -0.303 0.728 0.695 0.651 -0.306 0.695 0.651 -0.305 -0.702 -0.637 0.317 0.614 -0.303 0.729 0.694 0.652 -0.305 -0.816 0.342 0.467 -0.584 -0.498 -0.641 -0.584 -0.498 -0.64 -0.816 0.341 0.467 0.816 -0.356 -0.456 0.816 -0.357 -0.456 0.585 0.484 0.651 0.585 0.483 0.652 -0.584 -0.499 -0.64 -0.816 0.34 0.468 0.816 -0.357 -0.455 0.585 0.482 0.653 -0.827 0.359 0.432 -0.159 -0.891 0.425 -0.159 -0.891 0.426 -0.826 0.36 0.433 0.835 -0.355 -0.42 0.836 -0.355 -0.419 0.167 0.895 -0.413 0.168 0.896 -0.412 -0.158 -0.891 0.426 -0.826 0.36 0.434 0.168 0.896 -0.411 -0.845 0.39 -0.366 -0.283 -0.909 -0.306 -0.283 -0.909 -0.307 -0.845 0.39 -0.367 0.824 -0.397 0.404 0.825 -0.397 0.403 0.262 0.902 0.343 0.047 -0.659 -0.751 -0.421 0.422 -0.803 0.96 -0.231 -0.16 0.497 0.842 -0.209 0.488 0.168 -0.857 -0.409 0.562 0.719 -0.79 -0.095 0.606 -1 -0.013 -0.003 -0.511 0.85 0.129 -0.402 -0.757 0.514 -0.492 -0.863 -0.113 0.373 -0.756 0.538 0.502 -0.86 -0.092 0.752 -0.09 0.653 0.999 -0.004 0.04 0.357 0.566 0.743 0.493 0.857 0.151 -1 -0.011 -0.015 -0.504 0.858 0.093 -0.487 -0.869 -0.089 0.508 -0.86 -0.055 0.999 -0.003 0.053 0.499 0.857 0.127 -0.998 -0.008 -0.067 -0.501 0.864 0.039 -0.484 -0.871 -0.085 0.507 -0.862 0.001 0.995 -0.005 0.104 0.499 0.857 0.124 -0.994 -0.012 -0.112 -0.503 0.864 -0.027 -0.487 -0.871 -0.065 0.497 -0.866 0.065 0.989 -0.008 0.15 0.497 0.862 0.105 -0.994 -0.016 -0.113 -0.504 0.858 -0.093 -0.498 -0.867 -0.001 0.481 -0.867 0.13 0.988 -0.009 0.152 0.499 0.866 0.04 -0.712 -0.058 -0.7 -0.314 0.622 -0.718 -0.327 -0.739 -0.59 0.459 -0.737 -0.496 0.856 -0.053 -0.514 0.467 0.625 -0.625 -0.032 -0.146 0.989 0.116 -0.09 -0.989 -0.44 0.666 0.602 -0.836 -0.1 -0.54 -0.836 -0.101 -0.539 -0.44 0.665 0.603 0.436 -0.677 -0.593 0.831 0.09 0.549 0.831 0.089 0.549 -0.441 0.665 0.603 0.436 -0.678 -0.592 0.831 0.088 0.55 -0.478 0.857 -0.194 -0.79 -0.332 0.515 -0.79 -0.332 0.516 -0.478 0.857 -0.193 0.484 -0.85 0.209 0.796 0.339 -0.501 0.797 0.339 -0.5 -0.789 -0.331 0.517 -0.477 0.857 -0.192 0.484 -0.849 0.21 0.797 0.34 -0.499 -0.227 0.495 -0.839 -0.458 -0.805 -0.378 -0.459 -0.805 -0.377 -0.228 0.495 -0.838 0.214 -0.49 0.845 0.213 -0.49 0.845 0.444 0.809 0.384 0.444 0.809 0.385 -0.459 -0.804 -0.377 -0.228 0.496 -0.838 0.212 -0.49 0.846 0.443 0.81 0.385 -0.414 0.621 0.665 -0.857 -0.513 -0.054 -0.857 -0.513 -0.053 -0.414 0.62 0.666 0.419 -0.631 -0.653 0.419 -0.631 -0.652 0.862 0.503 0.067 -0.856 -0.514 -0.052 -0.414 0.62 0.667 0.42 -0.632 -0.652 0.862 0.502 0.068 -0.243 0.536 -0.809 -0.962 -0.082 0.261 -0.962 -0.081 0.261 -0.243 0.536 -0.808 0.244 -0.521 0.818 0.963 0.096 -0.251 0.963 0.097 -0.25 -0.962 -0.08 0.262 -0.243 0.537 -0.808 0.244 -0.52 0.819 0.963 0.098 -0.25 -0.493 0.784 0.378 -0.689 -0.117 -0.715 -0.69 -0.118 -0.714 -0.494 0.783 0.379 0.484 -0.794 -0.367 0.484 -0.795 -0.366 0.68 0.107 0.725 0.68 0.106 0.726 -0.691 -0.118 -0.714 -0.494 0.782 0.379 0.483 -0.795 -0.366 0.679 0.106 0.726 -0.49 0.802 0.341 -0.68 -0.584 0.443 -0.68 -0.584 0.444 -0.489 0.802 0.342 0.498 -0.803 -0.328 0.498 -0.803 -0.327 0.688 0.584 -0.429 0.689 0.584 -0.429 -0.679 -0.584 0.444 -0.489 0.802 0.343 0.499 -0.803 -0.326 0.689 0.584 -0.428 -0.415 0.765 -0.492 -0.731 -0.596 -0.332 -0.731 -0.596 -0.333 -0.414 0.765 -0.493 0.39 -0.755 0.527 0.706 0.605 0.368 0.706 0.605 0.367 -0.274 -0.609 -0.745 -0.019 0.495 -0.868 0.652 -0.757 -0.045 0.91 0.374 -0.179 0.545 -0.213 -0.811 0.377 -0.448 0.811 0.731 0.215 0.648 0.995 0.076 0.072 0.543 -0.795 0.27 0.316 0.837 0.447 0.453 0.873 -0.178 -0.457 0.789 0.411 -0.538 0.81 -0.234 -0.809 0.118 0.576 -0.998 -0.055 -0.038 -0.388 -0.498 0.776 -0.457 -0.863 0.215 0.996 0.072 0.06 0.54 -0.808 0.235 0.445 0.882 -0.156 -0.547 0.813 -0.197 -0.998 -0.054 -0.025 -0.461 -0.867 0.191 0.998 0.064 0.01 0.542 -0.821 0.182 0.442 0.884 -0.152 -0.551 0.822 -0.143 -0.999 -0.046 0.026 -0.461 -0.867 0.188 0.997 0.061 -0.036 0.549 -0.828 0.117 0.443 0.887 -0.132 -0.546 0.834 -0.079 -0.997 -0.037 0.071 -0.457 -0.873 0.17 0.997 0.066 -0.037 0.556 -0.83 0.051 0.449 0.891 -0.068 -0.537 0.844 -0.014 -0.997 -0.036 0.073 -0.453 -0.885 0.107 0.765 0.021 -0.644 0.407 -0.68 -0.61 0.335 0.685 -0.647 -0.455 0.644 -0.615 -0.812 -0.062 -0.581 -0.379 -0.723 -0.578 -0.059 0.262 0.963 -0.037 -0.034 -0.999 0.424 -0.563 0.71 0.872 0.089 -0.481 0.872 0.09 -0.48 0.424 -0.562 0.71 -0.421 0.575 -0.702 -0.42 0.575 -0.702 -0.869 -0.078 0.489 -0.869 -0.077 0.49 0.873 0.091 -0.48 0.424 -0.561 0.711 -0.42 0.576 -0.701 -0.868 -0.076 0.49 0.538 -0.841 -0.051 0.725 0.439 0.53 0.538 -0.842 -0.05 -0.545 0.836 0.066 -0.733 -0.445 -0.515 -0.733 -0.445 -0.514 0.725 0.439 0.531 0.537 -0.842 -0.049 -0.545 0.835 0.067 -0.733 -0.446 -0.513 0.323 -0.575 -0.752 0.444 0.783 -0.435 0.445 0.783 -0.435 0.324 -0.575 -0.751 -0.311 0.572 0.759 -0.31 0.572 0.76 -0.431 -0.786 0.444 -0.43 -0.786 0.444 0.446 0.783 -0.435 0.325 -0.575 -0.751 -0.309 0.571 0.76 -0.43 -0.786 0.445 0.39 -0.512 0.765 0.83 0.556 -0.049 0.829 0.557 -0.049 0.389 -0.512 0.766 -0.396 0.523 -0.754 -0.397 0.524 -0.754 -0.836 -0.545 0.061 0.829 0.557 -0.048 0.389 -0.511 0.766 -0.397 0.524 -0.753 -0.837 -0.544 0.062 0.339 -0.611 -0.716 0.931 0.172 0.322 0.339 -0.611 -0.715 -0.34 0.597 0.726 -0.34 0.597 0.727 -0.932 -0.186 -0.31 0.931 0.171 0.323 0.339 -0.612 -0.715 -0.34 0.596 0.728 -0.932 -0.187 -0.309 0.501 -0.702 0.506 0.741 0.077 -0.668 0.741 0.077 -0.667 0.502 -0.701 0.507 -0.494 0.714 -0.496 -0.493 0.715 -0.496 -0.733 -0.065 0.677 -0.732 -0.064 0.678 0.742 0.078 -0.666 0.502 -0.7 0.508 -0.493 0.715 -0.495 -0.732 -0.063 0.679 0.502 -0.725 0.472 0.608 0.674 0.419 0.608 0.674 0.42 0.501 -0.725 0.473 -0.511 0.726 -0.459 -0.512 0.726 -0.459 -0.618 -0.673 -0.406 0.607 0.674 0.42 -0.512 0.727 -0.458 -0.619 -0.673 -0.405 0.495 -0.79 -0.361 0.723 0.599 -0.344 0.723 0.599 -0.345 0.495 -0.79 -0.362 -0.473 0.785 0.399 -0.474 0.785 0.398 -0.701 -0.602 0.383 -0.702 -0.602 0.382 0.303 0.535 -0.789 0.119 -0.592 -0.797 -0.685 0.704 -0.186 -0.87 -0.449 -0.201 -0.487 0.082 -0.87 0.295 -0.709 0.641 0.752 -0.09 0.652 0.992 -0.109 0.065 0.406 -0.914 0.023 0.446 0.616 0.649 0.596 0.8 0.061 -0.319 0.704 0.634 -0.391 0.92 0.016 -0.778 0.085 0.622 -0.993 0.118 -0.026 -0.471 -0.622 0.626 -0.591 -0.806 -0.022 0.989 -0.114 0.093 0.398 -0.917 0.019 0.591 0.801 0.093 -0.398 0.917 0.02 -0.992 0.115 -0.054 -0.594 -0.803 -0.055 0.991 -0.118 0.069 0.39 -0.921 0.013 0.588 0.805 0.075 -0.407 0.913 0.024 -0.993 0.11 -0.031 -0.599 -0.8 -0.037 0.993 -0.119 0.006 0.387 -0.922 0.008 0.589 0.808 0.018 -0.41 0.912 0.031 -0.994 0.108 0.033 -0.6 -0.8 0.021 0.992 -0.116 -0.052 0.393 -0.919 0.001 0.591 0.806 -0.034 -0.403 0.914 0.038 -0.99 0.111 0.091 -0.595 -0.801 0.073 0.724 -0.099 -0.682 0.26 -0.733 -0.629 0.411 0.622 -0.666 -0.368 0.714 -0.596 -0.837 0.08 -0.541 -0.522 -0.645 -0.558 -0.019 -0.004 1 -0.087 -0.015 -0.996 0.392 -0.885 0.249 0.654 0.097 -0.75 0.655 0.097 -0.749 0.393 -0.885 0.25 -0.381 0.893 -0.238 -0.381 0.894 -0.237 -0.643 -0.089 0.761 -0.642 -0.089 0.761 0.656 0.098 -0.749 0.394 -0.884 0.251 -0.38 0.894 -0.236 -0.642 -0.088 0.762 0.374 -0.87 0.322 0.646 0.479 0.594 0.645 0.479 0.595 0.373 -0.87 0.323 -0.383 0.87 -0.311 -0.655 -0.48 -0.584 -0.655 -0.48 -0.583 0.645 0.479 0.596 -0.384 0.87 -0.31 -0.656 -0.48 -0.583 0.312 -0.716 -0.625 0.853 0.498 -0.158 0.853 0.497 -0.157 0.312 -0.716 -0.624 -0.305 0.708 0.638 -0.304 0.707 0.638 -0.845 -0.506 0.171 -0.845 -0.506 0.172 0.854 0.497 -0.156 0.313 -0.717 -0.623 -0.304 0.707 0.639 -0.845 -0.507 0.173 0.328 -0.747 0.579 0.938 0.225 -0.263 0.938 0.225 -0.262 0.328 -0.746 0.579 -0.327 0.757 -0.566 -0.937 -0.215 0.276 0.938 0.226 -0.262 0.328 -0.746 0.58 -0.327 0.758 -0.565 -0.937 -0.214 0.277 0.347 -0.814 -0.466 0.688 -0.086 0.721 0.687 -0.086 0.721 0.347 -0.815 -0.465 -0.356 0.806 0.473 -0.356 0.805 0.474 -0.697 0.078 -0.713 -0.697 0.077 -0.713 0.687 -0.087 0.721 0.346 -0.815 -0.465 -0.698 0.077 -0.712 0.368 -0.835 -0.41 0.426 0.522 -0.739 0.427 0.522 -0.738 0.369 -0.834 -0.41 -0.356 0.836 0.418 -0.356 0.836 0.419 -0.415 -0.52 0.747 -0.414 -0.52 0.747 0.428 0.522 -0.738 0.369 -0.834 -0.409 -0.355 0.836 0.419 -0.413 -0.52 0.747 -0.034 0.673 0.738 -0.693 0.28 0.665 -0.881 0.467 0.075 -0.03 0.987 0.155 -0.677 -0.487 0.552 -0.853 -0.519 -0.061 0.005 -0.858 0.514 0.02 -0.993 -0.118 0.666 -0.457 0.59 0.875 -0.482 -0.039 0.643 0.308 0.701 0.853 0.513 0.098 -0.881 0.469 0.063 -0.023 0.993 0.12 -0.849 -0.528 -0.038 0.029 -0.996 -0.082 0.876 -0.481 -0.026 0.856 0.511 0.074 -0.882 0.472 0.013 -0.021 0.998 0.066 -0.847 -0.531 -0.033 0.031 -0.999 -0.027 0.875 -0.483 0.025 0.857 0.511 0.071 -0.883 0.468 -0.033 -0.028 1 0 -0.848 -0.53 -0.013 0.025 -0.999 0.038 0.872 -0.484 0.071 0.855 0.516 0.052 -0.885 0.464 -0.033 -0.037 0.997 -0.065 -0.851 -0.523 0.05 0.016 -0.995 0.103 0.872 -0.485 0.073 0.854 0.52 -0.011 -0.706 0.308 -0.638 -0.032 0.717 -0.696 -0.686 -0.478 -0.548 0.011 -0.856 -0.518 0.686 -0.444 -0.577 0.663 0.343 -0.666 -0.023 -0.139 0.99 -0.017 -0.11 -0.994 -0.02 0.782 0.623 -0.822 0.326 -0.467 -0.021 0.782 0.623 0.012 -0.79 -0.613 0.813 -0.334 0.477 0.813 -0.334 0.478 -0.822 0.326 -0.466 -0.021 0.781 0.624 0.011 -0.791 -0.612 0.812 -0.334 0.478 -0.023 0.986 -0.166 -0.813 0.073 0.578 -0.812 0.073 0.579 -0.022 0.986 -0.165 0.032 -0.983 0.18 0.033 -0.983 0.181 0.823 -0.071 -0.564 0.823 -0.071 -0.563 -0.812 0.074 0.579 0.033 -0.983 0.182 0.824 -0.071 -0.563 -0.025 0.568 -0.823 -0.815 -0.478 -0.327 -0.816 -0.478 -0.326 -0.026 0.568 -0.822 0.017 -0.557 0.83 0.016 -0.557 0.83 0.806 0.488 0.334 0.806 0.489 0.335 -0.816 -0.477 -0.326 -0.026 0.569 -0.822 0.016 -0.556 0.831 0.805 0.489 0.335 -0.014 0.729 0.684 -0.999 -0.039 0.022 -0.014 0.728 0.685 0.015 -0.74 -0.672 0.015 -0.741 -0.672 1 0.028 -0.009 1 0.027 -0.008 -0.999 -0.04 0.023 -0.014 0.728 0.686 0.015 -0.741 -0.671 1 0.027 -0.007 -0.018 0.61 -0.792 -0.861 0.382 0.335 -0.861 0.383 0.335 0.026 -0.598 0.801 0.87 -0.37 -0.325 0.871 -0.37 -0.325 -0.86 0.383 0.336 -0.017 0.612 -0.791 0.027 -0.597 0.802 0.871 -0.369 -0.324 -0.027 0.915 0.402 -0.716 0.246 -0.653 -0.717 0.246 -0.653 -0.028 0.915 0.403 0.015 -0.921 -0.39 0.704 -0.251 0.665 0.703 -0.251 0.665 -0.717 0.246 -0.652 -0.029 0.915 0.403 0.014 -0.921 -0.389 0.702 -0.252 0.666 -0.018 0.931 0.365 -0.842 -0.199 0.5 -0.842 -0.2 0.501 -0.018 0.931 0.366 0.026 -0.936 -0.352 0.027 -0.936 -0.351 0.851 0.195 -0.488 0.851 0.195 -0.487 -0.842 -0.2 0.502 -0.017 0.93 0.366 0.852 0.195 -0.486 -0.034 0.884 -0.465 -0.951 -0.165 -0.263 -0.95 -0.165 -0.264 -0.033 0.884 -0.466 0.02 -0.864 0.502 0.02 -0.865 0.502 0.936 0.184 0.3 -0.59 -0.386 -0.709 0.156 0.469 -0.869 0.204 -0.975 -0.085 0.962 -0.103 -0.254 0.315 -0.429 -0.846 -0.033 0.677 0.735 -0.714 0.265 0.648 -0.881 0.464 0.09 -0.031 0.984 0.177 -0.689 -0.518 0.507 -0.853 -0.518 -0.069 0.008 -0.891 0.453 0.021 -0.99 -0.143 0.687 -0.489 0.538 0.876 -0.48 -0.057 0.671 0.296 0.68 0.854 0.511 0.103 -0.881 0.466 0.079 -0.023 0.989 0.144 -0.848 -0.527 -0.048 0.029 -0.994 -0.109 0.877 -0.479 -0.045 0.857 0.509 0.081 -0.882 0.47 0.033 -0.022 0.995 0.094 -0.846 -0.531 -0.044 0.032 -0.998 -0.059 0.876 -0.483 0.002 0.857 0.509 0.078 -0.884 0.468 -0.009 -0.029 0.999 0.034 -0.847 -0.53 -0.026 0.026 -1 0.001 0.873 -0.485 0.044 0.855 0.515 0.061 -0.886 0.464 -0.01 -0.038 0.999 -0.026 -0.85 -0.525 0.033 0.017 -0.998 0.061 0.873 -0.486 0.046 0.853 0.522 0.002 -0.731 0.34 -0.592 -0.037 0.768 -0.64 -0.705 -0.471 -0.53 0.01 -0.856 -0.517 0.702 -0.434 -0.565 0.682 0.378 -0.626 -0.02 -0.187 0.982 -0.023 -0.082 -0.996 -0.019 0.785 0.62 -0.838 0.347 -0.422 -0.838 0.346 -0.422 -0.02 0.784 0.62 0.011 -0.792 -0.61 0.01 -0.792 -0.61 0.83 -0.355 0.431 0.829 -0.355 0.432 -0.838 0.346 -0.421 -0.02 0.784 0.621 0.01 -0.793 -0.609 0.829 -0.356 0.432 -0.024 0.992 -0.12 -0.831 0.054 0.553 -0.831 0.054 0.554 -0.024 0.993 -0.119 0.034 -0.991 0.133 0.034 -0.99 0.134 0.84 -0.052 -0.54 0.841 -0.052 -0.539 -0.83 0.054 0.555 -0.023 0.993 -0.118 0.035 -0.99 0.134 0.841 -0.051 -0.538 -0.031 0.627 -0.778 -0.823 -0.472 -0.315 -0.824 -0.471 -0.315 -0.031 0.628 -0.778 0.022 -0.617 0.787 0.021 -0.617 0.787 0.815 0.482 0.323 0.814 0.482 0.323 -0.824 -0.471 -0.314 -0.032 0.628 -0.777 0.021 -0.616 0.787 0.814 0.483 0.324 -0.013 0.732 0.681 -0.999 -0.041 0.024 -0.999 -0.041 0.025 -0.012 0.732 0.682 0.013 -0.743 -0.669 0.013 -0.744 -0.668 0.999 0.029 -0.013 1 0.029 -0.012 -0.999 -0.042 0.025 -0.012 0.731 0.682 0.013 -0.745 -0.667 1 0.028 -0.012 -0.023 0.668 -0.744 -0.868 0.372 0.329 -0.867 0.373 0.33 -0.022 0.669 -0.743 0.031 -0.657 0.754 0.032 -0.656 0.754 0.876 -0.361 -0.32 0.877 -0.36 -0.319 -0.867 0.374 0.33 0.032 -0.655 0.755 0.877 -0.359 -0.319 -0.027 0.913 0.407 -0.743 0.277 -0.609 -0.744 0.276 -0.609 -0.028 0.913 0.408 0.015 -0.918 -0.396 0.014 -0.918 -0.395 0.731 -0.282 0.621 0.731 -0.283 0.622 -0.744 0.276 -0.608 -0.028 0.912 0.408 0.013 -0.919 -0.395 0.73 -0.283 0.622 -0.018 0.928 0.372 -0.856 -0.221 0.468 -0.855 -0.222 0.468 -0.017 0.928 0.373 0.026 -0.933 -0.36 0.863 0.216 -0.456 0.864 0.216 -0.455 -0.855 -0.222 0.469 -0.017 0.927 0.373 0.027 -0.933 -0.359 0.864 0.216 -0.454 -0.037 0.914 -0.405 -0.957 -0.158 -0.244 -0.957 -0.158 -0.245 -0.037 0.913 -0.406 0.023 -0.897 0.441 0.944 0.176 0.28 0.944 0.176 0.279 -0.617 -0.377 -0.691 0.161 0.529 -0.834 0.205 -0.972 -0.113 0.965 -0.093 -0.244 0.33 -0.423 -0.844 -0.575 0.575 0.582 -0.744 -0.202 0.637 -0.953 -0.301 0.033 -0.735 0.678 -0.016 -0.153 -0.736 0.66 -0.207 -0.976 0.067 0.603 -0.493 0.627 0.746 -0.664 0.051 0.771 0.281 0.572 0.951 0.308 0.002 0.184 0.815 0.55 0.217 0.976 -0.031 -0.953 -0.304 -0.017 -0.735 0.678 -0.027 -0.205 -0.978 0.028 0.745 -0.664 0.062 0.95 0.309 0.052 0.217 0.976 0.008 -0.95 -0.309 -0.05 -0.74 0.671 -0.043 -0.208 -0.978 0.011 0.739 -0.669 0.079 0.948 0.305 0.086 0.211 0.977 0.025 -0.949 -0.314 -0.038 -0.746 0.663 -0.062 -0.214 -0.976 0.041 0.732 -0.675 0.098 0.95 0.302 0.075 0.208 0.978 -0.006 -0.95 -0.311 0.004 -0.746 0.661 -0.081 -0.218 -0.971 0.102 0.729 -0.674 0.117 0.954 0.299 0.034 0.211 0.975 -0.067 -0.756 -0.323 -0.57 -0.583 0.465 -0.667 -0.158 -0.862 -0.481 0.615 -0.618 -0.489 0.793 0.169 -0.586 0.193 0.712 -0.675 0.025 0.066 0.997 0.03 -0.132 -0.991 -0.716 0.634 -0.294 -0.235 -0.63 -0.74 -0.716 0.633 -0.293 0.706 -0.641 0.302 0.705 -0.641 0.302 0.225 0.623 0.749 0.224 0.622 0.75 -0.236 -0.631 -0.739 -0.717 0.633 -0.293 0.704 -0.642 0.303 0.223 0.622 0.75 -0.626 0.587 0.514 -0.44 -0.819 0.368 -0.439 -0.819 0.369 -0.625 0.587 0.515 0.636 -0.586 -0.502 0.636 -0.586 -0.501 0.45 0.819 -0.356 0.451 0.819 -0.356 -0.439 -0.819 0.37 0.637 -0.586 -0.5 0.451 0.819 -0.355 -0.41 0.351 -0.842 -0.729 -0.681 0.067 -0.73 -0.68 0.067 -0.411 0.352 -0.841 0.401 -0.34 0.851 0.4 -0.34 0.851 0.72 0.692 -0.059 0.719 0.692 -0.058 -0.73 -0.68 0.068 -0.411 0.353 -0.841 0.399 -0.339 0.852 0.719 0.693 -0.058 -0.636 0.587 0.5 -0.765 -0.592 -0.253 -0.765 -0.593 -0.252 -0.636 0.587 0.501 0.638 -0.596 -0.487 0.638 -0.597 -0.486 0.768 0.583 0.266 0.768 0.583 0.267 -0.765 -0.593 -0.251 -0.636 0.586 0.502 0.638 -0.597 -0.485 0.768 0.582 0.268 -0.736 0.676 -0.042 -0.422 -0.412 0.808 -0.421 -0.411 0.808 -0.735 0.677 -0.042 0.744 -0.666 0.052 0.745 -0.665 0.052 0.43 0.422 -0.798 0.431 0.423 -0.797 -0.421 -0.41 0.809 -0.735 0.677 -0.041 0.745 -0.665 0.053 -0.572 -0.253 0.78 -0 -0.782 0.623 -0.19 -0.98 0.064 -0.917 -0.316 0.242 0.726 -0.534 0.433 0.728 -0.667 -0.16 0.885 0.239 0.4 0.929 0.306 -0.208 0.319 0.768 0.555 0.21 0.977 -0.032 -0.41 0.525 0.746 -0.718 0.669 0.194 -0.193 -0.98 0.053 -0.928 -0.309 0.21 0.737 -0.661 -0.139 0.933 0.314 -0.174 0.21 0.977 -0.02 -0.72 0.673 0.172 -0.201 -0.98 0.006 -0.938 -0.307 0.16 0.74 -0.659 -0.135 0.941 0.316 -0.123 0.218 0.976 0.027 -0.72 0.673 0.169 -0.202 -0.979 -0.037 -0.945 -0.312 0.099 0.742 -0.66 -0.116 0.949 0.308 -0.063 0.224 0.972 0.07 -0.726 0.671 0.152 -0.198 -0.98 -0.037 -0.947 -0.318 0.037 0.743 -0.667 -0.056 0.955 0.296 -0.003 0.226 0.972 0.072 -0.737 0.67 0.092 -0.169 -0.765 -0.621 -0.772 -0.222 -0.596 0.6 -0.516 -0.612 0.769 0.273 -0.577 0.171 0.816 -0.552 -0.6 0.57 -0.561 0.262 -0.01 0.965 0.002 0.045 -0.999 -0.689 -0.266 0.674 -0.133 -0.879 -0.458 -0.132 -0.879 -0.458 -0.688 -0.267 0.675 0.699 0.26 -0.666 0.7 0.26 -0.665 0.144 0.873 0.466 0.144 0.872 0.467 -0.132 -0.879 -0.457 0.7 0.259 -0.665 0.145 0.872 0.467 -0.953 -0.299 -0.058 0.225 -0.832 0.507 0.225 -0.831 0.508 -0.953 -0.298 -0.057 0.949 0.307 0.072 0.949 0.307 0.073 -0.229 0.839 -0.493 -0.229 0.84 -0.492 0.225 -0.831 0.509 -0.953 -0.298 -0.056 0.949 0.308 0.073 -0.229 0.84 -0.491 -0.649 -0.171 -0.741 0.654 -0.64 -0.404 0.653 -0.641 -0.403 0.643 0.159 0.749 0.642 0.158 0.75 -0.66 0.628 0.412 -0.65 -0.172 -0.741 0.642 0.157 0.75 -0.661 0.627 0.412 -0.635 -0.248 0.732 0.32 -0.947 -0.044 0.32 -0.946 -0.043 -0.634 -0.247 0.732 0.647 0.251 -0.72 -0.308 0.95 0.054 -0.307 0.95 0.055 0.321 -0.946 -0.042 -0.634 -0.247 0.733 0.648 0.251 -0.719 -0.307 0.95 0.056 -0.688 -0.176 -0.704 -0.087 -0.95 0.301 -0.689 -0.176 -0.704 0.675 0.181 0.715 0.675 0.181 0.716 0.074 0.954 -0.29 0.073 0.954 -0.29 -0.088 -0.949 0.302 -0.689 -0.175 -0.703 0.674 0.181 0.716 0.072 0.955 -0.289 -0.83 -0.302 0.47 -0.108 -0.758 -0.644 -0.107 -0.758 -0.643 -0.829 -0.302 0.47 0.839 0.291 -0.46 0.84 0.29 -0.459 0.117 0.747 0.654 0.118 0.747 0.655 -0.106 -0.759 -0.643 -0.829 -0.303 0.471 0.118 0.746 0.655 -0.85 -0.295 0.436 0.488 -0.775 0.402 0.488 -0.774 0.403 -0.85 -0.295 0.437 0.853 0.304 -0.424 0.853 0.305 -0.423 -0.484 0.783 -0.39 -0.484 0.784 -0.389 0.853 0.305 -0.422 -0.484 0.784 -0.388 -0.895 -0.275 -0.352 0.397 -0.86 -0.32 0.397 -0.86 -0.321 0.885 0.255 0.389 0.886 0.256 0.388 -0.408 0.841 0.356 0.471 -0.45 -0.759 -0.612 0.041 -0.79 0.864 0.476 -0.165 -0.2 0.961 -0.19 0.24 0.468 -0.851 0.103 -0.66 0.744 0.723 -0.196 0.663 0.924 -0.373 0.082 0.132 -0.977 0.17 0.625 0.567 0.536 0.795 0.603 -0.069 -0.095 0.866 0.492 -0.122 0.983 -0.133 -0.715 0.399 0.574 -0.92 0.389 -0.047 -0.614 -0.363 0.701 -0.796 -0.596 0.106 0.924 -0.375 0.07 0.125 -0.983 0.135 0.79 0.612 -0.047 -0.131 0.987 -0.098 -0.921 0.388 -0.034 -0.799 -0.595 0.082 0.926 -0.378 0.021 0.124 -0.989 0.082 0.787 0.615 -0.042 -0.134 0.99 -0.044 -0.92 0.391 0.016 -0.8 -0.595 0.079 0.927 -0.375 -0.024 0.131 -0.991 0.018 0.789 0.614 -0.023 -0.128 0.992 0.02 -0.918 0.392 0.061 -0.797 -0.6 0.061 0.928 -0.371 -0.024 0.14 -0.989 -0.046 0.792 0.609 0.04 -0.119 0.989 0.083 -0.917 0.394 0.063 -0.796 -0.606 -0.002 0.74 -0.247 -0.625 0.108 -0.729 -0.676 0.638 0.539 -0.55 -0.099 0.845 -0.526 -0.732 0.362 -0.577 -0.628 -0.424 -0.652 0.007 0.162 0.987 0.007 0.094 -0.995 0.101 -0.77 0.63 0.855 -0.249 -0.455 0.855 -0.249 -0.454 -0.093 0.779 -0.62 -0.847 0.258 0.464 -0.847 0.258 0.465 0.856 -0.248 -0.454 0.102 -0.769 0.631 -0.092 0.78 -0.619 -0.846 0.259 0.466 0.124 -0.981 -0.146 0.82 0.021 0.572 0.124 -0.982 -0.145 -0.134 0.978 0.16 -0.83 -0.025 -0.558 -0.83 -0.025 -0.557 0.819 0.021 0.573 0.123 -0.982 -0.144 -0.135 0.978 0.161 -0.831 -0.025 -0.556 0.086 -0.584 -0.807 0.764 0.555 -0.33 0.764 0.554 -0.329 -0.076 0.575 0.815 -0.075 0.574 0.815 -0.754 -0.564 0.337 -0.753 -0.564 0.338 0.765 0.554 -0.329 0.087 -0.585 -0.806 -0.075 0.574 0.816 -0.753 -0.565 0.338 0.089 -0.717 0.691 0.99 0.142 0.02 0.99 0.143 0.021 0.089 -0.717 0.692 -0.091 0.729 -0.679 -0.091 0.729 -0.678 -0.991 -0.131 -0.008 -0.991 -0.13 -0.007 0.989 0.143 0.022 0.089 -0.716 0.692 -0.091 0.73 -0.677 -0.992 -0.13 -0.007 0.083 -0.626 -0.775 0.898 -0.286 0.336 0.897 -0.286 0.336 0.082 -0.627 -0.775 -0.09 0.614 0.784 -0.09 0.613 0.785 -0.905 0.273 -0.326 -0.905 0.272 -0.326 0.897 -0.287 0.337 0.082 -0.628 -0.774 -0.09 0.612 0.785 -0.906 0.272 -0.325 0.121 -0.903 0.412 0.744 -0.184 -0.642 0.745 -0.184 -0.641 0.122 -0.903 0.413 -0.11 0.91 -0.401 -0.109 0.91 -0.4 -0.733 0.191 0.653 -0.732 0.191 0.654 0.746 -0.184 -0.641 0.123 -0.902 0.413 -0.109 0.91 -0.399 -0.731 0.192 0.655 0.114 -0.92 0.376 0.82 0.296 0.49 0.113 -0.92 0.376 -0.122 0.924 -0.363 -0.123 0.924 -0.362 -0.829 -0.292 -0.477 -0.829 -0.292 -0.476 0.819 0.296 0.491 0.113 -0.919 0.377 -0.83 -0.291 -0.476 0.126 -0.888 -0.443 0.93 0.258 -0.261 0.93 0.258 -0.262 0.125 -0.887 -0.443 -0.11 0.87 0.48 -0.11 0.871 0.479 -0.914 -0.275 0.299 -0.914 -0.274 0.298 0.554 0.436 -0.71 -0.107 -0.505 -0.856 -0.303 0.948 -0.101 -0.968 -0.002 -0.251 -0.361 0.384 -0.85 -0.748 -0.001 0.664 -0.339 -0.649 0.681 -0.469 -0.882 0.052 -0.998 -0.029 0.05 0.427 -0.622 0.656 0.537 -0.843 0.021 0.787 0.056 0.614 0.999 0.046 -0.011 0.377 0.709 0.596 0.464 0.886 -0.013 -0.392 0.678 0.622 -0.527 0.849 0.018 -0.469 -0.883 -0.003 -0.999 -0.029 0.039 0.537 -0.843 -0.022 0.999 0.046 0.001 0.466 0.884 0.042 -0.526 0.849 0.061 -0.465 -0.884 -0.04 -0.999 -0.038 0.021 0.534 -0.844 -0.041 0.999 0.037 0.018 0.469 0.88 0.078 -0.529 0.845 0.08 -0.461 -0.887 -0.027 -0.999 -0.046 -0.001 0.531 -0.848 -0.007 0.999 0.028 0.039 0.473 0.879 0.066 -0.534 0.844 0.046 -0.461 -0.887 0.019 -0.999 -0.048 -0.021 0.527 -0.848 0.059 0.998 0.026 0.061 0.474 0.88 0.021 -0.534 0.845 -0.02 -0.338 -0.728 -0.596 -0.753 -0.061 -0.655 0.448 -0.699 -0.557 0.817 -0.003 -0.576 0.399 0.662 -0.635 -0.384 0.631 -0.674 0.028 0.043 0.999 0.05 -0.052 -0.997 -0.966 -0.042 -0.255 0.216 -0.569 -0.793 0.216 -0.57 -0.793 -0.966 -0.043 -0.254 0.964 0.03 0.264 0.964 0.029 0.264 -0.217 0.557 0.802 -0.218 0.556 0.802 0.216 -0.571 -0.792 0.964 0.029 0.265 -0.8 -0.027 0.599 0.276 -0.89 0.363 0.276 -0.889 0.364 -0.8 -0.026 0.6 0.808 0.033 -0.588 0.809 0.034 -0.587 -0.268 0.897 -0.351 0.277 -0.889 0.365 -0.799 -0.026 0.601 0.809 0.034 -0.586 -0.267 0.898 -0.35 -0.554 -0.02 -0.832 -0.042 -0.997 0.057 -0.043 -0.997 0.058 -0.555 -0.02 -0.832 0.54 0.021 0.841 0.539 0.021 0.842 0.028 0.998 -0.047 0.027 0.999 -0.047 -0.044 -0.997 0.058 -0.556 -0.02 -0.831 0.026 0.999 -0.046 -0.809 -0.033 0.586 -0.147 -0.948 -0.283 -0.146 -0.948 -0.282 -0.809 -0.033 0.587 0.819 0.028 -0.573 0.156 0.942 0.297 -0.146 -0.948 -0.281 -0.808 -0.034 0.588 0.82 0.027 -0.572 0.157 0.942 0.298 -0.999 -0.031 0.021 0.032 -0.569 0.822 0.032 -0.568 0.822 -0.999 -0.03 0.022 0.999 0.044 -0.011 0.999 0.045 -0.01 -0.032 0.582 -0.812 -0.032 0.583 -0.812 0.032 -0.567 0.823 -0.999 -0.029 0.022 0.999 0.046 -0.01 -0.032 0.584 -0.811 0.492 -0.508 0.707 0.798 0.198 0.569 0.992 0.124 -0.032 0.606 -0.786 0.126 0.328 0.816 0.476 0.391 0.91 -0.139 -0.447 0.727 0.521 -0.597 0.797 -0.09 -0.752 0.02 0.659 -0.992 -0.106 0.067 -0.282 -0.597 0.752 -0.391 -0.903 0.176 0.992 0.121 -0.044 0.599 -0.796 0.092 0.385 0.916 -0.116 -0.602 0.797 -0.054 -0.991 -0.107 0.08 -0.397 -0.905 0.153 0.989 0.118 -0.093 0.595 -0.803 0.039 0.382 0.918 -0.112 -0.6 0.8 -0.001 -0.986 -0.103 0.129 -0.398 -0.905 0.15 0.983 0.119 -0.137 0.595 -0.803 -0.025 0.385 0.918 -0.093 -0.588 0.806 0.061 -0.98 -0.099 0.173 -0.395 -0.909 0.132 0.983 0.124 -0.138 0.595 -0.799 -0.089 0.398 0.917 -0.032 -0.572 0.811 0.123 -0.98 -0.097 0.175 -0.398 -0.915 0.069 0.695 0.124 -0.708 0.373 -0.607 -0.702 0.233 0.766 -0.599 -0.553 0.677 -0.485 -0.876 -0.054 -0.479 -0.413 -0.696 -0.588 0.037 0.175 0.984 -0.15 0.058 -0.987 0.531 -0.608 0.59 0.814 0.182 -0.552 0.814 0.183 -0.551 -0.527 0.62 -0.581 -0.81 -0.171 0.56 -0.81 -0.171 0.561 0.814 0.184 -0.551 0.531 -0.607 0.591 -0.527 0.621 -0.58 -0.81 -0.17 0.561 0.567 -0.803 -0.185 0.766 0.433 0.474 0.766 0.433 0.475 0.566 -0.803 -0.184 -0.572 0.796 0.2 -0.572 0.795 0.201 -0.771 -0.44 -0.46 -0.772 -0.44 -0.459 0.766 0.432 0.476 0.566 -0.804 -0.184 -0.572 0.795 0.202 -0.772 -0.441 -0.458 0.269 -0.495 -0.826 0.359 0.846 -0.395 0.359 0.846 -0.394 0.27 -0.495 -0.826 -0.256 0.492 0.832 -0.255 0.492 0.833 -0.345 -0.849 0.401 -0.344 -0.849 0.401 0.36 0.846 -0.394 0.271 -0.495 -0.825 -0.254 0.492 0.833 -0.343 -0.849 0.402 0.502 -0.566 0.653 0.793 0.603 -0.086 0.793 0.604 -0.085 0.502 -0.566 0.654 -0.508 0.576 -0.641 -0.508 0.576 -0.64 -0.798 -0.594 0.099 -0.799 -0.594 0.099 0.792 0.604 -0.084 0.502 -0.565 0.655 -0.508 0.577 -0.64 -0.799 -0.593 0.1 0.291 -0.533 -0.795 0.955 0.194 0.224 0.955 0.193 0.224 0.291 -0.534 -0.794 -0.29 0.519 0.804 -0.29 0.518 0.805 -0.954 -0.208 -0.214 -0.954 -0.209 -0.213 0.955 0.193 0.225 -0.29 0.517 0.805 -0.954 -0.21 -0.213 0.588 -0.72 0.368 0.667 0.181 -0.723 0.589 -0.719 0.369 -0.58 0.732 -0.358 -0.58 0.732 -0.357 -0.658 -0.169 0.733 -0.658 -0.168 0.734 0.668 0.182 -0.722 -0.579 0.733 -0.357 -0.658 -0.168 0.735 0.586 -0.739 0.332 0.624 0.671 0.401 0.624 0.671 0.402 0.585 -0.739 0.333 -0.593 0.739 -0.319 -0.594 0.739 -0.318 -0.632 -0.671 -0.387 -0.633 -0.671 -0.387 0.623 0.671 0.402 0.585 -0.739 0.334 -0.594 0.739 -0.317 -0.633 -0.671 -0.386 0.491 -0.73 -0.476 0.654 0.668 -0.354 0.654 0.668 -0.355 0.49 -0.73 -0.477 -0.464 0.723 0.511 -0.465 0.724 0.51 -0.628 -0.674 0.389 -0.629 -0.674 0.388 0.193 0.631 -0.752 0.058 -0.521 -0.852 -0.733 0.679 -0.039 -0.868 -0.477 -0.14 -0.596 0.138 -0.791 0.575 0.502 0.646 -0.174 0.748 0.64 -0.211 0.975 0.073 0.738 0.672 0.056 -0.761 0.223 0.61 -0.949 0.313 0.036 -0.598 -0.548 0.585 -0.75 -0.661 -0.019 0.15 -0.793 0.59 0.201 -0.979 -0.037 0.737 -0.268 0.62 0.952 -0.307 0.001 -0.206 0.973 0.1 0.744 0.666 0.052 -0.949 0.307 0.066 -0.745 -0.667 -0.016 0.204 -0.977 -0.064 0.95 -0.31 -0.03 -0.202 0.976 0.078 0.751 0.659 0.047 -0.951 0.304 0.049 -0.739 -0.674 -0.011 0.209 -0.977 -0.041 0.949 -0.316 -0.013 -0.2 0.98 0.018 0.753 0.657 0.041 -0.952 0.305 -0.005 -0.737 -0.676 -0.004 0.21 -0.978 0.019 0.947 -0.319 0.042 -0.201 0.979 -0.037 0.748 0.662 0.035 -0.95 0.308 -0.054 -0.742 -0.671 0.002 0.204 -0.976 0.073 0.945 -0.314 0.09 -0.118 0.75 -0.651 0.644 0.5 -0.579 -0.719 0.212 -0.662 -0.556 -0.574 -0.601 0.206 -0.823 -0.529 0.806 -0.287 -0.518 -0.019 -0.037 0.999 0.074 -0.063 -0.995 0.712 0.649 0.269 -0.286 0.624 -0.728 -0.286 0.624 -0.727 0.711 0.649 0.27 -0.723 -0.64 -0.258 -0.724 -0.64 -0.258 0.274 -0.616 0.739 0.274 -0.615 0.739 -0.287 0.625 -0.726 -0.724 -0.64 -0.257 0.273 -0.615 0.74 0.703 0.626 0.338 -0.688 0.46 0.561 -0.688 0.46 0.562 0.703 0.626 0.339 -0.7 -0.635 -0.328 -0.7 -0.635 -0.327 0.691 -0.469 -0.551 0.691 -0.469 -0.55 -0.688 0.459 0.562 0.703 0.625 0.339 -0.699 -0.636 -0.327 0.691 -0.47 -0.55 0.611 0.544 -0.575 -0.737 0.657 -0.158 -0.737 0.657 -0.157 0.612 0.545 -0.574 -0.606 -0.535 0.588 -0.606 -0.535 0.589 0.742 -0.648 0.171 0.743 -0.647 0.172 -0.737 0.658 -0.157 0.612 0.545 -0.573 -0.606 -0.534 0.589 0.743 -0.647 0.173 0.6 0.546 0.585 -0.503 0.828 -0.248 -0.504 0.828 -0.248 -0.61 -0.548 -0.573 -0.61 -0.548 -0.572 0.494 -0.83 0.26 0.493 -0.83 0.261 -0.504 0.827 -0.247 0.599 0.545 0.586 -0.611 -0.548 -0.571 0.492 -0.83 0.262 0.684 0.601 -0.414 -0.16 0.687 0.709 -0.16 0.686 0.71 0.685 0.601 -0.413 -0.674 -0.607 0.422 -0.673 -0.607 0.422 0.171 -0.692 -0.701 0.171 -0.693 -0.701 -0.159 0.686 0.71 0.685 0.6 -0.413 0.172 -0.693 -0.7 0.693 0.625 -0.359 -0.628 0.262 -0.733 -0.628 0.263 -0.733 0.693 0.626 -0.358 -0.699 -0.614 0.367 0.623 -0.252 0.741 0.622 -0.251 0.742 -0.628 0.263 -0.732 -0.699 -0.613 0.368 0.622 -0.25 0.742</float_array><technique_common><accessor source="#ROW_15_SEG1_solid-nrm-a" count="1818" stride="3"><param name="X" type="float"/><param name="Y" type="float"/><param name="Z" type="float"/></accessor></technique_common></source>
        <vertices id="ROW_15_SEG1_solid-vtx"><input semantic="POSITION" source="#ROW_15_SEG1_solid-pos"/></vertices>
        <triangles count="2940" material="MAT_COTTON_STEM-mat"><input semantic="VERTEX" source="#ROW_15_SEG1_solid-vtx" offset="0"/><input semantic="NORMAL" source="#ROW_15_SEG1_solid-nrm" offset="1"/><p>0 0 1 1 2 2 0 0 2 2 3 3 1 1 4 4 5 5 1 1 5 5 2 2 4 4 6 6 7 7 4 4 7 7 5 5 6 6 8 8 9 9 6 6 9 9 7 7 8 8 10 10 11 11 8 8 11 11 9 9 10 10 0 0 3 3 10 10 3 3 11 11 3 3 2 2 12 12 3 3 12 12 13 13 2 2 5 5 14 14 2 2 14 14 12 12 5 5 7 7 15 15 5 5 15 15 14 14 7 7 9 9 16 16 7 7 16 16 15 15 9 9 11 11 17 17 9 9 17 17 16 16 11 11 3 3 13 13 11 11 13 13 17 17 13 13 12 12 18 18 13 13 18 18 19 19 12 12 14 14 20 20 12 12 20 20 18 18 14 14 15 15 21 21 14 14 21 21 20 20 15 15 16 16 22 22 15 15 22 22 21 21 16 16 17 17 23 23 16 16 23 23 22 22 17 17 13 13 19 19 17 17 19 19 23 23 19 19 18 18 24 24 19 19 24 24 25 25 18 18 20 20 26 26 18 18 26 26 24 24 20 20 21 21 27 27 20 20 27 27 26 26 21 21 22 22 28 28 21 21 28 28 27 27 22 22 23 23 29 29 22 22 29 29 28 28 23 23 19 19 25 25 23 23 25 25 29 29 25 25 24 24 30 30 25 25 30 30 31 31 24 24 26 26 32 32 24 24 32 32 30 30 26 26 27 27 33 33 26 26 33 33 32 32 27 27 28 28 34 34 27 27 34 34 33 33 28 28 29 29 35 35 28 28 35 35 34 34 29 29 25 25 31 31 29 29 31 31 35 35 31 31 30 30 36 36 31 31 36 36 37 37 30 30 32 32 38 38 30 30 38 38 36 36 32 32 33 33 39 39 32 32 39 39 38 38 33 33 34 34 40 40 33 33 40 40 39 39 34 34 35 35 41 41 34 34 41 41 40 40 35 35 31 31 37 37 35 35 37 37 41 41 0 0 1 1 42 42 1 1 4 4 42 42 4 4 6 6 42 42 6 6 8 8 42 42 8 8 10 10 42 42 10 10 0 0 42 42 36 36 37 37 43 43 38 38 36 36 43 43 39 39 38 38 43 43 40 40 39 39 43 43 41 41 40 40 43 43 37 37 41 41 43 43 44 44 45 45 46 45 44 44 46 45 47 46 45 45 48 47 49 48 45 45 49 48 46 45 48 47 50 49 51 50 48 47 51 50 49 48 50 49 44 44 47 46 50 49 47 46 51 50 47 46 46 45 52 51 47 46 52 51 53 52 46 45 49 48 54 53 46 45 54 53 52 51 49 48 51 50 55 54 49 48 55 54 54 53 51 50 47 46 53 52 51 50 53 52 55 54 56 55 57 56 58 57 56 55 58 57 59 58 57 56 60 59 61 60 57 56 61 60 58 57 60 59 62 61 63 62 60 59 63 62 61 60 62 61 56 55 59 58 62 61 59 58 63 62 59 58 58 57 64 63 59 58 64 63 65 64 58 57 61 60 66 65 58 57 66 65 64 63 61 60 63 62 67 62 61 60 67 62 66 65 63 62 59 58 65 64 63 62 65 64 67 62 68 66 69 67 70 68 68 66 70 68 71 69 69 67 72 70 73 70 69 67 73 70 70 68 72 70 74 71 75 72 72 70 75 72 73 70 74 71 68 66 71 69 74 71 71 69 75 72 71 69 70 68 76 73 71 69 76 73 77 74 70 68 73 70 78 75 70 68 78 75 76 73 73 70 75 72 79 76 73 70 79 76 78 75 75 72 71 69 77 74 75 72 77 74 79 76 80 77 81 78 82 79 80 77 82 79 83 80 81 78 84 81 85 82 81 78 85 82 82 79 84 81 86 83 87 84 84 81 87 84 85 82 86 83 80 77 83 80 86 83 83 80 87 84 83 80 82 79 88 85 83 80 88 85 89 86 82 79 85 82 90 87 82 79 90 87 88 85 85 82 87 84 91 88 85 82 91 88 90 87 87 84 83 80 89 86 87 84 89 86 91 88 92 89 93 90 94 90 92 89 94 90 95 89 93 90 96 91 97 91 93 90 97 91 94 90 96 91 98 92 99 93 96 91 99 93 97 91 98 92 92 89 95 89 98 92 95 89 99 93 95 89 94 90 100 94 95 89 100 94 101 95 94 90 97 91 102 96 94 90 102 96 100 94 97 91 99 93 103 97 97 91 103 97 102 96 99 93 95 89 101 95 99 93 101 95 103 97 104 98 105 99 106 100 104 98 106 100 107 101 105 99 108 102 109 103 105 99 109 103 106 100 108 102 110 104 111 105 108 102 111 105 109 103 110 104 104 98 107 101 110 104 107 101 111 105 107 101 106 100 112 100 107 101 112 100 113 106 106 100 109 103 114 103 106 100 114 103 112 100 109 103 111 105 115 107 109 103 115 107 114 103 111 105 107 101 113 106 111 105 113 106 115 107 116 108 117 109 118 110 116 108 118 110 119 111 117 109 120 112 121 113 117 109 121 113 118 110 120 112 122 114 123 115 120 112 123 115 121 113 122 114 124 116 125 117 122 114 125 117 123 115 124 116 126 118 127 119 124 116 127 119 125 117 126 118 116 108 119 111 126 118 119 111 127 119 119 111 118 110 128 120 119 111 128 120 129 121 118 110 121 113 130 122 118 110 130 122 128 120 121 113 123 115 131 123 121 113 131 123 130 122 123 115 125 117 132 124 123 115 132 124 131 123 125 117 127 119 133 125 125 117 133 125 132 124 127 119 119 111 129 121 127 119 129 121 133 125 129 121 128 120 134 126 129 121 134 126 135 127 128 120 130 122 136 128 128 120 136 128 134 126 130 122 131 123 137 129 130 122 137 129 136 128 131 123 132 124 138 130 131 123 138 130 137 129 132 124 133 125 139 131 132 124 139 131 138 130 133 125 129 121 135 127 133 125 135 127 139 131 135 127 134 126 140 132 135 127 140 132 141 133 134 126 136 128 142 134 134 126 142 134 140 132 136 128 137 129 143 135 136 128 143 135 142 134 137 129 138 130 144 136 137 129 144 136 143 135 138 130 139 131 145 137 138 130 145 137 144 136 139 131 135 127 141 133 139 131 141 133 145 137 141 133 140 132 146 138 141 133 146 138 147 139 140 132 142 134 148 140 140 132 148 140 146 138 142 134 143 135 149 141 142 134 149 141 148 140 143 135 144 136 150 142 143 135 150 142 149 141 144 136 145 137 151 143 144 136 151 143 150 142 145 137 141 133 147 139 145 137 147 139 151 143 147 139 146 138 152 144 147 139 152 144 153 145 146 138 148 140 154 146 146 138 154 146 152 144 148 140 149 141 155 147 148 140 155 147 154 146 149 141 150 142 156 148 149 141 156 148 155 147 150 142 151 143 157 149 150 142 157 149 156 148 151 143 147 139 153 145 151 143 153 145 157 149 116 108 117 109 158 150 117 109 120 112 158 150 120 112 122 114 158 150 122 114 124 116 158 150 124 116 126 118 158 150 126 118 116 108 158 150 152 144 153 145 159 151 154 146 152 144 159 151 155 147 154 146 159 151 156 148 155 147 159 151 157 149 156 148 159 151 153 145 157 149 159 151 160 152 161 153 162 154 160 152 162 154 163 155 161 153 164 156 165 157 161 153 165 157 162 154 164 156 166 158 167 159 164 156 167 159 165 157 166 158 160 152 163 155 166 158 163 155 167 159 163 155 162 154 168 160 163 155 168 160 169 161 162 154 165 157 170 162 162 154 170 162 168 160 165 157 167 159 171 159 165 157 171 159 170 162 167 159 163 155 169 161 167 159 169 161 171 159 172 163 173 164 174 165 172 163 174 165 175 166 173 164 176 167 177 168 173 164 177 168 174 165 176 167 178 169 179 169 176 167 179 169 177 168 178 169 172 163 175 166 178 169 175 166 179 169 175 166 174 165 180 170 175 166 180 170 181 171 174 165 177 168 182 172 174 165 182 172 180 170 177 168 179 169 183 173 177 168 183 173 182 172 179 169 175 166 181 171 179 169 181 171 183 173 184 174 185 175 186 176 184 174 186 176 187 177 185 175 188 178 189 179 185 175 189 179 186 176 188 178 190 180 191 181 188 178 191 181 189 179 190 180 184 174 187 177 190 180 187 177 191 181 187 177 186 176 192 182 187 177 192 182 193 183 186 176 189 179 194 184 186 176 194 184 192 182 189 179 191 181 195 185 189 179 195 185 194 184 191 181 187 177 193 183 191 181 193 183 195 185 196 186 197 187 198 188 196 186 198 188 199 186 197 187 200 189 201 190 197 187 201 190 198 188 200 189 202 191 203 192 200 189 203 192 201 190 202 191 196 186 199 186 202 191 199 186 203 192 199 186 198 188 204 193 199 186 204 193 205 194 198 188 201 190 206 195 198 188 206 195 204 193 201 190 203 192 207 196 201 190 207 196 206 195 203 192 199 186 205 194 203 192 205 194 207 196 208 197 209 198 210 199 208 197 210 199 211 200 209 198 212 201 213 202 209 198 213 202 210 199 212 201 214 203 215 204 212 201 215 204 213 202 214 203 208 197 211 200 214 203 211 200 215 204 211 200 210 199 216 205 211 200 216 205 217 206 210 199 213 202 218 207 210 199 218 207 216 205 213 202 215 204 219 208 213 202 219 208 218 207 215 204 211 200 217 206 215 204 217 206 219 208 220 209 221 210 222 211 220 209 222 211 223 212 221 210 224 213 225 214 221 210 225 214 222 211 224 213 226 215 227 216 224 213 227 216 225 214 226 215 228 217 229 218 226 215 229 218 227 216 228 217 230 219 231 220 228 217 231 220 229 218 230 219 220 209 223 212 230 219 223 212 231 220 223 212 222 211 232 221 223 212 232 221 233 222 222 211 225 214 234 223 222 211 234 223 232 221 225 214 227 216 235 224 225 214 235 224 234 223 227 216 229 218 236 225 227 216 236 225 235 224 229 218 231 220 237 226 229 218 237 226 236 225 231 220 223 212 233 222 231 220 233 222 237 226 233 222 232 221 238 227 233 222 238 227 239 228 232 221 234 223 240 229 232 221 240 229 238 227 234 223 235 224 241 230 234 223 241 230 240 229 235 224 236 225 242 231 235 224 242 231 241 230 236 225 237 226 243 232 236 225 243 232 242 231 237 226 233 222 239 228 237 226 239 228 243 232 239 228 238 227 244 233 239 228 244 233 245 234 238 227 240 229 246 235 238 227 246 235 244 233 240 229 241 230 247 236 240 229 247 236 246 235 241 230 242 231 248 237 241 230 248 237 247 236 242 231 243 232 249 238 242 231 249 238 248 237 243 232 239 228 245 234 243 232 245 234 249 238 245 234 244 233 250 239 245 234 250 239 251 240 244 233 246 235 252 241 244 233 252 241 250 239 246 235 247 236 253 242 246 235 253 242 252 241 247 236 248 237 254 243 247 236 254 243 253 242 248 237 249 238 255 244 248 237 255 244 254 243 249 238 245 234 251 240 249 238 251 240 255 244 251 240 250 239 256 245 251 240 256 245 257 246 250 239 252 241 258 247 250 239 258 247 256 245 252 241 253 242 259 248 252 241 259 248 258 247 253 242 254 243 260 249 253 242 260 249 259 248 254 243 255 244 261 250 254 243 261 250 260 249 255 244 251 240 257 246 255 244 257 246 261 250 220 209 221 210 262 251 221 210 224 213 262 251 224 213 226 215 262 251 226 215 228 217 262 251 228 217 230 219 262 251 230 219 220 209 262 251 256 245 257 246 263 252 258 247 256 245 263 252 259 248 258 247 263 252 260 249 259 248 263 252 261 250 260 249 263 252 257 246 261 250 263 252 264 253 265 254 266 255 264 253 266 255 267 256 265 254 268 257 269 258 265 254 269 258 266 255 268 257 270 259 271 260 268 257 271 260 269 258 270 259 264 253 267 256 270 259 267 256 271 260 267 256 266 255 272 261 267 256 272 261 273 262 266 255 269 258 274 263 266 255 274 263 272 261 269 258 271 260 275 264 269 258 275 264 274 263 271 260 267 256 273 262 271 260 273 262 275 264 276 265 277 266 278 267 276 265 278 267 279 268 277 266 280 269 281 270 277 266 281 270 278 267 280 269 282 271 283 272 280 269 283 272 281 270 282 271 276 265 279 268 282 271 279 268 283 272 279 268 278 267 284 273 279 268 284 273 285 274 278 267 281 270 286 275 278 267 286 275 284 273 281 270 283 272 287 276 281 270 287 276 286 275 283 272 279 268 285 274 283 272 285 274 287 276 288 277 289 278 290 279 288 277 290 279 291 280 289 278 292 281 293 282 289 278 293 282 290 279 292 281 294 283 295 284 292 281 295 284 293 282 294 283 288 277 291 280 294 283 291 280 295 284 291 280 290 279 296 285 291 280 296 285 297 286 290 279 293 282 298 282 290 279 298 282 296 285 293 282 295 284 299 287 293 282 299 287 298 282 295 284 291 280 297 286 295 284 297 286 299 287 300 288 301 289 302 290 300 288 302 290 303 291 301 289 304 292 305 293 301 289 305 293 302 290 304 292 306 294 307 295 304 292 307 295 305 293 306 294 300 288 303 291 306 294 303 291 307 295 303 291 302 290 308 296 303 291 308 296 309 297 302 290 305 293 310 298 302 290 310 298 308 296 305 293 307 295 311 295 305 293 311 295 310 298 307 295 303 291 309 297 307 295 309 297 311 295 312 299 313 300 314 301 312 299 314 301 315 302 313 300 316 303 317 304 313 300 317 304 314 301 316 303 318 305 319 306 316 303 319 306 317 304 318 305 312 299 315 302 318 305 315 302 319 306 315 302 314 301 320 307 315 302 320 307 321 302 314 301 317 304 322 308 314 301 322 308 320 307 317 304 319 306 323 309 317 304 323 309 322 308 319 306 315 302 321 302 319 306 321 302 323 309 324 310 325 311 326 312 324 310 326 312 327 313 325 311 328 314 329 315 325 311 329 315 326 312 328 314 330 316 331 317 328 314 331 317 329 315 330 316 324 310 327 313 330 316 327 313 331 317 327 313 326 312 332 318 327 313 332 318 333 319 326 312 329 315 334 320 326 312 334 320 332 318 329 315 331 317 335 321 329 315 335 321 334 320 331 317 327 313 333 319 331 317 333 319 335 321 336 322 337 323 338 324 336 322 338 324 339 325 337 323 340 326 341 327 337 323 341 327 338 324 340 326 342 328 343 329 340 326 343 329 341 327 342 328 344 330 345 331 342 328 345 331 343 329 344 330 346 332 347 333 344 330 347 333 345 331 346 332 336 322 339 325 346 332 339 325 347 333 339 325 338 324 348 334 339 325 348 334 349 335 338 324 341 327 350 336 338 324 350 336 348 334 341 327 343 329 351 337 341 327 351 337 350 336 343 329 345 331 352 338 343 329 352 338 351 337 345 331 347 333 353 339 345 331 353 339 352 338 347 333 339 325 349 335 347 333 349 335 353 339 349 335 348 334 354 340 349 335 354 340 355 341 348 334 350 336 356 342 348 334 356 342 354 340 350 336 351 337 357 343 350 336 357 343 356 342 351 337 352 338 358 344 351 337 358 344 357 343 352 338 353 339 359 345 352 338 359 345 358 344 353 339 349 335 355 341 353 339 355 341 359 345 355 341 354 340 360 346 355 341 360 346 361 347 354 340 356 342 362 348 354 340 362 348 360 346 356 342 357 343 363 349 356 342 363 349 362 348 357 343 358 344 364 350 357 343 364 350 363 349 358 344 359 345 365 351 358 344 365 351 364 350 359 345 355 341 361 347 359 345 361 347 365 351 361 347 360 346 366 352 361 347 366 352 367 353 360 346 362 348 368 354 360 346 368 354 366 352 362 348 363 349 369 355 362 348 369 355 368 354 363 349 364 350 370 356 363 349 370 356 369 355 364 350 365 351 371 357 364 350 371 357 370 356 365 351 361 347 367 353 365 351 367 353 371 357 367 353 366 352 372 358 367 353 372 358 373 359 366 352 368 354 374 360 366 352 374 360 372 358 368 354 369 355 375 361 368 354 375 361 374 360 369 355 370 356 376 362 369 355 376 362 375 361 370 356 371 357 377 363 370 356 377 363 376 362 371 357 367 353 373 359 371 357 373 359 377 363 336 322 337 323 378 364 337 323 340 326 378 364 340 326 342 328 378 364 342 328 344 330 378 364 344 330 346 332 378 364 346 332 336 322 378 364 372 358 373 359 379 365 374 360 372 358 379 365 375 361 374 360 379 365 376 362 375 361 379 365 377 363 376 362 379 365 373 359 377 363 379 365 380 366 381 367 382 368 380 366 382 368 383 369 381 367 384 370 385 371 381 367 385 371 382 368 384 370 386 372 387 373 384 370 387 373 385 371 386 372 380 366 383 369 386 372 383 369 387 373 383 369 382 368 388 374 383 369 388 374 389 375 382 368 385 371 390 371 382 368 390 371 388 374 385 371 387 373 391 376 385 371 391 376 390 371 387 373 383 369 389 375 387 373 389 375 391 376 392 377 393 378 394 379 392 377 394 379 395 380 393 378 396 381 397 382 393 378 397 382 394 379 396 381 398 383 399 384 396 381 399 384 397 382 398 383 392 377 395 380 398 383 395 380 399 384 395 380 394 379 400 385 395 380 400 385 401 386 394 379 397 382 402 387 394 379 402 387 400 385 397 382 399 384 403 388 397 382 403 388 402 387 399 384 395 380 401 386 399 384 401 386 403 388 404 389 405 390 406 390 404 389 406 390 407 391 405 390 408 392 409 393 405 390 409 393 406 390 408 392 410 394 411 395 408 392 411 395 409 393 410 394 404 389 407 391 410 394 407 391 411 395 407 391 406 390 412 396 407 391 412 396 413 397 406 390 409 393 414 398 406 390 414 398 412 396 409 393 411 395 415 399 409 393 415 399 414 398 411 395 407 391 413 397 411 395 413 397 415 399 416 400 417 401 418 402 416 400 418 402 419 403 417 401 420 404 421 405 417 401 421 405 418 402 420 404 422 406 423 407 420 404 423 407 421 405 422 406 416 400 419 403 422 406 419 403 423 407 419 403 418 402 424 408 419 403 424 408 425 409 418 402 421 405 426 410 418 402 426 410 424 408 421 405 423 407 427 411 421 405 427 411 426 410 423 407 419 403 425 409 423 407 425 409 427 411 428 412 429 413 430 414 428 412 430 414 431 415 429 413 432 416 433 417 429 413 433 417 430 414 432 416 434 418 435 419 432 416 435 419 433 417 434 418 428 412 431 415 434 418 431 415 435 419 431 415 430 414 436 420 431 415 436 420 437 415 430 414 433 417 438 421 430 414 438 421 436 420 433 417 435 419 439 422 433 417 439 422 438 421 435 419 431 415 437 415 435 419 437 415 439 422 440 423 441 424 442 425 440 423 442 425 443 426 441 424 444 427 445 428 441 424 445 428 442 425 444 427 446 429 447 430 444 427 447 430 445 428 446 429 440 423 443 426 446 429 443 426 447 430 443 426 442 425 448 431 443 426 448 431 449 432 442 425 445 428 450 433 442 425 450 433 448 431 445 428 447 430 451 434 445 428 451 434 450 433 447 430 443 426 449 432 447 430 449 432 451 434 452 435 453 436 454 437 452 435 454 437 455 438 453 436 456 439 457 440 453 436 457 440 454 437 456 439 458 441 459 442 456 439 459 442 457 440 458 441 452 435 455 438 458 441 455 438 459 442 455 438 454 437 460 443 455 438 460 443 461 444 454 437 457 440 462 440 454 437 462 440 460 443 457 440 459 442 463 445 457 440 463 445 462 440 459 442 455 438 461 444 459 442 461 444 463 445 464 446 465 447 466 448 464 446 466 448 467 449 465 447 468 450 469 451 465 447 469 451 466 448 468 450 470 452 471 452 468 450 471 452 469 451 470 452 464 446 467 449 470 452 467 449 471 452 467 449 466 448 472 453 467 449 472 453 473 454 466 448 469 451 474 455 466 448 474 455 472 453 469 451 471 452 475 456 469 451 475 456 474 455 471 452 467 449 473 454 471 452 473 454 475 456 472 453 473 454 476 457 474 455 472 453 476 457 475 456 474 455 476 457 473 454 475 456 476 457 477 458 478 459 479 460 477 458 479 460 480 461 478 459 481 462 482 463 478 459 482 463 479 460 481 462 483 464 484 465 481 462 484 465 482 463 483 464 485 466 486 467 483 464 486 467 484 465 485 466 487 468 488 469 485 466 488 469 486 467 487 468 477 458 480 461 487 468 480 461 488 469 480 461 479 460 489 470 480 461 489 470 490 471 479 460 482 463 491 472 479 460 491 472 489 470 482 463 484 465 492 473 482 463 492 473 491 472 484 465 486 467 493 474 484 465 493 474 492 473 486 467 488 469 494 475 486 467 494 475 493 474 488 469 480 461 490 471 488 469 490 471 494 475 490 471 489 470 495 476 490 471 495 476 496 477 489 470 491 472 497 478 489 470 497 478 495 476 491 472 492 473 498 479 491 472 498 479 497 478 492 473 493 474 499 480 492 473 499 480 498 479 493 474 494 475 500 481 493 474 500 481 499 480 494 475 490 471 496 477 494 475 496 477 500 481 496 477 495 476 501 482 496 477 501 482 502 483 495 476 497 478 503 484 495 476 503 484 501 482 497 478 498 479 504 485 497 478 504 485 503 484 498 479 499 480 505 486 498 479 505 486 504 485 499 480 500 481 506 487 499 480 506 487 505 486 500 481 496 477 502 483 500 481 502 483 506 487 502 483 501 482 507 488 502 483 507 488 508 489 501 482 503 484 509 490 501 482 509 490 507 488 503 484 504 485 510 491 503 484 510 491 509 490 504 485 505 486 511 492 504 485 511 492 510 491 505 486 506 487 512 493 505 486 512 493 511 492 506 487 502 483 508 489 506 487 508 489 512 493 508 489 507 488 513 494 508 489 513 494 514 495 507 488 509 490 515 496 507 488 515 496 513 494 509 490 510 491 516 497 509 490 516 497 515 496 510 491 511 492 517 498 510 491 517 498 516 497 511 492 512 493 518 499 511 492 518 499 517 498 512 493 508 489 514 495 512 493 514 495 518 499 477 458 478 459 519 500 478 459 481 462 519 500 481 462 483 464 519 500 483 464 485 466 519 500 485 466 487 468 519 500 487 468 477 458 519 500 513 494 514 495 520 501 515 496 513 494 520 501 516 497 515 496 520 501 517 498 516 497 520 501 518 499 517 498 520 501 514 495 518 499 520 501 521 502 522 503 523 504 521 502 523 504 524 505 522 503 525 506 526 506 522 503 526 506 523 504 525 506 527 507 528 508 525 506 528 508 526 506 527 507 521 502 524 505 527 507 524 505 528 508 524 505 523 504 529 504 524 505 529 504 530 509 523 504 526 506 531 510 523 504 531 510 529 504 526 506 528 508 532 511 526 506 532 511 531 510 528 508 524 505 530 509 528 508 530 509 532 511 533 512 534 513 535 514 533 512 535 514 536 515 534 513 537 516 538 516 534 513 538 516 535 514 537 516 539 517 540 518 537 516 540 518 538 516 539 517 533 512 536 515 539 517 536 515 540 518 536 515 535 514 541 519 536 515 541 519 542 520 535 514 538 516 543 521 535 514 543 521 541 519 538 516 540 518 544 522 538 516 544 522 543 521 540 518 536 515 542 520 540 518 542 520 544 522 545 523 546 524 547 525 545 523 547 525 548 526 546 524 549 527 550 528 546 524 550 528 547 525 549 527 551 529 552 530 549 527 552 530 550 528 551 529 545 523 548 526 551 529 548 526 552 530 548 526 547 525 553 531 548 526 553 531 554 532 547 525 550 528 555 533 547 525 555 533 553 531 550 528 552 530 556 534 550 528 556 534 555 533 552 530 548 526 554 532 552 530 554 532 556 534 557 535 558 536 559 537 557 535 559 537 560 538 558 536 561 539 562 540 558 536 562 540 559 537 561 539 563 541 564 541 561 539 564 541 562 540 563 541 557 535 560 538 563 541 560 538 564 541 560 538 559 537 565 542 560 538 565 542 566 543 559 537 562 540 567 544 559 537 567 544 565 542 562 540 564 541 568 545 562 540 568 545 567 544 564 541 560 538 566 543 564 541 566 543 568 545 569 546 570 547 571 548 569 546 571 548 572 549 570 547 573 550 574 550 570 547 574 550 571 548 573 550 575 551 576 552 573 550 576 552 574 550 575 551 569 546 572 549 575 551 572 549 576 552 572 549 571 548 577 553 572 549 577 553 578 554 571 548 574 550 579 555 571 548 579 555 577 553 574 550 576 552 580 556 574 550 580 556 579 555 576 552 572 549 578 554 576 552 578 554 580 556 581 557 582 558 583 559 581 557 583 559 584 560 582 558 585 561 586 562 582 558 586 562 583 559 585 561 587 563 588 564 585 561 588 564 586 562 587 563 581 557 584 560 587 563 584 560 588 564 584 560 583 559 589 565 584 560 589 565 590 566 583 559 586 562 591 567 583 559 591 567 589 565 586 562 588 564 592 568 586 562 592 568 591 567 588 564 584 560 590 566 588 564 590 566 592 568 593 569 594 570 595 571 593 569 595 571 596 572 594 570 597 573 598 574 594 570 598 574 595 571 597 573 599 575 600 576 597 573 600 576 598 574 599 575 593 569 596 572 599 575 596 572 600 576 596 572 595 571 601 577 596 572 601 577 602 578 595 571 598 574 603 579 595 571 603 579 601 577 598 574 600 576 604 580 598 574 604 580 603 579 600 576 596 572 602 578 600 576 602 578 604 580 605 581 606 582 607 583 605 581 607 583 608 584 606 582 609 585 610 585 606 582 610 585 607 583 609 585 611 586 612 587 609 585 612 587 610 585 611 586 605 581 608 584 611 586 608 584 612 587 608 584 607 583 613 588 608 584 613 588 614 589 607 583 610 585 615 590 607 583 615 590 613 588 610 585 612 587 616 591 610 585 616 591 615 590 612 587 608 584 614 589 612 587 614 589 616 591 613 588 614 589 617 592 615 590 613 588 617 592 616 591 615 590 617 592 614 589 616 591 617 592 618 593 619 594 620 595 618 593 620 595 621 596 619 594 622 597 623 598 619 594 623 598 620 595 622 597 624 599 625 600 622 597 625 600 623 598 624 599 626 601 627 602 624 599 627 602 625 600 626 601 628 603 629 604 626 601 629 604 627 602 628 603 618 593 621 596 628 603 621 596 629 604 621 596 620 595 630 605 621 596 630 605 631 606 620 595 623 598 632 607 620 595 632 607 630 605 623 598 625 600 633 608 623 598 633 608 632 607 625 600 627 602 634 609 625 600 634 609 633 608 627 602 629 604 635 610 627 602 635 610 634 609 629 604 621 596 631 606 629 604 631 606 635 610 631 606 630 605 636 611 631 606 636 611 637 612 630 605 632 607 638 613 630 605 638 613 636 611 632 607 633 608 639 614 632 607 639 614 638 613 633 608 634 609 640 615 633 608 640 615 639 614 634 609 635 610 641 616 634 609 641 616 640 615 635 610 631 606 637 612 635 610 637 612 641 616 637 612 636 611 642 617 637 612 642 617 643 618 636 611 638 613 644 619 636 611 644 619 642 617 638 613 639 614 645 620 638 613 645 620 644 619 639 614 640 615 646 621 639 614 646 621 645 620 640 615 641 616 647 622 640 615 647 622 646 621 641 616 637 612 643 618 641 616 643 618 647 622 643 618 642 617 648 623 643 618 648 623 649 624 642 617 644 619 650 625 642 617 650 625 648 623 644 619 645 620 651 626 644 619 651 626 650 625 645 620 646 621 652 627 645 620 652 627 651 626 646 621 647 622 653 628 646 621 653 628 652 627 647 622 643 618 649 624 647 622 649 624 653 628 649 624 648 623 654 629 649 624 654 629 655 630 648 623 650 625 656 631 648 623 656 631 654 629 650 625 651 626 657 632 650 625 657 632 656 631 651 626 652 627 658 633 651 626 658 633 657 632 652 627 653 628 659 634 652 627 659 634 658 633 653 628 649 624 655 630 653 628 655 630 659 634 618 593 619 594 660 635 619 594 622 597 660 635 622 597 624 599 660 635 624 599 626 601 660 635 626 601 628 603 660 635 628 603 618 593 660 635 654 629 655 630 661 636 656 631 654 629 661 636 657 632 656 631 661 636 658 633 657 632 661 636 659 634 658 633 661 636 655 630 659 634 661 636 662 637 663 638 664 639 662 637 664 639 665 640 663 638 666 641 667 642 663 638 667 642 664 639 666 641 668 643 669 644 666 641 669 644 667 642 668 643 662 637 665 640 668 643 665 640 669 644 665 640 664 639 670 645 665 640 670 645 671 646 664 639 667 642 672 647 664 639 672 647 670 645 667 642 669 644 673 648 667 642 673 648 672 647 669 644 665 640 671 646 669 644 671 646 673 648 674 649 675 650 676 650 674 649 676 650 677 651 675 650 678 652 679 652 675 650 679 652 676 650 678 652 680 653 681 654 678 652 681 654 679 652 680 653 674 649 677 651 680 653 677 651 681 654 677 651 676 650 682 655 677 651 682 655 683 656 676 650 679 652 684 657 676 650 684 657 682 655 679 652 681 654 685 658 679 652 685 658 684 657 681 654 677 651 683 656 681 654 683 656 685 658 686 659 687 660 688 661 686 659 688 661 689 662 687 660 690 663 691 664 687 660 691 664 688 661 690 663 692 665 693 666 690 663 693 666 691 664 692 665 686 659 689 662 692 665 689 662 693 666 689 662 688 661 694 667 689 662 694 667 695 668 688 661 691 664 696 669 688 661 696 669 694 667 691 664 693 666 697 670 691 664 697 670 696 669 693 666 689 662 695 668 693 666 695 668 697 670 698 671 699 672 700 673 698 671 700 673 701 674 699 672 702 675 703 676 699 672 703 676 700 673 702 675 704 677 705 677 702 675 705 677 703 676 704 677 698 671 701 674 704 677 701 674 705 677 701 674 700 673 706 678 701 674 706 678 707 679 700 673 703 676 708 680 700 673 708 680 706 678 703 676 705 677 709 681 703 676 709 681 708 680 705 677 701 674 707 679 705 677 707 679 709 681 710 682 711 683 712 683 710 682 712 683 713 684 711 683 714 685 715 686 711 683 715 686 712 683 714 685 716 687 717 687 714 685 717 687 715 686 716 687 710 682 713 684 716 687 713 684 717 687 713 684 712 683 718 688 713 684 718 688 719 689 712 683 715 686 720 690 712 683 720 690 718 688 715 686 717 687 721 691 715 686 721 691 720 690 717 687 713 684 719 689 717 687 719 689 721 691 722 692 723 693 724 694 722 692 724 694 725 695 723 693 726 696 727 697 723 693 727 697 724 694 726 696 728 698 729 699 726 696 729 699 727 697 728 698 722 692 725 695 728 698 725 695 729 699 725 695 724 694 730 700 725 695 730 700 731 701 724 694 727 697 732 702 724 694 732 702 730 700 727 697 729 699 733 703 727 697 733 703 732 702 729 699 725 695 731 701 729 699 731 701 733 703 734 704 735 705 736 706 734 704 736 706 737 707 735 705 738 708 739 709 735 705 739 709 736 706 738 708 740 710 741 710 738 708 741 710 739 709 740 710 734 704 737 707 740 710 737 707 741 710 737 707 736 706 742 711 737 707 742 711 743 707 736 706 739 709 744 712 736 706 744 712 742 711 739 709 741 710 745 713 739 709 745 713 744 712 741 710 737 707 743 707 741 710 743 707 745 713 746 714 747 715 748 716 746 714 748 716 749 717 747 715 750 718 751 719 747 715 751 719 748 716 750 718 752 720 753 721 750 718 753 721 751 719 752 720 746 714 749 717 752 720 749 717 753 721 749 717 748 716 754 722 749 717 754 722 755 723 748 716 751 719 756 724 748 716 756 724 754 722 751 719 753 721 757 725 751 719 757 725 756 724 753 721 749 717 755 723 753 721 755 723 757 725 754 722 755 723 758 726 756 724 754 722 758 726 757 725 756 724 758 726 755 723 757 725 758 726 759 727 760 728 761 729 759 727 761 729 762 730 760 728 763 731 764 732 760 728 764 732 761 729 763 731 765 733 766 734 763 731 766 734 764 732 765 733 767 735 768 736 765 733 768 736 766 734 767 735 769 737 770 738 767 735 770 738 768 736 769 737 759 727 762 730 769 737 762 730 770 738 762 730 761 729 771 739 762 730 771 739 772 740 761 729 764 732 773 741 761 729 773 741 771 739 764 732 766 734 774 742 764 732 774 742 773 741 766 734 768 736 775 743 766 734 775 743 774 742 768 736 770 738 776 744 768 736 776 744 775 743 770 738 762 730 772 740 770 738 772 740 776 744 772 740 771 739 777 745 772 740 777 745 778 746 771 739 773 741 779 747 771 739 779 747 777 745 773 741 774 742 780 748 773 741 780 748 779 747 774 742 775 743 781 749 774 742 781 749 780 748 775 743 776 744 782 750 775 743 782 750 781 749 776 744 772 740 778 746 776 744 778 746 782 750 778 746 777 745 783 751 778 746 783 751 784 752 777 745 779 747 785 753 777 745 785 753 783 751 779 747 780 748 786 754 779 747 786 754 785 753 780 748 781 749 787 755 780 748 787 755 786 754 781 749 782 750 788 756 781 749 788 756 787 755 782 750 778 746 784 752 782 750 784 752 788 756 784 752 783 751 789 757 784 752 789 757 790 758 783 751 785 753 791 759 783 751 791 759 789 757 785 753 786 754 792 760 785 753 792 760 791 759 786 754 787 755 793 761 786 754 793 761 792 760 787 755 788 756 794 762 787 755 794 762 793 761 788 756 784 752 790 758 788 756 790 758 794 762 790 758 789 757 795 763 790 758 795 763 796 764 789 757 791 759 797 765 789 757 797 765 795 763 791 759 792 760 798 766 791 759 798 766 797 765 792 760 793 761 799 767 792 760 799 767 798 766 793 761 794 762 800 768 793 761 800 768 799 767 794 762 790 758 796 764 794 762 796 764 800 768 759 727 760 728 801 769 760 728 763 731 801 769 763 731 765 733 801 769 765 733 767 735 801 769 767 735 769 737 801 769 769 737 759 727 801 769 795 763 796 764 802 770 797 765 795 763 802 770 798 766 797 765 802 770 799 767 798 766 802 770 800 768 799 767 802 770 796 764 800 768 802 770 803 771 804 772 805 773 803 771 805 773 806 774 804 772 807 775 808 776 804 772 808 776 805 773 807 775 809 777 810 778 807 775 810 778 808 776 809 777 803 771 806 774 809 777 806 774 810 778 806 774 805 773 811 779 806 774 811 779 812 780 805 773 808 776 813 781 805 773 813 781 811 779 808 776 810 778 814 782 808 776 814 782 813 781 810 778 806 774 812 780 810 778 812 780 814 782 815 783 816 784 817 785 815 783 817 785 818 786 816 784 819 787 820 787 816 784 820 787 817 785 819 787 821 788 822 789 819 787 822 789 820 787 821 788 815 783 818 786 821 788 818 786 822 789 818 786 817 785 823 790 818 786 823 790 824 786 817 785 820 787 825 791 817 785 825 791 823 790 820 787 822 789 826 792 820 787 826 792 825 791 822 789 818 786 824 786 822 789 824 786 826 792 827 793 828 794 829 795 827 793 829 795 830 796 828 794 831 797 832 798 828 794 832 798 829 795 831 797 833 799 834 800 831 797 834 800 832 798 833 799 827 793 830 796 833 799 830 796 834 800 830 796 829 795 835 801 830 796 835 801 836 802 829 795 832 798 837 803 829 795 837 803 835 801 832 798 834 800 838 804 832 798 838 804 837 803 834 800 830 796 836 802 834 800 836 802 838 804 839 805 840 806 841 807 839 805 841 807 842 808 840 806 843 809 844 809 840 806 844 809 841 807 843 809 845 810 846 810 843 809 846 810 844 809 845 810 839 805 842 808 845 810 842 808 846 810 842 808 841 807 847 811 842 808 847 811 848 812 841 807 844 809 849 813 841 807 849 813 847 811 844 809 846 810 850 814 844 809 850 814 849 813 846 810 842 808 848 812 846 810 848 812 850 814 851 815 852 816 853 817 851 815 853 817 854 818 852 816 855 819 856 820 852 816 856 820 853 817 855 819 857 821 858 822 855 819 858 822 856 820 857 821 851 815 854 818 857 821 854 818 858 822 854 818 853 817 859 823 854 818 859 823 860 824 853 817 856 820 861 820 853 817 861 820 859 823 856 820 858 822 862 825 856 820 862 825 861 820 858 822 854 818 860 824 858 822 860 824 862 825 863 826 864 827 865 828 863 826 865 828 866 829 864 827 867 830 868 831 864 827 868 831 865 828 867 830 869 832 870 833 867 830 870 833 868 831 869 832 863 826 866 829 869 832 866 829 870 833 866 829 865 828 871 834 866 829 871 834 872 835 865 828 868 831 873 836 865 828 873 836 871 834 868 831 870 833 874 837 868 831 874 837 873 836 870 833 866 829 872 835 870 833 872 835 874 837 875 838 876 839 877 840 875 838 877 840 878 841 876 839 879 842 880 843 876 839 880 843 877 840 879 842 881 844 882 845 879 842 882 845 880 843 881 844 883 846 884 847 881 844 884 847 882 845 883 846 885 848 886 849 883 846 886 849 884 847 885 848 875 838 878 841 885 848 878 841 886 849 878 841 877 840 887 850 878 841 887 850 888 851 877 840 880 843 889 852 877 840 889 852 887 850 880 843 882 845 890 853 880 843 890 853 889 852 882 845 884 847 891 854 882 845 891 854 890 853 884 847 886 849 892 855 884 847 892 855 891 854 886 849 878 841 888 851 886 849 888 851 892 855 888 851 887 850 893 856 888 851 893 856 894 857 887 850 889 852 895 858 887 850 895 858 893 856 889 852 890 853 896 859 889 852 896 859 895 858 890 853 891 854 897 860 890 853 897 860 896 859 891 854 892 855 898 861 891 854 898 861 897 860 892 855 888 851 894 857 892 855 894 857 898 861 894 857 893 856 899 862 894 857 899 862 900 863 893 856 895 858 901 864 893 856 901 864 899 862 895 858 896 859 902 865 895 858 902 865 901 864 896 859 897 860 903 866 896 859 903 866 902 865 897 860 898 861 904 867 897 860 904 867 903 866 898 861 894 857 900 863 898 861 900 863 904 867 900 863 899 862 905 868 900 863 905 868 906 869 899 862 901 864 907 870 899 862 907 870 905 868 901 864 902 865 908 871 901 864 908 871 907 870 902 865 903 866 909 872 902 865 909 872 908 871 903 866 904 867 910 873 903 866 910 873 909 872 904 867 900 863 906 869 904 867 906 869 910 873 906 869 905 868 911 874 906 869 911 874 912 875 905 868 907 870 913 876 905 868 913 876 911 874 907 870 908 871 914 877 907 870 914 877 913 876 908 871 909 872 915 878 908 871 915 878 914 877 909 872 910 873 916 879 909 872 916 879 915 878 910 873 906 869 912 875 910 873 912 875 916 879 875 838 876 839 917 880 876 839 879 842 917 880 879 842 881 844 917 880 881 844 883 846 917 880 883 846 885 848 917 880 885 848 875 838 917 880 911 874 912 875 918 881 913 876 911 874 918 881 914 877 913 876 918 881 915 878 914 877 918 881 916 879 915 878 918 881 912 875 916 879 918 881 919 882 920 883 921 883 919 882 921 883 922 884 920 883 923 885 924 885 920 883 924 885 921 883 923 885 925 886 926 887 923 885 926 887 924 885 925 886 919 882 922 884 925 886 922 884 926 887 922 884 921 883 927 888 922 884 927 888 928 889 921 883 924 885 929 890 921 883 929 890 927 888 924 885 926 887 930 891 924 885 930 891 929 890 926 887 922 884 928 889 926 887 928 889 930 891 931 892 932 893 933 894 931 892 933 894 934 895 932 893 935 896 936 897 932 893 936 897 933 894 935 896 937 898 938 899 935 896 938 899 936 897 937 898 931 892 934 895 937 898 934 895 938 899 934 895 933 894 939 900 934 895 939 900 940 895 933 894 936 897 941 901 933 894 941 901 939 900 936 897 938 899 942 902 936 897 942 902 941 901 938 899 934 895 940 895 938 899 940 895 942 902 943 903 944 904 945 905 943 903 945 905 946 906 944 904 947 907 948 908 944 904 948 908 945 905 947 907 949 909 950 910 947 907 950 910 948 908 949 909 943 903 946 906 949 909 946 906 950 910 946 906 945 905 951 911 946 906 951 911 952 912 945 905 948 908 953 913 945 905 953 913 951 911 948 908 950 910 954 914 948 908 954 914 953 913 950 910 946 906 952 912 950 910 952 912 954 914 955 915 956 916 957 916 955 915 957 916 958 917 956 916 959 918 960 919 956 916 960 919 957 916 959 918 961 920 962 921 959 918 962 921 960 919 961 920 955 915 958 917 961 920 958 917 962 921 958 917 957 916 963 922 958 917 963 922 964 923 957 916 960 919 965 924 957 916 965 924 963 922 960 919 962 921 966 925 960 919 966 925 965 924 962 921 958 917 964 923 962 921 964 923 966 925 967 926 968 927 969 928 967 926 969 928 970 160 968 927 971 929 972 929 968 927 972 929 969 928 971 929 973 930 974 931 971 929 974 931 972 929 973 930 967 926 970 160 973 930 970 160 974 931 970 160 969 928 975 932 970 160 975 932 976 933 969 928 972 929 977 934 969 928 977 934 975 932 972 929 974 931 978 935 972 929 978 935 977 934 974 931 970 160 976 933 974 931 976 933 978 935 979 936 980 937 981 938 979 936 981 938 982 939 980 937 983 940 984 940 980 937 984 940 981 938 983 940 985 941 986 942 983 940 986 942 984 940 985 941 979 936 982 939 985 941 982 939 986 942 982 939 981 938 987 943 982 939 987 943 988 944 981 938 984 940 989 945 981 938 989 945 987 943 984 940 986 942 990 946 984 940 990 946 989 945 986 942 982 939 988 944 986 942 988 944 990 946 991 947 992 948 993 949 991 947 993 949 994 950 992 948 995 951 996 952 992 948 996 952 993 949 995 951 997 953 998 954 995 951 998 954 996 952 997 953 991 947 994 950 997 953 994 950 998 954 994 950 993 949 999 955 994 950 999 955 1000 956 993 949 996 952 1001 952 993 949 1001 952 999 955 996 952 998 954 1002 957 996 952 1002 957 1001 952 998 954 994 950 1000 956 998 954 1000 956 1002 957 1003 958 1004 959 1005 960 1003 958 1005 960 1006 961 1004 959 1007 962 1008 963 1004 959 1008 963 1005 960 1007 962 1009 964 1010 964 1007 962 1010 964 1008 963 1009 964 1003 958 1006 961 1009 964 1006 961 1010 964 1006 961 1005 960 1011 965 1006 961 1011 965 1012 966 1005 960 1008 963 1013 967 1005 960 1013 967 1011 965 1008 963 1010 964 1014 968 1008 963 1014 968 1013 967 1010 964 1006 961 1012 966 1010 964 1012 966 1014 968 1011 965 1012 966 1015 969 1013 967 1011 965 1015 969 1014 968 1013 967 1015 969 1012 966 1014 968 1015 969 1016 970 1017 971 1018 972 1016 970 1018 972 1019 973 1017 971 1020 974 1021 975 1017 971 1021 975 1018 972 1020 974 1022 976 1023 977 1020 974 1023 977 1021 975 1022 976 1024 978 1025 979 1022 976 1025 979 1023 977 1024 978 1026 980 1027 981 1024 978 1027 981 1025 979 1026 980 1016 970 1019 973 1026 980 1019 973 1027 981 1019 973 1018 972 1028 982 1019 973 1028 982 1029 983 1018 972 1021 975 1030 984 1018 972 1030 984 1028 982 1021 975 1023 977 1031 985 1021 975 1031 985 1030 984 1023 977 1025 979 1032 986 1023 977 1032 986 1031 985 1025 979 1027 981 1033 987 1025 979 1033 987 1032 986 1027 981 1019 973 1029 983 1027 981 1029 983 1033 987 1029 983 1028 982 1034 988 1029 983 1034 988 1035 989 1028 982 1030 984 1036 990 1028 982 1036 990 1034 988 1030 984 1031 985 1037 991 1030 984 1037 991 1036 990 1031 985 1032 986 1038 992 1031 985 1038 992 1037 991 1032 986 1033 987 1039 993 1032 986 1039 993 1038 992 1033 987 1029 983 1035 989 1033 987 1035 989 1039 993 1035 989 1034 988 1040 994 1035 989 1040 994 1041 995 1034 988 1036 990 1042 996 1034 988 1042 996 1040 994 1036 990 1037 991 1043 997 1036 990 1043 997 1042 996 1037 991 1038 992 1044 998 1037 991 1044 998 1043 997 1038 992 1039 993 1045 999 1038 992 1045 999 1044 998 1039 993 1035 989 1041 995 1039 993 1041 995 1045 999 1041 995 1040 994 1046 1000 1041 995 1046 1000 1047 1001 1040 994 1042 996 1048 1002 1040 994 1048 1002 1046 1000 1042 996 1043 997 1049 1003 1042 996 1049 1003 1048 1002 1043 997 1044 998 1050 1004 1043 997 1050 1004 1049 1003 1044 998 1045 999 1051 1005 1044 998 1051 1005 1050 1004 1045 999 1041 995 1047 1001 1045 999 1047 1001 1051 1005 1047 1001 1046 1000 1052 1006 1047 1001 1052 1006 1053 1007 1046 1000 1048 1002 1054 1008 1046 1000 1054 1008 1052 1006 1048 1002 1049 1003 1055 1009 1048 1002 1055 1009 1054 1008 1049 1003 1050 1004 1056 1010 1049 1003 1056 1010 1055 1009 1050 1004 1051 1005 1057 1011 1050 1004 1057 1011 1056 1010 1051 1005 1047 1001 1053 1007 1051 1005 1053 1007 1057 1011 1016 970 1017 971 1058 1012 1017 971 1020 974 1058 1012 1020 974 1022 976 1058 1012 1022 976 1024 978 1058 1012 1024 978 1026 980 1058 1012 1026 980 1016 970 1058 1012 1052 1006 1053 1007 1059 1013 1054 1008 1052 1006 1059 1013 1055 1009 1054 1008 1059 1013 1056 1010 1055 1009 1059 1013 1057 1011 1056 1010 1059 1013 1053 1007 1057 1011 1059 1013 1060 1014 1061 1015 1062 1016 1060 1014 1062 1016 1063 1017 1061 1015 1064 1018 1065 1019 1061 1015 1065 1019 1062 1016 1064 1018 1066 1020 1067 1021 1064 1018 1067 1021 1065 1019 1066 1020 1060 1014 1063 1017 1066 1020 1063 1017 1067 1021 1063 1017 1062 1016 1068 1022 1063 1017 1068 1022 1069 1023 1062 1016 1065 1019 1070 1024 1062 1016 1070 1024 1068 1022 1065 1019 1067 1021 1071 1025 1065 1019 1071 1025 1070 1024 1067 1021 1063 1017 1069 1023 1067 1021 1069 1023 1071 1025 1072 1026 1073 1027 1074 1028 1072 1026 1074 1028 1075 1029 1073 1027 1076 1030 1077 1031 1073 1027 1077 1031 1074 1028 1076 1030 1078 1032 1079 1033 1076 1030 1079 1033 1077 1031 1078 1032 1072 1026 1075 1029 1078 1032 1075 1029 1079 1033 1075 1029 1074 1028 1080 1034 1075 1029 1080 1034 1081 1035 1074 1028 1077 1031 1082 1036 1074 1028 1082 1036 1080 1034 1077 1031 1079 1033 1083 1037 1077 1031 1083 1037 1082 1036 1079 1033 1075 1029 1081 1035 1079 1033 1081 1035 1083 1037 1084 1038 1085 1039 1086 1040 1084 1038 1086 1040 1087 1041 1085 1039 1088 1042 1089 1043 1085 1039 1089 1043 1086 1040 1088 1042 1090 1044 1091 1045 1088 1042 1091 1045 1089 1043 1090 1044 1084 1038 1087 1041 1090 1044 1087 1041 1091 1045 1087 1041 1086 1040 1092 1046 1087 1041 1092 1046 1093 1047 1086 1040 1089 1043 1094 1048 1086 1040 1094 1048 1092 1046 1089 1043 1091 1045 1095 1049 1089 1043 1095 1049 1094 1048 1091 1045 1087 1041 1093 1047 1091 1045 1093 1047 1095 1049 1096 1050 1097 1051 1098 1052 1096 1050 1098 1052 1099 1053 1097 1051 1100 1054 1101 1055 1097 1051 1101 1055 1098 1052 1100 1054 1102 1056 1103 1057 1100 1054 1103 1057 1101 1055 1102 1056 1096 1050 1099 1053 1102 1056 1099 1053 1103 1057 1099 1053 1098 1052 1104 1058 1099 1053 1104 1058 1105 1059 1098 1052 1101 1055 1106 1060 1098 1052 1106 1060 1104 1058 1101 1055 1103 1057 1107 1061 1101 1055 1107 1061 1106 1060 1103 1057 1099 1053 1105 1059 1103 1057 1105 1059 1107 1061 1108 1062 1109 1063 1110 1064 1108 1062 1110 1064 1111 1065 1109 1063 1112 1066 1113 1067 1109 1063 1113 1067 1110 1064 1112 1066 1114 1068 1115 1069 1112 1066 1115 1069 1113 1067 1114 1068 1108 1062 1111 1065 1114 1068 1111 1065 1115 1069 1111 1065 1110 1064 1116 1070 1111 1065 1116 1070 1117 1065 1110 1064 1113 1067 1118 1071 1110 1064 1118 1071 1116 1070 1113 1067 1115 1069 1119 1072 1113 1067 1119 1072 1118 1071 1115 1069 1111 1065 1117 1065 1115 1069 1117 1065 1119 1072 1120 1073 1121 1074 1122 1075 1120 1073 1122 1075 1123 1076 1121 1074 1124 1077 1125 1078 1121 1074 1125 1078 1122 1075 1124 1077 1126 1079 1127 1080 1124 1077 1127 1080 1125 1078 1126 1079 1120 1073 1123 1076 1126 1079 1123 1076 1127 1080 1123 1076 1122 1075 1128 1081 1123 1076 1128 1081 1129 1082 1122 1075 1125 1078 1130 1083 1122 1075 1130 1083 1128 1081 1125 1078 1127 1080 1131 1084 1125 1078 1131 1084 1130 1083 1127 1080 1123 1076 1129 1082 1127 1080 1129 1082 1131 1084 1132 1085 1133 1086 1134 1087 1132 1085 1134 1087 1135 1088 1133 1086 1136 1089 1137 1089 1133 1086 1137 1089 1134 1087 1136 1089 1138 1090 1139 1091 1136 1089 1139 1091 1137 1089 1138 1090 1132 1085 1135 1088 1138 1090 1135 1088 1139 1091 1135 1088 1134 1087 1140 1092 1135 1088 1140 1092 1141 1093 1134 1087 1137 1089 1142 1094 1134 1087 1142 1094 1140 1092 1137 1089 1139 1091 1143 1095 1137 1089 1143 1095 1142 1094 1139 1091 1135 1088 1141 1093 1139 1091 1141 1093 1143 1095 1144 1096 1145 1097 1146 1098 1144 1096 1146 1098 1147 1099 1145 1097 1148 1100 1149 1100 1145 1097 1149 1100 1146 1098 1148 1100 1150 1101 1151 1102 1148 1100 1151 1102 1149 1100 1150 1101 1144 1096 1147 1099 1150 1101 1147 1099 1151 1102 1147 1099 1146 1098 1152 1103 1147 1099 1152 1103 1153 1104 1146 1098 1149 1100 1154 1105 1146 1098 1154 1105 1152 1103 1149 1100 1151 1102 1155 1106 1149 1100 1155 1106 1154 1105 1151 1102 1147 1099 1153 1104 1151 1102 1153 1104 1155 1106 1152 1103 1153 1104 1156 1107 1154 1105 1152 1103 1156 1107 1155 1106 1154 1105 1156 1107 1153 1104 1155 1106 1156 1107 1157 1108 1158 1109 1159 1110 1157 1108 1159 1110 1160 1111 1158 1109 1161 1112 1162 1113 1158 1109 1162 1113 1159 1110 1161 1112 1163 1114 1164 1115 1161 1112 1164 1115 1162 1113 1163 1114 1165 1116 1166 1117 1163 1114 1166 1117 1164 1115 1165 1116 1167 1118 1168 1119 1165 1116 1168 1119 1166 1117 1167 1118 1157 1108 1160 1111 1167 1118 1160 1111 1168 1119 1160 1111 1159 1110 1169 1120 1160 1111 1169 1120 1170 1121 1159 1110 1162 1113 1171 1122 1159 1110 1171 1122 1169 1120 1162 1113 1164 1115 1172 1123 1162 1113 1172 1123 1171 1122 1164 1115 1166 1117 1173 1124 1164 1115 1173 1124 1172 1123 1166 1117 1168 1119 1174 1125 1166 1117 1174 1125 1173 1124 1168 1119 1160 1111 1170 1121 1168 1119 1170 1121 1174 1125 1170 1121 1169 1120 1175 1126 1170 1121 1175 1126 1176 1127 1169 1120 1171 1122 1177 1128 1169 1120 1177 1128 1175 1126 1171 1122 1172 1123 1178 1129 1171 1122 1178 1129 1177 1128 1172 1123 1173 1124 1179 1130 1172 1123 1179 1130 1178 1129 1173 1124 1174 1125 1180 1131 1173 1124 1180 1131 1179 1130 1174 1125 1170 1121 1176 1127 1174 1125 1176 1127 1180 1131 1176 1127 1175 1126 1181 1132 1176 1127 1181 1132 1182 1133 1175 1126 1177 1128 1183 1134 1175 1126 1183 1134 1181 1132 1177 1128 1178 1129 1184 1135 1177 1128 1184 1135 1183 1134 1178 1129 1179 1130 1185 1136 1178 1129 1185 1136 1184 1135 1179 1130 1180 1131 1186 1137 1179 1130 1186 1137 1185 1136 1180 1131 1176 1127 1182 1133 1180 1131 1182 1133 1186 1137 1182 1133 1181 1132 1187 1138 1182 1133 1187 1138 1188 1139 1181 1132 1183 1134 1189 1140 1181 1132 1189 1140 1187 1138 1183 1134 1184 1135 1190 1141 1183 1134 1190 1141 1189 1140 1184 1135 1185 1136 1191 1142 1184 1135 1191 1142 1190 1141 1185 1136 1186 1137 1192 1143 1185 1136 1192 1143 1191 1142 1186 1137 1182 1133 1188 1139 1186 1137 1188 1139 1192 1143 1188 1139 1187 1138 1193 1144 1188 1139 1193 1144 1194 1145 1187 1138 1189 1140 1195 1146 1187 1138 1195 1146 1193 1144 1189 1140 1190 1141 1196 1147 1189 1140 1196 1147 1195 1146 1190 1141 1191 1142 1197 1148 1190 1141 1197 1148 1196 1147 1191 1142 1192 1143 1198 1149 1191 1142 1198 1149 1197 1148 1192 1143 1188 1139 1194 1145 1192 1143 1194 1145 1198 1149 1157 1108 1158 1109 1199 1150 1158 1109 1161 1112 1199 1150 1161 1112 1163 1114 1199 1150 1163 1114 1165 1116 1199 1150 1165 1116 1167 1118 1199 1150 1167 1118 1157 1108 1199 1150 1193 1144 1194 1145 1200 1151 1195 1146 1193 1144 1200 1151 1196 1147 1195 1146 1200 1151 1197 1148 1196 1147 1200 1151 1198 1149 1197 1148 1200 1151 1194 1145 1198 1149 1200 1151 1201 1152 1202 1153 1203 1153 1201 1152 1203 1153 1204 1154 1202 1153 1205 1155 1206 1156 1202 1153 1206 1156 1203 1153 1205 1155 1207 1157 1208 1158 1205 1155 1208 1158 1206 1156 1207 1157 1201 1152 1204 1154 1207 1157 1204 1154 1208 1158 1204 1154 1203 1153 1209 1159 1204 1154 1209 1159 1210 1160 1203 1153 1206 1156 1211 1161 1203 1153 1211 1161 1209 1159 1206 1156 1208 1158 1212 1162 1206 1156 1212 1162 1211 1161 1208 1158 1204 1154 1210 1160 1208 1158 1210 1160 1212 1162 1213 1163 1214 1164 1215 1165 1213 1163 1215 1165 1216 1166 1214 1164 1217 1167 1218 1168 1214 1164 1218 1168 1215 1165 1217 1167 1219 1169 1220 1170 1217 1167 1220 1170 1218 1168 1219 1169 1213 1163 1216 1166 1219 1169 1216 1166 1220 1170 1216 1166 1215 1165 1221 1171 1216 1166 1221 1171 1222 1166 1215 1165 1218 1168 1223 1172 1215 1165 1223 1172 1221 1171 1218 1168 1220 1170 1224 1173 1218 1168 1224 1173 1223 1172 1220 1170 1216 1166 1222 1166 1220 1170 1222 1166 1224 1173 1225 1174 1226 1175 1227 1176 1225 1174 1227 1176 1228 1177 1226 1175 1229 1178 1230 1179 1226 1175 1230 1179 1227 1176 1229 1178 1231 1180 1232 1181 1229 1178 1232 1181 1230 1179 1231 1180 1225 1174 1228 1177 1231 1180 1228 1177 1232 1181 1228 1177 1227 1176 1233 1182 1228 1177 1233 1182 1234 1183 1227 1176 1230 1179 1235 1184 1227 1176 1235 1184 1233 1182 1230 1179 1232 1181 1236 1185 1230 1179 1236 1185 1235 1184 1232 1181 1228 1177 1234 1183 1232 1181 1234 1183 1236 1185 1237 1186 1238 1187 1239 1188 1237 1186 1239 1188 1240 1189 1238 1187 1241 1190 1242 1191 1238 1187 1242 1191 1239 1188 1241 1190 1243 1192 1244 1193 1241 1190 1244 1193 1242 1191 1243 1192 1237 1186 1240 1189 1243 1192 1240 1189 1244 1193 1240 1189 1239 1188 1245 1194 1240 1189 1245 1194 1246 1195 1239 1188 1242 1191 1247 1196 1239 1188 1247 1196 1245 1194 1242 1191 1244 1193 1248 1197 1242 1191 1248 1197 1247 1196 1244 1193 1240 1189 1246 1195 1244 1193 1246 1195 1248 1197 1249 1198 1250 1199 1251 1200 1249 1198 1251 1200 1252 1201 1250 1199 1253 1202 1254 1203 1250 1199 1254 1203 1251 1200 1253 1202 1255 1204 1256 1205 1253 1202 1256 1205 1254 1203 1255 1204 1249 1198 1252 1201 1255 1204 1252 1201 1256 1205 1252 1201 1251 1200 1257 1206 1252 1201 1257 1206 1258 1207 1251 1200 1254 1203 1259 1208 1251 1200 1259 1208 1257 1206 1254 1203 1256 1205 1260 1205 1254 1203 1260 1205 1259 1208 1256 1205 1252 1201 1258 1207 1256 1205 1258 1207 1260 1205 1261 1209 1262 1210 1263 1211 1261 1209 1263 1211 1264 1212 1262 1210 1265 1213 1266 1214 1262 1210 1266 1214 1263 1211 1265 1213 1267 1215 1268 1216 1265 1213 1268 1216 1266 1214 1267 1215 1269 1217 1270 1218 1267 1215 1270 1218 1268 1216 1269 1217 1271 1219 1272 1220 1269 1217 1272 1220 1270 1218 1271 1219 1261 1209 1264 1212 1271 1219 1264 1212 1272 1220 1264 1212 1263 1211 1273 1221 1264 1212 1273 1221 1274 1222 1263 1211 1266 1214 1275 1223 1263 1211 1275 1223 1273 1221 1266 1214 1268 1216 1276 1224 1266 1214 1276 1224 1275 1223 1268 1216 1270 1218 1277 1225 1268 1216 1277 1225 1276 1224 1270 1218 1272 1220 1278 1226 1270 1218 1278 1226 1277 1225 1272 1220 1264 1212 1274 1222 1272 1220 1274 1222 1278 1226 1274 1222 1273 1221 1279 1227 1274 1222 1279 1227 1280 1228 1273 1221 1275 1223 1281 1229 1273 1221 1281 1229 1279 1227 1275 1223 1276 1224 1282 1230 1275 1223 1282 1230 1281 1229 1276 1224 1277 1225 1283 1231 1276 1224 1283 1231 1282 1230 1277 1225 1278 1226 1284 1232 1277 1225 1284 1232 1283 1231 1278 1226 1274 1222 1280 1228 1278 1226 1280 1228 1284 1232 1280 1228 1279 1227 1285 1233 1280 1228 1285 1233 1286 1234 1279 1227 1281 1229 1287 1235 1279 1227 1287 1235 1285 1233 1281 1229 1282 1230 1288 1236 1281 1229 1288 1236 1287 1235 1282 1230 1283 1231 1289 1237 1282 1230 1289 1237 1288 1236 1283 1231 1284 1232 1290 1238 1283 1231 1290 1238 1289 1237 1284 1232 1280 1228 1286 1234 1284 1232 1286 1234 1290 1238 1286 1234 1285 1233 1291 1239 1286 1234 1291 1239 1292 1240 1285 1233 1287 1235 1293 1241 1285 1233 1293 1241 1291 1239 1287 1235 1288 1236 1294 1242 1287 1235 1294 1242 1293 1241 1288 1236 1289 1237 1295 1243 1288 1236 1295 1243 1294 1242 1289 1237 1290 1238 1296 1244 1289 1237 1296 1244 1295 1243 1290 1238 1286 1234 1292 1240 1290 1238 1292 1240 1296 1244 1292 1240 1291 1239 1297 1245 1292 1240 1297 1245 1298 1246 1291 1239 1293 1241 1299 1247 1291 1239 1299 1247 1297 1245 1293 1241 1294 1242 1300 1248 1293 1241 1300 1248 1299 1247 1294 1242 1295 1243 1301 1249 1294 1242 1301 1249 1300 1248 1295 1243 1296 1244 1302 1250 1295 1243 1302 1250 1301 1249 1296 1244 1292 1240 1298 1246 1296 1244 1298 1246 1302 1250 1261 1209 1262 1210 1303 1251 1262 1210 1265 1213 1303 1251 1265 1213 1267 1215 1303 1251 1267 1215 1269 1217 1303 1251 1269 1217 1271 1219 1303 1251 1271 1219 1261 1209 1303 1251 1297 1245 1298 1246 1304 1252 1299 1247 1297 1245 1304 1252 1300 1248 1299 1247 1304 1252 1301 1249 1300 1248 1304 1252 1302 1250 1301 1249 1304 1252 1298 1246 1302 1250 1304 1252 1305 1253 1306 1254 1307 1255 1305 1253 1307 1255 1308 1256 1306 1254 1309 1257 1310 1258 1306 1254 1310 1258 1307 1255 1309 1257 1311 1259 1312 1260 1309 1257 1312 1260 1310 1258 1311 1259 1305 1253 1308 1256 1311 1259 1308 1256 1312 1260 1308 1256 1307 1255 1313 1261 1308 1256 1313 1261 1314 1256 1307 1255 1310 1258 1315 1262 1307 1255 1315 1262 1313 1261 1310 1258 1312 1260 1316 1263 1310 1258 1316 1263 1315 1262 1312 1260 1308 1256 1314 1256 1312 1260 1314 1256 1316 1263 1317 1264 1318 1265 1319 1266 1317 1264 1319 1266 1320 1267 1318 1265 1321 1268 1322 1269 1318 1265 1322 1269 1319 1266 1321 1268 1323 1270 1324 1271 1321 1268 1324 1271 1322 1269 1323 1270 1317 1264 1320 1267 1323 1270 1320 1267 1324 1271 1320 1267 1319 1266 1325 1272 1320 1267 1325 1272 1326 1273 1319 1266 1322 1269 1327 1274 1319 1266 1327 1274 1325 1272 1322 1269 1324 1271 1328 1275 1322 1269 1328 1275 1327 1274 1324 1271 1320 1267 1326 1273 1324 1271 1326 1273 1328 1275 1329 1276 1330 1277 1331 1278 1329 1276 1331 1278 1332 1276 1330 1277 1333 1279 1334 1280 1330 1277 1334 1280 1331 1278 1333 1279 1335 1281 1336 1281 1333 1279 1336 1281 1334 1280 1335 1281 1329 1276 1332 1276 1335 1281 1332 1276 1336 1281 1332 1276 1331 1278 1337 1278 1332 1276 1337 1278 1338 1282 1331 1278 1334 1280 1339 1283 1331 1278 1339 1283 1337 1278 1334 1280 1336 1281 1340 1284 1334 1280 1340 1284 1339 1283 1336 1281 1332 1276 1338 1282 1336 1281 1338 1282 1340 1284 1341 1285 1342 1286 1343 1287 1341 1285 1343 1287 1344 1288 1342 1286 1345 1289 1346 1289 1342 1286 1346 1289 1343 1287 1345 1289 1347 1290 1348 1291 1345 1289 1348 1291 1346 1289 1347 1290 1341 1285 1344 1288 1347 1290 1344 1288 1348 1291 1344 1288 1343 1287 1349 1292 1344 1288 1349 1292 1350 1293 1343 1287 1346 1289 1351 1294 1343 1287 1351 1294 1349 1292 1346 1289 1348 1291 1352 1295 1346 1289 1352 1295 1351 1294 1348 1291 1344 1288 1350 1293 1348 1291 1350 1293 1352 1295 1353 1296 1354 1297 1355 1297 1353 1296 1355 1297 1356 1298 1354 1297 1357 1299 1358 1300 1354 1297 1358 1300 1355 1297 1357 1299 1359 1301 1360 1302 1357 1299 1360 1302 1358 1300 1359 1301 1353 1296 1356 1298 1359 1301 1356 1298 1360 1302 1356 1298 1355 1297 1361 1303 1356 1298 1361 1303 1362 1304 1355 1297 1358 1300 1363 1305 1355 1297 1363 1305 1361 1303 1358 1300 1360 1302 1364 1306 1358 1300 1364 1306 1363 1305 1360 1302 1356 1298 1362 1304 1360 1302 1362 1304 1364 1306 1365 1307 1366 1308 1367 1309 1365 1307 1367 1309 1368 1310 1366 1308 1369 1311 1370 1312 1366 1308 1370 1312 1367 1309 1369 1311 1371 1313 1372 1314 1369 1311 1372 1314 1370 1312 1371 1313 1365 1307 1368 1310 1371 1313 1368 1310 1372 1314 1368 1310 1367 1309 1373 1315 1368 1310 1373 1315 1374 1316 1367 1309 1370 1312 1375 1312 1367 1309 1375 1312 1373 1315 1370 1312 1372 1314 1376 1317 1370 1312 1376 1317 1375 1312 1372 1314 1368 1310 1374 1316 1372 1314 1374 1316 1376 1317 1377 1318 1378 1319 1379 1320 1377 1318 1379 1320 1380 1321 1378 1319 1381 1322 1382 1323 1378 1319 1382 1323 1379 1320 1381 1322 1383 1324 1384 1325 1381 1322 1384 1325 1382 1323 1383 1324 1377 1318 1380 1321 1383 1324 1380 1321 1384 1325 1380 1321 1379 1320 1385 1320 1380 1321 1385 1320 1386 1321 1379 1320 1382 1323 1387 1326 1379 1320 1387 1326 1385 1320 1382 1323 1384 1325 1388 1327 1382 1323 1388 1327 1387 1326 1384 1325 1380 1321 1386 1321 1384 1325 1386 1321 1388 1327 1389 1328 1390 1329 1391 1330 1389 1328 1391 1330 1392 1328 1390 1329 1393 1331 1394 1332 1390 1329 1394 1332 1391 1330 1393 1331 1395 1333 1396 1333 1393 1331 1396 1333 1394 1332 1395 1333 1389 1328 1392 1328 1395 1333 1392 1328 1396 1333 1392 1328 1391 1330 1397 1334 1392 1328 1397 1334 1398 1335 1391 1330 1394 1332 1399 1336 1391 1330 1399 1336 1397 1334 1394 1332 1396 1333 1400 1337 1394 1332 1400 1337 1399 1336 1396 1333 1392 1328 1398 1335 1396 1333 1398 1335 1400 1337 1397 1334 1398 1335 1401 1338 1399 1336 1397 1334 1401 1338 1400 1337 1399 1336 1401 1338 1398 1335 1400 1337 1401 1338 1402 1339 1403 1340 1404 1341 1402 1339 1404 1341 1405 1342 1403 1340 1406 1343 1407 1344 1403 1340 1407 1344 1404 1341 1406 1343 1408 1345 1409 1346 1406 1343 1409 1346 1407 1344 1408 1345 1410 1347 1411 1348 1408 1345 1411 1348 1409 1346 1410 1347 1412 1349 1413 1350 1410 1347 1413 1350 1411 1348 1412 1349 1402 1339 1405 1342 1412 1349 1405 1342 1413 1350 1405 1342 1404 1341 1414 1351 1405 1342 1414 1351 1415 1352 1404 1341 1407 1344 1416 1353 1404 1341 1416 1353 1414 1351 1407 1344 1409 1346 1417 1354 1407 1344 1417 1354 1416 1353 1409 1346 1411 1348 1418 1355 1409 1346 1418 1355 1417 1354 1411 1348 1413 1350 1419 1356 1411 1348 1419 1356 1418 1355 1413 1350 1405 1342 1415 1352 1413 1350 1415 1352 1419 1356 1415 1352 1414 1351 1420 1357 1415 1352 1420 1357 1421 1358 1414 1351 1416 1353 1422 1359 1414 1351 1422 1359 1420 1357 1416 1353 1417 1354 1423 1360 1416 1353 1423 1360 1422 1359 1417 1354 1418 1355 1424 1361 1417 1354 1424 1361 1423 1360 1418 1355 1419 1356 1425 1362 1418 1355 1425 1362 1424 1361 1419 1356 1415 1352 1421 1358 1419 1356 1421 1358 1425 1362 1421 1358 1420 1357 1426 1363 1421 1358 1426 1363 1427 1364 1420 1357 1422 1359 1428 1365 1420 1357 1428 1365 1426 1363 1422 1359 1423 1360 1429 1366 1422 1359 1429 1366 1428 1365 1423 1360 1424 1361 1430 1367 1423 1360 1430 1367 1429 1366 1424 1361 1425 1362 1431 1368 1424 1361 1431 1368 1430 1367 1425 1362 1421 1358 1427 1364 1425 1362 1427 1364 1431 1368 1427 1364 1426 1363 1432 1369 1427 1364 1432 1369 1433 1370 1426 1363 1428 1365 1434 1371 1426 1363 1434 1371 1432 1369 1428 1365 1429 1366 1435 1372 1428 1365 1435 1372 1434 1371 1429 1366 1430 1367 1436 1373 1429 1366 1436 1373 1435 1372 1430 1367 1431 1368 1437 1374 1430 1367 1437 1374 1436 1373 1431 1368 1427 1364 1433 1370 1431 1368 1433 1370 1437 1374 1433 1370 1432 1369 1438 1375 1433 1370 1438 1375 1439 1376 1432 1369 1434 1371 1440 1377 1432 1369 1440 1377 1438 1375 1434 1371 1435 1372 1441 1378 1434 1371 1441 1378 1440 1377 1435 1372 1436 1373 1442 1379 1435 1372 1442 1379 1441 1378 1436 1373 1437 1374 1443 1380 1436 1373 1443 1380 1442 1379 1437 1374 1433 1370 1439 1376 1437 1374 1439 1376 1443 1380 1402 1339 1403 1340 1444 1381 1403 1340 1406 1343 1444 1381 1406 1343 1408 1345 1444 1381 1408 1345 1410 1347 1444 1381 1410 1347 1412 1349 1444 1381 1412 1349 1402 1339 1444 1381 1438 1375 1439 1376 1445 1382 1440 1377 1438 1375 1445 1382 1441 1378 1440 1377 1445 1382 1442 1379 1441 1378 1445 1382 1443 1380 1442 1379 1445 1382 1439 1376 1443 1380 1445 1382 1446 1383 1447 1384 1448 1385 1446 1383 1448 1385 1449 1383 1447 1384 1450 1386 1451 1386 1447 1384 1451 1386 1448 1385 1450 1386 1452 1387 1453 1388 1450 1386 1453 1388 1451 1386 1452 1387 1446 1383 1449 1383 1452 1387 1449 1383 1453 1388 1449 1383 1448 1385 1454 1389 1449 1383 1454 1389 1455 1390 1448 1385 1451 1386 1456 1391 1448 1385 1456 1391 1454 1389 1451 1386 1453 1388 1457 1392 1451 1386 1457 1392 1456 1391 1453 1388 1449 1383 1455 1390 1453 1388 1455 1390 1457 1392 1458 1393 1459 1394 1460 1394 1458 1393 1460 1394 1461 1395 1459 1394 1462 1396 1463 1396 1459 1394 1463 1396 1460 1394 1462 1396 1464 1397 1465 1398 1462 1396 1465 1398 1463 1396 1464 1397 1458 1393 1461 1395 1464 1397 1461 1395 1465 1398 1461 1395 1460 1394 1466 1399 1461 1395 1466 1399 1467 1400 1460 1394 1463 1396 1468 1401 1460 1394 1468 1401 1466 1399 1463 1396 1465 1398 1469 1402 1463 1396 1469 1402 1468 1401 1465 1398 1461 1395 1467 1400 1465 1398 1467 1400 1469 1402 1470 1403 1471 1404 1472 1405 1470 1403 1472 1405 1473 1403 1471 1404 1474 1406 1475 1407 1471 1404 1475 1407 1472 1405 1474 1406 1476 1408 1477 1409 1474 1406 1477 1409 1475 1407 1476 1408 1470 1403 1473 1403 1476 1408 1473 1403 1477 1409 1473 1403 1472 1405 1478 1410 1473 1403 1478 1410 1479 1411 1472 1405 1475 1407 1480 1412 1472 1405 1480 1412 1478 1410 1475 1407 1477 1409 1481 1413 1475 1407 1481 1413 1480 1412 1477 1409 1473 1403 1479 1411 1477 1409 1479 1411 1481 1413 1482 1414 1483 1415 1484 1416 1482 1414 1484 1416 1485 1417 1483 1415 1486 1418 1487 1419 1483 1415 1487 1419 1484 1416 1486 1418 1488 1420 1489 1421 1486 1418 1489 1421 1487 1419 1488 1420 1482 1414 1485 1417 1488 1420 1485 1417 1489 1421 1485 1417 1484 1416 1490 1422 1485 1417 1490 1422 1491 1423 1484 1416 1487 1419 1492 1424 1484 1416 1492 1424 1490 1422 1487 1419 1489 1421 1493 1425 1487 1419 1493 1425 1492 1424 1489 1421 1485 1417 1491 1423 1489 1421 1491 1423 1493 1425 1494 1426 1495 1427 1496 1428 1494 1426 1496 1428 1497 1429 1495 1427 1498 1430 1499 1431 1495 1427 1499 1431 1496 1428 1498 1430 1500 1432 1501 1433 1498 1430 1501 1433 1499 1431 1500 1432 1494 1426 1497 1429 1500 1432 1497 1429 1501 1433 1497 1429 1496 1428 1502 1434 1497 1429 1502 1434 1503 1435 1496 1428 1499 1431 1504 1436 1496 1428 1504 1436 1502 1434 1499 1431 1501 1433 1505 1437 1499 1431 1505 1437 1504 1436 1501 1433 1497 1429 1503 1435 1501 1433 1503 1435 1505 1437 1506 1438 1507 1439 1508 1440 1506 1438 1508 1440 1509 1441 1507 1439 1510 1442 1511 1443 1507 1439 1511 1443 1508 1440 1510 1442 1512 1444 1513 1445 1510 1442 1513 1445 1511 1443 1512 1444 1506 1438 1509 1441 1512 1444 1509 1441 1513 1445 1509 1441 1508 1440 1514 1446 1509 1441 1514 1446 1515 1447 1508 1440 1511 1443 1516 1448 1508 1440 1516 1448 1514 1446 1511 1443 1513 1445 1517 1449 1511 1443 1517 1449 1516 1448 1513 1445 1509 1441 1515 1447 1513 1445 1515 1447 1517 1449 1518 1450 1519 1451 1520 1451 1518 1450 1520 1451 1521 1452 1519 1451 1522 1453 1523 1454 1519 1451 1523 1454 1520 1451 1522 1453 1524 1455 1525 1456 1522 1453 1525 1456 1523 1454 1524 1455 1518 1450 1521 1452 1524 1455 1521 1452 1525 1456 1521 1452 1520 1451 1526 1457 1521 1452 1526 1457 1527 1458 1520 1451 1523 1454 1528 1454 1520 1451 1528 1454 1526 1457 1523 1454 1525 1456 1529 1459 1523 1454 1529 1459 1528 1454 1525 1456 1521 1452 1527 1458 1525 1456 1527 1458 1529 1459 1530 1460 1531 1461 1532 1462 1530 1460 1532 1462 1533 1463 1531 1461 1534 1464 1535 1465 1531 1461 1535 1465 1532 1462 1534 1464 1536 1466 1537 1467 1534 1464 1537 1467 1535 1465 1536 1466 1530 1460 1533 1463 1536 1466 1533 1463 1537 1467 1533 1463 1532 1462 1538 1468 1533 1463 1538 1468 1539 1469 1532 1462 1535 1465 1540 1470 1532 1462 1540 1470 1538 1468 1535 1465 1537 1467 1541 1471 1535 1465 1541 1471 1540 1470 1537 1467 1533 1463 1539 1469 1537 1467 1539 1469 1541 1471 1538 1468 1539 1469 1542 1472 1540 1470 1538 1468 1542 1472 1541 1471 1540 1470 1542 1472 1539 1469 1541 1471 1542 1472 1543 1473 1544 1474 1545 1475 1543 1473 1545 1475 1546 1476 1544 1474 1547 1477 1548 1478 1544 1474 1548 1478 1545 1475 1547 1477 1549 1479 1550 1480 1547 1477 1550 1480 1548 1478 1549 1479 1551 1481 1552 1482 1549 1479 1552 1482 1550 1480 1551 1481 1553 1483 1554 1484 1551 1481 1554 1484 1552 1482 1553 1483 1543 1473 1546 1476 1553 1483 1546 1476 1554 1484 1546 1476 1545 1475 1555 1485 1546 1476 1555 1485 1556 1486 1545 1475 1548 1478 1557 1487 1545 1475 1557 1487 1555 1485 1548 1478 1550 1480 1558 1488 1548 1478 1558 1488 1557 1487 1550 1480 1552 1482 1559 1489 1550 1480 1559 1489 1558 1488 1552 1482 1554 1484 1560 1490 1552 1482 1560 1490 1559 1489 1554 1484 1546 1476 1556 1486 1554 1484 1556 1486 1560 1490 1556 1486 1555 1485 1561 1491 1556 1486 1561 1491 1562 1492 1555 1485 1557 1487 1563 1493 1555 1485 1563 1493 1561 1491 1557 1487 1558 1488 1564 1494 1557 1487 1564 1494 1563 1493 1558 1488 1559 1489 1565 1495 1558 1488 1565 1495 1564 1494 1559 1489 1560 1490 1566 1496 1559 1489 1566 1496 1565 1495 1560 1490 1556 1486 1562 1492 1560 1490 1562 1492 1566 1496 1562 1492 1561 1491 1567 1497 1562 1492 1567 1497 1568 1498 1561 1491 1563 1493 1569 1499 1561 1491 1569 1499 1567 1497 1563 1493 1564 1494 1570 1500 1563 1493 1570 1500 1569 1499 1564 1494 1565 1495 1571 1501 1564 1494 1571 1501 1570 1500 1565 1495 1566 1496 1572 1502 1565 1495 1572 1502 1571 1501 1566 1496 1562 1492 1568 1498 1566 1496 1568 1498 1572 1502 1568 1498 1567 1497 1573 1503 1568 1498 1573 1503 1574 1504 1567 1497 1569 1499 1575 1505 1567 1497 1575 1505 1573 1503 1569 1499 1570 1500 1576 1506 1569 1499 1576 1506 1575 1505 1570 1500 1571 1501 1577 1507 1570 1500 1577 1507 1576 1506 1571 1501 1572 1502 1578 1508 1571 1501 1578 1508 1577 1507 1572 1502 1568 1498 1574 1504 1572 1502 1574 1504 1578 1508 1574 1504 1573 1503 1579 1509 1574 1504 1579 1509 1580 1510 1573 1503 1575 1505 1581 1511 1573 1503 1581 1511 1579 1509 1575 1505 1576 1506 1582 1512 1575 1505 1582 1512 1581 1511 1576 1506 1577 1507 1583 1513 1576 1506 1583 1513 1582 1512 1577 1507 1578 1508 1584 1514 1577 1507 1584 1514 1583 1513 1578 1508 1574 1504 1580 1510 1578 1508 1580 1510 1584 1514 1543 1473 1544 1474 1585 1515 1544 1474 1547 1477 1585 1515 1547 1477 1549 1479 1585 1515 1549 1479 1551 1481 1585 1515 1551 1481 1553 1483 1585 1515 1553 1483 1543 1473 1585 1515 1579 1509 1580 1510 1586 1516 1581 1511 1579 1509 1586 1516 1582 1512 1581 1511 1586 1516 1583 1513 1582 1512 1586 1516 1584 1514 1583 1513 1586 1516 1580 1510 1584 1514 1586 1516 1587 1517 1588 1518 1589 1519 1587 1517 1589 1519 1590 1520 1588 1518 1591 1521 1592 1522 1588 1518 1592 1522 1589 1519 1591 1521 1593 1523 1594 1524 1591 1521 1594 1524 1592 1522 1593 1523 1587 1517 1590 1520 1593 1523 1590 1520 1594 1524 1590 1520 1589 1519 1595 1525 1590 1520 1595 1525 1596 1520 1589 1519 1592 1522 1597 1526 1589 1519 1597 1526 1595 1525 1592 1522 1594 1524 1598 1524 1592 1522 1598 1524 1597 1526 1594 1524 1590 1520 1596 1520 1594 1524 1596 1520 1598 1524 1599 1527 1600 1528 1601 1529 1599 1527 1601 1529 1602 1530 1600 1528 1603 1531 1604 1532 1600 1528 1604 1532 1601 1529 1603 1531 1605 1533 1606 1533 1603 1531 1606 1533 1604 1532 1605 1533 1599 1527 1602 1530 1605 1533 1602 1530 1606 1533 1602 1530 1601 1529 1607 1534 1602 1530 1607 1534 1608 1535 1601 1529 1604 1532 1609 1536 1601 1529 1609 1536 1607 1534 1604 1532 1606 1533 1610 1537 1604 1532 1610 1537 1609 1536 1606 1533 1602 1530 1608 1535 1606 1533 1608 1535 1610 1537 1611 1538 1612 1539 1613 1540 1611 1538 1613 1540 1614 1541 1612 1539 1615 1542 1616 1543 1612 1539 1616 1543 1613 1540 1615 1542 1617 1544 1618 1545 1615 1542 1618 1545 1616 1543 1617 1544 1611 1538 1614 1541 1617 1544 1614 1541 1618 1545 1614 1541 1613 1540 1619 1546 1614 1541 1619 1546 1620 1547 1613 1540 1616 1543 1621 1543 1613 1540 1621 1543 1619 1546 1616 1543 1618 1545 1622 1548 1616 1543 1622 1548 1621 1543 1618 1545 1614 1541 1620 1547 1618 1545 1620 1547 1622 1548 1623 1549 1624 1550 1625 1551 1623 1549 1625 1551 1626 1552 1624 1550 1627 1553 1628 1553 1624 1550 1628 1553 1625 1551 1627 1553 1629 1554 1630 1554 1627 1553 1630 1554 1628 1553 1629 1554 1623 1549 1626 1552 1629 1554 1626 1552 1630 1554 1626 1552 1625 1551 1631 1555 1626 1552 1631 1555 1632 1556 1625 1551 1628 1553 1633 1557 1625 1551 1633 1557 1631 1555 1628 1553 1630 1554 1634 1558 1628 1553 1634 1558 1633 1557 1630 1554 1626 1552 1632 1556 1630 1554 1632 1556 1634 1558 1635 1559 1636 1560 1637 1561 1635 1559 1637 1561 1638 1562 1636 1560 1639 1563 1640 1564 1636 1560 1640 1564 1637 1561 1639 1563 1641 1565 1642 1566 1639 1563 1642 1566 1640 1564 1641 1565 1635 1559 1638 1562 1641 1565 1638 1562 1642 1566 1638 1562 1637 1561 1643 1567 1638 1562 1643 1567 1644 1568 1637 1561 1640 1564 1645 1569 1637 1561 1645 1569 1643 1567 1640 1564 1642 1566 1646 1570 1640 1564 1646 1570 1645 1569 1642 1566 1638 1562 1644 1568 1642 1566 1644 1568 1646 1570 1647 1571 1648 1572 1649 1573 1647 1571 1649 1573 1650 1574 1648 1572 1651 1575 1652 1576 1648 1572 1652 1576 1649 1573 1651 1575 1653 1577 1654 1578 1651 1575 1654 1578 1652 1576 1653 1577 1655 1579 1656 1580 1653 1577 1656 1580 1654 1578 1655 1579 1657 1581 1658 1582 1655 1579 1658 1582 1656 1580 1657 1581 1647 1571 1650 1574 1657 1581 1650 1574 1658 1582 1650 1574 1649 1573 1659 1583 1650 1574 1659 1583 1660 1584 1649 1573 1652 1576 1661 1585 1649 1573 1661 1585 1659 1583 1652 1576 1654 1578 1662 1586 1652 1576 1662 1586 1661 1585 1654 1578 1656 1580 1663 1587 1654 1578 1663 1587 1662 1586 1656 1580 1658 1582 1664 1588 1656 1580 1664 1588 1663 1587 1658 1582 1650 1574 1660 1584 1658 1582 1660 1584 1664 1588 1660 1584 1659 1583 1665 1589 1660 1584 1665 1589 1666 1590 1659 1583 1661 1585 1667 1591 1659 1583 1667 1591 1665 1589 1661 1585 1662 1586 1668 1592 1661 1585 1668 1592 1667 1591 1662 1586 1663 1587 1669 1593 1662 1586 1669 1593 1668 1592 1663 1587 1664 1588 1670 1594 1663 1587 1670 1594 1669 1593 1664 1588 1660 1584 1666 1590 1664 1588 1666 1590 1670 1594 1666 1590 1665 1589 1671 1595 1666 1590 1671 1595 1672 1596 1665 1589 1667 1591 1673 1597 1665 1589 1673 1597 1671 1595 1667 1591 1668 1592 1674 1598 1667 1591 1674 1598 1673 1597 1668 1592 1669 1593 1675 1599 1668 1592 1675 1599 1674 1598 1669 1593 1670 1594 1676 1600 1669 1593 1676 1600 1675 1599 1670 1594 1666 1590 1672 1596 1670 1594 1672 1596 1676 1600 1672 1596 1671 1595 1677 1601 1672 1596 1677 1601 1678 1602 1671 1595 1673 1597 1679 1603 1671 1595 1679 1603 1677 1601 1673 1597 1674 1598 1680 1604 1673 1597 1680 1604 1679 1603 1674 1598 1675 1599 1681 1605 1674 1598 1681 1605 1680 1604 1675 1599 1676 1600 1682 1606 1675 1599 1682 1606 1681 1605 1676 1600 1672 1596 1678 1602 1676 1600 1678 1602 1682 1606 1678 1602 1677 1601 1683 1607 1678 1602 1683 1607 1684 1608 1677 1601 1679 1603 1685 1609 1677 1601 1685 1609 1683 1607 1679 1603 1680 1604 1686 1610 1679 1603 1686 1610 1685 1609 1680 1604 1681 1605 1687 1611 1680 1604 1687 1611 1686 1610 1681 1605 1682 1606 1688 1612 1681 1605 1688 1612 1687 1611 1682 1606 1678 1602 1684 1608 1682 1606 1684 1608 1688 1612 1647 1571 1648 1572 1689 1613 1648 1572 1651 1575 1689 1613 1651 1575 1653 1577 1689 1613 1653 1577 1655 1579 1689 1613 1655 1579 1657 1581 1689 1613 1657 1581 1647 1571 1689 1613 1683 1607 1684 1608 1690 1614 1685 1609 1683 1607 1690 1614 1686 1610 1685 1609 1690 1614 1687 1611 1686 1610 1690 1614 1688 1612 1687 1611 1690 1614 1684 1608 1688 1612 1690 1614 1691 1615 1692 1616 1693 1617 1691 1615 1693 1617 1694 1615 1692 1616 1695 1618 1696 1618 1692 1616 1696 1618 1693 1617 1695 1618 1697 1619 1698 1620 1695 1618 1698 1620 1696 1618 1697 1619 1691 1615 1694 1615 1697 1619 1694 1615 1698 1620 1694 1615 1693 1617 1699 1621 1694 1615 1699 1621 1700 1622 1693 1617 1696 1618 1701 1623 1693 1617 1701 1623 1699 1621 1696 1618 1698 1620 1702 1624 1696 1618 1702 1624 1701 1623 1698 1620 1694 1615 1700 1622 1698 1620 1700 1622 1702 1624 1703 1625 1704 1626 1705 1627 1703 1625 1705 1627 1706 1628 1704 1626 1707 1629 1708 1630 1704 1626 1708 1630 1705 1627 1707 1629 1709 1631 1710 1632 1707 1629 1710 1632 1708 1630 1709 1631 1703 1625 1706 1628 1709 1631 1706 1628 1710 1632 1706 1628 1705 1627 1711 1633 1706 1628 1711 1633 1712 1634 1705 1627 1708 1630 1713 1635 1705 1627 1713 1635 1711 1633 1708 1630 1710 1632 1714 1636 1708 1630 1714 1636 1713 1635 1710 1632 1706 1628 1712 1634 1710 1632 1712 1634 1714 1636 1715 1637 1716 1638 1717 1639 1715 1637 1717 1639 1718 1640 1716 1638 1719 1641 1720 1642 1716 1638 1720 1642 1717 1639 1719 1641 1721 1643 1722 1644 1719 1641 1722 1644 1720 1642 1721 1643 1715 1637 1718 1640 1721 1643 1718 1640 1722 1644 1718 1640 1717 1639 1723 1645 1718 1640 1723 1645 1724 1646 1717 1639 1720 1642 1725 1647 1717 1639 1725 1647 1723 1645 1720 1642 1722 1644 1726 1648 1720 1642 1726 1648 1725 1647 1722 1644 1718 1640 1724 1646 1722 1644 1724 1646 1726 1648 1727 1649 1728 1650 1729 1651 1727 1649 1729 1651 1730 1652 1728 1650 1731 1653 1732 1654 1728 1650 1732 1654 1729 1651 1731 1653 1733 1655 1734 1656 1731 1653 1734 1656 1732 1654 1733 1655 1727 1649 1730 1652 1733 1655 1730 1652 1734 1656 1730 1652 1729 1651 1735 1657 1730 1652 1735 1657 1736 1658 1729 1651 1732 1654 1737 1659 1729 1651 1737 1659 1735 1657 1732 1654 1734 1656 1738 1660 1732 1654 1738 1660 1737 1659 1734 1656 1730 1652 1736 1658 1734 1656 1736 1658 1738 1660 1739 1661 1740 1662 1741 1663 1739 1661 1741 1663 1742 1664 1740 1662 1743 1665 1744 1666 1740 1662 1744 1666 1741 1663 1743 1665 1745 1667 1746 1668 1743 1665 1746 1668 1744 1666 1745 1667 1739 1661 1742 1664 1745 1667 1742 1664 1746 1668 1742 1664 1741 1663 1747 1669 1742 1664 1747 1669 1748 1664 1741 1663 1744 1666 1749 1670 1741 1663 1749 1670 1747 1669 1744 1666 1746 1668 1750 1671 1744 1666 1750 1671 1749 1670 1746 1668 1742 1664 1748 1664 1746 1668 1748 1664 1750 1671 1751 1672 1752 1673 1753 1673 1751 1672 1753 1673 1754 1674 1752 1673 1755 1675 1756 1676 1752 1673 1756 1676 1753 1673 1755 1675 1757 1677 1758 1678 1755 1675 1758 1678 1756 1676 1757 1677 1751 1672 1754 1674 1757 1677 1754 1674 1758 1678 1754 1674 1753 1673 1759 1679 1754 1674 1759 1679 1760 1674 1753 1673 1756 1676 1761 1680 1753 1673 1761 1680 1759 1679 1756 1676 1758 1678 1762 1681 1756 1676 1762 1681 1761 1680 1758 1678 1754 1674 1760 1674 1758 1678 1760 1674 1762 1681 1763 1682 1764 1683 1765 1684 1763 1682 1765 1684 1766 1685 1764 1683 1767 1686 1768 1687 1764 1683 1768 1687 1765 1684 1767 1686 1769 1688 1770 1689 1767 1686 1770 1689 1768 1687 1769 1688 1763 1682 1766 1685 1769 1688 1766 1685 1770 1689 1766 1685 1765 1684 1771 1690 1766 1685 1771 1690 1772 1691 1765 1684 1768 1687 1773 1692 1765 1684 1773 1692 1771 1690 1768 1687 1770 1689 1774 1693 1768 1687 1774 1693 1773 1692 1770 1689 1766 1685 1772 1691 1770 1689 1772 1691 1774 1693 1775 1694 1776 1695 1777 1696 1775 1694 1777 1696 1778 1697 1776 1695 1779 1698 1780 1699 1776 1695 1780 1699 1777 1696 1779 1698 1781 1700 1782 1701 1779 1698 1782 1701 1780 1699 1781 1700 1775 1694 1778 1697 1781 1700 1778 1697 1782 1701 1778 1697 1777 1696 1783 1702 1778 1697 1783 1702 1784 1703 1777 1696 1780 1699 1785 1704 1777 1696 1785 1704 1783 1702 1780 1699 1782 1701 1786 1705 1780 1699 1786 1705 1785 1704 1782 1701 1778 1697 1784 1703 1782 1701 1784 1703 1786 1705 1783 1702 1784 1703 1787 1706 1785 1704 1783 1702 1787 1706 1786 1705 1785 1704 1787 1706 1784 1703 1786 1705 1787 1706 1788 1707 1789 1708 1790 1709 1788 1707 1790 1709 1791 1710 1789 1708 1792 1711 1793 1712 1789 1708 1793 1712 1790 1709 1792 1711 1794 1713 1795 1714 1792 1711 1795 1714 1793 1712 1794 1713 1796 1715 1797 1716 1794 1713 1797 1716 1795 1714 1796 1715 1798 1717 1799 1718 1796 1715 1799 1718 1797 1716 1798 1717 1788 1707 1791 1710 1798 1717 1791 1710 1799 1718 1791 1710 1790 1709 1800 1719 1791 1710 1800 1719 1801 1720 1790 1709 1793 1712 1802 1721 1790 1709 1802 1721 1800 1719 1793 1712 1795 1714 1803 1722 1793 1712 1803 1722 1802 1721 1795 1714 1797 1716 1804 1723 1795 1714 1804 1723 1803 1722 1797 1716 1799 1718 1805 1724 1797 1716 1805 1724 1804 1723 1799 1718 1791 1710 1801 1720 1799 1718 1801 1720 1805 1724 1801 1720 1800 1719 1806 1725 1801 1720 1806 1725 1807 1726 1800 1719 1802 1721 1808 1727 1800 1719 1808 1727 1806 1725 1802 1721 1803 1722 1809 1728 1802 1721 1809 1728 1808 1727 1803 1722 1804 1723 1810 1729 1803 1722 1810 1729 1809 1728 1804 1723 1805 1724 1811 1730 1804 1723 1811 1730 1810 1729 1805 1724 1801 1720 1807 1726 1805 1724 1807 1726 1811 1730 1807 1726 1806 1725 1812 1731 1807 1726 1812 1731 1813 1732 1806 1725 1808 1727 1814 1733 1806 1725 1814 1733 1812 1731 1808 1727 1809 1728 1815 1734 1808 1727 1815 1734 1814 1733 1809 1728 1810 1729 1816 1735 1809 1728 1816 1735 1815 1734 1810 1729 1811 1730 1817 1736 1810 1729 1817 1736 1816 1735 1811 1730 1807 1726 1813 1732 1811 1730 1813 1732 1817 1736 1813 1732 1812 1731 1818 1737 1813 1732 1818 1737 1819 1738 1812 1731 1814 1733 1820 1739 1812 1731 1820 1739 1818 1737 1814 1733 1815 1734 1821 1740 1814 1733 1821 1740 1820 1739 1815 1734 1816 1735 1822 1741 1815 1734 1822 1741 1821 1740 1816 1735 1817 1736 1823 1742 1816 1735 1823 1742 1822 1741 1817 1736 1813 1732 1819 1738 1817 1736 1819 1738 1823 1742 1819 1738 1818 1737 1824 1743 1819 1738 1824 1743 1825 1744 1818 1737 1820 1739 1826 1745 1818 1737 1826 1745 1824 1743 1820 1739 1821 1740 1827 1746 1820 1739 1827 1746 1826 1745 1821 1740 1822 1741 1828 1747 1821 1740 1828 1747 1827 1746 1822 1741 1823 1742 1829 1748 1822 1741 1829 1748 1828 1747 1823 1742 1819 1738 1825 1744 1823 1742 1825 1744 1829 1748 1788 1707 1789 1708 1830 1749 1789 1708 1792 1711 1830 1749 1792 1711 1794 1713 1830 1749 1794 1713 1796 1715 1830 1749 1796 1715 1798 1717 1830 1749 1798 1717 1788 1707 1830 1749 1824 1743 1825 1744 1831 1750 1826 1745 1824 1743 1831 1750 1827 1746 1826 1745 1831 1750 1828 1747 1827 1746 1831 1750 1829 1748 1828 1747 1831 1750 1825 1744 1829 1748 1831 1750 1832 1751 1833 1752 1834 1753 1832 1751 1834 1753 1835 1754 1833 1752 1836 1755 1837 1756 1833 1752 1837 1756 1834 1753 1836 1755 1838 1757 1839 1758 1836 1755 1839 1758 1837 1756 1838 1757 1832 1751 1835 1754 1838 1757 1835 1754 1839 1758 1835 1754 1834 1753 1840 1759 1835 1754 1840 1759 1841 1754 1834 1753 1837 1756 1842 1760 1834 1753 1842 1760 1840 1759 1837 1756 1839 1758 1843 1761 1837 1756 1843 1761 1842 1760 1839 1758 1835 1754 1841 1754 1839 1758 1841 1754 1843 1761 1844 1762 1845 1763 1846 1764 1844 1762 1846 1764 1847 1765 1845 1763 1848 1766 1849 1767 1845 1763 1849 1767 1846 1764 1848 1766 1850 1768 1851 1769 1848 1766 1851 1769 1849 1767 1850 1768 1844 1762 1847 1765 1850 1768 1847 1765 1851 1769 1847 1765 1846 1764 1852 1770 1847 1765 1852 1770 1853 1771 1846 1764 1849 1767 1854 1772 1846 1764 1854 1772 1852 1770 1849 1767 1851 1769 1855 1773 1849 1767 1855 1773 1854 1772 1851 1769 1847 1765 1853 1771 1851 1769 1853 1771 1855 1773 1856 1774 1857 1775 1858 1776 1856 1774 1858 1776 1859 1777 1857 1775 1860 1778 1861 1779 1857 1775 1861 1779 1858 1776 1860 1778 1862 1780 1863 1781 1860 1778 1863 1781 1861 1779 1862 1780 1856 1774 1859 1777 1862 1780 1859 1777 1863 1781 1859 1777 1858 1776 1864 1782 1859 1777 1864 1782 1865 1783 1858 1776 1861 1779 1866 1784 1858 1776 1866 1784 1864 1782 1861 1779 1863 1781 1867 1785 1861 1779 1867 1785 1866 1784 1863 1781 1859 1777 1865 1783 1863 1781 1865 1783 1867 1785 1868 1786 1869 1787 1870 1788 1868 1786 1870 1788 1871 1786 1869 1787 1872 1789 1873 1790 1869 1787 1873 1790 1870 1788 1872 1789 1874 1791 1875 1792 1872 1789 1875 1792 1873 1790 1874 1791 1868 1786 1871 1786 1874 1791 1871 1786 1875 1792 1871 1786 1870 1788 1876 1793 1871 1786 1876 1793 1877 1794 1870 1788 1873 1790 1878 1795 1870 1788 1878 1795 1876 1793 1873 1790 1875 1792 1879 1796 1873 1790 1879 1796 1878 1795 1875 1792 1871 1786 1877 1794 1875 1792 1877 1794 1879 1796 1880 1797 1881 1798 1882 1799 1880 1797 1882 1799 1883 1800 1881 1798 1884 1801 1885 1802 1881 1798 1885 1802 1882 1799 1884 1801 1886 1803 1887 1804 1884 1801 1887 1804 1885 1802 1886 1803 1880 1797 1883 1800 1886 1803 1883 1800 1887 1804 1883 1800 1882 1799 1888 1805 1883 1800 1888 1805 1889 1806 1882 1799 1885 1802 1890 1802 1882 1799 1890 1802 1888 1805 1885 1802 1887 1804 1891 1807 1885 1802 1891 1807 1890 1802 1887 1804 1883 1800 1889 1806 1887 1804 1889 1806 1891 1807 1892 1808 1893 1809 1894 1810 1892 1808 1894 1810 1895 1811 1893 1809 1896 1812 1897 1812 1893 1809 1897 1812 1894 1810 1896 1812 1898 1813 1899 1814 1896 1812 1899 1814 1897 1812 1898 1813 1892 1808 1895 1811 1898 1813 1895 1811 1899 1814 1895 1811 1894 1810 1900 1815 1895 1811 1900 1815 1901 1811 1894 1810 1897 1812 1902 1816 1894 1810 1902 1816 1900 1815 1897 1812 1899 1814 1903 1817 1897 1812 1903 1817 1902 1816 1899 1814 1895 1811 1901 1811 1899 1814 1901 1811 1903 1817</p></triangles>
      </mesh>
    </geometry>
  </library_geometries>
  <library_visual_scenes><visual_scene id="scene" name="scene">
    <node id="ROW_15_SEG1_solid" name="ROW_15_SEG1_solid" type="NODE"><instance_geometry url="#ROW_15_SEG1_solid-mesh"><bind_material><technique_common>
      <instance_material symbol="MAT_COTTON_STEM-mat" target="#MAT_COTTON_STEM"/>
    </technique_common></bind_material></instance_geometry></node>
  </visual_scene></library_visual_scenes>
  <scene><instance_visual_scene url="#scene"/></scene>
</COLLADA>
