<?xml version="1.0" encoding="utf-8"?>
<COLLADA xmlns="http://www.collada.org/2005/11/COLLADASchema" version="1.4.1">
  <asset>
    <contributor><authoring_tool>VIGIL SIH26126 farm generator</authoring_tool></contributor>
    <unit name="meter" meter="1"/>
    <up_axis>Z_UP</up_axis>
  </asset>
  <library_effects>
    <effect id="MAT_WEED_GRASS-fx"><profile_COMMON><technique sid="c"><lambert><diffuse><color>0.0980 0.1280 0.0300 1</color></diffuse></lambert></technique></profile_COMMON></effect>
    <effect id="MAT_WEED_BROAD-fx"><profile_COMMON><technique sid="c"><lambert><diffuse><color>0.0720 0.1520 0.0340 1</color></diffuse></lambert></technique></profile_COMMON></effect>
  </library_effects>
  <library_materials>
    <material id="MAT_WEED_GRASS" name="MAT_WEED_GRASS"><instance_effect url="#MAT_WEED_GRASS-fx"/></material>
    <material id="MAT_WEED_BROAD" name="MAT_WEED_BROAD"><instance_effect url="#MAT_WEED_BROAD-fx"/></material>
  </library_materials>
  <library_geometries>
    <geometry id="grass_+02+01_foliage-mesh" name="grass_+02+01_foliage">
      <mesh>
        <source id="grass_+02+01_foliage-pos"><float_array id="grass_+02+01_foliage-pos-a" count="19800">0.3277 -8.9551 -0.058616 0.32643 -8.966 -0.059199 0.35689 -8.9745 0.048276 0.358 -8.9651 0.048776 0.38872 -8.9804 0.11423 0.38953 -8.9735 0.1146 0.42259 -8.9828 0.11621 0.42303 -8.9791 0.1164 0.45826 -8.9822 0.062029 0.45826 -8.9822 0.062029 0.32888 -8.965 -0.059074 0.32525 -8.956 -0.058742 0.28379 -8.976 0.030144 0.28596 -8.984 0.029815 0.24375 -8.9941 0.071175 0.24462 -9 0.070908 0.20563 -9.0091 0.042677 0.20572 -9.0123 0.042521 0.16874 -9.0218 -0.036354 0.16874 -9.0218 -0.036354 0.32473 -8.9576 -0.058834 0.3294 -8.9635 -0.058982 0.35545 -8.9454 0.023059 0.35095 -8.9408 0.02315 0.38242 -8.9252 0.063996 0.37883 -8.9221 0.064035 0.41096 -8.9019 0.044934 0.40889 -8.9005 0.04494 0.44062 -8.8766 -0.018429 0.44062 -8.8766 -0.018429 0.32784 -8.9583 -0.058772 0.32629 -8.9628 -0.059044 0.34723 -8.9732 0.0053826 0.34864 -8.9694 0.0056167 0.36916 -8.982 0.041402 0.37024 -8.9793 0.041572 0.39249 -8.9886 0.034809 0.3931 -8.9871 0.0349 0.41698 -8.9934 -0.0062739 0.41698 -8.9934 -0.0062739 0.32261 -8.9638 -0.059209 0.33152 -8.9573 -0.058607 0.30381 -8.9306 0.033127 0.29604 -8.9361 0.032616 0.2771 -8.902 0.078797 0.27137 -8.9058 0.07843 0.25221 -8.8701 0.057087 0.2491 -8.8721 0.056893 0.22865 -8.8358 -0.014818 0.22865 -8.8358 -0.014818 0.32404 -8.9622 -0.059082 0.33009 -8.9589 -0.058734 0.30996 -8.9322 0.019543 0.3049 -8.9352 0.019238 0.29085 -8.9037 0.057402 0.28727 -8.906 0.057177 0.27346 -8.8724 0.036465 0.27161 -8.8737 0.036343 0.25735 -8.8392 -0.027403 0.25735 -8.8392 -0.027403 0.32544 -8.9638 -0.059119 0.32869 -8.9573 -0.058697 0.3087 -8.9521 0.0014182 0.30565 -8.9575 0.0010547 0.28924 -8.946 0.03724 0.28685 -8.9498 0.036975 0.27077 -8.9382 0.03592 0.26939 -8.9401 0.035779 0.25311 -8.9288 0.0026575 0.25311 -8.9288 0.0026575 0.33228 -8.9578 -0.058609 0.32185 -8.9633 -0.059207 0.34013 -9.0048 0.037178 0.34909 -9.0001 0.037688 0.36043 -9.0436 0.084456 0.36695 -9.0403 0.084824 0.38328 -9.0787 0.059797 0.38678 -9.077 0.059992 0.40805 -9.1111 -0.018605 0.40805 -9.1111 -0.018605 0.332 -8.9637 -0.05891 0.32213 -8.9574 -0.058906 0.29724 -8.9966 0.048987 0.30547 -9.0023 0.048961 0.27426 -9.0338 0.10849 0.28005 -9.0382 0.10846 0.25374 -9.0677 0.095285 0.25674 -9.0702 0.095258 0.23518 -9.0989 0.022823 0.23518 -9.0989 0.022823 0.3298 -8.9591 -0.05875 0.32433 -8.962 -0.059066 0.33372 -8.986 0.018896 0.33817 -8.9832 0.019178 0.34423 -9.0084 0.067689 0.34727 -9.006 0.0679 0.35622 -9.0283 0.07105 0.35773 -9.0269 0.071166 0.36948 -9.0459 0.033307 0.36948 -9.0459 0.033307 2.8033 6.1832 -0.13165 2.8076 6.1896 -0.13165 2.7844 6.2054 -0.062612 2.7812 6.1996 -0.062609 2.7611 6.2208 -0.024066 2.7592 6.2164 -0.024063 2.7379 6.2358 -0.031289 2.7371 6.2334 -0.031288 2.7148 6.2506 -0.075661 2.7148 6.2506 -0.075661 2.801 6.1887 -0.13165 2.8098 6.1842 -0.13165 2.829 6.2242 -0.039174 2.8219 6.2288 -0.039176 2.8478 6.2646 0.0073504 2.843 6.2684 0.0073489 2.8666 6.3054 -0.013584 2.8642 6.3077 -0.013585 2.8854 6.3465 -0.085361 2.8854 6.3465 -0.085361 2.8033 6.1817 -0.13165 2.8076 6.1911 -0.13165 2.7681 6.2089 -0.044319 2.7648 6.2007 -0.044315 2.7285 6.2262 -0.0025173 2.7265 6.2201 -0.0025142 2.689 6.2431 -0.026996 2.6881 6.2398 -0.026994 2.6496 6.2597 -0.099936 2.6496 6.2597 -0.099936 2.801 6.1861 -0.13165 2.8099 6.1867 -0.13165 2.8078 6.2251 -0.051029 2.8001 6.2252 -0.051028 2.8052 6.2635 -0.010367 2.7997 6.264 -0.010367 2.8024 6.3021 -0.028395 2.7995 6.3026 -0.028395 2.7994 6.341 -0.090728 2.7994 6.341 -0.090728 2.8023 6.1843 -0.13165 2.8086 6.1885 -0.13165 2.7902 6.2171 -0.060775 2.7846 6.2138 -0.060773 2.7715 6.2455 -0.025725 2.7673 6.2434 -0.025723 2.7525 6.2739 -0.043108 2.7502 6.2729 -0.043108 2.7333 6.3024 -0.099587 2.7333 6.3024 -0.099587 2.8021 6.1816 -0.13165 2.8087 6.1913 -0.13165 2.7824 6.2089 -0.036707 2.776 6.2012 -0.036703 2.7555 6.2262 0.021491 2.7504 6.2211 0.021493 2.7282 6.2435 0.022995 2.7252 6.2411 0.022997 2.7004 6.2608 -0.02549 2.7004 6.2608 -0.02549 2.8032 6.1807 -0.13165 2.8076 6.1922 -0.13165 2.7757 6.2035 -0.039399 2.7724 6.1935 -0.039393 2.7436 6.2143 0.015019 2.7417 6.2069 0.015023 2.7117 6.2247 0.011783 2.7108 6.2207 0.011785 2.6799 6.2347 -0.040474 2.6799 6.2347 -0.040474 2.809 6.1848 -0.13165 2.8019 6.188 -0.13165 2.7903 6.1607 -0.058497 2.7962 6.1577 -0.058496 2.7789 6.1332 -0.017063 2.7832 6.1308 -0.017062 2.7678 6.1054 -0.023412 2.77 6.1041 -0.023412 2.7567 6.0775 -0.068989 2.7567 6.0775 -0.068989 2.8012 6.1855 -0.13165 2.8097 6.1873 -0.13165 2.8038 6.2167 -0.065048 2.7965 6.2159 -0.065048 2.7976 6.2461 -0.030189 2.7923 6.2462 -0.030189 2.7911 6.2758 -0.042287 2.7883 6.2761 -0.042287 2.7844 6.3058 -0.090717 2.7844 6.3058 -0.090717 2.8028 6.1861 -0.13165 2.8081 6.1868 -0.13165 2.8052 6.213 -0.078429 2.8007 6.2121 -0.078428 2.802 6.2391 -0.052198 2.7988 6.2382 -0.052198 2.7988 6.265 -0.065448 2.7971 6.2645 -0.065448 2.7954 6.2908 -0.10807 2.7954 6.2908 -0.10807 2.202 -9.9675 -0.052323 2.1928 -9.9626 -0.053615 2.1714 -9.9815 0.032449 2.1792 -9.9858 0.033556 2.153 -10.004 0.085693 2.1587 -10.007 0.086496 2.1392 -10.032 0.088327 2.1423 -10.034 0.088756 2.1293 -10.065 0.046534 2.1293 -10.065 0.046534 2.1929 -9.965 -0.053356 2.202 -9.9651 -0.052582 2.1958 -9.919 0.015251 2.188 -9.918 0.014498 2.1922 -9.8766 0.04517 2.1867 -9.8753 0.044566 2.1931 -9.8397 0.020031 2.1903 -9.8387 0.019682 2.1973 -9.8067 -0.04513 2.1973 -9.8067 -0.04513 2.2009 -9.9641 -0.052783 2.194 -9.966 -0.053156 2.1982 -9.9915 0.014387 2.2038 -9.9893 0.01463 2.2053 -10.02 0.0494 2.2093 -10.018 0.049517 2.2166 -10.054 0.036917 2.2186 -10.052 0.036948 2.2308 -10.091 -0.010642 2.2308 -10.091 -0.010642 2.1992 -9.9665 -0.052672 2.1957 -9.9636 -0.053266 2.1772 -9.9753 -0.0019585 2.1801 -9.9779 -0.0014476 2.1608 -9.9896 0.026886 2.1628 -9.9915 0.027257 2.1472 -10.008 0.022016 2.1482 -10.009 0.022216 2.1359 -10.028 -0.010139 2.1359 -10.028 -0.010139 2.1961 -9.9601 -0.053603 2.1988 -9.97 -0.052335 2.2286 -9.9521 0.021578 2.2265 -9.9435 0.020504 2.2614 -9.9376 0.059002 2.26 -9.9313 0.058232 2.2986 -9.9283 0.043083 2.298 -9.925 0.042676 2.3392 -9.9231 -0.012574 2.3392 -9.9231 -0.012574 2.1971 -9.9619 -0.053332 2.1978 -9.9682 -0.052606 2.2255 -9.9573 0.010876 2.2247 -9.952 0.010239 2.2559 -9.9496 0.042349 2.2551 -9.9457 0.041877 2.29 -9.9465 0.027274 2.2895 -9.9445 0.027017 2.3268 -9.947 -0.02179 2.3268 -9.947 -0.02179 2.1952 -9.9625 -0.053427 2.1997 -9.9676 -0.052511 2.2091 -9.9499 -0.0050137 2.2054 -9.9454 -0.0057995 2.22 -9.934 0.023231 2.2174 -9.9306 0.022661 2.2332 -9.921 0.022066 2.232 -9.9191 0.021763 2.2486 -9.9104 -0.0043895 2.2486 -9.9104 -0.0043895 2.1981 -9.9705 -0.052346 2.1968 -9.9596 -0.053592 2.1509 -9.9568 0.020848 2.1519 -9.9662 0.021911 2.1082 -9.9587 0.05646 2.1089 -9.9654 0.057227 2.0704 -9.9668 0.035161 2.0707 -9.9704 0.035568 2.0361 -9.9796 -0.028656 2.0361 -9.9796 -0.028656 2.193 -9.9681 -0.053016 2.2019 -9.9619 -0.052922 2.1724 -9.9225 0.029272 2.1645 -9.9275 0.029142 2.1456 -9.8873 0.073161 2.1398 -9.8907 0.073031 2.1234 -9.8582 0.059488 2.1202 -9.8599 0.0594 2.1048 -9.834 -0.0010934 2.1048 -9.834 -0.0010934 2.1978 -9.9679 -0.05264 2.1971 -9.9622 -0.053298 2.1701 -9.9587 0.0073956 2.1711 -9.9635 0.0079867 2.1453 -9.9579 0.04503 2.1463 -9.9613 0.045475 2.1236 -9.961 0.046727 2.1243 -9.9628 0.046972 2.1048 -9.9676 0.015908 2.1048 -9.9676 0.015908 2.2984 7.4635 -0.14566 2.2985 7.4697 -0.14575 2.2769 7.4703 -0.090453 2.2773 7.4651 -0.090394 2.2549 7.4704 -0.059333 2.2556 7.4667 -0.0593 2.2322 7.4698 -0.064501 2.2327 7.4679 -0.064488 2.209 7.4688 -0.099123 2.209 7.4688 -0.099123 2.2944 7.4661 -0.1456 2.3024 7.4671 -0.14581 2.2993 7.5027 -0.072825 2.2924 7.5026 -0.072655 2.2949 7.538 -0.036261 2.29 7.5384 -0.036145 2.289 7.5729 -0.053175 2.2864 7.5733 -0.053117 2.282 7.6074 -0.1104 2.282 7.6074 -0.1104 2.2991 7.4626 -0.14567 2.2978 7.4706 -0.14574 2.2646 7.4656 -0.075577 2.2661 7.4587 -0.075521 2.2307 7.4597 -0.041506 2.232 7.4548 -0.041473 2.1957 7.4529 -0.059981 2.1965 7.4503 -0.059968 2.1599 7.4455 -0.11688 2.1599 7.4455 -0.11688 2.2955 7.4644 -0.14561 2.3013 7.4688 -0.14581 2.2843 7.4937 -0.081745 2.279 7.4904 -0.081573 2.266 7.5181 -0.049353 2.2621 7.516 -0.049228 2.2465 7.542 -0.063484 2.2442 7.541 -0.063418 2.2258 7.5654 -0.11274 2.2258 7.5654 -0.11274 2.2973 7.4638 -0.14564 2.2996 7.4694 -0.14577 2.2757 7.4806 -0.089097 2.2733 7.476 -0.08898 2.2508 7.4912 -0.060817 2.2489 7.4879 -0.060728 2.2248 7.5011 -0.0741 2.2237 7.4995 -0.074051 2.1978 7.5106 -0.11837 2.1978 7.5106 -0.11837 2.2984 7.462 -0.14564 2.2985 7.4712 -0.14577 2.2745 7.472 -0.069863 2.2736 7.4641 -0.069736 2.2495 7.472 -0.023077 2.2483 7.4663 -0.022973 2.2232 7.4711 -0.021227 2.2222 7.4682 -0.021166 2.1955 7.4696 -0.058998 2.1955 7.4696 -0.058998 2.2995 7.4619 -0.14567 2.2974 7.4713 -0.14574 2.2723 7.4655 -0.071859 2.2745 7.4575 -0.071808 2.2466 7.4588 -0.027972 2.2486 7.4531 -0.027944 2.2201 7.4513 -0.029794 2.2214 7.4483 -0.029784 2.1929 7.4432 -0.070483 2.1929 7.4432 -0.070483 2.3016 7.4671 -0.14579 2.2953 7.4661 -0.14562 2.301 7.4438 -0.087437 2.3065 7.4445 -0.087578 2.3065 7.4211 -0.054405 2.3104 7.4215 -0.054506 2.3112 7.398 -0.059259 2.3133 7.3981 -0.059312 2.3153 7.3743 -0.095214 2.3153 7.3743 -0.095214 2.296 7.4641 -0.14561 2.3009 7.4691 -0.1458 2.2851 7.4863 -0.092793 2.2804 7.4826 -0.09263 2.2683 7.5032 -0.064942 2.2646 7.5008 -0.064822 2.2503 7.5196 -0.074311 2.2482 7.5185 -0.074247 2.2314 7.5357 -0.11248 2.2314 7.5357 -0.11248 2.2968 7.4652 -0.14565 2.3001 7.468 -0.14576 2.2874 7.4844 -0.10344 2.2847 7.4818 -0.10334 2.2741 7.5003 -0.082508 2.2722 7.4983 -0.082437 2.2599 7.5157 -0.092873 2.259 7.5146 -0.092835 2.2452 7.5306 -0.12652 2.2452 7.5306 -0.12652 -3.6302 5.8222 -0.13728 -3.6379 5.8244 -0.1374 -3.6472 5.7976 -0.062705 -3.6404 5.7963 -0.062598 -3.6555 5.7708 -0.021011 -3.6505 5.7703 -0.020934 -3.6628 5.7439 -0.028862 -3.6602 5.7439 -0.028821 -3.6694 5.7173 -0.076925 -3.6694 5.7173 -0.076925 -3.6349 5.8184 -0.13734 -3.6333 5.8282 -0.13734 -3.6805 5.8345 -0.037924 -3.6827 5.8263 -0.037935 -3.7272 5.8402 0.011748 -3.7295 5.8344 0.011731 -3.7733 5.8455 -0.011611 -3.7748 5.8426 -0.011626 -3.8188 5.8506 -0.090016 -3.8188 5.8506 -0.090016 -3.6287 5.8227 -0.13726 -3.6394 5.8239 -0.13742 -3.6457 5.781 -0.042827 -3.6365 5.7804 -0.042686 -3.6508 5.7381 0.0024871 -3.6441 5.738 0.0025891 -3.6544 5.6951 -0.023946 -3.6508 5.6952 -0.023892 -3.657 5.6521 -0.10284 -3.657 5.6521 -0.10284 -3.6323 5.8191 -0.1373 -3.6358 5.8275 -0.13738 -3.6743 5.8139 -0.050609 -3.6719 5.8066 -0.050553 -3.7121 5.7998 -0.0070955 -3.7109 5.7943 -0.007061 -3.7491 5.7852 -0.027118 -3.7487 5.7822 -0.027103 -3.7856 5.7702 -0.095104 -3.7856 5.7702 -0.095104 -3.631 5.821 -0.13729 -3.6372 5.8256 -0.1374 -3.6606 5.7995 -0.060919 -3.6556 5.7952 -0.060831 -3.6833 5.773 -0.023222 -3.6798 5.7697 -0.02316 -3.705 5.7461 -0.042286 -3.7033 5.7442 -0.042254 -3.7261 5.7189 -0.10367 -3.7261 5.7189 -0.10367 -3.6282 5.8217 -0.13725 -3.6399 5.825 -0.13744 -3.6504 5.7947 -0.034695 -3.6408 5.791 -0.034537 -3.6598 5.7639 0.028273 -3.6532 5.7606 0.028385 -3.6682 5.7325 0.029873 -3.6648 5.7304 0.02993 -3.6756 5.7005 -0.022643 -3.6756 5.7005 -0.022643 -3.6277 5.823 -0.13724 -3.6405 5.8236 -0.13744 -3.6429 5.7899 -0.037484 -3.632 5.7899 -0.037318 -3.6441 5.7562 0.02152 -3.6362 5.7566 0.021639 -3.6441 5.7225 0.018116 -3.6399 5.7229 0.018178 -3.6429 5.6889 -0.038353 -3.6429 5.6889 -0.038353 -3.6336 5.8272 -0.13735 -3.6345 5.8194 -0.13734 -3.6049 5.817 -0.057685 -3.6039 5.8236 -0.057688 -3.5747 5.8147 -0.01237 -3.5738 5.8195 -0.012369 -3.5436 5.8126 -0.018781 -3.543 5.8151 -0.018779 -3.5117 5.8104 -0.067656 -3.5117 5.8104 -0.067656 -3.6318 5.8196 -0.1373 -3.6363 5.8271 -0.13739 -3.6645 5.8127 -0.065642 -3.6614 5.8059 -0.065576 -3.6922 5.7978 -0.02826 -3.6905 5.7927 -0.02822 -3.7192 5.7824 -0.041712 -3.7187 5.7796 -0.041696 -3.746 5.7667 -0.094498 -3.746 5.7667 -0.094498 -3.6329 5.8209 -0.13732 -3.6353 5.8257 -0.13737 -3.6611 5.8151 -0.080087 -3.6588 5.811 -0.080041 -3.6863 5.8041 -0.052023 -3.6844 5.8013 -0.051987 -3.7107 5.793 -0.066696 -3.7096 5.7915 -0.066675 -3.7344 5.7817 -0.11317 -3.7344 5.7817 -0.11317 3.7051 -1.6456 -0.077161 3.704 -1.6417 -0.077409 3.6878 -1.6447 -0.049273 3.6885 -1.648 -0.049071 3.6725 -1.6485 -0.036812 3.6729 -1.651 -0.036674 3.6585 -1.6536 -0.047006 3.6586 -1.6549 -0.046936 3.6453 -1.6595 -0.0733 3.6453 -1.6595 -0.0733 3.7051 -1.6426 -0.077304 3.7039 -1.6448 -0.077266 3.7132 -1.6495 -0.045107 3.7141 -1.6475 -0.045149 3.7232 -1.6547 -0.026412 3.7238 -1.6532 -0.026448 3.7344 -1.6608 -0.028021 3.7347 -1.66 -0.028044 3.7465 -1.6677 -0.046369 3.7465 -1.6677 -0.046369 3.7038 -1.6424 -0.077389 3.7053 -1.6449 -0.077181 3.7161 -1.635 -0.039699 3.7148 -1.6329 -0.039878 3.7277 -1.6258 -0.018694 3.7268 -1.6242 -0.018824 3.7408 -1.6176 -0.022392 3.7402 -1.6168 -0.022461 3.7549 -1.6104 -0.04609 3.7549 -1.6104 -0.04609 3.7054 -1.6452 -0.077164 3.7037 -1.6422 -0.077405 3.6911 -1.6475 -0.053084 3.6922 -1.6502 -0.052888 3.6792 -1.6537 -0.042261 3.6798 -1.6558 -0.042127 3.6684 -1.6609 -0.050932 3.6686 -1.6621 -0.050866 3.6583 -1.669 -0.073418 3.6583 -1.669 -0.073418 3.7032 -1.6441 -0.077343 3.7059 -1.6433 -0.077226 3.7012 -1.6323 -0.049043 3.6989 -1.6332 -0.049128 3.6969 -1.6219 -0.031866 3.6954 -1.6227 -0.031916 3.6936 -1.6124 -0.031716 3.6928 -1.6129 -0.031736 3.6912 -1.6038 -0.046704 3.6912 -1.6038 -0.046704 3.706 -1.6425 -0.077258 3.7031 -1.6448 -0.077312 3.7132 -1.6583 -0.039688 3.7158 -1.6566 -0.039622 3.7245 -1.6727 -0.021748 3.7265 -1.6717 -0.021686 3.7377 -1.6886 -0.032259 3.7388 -1.6881 -0.032219 3.752 -1.7054 -0.063021 3.752 -1.7054 -0.063021 3.7048 -1.6458 -0.077168 3.7043 -1.6415 -0.077402 3.6861 -1.6416 -0.044847 3.6863 -1.6453 -0.044656 3.6689 -1.6427 -0.029395 3.6689 -1.6454 -0.029263 3.653 -1.6452 -0.038924 3.6529 -1.6466 -0.038858 3.6381 -1.6486 -0.066922 3.6381 -1.6486 -0.066922 3.7033 -1.6447 -0.077304 3.7057 -1.6427 -0.077265 3.6973 -1.6334 -0.049177 3.6951 -1.635 -0.049224 3.6894 -1.6248 -0.032518 3.6877 -1.6258 -0.032562 3.6823 -1.617 -0.033402 3.6814 -1.6174 -0.033431 3.676 -1.6099 -0.049537 3.676 -1.6099 -0.049537 3.7052 -1.6413 -0.077358 3.7038 -1.646 -0.077212 3.7196 -1.6497 -0.036828 3.721 -1.6457 -0.036938 3.7365 -1.6541 -0.016 3.7377 -1.6513 -0.01607 3.7552 -1.6598 -0.023845 3.7559 -1.6583 -0.023876 3.7753 -1.6665 -0.053205 3.7753 -1.6665 -0.053205 3.7052 -1.6425 -0.077305 3.7039 -1.6448 -0.077265 3.7128 -1.6491 -0.042295 3.714 -1.6472 -0.042319 3.7225 -1.654 -0.020905 3.7235 -1.6527 -0.020914 3.7335 -1.6598 -0.02033 3.7341 -1.6592 -0.02033 3.7456 -1.6665 -0.037771 3.7456 -1.6665 -0.037771 2.1548 9.9083 -0.17036 2.1682 9.9173 -0.17042 2.142 9.9555 -0.019803 2.1305 9.9478 -0.019759 2.115 9.993 0.072055 2.1067 9.9875 0.072087 2.0876 10.03 0.07341 2.0831 10.027 0.073427 2.0597 10.066 -0.0046738 2.0597 10.066 -0.0046738 2.165 9.9189 -0.17042 2.1581 9.9068 -0.17036 2.2098 9.8821 -0.041835 2.2169 9.8918 -0.041882 2.2621 9.8577 0.019051 2.268 9.8641 0.019019 2.3149 9.8329 -0.018359 2.3184 9.8359 -0.018375 2.3682 9.8077 -0.1272 2.3682 9.8077 -0.1272 2.1603 9.9076 -0.17037 2.1628 9.918 -0.17041 2.1129 9.9271 -0.05716 2.1117 9.9181 -0.057124 2.0631 9.9354 -0.0020344 2.0629 9.9289 -0.0020091 2.0135 9.9431 -0.031749 2.0137 9.9396 -0.031736 1.9641 9.9503 -0.12409 1.9641 9.9503 -0.12409 2.1583 9.9115 -0.17038 2.1647 9.9142 -0.1704 2.1526 9.9448 -0.079894 2.1471 9.9426 -0.079878 2.1401 9.9752 -0.02958 2.136 9.9737 -0.02957 2.1273 10.005 -0.039543 2.1251 10.005 -0.039537 2.1143 10.035 -0.098289 2.1143 10.035 -0.098289 2.1691 9.9113 -0.17039 2.1539 9.9143 -0.17039 2.1413 9.8603 -0.041503 2.1543 9.8573 -0.041509 2.1293 9.8057 0.02227 2.1386 9.8034 0.022267 2.1176 9.7506 -0.0092276 2.1225 9.7492 -0.0092288 2.106 9.695 -0.1117 2.106 9.695 -0.1117 2.166 9.9112 -0.17039 2.1571 9.9144 -0.17039 2.1387 9.8681 -0.060839 2.1465 9.8657 -0.06084 2.1208 9.8216 -0.0084216 2.1265 9.82 -0.0084232 2.103 9.7747 -0.039142 2.1061 9.774 -0.039143 2.0854 9.7277 -0.13056 2.0854 9.7277 -0.13056 2.1666 9.9142 -0.1704 2.1565 9.9115 -0.17038 2.1635 9.8856 -0.085039 2.1723 9.8875 -0.085058 2.171 9.8596 -0.03403 2.1774 9.8607 -0.034043 2.1787 9.8334 -0.03553 2.1822 9.8338 -0.035536 2.1866 9.8068 -0.082193 2.1866 9.8068 -0.082193 2.1538 9.9156 -0.17039 2.1692 9.9101 -0.17039 2.1915 9.9667 -0.0327 2.1784 9.9716 -0.032701 2.213 10.023 0.035502 2.2035 10.027 0.035501 2.234 10.08 0.0019457 2.2289 10.082 0.0019448 2.2545 10.136 -0.10763 2.2545 10.136 -0.10763 2.1607 9.9208 -0.17042 2.1624 9.9048 -0.17036 2.2194 9.915 -0.014571 2.2185 9.9288 -0.014622 2.2764 9.9257 0.072795 2.2762 9.9358 0.072757 2.3335 9.9365 0.057333 2.3335 9.9419 0.057313 2.3906 9.9473 -0.041916 2.3906 9.9473 -0.041916 2.1575 9.9143 -0.17039 2.1656 9.9114 -0.17039 2.1778 9.9428 -0.059382 2.1706 9.9447 -0.059379 2.1894 9.974 0.010349 2.1841 9.9749 0.010353 2.2007 10.005 0.015812 2.1978 10.005 0.015814 2.2117 10.035 -0.036871 2.2117 10.035 -0.036871 0.10257 3.7015 -0.11715 0.10413 3.7073 -0.11793 0.080105 3.7185 -0.075757 0.078411 3.7136 -0.075105 0.056026 3.7263 -0.057019 0.05455 3.7228 -0.056559 0.031952 3.7294 -0.072162 0.031036 3.7276 -0.071925 0.0078239 3.7292 -0.11139 0.0078239 3.7292 -0.11139 0.1051 3.7054 -0.11766 0.1016 3.7034 -0.11741 0.1118 3.6933 -0.06842 0.11469 3.6951 -0.068655 0.12224 3.6806 -0.039579 0.12424 3.682 -0.039765 0.13289 3.6639 -0.041125 0.13391 3.6647 -0.041233 0.14368 3.644 -0.067723 0.14368 3.644 -0.067723 0.10329 3.7066 -0.11784 0.1034 3.7022 -0.11724 0.12775 3.7105 -0.06166 0.12762 3.7143 -0.062173 0.1522 3.7157 -0.030744 0.15208 3.7185 -0.031116 0.17683 3.7161 -0.036795 0.17676 3.7175 -0.036994 0.2016 3.7125 -0.072774 0.2016 3.7125 -0.072774 0.1033 3.7018 -0.11719 0.1034 3.707 -0.11789 0.082222 3.7119 -0.081123 0.081615 3.7075 -0.080529 0.061005 3.7139 -0.064532 0.060184 3.7108 -0.064113 0.039738 3.7118 -0.077096 0.039104 3.7102 -0.076881 0.018353 3.7069 -0.11032 0.018353 3.7069 -0.11032 0.10112 3.7049 -0.11762 0.10557 3.7039 -0.11746 0.10878 3.7246 -0.076322 0.1049 3.7251 -0.076414 0.11183 3.743 -0.051648 0.10899 3.7431 -0.05168 0.11488 3.7579 -0.052438 0.11336 3.7578 -0.052437 0.11794 3.7696 -0.075866 0.11794 3.7696 -0.075866 0.10627 3.7048 -0.11758 0.10043 3.704 -0.1175 0.10482 3.6822 -0.059404 0.10986 3.6825 -0.059412 0.10965 3.6564 -0.030756 0.11332 3.6563 -0.030721 0.11488 3.6248 -0.044668 0.11682 3.6245 -0.044628 0.12037 3.5888 -0.088871 0.12037 3.5888 -0.088871 0.10191 3.7014 -0.11714 0.10479 3.7074 -0.11793 0.080338 3.7242 -0.069451 0.077625 3.7192 -0.068789 0.05582 3.7374 -0.046536 0.053677 3.7338 -0.04607 0.031326 3.7453 -0.060986 0.03009 3.7435 -0.060745 0.0068092 3.7495 -0.10306 0.0068092 3.7495 -0.10306 0.10083 3.704 -0.11749 0.10586 3.7048 -0.11758 0.10246 3.726 -0.076503 0.09811 3.7256 -0.076467 0.098892 3.7449 -0.052522 0.095722 3.7448 -0.052524 0.09531 3.7604 -0.05479 0.09362 3.7605 -0.054806 0.091743 3.773 -0.07988 0.091743 3.773 -0.07988 0.10623 3.7069 -0.11786 0.10046 3.7019 -0.11721 0.12082 3.6889 -0.05581 0.12597 3.693 -0.056333 0.14165 3.6722 -0.023683 0.14554 3.675 -0.024038 0.16294 3.6498 -0.03446 0.16509 3.6512 -0.034636 0.1846 3.623 -0.077431 0.1846 3.623 -0.077431 0.10515 3.7054 -0.11767 0.10154 3.7034 -0.11741 0.11163 3.6943 -0.064239 0.11484 3.6959 -0.064436 0.12202 3.6825 -0.031393 0.12442 3.6835 -0.031515 0.13272 3.6666 -0.029691 0.13403 3.667 -0.029745 0.14367 3.647 -0.054942 0.14367 3.647 -0.054942 3.5602 6.5413 -0.13164 3.5683 6.5387 -0.13198 3.58 6.5679 -0.04926 3.5729 6.5694 -0.048984 3.5901 6.5979 -0.0028367 3.5849 6.5985 -0.0026479 3.598 6.6292 -0.010908 3.5952 6.6292 -0.010813 3.6043 6.6614 -0.063211 3.6043 6.6614 -0.063211 3.5652 6.5456 -0.1317 3.5633 6.5343 -0.13192 3.6149 6.5242 -0.023579 3.6173 6.5337 -0.023417 3.6649 6.5161 0.030057 3.6673 6.5227 0.030148 3.7126 6.5102 0.0033635 3.7142 6.5136 0.0033976 3.7587 6.5059 -0.083879 3.7587 6.5059 -0.083879 3.5587 6.5407 -0.1316 3.5699 6.5392 -0.13202 3.5792 6.5866 -0.026929 3.5695 6.5874 -0.026586 3.5861 6.6353 0.023962 3.5791 6.6355 0.0242 3.5901 6.6859 -0.0040604 3.5864 6.6858 -0.0039387 3.5919 6.7378 -0.089782 3.5919 6.7378 -0.089782 3.5625 6.5448 -0.13163 3.566 6.5351 -0.13199 3.6085 6.5485 -0.036882 3.6061 6.557 -0.036583 3.6493 6.5635 0.010664 3.6481 6.5699 0.010867 3.688 6.5808 -0.011668 3.6876 6.5842 -0.011567 3.7251 6.5996 -0.086754 3.7251 6.5996 -0.086754 3.5611 6.5427 -0.13163 3.5675 6.5373 -0.13199 3.5941 6.5655 -0.047596 3.5889 6.5705 -0.047292 3.6191 6.5952 -0.0058438 3.6156 6.5991 -0.0056253 3.642 6.6268 -0.026515 3.6402 6.6289 -0.0264 3.6633 6.6598 -0.09373 3.6633 6.6598 -0.09373 3.5582 6.5419 -0.13156 3.5704 6.538 -0.13206 3.5841 6.5705 -0.018425 3.574 6.5749 -0.017975 3.5958 6.6047 0.051488 3.5888 6.6086 0.051822 3.6051 6.641 0.053917 3.6016 6.6435 0.054097 3.6123 6.6794 -0.0031635 3.6123 6.6794 -0.0031635 3.5576 6.5404 -0.13158 3.5709 6.5396 -0.13204 3.5762 6.5762 -0.02123 3.5647 6.5763 -0.020845 3.5793 6.6139 0.044551 3.5709 6.6134 0.044817 3.5797 6.6531 0.04169 3.5753 6.6526 0.041825 3.5779 6.6935 -0.019538 3.5779 6.6935 -0.019538 3.5637 6.5355 -0.13191 3.5648 6.5445 -0.13171 3.5355 6.5456 -0.043461 3.5343 6.5379 -0.04362 3.5047 6.5472 0.0070141 3.5037 6.5416 0.0069063 3.472 6.5501 0.0005935 3.4713 6.5471 0.00053979 3.4375 6.554 -0.052535 3.4375 6.554 -0.052535 3.562 6.5443 -0.13162 3.5666 6.5356 -0.132 3.5979 6.5503 -0.053209 3.5948 6.5582 -0.052902 3.628 6.5665 -0.012201 3.6263 6.5724 -0.011993 3.6564 6.5845 -0.0271 3.6558 6.5877 -0.026999 3.6836 6.6039 -0.085261 3.6836 6.6039 -0.085261 3.5631 6.5428 -0.1317 3.5655 6.5372 -0.13192 3.594 6.5479 -0.069101 3.5916 6.5526 -0.068902 3.6212 6.5598 -0.038403 3.6193 6.5631 -0.038255 3.6467 6.5729 -0.054707 3.6455 6.5746 -0.054626 3.6708 6.587 -0.10598 3.6708 6.587 -0.10598 3.1054 4.93 -0.123 3.1021 4.9322 -0.12335 3.0931 4.9242 -0.080403 3.096 4.9226 -0.080139 3.0845 4.9137 -0.055665 3.0868 4.9128 -0.055504 3.0765 4.8996 -0.058274 3.0777 4.8992 -0.058205 3.0689 4.8826 -0.083085 3.0689 4.8826 -0.083085 3.1026 4.9285 -0.12285 3.105 4.9336 -0.1235 3.0836 4.9507 -0.069852 3.0812 4.9465 -0.06933 3.0625 4.9638 -0.043633 3.0605 4.961 -0.043282 3.0418 4.9715 -0.057708 3.0405 4.9701 -0.057537 3.0213 4.9751 -0.10216 3.0213 4.9751 -0.10216 3.1062 4.93 -0.12299 3.1014 4.9322 -0.12336 3.0909 4.9164 -0.068254 3.0951 4.9148 -0.067973 3.0811 4.8969 -0.040343 3.0842 4.896 -0.040164 3.0721 4.8722 -0.052028 3.0738 4.8718 -0.051946 3.0636 4.8436 -0.092669 3.0636 4.8436 -0.092669 3.1039 4.9286 -0.12283 3.1037 4.9336 -0.12351 3.0831 4.9377 -0.075327 3.0829 4.9334 -0.074746 3.0627 4.9384 -0.050979 3.0624 4.9353 -0.050562 3.0428 4.9342 -0.061673 3.0425 4.9325 -0.061454 3.0232 4.9263 -0.098823 3.0232 4.9263 -0.098823 3.1048 4.9294 -0.12293 3.1027 4.9328 -0.12342 3.0871 4.9273 -0.079787 3.0887 4.9242 -0.079353 3.0718 4.9187 -0.05753 3.0728 4.9164 -0.057206 3.057 4.9057 -0.066576 3.0575 4.9045 -0.066399 3.0425 4.8895 -0.098961 3.0425 4.8895 -0.098961 3.1062 4.9294 -0.12291 3.1013 4.9328 -0.12344 3.091 4.9251 -0.064789 3.0949 4.9217 -0.064275 3.0812 4.9141 -0.028047 3.0838 4.9113 -0.027638 3.0719 4.8983 -0.025137 3.0731 4.8967 -0.024901 3.063 4.8782 -0.052058 3.063 4.8782 -0.052058 3.1067 4.93 -0.12298 3.1008 4.9321 -0.12336 3.0937 4.9212 -0.065867 3.0989 4.9197 -0.065584 3.0873 4.9072 -0.030969 3.0911 4.9063 -0.030793 3.0816 4.8886 -0.030515 3.0836 4.8883 -0.030437 3.0764 4.8662 -0.059356 3.0764 4.8662 -0.059356 3.1047 4.9331 -0.12344 3.1029 4.929 -0.12291 3.1163 4.9292 -0.078231 3.1179 4.9327 -0.078674 3.1301 4.927 -0.052523 3.1313 4.9295 -0.052838 3.1444 4.921 -0.055369 3.1451 4.9223 -0.055534 3.1591 4.9119 -0.081656 3.1591 4.9119 -0.081656 3.1042 4.9287 -0.12285 3.1034 4.9334 -0.1235 3.0875 4.9346 -0.083375 3.0878 4.9305 -0.082816 3.0718 4.933 -0.062181 3.0717 4.93 -0.061778 3.0565 4.9275 -0.06902 3.0563 4.9259 -0.068809 3.0413 4.9189 -0.097552 3.0413 4.9189 -0.097552 3.1039 4.9296 -0.12297 3.1036 4.9326 -0.12338 3.0895 4.9344 -0.091456 3.0899 4.9319 -0.091111 3.0757 4.934 -0.075641 3.0761 4.9322 -0.075393 3.0624 4.9303 -0.0834 3.0626 4.9293 -0.083269 3.0493 4.9242 -0.1087 3.0493 4.9242 -0.1087 3.2922 8.4669 -0.15174 3.2934 8.4622 -0.15135 3.3092 8.4702 -0.11237 3.3085 8.4743 -0.11269 3.3267 8.4772 -0.094055 3.3264 8.4802 -0.094267 3.3466 8.4825 -0.10557 3.3465 8.4841 -0.10567 3.3682 8.4865 -0.13828 3.3682 8.4865 -0.13828 3.292 8.4632 -0.15153 3.2937 8.4659 -0.15157 3.2768 8.4757 -0.11197 3.2755 8.4733 -0.11193 3.2612 8.4843 -0.090097 3.2604 8.4825 -0.09005 3.2478 8.4911 -0.09494 3.2474 8.4901 -0.094909 3.2361 8.4964 -0.12181 3.2361 8.4964 -0.12181 3.2937 8.463 -0.15138 3.2919 8.4661 -0.15171 3.2711 8.4588 -0.1035 3.2727 8.4563 -0.10322 3.2521 8.4501 -0.076954 3.2533 8.4483 -0.076746 3.2357 8.4393 -0.082913 3.2363 8.4383 -0.082802 3.2215 8.4267 -0.11519 3.2215 8.4267 -0.11519 3.2919 8.4664 -0.15174 3.2938 8.4627 -0.15135 3.306 8.473 -0.11827 3.3047 8.4764 -0.11858 3.3195 8.4825 -0.10299 3.3189 8.485 -0.10319 3.3352 8.4905 -0.11337 3.335 8.4918 -0.11347 3.3525 8.4974 -0.14194 3.3525 8.4974 -0.14194 3.2946 8.4651 -0.15144 3.2911 8.464 -0.15165 3.2914 8.4548 -0.11271 3.2944 8.4559 -0.11255 3.2931 8.4447 -0.088249 3.2951 8.4457 -0.088153 3.2966 8.4334 -0.086214 3.2976 8.434 -0.086174 3.3016 8.4209 -0.10412 3.3016 8.4209 -0.10412 3.2909 8.4631 -0.15161 3.2947 8.466 -0.15149 3.2765 8.4872 -0.10611 3.273 8.4851 -0.10625 3.26 8.5068 -0.086682 3.2574 8.5054 -0.086802 3.2463 8.524 -0.10473 3.2449 8.5234 -0.10481 3.2346 8.5396 -0.14948 3.2346 8.5396 -0.14948 3.2927 8.4672 -0.15172 3.293 8.4619 -0.15137 3.3104 8.4672 -0.10591 3.3104 8.4718 -0.1062 3.3296 8.4714 -0.083 3.3298 8.4747 -0.083198 3.3515 8.4736 -0.092984 3.3517 8.4753 -0.093083 3.3754 8.4744 -0.12728 3.3754 8.4744 -0.12728 3.2944 8.4658 -0.1515 3.2912 8.4633 -0.15159 3.2964 8.4563 -0.11237 3.2993 8.4583 -0.11227 3.303 8.4484 -0.088179 3.3052 8.4497 -0.08809 3.3115 8.4391 -0.087065 3.3127 8.4397 -0.08701 3.3217 8.4284 -0.10601 3.3217 8.4284 -0.10601 3.2918 8.4617 -0.15145 3.2939 8.4674 -0.15165 3.2673 8.4769 -0.10234 3.2652 8.4721 -0.10219 3.2425 8.4845 -0.07877 3.2409 8.4811 -0.078682 3.2206 8.4897 -0.092957 3.2197 8.4879 -0.09292 3.2008 8.4929 -0.13548 3.2008 8.4929 -0.13548 3.292 8.4631 -0.15152 3.2937 8.466 -0.15157 3.2767 8.4757 -0.1082 3.2751 8.4734 -0.10818 3.2611 8.4842 -0.082722 3.2598 8.4826 -0.082721 3.2475 8.491 -0.084655 3.2467 8.4902 -0.084661 3.2356 8.4962 -0.11032 3.2356 8.4962 -0.11032 3.7805 -6.8372 -0.049582 3.7795 -6.8285 -0.04875 3.761 -6.8388 0.029875 3.7619 -6.8462 0.029163 3.7399 -6.8469 0.078574 3.7405 -6.8523 0.078058 3.7147 -6.8512 0.081213 3.715 -6.8541 0.080938 3.6858 -6.8523 0.043427 3.6858 -6.8523 0.043427 3.7779 -6.8297 -0.048707 3.7821 -6.836 -0.049625 3.8136 -6.8227 0.015059 3.8106 -6.8169 0.015822 3.842 -6.8061 0.045377 3.8403 -6.8017 0.045907 3.866 -6.7848 0.02571 3.8654 -6.7824 0.025976 3.887 -6.7602 -0.030293 3.887 -6.7602 -0.030293 3.7822 -6.8347 -0.049526 3.7778 -6.831 -0.048805 3.7658 -6.858 0.0084215 3.7699 -6.8608 0.0078129 3.7515 -6.8827 0.036048 3.7547 -6.8844 0.035617 3.7336 -6.9035 0.020503 3.7354 -6.9042 0.020281 3.713 -6.9215 -0.026907 3.713 -6.9215 -0.026907 3.7798 -6.8347 -0.049312 3.7802 -6.831 -0.04902 3.7662 -6.8335 -0.0011878 3.7659 -6.8367 -0.0014308 3.7504 -6.8345 0.026188 3.7501 -6.8368 0.026017 3.7317 -6.8329 0.022898 3.7316 -6.8341 0.022809 3.7109 -6.8292 -0.0052106 3.7109 -6.8292 -0.0052106 3.7827 -6.8295 -0.049124 3.7773 -6.8362 -0.049208 3.8069 -6.8612 0.012445 3.8116 -6.8557 0.012496 3.8337 -6.8832 0.040978 3.8373 -6.8792 0.040999 3.8564 -6.9009 0.021043 3.8584 -6.8988 0.021046 3.8761 -6.9153 -0.035001 3.8761 -6.9153 -0.035001 3.7819 -6.8311 -0.049186 3.7781 -6.8346 -0.049146 3.8014 -6.8597 0.0030933 3.8046 -6.8565 0.0030811 3.8222 -6.8821 0.026274 3.8245 -6.8797 0.026282 3.8394 -6.9007 0.0071733 3.8405 -6.8994 0.0071861 3.8537 -6.9165 -0.042795 3.8537 -6.9165 -0.042795 3.7806 -6.8301 -0.048982 3.7794 -6.8356 -0.049349 3.798 -6.8424 -0.0075628 3.7993 -6.8376 -0.0072731 3.8151 -6.8474 0.016772 3.8162 -6.844 0.016964 3.83 -6.8499 0.014398 3.8307 -6.8482 0.01449 3.8429 -6.8504 -0.010953 3.8429 -6.8504 -0.010953 3.7767 -6.8359 -0.049129 3.7834 -6.8298 -0.049203 3.7676 -6.8115 0.025024 3.7618 -6.8167 0.025095 3.7483 -6.7904 0.06391 3.7441 -6.7941 0.063968 3.7243 -6.765 0.05104 3.722 -6.7669 0.051074 3.6966 -6.7364 -0.00049511 3.6966 -6.7364 -0.00049511 3.7758 -6.8313 -0.04866 3.7842 -6.8344 -0.049672 3.8011 -6.8113 0.03131 3.7941 -6.8084 0.032191 3.8146 -6.7851 0.077539 3.8096 -6.7827 0.078188 3.8232 -6.7541 0.071496 3.8206 -6.7528 0.071847 3.8279 -6.7193 0.022861 3.8279 -6.7193 0.022861 3.7783 -6.8345 -0.049148 3.7818 -6.8312 -0.049184 3.7746 -6.8227 0.0095914 3.7719 -6.8257 0.0095797 3.7655 -6.8126 0.04736 3.7637 -6.815 0.047321 3.7534 -6.7999 0.052421 3.7525 -6.8013 0.052384 3.7387 -6.7848 0.027888 3.7387 -6.7848 0.027888 -2.2734 -0.28883 -0.082896 -2.2714 -0.29405 -0.082871 -2.2508 -0.28501 -0.04211 -2.2522 -0.28041 -0.04213 -2.23 -0.27576 -0.023562 -2.2308 -0.27236 -0.023577 -2.2091 -0.26645 -0.037103 -2.2094 -0.2646 -0.037111 -2.1881 -0.25707 -0.073448 -2.1881 -0.25707 -0.073448 -2.2732 -0.29313 -0.08288 -2.2716 -0.28975 -0.082886 -2.2885 -0.283 -0.038728 -2.2897 -0.28596 -0.038721 -2.3054 -0.27649 -0.01363 -2.3061 -0.27868 -0.013625 -2.3221 -0.2702 -0.017283 -2.3224 -0.27139 -0.017279 -2.3387 -0.26408 -0.044634 -2.3387 -0.26408 -0.044634 -2.2712 -0.29307 -0.082873 -2.2737 -0.28981 -0.082893 -2.2919 -0.30364 -0.030303 -2.2897 -0.30641 -0.030286 -2.3099 -0.31769 -0.001034 -2.3083 -0.31969 -0.0010217 -2.3277 -0.33195 -0.0067416 -2.3268 -0.33302 -0.006735 -2.3453 -0.34637 -0.040768 -2.3453 -0.34637 -0.040768 -2.2738 -0.28946 -0.082895 -2.271 -0.29342 -0.082872 -2.2554 -0.28188 -0.047957 -2.2574 -0.27823 -0.047976 -2.2398 -0.27013 -0.032172 -2.2409 -0.26733 -0.032186 -2.2239 -0.25829 -0.044001 -2.2243 -0.25673 -0.044008 -2.2079 -0.24636 -0.075394 -2.2079 -0.24636 -0.075394 -2.2705 -0.29062 -0.082879 -2.2744 -0.29226 -0.082887 -2.269 -0.30511 -0.042003 -2.2658 -0.3034 -0.041999 -2.2634 -0.31785 -0.016706 -2.2612 -0.3164 -0.016704 -2.2577 -0.33052 -0.015528 -2.2566 -0.32964 -0.015527 -2.2519 -0.34311 -0.035795 -2.2519 -0.34311 -0.035795 -2.2744 -0.29332 -0.082883 -2.2704 -0.28956 -0.082883 -2.2899 -0.27021 -0.031742 -2.2935 -0.27314 -0.031743 -2.3095 -0.25106 -0.0084895 -2.3123 -0.25296 -0.0084921 -2.3291 -0.23204 -0.025544 -2.3307 -0.23293 -0.025546 -2.3489 -0.21306 -0.071294 -2.3489 -0.21306 -0.071294 -2.273 -0.28842 -0.082896 -2.2719 -0.29446 -0.082871 -2.2484 -0.2887 -0.035512 -2.2491 -0.28347 -0.035533 -2.2248 -0.28273 -0.012388 -2.2251 -0.27891 -0.012403 -2.2011 -0.2767 -0.02465 -2.2011 -0.27466 -0.024657 -2.1771 -0.27063 -0.063066 -2.1771 -0.27063 -0.063066 -2.2708 -0.28976 -0.082883 -2.2741 -0.29312 -0.082883 -2.2635 -0.30275 -0.041951 -2.2604 -0.30006 -0.04195 -2.2526 -0.31232 -0.017198 -2.2503 -0.31052 -0.017196 -2.2415 -0.32197 -0.017281 -2.2402 -0.32109 -0.01728 -2.2302 -0.33171 -0.038953 -2.2302 -0.33171 -0.038953 -2.2732 -0.2949 -0.082873 -2.2716 -0.28798 -0.082893 -2.2986 -0.28346 -0.027622 -2.3002 -0.28932 -0.027607 -2.3256 -0.27935 -4.5177e-05 -2.327 -0.28354 -3.5032e-05 -2.3527 -0.27553 -0.013077 -2.3535 -0.27774 -0.013072 -2.3798 -0.27193 -0.056585 -2.3798 -0.27193 -0.056585 -2.2732 -0.2932 -0.082879 -2.2716 -0.28968 -0.082887 -2.2882 -0.28325 -0.03471 -2.2897 -0.28617 -0.034705 -2.3048 -0.27702 -0.005767 -2.3061 -0.27907 -0.0057639 -2.3214 -0.27095 -0.0063077 -2.3222 -0.27201 -0.0063064 -2.3381 -0.26501 -0.03237 -2.3381 -0.26501 -0.03237 -0.96317 -7.3205 -0.065751 -0.96626 -7.3174 -0.065694 -0.9787 -7.3317 -0.025363 -0.9758 -7.3341 -0.025395 -0.99055 -7.3455 -0.0031685 -0.98828 -7.3469 -0.0031799 -1.0017 -7.3581 -0.0081949 -1.0004 -7.3587 -0.0081943 -1.0122 -7.3697 -0.035312 -1.0122 -7.3697 -0.035312 -0.9665 -7.3214 -0.065856 -0.96293 -7.3165 -0.065589 -0.98436 -7.3041 -0.010417 -0.98777 -7.3081 -0.010641 -1.0055 -7.2909 0.017411 -1.0082 -7.2935 0.017253 -1.026 -7.2761 0.0051074 -1.0276 -7.2774 0.0050262 -1.0462 -7.2601 -0.037441 -1.0462 -7.2601 -0.037441 -0.96231 -7.3206 -0.065739 -0.96711 -7.3173 -0.065707 -0.9828 -7.3417 -0.014934 -0.97853 -7.3442 -0.014948 -0.99767 -7.3651 0.0087566 -0.99446 -7.3668 0.0087559 -1.0115 -7.3869 -0.0069738 -1.0098 -7.3877 -0.0069691 -1.0247 -7.4076 -0.051525 -1.0247 -7.4076 -0.051525 -0.96507 -7.3216 -0.065836 -0.96436 -7.3162 -0.065609 -0.98717 -7.3165 -0.018028 -0.98812 -7.3211 -0.018228 -1.0096 -7.3161 0.0057719 -1.0106 -7.3194 0.0056239 -1.0315 -7.3145 -0.0053468 -1.0322 -7.3162 -0.005427 -1.053 -7.3119 -0.042825 -1.053 -7.3119 -0.042825 -0.96389 -7.321 -0.065786 -0.96554 -7.3169 -0.06566 -0.98463 -7.3274 -0.024217 -0.98343 -7.331 -0.024333 -1.0033 -7.3374 -0.004092 -1.0026 -7.34 -0.0041818 -1.0213 -7.3462 -0.015163 -1.021 -7.3476 -0.015214 -1.0389 -7.3542 -0.049494 -1.0389 -7.3542 -0.049494 -0.96237 -7.3213 -0.065766 -0.96706 -7.3166 -0.065679 -0.98122 -7.3333 -0.010035 -0.97763 -7.3377 -0.010135 -0.99482 -7.3495 0.023739 -0.99255 -7.3529 0.023649 -1.0078 -7.3646 0.023779 -1.0067 -7.3666 0.023722 -1.0202 -7.3788 -0.0059282 -1.0202 -7.3788 -0.0059282 -0.96174 -7.3207 -0.06573 -0.96769 -7.3172 -0.065715 -0.97894 -7.3377 -0.011766 -0.97368 -7.3403 -0.011764 -0.98941 -7.3573 0.019679 -0.98549 -7.3591 0.019692 -0.99895 -7.3756 0.016836 -0.99681 -7.3764 0.016849 -1.0077 -7.3927 -0.01516 -1.0077 -7.3927 -0.01516 -0.96339 -7.3169 -0.065616 -0.96604 -7.3209 -0.065829 -0.95287 -7.3317 -0.02239 -0.95049 -7.3283 -0.022208 -0.93916 -7.3415 0.0021908 -0.93735 -7.3391 0.0023218 -0.92475 -7.3501 -0.0016455 -0.92375 -7.3489 -0.0015761 -0.90976 -7.3578 -0.028812 -0.90976 -7.3578 -0.028812 -0.9647 -7.3215 -0.065824 -0.96473 -7.3163 -0.065621 -0.98273 -7.3192 -0.026399 -0.98318 -7.3236 -0.026583 -1.0005 -7.3215 -0.0060722 -1.0011 -7.3247 -0.0062109 -1.0178 -7.3229 -0.013685 -1.0184 -7.3246 -0.013761 -1.0349 -7.3236 -0.042915 -1.0349 -7.3236 -0.042915 -0.96483 -7.3205 -0.065789 -0.9646 -7.3173 -0.065657 -0.98034 -7.3183 -0.034293 -0.98038 -7.3211 -0.034403 -0.99572 -7.3189 -0.018989 -0.99564 -7.3209 -0.019066 -1.0106 -7.3186 -0.027172 -1.0105 -7.3197 -0.027212 -1.025 -7.3177 -0.05283 -1.025 -7.3177 -0.05283 3.2672 1.75 -0.11059 3.264 1.7517 -0.1106 3.2578 1.7389 -0.073551 3.2607 1.7378 -0.073535 3.2519 1.7262 -0.052901 3.2541 1.7256 -0.052889 3.2463 1.7136 -0.056869 3.2475 1.7134 -0.056862 3.241 1.7012 -0.080817 3.241 1.7012 -0.080817 3.2649 1.7485 -0.11061 3.2664 1.7532 -0.11058 3.2465 1.7594 -0.060939 3.2448 1.7555 -0.060965 3.2266 1.7655 -0.036016 3.2251 1.7628 -0.036036 3.2068 1.7716 -0.047379 3.2059 1.7703 -0.04739 3.187 1.7779 -0.086091 3.187 1.7779 -0.086091 3.2679 1.7501 -0.11058 3.2633 1.7516 -0.11061 3.2571 1.7306 -0.063747 3.2611 1.7296 -0.063723 3.2512 1.7097 -0.041376 3.2542 1.7091 -0.041358 3.2458 1.689 -0.054655 3.2473 1.6888 -0.054645 3.2406 1.6684 -0.093999 3.2406 1.6684 -0.093999 3.266 1.7487 -0.1106 3.2652 1.753 -0.11059 3.2474 1.7489 -0.067349 3.2478 1.7451 -0.067361 3.2296 1.7446 -0.045605 3.2297 1.7418 -0.045615 3.212 1.7403 -0.05543 3.212 1.7388 -0.055436 3.1945 1.736 -0.089086 3.1945 1.736 -0.089086 3.2668 1.7495 -0.11059 3.2645 1.7522 -0.1106 3.2521 1.7409 -0.072592 3.2539 1.7384 -0.072589 3.2399 1.7294 -0.053857 3.2411 1.7275 -0.053856 3.2279 1.7179 -0.063327 3.2285 1.7169 -0.063326 3.2161 1.7064 -0.093825 3.2161 1.7064 -0.093825 3.2681 1.7496 -0.11058 3.2632 1.7521 -0.11061 3.2562 1.7376 -0.059632 3.2602 1.735 -0.059614 3.2496 1.7229 -0.028423 3.2522 1.7208 -0.028413 3.2432 1.7081 -0.027709 3.2445 1.7068 -0.027705 3.2369 1.6932 -0.053885 3.2369 1.6932 -0.053885 3.2684 1.7502 -0.11058 3.2629 1.7515 -0.11061 3.2591 1.7347 -0.061072 3.2639 1.7339 -0.061042 3.2558 1.718 -0.031883 3.2593 1.7176 -0.031861 3.2528 1.7015 -0.033704 3.2547 1.7014 -0.033691 3.2502 1.6851 -0.061891 3.2502 1.6851 -0.061891 3.2662 1.7527 -0.11058 3.2651 1.749 -0.1106 3.2781 1.7452 -0.071186 3.2792 1.7484 -0.071167 3.2914 1.7417 -0.048828 3.2922 1.7439 -0.048814 3.3048 1.7383 -0.052171 3.3053 1.7395 -0.052163 3.3185 1.7351 -0.076612 3.3185 1.7351 -0.076612 3.2663 1.7489 -0.1106 3.265 1.7529 -0.11059 3.2515 1.7476 -0.074869 3.2523 1.7441 -0.074877 3.2382 1.7422 -0.056222 3.2385 1.7396 -0.05623 3.2249 1.7368 -0.062834 3.2249 1.7354 -0.062839 3.2116 1.7313 -0.088989 3.2116 1.7313 -0.088989 3.266 1.7496 -0.1106 3.2653 1.7521 -0.11059 3.2532 1.7486 -0.082052 3.2539 1.7464 -0.082056 3.2413 1.745 -0.068031 3.2418 1.7435 -0.068033 3.2295 1.7414 -0.075246 3.2299 1.7406 -0.075247 3.2179 1.7379 -0.098261 3.2179 1.7379 -0.098261 3.868 9.416 -0.15657 3.8715 9.416 -0.15647 3.8702 9.425 -0.11986 3.8671 9.4247 -0.11999 3.8691 9.4359 -0.09872 3.8669 9.4354 -0.098835 3.8686 9.4494 -0.10078 3.8674 9.4491 -0.10086 3.8685 9.4652 -0.12168 3.8685 9.4652 -0.12168 3.8694 9.4183 -0.15625 3.8701 9.4137 -0.1568 3.8891 9.4112 -0.10897 3.8888 9.4152 -0.10849 3.9087 9.4119 -0.084398 3.9088 9.4148 -0.084036 3.9295 9.4169 -0.093979 3.9297 9.4184 -0.093784 3.951 9.4251 -0.1293 3.951 9.4251 -0.1293 3.8674 9.4156 -0.15664 3.8721 9.4164 -0.1564 3.8668 9.4312 -0.10978 3.8628 9.4302 -0.11001 3.862 9.4487 -0.086248 3.8591 9.4478 -0.086431 3.858 9.4702 -0.096308 3.8565 9.4697 -0.096415 3.8545 9.4946 -0.13094 3.8545 9.4946 -0.13094 3.8684 9.4177 -0.15635 3.8711 9.4143 -0.15669 3.8838 9.4205 -0.11408 3.8817 9.4235 -0.11377 3.897 9.4293 -0.091696 3.8957 9.4316 -0.09145 3.911 9.442 -0.099026 3.9104 9.4432 -0.098886 3.9257 9.4575 -0.12878 3.9257 9.4575 -0.12878 3.8681 9.4167 -0.15649 3.8714 9.4154 -0.15656 3.8761 9.4258 -0.11866 3.8734 9.4271 -0.11857 3.8812 9.4386 -0.098897 3.8793 9.4397 -0.098821 3.887 9.4548 -0.10569 3.886 9.4554 -0.10564 3.8933 9.4734 -0.13228 3.8933 9.4734 -0.13228 3.867 9.416 -0.1566 3.8725 9.416 -0.15644 3.8706 9.4251 -0.1065 3.866 9.4256 -0.10658 3.869 9.4367 -0.075175 3.8657 9.4373 -0.075189 3.868 9.4519 -0.072551 3.8663 9.4524 -0.072537 3.8677 9.4704 -0.095232 3.8677 9.4704 -0.095232 3.867 9.4153 -0.15668 3.8725 9.4167 -0.15636 3.8668 9.4265 -0.10783 3.8622 9.425 -0.10814 3.8614 9.4385 -0.078495 3.8581 9.4373 -0.078737 3.8566 9.454 -0.078387 3.8549 9.4532 -0.078526 3.8525 9.4723 -0.10313 3.8525 9.4723 -0.10313 3.8701 9.4142 -0.15674 3.8694 9.4178 -0.15631 3.8549 9.4104 -0.11997 3.8554 9.4073 -0.12034 3.8409 9.4048 -0.099728 3.8412 9.4025 -0.1 3.8275 9.4021 -0.10371 3.8276 9.4009 -0.10385 3.8147 9.4017 -0.12757 3.8147 9.4017 -0.12757 3.8683 9.4174 -0.15639 3.8712 9.4146 -0.15665 3.8797 9.4206 -0.12139 3.8775 9.4233 -0.12113 3.8886 9.4288 -0.10219 3.8872 9.4309 -0.10197 3.8982 9.4401 -0.10676 3.8976 9.4413 -0.10663 3.9083 9.4539 -0.12971 3.9083 9.4539 -0.12971 3.8689 9.4169 -0.15643 3.8706 9.4151 -0.15661 3.8789 9.4199 -0.12839 3.8774 9.4215 -0.12824 3.8875 9.4266 -0.11383 3.8863 9.4276 -0.11374 3.8965 9.4357 -0.11928 3.8959 9.4362 -0.11923 3.9059 9.4466 -0.13961 3.9059 9.4466 -0.13961 2.1238 5.9083 -0.1309 2.1232 5.9139 -0.13143 2.1007 5.9158 -0.082759 2.1009 5.911 -0.082302 2.0784 5.915 -0.060581 2.0783 5.9115 -0.060252 2.0563 5.9103 -0.076703 2.0561 5.9084 -0.076529 2.0344 5.9029 -0.12004 2.0344 5.9029 -0.12004 2.1247 5.9126 -0.13129 2.1223 5.9097 -0.13104 2.136 5.9036 -0.077045 2.1379 5.9062 -0.077265 2.15 5.8956 -0.045819 2.1513 5.8975 -0.045987 2.1643 5.8844 -0.048933 2.1649 5.8854 -0.049027 2.1789 5.8706 -0.080355 2.1789 5.8706 -0.080355 2.1228 5.9131 -0.13136 2.1243 5.9092 -0.13098 2.1445 5.9236 -0.068774 2.1431 5.9269 -0.069097 2.1648 5.9355 -0.034434 2.1638 5.9378 -0.034668 2.1855 5.9435 -0.041868 2.185 5.9448 -0.041992 2.2065 5.9484 -0.083123 2.2065 5.9484 -0.083123 2.1243 5.9089 -0.13094 2.1227 5.9134 -0.13139 2.1044 5.9108 -0.089263 2.1053 5.9068 -0.08887 2.0863 5.9058 -0.069951 2.0866 5.9028 -0.069664 2.0683 5.8975 -0.083594 2.0683 5.8958 -0.083442 2.0504 5.8868 -0.12059 2.0504 5.8868 -0.12059 2.1215 5.9109 -0.13116 2.1256 5.9114 -0.13117 2.1233 5.9301 -0.083779 2.1198 5.9293 -0.083741 2.121 5.9469 -0.054988 2.1185 5.9461 -0.054938 2.1188 5.9608 -0.054984 2.1175 5.9603 -0.054945 2.1169 5.9722 -0.080573 2.1169 5.9722 -0.080573 2.1259 5.9124 -0.13126 2.1212 5.9099 -0.13107 2.1339 5.8918 -0.067465 2.1381 5.8936 -0.067595 2.1472 5.8705 -0.037159 2.1504 5.8716 -0.037228 2.1612 5.8446 -0.054972 2.1629 5.8451 -0.054995 2.1756 5.8154 -0.10703 2.1756 5.8154 -0.10703 2.1233 5.9081 -0.13088 2.1238 5.9142 -0.13145 2.0994 5.9208 -0.07532 2.0987 5.9156 -0.074832 2.0751 5.9244 -0.048097 2.0744 5.9207 -0.047748 2.0511 5.9239 -0.06311 2.0507 5.9219 -0.062926 2.0274 5.9203 -0.10934 2.0274 5.9203 -0.10934 2.1215 5.91 -0.13108 2.1255 5.9123 -0.13126 2.1174 5.9294 -0.083715 2.1138 5.9276 -0.083584 2.1093 5.9445 -0.055488 2.1066 5.9435 -0.055411 2.1012 5.957 -0.056922 2.0998 5.9565 -0.05689 2.0933 5.967 -0.084141 2.0933 5.967 -0.084141 2.1252 5.9143 -0.13144 2.1219 5.908 -0.13089 2.1456 5.9026 -0.063434 2.1487 5.9077 -0.063895 2.1698 5.8942 -0.029069 2.1722 5.8978 -0.029391 2.1947 5.8814 -0.043201 2.1961 5.8832 -0.043366 2.2201 5.8651 -0.093726 2.2201 5.8651 -0.093726 2.1247 5.9126 -0.13129 2.1223 5.9097 -0.13104 2.1357 5.9044 -0.072285 2.138 5.9068 -0.07249 2.1495 5.8972 -0.036505 2.1512 5.8988 -0.036642 2.1637 5.8866 -0.03593 2.1647 5.8874 -0.035997 2.1784 5.8731 -0.065827 2.1784 5.8731 -0.065827 1.5224 3.5229 -0.11825 1.5223 3.5263 -0.11844 1.5119 3.5267 -0.088363 1.5118 3.5238 -0.088173 1.4995 3.526 -0.073672 1.4993 3.5239 -0.073516 1.4842 3.5238 -0.081215 1.484 3.5227 -0.081122 1.4669 3.5206 -0.10455 1.4669 3.5206 -0.10455 1.5231 3.5254 -0.11849 1.5216 3.5237 -0.11819 1.534 3.5188 -0.088172 1.5353 3.5203 -0.088423 1.5448 3.5131 -0.07138 1.5456 3.5142 -0.071556 1.5531 3.5062 -0.074528 1.5535 3.5069 -0.074619 1.5593 3.4984 -0.094111 1.5593 3.4984 -0.094111 1.5219 3.5257 -0.11836 1.5228 3.5234 -0.11832 1.5407 3.5304 -0.083826 1.54 3.5324 -0.083858 1.5565 3.5366 -0.065501 1.556 3.538 -0.065522 1.5693 3.5413 -0.071427 1.569 3.5421 -0.071437 1.5795 3.5448 -0.096988 1.5795 3.5448 -0.096988 1.5228 3.5232 -0.11831 1.5219 3.526 -0.11838 1.5135 3.5238 -0.092501 1.514 3.5213 -0.092404 1.5034 3.5206 -0.079876 1.5035 3.5188 -0.079776 1.4907 3.5161 -0.086379 1.4907 3.5151 -0.086311 1.4763 3.5107 -0.10643 1.4763 3.5107 -0.10643 1.5211 3.5245 -0.11817 1.5237 3.5247 -0.11851 1.5265 3.5349 -0.09065 1.5243 3.5345 -0.090346 1.5279 3.5445 -0.073573 1.5263 3.544 -0.073348 1.5271 3.5529 -0.073206 1.5263 3.5526 -0.073084 1.5244 3.5603 -0.087699 1.5244 3.5603 -0.087699 1.5239 3.5253 -0.11858 1.5208 3.5239 -0.11811 1.5329 3.5115 -0.082608 1.5356 3.5125 -0.083012 1.5427 3.4979 -0.066469 1.5447 3.4985 -0.066759 1.5491 3.4826 -0.078288 1.5502 3.4828 -0.07844 1.5531 3.4659 -0.11001 1.5531 3.4659 -0.11001 1.5221 3.5227 -0.11819 1.5226 3.5264 -0.11849 1.5118 3.5296 -0.083877 1.5112 3.5264 -0.083605 1.4987 3.5315 -0.066048 1.4982 3.5292 -0.065837 1.4825 3.5318 -0.072737 1.4822 3.5306 -0.072618 1.464 3.5309 -0.097547 1.464 3.5309 -0.097547 1.5211 3.5239 -0.11814 1.5237 3.5252 -0.11855 1.5228 3.5346 -0.090132 1.5205 3.5336 -0.089781 1.5204 3.5432 -0.072915 1.5187 3.5426 -0.072661 1.5158 3.5508 -0.072907 1.5148 3.5505 -0.072773 1.5091 3.5575 -0.087861 1.5091 3.5575 -0.087861 1.5235 3.5264 -0.1186 1.5212 3.5227 -0.11808 1.541 3.5177 -0.081109 1.5431 3.5208 -0.081565 1.5584 3.5117 -0.063363 1.5601 3.5138 -0.063703 1.5725 3.5039 -0.073792 1.5734 3.505 -0.073978 1.584 3.4949 -0.10537 1.584 3.4949 -0.10537 1.5232 3.5254 -0.1185 1.5216 3.5237 -0.11819 1.5342 3.5192 -0.085381 1.5357 3.5206 -0.085654 1.5452 3.5139 -0.065927 1.5464 3.5148 -0.066129 1.5538 3.5073 -0.066926 1.5545 3.5078 -0.067036 1.5602 3.4996 -0.08563 1.5602 3.4996 -0.08563 -3.9653 6.307 -0.1427 -3.9538 6.3041 -0.14278 -3.945 6.3393 -0.031563 -3.9549 6.3418 -0.0315 -3.9372 6.3741 0.036112 -3.9444 6.3759 0.036157 -3.9304 6.4082 0.036716 -3.9342 6.4092 0.03674 -3.9243 6.4416 -0.021552 -3.9243 6.4416 -0.021552 -3.9545 6.3068 -0.1428 -3.9646 6.3044 -0.14268 -3.9521 6.2641 -0.047055 -3.9433 6.2651 -0.047151 -3.9395 6.223 -0.0015605 -3.9331 6.223 -0.0016216 -3.9273 6.1807 -0.028912 -3.9239 6.1803 -0.02894 -3.9154 6.1374 -0.1092 -3.9154 6.1374 -0.1092 -3.963 6.3037 -0.14269 -3.9561 6.3075 -0.1428 -3.9752 6.3408 -0.059095 -3.9808 6.3369 -0.058995 -3.995 6.3732 -0.018464 -3.9987 6.37 -0.01839 -4.0153 6.4045 -0.040704 -4.0171 6.4026 -0.040664 -4.0361 6.435 -0.10936 -4.0361 6.435 -0.10936 -3.9619 6.3067 -0.14273 -3.9572 6.3045 -0.14275 -3.9459 6.3275 -0.075973 -3.9499 6.3295 -0.07596 -3.9351 6.3503 -0.038983 -3.938 6.3518 -0.038975 -3.9249 6.3726 -0.046664 -3.9264 6.3735 -0.04666 -3.915 6.3946 -0.090499 -3.915 6.3946 -0.090499 -3.9566 6.3006 -0.14271 -3.9625 6.3106 -0.14277 -3.998 6.2911 -0.046832 -3.9932 6.2825 -0.046771 -4.0337 6.2706 0.0008628 -4.0304 6.2642 0.00090893 -4.0701 6.2489 -0.022045 -4.0684 6.2455 -0.022019 -4.1069 6.2263 -0.097548 -4.1069 6.2263 -0.097548 -3.9582 6.3023 -0.14271 -3.9609 6.3089 -0.14277 -3.995 6.2964 -0.061237 -3.9925 6.2909 -0.061193 -4.0293 6.2832 -0.022046 -4.0273 6.2792 -0.022016 -4.0641 6.269 -0.044467 -4.0629 6.267 -0.044452 -4.0991 6.2543 -0.11187 -4.0991 6.2543 -0.11187 -3.9563 6.3035 -0.14275 -3.9628 6.3077 -0.14274 -3.9732 6.2913 -0.079247 -3.9678 6.2874 -0.07925 -3.9837 6.2744 -0.041197 -3.9799 6.2714 -0.041196 -3.9943 6.2567 -0.04206 -3.9924 6.255 -0.042058 -4.0053 6.2385 -0.076392 -4.0053 6.2385 -0.076392 -3.9618 6.3113 -0.14279 -3.9573 6.2999 -0.14269 -3.9144 6.3173 -0.041065 -3.9183 6.3271 -0.041148 -3.8723 6.3347 0.009062 -3.875 6.3418 0.0090012 -3.8309 6.3514 -0.016227 -3.8323 6.3552 -0.01626 -3.7901 6.3678 -0.097859 -3.7901 6.3678 -0.097859 -3.9555 6.3101 -0.14283 -3.9636 6.301 -0.14265 -3.9291 6.2757 -0.027101 -3.9219 6.2832 -0.02726 -3.8947 6.25 0.037731 -3.8893 6.2553 0.037616 -3.8607 6.2236 0.026355 -3.8577 6.2263 0.026294 -3.8269 6.1965 -0.047119 -3.8269 6.1965 -0.047119 -3.9608 6.3086 -0.14277 -3.9583 6.3026 -0.14272 -3.9345 6.3126 -0.060677 -3.937 6.3176 -0.060713 -3.9112 6.3225 -0.0092293 -3.9134 6.326 -0.0092509 -3.8886 6.332 -0.0054105 -3.8899 6.3337 -0.0054194 -3.8667 6.3409 -0.044682 -3.8667 6.3409 -0.044682 2.3931 -0.08794 -0.09605 2.3904 -0.084995 -0.09602 2.3834 -0.092876 -0.056357 2.3859 -0.095139 -0.056431 2.3747 -0.10225 -0.033281 2.3767 -0.10369 -0.033369 2.3635 -0.11374 -0.035099 2.3647 -0.11439 -0.035164 2.3504 -0.12689 -0.057126 2.3504 -0.12689 -0.057126 2.39 -0.088634 -0.095664 2.3935 -0.084301 -0.096405 2.3812 -0.065884 -0.045458 2.3779 -0.069305 -0.044815 2.366 -0.04974 -0.019445 2.3634 -0.051991 -0.018977 2.3467 -0.036743 -0.030072 2.3452 -0.037811 -0.029823 2.3242 -0.026058 -0.068315 2.3242 -0.026058 -0.068315 2.3939 -0.088085 -0.09612 2.3897 -0.08485 -0.09595 2.3805 -0.1005 -0.045265 2.3842 -0.10305 -0.045446 2.3688 -0.11835 -0.019342 2.3717 -0.12004 -0.019499 2.3535 -0.13931 -0.029458 2.3551 -0.14011 -0.029556 2.3356 -0.16248 -0.065931 2.3356 -0.16248 -0.065931 2.3913 -0.088917 -0.095777 2.3922 -0.084019 -0.096293 2.3772 -0.077843 -0.050572 2.3762 -0.081982 -0.050102 2.3598 -0.073746 -0.026536 2.3588 -0.076687 -0.026176 2.3388 -0.072495 -0.034371 2.3382 -0.07402 -0.034171 2.3151 -0.07336 -0.066264 2.3151 -0.07336 -0.066264 2.3924 -0.08836 -0.095943 2.3911 -0.084576 -0.096127 2.3783 -0.088558 -0.055169 2.3792 -0.091873 -0.054983 2.3635 -0.094406 -0.033664 2.364 -0.096855 -0.03351 2.3455 -0.10283 -0.040641 2.3457 -0.10416 -0.040548 2.3252 -0.11317 -0.068849 2.3252 -0.11317 -0.068849 2.3938 -0.088699 -0.096058 2.3898 -0.084236 -0.096011 2.3828 -0.092422 -0.041995 2.3859 -0.0966 -0.041962 2.3738 -0.10264 -0.0079309 2.3757 -0.1059 -0.0078543 2.3615 -0.11575 -0.0046524 2.3624 -0.11759 -0.0045838 2.3462 -0.1314 -0.028511 2.3462 -0.1314 -0.028511 2.3944 -0.088192 -0.096166 2.3892 -0.084743 -0.095904 2.3845 -0.096691 -0.043298 2.3891 -0.099373 -0.043564 2.3779 -0.11049 -0.011279 2.3814 -0.11223 -0.011501 2.3682 -0.12696 -0.010616 2.3701 -0.12778 -0.010749 2.3558 -0.14567 -0.036617 2.3558 -0.14567 -0.036617 2.3931 -0.084694 -0.096326 2.3905 -0.088242 -0.095744 2.407 -0.093685 -0.05655 2.4093 -0.090721 -0.057052 2.4218 -0.10046 -0.034622 2.4236 -0.09837 -0.034989 2.434 -0.1094 -0.03868 2.435 -0.10831 -0.038877 2.444 -0.12012 -0.064071 2.444 -0.12012 -0.064071 2.3917 -0.088833 -0.09582 2.3919 -0.084103 -0.09625 2.3801 -0.081402 -0.058342 2.3795 -0.085434 -0.057931 2.3664 -0.080414 -0.037652 2.3657 -0.083282 -0.037326 2.3498 -0.081722 -0.042455 2.3493 -0.08321 -0.042268 2.3309 -0.084778 -0.066979 2.3309 -0.084778 -0.066979 2.3916 -0.087936 -0.09589 2.3919 -0.084999 -0.09618 2.3814 -0.081646 -0.065866 2.3812 -0.084167 -0.065632 2.3693 -0.079689 -0.05021 2.3693 -0.081516 -0.050052 2.355 -0.079651 -0.056009 2.355 -0.080624 -0.055931 2.339 -0.081043 -0.077774 2.339 -0.081043 -0.077774 -2.9002 1.2146 -0.09093 -2.9003 1.2309 -0.091294 -2.9396 1.2328 0.059703 -2.9395 1.2189 0.060015 -2.9813 1.2328 0.15262 -2.9813 1.2227 0.15285 -3.0268 1.2303 0.15605 -3.0268 1.2249 0.15617 -3.0756 1.2256 0.080944 -3.0756 1.2256 0.080944 -2.9034 1.229 -0.09112 -2.8971 1.2164 -0.091104 -2.8428 1.2488 0.033215 -2.847 1.2601 0.033137 -2.7913 1.2804 0.090636 -2.7934 1.2889 0.090533 -2.7436 1.3104 0.050836 -2.7443 1.315 0.050758 -2.6985 1.3391 -0.059626 -2.6985 1.3391 -0.059626 -2.8967 1.2188 -0.091175 -2.9039 1.2267 -0.091049 -2.9336 1.1918 0.023207 -2.9268 1.1858 0.023057 -2.9652 1.1555 0.079967 -2.9599 1.1517 0.07983 -3 1.1174 0.052819 -2.997 1.1157 0.05273 -3.037 1.078 -0.03628 -3.037 1.078 -0.03628 -2.9009 1.2193 -0.091007 -2.8996 1.2261 -0.091218 -2.9276 1.2347 -0.00042738 -2.9288 1.2288 -0.00024205 -2.9573 1.242 0.050631 -2.9583 1.2378 0.050769 -2.9897 1.2479 0.042096 -2.9903 1.2456 0.042171 -3.0242 1.2525 -0.014672 -3.0242 1.2525 -0.014672 -2.8949 1.2283 -0.091467 -2.9057 1.2171 -0.090757 -2.8621 1.1788 0.035768 -2.8526 1.1881 0.035157 -2.8206 1.1395 0.09788 -2.8136 1.1461 0.097434 -2.7828 1.0983 0.065766 -2.779 1.1017 0.065527 -2.7477 1.0557 -0.036542 -2.7477 1.0557 -0.036542 -2.8965 1.2256 -0.091337 -2.904 1.2198 -0.090887 -2.8709 1.1807 0.016963 -2.8646 1.1859 0.01658 -2.8398 1.1406 0.068299 -2.8354 1.1446 0.068023 -2.8121 1.0989 0.037418 -2.8098 1.1012 0.037272 -2.7868 1.0562 -0.053493 -2.7868 1.0562 -0.053493 -2.8987 1.2277 -0.091295 -2.9019 1.2177 -0.090929 -2.8729 1.2108 -0.0075184 -2.8697 1.2193 -0.0078441 -2.845 1.2036 0.041928 -2.8425 1.2097 0.041683 -2.8192 1.1955 0.039438 -2.8176 1.1987 0.039303 -2.7949 1.1865 -0.0077214 -2.7949 1.1865 -0.0077214 -2.9068 1.2178 -0.090725 -2.8938 1.2277 -0.091499 -2.9224 1.2806 0.045223 -2.9336 1.2722 0.045886 -2.9546 1.3316 0.11327 -2.9628 1.3256 0.11375 -2.9914 1.3801 0.080722 -2.9958 1.3769 0.080979 -3.0317 1.4267 -0.026982 -3.0317 1.4267 -0.026982 -2.9074 1.2265 -0.090896 -2.8932 1.219 -0.091328 -2.8636 1.2757 0.060648 -2.8755 1.2826 0.060996 -2.8375 1.3314 0.14498 -2.8459 1.3368 0.14522 -2.816 1.3851 0.12765 -2.8204 1.3882 0.12776 -2.7981 1.4374 0.027464 -2.7981 1.4374 0.027464 -2.9037 1.2201 -0.090908 -2.8969 1.2253 -0.091316 -2.9113 1.2552 0.018774 -2.9168 1.2502 0.019118 -2.9277 1.2838 0.088066 -2.9314 1.2798 0.088311 -2.9468 1.3105 0.093817 -2.9486 1.3083 0.093944 -2.9684 1.3357 0.042078 -2.9684 1.3357 0.042078 1.24 6.7778 -0.14149 1.2466 6.7764 -0.14178 1.2539 6.8023 -0.097924 1.2484 6.8039 -0.097683 1.2598 6.8278 -0.078402 1.2558 6.8292 -0.078237 1.2637 6.8528 -0.094051 1.2617 6.8537 -0.093969 1.2664 6.8774 -0.1347 1.2664 6.8774 -0.1347 1.2445 6.7753 -0.14165 1.2421 6.7789 -0.14161 1.2266 6.7685 -0.091995 1.2288 6.7655 -0.092041 1.2103 6.7575 -0.063275 1.212 6.7554 -0.063316 1.1924 6.7457 -0.066075 1.1934 6.7447 -0.066101 1.1735 6.7334 -0.094859 1.1735 6.7334 -0.094859 1.2458 6.7773 -0.14176 1.2408 6.777 -0.14151 1.2456 6.7527 -0.083405 1.2498 6.7529 -0.083621 1.2492 6.7278 -0.050876 1.2523 6.728 -0.051032 1.2512 6.7022 -0.056694 1.2528 6.7023 -0.056778 1.2516 6.6759 -0.09356 1.2516 6.6759 -0.09356 1.2404 6.7771 -0.14149 1.2462 6.7772 -0.14178 1.2473 6.7998 -0.10394 1.2423 6.8002 -0.1037 1.2471 6.8221 -0.087059 1.2435 6.8228 -0.0869 1.2452 6.8439 -0.10044 1.2433 6.8445 -0.10036 1.2422 6.8656 -0.13527 1.2422 6.8656 -0.13527 1.2438 6.7795 -0.14171 1.2428 6.7748 -0.14156 1.2618 6.7727 -0.097582 1.2622 6.7768 -0.09769 1.2798 6.7706 -0.07069 1.2798 6.7735 -0.070754 1.2964 6.768 -0.070232 1.2963 6.7696 -0.070259 1.3117 6.765 -0.093277 1.3117 6.765 -0.093277 1.2438 6.7741 -0.1416 1.2428 6.7801 -0.14167 1.2133 6.7754 -0.083749 1.2138 6.7702 -0.083661 1.1823 6.7697 -0.056385 1.1823 6.7659 -0.056305 1.149 6.7629 -0.073193 1.1488 6.7608 -0.073142 1.1139 6.7553 -0.12144 1.1139 6.7553 -0.12144 1.2399 6.7785 -0.1415 1.2467 6.7757 -0.14177 1.2596 6.8023 -0.090977 1.2539 6.805 -0.09075 1.2709 6.8286 -0.066734 1.2669 6.8307 -0.066579 1.2802 6.8542 -0.081275 1.2781 6.8554 -0.081197 1.288 6.8793 -0.12449 1.288 6.8793 -0.12449 1.2427 6.7797 -0.14166 1.2439 6.7745 -0.14161 1.2631 6.7794 -0.097743 1.2625 6.7839 -0.097806 1.2815 6.7841 -0.071619 1.2813 6.7874 -0.071677 1.2987 6.7884 -0.072728 1.2987 6.7901 -0.072765 1.3148 6.7923 -0.097511 1.3148 6.7923 -0.097511 1.2462 6.7742 -0.14172 1.2404 6.78 -0.14155 1.221 6.7591 -0.079273 1.2257 6.7539 -0.079398 1.2003 6.7371 -0.047354 1.2035 6.7332 -0.047432 1.1774 6.714 -0.059946 1.179 6.7119 -0.059981 1.1529 6.69 -0.10594 1.1529 6.69 -0.10594 1.2445 6.7753 -0.14166 1.2421 6.779 -0.14161 1.2274 6.7687 -0.087622 1.2292 6.7655 -0.087646 1.2116 6.7579 -0.054711 1.2128 6.7554 -0.054719 1.1943 6.7461 -0.054116 1.1949 6.7448 -0.054115 1.1755 6.7337 -0.081492 1.1755 6.7337 -0.081492 -3.1632 0.10176 -0.083987 -3.1677 0.10464 -0.08377 -3.1765 0.086933 -0.032148 -3.1724 0.084846 -0.032332 -3.1857 0.069759 -0.0033637 -3.1827 0.068535 -0.0034944 -3.1959 0.053509 -0.0088487 -3.1942 0.053013 -0.0089163 -3.2068 0.038067 -0.042146 -3.2068 0.038067 -0.042146 -3.1669 0.10011 -0.083907 -3.164 0.10629 -0.08385 -3.1894 0.11702 -0.013388 -3.1924 0.11199 -0.013414 -3.2161 0.12838 0.022678 -3.2187 0.12496 0.022676 -3.2448 0.14094 0.0082507 -3.2464 0.13925 0.0082588 -3.275 0.15447 -0.044229 -3.275 0.15447 -0.044229 -3.1622 0.10179 -0.084021 -3.1687 0.10461 -0.083737 -3.1782 0.075249 -0.018665 -3.1725 0.073143 -0.018905 -3.1884 0.046692 0.012309 -3.1842 0.045395 0.012138 -3.2001 0.019413 -0.0063426 -3.1978 0.018845 -0.0064316 -3.2128 -0.0068779 -0.061276 -3.2128 -0.0068779 -0.061276 -3.1652 0.10011 -0.083965 -3.1657 0.1063 -0.083793 -3.1899 0.10252 -0.022622 -3.1899 0.097206 -0.022756 -3.2152 0.099186 0.0086301 -3.2155 0.095348 0.0085434 -3.2421 0.096786 -0.0040539 -3.2424 0.094761 -0.0040943 -3.2702 0.095108 -0.049902 -3.2702 0.095108 -0.049902 -3.164 0.10108 -0.083981 -3.167 0.10533 -0.083777 -3.1845 0.090675 -0.030409 -3.1822 0.086895 -0.03058 -3.2028 0.076458 -0.0038689 -3.2013 0.07362 -0.0039894 -3.2225 0.063053 -0.016586 -3.2218 0.061493 -0.016648 -3.2431 0.05024 -0.058572 -3.2431 0.05024 -0.058572 -3.1621 0.10102 -0.084044 -3.1688 0.10538 -0.083714 -3.1782 0.084988 -0.012713 -3.1728 0.080723 -0.012996 -3.1882 0.064922 0.030762 -3.1847 0.06147 0.030559 -3.1997 0.045605 0.031787 -3.1979 0.043591 0.031681 -3.2124 0.026936 -0.0046155 -3.2124 0.026936 -0.0046155 -3.1615 0.1018 -0.084043 -3.1694 0.10461 -0.083714 -3.1745 0.08049 -0.014968 -3.1676 0.078461 -0.015244 -3.1801 0.057053 0.025439 -3.175 0.055859 0.025243 -3.1868 0.03476 0.022679 -3.1841 0.034271 0.022577 -3.1946 0.013493 -0.016783 -3.1946 0.013493 -0.016783 -3.1644 0.1057 -0.083851 -3.1665 0.1007 -0.083906 -3.1458 0.091839 -0.02996 -3.1439 0.096054 -0.029919 -3.1258 0.083782 0.00024044 -3.1242 0.086788 0.00026528 -3.1068 0.076733 -0.0053308 -3.1059 0.078304 -0.0053201 -3.0886 0.070484 -0.04027 -3.0886 0.070484 -0.04027 -3.1648 0.1003 -0.083973 -3.1661 0.10611 -0.083784 -3.1845 0.10023 -0.033374 -3.1839 0.095177 -0.03352 -3.2037 0.094643 -0.0067327 -3.2037 0.090958 -0.0068256 -3.2242 0.089752 -0.015242 -3.2244 0.087799 -0.015285 -3.2459 0.08543 -0.050946 -3.2459 0.08543 -0.050946 -3.1652 0.10137 -0.083933 -3.1657 0.10503 -0.083824 -3.1823 0.10149 -0.04345 -3.1817 0.098381 -0.043549 -3.1995 0.098282 -0.023287 -3.1989 0.096058 -0.023362 -3.2175 0.09573 -0.032685 -3.2171 0.094563 -0.032727 -3.2362 0.09367 -0.064079 -3.2362 0.09367 -0.064079 -2.849 5.6676 -0.13589 -2.8537 5.6808 -0.13585 -2.891 5.6661 -0.011502 -2.887 5.6548 -0.011539 -2.9284 5.6509 0.064443 -2.9255 5.6427 0.064416 -2.9661 5.6354 0.065837 -2.9645 5.6311 0.065823 -3.004 5.6197 0.0017956 -3.004 5.6197 0.0017956 -2.8558 5.6784 -0.13584 -2.8469 5.6701 -0.1359 -2.8134 5.7082 -0.030189 -2.8201 5.7161 -0.03014 -2.7803 5.747 0.01981 -2.7845 5.7533 0.019841 -2.7476 5.7864 -0.011159 -2.7495 5.79 -0.011144 -2.715 5.8264 -0.10097 -2.715 5.8264 -0.10097 -2.8472 5.6721 -0.13589 -2.8555 5.6764 -0.13584 -2.8735 5.6359 -0.042531 -2.8661 5.633 -0.042577 -2.8913 5.5955 0.0028963 -2.8858 5.5939 0.0028631 -2.9092 5.5553 -0.021561 -2.9062 5.5548 -0.021579 -2.9271 5.5155 -0.09761 -2.9271 5.5155 -0.09761 -2.8509 5.6712 -0.13587 -2.8518 5.6772 -0.13586 -2.8799 5.673 -0.061074 -2.8793 5.6679 -0.061085 -2.9083 5.6686 -0.019395 -2.908 5.6649 -0.019402 -2.937 5.6641 -0.027365 -2.9368 5.6621 -0.027368 -2.9659 5.6595 -0.075519 -2.9659 5.6595 -0.075519 -2.8483 5.6803 -0.13588 -2.8543 5.6681 -0.13586 -2.81 5.6459 -0.030158 -2.8046 5.6562 -0.030175 -2.7655 5.6243 0.021911 -2.7615 5.6317 0.021898 -2.7213 5.6031 -0.0044965 -2.7191 5.607 -0.0045041 -2.6772 5.5822 -0.089366 -2.6772 5.5822 -0.089366 -2.849 5.6777 -0.13588 -2.8537 5.6708 -0.13586 -2.8174 5.6454 -0.046022 -2.8136 5.6515 -0.046035 -2.7812 5.6205 -0.0032466 -2.7787 5.625 -0.0032551 -2.7454 5.596 -0.028951 -2.7441 5.5984 -0.028955 -2.7099 5.5717 -0.10466 -2.7099 5.5717 -0.10466 -2.8514 5.6788 -0.13586 -2.8513 5.6697 -0.13587 -2.827 5.67 -0.065789 -2.8267 5.6778 -0.06578 -2.8027 5.6708 -0.02398 -2.8023 5.6764 -0.023976 -2.7786 5.6719 -0.025424 -2.7782 5.6748 -0.025423 -2.7545 5.6732 -0.06407 -2.7545 5.6732 -0.06407 -2.8554 5.6683 -0.13585 -2.8473 5.6801 -0.13588 -2.8896 5.7102 -0.021986 -2.8967 5.7001 -0.02196 -2.9327 5.7398 0.034676 -2.9379 5.7326 0.034695 -2.9766 5.7693 0.0075194 -2.9794 5.7654 0.00753 -3.021 5.7986 -0.082256 -3.021 5.7986 -0.082256 -2.8584 5.6752 -0.13583 -2.8443 5.6733 -0.13591 -2.8391 5.7229 -0.0074524 -2.8511 5.7251 -0.0073823 -2.8349 5.7729 0.064649 -2.8435 5.7748 0.0647 -2.8315 5.8232 0.052055 -2.836 5.8244 0.052082 -2.8287 5.8739 -0.029552 -2.8287 5.8739 -0.029552 -2.8535 5.6711 -0.13586 -2.8492 5.6773 -0.13588 -2.8725 5.6938 -0.044172 -2.8757 5.6881 -0.044162 -2.896 5.7098 0.01353 -2.898 5.7055 0.013536 -2.9198 5.7257 0.018293 -2.9207 5.7233 0.018295 -2.9437 5.7414 -0.02484 -2.9437 5.7414 -0.02484 2.1982 -9.5941 -0.053724 2.2011 -9.5951 -0.053666 2.2041 -9.5836 -0.030387 2.2017 -9.5825 -0.030432 2.2073 -9.5717 -0.019646 2.2056 -9.5709 -0.019675 2.2109 -9.5595 -0.027014 2.21 -9.559 -0.027028 2.2148 -9.547 -0.047252 2.2148 -9.547 -0.047252 2.2001 -9.5955 -0.053699 2.1993 -9.5937 -0.05369 2.19 -9.5988 -0.029028 2.1909 -9.6004 -0.029032 2.1812 -9.6039 -0.015122 2.1818 -9.6049 -0.015123 2.1728 -9.6086 -0.017442 2.1732 -9.6092 -0.017441 2.1648 -9.6132 -0.033137 2.1648 -9.6132 -0.033137 2.2008 -9.5947 -0.053667 2.1986 -9.5946 -0.053723 2.1973 -9.6076 -0.024262 2.1992 -9.6077 -0.024214 2.1964 -9.6205 -0.0079613 2.1978 -9.6205 -0.0079259 2.1962 -9.633 -0.011399 2.1969 -9.633 -0.01138 2.1964 -9.6452 -0.030818 2.1964 -9.6452 -0.030818 2.1984 -9.5945 -0.053727 2.201 -9.5947 -0.053663 2.2012 -9.5844 -0.033763 2.1991 -9.5839 -0.033812 2.2017 -9.5738 -0.024662 2.2001 -9.5732 -0.024693 2.2024 -9.5628 -0.031144 2.2017 -9.5624 -0.031158 2.2035 -9.5515 -0.048666 2.2035 -9.5515 -0.048666 2.2 -9.5935 -0.053667 2.1993 -9.5957 -0.053723 2.206 -9.5984 -0.030533 2.2064 -9.5964 -0.030489 2.2129 -9.6008 -0.016138 2.2131 -9.5993 -0.01611 2.2201 -9.6029 -0.015356 2.2201 -9.6021 -0.015342 2.2276 -9.6047 -0.026677 2.2276 -9.6047 -0.026677 2.1998 -9.5961 -0.053718 2.1996 -9.5931 -0.053672 2.1842 -9.5949 -0.025139 2.1841 -9.5975 -0.025185 2.1692 -9.5966 -0.012351 2.169 -9.5985 -0.012387 2.1547 -9.598 -0.022313 2.1545 -9.599 -0.022335 2.1405 -9.5992 -0.048474 2.1405 -9.5992 -0.048474 2.1982 -9.5938 -0.053718 2.2011 -9.5954 -0.053671 2.2064 -9.584 -0.026619 2.204 -9.5824 -0.026655 2.2118 -9.5721 -0.013245 2.2102 -9.5709 -0.013268 2.2178 -9.5599 -0.01984 2.2169 -9.5592 -0.019851 2.2241 -9.5473 -0.041197 2.2241 -9.5473 -0.041197 2.1996 -9.5933 -0.053676 2.1998 -9.5959 -0.053714 2.207 -9.5952 -0.030431 2.2069 -9.593 -0.030395 2.2144 -9.5943 -0.016276 2.2145 -9.5927 -0.016247 2.2223 -9.593 -0.016136 2.2223 -9.5922 -0.016119 2.2305 -9.5915 -0.028179 2.2305 -9.5915 -0.028179 2.2008 -9.5962 -0.053691 2.1985 -9.593 -0.053698 2.1866 -9.6033 -0.022903 2.1884 -9.6061 -0.022901 2.1751 -9.6135 -0.0077376 2.1764 -9.6156 -0.0077403 2.1643 -9.6234 -0.015493 2.1649 -9.6246 -0.015496 2.1538 -9.6332 -0.040451 2.1538 -9.6332 -0.040451 2.2001 -9.5956 -0.053699 2.1992 -9.5936 -0.05369 2.1902 -9.5988 -0.026754 2.1909 -9.6005 -0.026765 2.1815 -9.6039 -0.010674 2.1819 -9.6051 -0.010685 2.1732 -9.6087 -0.011236 2.1734 -9.6094 -0.011243 2.1652 -9.6134 -0.026203 2.1652 -9.6134 -0.026203 2.9681 6.4794 -0.13295 2.961 6.4657 -0.13414 2.9932 6.4383 0.0022055 2.9993 6.45 0.0032278 3.0283 6.4148 0.085686 3.0327 6.4233 0.086427 3.0673 6.3969 0.087677 3.0697 6.4014 0.088073 3.1098 6.3837 0.018138 3.1098 6.3837 0.018138 2.9644 6.4659 -0.13397 2.9646 6.4792 -0.13312 2.9056 6.4687 -0.020062 2.9041 6.4574 -0.020849 2.8489 6.4614 0.032014 2.8469 6.4533 0.03141 2.7959 6.4594 -0.0044918 2.7944 6.4552 -0.0048276 2.7453 6.4613 -0.10538 2.7453 6.4613 -0.10538 2.9633 6.4774 -0.1333 2.9658 6.4677 -0.1338 3.0062 6.4773 -0.02871 3.0032 6.4853 -0.028338 3.0487 6.4907 0.024028 3.046 6.4962 0.024253 3.0944 6.509 0.00033841 3.0926 6.5117 0.00043334 3.1423 6.5309 -0.079784 3.1423 6.5309 -0.079784 2.9666 6.4751 -0.13329 2.9624 6.47 -0.13381 2.9823 6.4454 -0.052333 2.9859 6.4498 -0.051889 3.004 6.4233 -0.0070392 3.0066 6.4264 -0.006718 3.0283 6.4048 -0.016024 3.0298 6.4065 -0.015853 3.0548 6.3892 -0.068942 3.0548 6.3892 -0.068942 2.9576 6.4703 -0.13401 2.9715 6.4748 -0.13308 2.9524 6.5187 -0.014586 2.9404 6.5151 -0.015369 2.9354 6.5661 0.045224 2.9267 6.5637 0.044668 2.9219 6.619 0.0192 2.9173 6.6178 0.018909 2.9111 6.6759 -0.070765 2.9111 6.6759 -0.070765 2.9601 6.4718 -0.1338 2.9689 6.4733 -0.13329 2.9589 6.5144 -0.032058 2.9513 6.5128 -0.032508 2.9508 6.5586 0.017688 2.9454 6.5572 0.017348 2.9459 6.6073 -0.0074721 2.9431 6.6065 -0.0076597 2.9435 6.6594 -0.087326 2.9435 6.6594 -0.087326 2.9609 6.4691 -0.13393 2.9681 6.476 -0.13316 2.9472 6.4897 -0.056006 2.9408 6.484 -0.056662 2.9273 6.505 -0.0098071 2.9225 6.5011 -0.010276 2.9093 6.5232 -0.010924 2.9067 6.5213 -0.01117 2.893 6.5441 -0.052732 2.893 6.5441 -0.052732 2.9721 6.4738 -0.13311 2.9569 6.4713 -0.13398 2.9579 6.4066 -0.013026 2.9709 6.4087 -0.012292 2.9624 6.3459 0.045375 2.9719 6.3474 0.045903 2.9716 6.2911 0.012139 2.9767 6.2919 0.012419 2.9843 6.2407 -0.089557 2.9843 6.2407 -0.089557 2.9688 6.4663 -0.13375 2.9603 6.4788 -0.13335 2.9111 6.4355 0.0029275 2.918 6.4245 0.0025467 2.8651 6.3954 0.077544 2.8698 6.3872 0.077239 2.8235 6.3608 0.059516 2.8258 6.3563 0.059338 2.7853 6.3305 -0.034007 2.7853 6.3305 -0.034007 2.9685 6.4733 -0.13332 2.9605 6.4718 -0.13378 2.9597 6.4342 -0.035469 2.9665 6.436 -0.035044 2.961 6.3992 0.025688 2.9658 6.4009 0.026019 2.9652 6.3681 0.02898 2.9677 6.3692 0.029167 2.9718 6.3405 -0.020081 2.9718 6.3405 -0.020081 -0.59165 1.9763 -0.10329 -0.59327 1.9718 -0.10344 -0.58178 1.9662 -0.057071 -0.58075 1.9701 -0.056989 -0.56821 1.9607 -0.030406 -0.56774 1.9636 -0.030376 -0.55159 1.9552 -0.033317 -0.55149 1.9568 -0.033317 -0.53256 1.9496 -0.060238 -0.53256 1.9496 -0.060238 -0.5895 1.9734 -0.10305 -0.59542 1.9747 -0.10368 -0.60717 1.9484 -0.044333 -0.60223 1.9467 -0.043797 -0.61551 1.9216 -0.014635 -0.61206 1.92 -0.014257 -0.61911 1.8943 -0.028497 -0.61736 1.8933 -0.028304 -0.61919 1.8666 -0.075195 -0.61919 1.8666 -0.075195 -0.59187 1.9772 -0.10332 -0.59305 1.9709 -0.10341 -0.5728 1.9666 -0.044168 -0.57209 1.9721 -0.044129 -0.54945 1.9625 -0.014346 -0.54915 1.9664 -0.01434 -0.52163 1.9582 -0.027345 -0.52158 1.9604 -0.027354 -0.49057 1.9539 -0.071659 -0.49057 1.9539 -0.071659 -0.58984 1.9749 -0.10309 -0.59509 1.9732 -0.10364 -0.59356 1.951 -0.050649 -0.58897 1.9521 -0.050168 -0.58902 1.9286 -0.02344 -0.58564 1.9291 -0.023085 -0.58027 1.9059 -0.034123 -0.57846 1.906 -0.033931 -0.56835 1.8829 -0.073408 -0.56835 1.8829 -0.073408 -0.59092 1.9758 -0.10321 -0.59401 1.9723 -0.10352 -0.5836 1.9584 -0.056008 -0.58078 1.9612 -0.055727 -0.57054 1.9444 -0.03162 -0.56838 1.9463 -0.031403 -0.55373 1.9302 -0.041085 -0.55252 1.9311 -0.040962 -0.5341 1.9158 -0.075788 -0.5341 1.9158 -0.075788 -0.59123 1.9774 -0.10326 -0.59369 1.9706 -0.10347 -0.58183 1.9645 -0.040142 -0.57919 1.9701 -0.039898 -0.56718 1.9585 -0.00052032 -0.56489 1.9623 -0.00030233 -0.54837 1.9523 0.002509 -0.54696 1.9542 0.0026461 -0.52586 1.9459 -0.026723 -0.52586 1.9459 -0.026723 -0.59202 1.9778 -0.10334 -0.5929 1.9703 -0.10339 -0.57845 1.9687 -0.04157 -0.57804 1.9752 -0.04157 -0.56145 1.9674 -0.004202 -0.56141 1.9721 -0.0042286 -0.54059 1.966 -0.0040864 -0.5407 1.9685 -0.0041149 -0.5165 1.9646 -0.035651 -0.5165 1.9646 -0.035651 -0.59483 1.9745 -0.10362 -0.59009 1.9736 -0.10311 -0.59231 1.992 -0.05569 -0.59634 1.9929 -0.056125 -0.59257 2.0104 -0.028782 -0.59546 2.0111 -0.029095 -0.58965 2.0286 -0.032751 -0.59119 2.029 -0.032917 -0.58413 2.0467 -0.062068 -0.58413 2.0467 -0.062068 -0.59008 1.9752 -0.10312 -0.59484 1.9729 -0.10361 -0.59153 1.9565 -0.05963 -0.58727 1.9581 -0.059188 -0.58574 1.9401 -0.036124 -0.58256 1.9408 -0.03579 -0.57655 1.9233 -0.042927 -0.57481 1.9235 -0.042744 -0.56471 1.9061 -0.073182 -0.56471 1.9061 -0.073182 -0.59093 1.9746 -0.10321 -0.59399 1.9734 -0.10352 -0.59196 1.9585 -0.068432 -0.5894 1.9597 -0.068168 -0.58795 1.9435 -0.050761 -0.58614 1.9445 -0.050576 -0.58117 1.9284 -0.058586 -0.58023 1.929 -0.058491 -0.57234 1.9134 -0.085384 -0.57234 1.9134 -0.085384 -0.0098267 3.6761 -0.11689 -0.012268 3.6669 -0.11737 0.0096054 3.6576 -0.036696 0.011707 3.6655 -0.036285 0.033237 3.6499 0.012997 0.034767 3.6557 0.013296 0.059464 3.6443 0.014946 0.060284 3.6474 0.015105 0.087967 3.6405 -0.025015 0.087967 3.6405 -0.025015 -0.01022 3.6675 -0.11724 -0.011875 3.6755 -0.11702 -0.047764 3.6639 -0.051273 -0.047119 3.6568 -0.051507 -0.081898 3.6531 -0.021238 -0.081997 3.6479 -0.02144 -0.11353 3.644 -0.043096 -0.11388 3.6413 -0.043219 -0.14347 3.6362 -0.10267 -0.14347 3.6362 -0.10267 -0.012486 3.6743 -0.1171 -0.0096092 3.6687 -0.11716 0.012512 3.6822 -0.055479 0.0096016 3.6867 -0.055463 0.035988 3.6971 -0.024475 0.033573 3.7001 -0.02449 0.061596 3.7137 -0.038253 0.060158 3.7152 -0.038274 0.088726 3.7316 -0.085094 0.088726 3.7316 -0.085094 -0.010147 3.6734 -0.11701 -0.011948 3.6697 -0.11725 0.0025597 3.6592 -0.068864 0.0041656 3.6624 -0.06866 0.018288 3.6498 -0.041676 0.019501 3.652 -0.041527 0.035774 3.6416 -0.046287 0.036446 3.6428 -0.046207 0.054691 3.6345 -0.076636 0.054691 3.6345 -0.076636 -0.014973 3.6692 -0.11743 -0.007122 3.6738 -0.11684 -0.026115 3.7004 -0.048651 -0.032921 3.6966 -0.049156 -0.043674 3.7282 -0.01485 -0.048664 3.7255 -0.015214 -0.058815 3.7578 -0.031337 -0.061508 3.7564 -0.03153 -0.07217 3.7888 -0.085286 -0.07217 3.7888 -0.085286 -0.013626 3.6705 -0.11731 -0.0084686 3.6726 -0.11696 -0.021393 3.6983 -0.058714 -0.025742 3.6963 -0.05902 -0.03294 3.725 -0.030638 -0.036041 3.7235 -0.030863 -0.042282 3.7533 -0.046444 -0.043903 3.7524 -0.046564 -0.049999 3.7827 -0.094289 -0.049999 3.7827 -0.094289 -0.012745 3.6689 -0.11732 -0.0093498 3.6741 -0.11694 -0.024849 3.6813 -0.072317 -0.027946 3.677 -0.072644 -0.0396 3.6889 -0.045823 -0.041981 3.6859 -0.046064 -0.053047 3.6975 -0.04705 -0.054386 3.696 -0.047179 -0.06538 3.707 -0.072118 -0.06538 3.707 -0.072118 -0.0065994 3.6733 -0.11683 -0.015495 3.6697 -0.11744 -0.0074387 3.6334 -0.045296 0.00019455 3.6364 -0.044777 0.0029678 3.5987 -0.0097957 0.008522 3.6008 -0.0094203 0.016468 3.566 -0.027976 0.01944 3.5671 -0.027776 0.032288 3.5349 -0.08626 0.032288 3.5349 -0.08626 -0.0075951 3.6683 -0.11707 -0.0145 3.6747 -0.11719 -0.040096 3.645 -0.037061 -0.034401 3.6393 -0.036978 -0.063519 3.6164 0.0069661 -0.059555 3.612 0.0070105 -0.083965 3.5895 -0.0032709 -0.08194 3.5871 -0.0032555 -0.10203 3.564 -0.057727 -0.10203 3.564 -0.057727 -0.0087128 3.6725 -0.11697 -0.013382 3.6705 -0.11729 -0.0098381 3.6499 -0.058994 -0.00597 3.6519 -0.058714 -0.0049515 3.6302 -0.02246 -0.0022659 3.6319 -0.022253 0.0018005 3.612 -0.019829 0.0031624 3.6131 -0.019718 0.010201 3.5952 -0.047874 0.010201 3.5952 -0.047874 -2.298 -10.06 -0.057363 -2.3022 -10.065 -0.057125 -2.2825 -10.079 0.0045347 -2.2793 -10.074 0.0043333 -2.2635 -10.093 0.038926 -2.2615 -10.09 0.038783 -2.2457 -10.108 0.0324 -2.2448 -10.106 0.032326 -2.2288 -10.124 -0.0073342 -2.2288 -10.124 -0.0073342 -2.2966 -10.065 -0.057273 -2.3036 -10.06 -0.057215 -2.3211 -10.088 0.026798 -2.3155 -10.092 0.026774 -2.3395 -10.117 0.069742 -2.3358 -10.12 0.069743 -2.3595 -10.148 0.052395 -2.3577 -10.15 0.052406 -2.3807 -10.18 -0.010388 -2.3807 -10.18 -0.010388 -2.2978 -10.059 -0.0574 -2.3023 -10.066 -0.057088 -2.2688 -10.083 0.020663 -2.2653 -10.077 0.0204 -2.2362 -10.101 0.057702 -2.234 -10.096 0.057515 -2.2053 -10.12 0.035488 -2.2042 -10.118 0.03539 -2.1755 -10.14 -0.030048 -2.1755 -10.14 -0.030048 -2.2963 -10.063 -0.057336 -2.3039 -10.062 -0.057152 -2.3037 -10.091 0.015819 -2.2973 -10.092 0.015676 -2.3041 -10.122 0.053066 -2.2995 -10.123 0.052974 -2.3057 -10.154 0.037853 -2.3033 -10.154 0.037811 -2.3083 -10.187 -0.016959 -2.3083 -10.187 -0.016959 -2.2973 -10.061 -0.057355 -2.3029 -10.064 -0.057133 -2.2884 -10.087 0.0065757 -2.2835 -10.085 0.0063904 -2.2745 -10.112 0.038252 -2.2708 -10.11 0.038122 -2.2617 -10.137 0.023056 -2.2597 -10.137 0.022988 -2.2496 -10.164 -0.027089 -2.2496 -10.164 -0.027089 -2.2969 -10.059 -0.057424 -2.3033 -10.066 -0.057064 -2.2806 -10.081 0.027738 -2.2745 -10.076 0.02743 -2.2583 -10.097 0.079676 -2.2535 -10.093 0.079454 -2.2369 -10.114 0.080928 -2.2342 -10.113 0.080812 -2.2164 -10.133 0.037491 -2.2164 -10.133 0.037491 -2.2977 -10.058 -0.057425 -2.3025 -10.067 -0.057063 -2.2745 -10.078 0.025072 -2.2709 -10.07 0.024767 -2.2474 -10.089 0.07337 -2.2451 -10.083 0.073154 -2.2216 -10.101 0.070126 -2.2206 -10.098 0.070014 -2.1972 -10.115 0.023059 -2.1972 -10.115 0.023059 -2.3029 -10.061 -0.057216 -2.2973 -10.064 -0.057272 -2.2832 -10.042 0.0072195 -2.288 -10.038 0.0072606 -2.2702 -10.02 0.043358 -2.2736 -10.017 0.043383 -2.2585 -9.999 0.036785 -2.2602 -9.9977 0.036795 -2.2477 -9.979 -0.0048555 -2.2477 -9.979 -0.0048555 -2.2965 -10.062 -0.057346 -2.3037 -10.062 -0.057142 -2.2999 -10.085 0.003005 -2.2937 -10.086 0.0028484 -2.2966 -10.109 0.034773 -2.2921 -10.11 0.034674 -2.2942 -10.134 0.02457 -2.2918 -10.135 0.024525 -2.2925 -10.16 -0.018104 -2.2925 -10.16 -0.018104 -2.2978 -10.062 -0.057303 -2.3023 -10.062 -0.057185 -2.301 -10.082 -0.009021 -2.2972 -10.082 -0.0091274 -2.3002 -10.103 0.015011 -2.2974 -10.103 0.014929 -2.3002 -10.125 0.0037463 -2.2987 -10.125 0.0037009 -2.3007 -10.147 -0.033781 -2.3007 -10.147 -0.033781 -2.5667 3.5899 -0.11283 -2.562 3.5914 -0.11282 -2.5686 3.6095 -0.067352 -2.5724 3.6078 -0.067358 -2.5754 3.6274 -0.041953 -2.578 3.6259 -0.041957 -2.5821 3.6452 -0.046678 -2.5835 3.6443 -0.04668 -2.5889 3.6628 -0.075852 -2.5889 3.6628 -0.075852 -2.5658 3.5937 -0.11282 -2.5628 3.5876 -0.11283 -2.5379 3.6 -0.051911 -2.54 3.6054 -0.051903 -2.513 3.6128 -0.021235 -2.5141 3.6169 -0.021229 -2.4879 3.626 -0.034957 -2.4883 3.6282 -0.034954 -2.4627 3.6393 -0.082141 -2.4627 3.6393 -0.082141 -2.5672 3.5891 -0.11283 -2.5614 3.5922 -0.11282 -2.576 3.6183 -0.055302 -2.5808 3.6154 -0.055311 -2.5907 3.6442 -0.027753 -2.5941 3.6419 -0.027759 -2.6055 3.67 -0.043826 -2.6072 3.6687 -0.04383 -2.6203 3.6957 -0.091796 -2.6203 3.6957 -0.091796 -2.5668 3.5924 -0.11282 -2.5618 3.5889 -0.11283 -2.5489 3.6096 -0.059706 -2.5529 3.6129 -0.059703 -2.5361 3.6306 -0.032885 -2.5389 3.6332 -0.032883 -2.5233 3.6519 -0.044691 -2.5247 3.6534 -0.04469 -2.5105 3.6734 -0.085657 -2.5105 3.6734 -0.085657 -2.5668 3.5909 -0.11283 -2.5619 3.5904 -0.11282 -2.5612 3.613 -0.066127 -2.5654 3.6137 -0.066129 -2.5607 3.6358 -0.04301 -2.5637 3.6365 -0.043011 -2.5603 3.6587 -0.054403 -2.5619 3.6592 -0.054403 -2.56 3.6818 -0.091526 -2.56 3.6818 -0.091526 -2.5679 3.5896 -0.11283 -2.5608 3.5918 -0.11282 -2.5684 3.6121 -0.050297 -2.5746 3.6109 -0.050304 -2.5763 3.6326 -0.01196 -2.581 3.6321 -0.011964 -2.5845 3.6533 -0.010935 -2.587 3.6533 -0.010937 -2.5929 3.6743 -0.042812 -2.5929 3.6743 -0.042812 -2.5676 3.5886 -0.11283 -2.5611 3.5927 -0.11282 -2.5739 3.6122 -0.052074 -2.5794 3.6084 -0.052085 -2.5871 3.6315 -0.016233 -2.5908 3.6285 -0.016242 -2.6003 3.6506 -0.018338 -2.6022 3.6489 -0.018343 -2.6135 3.6696 -0.052707 -2.6135 3.6696 -0.052707 -2.563 3.5883 -0.11283 -2.5656 3.593 -0.11282 -2.582 3.5837 -0.064713 -2.5799 3.5796 -0.064718 -2.5982 3.5742 -0.037481 -2.5968 3.5712 -0.037485 -2.6144 3.5646 -0.041699 -2.6137 3.563 -0.041701 -2.6305 3.555 -0.071734 -2.6305 3.555 -0.071734 -2.5669 3.592 -0.11282 -2.5618 3.5893 -0.11283 -2.5541 3.6069 -0.068944 -2.5582 3.6097 -0.068943 -2.5466 3.6249 -0.045955 -2.5494 3.6272 -0.045953 -2.5391 3.6431 -0.053871 -2.5404 3.6445 -0.053869 -2.5315 3.6616 -0.085698 -2.5315 3.6616 -0.085698 -2.5659 3.5916 -0.11282 -2.5628 3.5897 -0.11283 -2.5547 3.6045 -0.077757 -2.5574 3.606 -0.077757 -2.5468 3.6193 -0.060453 -2.5488 3.6203 -0.060453 -2.5389 3.6342 -0.069133 -2.54 3.6347 -0.069133 -2.5312 3.6491 -0.097148 -2.5312 3.6491 -0.097148 -1.3829 -8.3613 -0.063541 -1.3874 -8.3511 -0.063484 -1.405 -8.3602 0.029728 -1.4012 -8.3689 0.029681 -1.4266 -8.3714 0.088218 -1.4239 -8.3777 0.088185 -1.4547 -8.3855 0.093224 -1.4533 -8.3889 0.093207 -1.4885 -8.4021 0.051287 -1.4885 -8.4021 0.051287 -1.3888 -8.3531 -0.063207 -1.3815 -8.3592 -0.063818 -1.3491 -8.3237 0.0077444 -1.3548 -8.3178 0.0081599 -1.3218 -8.2896 0.039338 -1.3254 -8.2849 0.039558 -1.3015 -8.2579 0.012822 -1.3032 -8.2552 0.012893 -1.2864 -8.2279 -0.055946 -1.2864 -8.2279 -0.055946 -1.3818 -8.3577 -0.063852 -1.3885 -8.3547 -0.063174 -1.3921 -8.3843 0.0067604 -1.3862 -8.3862 0.0061268 -1.3995 -8.4155 0.042297 -1.3951 -8.4164 0.041804 -1.4128 -8.4489 0.027662 -1.4104 -8.4492 0.027383 -1.4305 -8.484 -0.024017 -1.4305 -8.484 -0.024017 -1.3846 -8.3585 -0.063463 -1.3857 -8.3539 -0.063562 -1.401 -8.3559 -0.0071085 -1.4002 -8.3599 -0.0070123 -1.4192 -8.3594 0.025602 -1.4187 -8.3623 0.02568 -1.4418 -8.3647 0.0227 -1.4416 -8.3662 0.022746 -1.468 -8.3714 -0.0090235 -1.468 -8.3714 -0.0090235 -1.3832 -8.3512 -0.063989 -1.3871 -8.3612 -0.063036 -1.3424 -8.3727 0.0093894 -1.3389 -8.3643 0.0085538 -1.3023 -8.3856 0.043291 -1.2996 -8.3796 0.042671 -1.2688 -8.4011 0.02086 -1.2673 -8.3979 0.020522 -1.2404 -8.4184 -0.043538 -1.2404 -8.4184 -0.043538 -1.3835 -8.3533 -0.063847 -1.3868 -8.359 -0.063179 -1.3495 -8.374 -0.0012872 -1.3469 -8.369 -0.001841 -1.3163 -8.3903 0.026816 -1.3146 -8.3866 0.026428 -1.2891 -8.4088 0.0057802 -1.2883 -8.4068 0.005581 -1.2663 -8.4289 -0.051131 -1.2663 -8.4289 -0.051131 -1.3855 -8.3526 -0.063646 -1.3848 -8.3598 -0.063379 -1.3601 -8.3558 -0.015348 -1.3604 -8.3496 -0.015612 -1.3379 -8.3525 0.012375 -1.3379 -8.348 0.012159 -1.3194 -8.3505 0.0090485 -1.3193 -8.3481 0.00892 -1.304 -8.3496 -0.020987 -1.304 -8.3496 -0.020987 -1.3879 -8.3611 -0.062936 -1.3824 -8.3513 -0.06409 -1.4076 -8.3257 0.0207 -1.4125 -8.334 0.021695 -1.4382 -8.3025 0.064483 -1.4417 -8.3085 0.065209 -1.4763 -8.2824 0.048167 -1.4782 -8.2856 0.048556 -1.5201 -8.2647 -0.013046 -1.5201 -8.2647 -0.013046 -1.3907 -8.3558 -0.062856 -1.3796 -8.3566 -0.06417 -1.3681 -8.3125 0.026013 -1.3775 -8.3115 0.027118 -1.362 -8.2703 0.07582 -1.3688 -8.2693 0.076604 -1.3636 -8.2309 0.064891 -1.3672 -8.2301 0.0653 -1.3715 -8.1936 0.004467 -1.3715 -8.1936 0.004467 -1.3866 -8.3588 -0.06321 -1.3837 -8.3536 -0.063815 -1.3951 -8.3386 0.003682 -1.3972 -8.3432 0.0041644 -1.4096 -8.325 0.046806 -1.4108 -8.3285 0.047128 -1.4286 -8.3135 0.051954 -1.4291 -8.3155 0.052109 -1.4518 -8.3039 0.022736 -1.4518 -8.3039 0.022736 -3.6291 -9.4795 -0.059395 -3.6343 -9.4717 -0.059741 -3.6639 -9.489 0.022319 -3.6594 -9.4957 0.022615 -3.6902 -9.5061 0.071494 -3.6869 -9.5109 0.071708 -3.7115 -9.5223 0.069998 -3.7098 -9.5249 0.070112 -3.7286 -9.5379 0.024026 -3.7286 -9.5379 0.024026 -3.6352 -9.4736 -0.059863 -3.6282 -9.4776 -0.059273 -3.6207 -9.4488 0.014606 -3.6264 -9.4447 0.014151 -3.6099 -9.4188 0.050595 -3.6137 -9.4155 0.050306 -3.5939 -9.3875 0.031546 -3.5957 -9.3855 0.031415 -3.5742 -9.355 -0.027492 -3.5742 -9.355 -0.027492 -3.6287 -9.4763 -0.059298 -3.6347 -9.4749 -0.059837 -3.6454 -9.5053 0.0025534 -3.6401 -9.506 0.0030314 -3.6527 -9.535 0.032425 -3.6489 -9.5351 0.032781 -3.6553 -9.5636 0.01481 -3.6533 -9.5635 0.015002 -3.6545 -9.5913 -0.037863 -3.6545 -9.5913 -0.037863 -3.6309 -9.4775 -0.05953 -3.6325 -9.4737 -0.059606 -3.6548 -9.4821 -0.010657 -3.6535 -9.4853 -0.010598 -3.6748 -9.4902 0.015787 -3.674 -9.4925 0.015824 -3.6917 -9.4977 0.0084786 -3.6913 -9.499 0.0084957 -3.7061 -9.5048 -0.026149 -3.7061 -9.5048 -0.026149 -3.6309 -9.4712 -0.059403 -3.6325 -9.48 -0.059732 -3.6075 -9.4885 0.015158 -3.6059 -9.4809 0.015456 -3.579 -9.4958 0.05361 -3.5777 -9.4904 0.053837 -3.5453 -9.5019 0.038727 -3.5446 -9.499 0.038854 -3.5078 -9.507 -0.015884 -3.5078 -9.507 -0.015884 -3.6308 -9.473 -0.059433 -3.6326 -9.4782 -0.059702 -3.6111 -9.4898 0.0038845 -3.6098 -9.4853 0.0040996 -3.5866 -9.5005 0.035487 -3.5858 -9.4972 0.035631 -3.5577 -9.5102 0.020537 -3.5574 -9.5084 0.020607 -3.5257 -9.519 -0.028405 -3.5257 -9.519 -0.028405 -3.6325 -9.4727 -0.059588 -3.6309 -9.4785 -0.059547 -3.6202 -9.4752 -0.010306 -3.6214 -9.4702 -0.010319 -3.6077 -9.4713 0.019717 -3.6084 -9.4676 0.019724 -3.5925 -9.4666 0.020343 -3.5928 -9.4646 0.020356 -3.5748 -9.4612 -0.0043106 -3.5748 -9.4612 -0.0043106 -3.6333 -9.4801 -0.059801 -3.6301 -9.4711 -0.059334 -3.6701 -9.4601 0.015071 -3.6728 -9.4678 0.014666 -3.7066 -9.4488 0.050543 -3.7086 -9.4544 0.050245 -3.7378 -9.4367 0.029019 -3.7389 -9.4396 0.028858 -3.7652 -9.4239 -0.035086 -3.7652 -9.4239 -0.035086 -3.6363 -9.4761 -0.060014 -3.6271 -9.475 -0.059121 -3.6412 -9.4437 0.02826 -3.6492 -9.4444 0.027497 -3.6522 -9.4117 0.077287 -3.658 -9.4119 0.076736 -3.658 -9.3784 0.068713 -3.6612 -9.3783 0.06842 -3.6597 -9.344 0.013204 -3.6597 -9.344 0.013204 -3.6325 -9.478 -0.059689 -3.6309 -9.4732 -0.059446 -3.6548 -9.4677 0.0012244 -3.6558 -9.4719 0.0010457 -3.6765 -9.4619 0.038777 -3.677 -9.465 0.03867 -3.6948 -9.4556 0.040346 -3.6949 -9.4573 0.040301 -3.7098 -9.4489 0.009364 -3.7098 -9.4489 0.009364 -2.7724 -0.076214 -0.08322 -2.7765 -0.07671 -0.083211 -2.7745 -0.093407 -0.045476 -2.771 -0.092655 -0.045467 -2.7724 -0.10915 -0.024732 -2.77 -0.10837 -0.024713 -2.7704 -0.12349 -0.029491 -2.7692 -0.12296 -0.029475 -2.7686 -0.13667 -0.054947 -2.7686 -0.13667 -0.054947 -2.7739 -0.079002 -0.083346 -2.7751 -0.073921 -0.083084 -2.7976 -0.082748 -0.03166 -2.7969 -0.087196 -0.031885 -2.8203 -0.090584 -0.0058586 -2.8201 -0.093845 -0.0060212 -2.8434 -0.096722 -0.017661 -2.8435 -0.098469 -0.017747 -2.867 -0.10157 -0.057804 -2.867 -0.10157 -0.057804 -2.7718 -0.075691 -0.083199 -2.7772 -0.077232 -0.083232 -2.7702 -0.10165 -0.035698 -2.7657 -0.10008 -0.035656 -2.7631 -0.12466 -0.013535 -2.7599 -0.12335 -0.013496 -2.7563 -0.14572 -0.028306 -2.7546 -0.14493 -0.028281 -2.7496 -0.1653 -0.070081 -2.7496 -0.1653 -0.070081 -2.7728 -0.078144 -0.083312 -2.7762 -0.07478 -0.083118 -2.7906 -0.091217 -0.03876 -2.7879 -0.094318 -0.038935 -2.805 -0.10677 -0.016684 -2.8033 -0.10917 -0.016817 -2.8198 -0.12088 -0.027327 -2.8189 -0.12222 -0.0274 -2.8347 -0.13391 -0.062668 -2.8347 -0.13391 -0.062668 -2.7725 -0.076973 -0.083256 -2.7764 -0.075951 -0.083174 -2.7812 -0.095215 -0.044482 -2.778 -0.096291 -0.044561 -2.786 -0.11359 -0.025762 -2.7837 -0.11452 -0.025826 -2.791 -0.13063 -0.036271 -2.7898 -0.13119 -0.036309 -2.7961 -0.14668 -0.068575 -2.7961 -0.14668 -0.068575 -2.7714 -0.076088 -0.083222 -2.7776 -0.076836 -0.083209 -2.7751 -0.096146 -0.031132 -2.7697 -0.096012 -0.031169 -2.7724 -0.11454 0.00045634 -2.7686 -0.11481 0.00041174 -2.7699 -0.13155 0.00043813 -2.7679 -0.13189 0.00040489 -2.7674 -0.14737 -0.027452 -2.7674 -0.14737 -0.027452 -2.7714 -0.07534 -0.083185 -2.7776 -0.077583 -0.083246 -2.7706 -0.096882 -0.032711 -2.7654 -0.094685 -0.032643 -2.7635 -0.11496 -0.0032559 -2.7598 -0.11317 -0.0031966 -2.7566 -0.13128 -0.0059264 -2.7547 -0.13022 -0.0058892 -2.7498 -0.14608 -0.035911 -2.7498 -0.14608 -0.035911 -2.7751 -0.074474 -0.083112 -2.7739 -0.078449 -0.083319 -2.7584 -0.075577 -0.042435 -2.7593 -0.072136 -0.042258 -2.7431 -0.071636 -0.019221 -2.7437 -0.069115 -0.019092 -2.7281 -0.066254 -0.022631 -2.7283 -0.064899 -0.022562 -2.7131 -0.059692 -0.0479 -2.7131 -0.059692 -0.0479 -2.7727 -0.077835 -0.083298 -2.7763 -0.075089 -0.083132 -2.7859 -0.089474 -0.046547 -2.783 -0.092148 -0.046703 -2.7954 -0.10321 -0.027666 -2.7936 -0.10536 -0.027787 -2.8052 -0.11584 -0.034964 -2.8044 -0.11708 -0.035032 -2.8152 -0.12763 -0.062518 -2.8152 -0.12763 -0.062518 -2.7734 -0.077404 -0.08327 -2.7756 -0.07552 -0.08316 -2.7849 -0.087284 -0.053924 -2.783 -0.088787 -0.054014 -2.7942 -0.098362 -0.039734 -2.7928 -0.099369 -0.039796 -2.8036 -0.10836 -0.04755 -2.8028 -0.10885 -0.047581 -2.8131 -0.11753 -0.071737 -2.8131 -0.11753 -0.071737 -4.0295 -4.5632 -0.079211 -4.0433 -4.5645 -0.079125 -4.0374 -4.607 0.04159 -4.0256 -4.6058 0.041516 -4.0311 -4.6493 0.11519 -4.0225 -4.6484 0.11513 -4.0249 -4.6913 0.1162 -4.0204 -4.6909 0.11618 -4.0189 -4.7331 0.053521 -4.0189 -4.7331 0.053521 -4.0415 -4.5673 -0.079144 -4.0314 -4.5604 -0.079192 -4.06 -4.5177 0.024153 -4.0693 -4.5224 0.0242 -4.0897 -4.4748 0.073264 -4.0967 -4.4774 0.073303 -4.1203 -4.4315 0.043557 -4.1242 -4.4324 0.04358 -4.1517 -4.3877 -0.043429 -4.1517 -4.3877 -0.043429 -4.0334 -4.5602 -0.079178 -4.0395 -4.5675 -0.079158 -4.0042 -4.5968 0.011328 -3.9996 -4.59 0.011317 -3.9691 -4.6254 0.055204 -3.9663 -4.6202 0.0552 -3.9345 -4.6535 0.031049 -3.9333 -4.6506 0.031049 -3.9004 -4.6811 -0.043327 -3.9004 -4.6811 -0.043327 -4.0335 -4.5642 -0.079188 -4.0394 -4.5635 -0.079148 -4.0417 -4.5937 -0.0065553 -4.0366 -4.5944 -0.0065902 -4.0439 -4.6238 0.033805 -4.0402 -4.6244 0.03378 -4.0463 -4.6538 0.025831 -4.0443 -4.6542 0.025817 -4.0488 -4.6838 -0.021264 -4.0488 -4.6838 -0.021264 -4.0416 -4.5593 -0.079122 -4.0312 -4.5684 -0.079214 -3.999 -4.5301 0.023853 -4.0077 -4.522 0.023931 -3.9676 -4.4911 0.074714 -3.9737 -4.4851 0.07477 -3.9368 -4.4516 0.04918 -3.94 -4.4483 0.04921 -3.9065 -4.4116 -0.033263 -3.9065 -4.4116 -0.033263 -4.0392 -4.5606 -0.079141 -4.0337 -4.5671 -0.079195 -4.0003 -4.5376 0.0083572 -4.0053 -4.5322 0.0084039 -3.9676 -4.5077 0.050097 -3.9714 -4.504 0.050132 -3.9356 -4.4775 0.025174 -3.9377 -4.4756 0.025192 -3.904 -4.4472 -0.048424 -3.904 -4.4472 -0.048424 -4.0409 -4.5627 -0.079136 -4.032 -4.565 -0.0792 -4.0264 -4.5409 -0.01081 -4.0339 -4.5386 -0.010756 -4.0213 -4.5165 0.030055 -4.0267 -4.5146 0.030095 -4.0168 -4.4918 0.028816 -4.0196 -4.4907 0.028837 -4.0125 -4.4668 -0.0086374 -4.0125 -4.4668 -0.0086374 -4.0317 -4.5695 -0.079214 -4.0412 -4.5582 -0.079122 -4.0798 -4.5943 0.031642 -4.0717 -4.604 0.031564 -4.1183 -4.6308 0.086682 -4.1125 -4.6379 0.086626 -4.1571 -4.6674 0.060122 -4.154 -4.6712 0.060092 -4.1962 -4.7041 -0.027401 -4.1962 -4.7041 -0.027401 -4.039 -4.5707 -0.07917 -4.0339 -4.557 -0.079166 -4.0803 -4.5401 0.046198 -4.0851 -4.5517 0.046199 -4.1273 -4.5237 0.1167 -4.1312 -4.5319 0.1167 -4.1753 -4.5074 0.10475 -4.1775 -4.5117 0.10475 -4.224 -4.491 0.025608 -4.224 -4.491 0.025608 -4.0339 -4.5668 -0.079192 -4.039 -4.5609 -0.079144 -4.0599 -4.581 0.010065 -4.0552 -4.5857 0.010022 -4.0808 -4.6012 0.066172 -4.0771 -4.6042 0.06614 -4.1017 -4.6212 0.07074 -4.0996 -4.6227 0.070723 -4.1226 -4.641 0.028681 -4.1226 -4.641 0.028681 -2.4319 -2.7826 -0.078801 -2.43 -2.7789 -0.078721 -2.4461 -2.7722 -0.047833 -2.448 -2.7753 -0.047905 -2.462 -2.7655 -0.033929 -2.4635 -2.7677 -0.033984 -2.4776 -2.7586 -0.044558 -2.4784 -2.7598 -0.044589 -2.4928 -2.7516 -0.072622 -2.4928 -2.7516 -0.072622 -2.4296 -2.7803 -0.078729 -2.4323 -2.7812 -0.078793 -2.4281 -2.7943 -0.045017 -2.4259 -2.7934 -0.044961 -2.4236 -2.8071 -0.025808 -2.422 -2.8064 -0.025768 -2.4185 -2.8196 -0.028576 -2.4177 -2.8192 -0.028555 -2.4131 -2.8318 -0.04946 -2.4131 -2.8318 -0.04946 -2.4307 -2.7792 -0.078739 -2.4312 -2.7823 -0.078784 -2.4152 -2.7855 -0.038257 -2.4147 -2.7829 -0.038219 -2.3987 -2.7885 -0.015555 -2.3984 -2.7866 -0.015528 -2.3817 -2.791 -0.019591 -2.3816 -2.79 -0.019577 -2.3643 -2.7932 -0.045274 -2.3643 -2.7932 -0.045274 -2.4314 -2.7825 -0.078789 -2.4306 -2.779 -0.078733 -2.4454 -2.7764 -0.052315 -2.4464 -2.7793 -0.052369 -2.4601 -2.7738 -0.040525 -2.4611 -2.7758 -0.040569 -2.4745 -2.771 -0.049847 -2.4751 -2.772 -0.049872 -2.4887 -2.7681 -0.074128 -2.4887 -2.7681 -0.074128 -2.4324 -2.7801 -0.078784 -2.4295 -2.7814 -0.078739 -2.4258 -2.772 -0.047337 -2.4283 -2.7711 -0.04738 -2.4219 -2.7625 -0.027853 -2.4239 -2.762 -0.027887 -2.4179 -2.7528 -0.026809 -2.4189 -2.7527 -0.026829 -2.4135 -2.743 -0.042161 -2.4135 -2.743 -0.042161 -2.4289 -2.7809 -0.078721 -2.433 -2.7806 -0.078802 -2.4346 -2.8016 -0.039851 -2.4312 -2.8021 -0.039785 -2.4357 -2.8225 -0.022216 -2.4332 -2.823 -0.022172 -2.4359 -2.8431 -0.035393 -2.4346 -2.8435 -0.035371 -2.4357 -2.8636 -0.070504 -2.4357 -2.8636 -0.070504 -2.4324 -2.7826 -0.07881 -2.4296 -2.7789 -0.078712 -2.4454 -2.769 -0.042752 -2.4479 -2.7721 -0.042838 -2.461 -2.7591 -0.025323 -2.4629 -2.7612 -0.025387 -2.4762 -2.7489 -0.034946 -2.4773 -2.75 -0.03498 -2.4911 -2.7386 -0.064566 -2.4911 -2.7386 -0.064566 -2.4327 -2.7807 -0.078797 -2.4292 -2.7808 -0.078725 -2.4299 -2.7702 -0.047369 -2.4329 -2.7699 -0.047428 -2.4305 -2.7593 -0.028383 -2.4326 -2.759 -0.028423 -2.4308 -2.7482 -0.028384 -2.4319 -2.7479 -0.028404 -2.4308 -2.7368 -0.044889 -2.4308 -2.7368 -0.044889 -2.4286 -2.7794 -0.078699 -2.4333 -2.7821 -0.078824 -2.423 -2.7997 -0.036451 -2.4189 -2.7976 -0.036344 -2.412 -2.8169 -0.015243 -2.4089 -2.8156 -0.015165 -2.4002 -2.8339 -0.025074 -2.3985 -2.8332 -0.025033 -2.3877 -2.8506 -0.0582 -2.3877 -2.8506 -0.0582 -2.4296 -2.7803 -0.078728 -2.4323 -2.7812 -0.078795 -2.4282 -2.794 -0.041944 -2.4258 -2.7933 -0.041888 -2.4237 -2.8065 -0.019794 -2.4219 -2.8062 -0.019753 -2.4186 -2.8189 -0.02018 -2.4177 -2.8188 -0.020159 -2.4131 -2.8311 -0.040075 -2.4131 -2.8311 -0.040075 -0.5811 4.0569 -0.11908 -0.57985 4.0622 -0.11957 -0.60173 4.071 -0.080494 -0.60309 4.0666 -0.080097 -0.62261 4.0772 -0.063531 -0.62381 4.0741 -0.063262 -0.64198 4.08 -0.078537 -0.64272 4.0784 -0.078404 -0.66032 4.0803 -0.11627 -0.66032 4.0803 -0.11627 -0.57903 4.0605 -0.11935 -0.58192 4.0587 -0.11931 -0.5754 4.0488 -0.073234 -0.57302 4.0505 -0.073291 -0.56779 4.037 -0.046162 -0.56614 4.0383 -0.046217 -0.55867 4.0223 -0.047747 -0.55783 4.023 -0.047784 -0.54831 4.0052 -0.072957 -0.54831 4.0052 -0.072957 -0.58054 4.0616 -0.11954 -0.58041 4.0576 -0.11911 -0.56269 4.0642 -0.065763 -0.56283 4.0676 -0.06613 -0.54379 4.0686 -0.035669 -0.54391 4.071 -0.035936 -0.5231 4.0693 -0.040441 -0.52318 4.0706 -0.040584 -0.50098 4.0672 -0.07344 -0.50098 4.0672 -0.07344 -0.58049 4.0572 -0.11908 -0.58046 4.0619 -0.11957 -0.59965 4.0653 -0.085662 -0.60012 4.0613 -0.085265 -0.61799 4.0664 -0.070793 -0.61864 4.0636 -0.070528 -0.63507 4.0645 -0.083436 -0.63558 4.0631 -0.083308 -0.65133 4.0606 -0.11558 -0.65133 4.0606 -0.11558 -0.58232 4.06 -0.11947 -0.57862 4.0591 -0.11919 -0.578 4.0768 -0.079787 -0.58122 4.0772 -0.079998 -0.57677 4.0928 -0.055923 -0.57912 4.0929 -0.056053 -0.57441 4.1062 -0.056088 -0.57567 4.1061 -0.056144 -0.57103 4.1171 -0.077613 -0.57103 4.1171 -0.077613 -0.57806 4.0599 -0.11924 -0.58289 4.0592 -0.11941 -0.58143 4.0386 -0.065366 -0.57725 4.0389 -0.065181 -0.57828 4.0151 -0.03909 -0.57525 4.015 -0.038928 -0.57293 3.9872 -0.052958 -0.57132 3.987 -0.052856 -0.566 3.9561 -0.095397 -0.566 3.9561 -0.095397 -0.58164 4.0569 -0.1191 -0.57931 4.0623 -0.11955 -0.60188 4.076 -0.074384 -0.60409 4.0714 -0.074019 -0.62337 4.0869 -0.053347 -0.62513 4.0837 -0.053098 -0.64319 4.094 -0.067564 -0.6442 4.0923 -0.06744 -0.6618 4.0983 -0.10784 -0.6618 4.0983 -0.10784 -0.58256 4.0592 -0.11939 -0.57839 4.06 -0.11926 -0.58326 4.078 -0.080143 -0.58686 4.0776 -0.080281 -0.58749 4.0944 -0.057156 -0.59012 4.0942 -0.057277 -0.59058 4.1082 -0.058933 -0.59198 4.1082 -0.059008 -0.59264 4.1198 -0.082237 -0.59264 4.1198 -0.082237 -0.5781 4.0619 -0.11945 -0.58285 4.0573 -0.11921 -0.5684 4.0447 -0.061196 -0.56415 4.0485 -0.061372 -0.55225 4.0295 -0.030783 -0.54905 4.032 -0.030888 -0.53382 4.0099 -0.040829 -0.53205 4.0112 -0.040872 -0.51366 3.9872 -0.081234 -0.51366 3.9872 -0.081234 -0.57898 4.0605 -0.11935 -0.58197 4.0586 -0.1193 -0.57573 4.0496 -0.069281 -0.57309 4.051 -0.069299 -0.56835 4.0386 -0.038419 -0.56636 4.0395 -0.038415 -0.55933 4.0244 -0.036929 -0.55825 4.0249 -0.036917 -0.54891 4.0076 -0.06086 -0.54891 4.0076 -0.06086 -2.1399 -8.841 -0.062494 -2.1322 -8.83 -0.062096 -2.1658 -8.8118 0.054315 -2.1724 -8.8213 0.053975 -2.2003 -8.7923 0.12588 -2.2051 -8.7991 0.12563 -2.2358 -8.7699 0.12839 -2.2384 -8.7736 0.12826 -2.2721 -8.7451 0.070275 -2.2721 -8.7451 0.070275 -2.1354 -8.8296 -0.062043 -2.1367 -8.8414 -0.062548 -2.0847 -8.8517 0.034643 -2.0824 -8.8418 0.035052 -2.0328 -8.8592 0.080249 -2.0303 -8.8523 0.080524 -1.9814 -8.8632 0.050864 -1.9796 -8.8597 0.050998 -1.93 -8.8648 -0.033026 -1.93 -8.8648 -0.033026 -2.1352 -8.84 -0.062506 -2.1369 -8.8309 -0.062085 -2.1797 -8.8417 0.024489 -2.1775 -8.8493 0.024127 -2.2227 -8.8509 0.066694 -2.2205 -8.8563 0.066433 -2.2661 -8.8574 0.044159 -2.2646 -8.8602 0.044021 -2.3096 -8.8619 -0.026169 -2.3096 -8.8619 -0.026169 -2.1382 -8.8375 -0.062358 -2.1339 -8.8335 -0.062233 -2.1539 -8.8153 0.0080646 -2.1576 -8.8186 0.0079621 -2.1744 -8.796 0.047692 -2.1772 -8.7983 0.047621 -2.1957 -8.7747 0.041331 -2.1972 -8.7759 0.041295 -2.2174 -8.7518 -0.0022504 -2.2174 -8.7518 -0.0022504 -2.1293 -8.8346 -0.062333 -2.1428 -8.8364 -0.062258 -2.1326 -8.8887 0.033686 -2.121 -8.8874 0.033609 -2.1224 -8.9388 0.079948 -2.1139 -8.9381 0.079883 -2.1126 -8.9857 0.053516 -2.1081 -8.9855 0.053477 -2.1031 -9.0304 -0.027071 -2.1031 -9.0304 -0.027071 -2.1318 -8.8355 -0.062345 -2.1403 -8.8354 -0.062246 -2.1377 -8.8823 0.019264 -2.1305 -8.8821 0.019191 -2.1352 -8.9271 0.057182 -2.13 -8.9268 0.057138 -2.1333 -8.9691 0.031672 -2.1305 -8.9688 0.031654 -2.1317 -9.0089 -0.040145 -2.1317 -9.0089 -0.040145 -2.1324 -8.8329 -0.062225 -2.1397 -8.838 -0.062365 -2.124 -8.8602 0.0016507 -2.1175 -8.8562 0.001755 -2.1082 -8.8812 0.039478 -2.1034 -8.8785 0.039542 -2.0925 -8.9003 0.037242 -2.0899 -8.899 0.03727 -2.0771 -8.9179 0.0005442 -2.0771 -8.9179 0.0005442 -2.1433 -8.8354 -0.062208 -2.1288 -8.8356 -0.062382 -2.1296 -8.7884 0.045158 -2.1421 -8.7881 0.045312 -2.1317 -8.7388 0.099693 -2.1407 -8.7385 0.099807 -2.1351 -8.6857 0.076598 -2.1399 -8.6855 0.07666 -2.1395 -8.6301 -0.0044931 -2.1395 -8.6301 -0.0044931 -2.1396 -8.8292 -0.061979 -2.1325 -8.8418 -0.062612 -2.0884 -8.8233 0.056886 -2.094 -8.8123 0.057434 -2.045 -8.8019 0.12421 -2.0488 -8.7938 0.12461 -2.0026 -8.7766 0.11311 -2.0044 -8.7722 0.11332 -1.9608 -8.7481 0.038096 -1.9608 -8.7481 0.038096 -2.1399 -8.8355 -0.06225 -2.1322 -8.8355 -0.06234 -2.1325 -8.8107 0.023727 -2.139 -8.8112 0.02378 -2.1335 -8.7846 0.0783 -2.1382 -8.7853 0.07832 -2.1353 -8.7565 0.083831 -2.1377 -8.7571 0.083832 -2.1377 -8.7268 0.044991 -2.1377 -8.7268 0.044991 3.0551 -5.9935 -0.048519 3.0519 -5.9977 -0.048312 3.0683 -6.0068 0.0049694 3.0706 -6.0029 0.0047803 3.0847 -6.0167 0.03494 3.0861 -6.0138 0.034796 3.1009 -6.0282 0.029932 3.1015 -6.0265 0.029852 3.117 -6.0408 -0.0034646 3.117 -6.0408 -0.0034646 3.0566 -5.9973 -0.048339 3.0504 -5.9939 -0.048492 3.0364 -6.0173 0.023479 3.0414 -6.0206 0.023633 3.0225 -6.0426 0.060358 3.0259 -6.0454 0.060486 3.0086 -6.0707 0.045711 3.0102 -6.0723 0.045787 2.9945 -6.1009 -0.0077677 2.9945 -6.1009 -0.0077677 3.0551 -5.9924 -0.048569 3.0519 -5.9987 -0.048262 3.0798 -6.0091 0.019069 3.0823 -6.0036 0.0188 3.1077 -6.0208 0.051598 3.1093 -6.0167 0.051398 3.1355 -6.0347 0.033477 3.1362 -6.0325 0.033369 3.1632 -6.0502 -0.021677 3.1632 -6.0502 -0.021677 3.0567 -5.9955 -0.048423 3.0503 -5.9956 -0.048408 3.0514 -6.019 0.014461 3.0569 -6.0194 0.014468 3.0528 -6.044 0.046805 3.0567 -6.0445 0.046825 3.0542 -6.0712 0.034316 3.0562 -6.0717 0.034335 3.0557 -6.1003 -0.012012 3.0557 -6.1003 -0.012012 3.0558 -5.9942 -0.048484 3.0513 -5.9969 -0.048347 3.064 -6.0145 0.0067583 3.068 -6.0125 0.0066531 3.077 -6.0334 0.03449 3.0799 -6.0321 0.034422 3.09 -6.0542 0.022163 3.0916 -6.0536 0.022131 3.1031 -6.0765 -0.020031 3.1031 -6.0765 -0.020031 3.0559 -5.9924 -0.048573 3.0511 -5.9988 -0.048258 3.0697 -6.0083 0.024878 3.0743 -6.0033 0.024628 3.0886 -6.019 0.069928 3.0923 -6.0157 0.069763 3.1078 -6.0318 0.071664 3.1099 -6.0302 0.071586 3.1272 -6.0464 0.035212 3.1272 -6.0464 0.035212 3.0552 -5.9917 -0.048603 3.0519 -5.9994 -0.048228 3.0745 -6.005 0.022646 3.077 -5.9982 0.022319 3.0972 -6.0115 0.064593 3.0987 -6.0065 0.064352 3.1197 -6.0198 0.06248 3.1204 -6.0171 0.06235 3.1421 -6.0298 0.022905 3.1421 -6.0298 0.022905 3.051 -5.9943 -0.04847 3.056 -5.9968 -0.04836 3.0648 -5.9758 0.0066251 3.0605 -5.9735 0.0065238 3.0732 -5.9558 0.037369 3.0702 -5.954 0.037291 3.0816 -5.9373 0.031602 3.08 -5.9364 0.031557 3.0898 -5.9203 -0.004141 3.0898 -5.9203 -0.004141 3.0565 -5.9951 -0.048443 3.0505 -5.9961 -0.048388 3.0543 -6.0139 0.0034725 3.0595 -6.0137 0.0034523 3.0584 -6.0331 0.031086 3.0622 -6.0333 0.031091 3.0626 -6.0541 0.022833 3.0646 -6.0544 0.022846 3.0668 -6.0767 -0.013167 3.0668 -6.0767 -0.013167 3.0554 -5.9954 -0.048425 3.0516 -5.9957 -0.048406 3.0534 -6.0118 -0.0068732 3.0566 -6.0114 -0.0068992 3.0553 -6.0289 0.014035 3.0576 -6.0284 0.01401 3.0572 -6.0473 0.004776 3.0584 -6.047 0.0047591 3.0592 -6.0667 -0.026931 3.0592 -6.0667 -0.026931 -1.6713 2.6289 -0.10506 -1.6662 2.632 -0.10526 -1.6752 2.6492 -0.04542 -1.6793 2.6461 -0.045277 -1.6859 2.6669 -0.011449 -1.6886 2.6644 -0.011367 -1.6989 2.6855 -0.016308 -1.7002 2.684 -0.016276 -1.7136 2.7047 -0.052688 -1.7136 2.7047 -0.052688 -1.6713 2.6335 -0.10492 -1.6662 2.6274 -0.10539 -1.6359 2.6474 -0.027776 -1.6398 2.653 -0.027388 -1.6081 2.669 0.010881 -1.6105 2.6733 0.011146 -1.5835 2.6925 -0.0076793 -1.5845 2.6949 -0.0075476 -1.5612 2.7175 -0.069368 -1.5612 2.7175 -0.069368 -1.6717 2.6278 -0.10506 -1.6658 2.6331 -0.10525 -1.6852 2.6566 -0.029044 -1.69 2.6518 -0.028904 -1.7071 2.6809 0.008543 -1.7104 2.6772 0.0086264 -1.7323 2.7066 -0.010097 -1.734 2.7045 -0.010062 -1.7599 2.7333 -0.069852 -1.7599 2.7333 -0.069852 -1.6721 2.6317 -0.10492 -1.6654 2.6292 -0.10539 -1.6518 2.6553 -0.036726 -1.6574 2.6579 -0.036327 -1.6405 2.6826 -0.0019385 -1.6444 2.6848 -0.0016495 -1.6322 2.7116 -0.016923 -1.6342 2.7129 -0.016769 -1.6261 2.7419 -0.06948 -1.6261 2.7419 -0.06948 -1.6716 2.63 -0.105 -1.6658 2.6309 -0.10531 -1.6675 2.6556 -0.044114 -1.6725 2.6551 -0.043838 -1.6712 2.6812 -0.013289 -1.6749 2.6811 -0.013081 -1.6777 2.7082 -0.02693 -1.6796 2.7082 -0.026815 -1.6862 2.7363 -0.073722 -1.6862 2.7363 -0.073722 -1.6726 2.6281 -0.105 -1.6649 2.6328 -0.10531 -1.6744 2.6517 -0.023327 -1.6813 2.6483 -0.023025 -1.6862 2.6715 0.027508 -1.6914 2.6695 0.027755 -1.7011 2.6928 0.030276 -1.704 2.692 0.030422 -1.7187 2.7155 -0.0093379 -1.7187 2.7155 -0.0093379 -1.672 2.6271 -0.10506 -1.6655 2.6338 -0.10525 -1.681 2.6502 -0.025284 -1.6863 2.6441 -0.025154 -1.6987 2.667 0.022585 -1.7023 2.6624 0.022658 -1.7192 2.685 0.021543 -1.721 2.6824 0.021571 -1.7421 2.7039 -0.021091 -1.7421 2.7039 -0.021091 -1.6666 2.6281 -0.10535 -1.6709 2.6328 -0.10496 -1.6838 2.6152 -0.042423 -1.6802 2.6111 -0.042746 -1.6981 2.5982 -0.0068043 -1.6956 2.5952 -0.007035 -1.7146 2.5822 -0.011727 -1.7134 2.5805 -0.011848 -1.7331 2.567 -0.049931 -1.7331 2.567 -0.049931 -1.6721 2.6312 -0.10494 -1.6654 2.6297 -0.10537 -1.6578 2.6509 -0.04845 -1.6634 2.6528 -0.048072 -1.6521 2.6732 -0.018431 -1.656 2.675 -0.018155 -1.6488 2.6968 -0.02823 -1.6508 2.698 -0.028083 -1.6473 2.7216 -0.068839 -1.6473 2.7216 -0.068839 -1.6708 2.6311 -0.10502 -1.6667 2.6298 -0.10529 -1.6586 2.6482 -0.059885 -1.6621 2.649 -0.059654 -1.652 2.6672 -0.037362 -1.6546 2.6677 -0.037197 -1.6475 2.6872 -0.048321 -1.6489 2.6873 -0.048235 -1.6445 2.7078 -0.084196 -1.6445 2.7078 -0.084196 -3.126 -8.3033 -0.064802 -3.1223 -8.2959 -0.065944 -3.1388 -8.2771 0.0062776 -3.142 -8.2834 0.0072555 -3.157 -8.2622 0.05036 -3.1594 -8.2668 0.051069 -3.1777 -8.2531 0.051048 -3.179 -8.2555 0.051426 -3.2006 -8.2489 0.013643 -3.2006 -8.2489 0.013643 -3.1241 -8.296 -0.065826 -3.1242 -8.3031 -0.06492 -3.0924 -8.2929 -0.0051237 -3.0916 -8.2868 -0.0059362 -3.0622 -8.2865 0.022164 -3.0611 -8.2821 0.021556 -3.0343 -8.2858 0.0022513 -3.0335 -8.2836 0.0019212 -3.0079 -8.2894 -0.051963 -3.0079 -8.2894 -0.051963 -3.1235 -8.3022 -0.065081 -3.1249 -8.297 -0.065664 -3.1458 -8.2993 -0.0088704 -3.1442 -8.3036 -0.0084174 -3.168 -8.3054 0.020049 -3.1666 -8.3083 0.02034 -3.1923 -8.3167 0.008259 -3.1914 -8.3181 0.0083931 -3.218 -8.3318 -0.033594 -3.218 -8.3318 -0.033594 -3.1253 -8.301 -0.065134 -3.1231 -8.2981 -0.065611 -3.1332 -8.2826 -0.022729 -3.1352 -8.2849 -0.022323 -3.1446 -8.2695 0.00088945 -3.146 -8.2712 0.001182 -3.1576 -8.2602 -0.0044009 -3.1583 -8.2611 -0.0042458 -3.1719 -8.2539 -0.03309 -3.1719 -8.2539 -0.03309 -3.1205 -8.2983 -0.06574 -3.1279 -8.3009 -0.065006 -3.1171 -8.3204 -0.00022996 -3.1108 -8.3183 -0.0008415 -3.1077 -8.3437 0.033277 -3.1031 -8.3423 0.032846 -3.1006 -8.3728 0.021058 -3.0982 -8.3721 0.020835 -3.0952 -8.4062 -0.025222 -3.0952 -8.4062 -0.025222 -3.1219 -8.2991 -0.06556 -3.1265 -8.3 -0.065186 -3.1206 -8.3187 -0.0096865 -3.1167 -8.3177 -0.010027 -3.116 -8.3407 0.018377 -3.1132 -8.3399 0.018116 -3.1135 -8.3677 0.0065327 -3.112 -8.3672 0.0063861 -3.1125 -8.3983 -0.034453 -3.1125 -8.3983 -0.034453 -3.1223 -8.2976 -0.065719 -3.1261 -8.3015 -0.065027 -3.1146 -8.306 -0.023404 -3.1112 -8.3029 -0.023985 -3.1038 -8.3125 0.0017178 -3.1013 -8.3103 0.0013067 -3.0943 -8.3221 0.0016315 -3.0929 -8.321 0.0014178 -3.0858 -8.3344 -0.020133 -3.0858 -8.3344 -0.020133 -3.1282 -8.3004 -0.065053 -3.1202 -8.2988 -0.065692 -3.1202 -8.26 -0.0031502 -3.1271 -8.2613 -0.00261 -3.1225 -8.2255 0.026079 -3.1275 -8.2264 0.026465 -3.1276 -8.1973 0.0064974 -3.1303 -8.1977 0.0067011 -3.1349 -8.1736 -0.04955 -3.1349 -8.1736 -0.04955 -3.1264 -8.2963 -0.065665 -3.1219 -8.3029 -0.06508 -3.0953 -8.2744 0.0060897 -3.099 -8.2686 0.0055538 -3.0707 -8.2498 0.044394 -3.0731 -8.2454 0.043981 -3.0487 -8.2311 0.033333 -3.05 -8.2287 0.033099 -3.029 -8.2173 -0.017956 -3.029 -8.2173 -0.017956 -3.1263 -8.3 -0.065203 -3.1221 -8.2991 -0.065542 -3.1213 -8.2757 -0.014214 -3.1248 -8.2767 -0.013887 -3.1217 -8.2548 0.017335 -3.1243 -8.2558 0.017598 -3.124 -8.238 0.018069 -3.1253 -8.2387 0.018222 -3.1278 -8.2249 -0.0090736 -3.1278 -8.2249 -0.0090736 -1.1 1.7697 -0.10002 -1.0985 1.7657 -0.099733 -1.0815 1.7747 -0.071424 -1.0825 1.7782 -0.07169 -1.0652 1.7824 -0.059274 -1.0658 1.785 -0.05948 -1.05 1.7882 -0.070456 -1.0502 1.7896 -0.070572 -1.0354 1.7926 -0.098221 -1.0354 1.7926 -0.098221 -1.0998 1.7664 -0.099738 -1.0986 1.769 -0.10002 -1.1097 1.7772 -0.067776 -1.1106 1.775 -0.067538 -1.1215 1.784 -0.049373 -1.122 1.7824 -0.049201 -1.1342 1.7889 -0.051854 -1.1344 1.788 -0.051764 -1.1477 1.7921 -0.071553 -1.1477 1.7921 -0.071553 -1.0983 1.7664 -0.099808 -1.1001 1.769 -0.099949 -1.112 1.7622 -0.060185 -1.1103 1.76 -0.060067 -1.1245 1.7537 -0.037363 -1.1233 1.7522 -0.037278 -1.1381 1.7429 -0.039954 -1.1374 1.7421 -0.03991 -1.1526 1.7303 -0.063122 -1.1526 1.7303 -0.063122 -1.1002 1.7692 -0.099968 -1.0982 1.7662 -0.099789 -1.0852 1.7768 -0.075715 -1.0866 1.7796 -0.0759 -1.0728 1.7863 -0.06556 -1.0736 1.7885 -0.065715 -1.0613 1.7942 -0.075486 -1.0616 1.7954 -0.075579 -1.0504 1.8009 -0.099644 -1.0504 1.8009 -0.099644 -1.0977 1.7683 -0.099998 -1.1007 1.7671 -0.099759 -1.0952 1.7599 -0.069392 -1.0928 1.7611 -0.069612 -1.0901 1.7517 -0.050367 -1.0885 1.7527 -0.050537 -1.0858 1.7421 -0.04888 -1.085 1.7427 -0.048976 -1.0822 1.7312 -0.062987 -1.0822 1.7312 -0.062987 -1.1007 1.7663 -0.099686 -1.0977 1.7691 -0.10007 -1.1105 1.7873 -0.06349 -1.1132 1.7852 -0.063172 -1.1244 1.8036 -0.047159 -1.1265 1.8023 -0.046939 -1.1397 1.8173 -0.060112 -1.1409 1.8167 -0.060001 -1.1562 1.8292 -0.093915 -1.1562 1.8292 -0.093915 -1.0996 1.77 -0.10007 -1.0988 1.7654 -0.09969 -1.0794 1.7723 -0.066469 -1.08 1.7762 -0.066802 -1.0609 1.7777 -0.050879 -1.0611 1.7806 -0.051128 -1.0435 1.7811 -0.061015 -1.0435 1.7826 -0.061152 -1.0268 1.7828 -0.09017 -1.0268 1.7828 -0.09017 -1.098 1.7689 -0.10005 -1.1005 1.7665 -0.09971 -1.091 1.7615 -0.069702 -1.0888 1.7635 -0.069983 -1.082 1.7556 -0.051464 -1.0802 1.7569 -0.051662 -1.0737 1.7481 -0.051281 -1.0727 1.7487 -0.051383 -1.0659 1.7392 -0.066789 -1.0659 1.7392 -0.066789 -1.0998 1.7651 -0.099617 -1.0986 1.7703 -0.10014 -1.1169 1.7777 -0.059323 -1.1182 1.7733 -0.05887 -1.1362 1.7831 -0.038605 -1.1373 1.78 -0.038273 -1.157 1.7857 -0.047379 -1.1577 1.7841 -0.047201 -1.179 1.7862 -0.078288 -1.179 1.7862 -0.078288 -1.0998 1.7664 -0.099733 -1.0986 1.769 -0.10002 -1.1093 1.7772 -0.064852 -1.1105 1.775 -0.064603 -1.1208 1.7841 -0.043644 -1.1217 1.7826 -0.043463 -1.1333 1.789 -0.043852 -1.1339 1.7882 -0.043756 -1.1468 1.7922 -0.0626 -1.1468 1.7922 -0.0626 -1.8407 -8.8105 -0.062259 -1.8427 -8.8075 -0.062179 -1.8539 -8.8168 -0.028788 -1.8519 -8.8191 -0.028858 -1.8651 -8.8259 -0.01013 -1.8635 -8.8275 -0.010181 -1.8766 -8.8347 -0.013583 -1.8756 -8.8355 -0.01361 -1.8881 -8.8432 -0.034981 -1.8881 -8.8432 -0.034981 -1.8436 -8.8107 -0.062218 -1.8398 -8.8072 -0.06222 -1.8531 -8.793 -0.017075 -1.8565 -8.7957 -0.017065 -1.8669 -8.7785 0.0058778 -1.8695 -8.7802 0.0058912 -1.8814 -8.7635 -0.0037509 -1.8829 -8.7642 -0.0037404 -1.8964 -8.7479 -0.037934 -1.8964 -8.7479 -0.037934 -1.8401 -8.8107 -0.062274 -1.8434 -8.8072 -0.062164 -1.8586 -8.8242 -0.019995 -1.8556 -8.8269 -0.020088 -1.8739 -8.8408 0.00017673 -1.8716 -8.8427 0.00010946 -1.8896 -8.857 -0.01167 -1.8883 -8.8579 -0.011705 -1.9056 -8.8727 -0.046926 -1.9056 -8.8727 -0.046926 -1.8425 -8.8111 -0.062243 -1.841 -8.8068 -0.062195 -1.8578 -8.8029 -0.022893 -1.8594 -8.8065 -0.022928 -1.8751 -8.7988 -0.0028922 -1.8765 -8.8014 -0.0029132 -1.893 -8.7944 -0.01124 -1.8938 -8.7957 -0.011249 -1.9114 -8.7896 -0.040986 -1.9114 -8.7896 -0.040986 -1.8414 -8.8108 -0.062254 -1.842 -8.8072 -0.062184 -1.8579 -8.8123 -0.02776 -1.8576 -8.8154 -0.027817 -1.8741 -8.8174 -0.010643 -1.8739 -8.8197 -0.010683 -1.8907 -8.8221 -0.018855 -1.8907 -8.8234 -0.018875 -1.9076 -8.8267 -0.04595 -1.9076 -8.8267 -0.04595 -1.8402 -8.8112 -0.06228 -1.8432 -8.8067 -0.062158 -1.8556 -8.8174 -0.016251 -1.8535 -8.8216 -0.016354 -1.8683 -8.8282 0.011901 -1.8671 -8.8314 0.011828 -1.8815 -8.8387 0.012666 -1.881 -8.8404 0.012629 -1.8952 -8.849 -0.010717 -1.8952 -8.849 -0.010717 -1.8396 -8.8108 -0.062283 -1.8438 -8.8071 -0.062155 -1.8546 -8.8214 -0.017635 -1.8508 -8.8244 -0.017744 -1.8655 -8.8355 0.0086032 -1.8626 -8.8375 0.0085246 -1.8766 -8.8492 0.0069898 -1.875 -8.8502 0.0069484 -1.8879 -8.8624 -0.018305 -1.8879 -8.8624 -0.018305 -1.8403 -8.8075 -0.062218 -1.8432 -8.8104 -0.06222 -1.8328 -8.8205 -0.027205 -1.8302 -8.8181 -0.027205 -1.8225 -8.8303 -0.0075117 -1.8206 -8.8286 -0.0075136 -1.8124 -8.8396 -0.0109 -1.8114 -8.8387 -0.010902 -1.8026 -8.8485 -0.033237 -1.8026 -8.8485 -0.033237 -1.8422 -8.8111 -0.062247 -1.8413 -8.8068 -0.062191 -1.855 -8.8058 -0.029764 -1.8561 -8.8094 -0.029805 -1.8691 -8.8048 -0.012671 -1.8702 -8.8073 -0.012695 -1.8837 -8.8035 -0.018258 -1.8844 -8.8048 -0.018268 -1.8987 -8.8019 -0.041392 -1.8987 -8.8019 -0.041392 -1.8421 -8.8103 -0.062235 -1.8413 -8.8076 -0.062203 -1.8532 -8.8056 -0.036257 -1.8537 -8.8079 -0.036286 -1.8652 -8.8035 -0.023349 -1.8655 -8.8052 -0.023372 -1.8775 -8.8012 -0.029513 -1.8776 -8.8021 -0.029527 -1.89 -8.7987 -0.049869 -1.89 -8.7987 -0.049869 -3.1611 7.039 -0.15285 -3.1537 7.0366 -0.15298 -3.1448 7.0643 -0.076799 -3.1513 7.0657 -0.076699 -3.1367 7.0927 -0.034023 -3.1414 7.0932 -0.03396 -3.1293 7.1219 -0.041398 -3.1319 7.1219 -0.04137 -3.1226 7.1518 -0.089479 -3.1226 7.1518 -0.089479 -3.1566 7.0431 -0.15281 -3.1582 7.0325 -0.15302 -3.1135 7.0238 -0.052297 -3.1112 7.0327 -0.052133 -3.069 7.0166 -0.0019139 -3.0668 7.0229 -0.0018054 -3.025 7.0112 -0.025443 -3.0235 7.0144 -0.025391 -2.9812 7.0071 -0.10468 -2.9812 7.0071 -0.10468 -3.1625 7.0385 -0.15285 -3.1523 7.0371 -0.15299 -3.1461 7.0819 -0.056357 -3.1549 7.0826 -0.056245 -3.1409 7.1277 -0.0096097 -3.1473 7.1278 -0.0095368 -3.1368 7.1749 -0.035485 -3.1403 7.1748 -0.03545 -3.1336 7.223 -0.11446 -3.1336 7.223 -0.11446 -3.159 7.0423 -0.1528 -3.1558 7.0332 -0.15303 -3.1191 7.0463 -0.064754 -3.1213 7.0543 -0.064561 -3.0829 7.0609 -0.020249 -3.084 7.0668 -0.020112 -3.0473 7.0771 -0.040045 -3.0476 7.0802 -0.039973 -3.012 7.0945 -0.10838 -3.012 7.0945 -0.10838 -3.1603 7.0403 -0.15283 -3.1544 7.0352 -0.153 -3.132 7.0621 -0.074967 -3.1367 7.0668 -0.074815 -3.1101 7.0902 -0.036174 -3.1134 7.0938 -0.036062 -3.089 7.1198 -0.054826 -3.0906 7.1218 -0.054765 -3.0683 7.1504 -0.11631 -3.0683 7.1504 -0.11631 -3.163 7.0396 -0.15282 -3.1518 7.036 -0.15302 -3.1418 7.067 -0.048376 -3.151 7.071 -0.048188 -3.1326 7.0992 0.016016 -3.139 7.1028 0.016163 -3.1243 7.1333 0.018302 -3.1275 7.1355 0.018386 -3.1166 7.1689 -0.034174 -3.1166 7.1689 -0.034174 -3.1635 7.0381 -0.15284 -3.1513 7.0374 -0.15299 -3.1489 7.0722 -0.05114 -3.1593 7.0722 -0.051024 -3.1475 7.1077 0.0092595 -3.1551 7.1073 0.009334 -3.1472 7.1444 0.0064883 -3.1512 7.1439 0.0065228 -3.1477 7.1819 -0.049998 -3.1477 7.1819 -0.049998 -3.1579 7.0335 -0.153 -3.1569 7.042 -0.15283 -3.1854 7.0432 -0.072308 -3.1865 7.036 -0.072449 -3.2145 7.0448 -0.026544 -3.2154 7.0396 -0.026644 -3.2442 7.0473 -0.033138 -3.2448 7.0446 -0.03319 -3.2745 7.0506 -0.082715 -3.2745 7.0506 -0.082715 -3.1595 7.0418 -0.15281 -3.1553 7.0337 -0.15303 -3.1284 7.0479 -0.079992 -3.1312 7.0553 -0.079805 -3.1019 7.0634 -0.041726 -3.1034 7.069 -0.041592 -3.0758 7.0803 -0.054904 -3.0763 7.0834 -0.054834 -3.0499 7.0984 -0.10789 -3.0499 7.0984 -0.10789 -3.1585 7.0404 -0.15285 -3.1563 7.0351 -0.15299 -3.1316 7.0456 -0.094676 -3.1338 7.05 -0.094559 -3.1075 7.057 -0.065932 -3.1093 7.06 -0.065848 -3.084 7.0693 -0.080443 -3.085 7.0709 -0.080398 -3.061 7.0824 -0.12714 -3.061 7.0824 -0.12714 1.9163 1.0742 -0.10597 1.9158 1.0792 -0.10629 1.8981 1.0801 -0.072324 1.8982 1.0759 -0.072047 1.8802 1.0797 -0.056805 1.8801 1.0766 -0.056604 1.8623 1.0773 -0.067943 1.8621 1.0757 -0.067836 1.8441 1.0736 -0.098025 1.8441 1.0736 -0.098025 1.917 1.0779 -0.10621 1.9151 1.0755 -0.10605 1.9267 1.0675 -0.068626 1.9282 1.0696 -0.068767 1.9382 1.0585 -0.047053 1.9392 1.0601 -0.047161 1.9498 1.048 -0.049381 1.9503 1.0489 -0.04944 1.9613 1.0364 -0.071409 1.9613 1.0364 -0.071409 1.9154 1.0784 -0.10624 1.9167 1.075 -0.10601 1.9335 1.0842 -0.062753 1.9324 1.0871 -0.062944 1.9503 1.0923 -0.038883 1.9495 1.0944 -0.039021 1.9669 1.0986 -0.044086 1.9665 1.0997 -0.044159 1.9835 1.1034 -0.072827 1.9835 1.1034 -0.072827 1.9167 1.0746 -0.10599 1.9154 1.0788 -0.10626 1.901 1.0758 -0.076905 1.9017 1.0722 -0.07667 1.8865 1.0716 -0.063433 1.8868 1.0689 -0.06326 1.8719 1.0657 -0.072898 1.8719 1.0643 -0.072805 1.8571 1.0587 -0.098616 1.8571 1.0587 -0.098616 1.9144 1.0766 -0.10612 1.9177 1.0768 -0.10614 1.9163 1.0915 -0.073027 1.9135 1.091 -0.072989 1.9146 1.1053 -0.052863 1.9127 1.1047 -0.052822 1.9129 1.1176 -0.052734 1.9119 1.1172 -0.052705 1.9111 1.1287 -0.070419 1.9111 1.1287 -0.070419 1.918 1.0777 -0.10619 1.9141 1.0757 -0.10606 1.925 1.0568 -0.062054 1.9284 1.0581 -0.06215 1.9361 1.0363 -0.041226 1.9386 1.0371 -0.041281 1.9472 1.0136 -0.05389 1.9486 1.0139 -0.053911 1.9584 0.98925 -0.090394 1.9584 0.98925 -0.090394 1.9158 1.074 -0.10595 1.9163 1.0794 -0.1063 1.897 1.0843 -0.067106 1.8965 1.0798 -0.066806 1.8777 1.0877 -0.048033 1.8771 1.0844 -0.047817 1.8582 1.089 -0.058356 1.8578 1.0873 -0.058242 1.8386 1.0888 -0.09041 1.8386 1.0888 -0.09041 1.9144 1.0758 -0.10606 1.9177 1.0776 -0.10619 1.9115 1.0912 -0.072959 1.9087 1.0898 -0.072865 1.9052 1.1039 -0.053172 1.903 1.103 -0.053114 1.8987 1.1152 -0.054027 1.8975 1.1148 -0.054002 1.892 1.1254 -0.072828 1.892 1.1254 -0.072828 1.9174 1.0794 -0.1063 1.9147 1.0741 -0.10595 1.9345 1.0655 -0.05922 1.937 1.0699 -0.059513 1.9544 1.0556 -0.035518 1.9563 1.0587 -0.035723 1.9744 1.0437 -0.045569 1.9755 1.0452 -0.045675 1.9944 1.0301 -0.080951 1.9944 1.0301 -0.080951 1.917 1.0779 -0.10621 1.9151 1.0755 -0.10604 1.9264 1.068 -0.065309 1.9282 1.07 -0.065442 1.9379 1.0595 -0.040563 1.9393 1.0609 -0.040653 1.9494 1.0495 -0.04032 1.9502 1.0502 -0.040365 1.961 1.0381 -0.061287 1.961 1.0381 -0.061287 1.699 -8.6582 -0.055492 1.6967 -8.6512 -0.055605 1.6754 -8.6576 0.012473 1.6774 -8.6636 0.012569 1.6544 -8.6647 0.053999 1.6558 -8.669 0.054069 1.6337 -8.6725 0.054624 1.6345 -8.6748 0.054661 1.6134 -8.681 0.019346 1.6134 -8.681 0.019346 1.6956 -8.6524 -0.055595 1.7002 -8.6569 -0.055501 1.7183 -8.6362 0.0024293 1.7148 -8.6319 0.0023459 1.7365 -8.6155 0.029784 1.7344 -8.6121 0.029723 1.7551 -8.5951 0.012709 1.7542 -8.5932 0.012676 1.7741 -8.575 -0.036655 1.7741 -8.575 -0.036655 1.7001 -8.6559 -0.055517 1.6957 -8.6535 -0.05558 1.6846 -8.674 -0.0041901 1.6885 -8.6756 -0.0041403 1.6739 -8.6949 0.02093 1.6769 -8.6958 0.020962 1.6637 -8.7162 0.007704 1.6653 -8.7165 0.0077195 1.6538 -8.7378 -0.03383 1.6538 -8.7378 -0.03383 1.698 -8.6563 -0.055525 1.6977 -8.6531 -0.055571 1.6819 -8.6544 -0.014703 1.6821 -8.6571 -0.014664 1.6662 -8.6561 0.0080012 1.6663 -8.6581 0.0080294 1.6506 -8.6583 0.0034639 1.6507 -8.6594 0.0034788 1.6352 -8.6609 -0.023122 1.6352 -8.6609 -0.023122 1.6996 -8.6515 -0.05558 1.6961 -8.6579 -0.055516 1.719 -8.6692 0.002963 1.7221 -8.6638 0.0029098 1.7423 -8.6806 0.032012 1.7447 -8.6768 0.031975 1.766 -8.6925 0.018001 1.7673 -8.6905 0.017982 1.7901 -8.7048 -0.028089 1.7901 -8.7048 -0.028089 1.6992 -8.6529 -0.055564 1.6965 -8.6565 -0.055533 1.7151 -8.6695 -0.0057889 1.7173 -8.6663 -0.0058178 1.7339 -8.6827 0.01813 1.7354 -8.6804 0.018108 1.7531 -8.6963 0.004472 1.7538 -8.695 0.0044593 1.7724 -8.7102 -0.036622 1.7724 -8.7102 -0.036622 1.6979 -8.6523 -0.055581 1.6978 -8.6571 -0.055515 1.7105 -8.6566 -0.016896 1.7108 -8.6524 -0.016951 1.7233 -8.656 0.006206 1.7237 -8.6531 0.0061674 1.7364 -8.6557 0.0055738 1.7367 -8.6541 0.0055538 1.7497 -8.6556 -0.015471 1.7497 -8.6556 -0.015471 1.6956 -8.6578 -0.055522 1.7002 -8.6516 -0.055575 1.677 -8.6343 0.0063807 1.673 -8.6396 0.0064256 1.6538 -8.6177 0.036932 1.6509 -8.6215 0.036965 1.6308 -8.6019 0.021494 1.6293 -8.6039 0.02151 1.608 -8.5867 -0.028304 1.608 -8.5867 -0.028304 1.6941 -8.6541 -0.055582 1.7017 -8.6553 -0.055514 1.7045 -8.6279 0.014607 1.698 -8.6267 0.014545 1.7072 -8.6008 0.053799 1.7025 -8.5997 0.053752 1.71 -8.5743 0.046514 1.7076 -8.5736 0.046488 1.713 -8.5481 0.0013584 1.713 -8.5481 0.0013584 1.6967 -8.6563 -0.055534 1.6991 -8.653 -0.055562 1.6862 -8.6434 -0.0055417 1.6843 -8.6463 -0.0055134 1.6733 -8.6341 0.025825 1.6722 -8.6364 0.025848 1.6607 -8.6254 0.028146 1.6602 -8.6267 0.02816 1.6483 -8.6172 0.0041897 1.6483 -8.6172 0.0041897 3.4518 6.1829 -0.12964 3.4484 6.1803 -0.12917 3.4623 6.1676 -0.10051 3.4653 6.1695 -0.10092 3.4743 6.1546 -0.088128 3.4766 6.1559 -0.08844 3.4834 6.1415 -0.099248 3.4847 6.1421 -0.099419 3.4905 6.128 -0.12707 3.4905 6.128 -0.12707 3.4487 6.1818 -0.12923 3.4514 6.1814 -0.12957 3.4574 6.1953 -0.09759 3.455 6.1955 -0.097293 3.4614 6.2089 -0.07954 3.4597 6.209 -0.079322 3.4627 6.2223 -0.082518 3.4618 6.2223 -0.082401 3.4616 6.2355 -0.10283 3.4616 6.2355 -0.10283 3.4491 6.1804 -0.12926 3.451 6.1828 -0.12954 3.4427 6.1934 -0.08946 3.4411 6.1912 -0.089227 3.4321 6.2035 -0.066435 3.431 6.202 -0.066268 3.4182 6.2133 -0.069 3.4176 6.2125 -0.068911 3.4016 6.2229 -0.092282 3.4016 6.2229 -0.092282 3.4512 6.183 -0.12957 3.4489 6.1802 -0.12923 3.4632 6.1715 -0.105 3.4654 6.1737 -0.10532 3.4758 6.1628 -0.09479 3.4776 6.1642 -0.09504 3.486 6.1538 -0.10481 3.4871 6.1544 -0.10495 3.4945 6.1446 -0.12916 3.4945 6.1446 -0.12916 3.451 6.1804 -0.12951 3.4491 6.1828 -0.1293 3.4446 6.1765 -0.098268 3.4464 6.1745 -0.098476 3.4388 6.1699 -0.078664 3.4402 6.1686 -0.078833 3.4308 6.1631 -0.076724 3.4316 6.1625 -0.076823 3.4208 6.1561 -0.090493 3.4208 6.1561 -0.090493 3.4484 6.1826 -0.12919 3.4518 6.1806 -0.12961 3.467 6.199 -0.093637 3.4642 6.201 -0.093307 3.4795 6.2173 -0.078061 3.4776 6.2189 -0.07784 3.4881 6.2354 -0.091978 3.4872 6.2364 -0.091871 3.4941 6.2535 -0.1269 3.4941 6.2535 -0.1269 3.4521 6.1826 -0.12968 3.448 6.1806 -0.12912 3.4606 6.1651 -0.095375 3.4643 6.1667 -0.095862 3.4712 6.1495 -0.07939 3.4739 6.1505 -0.079749 3.4786 6.1335 -0.089317 3.48 6.134 -0.089511 3.4836 6.1173 -0.1184 3.4836 6.1173 -0.1184 3.4516 6.1808 -0.12958 3.4486 6.1824 -0.12922 3.4473 6.173 -0.09854 3.4497 6.1714 -0.098838 3.4446 6.1632 -0.079714 3.4463 6.162 -0.079918 3.4396 6.1532 -0.079067 3.4405 6.1524 -0.079169 3.4326 6.1428 -0.094219 3.4326 6.1428 -0.094219 3.4474 6.1814 -0.12906 3.4527 6.1818 -0.12974 3.4563 6.2025 -0.089251 3.4518 6.2024 -0.088671 3.4571 6.223 -0.068996 3.4538 6.2232 -0.068577 3.4538 6.2433 -0.078439 3.4521 6.2435 -0.078217 3.4476 6.2634 -0.11017 3.4476 6.2634 -0.11017 3.4487 6.1818 -0.12922 3.4515 6.1814 -0.12958 3.4576 6.195 -0.094632 3.4553 6.1955 -0.094333 3.4619 6.2085 -0.073745 3.4602 6.2089 -0.073532 3.4632 6.2218 -0.074425 3.4624 6.2221 -0.074315 3.4622 6.2349 -0.093777 3.4622 6.2349 -0.093777 -1.2749 8.7383 -0.16953 -1.2909 8.7349 -0.1701 -1.2887 8.7054 -0.024396 -1.2749 8.7083 -0.023902 -1.2824 8.67 0.066735 -1.2724 8.6721 0.067095 -1.2707 8.6253 0.073774 -1.2654 8.6264 0.073967 -1.2543 8.5725 0.0069985 -1.2543 8.5725 0.0069985 -1.2885 8.7322 -0.16966 -1.2774 8.741 -0.16998 -1.3235 8.7969 -0.057622 -1.3338 8.7904 -0.057515 -1.3666 8.8457 -0.0081538 -1.3746 8.8418 -0.0081999 -1.4049 8.8845 -0.050091 -1.4094 8.8829 -0.050181 -1.4398 8.9163 -0.15848 -1.4398 8.9163 -0.15848 -1.2798 8.741 -0.17012 -1.2861 8.7322 -0.16952 -1.2485 8.7172 -0.058731 -1.2439 8.7252 -0.059343 -1.2077 8.6968 -0.0020208 -1.205 8.7029 -0.0025316 -1.1623 8.6681 -0.024208 -1.1612 8.6714 -0.024514 -1.1137 8.6332 -0.10465 -1.1137 8.6332 -0.10465 -1.2794 8.7366 -0.16961 -1.2865 8.7365 -0.17002 -1.2914 8.7129 -0.082158 -1.2854 8.7129 -0.081794 -1.2939 8.6852 -0.031625 -1.2895 8.6851 -0.031351 -1.2928 8.6511 -0.037091 -1.2905 8.651 -0.03694 -1.2889 8.612 -0.087881 -1.2889 8.612 -0.087881 -1.2895 8.7408 -0.17068 -1.2763 8.7323 -0.16895 -1.2506 8.7921 -0.052595 -1.2617 8.7996 -0.054092 -1.2219 8.8455 0.0031708 -1.2298 8.8512 0.0020742 -1.1882 8.8895 -0.029655 -1.1923 8.8926 -0.030247 -1.1507 8.9264 -0.12848 -1.1507 8.9264 -0.12848 -1.2865 8.7397 -0.17038 -1.2793 8.7334 -0.16925 -1.2502 8.7817 -0.069642 -1.2566 8.7868 -0.070597 -1.2183 8.8242 -0.023177 -1.2231 8.8278 -0.023858 -1.1821 8.8583 -0.054 -1.1848 8.8601 -0.054357 -1.1428 8.8861 -0.14125 -1.1428 8.8861 -0.14125 -1.2882 8.7372 -0.1702 -1.2776 8.736 -0.16944 -1.2789 8.7719 -0.093021 -1.2879 8.7733 -0.093715 -1.2787 8.8044 -0.048555 -1.2852 8.8058 -0.049086 -1.2759 8.8317 -0.052923 -1.2794 8.8326 -0.053221 -1.2708 8.8546 -0.099296 -1.2708 8.8546 -0.099296 -1.2767 8.7311 -0.16884 -1.2891 8.742 -0.17079 -1.3389 8.7118 -0.040178 -1.3284 8.7024 -0.038505 -1.3843 8.6739 0.025949 -1.3768 8.667 0.027166 -1.4238 8.6252 -0.0024371 -1.4198 8.6215 -0.0017861 -1.4589 8.5683 -0.10143 -1.4589 8.5683 -0.10143 -1.2852 8.7287 -0.16908 -1.2807 8.7444 -0.17055 -1.3465 8.7725 -0.03041 -1.3509 8.7593 -0.029199 -1.4088 8.7929 0.046202 -1.4124 8.7834 0.047043 -1.4658 8.8023 0.027276 -1.468 8.7973 0.027705 -1.5185 8.8028 -0.069508 -1.5185 8.8028 -0.069508 -1.2796 8.7337 -0.16931 -1.2862 8.7394 -0.17033 -1.3155 8.7263 -0.065684 -1.3094 8.7219 -0.064834 -1.342 8.7088 0.00064254 -1.3374 8.7059 0.0012344 -1.3647 8.6846 0.0072575 -1.3621 8.6833 0.0075583 -1.3838 8.6546 -0.04016 -1.3838 8.6546 -0.04016 -2.3265 7.4345 -0.15745 -2.3208 7.4313 -0.15716 -2.3105 7.4558 -0.096862 -2.3155 7.4581 -0.097093 -2.2998 7.479 -0.063523 -2.3036 7.4803 -0.063676 -2.2884 7.5003 -0.070633 -2.2905 7.5008 -0.070707 -2.2763 7.5199 -0.11057 -2.2763 7.5199 -0.11057 -2.322 7.4369 -0.15745 -2.3253 7.4289 -0.15716 -2.2924 7.4193 -0.073942 -2.2889 7.426 -0.074168 -2.2581 7.4082 -0.031343 -2.2552 7.4128 -0.031484 -2.2221 7.3945 -0.048357 -2.2203 7.3967 -0.048419 -2.1847 7.3786 -0.11029 -2.1847 7.3786 -0.11029 -2.3277 7.4344 -0.15747 -2.3195 7.4314 -0.15713 -2.3089 7.4711 -0.081325 -2.3161 7.4732 -0.081601 -2.2977 7.5089 -0.045766 -2.303 7.5101 -0.045954 -2.2854 7.5439 -0.068784 -2.2882 7.5444 -0.068878 -2.2722 7.5768 -0.13463 -2.2722 7.5768 -0.13463 -2.3242 7.4368 -0.1575 -2.3231 7.429 -0.15711 -2.2927 7.4375 -0.085303 -2.2931 7.4442 -0.085625 -2.2613 7.4447 -0.048825 -2.2612 7.4496 -0.049049 -2.2285 7.4497 -0.06422 -2.2283 7.4523 -0.064334 -2.1946 7.4531 -0.11877 -2.1946 7.4531 -0.11877 -2.3256 7.4355 -0.15747 -2.3217 7.4303 -0.15714 -2.3003 7.4518 -0.094795 -2.3034 7.4564 -0.095085 -2.2782 7.472 -0.06413 -2.2803 7.4755 -0.064341 -2.2551 7.4903 -0.079814 -2.2561 7.4923 -0.079926 -2.231 7.5072 -0.13005 -2.231 7.5072 -0.13005 -2.3279 7.4354 -0.15752 -2.3194 7.4304 -0.15709 -2.3082 7.4589 -0.073995 -2.3151 7.4638 -0.074392 -2.2965 7.4863 -0.023407 -2.3011 7.4903 -0.023709 -2.2837 7.5117 -0.022941 -2.2859 7.5141 -0.023107 -2.2697 7.5355 -0.066668 -2.2697 7.5355 -0.066668 -2.3286 7.4343 -0.15749 -2.3187 7.4315 -0.15712 -2.3131 7.4642 -0.076749 -2.3217 7.4662 -0.077051 -2.3072 7.4954 -0.029832 -2.3135 7.4964 -0.030036 -2.3004 7.5241 -0.033868 -2.3038 7.5245 -0.033969 -2.2927 7.5506 -0.081226 -2.2927 7.5506 -0.081226 -2.3248 7.4296 -0.15718 -2.3225 7.4361 -0.15743 -2.3479 7.447 -0.093736 -2.35 7.4415 -0.093532 -2.3727 7.4562 -0.058067 -2.3744 7.4523 -0.057925 -2.3967 7.4634 -0.064622 -2.3976 7.4613 -0.064549 -2.4199 7.4688 -0.10584 -2.4199 7.4688 -0.10584 -2.3247 7.4365 -0.1575 -2.3226 7.4293 -0.15711 -2.2997 7.4396 -0.098001 -2.3008 7.446 -0.098323 -2.276 7.449 -0.06696 -2.2763 7.4537 -0.067183 -2.2511 7.4568 -0.077422 -2.251 7.4593 -0.077535 -2.2252 7.4632 -0.11999 -2.2252 7.4632 -0.11999 -2.3241 7.4352 -0.15742 -2.3232 7.4306 -0.15719 -2.3024 7.4376 -0.10983 -2.3035 7.4415 -0.11004 -2.2812 7.4436 -0.086341 -2.2821 7.4464 -0.086491 -2.2593 7.4482 -0.097749 -2.2598 7.4496 -0.097829 -2.2368 7.4516 -0.13512 -2.2368 7.4516 -0.13512 -3.7392 -9.9236 -0.057788 -3.7352 -9.9227 -0.05778 -3.7384 -9.909 -0.023039 -3.7417 -9.9102 -0.023049 -3.7417 -9.8953 -0.0035769 -3.744 -9.8964 -0.0035867 -3.7451 -9.8815 -0.0070465 -3.7462 -9.8822 -0.0070529 -3.7485 -9.8677 -0.029128 -3.7485 -9.8677 -0.029128 -3.7381 -9.9208 -0.057758 -3.7364 -9.9255 -0.057809 -3.7145 -9.9172 -0.011389 -3.7155 -9.913 -0.011344 -3.6926 -9.9084 0.012013 -3.693 -9.9053 0.012047 -3.6706 -9.899 0.0016216 -3.6707 -9.8973 0.0016395 -3.6484 -9.8893 -0.03424 -3.6484 -9.8893 -0.03424 -3.7398 -9.9242 -0.057794 -3.7347 -9.9221 -0.057774 -3.7433 -9.9022 -0.013799 -3.7475 -9.9042 -0.013818 -3.7521 -9.8822 0.0073638 -3.7551 -9.8838 0.0073481 -3.7611 -9.862 -0.0046807 -3.7626 -9.863 -0.0046899 -3.7701 -9.8417 -0.041005 -3.7701 -9.8417 -0.041005 -3.739 -9.9217 -0.057768 -3.7354 -9.9246 -0.0578 -3.7223 -9.9095 -0.017244 -3.7252 -9.9069 -0.017215 -3.7093 -9.8941 0.0032941 -3.7112 -9.892 0.0033171 -3.6963 -9.8782 -0.005569 -3.6972 -9.877 -0.005556 -3.6833 -9.8619 -0.036627 -3.6833 -9.8619 -0.036627 -3.7392 -9.9229 -0.05778 -3.7353 -9.9234 -0.057788 -3.7319 -9.9065 -0.022093 -3.7352 -9.9059 -0.022085 -3.7287 -9.8894 -0.0043458 -3.7311 -9.8887 -0.0043382 -3.7256 -9.8718 -0.012867 -3.7269 -9.8714 -0.012862 -3.7226 -9.854 -0.040972 -3.7226 -9.854 -0.040972 -3.7402 -9.9239 -0.05779 -3.7342 -9.9224 -0.057778 -3.7378 -9.9071 -0.010039 -3.7431 -9.9079 -0.010045 -3.7418 -9.8916 0.01929 -3.7456 -9.8918 0.01929 -3.746 -9.8756 0.020218 -3.748 -9.8755 0.02022 -3.7503 -9.8591 -0.0038966 -3.7503 -9.8591 -0.0038966 -3.7401 -9.9246 -0.057798 -3.7343 -9.9217 -0.05777 -3.7424 -9.9069 -0.011384 -3.7472 -9.9096 -0.011411 -3.7507 -9.892 0.016044 -3.7541 -9.8942 0.016023 -3.7591 -9.8771 0.014586 -3.7609 -9.8783 0.014574 -3.7676 -9.862 -0.011433 -3.7676 -9.862 -0.011433 -3.7364 -9.925 -0.057804 -3.738 -9.9213 -0.057764 -3.7524 -9.9282 -0.021183 -3.7512 -9.9314 -0.021217 -3.7667 -9.9352 -0.0004953 -3.7659 -9.9375 -0.00052053 -3.7811 -9.942 -0.0037476 -3.7807 -9.9433 -0.0037612 -3.7954 -9.9487 -0.026654 -3.7954 -9.9487 -0.026654 -3.7392 -9.9221 -0.057771 -3.7353 -9.9243 -0.057796 -3.7268 -9.9113 -0.024288 -3.7299 -9.9091 -0.024262 -3.7185 -9.8981 -0.0066792 -3.7205 -9.8962 -0.0066586 -3.7102 -9.8844 -0.012594 -3.7112 -9.8833 -0.012582 -3.7019 -9.8703 -0.036708 -3.7019 -9.8703 -0.036708 -3.7384 -9.9224 -0.057775 -3.7361 -9.9239 -0.057793 -3.7277 -9.9131 -0.031011 -3.7297 -9.9119 -0.030997 -3.7194 -9.9022 -0.017751 -3.7209 -9.9014 -0.017742 -3.7112 -9.891 -0.02427 -3.712 -9.8906 -0.024266 -3.7031 -9.8797 -0.045507 -3.7031 -9.8797 -0.045507 -0.68095 7.4367 -0.15436 -0.69292 7.4278 -0.1547 -0.67386 7.3981 -0.0045354 -0.6636 7.4057 -0.0042408 -0.65004 7.3654 0.088897 -0.64259 7.3708 0.089112 -0.61942 7.3274 0.094926 -0.61544 7.3303 0.095041 -0.58286 7.2849 0.024235 -0.58286 7.2849 0.024235 -0.68957 7.4262 -0.15435 -0.68429 7.4384 -0.15471 -0.74622 7.4725 -0.036136 -0.75194 7.4627 -0.035961 -0.8039 7.5021 0.017091 -0.80886 7.4957 0.01712 -0.85512 7.5259 -0.024661 -0.85817 7.5228 -0.024698 -0.9018 7.5455 -0.13546 -0.9018 7.5455 -0.13546 -0.68629 7.4375 -0.15481 -0.68757 7.427 -0.15426 -0.6463 7.4241 -0.040647 -0.64611 7.4332 -0.041193 -0.60106 7.4182 0.016771 -0.60157 7.4249 0.016325 -0.55005 7.4076 -0.0077958 -0.55067 7.4112 -0.008059 -0.49491 7.3935 -0.092896 -0.49491 7.3935 -0.092896 -0.68397 7.4336 -0.15439 -0.68989 7.431 -0.15467 -0.6811 7.4054 -0.06412 -0.67597 7.4075 -0.063869 -0.66913 7.3775 -0.012374 -0.66537 7.3789 -0.012183 -0.65267 7.3461 -0.018833 -0.65065 7.3468 -0.018727 -0.63258 7.3117 -0.072401 -0.63258 7.3117 -0.072401 -0.69447 7.434 -0.15519 -0.6794 7.4306 -0.15387 -0.6824 7.4934 -0.032543 -0.69526 7.4966 -0.033692 -0.68143 7.5527 0.025832 -0.69072 7.5552 0.024987 -0.67403 7.6064 -0.0078533 -0.67897 7.6079 -0.0083095 -0.66184 7.6562 -0.11012 -0.66184 7.6562 -0.11012 -0.69145 7.434 -0.15497 -0.68242 7.4306 -0.15409 -0.67764 7.4842 -0.050442 -0.68546 7.4868 -0.051181 -0.66922 7.5345 -0.0020126 -0.67494 7.5361 -0.0025376 -0.65512 7.5798 -0.0339 -0.65819 7.5805 -0.034174 -0.63689 7.6214 -0.12443 -0.63689 7.6214 -0.12443 -0.69168 7.431 -0.1548 -0.68218 7.4336 -0.15426 -0.69794 7.4654 -0.074283 -0.7062 7.4635 -0.074783 -0.71172 7.4951 -0.027497 -0.71779 7.4941 -0.027884 -0.72204 7.5218 -0.031456 -0.72532 7.5214 -0.031675 -0.72937 7.5459 -0.079061 -0.72937 7.5459 -0.079061 -0.67916 7.4293 -0.15377 -0.6947 7.4352 -0.15529 -0.71962 7.3868 -0.019696 -0.70635 7.3817 -0.018395 -0.73886 7.334 0.048853 -0.72926 7.3302 0.049799 -0.75041 7.2749 0.01916 -0.7453 7.2728 0.019667 -0.75621 7.2111 -0.083925 -0.75621 7.2111 -0.083925 -0.68521 7.4241 -0.1539 -0.68865 7.4404 -0.15516 -0.7537 7.441 -0.00804 -0.75129 7.4269 -0.0069981 -0.81385 7.4366 0.073044 -0.81249 7.4265 0.073772 -0.86673 7.4258 0.054834 -0.86622 7.4203 0.055208 -0.91379 7.4095 -0.044291 -0.91379 7.4095 -0.044291 -0.68284 7.4307 -0.15413 -0.69102 7.4338 -0.15493 -0.70712 7.4092 -0.046261 -0.69997 7.4071 -0.045606 -0.71982 7.3821 0.02257 -0.71457 7.3811 0.023022 -0.72766 7.3513 0.029336 -0.72484 7.351 0.029564 -0.73114 7.3173 -0.020056 -0.73114 7.3173 -0.020056 3.5398 5.7507 -0.12625 3.5344 5.75 -0.12601 3.5397 5.7257 -0.08641 3.5444 5.726 -0.086643 3.5441 5.703 -0.06942 3.5475 5.703 -0.069608 3.5469 5.6828 -0.085088 3.5487 5.6827 -0.085198 3.5485 5.6643 -0.12397 3.5485 5.6643 -0.12397 3.5357 5.7515 -0.12597 3.5385 5.7493 -0.12629 3.5515 5.7598 -0.080771 3.549 5.7615 -0.0805 3.5633 5.7719 -0.054623 3.5614 5.773 -0.054432 3.5734 5.7863 -0.057715 3.5723 5.7868 -0.057616 3.582 5.8025 -0.084912 3.582 5.8025 -0.084912 3.5352 5.7496 -0.12609 3.539 5.7512 -0.12617 3.5332 5.7667 -0.070655 3.53 5.7653 -0.070591 3.526 5.7839 -0.038858 3.5237 5.7829 -0.038814 3.5168 5.8039 -0.04264 3.5155 5.8034 -0.042618 3.5059 5.8261 -0.075228 3.5059 5.8261 -0.075228 3.5393 5.7512 -0.12619 3.5349 5.7495 -0.12608 3.5436 5.7298 -0.092273 3.5475 5.7308 -0.092409 3.5515 5.7115 -0.077945 3.5544 5.7119 -0.078073 3.5581 5.6953 -0.091723 3.5596 5.6953 -0.091806 3.5636 5.6804 -0.12542 3.5636 5.6804 -0.12542 3.5374 5.7484 -0.1263 3.5368 5.7524 -0.12596 3.5253 5.7468 -0.083871 3.5261 5.7435 -0.084175 3.5131 5.7424 -0.057655 3.5139 5.74 -0.057882 3.4997 5.7398 -0.055985 3.5002 5.7386 -0.056109 3.4852 5.7388 -0.076141 3.4852 5.7388 -0.076141 3.5358 5.7526 -0.12589 3.5384 5.7481 -0.12638 3.5643 5.7577 -0.074412 3.5625 5.7617 -0.073998 3.5887 5.7697 -0.050793 3.5876 5.7727 -0.050499 3.6109 5.7851 -0.068164 3.6105 5.7868 -0.068011 3.6317 5.803 -0.11472 3.6317 5.803 -0.11472 3.5401 5.7502 -0.12631 3.5341 5.7505 -0.12596 3.5359 5.7237 -0.079604 3.5411 5.7232 -0.079922 3.5367 5.6988 -0.057923 3.5404 5.6983 -0.058166 3.5357 5.6766 -0.072252 3.5377 5.6762 -0.072388 3.5333 5.6563 -0.1132 3.5333 5.6563 -0.1132 3.5383 5.7485 -0.12634 3.5359 5.7523 -0.12592 3.5262 5.7412 -0.084312 3.5279 5.7379 -0.084673 3.5156 5.7313 -0.05918 3.5167 5.7287 -0.059439 3.5036 5.7231 -0.059323 3.5041 5.7217 -0.059459 3.4903 5.7166 -0.081434 3.4903 5.7166 -0.081434 3.534 5.7519 -0.12585 3.5402 5.7489 -0.12642 3.5542 5.7683 -0.068822 3.5491 5.7711 -0.068325 3.5665 5.7901 -0.03937 3.5629 5.7923 -0.039001 3.5764 5.8153 -0.051205 3.5745 5.8165 -0.051004 3.5845 5.8431 -0.094026 3.5845 5.8431 -0.094026 3.5356 5.7515 -0.12597 3.5386 5.7493 -0.1263 3.5514 5.7592 -0.076689 3.549 5.7613 -0.076398 3.563 5.7708 -0.046626 3.5614 5.7724 -0.046412 3.573 5.7849 -0.046543 3.5722 5.7858 -0.046428 3.5816 5.8011 -0.072413 3.5816 5.8011 -0.072413 0.25521 0.30776 -0.094213 0.2674 0.30073 -0.094233 0.28289 0.32919 0.039737 0.27245 0.33523 0.039755 0.29953 0.3611 0.12261 0.29197 0.36548 0.12262 0.31848 0.39798 0.12677 0.31445 0.40033 0.12677 0.3395 0.43924 0.061834 0.3395 0.43924 0.061834 0.26743 0.30399 -0.094033 0.25518 0.3045 -0.094412 0.25096 0.24634 0.014201 0.26134 0.24469 0.014448 0.24929 0.1914 0.063986 0.25664 0.18935 0.064108 0.25076 0.1412 0.028263 0.25453 0.13966 0.028296 0.25441 0.09428 -0.069616 0.25441 0.09428 -0.069616 0.25671 0.30314 -0.094444 0.2659 0.30535 -0.094001 0.25057 0.34275 0.0067069 0.24295 0.34008 0.0062888 0.23656 0.38291 0.056828 0.23127 0.38042 0.0565 0.22487 0.42722 0.033137 0.22221 0.42561 0.032949 0.21499 0.47447 -0.04505 0.21499 0.47447 -0.04505 0.25903 0.30626 -0.094176 0.26357 0.30223 -0.09427 0.28036 0.31957 -0.01347 0.27655 0.32311 -0.013382 0.29814 0.33925 0.03238 0.29544 0.34188 0.03245 0.31758 0.36227 0.025813 0.31617 0.3637 0.025853 0.33838 0.38798 -0.023178 0.33838 0.38798 -0.023178 0.26297 0.29756 -0.094574 0.25964 0.31093 -0.093871 0.20768 0.29201 0.015671 0.21026 0.28049 0.015057 0.15769 0.2759 0.068552 0.15937 0.26751 0.068097 0.11048 0.26445 0.03855 0.11127 0.25996 0.038302 0.065277 0.25647 -0.053198 0.065277 0.25647 -0.053198 0.26173 0.30003 -0.094465 0.26087 0.30846 -0.09398 0.21358 0.29832 -0.00062048 0.21461 0.29112 -0.0010242 0.16808 0.29082 0.04303 0.16904 0.28563 0.042746 0.12513 0.2875 0.014366 0.12576 0.28475 0.01422 0.084099 0.28725 -0.067095 0.084099 0.28725 -0.067095 0.26431 0.30076 -0.094334 0.2583 0.30773 -0.094111 0.23762 0.28699 -0.021567 0.24248 0.2808 -0.021782 0.21814 0.2677 0.021104 0.22145 0.26305 0.020932 0.20025 0.25091 0.018092 0.2019 0.24834 0.017992 0.18367 0.23627 -0.024213 0.18367 0.23627 -0.024213 0.26059 0.31152 -0.093804 0.26202 0.29697 -0.094642 0.31096 0.29499 0.027418 0.30984 0.30745 0.02814 0.3619 0.29734 0.089084 0.36116 0.30639 0.08961 0.41579 0.30549 0.062273 0.41544 0.31032 0.062555 0.47192 0.31797 -0.030636 0.47192 0.31797 -0.030636 0.26735 0.30819 -0.09378 0.25526 0.3003 -0.094665 0.27982 0.25068 0.03938 0.29045 0.25702 0.040122 0.30702 0.20494 0.11395 0.31491 0.20922 0.11448 0.33764 0.1647 0.099119 0.34194 0.16682 0.099392 0.37106 0.12887 0.011424 0.37106 0.12887 0.011424 0.26091 0.30807 -0.094003 0.2617 0.30042 -0.094442 0.28763 0.29761 0.003384 0.2864 0.30409 0.0037374 0.31458 0.29733 0.065325 0.31329 0.30194 0.065563 0.34317 0.30063 0.071373 0.34228 0.30303 0.07149 0.37321 0.30711 0.026848 0.37321 0.30711 0.026848 1.2088 7.4859 -0.14958 1.1942 7.4843 -0.14972 1.1991 7.4388 -0.029479 1.2116 7.4401 -0.029357 1.2049 7.3944 0.043511 1.214 7.3954 0.043599 1.2117 7.3518 0.04371 1.2165 7.3523 0.043756 1.2192 7.3108 -0.019986 1.2192 7.3108 -0.019986 1.1962 7.4816 -0.14977 1.2068 7.4887 -0.14953 1.1749 7.5294 -0.045354 1.1652 7.5244 -0.045544 1.1427 7.5714 0.0044097 1.1353 7.5686 0.0042893 1.1105 7.6155 -0.024888 1.1064 7.6145 -0.024942 1.0784 7.6614 -0.11164 1.0784 7.6614 -0.11164 1.2047 7.4889 -0.14954 1.1984 7.4814 -0.14976 1.2345 7.4503 -0.05913 1.2392 7.4572 -0.05893 1.271 7.4208 -0.015238 1.2739 7.4261 -0.015089 1.308 7.3934 -0.039578 1.3093 7.3963 -0.039497 1.3451 7.3674 -0.11429 1.3451 7.3674 -0.11429 1.2047 7.4848 -0.14963 1.1984 7.4854 -0.14967 1.1952 7.4533 -0.077541 1.2005 7.4526 -0.077518 1.1924 7.4218 -0.037745 1.1963 7.4213 -0.037731 1.1902 7.3915 -0.046431 1.1923 7.3911 -0.046424 1.1884 7.362 -0.094357 1.1884 7.362 -0.094357 1.196 7.4897 -0.14958 1.207 7.4806 -0.14972 1.2393 7.5177 -0.045044 1.2301 7.5258 -0.044917 1.2715 7.5566 0.0072707 1.265 7.5626 0.0073678 1.3041 7.5977 -0.017038 1.3007 7.601 -0.016983 1.3369 7.6405 -0.098426 1.3369 7.6405 -0.098426 1.1986 7.4884 -0.14959 1.2045 7.4819 -0.14971 1.2382 7.5104 -0.060769 1.2329 7.5158 -0.060678 1.2719 7.5403 -0.017782 1.2679 7.5441 -0.01772 1.3059 7.5719 -0.041664 1.3037 7.5738 -0.041634 1.34 7.6047 -0.11437 1.34 7.6047 -0.11437 1.1969 7.4862 -0.14966 1.2062 7.4841 -0.14964 1.211 7.5071 -0.080442 1.2031 7.5093 -0.080445 1.2156 7.531 -0.03885 1.21 7.5329 -0.038846 1.2203 7.5562 -0.039491 1.2174 7.5573 -0.039485 1.2251 7.5824 -0.076454 1.2251 7.5824 -0.076454 1.2066 7.4795 -0.14975 1.1965 7.4908 -0.14955 1.1545 7.4512 -0.039792 1.1631 7.4415 -0.039965 1.1133 7.4124 0.014066 1.1195 7.4053 0.013939 1.073 7.3753 -0.01393 1.0762 7.3715 -0.013998 1.0333 7.3394 -0.10308 1.0333 7.3394 -0.10308 1.1989 7.4781 -0.14984 1.2042 7.4921 -0.14946 1.1534 7.5059 -0.024021 1.1484 7.494 -0.024342 1.1027 7.5203 0.046369 1.0987 7.5119 0.046138 1.0522 7.5364 0.034045 1.0499 7.532 0.033922 1.0019 7.554 -0.045678 1.0019 7.554 -0.045678 1.2042 7.4822 -0.1497 1.1988 7.4881 -0.1496 1.1756 7.4655 -0.060858 1.1806 7.4608 -0.060935 1.153 7.4435 -0.0053207 1.1569 7.4404 -0.0053666 1.131 7.4228 -0.0014752 1.1332 7.4213 -0.0014945 1.1096 7.4032 -0.044395 1.1096 7.4032 -0.044395 -2.833 1.5938 -0.093949 -2.8405 1.5956 -0.094417 -2.8516 1.5713 -0.020802 -2.845 1.5703 -0.020411 -2.8605 1.5461 0.020478 -2.8556 1.5458 0.020753 -2.8665 1.5197 0.013205 -2.8639 1.5198 0.013345 -2.8701 1.4924 -0.03348 -2.8701 1.4924 -0.03348 -2.8374 1.59 -0.094084 -2.8361 1.5995 -0.094282 -2.886 1.6066 0.0012826 -2.888 1.5986 0.0014025 -2.9336 1.6119 0.048089 -2.9356 1.6063 0.04814 -2.9776 1.615 0.023308 -2.9789 1.6121 0.023315 -3.0189 1.6165 -0.055436 -3.0189 1.6165 -0.055436 -2.8315 1.5943 -0.093884 -2.8419 1.5951 -0.094483 -2.8504 1.5558 -0.00081947 -2.8415 1.5555 -0.00031797 -2.8558 1.5152 0.044559 -2.8493 1.5153 0.044913 -2.857 1.4727 0.019624 -2.8535 1.473 0.019808 -2.8551 1.429 -0.056722 -2.8551 1.429 -0.056722 -2.8349 1.5907 -0.093971 -2.8385 1.5987 -0.094396 -2.8789 1.5865 -0.010388 -2.8764 1.5795 -0.010051 -2.917 1.5728 0.031235 -2.9156 1.5675 0.031458 -2.9517 1.5569 0.010588 -2.9512 1.5541 0.010695 -2.984 1.5396 -0.057071 -2.984 1.5396 -0.057071 -2.8336 1.5925 -0.093953 -2.8398 1.5969 -0.094414 -2.8648 1.5728 -0.019609 -2.8598 1.5688 -0.01922 -2.8875 1.5474 0.017205 -2.884 1.5443 0.017482 -2.907 1.5201 -0.0016048 -2.9053 1.5184 -0.0014606 -2.9243 1.4915 -0.061889 -2.9243 1.4915 -0.061889 -2.831 1.5933 -0.093828 -2.8425 1.5961 -0.094538 -2.8557 1.5691 0.0066226 -2.8462 1.5658 0.0072387 -2.8664 1.5405 0.068831 -2.8598 1.5375 0.069279 -2.8736 1.5099 0.070908 -2.8703 1.508 0.071146 -2.8778 1.4774 0.01996 -2.8778 1.4774 0.01996 -2.8305 1.5946 -0.093839 -2.8429 1.5948 -0.094528 -2.8482 1.5646 0.0042953 -2.8376 1.565 0.0048694 -2.8506 1.5334 0.063001 -2.843 1.5341 0.063404 -2.8494 1.5007 0.060547 -2.8453 1.5012 0.060755 -2.8451 1.4667 0.0060869 -2.8451 1.4667 0.0060869 -2.8364 1.5985 -0.094272 -2.8371 1.5909 -0.094094 -2.8113 1.5915 -0.014796 -2.8105 1.5979 -0.014935 -2.7837 1.5914 0.030842 -2.7829 1.5961 0.030752 -2.7531 1.5902 0.025782 -2.7526 1.5926 0.025739 -2.7201 1.5879 -0.020897 -2.7201 1.5879 -0.020897 -2.8344 1.5911 -0.093957 -2.839 1.5983 -0.09441 -2.8688 1.5853 -0.024732 -2.8656 1.5788 -0.024374 -2.8967 1.5709 0.011281 -2.8949 1.5661 0.011515 -2.922 1.5549 -0.0025286 -2.9213 1.5522 -0.0024187 -2.9454 1.5374 -0.054893 -2.9454 1.5374 -0.054893 -2.8355 1.5924 -0.09405 -2.838 1.597 -0.094316 -2.865 1.5873 -0.038832 -2.8626 1.5835 -0.038594 -2.8902 1.5767 -0.01197 -2.8883 1.574 -0.01179 -2.913 1.5647 -0.026986 -2.9119 1.5634 -0.026887 -2.9339 1.5519 -0.073162 -2.9339 1.5519 -0.073162 -0.14907 -9.438 -0.058724 -0.14938 -9.4479 -0.058597 -0.1093 -9.4473 0.023589 -0.10903 -9.4389 0.023479 -0.072613 -9.4466 0.072482 -0.072407 -9.4405 0.072402 -0.041145 -9.4462 0.0701 -0.041035 -9.4429 0.070056 -0.014267 -9.446 0.02271 -0.014267 -9.446 0.02271 -0.14721 -9.4468 -0.058829 -0.15125 -9.4391 -0.058491 -0.17812 -9.455 0.01797 -0.17549 -9.4619 0.017769 -0.20893 -9.4717 0.056121 -0.20766 -9.4769 0.056042 -0.24564 -9.4893 0.038611 -0.2453 -9.4922 0.038605 -0.28679 -9.5075 -0.019335 -0.28679 -9.5075 -0.019335 -0.15161 -9.4405 -0.058441 -0.14685 -9.4454 -0.05888 -0.11576 -9.4231 0.0025444 -0.12027 -9.4193 0.0029679 -0.088398 -9.401 0.031073 -0.091946 -9.3985 0.031412 -0.066223 -9.3793 0.011567 -0.068249 -9.3782 0.011763 -0.047924 -9.3581 -0.043394 -0.047924 -9.3581 -0.043394 -0.1487 -9.4409 -0.058734 -0.14976 -9.445 -0.058586 -0.12283 -9.4492 -0.0094267 -0.12184 -9.4457 -0.0095619 -0.098152 -9.4535 0.016954 -0.097374 -9.4509 0.01685 -0.076908 -9.4579 0.0091802 -0.076458 -9.4566 0.0091215 -0.058426 -9.4626 -0.026238 -0.058426 -9.4626 -0.026238 -0.15307 -9.4462 -0.058236 -0.14538 -9.4397 -0.059084 -0.16328 -9.4132 0.016141 -0.17 -9.4186 0.01688 -0.18533 -9.3874 0.054523 -0.1903 -9.3912 0.055067 -0.21315 -9.3621 0.03896 -0.21586 -9.3641 0.039255 -0.2453 -9.3374 -0.016787 -0.2453 -9.3374 -0.016787 -0.15188 -9.4446 -0.058373 -0.14658 -9.4413 -0.058947 -0.15896 -9.4149 0.004662 -0.16338 -9.4179 0.0051421 -0.17486 -9.389 0.035928 -0.17797 -9.3913 0.036267 -0.19567 -9.3637 0.020106 -0.19727 -9.365 0.020282 -0.22004 -9.3389 -0.030097 -0.22004 -9.3389 -0.030097 -0.15046 -9.4459 -0.058505 -0.14799 -9.4399 -0.058816 -0.16036 -9.4336 -0.0088113 -0.16273 -9.4386 -0.0085201 -0.1749 -9.4277 0.021767 -0.1768 -9.4312 0.021996 -0.19264 -9.4221 0.022615 -0.19375 -9.424 0.022747 -0.21315 -9.4169 -0.0021051 -0.21315 -9.4169 -0.0021051 -0.14465 -9.4401 -0.059155 -0.1538 -9.4458 -0.058165 -0.12329 -9.476 0.017974 -0.11541 -9.4712 0.017123 -0.096371 -9.5063 0.054702 -0.090626 -9.5029 0.054082 -0.075073 -9.5371 0.033753 -0.071991 -9.5352 0.033421 -0.057968 -9.5681 -0.030285 -0.057968 -9.5681 -0.030285 -0.14444 -9.4454 -0.059126 -0.15401 -9.4405 -0.058195 -0.16204 -9.4712 0.032173 -0.15402 -9.4757 0.031397 -0.17363 -9.5026 0.083742 -0.16795 -9.5061 0.083195 -0.19098 -9.5349 0.077041 -0.18803 -9.5368 0.076759 -0.21307 -9.5678 0.022866 -0.21307 -9.5678 0.022866 -0.14683 -9.4414 -0.05892 -0.15163 -9.4444 -0.058401 -0.13269 -9.4608 0.0034503 -0.12882 -9.4579 0.0030274 -0.11597 -9.4772 0.041898 -0.11337 -9.4749 0.041609 -0.10295 -9.4938 0.04393 -0.10167 -9.4924 0.043787 -0.093311 -9.5104 0.013023 -0.093311 -9.5104 0.013023 -3.3178 4.2894 -0.11979 -3.3147 4.2874 -0.1201 -3.3055 4.2984 -0.092315 -3.3081 4.3003 -0.092046 -3.2973 4.3105 -0.079443 -3.2991 4.312 -0.079245 -3.2904 4.3241 -0.088127 -3.2912 4.325 -0.08802 -3.2843 4.3389 -0.11213 -3.2843 4.3389 -0.11213 -3.316 4.2872 -0.12004 -3.3165 4.2896 -0.11985 -3.3264 4.2846 -0.089668 -3.3258 4.2826 -0.089832 -3.3369 4.2804 -0.072303 -3.3364 4.279 -0.072424 -3.3485 4.2774 -0.074268 -3.3482 4.2767 -0.074335 -3.3609 4.2754 -0.092169 -3.3609 4.2754 -0.092169 -3.3149 4.288 -0.12005 -3.3175 4.2888 -0.11985 -3.3197 4.272 -0.085214 -3.3174 4.2714 -0.085383 -3.3225 4.2562 -0.066265 -3.3209 4.2558 -0.066386 -3.3267 4.242 -0.070829 -3.3258 4.2418 -0.070893 -3.3318 4.229 -0.09443 -3.3318 4.229 -0.09443 -3.3177 4.2889 -0.11983 -3.3147 4.2879 -0.12007 -3.3095 4.2985 -0.096025 -3.312 4.2997 -0.095808 -3.3051 4.3101 -0.084826 -3.3068 4.3111 -0.084661 -3.3018 4.323 -0.092175 -3.3026 4.3237 -0.092084 -3.2992 4.337 -0.11267 -3.2992 4.337 -0.11267 -3.3155 4.2896 -0.11991 -3.3169 4.2872 -0.11999 -3.3073 4.2806 -0.093318 -3.3063 4.2828 -0.093235 -3.2983 4.2749 -0.077118 -3.2977 4.2765 -0.077045 -3.2902 4.2703 -0.07712 -3.2899 4.2712 -0.077075 -3.283 4.2668 -0.091528 -3.283 4.2668 -0.091528 -3.3165 4.2866 -0.12005 -3.3159 4.2901 -0.11985 -3.3318 4.2906 -0.084202 -3.3326 4.2876 -0.084353 -3.3489 4.2921 -0.067305 -3.3497 4.29 -0.067401 -3.3676 4.2953 -0.077498 -3.3681 4.2942 -0.077541 -3.3876 4.2998 -0.10697 -3.3876 4.2998 -0.10697 -3.3177 4.2898 -0.11977 -3.3147 4.287 -0.12012 -3.3025 4.297 -0.088118 -3.3049 4.2995 -0.087816 -3.2913 4.3083 -0.072386 -3.293 4.3102 -0.072166 -3.2815 4.3213 -0.080426 -3.2823 4.3223 -0.080308 -3.2727 4.3355 -0.10604 -3.2727 4.3355 -0.10604 -3.316 4.2899 -0.11986 -3.3165 4.2868 -0.12004 -3.3053 4.284 -0.093179 -3.3047 4.2866 -0.09304 -3.2947 4.282 -0.077192 -3.2942 4.2839 -0.0771 -3.285 4.2812 -0.077898 -3.2846 4.2822 -0.077854 -3.276 4.2814 -0.093117 -3.276 4.2814 -0.093117 -3.3153 4.2862 -0.12014 -3.3172 4.2905 -0.11975 -3.3311 4.28 -0.082165 -3.3297 4.2762 -0.082493 -3.3461 4.2704 -0.063208 -3.3452 4.2677 -0.063442 -3.3626 4.2625 -0.071553 -3.3622 4.261 -0.071675 -3.3803 4.2559 -0.10039 -3.3803 4.2559 -0.10039 -3.316 4.2871 -0.12004 -3.3165 4.2896 -0.11985 -3.3259 4.2844 -0.086985 -3.3256 4.2823 -0.087145 -3.3361 4.28 -0.067055 -3.3359 4.2784 -0.067166 -3.3474 4.2768 -0.066944 -3.3474 4.2759 -0.067001 -3.3597 4.2746 -0.083988 -3.3597 4.2746 -0.083988 0.4328 -5.9387 -0.059409 0.43197 -5.9442 -0.059399 0.45439 -5.9468 -0.0086266 0.45462 -5.942 -0.0086249 0.47627 -5.949 0.019536 0.47609 -5.9456 0.019544 0.49732 -5.9511 0.013762 0.49703 -5.9493 0.01377 0.51763 -5.953 -0.019555 0.51763 -5.953 -0.019555 0.43618 -5.9415 -0.059479 0.42859 -5.9415 -0.059329 0.43027 -5.9734 0.0092122 0.43674 -5.9741 0.0090832 0.43164 -6.0056 0.043672 0.43627 -6.0064 0.043579 0.43221 -6.0378 0.028105 0.43462 -6.0385 0.028056 0.43212 -6.0703 -0.025167 0.43212 -6.0703 -0.025167 0.43229 -5.9377 -0.059397 0.43248 -5.9452 -0.059411 0.46709 -5.9437 0.0046963 0.46656 -5.9374 0.0047152 0.50093 -5.9419 0.035042 0.50027 -5.9373 0.035061 0.53364 -5.9398 0.016242 0.53315 -5.9373 0.016255 0.56548 -5.9375 -0.038491 0.56548 -5.9375 -0.038491 0.43537 -5.9398 -0.059461 0.4294 -5.9431 -0.059347 0.44506 -5.967 0.00013264 0.45039 -5.9646 3.0189e-05 0.46048 -5.9909 0.029974 0.46447 -5.9894 0.029897 0.47527 -6.0147 0.01629 0.47746 -6.0141 0.016247 0.4896 -6.0386 -0.030252 0.4896 -6.0386 -0.030252 0.43383 -5.9391 -0.059429 0.43094 -5.9438 -0.059378 0.45438 -5.9562 -0.0072716 0.4571 -5.9522 -0.0073205 0.47749 -5.9683 0.018266 0.47964 -5.9656 0.018226 0.5 -5.9803 0.0049174 0.50124 -5.9789 0.0048946 0.5221 -5.9922 -0.037424 0.5221 -5.9922 -0.037424 0.43301 -5.9373 -0.059411 0.43176 -5.9456 -0.059397 0.45734 -5.9484 0.010531 0.45914 -5.9414 0.010504 0.48265 -5.9507 0.053204 0.48446 -5.9458 0.053175 0.50743 -5.9529 0.053831 0.50866 -5.9503 0.05381 0.53179 -5.9549 0.017383 0.53179 -5.9549 0.017383 0.43196 -5.9371 -0.05939 0.43281 -5.9459 -0.059418 0.46012 -5.9427 0.0084842 0.45896 -5.9353 0.0085171 0.48672 -5.9392 0.048333 0.48556 -5.9338 0.048363 0.51228 -5.9354 0.045433 0.5115 -5.9326 0.045452 0.53692 -5.9314 0.0061857 0.53692 -5.9314 0.0061857 0.42937 -5.9416 -0.059344 0.43539 -5.9413 -0.059463 0.43522 -5.9201 -0.005175 0.43006 -5.9201 -0.0050728 0.4343 -5.8987 0.025597 0.43055 -5.8986 0.025672 0.43251 -5.8773 0.02094 0.43051 -5.8771 0.02098 0.43002 -5.8557 -0.012803 0.43002 -5.8557 -0.012803 0.43499 -5.9395 -0.059453 0.42978 -5.9434 -0.059355 0.44472 -5.9604 -0.010255 0.44953 -5.9575 -0.010347 0.45955 -5.9772 0.015299 0.46325 -5.9755 0.015228 0.47395 -5.9941 0.0060274 0.47601 -5.9934 0.0059875 0.48803 -6.0111 -0.03019 0.48803 -6.0111 -0.03019 0.4341 -5.9404 -0.059437 0.43067 -5.9425 -0.059371 0.44234 -5.9584 -0.020133 0.44517 -5.9564 -0.020186 0.45375 -5.9741 -0.0009117 0.45571 -5.9726 -0.00094841 0.46463 -5.9897 -0.010967 0.46563 -5.9888 -0.010986 0.47509 -6.0051 -0.042807 0.47509 -6.0051 -0.042807 -4.0687 -0.41352 -0.081055 -4.0611 -0.41494 -0.080695 -4.0596 -0.38652 -0.01336 -4.066 -0.3853 -0.013669 -4.0576 -0.36077 0.0269 -4.0622 -0.35988 0.026676 -4.0546 -0.33923 0.025474 -4.0571 -0.33875 0.025354 -4.0507 -0.32138 -0.012542 -4.0507 -0.32138 -0.012542 -4.0617 -0.41333 -0.080876 -4.0681 -0.41514 -0.080874 -4.0607 -0.43457 -0.01885 -4.055 -0.43363 -0.018785 -4.052 -0.45725 0.012045 -4.0478 -0.45703 0.012141 -4.0418 -0.48472 -0.0023001 -4.0396 -0.48485 -0.0022242 -4.0305 -0.51578 -0.049513 -4.0305 -0.51578 -0.049513 -4.0671 -0.41556 -0.080802 -4.0628 -0.41291 -0.080948 -4.0783 -0.3882 -0.031188 -4.0818 -0.3908 -0.03102 -4.0933 -0.36643 -0.0081762 -4.0956 -0.36855 -0.008025 -4.1072 -0.34883 -0.024214 -4.1082 -0.35008 -0.024119 -4.1201 -0.33436 -0.069074 -4.1201 -0.33436 -0.069074 -4.0665 -0.41362 -0.080981 -4.0634 -0.41485 -0.080769 -4.0586 -0.39638 -0.040323 -4.0612 -0.39528 -0.04051 -4.0535 -0.37973 -0.018397 -4.0554 -0.37888 -0.018536 -4.0476 -0.36584 -0.024235 -4.0486 -0.36537 -0.024311 -4.0412 -0.35419 -0.052546 -4.0412 -0.35419 -0.052546 -4.0628 -0.41726 -0.080508 -4.067 -0.41121 -0.081242 -4.0912 -0.41931 -0.021201 -4.0878 -0.42456 -0.020569 -4.1145 -0.43076 0.0088921 -4.1121 -0.43462 0.0093531 -4.1364 -0.44687 -0.0048662 -4.1352 -0.44895 -0.0046189 -4.1573 -0.46645 -0.051291 -4.1573 -0.46645 -0.051291 -4.0639 -0.41625 -0.080642 -4.0659 -0.41222 -0.081108 -4.0892 -0.4167 -0.030399 -4.0874 -0.42008 -0.030003 -4.1116 -0.42402 -0.0059801 -4.1102 -0.42643 -0.0056946 -4.1328 -0.43533 -0.019834 -4.132 -0.43658 -0.019683 -4.1531 -0.44953 -0.061632 -4.1531 -0.44953 -0.061632 -4.0627 -0.41545 -0.080689 -4.0671 -0.41302 -0.08106 -4.0746 -0.42011 -0.040858 -4.071 -0.42235 -0.040527 -4.0815 -0.42897 -0.016443 -4.0789 -0.43071 -0.016194 -4.0876 -0.44041 -0.016194 -4.0863 -0.44139 -0.016056 -4.0931 -0.45409 -0.036729 -4.0931 -0.45409 -0.036729 -4.0666 -0.41076 -0.081276 -4.0632 -0.41771 -0.080473 -4.0388 -0.39967 -0.017384 -4.0417 -0.3937 -0.018073 -4.0136 -0.38456 0.013669 -4.0156 -0.38022 0.013169 -3.9872 -0.37403 -0.0021604 -3.9882 -0.3717 -0.0024273 -3.9598 -0.36691 -0.053014 -3.9598 -0.36691 -0.053014 -4.0625 -0.41127 -0.081109 -4.0673 -0.4172 -0.080641 -4.0469 -0.42542 -0.0066279 -4.0426 -0.42049 -0.0070063 -4.0252 -0.4366 0.035862 -4.022 -0.43315 0.035604 -4.002 -0.45251 0.030996 -4.0002 -0.45073 0.030868 -3.9776 -0.47229 -0.012453 -3.9776 -0.47229 -0.012453 -4.0658 -0.41241 -0.081086 -4.064 -0.41606 -0.080664 -4.0511 -0.4044 -0.029727 -4.0529 -0.40141 -0.030084 -4.0377 -0.39454 0.0021818 -4.0392 -0.39248 0.0019291 -4.0237 -0.38765 0.0044858 -4.0246 -0.38661 0.0043548 -4.009 -0.38347 -0.019991 -4.009 -0.38347 -0.019991 0.95529 6.2824 -0.13739 0.95322 6.2768 -0.13695 0.97856 6.2726 -0.081045 0.97984 6.2775 -0.081398 1.0023 6.2673 -0.050249 1.0029 6.271 -0.050487 1.0237 6.2601 -0.057122 1.0238 6.2621 -0.057238 1.0431 6.2514 -0.094564 1.0431 6.2514 -0.094564 0.95824 6.2787 -0.13736 0.95027 6.2804 -0.13698 0.94827 6.2511 -0.058585 0.95493 6.249 -0.058872 0.94432 6.2194 -0.018014 0.94898 6.2174 -0.018189 0.93715 6.1843 -0.032952 0.93953 6.183 -0.033026 0.92751 6.1466 -0.089718 0.92751 6.1466 -0.089718 0.95497 6.2835 -0.13743 0.95354 6.2756 -0.13691 0.99318 6.2739 -0.066847 0.99401 6.2807 -0.067276 1.0305 6.2704 -0.034275 1.0308 6.2754 -0.034571 1.0644 6.2642 -0.056255 1.0645 6.2668 -0.056404 1.0958 6.2559 -0.11812 1.0958 6.2559 -0.11812 0.95775 6.2807 -0.13744 0.95076 6.2785 -0.1369 0.96476 6.2539 -0.069565 0.97089 6.2553 -0.070013 0.97715 6.2275 -0.035138 0.98166 6.2282 -0.035448 0.98685 6.1983 -0.049017 0.98928 6.1985 -0.049174 0.99452 6.1669 -0.099358 0.99452 6.1669 -0.099358 0.95629 6.2818 -0.13741 0.95222 6.2774 -0.13693 0.97656 6.2628 -0.078852 0.98028 6.2663 -0.079273 0.99938 6.2467 -0.050285 1.0022 6.2491 -0.050591 1.0198 6.2282 -0.064882 1.0214 6.2294 -0.065045 1.0384 6.208 -0.11166 1.0384 6.208 -0.11166 0.95583 6.2838 -0.1375 0.95268 6.2753 -0.13684 0.9822 6.2715 -0.059743 0.98562 6.2785 -0.060339 1.0103 6.2664 -0.012929 1.0132 6.2712 -0.013377 1.0358 6.2587 -0.012798 1.0377 6.2611 -0.013044 1.0593 6.2488 -0.053827 1.0593 6.2488 -0.053827 0.95476 6.2843 -0.13746 0.95375 6.2749 -0.13688 0.98626 6.2767 -0.06251 0.98666 6.2848 -0.062986 1.0168 6.2773 -0.019301 1.0168 6.2832 -0.019627 1.0443 6.2755 -0.023544 1.0441 6.2786 -0.023707 1.0692 6.2716 -0.06813 1.0692 6.2716 -0.06813 0.95107 6.2801 -0.13701 0.95744 6.279 -0.13733 0.96442 6.3051 -0.078611 0.959 6.3062 -0.078344 0.96954 6.3298 -0.045981 0.96563 6.3307 -0.045796 0.97211 6.3524 -0.05267 0.97005 6.353 -0.052576 0.97262 6.3733 -0.091639 0.97262 6.3733 -0.091639 0.95742 6.2811 -0.13744 0.95109 6.2781 -0.1369 0.96537 6.2603 -0.081577 0.97105 6.2623 -0.082029 0.97846 6.2411 -0.052403 0.98271 6.242 -0.052714 0.98947 6.2195 -0.06188 0.99178 6.2198 -0.062035 0.99885 6.1961 -0.10126 0.99885 6.1961 -0.10126 0.95629 6.2803 -0.13734 0.95222 6.2788 -0.137 0.96284 6.2622 -0.092617 0.96625 6.2637 -0.092907 0.9723 6.2445 -0.070458 0.97469 6.2457 -0.070672 0.97986 6.2251 -0.080801 0.9811 6.2258 -0.080917 0.986 6.2044 -0.11533 0.986 6.2044 -0.11533 -0.54438 -8.7191 -0.060604 -0.5507 -8.725 -0.061255 -0.53945 -8.7445 0.016786 -0.53403 -8.7394 0.017344 -0.52523 -8.7633 0.064965 -0.5213 -8.7596 0.06537 -0.50671 -8.7812 0.067118 -0.50462 -8.7792 0.067335 -0.48444 -8.7985 0.028871 -0.48444 -8.7985 0.028871 -0.54877 -8.7256 -0.06109 -0.54631 -8.7185 -0.060768 -0.58254 -8.7099 0.0020181 -0.58535 -8.7157 0.0016835 -0.61601 -8.7011 0.030362 -0.61852 -8.7051 0.03008 -0.64532 -8.6916 0.0086681 -0.6469 -8.6936 0.0084989 -0.67169 -8.6817 -0.049396 -0.67169 -8.6817 -0.049396 -0.54739 -8.7191 -0.060874 -0.5477 -8.725 -0.060984 -0.525 -8.7264 -0.00089851 -0.52525 -8.7214 -0.00084948 -0.49978 -8.7272 0.029608 -0.50032 -8.7236 0.02961 -0.47087 -8.7272 0.016939 -0.47136 -8.7253 0.016922 -0.43932 -8.7267 -0.027612 -0.43932 -8.7267 -0.027612 -0.54594 -8.7211 -0.060772 -0.54914 -8.723 -0.061086 -0.54356 -8.7392 -0.014342 -0.54078 -8.7376 -0.01407 -0.53598 -8.755 0.01197 -0.53395 -8.7539 0.012168 -0.52556 -8.7704 0.007626 -0.52446 -8.7698 0.0077327 -0.51284 -8.7854 -0.021529 -0.51284 -8.7854 -0.021529 -0.5518 -8.7218 -0.061308 -0.54329 -8.7223 -0.060551 -0.54785 -8.6923 0.0054572 -0.55513 -8.6918 0.0048123 -0.54983 -8.6619 0.038307 -0.5551 -8.6614 0.037842 -0.5477 -8.6307 0.02267 -0.55051 -8.6303 0.022423 -0.54251 -8.5989 -0.029089 -0.54251 -8.5989 -0.029089 -0.55012 -8.7215 -0.061153 -0.54496 -8.7225 -0.060705 -0.54477 -8.6963 -0.0042277 -0.54922 -8.6957 -0.0046168 -0.54222 -8.6697 0.023161 -0.54547 -8.6693 0.022875 -0.53604 -8.6425 0.0082406 -0.53778 -8.6424 0.0080864 -0.5272 -8.615 -0.037572 -0.5272 -8.615 -0.037572 -0.55014 -8.7232 -0.061178 -0.54495 -8.7209 -0.06068 -0.55525 -8.7078 -0.017691 -0.55978 -8.7095 -0.018122 -0.56425 -8.6945 0.0078092 -0.56759 -8.6956 0.0074939 -0.57103 -8.6807 0.0065806 -0.57284 -8.6813 0.0064112 -0.57589 -8.6667 -0.017636 -0.57589 -8.6667 -0.017636 -0.54311 -8.7229 -0.060544 -0.55198 -8.7212 -0.061314 -0.56443 -8.7546 0.0078449 -0.55685 -8.7562 0.0085022 -0.57331 -8.7876 0.041688 -0.56782 -8.7888 0.042163 -0.57732 -8.82 0.023782 -0.5744 -8.8207 0.024034 -0.57769 -8.8519 -0.032785 -0.57769 -8.8519 -0.032785 -0.54627 -8.7264 -0.060876 -0.54882 -8.7177 -0.060982 -0.58558 -8.7287 0.015534 -0.58369 -8.7362 0.015597 -0.61918 -8.7397 0.057239 -0.61803 -8.7451 0.057265 -0.64814 -8.7501 0.046625 -0.64764 -8.7531 0.046628 -0.67336 -8.7602 -0.0066247 -0.67336 -8.7602 -0.0066247 -0.5452 -8.7225 -0.060726 -0.54988 -8.7216 -0.061132 -0.55825 -8.7403 -0.0051401 -0.5542 -8.7407 -0.0047826 -0.56451 -8.7586 0.029874 -0.56155 -8.7587 0.030139 -0.56769 -8.7764 0.032206 -0.56611 -8.7763 0.032349 -0.56812 -8.7937 0.004968 -0.56812 -8.7937 0.004968 3.5839 6.1762 -0.12888 3.579 6.1794 -0.12881 3.5689 6.1617 -0.072171 3.5733 6.1594 -0.072248 3.5585 6.1437 -0.040316 3.5619 6.1423 -0.040379 3.5474 6.1252 -0.04565 3.5493 6.1246 -0.045688 3.5358 6.1064 -0.08117 3.5358 6.1064 -0.08117 3.5798 6.1743 -0.12876 3.583 6.1812 -0.12893 3.5542 6.1958 -0.053235 3.5508 6.1902 -0.053073 3.5241 6.2097 -0.014855 3.5213 6.2058 -0.014732 3.4923 6.2226 -0.031271 3.4907 6.2207 -0.031202 3.4593 6.235 -0.088985 3.4593 6.235 -0.088985 3.585 6.1763 -0.12891 3.5778 6.1793 -0.12878 3.5669 6.1492 -0.057072 3.5732 6.147 -0.057194 3.5555 6.1186 -0.022364 3.5602 6.1172 -0.022458 3.543 6.0872 -0.041509 3.5455 6.0866 -0.041562 3.5297 6.0554 -0.10003 3.5297 6.0554 -0.10003 3.5818 6.1743 -0.1288 3.5811 6.1812 -0.12889 3.5537 6.1793 -0.062627 3.5538 6.1734 -0.062545 3.5255 6.1765 -0.028823 3.5252 6.1722 -0.028755 3.4959 6.1729 -0.042694 3.4955 6.1707 -0.042653 3.4652 6.1687 -0.092551 3.4652 6.1687 -0.092551 3.5831 6.1754 -0.12885 3.5798 6.1801 -0.12884 3.5599 6.1658 -0.070514 3.5625 6.1616 -0.070518 3.5395 6.1508 -0.041294 3.5412 6.1477 -0.04129 3.518 6.1351 -0.054668 3.5188 6.1333 -0.054663 3.4956 6.1187 -0.0998 3.4956 6.1187 -0.0998 3.5852 6.1754 -0.1289 3.5777 6.1802 -0.12879 3.5668 6.1603 -0.051038 3.5727 6.1557 -0.051117 3.5554 6.1397 -0.0031417 3.5593 6.1359 -0.0031843 3.5429 6.118 -0.0012994 3.5448 6.1158 -0.0013142 3.5293 6.0955 -0.040062 3.5293 6.0955 -0.040062 3.5858 6.1763 -0.12893 3.577 6.1793 -0.12876 3.5709 6.1553 -0.053258 3.5786 6.1531 -0.053413 3.5645 6.1308 -0.0085054 3.5702 6.1296 -0.0086244 3.5573 6.1057 -0.010599 3.5603 6.1052 -0.010666 3.5493 6.0802 -0.052526 3.5493 6.0802 -0.052526 3.5826 6.1806 -0.12891 3.5803 6.175 -0.12878 3.6027 6.1677 -0.069754 3.6049 6.1724 -0.069873 3.6247 6.1603 -0.036507 3.6263 6.1637 -0.036596 3.6458 6.1525 -0.042084 3.6468 6.1543 -0.042132 3.6663 6.1443 -0.079534 3.6663 6.1443 -0.079534 3.5822 6.1746 -0.12882 3.5807 6.181 -0.12887 3.5599 6.1764 -0.074138 3.5606 6.1707 -0.074074 3.5384 6.171 -0.045183 3.5385 6.1669 -0.045126 3.5158 6.1649 -0.05437 3.5156 6.1627 -0.054334 3.4922 6.1582 -0.093065 3.4922 6.1582 -0.093065 3.5817 6.1757 -0.12882 3.5811 6.1798 -0.12887 3.5624 6.1774 -0.085093 3.5631 6.1739 -0.085062 3.5432 6.1744 -0.063247 3.5439 6.1719 -0.063228 3.5233 6.1709 -0.073475 3.5238 6.1696 -0.073467 3.503 6.167 -0.10757 3.503 6.167 -0.10757 0.71081 -9.8482 -0.05595 0.72464 -9.8477 -0.057363 0.73576 -9.8032 0.077696 0.72391 -9.8036 0.078906 0.74089 -9.76 0.15988 0.7323 -9.7603 0.16076 0.73739 -9.7188 0.16055 0.7328 -9.7189 0.16102 0.72636 -9.6793 0.089672 0.72636 -9.6793 0.089672 0.72295 -9.8449 -0.05726 0.7125 -9.851 -0.056053 0.75081 -9.8916 0.058107 0.76031 -9.8875 0.057044 0.78363 -9.9338 0.11125 0.79082 -9.9316 0.11047 0.80795 -9.9783 0.075791 0.8119 -9.9776 0.075374 0.82612 -10.025 -0.024066 0.82612 -10.025 -0.024066 0.71449 -9.8513 -0.056246 0.72096 -9.8446 -0.057067 0.69847 -9.8119 0.047528 0.69354 -9.8182 0.048181 0.67054 -9.781 0.099773 0.66745 -9.7859 0.10021 0.63493 -9.7523 0.075575 0.63355 -9.7551 0.075783 0.59378 -9.7253 -0.0050652 0.59378 -9.7253 -0.0050652 0.71478 -9.8475 -0.056371 0.72067 -9.8485 -0.056943 0.73346 -9.8175 0.023528 0.72843 -9.8166 0.024013 0.74231 -9.7874 0.067808 0.73868 -9.7866 0.068156 0.74552 -9.7586 0.057791 0.74359 -9.7581 0.057975 0.74416 -9.7308 0.0038259 0.74416 -9.7308 0.0038259 0.72263 -9.8527 -0.057036 0.71282 -9.8432 -0.056277 0.69082 -9.876 0.06394 0.69902 -9.8844 0.063314 0.66328 -9.9108 0.12546 0.66909 -9.917 0.12503 0.62725 -9.948 0.10113 0.63027 -9.9514 0.10091 0.58487 -9.987 0.012841 0.58487 -9.987 0.012841 0.7203 -9.8513 -0.056836 0.71515 -9.8446 -0.056477 0.69073 -9.8692 0.046194 0.69537 -9.8747 0.04586 0.6614 -9.8953 0.097362 0.66493 -9.8991 0.0971 0.62472 -9.9233 0.073599 0.62668 -9.9253 0.073449 0.5827 -9.9527 -0.004877 0.5827 -9.9527 -0.004877 0.72205 -9.8493 -0.057062 0.71339 -9.8466 -0.056251 0.71456 -9.868 0.021801 0.72186 -9.8706 0.021128 0.71296 -9.8904 0.06889 0.71816 -9.8925 0.068418 0.70677 -9.9141 0.068652 0.70949 -9.9154 0.068408 0.69658 -9.939 0.027712 0.69658 -9.939 0.027712 0.71331 -9.8422 -0.056351 0.72214 -9.8537 -0.056962 0.77597 -9.8182 0.062348 0.76849 -9.8083 0.062862 0.82309 -9.7836 0.11907 0.81772 -9.7764 0.11944 0.86071 -9.751 0.084121 0.85788 -9.7472 0.084312 0.89126 -9.7198 -0.019322 0.89126 -9.7198 -0.019322 0.72068 -9.8414 -0.057116 0.71477 -9.8545 -0.056197 0.77493 -9.8705 0.080103 0.78044 -9.8595 0.079277 0.82926 -9.8874 0.1547 0.83356 -9.8796 0.15407 0.87453 -9.9064 0.13661 0.877 -9.9023 0.13626 0.91247 -9.927 0.042984 0.91247 -9.927 0.042984 0.71539 -9.8449 -0.056494 0.72006 -9.851 -0.056819 0.75284 -9.8305 0.04059 0.74842 -9.8257 0.04092 0.78152 -9.8107 0.10084 0.77802 -9.8075 0.10111 0.80405 -9.7924 0.1032 0.80205 -9.7908 0.10336 0.82103 -9.7754 0.053199 0.82103 -9.7754 0.053199 0.5146 -8.0712 -0.059195 0.52058 -8.0675 -0.058972 0.50548 -8.047 0.010004 0.50067 -8.0507 0.0098138 0.49102 -8.0264 0.048493 0.48779 -8.0293 0.048357 0.47778 -8.0053 0.041233 0.4762 -8.007 0.041162 0.46561 -7.9839 -0.0031561 0.46561 -7.9839 -0.0031561 0.51482 -8.0659 -0.059106 0.52036 -8.0728 -0.05906 0.54867 -8.048 0.034642 0.54453 -8.0416 0.034627 0.57815 -8.0221 0.082426 0.57561 -8.0171 0.082432 0.60957 -7.9947 0.062798 0.60848 -7.992 0.06281 0.64258 -7.9663 -0.0076335 0.64258 -7.9663 -0.0076335 0.51403 -8.0724 -0.05923 0.52116 -8.0662 -0.058936 0.4929 -8.0384 0.02809 0.48708 -8.0441 0.027841 0.46564 -8.0103 0.069597 0.46164 -8.0147 0.06942 0.44013 -7.9815 0.044857 0.43813 -7.9839 0.044764 0.41595 -7.9522 -0.028321 0.41595 -7.9522 -0.028321 0.51379 -8.068 -0.059167 0.5214 -8.0707 -0.058999 0.53183 -8.0394 0.02245 0.52556 -8.0365 0.022321 0.54308 -8.0072 0.063959 0.53873 -8.0047 0.063876 0.55584 -7.9738 0.046813 0.55363 -7.9723 0.046775 0.56979 -7.9395 -0.014608 0.56979 -7.9395 -0.014608 0.51422 -8.07 -0.059186 0.52097 -8.0687 -0.05898 0.51462 -8.0394 0.012217 0.5088 -8.0401 0.012045 0.50893 -8.0096 0.047602 0.5047 -8.0098 0.047481 0.50449 -7.9788 0.03058 0.50224 -7.9788 0.030517 0.501 -7.9473 -0.025516 0.501 -7.9473 -0.025516 0.51306 -8.0722 -0.059253 0.52213 -8.0665 -0.058914 0.50444 -8.0438 0.035942 0.49627 -8.0478 0.035653 0.4872 -8.0205 0.094055 0.48105 -8.0229 0.093848 0.47115 -7.9963 0.095501 0.46778 -7.9972 0.095393 0.45619 -7.971 0.046981 0.45619 -7.971 0.046981 0.51363 -8.0733 -0.059254 0.52156 -8.0654 -0.058912 0.49694 -8.0457 0.033008 0.49051 -8.0529 0.03272 0.47309 -8.026 0.087099 0.46871 -8.0314 0.086894 0.45076 -8.0057 0.083563 0.44858 -8.0087 0.083456 0.4298 -7.9849 0.031029 0.4298 -7.9849 0.031029 0.51992 -8.072 -0.05906 0.51527 -8.0667 -0.059106 0.49335 -8.0863 0.013153 0.49716 -8.091 0.013186 0.47248 -8.1057 0.05371 0.47512 -8.1092 0.053729 0.45299 -8.1246 0.046512 0.45433 -8.1265 0.04652 0.4346 -8.143 0.00010712 0.4346 -8.143 0.00010712 0.51378 -8.0685 -0.059176 0.52141 -8.0701 -0.05899 0.52583 -8.0447 0.008171 0.51952 -8.0427 0.0080285 0.53081 -8.0185 0.043603 0.52645 -8.0165 0.043514 0.53698 -7.9913 0.032108 0.53479 -7.99 0.032068 0.54414 -7.9632 -0.015693 0.54414 -7.9632 -0.015693 0.51528 -8.0686 -0.059137 0.51991 -8.07 -0.05903 0.52591 -8.048 -0.0052664 0.52187 -8.0471 -0.0053637 0.53242 -8.0257 0.021516 0.52945 -8.0252 0.021441 0.53988 -8.0027 0.0088356 0.53828 -8.0026 0.0087938 0.54803 -7.9794 -0.033208 0.54803 -7.9794 -0.033208 3.5402 -7.2645 -0.04906 3.5457 -7.2604 -0.049834 3.5347 -7.2347 0.013018 3.5303 -7.2386 0.013682 3.5211 -7.2113 0.048089 3.5182 -7.2145 0.048567 3.5039 -7.1913 0.041428 3.5025 -7.1931 0.041679 3.4838 -7.174 0.00089028 3.4838 -7.174 0.00089028 3.5396 -7.2591 -0.049409 3.5463 -7.2658 -0.049484 3.5813 -7.2316 0.030464 3.5762 -7.2253 0.030444 3.6126 -7.2 0.068475 3.6093 -7.1951 0.0684 3.6386 -7.1725 0.044918 3.6371 -7.1698 0.044847 3.6608 -7.1481 -0.025054 3.6608 -7.1481 -0.025054 3.5398 -7.2658 -0.048929 3.5462 -7.2591 -0.049964 3.5226 -7.2252 0.030256 3.5174 -7.2312 0.031136 3.4952 -7.1946 0.068987 3.4917 -7.1992 0.069618 3.4626 -7.1688 0.047279 3.4609 -7.1713 0.047611 3.4263 -7.1464 -0.018621 3.4263 -7.1464 -0.018621 3.5389 -7.2613 -0.049186 3.547 -7.2637 -0.049707 3.5617 -7.2247 0.020686 3.5549 -7.2221 0.021079 3.5729 -7.1882 0.054638 3.5681 -7.1859 0.054882 3.5794 -7.1553 0.035043 3.5769 -7.1539 0.035151 3.5823 -7.1251 -0.024982 3.5823 -7.1251 -0.024982 3.5396 -7.2633 -0.049101 3.5463 -7.2617 -0.049792 3.5431 -7.2264 0.013393 3.5373 -7.2274 0.013966 3.5368 -7.1936 0.043924 3.5325 -7.1941 0.044324 3.5262 -7.1641 0.026634 3.5239 -7.1642 0.026838 3.5123 -7.1372 -0.026316 3.5123 -7.1372 -0.026316 3.5387 -7.2655 -0.048859 3.5472 -7.2594 -0.050034 3.5359 -7.2293 0.036455 3.5281 -7.2338 0.03745 3.5211 -7.2018 0.089476 3.5151 -7.2045 0.090182 3.5015 -7.1779 0.090805 3.4982 -7.1791 0.09117 3.4777 -7.1572 0.046543 3.4777 -7.1572 0.046543 3.5395 -7.2667 -0.048841 3.5465 -7.2583 -0.050053 3.5282 -7.2319 0.034811 3.5226 -7.2394 0.035837 3.5068 -7.2086 0.085211 3.5031 -7.2143 0.085944 3.4809 -7.1895 0.083045 3.479 -7.1926 0.083429 3.4511 -7.1739 0.036177 3.4511 -7.1739 0.036177 3.5457 -7.265 -0.049494 3.5402 -7.2599 -0.049399 3.5282 -7.2747 0.020276 3.5328 -7.2792 0.020219 3.514 -7.2919 0.061017 3.5171 -7.2953 0.060993 3.4961 -7.3125 0.058175 3.4977 -7.3144 0.058171 3.4751 -7.3359 0.019556 3.4751 -7.3359 0.019556 3.539 -7.2619 -0.049149 3.547 -7.2631 -0.049745 3.5548 -7.2316 0.008818 3.5481 -7.2298 0.0092636 3.5599 -7.2019 0.038435 3.5552 -7.2001 0.038707 3.5611 -7.1751 0.025207 3.5587 -7.1739 0.025324 3.5595 -7.1504 -0.021183 3.5595 -7.1504 -0.021183 3.5405 -7.2619 -0.049279 3.5454 -7.263 -0.049615 3.554 -7.2361 -0.0031447 3.5498 -7.2353 -0.0028351 3.5603 -7.2109 0.018725 3.5572 -7.2106 0.018965 3.5633 -7.1884 0.0045965 3.5616 -7.1884 0.0047319 3.5639 -7.168 -0.036315 3.5639 -7.168 -0.036315 -2.3517 -9.8688 -0.057914 -2.3477 -9.8724 -0.057936 -2.3345 -9.858 -0.01601 -2.3377 -9.8548 -0.01599 -2.3214 -9.8434 0.0030837 -2.3235 -9.8409 0.0030989 -2.3083 -9.8284 -0.010806 -2.3094 -9.8269 -0.010798 -2.2953 -9.8131 -0.048137 -2.2953 -9.8131 -0.048137 -2.3496 -9.8722 -0.057934 -2.3498 -9.8689 -0.057916 -2.3665 -9.8697 -0.012429 -2.3661 -9.8725 -0.012445 -2.3831 -9.8705 0.013463 -2.3827 -9.8725 0.013452 -2.3997 -9.8712 0.0097997 -2.3994 -9.8722 0.0097938 -2.4162 -9.8718 -0.018226 -2.4162 -9.8718 -0.018226 -2.348 -9.8715 -0.057931 -2.3515 -9.8697 -0.057919 -2.3601 -9.8877 -0.0039337 -2.3571 -9.8892 -0.0039445 -2.3686 -9.9057 0.026078 -2.3664 -9.9068 0.02607 -2.377 -9.9235 0.020133 -2.3758 -9.9241 0.020129 -2.3854 -9.9412 -0.014922 -2.3854 -9.9412 -0.014922 -2.3517 -9.8695 -0.057917 -2.3477 -9.8717 -0.057933 -2.3397 -9.8571 -0.021983 -2.3429 -9.8548 -0.021968 -2.3319 -9.8421 -0.0056971 -2.334 -9.8402 -0.0056851 -2.3241 -9.8268 -0.017794 -2.3252 -9.8257 -0.017787 -2.3163 -9.8113 -0.050002 -2.3163 -9.8113 -0.050002 -2.3485 -9.8692 -0.057919 -2.3509 -9.8719 -0.057931 -2.3407 -9.8808 -0.016026 -2.3388 -9.8783 -0.016014 -2.3303 -9.8894 0.0098584 -2.3291 -9.8875 0.0098675 -2.32 -9.8978 0.010951 -2.3195 -9.8967 0.010956 -2.3098 -9.9059 -0.010001 -2.3098 -9.9059 -0.010001 -2.3505 -9.8728 -0.057936 -2.3489 -9.8684 -0.057914 -2.3732 -9.8598 -0.0051384 -2.3749 -9.8634 -0.0051561 -2.3976 -9.8512 0.018968 -2.3991 -9.8537 0.018956 -2.4223 -9.8425 0.0016417 -2.4232 -9.8438 0.0016358 -2.4471 -9.8336 -0.045181 -2.4471 -9.8336 -0.045181 -2.3515 -9.8683 -0.057911 -2.3479 -9.8729 -0.057939 -2.3309 -9.8603 -0.0092645 -2.3337 -9.8562 -0.0092407 -2.314 -9.8473 0.014499 -2.3159 -9.8443 0.014517 -2.2971 -9.834 0.0018907 -2.2981 -9.8323 0.0019002 -2.2803 -9.8204 -0.037604 -2.2803 -9.8204 -0.037604 -2.3491 -9.8686 -0.057915 -2.3503 -9.8725 -0.057935 -2.3371 -9.877 -0.015965 -2.3358 -9.8737 -0.015949 -2.3238 -9.8811 0.009374 -2.3227 -9.8789 0.0093849 -2.3105 -9.8851 0.0091822 -2.3098 -9.8839 0.0091877 -2.297 -9.8889 -0.013203 -2.297 -9.8889 -0.013203 -2.3488 -9.8737 -0.057942 -2.3506 -9.8675 -0.057908 -2.3745 -9.8737 -0.00099392 -2.3733 -9.879 -0.0010233 -2.3984 -9.88 0.02745 -2.3977 -9.8839 0.027429 -2.4225 -9.8863 0.01415 -2.4222 -9.8884 0.014139 -2.4466 -9.8925 -0.03048 -2.4466 -9.8925 -0.03048 -2.3496 -9.8723 -0.057934 -2.3498 -9.8689 -0.057916 -2.3661 -9.8698 -0.0083023 -2.366 -9.8727 -0.0083177 -2.3823 -9.8707 0.02154 -2.3825 -9.8729 0.021529 -2.3987 -9.8716 0.021073 -2.3989 -9.8728 0.021067 -2.4152 -9.8724 -0.0056289 -2.4152 -9.8724 -0.0056289 2.5951 2.4368 -0.11454 2.5936 2.4395 -0.11436 2.5841 2.433 -0.093457 2.5853 2.4306 -0.093609 2.5745 2.4271 -0.084066 2.5752 2.4253 -0.084178 2.5647 2.422 -0.091304 2.565 2.421 -0.091364 2.5547 2.4175 -0.11036 2.5547 2.4175 -0.11036 2.5946 2.439 -0.1144 2.5941 2.4372 -0.1145 2.6036 2.4328 -0.091869 2.6039 2.4344 -0.09178 2.613 2.4291 -0.079106 2.6131 2.4303 -0.07904 2.6222 2.4263 -0.081233 2.6222 2.4269 -0.081197 2.6311 2.4243 -0.095635 2.6311 2.4243 -0.095635 2.5936 2.439 -0.11439 2.5952 2.4373 -0.11451 2.6033 2.4436 -0.086894 2.6019 2.445 -0.086796 2.6112 2.4506 -0.071356 2.6102 2.4516 -0.071286 2.6189 2.4588 -0.073935 2.6183 2.4593 -0.073898 2.6263 2.4678 -0.091182 2.6263 2.4678 -0.091182 2.5953 2.4371 -0.11452 2.5934 2.4391 -0.11438 2.5868 2.4316 -0.096593 2.5881 2.4298 -0.096717 2.58 2.4246 -0.088723 2.5808 2.4232 -0.088817 2.573 2.4183 -0.095163 2.5734 2.4175 -0.095215 2.5659 2.4125 -0.11174 2.5659 2.4125 -0.11174 2.5934 2.4376 -0.11447 2.5953 2.4386 -0.11443 2.5914 2.4441 -0.092849 2.5899 2.4431 -0.092889 2.5874 2.45 -0.079344 2.5864 2.4492 -0.07938 2.5832 2.4565 -0.078338 2.5827 2.456 -0.078361 2.5789 2.4636 -0.088446 2.5789 2.4636 -0.088446 2.5952 2.4392 -0.1144 2.5935 2.4371 -0.1145 2.6056 2.4259 -0.088636 2.6072 2.4275 -0.088559 2.6176 2.4156 -0.077216 2.6189 2.4167 -0.077168 2.6295 2.4066 -0.086677 2.6302 2.4071 -0.086656 2.6413 2.3983 -0.11101 2.6413 2.3983 -0.11101 2.5949 2.4365 -0.11455 2.5938 2.4397 -0.11435 2.5825 2.4347 -0.089921 2.5834 2.432 -0.09009 2.5712 2.4303 -0.078053 2.5717 2.4283 -0.078176 2.5596 2.4269 -0.084521 2.5598 2.4258 -0.084587 2.5478 2.4241 -0.10454 2.5478 2.4241 -0.10454 2.5937 2.4372 -0.1145 2.595 2.439 -0.1144 2.5888 2.4427 -0.092878 2.5875 2.4412 -0.092949 2.5824 2.4468 -0.079735 2.5814 2.4458 -0.079781 2.5758 2.4516 -0.079458 2.5752 2.4511 -0.07948 2.5689 2.4571 -0.090364 2.5689 2.4571 -0.090364 2.5944 2.44 -0.11434 2.5943 2.4363 -0.11456 2.6088 2.433 -0.086128 2.609 2.4361 -0.085949 2.6231 2.4307 -0.072037 2.6234 2.433 -0.07191 2.6373 2.4298 -0.078978 2.6375 2.431 -0.078912 2.6513 2.4298 -0.1017 2.6513 2.4298 -0.1017 2.5946 2.4391 -0.1144 2.5941 2.4372 -0.1145 2.6034 2.4328 -0.089779 2.6039 2.4344 -0.089693 2.6127 2.4291 -0.075014 2.6131 2.4303 -0.074955 2.6218 2.4264 -0.075522 2.6221 2.427 -0.075492 2.6308 2.4244 -0.089251 2.6308 2.4244 -0.089251</float_array><technique_common><accessor source="#grass_+02+01_foliage-pos-a" count="6600" stride="3"><param name="X" type="float"/><param name="Y" type="float"/><param name="Z" type="float"/></accessor></technique_common></source>
        <source id="grass_+02+01_foliage-nrm"><float_array id="grass_+02+01_foliage-nrm-a" count="31494">-0.956 0.097 0.279 -0.929 0.09 0.359 -0.579 0.025 0.815 -0.577 0.025 0.816 0.443 -0.101 0.891 0.445 -0.101 0.89 0.829 -0.129 0.544 0.846 0.27 0.46 0.78 0.201 0.592 0.773 0.195 0.604 0.187 0.033 0.982 -0.003 0 1 -0.736 -0.077 0.672 -0.788 -0.069 0.612 -0.903 -0.044 0.428 -0.705 -0.614 0.355 -0.626 -0.599 0.5 -0.632 -0.6 0.49 -0.113 -0.086 0.99 -0.222 -0.209 0.952 0.422 0.581 0.695 0.396 0.534 0.747 0.49 0.706 0.512 -0.894 0.294 0.339 -0.85 0.282 0.445 -0.85 0.282 0.446 -0.386 0.085 0.919 -0.358 0.074 0.931 0.539 -0.273 0.797 0.557 -0.28 0.782 0.782 -0.36 0.508 0.521 -0.764 0.38 0.469 -0.718 0.515 0.468 -0.717 0.517 0.093 -0.218 0.972 0.072 -0.187 0.98 -0.402 0.56 0.724 -0.408 0.572 0.712 -0.483 0.718 0.501 0.431 -0.815 0.388 0.399 -0.744 0.535 0.401 -0.747 0.531 0.016 -0.152 0.988 0.052 -0.207 0.977 -0.441 0.576 0.688 -0.43 0.56 0.708 -0.52 0.697 0.494 0.83 -0.459 0.318 0.789 -0.465 0.401 0.788 -0.466 0.403 0.438 -0.313 0.843 0.394 -0.289 0.872 -0.428 0.235 0.873 -0.478 0.272 0.835 -0.721 0.465 0.513 -0.439 0.792 0.425 -0.408 0.725 0.555 -0.407 0.724 0.556 -0.126 0.132 0.983 -0.12 0.12 0.985 0.296 -0.668 0.683 0.298 -0.671 0.679 0.377 -0.808 0.453 0.509 0.764 0.397 0.495 0.714 0.495 0.495 0.713 0.497 0.21 0.295 0.932 0.178 0.251 0.951 -0.4 -0.502 0.767 -0.423 -0.529 0.736 -0.566 -0.694 0.444 -0.494 0.813 0.307 -0.516 0.77 0.376 -0.515 0.771 0.374 -0.374 0.445 0.814 -0.408 0.5 0.764 0.312 -0.405 0.859 0.209 -0.296 0.932 0.563 -0.655 0.504 0.79 -0.487 0.373 0.765 -0.427 0.482 0.767 -0.431 0.476 0.252 -0.141 0.957 0.367 -0.196 0.909 -0.61 0.205 0.766 -0.523 0.18 0.833 -0.817 0.264 0.512 -0.446 -0.782 0.435 -0.437 -0.7 0.565 -0.436 -0.693 0.573 -0.13 -0.222 0.966 -0.047 -0.113 0.992 0.434 0.474 0.766 0.476 0.512 0.715 0.597 0.619 0.511 0.824 -0.355 0.442 0.749 -0.303 0.589 0.753 -0.305 0.584 0.084 -0.048 0.995 0.165 -0.076 0.983 -0.688 0.2 0.698 -0.661 0.193 0.725 -0.833 0.231 0.503 0.028 -0.901 0.433 -0.002 -0.826 0.563 -0.003 -0.821 0.57 0.006 -0.25 0.968 0.015 -0.137 0.99 0.098 0.633 0.768 0.109 0.679 0.726 0.149 0.842 0.518 0.484 -0.76 0.434 0.424 -0.704 0.57 0.421 -0.701 0.576 0.119 -0.183 0.976 0.077 -0.102 0.992 -0.274 0.603 0.749 -0.286 0.636 0.717 -0.342 0.787 0.513 0.76 -0.566 0.321 0.711 -0.578 0.4 0.708 -0.579 0.404 0.434 -0.393 0.811 0.367 -0.333 0.868 -0.234 0.289 0.928 -0.328 0.404 0.854 -0.534 0.652 0.539 0.886 -0.314 0.342 0.855 -0.279 0.436 0.856 -0.28 0.434 0.41 -0.124 0.904 0.469 -0.142 0.872 -0.536 0.113 0.837 -0.469 0.099 0.878 -0.827 0.171 0.536 0.397 0.837 0.377 0.388 0.785 0.482 0.388 0.784 0.484 0.174 0.344 0.923 0.154 0.307 0.939 -0.272 -0.465 0.842 -0.289 -0.494 0.82 -0.427 -0.721 0.546 0.145 -0.899 0.414 0.096 -0.84 0.534 0.092 -0.835 0.543 0.038 -0.318 0.947 0.035 -0.166 0.985 0.059 0.605 0.794 0.072 0.679 0.731 0.107 0.852 0.513 0.14 -0.886 0.441 0.147 -0.799 0.583 0.147 -0.803 0.578 0.01 -0.122 0.992 0.03 -0.206 0.978 -0.203 0.665 0.719 -0.191 0.635 0.749 -0.26 0.817 0.515 0.422 0.857 0.294 0.398 0.834 0.383 0.169 0.528 0.832 0.169 0.527 0.833 -0.279 -0.274 0.92 -0.28 -0.275 0.92 -0.442 -0.651 0.617 -0.101 -0.824 0.557 -0.142 -0.716 0.684 -0.146 -0.704 0.695 -0.09 -0.097 0.991 -0.054 0.066 0.996 0.152 0.703 0.695 0.183 0.749 0.636 0.263 0.854 0.45 -0.308 0.885 0.349 -0.324 0.799 0.506 -0.324 0.807 0.495 -0.085 0.181 0.98 -0.144 0.306 0.941 0.304 -0.517 0.8 0.267 -0.469 0.842 0.413 -0.656 0.632 0.569 0.732 0.374 0.528 0.695 0.487 0.528 0.695 0.489 0.144 0.347 0.927 0.125 0.328 0.936 -0.453 -0.31 0.836 -0.467 -0.325 0.822 -0.626 -0.536 0.567 -0.897 -0.177 0.406 -0.826 -0.133 0.547 -0.825 -0.132 0.55 -0.255 0.056 0.965 -0.223 0.064 0.973 0.569 0.209 0.796 0.583 0.21 0.785 0.778 0.22 0.589 -0.909 -0.076 0.409 -0.823 -0.06 0.565 -0.826 -0.061 0.56 -0.178 0.098 0.979 -0.233 0.086 0.969 0.602 0.236 0.763 0.581 0.232 0.78 0.773 0.261 0.578 -0.737 -0.572 0.361 -0.726 -0.521 0.449 -0.725 -0.52 0.452 -0.45 -0.206 0.869 -0.414 -0.174 0.893 0.283 0.336 0.898 0.335 0.366 0.868 0.633 0.518 0.575 0.844 0.151 0.515 0.747 0.153 0.647 0.746 0.153 0.648 0.09 0.124 0.988 0.079 0.123 0.989 -0.706 0.016 0.708 -0.71 0.015 0.704 -0.879 -0.024 0.477 0.472 -0.715 0.515 0.42 -0.667 0.616 0.419 -0.665 0.618 0.113 -0.205 0.972 0.087 -0.162 0.983 -0.32 0.553 0.769 -0.335 0.583 0.74 -0.431 0.785 0.445 0.903 0.189 0.387 0.859 0.227 0.459 0.861 0.226 0.456 0.446 0.224 0.866 0.512 0.234 0.826 -0.48 -0.071 0.874 -0.355 -0.015 0.935 -0.806 -0.239 0.542 0.933 0.033 0.359 0.879 0.072 0.471 0.883 0.07 0.465 0.304 0.033 0.952 0.426 0.05 0.903 -0.59 -0.156 0.792 -0.502 -0.128 0.855 -0.806 -0.228 0.547 0.08 -0.893 0.444 0.045 -0.818 0.573 0.043 -0.812 0.582 0.041 -0.245 0.969 0.048 -0.108 0.993 0.108 0.646 0.756 0.119 0.7 0.704 0.153 0.854 0.497 0.888 0.166 0.429 0.797 0.17 0.58 0.801 0.17 0.574 0.118 0.019 0.993 0.198 0.04 0.979 -0.654 -0.206 0.728 -0.627 -0.195 0.754 -0.8 -0.265 0.538 0.526 -0.734 0.43 0.464 -0.685 0.561 0.46 -0.682 0.568 0.165 -0.193 0.967 0.111 -0.094 0.989 -0.248 0.593 0.766 -0.266 0.637 0.723 -0.328 0.792 0.515 0.827 -0.369 0.425 0.748 -0.352 0.562 0.744 -0.351 0.568 0.22 -0.075 0.973 0.142 -0.03 0.989 -0.534 0.366 0.762 -0.563 0.386 0.731 -0.699 0.482 0.529 0.95 -0.052 0.307 0.917 -0.089 0.388 0.915 -0.091 0.392 0.588 -0.08 0.805 0.502 -0.066 0.863 -0.324 0.126 0.938 -0.466 0.169 0.868 -0.784 0.263 0.563 0.915 0.236 0.327 0.871 0.249 0.423 0.873 0.248 0.42 0.421 0.134 0.897 0.478 0.152 0.865 -0.476 -0.191 0.859 -0.412 -0.165 0.896 -0.76 -0.312 0.57 -0.129 0.921 0.367 -0.106 0.875 0.472 -0.106 0.874 0.474 -0.027 0.396 0.918 -0.022 0.354 0.935 0.057 -0.528 0.847 0.058 -0.562 0.825 0.065 -0.83 0.554 0.62 -0.67 0.409 0.55 -0.645 0.53 0.544 -0.642 0.539 0.228 -0.234 0.945 0.143 -0.107 0.984 -0.264 0.549 0.793 -0.295 0.617 0.729 -0.367 0.778 0.511 0.61 -0.662 0.437 0.571 -0.582 0.579 0.573 -0.586 0.573 0.099 -0.084 0.991 0.161 -0.143 0.977 -0.511 0.457 0.728 -0.484 0.437 0.758 -0.647 0.551 0.527 0.211 0.913 0.349 0.162 0.876 0.454 0.165 0.879 0.448 0.045 0.306 0.951 0.063 0.438 0.897 -0.019 -0.669 0.743 -0.023 -0.58 0.814 -0.008 -0.874 0.486 0.881 -0.189 0.434 0.801 -0.208 0.561 0.795 -0.209 0.57 0.246 -0.056 0.968 0.112 -0.008 0.994 -0.607 0.284 0.742 -0.655 0.312 0.688 -0.783 0.394 0.481 0.078 0.907 0.414 0.05 0.828 0.558 0.051 0.832 0.553 0.006 0.105 0.994 0.008 0.197 0.98 0.011 -0.74 0.672 0.008 -0.713 0.701 0.028 -0.878 0.478 0.845 0.319 0.428 0.786 0.267 0.557 0.782 0.264 0.564 0.23 0.092 0.969 0.117 0.064 0.991 -0.658 -0.106 0.745 -0.704 -0.11 0.701 -0.863 -0.123 0.49 0.562 0.714 0.418 0.531 0.644 0.552 0.529 0.64 0.557 0.128 0.186 0.974 0.062 0.116 0.991 -0.508 -0.467 0.724 -0.533 -0.489 0.69 -0.65 -0.587 0.483 0.293 0.907 0.302 0.32 0.869 0.379 0.321 0.866 0.383 0.233 0.564 0.792 0.197 0.482 0.854 -0.223 -0.331 0.917 -0.302 -0.461 0.835 -0.461 -0.727 0.508 0.022 0.948 0.318 -0.002 0.913 0.407 -0.001 0.915 0.404 -0.02 0.458 0.889 -0.022 0.52 0.854 0.046 -0.571 0.819 0.037 -0.503 0.864 0.082 -0.856 0.511 -0.928 0.125 0.35 -0.881 0.133 0.454 -0.88 0.133 0.456 -0.408 0.066 0.911 -0.366 0.058 0.929 0.529 -0.12 0.84 0.562 -0.128 0.817 0.818 -0.19 0.542 0.805 0.431 0.408 0.767 0.367 0.527 0.763 0.362 0.535 0.288 0.147 0.946 0.139 0.094 0.986 -0.62 -0.137 0.773 -0.693 -0.147 0.706 -0.859 -0.167 0.485 0.795 0.423 0.435 0.712 0.406 0.573 0.716 0.407 0.568 0.103 0.054 0.993 0.18 0.102 0.978 -0.589 -0.417 0.692 -0.565 -0.396 0.724 -0.705 -0.517 0.486 0.829 0.241 0.505 0.73 0.204 0.652 0.724 0.202 0.66 0.074 0.091 0.993 -0.027 0.075 0.997 -0.738 -0.037 0.673 -0.766 -0.039 0.642 -0.888 -0.047 0.457 -0.845 0.44 0.305 -0.817 0.401 0.415 -0.818 0.402 0.411 -0.358 0.187 0.915 -0.421 0.214 0.881 0.509 -0.15 0.848 0.45 -0.13 0.884 0.767 -0.24 0.596 -0.81 -0.466 0.356 -0.769 -0.436 0.468 -0.769 -0.436 0.467 -0.336 -0.13 0.933 -0.345 -0.136 0.928 0.45 0.357 0.818 0.443 0.353 0.824 0.68 0.483 0.552 0.766 0.412 0.494 0.685 0.346 0.641 0.676 0.34 0.654 0.088 0.132 0.987 -0.077 0.081 0.994 -0.729 -0.114 0.675 -0.774 -0.119 0.622 -0.886 -0.131 0.446 0.282 -0.878 0.386 0.306 -0.829 0.468 0.305 -0.831 0.465 0.159 -0.415 0.896 0.195 -0.492 0.848 -0.319 0.453 0.832 -0.243 0.331 0.912 -0.483 0.723 0.495 -0.54 0.734 0.412 -0.469 0.676 0.569 -0.463 0.671 0.579 -0.151 0.159 0.976 -0.091 0.049 0.995 0.245 -0.595 0.766 0.259 -0.633 0.73 0.307 -0.767 0.563 0.868 0.097 0.488 0.778 0.081 0.623 0.775 0.08 0.627 0.136 0.066 0.989 0.066 0.065 0.996 -0.712 0.05 0.701 -0.735 0.051 0.676 -0.884 0.053 0.464 0.562 -0.719 0.409 0.512 -0.704 0.492 0.51 -0.703 0.495 0.248 -0.39 0.887 0.209 -0.334 0.919 -0.246 0.407 0.88 -0.287 0.486 0.825 -0.422 0.758 0.498 -0.879 0.298 0.372 -0.807 0.296 0.511 -0.804 0.296 0.515 -0.264 0.113 0.958 -0.2 0.088 0.976 0.549 -0.232 0.803 0.576 -0.246 0.779 0.741 -0.336 0.582 -0.831 0.484 0.273 -0.791 0.493 0.363 -0.789 0.493 0.366 -0.475 0.324 0.818 -0.424 0.29 0.858 0.278 -0.228 0.933 0.347 -0.286 0.893 0.608 -0.503 0.615 0.531 -0.795 0.294 0.516 -0.772 0.372 0.318 -0.474 0.821 0.318 -0.473 0.822 -0.269 0.412 0.87 -0.271 0.413 0.869 -0.475 0.72 0.506 -0.769 0.492 0.409 -0.686 0.484 0.543 -0.677 0.482 0.556 -0.204 0.126 0.971 -0.054 -0.005 0.999 0.5 -0.53 0.685 0.529 -0.574 0.625 0.592 -0.672 0.445 0.898 -0.174 0.405 0.828 -0.122 0.548 0.834 -0.126 0.538 0.083 -0.038 0.996 0.248 -0.048 0.968 -0.752 -0.033 0.658 -0.702 -0.025 0.712 -0.882 -0.058 0.467 0.351 -0.872 0.343 0.327 -0.834 0.445 0.326 -0.833 0.447 0.143 -0.363 0.921 0.132 -0.334 0.933 -0.202 0.593 0.779 -0.208 0.612 0.763 -0.28 0.829 0.484 0.19 0.898 0.397 0.183 0.828 0.531 0.183 0.826 0.533 0.043 0.21 0.977 0.034 0.173 0.984 -0.182 -0.679 0.711 -0.186 -0.691 0.698 -0.231 -0.844 0.484 0.288 0.865 0.412 0.249 0.793 0.557 0.25 0.795 0.553 0.045 0.107 0.993 0.062 0.17 0.983 -0.166 -0.719 0.675 -0.162 -0.7 0.695 -0.19 -0.858 0.478 -0.229 0.925 0.302 -0.203 0.9 0.385 -0.203 0.9 0.387 -0.109 0.541 0.834 -0.099 0.492 0.865 0.065 -0.49 0.869 0.073 -0.553 0.83 0.11 -0.856 0.505 -0.312 -0.859 0.405 -0.291 -0.791 0.538 -0.291 -0.791 0.539 -0.067 -0.187 0.98 -0.063 -0.175 0.983 0.254 0.661 0.706 0.256 0.665 0.702 0.316 0.818 0.48 -0.934 -0.079 0.349 -0.891 -0.059 0.45 -0.89 -0.059 0.453 -0.409 -0.021 0.912 -0.356 -0.019 0.934 0.594 -0.003 0.805 0.631 -0.005 0.776 0.867 -0.013 0.498 -0.283 -0.915 0.287 -0.24 -0.902 0.358 -0.242 -0.903 0.355 -0.121 -0.583 0.804 -0.136 -0.644 0.753 0.04 0.503 0.864 0.025 0.352 0.936 0.075 0.857 0.51 0.831 -0.182 0.526 0.723 -0.151 0.674 0.717 -0.15 0.681 0.12 0.105 0.987 0.032 0.142 0.989 -0.618 0.389 0.683 -0.643 0.401 0.652 -0.762 0.449 0.466 -0.48 0.835 0.27 -0.473 0.793 0.385 -0.473 0.794 0.381 -0.185 0.398 0.898 -0.225 0.451 0.864 0.359 -0.331 0.873 0.321 -0.281 0.905 0.529 -0.562 0.636 -0.917 0.028 0.397 -0.859 0.041 0.51 -0.317 0.116 0.941 -0.328 0.115 0.938 0.558 0.138 0.818 0.55 0.139 0.824 0.823 0.117 0.555 0.864 0.005 0.504 0.757 -0.002 0.654 0.745 -0.003 0.667 0.151 0.133 0.98 -0.006 0.172 0.985 -0.648 0.318 0.692 -0.692 0.334 0.639 -0.804 0.374 0.462 -0.178 -0.875 0.45 -0.134 -0.838 0.529 -0.136 -0.84 0.525 -0.05 -0.378 0.925 -0.058 -0.465 0.883 -0.03 0.601 0.798 -0.024 0.464 0.886 -0.042 0.896 0.443 -0.085 0.93 0.358 -0.051 0.853 0.519 -0.049 0.846 0.53 -0.03 0.274 0.961 -0.032 0.151 0.988 -0.067 -0.584 0.809 -0.075 -0.627 0.776 -0.102 -0.778 0.62 0.79 -0.332 0.516 0.702 -0.288 0.651 0.699 -0.286 0.656 0.159 0.053 0.986 0.102 0.088 0.991 -0.55 0.452 0.702 -0.571 0.464 0.678 -0.706 0.535 0.465 0.125 -0.876 0.466 0.093 -0.832 0.547 0.092 -0.83 0.55 0.033 -0.402 0.915 0.029 -0.332 0.943 0.008 0.528 0.849 0.012 0.613 0.79 0.024 0.896 0.444 -0.579 0.737 0.35 -0.515 0.703 0.49 -0.512 0.702 0.495 -0.143 0.29 0.946 -0.102 0.238 0.966 0.353 -0.425 0.833 0.368 -0.453 0.812 0.46 -0.631 0.625 -0.447 0.863 0.234 -0.407 0.854 0.325 -0.405 0.853 0.328 -0.218 0.569 0.793 -0.191 0.516 0.835 0.134 -0.274 0.952 0.163 -0.362 0.918 0.268 -0.701 0.661 -0.23 -0.908 0.349 -0.174 -0.872 0.457 -0.178 -0.875 0.451 -0.033 -0.313 0.949 -0.053 -0.439 0.897 0.038 0.632 0.774 0.043 0.54 0.841 0.023 0.85 0.525 -0.881 0.176 0.439 -0.804 0.19 0.564 -0.797 0.191 0.572 -0.24 0.035 0.97 -0.1 -0.013 0.995 0.638 -0.291 0.713 0.684 -0.316 0.657 0.808 -0.386 0.446 -0.084 -0.907 0.414 -0.05 -0.826 0.561 -0.051 -0.83 0.556 0.007 -0.209 0.978 0.005 0.706 0.708 0.008 0.678 0.735 -0.016 0.856 0.517 -0.856 -0.291 0.426 -0.796 -0.248 0.553 -0.792 -0.245 0.56 -0.225 -0.106 0.969 -0.105 -0.081 0.991 0.69 0.072 0.72 0.735 0.076 0.674 0.884 0.089 0.459 -0.594 -0.686 0.42 -0.556 -0.62 0.553 -0.554 -0.617 0.559 -0.119 -0.196 0.973 -0.048 -0.131 0.99 0.548 0.419 0.724 0.575 0.44 0.69 0.693 0.535 0.483 -0.321 -0.898 0.301 -0.346 -0.858 0.38 -0.348 -0.855 0.384 -0.237 -0.557 0.796 -0.196 -0.478 0.856 0.253 0.29 0.923 0.337 0.416 0.845 0.506 0.684 0.525 -0.024 -0.95 0.312 0.004 -0.914 0.405 0.003 -0.916 0.402 0.034 -0.459 0.888 0.035 -0.52 0.853 -0.03 0.532 0.846 -0.021 0.463 0.886 -0.074 0.831 0.551 0.939 -0.135 0.316 0.897 -0.144 0.418 0.896 -0.144 0.42 0.439 -0.088 0.894 0.397 -0.081 0.914 -0.531 0.101 0.841 -0.565 0.109 0.818 -0.82 0.174 0.545 -0.822 -0.398 0.407 -0.781 -0.341 0.523 -0.777 -0.337 0.532 -0.285 -0.156 0.946 -0.129 -0.11 0.986 0.653 0.101 0.75 0.724 0.111 0.681 0.881 0.131 0.456 -0.812 -0.391 0.433 -0.728 -0.381 0.57 -0.732 -0.382 0.565 -0.091 -0.072 0.993 -0.172 -0.116 0.978 0.629 0.368 0.685 0.604 0.349 0.716 0.745 0.464 0.479 0.492 0.833 0.255 0.427 0.828 0.363 0.431 0.829 0.357 0.135 0.388 0.912 0.191 0.499 0.845 -0.209 -0.524 0.826 -0.187 -0.428 0.884 -0.257 -0.759 0.598 0.813 -0.374 0.446 0.742 -0.356 0.567 0.737 -0.355 0.576 0.249 -0.012 0.968 0.12 0.08 0.99 -0.551 0.532 0.643 -0.587 0.561 0.583 -0.682 0.634 0.365 0.345 0.884 0.316 0.29 0.834 0.469 0.292 0.837 0.463 0.036 0.22 0.975 0.064 0.302 0.951 -0.196 -0.611 0.767 -0.192 -0.58 0.792 -0.218 -0.776 0.592 0.918 0.06 0.391 0.855 0.05 0.516 0.851 0.049 0.523 0.273 0.129 0.953 0.144 0.145 0.979 -0.701 0.205 0.683 -0.743 0.209 0.635 -0.881 0.216 0.42 0.786 0.51 0.349 0.735 0.474 0.485 0.732 0.472 0.491 0.19 0.251 0.949 0.099 0.211 0.972 -0.662 -0.166 0.731 -0.693 -0.181 0.698 -0.83 -0.252 0.498 0.578 0.788 0.21 0.594 0.75 0.292 0.594 0.748 0.296 0.409 0.544 0.733 0.347 0.487 0.801 -0.332 -0.114 0.936 -0.452 -0.218 0.865 -0.694 -0.449 0.564 0.295 0.932 0.211 0.258 0.917 0.305 0.259 0.918 0.302 0.106 0.544 0.832 0.122 0.599 0.791 -0.11 -0.442 0.89 -0.099 -0.37 0.924 -0.152 -0.767 0.624 -0.869 0.421 0.26 -0.829 0.43 0.357 -0.828 0.43 0.359 -0.413 0.305 0.858 -0.372 0.288 0.882 0.518 -0.174 0.838 0.547 -0.194 0.814 0.761 -0.348 0.547 0.917 0.167 0.363 0.867 0.138 0.479 0.862 0.136 0.488 0.348 0.157 0.924 0.176 0.164 0.971 -0.674 0.17 0.719 -0.743 0.174 0.646 -0.89 0.177 0.421 0.906 0.167 0.388 0.83 0.196 0.522 0.834 0.195 0.516 0.127 0.14 0.982 0.222 0.157 0.962 -0.725 -0.096 0.682 -0.696 -0.082 0.713 -0.859 -0.17 0.484 -0.901 -0.162 0.402 -0.824 -0.11 0.556 -0.819 -0.107 0.564 -0.211 0.022 0.977 -0.108 0.034 0.994 0.654 0.085 0.751 0.686 0.082 0.723 0.829 0.064 0.556 0.779 -0.445 0.441 0.744 -0.396 0.539 0.745 -0.397 0.536 0.242 -0.109 0.964 0.31 -0.144 0.94 -0.626 0.277 0.729 -0.574 0.258 0.777 -0.834 0.346 0.431 0.765 0.501 0.405 0.71 0.484 0.512 0.71 0.484 0.511 0.214 0.234 0.948 0.224 0.24 0.945 -0.566 -0.268 0.78 -0.56 -0.263 0.786 -0.757 -0.421 0.499 -0.837 -0.348 0.422 -0.778 -0.265 0.57 -0.771 -0.257 0.583 -0.224 -0.023 0.974 -0.056 0.025 0.998 0.646 0.168 0.745 0.697 0.165 0.697 0.829 0.151 0.538 -0.326 0.92 0.218 -0.36 0.885 0.296 -0.359 0.887 0.292 -0.285 0.544 0.789 -0.312 0.615 0.724 0.214 -0.394 0.894 0.127 -0.257 0.958 0.408 -0.691 0.596 0.471 -0.709 0.525 0.388 -0.641 0.662 0.382 -0.635 0.671 0.023 -0.064 0.998 -0.043 0.06 0.997 -0.348 0.705 0.618 -0.355 0.737 0.576 -0.375 0.84 0.392 -0.933 -0.009 0.361 -0.864 0.019 0.503 -0.861 0.02 0.508 -0.274 0.05 0.961 -0.203 0.049 0.978 0.623 -0.003 0.782 0.65 -0.007 0.76 0.82 -0.041 0.571 -0.591 0.776 0.22 -0.557 0.773 0.304 -0.556 0.772 0.308 -0.371 0.519 0.77 -0.338 0.466 0.818 0.135 -0.339 0.931 0.183 -0.428 0.885 0.35 -0.724 0.595 0.813 -0.3 0.499 0.73 -0.281 0.623 0.726 -0.281 0.627 0.14 -0.021 0.99 0.072 0.011 0.997 -0.656 0.357 0.665 -0.678 0.369 0.636 -0.801 0.438 0.407 0.768 -0.491 0.412 0.72 -0.49 0.492 0.718 -0.49 0.495 0.371 -0.267 0.889 0.315 -0.226 0.922 -0.409 0.361 0.838 -0.471 0.417 0.777 -0.672 0.601 0.433 0.967 0.086 0.239 0.944 0.075 0.323 0.944 0.074 0.323 0.609 -0.008 0.793 0.608 -0.008 0.794 -0.375 -0.129 0.918 -0.376 -0.129 0.917 -0.785 -0.143 0.603 -0.73 -0.502 0.464 -0.666 -0.44 0.603 -0.659 -0.433 0.615 -0.099 -0.203 0.974 0.073 -0.135 0.988 0.733 0.138 0.666 0.783 0.151 0.604 0.892 0.181 0.414 0.586 0.68 0.44 0.518 0.622 0.587 0.524 0.627 0.577 0.157 -0.034 0.987 0.231 0.102 0.967 -0.234 -0.727 0.646 -0.214 -0.681 0.701 -0.292 -0.845 0.448 0.955 -0.117 0.273 0.914 -0.13 0.384 0.913 -0.13 0.386 0.444 -0.117 0.888 0.416 -0.115 0.902 -0.511 0.017 0.86 -0.532 0.021 0.847 -0.795 0.082 0.601 -0.653 0.538 0.533 -0.576 0.483 0.659 -0.575 0.482 0.661 -0.064 0.04 0.997 -0.037 0.016 0.999 0.56 -0.522 0.643 0.568 -0.53 0.63 0.669 -0.629 0.397 -0.577 0.607 0.547 -0.513 0.521 0.682 -0.515 0.524 0.678 0.023 -0.004 1 -0.023 0.038 0.999 0.6 -0.524 0.605 0.586 -0.514 0.627 0.699 -0.598 0.391 -0.884 0.19 0.427 -0.838 0.193 0.511 -0.837 0.193 0.513 -0.419 0.068 0.905 -0.37 0.052 0.928 0.515 -0.235 0.824 0.569 -0.254 0.782 0.836 -0.337 0.433 0.641 -0.702 0.31 0.6 -0.659 0.455 0.599 -0.658 0.456 0.214 -0.222 0.951 0.206 -0.214 0.955 -0.379 0.447 0.81 -0.382 0.45 0.807 -0.515 0.601 0.611 -0.31 -0.895 0.322 -0.297 -0.853 0.43 -0.296 -0.852 0.432 -0.07 -0.436 0.897 -0.048 -0.391 0.919 0.331 0.434 0.838 0.346 0.469 0.812 0.439 0.71 0.55 0.695 -0.695 0.182 0.709 -0.656 0.26 0.708 -0.658 0.257 0.509 -0.431 0.745 0.552 -0.469 0.689 -0.319 0.175 0.932 -0.191 0.089 0.977 -0.653 0.405 0.64 -0.827 -0.284 0.486 -0.736 -0.229 0.637 -0.73 -0.226 0.645 -0.122 -0.048 0.991 -0.028 -0.026 0.999 0.673 0.122 0.729 0.703 0.125 0.7 0.842 0.134 0.523 0.851 -0.364 0.379 0.813 -0.322 0.486 0.814 -0.324 0.482 0.309 -0.118 0.944 0.376 -0.141 0.916 -0.564 0.154 0.811 -0.507 0.14 0.851 -0.813 0.215 0.542 0.726 0.561 0.398 0.677 0.529 0.511 0.678 0.529 0.511 0.246 0.197 0.949 0.255 0.204 0.945 -0.445 -0.353 0.823 -0.438 -0.348 0.829 -0.648 -0.52 0.556 -0.742 -0.457 0.49 -0.674 -0.373 0.638 -0.666 -0.364 0.651 -0.13 -0.09 0.987 0.021 -0.028 0.999 0.656 0.2 0.728 0.705 0.206 0.678 0.832 0.22 0.509 -0.405 0.857 0.318 -0.427 0.811 0.4 -0.426 0.813 0.396 -0.264 0.44 0.858 -0.304 0.511 0.804 0.311 -0.386 0.869 0.217 -0.268 0.939 0.52 -0.651 0.553 0.581 -0.661 0.475 0.497 -0.604 0.623 0.49 -0.599 0.633 0.103 -0.101 0.99 0.03 0.005 1 -0.359 0.603 0.712 -0.375 0.638 0.673 -0.426 0.756 0.497 -0.88 -0.138 0.455 -0.796 -0.108 0.595 -0.793 -0.107 0.6 -0.185 -0.029 0.982 -0.118 -0.022 0.993 0.654 0.033 0.756 0.679 0.033 0.733 0.846 0.031 0.532 -0.65 0.683 0.332 -0.607 0.676 0.418 -0.605 0.675 0.421 -0.344 0.409 0.845 -0.302 0.359 0.883 0.232 -0.343 0.91 0.285 -0.421 0.861 0.467 -0.69 0.554 0.869 -0.219 0.444 0.787 -0.215 0.578 0.784 -0.215 0.583 0.207 -0.049 0.977 0.14 -0.027 0.99 -0.61 0.231 0.758 -0.636 0.242 0.732 -0.795 0.31 0.521 0.844 -0.41 0.347 0.799 -0.416 0.434 0.797 -0.417 0.437 0.445 -0.249 0.86 0.389 -0.217 0.895 -0.355 0.251 0.901 -0.427 0.301 0.853 -0.684 0.482 0.547 0.612 0.669 0.422 0.541 0.651 0.532 0.546 0.653 0.526 0.159 0.178 0.971 0.231 0.281 0.931 -0.309 -0.587 0.749 -0.271 -0.508 0.818 -0.397 -0.777 0.488 0.706 -0.579 0.408 0.629 -0.564 0.535 0.623 -0.563 0.543 0.192 -0.207 0.959 0.09 -0.108 0.99 -0.439 0.475 0.762 -0.47 0.523 0.711 -0.553 0.659 0.51 0.476 0.728 0.494 0.405 0.655 0.638 0.408 0.658 0.632 0.04 0.032 0.999 0.08 0.105 0.991 -0.313 -0.664 0.679 -0.303 -0.639 0.707 -0.363 -0.8 0.478 0.888 -0.165 0.428 0.812 -0.184 0.554 0.807 -0.185 0.561 0.238 -0.082 0.968 0.123 -0.052 0.991 -0.639 0.188 0.746 -0.681 0.208 0.702 -0.824 0.281 0.492 0.835 0.298 0.463 0.766 0.245 0.594 0.762 0.243 0.6 0.184 0.04 0.982 0.095 0.014 0.995 -0.667 -0.172 0.725 -0.7 -0.176 0.692 -0.855 -0.19 0.483 0.69 0.623 0.368 0.693 0.567 0.446 0.693 0.564 0.45 0.447 0.311 0.839 0.375 0.255 0.891 -0.347 -0.205 0.915 -0.476 -0.271 0.837 -0.756 -0.409 0.512 0.443 0.805 0.395 0.4 0.776 0.489 0.401 0.777 0.486 0.163 0.337 0.927 0.19 0.393 0.9 -0.203 -0.533 0.821 -0.181 -0.472 0.863 -0.299 -0.805 0.512 -0.779 0.511 0.364 -0.735 0.492 0.466 -0.734 0.491 0.469 -0.348 0.199 0.916 -0.313 0.173 0.934 0.42 -0.383 0.822 0.447 -0.404 0.798 0.651 -0.557 0.516 0.907 -0.056 0.418 0.841 -0.095 0.533 0.835 -0.098 0.541 0.312 -0.065 0.948 0.156 -0.038 0.987 -0.618 0.144 0.772 -0.687 0.174 0.706 -0.839 0.245 0.486 0.894 -0.059 0.444 0.81 -0.041 0.585 0.814 -0.041 0.579 0.107 -0.054 0.993 0.196 -0.051 0.979 -0.716 -0.089 0.692 -0.685 -0.086 0.724 -0.868 -0.105 0.485 0.387 0.851 0.354 0.329 0.825 0.46 0.333 0.827 0.454 0.11 0.283 0.953 0.151 0.41 0.9 -0.127 -0.662 0.739 -0.115 -0.573 0.811 -0.151 -0.864 0.481 0.859 -0.333 0.39 0.788 -0.341 0.513 0.782 -0.341 0.522 0.268 -0.112 0.957 0.131 -0.039 0.991 -0.586 0.375 0.718 -0.627 0.409 0.663 -0.735 0.5 0.457 0.242 0.874 0.421 0.199 0.8 0.566 0.201 0.804 0.56 0.034 0.092 0.995 0.051 0.182 0.982 -0.106 -0.737 0.668 -0.104 -0.71 0.697 -0.112 -0.875 0.472 0.911 0.132 0.392 0.851 0.095 0.516 0.847 0.093 0.523 0.275 0.036 0.961 0.148 0.03 0.989 -0.699 0.018 0.715 -0.743 0.023 0.669 -0.888 0.041 0.458 0.716 0.568 0.406 0.675 0.507 0.536 0.672 0.504 0.542 0.181 0.148 0.972 0.097 0.092 0.991 -0.612 -0.357 0.706 -0.642 -0.371 0.671 -0.772 -0.434 0.464 0.474 0.826 0.305 0.496 0.781 0.38 0.497 0.778 0.383 0.355 0.499 0.791 0.303 0.425 0.853 -0.291 -0.288 0.912 -0.398 -0.398 0.827 -0.611 -0.617 0.497 0.187 0.927 0.326 0.155 0.896 0.415 0.156 0.897 0.413 0.063 0.446 0.893 0.072 0.508 0.858 -0.038 -0.578 0.815 -0.035 -0.51 0.86 -0.049 -0.862 0.504 -0.904 0.275 0.327 -0.862 0.276 0.425 -0.861 0.276 0.427 -0.42 0.134 0.898 -0.377 0.119 0.919 0.548 -0.222 0.806 0.579 -0.235 0.781 0.806 -0.327 0.494 0.893 0.244 0.377 0.85 0.191 0.49 0.846 0.187 0.499 0.346 0.078 0.935 0.177 0.056 0.983 -0.667 -0.019 0.745 -0.738 -0.014 0.675 -0.891 0 0.453 0.884 0.238 0.403 0.807 0.239 0.539 0.811 0.239 0.534 0.132 0.023 0.991 0.222 0.055 0.973 -0.684 -0.289 0.669 -0.657 -0.275 0.702 -0.812 -0.354 0.463 0.044 -0.971 0.236 0.078 -0.934 0.349 0.076 -0.936 0.343 0.004 -0.419 0.908 0.029 -0.542 0.84 -0.214 0.543 0.812 -0.186 0.45 0.873 -0.276 0.767 0.579 -0.922 -0.14 0.362 -0.862 -0.116 0.494 -0.857 -0.114 0.503 -0.307 -0.142 0.941 -0.159 -0.15 0.976 0.652 -0.168 0.739 0.707 -0.173 0.686 0.857 -0.181 0.482 0.175 -0.933 0.313 0.174 -0.867 0.467 0.174 -0.87 0.461 -0.018 -0.223 0.975 0.008 -0.308 0.951 -0.263 0.61 0.748 -0.253 0.581 0.773 -0.314 0.761 0.568 -0.748 -0.587 0.311 -0.714 -0.541 0.445 -0.711 -0.538 0.453 -0.246 -0.276 0.929 -0.142 -0.218 0.966 0.587 0.204 0.784 0.63 0.226 0.743 0.781 0.306 0.545 -0.369 -0.882 0.292 -0.364 -0.825 0.432 -0.364 -0.822 0.439 -0.117 -0.334 0.935 -0.071 -0.25 0.966 0.339 0.498 0.798 0.359 0.529 0.769 0.452 0.676 0.582 -0.04 -0.982 0.183 -0.081 -0.962 0.26 -0.083 -0.961 0.264 -0.101 -0.698 0.709 -0.092 -0.618 0.781 0.087 0.264 0.961 0.132 0.419 0.898 0.226 0.756 0.614 0.249 -0.944 0.217 0.26 -0.914 0.312 0.259 -0.915 0.309 0.119 -0.534 0.837 0.14 -0.588 0.796 -0.253 0.421 0.871 -0.226 0.353 0.908 -0.363 0.718 0.594 0.913 0.118 0.389 0.87 0.085 0.485 0.869 0.085 0.487 0.388 -0.049 0.92 0.344 -0.057 0.937 -0.596 -0.151 0.789 -0.629 -0.151 0.763 -0.871 -0.135 0.472 -0.678 -0.677 0.285 -0.667 -0.624 0.408 -0.665 -0.619 0.418 -0.287 -0.342 0.895 -0.155 -0.253 0.955 0.54 0.218 0.813 0.609 0.256 0.751 0.764 0.345 0.544 -0.673 -0.671 0.312 -0.607 -0.651 0.456 -0.61 -0.652 0.45 -0.132 -0.205 0.97 -0.193 -0.271 0.943 0.434 0.477 0.764 0.415 0.448 0.792 0.525 0.625 0.578 0.903 0.098 0.417 0.821 0.084 0.565 0.815 0.084 0.573 0.147 0.115 0.982 0.03 0.12 0.992 -0.757 0.129 0.641 -0.783 0.131 0.609 -0.893 0.139 0.429 -0.746 0.614 0.257 -0.732 0.58 0.358 -0.733 0.581 0.354 -0.324 0.317 0.891 -0.388 0.357 0.85 0.556 -0.253 0.791 0.504 -0.22 0.835 0.759 -0.389 0.522 -0.879 -0.316 0.358 -0.839 -0.293 0.459 -0.358 -0.053 0.932 -0.37 -0.058 0.927 0.586 0.322 0.743 0.579 0.32 0.75 0.803 0.387 0.454 0.869 0.29 0.401 0.799 0.246 0.549 0.791 0.241 0.563 0.17 0.16 0.972 -0.026 0.138 0.99 -0.761 0.043 0.647 -0.804 0.046 0.593 -0.904 0.05 0.424 0.15 -0.919 0.366 0.186 -0.88 0.436 0.185 -0.882 0.433 0.139 -0.475 0.869 0.159 -0.56 0.813 -0.23 0.594 0.771 -0.169 0.455 0.874 -0.344 0.848 0.403 -0.398 0.857 0.327 -0.34 0.811 0.477 -0.336 0.806 0.487 -0.097 0.245 0.965 -0.048 0.103 0.993 0.187 -0.667 0.721 0.191 -0.704 0.684 0.203 -0.829 0.521 0.912 -0.061 0.406 0.841 -0.058 0.539 0.838 -0.058 0.543 0.212 0.072 0.975 0.133 0.087 0.987 -0.715 0.219 0.663 -0.738 0.223 0.637 -0.87 0.243 0.429 0.447 -0.814 0.371 0.409 -0.796 0.446 0.407 -0.795 0.449 0.238 -0.465 0.853 0.21 -0.399 0.893 -0.158 0.536 0.829 -0.188 0.623 0.76 -0.278 0.872 0.403 -0.811 0.485 0.327 -0.749 0.481 0.455 -0.747 0.481 0.459 -0.234 0.215 0.948 -0.166 0.172 0.971 0.574 -0.348 0.741 0.595 -0.367 0.715 0.712 -0.48 0.512 -0.724 0.652 0.225 -0.686 0.661 0.303 -0.684 0.662 0.306 -0.422 0.482 0.768 -0.375 0.439 0.816 0.307 -0.296 0.904 0.365 -0.372 0.854 0.552 -0.625 0.552 0.944 0.033 0.329 0.872 0.019 0.489 0.867 0.018 0.498 0.267 0.073 0.961 0.161 0.084 0.983 -0.629 0.155 0.762 -0.66 0.16 0.734 -0.801 0.183 0.57 -0.655 0.654 0.377 -0.628 0.615 0.477 -0.629 0.616 0.474 -0.172 0.3 0.938 -0.236 0.345 0.908 0.618 -0.308 0.724 0.574 -0.273 0.772 0.781 -0.454 0.429 -0.824 -0.289 0.487 -0.764 -0.269 0.587 -0.764 -0.269 0.586 -0.208 -0.06 0.976 -0.22 -0.065 0.973 0.663 0.265 0.7 0.657 0.263 0.707 0.857 0.337 0.39 0.916 0.236 0.324 0.856 0.187 0.483 0.848 0.182 0.497 0.288 0.116 0.951 0.109 0.105 0.988 -0.636 0.069 0.768 -0.688 0.076 0.722 -0.819 0.093 0.566 0.166 -0.932 0.322 0.21 -0.897 0.389 0.208 -0.899 0.386 0.231 -0.5 0.835 0.24 -0.583 0.776 -0.094 0.57 0.816 -0.028 0.426 0.904 -0.244 0.845 0.476 -0.305 0.861 0.407 -0.231 0.804 0.548 -0.226 0.799 0.557 0.044 0.214 0.976 0.089 0.073 0.993 0.252 -0.689 0.68 0.25 -0.726 0.641 0.238 -0.848 0.474 0.942 -0.132 0.309 0.882 -0.127 0.454 0.879 -0.127 0.459 0.325 0.028 0.945 0.254 0.047 0.966 -0.58 0.242 0.778 -0.606 0.248 0.755 -0.772 0.287 0.567 0.446 -0.845 0.294 0.42 -0.826 0.375 0.419 -0.825 0.378 0.321 -0.495 0.808 0.301 -0.429 0.852 -0.022 0.506 0.862 -0.057 0.596 0.801 -0.182 0.865 0.468 -0.715 0.529 0.456 -0.634 0.515 0.577 -0.631 0.514 0.581 -0.084 0.193 0.978 -0.019 0.147 0.989 0.626 -0.402 0.668 0.643 -0.422 0.64 0.729 -0.54 0.42 -0.636 0.691 0.343 -0.588 0.693 0.417 -0.586 0.693 0.42 -0.275 0.474 0.836 -0.226 0.427 0.876 0.394 -0.335 0.856 0.44 -0.412 0.798 0.574 -0.67 0.471 -0.232 -0.922 0.31 -0.225 -0.894 0.388 -0.132 -0.538 0.832 -0.132 -0.537 0.833 0.128 0.479 0.869 0.129 0.481 0.867 0.218 0.837 0.503 -0.155 0.901 0.405 -0.103 0.835 0.541 -0.098 0.827 0.553 -0.038 0.243 0.969 -0.034 0.047 0.998 -0.051 -0.713 0.699 -0.064 -0.766 0.64 -0.097 -0.882 0.461 0.483 -0.772 0.413 0.474 -0.684 0.555 0.475 -0.691 0.545 0.034 -0.076 0.997 0.138 -0.203 0.97 -0.529 0.537 0.657 -0.488 0.506 0.711 -0.637 0.615 0.465 -0.412 -0.837 0.359 -0.399 -0.792 0.462 -0.399 -0.791 0.464 -0.167 -0.334 0.928 -0.153 -0.306 0.94 0.309 0.548 0.777 0.319 0.565 0.761 0.433 0.763 0.48 0.8 0.457 0.39 0.743 0.416 0.525 0.742 0.415 0.527 0.19 0.117 0.975 0.157 0.099 0.983 -0.623 -0.305 0.72 -0.635 -0.311 0.708 -0.781 -0.38 0.495 0.84 0.362 0.405 0.76 0.344 0.551 0.763 0.345 0.547 0.115 0.048 0.992 0.174 0.077 0.982 -0.642 -0.344 0.685 -0.626 -0.334 0.705 -0.764 -0.42 0.489 0.539 0.789 0.295 0.538 0.753 0.379 0.538 0.752 0.381 0.333 0.446 0.831 0.303 0.406 0.862 -0.315 -0.361 0.878 -0.356 -0.409 0.84 -0.562 -0.643 0.521 -0.848 -0.331 0.415 -0.781 -0.301 0.547 -0.781 -0.301 0.548 -0.178 -0.063 0.982 -0.166 -0.058 0.984 0.666 0.255 0.701 0.67 0.256 0.697 0.824 0.31 0.474 -0.688 0.637 0.347 -0.644 0.62 0.448 -0.642 0.62 0.451 -0.287 0.296 0.911 -0.249 0.259 0.933 0.403 -0.429 0.808 0.427 -0.458 0.78 0.58 -0.641 0.503 -0.871 -0.391 0.298 -0.832 -0.414 0.369 -0.834 -0.413 0.366 -0.51 -0.285 0.812 -0.566 -0.315 0.762 0.405 0.311 0.86 0.283 0.222 0.933 0.692 0.516 0.505 0.69 0.678 0.253 0.633 0.678 0.372 0.637 0.679 0.365 0.29 0.286 0.913 0.361 0.38 0.852 -0.235 -0.473 0.849 -0.186 -0.388 0.903 -0.363 -0.688 0.628 0.73 -0.565 0.384 0.672 -0.531 0.516 0.667 -0.528 0.525 0.307 -0.101 0.946 0.213 0.009 0.977 -0.324 0.592 0.738 -0.359 0.634 0.685 -0.46 0.747 0.479 0.566 0.754 0.333 0.511 0.704 0.493 0.514 0.707 0.487 0.169 0.152 0.974 0.211 0.221 0.952 -0.251 -0.558 0.791 -0.236 -0.53 0.815 -0.332 -0.714 0.617 0.929 -0.167 0.33 0.87 -0.166 0.465 0.866 -0.166 0.473 0.359 0.022 0.933 0.249 0.062 0.967 -0.535 0.318 0.783 -0.581 0.335 0.742 -0.744 0.389 0.543 0.902 0.298 0.313 0.849 0.267 0.457 0.846 0.265 0.463 0.312 0.149 0.939 0.223 0.131 0.966 -0.58 -0.039 0.814 -0.617 -0.045 0.785 -0.796 -0.075 0.6 0.759 0.62 0.197 0.77 0.574 0.28 0.77 0.571 0.284 0.566 0.384 0.73 0.499 0.34 0.797 -0.238 -0.069 0.969 -0.38 -0.136 0.915 -0.704 -0.295 0.646 0.523 0.821 0.23 0.491 0.806 0.331 0.492 0.807 0.328 0.295 0.44 0.848 0.32 0.49 0.811 -0.118 -0.418 0.901 -0.088 -0.352 0.932 -0.264 -0.719 0.643 -0.706 0.596 0.382 -0.652 0.587 0.48 -0.651 0.587 0.482 -0.224 0.332 0.916 -0.188 0.306 0.933 0.511 -0.306 0.803 0.533 -0.331 0.779 0.691 -0.527 0.494 0.951 -0.062 0.304 0.899 -0.082 0.429 0.895 -0.084 0.438 0.432 0.032 0.901 0.281 0.073 0.957 -0.513 0.277 0.812 -0.588 0.302 0.751 -0.762 0.353 0.543 0.941 -0.061 0.332 0.879 -0.02 0.477 0.882 -0.022 0.471 0.233 0.061 0.971 0.32 0.057 0.946 -0.629 0.042 0.776 -0.594 0.047 0.803 -0.806 0.01 0.592 0.968 0.011 0.251 0.944 0.012 0.33 0.606 0.02 0.795 0.605 0.02 0.796 -0.452 0.019 0.892 -0.454 0.019 0.891 -0.839 0.01 0.545 -0.816 -0.357 0.455 -0.757 -0.29 0.586 -0.75 -0.284 0.597 -0.173 -0.079 0.982 0.019 -0.027 0.999 0.747 0.136 0.651 0.797 0.135 0.588 0.906 0.13 0.404 0.661 0.654 0.367 0.585 0.627 0.515 0.591 0.629 0.504 0.122 0.067 0.99 0.219 0.196 0.956 -0.359 -0.625 0.693 -0.335 -0.577 0.745 -0.42 -0.753 0.507 0.935 -0.178 0.306 0.895 -0.175 0.41 0.894 -0.175 0.412 0.422 -0.061 0.905 0.392 -0.054 0.918 -0.57 0.171 0.804 -0.59 0.176 0.788 -0.824 0.229 0.519 -0.631 0.654 0.417 -0.569 0.612 0.549 -0.568 0.611 0.552 -0.107 0.167 0.98 -0.081 0.141 0.987 0.5 -0.505 0.704 0.508 -0.515 0.691 0.603 -0.642 0.475 -0.549 0.718 0.428 -0.502 0.648 0.573 -0.504 0.65 0.568 -0.02 0.114 0.993 -0.064 0.162 0.985 0.541 -0.514 0.666 0.528 -0.5 0.687 0.637 -0.614 0.466 -0.886 0.32 0.337 -0.847 0.329 0.418 -0.846 0.329 0.42 -0.474 0.22 0.853 -0.426 0.202 0.882 0.483 -0.195 0.854 0.538 -0.223 0.813 0.799 -0.364 0.48 0.568 -0.72 0.398 0.528 -0.661 0.533 0.528 -0.661 0.534 0.162 -0.137 0.977 0.155 -0.127 0.98 -0.381 0.582 0.718 -0.384 0.586 0.714 -0.491 0.718 0.494 -0.437 -0.811 0.39 -0.425 -0.761 0.49 -0.425 -0.76 0.493 -0.166 -0.329 0.93 -0.138 -0.284 0.949 0.367 0.502 0.784 0.387 0.531 0.754 0.515 0.719 0.467 0.626 -0.729 0.277 0.642 -0.684 0.347 0.641 -0.686 0.344 0.456 -0.4 0.795 0.497 -0.447 0.744 -0.359 0.321 0.876 -0.237 0.229 0.944 -0.653 0.537 0.533 -0.181 -0.832 0.525 -0.167 -0.72 0.674 -0.166 -0.713 0.681 0.028 -0.104 0.994 0.059 -0.015 0.998 0.292 0.639 0.712 0.304 0.665 0.682 0.361 0.787 0.5 0.771 0.531 0.351 0.717 0.521 0.463 0.719 0.521 0.459 0.298 0.208 0.932 0.349 0.25 0.903 -0.365 -0.362 0.858 -0.321 -0.321 0.891 -0.567 -0.553 0.61 -0.036 0.921 0.388 -0.03 0.864 0.503 -0.03 0.864 0.502 0.027 0.329 0.944 0.026 0.34 0.94 0.087 -0.54 0.837 0.086 -0.532 0.843 0.096 -0.81 0.578 -0.004 -0.855 0.518 -0.025 -0.746 0.665 -0.027 -0.734 0.678 0.056 -0.133 0.99 0.086 0.023 0.996 0.223 0.666 0.712 0.241 0.71 0.661 0.288 0.824 0.487 -0.905 0.161 0.393 -0.87 0.115 0.479 -0.872 0.117 0.475 -0.428 0.047 0.902 -0.511 0.053 0.858 0.505 0.061 0.861 0.366 0.051 0.929 0.835 0.082 0.544 0.878 0.128 0.46 0.782 0.091 0.616 0.775 0.088 0.626 0.182 0.05 0.982 0.065 0.048 0.997 -0.625 0.057 0.779 -0.665 0.063 0.744 -0.812 0.085 0.577 -0.325 -0.8 0.504 -0.296 -0.708 0.642 -0.294 -0.704 0.646 -0.019 -0.144 0.989 0.011 -0.086 0.996 0.352 0.575 0.739 0.364 0.596 0.715 0.446 0.737 0.509 -0.896 -0.159 0.414 -0.856 -0.122 0.502 -0.855 -0.121 0.505 -0.448 -0.038 0.893 -0.382 -0.03 0.924 0.431 0.02 0.902 0.519 0.019 0.854 0.838 0.014 0.546 0.66 0.624 0.418 0.616 0.556 0.558 0.614 0.553 0.563 0.194 0.163 0.967 0.145 0.121 0.982 -0.454 -0.362 0.814 -0.479 -0.379 0.792 -0.639 -0.487 0.595 0.806 0.5 0.317 0.789 0.457 0.41 0.788 0.456 0.414 0.468 0.248 0.848 0.414 0.219 0.883 -0.324 -0.133 0.936 -0.405 -0.166 0.899 -0.72 -0.295 0.628 0.486 0.8 0.353 0.432 0.776 0.46 0.435 0.778 0.454 0.177 0.249 0.952 0.229 0.373 0.899 -0.173 -0.66 0.731 -0.148 -0.575 0.804 -0.232 -0.851 0.471 0.819 -0.441 0.366 0.748 -0.442 0.495 0.742 -0.442 0.504 0.277 -0.158 0.948 0.158 -0.073 0.985 -0.487 0.422 0.765 -0.526 0.463 0.713 -0.634 0.578 0.514 0.354 0.833 0.425 0.311 0.761 0.569 0.313 0.765 0.564 0.083 0.066 0.994 0.11 0.154 0.982 -0.166 -0.735 0.658 -0.16 -0.709 0.687 -0.197 -0.866 0.46 0.927 0.037 0.373 0.866 0.002 0.501 0.861 0 0.508 0.303 -0.012 0.953 0.182 -0.006 0.983 -0.643 0.07 0.762 -0.689 0.081 0.72 -0.848 0.121 0.516 0.775 0.495 0.393 0.732 0.434 0.525 0.729 0.431 0.531 0.227 0.108 0.968 0.142 0.06 0.988 -0.602 -0.315 0.734 -0.634 -0.327 0.701 -0.781 -0.376 0.499 0.564 0.769 0.3 0.583 0.722 0.374 0.584 0.719 0.378 0.43 0.445 0.786 0.374 0.375 0.848 -0.274 -0.279 0.92 -0.393 -0.376 0.839 -0.639 -0.57 0.516 0.305 0.892 0.333 0.275 0.863 0.423 0.276 0.864 0.42 0.151 0.416 0.897 0.166 0.478 0.863 -0.077 -0.588 0.805 -0.063 -0.521 0.851 -0.135 -0.861 0.491 -0.845 0.37 0.386 -0.796 0.363 0.485 -0.794 0.363 0.487 -0.346 0.154 0.926 -0.306 0.135 0.943 0.53 -0.296 0.795 0.558 -0.312 0.769 0.768 -0.43 0.475 0.921 0.154 0.359 0.874 0.102 0.475 0.87 0.097 0.484 0.374 0.024 0.927 0.213 0.017 0.977 -0.614 0.029 0.789 -0.689 0.043 0.724 -0.857 0.079 0.51 0.911 0.149 0.385 0.836 0.153 0.526 0.84 0.153 0.52 0.166 -0.011 0.986 0.255 0.012 0.967 -0.667 -0.241 0.705 -0.637 -0.23 0.736 -0.813 -0.292 0.503 0.898 0.316 0.307 0.869 0.305 0.388 0.869 0.305 0.389 0.519 0.18 0.836 0.518 0.18 0.836 -0.432 -0.154 0.888 -0.434 -0.155 0.887 -0.794 -0.28 0.539 -0.648 -0.624 0.436 -0.615 -0.542 0.574 -0.611 -0.533 0.586 -0.152 -0.161 0.975 0.001 -0.054 0.999 0.62 0.342 0.706 0.671 0.362 0.647 0.788 0.403 0.465 0.379 0.822 0.425 0.312 0.76 0.57 0.317 0.765 0.56 0.062 0.064 0.996 0.107 0.214 0.971 -0.136 -0.723 0.677 -0.131 -0.671 0.73 -0.146 -0.862 0.486 0.927 0.119 0.357 0.88 0.104 0.463 0.879 0.104 0.465 0.372 0.042 0.927 0.343 0.039 0.939 -0.591 -0.047 0.806 -0.611 -0.048 0.79 -0.853 -0.063 0.518 -0.807 0.408 0.426 -0.735 0.381 0.562 -0.733 0.38 0.564 -0.173 0.087 0.981 -0.141 0.07 0.988 0.598 -0.342 0.725 0.609 -0.349 0.713 0.75 -0.436 0.497 -0.75 0.493 0.44 -0.684 0.434 0.587 -0.686 0.436 0.583 -0.078 0.063 0.995 -0.132 0.095 0.987 0.64 -0.338 0.69 0.623 -0.33 0.71 0.774 -0.4 0.491 -0.944 0.011 0.33 -0.909 0.03 0.416 -0.908 0.03 0.418 -0.518 0.027 0.855 -0.468 0.024 0.883 0.474 -0.062 0.879 0.535 -0.07 0.842 0.845 -0.111 0.523 0.747 -0.519 0.415 0.684 -0.478 0.552 0.683 -0.477 0.553 0.163 -0.11 0.98 0.153 -0.103 0.983 -0.551 0.401 0.732 -0.554 0.403 0.728 -0.696 0.507 0.509 -0.139 -0.921 0.364 -0.147 -0.871 0.468 -0.147 -0.87 0.471 -0.064 -0.388 0.92 -0.054 -0.338 0.94 0.145 0.553 0.821 0.155 0.589 0.794 0.218 0.826 0.52 0.81 -0.507 0.293 0.807 -0.461 0.368 0.808 -0.463 0.365 0.519 -0.259 0.815 0.574 -0.29 0.766 -0.446 0.156 0.881 -0.307 0.105 0.946 -0.79 0.285 0.542 -0.332 -0.826 0.455 -0.32 -0.727 0.608 -0.319 -0.721 0.616 -0.064 -0.144 0.987 -0.019 -0.056 0.998 0.335 0.588 0.737 0.353 0.612 0.708 0.438 0.724 0.533 0.827 0.404 0.391 0.77 0.402 0.495 0.773 0.402 0.491 0.281 0.148 0.948 0.344 0.184 0.921 -0.513 -0.348 0.785 -0.466 -0.315 0.827 -0.711 -0.49 0.505 0.03 0.913 0.406 0.021 0.856 0.517 0.021 0.856 0.516 -0.012 0.307 0.952 -0.012 0.318 0.948 -0.033 -0.591 0.806 -0.033 -0.583 0.812 -0.03 -0.846 0.532 -0.141 -0.875 0.463 -0.165 -0.773 0.612 -0.167 -0.762 0.625 -0.036 -0.178 0.983 0.015 -0.019 1 0.262 0.625 0.735 0.29 0.667 0.686 0.365 0.773 0.519 -0.927 0.236 0.29 -0.91 0.189 0.369 -0.911 0.191 0.366 -0.541 0.07 0.838 -0.62 0.086 0.78 0.493 -0.026 0.869 0.338 -0.023 0.941 0.832 -0.033 0.553 0.878 0.008 0.478 0.782 -0.021 0.623 0.774 -0.023 0.633 0.129 -0.003 0.992 -0.005 0.01 1 -0.723 0.104 0.683 -0.757 0.115 0.643 -0.872 0.154 0.465 -0.48 -0.769 0.422 -0.453 -0.691 0.563 -0.452 -0.688 0.568 -0.122 -0.18 0.976 -0.082 -0.124 0.989 0.391 0.514 0.763 0.408 0.534 0.74 0.521 0.659 0.543 -0.953 -0.06 0.298 -0.923 -0.033 0.383 -0.922 -0.032 0.386 -0.569 -0.012 0.822 -0.503 -0.013 0.864 0.408 -0.06 0.911 0.504 -0.07 0.861 0.827 -0.098 0.553 0.728 0.512 0.456 0.672 0.453 0.586 0.67 0.45 0.591 0.157 0.113 0.981 0.095 0.075 0.993 -0.601 -0.332 0.727 -0.625 -0.344 0.701 -0.772 -0.413 0.483 0.857 0.37 0.36 0.833 0.331 0.444 0.832 0.33 0.447 0.475 0.167 0.864 0.412 0.145 0.899 -0.455 -0.126 0.882 -0.539 -0.147 0.829 -0.832 -0.218 0.51 -0.86 0.422 0.288 -0.838 0.404 0.368 -0.535 0.207 0.819 -0.534 0.207 0.82 0.383 -0.278 0.881 0.384 -0.278 0.88 0.732 -0.43 0.528 0.884 -0.095 0.458 0.798 -0.133 0.588 0.788 -0.137 0.6 0.185 -0.072 0.98 -0.004 -0.031 1 -0.714 0.182 0.676 -0.759 0.21 0.616 -0.857 0.278 0.435 -0.885 -0.29 0.363 -0.802 -0.31 0.511 -0.809 -0.309 0.501 -0.135 -0.064 0.989 -0.276 -0.129 0.952 0.6 0.334 0.727 0.556 0.299 0.776 0.717 0.432 0.547 -0.744 0.568 0.353 -0.708 0.539 0.458 -0.707 0.538 0.459 -0.336 0.185 0.923 -0.314 0.165 0.935 0.418 -0.458 0.785 0.434 -0.47 0.769 0.62 -0.612 0.491 0.257 -0.892 0.373 0.22 -0.831 0.511 0.219 -0.83 0.513 0.018 -0.253 0.967 0.007 -0.219 0.976 -0.207 0.62 0.757 -0.209 0.634 0.745 -0.236 0.808 0.54 0.154 -0.911 0.383 0.145 -0.833 0.534 0.145 -0.835 0.53 -0.034 -0.168 0.985 -0.018 -0.229 0.973 -0.239 0.65 0.721 -0.233 0.631 0.74 -0.279 0.801 0.53 0.636 -0.711 0.3 0.596 -0.705 0.384 0.595 -0.705 0.386 0.312 -0.458 0.833 0.278 -0.422 0.863 -0.33 0.332 0.884 -0.366 0.384 0.848 -0.536 0.654 0.535 -0.171 0.868 0.466 -0.162 0.786 0.597 -0.161 0.785 0.598 -0.078 0.128 0.989 -0.076 0.116 0.99 0.068 -0.725 0.686 0.069 -0.729 0.681 0.103 -0.886 0.452 0.762 0.484 0.43 0.726 0.438 0.53 0.725 0.437 0.532 0.292 0.147 0.945 0.247 0.12 0.961 -0.546 -0.315 0.776 -0.578 -0.33 0.747 -0.784 -0.421 0.456 -0.219 0.913 0.345 -0.253 0.875 0.414 -0.251 0.876 0.411 -0.215 0.501 0.838 -0.23 0.565 0.792 0.166 -0.494 0.854 0.102 -0.362 0.927 0.329 -0.804 0.496 -0.923 0.283 0.259 -0.9 0.232 0.37 -0.901 0.236 0.363 -0.39 0.086 0.917 -0.513 0.11 0.851 0.576 -0.045 0.816 0.479 -0.041 0.877 0.81 -0.052 0.584 0.197 0.879 0.434 0.197 0.803 0.563 0.197 0.797 0.571 -0.027 0.267 0.963 -0.086 0.135 0.987 -0.39 -0.578 0.716 -0.415 -0.625 0.661 -0.481 -0.754 0.448 -0.933 0.147 0.327 -0.869 0.116 0.481 -0.202 0.034 0.979 -0.289 0.042 0.956 0.656 -0.02 0.754 0.626 -0.021 0.78 0.818 -0.015 0.575 -0.291 0.878 0.379 -0.259 0.819 0.513 -0.257 0.815 0.52 -0.172 0.26 0.95 -0.155 0.144 0.977 -0.019 -0.652 0.758 -0.014 -0.699 0.715 0.009 -0.861 0.508 -0.7 0.628 0.34 -0.646 0.593 0.48 -0.643 0.591 0.487 -0.27 0.162 0.949 -0.208 0.091 0.974 0.343 -0.528 0.777 0.366 -0.556 0.746 0.474 -0.686 0.552 -0.906 0.367 0.21 -0.872 0.393 0.291 -0.87 0.394 0.295 -0.614 0.29 0.734 -0.542 0.249 0.803 0.211 -0.227 0.951 0.34 -0.317 0.885 0.626 -0.506 0.593 -0.97 0.09 0.226 -0.945 0.064 0.321 -0.946 0.065 0.318 -0.537 0.027 0.843 -0.595 0.029 0.803 0.475 0.029 0.879 0.402 0.026 0.915 0.795 0.042 0.605 -0.218 -0.913 0.346 -0.234 -0.864 0.447 -0.234 -0.863 0.449 -0.184 -0.387 0.903 -0.176 -0.345 0.922 0.066 0.543 0.837 0.079 0.576 0.814 0.183 0.82 0.542 -0.401 0.846 0.35 -0.354 0.806 0.474 -0.35 0.803 0.483 -0.219 0.321 0.922 -0.182 0.168 0.969 0.01 -0.615 0.788 0.022 -0.69 0.723 0.052 -0.86 0.507 -0.397 0.837 0.377 -0.4 0.756 0.518 -0.4 0.76 0.513 -0.146 0.13 0.981 -0.186 0.209 0.96 0.291 -0.607 0.74 0.27 -0.58 0.768 0.401 -0.735 0.546 -0.932 0.232 0.279 -0.905 0.221 0.363 -0.561 0.107 0.821 -0.56 0.106 0.822 0.39 -0.152 0.908 0.392 -0.153 0.907 0.779 -0.239 0.579 0.86 0.116 0.496 0.776 0.063 0.628 0.767 0.058 0.64 0.161 0.001 0.987 -0.021 0 1 -0.729 0.041 0.684 -0.78 0.056 0.623 -0.894 0.096 0.437 -0.799 -0.463 0.384 -0.711 -0.455 0.536 -0.718 -0.456 0.525 -0.133 -0.058 0.989 -0.25 -0.148 0.957 0.48 0.468 0.742 0.442 0.425 0.79 0.582 0.588 0.561 -0.849 0.402 0.342 -0.806 0.382 0.452 -0.805 0.382 0.453 -0.369 0.13 0.92 -0.344 0.116 0.932 0.467 -0.319 0.825 0.485 -0.328 0.811 0.711 -0.441 0.547 0.426 -0.796 0.43 0.371 -0.735 0.568 0.37 -0.734 0.57 0.044 -0.201 0.979 0.028 -0.171 0.985 -0.34 0.567 0.75 -0.345 0.579 0.739 -0.408 0.744 0.529 0.33 -0.835 0.441 0.298 -0.75 0.59 0.299 -0.753 0.586 -0.02 -0.133 0.991 0.007 -0.186 0.983 -0.377 0.589 0.715 -0.367 0.571 0.734 -0.448 0.728 0.519 0.76 -0.545 0.354 0.715 -0.543 0.44 0.714 -0.543 0.442 0.364 -0.338 0.868 0.323 -0.31 0.894 -0.395 0.267 0.879 -0.439 0.309 0.844 -0.663 0.531 0.527 -0.358 0.817 0.452 -0.332 0.738 0.588 -0.332 0.737 0.589 -0.12 0.132 0.984 -0.116 0.121 0.986 0.197 -0.65 0.734 0.198 -0.655 0.729 0.273 -0.816 0.509 0.621 0.649 0.441 0.59 0.596 0.544 0.589 0.595 0.546 0.218 0.227 0.949 0.181 0.192 0.965 -0.463 -0.388 0.797 -0.49 -0.41 0.769 -0.672 -0.56 0.485 -0.413 0.851 0.324 -0.438 0.807 0.397 -0.437 0.809 0.394 -0.323 0.451 0.832 -0.351 0.509 0.786 0.234 -0.401 0.886 0.145 -0.287 0.947 0.47 -0.687 0.554 -0.708 0.609 0.359 -0.693 0.549 0.468 -0.694 0.553 0.462 -0.214 0.21 0.954 -0.326 0.28 0.903 0.614 -0.27 0.742 0.533 -0.232 0.813 0.799 -0.359 0.483 0.559 0.745 0.365 0.548 0.675 0.493 0.547 0.67 0.502 0.197 0.251 0.948 0.095 0.144 0.985 -0.491 -0.424 0.761 -0.537 -0.458 0.709 -0.664 -0.547 0.509 -0.764 0.479 0.433 -0.698 0.423 0.579 -0.701 0.425 0.573 -0.053 0.09 0.995 -0.134 0.13 0.983 0.69 -0.274 0.67 0.665 -0.264 0.699 0.819 -0.326 0.472 0.12 0.921 0.372 0.142 0.855 0.499 0.143 0.85 0.506 0.06 0.297 0.953 0.033 0.178 0.983 -0.178 -0.628 0.758 -0.196 -0.671 0.715 -0.26 -0.82 0.51 -0.352 0.848 0.397 -0.3 0.794 0.529 -0.297 0.791 0.535 -0.069 0.239 0.968 -0.037 0.147 0.988 0.201 -0.646 0.736 0.207 -0.68 0.704 0.23 -0.834 0.501 -0.663 0.683 0.305 -0.612 0.694 0.38 -0.609 0.694 0.384 -0.362 0.492 0.792 -0.303 0.425 0.853 0.221 -0.315 0.923 0.296 -0.448 0.844 0.447 -0.726 0.523 -0.832 0.439 0.339 -0.808 0.403 0.431 -0.808 0.404 0.428 -0.382 0.208 0.901 -0.44 0.232 0.868 0.557 -0.162 0.814 0.494 -0.139 0.859 0.824 -0.262 0.503 -0.497 -0.78 0.38 -0.482 -0.734 0.479 -0.482 -0.733 0.481 -0.21 -0.323 0.923 -0.184 -0.286 0.94 0.372 0.481 0.794 0.392 0.507 0.767 0.539 0.696 0.474 0.006 0.934 0.359 0.048 0.879 0.474 0.051 0.874 0.483 0.037 0.373 0.927 0.017 0.212 0.977 -0.134 -0.605 0.785 -0.16 -0.676 0.719 -0.221 -0.835 0.505 0.009 0.923 0.385 -0.008 0.85 0.526 -0.007 0.854 0.52 0.036 0.162 0.986 0.028 0.254 0.967 0.118 -0.699 0.705 0.113 -0.667 0.736 0.144 -0.852 0.504 0.315 -0.867 0.386 0.334 -0.8 0.498 0.334 -0.804 0.492 0.105 -0.257 0.961 0.161 -0.367 0.916 -0.353 0.514 0.782 -0.299 0.441 0.846 -0.488 0.692 0.532 -0.83 -0.369 0.419 -0.777 -0.312 0.547 -0.772 -0.307 0.556 -0.247 -0.108 0.963 -0.112 -0.067 0.991 0.639 0.136 0.757 0.695 0.143 0.705 0.851 0.161 0.501 0.432 -0.777 0.459 0.403 -0.685 0.607 0.405 -0.689 0.602 0.033 -0.087 0.996 0.079 -0.155 0.985 -0.422 0.557 0.716 -0.403 0.535 0.743 -0.523 0.674 0.522 -0.549 -0.723 0.419 -0.526 -0.65 0.548 -0.525 -0.645 0.555 -0.158 -0.206 0.966 -0.079 -0.121 0.99 0.479 0.445 0.756 0.516 0.475 0.713 0.644 0.576 0.504 -0.115 -0.892 0.437 -0.126 -0.811 0.572 -0.127 -0.806 0.578 -0.026 -0.216 0.976 -0.007 -0.127 0.992 0.176 0.637 0.751 0.188 0.67 0.718 0.242 0.823 0.514 0.237 -0.913 0.331 0.188 -0.892 0.412 0.185 -0.89 0.416 0.086 -0.567 0.819 0.071 -0.479 0.875 0.003 0.363 0.932 0.004 0.51 0.86 0.004 0.836 0.549 0.513 -0.781 0.357 0.509 -0.732 0.453 0.509 -0.733 0.45 0.242 -0.334 0.911 0.278 -0.382 0.882 -0.353 0.394 0.849 -0.308 0.344 0.887 -0.557 0.618 0.555 0.823 0.435 0.365 0.787 0.401 0.468 0.787 0.401 0.47 0.357 0.177 0.917 0.318 0.159 0.935 -0.51 -0.222 0.831 -0.542 -0.235 0.807 -0.781 -0.334 0.528 -0.462 -0.79 0.404 -0.462 -0.717 0.522 -0.462 -0.71 0.531 -0.178 -0.279 0.944 -0.081 -0.156 0.984 0.432 0.446 0.784 0.488 0.496 0.718 0.618 0.607 0.499 -0.458 -0.778 0.431 -0.398 -0.716 0.573 -0.401 -0.719 0.567 -0.073 -0.106 0.992 -0.111 -0.184 0.977 0.271 0.644 0.716 0.26 0.613 0.746 0.324 0.795 0.513 0.897 0.391 0.207 0.876 0.381 0.296 0.876 0.381 0.297 0.573 0.246 0.782 0.572 0.245 0.782 -0.287 -0.129 0.949 -0.289 -0.13 0.948 -0.682 -0.299 0.667 -0.536 -0.63 0.562 -0.486 -0.535 0.692 -0.48 -0.525 0.703 -0.015 -0.11 0.994 0.121 -0.001 0.993 0.651 0.403 0.643 0.696 0.425 0.579 0.795 0.471 0.382 0.369 0.851 0.374 0.321 0.784 0.532 0.325 0.789 0.521 0.169 0.111 0.979 0.198 0.25 0.948 0.001 -0.664 0.748 0.008 -0.607 0.795 -0.023 -0.824 0.566 0.943 0.203 0.264 0.905 0.19 0.381 0.904 0.19 0.382 0.451 0.11 0.886 0.424 0.106 0.899 -0.456 -0.046 0.889 -0.478 -0.049 0.877 -0.758 -0.097 0.645 -0.767 0.36 0.532 -0.669 0.341 0.66 -0.667 0.341 0.662 -0.049 0.115 0.992 -0.019 0.102 0.995 0.679 -0.243 0.692 0.69 -0.25 0.68 0.823 -0.341 0.455 -0.715 0.448 0.537 -0.619 0.397 0.678 -0.622 0.398 0.674 0.04 0.101 0.994 -0.012 0.125 0.992 0.718 -0.239 0.653 0.701 -0.231 0.674 0.843 -0.304 0.444 -0.886 -0.043 0.462 -0.838 -0.018 0.546 -0.836 -0.017 0.548 -0.384 0.031 0.923 -0.333 0.033 0.942 0.549 0.02 0.836 0.605 0.015 0.796 0.891 -0.017 0.455 0.822 -0.429 0.375 0.764 -0.382 0.52 0.764 -0.381 0.52 0.271 -0.041 0.962 0.262 -0.035 0.964 -0.463 0.376 0.803 -0.467 0.378 0.799 -0.65 0.466 0.6 -0.028 -0.896 0.443 -0.026 -0.835 0.549 -0.026 -0.834 0.552 0.074 -0.316 0.946 0.082 -0.268 0.96 0.198 0.568 0.799 0.202 0.603 0.772 0.221 0.843 0.491 0.875 -0.422 0.239 0.873 -0.371 0.315 0.873 -0.374 0.312 0.602 -0.164 0.781 0.655 -0.192 0.731 -0.321 0.157 0.934 -0.179 0.121 0.976 -0.719 0.244 0.651 0.755 0.532 0.384 0.724 0.513 0.461 0.382 0.298 0.875 0.381 0.298 0.875 -0.474 -0.284 0.833 -0.476 -0.285 0.832 -0.751 -0.489 0.444 -0.514 -0.779 0.361 -0.517 -0.696 0.499 -0.516 -0.687 0.511 -0.206 -0.218 0.954 -0.084 -0.073 0.994 0.449 0.483 0.752 0.499 0.515 0.697 0.615 0.585 0.528 0.122 0.886 0.448 0.058 0.809 0.585 0.062 0.815 0.576 -0.054 0.06 0.997 -0.045 0.22 0.974 -0.017 -0.754 0.657 -0.031 -0.704 0.71 0.027 -0.884 0.466 0.828 0.351 0.437 0.779 0.323 0.537 0.778 0.323 0.539 0.265 0.123 0.956 0.236 0.112 0.965 -0.646 -0.219 0.731 -0.664 -0.225 0.713 -0.86 -0.296 0.417 -0.928 0.172 0.33 -0.867 0.163 0.472 -0.865 0.162 0.474 -0.291 0.02 0.957 -0.256 0.011 0.967 0.601 -0.187 0.777 0.615 -0.191 0.765 0.791 -0.232 0.565 -0.897 0.269 0.351 -0.834 0.227 0.502 -0.837 0.228 0.498 -0.192 0.022 0.981 -0.253 0.038 0.967 0.645 -0.171 0.745 0.624 -0.168 0.764 0.805 -0.19 0.561 -0.944 -0.244 0.223 -0.925 -0.219 0.311 -0.924 -0.218 0.313 -0.6 -0.129 0.79 -0.554 -0.119 0.824 0.395 0.05 0.917 0.46 0.059 0.886 0.796 0.107 0.595 0.817 -0.311 0.485 0.734 -0.292 0.613 0.733 -0.292 0.614 0.092 -0.084 0.992 0.081 -0.079 0.994 -0.714 0.229 0.662 -0.718 0.23 0.657 -0.856 0.296 0.424 0.06 -0.936 0.347 0.03 -0.893 0.449 0.029 -0.892 0.451 -0.056 -0.416 0.908 -0.061 -0.365 0.929 -0.078 0.564 0.822 -0.075 0.601 0.795 -0.045 0.849 0.526 0.885 -0.28 0.371 0.864 -0.238 0.443 0.865 -0.24 0.441 0.495 -0.13 0.859 0.562 -0.143 0.815 -0.566 0.016 0.824 -0.424 0.002 0.906 -0.893 0.055 0.447 -0.149 0.903 0.403 -0.178 0.843 0.508 -0.176 0.847 0.502 -0.053 0.248 0.967 -0.089 0.377 0.922 0.258 -0.648 0.717 0.221 -0.57 0.791 0.344 -0.824 0.451 0.894 0.155 0.421 0.831 0.101 0.547 0.826 0.098 0.555 0.271 0.002 0.963 0.13 -0.009 0.991 -0.652 -0.018 0.758 -0.708 -0.008 0.706 -0.864 0.024 0.504 -0.27 0.841 0.469 -0.261 0.748 0.61 -0.262 0.752 0.605 -0.011 0.05 0.999 -0.045 0.134 0.99 0.312 -0.699 0.644 0.3 -0.676 0.673 0.379 -0.813 0.442 0.67 0.597 0.442 0.637 0.521 0.568 0.635 0.516 0.575 0.2 0.128 0.971 0.106 0.057 0.993 -0.549 -0.386 0.741 -0.591 -0.406 0.697 -0.737 -0.469 0.486 0.26 0.85 0.458 0.26 0.766 0.588 0.26 0.762 0.594 0.07 0.171 0.983 0.036 0.082 0.996 -0.275 -0.654 0.705 -0.292 -0.682 0.671 -0.368 -0.808 0.46 -0.069 0.933 0.354 -0.028 0.903 0.429 -0.026 0.901 0.433 0.018 0.564 0.826 0.018 0.471 0.882 -0.059 -0.426 0.903 -0.084 -0.572 0.816 -0.138 -0.867 0.48 -0.342 0.862 0.374 -0.348 0.815 0.463 -0.348 0.817 0.46 -0.174 0.362 0.916 -0.2 0.421 0.885 0.281 -0.535 0.796 0.248 -0.478 0.843 0.421 -0.772 0.476 -0.895 -0.267 0.359 -0.852 -0.246 0.462 -0.851 -0.245 0.464 -0.38 -0.143 0.914 -0.338 -0.134 0.932 0.553 0.061 0.831 0.586 0.068 0.808 0.839 0.125 0.529 0.59 0.684 0.429 0.582 0.605 0.543 0.581 0.599 0.552 0.232 0.201 0.952 0.115 0.093 0.989 -0.502 -0.4 0.767 -0.567 -0.435 0.7 -0.717 -0.507 0.478 0.585 0.672 0.455 0.517 0.617 0.593 0.521 0.62 0.587 0.098 0.043 0.994 0.15 0.116 0.982 -0.371 -0.638 0.675 -0.355 -0.611 0.708 -0.446 -0.765 0.465 -0.09 0.938 0.334 -0.085 0.904 0.419 -0.044 0.514 0.856 -0.044 0.513 0.857 0.047 -0.439 0.897 0.047 -0.441 0.896 0.082 -0.825 0.559 0.461 -0.765 0.45 0.385 -0.71 0.59 0.377 -0.703 0.603 0.12 -0.181 0.976 0.056 -0.018 0.998 -0.179 0.653 0.735 -0.187 0.71 0.679 -0.203 0.843 0.498 -0.712 0.54 0.448 -0.662 0.458 0.593 -0.667 0.464 0.583 -0.042 0.063 0.997 -0.174 0.137 0.975 0.668 -0.292 0.685 0.617 -0.276 0.737 0.804 -0.333 0.492 0.116 0.916 0.385 0.119 0.861 0.494 0.119 0.86 0.496 0.053 0.343 0.938 0.049 0.315 0.948 -0.096 -0.565 0.819 -0.1 -0.585 0.805 -0.148 -0.83 0.537 -0.599 -0.67 0.438 -0.55 -0.605 0.575 -0.549 -0.604 0.578 -0.12 -0.145 0.982 -0.096 -0.12 0.988 0.479 0.471 0.741 0.489 0.48 0.729 0.613 0.599 0.515 -0.665 -0.594 0.452 -0.587 -0.544 0.6 -0.59 -0.546 0.595 -0.075 -0.064 0.995 -0.118 -0.107 0.987 0.486 0.513 0.707 0.473 0.498 0.727 0.584 0.631 0.51 -0.248 -0.906 0.342 -0.256 -0.865 0.432 -0.256 -0.864 0.434 -0.149 -0.478 0.866 -0.133 -0.432 0.892 0.177 0.415 0.892 0.2 0.472 0.859 0.322 0.77 0.55 0.693 0.579 0.43 0.634 0.525 0.568 0.147 0.117 0.982 0.138 0.109 0.984 -0.517 -0.425 0.743 -0.521 -0.428 0.739 -0.662 -0.538 0.521 0.865 -0.34 0.368 0.814 -0.336 0.474 0.812 -0.336 0.477 0.358 -0.151 0.922 0.312 -0.131 0.941 -0.492 0.249 0.834 -0.525 0.267 0.808 -0.748 0.385 0.54 0.7 0.645 0.307 0.654 0.652 0.384 0.656 0.651 0.381 0.378 0.414 0.828 0.422 0.46 0.781 -0.254 -0.381 0.889 -0.17 -0.264 0.949 -0.473 -0.682 0.558 0.763 -0.419 0.492 0.66 -0.391 0.641 0.654 -0.389 0.649 0.101 -0.064 0.993 0.018 -0.01 1 -0.567 0.41 0.714 -0.589 0.43 0.684 -0.685 0.525 0.505 -0.32 0.87 0.374 -0.328 0.814 0.479 -0.327 0.816 0.476 -0.145 0.304 0.942 -0.173 0.37 0.913 0.257 -0.528 0.809 0.228 -0.476 0.849 0.387 -0.748 0.54 -0.915 0.152 0.374 -0.862 0.138 0.487 -0.863 0.138 0.487 -0.337 0.043 0.941 -0.348 0.045 0.937 0.552 -0.094 0.829 0.544 -0.093 0.834 0.815 -0.129 0.565 0.833 -0.24 0.498 0.724 -0.248 0.644 0.712 -0.248 0.657 0.137 -0.041 0.99 -0.014 0.029 0.999 -0.613 0.344 0.711 -0.649 0.376 0.661 -0.741 0.46 0.49 -0.364 -0.881 0.303 -0.317 -0.867 0.385 -0.319 -0.868 0.381 -0.164 -0.501 0.85 -0.188 -0.578 0.794 0.056 0.488 0.871 0.031 0.338 0.94 0.116 0.823 0.557 0.083 0.874 0.478 0.095 0.774 0.626 0.096 0.766 0.636 -0.016 0.14 0.99 -0.044 0.013 0.999 -0.216 -0.681 0.7 -0.23 -0.715 0.661 -0.279 -0.83 0.483 0.693 -0.556 0.46 0.612 -0.517 0.598 0.609 -0.516 0.602 0.129 -0.124 0.984 0.078 -0.079 0.994 -0.489 0.456 0.743 -0.506 0.475 0.72 -0.612 0.598 0.517 -0.067 -0.944 0.322 -0.093 -0.909 0.407 -0.094 -0.907 0.41 -0.085 -0.54 0.838 -0.077 -0.474 0.877 0.078 0.401 0.913 0.1 0.493 0.864 0.181 0.809 0.559 -0.441 0.785 0.435 -0.392 0.723 0.569 -0.39 0.72 0.574 -0.126 0.181 0.975 -0.097 0.117 0.988 0.233 -0.613 0.755 0.243 -0.64 0.729 0.304 -0.8 0.517 -0.281 0.896 0.343 -0.248 0.868 0.43 -0.246 0.867 0.433 -0.139 0.495 0.858 -0.125 0.431 0.894 0.04 -0.44 0.897 0.053 -0.527 0.848 0.1 -0.836 0.54 0.839 -0.18 0.514 0.736 -0.16 0.657 0.73 -0.159 0.665 0.091 0.077 0.993 -0.01 0.115 0.993 -0.696 0.356 0.624 -0.719 0.366 0.591 -0.819 0.409 0.402 -0.534 0.808 0.247 -0.534 0.767 0.356 -0.534 0.769 0.352 -0.253 0.381 0.889 -0.296 0.436 0.85 0.364 -0.363 0.858 0.321 -0.316 0.893 0.547 -0.571 0.612 -0.949 0.001 0.315 -0.905 0.011 0.424 -0.906 0.011 0.424 -0.396 0.083 0.914 -0.408 0.082 0.909 0.568 0.12 0.814 0.56 0.12 0.82 0.829 0.107 0.549 0.868 0 0.497 0.767 -0.013 0.641 0.756 -0.014 0.654 0.125 0.108 0.986 -0.053 0.146 0.988 -0.726 0.283 0.627 -0.765 0.298 0.571 -0.857 0.334 0.392 -0.196 -0.895 0.401 -0.152 -0.864 0.481 -0.154 -0.865 0.477 -0.089 -0.426 0.9 -0.094 -0.513 0.853 -0.078 0.597 0.799 -0.074 0.453 0.888 -0.08 0.893 0.443 -0.123 0.925 0.358 -0.093 0.851 0.518 -0.091 0.844 0.528 -0.08 0.254 0.964 -0.082 0.124 0.989 -0.098 -0.629 0.771 -0.104 -0.669 0.736 -0.124 -0.81 0.573 0.801 -0.325 0.502 0.717 -0.293 0.632 0.714 -0.292 0.637 0.135 0.023 0.991 0.07 0.058 0.996 -0.63 0.422 0.652 -0.65 0.433 0.625 -0.767 0.496 0.407 0.13 -0.893 0.431 0.092 -0.855 0.51 0.091 -0.854 0.513 0.005 -0.448 0.894 -0.003 -0.378 0.926 -0.037 0.521 0.853 -0.032 0.61 0.792 -0.008 0.894 0.447 -0.638 0.704 0.313 -0.582 0.676 0.452 -0.58 0.675 0.457 -0.207 0.269 0.941 -0.162 0.214 0.963 0.358 -0.457 0.814 0.375 -0.483 0.791 0.477 -0.643 0.6 -0.499 0.839 0.216 -0.463 0.833 0.304 -0.461 0.832 0.307 -0.286 0.558 0.779 -0.258 0.504 0.824 0.114 -0.317 0.941 0.148 -0.404 0.902 0.275 -0.725 0.631 0.774 -0.553 0.31 0.745 -0.536 0.397 0.423 -0.328 0.845 0.422 -0.327 0.845 -0.338 0.205 0.919 -0.339 0.206 0.918 -0.662 0.445 0.604 -0.867 0.121 0.483 -0.77 0.137 0.624 -0.759 0.138 0.636 -0.192 -0.016 0.981 -0.031 -0.071 0.997 0.615 -0.311 0.725 0.663 -0.34 0.667 0.775 -0.409 0.482 0.875 0.178 0.45 0.78 0.186 0.598 0.788 0.185 0.587 0.09 -0.049 0.995 0.228 0.004 0.974 -0.634 -0.347 0.691 -0.587 -0.321 0.743 -0.76 -0.418 0.498 0.621 -0.698 0.358 0.578 -0.667 0.471 0.577 -0.666 0.472 0.234 -0.295 0.926 0.216 -0.274 0.937 -0.342 0.397 0.852 -0.354 0.413 0.839 -0.516 0.625 0.586 -0.103 0.868 0.486 -0.083 0.78 0.62 -0.083 0.779 0.622 -0.013 0.141 0.99 -0.01 0.107 0.994 0.053 -0.691 0.721 0.053 -0.704 0.709 0.058 -0.87 0.489 -0.003 0.868 0.497 -0.014 0.767 0.642 -0.013 0.77 0.638 0.018 0.056 0.998 0.014 0.114 0.993 0.079 -0.723 0.686 0.076 -0.704 0.706 0.1 -0.869 0.484 -0.514 0.762 0.394 -0.474 0.736 0.483 -0.473 0.735 0.485 -0.242 0.378 0.894 -0.217 0.336 0.917 0.208 -0.432 0.878 0.234 -0.484 0.843 0.376 -0.763 0.525 -0.011 -0.915 0.402 -0.01 -0.839 0.544 -0.01 -0.839 0.545 0.009 -0.223 0.975 0.009 -0.212 0.977 0.032 0.629 0.777 0.032 0.633 0.773 0.038 0.825 0.564 -0.809 -0.456 0.371 -0.769 -0.423 0.48 -0.768 -0.422 0.482 -0.323 -0.21 0.923 -0.278 -0.19 0.942 0.514 0.178 0.839 0.548 0.193 0.814 0.781 0.3 0.548 0.032 -0.961 0.274 0.068 -0.933 0.353 0.067 -0.934 0.35 0.077 -0.58 0.811 0.082 -0.642 0.762 -0.102 0.395 0.913 -0.068 0.254 0.965 -0.191 0.773 0.604 -0.774 0.543 0.326 -0.757 0.488 0.435 -0.758 0.491 0.429 -0.26 0.208 0.943 -0.378 0.266 0.887 0.627 -0.198 0.753 0.542 -0.167 0.823 0.823 -0.272 0.499 0.478 0.802 0.358 0.472 0.735 0.487 0.471 0.73 0.495 0.152 0.288 0.945 0.059 0.172 0.983 -0.469 -0.458 0.755 -0.51 -0.496 0.703 -0.623 -0.6 0.502 -0.819 0.411 0.4 -0.753 0.365 0.548 -0.756 0.367 0.542 -0.086 0.103 0.991 -0.171 0.135 0.976 0.705 -0.196 0.682 0.678 -0.188 0.71 0.84 -0.238 0.488 0.019 0.936 0.351 0.045 0.876 0.48 0.047 0.872 0.487 0.008 0.322 0.947 -0.007 0.2 0.98 -0.133 -0.632 0.763 -0.145 -0.678 0.72 -0.189 -0.834 0.517 -0.446 0.816 0.367 -0.392 0.772 0.501 -0.39 0.769 0.507 -0.116 0.252 0.961 -0.075 0.163 0.984 0.252 -0.614 0.748 0.262 -0.647 0.716 -0.736 0.619 0.273 -0.686 0.638 0.351 -0.432 0.472 0.768 -0.368 0.412 0.833 0.235 -0.278 0.931 0.325 -0.405 0.854 0.509 -0.67 0.54 -0.88 0.362 0.307 -0.855 0.332 0.399 -0.856 0.333 0.396 -0.427 0.189 0.884 -0.486 0.206 0.849 0.559 -0.095 0.823 0.493 -0.077 0.867 0.838 -0.174 0.517 -0.429 -0.818 0.383 -0.421 -0.77 0.48 -0.421 -0.769 0.482 -0.2 -0.328 0.923 -0.179 -0.289 0.941 0.309 0.533 0.788 0.327 0.56 0.761 0.461 0.755 0.466 -0.096 0.937 0.335 -0.051 0.89 0.453 -0.048 0.886 0.461 -0.021 0.396 0.918 -0.027 0.232 0.972 -0.091 -0.606 0.791 -0.108 -0.68 0.726 -0.149 -0.845 0.513 -0.093 0.928 0.362 -0.106 0.858 0.503 -0.105 0.861 0.498 -0.002 0.184 0.983 -0.019 0.275 0.961 0.174 -0.675 0.717 0.164 -0.644 0.747 0.219 -0.826 0.519 0.549 -0.779 0.302 0.561 -0.719 0.411 0.56 -0.723 0.405 0.236 -0.269 0.934 0.32 -0.366 0.874 -0.45 0.417 0.79 -0.376 0.359 0.854 -0.627 0.555 0.547 -0.702 -0.571 0.425 -0.662 -0.508 0.551 -0.659 -0.503 0.559 -0.17 -0.198 0.965 -0.04 -0.124 0.992 0.654 0.27 0.707 0.702 0.29 0.651 0.83 0.344 0.439 0.644 -0.671 0.369 0.609 -0.6 0.519 0.611 -0.603 0.513 0.117 -0.111 0.987 0.183 -0.171 0.968 -0.528 0.442 0.725 -0.504 0.426 0.751 -0.656 0.529 0.539 -0.327 -0.859 0.394 -0.319 -0.791 0.523 -0.319 -0.786 0.53 -0.05 -0.28 0.959 0.01 -0.173 0.985 0.408 0.55 0.729 0.432 0.587 0.684 0.515 0.715 0.472 0.147 -0.915 0.376 0.124 -0.85 0.511 0.122 -0.847 0.517 0.09 -0.259 0.962 0.086 -0.162 0.983 0.046 0.669 0.742 0.047 0.704 0.709 0.047 0.86 0.507 0.482 -0.839 0.254 0.436 -0.836 0.333 0.434 -0.836 0.337 0.288 -0.579 0.762 0.255 -0.499 0.828 -0.044 0.353 0.934 -0.088 0.502 0.86 -0.188 0.814 0.55 0.712 -0.649 0.268 0.706 -0.609 0.361 0.706 -0.61 0.358 0.393 -0.312 0.865 0.439 -0.35 0.828 -0.418 0.298 0.858 -0.359 0.258 0.897 -0.675 0.468 0.571 0.72 0.615 0.322 0.703 0.573 0.422 0.702 0.572 0.424 0.372 0.246 0.895 0.339 0.217 0.915 -0.414 -0.372 0.831 -0.442 -0.391 0.807 -0.661 -0.531 0.531 -0.223 -0.902 0.371 -0.238 -0.839 0.49 -0.239 -0.833 0.498 -0.051 -0.359 0.932 0.016 -0.209 0.978 0.362 0.54 0.76 0.399 0.602 0.692 0.481 0.74 0.47 -0.221 -0.891 0.397 -0.172 -0.827 0.535 -0.174 -0.83 0.53 0.012 -0.156 0.988 -0.007 -0.246 0.969 0.138 0.698 0.703 0.137 0.666 0.733 0.135 0.854 0.502 0.87 -0.392 0.3 0.849 -0.37 0.378 0.551 -0.152 0.82 0.55 -0.151 0.821 -0.385 0.328 0.863 -0.387 0.329 0.862 -0.738 0.451 0.502 -0.883 0.119 0.455 -0.797 0.165 0.581 -0.788 0.169 0.592 -0.18 0.133 0.975 0.012 0.093 0.996 0.727 -0.135 0.673 0.771 -0.166 0.614 0.866 -0.243 0.437 0.889 0.312 0.336 0.806 0.341 0.484 0.813 0.34 0.473 0.144 0.126 0.982 0.285 0.188 0.94 -0.592 -0.288 0.753 -0.548 -0.25 0.798 -0.711 -0.397 0.58 0.76 -0.531 0.374 0.725 -0.497 0.476 0.725 -0.497 0.478 0.353 -0.125 0.927 0.33 -0.104 0.938 -0.426 0.499 0.755 -0.442 0.51 0.738 -0.632 0.629 0.454 -0.28 0.905 0.32 -0.24 0.854 0.461 -0.24 0.853 0.463 -0.016 0.311 0.95 -0.004 0.278 0.961 0.233 -0.567 0.79 0.236 -0.581 0.779 0.266 -0.766 0.585 -0.178 0.927 0.329 -0.165 0.859 0.484 -0.165 0.862 0.48 0.039 0.229 0.973 0.021 0.288 0.957 0.266 -0.599 0.756 0.26 -0.578 0.774 0.308 -0.759 0.574 -0.651 0.713 0.259 -0.611 0.714 0.342 -0.61 0.713 0.344 -0.319 0.504 0.803 -0.284 0.47 0.836 0.35 -0.272 0.896 0.387 -0.326 0.863 0.56 -0.608 0.563 0.201 -0.832 0.516 0.191 -0.742 0.643 0.092 -0.065 0.994 0.09 -0.053 0.995 -0.083 0.762 0.642 -0.084 0.766 0.637 -0.125 0.908 0.4 -0.757 -0.457 0.468 -0.72 -0.405 0.564 -0.719 -0.403 0.566 -0.283 -0.088 0.955 -0.238 -0.06 0.969 0.551 0.363 0.751 0.583 0.376 0.72 0.787 0.449 0.423 0.249 -0.883 0.397 0.283 -0.84 0.463 0.282 -0.842 0.46 0.239 -0.443 0.864 0.256 -0.51 0.822 -0.173 0.542 0.822 -0.104 0.417 0.903 -0.348 0.824 0.447 -0.799 -0.23 0.556 -0.697 -0.163 0.698 -0.691 -0.159 0.705 -0.071 0.04 0.997 0.021 0.062 0.998 0.699 0.178 0.692 0.728 0.178 0.662 0.861 0.172 0.479 0.863 -0.332 0.38 0.828 -0.28 0.486 0.829 -0.282 0.482 0.344 -0.033 0.938 0.408 -0.059 0.911 -0.51 0.224 0.831 -0.451 0.212 0.867 -0.776 0.264 0.573 0.749 0.579 0.321 0.705 0.557 0.44 0.705 0.557 0.439 0.29 0.27 0.918 0.298 0.276 0.914 -0.402 -0.267 0.876 -0.395 -0.262 0.881 -0.622 -0.454 0.638 -0.718 -0.399 0.571 -0.638 -0.303 0.708 -0.63 -0.293 0.719 -0.08 -0.001 0.997 0.068 0.059 0.996 0.683 0.254 0.685 0.731 0.256 0.633 0.852 0.255 0.457 -0.373 0.886 0.275 -0.391 0.845 0.364 -0.39 0.847 0.36 -0.206 0.503 0.839 -0.248 0.57 0.783 0.339 -0.3 0.892 0.252 -0.178 0.951 0.533 -0.598 0.599 0.592 -0.618 0.518 0.512 -0.543 0.665 0.506 -0.537 0.675 0.146 -0.012 0.989 0.077 0.09 0.993 -0.307 0.656 0.69 -0.324 0.688 0.65 -0.385 0.796 0.467 -0.851 -0.09 0.517 -0.758 -0.048 0.65 -0.755 -0.047 0.655 -0.132 0.058 0.99 -0.067 0.065 0.996 0.679 0.095 0.728 0.704 0.092 0.704 0.865 0.072 0.497 -0.624 0.715 0.316 -0.574 0.713 0.402 -0.572 0.713 0.406 -0.287 0.473 0.833 -0.244 0.426 0.871 0.264 -0.254 0.931 0.312 -0.335 0.889 0.479 -0.636 0.605 0.883 -0.182 0.432 0.805 -0.165 0.57 0.802 -0.164 0.574 0.247 0.036 0.968 0.184 0.058 0.981 -0.558 0.295 0.776 -0.586 0.304 0.751 -0.759 0.357 0.545 0.855 -0.381 0.352 0.812 -0.379 0.443 0.811 -0.379 0.447 0.473 -0.169 0.865 0.419 -0.134 0.898 -0.297 0.322 0.899 -0.37 0.368 0.853 -0.644 0.529 0.553 0.748 0.534 0.394 0.677 0.531 0.509 0.681 0.532 0.503 0.225 0.152 0.962 0.312 0.236 0.92 -0.373 -0.489 0.789 -0.318 -0.417 0.852 -0.511 -0.668 0.541 0.599 -0.694 0.398 0.532 -0.662 0.528 0.527 -0.659 0.537 0.189 -0.221 0.957 0.11 -0.105 0.988 -0.308 0.558 0.771 -0.332 0.609 0.72 -0.398 0.756 0.519 0.625 0.621 0.472 0.544 0.563 0.622 0.548 0.566 0.616 0.086 0.038 0.996 0.137 0.1 0.986 -0.395 -0.566 0.723 -0.379 -0.542 0.75 -0.483 -0.697 0.53 0.851 -0.337 0.402 0.777 -0.337 0.532 0.772 -0.337 0.539 0.255 -0.111 0.961 0.151 -0.059 0.987 -0.552 0.324 0.768 -0.591 0.352 0.726 -0.726 0.449 0.52 0.894 0.12 0.432 0.819 0.085 0.568 0.815 0.084 0.574 0.225 0.016 0.974 0.136 0.01 0.991 -0.646 -0.013 0.763 -0.681 -0.01 0.732 -0.848 0.005 0.53 0.815 0.471 0.336 0.809 0.415 0.417 0.808 0.412 0.421 0.525 0.219 0.823 0.445 0.181 0.877 -0.331 -0.108 0.938 -0.472 -0.145 0.869 -0.793 -0.228 0.565 0.605 0.705 0.37 0.558 0.685 0.468 0.56 0.686 0.465 0.256 0.304 0.918 0.291 0.352 0.89 -0.256 -0.456 0.852 -0.221 -0.399 0.89 -0.418 -0.714 0.561 -0.648 0.658 0.384 -0.605 0.631 0.485 -0.604 0.631 0.487 -0.261 0.276 0.925 -0.231 0.244 0.942 0.373 -0.438 0.818 0.394 -0.464 0.794 0.554 -0.659 0.509 0.89 -0.237 0.389 0.822 -0.259 0.507 0.816 -0.26 0.516 0.329 -0.11 0.938 0.185 -0.052 0.981 -0.538 0.279 0.795 -0.602 0.32 0.731 -0.748 0.418 0.516 0.878 -0.237 0.416 0.804 -0.199 0.56 0.808 -0.201 0.554 0.136 -0.057 0.989 0.221 -0.073 0.973 -0.68 0.076 0.729 -0.647 0.073 0.759 -0.844 0.09 0.529 -0.239 -0.905 0.353 -0.184 -0.867 0.463 -0.187 -0.87 0.456 -0.053 -0.304 0.951 -0.072 -0.43 0.9 0.018 0.629 0.777 0.021 0.537 0.843 0.007 0.849 0.528 -0.893 0.171 0.416 -0.82 0.186 0.542 -0.814 0.187 0.55 -0.265 0.037 0.964 -0.124 -0.009 0.992 0.628 -0.28 0.726 0.675 -0.305 0.671 0.803 -0.374 0.463 -0.09 -0.902 0.422 -0.059 -0.819 0.57 -0.06 -0.823 0.564 -0.012 -0.116 0.993 -0.014 -0.202 0.979 -0.015 0.703 0.711 -0.012 0.675 0.738 -0.033 0.854 0.519 -0.868 -0.286 0.406 -0.81 -0.243 0.533 -0.806 -0.24 0.54 -0.248 -0.101 0.963 -0.129 -0.076 0.989 0.677 0.076 0.732 0.722 0.08 0.687 0.875 0.092 0.475 -0.608 -0.679 0.412 -0.572 -0.612 0.546 -0.57 -0.608 0.552 -0.141 -0.19 0.972 -0.071 -0.125 0.99 0.535 0.417 0.734 0.563 0.438 0.701 0.687 0.531 0.496 -0.33 -0.894 0.302 -0.358 -0.853 0.381 -0.359 -0.85 0.385 -0.255 -0.548 0.797 -0.216 -0.469 0.856 0.233 0.29 0.928 0.319 0.415 0.852 0.499 0.681 0.536 -0.027 -0.947 0.321 -0 -0.91 0.415 -0.001 -0.911 0.412 0.017 -0.449 0.893 0.018 -0.51 0.86 -0.053 0.529 0.847 -0.044 0.461 0.886 -0.093 0.829 0.552 0.934 -0.127 0.334 0.89 -0.137 0.435 0.889 -0.137 0.437 0.423 -0.082 0.902 0.38 -0.075 0.922 -0.554 0.101 0.826 -0.587 0.109 0.802 -0.836 0.17 0.522 -0.834 -0.391 0.389 -0.795 -0.335 0.505 -0.792 -0.33 0.514 -0.309 -0.151 0.939 -0.152 -0.104 0.983 0.64 0.104 0.762 0.712 0.113 0.693 0.872 0.132 0.471 -0.825 -0.384 0.415 -0.744 -0.374 0.554 -0.747 -0.375 0.549 -0.114 -0.067 0.991 -0.195 -0.111 0.975 0.617 0.366 0.697 0.591 0.347 0.728 0.738 0.461 0.493 0.883 0.084 0.463 0.785 0.069 0.615 0.779 0.068 0.623 0.138 0.082 0.987 0.037 0.085 0.996 -0.696 0.103 0.71 -0.725 0.106 0.68 -0.857 0.118 0.502 -0.734 0.582 0.35 -0.706 0.537 0.461 -0.708 0.539 0.457 -0.265 0.248 0.932 -0.323 0.285 0.902 0.506 -0.223 0.833 0.454 -0.193 0.87 0.736 -0.36 0.574 -0.87 -0.287 0.4 -0.819 -0.265 0.509 -0.819 -0.265 0.508 -0.311 -0.052 0.949 -0.322 -0.056 0.945 0.553 0.262 0.791 0.546 0.26 0.797 0.791 0.336 0.512 0.855 0.254 0.451 0.77 0.209 0.603 0.761 0.204 0.616 0.16 0.118 0.98 -0.01 0.1 0.995 -0.703 0.03 0.711 -0.75 0.032 0.66 -0.871 0.039 0.49 0.106 -0.909 0.404 0.146 -0.862 0.486 0.144 -0.864 0.483 0.108 -0.411 0.905 0.124 -0.494 0.861 -0.175 0.494 0.852 -0.122 0.364 0.924 -0.3 0.795 0.527 -0.361 0.819 0.446 -0.292 0.744 0.601 -0.286 0.738 0.611 -0.067 0.186 0.98 -0.031 0.072 0.997 0.148 -0.606 0.781 0.152 -0.647 0.747 0.164 -0.796 0.582 0.892 -0.058 0.448 0.807 -0.056 0.587 0.804 -0.056 0.592 0.193 0.048 0.98 0.125 0.06 0.99 -0.651 0.181 0.737 -0.676 0.185 0.713 -0.834 0.213 0.509 0.429 -0.804 0.411 0.385 -0.777 0.499 0.383 -0.775 0.502 0.201 -0.405 0.892 0.175 -0.343 0.923 -0.11 0.436 0.893 -0.136 0.52 0.843 -0.23 0.818 0.527 -0.79 0.447 0.419 -0.71 0.433 0.555 -0.707 0.432 0.56 -0.187 0.162 0.969 -0.129 0.128 0.983 0.528 -0.31 0.79 0.551 -0.329 0.767 0.692 -0.45 0.565 -0.715 0.624 0.317 -0.667 0.625 0.407 -0.665 0.625 0.41 -0.357 0.399 0.845 -0.311 0.357 0.881 0.266 -0.254 0.93 0.321 -0.323 0.89 0.527 -0.59 0.612 0.903 0.298 0.311 0.874 0.289 0.391 0.517 0.181 0.837 0.516 0.18 0.837 -0.451 -0.131 0.883 -0.453 -0.131 0.882 -0.81 -0.252 0.529 -0.666 -0.609 0.432 -0.634 -0.525 0.568 -0.63 -0.516 0.58 -0.169 -0.146 0.975 -0.012 -0.041 0.999 0.622 0.341 0.705 0.674 0.359 0.646 0.793 0.394 0.465 0.386 0.827 0.409 0.317 0.77 0.553 0.323 0.775 0.543 0.051 0.079 0.996 0.1 0.232 0.968 -0.157 -0.72 0.676 -0.152 -0.668 0.728 -0.166 -0.858 0.486 0.927 0.096 0.363 0.879 0.084 0.469 0.879 0.084 0.47 0.366 0.045 0.93 0.336 0.043 0.941 -0.607 -0.016 0.795 -0.627 -0.017 0.779 -0.864 -0.028 0.503 -0.8 0.447 0.401 -0.732 0.42 0.537 -0.731 0.419 0.539 -0.186 0.11 0.976 -0.154 0.092 0.984 0.583 -0.359 0.729 0.594 -0.366 0.717 0.731 -0.459 0.504 -0.74 0.53 0.414 -0.68 0.472 0.561 -0.682 0.474 0.556 -0.09 0.083 0.992 -0.145 0.118 0.982 0.626 -0.356 0.694 0.608 -0.346 0.714 0.756 -0.424 0.498 -0.948 0.048 0.313 -0.915 0.067 0.399 -0.914 0.068 0.401 -0.533 0.059 0.844 -0.484 0.054 0.874 0.466 -0.066 0.882 0.528 -0.077 0.846 0.838 -0.134 0.529 0.726 -0.542 0.423 0.664 -0.499 0.557 0.664 -0.498 0.558 0.151 -0.104 0.983 0.141 -0.097 0.985 -0.553 0.438 0.709 -0.556 0.441 0.705 -0.687 0.543 0.482 -0.158 -0.917 0.366 -0.167 -0.868 0.468 -0.167 -0.866 0.471 -0.084 -0.383 0.92 -0.073 -0.331 0.941 0.145 0.573 0.806 0.156 0.609 0.778 0.225 0.837 0.5 0.789 -0.534 0.304 0.788 -0.488 0.377 0.788 -0.49 0.374 0.506 -0.271 0.819 0.561 -0.304 0.77 -0.458 0.189 0.869 -0.32 0.133 0.938 -0.79 0.325 0.519 -0.434 0.724 0.537 -0.339 0.652 0.678 -0.333 0.647 0.685 0.045 0.113 0.993 0.093 0.029 0.995 0.393 -0.608 0.69 0.4 -0.636 0.66 0.425 -0.768 0.479 -0.061 -0.912 0.405 -0.018 -0.862 0.507 -0.02 -0.864 0.504 0.093 -0.316 0.944 0.086 -0.386 0.919 0.091 0.584 0.807 0.099 0.525 0.845 0.046 0.84 0.541 0.774 -0.555 0.305 0.745 -0.516 0.422 0.746 -0.516 0.421 0.373 -0.182 0.91 0.381 -0.188 0.905 -0.352 0.348 0.869 -0.345 0.343 0.874 -0.596 0.499 0.629 -0.571 0.602 0.558 -0.456 0.558 0.693 -0.444 0.553 0.705 0.003 0.111 0.994 0.104 -0.019 0.994 0.46 -0.572 0.679 0.474 -0.618 0.627 0.5 -0.737 0.454 0.76 0.608 0.231 0.718 0.618 0.321 0.72 0.618 0.317 0.454 0.364 0.814 0.505 0.42 0.754 -0.17 -0.383 0.908 -0.075 -0.264 0.962 -0.411 -0.66 0.629 -0.415 -0.725 0.55 -0.362 -0.624 0.693 -0.357 -0.616 0.702 0.057 -0.114 0.992 0.138 -0.02 0.99 0.568 0.497 0.655 0.593 0.521 0.614 0.675 0.602 0.426 -0.316 0.811 0.493 -0.247 0.74 0.626 -0.245 0.737 0.63 0.045 0.177 0.983 0.071 0.115 0.991 0.308 -0.611 0.729 0.312 -0.636 0.706 0.331 -0.799 0.502 0.522 0.808 0.274 0.537 0.762 0.361 0.538 0.761 0.364 0.4 0.435 0.807 0.368 0.381 0.848 -0.146 -0.296 0.944 -0.212 -0.366 0.906 -0.463 -0.617 0.636 0.091 -0.889 0.45 0.089 -0.806 0.585 0.089 -0.803 0.589 0.134 -0.201 0.97 0.137 -0.133 0.982 0.145 0.648 0.748 0.145 0.676 0.723 0.14 0.849 0.51 -0.112 -0.919 0.379 -0.119 -0.875 0.469 -0.12 -0.873 0.472 -0.003 -0.479 0.878 0.016 -0.417 0.909 0.252 0.406 0.878 0.274 0.488 0.829 0.341 0.786 0.515 -0.211 0.957 0.197 -0.209 0.936 0.282 -0.159 0.62 0.768 -0.159 0.619 0.769 0.04 -0.35 0.936 0.04 -0.352 0.935 0.137 -0.76 0.635 0.495 -0.676 0.546 0.41 -0.616 0.673 0.401 -0.61 0.684 0.076 -0.067 0.995 -0.009 0.099 0.995 -0.295 0.728 0.619 -0.304 0.775 0.554 -0.318 0.877 0.36 -0.779 0.532 0.332 -0.735 0.471 0.488 -0.739 0.476 0.477 -0.114 0.174 0.978 -0.251 0.235 0.939 0.643 -0.159 0.749 0.589 -0.141 0.796 0.794 -0.209 0.571 -0.02 0.966 0.259 -0.018 0.928 0.371 -0.018 0.928 0.373 -0.05 0.467 0.883 -0.051 0.439 0.897 -0.078 -0.5 0.862 -0.079 -0.522 0.849 -0.078 -0.793 0.605 -0.527 -0.702 0.478 -0.498 -0.618 0.609 -0.497 -0.616 0.611 -0.165 -0.054 0.985 -0.145 -0.025 0.989 0.362 0.622 0.695 0.371 0.63 0.682 0.489 0.74 0.462 -0.605 -0.634 0.482 -0.545 -0.558 0.626 -0.547 -0.561 0.622 -0.131 0.037 0.991 -0.168 -0.013 0.986 0.366 0.661 0.655 0.354 0.646 0.676 0.457 0.767 0.45 -0.15 -0.895 0.421 -0.169 -0.848 0.502 -0.169 -0.847 0.504 -0.143 -0.414 0.899 -0.136 -0.362 0.922 0.065 0.548 0.834 0.082 0.604 0.793 0.182 0.874 0.451 0.576 0.72 0.387 0.518 0.674 0.526 0.518 0.674 0.527 0.066 0.248 0.967 0.058 0.24 0.969 -0.503 -0.413 0.759 -0.506 -0.417 0.755 -0.615 -0.57 0.545 0.863 -0.225 0.452 0.805 -0.214 0.554 0.803 -0.213 0.556 0.308 -0.017 0.951 0.26 0.001 0.966 -0.566 0.303 0.767 -0.598 0.315 0.737 -0.81 0.383 0.443 0.581 0.772 0.256 0.53 0.782 0.328 0.532 0.782 0.325 0.265 0.562 0.784 0.305 0.609 0.733 -0.26 -0.324 0.91 -0.197 -0.187 0.962 -0.41 -0.686 0.6 -0.435 -0.808 0.398 -0.378 -0.774 0.508 -0.382 -0.776 0.502 -0.146 -0.218 0.965 -0.189 -0.34 0.921 0.133 0.661 0.738 0.113 0.576 0.81 0.179 0.861 0.476 -0.837 0.393 0.38 -0.762 0.399 0.51 -0.756 0.399 0.519 -0.267 0.158 0.951 -0.147 0.085 0.985 0.509 -0.357 0.783 0.552 -0.397 0.734 0.671 -0.512 0.537 -0.297 -0.829 0.473 -0.254 -0.744 0.617 -0.256 -0.749 0.612 -0.066 -0.041 0.997 -0.087 -0.125 0.988 0.121 0.736 0.666 0.117 0.709 0.695 0.143 0.874 0.465 -0.914 -0.073 0.399 -0.849 -0.033 0.528 -0.844 -0.03 0.535 -0.283 0.02 0.959 -0.166 0.021 0.986 0.637 -0.015 0.771 0.684 -0.024 0.729 0.849 -0.06 0.525 -0.741 -0.514 0.433 -0.694 -0.445 0.566 -0.692 -0.441 0.571 -0.202 -0.088 0.975 -0.123 -0.038 0.992 0.575 0.35 0.739 0.607 0.363 0.707 0.757 0.417 0.503 -0.517 -0.784 0.343 -0.537 -0.732 0.419 -0.538 -0.73 0.423 -0.384 -0.425 0.82 -0.331 -0.352 0.876 0.254 0.299 0.92 0.365 0.398 0.842 0.605 0.602 0.521 -0.245 -0.893 0.378 -0.215 -0.856 0.47 -0.216 -0.857 0.468 -0.111 -0.378 0.919 -0.122 -0.439 0.89 0.043 0.584 0.811 0.034 0.518 0.855 0.081 0.864 0.497 0.865 -0.305 0.398 0.814 -0.296 0.499 0.813 -0.296 0.501 0.351 -0.104 0.931 0.311 -0.087 0.947 -0.525 0.273 0.806 -0.555 0.287 0.781 -0.781 0.386 0.491 -0.902 -0.187 0.388 -0.853 -0.13 0.505 -0.849 -0.125 0.514 -0.35 -0.018 0.937 -0.194 -0.002 0.981 0.606 0.023 0.795 0.681 0.012 0.732 0.855 -0.019 0.518 -0.892 -0.18 0.415 -0.811 -0.176 0.558 -0.815 -0.176 0.552 -0.151 0.027 0.988 -0.235 0 0.972 0.644 0.282 0.711 0.614 0.27 0.742 0.793 0.338 0.507 0.257 -0.893 0.37 0.277 -0.832 0.481 0.276 -0.836 0.474 0.09 -0.279 0.956 0.137 -0.395 0.908 -0.305 0.549 0.778 -0.259 0.471 0.843 -0.419 0.739 0.528 -0.85 -0.269 0.453 -0.782 -0.214 0.585 -0.777 -0.21 0.593 -0.233 -0.08 0.969 -0.105 -0.059 0.993 0.621 0.035 0.783 0.678 0.035 0.734 0.847 0.032 0.531 0.365 -0.82 0.44 0.344 -0.731 0.589 0.345 -0.735 0.583 0.029 -0.101 0.994 0.069 -0.175 0.982 -0.365 0.6 0.711 -0.349 0.577 0.739 -0.452 0.726 0.518 -0.574 -0.688 0.444 -0.543 -0.609 0.578 -0.541 -0.604 0.585 -0.154 -0.191 0.969 -0.076 -0.118 0.99 0.481 0.38 0.79 0.521 0.408 0.75 0.666 0.509 0.546 -0.141 -0.889 0.437 -0.148 -0.805 0.574 -0.148 -0.801 0.58 -0.031 -0.22 0.975 -0.01 -0.134 0.991 0.191 0.611 0.769 0.203 0.644 0.738 0.263 0.802 0.537 0.185 -0.93 0.317 0.142 -0.906 0.398 0.139 -0.905 0.403 0.06 -0.581 0.811 0.05 -0.494 0.868 0.017 0.352 0.936 0.023 0.5 0.866 0.034 0.828 0.559 0.437 -0.833 0.339 0.437 -0.787 0.435 0.437 -0.789 0.432 0.213 -0.374 0.903 0.244 -0.425 0.871 -0.31 0.432 0.847 -0.271 0.377 0.886 -0.485 0.679 0.551 0.853 0.336 0.4 0.807 0.301 0.507 0.806 0.3 0.51 0.344 0.117 0.932 0.306 0.104 0.946 -0.495 -0.157 0.855 -0.527 -0.166 0.833 -0.79 -0.237 0.565 -0.485 -0.765 0.423 -0.48 -0.686 0.547 -0.48 -0.679 0.556 -0.175 -0.261 0.949 -0.08 -0.152 0.985 0.433 0.386 0.815 0.494 0.433 0.754 0.641 0.545 0.54 -0.48 -0.752 0.451 -0.414 -0.69 0.595 -0.417 -0.693 0.589 -0.07 -0.104 0.992 -0.109 -0.176 0.978 0.283 0.61 0.74 0.271 0.578 0.769 0.343 0.769 0.54 -0.583 0.78 0.228 -0.57 0.76 0.313 -0.57 0.76 0.314 -0.378 0.482 0.79 -0.377 0.482 0.791 0.202 -0.311 0.929 0.203 -0.313 0.928 0.452 -0.641 0.62 0.771 -0.374 0.516 0.669 -0.364 0.647 0.659 -0.363 0.659 0.131 -0.034 0.991 -0.018 0.076 0.997 -0.563 0.516 0.646 -0.593 0.556 0.583 -0.655 0.647 0.391 -0.937 0.09 0.339 -0.871 0.056 0.487 -0.877 0.059 0.477 -0.155 0.092 0.984 -0.317 0.08 0.945 0.699 0.16 0.697 0.646 0.15 0.748 0.838 0.185 0.512 -0.384 0.878 0.286 -0.364 0.842 0.398 -0.364 0.842 0.399 -0.204 0.394 0.896 -0.194 0.368 0.909 0.136 -0.507 0.851 0.144 -0.527 0.838 0.241 -0.773 0.586 -0.242 -0.864 0.443 -0.243 -0.784 0.572 -0.243 -0.782 0.574 -0.118 -0.142 0.983 -0.109 -0.105 0.988 0.146 0.718 0.681 0.151 0.729 0.668 0.216 0.868 0.448 -0.337 -0.831 0.443 -0.307 -0.749 0.587 -0.308 -0.752 0.583 -0.119 -0.042 0.992 -0.137 -0.106 0.985 0.134 0.754 0.643 0.129 0.736 0.664 0.176 0.88 0.44 0.2 -0.895 0.398 0.165 -0.862 0.48 0.164 -0.861 0.482 0.037 -0.459 0.888 0.026 -0.409 0.912 -0.119 0.524 0.843 -0.123 0.583 0.803 -0.134 0.875 0.464 0.301 0.879 0.37 0.269 0.821 0.505 0.268 0.82 0.505 0 0.249 0.968 -0.004 0.238 0.971 -0.319 -0.612 0.724 -0.32 -0.616 0.72 -0.368 -0.781 0.504 0.895 0.203 0.397 0.848 0.186 0.496 0.847 0.186 0.498 0.343 0.127 0.931 0.289 0.12 0.95 -0.65 -0.013 0.76 -0.685 -0.018 0.728 -0.898 -0.055 0.436 0.283 0.926 0.249 0.236 0.918 0.319 0.238 0.918 0.317 0.077 0.625 0.777 0.097 0.683 0.724 -0.114 -0.431 0.895 -0.101 -0.278 0.955 -0.134 -0.812 0.568 -0.059 0.845 0.532 -0.021 0.74 0.672 -0.019 0.733 0.679 0.03 0.06 0.998 0.031 -0.044 0.999 -0.003 -0.763 0.646 -0.009 -0.789 0.614 -0.04 -0.903 0.428 -0.533 -0.779 0.33 -0.48 -0.763 0.433 -0.482 -0.764 0.43 -0.146 -0.361 0.921 -0.186 -0.42 0.888 0.327 0.467 0.821 0.302 0.411 0.86 0.424 0.711 0.56 0.385 -0.878 0.284 0.373 -0.838 0.398 0.373 -0.838 0.397 0.185 -0.383 0.905 0.19 -0.393 0.9 -0.203 0.479 0.854 -0.199 0.471 0.859 -0.323 0.729 0.604 -0.243 0.806 0.54 -0.174 0.715 0.678 -0.167 0.705 0.69 -0.011 0.08 0.997 0.016 -0.094 0.995 0.077 -0.765 0.64 0.069 -0.808 0.586 0.044 -0.912 0.408 0.949 0.152 0.275 0.915 0.181 0.359 0.917 0.18 0.356 0.546 0.081 0.834 0.622 0.108 0.776 -0.418 -0.283 0.864 -0.275 -0.226 0.935 -0.738 -0.393 0.548 -0.764 -0.445 0.467 -0.684 -0.39 0.616 -0.678 -0.385 0.626 -0.078 -0.158 0.984 0.047 -0.112 0.993 0.719 0.146 0.679 0.754 0.155 0.639 0.869 0.187 0.459 0.091 0.863 0.498 0.108 0.771 0.628 0.109 0.767 0.632 0.065 0.12 0.991 0.055 0.049 0.997 -0.084 -0.725 0.683 -0.091 -0.748 0.658 -0.14 -0.884 0.445 0.838 0.444 0.318 0.827 0.397 0.399 0.826 0.395 0.402 0.533 0.174 0.828 0.475 0.141 0.868 -0.355 -0.217 0.909 -0.447 -0.245 0.86 -0.764 -0.329 0.555 -0.392 -0.838 0.38 -0.365 -0.774 0.517 -0.364 -0.772 0.521 -0.05 -0.278 0.959 -0.012 -0.217 0.976 0.41 0.497 0.765 0.425 0.521 0.74 0.513 0.672 0.534 -0.577 -0.758 0.303 -0.571 -0.721 0.392 -0.571 -0.72 0.395 -0.312 -0.456 0.833 -0.266 -0.411 0.872 0.381 0.225 0.897 0.445 0.287 0.849 0.661 0.517 0.544 -0.486 -0.842 0.235 -0.475 -0.821 0.317 -0.307 -0.532 0.789 -0.307 -0.531 0.79 0.21 0.357 0.91 0.211 0.359 0.909 0.411 0.704 0.58 0.071 0.876 0.477 0.096 0.787 0.609 0.099 0.777 0.621 -0.017 0.172 0.985 -0.066 -0.016 0.998 -0.271 -0.714 0.646 -0.295 -0.757 0.583 -0.35 -0.85 0.394 0.242 -0.898 0.367 0.251 -0.82 0.515 0.25 -0.826 0.504 -0.033 -0.15 0.988 0.034 -0.297 0.954 -0.397 0.609 0.686 -0.368 0.565 0.739 -0.472 0.727 0.499 -0.641 -0.712 0.287 -0.62 -0.678 0.395 -0.619 -0.678 0.396 -0.29 -0.334 0.897 -0.27 -0.313 0.911 0.407 0.38 0.831 0.422 0.395 0.816 0.6 0.575 0.556 0.875 0.185 0.448 0.802 0.152 0.578 0.8 0.151 0.58 0.168 -0.01 0.986 0.131 -0.018 0.991 -0.712 -0.167 0.682 -0.724 -0.168 0.669 -0.876 -0.179 0.447 0.886 0.082 0.456 0.797 0.077 0.599 0.8 0.077 0.594 0.077 -0.056 0.995 0.141 -0.044 0.989 -0.74 -0.196 0.643 -0.722 -0.192 0.665 -0.871 -0.221 0.439 0.721 0.583 0.375 0.705 0.543 0.456 0.705 0.542 0.458 0.4 0.272 0.875 0.359 0.24 0.902 -0.437 -0.316 0.842 -0.489 -0.347 0.8 -0.738 -0.493 0.46 -0.923 -0.108 0.369 -0.856 -0.107 0.506 -0.231 -0.078 0.97 -0.219 -0.078 0.973 0.675 0.008 0.738 0.679 0.008 0.734 0.854 0.033 0.52 -0.51 0.771 0.381 -0.476 0.735 0.482 -0.475 0.734 0.485 -0.239 0.295 0.925 -0.214 0.248 0.945 0.237 -0.574 0.784 0.254 -0.606 0.754 0.366 -0.804 0.468 -0.957 -0.151 0.247 -0.929 -0.188 0.318 -0.931 -0.187 0.315 -0.602 -0.186 0.777 -0.662 -0.195 0.724 0.431 0.122 0.894 0.287 0.067 0.956 0.782 0.263 0.566 -0.104 0.929 0.356 -0.101 0.892 0.441 -0.061 0.491 0.869 -0.061 0.49 0.87 0.039 -0.454 0.89 0.039 -0.456 0.889 0.082 -0.833 0.546 0.449 -0.774 0.446 0.372 -0.719 0.587 0.364 -0.713 0.599 0.104 -0.199 0.974 0.04 -0.039 0.998 -0.191 0.633 0.751 -0.199 0.691 0.695 -0.213 0.829 0.517 -0.709 0.534 0.461 -0.659 0.446 0.606 -0.663 0.453 0.596 -0.054 0.041 0.998 -0.181 0.114 0.977 0.644 -0.306 0.702 0.591 -0.29 0.752 0.787 -0.346 0.511 0.094 0.907 0.41 0.095 0.85 0.519 0.095 0.849 0.52 0.034 0.32 0.947 0.03 0.292 0.956 -0.094 -0.579 0.81 -0.098 -0.599 0.795 -0.138 -0.841 0.522 -0.581 -0.693 0.427 -0.534 -0.627 0.567 -0.533 -0.626 0.569 -0.125 -0.166 0.978 -0.103 -0.141 0.985 0.446 0.459 0.768 0.455 0.469 0.757 0.582 0.6 0.549 -0.649 -0.618 0.443 -0.572 -0.567 0.593 -0.574 -0.568 0.589 -0.084 -0.086 0.993 -0.124 -0.127 0.984 0.453 0.503 0.736 0.44 0.487 0.755 0.553 0.631 0.544 -0.231 -0.917 0.324 -0.241 -0.877 0.415 -0.241 -0.876 0.418 -0.147 -0.494 0.857 -0.133 -0.448 0.884 0.151 0.394 0.907 0.173 0.451 0.876 0.292 0.762 0.578 0.665 0.584 0.465 0.603 0.523 0.602 0.603 0.523 0.603 0.126 0.095 0.987 0.117 0.088 0.989 -0.504 -0.446 0.739 -0.508 -0.449 0.735 -0.647 -0.563 0.515 0.853 -0.352 0.386 0.797 -0.349 0.493 0.795 -0.349 0.496 0.332 -0.168 0.928 0.287 -0.148 0.946 -0.488 0.229 0.842 -0.521 0.247 0.817 -0.744 0.375 0.552 0.674 0.656 0.34 0.626 0.658 0.418 0.628 0.658 0.415 0.346 0.397 0.85 0.389 0.446 0.806 -0.25 -0.4 0.882 -0.171 -0.283 0.944 -0.457 -0.702 0.547 0.168 0.929 0.329 0.116 0.894 0.432 0.119 0.897 0.426 -0.002 0.336 0.942 0.014 0.468 0.884 -0.027 -0.655 0.755 -0.037 -0.564 0.825 0 -0.863 0.504 0.87 -0.15 0.47 0.787 -0.168 0.594 0.78 -0.17 0.602 0.212 -0.024 0.977 0.074 0.021 0.997 -0.648 0.285 0.707 -0.693 0.311 0.65 -0.815 0.382 0.435 0.033 0.921 0.388 0.002 0.847 0.532 0.003 0.85 0.526 -0.036 0.132 0.991 -0.036 0.224 0.974 0.008 -0.726 0.687 0.003 -0.699 0.715 0.037 -0.867 0.497 0.819 0.359 0.449 0.757 0.308 0.576 0.753 0.305 0.583 0.191 0.126 0.974 0.076 0.094 0.993 -0.687 -0.109 0.719 -0.731 -0.116 0.673 -0.879 -0.139 0.456 0.522 0.744 0.416 0.489 0.678 0.55 0.487 0.674 0.556 0.085 0.217 0.972 0.02 0.144 0.989 -0.523 -0.469 0.712 -0.546 -0.492 0.678 -0.65 -0.598 0.47 0.252 0.925 0.285 0.277 0.89 0.363 0.278 0.888 0.367 0.184 0.596 0.781 0.149 0.514 0.845 -0.251 -0.318 0.914 -0.322 -0.453 0.831 -0.457 -0.732 0.505 -0.02 0.957 0.289 -0.047 0.925 0.378 -0.046 0.926 0.375 -0.07 0.484 0.872 -0.072 0.546 0.835 0.032 -0.553 0.832 0.019 -0.484 0.875 0.088 -0.842 0.532 -0.946 0.104 0.308 -0.904 0.117 0.412 -0.903 0.117 0.414 -0.448 0.076 0.891 -0.407 0.071 0.911 0.502 -0.082 0.861 0.536 -0.09 0.839 0.804 -0.15 0.575 0.774 0.469 0.424 0.735 0.407 0.542 0.731 0.402 0.551 0.248 0.183 0.951 0.098 0.125 0.987 -0.648 -0.138 0.749 -0.718 -0.153 0.679 -0.873 -0.184 0.452 0.764 0.462 0.45 0.677 0.446 0.585 0.681 0.447 0.58 0.063 0.084 0.994 0.139 0.134 0.981 -0.605 -0.421 0.676 -0.583 -0.399 0.708 -0.708 -0.529 0.468 -0.898 0.034 0.438 -0.853 0.034 0.521 -0.411 0.025 0.911 -0.41 0.025 0.912 0.513 -0.006 0.859 0.514 -0.007 0.858 0.87 -0.024 0.493 0.847 0.371 0.38 0.794 0.3 0.528 0.788 0.293 0.541 0.282 0.1 0.954 0.122 0.056 0.991 -0.578 -0.093 0.811 -0.641 -0.094 0.761 -0.797 -0.094 0.596 -0.563 -0.646 0.515 -0.461 -0.604 0.65 -0.469 -0.607 0.641 0.033 -0.03 0.999 -0.055 -0.152 0.987 0.428 0.631 0.647 0.411 0.583 0.701 0.465 0.763 0.449 -0.841 0.243 0.483 -0.773 0.238 0.588 -0.772 0.238 0.589 -0.226 0.101 0.969 -0.199 0.093 0.976 0.61 -0.167 0.775 0.627 -0.174 0.759 0.842 -0.26 0.473 0.61 -0.69 0.389 0.566 -0.63 0.532 0.565 -0.629 0.534 0.219 -0.134 0.966 0.199 -0.107 0.974 -0.314 0.543 0.779 -0.323 0.554 0.768 -0.444 0.695 0.565 0.528 -0.744 0.41 0.504 -0.657 0.561 0.505 -0.66 0.557 0.149 -0.079 0.986 0.183 -0.127 0.975 -0.357 0.557 0.75 -0.342 0.541 0.768 -0.479 0.672 0.565 0.887 -0.374 0.27 0.852 -0.375 0.365 0.851 -0.375 0.367 0.522 -0.208 0.827 0.482 -0.186 0.856 -0.284 0.234 0.93 -0.339 0.265 0.903 -0.648 0.431 0.628 -0.422 0.772 0.476 -0.364 0.705 0.609 -0.363 0.705 0.609 0.005 0.165 0.986 0.011 0.155 0.988 0.412 -0.569 0.712 0.414 -0.572 0.708 0.481 -0.731 0.483 0.468 0.822 0.323 0.468 0.771 0.431 0.468 0.77 0.433 0.278 0.339 0.899 0.255 0.297 0.92 -0.215 -0.455 0.864 -0.239 -0.486 0.841 -0.407 -0.698 0.59 -0.498 0.79 0.358 -0.503 0.745 0.438 -0.503 0.747 0.435 -0.263 0.434 0.861 -0.307 0.484 0.819 0.418 -0.3 0.858 0.322 -0.2 0.925 0.65 -0.565 0.508 -0.47 -0.755 0.457 -0.422 -0.669 0.612 -0.419 -0.664 0.62 -0.011 -0.18 0.984 0.053 -0.105 0.993 0.518 0.457 0.723 0.538 0.479 0.694 0.631 0.579 0.516 0.924 0.192 0.332 0.876 0.196 0.441 0.878 0.196 0.438 0.38 0.029 0.925 0.446 0.052 0.893 -0.501 -0.27 0.822 -0.444 -0.249 0.861 -0.751 -0.351 0.56 0.279 0.858 0.432 0.267 0.798 0.541 0.267 0.798 0.54 0.142 0.248 0.958 0.145 0.259 0.955 -0.103 -0.61 0.785 -0.101 -0.603 0.791 -0.185 -0.844 0.504 -0.301 -0.844 0.445 -0.287 -0.748 0.599 -0.285 -0.737 0.612 0.095 -0.077 0.993 0.458 0.509 0.729 0.49 0.547 0.679 0.572 0.642 0.51 -0.812 0.43 0.395 -0.799 0.374 0.472 -0.799 0.377 0.468 -0.424 0.143 0.895 -0.501 0.179 0.846 0.535 -0.184 0.825 0.394 -0.149 0.907 0.839 -0.252 0.482 0.889 -0.218 0.403 0.797 -0.232 0.557 0.79 -0.233 0.567 0.205 -0.086 0.975 0.083 -0.045 0.996 -0.606 0.227 0.763 -0.64 0.248 0.727 -0.76 0.324 0.563 -0.6 -0.667 0.441 -0.544 -0.604 0.582 -0.542 -0.602 0.587 -0.074 -0.201 0.977 -0.023 -0.156 0.987 0.556 0.372 0.743 0.575 0.389 0.72 0.696 0.498 0.517 -0.908 0.14 0.395 -0.864 0.155 0.479 -0.863 0.155 0.482 -0.472 0.069 0.879 -0.405 0.051 0.913 0.448 -0.2 0.871 0.534 -0.228 0.814 0.819 -0.315 0.48 0.856 0.316 0.409 0.798 0.262 0.543 0.796 0.26 0.547 0.257 0.021 0.966 0.191 -0.003 0.982 -0.586 -0.231 0.776 -0.615 -0.236 0.752 -0.794 -0.262 0.548 0.943 0.153 0.297 0.917 0.115 0.382 0.916 0.114 0.385 0.562 0.01 0.827 0.5 -0 0.866 -0.384 -0.071 0.921 -0.474 -0.07 0.878 -0.805 -0.057 0.59 -0.911 0.094 0.402 -0.857 0.048 0.513 -0.861 0.051 0.507 -0.26 0.016 0.966 -0.385 0.014 0.923 0.637 0.088 0.765 0.55 0.072 0.832 0.85 0.13 0.511 0.048 0.904 0.425 0.078 0.829 0.553 0.081 0.823 0.562 0.033 0.263 0.964 0.011 0.125 0.992 -0.148 -0.63 0.762 -0.168 -0.683 0.711 -0.227 -0.831 0.507 -0.88 -0.047 0.473 -0.782 -0.062 0.62 -0.787 -0.061 0.614 -0.073 0.006 0.997 -0.155 -0.005 0.988 0.704 0.13 0.698 0.677 0.123 0.725 0.849 0.169 0.501 -0.403 0.806 0.434 -0.344 0.753 0.562 -0.34 0.749 0.569 -0.096 0.227 0.969 -0.053 0.12 0.991 0.205 -0.623 0.755 0.215 -0.669 0.711 0.246 -0.829 0.502 -0.746 0.487 0.454 -0.665 0.461 0.587 -0.661 0.46 0.593 -0.163 0.114 0.98 -0.091 0.059 0.994 0.514 -0.435 0.74 0.538 -0.459 0.707 0.649 -0.574 0.5 -0.919 0.183 0.349 -0.877 0.217 0.428 -0.875 0.219 0.432 -0.533 0.167 0.829 -0.447 0.142 0.883 0.346 -0.163 0.924 0.478 -0.226 0.849 0.764 -0.366 0.531 -0.921 -0.116 0.372 -0.874 -0.135 0.467 -0.875 -0.134 0.464 -0.391 -0.072 0.918 -0.451 -0.083 0.889 0.531 0.14 0.836 0.467 0.121 0.876 0.815 0.223 0.535 0.032 -0.93 0.366 0.02 -0.882 0.47 0.02 -0.881 0.472 0.02 -0.396 0.918 0.021 -0.354 0.935 0.046 0.548 0.835 0.047 0.582 0.812 0.06 0.843 0.534 -0.503 0.756 0.42 -0.433 0.724 0.537 -0.428 0.721 0.546 -0.153 0.276 0.949 -0.084 0.137 0.987 0.228 -0.581 0.781 0.246 -0.653 0.716 0.285 -0.82 0.496 -0.493 0.747 0.446 -0.46 0.665 0.588 -0.462 0.669 0.582 -0.043 0.108 0.993 -0.096 0.176 0.98 0.477 -0.522 0.707 0.455 -0.499 0.737 0.588 -0.635 0.501 -0.189 -0.903 0.386 -0.186 -0.867 0.462 -0.131 -0.468 0.874 -0.13 -0.467 0.875 0.067 0.56 0.826 0.068 0.561 0.825 0.149 0.889 0.433 -0.213 0.923 0.32 -0.164 0.871 0.463 -0.159 0.865 0.476 -0.086 0.323 0.942 -0.073 0.133 0.988 -0.039 -0.648 0.76 -0.046 -0.707 0.706 -0.065 -0.841 0.537 0.499 -0.706 0.503 0.48 -0.604 0.636 0.482 -0.612 0.627 -0 0.016 1 0.108 -0.106 0.988 -0.572 0.562 0.597 -0.531 0.538 0.655 -0.679 0.619 0.396 -0.371 -0.827 0.422 -0.364 -0.771 0.523 -0.179 -0.259 0.949 -0.167 -0.23 0.959 0.243 0.633 0.735 0.252 0.649 0.718 0.363 0.83 0.424 0.747 0.547 0.377 0.687 0.514 0.514 0.686 0.513 0.516 0.142 0.214 0.966 0.111 0.196 0.974 -0.62 -0.282 0.732 -0.631 -0.289 0.72 -0.767 -0.39 0.51 0.793 0.457 0.403 0.708 0.446 0.548 0.711 0.446 0.544 0.072 0.143 0.987 0.128 0.174 0.976 -0.636 -0.325 0.7 -0.621 -0.312 0.719 -0.747 -0.429 0.508 0.473 0.847 0.24 0.471 0.819 0.328 0.471 0.818 0.33 0.269 0.538 0.799 0.241 0.499 0.832 -0.319 -0.301 0.899 -0.356 -0.354 0.865 -0.533 -0.632 0.563 -0.834 -0.353 0.424 -0.773 -0.305 0.557 -0.772 -0.305 0.557 -0.205 0.013 0.979 -0.194 0.019 0.981 0.612 0.362 0.703 0.616 0.364 0.698 0.778 0.41 0.477 -0.728 0.629 0.273 -0.685 0.623 0.378 -0.684 0.622 0.38 -0.328 0.356 0.875 -0.29 0.323 0.901 0.386 -0.329 0.862 0.413 -0.359 0.837 0.586 -0.56 0.585 -0.85 -0.426 0.311 -0.811 -0.439 0.386 -0.813 -0.439 0.383 -0.512 -0.246 0.823 -0.564 -0.284 0.775 0.345 0.412 0.843 0.228 0.322 0.919 0.632 0.607 0.482 -0.861 0.304 0.408 -0.816 0.255 0.519 -0.819 0.258 0.512 -0.221 0.13 0.967 -0.348 0.151 0.925 0.686 0 0.727 0.6 0.006 0.8 0.887 -0.017 0.462 0.248 0.904 0.349 0.27 0.835 0.479 0.271 0.83 0.488 0.128 0.317 0.94 0.077 0.185 0.98 -0.248 -0.551 0.797 -0.28 -0.601 0.748 -0.375 -0.742 0.556 -0.858 0.163 0.487 -0.764 0.138 0.631 -0.768 0.139 0.625 -0.033 0.082 0.996 -0.119 0.088 0.989 0.756 0.024 0.654 0.73 0.024 0.683 0.893 0.021 0.45 -0.216 0.901 0.377 -0.164 0.847 0.505 -0.161 0.844 0.512 -0.01 0.308 0.951 0.011 0.193 0.981 0.106 -0.619 0.779 0.105 -0.667 0.738 0.093 -0.838 0.537 -0.619 0.659 0.428 -0.541 0.628 0.559 -0.537 0.626 0.565 -0.102 0.21 0.972 -0.04 0.139 0.989 0.453 -0.496 0.741 0.47 -0.526 0.709 0.544 -0.669 0.506 -0.852 0.389 0.351 -0.803 0.419 0.425 -0.8 0.42 0.429 -0.467 0.329 0.821 -0.385 0.29 0.876 0.353 -0.181 0.918 0.467 -0.276 0.84 0.702 -0.487 0.519 -0.914 0.098 0.394 -0.87 0.076 0.487 -0.872 0.077 0.484 -0.372 0.066 0.926 -0.435 0.065 0.898 0.596 0.079 0.799 0.53 0.076 0.844 0.873 0.082 0.481 -0.143 -0.898 0.417 -0.142 -0.845 0.516 -0.142 -0.843 0.518 -0.026 -0.347 0.938 -0.015 -0.304 0.953 0.193 0.589 0.784 0.201 0.621 0.758 0.253 0.851 0.46 -0.325 0.871 0.369 -0.259 0.835 0.485 -0.254 0.832 0.494 -0.059 0.368 0.928 -0.016 0.216 0.976 0.139 -0.58 0.803 0.139 -0.658 0.74 0.134 -0.837 0.53 -0.316 0.862 0.396 -0.297 0.788 0.54 -0.298 0.791 0.534 0.02 0.179 0.984 -0.021 0.258 0.966 0.396 -0.576 0.715 0.381 -0.548 0.745 0.471 -0.718 0.513 -0.676 0.686 0.269 -0.662 0.662 0.353 -0.441 0.379 0.813 -0.441 0.378 0.814 0.231 -0.345 0.91 0.232 -0.346 0.909 0.523 -0.62 0.584 0.789 -0.344 0.508 0.686 -0.349 0.638 0.676 -0.349 0.649 0.118 -0.091 0.989 -0.04 0.003 0.999 -0.619 0.409 0.671 -0.653 0.449 0.61 -0.724 0.545 0.423 -0.937 -0 0.35 -0.864 -0.039 0.501 -0.871 -0.036 0.491 -0.17 0.01 0.985 -0.32 -0.009 0.947 0.648 0.158 0.745 0.593 0.14 0.793 0.797 0.21 0.567 -0.51 0.792 0.336 -0.487 0.751 0.446 -0.486 0.751 0.447 -0.266 0.3 0.916 -0.252 0.274 0.928 0.203 -0.531 0.823 0.214 -0.549 0.808 0.35 -0.762 0.545 -0.091 -0.909 0.407 -0.106 -0.833 0.544 -0.107 -0.831 0.546 -0.097 -0.209 0.973 -0.095 -0.174 0.98 0.011 0.665 0.747 0.013 0.678 0.735 0.056 0.848 0.527 -0.192 -0.891 0.412 -0.176 -0.808 0.563 -0.177 -0.81 0.558 -0.114 -0.115 0.987 -0.121 -0.176 0.977 -0.007 0.703 0.711 -0.009 0.683 0.731 0.014 0.856 0.518 0.336 -0.874 0.35 0.297 -0.85 0.434 0.296 -0.85 0.437 0.103 -0.495 0.863 0.083 -0.449 0.89 -0.208 0.434 0.876 -0.222 0.494 0.841 -0.28 0.804 0.524 0.14 0.881 0.452 0.115 0.803 0.585 0.115 0.802 0.586 -0.051 0.172 0.984 -0.054 0.16 0.986 -0.211 -0.674 0.708 -0.212 -0.679 0.703 -0.231 -0.847 0.479 0.86 0.242 0.45 0.808 0.213 0.55 0.806 0.212 0.552 0.293 0.081 0.953 0.242 0.069 0.968 -0.629 -0.11 0.77 -0.663 -0.115 0.74 -0.882 -0.149 0.446 0.115 0.938 0.327 0.068 0.915 0.398 0.07 0.916 0.395 -0.041 0.557 0.83 -0.032 0.621 0.783 -0.045 -0.482 0.875 -0.058 -0.337 0.94 0.004 -0.845 0.535 0.475 0.814 0.334 0.419 0.793 0.443 0.422 0.794 0.437 0.163 0.281 0.946 0.214 0.4 0.891 -0.17 -0.623 0.764 -0.146 -0.534 0.833 -0.225 -0.829 0.512 0.819 -0.415 0.397 0.745 -0.411 0.525 0.739 -0.41 0.534 0.266 -0.116 0.957 0.148 -0.032 0.989 -0.493 0.44 0.751 -0.533 0.479 0.698 -0.643 0.586 0.493 0.341 0.848 0.405 0.296 0.779 0.553 0.298 0.782 0.547 0.072 0.103 0.992 0.098 0.189 0.977 -0.161 -0.701 0.695 -0.156 -0.673 0.723 -0.19 -0.844 0.502 0.921 0.058 0.386 0.856 0.028 0.516 0.852 0.026 0.523 0.29 0.028 0.957 0.171 0.034 0.985 -0.643 0.093 0.76 -0.689 0.102 0.717 -0.849 0.133 0.511 0.766 0.512 0.389 0.72 0.455 0.524 0.717 0.453 0.53 0.214 0.144 0.966 0.13 0.097 0.987 -0.598 -0.286 0.749 -0.63 -0.299 0.716 -0.779 -0.358 0.515 0.554 0.783 0.282 0.572 0.737 0.359 0.573 0.735 0.363 0.413 0.47 0.78 0.357 0.402 0.843 -0.274 -0.239 0.932 -0.39 -0.339 0.856 -0.635 -0.55 0.542 0.292 0.905 0.308 0.261 0.878 0.401 0.262 0.879 0.398 0.136 0.443 0.886 0.15 0.503 0.851 -0.075 -0.546 0.835 -0.063 -0.477 0.876 -0.128 -0.836 0.533 -0.85 0.375 0.371 -0.8 0.371 0.471 -0.799 0.371 0.473 -0.349 0.184 0.919 -0.31 0.165 0.936 0.52 -0.255 0.815 0.549 -0.271 0.791 0.765 -0.399 0.506 0.914 0.173 0.367 0.865 0.126 0.486 0.86 0.122 0.495 0.36 0.062 0.931 0.2 0.056 0.978 -0.613 0.054 0.788 -0.688 0.065 0.723 -0.857 0.091 0.507 0.904 0.169 0.394 0.826 0.178 0.535 0.829 0.177 0.53 0.155 0.028 0.988 0.242 0.051 0.969 -0.664 -0.215 0.716 -0.634 -0.202 0.747 -0.811 -0.276 0.516 0.066 -0.949 0.308 0.073 -0.921 0.384 0.073 -0.92 0.384 0.104 -0.556 0.825 0.104 -0.555 0.826 0.07 0.514 0.855 0.07 0.516 0.854 0.02 0.875 0.484 -0.371 0.826 0.424 -0.291 0.781 0.552 -0.283 0.776 0.564 -0.018 0.237 0.971 0.046 0.046 0.998 0.221 -0.701 0.679 0.217 -0.754 0.62 0.201 -0.873 0.444 0.726 -0.598 0.339 0.708 -0.517 0.48 0.71 -0.524 0.47 0.15 -0.055 0.987 0.288 -0.15 0.946 -0.61 0.374 0.699 -0.558 0.357 0.749 -0.748 0.412 0.52 -0.13 -0.918 0.374 -0.121 -0.872 0.475 -0.12 -0.871 0.476 0.019 -0.367 0.93 0.026 -0.336 0.942 0.22 0.631 0.744 0.223 0.649 0.727 0.249 0.863 0.439 0.681 0.664 0.307 0.653 0.613 0.444 0.652 0.612 0.446 0.248 0.179 0.952 0.221 0.153 0.963 -0.457 -0.465 0.758 -0.467 -0.474 0.747 -0.605 -0.579 0.547 0.748 0.584 0.316 0.693 0.55 0.466 0.695 0.551 0.462 0.195 0.09 0.977 0.244 0.135 0.96 -0.467 -0.508 0.724 -0.452 -0.493 0.743 -0.578 -0.613 0.539 0.327 0.912 0.247 0.345 0.879 0.329 0.345 0.878 0.331 0.279 0.539 0.795 0.264 0.493 0.829 -0.125 -0.435 0.892 -0.155 -0.493 0.856 -0.316 -0.773 0.55 -0.688 -0.549 0.474 -0.623 -0.503 0.599 -0.623 -0.502 0.6 -0.066 -0.104 0.992 -0.056 -0.096 0.994 0.645 0.442 0.624 0.648 0.444 0.619 0.755 0.533 0.383 -0.812 0.416 0.409 -0.758 0.415 0.504 -0.756 0.415 0.506 -0.285 0.216 0.934 -0.236 0.191 0.953 0.598 -0.294 0.746 0.626 -0.315 0.714 0.792 -0.445 0.419 -0.702 -0.613 0.362 -0.654 -0.624 0.428 -0.656 -0.624 0.425 -0.344 -0.415 0.842 -0.395 -0.46 0.795 0.392 0.428 0.815 0.305 0.309 0.901 0.574 0.696 0.432 0.522 -0.782 0.342 0.525 -0.724 0.447 0.525 -0.728 0.441 0.163 -0.27 0.949 0.254 -0.372 0.893 -0.521 0.452 0.724 -0.456 0.393 0.799 -0.667 0.583 0.464 -0.751 -0.544 0.375 -0.72 -0.478 0.503 -0.717 -0.473 0.511 -0.255 -0.177 0.951 -0.126 -0.107 0.986 0.602 0.253 0.757 0.656 0.27 0.705 0.804 0.315 0.504 0.607 -0.68 0.412 0.564 -0.612 0.555 0.566 -0.615 0.549 0.035 -0.102 0.994 0.105 -0.167 0.98 -0.591 0.477 0.65 -0.571 0.461 0.68 -0.695 0.559 0.453 -0.355 -0.855 0.378 -0.359 -0.784 0.506 -0.359 -0.779 0.513 -0.13 -0.267 0.955 -0.073 -0.16 0.984 0.344 0.555 0.757 0.373 0.592 0.714 0.476 0.717 0.509 0.13 -0.912 0.389 0.094 -0.849 0.521 0.092 -0.845 0.527 0.012 -0.252 0.968 0.005 -0.153 0.988 -0.029 0.686 0.727 -0.026 0.72 0.693 -0.011 0.871 0.49 0.462 -0.838 0.292 0.413 -0.835 0.365 0.41 -0.834 0.368 0.233 -0.583 0.778 0.194 -0.503 0.842 -0.132 0.377 0.917 -0.172 0.526 0.833 -0.246 0.826 0.507 0.679 -0.661 0.32 0.667 -0.623 0.409 0.667 -0.624 0.406 0.327 -0.321 0.889 0.376 -0.361 0.854 -0.497 0.334 0.801 -0.442 0.293 0.848 -0.716 0.502 0.484 0.704 0.601 0.378 0.677 0.56 0.477 0.676 0.559 0.48 0.298 0.247 0.922 0.263 0.22 0.94 -0.49 -0.345 0.8 -0.517 -0.364 0.775 -0.717 -0.502 0.483 -0.243 -0.9 0.362 -0.271 -0.835 0.479 -0.273 -0.829 0.487 -0.128 -0.348 0.929 -0.065 -0.198 0.978 0.294 0.547 0.784 0.338 0.608 0.718 0.44 0.744 0.503 -0.244 -0.889 0.388 -0.207 -0.823 0.528 -0.209 -0.827 0.523 -0.072 -0.143 0.987 -0.088 -0.235 0.968 0.067 0.713 0.698 0.064 0.681 0.729 0.079 0.865 0.495 0.611 -0.691 0.386 0.616 -0.615 0.492 0.616 -0.619 0.486 0.265 -0.14 0.954 0.35 -0.23 0.908 -0.432 0.437 0.789 -0.353 0.389 0.851 -0.636 0.544 0.547 -0.63 -0.572 0.525 -0.586 -0.49 0.646 -0.582 -0.483 0.654 -0.113 -0.103 0.988 0.002 -0.022 1 0.623 0.377 0.686 0.669 0.397 0.628 0.796 0.446 0.408 0.695 -0.567 0.442 0.652 -0.478 0.589 0.654 -0.482 0.583 0.145 0.002 0.989 0.209 -0.05 0.977 -0.515 0.452 0.728 -0.489 0.439 0.754 -0.664 0.516 0.541 -0.244 -0.824 0.511 -0.235 -0.737 0.634 -0.234 -0.731 0.641 0.002 -0.169 0.986 0.05 -0.064 0.997 0.37 0.623 0.689 0.391 0.66 0.642 0.463 0.783 0.416 0.224 -0.845 0.485 0.198 -0.761 0.617 0.197 -0.757 0.623 0.13 -0.139 0.982 0.12 -0.048 0.992 0.019 0.711 0.703 0.016 0.743 0.669 -0.001 0.891 0.454 0.549 -0.763 0.342 0.503 -0.752 0.426 0.501 -0.751 0.431 0.336 -0.447 0.829 0.299 -0.365 0.882 -0.037 0.412 0.91 -0.091 0.546 0.833 -0.225 0.83 0.51 0.763 -0.554 0.333 0.752 -0.502 0.427 0.753 -0.504 0.424 0.414 -0.175 0.894 0.46 -0.211 0.862 -0.387 0.329 0.861 -0.326 0.298 0.897 -0.675 0.457 0.58 0.671 0.693 0.264 0.655 0.657 0.373 0.655 0.656 0.375 0.355 0.342 0.87 0.326 0.314 0.892 -0.336 -0.3 0.893 -0.364 -0.324 0.873 -0.585 -0.514 0.628 -0.14 -0.861 0.488 -0.154 -0.782 0.603 -0.155 -0.776 0.612 0.006 -0.246 0.969 0.059 -0.097 0.994 0.327 0.611 0.721 0.359 0.671 0.649 0.428 0.804 0.413 -0.138 -0.847 0.514 -0.089 -0.758 0.646 -0.091 -0.762 0.641 0.051 -0.048 0.998 0.04 -0.134 0.99 0.103 0.744 0.66 0.106 0.714 0.692 0.086 0.891 0.446 -0.625 -0.655 0.425 -0.58 -0.579 0.573 -0.576 -0.575 0.581 -0.097 -0.123 0.988 -0.011 -0.049 0.999 0.585 0.452 0.673 0.608 0.466 0.642 0.71 0.529 0.465 0.936 0.082 0.342 0.891 0.102 0.443 0.892 0.102 0.44 0.366 0.041 0.93 0.44 0.054 0.897 -0.608 -0.15 0.779 -0.551 -0.135 0.824 -0.84 -0.21 0.5 0.425 0.836 0.347 0.402 0.797 0.451 0.166 0.324 0.931 0.171 0.335 0.927 -0.274 -0.575 0.771 -0.271 -0.568 0.777 -0.377 -0.788 0.488 -0.481 -0.767 0.425 -0.464 -0.678 0.57 -0.461 -0.668 0.583 -0.086 -0.17 0.982 0.039 -0.025 0.999 0.535 0.514 0.67 0.572 0.539 0.618 0.663 0.598 0.45 -0.731 0.611 0.305 -0.736 0.558 0.383 -0.736 0.56 0.379 -0.445 0.295 0.845 -0.513 0.342 0.787 0.479 -0.227 0.848 0.34 -0.16 0.927 0.773 -0.367 0.518 0.83 -0.342 0.441 0.736 -0.335 0.588 0.728 -0.334 0.598 0.154 -0.054 0.987 0.034 0.014 0.999 -0.601 0.401 0.691 -0.628 0.425 0.652 -0.717 0.508 0.477 -0.731 -0.552 0.401 -0.683 -0.496 0.536 -0.68 -0.494 0.541 -0.168 -0.136 0.976 -0.104 -0.094 0.99 0.61 0.361 0.705 0.631 0.373 0.68 0.761 0.441 0.476 -0.893 0.319 0.317 -0.853 0.336 0.399 -0.852 0.336 0.402 -0.512 0.22 0.831 -0.45 0.193 0.872 0.385 -0.228 0.894 0.468 -0.276 0.84 0.738 -0.432 0.519 0.888 0.225 0.4 0.826 0.191 0.53 0.823 0.189 0.535 0.235 0.056 0.97 0.16 0.042 0.986 -0.682 -0.098 0.725 -0.709 -0.1 0.698 -0.867 -0.112 0.485 0.949 0.036 0.313 0.918 0.007 0.396 0.917 0.006 0.399 0.55 -0.017 0.835 0.484 -0.015 0.875 -0.457 0.055 0.888 -0.546 0.067 0.835 -0.847 0.109 0.52 0.786 0.388 0.481 0.71 0.317 0.629 0.705 0.312 0.637 0.128 0.016 0.992 0.035 -0.025 0.999 -0.651 -0.281 0.705 -0.68 -0.287 0.675 -0.811 -0.31 0.497 -0.896 0.176 0.408 -0.848 0.135 0.512 -0.85 0.136 0.508 -0.31 0.003 0.951 -0.379 0.015 0.925 0.584 -0.088 0.807 0.525 -0.087 0.847 0.84 -0.085 0.536 -0.661 -0.666 0.346 -0.62 -0.638 0.457 -0.229 -0.289 0.93 -0.237 -0.296 0.925 0.427 0.374 0.823 0.422 0.368 0.829 0.602 0.57 0.559 0.692 0.53 0.49 0.639 0.437 0.633 0.632 0.428 0.646 0.134 0.058 0.989 -0.014 -0.032 0.999 -0.627 -0.35 0.696 -0.673 -0.361 0.645 -0.791 -0.385 0.476 0.483 -0.826 0.292 0.503 -0.776 0.381 0.502 -0.778 0.377 0.299 -0.433 0.851 0.346 -0.495 0.797 -0.33 0.272 0.904 -0.226 0.168 0.96 -0.58 0.531 0.618 -0.65 0.536 0.539 -0.549 0.479 0.685 -0.541 0.475 0.694 -0.101 0.024 0.995 -0.022 -0.065 0.998 0.411 -0.577 0.705 0.431 -0.609 0.666 0.497 -0.72 0.485 0.853 0.267 0.449 0.78 0.217 0.587 0.777 0.216 0.592 0.192 0.009 0.981 0.126 -0.011 0.992 -0.641 -0.196 0.742 -0.666 -0.199 0.719 -0.828 -0.216 0.517 0.737 -0.596 0.318 0.688 -0.6 0.408 0.686 -0.6 0.411 0.381 -0.386 0.84 0.333 -0.345 0.878 -0.246 0.242 0.939 -0.305 0.313 0.899 -0.526 0.581 0.621 -0.889 0.023 0.458 -0.805 0.027 0.593 -0.802 0.028 0.597 -0.202 -0.046 0.978 -0.134 -0.055 0.989 0.638 -0.151 0.755 0.666 -0.156 0.73 0.836 -0.183 0.517 -0.897 0.226 0.38 -0.85 0.237 0.47 -0.848 0.237 0.474 -0.458 0.111 0.882 -0.398 0.088 0.913 0.381 -0.228 0.896 0.457 -0.262 0.85 0.746 -0.384 0.545 0.956 -0.097 -0.279 0.929 -0.09 -0.359 0.579 -0.025 -0.815 0.577 -0.025 -0.816 -0.443 0.101 -0.891 -0.445 0.101 -0.89 -0.829 0.129 -0.544 -0.846 -0.27 -0.46 -0.78 -0.201 -0.592 -0.773 -0.195 -0.604 -0.187 -0.033 -0.982 0.003 -0 -1 0.736 0.077 -0.672 0.788 0.069 -0.612 0.903 0.044 -0.428 0.705 0.614 -0.355 0.626 0.599 -0.5 0.632 0.6 -0.49 0.113 0.086 -0.99 0.222 0.209 -0.952 -0.422 -0.581 -0.695 -0.396 -0.534 -0.747 -0.49 -0.706 -0.512 0.894 -0.294 -0.339 0.85 -0.282 -0.445 0.85 -0.282 -0.446 0.386 -0.085 -0.919 0.358 -0.074 -0.931 -0.539 0.273 -0.797 -0.557 0.28 -0.782 -0.782 0.36 -0.508 -0.521 0.764 -0.38 -0.469 0.718 -0.515 -0.468 0.717 -0.517 -0.093 0.218 -0.972 -0.072 0.187 -0.98 0.402 -0.56 -0.724 0.408 -0.572 -0.712 0.483 -0.718 -0.501 -0.431 0.815 -0.388 -0.399 0.744 -0.535 -0.401 0.747 -0.531 -0.016 0.152 -0.988 -0.052 0.207 -0.977 0.441 -0.576 -0.688 0.43 -0.56 -0.708 0.52 -0.697 -0.494 -0.83 0.459 -0.318 -0.789 0.465 -0.401 -0.788 0.466 -0.403 -0.438 0.313 -0.843 -0.394 0.289 -0.872 0.428 -0.235 -0.873 0.478 -0.272 -0.835 0.721 -0.465 -0.513 0.439 -0.792 -0.425 0.408 -0.725 -0.555 0.407 -0.724 -0.556 0.126 -0.132 -0.983 0.12 -0.12 -0.985 -0.296 0.668 -0.683 -0.298 0.671 -0.679 -0.377 0.808 -0.453 -0.509 -0.764 -0.397 -0.495 -0.714 -0.495 -0.495 -0.713 -0.497 -0.21 -0.295 -0.932 -0.178 -0.251 -0.951 0.4 0.502 -0.767 0.423 0.529 -0.736 0.566 0.694 -0.444 0.494 -0.813 -0.307 0.516 -0.77 -0.376 0.515 -0.771 -0.374 0.374 -0.445 -0.814 0.408 -0.5 -0.764 -0.312 0.405 -0.859 -0.209 0.296 -0.932 -0.563 0.655 -0.504 -0.79 0.487 -0.373 -0.765 0.427 -0.482 -0.767 0.431 -0.476 -0.252 0.141 -0.957 -0.367 0.196 -0.909 0.61 -0.205 -0.766 0.523 -0.18 -0.833 0.817 -0.264 -0.512 0.446 0.782 -0.435 0.437 0.7 -0.565 0.436 0.693 -0.573 0.13 0.222 -0.966 0.047 0.113 -0.992 -0.434 -0.474 -0.766 -0.476 -0.512 -0.715 -0.597 -0.619 -0.511 -0.824 0.355 -0.442 -0.749 0.303 -0.589 -0.753 0.305 -0.584 -0.084 0.048 -0.995 -0.165 0.076 -0.983 0.688 -0.2 -0.698 0.661 -0.193 -0.725 0.833 -0.231 -0.503 -0.028 0.901 -0.433 0.002 0.826 -0.563 0.003 0.821 -0.57 -0.006 0.25 -0.968 -0.015 0.137 -0.99 -0.098 -0.633 -0.768 -0.109 -0.679 -0.726 -0.149 -0.842 -0.518 -0.484 0.76 -0.434 -0.424 0.704 -0.57 -0.421 0.701 -0.576 -0.119 0.183 -0.976 -0.077 0.102 -0.992 0.274 -0.603 -0.749 0.286 -0.636 -0.717 0.342 -0.787 -0.513 -0.76 0.566 -0.321 -0.711 0.578 -0.4 -0.708 0.579 -0.404 -0.434 0.393 -0.811 -0.367 0.333 -0.868 0.234 -0.289 -0.928 0.328 -0.404 -0.854 0.534 -0.652 -0.539 -0.886 0.314 -0.342 -0.855 0.279 -0.436 -0.856 0.28 -0.434 -0.41 0.124 -0.904 -0.469 0.142 -0.872 0.536 -0.113 -0.837 0.469 -0.099 -0.878 0.827 -0.171 -0.536 -0.397 -0.837 -0.377 -0.388 -0.785 -0.482 -0.388 -0.784 -0.484 -0.174 -0.344 -0.923 -0.154 -0.307 -0.939 0.272 0.465 -0.842 0.289 0.494 -0.82 0.427 0.721 -0.546 -0.145 0.899 -0.414 -0.096 0.84 -0.534 -0.092 0.835 -0.543 -0.038 0.318 -0.947 -0.035 0.166 -0.985 -0.059 -0.605 -0.794 -0.072 -0.679 -0.731 -0.107 -0.852 -0.513 -0.14 0.886 -0.441 -0.147 0.799 -0.583 -0.147 0.803 -0.578 -0.01 0.122 -0.992 -0.03 0.206 -0.978 0.203 -0.665 -0.719 0.191 -0.635 -0.749 0.26 -0.817 -0.515 -0.422 -0.857 -0.294 -0.398 -0.834 -0.383 -0.169 -0.528 -0.832 -0.169 -0.527 -0.833 0.279 0.274 -0.92 0.28 0.275 -0.92 0.442 0.651 -0.617 0.101 0.824 -0.557 0.142 0.716 -0.684 0.146 0.704 -0.695 0.09 0.097 -0.991 0.054 -0.066 -0.996 -0.152 -0.703 -0.695 -0.183 -0.749 -0.636 -0.263 -0.854 -0.45 0.308 -0.885 -0.349 0.324 -0.799 -0.506 0.324 -0.807 -0.495 0.085 -0.181 -0.98 0.144 -0.306 -0.941 -0.304 0.517 -0.8 -0.267 0.469 -0.842 -0.413 0.656 -0.632 -0.569 -0.732 -0.374 -0.528 -0.695 -0.487 -0.528 -0.695 -0.489 -0.144 -0.347 -0.927 -0.125 -0.328 -0.936 0.453 0.31 -0.836 0.467 0.325 -0.822 0.626 0.536 -0.567 0.897 0.177 -0.406 0.826 0.133 -0.547 0.825 0.132 -0.55 0.255 -0.056 -0.965 0.223 -0.064 -0.973 -0.569 -0.209 -0.796 -0.583 -0.21 -0.785 -0.778 -0.22 -0.589 0.909 0.076 -0.409 0.823 0.06 -0.565 0.826 0.061 -0.56 0.178 -0.098 -0.979 0.233 -0.086 -0.969 -0.602 -0.236 -0.763 -0.581 -0.232 -0.78 -0.773 -0.261 -0.578 0.737 0.572 -0.361 0.726 0.521 -0.449 0.725 0.52 -0.452 0.45 0.206 -0.869 0.414 0.174 -0.893 -0.283 -0.336 -0.898 -0.335 -0.366 -0.868 -0.633 -0.518 -0.575 -0.844 -0.151 -0.515 -0.747 -0.153 -0.647 -0.746 -0.153 -0.648 -0.09 -0.124 -0.988 -0.079 -0.123 -0.989 0.706 -0.016 -0.708 0.71 -0.015 -0.704 0.879 0.024 -0.477 -0.472 0.715 -0.515 -0.42 0.667 -0.616 -0.419 0.665 -0.618 -0.113 0.205 -0.972 -0.087 0.162 -0.983 0.32 -0.553 -0.769 0.335 -0.583 -0.74 0.431 -0.785 -0.445 -0.903 -0.189 -0.387 -0.859 -0.227 -0.459 -0.861 -0.226 -0.456 -0.446 -0.224 -0.866 -0.512 -0.234 -0.826 0.48 0.071 -0.874 0.355 0.015 -0.935 0.806 0.239 -0.542 -0.933 -0.033 -0.359 -0.879 -0.072 -0.471 -0.883 -0.07 -0.465 -0.304 -0.033 -0.952 -0.426 -0.05 -0.903 0.59 0.156 -0.792 0.502 0.128 -0.855 0.806 0.228 -0.547 -0.08 0.893 -0.444 -0.045 0.818 -0.573 -0.043 0.812 -0.582 -0.041 0.245 -0.969 -0.048 0.108 -0.993 -0.108 -0.646 -0.756 -0.119 -0.7 -0.704 -0.153 -0.854 -0.497 -0.888 -0.166 -0.429 -0.797 -0.17 -0.58 -0.801 -0.17 -0.574 -0.118 -0.019 -0.993 -0.198 -0.04 -0.979 0.654 0.206 -0.728 0.627 0.195 -0.754 0.8 0.265 -0.538 -0.526 0.734 -0.43 -0.464 0.685 -0.561 -0.46 0.682 -0.568 -0.165 0.193 -0.967 -0.111 0.094 -0.989 0.248 -0.593 -0.766 0.266 -0.637 -0.723 0.328 -0.792 -0.515 -0.827 0.369 -0.425 -0.748 0.352 -0.562 -0.744 0.351 -0.568 -0.22 0.075 -0.973 -0.142 0.03 -0.989 0.534 -0.366 -0.762 0.563 -0.386 -0.731 0.699 -0.482 -0.529 -0.95 0.052 -0.307 -0.917 0.089 -0.388 -0.915 0.091 -0.392 -0.588 0.08 -0.805 -0.502 0.066 -0.863 0.324 -0.126 -0.938 0.466 -0.169 -0.868 0.784 -0.263 -0.563 -0.915 -0.236 -0.327 -0.871 -0.249 -0.423 -0.873 -0.248 -0.42 -0.421 -0.134 -0.897 -0.478 -0.152 -0.865 0.476 0.191 -0.859 0.412 0.165 -0.896 0.76 0.312 -0.57 0.129 -0.921 -0.367 0.106 -0.875 -0.472 0.106 -0.874 -0.474 0.027 -0.396 -0.918 0.022 -0.354 -0.935 -0.057 0.528 -0.847 -0.058 0.562 -0.825 -0.065 0.83 -0.554 -0.62 0.67 -0.409 -0.55 0.645 -0.53 -0.544 0.642 -0.539 -0.228 0.234 -0.945 -0.143 0.107 -0.984 0.264 -0.549 -0.793 0.295 -0.617 -0.729 0.367 -0.778 -0.511 -0.61 0.662 -0.437 -0.571 0.582 -0.579 -0.573 0.586 -0.573 -0.099 0.084 -0.991 -0.161 0.143 -0.977 0.511 -0.457 -0.728 0.484 -0.437 -0.758 0.647 -0.551 -0.527 -0.211 -0.913 -0.349 -0.162 -0.876 -0.454 -0.165 -0.879 -0.448 -0.045 -0.306 -0.951 -0.063 -0.438 -0.897 0.019 0.669 -0.743 0.023 0.58 -0.814 0.008 0.874 -0.486 -0.881 0.189 -0.434 -0.801 0.208 -0.561 -0.795 0.209 -0.57 -0.246 0.056 -0.968 -0.112 0.008 -0.994 0.607 -0.284 -0.742 0.655 -0.312 -0.688 0.783 -0.394 -0.481 -0.078 -0.907 -0.414 -0.05 -0.828 -0.558 -0.051 -0.832 -0.553 -0.006 -0.105 -0.994 -0.008 -0.197 -0.98 -0.011 0.74 -0.672 -0.008 0.713 -0.701 -0.028 0.878 -0.478 -0.845 -0.319 -0.428 -0.786 -0.267 -0.557 -0.782 -0.264 -0.564 -0.23 -0.092 -0.969 -0.117 -0.064 -0.991 0.658 0.106 -0.745 0.704 0.11 -0.701 0.863 0.123 -0.49 -0.562 -0.714 -0.418 -0.531 -0.644 -0.552 -0.529 -0.64 -0.557 -0.128 -0.186 -0.974 -0.062 -0.116 -0.991 0.508 0.467 -0.724 0.533 0.489 -0.69 0.65 0.587 -0.483 -0.293 -0.907 -0.302 -0.32 -0.869 -0.379 -0.321 -0.866 -0.383 -0.233 -0.564 -0.792 -0.197 -0.482 -0.854 0.223 0.331 -0.917 0.302 0.461 -0.835 0.461 0.727 -0.508 -0.022 -0.948 -0.318 0.002 -0.913 -0.407 0.001 -0.915 -0.404 0.02 -0.458 -0.889 0.022 -0.52 -0.854 -0.046 0.571 -0.819 -0.037 0.503 -0.864 -0.082 0.856 -0.511 0.928 -0.125 -0.35 0.881 -0.133 -0.454 0.88 -0.133 -0.456 0.408 -0.066 -0.911 0.366 -0.058 -0.929 -0.529 0.12 -0.84 -0.562 0.128 -0.817 -0.818 0.19 -0.542 -0.805 -0.431 -0.408 -0.767 -0.367 -0.527 -0.763 -0.362 -0.535 -0.288 -0.147 -0.946 -0.139 -0.094 -0.986 0.62 0.137 -0.773 0.693 0.147 -0.706 0.859 0.167 -0.485 -0.795 -0.423 -0.435 -0.712 -0.406 -0.573 -0.716 -0.407 -0.568 -0.103 -0.054 -0.993 -0.18 -0.102 -0.978 0.589 0.417 -0.692 0.565 0.396 -0.724 0.705 0.517 -0.486 -0.829 -0.241 -0.505 -0.73 -0.204 -0.652 -0.724 -0.202 -0.66 -0.074 -0.091 -0.993 0.027 -0.075 -0.997 0.738 0.037 -0.673 0.766 0.039 -0.642 0.888 0.047 -0.457 0.845 -0.44 -0.305 0.817 -0.401 -0.415 0.818 -0.402 -0.411 0.358 -0.187 -0.915 0.421 -0.214 -0.881 -0.509 0.15 -0.848 -0.45 0.13 -0.884 -0.767 0.24 -0.596 0.81 0.466 -0.356 0.769 0.436 -0.468 0.769 0.436 -0.467 0.336 0.13 -0.933 0.345 0.136 -0.928 -0.45 -0.357 -0.818 -0.443 -0.353 -0.824 -0.68 -0.483 -0.552 -0.766 -0.412 -0.494 -0.685 -0.346 -0.641 -0.676 -0.34 -0.654 -0.088 -0.132 -0.987 0.077 -0.081 -0.994 0.729 0.114 -0.675 0.774 0.119 -0.622 0.886 0.131 -0.446 -0.282 0.878 -0.386 -0.306 0.829 -0.468 -0.305 0.831 -0.465 -0.159 0.415 -0.896 -0.195 0.492 -0.848 0.319 -0.453 -0.832 0.243 -0.331 -0.912 0.483 -0.723 -0.495 0.54 -0.734 -0.412 0.469 -0.676 -0.569 0.463 -0.671 -0.579 0.151 -0.159 -0.976 0.091 -0.049 -0.995 -0.245 0.595 -0.766 -0.259 0.633 -0.73 -0.307 0.767 -0.563 -0.868 -0.097 -0.488 -0.778 -0.081 -0.623 -0.775 -0.08 -0.627 -0.136 -0.066 -0.989 -0.066 -0.065 -0.996 0.712 -0.05 -0.701 0.735 -0.051 -0.676 0.884 -0.053 -0.464 -0.562 0.719 -0.409 -0.512 0.704 -0.492 -0.51 0.703 -0.495 -0.248 0.39 -0.887 -0.209 0.334 -0.919 0.246 -0.407 -0.88 0.287 -0.486 -0.825 0.422 -0.758 -0.498 0.879 -0.298 -0.372 0.807 -0.296 -0.511 0.804 -0.296 -0.515 0.264 -0.113 -0.958 0.2 -0.088 -0.976 -0.549 0.232 -0.803 -0.576 0.246 -0.779 -0.741 0.336 -0.582 0.831 -0.484 -0.273 0.791 -0.493 -0.363 0.789 -0.493 -0.366 0.475 -0.324 -0.818 0.424 -0.29 -0.858 -0.278 0.228 -0.933 -0.347 0.286 -0.893 -0.608 0.503 -0.615 -0.531 0.795 -0.294 -0.516 0.772 -0.372 -0.318 0.474 -0.821 -0.318 0.473 -0.822 0.269 -0.412 -0.87 0.271 -0.413 -0.869 0.475 -0.72 -0.506 0.769 -0.492 -0.409 0.686 -0.484 -0.543 0.677 -0.482 -0.556 0.204 -0.126 -0.971 0.054 0.005 -0.999 -0.5 0.53 -0.685 -0.529 0.574 -0.625 -0.592 0.672 -0.445 -0.898 0.174 -0.405 -0.828 0.122 -0.548 -0.834 0.126 -0.538 -0.083 0.038 -0.996 -0.248 0.048 -0.968 0.752 0.033 -0.658 0.702 0.025 -0.712 0.882 0.058 -0.467 -0.351 0.872 -0.343 -0.327 0.834 -0.445 -0.326 0.833 -0.447 -0.143 0.363 -0.921 -0.132 0.334 -0.933 0.202 -0.593 -0.779 0.208 -0.612 -0.763 0.28 -0.829 -0.484 -0.19 -0.898 -0.397 -0.183 -0.828 -0.531 -0.183 -0.826 -0.533 -0.043 -0.21 -0.977 -0.034 -0.173 -0.984 0.182 0.679 -0.711 0.186 0.691 -0.698 0.231 0.844 -0.484 -0.288 -0.865 -0.412 -0.249 -0.793 -0.557 -0.25 -0.795 -0.553 -0.045 -0.107 -0.993 -0.062 -0.17 -0.983 0.166 0.719 -0.675 0.162 0.7 -0.695 0.19 0.858 -0.478 0.229 -0.925 -0.302 0.203 -0.9 -0.385 0.203 -0.9 -0.387 0.109 -0.541 -0.834 0.099 -0.492 -0.865 -0.065 0.49 -0.869 -0.073 0.553 -0.83 -0.11 0.856 -0.505 0.312 0.859 -0.405 0.291 0.791 -0.538 0.291 0.791 -0.539 0.067 0.187 -0.98 0.063 0.175 -0.983 -0.254 -0.661 -0.706 -0.256 -0.665 -0.702 -0.316 -0.818 -0.48 0.934 0.079 -0.349 0.891 0.059 -0.45 0.89 0.059 -0.453 0.409 0.021 -0.912 0.356 0.019 -0.934 -0.594 0.003 -0.805 -0.631 0.005 -0.776 -0.867 0.013 -0.498 0.283 0.915 -0.287 0.24 0.902 -0.358 0.242 0.903 -0.355 0.121 0.583 -0.804 0.136 0.644 -0.753 -0.04 -0.503 -0.864 -0.025 -0.352 -0.936 -0.075 -0.857 -0.51 -0.831 0.182 -0.526 -0.723 0.151 -0.674 -0.717 0.15 -0.681 -0.12 -0.105 -0.987 -0.032 -0.142 -0.989 0.618 -0.389 -0.683 0.643 -0.401 -0.652 0.762 -0.449 -0.466 0.48 -0.835 -0.27 0.473 -0.793 -0.385 0.473 -0.794 -0.381 0.185 -0.398 -0.898 0.225 -0.451 -0.864 -0.359 0.331 -0.873 -0.321 0.281 -0.905 -0.529 0.562 -0.636 0.917 -0.028 -0.397 0.859 -0.041 -0.51 0.317 -0.116 -0.941 0.328 -0.115 -0.938 -0.558 -0.138 -0.818 -0.55 -0.139 -0.824 -0.823 -0.117 -0.555 -0.864 -0.005 -0.504 -0.757 0.002 -0.654 -0.745 0.003 -0.667 -0.151 -0.133 -0.98 0.006 -0.172 -0.985 0.648 -0.318 -0.692 0.692 -0.334 -0.639 0.804 -0.374 -0.462 0.178 0.875 -0.45 0.134 0.838 -0.529 0.136 0.84 -0.525 0.05 0.378 -0.925 0.058 0.465 -0.883 0.03 -0.601 -0.798 0.024 -0.464 -0.886 0.042 -0.896 -0.443 0.085 -0.93 -0.358 0.051 -0.853 -0.519 0.049 -0.846 -0.53 0.03 -0.274 -0.961 0.032 -0.151 -0.988 0.067 0.584 -0.809 0.075 0.627 -0.776 0.102 0.778 -0.62 -0.79 0.332 -0.516 -0.702 0.288 -0.651 -0.699 0.286 -0.656 -0.159 -0.053 -0.986 -0.102 -0.088 -0.991 0.55 -0.452 -0.702 0.571 -0.464 -0.678 0.706 -0.535 -0.465 -0.125 0.876 -0.466 -0.093 0.832 -0.547 -0.092 0.83 -0.55 -0.033 0.402 -0.915 -0.029 0.332 -0.943 -0.008 -0.528 -0.849 -0.012 -0.613 -0.79 -0.024 -0.896 -0.444 0.579 -0.737 -0.35 0.515 -0.703 -0.49 0.512 -0.702 -0.495 0.143 -0.29 -0.946 0.102 -0.238 -0.966 -0.353 0.425 -0.833 -0.368 0.453 -0.812 -0.46 0.631 -0.625 0.447 -0.863 -0.234 0.407 -0.854 -0.325 0.405 -0.853 -0.328 0.218 -0.569 -0.793 0.191 -0.516 -0.835 -0.134 0.274 -0.952 -0.163 0.362 -0.918 -0.268 0.701 -0.661 0.23 0.908 -0.349 0.174 0.872 -0.457 0.178 0.875 -0.451 0.033 0.313 -0.949 0.053 0.439 -0.897 -0.038 -0.632 -0.774 -0.043 -0.54 -0.841 -0.023 -0.85 -0.525 0.881 -0.176 -0.439 0.804 -0.19 -0.564 0.797 -0.191 -0.572 0.24 -0.035 -0.97 0.1 0.013 -0.995 -0.638 0.291 -0.713 -0.684 0.316 -0.657 -0.808 0.386 -0.446 0.084 0.907 -0.414 0.05 0.826 -0.561 0.051 0.83 -0.556 -0.007 0.209 -0.978 -0.005 -0.706 -0.708 -0.008 -0.678 -0.735 0.016 -0.856 -0.517 0.856 0.291 -0.426 0.796 0.248 -0.553 0.792 0.245 -0.56 0.225 0.106 -0.969 0.105 0.081 -0.991 -0.69 -0.072 -0.72 -0.735 -0.076 -0.674 -0.884 -0.089 -0.459 0.594 0.686 -0.42 0.556 0.62 -0.553 0.554 0.617 -0.559 0.119 0.196 -0.973 0.048 0.131 -0.99 -0.548 -0.419 -0.724 -0.575 -0.44 -0.69 -0.693 -0.535 -0.483 0.321 0.898 -0.301 0.346 0.858 -0.38 0.348 0.855 -0.384 0.237 0.557 -0.796 0.196 0.478 -0.856 -0.253 -0.29 -0.923 -0.337 -0.416 -0.845 -0.506 -0.684 -0.525 0.024 0.95 -0.312 -0.004 0.914 -0.405 -0.003 0.916 -0.402 -0.034 0.459 -0.888 -0.035 0.52 -0.853 0.03 -0.532 -0.846 0.021 -0.463 -0.886 0.074 -0.831 -0.551 -0.939 0.135 -0.316 -0.897 0.144 -0.418 -0.896 0.144 -0.42 -0.439 0.088 -0.894 -0.397 0.081 -0.914 0.531 -0.101 -0.841 0.565 -0.109 -0.818 0.82 -0.174 -0.545 0.822 0.398 -0.407 0.781 0.341 -0.523 0.777 0.337 -0.532 0.285 0.156 -0.946 0.129 0.11 -0.986 -0.653 -0.101 -0.75 -0.724 -0.111 -0.681 -0.881 -0.131 -0.456 0.812 0.391 -0.433 0.728 0.381 -0.57 0.732 0.382 -0.565 0.091 0.072 -0.993 0.172 0.116 -0.978 -0.629 -0.368 -0.685 -0.604 -0.349 -0.716 -0.745 -0.464 -0.479 -0.492 -0.833 -0.255 -0.427 -0.828 -0.363 -0.431 -0.829 -0.357 -0.135 -0.388 -0.912 -0.191 -0.499 -0.845 0.209 0.524 -0.826 0.187 0.428 -0.884 0.257 0.759 -0.598 -0.813 0.374 -0.446 -0.742 0.356 -0.567 -0.737 0.355 -0.576 -0.249 0.012 -0.968 -0.12 -0.08 -0.99 0.551 -0.532 -0.643 0.587 -0.561 -0.583 0.682 -0.634 -0.365 -0.345 -0.884 -0.316 -0.29 -0.834 -0.469 -0.292 -0.837 -0.463 -0.036 -0.22 -0.975 -0.064 -0.302 -0.951 0.196 0.611 -0.767 0.192 0.58 -0.792 0.218 0.776 -0.592 -0.918 -0.06 -0.391 -0.855 -0.05 -0.516 -0.851 -0.049 -0.523 -0.273 -0.129 -0.953 -0.144 -0.145 -0.979 0.701 -0.205 -0.683 0.743 -0.209 -0.635 0.881 -0.216 -0.42 -0.786 -0.51 -0.349 -0.735 -0.474 -0.485 -0.732 -0.472 -0.491 -0.19 -0.251 -0.949 -0.099 -0.211 -0.972 0.662 0.166 -0.731 0.693 0.181 -0.698 0.83 0.252 -0.498 -0.578 -0.788 -0.21 -0.594 -0.75 -0.292 -0.594 -0.748 -0.296 -0.409 -0.544 -0.733 -0.347 -0.487 -0.801 0.332 0.114 -0.936 0.452 0.218 -0.865 0.694 0.449 -0.564 -0.295 -0.932 -0.211 -0.258 -0.917 -0.305 -0.259 -0.918 -0.302 -0.106 -0.544 -0.832 -0.122 -0.599 -0.791 0.11 0.442 -0.89 0.099 0.37 -0.924 0.152 0.767 -0.624 0.869 -0.421 -0.26 0.829 -0.43 -0.357 0.828 -0.43 -0.359 0.413 -0.305 -0.858 0.372 -0.288 -0.882 -0.518 0.174 -0.838 -0.547 0.194 -0.814 -0.761 0.348 -0.547 -0.917 -0.167 -0.363 -0.867 -0.138 -0.479 -0.862 -0.136 -0.488 -0.348 -0.157 -0.924 -0.176 -0.164 -0.971 0.674 -0.17 -0.719 0.743 -0.174 -0.646 0.89 -0.177 -0.421 -0.906 -0.167 -0.388 -0.83 -0.196 -0.522 -0.834 -0.195 -0.516 -0.127 -0.14 -0.982 -0.222 -0.157 -0.962 0.725 0.096 -0.682 0.696 0.082 -0.713 0.859 0.17 -0.484 0.901 0.162 -0.402 0.824 0.11 -0.556 0.819 0.107 -0.564 0.211 -0.022 -0.977 0.108 -0.034 -0.994 -0.654 -0.085 -0.751 -0.686 -0.082 -0.723 -0.829 -0.064 -0.556 -0.779 0.445 -0.441 -0.744 0.396 -0.539 -0.745 0.397 -0.536 -0.242 0.109 -0.964 -0.31 0.144 -0.94 0.626 -0.277 -0.729 0.574 -0.258 -0.777 0.834 -0.346 -0.431 -0.765 -0.501 -0.405 -0.71 -0.484 -0.512 -0.71 -0.484 -0.511 -0.214 -0.234 -0.948 -0.224 -0.24 -0.945 0.566 0.268 -0.78 0.56 0.263 -0.786 0.757 0.421 -0.499 0.837 0.348 -0.422 0.778 0.265 -0.57 0.771 0.257 -0.583 0.224 0.023 -0.974 0.056 -0.025 -0.998 -0.646 -0.168 -0.745 -0.697 -0.165 -0.697 -0.829 -0.151 -0.538 0.326 -0.92 -0.218 0.36 -0.885 -0.296 0.359 -0.887 -0.292 0.285 -0.544 -0.789 0.312 -0.615 -0.724 -0.214 0.394 -0.894 -0.127 0.257 -0.958 -0.408 0.691 -0.596 -0.471 0.709 -0.525 -0.388 0.641 -0.662 -0.382 0.635 -0.671 -0.023 0.064 -0.998 0.043 -0.06 -0.997 0.348 -0.705 -0.618 0.355 -0.737 -0.576 0.375 -0.84 -0.392 0.933 0.009 -0.361 0.864 -0.019 -0.503 0.861 -0.02 -0.508 0.274 -0.05 -0.961 0.203 -0.049 -0.978 -0.623 0.003 -0.782 -0.65 0.007 -0.76 -0.82 0.041 -0.571 0.591 -0.776 -0.22 0.557 -0.773 -0.304 0.556 -0.772 -0.308 0.371 -0.519 -0.77 0.338 -0.466 -0.818 -0.135 0.339 -0.931 -0.183 0.428 -0.885 -0.35 0.724 -0.595 -0.813 0.3 -0.499 -0.73 0.281 -0.623 -0.726 0.281 -0.627 -0.14 0.021 -0.99 -0.072 -0.011 -0.997 0.656 -0.357 -0.665 0.678 -0.369 -0.636 0.801 -0.438 -0.407 -0.768 0.491 -0.412 -0.72 0.49 -0.492 -0.718 0.49 -0.495 -0.371 0.267 -0.889 -0.315 0.226 -0.922 0.409 -0.361 -0.838 0.471 -0.417 -0.777 0.672 -0.601 -0.433 -0.967 -0.086 -0.239 -0.944 -0.075 -0.323 -0.944 -0.074 -0.323 -0.609 0.008 -0.793 -0.608 0.008 -0.794 0.375 0.129 -0.918 0.376 0.129 -0.917 0.785 0.143 -0.603 0.73 0.502 -0.464 0.666 0.44 -0.603 0.659 0.433 -0.615 0.099 0.203 -0.974 -0.073 0.135 -0.988 -0.733 -0.138 -0.666 -0.783 -0.151 -0.604 -0.892 -0.181 -0.414 -0.586 -0.68 -0.44 -0.518 -0.622 -0.587 -0.524 -0.627 -0.577 -0.157 0.034 -0.987 -0.231 -0.102 -0.967 0.234 0.727 -0.646 0.214 0.681 -0.701 0.292 0.845 -0.448 -0.955 0.117 -0.273 -0.914 0.13 -0.384 -0.913 0.13 -0.386 -0.444 0.117 -0.888 -0.416 0.115 -0.902 0.511 -0.017 -0.86 0.532 -0.021 -0.847 0.795 -0.082 -0.601 0.653 -0.538 -0.533 0.576 -0.483 -0.659 0.575 -0.482 -0.661 0.064 -0.04 -0.997 0.037 -0.016 -0.999 -0.56 0.522 -0.643 -0.568 0.53 -0.63 -0.669 0.629 -0.397 0.577 -0.607 -0.547 0.513 -0.521 -0.682 0.515 -0.524 -0.678 -0.023 0.004 -1 0.023 -0.038 -0.999 -0.6 0.524 -0.605 -0.586 0.514 -0.627 -0.699 0.598 -0.391 0.884 -0.19 -0.427 0.838 -0.193 -0.511 0.837 -0.193 -0.513 0.419 -0.068 -0.905 0.37 -0.052 -0.928 -0.515 0.235 -0.824 -0.569 0.254 -0.782 -0.836 0.337 -0.433 -0.641 0.702 -0.31 -0.6 0.659 -0.455 -0.599 0.658 -0.456 -0.214 0.222 -0.951 -0.206 0.214 -0.955 0.379 -0.447 -0.81 0.382 -0.45 -0.807 0.515 -0.601 -0.611 0.31 0.895 -0.322 0.297 0.853 -0.43 0.296 0.852 -0.432 0.07 0.436 -0.897 0.048 0.391 -0.919 -0.331 -0.434 -0.838 -0.346 -0.469 -0.812 -0.439 -0.71 -0.55 -0.695 0.695 -0.182 -0.709 0.656 -0.26 -0.708 0.658 -0.257 -0.509 0.431 -0.745 -0.552 0.469 -0.689 0.319 -0.175 -0.932 0.191 -0.089 -0.977 0.653 -0.405 -0.64 0.827 0.284 -0.486 0.736 0.229 -0.637 0.73 0.226 -0.645 0.122 0.048 -0.991 0.028 0.026 -0.999 -0.673 -0.122 -0.729 -0.703 -0.125 -0.7 -0.842 -0.134 -0.523 -0.851 0.364 -0.379 -0.813 0.322 -0.486 -0.814 0.324 -0.482 -0.309 0.118 -0.944 -0.376 0.141 -0.916 0.564 -0.154 -0.811 0.507 -0.14 -0.851 0.813 -0.215 -0.542 -0.726 -0.561 -0.398 -0.677 -0.529 -0.511 -0.678 -0.529 -0.511 -0.246 -0.197 -0.949 -0.255 -0.204 -0.945 0.445 0.353 -0.823 0.438 0.348 -0.829 0.648 0.52 -0.556 0.742 0.457 -0.49 0.674 0.373 -0.638 0.666 0.364 -0.651 0.13 0.09 -0.987 -0.021 0.028 -0.999 -0.656 -0.2 -0.728 -0.705 -0.206 -0.678 -0.832 -0.22 -0.509 0.405 -0.857 -0.318 0.427 -0.811 -0.4 0.426 -0.813 -0.396 0.264 -0.44 -0.858 0.304 -0.511 -0.804 -0.311 0.386 -0.869 -0.217 0.268 -0.939 -0.52 0.651 -0.553 -0.581 0.661 -0.475 -0.497 0.604 -0.623 -0.49 0.599 -0.633 -0.103 0.101 -0.99 -0.03 -0.005 -1 0.359 -0.603 -0.712 0.375 -0.638 -0.673 0.426 -0.756 -0.497 0.88 0.138 -0.455 0.796 0.108 -0.595 0.793 0.107 -0.6 0.185 0.029 -0.982 0.118 0.022 -0.993 -0.654 -0.033 -0.756 -0.679 -0.033 -0.733 -0.846 -0.031 -0.532 0.65 -0.683 -0.332 0.607 -0.676 -0.418 0.605 -0.675 -0.421 0.344 -0.409 -0.845 0.302 -0.359 -0.883 -0.232 0.343 -0.91 -0.285 0.421 -0.861 -0.467 0.69 -0.554 -0.869 0.219 -0.444 -0.787 0.215 -0.578 -0.784 0.215 -0.583 -0.207 0.049 -0.977 -0.14 0.027 -0.99 0.61 -0.231 -0.758 0.636 -0.242 -0.732 0.795 -0.31 -0.521 -0.844 0.41 -0.347 -0.799 0.416 -0.434 -0.797 0.417 -0.437 -0.445 0.249 -0.86 -0.389 0.217 -0.895 0.355 -0.251 -0.901 0.427 -0.301 -0.853 0.684 -0.482 -0.547 -0.612 -0.669 -0.422 -0.541 -0.651 -0.532 -0.546 -0.653 -0.526 -0.159 -0.178 -0.971 -0.231 -0.281 -0.931 0.309 0.587 -0.749 0.271 0.508 -0.818 0.397 0.777 -0.488 -0.706 0.579 -0.408 -0.629 0.564 -0.535 -0.623 0.563 -0.543 -0.192 0.207 -0.959 -0.09 0.108 -0.99 0.439 -0.475 -0.762 0.47 -0.523 -0.711 0.553 -0.659 -0.51 -0.476 -0.728 -0.494 -0.405 -0.655 -0.638 -0.408 -0.658 -0.632 -0.04 -0.032 -0.999 -0.08 -0.105 -0.991 0.313 0.664 -0.679 0.303 0.639 -0.707 0.363 0.8 -0.478 -0.888 0.165 -0.428 -0.812 0.184 -0.554 -0.807 0.185 -0.561 -0.238 0.082 -0.968 -0.123 0.052 -0.991 0.639 -0.188 -0.746 0.681 -0.208 -0.702 0.824 -0.281 -0.492 -0.835 -0.298 -0.463 -0.766 -0.245 -0.594 -0.762 -0.243 -0.6 -0.184 -0.04 -0.982 -0.095 -0.014 -0.995 0.667 0.172 -0.725 0.7 0.176 -0.692 0.855 0.19 -0.483 -0.69 -0.623 -0.368 -0.693 -0.567 -0.446 -0.693 -0.564 -0.45 -0.447 -0.311 -0.839 -0.375 -0.255 -0.891 0.347 0.205 -0.915 0.476 0.271 -0.837 0.756 0.409 -0.512 -0.443 -0.805 -0.395 -0.4 -0.776 -0.489 -0.401 -0.777 -0.486 -0.163 -0.337 -0.927 -0.19 -0.393 -0.9 0.203 0.533 -0.821 0.181 0.472 -0.863 0.299 0.805 -0.512 0.779 -0.511 -0.364 0.735 -0.492 -0.466 0.734 -0.491 -0.469 0.348 -0.199 -0.916 0.313 -0.173 -0.934 -0.42 0.383 -0.822 -0.447 0.404 -0.798 -0.651 0.557 -0.516 -0.907 0.056 -0.418 -0.841 0.095 -0.533 -0.835 0.098 -0.541 -0.312 0.065 -0.948 -0.156 0.038 -0.987 0.618 -0.144 -0.772 0.687 -0.174 -0.706 0.839 -0.245 -0.486 -0.894 0.059 -0.444 -0.81 0.041 -0.585 -0.814 0.041 -0.579 -0.107 0.054 -0.993 -0.196 0.051 -0.979 0.716 0.089 -0.692 0.685 0.086 -0.724 0.868 0.105 -0.485 -0.387 -0.851 -0.354 -0.329 -0.825 -0.46 -0.333 -0.827 -0.454 -0.11 -0.283 -0.953 -0.151 -0.41 -0.9 0.127 0.662 -0.739 0.115 0.573 -0.811 0.151 0.864 -0.481 -0.859 0.333 -0.39 -0.788 0.341 -0.513 -0.782 0.341 -0.522 -0.268 0.112 -0.957 -0.131 0.039 -0.991 0.586 -0.375 -0.718 0.627 -0.409 -0.663 0.735 -0.5 -0.457 -0.242 -0.874 -0.421 -0.199 -0.8 -0.566 -0.201 -0.804 -0.56 -0.034 -0.092 -0.995 -0.051 -0.182 -0.982 0.106 0.737 -0.668 0.104 0.71 -0.697 0.112 0.875 -0.472 -0.911 -0.132 -0.392 -0.851 -0.095 -0.516 -0.847 -0.093 -0.523 -0.275 -0.036 -0.961 -0.148 -0.03 -0.989 0.699 -0.018 -0.715 0.743 -0.023 -0.669 0.888 -0.041 -0.458 -0.716 -0.568 -0.406 -0.675 -0.507 -0.536 -0.672 -0.504 -0.542 -0.181 -0.148 -0.972 -0.097 -0.092 -0.991 0.612 0.357 -0.706 0.642 0.371 -0.671 0.772 0.434 -0.464 -0.474 -0.826 -0.305 -0.496 -0.781 -0.38 -0.497 -0.778 -0.383 -0.355 -0.499 -0.791 -0.303 -0.425 -0.853 0.291 0.288 -0.912 0.398 0.398 -0.827 0.611 0.617 -0.497 -0.187 -0.927 -0.326 -0.155 -0.896 -0.415 -0.156 -0.897 -0.413 -0.063 -0.446 -0.893 -0.072 -0.508 -0.858 0.038 0.578 -0.815 0.035 0.51 -0.86 0.049 0.862 -0.504 0.904 -0.275 -0.327 0.862 -0.276 -0.425 0.861 -0.276 -0.427 0.42 -0.134 -0.898 0.377 -0.119 -0.919 -0.548 0.222 -0.806 -0.579 0.235 -0.781 -0.806 0.327 -0.494 -0.893 -0.244 -0.377 -0.85 -0.191 -0.49 -0.846 -0.187 -0.499 -0.346 -0.078 -0.935 -0.177 -0.056 -0.983 0.667 0.019 -0.745 0.738 0.014 -0.675 0.891 -0 -0.453 -0.884 -0.238 -0.403 -0.807 -0.239 -0.539 -0.811 -0.239 -0.534 -0.132 -0.023 -0.991 -0.222 -0.055 -0.973 0.684 0.289 -0.669 0.657 0.275 -0.702 0.812 0.354 -0.463 -0.044 0.971 -0.236 -0.078 0.934 -0.349 -0.076 0.936 -0.343 -0.004 0.419 -0.908 -0.029 0.542 -0.84 0.214 -0.543 -0.812 0.186 -0.45 -0.873 0.276 -0.767 -0.579 0.922 0.14 -0.362 0.862 0.116 -0.494 0.857 0.114 -0.503 0.307 0.142 -0.941 0.159 0.15 -0.976 -0.652 0.168 -0.739 -0.707 0.173 -0.686 -0.857 0.181 -0.482 -0.175 0.933 -0.313 -0.174 0.867 -0.467 -0.174 0.87 -0.461 0.018 0.223 -0.975 -0.008 0.308 -0.951 0.263 -0.61 -0.748 0.253 -0.581 -0.773 0.314 -0.761 -0.568 0.748 0.587 -0.311 0.714 0.541 -0.445 0.711 0.538 -0.453 0.246 0.276 -0.929 0.142 0.218 -0.966 -0.587 -0.204 -0.784 -0.63 -0.226 -0.743 -0.781 -0.306 -0.545 0.369 0.882 -0.292 0.364 0.825 -0.432 0.364 0.822 -0.439 0.117 0.334 -0.935 0.071 0.25 -0.966 -0.339 -0.498 -0.798 -0.359 -0.529 -0.769 -0.452 -0.676 -0.582 0.04 0.982 -0.183 0.081 0.962 -0.26 0.083 0.961 -0.264 0.101 0.698 -0.709 0.092 0.618 -0.781 -0.087 -0.264 -0.961 -0.132 -0.419 -0.898 -0.226 -0.756 -0.614 -0.249 0.944 -0.217 -0.26 0.914 -0.312 -0.259 0.915 -0.309 -0.119 0.534 -0.837 -0.14 0.588 -0.796 0.253 -0.421 -0.871 0.226 -0.353 -0.908 0.363 -0.718 -0.594 -0.913 -0.118 -0.389 -0.87 -0.085 -0.485 -0.869 -0.085 -0.487 -0.388 0.049 -0.92 -0.344 0.057 -0.937 0.596 0.151 -0.789 0.629 0.151 -0.763 0.871 0.135 -0.472 0.678 0.677 -0.285 0.667 0.624 -0.408 0.665 0.619 -0.418 0.287 0.342 -0.895 0.155 0.253 -0.955 -0.54 -0.218 -0.813 -0.609 -0.256 -0.751 -0.764 -0.345 -0.544 0.673 0.671 -0.312 0.607 0.651 -0.456 0.61 0.652 -0.45 0.132 0.205 -0.97 0.193 0.271 -0.943 -0.434 -0.477 -0.764 -0.415 -0.448 -0.792 -0.525 -0.625 -0.578 -0.903 -0.098 -0.417 -0.821 -0.084 -0.565 -0.815 -0.084 -0.573 -0.147 -0.115 -0.982 -0.03 -0.12 -0.992 0.757 -0.129 -0.641 0.783 -0.131 -0.609 0.893 -0.139 -0.429 0.746 -0.614 -0.257 0.732 -0.58 -0.358 0.733 -0.581 -0.354 0.324 -0.317 -0.891 0.388 -0.357 -0.85 -0.556 0.253 -0.791 -0.504 0.22 -0.835 -0.759 0.389 -0.522 0.879 0.316 -0.358 0.839 0.293 -0.459 0.358 0.053 -0.932 0.37 0.058 -0.927 -0.586 -0.322 -0.743 -0.579 -0.32 -0.75 -0.803 -0.387 -0.454 -0.869 -0.29 -0.401 -0.799 -0.246 -0.549 -0.791 -0.241 -0.563 -0.17 -0.16 -0.972 0.026 -0.138 -0.99 0.761 -0.043 -0.647 0.804 -0.046 -0.593 0.904 -0.05 -0.424 -0.15 0.919 -0.366 -0.186 0.88 -0.436 -0.185 0.882 -0.433 -0.139 0.475 -0.869 -0.159 0.56 -0.813 0.23 -0.594 -0.771 0.169 -0.455 -0.874 0.344 -0.848 -0.403 0.398 -0.857 -0.327 0.34 -0.811 -0.477 0.336 -0.806 -0.487 0.097 -0.245 -0.965 0.048 -0.103 -0.993 -0.187 0.667 -0.721 -0.191 0.704 -0.684 -0.203 0.829 -0.521 -0.912 0.061 -0.406 -0.841 0.058 -0.539 -0.838 0.058 -0.543 -0.212 -0.072 -0.975 -0.133 -0.087 -0.987 0.715 -0.219 -0.663 0.738 -0.223 -0.637 0.87 -0.243 -0.429 -0.447 0.814 -0.371 -0.409 0.796 -0.446 -0.407 0.795 -0.449 -0.238 0.465 -0.853 -0.21 0.399 -0.893 0.158 -0.536 -0.829 0.188 -0.623 -0.76 0.278 -0.872 -0.403 0.811 -0.485 -0.327 0.749 -0.481 -0.455 0.747 -0.481 -0.459 0.234 -0.215 -0.948 0.166 -0.172 -0.971 -0.574 0.348 -0.741 -0.595 0.367 -0.715 -0.712 0.48 -0.512 0.724 -0.652 -0.225 0.686 -0.661 -0.303 0.684 -0.662 -0.306 0.422 -0.482 -0.768 0.375 -0.439 -0.816 -0.307 0.296 -0.904 -0.365 0.372 -0.854 -0.552 0.625 -0.552 -0.944 -0.033 -0.329 -0.872 -0.019 -0.489 -0.867 -0.018 -0.498 -0.267 -0.073 -0.961 -0.161 -0.084 -0.983 0.629 -0.155 -0.762 0.66 -0.16 -0.734 0.801 -0.183 -0.57 0.655 -0.654 -0.377 0.628 -0.615 -0.477 0.629 -0.616 -0.474 0.172 -0.3 -0.938 0.236 -0.345 -0.908 -0.618 0.308 -0.724 -0.574 0.273 -0.772 -0.781 0.454 -0.429 0.824 0.289 -0.487 0.764 0.269 -0.587 0.764 0.269 -0.586 0.208 0.06 -0.976 0.22 0.065 -0.973 -0.663 -0.265 -0.7 -0.657 -0.263 -0.707 -0.857 -0.337 -0.39 -0.916 -0.236 -0.324 -0.856 -0.187 -0.483 -0.848 -0.182 -0.497 -0.288 -0.116 -0.951 -0.109 -0.105 -0.988 0.636 -0.069 -0.768 0.688 -0.076 -0.722 0.819 -0.093 -0.566 -0.166 0.932 -0.322 -0.21 0.897 -0.389 -0.208 0.899 -0.386 -0.231 0.5 -0.835 -0.24 0.583 -0.776 0.094 -0.57 -0.816 0.028 -0.426 -0.904 0.244 -0.845 -0.476 0.305 -0.861 -0.407 0.231 -0.804 -0.548 0.226 -0.799 -0.557 -0.044 -0.214 -0.976 -0.089 -0.073 -0.993 -0.252 0.689 -0.68 -0.25 0.726 -0.641 -0.238 0.848 -0.474 -0.942 0.132 -0.309 -0.882 0.127 -0.454 -0.879 0.127 -0.459 -0.325 -0.028 -0.945 -0.254 -0.047 -0.966 0.58 -0.242 -0.778 0.606 -0.248 -0.755 0.772 -0.287 -0.567 -0.446 0.845 -0.294 -0.42 0.826 -0.375 -0.419 0.825 -0.378 -0.321 0.495 -0.808 -0.301 0.429 -0.852 0.022 -0.506 -0.862 0.057 -0.596 -0.801 0.182 -0.865 -0.468 0.715 -0.529 -0.456 0.634 -0.515 -0.577 0.631 -0.514 -0.581 0.084 -0.193 -0.978 0.019 -0.147 -0.989 -0.626 0.402 -0.668 -0.643 0.422 -0.64 -0.729 0.54 -0.42 0.636 -0.691 -0.343 0.588 -0.693 -0.417 0.586 -0.693 -0.42 0.275 -0.474 -0.836 0.226 -0.427 -0.876 -0.394 0.335 -0.856 -0.44 0.412 -0.798 -0.574 0.67 -0.471 0.232 0.922 -0.31 0.225 0.894 -0.388 0.132 0.538 -0.832 0.132 0.537 -0.833 -0.128 -0.479 -0.869 -0.129 -0.481 -0.867 -0.218 -0.837 -0.503 0.155 -0.901 -0.405 0.103 -0.835 -0.541 0.098 -0.827 -0.553 0.038 -0.243 -0.969 0.034 -0.047 -0.998 0.051 0.713 -0.699 0.064 0.766 -0.64 0.097 0.882 -0.461 -0.483 0.772 -0.413 -0.474 0.684 -0.555 -0.475 0.691 -0.545 -0.034 0.076 -0.997 -0.138 0.203 -0.97 0.529 -0.537 -0.657 0.488 -0.506 -0.711 0.637 -0.615 -0.465 0.412 0.837 -0.359 0.399 0.792 -0.462 0.399 0.791 -0.464 0.167 0.334 -0.928 0.153 0.306 -0.94 -0.309 -0.548 -0.777 -0.319 -0.565 -0.761 -0.433 -0.763 -0.48 -0.8 -0.457 -0.39 -0.743 -0.416 -0.525 -0.742 -0.415 -0.527 -0.19 -0.117 -0.975 -0.157 -0.099 -0.983 0.623 0.305 -0.72 0.635 0.311 -0.708 0.781 0.38 -0.495 -0.84 -0.362 -0.405 -0.76 -0.344 -0.551 -0.763 -0.345 -0.547 -0.115 -0.048 -0.992 -0.174 -0.077 -0.982 0.642 0.344 -0.685 0.626 0.334 -0.705 0.764 0.42 -0.489 -0.539 -0.789 -0.295 -0.538 -0.753 -0.379 -0.538 -0.752 -0.381 -0.333 -0.446 -0.831 -0.303 -0.406 -0.862 0.315 0.361 -0.878 0.356 0.409 -0.84 0.562 0.643 -0.521 0.848 0.331 -0.415 0.781 0.301 -0.547 0.781 0.301 -0.548 0.178 0.063 -0.982 0.166 0.058 -0.984 -0.666 -0.255 -0.701 -0.67 -0.256 -0.697 -0.824 -0.31 -0.474 0.688 -0.637 -0.347 0.644 -0.62 -0.448 0.642 -0.62 -0.451 0.287 -0.296 -0.911 0.249 -0.259 -0.933 -0.403 0.429 -0.808 -0.427 0.458 -0.78 -0.58 0.641 -0.503 0.871 0.391 -0.298 0.832 0.414 -0.369 0.834 0.413 -0.366 0.51 0.285 -0.812 0.566 0.315 -0.762 -0.405 -0.311 -0.86 -0.283 -0.222 -0.933 -0.692 -0.516 -0.505 -0.69 -0.678 -0.253 -0.633 -0.678 -0.372 -0.637 -0.679 -0.365 -0.29 -0.286 -0.913 -0.361 -0.38 -0.852 0.235 0.473 -0.849 0.186 0.388 -0.903 0.363 0.688 -0.628 -0.73 0.565 -0.384 -0.672 0.531 -0.516 -0.667 0.528 -0.525 -0.307 0.101 -0.946 -0.213 -0.009 -0.977 0.324 -0.592 -0.738 0.359 -0.634 -0.685 0.46 -0.747 -0.479 -0.566 -0.754 -0.333 -0.511 -0.704 -0.493 -0.514 -0.707 -0.487 -0.169 -0.152 -0.974 -0.211 -0.221 -0.952 0.251 0.558 -0.791 0.236 0.53 -0.815 0.332 0.714 -0.617 -0.929 0.167 -0.33 -0.87 0.166 -0.465 -0.866 0.166 -0.473 -0.359 -0.022 -0.933 -0.249 -0.062 -0.967 0.535 -0.318 -0.783 0.581 -0.335 -0.742 0.744 -0.389 -0.543 -0.902 -0.298 -0.313 -0.849 -0.267 -0.457 -0.846 -0.265 -0.463 -0.312 -0.149 -0.939 -0.223 -0.131 -0.966 0.58 0.039 -0.814 0.617 0.045 -0.785 0.796 0.075 -0.6 -0.759 -0.62 -0.197 -0.77 -0.574 -0.28 -0.77 -0.571 -0.284 -0.566 -0.384 -0.73 -0.499 -0.34 -0.797 0.238 0.069 -0.969 0.38 0.136 -0.915 0.704 0.295 -0.646 -0.523 -0.821 -0.23 -0.491 -0.806 -0.331 -0.492 -0.807 -0.328 -0.295 -0.44 -0.848 -0.32 -0.49 -0.811 0.118 0.418 -0.901 0.088 0.352 -0.932 0.264 0.719 -0.643 0.706 -0.596 -0.382 0.652 -0.587 -0.48 0.651 -0.587 -0.482 0.224 -0.332 -0.916 0.188 -0.306 -0.933 -0.511 0.306 -0.803 -0.533 0.331 -0.779 -0.691 0.527 -0.494 -0.951 0.062 -0.304 -0.899 0.082 -0.429 -0.895 0.084 -0.438 -0.432 -0.032 -0.901 -0.281 -0.073 -0.957 0.513 -0.277 -0.812 0.588 -0.302 -0.751 0.762 -0.353 -0.543 -0.941 0.061 -0.332 -0.879 0.02 -0.477 -0.882 0.022 -0.471 -0.233 -0.061 -0.971 -0.32 -0.057 -0.946 0.629 -0.042 -0.776 0.594 -0.047 -0.803 0.806 -0.01 -0.592 -0.968 -0.011 -0.251 -0.944 -0.012 -0.33 -0.606 -0.02 -0.795 -0.605 -0.02 -0.796 0.452 -0.019 -0.892 0.454 -0.019 -0.891 0.839 -0.01 -0.545 0.816 0.357 -0.455 0.757 0.29 -0.586 0.75 0.284 -0.597 0.173 0.079 -0.982 -0.019 0.027 -0.999 -0.747 -0.136 -0.651 -0.797 -0.135 -0.588 -0.906 -0.13 -0.404 -0.661 -0.654 -0.367 -0.585 -0.627 -0.515 -0.591 -0.629 -0.504 -0.122 -0.067 -0.99 -0.219 -0.196 -0.956 0.359 0.625 -0.693 0.335 0.577 -0.745 0.42 0.753 -0.507 -0.935 0.178 -0.306 -0.895 0.175 -0.41 -0.894 0.175 -0.412 -0.422 0.061 -0.905 -0.392 0.054 -0.918 0.57 -0.171 -0.804 0.59 -0.176 -0.788 0.824 -0.229 -0.519 0.631 -0.654 -0.417 0.569 -0.612 -0.549 0.568 -0.611 -0.552 0.107 -0.167 -0.98 0.081 -0.141 -0.987 -0.5 0.505 -0.704 -0.508 0.515 -0.691 -0.603 0.642 -0.475 0.549 -0.718 -0.428 0.502 -0.648 -0.573 0.504 -0.65 -0.568 0.02 -0.114 -0.993 0.064 -0.162 -0.985 -0.541 0.514 -0.666 -0.528 0.5 -0.687 -0.637 0.614 -0.466 0.886 -0.32 -0.337 0.847 -0.329 -0.418 0.846 -0.329 -0.42 0.474 -0.22 -0.853 0.426 -0.202 -0.882 -0.483 0.195 -0.854 -0.538 0.223 -0.813 -0.799 0.364 -0.48 -0.568 0.72 -0.398 -0.528 0.661 -0.533 -0.528 0.661 -0.534 -0.162 0.137 -0.977 -0.155 0.127 -0.98 0.381 -0.582 -0.718 0.384 -0.586 -0.714 0.491 -0.718 -0.494 0.437 0.811 -0.39 0.425 0.761 -0.49 0.425 0.76 -0.493 0.166 0.329 -0.93 0.138 0.284 -0.949 -0.367 -0.502 -0.784 -0.387 -0.531 -0.754 -0.515 -0.719 -0.467 -0.626 0.729 -0.277 -0.642 0.684 -0.347 -0.641 0.686 -0.344 -0.456 0.4 -0.795 -0.497 0.447 -0.744 0.359 -0.321 -0.876 0.237 -0.229 -0.944 0.653 -0.537 -0.533 0.181 0.832 -0.525 0.167 0.72 -0.674 0.166 0.713 -0.681 -0.028 0.104 -0.994 -0.059 0.015 -0.998 -0.292 -0.639 -0.712 -0.304 -0.665 -0.682 -0.361 -0.787 -0.5 -0.771 -0.531 -0.351 -0.717 -0.521 -0.463 -0.719 -0.521 -0.459 -0.298 -0.208 -0.932 -0.349 -0.25 -0.903 0.365 0.362 -0.858 0.321 0.321 -0.891 0.567 0.553 -0.61 0.036 -0.921 -0.388 0.03 -0.864 -0.503 0.03 -0.864 -0.502 -0.027 -0.329 -0.944 -0.026 -0.34 -0.94 -0.087 0.54 -0.837 -0.086 0.532 -0.843 -0.096 0.81 -0.578 0.004 0.855 -0.518 0.025 0.746 -0.665 0.027 0.734 -0.678 -0.056 0.133 -0.99 -0.086 -0.023 -0.996 -0.223 -0.666 -0.712 -0.241 -0.71 -0.661 -0.288 -0.824 -0.487 0.905 -0.161 -0.393 0.87 -0.115 -0.479 0.872 -0.117 -0.475 0.428 -0.047 -0.902 0.511 -0.053 -0.858 -0.505 -0.061 -0.861 -0.366 -0.051 -0.929 -0.835 -0.082 -0.544 -0.878 -0.128 -0.46 -0.782 -0.091 -0.616 -0.775 -0.088 -0.626 -0.182 -0.05 -0.982 -0.065 -0.048 -0.997 0.625 -0.057 -0.779 0.665 -0.063 -0.744 0.812 -0.085 -0.577 0.325 0.8 -0.504 0.296 0.708 -0.642 0.294 0.704 -0.646 0.019 0.144 -0.989 -0.011 0.086 -0.996 -0.352 -0.575 -0.739 -0.364 -0.596 -0.715 -0.446 -0.737 -0.509 0.896 0.159 -0.414 0.856 0.122 -0.502 0.855 0.121 -0.505 0.448 0.038 -0.893 0.382 0.03 -0.924 -0.431 -0.02 -0.902 -0.519 -0.019 -0.854 -0.838 -0.014 -0.546 -0.66 -0.624 -0.418 -0.616 -0.556 -0.558 -0.614 -0.553 -0.563 -0.194 -0.163 -0.967 -0.145 -0.121 -0.982 0.454 0.362 -0.814 0.479 0.379 -0.792 0.639 0.487 -0.595 -0.806 -0.5 -0.317 -0.789 -0.457 -0.41 -0.788 -0.456 -0.414 -0.468 -0.248 -0.848 -0.414 -0.219 -0.883 0.324 0.133 -0.936 0.405 0.166 -0.899 0.72 0.295 -0.628 -0.486 -0.8 -0.353 -0.432 -0.776 -0.46 -0.435 -0.778 -0.454 -0.177 -0.249 -0.952 -0.229 -0.373 -0.899 0.173 0.66 -0.731 0.148 0.575 -0.804 0.232 0.851 -0.471 -0.819 0.441 -0.366 -0.748 0.442 -0.495 -0.742 0.442 -0.504 -0.277 0.158 -0.948 -0.158 0.073 -0.985 0.487 -0.422 -0.765 0.526 -0.463 -0.713 0.634 -0.578 -0.514 -0.354 -0.833 -0.425 -0.311 -0.761 -0.569 -0.313 -0.765 -0.564 -0.083 -0.066 -0.994 -0.11 -0.154 -0.982 0.166 0.735 -0.658 0.16 0.709 -0.687 0.197 0.866 -0.46 -0.927 -0.037 -0.373 -0.866 -0.002 -0.501 -0.861 -0 -0.508 -0.303 0.012 -0.953 -0.182 0.006 -0.983 0.643 -0.07 -0.762 0.689 -0.081 -0.72 0.848 -0.121 -0.516 -0.775 -0.495 -0.393 -0.732 -0.434 -0.525 -0.729 -0.431 -0.531 -0.227 -0.108 -0.968 -0.142 -0.06 -0.988 0.602 0.315 -0.734 0.634 0.327 -0.701 0.781 0.376 -0.499 -0.564 -0.769 -0.3 -0.583 -0.722 -0.374 -0.584 -0.719 -0.378 -0.43 -0.445 -0.786 -0.374 -0.375 -0.848 0.274 0.279 -0.92 0.393 0.376 -0.839 0.639 0.57 -0.516 -0.305 -0.892 -0.333 -0.275 -0.863 -0.423 -0.276 -0.864 -0.42 -0.151 -0.416 -0.897 -0.166 -0.478 -0.863 0.077 0.588 -0.805 0.063 0.521 -0.851 0.135 0.861 -0.491 0.845 -0.37 -0.386 0.796 -0.363 -0.485 0.794 -0.363 -0.487 0.346 -0.154 -0.926 0.306 -0.135 -0.943 -0.53 0.296 -0.795 -0.558 0.312 -0.769 -0.768 0.43 -0.475 -0.921 -0.154 -0.359 -0.874 -0.102 -0.475 -0.87 -0.097 -0.484 -0.374 -0.024 -0.927 -0.213 -0.017 -0.977 0.614 -0.029 -0.789 0.689 -0.043 -0.724 0.857 -0.079 -0.51 -0.911 -0.149 -0.385 -0.836 -0.153 -0.526 -0.84 -0.153 -0.52 -0.166 0.011 -0.986 -0.255 -0.012 -0.967 0.667 0.241 -0.705 0.637 0.23 -0.736 0.813 0.292 -0.503 -0.898 -0.316 -0.307 -0.869 -0.305 -0.388 -0.869 -0.305 -0.389 -0.519 -0.18 -0.836 -0.518 -0.18 -0.836 0.432 0.154 -0.888 0.434 0.155 -0.887 0.794 0.28 -0.539 0.648 0.624 -0.436 0.615 0.542 -0.574 0.611 0.533 -0.586 0.152 0.161 -0.975 -0.001 0.054 -0.999 -0.62 -0.342 -0.706 -0.671 -0.362 -0.647 -0.788 -0.403 -0.465 -0.379 -0.822 -0.425 -0.312 -0.76 -0.57 -0.317 -0.765 -0.56 -0.062 -0.064 -0.996 -0.107 -0.214 -0.971 0.136 0.723 -0.677 0.131 0.671 -0.73 0.146 0.862 -0.486 -0.927 -0.119 -0.357 -0.88 -0.104 -0.463 -0.879 -0.104 -0.465 -0.372 -0.042 -0.927 -0.343 -0.039 -0.939 0.591 0.047 -0.806 0.611 0.048 -0.79 0.853 0.063 -0.518 0.807 -0.408 -0.426 0.735 -0.381 -0.562 0.733 -0.38 -0.564 0.173 -0.087 -0.981 0.141 -0.07 -0.988 -0.598 0.342 -0.725 -0.609 0.349 -0.713 -0.75 0.436 -0.497 0.75 -0.493 -0.44 0.684 -0.434 -0.587 0.686 -0.436 -0.583 0.078 -0.063 -0.995 0.132 -0.095 -0.987 -0.64 0.338 -0.69 -0.623 0.33 -0.71 -0.774 0.4 -0.491 0.944 -0.011 -0.33 0.909 -0.03 -0.416 0.908 -0.03 -0.418 0.518 -0.027 -0.855 0.468 -0.024 -0.883 -0.474 0.062 -0.879 -0.535 0.07 -0.842 -0.845 0.111 -0.523 -0.747 0.519 -0.415 -0.684 0.478 -0.552 -0.683 0.477 -0.553 -0.163 0.11 -0.98 -0.153 0.103 -0.983 0.551 -0.401 -0.732 0.554 -0.403 -0.728 0.696 -0.507 -0.509 0.139 0.921 -0.364 0.147 0.871 -0.468 0.147 0.87 -0.471 0.064 0.388 -0.92 0.054 0.338 -0.94 -0.145 -0.553 -0.821 -0.155 -0.589 -0.794 -0.218 -0.826 -0.52 -0.81 0.507 -0.293 -0.807 0.461 -0.368 -0.808 0.463 -0.365 -0.519 0.259 -0.815 -0.574 0.29 -0.766 0.446 -0.156 -0.881 0.307 -0.105 -0.946 0.79 -0.285 -0.542 0.332 0.826 -0.455 0.32 0.727 -0.608 0.319 0.721 -0.616 0.064 0.144 -0.987 0.019 0.056 -0.998 -0.335 -0.588 -0.737 -0.353 -0.612 -0.708 -0.438 -0.724 -0.533 -0.827 -0.404 -0.391 -0.77 -0.402 -0.495 -0.773 -0.402 -0.491 -0.281 -0.148 -0.948 -0.344 -0.184 -0.921 0.513 0.348 -0.785 0.466 0.315 -0.827 0.711 0.49 -0.505 -0.03 -0.913 -0.406 -0.021 -0.856 -0.517 -0.021 -0.856 -0.516 0.012 -0.307 -0.952 0.012 -0.318 -0.948 0.033 0.591 -0.806 0.033 0.583 -0.812 0.03 0.846 -0.532 0.141 0.875 -0.463 0.165 0.773 -0.612 0.167 0.762 -0.625 0.036 0.178 -0.983 -0.015 0.019 -1 -0.262 -0.625 -0.735 -0.29 -0.667 -0.686 -0.365 -0.773 -0.519 0.927 -0.236 -0.29 0.91 -0.189 -0.369 0.911 -0.191 -0.366 0.541 -0.07 -0.838 0.62 -0.086 -0.78 -0.493 0.026 -0.869 -0.338 0.023 -0.941 -0.832 0.033 -0.553 -0.878 -0.008 -0.478 -0.782 0.021 -0.623 -0.774 0.023 -0.633 -0.129 0.003 -0.992 0.005 -0.01 -1 0.723 -0.104 -0.683 0.757 -0.115 -0.643 0.872 -0.154 -0.465 0.48 0.769 -0.422 0.453 0.691 -0.563 0.452 0.688 -0.568 0.122 0.18 -0.976 0.082 0.124 -0.989 -0.391 -0.514 -0.763 -0.408 -0.534 -0.74 -0.521 -0.659 -0.543 0.953 0.06 -0.298 0.923 0.033 -0.383 0.922 0.032 -0.386 0.569 0.012 -0.822 0.503 0.013 -0.864 -0.408 0.06 -0.911 -0.504 0.07 -0.861 -0.827 0.098 -0.553 -0.728 -0.512 -0.456 -0.672 -0.453 -0.586 -0.67 -0.45 -0.591 -0.157 -0.113 -0.981 -0.095 -0.075 -0.993 0.601 0.332 -0.727 0.625 0.344 -0.701 0.772 0.413 -0.483 -0.857 -0.37 -0.36 -0.833 -0.331 -0.444 -0.832 -0.33 -0.447 -0.475 -0.167 -0.864 -0.412 -0.145 -0.899 0.455 0.126 -0.882 0.539 0.147 -0.829 0.832 0.218 -0.51 0.86 -0.422 -0.288 0.838 -0.404 -0.368 0.535 -0.207 -0.819 0.534 -0.207 -0.82 -0.383 0.278 -0.881 -0.384 0.278 -0.88 -0.732 0.43 -0.528 -0.884 0.095 -0.458 -0.798 0.133 -0.588 -0.788 0.137 -0.6 -0.185 0.072 -0.98 0.004 0.031 -1 0.714 -0.182 -0.676 0.759 -0.21 -0.616 0.857 -0.278 -0.435 0.885 0.29 -0.363 0.802 0.31 -0.511 0.809 0.309 -0.501 0.135 0.064 -0.989 0.276 0.129 -0.952 -0.6 -0.334 -0.727 -0.556 -0.299 -0.776 -0.717 -0.432 -0.547 0.744 -0.568 -0.353 0.708 -0.539 -0.458 0.707 -0.538 -0.459 0.336 -0.185 -0.923 0.314 -0.165 -0.935 -0.418 0.458 -0.785 -0.434 0.47 -0.769 -0.62 0.612 -0.491 -0.257 0.892 -0.373 -0.22 0.831 -0.511 -0.219 0.83 -0.513 -0.018 0.253 -0.967 -0.007 0.219 -0.976 0.207 -0.62 -0.757 0.209 -0.634 -0.745 0.236 -0.808 -0.54 -0.154 0.911 -0.383 -0.145 0.833 -0.534 -0.145 0.835 -0.53 0.034 0.168 -0.985 0.018 0.229 -0.973 0.239 -0.65 -0.721 0.233 -0.631 -0.74 0.279 -0.801 -0.53 -0.636 0.711 -0.3 -0.596 0.705 -0.384 -0.595 0.705 -0.386 -0.312 0.458 -0.833 -0.278 0.422 -0.863 0.33 -0.332 -0.884 0.366 -0.384 -0.848 0.536 -0.654 -0.535 0.171 -0.868 -0.466 0.162 -0.786 -0.597 0.161 -0.785 -0.598 0.078 -0.128 -0.989 0.076 -0.116 -0.99 -0.068 0.725 -0.686 -0.069 0.729 -0.681 -0.103 0.886 -0.452 -0.762 -0.484 -0.43 -0.726 -0.438 -0.53 -0.725 -0.437 -0.532 -0.292 -0.147 -0.945 -0.247 -0.12 -0.961 0.546 0.315 -0.776 0.578 0.33 -0.747 0.784 0.421 -0.456 0.219 -0.913 -0.345 0.253 -0.875 -0.414 0.251 -0.876 -0.411 0.215 -0.501 -0.838 0.23 -0.565 -0.792 -0.166 0.494 -0.854 -0.102 0.362 -0.927 -0.329 0.804 -0.496 0.923 -0.283 -0.259 0.9 -0.232 -0.37 0.901 -0.236 -0.363 0.39 -0.086 -0.917 0.513 -0.11 -0.851 -0.576 0.045 -0.816 -0.479 0.041 -0.877 -0.81 0.052 -0.584 -0.197 -0.879 -0.434 -0.197 -0.803 -0.563 -0.197 -0.797 -0.571 0.027 -0.267 -0.963 0.086 -0.135 -0.987 0.39 0.578 -0.716 0.415 0.625 -0.661 0.481 0.754 -0.448 0.933 -0.147 -0.327 0.869 -0.116 -0.481 0.202 -0.034 -0.979 0.289 -0.042 -0.956 -0.656 0.02 -0.754 -0.626 0.021 -0.78 -0.818 0.015 -0.575 0.291 -0.878 -0.379 0.259 -0.819 -0.513 0.257 -0.815 -0.52 0.172 -0.26 -0.95 0.155 -0.144 -0.977 0.019 0.652 -0.758 0.014 0.699 -0.715 -0.009 0.861 -0.508 0.7 -0.628 -0.34 0.646 -0.593 -0.48 0.643 -0.591 -0.487 0.27 -0.162 -0.949 0.208 -0.091 -0.974 -0.343 0.528 -0.777 -0.366 0.556 -0.746 -0.474 0.686 -0.552 0.906 -0.367 -0.21 0.872 -0.393 -0.291 0.87 -0.394 -0.295 0.614 -0.29 -0.734 0.542 -0.249 -0.803 -0.211 0.227 -0.951 -0.34 0.317 -0.885 -0.626 0.506 -0.593 0.97 -0.09 -0.226 0.945 -0.064 -0.321 0.946 -0.065 -0.318 0.537 -0.027 -0.843 0.595 -0.029 -0.803 -0.475 -0.029 -0.879 -0.402 -0.026 -0.915 -0.795 -0.042 -0.605 0.218 0.913 -0.346 0.234 0.864 -0.447 0.234 0.863 -0.449 0.184 0.387 -0.903 0.176 0.345 -0.922 -0.066 -0.543 -0.837 -0.079 -0.576 -0.814 -0.183 -0.82 -0.542 0.401 -0.846 -0.35 0.354 -0.806 -0.474 0.35 -0.803 -0.483 0.219 -0.321 -0.922 0.182 -0.168 -0.969 -0.01 0.615 -0.788 -0.022 0.69 -0.723 -0.052 0.86 -0.507 0.397 -0.837 -0.377 0.4 -0.756 -0.518 0.4 -0.76 -0.513 0.146 -0.13 -0.981 0.186 -0.209 -0.96 -0.291 0.607 -0.74 -0.27 0.58 -0.768 -0.401 0.735 -0.546 0.932 -0.232 -0.279 0.905 -0.221 -0.363 0.561 -0.107 -0.821 0.56 -0.106 -0.822 -0.39 0.152 -0.908 -0.392 0.153 -0.907 -0.779 0.239 -0.579 -0.86 -0.116 -0.496 -0.776 -0.063 -0.628 -0.767 -0.058 -0.64 -0.161 -0.001 -0.987 0.021 -0 -1 0.729 -0.041 -0.684 0.78 -0.056 -0.623 0.894 -0.096 -0.437 0.799 0.463 -0.384 0.711 0.455 -0.536 0.718 0.456 -0.525 0.133 0.058 -0.989 0.25 0.148 -0.957 -0.48 -0.468 -0.742 -0.442 -0.425 -0.79 -0.582 -0.588 -0.561 0.849 -0.402 -0.342 0.806 -0.382 -0.452 0.805 -0.382 -0.453 0.369 -0.13 -0.92 0.344 -0.116 -0.932 -0.467 0.319 -0.825 -0.485 0.328 -0.811 -0.711 0.441 -0.547 -0.426 0.796 -0.43 -0.371 0.735 -0.568 -0.37 0.734 -0.57 -0.044 0.201 -0.979 -0.028 0.171 -0.985 0.34 -0.567 -0.75 0.345 -0.579 -0.739 0.408 -0.744 -0.529 -0.33 0.835 -0.441 -0.298 0.75 -0.59 -0.299 0.753 -0.586 0.02 0.133 -0.991 -0.007 0.186 -0.983 0.377 -0.589 -0.715 0.367 -0.571 -0.734 0.448 -0.728 -0.519 -0.76 0.545 -0.354 -0.715 0.543 -0.44 -0.714 0.543 -0.442 -0.364 0.338 -0.868 -0.323 0.31 -0.894 0.395 -0.267 -0.879 0.439 -0.309 -0.844 0.663 -0.531 -0.527 0.358 -0.817 -0.452 0.332 -0.738 -0.588 0.332 -0.737 -0.589 0.12 -0.132 -0.984 0.116 -0.121 -0.986 -0.197 0.65 -0.734 -0.198 0.655 -0.729 -0.273 0.816 -0.509 -0.621 -0.649 -0.441 -0.59 -0.596 -0.544 -0.589 -0.595 -0.546 -0.218 -0.227 -0.949 -0.181 -0.192 -0.965 0.463 0.388 -0.797 0.49 0.41 -0.769 0.672 0.56 -0.485 0.413 -0.851 -0.324 0.438 -0.807 -0.397 0.437 -0.809 -0.394 0.323 -0.451 -0.832 0.351 -0.509 -0.786 -0.234 0.401 -0.886 -0.145 0.287 -0.947 -0.47 0.687 -0.554 0.708 -0.609 -0.359 0.693 -0.549 -0.468 0.694 -0.553 -0.462 0.214 -0.21 -0.954 0.326 -0.28 -0.903 -0.614 0.27 -0.742 -0.533 0.232 -0.813 -0.799 0.359 -0.483 -0.559 -0.745 -0.365 -0.548 -0.675 -0.493 -0.547 -0.67 -0.502 -0.197 -0.251 -0.948 -0.095 -0.144 -0.985 0.491 0.424 -0.761 0.537 0.458 -0.709 0.664 0.547 -0.509 0.764 -0.479 -0.433 0.698 -0.423 -0.579 0.701 -0.425 -0.573 0.053 -0.09 -0.995 0.134 -0.13 -0.983 -0.69 0.274 -0.67 -0.665 0.264 -0.699 -0.819 0.326 -0.472 -0.12 -0.921 -0.372 -0.142 -0.855 -0.499 -0.143 -0.85 -0.506 -0.06 -0.297 -0.953 -0.033 -0.178 -0.983 0.178 0.628 -0.758 0.196 0.671 -0.715 0.26 0.82 -0.51 0.352 -0.848 -0.397 0.3 -0.794 -0.529 0.297 -0.791 -0.535 0.069 -0.239 -0.968 0.037 -0.147 -0.988 -0.201 0.646 -0.736 -0.207 0.68 -0.704 -0.23 0.834 -0.501 0.663 -0.683 -0.305 0.612 -0.694 -0.38 0.609 -0.694 -0.384 0.362 -0.492 -0.792 0.303 -0.425 -0.853 -0.221 0.315 -0.923 -0.296 0.448 -0.844 -0.447 0.726 -0.523 0.832 -0.439 -0.339 0.808 -0.403 -0.431 0.808 -0.404 -0.428 0.382 -0.208 -0.901 0.44 -0.232 -0.868 -0.557 0.162 -0.814 -0.494 0.139 -0.859 -0.824 0.262 -0.503 0.497 0.78 -0.38 0.482 0.734 -0.479 0.482 0.733 -0.481 0.21 0.323 -0.923 0.184 0.286 -0.94 -0.372 -0.481 -0.794 -0.392 -0.507 -0.767 -0.539 -0.696 -0.474 -0.006 -0.934 -0.359 -0.048 -0.879 -0.474 -0.051 -0.874 -0.483 -0.037 -0.373 -0.927 -0.017 -0.212 -0.977 0.134 0.605 -0.785 0.16 0.676 -0.719 0.221 0.835 -0.505 -0.009 -0.923 -0.385 0.008 -0.85 -0.526 0.007 -0.854 -0.52 -0.036 -0.162 -0.986 -0.028 -0.254 -0.967 -0.118 0.699 -0.705 -0.113 0.667 -0.736 -0.144 0.852 -0.504 -0.315 0.867 -0.386 -0.334 0.8 -0.498 -0.334 0.804 -0.492 -0.105 0.257 -0.961 -0.161 0.367 -0.916 0.353 -0.514 -0.782 0.299 -0.441 -0.846 0.488 -0.692 -0.532 0.83 0.369 -0.419 0.777 0.312 -0.547 0.772 0.307 -0.556 0.247 0.108 -0.963 0.112 0.067 -0.991 -0.639 -0.136 -0.757 -0.695 -0.143 -0.705 -0.851 -0.161 -0.501 -0.432 0.777 -0.459 -0.403 0.685 -0.607 -0.405 0.689 -0.602 -0.033 0.087 -0.996 -0.079 0.155 -0.985 0.422 -0.557 -0.716 0.403 -0.535 -0.743 0.523 -0.674 -0.522 0.549 0.723 -0.419 0.526 0.65 -0.548 0.525 0.645 -0.555 0.158 0.206 -0.966 0.079 0.121 -0.99 -0.479 -0.445 -0.756 -0.516 -0.475 -0.713 -0.644 -0.576 -0.504 0.115 0.892 -0.437 0.126 0.811 -0.572 0.127 0.806 -0.578 0.026 0.216 -0.976 0.007 0.127 -0.992 -0.176 -0.637 -0.751 -0.188 -0.67 -0.718 -0.242 -0.823 -0.514 -0.237 0.913 -0.331 -0.188 0.892 -0.412 -0.185 0.89 -0.416 -0.086 0.567 -0.819 -0.071 0.479 -0.875 -0.003 -0.363 -0.932 -0.004 -0.51 -0.86 -0.004 -0.836 -0.549 -0.513 0.781 -0.357 -0.509 0.732 -0.453 -0.509 0.733 -0.45 -0.242 0.334 -0.911 -0.278 0.382 -0.882 0.353 -0.394 -0.849 0.308 -0.344 -0.887 0.557 -0.618 -0.555 -0.823 -0.435 -0.365 -0.787 -0.401 -0.468 -0.787 -0.401 -0.47 -0.357 -0.177 -0.917 -0.318 -0.159 -0.935 0.51 0.222 -0.831 0.542 0.235 -0.807 0.781 0.334 -0.528 0.462 0.79 -0.404 0.462 0.717 -0.522 0.462 0.71 -0.531 0.178 0.279 -0.944 0.081 0.156 -0.984 -0.432 -0.446 -0.784 -0.488 -0.496 -0.718 -0.618 -0.607 -0.499 0.458 0.778 -0.431 0.398 0.716 -0.573 0.401 0.719 -0.567 0.073 0.106 -0.992 0.111 0.184 -0.977 -0.271 -0.644 -0.716 -0.26 -0.613 -0.746 -0.324 -0.795 -0.513 -0.897 -0.391 -0.207 -0.876 -0.381 -0.296 -0.876 -0.381 -0.297 -0.573 -0.246 -0.782 -0.572 -0.245 -0.782 0.287 0.129 -0.949 0.289 0.13 -0.948 0.682 0.299 -0.667 0.536 0.63 -0.562 0.486 0.535 -0.692 0.48 0.525 -0.703 0.015 0.11 -0.994 -0.121 0.001 -0.993 -0.651 -0.403 -0.643 -0.696 -0.425 -0.579 -0.795 -0.471 -0.382 -0.369 -0.851 -0.374 -0.321 -0.784 -0.532 -0.325 -0.789 -0.521 -0.169 -0.111 -0.979 -0.198 -0.25 -0.948 -0.001 0.664 -0.748 -0.008 0.607 -0.795 0.023 0.824 -0.566 -0.943 -0.203 -0.264 -0.905 -0.19 -0.381 -0.904 -0.19 -0.382 -0.451 -0.11 -0.886 -0.424 -0.106 -0.899 0.456 0.046 -0.889 0.478 0.049 -0.877 0.758 0.097 -0.645 0.767 -0.36 -0.532 0.669 -0.341 -0.66 0.667 -0.341 -0.662 0.049 -0.115 -0.992 0.019 -0.102 -0.995 -0.679 0.243 -0.692 -0.69 0.25 -0.68 -0.823 0.341 -0.455 0.715 -0.448 -0.537 0.619 -0.397 -0.678 0.622 -0.398 -0.674 -0.04 -0.101 -0.994 0.012 -0.125 -0.992 -0.718 0.239 -0.653 -0.701 0.231 -0.674 -0.843 0.304 -0.444 0.886 0.043 -0.462 0.838 0.018 -0.546 0.836 0.017 -0.548 0.384 -0.031 -0.923 0.333 -0.033 -0.942 -0.549 -0.02 -0.836 -0.605 -0.015 -0.796 -0.891 0.017 -0.455 -0.822 0.429 -0.375 -0.764 0.382 -0.52 -0.764 0.381 -0.52 -0.271 0.041 -0.962 -0.262 0.035 -0.964 0.463 -0.376 -0.803 0.467 -0.378 -0.799 0.65 -0.466 -0.6 0.028 0.896 -0.443 0.026 0.835 -0.549 0.026 0.834 -0.552 -0.074 0.316 -0.946 -0.082 0.268 -0.96 -0.198 -0.568 -0.799 -0.202 -0.603 -0.772 -0.221 -0.843 -0.491 -0.875 0.422 -0.239 -0.873 0.371 -0.315 -0.873 0.374 -0.312 -0.602 0.164 -0.781 -0.655 0.192 -0.731 0.321 -0.157 -0.934 0.179 -0.121 -0.976 0.719 -0.244 -0.651 -0.755 -0.532 -0.384 -0.724 -0.513 -0.461 -0.382 -0.298 -0.875 -0.381 -0.298 -0.875 0.474 0.284 -0.833 0.476 0.285 -0.832 0.751 0.489 -0.444 0.514 0.779 -0.361 0.517 0.696 -0.499 0.516 0.687 -0.511 0.206 0.218 -0.954 0.084 0.073 -0.994 -0.449 -0.483 -0.752 -0.499 -0.515 -0.697 -0.615 -0.585 -0.528 -0.122 -0.886 -0.448 -0.058 -0.809 -0.585 -0.062 -0.815 -0.576 0.054 -0.06 -0.997 0.045 -0.22 -0.974 0.017 0.754 -0.657 0.031 0.704 -0.71 -0.027 0.884 -0.466 -0.828 -0.351 -0.437 -0.779 -0.323 -0.537 -0.778 -0.323 -0.539 -0.265 -0.123 -0.956 -0.236 -0.112 -0.965 0.646 0.219 -0.731 0.664 0.225 -0.713 0.86 0.296 -0.417 0.928 -0.172 -0.33 0.867 -0.163 -0.472 0.865 -0.162 -0.474 0.291 -0.02 -0.957 0.256 -0.011 -0.967 -0.601 0.187 -0.777 -0.615 0.191 -0.765 -0.791 0.232 -0.565 0.897 -0.269 -0.351 0.834 -0.227 -0.502 0.837 -0.228 -0.498 0.192 -0.022 -0.981 0.253 -0.038 -0.967 -0.645 0.171 -0.745 -0.624 0.168 -0.764 -0.805 0.19 -0.561 0.944 0.244 -0.223 0.925 0.219 -0.311 0.924 0.218 -0.313 0.6 0.129 -0.79 0.554 0.119 -0.824 -0.395 -0.05 -0.917 -0.46 -0.059 -0.886 -0.796 -0.107 -0.595 -0.817 0.311 -0.485 -0.734 0.292 -0.613 -0.733 0.292 -0.614 -0.092 0.084 -0.992 -0.081 0.079 -0.994 0.714 -0.229 -0.662 0.718 -0.23 -0.657 0.856 -0.296 -0.424 -0.06 0.936 -0.347 -0.03 0.893 -0.449 -0.029 0.892 -0.451 0.056 0.416 -0.908 0.061 0.365 -0.929 0.078 -0.564 -0.822 0.075 -0.601 -0.795 0.045 -0.849 -0.526 -0.885 0.28 -0.371 -0.864 0.238 -0.443 -0.865 0.24 -0.441 -0.495 0.13 -0.859 -0.562 0.143 -0.815 0.566 -0.016 -0.824 0.424 -0.002 -0.906 0.893 -0.055 -0.447 0.149 -0.903 -0.403 0.178 -0.843 -0.508 0.176 -0.847 -0.502 0.053 -0.248 -0.967 0.089 -0.377 -0.922 -0.258 0.648 -0.717 -0.221 0.57 -0.791 -0.344 0.824 -0.451 -0.894 -0.155 -0.421 -0.831 -0.101 -0.547 -0.826 -0.098 -0.555 -0.271 -0.002 -0.963 -0.13 0.009 -0.991 0.652 0.018 -0.758 0.708 0.008 -0.706 0.864 -0.024 -0.504 0.27 -0.841 -0.469 0.261 -0.748 -0.61 0.262 -0.752 -0.605 0.011 -0.05 -0.999 0.045 -0.134 -0.99 -0.312 0.699 -0.644 -0.3 0.676 -0.673 -0.379 0.813 -0.442 -0.67 -0.597 -0.442 -0.637 -0.521 -0.568 -0.635 -0.516 -0.575 -0.2 -0.128 -0.971 -0.106 -0.057 -0.993 0.549 0.386 -0.741 0.591 0.406 -0.697 0.737 0.469 -0.486 -0.26 -0.85 -0.458 -0.26 -0.766 -0.588 -0.26 -0.762 -0.594 -0.07 -0.171 -0.983 -0.036 -0.082 -0.996 0.275 0.654 -0.705 0.292 0.682 -0.671 0.368 0.808 -0.46 0.069 -0.933 -0.354 0.028 -0.903 -0.429 0.026 -0.901 -0.433 -0.018 -0.564 -0.826 -0.018 -0.471 -0.882 0.059 0.426 -0.903 0.084 0.572 -0.816 0.138 0.867 -0.48 0.342 -0.862 -0.374 0.348 -0.815 -0.463 0.348 -0.817 -0.46 0.174 -0.362 -0.916 0.2 -0.421 -0.885 -0.281 0.535 -0.796 -0.248 0.478 -0.843 -0.421 0.772 -0.476 0.895 0.267 -0.359 0.852 0.246 -0.462 0.851 0.245 -0.464 0.38 0.143 -0.914 0.338 0.134 -0.932 -0.553 -0.061 -0.831 -0.586 -0.068 -0.808 -0.839 -0.125 -0.529 -0.59 -0.684 -0.429 -0.582 -0.605 -0.543 -0.581 -0.599 -0.552 -0.232 -0.201 -0.952 -0.115 -0.093 -0.989 0.502 0.4 -0.767 0.567 0.435 -0.7 0.717 0.507 -0.478 -0.585 -0.672 -0.455 -0.517 -0.617 -0.593 -0.521 -0.62 -0.587 -0.098 -0.043 -0.994 -0.15 -0.116 -0.982 0.371 0.638 -0.675 0.355 0.611 -0.708 0.446 0.765 -0.465 0.09 -0.938 -0.334 0.085 -0.904 -0.419 0.044 -0.514 -0.856 0.044 -0.513 -0.857 -0.047 0.439 -0.897 -0.047 0.441 -0.896 -0.082 0.825 -0.559 -0.461 0.765 -0.45 -0.385 0.71 -0.59 -0.377 0.703 -0.603 -0.12 0.181 -0.976 -0.056 0.018 -0.998 0.179 -0.653 -0.735 0.187 -0.71 -0.679 0.203 -0.843 -0.498 0.712 -0.54 -0.448 0.662 -0.458 -0.593 0.667 -0.464 -0.583 0.042 -0.063 -0.997 0.174 -0.137 -0.975 -0.668 0.292 -0.685 -0.617 0.276 -0.737 -0.804 0.333 -0.492 -0.116 -0.916 -0.385 -0.119 -0.861 -0.494 -0.119 -0.86 -0.496 -0.053 -0.343 -0.938 -0.049 -0.315 -0.948 0.096 0.565 -0.819 0.1 0.585 -0.805 0.148 0.83 -0.537 0.599 0.67 -0.438 0.55 0.605 -0.575 0.549 0.604 -0.578 0.12 0.145 -0.982 0.096 0.12 -0.988 -0.479 -0.471 -0.741 -0.489 -0.48 -0.729 -0.613 -0.599 -0.515 0.665 0.594 -0.452 0.587 0.544 -0.6 0.59 0.546 -0.595 0.075 0.064 -0.995 0.118 0.107 -0.987 -0.486 -0.513 -0.707 -0.473 -0.498 -0.727 -0.584 -0.631 -0.51 0.248 0.906 -0.342 0.256 0.865 -0.432 0.256 0.864 -0.434 0.149 0.478 -0.866 0.133 0.432 -0.892 -0.177 -0.415 -0.892 -0.2 -0.472 -0.859 -0.322 -0.77 -0.55 -0.693 -0.579 -0.43 -0.634 -0.525 -0.568 -0.147 -0.117 -0.982 -0.138 -0.109 -0.984 0.517 0.425 -0.743 0.521 0.428 -0.739 0.662 0.538 -0.521 -0.865 0.34 -0.368 -0.814 0.336 -0.474 -0.812 0.336 -0.477 -0.358 0.151 -0.922 -0.312 0.131 -0.941 0.492 -0.249 -0.834 0.525 -0.267 -0.808 0.748 -0.385 -0.54 -0.7 -0.645 -0.307 -0.654 -0.652 -0.384 -0.656 -0.651 -0.381 -0.378 -0.414 -0.828 -0.422 -0.46 -0.781 0.254 0.381 -0.889 0.17 0.264 -0.949 0.473 0.682 -0.558 -0.763 0.419 -0.492 -0.66 0.391 -0.641 -0.654 0.389 -0.649 -0.101 0.064 -0.993 -0.018 0.01 -1 0.567 -0.41 -0.714 0.589 -0.43 -0.684 0.685 -0.525 -0.505 0.32 -0.87 -0.374 0.328 -0.814 -0.479 0.327 -0.816 -0.476 0.145 -0.304 -0.942 0.173 -0.37 -0.913 -0.257 0.528 -0.809 -0.228 0.476 -0.849 -0.387 0.748 -0.54 0.915 -0.152 -0.374 0.862 -0.138 -0.487 0.863 -0.138 -0.487 0.337 -0.043 -0.941 0.348 -0.045 -0.937 -0.552 0.094 -0.829 -0.544 0.093 -0.834 -0.815 0.129 -0.565 -0.833 0.24 -0.498 -0.724 0.248 -0.644 -0.712 0.248 -0.657 -0.137 0.041 -0.99 0.014 -0.029 -0.999 0.613 -0.344 -0.711 0.649 -0.376 -0.661 0.741 -0.46 -0.49 0.364 0.881 -0.303 0.317 0.867 -0.385 0.319 0.868 -0.381 0.164 0.501 -0.85 0.188 0.578 -0.794 -0.056 -0.488 -0.871 -0.031 -0.338 -0.94 -0.116 -0.823 -0.557 -0.083 -0.874 -0.478 -0.095 -0.774 -0.626 -0.096 -0.766 -0.636 0.016 -0.14 -0.99 0.044 -0.013 -0.999 0.216 0.681 -0.7 0.23 0.715 -0.661 0.279 0.83 -0.483 -0.693 0.556 -0.46 -0.612 0.517 -0.598 -0.609 0.516 -0.602 -0.129 0.124 -0.984 -0.078 0.079 -0.994 0.489 -0.456 -0.743 0.506 -0.475 -0.72 0.612 -0.598 -0.517 0.067 0.944 -0.322 0.093 0.909 -0.407 0.094 0.907 -0.41 0.085 0.54 -0.838 0.077 0.474 -0.877 -0.078 -0.401 -0.913 -0.1 -0.493 -0.864 -0.181 -0.809 -0.559 0.441 -0.785 -0.435 0.392 -0.723 -0.569 0.39 -0.72 -0.574 0.126 -0.181 -0.975 0.097 -0.117 -0.988 -0.233 0.613 -0.755 -0.243 0.64 -0.729 -0.304 0.8 -0.517 0.281 -0.896 -0.343 0.248 -0.868 -0.43 0.246 -0.867 -0.433 0.139 -0.495 -0.858 0.125 -0.431 -0.894 -0.04 0.44 -0.897 -0.053 0.527 -0.848 -0.1 0.836 -0.54 -0.839 0.18 -0.514 -0.736 0.16 -0.657 -0.73 0.159 -0.665 -0.091 -0.077 -0.993 0.01 -0.115 -0.993 0.696 -0.356 -0.624 0.719 -0.366 -0.591 0.819 -0.409 -0.402 0.534 -0.808 -0.247 0.534 -0.767 -0.356 0.534 -0.769 -0.352 0.253 -0.381 -0.889 0.296 -0.436 -0.85 -0.364 0.363 -0.858 -0.321 0.316 -0.893 -0.547 0.571 -0.612 0.949 -0.001 -0.315 0.905 -0.011 -0.424 0.906 -0.011 -0.424 0.396 -0.083 -0.914 0.408 -0.082 -0.909 -0.568 -0.12 -0.814 -0.56 -0.12 -0.82 -0.829 -0.107 -0.549 -0.868 -0 -0.497 -0.767 0.013 -0.641 -0.756 0.014 -0.654 -0.125 -0.108 -0.986 0.053 -0.146 -0.988 0.726 -0.283 -0.627 0.765 -0.298 -0.571 0.857 -0.334 -0.392 0.196 0.895 -0.401 0.152 0.864 -0.481 0.154 0.865 -0.477 0.089 0.426 -0.9 0.094 0.513 -0.853 0.078 -0.597 -0.799 0.074 -0.453 -0.888 0.08 -0.893 -0.443 0.123 -0.925 -0.358 0.093 -0.851 -0.518 0.091 -0.844 -0.528 0.08 -0.254 -0.964 0.082 -0.124 -0.989 0.098 0.629 -0.771 0.104 0.669 -0.736 0.124 0.81 -0.573 -0.801 0.325 -0.502 -0.717 0.293 -0.632 -0.714 0.292 -0.637 -0.135 -0.023 -0.991 -0.07 -0.058 -0.996 0.63 -0.422 -0.652 0.65 -0.433 -0.625 0.767 -0.496 -0.407 -0.13 0.893 -0.431 -0.092 0.855 -0.51 -0.091 0.854 -0.513 -0.005 0.448 -0.894 0.003 0.378 -0.926 0.037 -0.521 -0.853 0.032 -0.61 -0.792 0.008 -0.894 -0.447 0.638 -0.704 -0.313 0.582 -0.676 -0.452 0.58 -0.675 -0.457 0.207 -0.269 -0.941 0.162 -0.214 -0.963 -0.358 0.457 -0.814 -0.375 0.483 -0.791 -0.477 0.643 -0.6 0.499 -0.839 -0.216 0.463 -0.833 -0.304 0.461 -0.832 -0.307 0.286 -0.558 -0.779 0.258 -0.504 -0.824 -0.114 0.317 -0.941 -0.148 0.404 -0.902 -0.275 0.725 -0.631 -0.774 0.553 -0.31 -0.745 0.536 -0.397 -0.423 0.328 -0.845 -0.422 0.327 -0.845 0.338 -0.205 -0.919 0.339 -0.206 -0.918 0.662 -0.445 -0.604 0.867 -0.121 -0.483 0.77 -0.137 -0.624 0.759 -0.138 -0.636 0.192 0.016 -0.981 0.031 0.071 -0.997 -0.615 0.311 -0.725 -0.663 0.34 -0.667 -0.775 0.409 -0.482 -0.875 -0.178 -0.45 -0.78 -0.186 -0.598 -0.788 -0.185 -0.587 -0.09 0.049 -0.995 -0.228 -0.004 -0.974 0.634 0.347 -0.691 0.587 0.321 -0.743 0.76 0.418 -0.498 -0.621 0.698 -0.358 -0.578 0.667 -0.471 -0.577 0.666 -0.472 -0.234 0.295 -0.926 -0.216 0.274 -0.937 0.342 -0.397 -0.852 0.354 -0.413 -0.839 0.516 -0.625 -0.586 0.103 -0.868 -0.486 0.083 -0.78 -0.62 0.083 -0.779 -0.622 0.013 -0.141 -0.99 0.01 -0.107 -0.994 -0.053 0.691 -0.721 -0.053 0.704 -0.709 -0.058 0.87 -0.489 0.003 -0.868 -0.497 0.014 -0.767 -0.642 0.013 -0.77 -0.638 -0.018 -0.056 -0.998 -0.014 -0.114 -0.993 -0.079 0.723 -0.686 -0.076 0.704 -0.706 -0.1 0.869 -0.484 0.514 -0.762 -0.394 0.474 -0.736 -0.483 0.473 -0.735 -0.485 0.242 -0.378 -0.894 0.217 -0.336 -0.917 -0.208 0.432 -0.878 -0.234 0.484 -0.843 -0.376 0.763 -0.525 0.011 0.915 -0.402 0.01 0.839 -0.544 0.01 0.839 -0.545 -0.009 0.223 -0.975 -0.009 0.212 -0.977 -0.032 -0.629 -0.777 -0.032 -0.633 -0.773 -0.038 -0.825 -0.564 0.809 0.456 -0.371 0.769 0.423 -0.48 0.768 0.422 -0.482 0.323 0.21 -0.923 0.278 0.19 -0.942 -0.514 -0.178 -0.839 -0.548 -0.193 -0.814 -0.781 -0.3 -0.548 -0.032 0.961 -0.274 -0.068 0.933 -0.353 -0.067 0.934 -0.35 -0.077 0.58 -0.811 -0.082 0.642 -0.762 0.102 -0.395 -0.913 0.068 -0.254 -0.965 0.191 -0.773 -0.604 0.774 -0.543 -0.326 0.757 -0.488 -0.435 0.758 -0.491 -0.429 0.26 -0.208 -0.943 0.378 -0.266 -0.887 -0.627 0.198 -0.753 -0.542 0.167 -0.823 -0.823 0.272 -0.499 -0.478 -0.802 -0.358 -0.472 -0.735 -0.487 -0.471 -0.73 -0.495 -0.152 -0.288 -0.945 -0.059 -0.172 -0.983 0.469 0.458 -0.755 0.51 0.496 -0.703 0.623 0.6 -0.502 0.819 -0.411 -0.4 0.753 -0.365 -0.548 0.756 -0.367 -0.542 0.086 -0.103 -0.991 0.171 -0.135 -0.976 -0.705 0.196 -0.682 -0.678 0.188 -0.71 -0.84 0.238 -0.488 -0.019 -0.936 -0.351 -0.045 -0.876 -0.48 -0.047 -0.872 -0.487 -0.008 -0.322 -0.947 0.007 -0.2 -0.98 0.133 0.632 -0.763 0.145 0.678 -0.72 0.189 0.834 -0.517 0.446 -0.816 -0.367 0.392 -0.772 -0.501 0.39 -0.769 -0.507 0.116 -0.252 -0.961 0.075 -0.163 -0.984 -0.252 0.614 -0.748 -0.262 0.647 -0.716 0.736 -0.619 -0.273 0.686 -0.638 -0.351 0.432 -0.472 -0.768 0.368 -0.412 -0.833 -0.235 0.278 -0.931 -0.325 0.405 -0.854 -0.509 0.67 -0.54 0.88 -0.362 -0.307 0.855 -0.332 -0.399 0.856 -0.333 -0.396 0.427 -0.189 -0.884 0.486 -0.206 -0.849 -0.559 0.095 -0.823 -0.493 0.077 -0.867 -0.838 0.174 -0.517 0.429 0.818 -0.383 0.421 0.77 -0.48 0.421 0.769 -0.482 0.2 0.328 -0.923 0.179 0.289 -0.941 -0.309 -0.533 -0.788 -0.327 -0.56 -0.761 -0.461 -0.755 -0.466 0.096 -0.937 -0.335 0.051 -0.89 -0.453 0.048 -0.886 -0.461 0.021 -0.396 -0.918 0.027 -0.232 -0.972 0.091 0.606 -0.791 0.108 0.68 -0.726 0.149 0.845 -0.513 0.093 -0.928 -0.362 0.106 -0.858 -0.503 0.105 -0.861 -0.498 0.002 -0.184 -0.983 0.019 -0.275 -0.961 -0.174 0.675 -0.717 -0.164 0.644 -0.747 -0.219 0.826 -0.519 -0.549 0.779 -0.302 -0.561 0.719 -0.411 -0.56 0.723 -0.405 -0.236 0.269 -0.934 -0.32 0.366 -0.874 0.45 -0.417 -0.79 0.376 -0.359 -0.854 0.627 -0.555 -0.547 0.702 0.571 -0.425 0.662 0.508 -0.551 0.659 0.503 -0.559 0.17 0.198 -0.965 0.04 0.124 -0.992 -0.654 -0.27 -0.707 -0.702 -0.29 -0.651 -0.83 -0.344 -0.439 -0.644 0.671 -0.369 -0.609 0.6 -0.519 -0.611 0.603 -0.513 -0.117 0.111 -0.987 -0.183 0.171 -0.968 0.528 -0.442 -0.725 0.504 -0.426 -0.751 0.656 -0.529 -0.539 0.327 0.859 -0.394 0.319 0.791 -0.523 0.319 0.786 -0.53 0.05 0.28 -0.959 -0.01 0.173 -0.985 -0.408 -0.55 -0.729 -0.432 -0.587 -0.684 -0.515 -0.715 -0.472 -0.147 0.915 -0.376 -0.124 0.85 -0.511 -0.122 0.847 -0.517 -0.09 0.259 -0.962 -0.086 0.162 -0.983 -0.046 -0.669 -0.742 -0.047 -0.704 -0.709 -0.047 -0.86 -0.507 -0.482 0.839 -0.254 -0.436 0.836 -0.333 -0.434 0.836 -0.337 -0.288 0.579 -0.762 -0.255 0.499 -0.828 0.044 -0.353 -0.934 0.088 -0.502 -0.86 0.188 -0.814 -0.55 -0.712 0.649 -0.268 -0.706 0.609 -0.361 -0.706 0.61 -0.358 -0.393 0.312 -0.865 -0.439 0.35 -0.828 0.418 -0.298 -0.858 0.359 -0.258 -0.897 0.675 -0.468 -0.571 -0.72 -0.615 -0.322 -0.703 -0.573 -0.422 -0.702 -0.572 -0.424 -0.372 -0.246 -0.895 -0.339 -0.217 -0.915 0.414 0.372 -0.831 0.442 0.391 -0.807 0.661 0.531 -0.531 0.223 0.902 -0.371 0.238 0.839 -0.49 0.239 0.833 -0.498 0.051 0.359 -0.932 -0.016 0.209 -0.978 -0.362 -0.54 -0.76 -0.399 -0.602 -0.692 -0.481 -0.74 -0.47 0.221 0.891 -0.397 0.172 0.827 -0.535 0.174 0.83 -0.53 -0.012 0.156 -0.988 0.007 0.246 -0.969 -0.138 -0.698 -0.703 -0.137 -0.666 -0.733 -0.135 -0.854 -0.502 -0.87 0.392 -0.3 -0.849 0.37 -0.378 -0.551 0.152 -0.82 -0.55 0.151 -0.821 0.385 -0.328 -0.863 0.387 -0.329 -0.862 0.738 -0.451 -0.502 0.883 -0.119 -0.455 0.797 -0.165 -0.581 0.788 -0.169 -0.592 0.18 -0.133 -0.975 -0.012 -0.093 -0.996 -0.727 0.135 -0.673 -0.771 0.166 -0.614 -0.866 0.243 -0.437 -0.889 -0.312 -0.336 -0.806 -0.341 -0.484 -0.813 -0.34 -0.473 -0.144 -0.126 -0.982 -0.285 -0.188 -0.94 0.592 0.288 -0.753 0.548 0.25 -0.798 0.711 0.397 -0.58 -0.76 0.531 -0.374 -0.725 0.497 -0.476 -0.725 0.497 -0.478 -0.353 0.125 -0.927 -0.33 0.104 -0.938 0.426 -0.499 -0.755 0.442 -0.51 -0.738 0.632 -0.629 -0.454 0.28 -0.905 -0.32 0.24 -0.854 -0.461 0.24 -0.853 -0.463 0.016 -0.311 -0.95 0.004 -0.278 -0.961 -0.233 0.567 -0.79 -0.236 0.581 -0.779 -0.266 0.766 -0.585 0.178 -0.927 -0.329 0.165 -0.859 -0.484 0.165 -0.862 -0.48 -0.039 -0.229 -0.973 -0.021 -0.288 -0.957 -0.266 0.599 -0.756 -0.26 0.578 -0.774 -0.308 0.759 -0.574 0.651 -0.713 -0.259 0.611 -0.714 -0.342 0.61 -0.713 -0.344 0.319 -0.504 -0.803 0.284 -0.47 -0.836 -0.35 0.272 -0.896 -0.387 0.326 -0.863 -0.56 0.608 -0.563 -0.201 0.832 -0.516 -0.191 0.742 -0.643 -0.092 0.065 -0.994 -0.09 0.053 -0.995 0.083 -0.762 -0.642 0.084 -0.766 -0.637 0.125 -0.908 -0.4 0.757 0.457 -0.468 0.72 0.405 -0.564 0.719 0.403 -0.566 0.283 0.088 -0.955 0.238 0.06 -0.969 -0.551 -0.363 -0.751 -0.583 -0.376 -0.72 -0.787 -0.449 -0.423 -0.249 0.883 -0.397 -0.283 0.84 -0.463 -0.282 0.842 -0.46 -0.239 0.443 -0.864 -0.256 0.51 -0.822 0.173 -0.542 -0.822 0.104 -0.417 -0.903 0.348 -0.824 -0.447 0.799 0.23 -0.556 0.697 0.163 -0.698 0.691 0.159 -0.705 0.071 -0.04 -0.997 -0.021 -0.062 -0.998 -0.699 -0.178 -0.692 -0.728 -0.178 -0.662 -0.861 -0.172 -0.479 -0.863 0.332 -0.38 -0.828 0.28 -0.486 -0.829 0.282 -0.482 -0.344 0.033 -0.938 -0.408 0.059 -0.911 0.51 -0.224 -0.831 0.451 -0.212 -0.867 0.776 -0.264 -0.573 -0.749 -0.579 -0.321 -0.705 -0.557 -0.44 -0.705 -0.557 -0.439 -0.29 -0.27 -0.918 -0.298 -0.276 -0.914 0.402 0.267 -0.876 0.395 0.262 -0.881 0.622 0.454 -0.638 0.718 0.399 -0.571 0.638 0.303 -0.708 0.63 0.293 -0.719 0.08 0.001 -0.997 -0.068 -0.059 -0.996 -0.683 -0.254 -0.685 -0.731 -0.256 -0.633 -0.852 -0.255 -0.457 0.373 -0.886 -0.275 0.391 -0.845 -0.364 0.39 -0.847 -0.36 0.206 -0.503 -0.839 0.248 -0.57 -0.783 -0.339 0.3 -0.892 -0.252 0.178 -0.951 -0.533 0.598 -0.599 -0.592 0.618 -0.518 -0.512 0.543 -0.665 -0.506 0.537 -0.675 -0.146 0.012 -0.989 -0.077 -0.09 -0.993 0.307 -0.656 -0.69 0.324 -0.688 -0.65 0.385 -0.796 -0.467 0.851 0.09 -0.517 0.758 0.048 -0.65 0.755 0.047 -0.655 0.132 -0.058 -0.99 0.067 -0.065 -0.996 -0.679 -0.095 -0.728 -0.704 -0.092 -0.704 -0.865 -0.072 -0.497 0.624 -0.715 -0.316 0.574 -0.713 -0.402 0.572 -0.713 -0.406 0.287 -0.473 -0.833 0.244 -0.426 -0.871 -0.264 0.254 -0.931 -0.312 0.335 -0.889 -0.479 0.636 -0.605 -0.883 0.182 -0.432 -0.805 0.165 -0.57 -0.802 0.164 -0.574 -0.247 -0.036 -0.968 -0.184 -0.058 -0.981 0.558 -0.295 -0.776 0.586 -0.304 -0.751 0.759 -0.357 -0.545 -0.855 0.381 -0.352 -0.812 0.379 -0.443 -0.811 0.379 -0.447 -0.473 0.169 -0.865 -0.419 0.134 -0.898 0.297 -0.322 -0.899 0.37 -0.368 -0.853 0.644 -0.529 -0.553 -0.748 -0.534 -0.394 -0.677 -0.531 -0.509 -0.681 -0.532 -0.503 -0.225 -0.152 -0.962 -0.312 -0.236 -0.92 0.373 0.489 -0.789 0.318 0.417 -0.852 0.511 0.668 -0.541 -0.599 0.694 -0.398 -0.532 0.662 -0.528 -0.527 0.659 -0.537 -0.189 0.221 -0.957 -0.11 0.105 -0.988 0.308 -0.558 -0.771 0.332 -0.609 -0.72 0.398 -0.756 -0.519 -0.625 -0.621 -0.472 -0.544 -0.563 -0.622 -0.548 -0.566 -0.616 -0.086 -0.038 -0.996 -0.137 -0.1 -0.986 0.395 0.566 -0.723 0.379 0.542 -0.75 0.483 0.697 -0.53 -0.851 0.337 -0.402 -0.777 0.337 -0.532 -0.772 0.337 -0.539 -0.255 0.111 -0.961 -0.151 0.059 -0.987 0.552 -0.324 -0.768 0.591 -0.352 -0.726 0.726 -0.449 -0.52 -0.894 -0.12 -0.432 -0.819 -0.085 -0.568 -0.815 -0.084 -0.574 -0.225 -0.016 -0.974 -0.136 -0.01 -0.991 0.646 0.013 -0.763 0.681 0.01 -0.732 0.848 -0.005 -0.53 -0.815 -0.471 -0.336 -0.809 -0.415 -0.417 -0.808 -0.412 -0.421 -0.525 -0.219 -0.823 -0.445 -0.181 -0.877 0.331 0.108 -0.938 0.472 0.145 -0.869 0.793 0.228 -0.565 -0.605 -0.705 -0.37 -0.558 -0.685 -0.468 -0.56 -0.686 -0.465 -0.256 -0.304 -0.918 -0.291 -0.352 -0.89 0.256 0.456 -0.852 0.221 0.399 -0.89 0.418 0.714 -0.561 0.648 -0.658 -0.384 0.605 -0.631 -0.485 0.604 -0.631 -0.487 0.261 -0.276 -0.925 0.231 -0.244 -0.942 -0.373 0.438 -0.818 -0.394 0.464 -0.794 -0.554 0.659 -0.509 -0.89 0.237 -0.389 -0.822 0.259 -0.507 -0.816 0.26 -0.516 -0.329 0.11 -0.938 -0.185 0.052 -0.981 0.538 -0.279 -0.795 0.602 -0.32 -0.731 0.748 -0.418 -0.516 -0.878 0.237 -0.416 -0.804 0.199 -0.56 -0.808 0.201 -0.554 -0.136 0.057 -0.989 -0.221 0.073 -0.973 0.68 -0.076 -0.729 0.647 -0.073 -0.759 0.844 -0.09 -0.529 0.239 0.905 -0.353 0.184 0.867 -0.463 0.187 0.87 -0.456 0.053 0.304 -0.951 0.072 0.43 -0.9 -0.018 -0.629 -0.777 -0.021 -0.537 -0.843 -0.007 -0.849 -0.528 0.893 -0.171 -0.416 0.82 -0.186 -0.542 0.814 -0.187 -0.55 0.265 -0.037 -0.964 0.124 0.009 -0.992 -0.628 0.28 -0.726 -0.675 0.305 -0.671 -0.803 0.374 -0.463 0.09 0.902 -0.422 0.059 0.819 -0.57 0.06 0.823 -0.564 0.012 0.116 -0.993 0.014 0.202 -0.979 0.015 -0.703 -0.711 0.012 -0.675 -0.738 0.033 -0.854 -0.519 0.868 0.286 -0.406 0.81 0.243 -0.533 0.806 0.24 -0.54 0.248 0.101 -0.963 0.129 0.076 -0.989 -0.677 -0.076 -0.732 -0.722 -0.08 -0.687 -0.875 -0.092 -0.475 0.608 0.679 -0.412 0.572 0.612 -0.546 0.57 0.608 -0.552 0.141 0.19 -0.972 0.071 0.125 -0.99 -0.535 -0.417 -0.734 -0.563 -0.438 -0.701 -0.687 -0.531 -0.496 0.33 0.894 -0.302 0.358 0.853 -0.381 0.359 0.85 -0.385 0.255 0.548 -0.797 0.216 0.469 -0.856 -0.233 -0.29 -0.928 -0.319 -0.415 -0.852 -0.499 -0.681 -0.536 0.027 0.947 -0.321 0 0.91 -0.415 0.001 0.911 -0.412 -0.017 0.449 -0.893 -0.018 0.51 -0.86 0.053 -0.529 -0.847 0.044 -0.461 -0.886 0.093 -0.829 -0.552 -0.934 0.127 -0.334 -0.89 0.137 -0.435 -0.889 0.137 -0.437 -0.423 0.082 -0.902 -0.38 0.075 -0.922 0.554 -0.101 -0.826 0.587 -0.109 -0.802 0.836 -0.17 -0.522 0.834 0.391 -0.389 0.795 0.335 -0.505 0.792 0.33 -0.514 0.309 0.151 -0.939 0.152 0.104 -0.983 -0.64 -0.104 -0.762 -0.712 -0.113 -0.693 -0.872 -0.132 -0.471 0.825 0.384 -0.415 0.744 0.374 -0.554 0.747 0.375 -0.549 0.114 0.067 -0.991 0.195 0.111 -0.975 -0.617 -0.366 -0.697 -0.591 -0.347 -0.728 -0.738 -0.461 -0.493 -0.883 -0.084 -0.463 -0.785 -0.069 -0.615 -0.779 -0.068 -0.623 -0.138 -0.082 -0.987 -0.037 -0.085 -0.996 0.696 -0.103 -0.71 0.725 -0.106 -0.68 0.857 -0.118 -0.502 0.734 -0.582 -0.35 0.706 -0.537 -0.461 0.708 -0.539 -0.457 0.265 -0.248 -0.932 0.323 -0.285 -0.902 -0.506 0.223 -0.833 -0.454 0.193 -0.87 -0.736 0.36 -0.574 0.87 0.287 -0.4 0.819 0.265 -0.509 0.819 0.265 -0.508 0.311 0.052 -0.949 0.322 0.056 -0.945 -0.553 -0.262 -0.791 -0.546 -0.26 -0.797 -0.791 -0.336 -0.512 -0.855 -0.254 -0.451 -0.77 -0.209 -0.603 -0.761 -0.204 -0.616 -0.16 -0.118 -0.98 0.01 -0.1 -0.995 0.703 -0.03 -0.711 0.75 -0.032 -0.66 0.871 -0.039 -0.49 -0.106 0.909 -0.404 -0.146 0.862 -0.486 -0.144 0.864 -0.483 -0.108 0.411 -0.905 -0.124 0.494 -0.861 0.175 -0.494 -0.852 0.122 -0.364 -0.924 0.3 -0.795 -0.527 0.361 -0.819 -0.446 0.292 -0.744 -0.601 0.286 -0.738 -0.611 0.067 -0.186 -0.98 0.031 -0.072 -0.997 -0.148 0.606 -0.781 -0.152 0.647 -0.747 -0.164 0.796 -0.582 -0.892 0.058 -0.448 -0.807 0.056 -0.587 -0.804 0.056 -0.592 -0.193 -0.048 -0.98 -0.125 -0.06 -0.99 0.651 -0.181 -0.737 0.676 -0.185 -0.713 0.834 -0.213 -0.509 -0.429 0.804 -0.411 -0.385 0.777 -0.499 -0.383 0.775 -0.502 -0.201 0.405 -0.892 -0.175 0.343 -0.923 0.11 -0.436 -0.893 0.136 -0.52 -0.843 0.23 -0.818 -0.527 0.79 -0.447 -0.419 0.71 -0.433 -0.555 0.707 -0.432 -0.56 0.187 -0.162 -0.969 0.129 -0.128 -0.983 -0.528 0.31 -0.79 -0.551 0.329 -0.767 -0.692 0.45 -0.565 0.715 -0.624 -0.317 0.667 -0.625 -0.407 0.665 -0.625 -0.41 0.357 -0.399 -0.845 0.311 -0.357 -0.881 -0.266 0.254 -0.93 -0.321 0.323 -0.89 -0.527 0.59 -0.612 -0.903 -0.298 -0.311 -0.874 -0.289 -0.391 -0.517 -0.181 -0.837 -0.516 -0.18 -0.837 0.451 0.131 -0.883 0.453 0.131 -0.882 0.81 0.252 -0.529 0.666 0.609 -0.432 0.634 0.525 -0.568 0.63 0.516 -0.58 0.169 0.146 -0.975 0.012 0.041 -0.999 -0.622 -0.341 -0.705 -0.674 -0.359 -0.646 -0.793 -0.394 -0.465 -0.386 -0.827 -0.409 -0.317 -0.77 -0.553 -0.323 -0.775 -0.543 -0.051 -0.079 -0.996 -0.1 -0.232 -0.968 0.157 0.72 -0.676 0.152 0.668 -0.728 0.166 0.858 -0.486 -0.927 -0.096 -0.363 -0.879 -0.084 -0.469 -0.879 -0.084 -0.47 -0.366 -0.045 -0.93 -0.336 -0.043 -0.941 0.607 0.016 -0.795 0.627 0.017 -0.779 0.864 0.028 -0.503 0.8 -0.447 -0.401 0.732 -0.42 -0.537 0.731 -0.419 -0.539 0.186 -0.11 -0.976 0.154 -0.092 -0.984 -0.583 0.359 -0.729 -0.594 0.366 -0.717 -0.731 0.459 -0.504 0.74 -0.53 -0.414 0.68 -0.472 -0.561 0.682 -0.474 -0.556 0.09 -0.083 -0.992 0.145 -0.118 -0.982 -0.626 0.356 -0.694 -0.608 0.346 -0.714 -0.756 0.424 -0.498 0.948 -0.048 -0.313 0.915 -0.067 -0.399 0.914 -0.068 -0.401 0.533 -0.059 -0.844 0.484 -0.054 -0.874 -0.466 0.066 -0.882 -0.528 0.077 -0.846 -0.838 0.134 -0.529 -0.726 0.542 -0.423 -0.664 0.499 -0.557 -0.664 0.498 -0.558 -0.151 0.104 -0.983 -0.141 0.097 -0.985 0.553 -0.438 -0.709 0.556 -0.441 -0.705 0.687 -0.543 -0.482 0.158 0.917 -0.366 0.167 0.868 -0.468 0.167 0.866 -0.471 0.084 0.383 -0.92 0.073 0.331 -0.941 -0.145 -0.573 -0.806 -0.156 -0.609 -0.778 -0.225 -0.837 -0.5 -0.789 0.534 -0.304 -0.788 0.488 -0.377 -0.788 0.49 -0.374 -0.506 0.271 -0.819 -0.561 0.304 -0.77 0.458 -0.189 -0.869 0.32 -0.133 -0.938 0.79 -0.325 -0.519 0.434 -0.724 -0.537 0.339 -0.652 -0.678 0.333 -0.647 -0.685 -0.045 -0.113 -0.993 -0.093 -0.029 -0.995 -0.393 0.608 -0.69 -0.4 0.636 -0.66 -0.425 0.768 -0.479 0.061 0.912 -0.405 0.018 0.862 -0.507 0.02 0.864 -0.504 -0.093 0.316 -0.944 -0.086 0.386 -0.919 -0.091 -0.584 -0.807 -0.099 -0.525 -0.845 -0.046 -0.84 -0.541 -0.774 0.555 -0.305 -0.745 0.516 -0.422 -0.746 0.516 -0.421 -0.373 0.182 -0.91 -0.381 0.188 -0.905 0.352 -0.348 -0.869 0.345 -0.343 -0.874 0.596 -0.499 -0.629 0.571 -0.602 -0.558 0.456 -0.558 -0.693 0.444 -0.553 -0.705 -0.003 -0.111 -0.994 -0.104 0.019 -0.994 -0.46 0.572 -0.679 -0.474 0.618 -0.627 -0.5 0.737 -0.454 -0.76 -0.608 -0.231 -0.718 -0.618 -0.321 -0.72 -0.618 -0.317 -0.454 -0.364 -0.814 -0.505 -0.42 -0.754 0.17 0.383 -0.908 0.075 0.264 -0.962 0.411 0.66 -0.629 0.415 0.725 -0.55 0.362 0.624 -0.693 0.357 0.616 -0.702 -0.057 0.114 -0.992 -0.138 0.02 -0.99 -0.568 -0.497 -0.655 -0.593 -0.521 -0.614 -0.675 -0.602 -0.426 0.316 -0.811 -0.493 0.247 -0.74 -0.626 0.245 -0.737 -0.63 -0.045 -0.177 -0.983 -0.071 -0.115 -0.991 -0.308 0.611 -0.729 -0.312 0.636 -0.706 -0.331 0.799 -0.502 -0.522 -0.808 -0.274 -0.537 -0.762 -0.361 -0.538 -0.761 -0.364 -0.4 -0.435 -0.807 -0.368 -0.381 -0.848 0.146 0.296 -0.944 0.212 0.366 -0.906 0.463 0.617 -0.636 -0.091 0.889 -0.45 -0.089 0.806 -0.585 -0.089 0.803 -0.589 -0.134 0.201 -0.97 -0.137 0.133 -0.982 -0.145 -0.648 -0.748 -0.145 -0.676 -0.723 -0.14 -0.849 -0.51 0.112 0.919 -0.379 0.119 0.875 -0.469 0.12 0.873 -0.472 0.003 0.479 -0.878 -0.016 0.417 -0.909 -0.252 -0.406 -0.878 -0.274 -0.488 -0.829 -0.341 -0.786 -0.515 0.211 -0.957 -0.197 0.209 -0.936 -0.282 0.159 -0.62 -0.768 0.159 -0.619 -0.769 -0.04 0.35 -0.936 -0.04 0.352 -0.935 -0.137 0.76 -0.635 -0.495 0.676 -0.546 -0.41 0.616 -0.673 -0.401 0.61 -0.684 -0.076 0.067 -0.995 0.009 -0.099 -0.995 0.295 -0.728 -0.619 0.304 -0.775 -0.554 0.318 -0.877 -0.36 0.779 -0.532 -0.332 0.735 -0.471 -0.488 0.739 -0.476 -0.477 0.114 -0.174 -0.978 0.251 -0.235 -0.939 -0.643 0.159 -0.749 -0.589 0.141 -0.796 -0.794 0.209 -0.571 0.02 -0.966 -0.259 0.018 -0.928 -0.371 0.018 -0.928 -0.373 0.05 -0.467 -0.883 0.051 -0.439 -0.897 0.078 0.5 -0.862 0.079 0.522 -0.849 0.078 0.793 -0.605 0.527 0.702 -0.478 0.498 0.618 -0.609 0.497 0.616 -0.611 0.165 0.054 -0.985 0.145 0.025 -0.989 -0.362 -0.622 -0.695 -0.371 -0.63 -0.682 -0.489 -0.74 -0.462 0.605 0.634 -0.482 0.545 0.558 -0.626 0.547 0.561 -0.622 0.131 -0.037 -0.991 0.168 0.013 -0.986 -0.366 -0.661 -0.655 -0.354 -0.646 -0.676 -0.457 -0.767 -0.45 0.15 0.895 -0.421 0.169 0.848 -0.502 0.169 0.847 -0.504 0.143 0.414 -0.899 0.136 0.362 -0.922 -0.065 -0.548 -0.834 -0.082 -0.604 -0.793 -0.182 -0.874 -0.451 -0.576 -0.72 -0.387 -0.518 -0.674 -0.526 -0.518 -0.674 -0.527 -0.066 -0.248 -0.967 -0.058 -0.24 -0.969 0.503 0.413 -0.759 0.506 0.417 -0.755 0.615 0.57 -0.545 -0.863 0.225 -0.452 -0.805 0.214 -0.554 -0.803 0.213 -0.556 -0.308 0.017 -0.951 -0.26 -0.001 -0.966 0.566 -0.303 -0.767 0.598 -0.315 -0.737 0.81 -0.383 -0.443 -0.581 -0.772 -0.256 -0.53 -0.782 -0.328 -0.532 -0.782 -0.325 -0.265 -0.562 -0.784 -0.305 -0.609 -0.733 0.26 0.324 -0.91 0.197 0.187 -0.962 0.41 0.686 -0.6 0.435 0.808 -0.398 0.378 0.774 -0.508 0.382 0.776 -0.502 0.146 0.218 -0.965 0.189 0.34 -0.921 -0.133 -0.661 -0.738 -0.113 -0.576 -0.81 -0.179 -0.861 -0.476 0.837 -0.393 -0.38 0.762 -0.399 -0.51 0.756 -0.399 -0.519 0.267 -0.158 -0.951 0.147 -0.085 -0.985 -0.509 0.357 -0.783 -0.552 0.397 -0.734 -0.671 0.512 -0.537 0.297 0.829 -0.473 0.254 0.744 -0.617 0.256 0.749 -0.612 0.066 0.041 -0.997 0.087 0.125 -0.988 -0.121 -0.736 -0.666 -0.117 -0.709 -0.695 -0.143 -0.874 -0.465 0.914 0.073 -0.399 0.849 0.033 -0.528 0.844 0.03 -0.535 0.283 -0.02 -0.959 0.166 -0.021 -0.986 -0.637 0.015 -0.771 -0.684 0.024 -0.729 -0.849 0.06 -0.525 0.741 0.514 -0.433 0.694 0.445 -0.566 0.692 0.441 -0.571 0.202 0.088 -0.975 0.123 0.038 -0.992 -0.575 -0.35 -0.739 -0.607 -0.363 -0.707 -0.757 -0.417 -0.503 0.517 0.784 -0.343 0.537 0.732 -0.419 0.538 0.73 -0.423 0.384 0.425 -0.82 0.331 0.352 -0.876 -0.254 -0.299 -0.92 -0.365 -0.398 -0.842 -0.605 -0.602 -0.521 0.245 0.893 -0.378 0.215 0.856 -0.47 0.216 0.857 -0.468 0.111 0.378 -0.919 0.122 0.439 -0.89 -0.043 -0.584 -0.811 -0.034 -0.518 -0.855 -0.081 -0.864 -0.497 -0.865 0.305 -0.398 -0.814 0.296 -0.499 -0.813 0.296 -0.501 -0.351 0.104 -0.931 -0.311 0.087 -0.947 0.525 -0.273 -0.806 0.555 -0.287 -0.781 0.781 -0.386 -0.491 0.902 0.187 -0.388 0.853 0.13 -0.505 0.849 0.125 -0.514 0.35 0.018 -0.937 0.194 0.002 -0.981 -0.606 -0.023 -0.795 -0.681 -0.012 -0.732 -0.855 0.019 -0.518 0.892 0.18 -0.415 0.811 0.176 -0.558 0.815 0.176 -0.552 0.151 -0.027 -0.988 0.235 -0 -0.972 -0.644 -0.282 -0.711 -0.614 -0.27 -0.742 -0.793 -0.338 -0.507 -0.257 0.893 -0.37 -0.277 0.832 -0.481 -0.276 0.836 -0.474 -0.09 0.279 -0.956 -0.137 0.395 -0.908 0.305 -0.549 -0.778 0.259 -0.471 -0.843 0.419 -0.739 -0.528 0.85 0.269 -0.453 0.782 0.214 -0.585 0.777 0.21 -0.593 0.233 0.08 -0.969 0.105 0.059 -0.993 -0.621 -0.035 -0.783 -0.678 -0.035 -0.734 -0.847 -0.032 -0.531 -0.365 0.82 -0.44 -0.344 0.731 -0.589 -0.345 0.735 -0.583 -0.029 0.101 -0.994 -0.069 0.175 -0.982 0.365 -0.6 -0.711 0.349 -0.577 -0.739 0.452 -0.726 -0.518 0.574 0.688 -0.444 0.543 0.609 -0.578 0.541 0.604 -0.585 0.154 0.191 -0.969 0.076 0.118 -0.99 -0.481 -0.38 -0.79 -0.521 -0.408 -0.75 -0.666 -0.509 -0.546 0.141 0.889 -0.437 0.148 0.805 -0.574 0.148 0.801 -0.58 0.031 0.22 -0.975 0.01 0.134 -0.991 -0.191 -0.611 -0.769 -0.203 -0.644 -0.738 -0.263 -0.802 -0.537 -0.185 0.93 -0.317 -0.142 0.906 -0.398 -0.139 0.905 -0.403 -0.06 0.581 -0.811 -0.05 0.494 -0.868 -0.017 -0.352 -0.936 -0.023 -0.5 -0.866 -0.034 -0.828 -0.559 -0.437 0.833 -0.339 -0.437 0.787 -0.435 -0.437 0.789 -0.432 -0.213 0.374 -0.903 -0.244 0.425 -0.871 0.31 -0.432 -0.847 0.271 -0.377 -0.886 0.485 -0.679 -0.551 -0.853 -0.336 -0.4 -0.807 -0.301 -0.507 -0.806 -0.3 -0.51 -0.344 -0.117 -0.932 -0.306 -0.104 -0.946 0.495 0.157 -0.855 0.527 0.166 -0.833 0.79 0.237 -0.565 0.485 0.765 -0.423 0.48 0.686 -0.547 0.48 0.679 -0.556 0.175 0.261 -0.949 0.08 0.152 -0.985 -0.433 -0.386 -0.815 -0.494 -0.433 -0.754 -0.641 -0.545 -0.54 0.48 0.752 -0.451 0.414 0.69 -0.595 0.417 0.693 -0.589 0.07 0.104 -0.992 0.109 0.176 -0.978 -0.283 -0.61 -0.74 -0.271 -0.578 -0.769 -0.343 -0.769 -0.54 0.583 -0.78 -0.228 0.57 -0.76 -0.313 0.57 -0.76 -0.314 0.378 -0.482 -0.79 0.377 -0.482 -0.791 -0.202 0.311 -0.929 -0.203 0.313 -0.928 -0.452 0.641 -0.62 -0.771 0.374 -0.516 -0.669 0.364 -0.647 -0.659 0.363 -0.659 -0.131 0.034 -0.991 0.018 -0.076 -0.997 0.563 -0.516 -0.646 0.593 -0.556 -0.583 0.655 -0.647 -0.391 0.937 -0.09 -0.339 0.871 -0.056 -0.487 0.877 -0.059 -0.477 0.155 -0.092 -0.984 0.317 -0.08 -0.945 -0.699 -0.16 -0.697 -0.646 -0.15 -0.748 -0.838 -0.185 -0.512 0.384 -0.878 -0.286 0.364 -0.842 -0.398 0.364 -0.842 -0.399 0.204 -0.394 -0.896 0.194 -0.368 -0.909 -0.136 0.507 -0.851 -0.144 0.527 -0.838 -0.241 0.773 -0.586 0.242 0.864 -0.443 0.243 0.784 -0.572 0.243 0.782 -0.574 0.118 0.142 -0.983 0.109 0.105 -0.988 -0.146 -0.718 -0.681 -0.151 -0.729 -0.668 -0.216 -0.868 -0.448 0.337 0.831 -0.443 0.307 0.749 -0.587 0.308 0.752 -0.583 0.119 0.042 -0.992 0.137 0.106 -0.985 -0.134 -0.754 -0.643 -0.129 -0.736 -0.664 -0.176 -0.88 -0.44 -0.2 0.895 -0.398 -0.165 0.862 -0.48 -0.164 0.861 -0.482 -0.037 0.459 -0.888 -0.026 0.409 -0.912 0.119 -0.524 -0.843 0.123 -0.583 -0.803 0.134 -0.875 -0.464 -0.301 -0.879 -0.37 -0.269 -0.821 -0.505 -0.268 -0.82 -0.505 -0 -0.249 -0.968 0.004 -0.238 -0.971 0.319 0.612 -0.724 0.32 0.616 -0.72 0.368 0.781 -0.504 -0.895 -0.203 -0.397 -0.848 -0.186 -0.496 -0.847 -0.186 -0.498 -0.343 -0.127 -0.931 -0.289 -0.12 -0.95 0.65 0.013 -0.76 0.685 0.018 -0.728 0.898 0.055 -0.436 -0.283 -0.926 -0.249 -0.236 -0.918 -0.319 -0.238 -0.918 -0.317 -0.077 -0.625 -0.777 -0.097 -0.683 -0.724 0.114 0.431 -0.895 0.101 0.278 -0.955 0.134 0.812 -0.568 0.059 -0.845 -0.532 0.021 -0.74 -0.672 0.019 -0.733 -0.679 -0.03 -0.06 -0.998 -0.031 0.044 -0.999 0.003 0.763 -0.646 0.009 0.789 -0.614 0.04 0.903 -0.428 0.533 0.779 -0.33 0.48 0.763 -0.433 0.482 0.764 -0.43 0.146 0.361 -0.921 0.186 0.42 -0.888 -0.327 -0.467 -0.821 -0.302 -0.411 -0.86 -0.424 -0.711 -0.56 -0.385 0.878 -0.284 -0.373 0.838 -0.398 -0.373 0.838 -0.397 -0.185 0.383 -0.905 -0.19 0.393 -0.9 0.203 -0.479 -0.854 0.199 -0.471 -0.859 0.323 -0.729 -0.604 0.243 -0.806 -0.54 0.174 -0.715 -0.678 0.167 -0.705 -0.69 0.011 -0.08 -0.997 -0.016 0.094 -0.995 -0.077 0.765 -0.64 -0.069 0.808 -0.586 -0.044 0.912 -0.408 -0.949 -0.152 -0.275 -0.915 -0.181 -0.359 -0.917 -0.18 -0.356 -0.546 -0.081 -0.834 -0.622 -0.108 -0.776 0.418 0.283 -0.864 0.275 0.226 -0.935 0.738 0.393 -0.548 0.764 0.445 -0.467 0.684 0.39 -0.616 0.678 0.385 -0.626 0.078 0.158 -0.984 -0.047 0.112 -0.993 -0.719 -0.146 -0.679 -0.754 -0.155 -0.639 -0.869 -0.187 -0.459 -0.091 -0.863 -0.498 -0.108 -0.771 -0.628 -0.109 -0.767 -0.632 -0.065 -0.12 -0.991 -0.055 -0.049 -0.997 0.084 0.725 -0.683 0.091 0.748 -0.658 0.14 0.884 -0.445 -0.838 -0.444 -0.318 -0.827 -0.397 -0.399 -0.826 -0.395 -0.402 -0.533 -0.174 -0.828 -0.475 -0.141 -0.868 0.355 0.217 -0.909 0.447 0.245 -0.86 0.764 0.329 -0.555 0.392 0.838 -0.38 0.365 0.774 -0.517 0.364 0.772 -0.521 0.05 0.278 -0.959 0.012 0.217 -0.976 -0.41 -0.497 -0.765 -0.425 -0.521 -0.74 -0.513 -0.672 -0.534 0.577 0.758 -0.303 0.571 0.721 -0.392 0.571 0.72 -0.395 0.312 0.456 -0.833 0.266 0.411 -0.872 -0.381 -0.225 -0.897 -0.445 -0.287 -0.849 -0.661 -0.517 -0.544 0.486 0.842 -0.235 0.475 0.821 -0.317 0.307 0.532 -0.789 0.307 0.531 -0.79 -0.21 -0.357 -0.91 -0.211 -0.359 -0.909 -0.411 -0.704 -0.58 -0.071 -0.876 -0.477 -0.096 -0.787 -0.609 -0.099 -0.777 -0.621 0.017 -0.172 -0.985 0.066 0.016 -0.998 0.271 0.714 -0.646 0.295 0.757 -0.583 0.35 0.85 -0.394 -0.242 0.898 -0.367 -0.251 0.82 -0.515 -0.25 0.826 -0.504 0.033 0.15 -0.988 -0.034 0.297 -0.954 0.397 -0.609 -0.686 0.368 -0.565 -0.739 0.472 -0.727 -0.499 0.641 0.712 -0.287 0.62 0.678 -0.395 0.619 0.678 -0.396 0.29 0.334 -0.897 0.27 0.313 -0.911 -0.407 -0.38 -0.831 -0.422 -0.395 -0.816 -0.6 -0.575 -0.556 -0.875 -0.185 -0.448 -0.802 -0.152 -0.578 -0.8 -0.151 -0.58 -0.168 0.01 -0.986 -0.131 0.018 -0.991 0.712 0.167 -0.682 0.724 0.168 -0.669 0.876 0.179 -0.447 -0.886 -0.082 -0.456 -0.797 -0.077 -0.599 -0.8 -0.077 -0.594 -0.077 0.056 -0.995 -0.141 0.044 -0.989 0.74 0.196 -0.643 0.722 0.192 -0.665 0.871 0.221 -0.439 -0.721 -0.583 -0.375 -0.705 -0.543 -0.456 -0.705 -0.542 -0.458 -0.4 -0.272 -0.875 -0.359 -0.24 -0.902 0.437 0.316 -0.842 0.489 0.347 -0.8 0.738 0.493 -0.46 0.923 0.108 -0.369 0.856 0.107 -0.506 0.231 0.078 -0.97 0.219 0.078 -0.973 -0.675 -0.008 -0.738 -0.679 -0.008 -0.734 -0.854 -0.033 -0.52 0.51 -0.771 -0.381 0.476 -0.735 -0.482 0.475 -0.734 -0.485 0.239 -0.295 -0.925 0.214 -0.248 -0.945 -0.237 0.574 -0.784 -0.254 0.606 -0.754 -0.366 0.804 -0.468 0.957 0.151 -0.247 0.929 0.188 -0.318 0.931 0.187 -0.315 0.602 0.186 -0.777 0.662 0.195 -0.724 -0.431 -0.122 -0.894 -0.287 -0.067 -0.956 -0.782 -0.263 -0.566 0.104 -0.929 -0.356 0.101 -0.892 -0.441 0.061 -0.491 -0.869 0.061 -0.49 -0.87 -0.039 0.454 -0.89 -0.039 0.456 -0.889 -0.082 0.833 -0.546 -0.449 0.774 -0.446 -0.372 0.719 -0.587 -0.364 0.713 -0.599 -0.104 0.199 -0.974 -0.04 0.039 -0.998 0.191 -0.633 -0.751 0.199 -0.691 -0.695 0.213 -0.829 -0.517 0.709 -0.534 -0.461 0.659 -0.446 -0.606 0.663 -0.453 -0.596 0.054 -0.041 -0.998 0.181 -0.114 -0.977 -0.644 0.306 -0.702 -0.591 0.29 -0.752 -0.787 0.346 -0.511 -0.094 -0.907 -0.41 -0.095 -0.85 -0.519 -0.095 -0.849 -0.52 -0.034 -0.32 -0.947 -0.03 -0.292 -0.956 0.094 0.579 -0.81 0.098 0.599 -0.795 0.138 0.841 -0.522 0.581 0.693 -0.427 0.534 0.627 -0.567 0.533 0.626 -0.569 0.125 0.166 -0.978 0.103 0.141 -0.985 -0.446 -0.459 -0.768 -0.455 -0.469 -0.757 -0.582 -0.6 -0.549 0.649 0.618 -0.443 0.572 0.567 -0.593 0.574 0.568 -0.589 0.084 0.086 -0.993 0.124 0.127 -0.984 -0.453 -0.503 -0.736 -0.44 -0.487 -0.755 -0.553 -0.631 -0.544 0.231 0.917 -0.324 0.241 0.877 -0.415 0.241 0.876 -0.418 0.147 0.494 -0.857 0.133 0.448 -0.884 -0.151 -0.394 -0.907 -0.173 -0.451 -0.876 -0.292 -0.762 -0.578 -0.665 -0.584 -0.465 -0.603 -0.523 -0.602 -0.603 -0.523 -0.603 -0.126 -0.095 -0.987 -0.117 -0.088 -0.989 0.504 0.446 -0.739 0.508 0.449 -0.735 0.647 0.563 -0.515 -0.853 0.352 -0.386 -0.797 0.349 -0.493 -0.795 0.349 -0.496 -0.332 0.168 -0.928 -0.287 0.148 -0.946 0.488 -0.229 -0.842 0.521 -0.247 -0.817 0.744 -0.375 -0.552 -0.674 -0.656 -0.34 -0.626 -0.658 -0.418 -0.628 -0.658 -0.415 -0.346 -0.397 -0.85 -0.389 -0.446 -0.806 0.25 0.4 -0.882 0.171 0.283 -0.944 0.457 0.702 -0.547 -0.168 -0.929 -0.329 -0.116 -0.894 -0.432 -0.119 -0.897 -0.426 0.002 -0.336 -0.942 -0.014 -0.468 -0.884 0.027 0.655 -0.755 0.037 0.564 -0.825 -0 0.863 -0.504 -0.87 0.15 -0.47 -0.787 0.168 -0.594 -0.78 0.17 -0.602 -0.212 0.024 -0.977 -0.074 -0.021 -0.997 0.648 -0.285 -0.707 0.693 -0.311 -0.65 0.815 -0.382 -0.435 -0.033 -0.921 -0.388 -0.002 -0.847 -0.532 -0.003 -0.85 -0.526 0.036 -0.132 -0.991 0.036 -0.224 -0.974 -0.008 0.726 -0.687 -0.003 0.699 -0.715 -0.037 0.867 -0.497 -0.819 -0.359 -0.449 -0.757 -0.308 -0.576 -0.753 -0.305 -0.583 -0.191 -0.126 -0.974 -0.076 -0.094 -0.993 0.687 0.109 -0.719 0.731 0.116 -0.673 0.879 0.139 -0.456 -0.522 -0.744 -0.416 -0.489 -0.678 -0.55 -0.487 -0.674 -0.556 -0.085 -0.217 -0.972 -0.02 -0.144 -0.989 0.523 0.469 -0.712 0.546 0.492 -0.678 0.65 0.598 -0.47 -0.252 -0.925 -0.285 -0.277 -0.89 -0.363 -0.278 -0.888 -0.367 -0.184 -0.596 -0.781 -0.149 -0.514 -0.845 0.251 0.318 -0.914 0.322 0.453 -0.831 0.457 0.732 -0.505 0.02 -0.957 -0.289 0.047 -0.925 -0.378 0.046 -0.926 -0.375 0.07 -0.484 -0.872 0.072 -0.546 -0.835 -0.032 0.553 -0.832 -0.019 0.484 -0.875 -0.088 0.842 -0.532 0.946 -0.104 -0.308 0.904 -0.117 -0.412 0.903 -0.117 -0.414 0.448 -0.076 -0.891 0.407 -0.071 -0.911 -0.502 0.082 -0.861 -0.536 0.09 -0.839 -0.804 0.15 -0.575 -0.774 -0.469 -0.424 -0.735 -0.407 -0.542 -0.731 -0.402 -0.551 -0.248 -0.183 -0.951 -0.098 -0.125 -0.987 0.648 0.138 -0.749 0.718 0.153 -0.679 0.873 0.184 -0.452 -0.764 -0.462 -0.45 -0.677 -0.446 -0.585 -0.681 -0.447 -0.58 -0.063 -0.084 -0.994 -0.139 -0.134 -0.981 0.605 0.421 -0.676 0.583 0.399 -0.708 0.708 0.529 -0.468 0.898 -0.034 -0.438 0.853 -0.034 -0.521 0.411 -0.025 -0.911 0.41 -0.025 -0.912 -0.513 0.006 -0.859 -0.514 0.007 -0.858 -0.87 0.024 -0.493 -0.847 -0.371 -0.38 -0.794 -0.3 -0.528 -0.788 -0.293 -0.541 -0.282 -0.1 -0.954 -0.122 -0.056 -0.991 0.578 0.093 -0.811 0.641 0.094 -0.761 0.797 0.094 -0.596 0.563 0.646 -0.515 0.461 0.604 -0.65 0.469 0.607 -0.641 -0.033 0.03 -0.999 0.055 0.152 -0.987 -0.428 -0.631 -0.647 -0.411 -0.583 -0.701 -0.465 -0.763 -0.449 0.841 -0.243 -0.483 0.773 -0.238 -0.588 0.772 -0.238 -0.589 0.226 -0.101 -0.969 0.199 -0.093 -0.976 -0.61 0.167 -0.775 -0.627 0.174 -0.759 -0.842 0.26 -0.473 -0.61 0.69 -0.389 -0.566 0.63 -0.532 -0.565 0.629 -0.534 -0.219 0.134 -0.966 -0.199 0.107 -0.974 0.314 -0.543 -0.779 0.323 -0.554 -0.768 0.444 -0.695 -0.565 -0.528 0.744 -0.41 -0.504 0.657 -0.561 -0.505 0.66 -0.557 -0.149 0.079 -0.986 -0.183 0.127 -0.975 0.357 -0.557 -0.75 0.342 -0.541 -0.768 0.479 -0.672 -0.565 -0.887 0.374 -0.27 -0.852 0.375 -0.365 -0.851 0.375 -0.367 -0.522 0.208 -0.827 -0.482 0.186 -0.856 0.284 -0.234 -0.93 0.339 -0.265 -0.903 0.648 -0.431 -0.628 0.422 -0.772 -0.476 0.364 -0.705 -0.609 0.363 -0.705 -0.609 -0.005 -0.165 -0.986 -0.011 -0.155 -0.988 -0.412 0.569 -0.712 -0.414 0.572 -0.708 -0.481 0.731 -0.483 -0.468 -0.822 -0.323 -0.468 -0.771 -0.431 -0.468 -0.77 -0.433 -0.278 -0.339 -0.899 -0.255 -0.297 -0.92 0.215 0.455 -0.864 0.239 0.486 -0.841 0.407 0.698 -0.59 0.498 -0.79 -0.358 0.503 -0.745 -0.438 0.503 -0.747 -0.435 0.263 -0.434 -0.861 0.307 -0.484 -0.819 -0.418 0.3 -0.858 -0.322 0.2 -0.925 -0.65 0.565 -0.508 0.47 0.755 -0.457 0.422 0.669 -0.612 0.419 0.664 -0.62 0.011 0.18 -0.984 -0.053 0.105 -0.993 -0.518 -0.457 -0.723 -0.538 -0.479 -0.694 -0.631 -0.579 -0.516 -0.924 -0.192 -0.332 -0.876 -0.196 -0.441 -0.878 -0.196 -0.438 -0.38 -0.029 -0.925 -0.446 -0.052 -0.893 0.501 0.27 -0.822 0.444 0.249 -0.861 0.751 0.351 -0.56 -0.279 -0.858 -0.432 -0.267 -0.798 -0.541 -0.267 -0.798 -0.54 -0.142 -0.248 -0.958 -0.145 -0.259 -0.955 0.103 0.61 -0.785 0.101 0.603 -0.791 0.185 0.844 -0.504 0.301 0.844 -0.445 0.287 0.748 -0.599 0.285 0.737 -0.612 -0.095 0.077 -0.993 -0.458 -0.509 -0.729 -0.49 -0.547 -0.679 -0.572 -0.642 -0.51 0.812 -0.43 -0.395 0.799 -0.374 -0.472 0.799 -0.377 -0.468 0.424 -0.143 -0.895 0.501 -0.179 -0.846 -0.535 0.184 -0.825 -0.394 0.149 -0.907 -0.839 0.252 -0.482 -0.889 0.218 -0.403 -0.797 0.232 -0.557 -0.79 0.233 -0.567 -0.205 0.086 -0.975 -0.083 0.045 -0.996 0.606 -0.227 -0.763 0.64 -0.248 -0.727 0.76 -0.324 -0.563 0.6 0.667 -0.441 0.544 0.604 -0.582 0.542 0.602 -0.587 0.074 0.201 -0.977 0.023 0.156 -0.987 -0.556 -0.372 -0.743 -0.575 -0.389 -0.72 -0.696 -0.498 -0.517 0.908 -0.14 -0.395 0.864 -0.155 -0.479 0.863 -0.155 -0.482 0.472 -0.069 -0.879 0.405 -0.051 -0.913 -0.448 0.2 -0.871 -0.534 0.228 -0.814 -0.819 0.315 -0.48 -0.856 -0.316 -0.409 -0.798 -0.262 -0.543 -0.796 -0.26 -0.547 -0.257 -0.021 -0.966 -0.191 0.003 -0.982 0.586 0.231 -0.776 0.615 0.236 -0.752 0.794 0.262 -0.548 -0.943 -0.153 -0.297 -0.917 -0.115 -0.382 -0.916 -0.114 -0.385 -0.562 -0.01 -0.827 -0.5 0 -0.866 0.384 0.071 -0.921 0.474 0.07 -0.878 0.805 0.057 -0.59 0.911 -0.094 -0.402 0.857 -0.048 -0.513 0.861 -0.051 -0.507 0.26 -0.016 -0.966 0.385 -0.014 -0.923 -0.637 -0.088 -0.765 -0.55 -0.072 -0.832 -0.85 -0.13 -0.511 -0.048 -0.904 -0.425 -0.078 -0.829 -0.553 -0.081 -0.823 -0.562 -0.033 -0.263 -0.964 -0.011 -0.125 -0.992 0.148 0.63 -0.762 0.168 0.683 -0.711 0.227 0.831 -0.507 0.88 0.047 -0.473 0.782 0.062 -0.62 0.787 0.061 -0.614 0.073 -0.006 -0.997 0.155 0.005 -0.988 -0.704 -0.13 -0.698 -0.677 -0.123 -0.725 -0.849 -0.169 -0.501 0.403 -0.806 -0.434 0.344 -0.753 -0.562 0.34 -0.749 -0.569 0.096 -0.227 -0.969 0.053 -0.12 -0.991 -0.205 0.623 -0.755 -0.215 0.669 -0.711 -0.246 0.829 -0.502 0.746 -0.487 -0.454 0.665 -0.461 -0.587 0.661 -0.46 -0.593 0.163 -0.114 -0.98 0.091 -0.059 -0.994 -0.514 0.435 -0.74 -0.538 0.459 -0.707 -0.649 0.574 -0.5 0.919 -0.183 -0.349 0.877 -0.217 -0.428 0.875 -0.219 -0.432 0.533 -0.167 -0.829 0.447 -0.142 -0.883 -0.346 0.163 -0.924 -0.478 0.226 -0.849 -0.764 0.366 -0.531 0.921 0.116 -0.372 0.874 0.135 -0.467 0.875 0.134 -0.464 0.391 0.072 -0.918 0.451 0.083 -0.889 -0.531 -0.14 -0.836 -0.467 -0.121 -0.876 -0.815 -0.223 -0.535 -0.032 0.93 -0.366 -0.02 0.882 -0.47 -0.02 0.881 -0.472 -0.02 0.396 -0.918 -0.021 0.354 -0.935 -0.046 -0.548 -0.835 -0.047 -0.582 -0.812 -0.06 -0.843 -0.534 0.503 -0.756 -0.42 0.433 -0.724 -0.537 0.428 -0.721 -0.546 0.153 -0.276 -0.949 0.084 -0.137 -0.987 -0.228 0.581 -0.781 -0.246 0.653 -0.716 -0.285 0.82 -0.496 0.493 -0.747 -0.446 0.46 -0.665 -0.588 0.462 -0.669 -0.582 0.043 -0.108 -0.993 0.096 -0.176 -0.98 -0.477 0.522 -0.707 -0.455 0.499 -0.737 -0.588 0.635 -0.501 0.189 0.903 -0.386 0.186 0.867 -0.462 0.131 0.468 -0.874 0.13 0.467 -0.875 -0.067 -0.56 -0.826 -0.068 -0.561 -0.825 -0.149 -0.889 -0.433 0.213 -0.923 -0.32 0.164 -0.871 -0.463 0.159 -0.865 -0.476 0.086 -0.323 -0.942 0.073 -0.133 -0.988 0.039 0.648 -0.76 0.046 0.707 -0.706 0.065 0.841 -0.537 -0.499 0.706 -0.503 -0.48 0.604 -0.636 -0.482 0.612 -0.627 0 -0.016 -1 -0.108 0.106 -0.988 0.572 -0.562 -0.597 0.531 -0.538 -0.655 0.679 -0.619 -0.396 0.371 0.827 -0.422 0.364 0.771 -0.523 0.179 0.259 -0.949 0.167 0.23 -0.959 -0.243 -0.633 -0.735 -0.252 -0.649 -0.718 -0.363 -0.83 -0.424 -0.747 -0.547 -0.377 -0.687 -0.514 -0.514 -0.686 -0.513 -0.516 -0.142 -0.214 -0.966 -0.111 -0.196 -0.974 0.62 0.282 -0.732 0.631 0.289 -0.72 0.767 0.39 -0.51 -0.793 -0.457 -0.403 -0.708 -0.446 -0.548 -0.711 -0.446 -0.544 -0.072 -0.143 -0.987 -0.128 -0.174 -0.976 0.636 0.325 -0.7 0.621 0.312 -0.719 0.747 0.429 -0.508 -0.473 -0.847 -0.24 -0.471 -0.819 -0.328 -0.471 -0.818 -0.33 -0.269 -0.538 -0.799 -0.241 -0.499 -0.832 0.319 0.301 -0.899 0.356 0.354 -0.865 0.533 0.632 -0.563 0.834 0.353 -0.424 0.773 0.305 -0.557 0.772 0.305 -0.557 0.205 -0.013 -0.979 0.194 -0.019 -0.981 -0.612 -0.362 -0.703 -0.616 -0.364 -0.698 -0.778 -0.41 -0.477 0.728 -0.629 -0.273 0.685 -0.623 -0.378 0.684 -0.622 -0.38 0.328 -0.356 -0.875 0.29 -0.323 -0.901 -0.386 0.329 -0.862 -0.413 0.359 -0.837 -0.586 0.56 -0.585 0.85 0.426 -0.311 0.811 0.439 -0.386 0.813 0.439 -0.383 0.512 0.246 -0.823 0.564 0.284 -0.775 -0.345 -0.412 -0.843 -0.228 -0.322 -0.919 -0.632 -0.607 -0.482 0.861 -0.304 -0.408 0.816 -0.255 -0.519 0.819 -0.258 -0.512 0.221 -0.13 -0.967 0.348 -0.151 -0.925 -0.686 -0 -0.727 -0.6 -0.006 -0.8 -0.887 0.017 -0.462 -0.248 -0.904 -0.349 -0.27 -0.835 -0.479 -0.271 -0.83 -0.488 -0.128 -0.317 -0.94 -0.077 -0.185 -0.98 0.248 0.551 -0.797 0.28 0.601 -0.748 0.375 0.742 -0.556 0.858 -0.163 -0.487 0.764 -0.138 -0.631 0.768 -0.139 -0.625 0.033 -0.082 -0.996 0.119 -0.088 -0.989 -0.756 -0.024 -0.654 -0.73 -0.024 -0.683 -0.893 -0.021 -0.45 0.216 -0.901 -0.377 0.164 -0.847 -0.505 0.161 -0.844 -0.512 0.01 -0.308 -0.951 -0.011 -0.193 -0.981 -0.106 0.619 -0.779 -0.105 0.667 -0.738 -0.093 0.838 -0.537 0.619 -0.659 -0.428 0.541 -0.628 -0.559 0.537 -0.626 -0.565 0.102 -0.21 -0.972 0.04 -0.139 -0.989 -0.453 0.496 -0.741 -0.47 0.526 -0.709 -0.544 0.669 -0.506 0.852 -0.389 -0.351 0.803 -0.419 -0.425 0.8 -0.42 -0.429 0.467 -0.329 -0.821 0.385 -0.29 -0.876 -0.353 0.181 -0.918 -0.467 0.276 -0.84 -0.702 0.487 -0.519 0.914 -0.098 -0.394 0.87 -0.076 -0.487 0.872 -0.077 -0.484 0.372 -0.066 -0.926 0.435 -0.065 -0.898 -0.596 -0.079 -0.799 -0.53 -0.076 -0.844 -0.873 -0.082 -0.481 0.143 0.898 -0.417 0.142 0.845 -0.516 0.142 0.843 -0.518 0.026 0.347 -0.938 0.015 0.304 -0.953 -0.193 -0.589 -0.784 -0.201 -0.621 -0.758 -0.253 -0.851 -0.46 0.325 -0.871 -0.369 0.259 -0.835 -0.485 0.254 -0.832 -0.494 0.059 -0.368 -0.928 0.016 -0.216 -0.976 -0.139 0.58 -0.803 -0.139 0.658 -0.74 -0.134 0.837 -0.53 0.316 -0.862 -0.396 0.297 -0.788 -0.54 0.298 -0.791 -0.534 -0.02 -0.179 -0.984 0.021 -0.258 -0.966 -0.396 0.576 -0.715 -0.381 0.548 -0.745 -0.471 0.718 -0.513 0.676 -0.686 -0.269 0.662 -0.662 -0.353 0.441 -0.379 -0.813 0.441 -0.378 -0.814 -0.231 0.345 -0.91 -0.232 0.346 -0.909 -0.523 0.62 -0.584 -0.789 0.344 -0.508 -0.686 0.349 -0.638 -0.676 0.349 -0.649 -0.118 0.091 -0.989 0.04 -0.003 -0.999 0.619 -0.409 -0.671 0.653 -0.449 -0.61 0.724 -0.545 -0.423 0.937 0 -0.35 0.864 0.039 -0.501 0.871 0.036 -0.491 0.17 -0.01 -0.985 0.32 0.009 -0.947 -0.648 -0.158 -0.745 -0.593 -0.14 -0.793 -0.797 -0.21 -0.567 0.51 -0.792 -0.336 0.487 -0.751 -0.446 0.486 -0.751 -0.447 0.266 -0.3 -0.916 0.252 -0.274 -0.928 -0.203 0.531 -0.823 -0.214 0.549 -0.808 -0.35 0.762 -0.545 0.091 0.909 -0.407 0.106 0.833 -0.544 0.107 0.831 -0.546 0.097 0.209 -0.973 0.095 0.174 -0.98 -0.011 -0.665 -0.747 -0.013 -0.678 -0.735 -0.056 -0.848 -0.527 0.192 0.891 -0.412 0.176 0.808 -0.563 0.177 0.81 -0.558 0.114 0.115 -0.987 0.121 0.176 -0.977 0.007 -0.703 -0.711 0.009 -0.683 -0.731 -0.014 -0.856 -0.518 -0.336 0.874 -0.35 -0.297 0.85 -0.434 -0.296 0.85 -0.437 -0.103 0.495 -0.863 -0.083 0.449 -0.89 0.208 -0.434 -0.876 0.222 -0.494 -0.841 0.28 -0.804 -0.524 -0.14 -0.881 -0.452 -0.115 -0.803 -0.585 -0.115 -0.802 -0.586 0.051 -0.172 -0.984 0.054 -0.16 -0.986 0.211 0.674 -0.708 0.212 0.679 -0.703 0.231 0.847 -0.479 -0.86 -0.242 -0.45 -0.808 -0.213 -0.55 -0.806 -0.212 -0.552 -0.293 -0.081 -0.953 -0.242 -0.069 -0.968 0.629 0.11 -0.77 0.663 0.115 -0.74 0.882 0.149 -0.446 -0.115 -0.938 -0.327 -0.068 -0.915 -0.398 -0.07 -0.916 -0.395 0.041 -0.557 -0.83 0.032 -0.621 -0.783 0.045 0.482 -0.875 0.058 0.337 -0.94 -0.004 0.845 -0.535 -0.475 -0.814 -0.334 -0.419 -0.793 -0.443 -0.422 -0.794 -0.437 -0.163 -0.281 -0.946 -0.214 -0.4 -0.891 0.17 0.623 -0.764 0.146 0.534 -0.833 0.225 0.829 -0.512 -0.819 0.415 -0.397 -0.745 0.411 -0.525 -0.739 0.41 -0.534 -0.266 0.116 -0.957 -0.148 0.032 -0.989 0.493 -0.44 -0.751 0.533 -0.479 -0.698 0.643 -0.586 -0.493 -0.341 -0.848 -0.405 -0.296 -0.779 -0.553 -0.298 -0.782 -0.547 -0.072 -0.103 -0.992 -0.098 -0.189 -0.977 0.161 0.701 -0.695 0.156 0.673 -0.723 0.19 0.844 -0.502 -0.921 -0.058 -0.386 -0.856 -0.028 -0.516 -0.852 -0.026 -0.523 -0.29 -0.028 -0.957 -0.171 -0.034 -0.985 0.643 -0.093 -0.76 0.689 -0.102 -0.717 0.849 -0.133 -0.511 -0.766 -0.512 -0.389 -0.72 -0.455 -0.524 -0.717 -0.453 -0.53 -0.214 -0.144 -0.966 -0.13 -0.097 -0.987 0.598 0.286 -0.749 0.63 0.299 -0.716 0.779 0.358 -0.515 -0.554 -0.783 -0.282 -0.572 -0.737 -0.359 -0.573 -0.735 -0.363 -0.413 -0.47 -0.78 -0.357 -0.402 -0.843 0.274 0.239 -0.932 0.39 0.339 -0.856 0.635 0.55 -0.542 -0.292 -0.905 -0.308 -0.261 -0.878 -0.401 -0.262 -0.879 -0.398 -0.136 -0.443 -0.886 -0.15 -0.503 -0.851 0.075 0.546 -0.835 0.063 0.477 -0.876 0.128 0.836 -0.533 0.85 -0.375 -0.371 0.8 -0.371 -0.471 0.799 -0.371 -0.473 0.349 -0.184 -0.919 0.31 -0.165 -0.936 -0.52 0.255 -0.815 -0.549 0.271 -0.791 -0.765 0.399 -0.506 -0.914 -0.173 -0.367 -0.865 -0.126 -0.486 -0.86 -0.122 -0.495 -0.36 -0.062 -0.931 -0.2 -0.056 -0.978 0.613 -0.054 -0.788 0.688 -0.065 -0.723 0.857 -0.091 -0.507 -0.904 -0.169 -0.394 -0.826 -0.178 -0.535 -0.829 -0.177 -0.53 -0.155 -0.028 -0.988 -0.242 -0.051 -0.969 0.664 0.215 -0.716 0.634 0.202 -0.747 0.811 0.276 -0.516 -0.066 0.949 -0.308 -0.073 0.921 -0.384 -0.073 0.92 -0.384 -0.104 0.556 -0.825 -0.104 0.555 -0.826 -0.07 -0.514 -0.855 -0.07 -0.516 -0.854 -0.02 -0.875 -0.484 0.371 -0.826 -0.424 0.291 -0.781 -0.552 0.283 -0.776 -0.564 0.018 -0.237 -0.971 -0.046 -0.046 -0.998 -0.221 0.701 -0.679 -0.217 0.754 -0.62 -0.201 0.873 -0.444 -0.726 0.598 -0.339 -0.708 0.517 -0.48 -0.71 0.524 -0.47 -0.15 0.055 -0.987 -0.288 0.15 -0.946 0.61 -0.374 -0.699 0.558 -0.357 -0.749 0.748 -0.412 -0.52 0.13 0.918 -0.374 0.121 0.872 -0.475 0.12 0.871 -0.476 -0.019 0.367 -0.93 -0.026 0.336 -0.942 -0.22 -0.631 -0.744 -0.223 -0.649 -0.727 -0.249 -0.863 -0.439 -0.681 -0.664 -0.307 -0.653 -0.613 -0.444 -0.652 -0.612 -0.446 -0.248 -0.179 -0.952 -0.221 -0.153 -0.963 0.457 0.465 -0.758 0.467 0.474 -0.747 0.605 0.579 -0.547 -0.748 -0.584 -0.316 -0.693 -0.55 -0.466 -0.695 -0.551 -0.462 -0.195 -0.09 -0.977 -0.244 -0.135 -0.96 0.467 0.508 -0.724 0.452 0.493 -0.743 0.578 0.613 -0.539 -0.327 -0.912 -0.247 -0.345 -0.879 -0.329 -0.345 -0.878 -0.331 -0.279 -0.539 -0.795 -0.264 -0.493 -0.829 0.125 0.435 -0.892 0.155 0.493 -0.856 0.316 0.773 -0.55 0.688 0.549 -0.474 0.623 0.503 -0.599 0.623 0.502 -0.6 0.066 0.104 -0.992 0.056 0.096 -0.994 -0.645 -0.442 -0.624 -0.648 -0.444 -0.619 -0.755 -0.533 -0.383 0.812 -0.416 -0.409 0.758 -0.415 -0.504 0.756 -0.415 -0.506 0.285 -0.216 -0.934 0.236 -0.191 -0.953 -0.598 0.294 -0.746 -0.626 0.315 -0.714 -0.792 0.445 -0.419 0.702 0.613 -0.362 0.654 0.624 -0.428 0.656 0.624 -0.425 0.344 0.415 -0.842 0.395 0.46 -0.795 -0.392 -0.428 -0.815 -0.305 -0.309 -0.901 -0.574 -0.696 -0.432 -0.522 0.782 -0.342 -0.525 0.724 -0.447 -0.525 0.728 -0.441 -0.163 0.27 -0.949 -0.254 0.372 -0.893 0.521 -0.452 -0.724 0.456 -0.393 -0.799 0.667 -0.583 -0.464 0.751 0.544 -0.375 0.72 0.478 -0.503 0.717 0.473 -0.511 0.255 0.177 -0.951 0.126 0.107 -0.986 -0.602 -0.253 -0.757 -0.656 -0.27 -0.705 -0.804 -0.315 -0.504 -0.607 0.68 -0.412 -0.564 0.612 -0.555 -0.566 0.615 -0.549 -0.035 0.102 -0.994 -0.105 0.167 -0.98 0.591 -0.477 -0.65 0.571 -0.461 -0.68 0.695 -0.559 -0.453 0.355 0.855 -0.378 0.359 0.784 -0.506 0.359 0.779 -0.513 0.13 0.267 -0.955 0.073 0.16 -0.984 -0.344 -0.555 -0.757 -0.373 -0.592 -0.714 -0.476 -0.717 -0.509 -0.13 0.912 -0.389 -0.094 0.849 -0.521 -0.092 0.845 -0.527 -0.012 0.252 -0.968 -0.005 0.153 -0.988 0.029 -0.686 -0.727 0.026 -0.72 -0.693 0.011 -0.871 -0.49 -0.462 0.838 -0.292 -0.413 0.835 -0.365 -0.41 0.834 -0.368 -0.233 0.583 -0.778 -0.194 0.503 -0.842 0.132 -0.377 -0.917 0.172 -0.526 -0.833 0.246 -0.826 -0.507 -0.679 0.661 -0.32 -0.667 0.623 -0.409 -0.667 0.624 -0.406 -0.327 0.321 -0.889 -0.376 0.361 -0.854 0.497 -0.334 -0.801 0.442 -0.293 -0.848 0.716 -0.502 -0.484 -0.704 -0.601 -0.378 -0.677 -0.56 -0.477 -0.676 -0.559 -0.48 -0.298 -0.247 -0.922 -0.263 -0.22 -0.94 0.49 0.345 -0.8 0.517 0.364 -0.775 0.717 0.502 -0.483 0.243 0.9 -0.362 0.271 0.835 -0.479 0.273 0.829 -0.487 0.128 0.348 -0.929 0.065 0.198 -0.978 -0.294 -0.547 -0.784 -0.338 -0.608 -0.718 -0.44 -0.744 -0.503 0.244 0.889 -0.388 0.207 0.823 -0.528 0.209 0.827 -0.523 0.072 0.143 -0.987 0.088 0.235 -0.968 -0.067 -0.713 -0.698 -0.064 -0.681 -0.729 -0.079 -0.865 -0.495 -0.611 0.691 -0.386 -0.616 0.615 -0.492 -0.616 0.619 -0.486 -0.265 0.14 -0.954 -0.35 0.23 -0.908 0.432 -0.437 -0.789 0.353 -0.389 -0.851 0.636 -0.544 -0.547 0.63 0.572 -0.525 0.586 0.49 -0.646 0.582 0.483 -0.654 0.113 0.103 -0.988 -0.002 0.022 -1 -0.623 -0.377 -0.686 -0.669 -0.397 -0.628 -0.796 -0.446 -0.408 -0.695 0.567 -0.442 -0.652 0.478 -0.589 -0.654 0.482 -0.583 -0.145 -0.002 -0.989 -0.209 0.05 -0.977 0.515 -0.452 -0.728 0.489 -0.439 -0.754 0.664 -0.516 -0.541 0.244 0.824 -0.511 0.235 0.737 -0.634 0.234 0.731 -0.641 -0.002 0.169 -0.986 -0.05 0.064 -0.997 -0.37 -0.623 -0.689 -0.391 -0.66 -0.642 -0.463 -0.783 -0.416 -0.224 0.845 -0.485 -0.198 0.761 -0.617 -0.197 0.757 -0.623 -0.13 0.139 -0.982 -0.12 0.048 -0.992 -0.019 -0.711 -0.703 -0.016 -0.743 -0.669 0.001 -0.891 -0.454 -0.549 0.763 -0.342 -0.503 0.752 -0.426 -0.501 0.751 -0.431 -0.336 0.447 -0.829 -0.299 0.365 -0.882 0.037 -0.412 -0.91 0.091 -0.546 -0.833 0.225 -0.83 -0.51 -0.763 0.554 -0.333 -0.752 0.502 -0.427 -0.753 0.504 -0.424 -0.414 0.175 -0.894 -0.46 0.211 -0.862 0.387 -0.329 -0.861 0.326 -0.298 -0.897 0.675 -0.457 -0.58 -0.671 -0.693 -0.264 -0.655 -0.657 -0.373 -0.655 -0.656 -0.375 -0.355 -0.342 -0.87 -0.326 -0.314 -0.892 0.336 0.3 -0.893 0.364 0.324 -0.873 0.585 0.514 -0.628 0.14 0.861 -0.488 0.154 0.782 -0.603 0.155 0.776 -0.612 -0.006 0.246 -0.969 -0.059 0.097 -0.994 -0.327 -0.611 -0.721 -0.359 -0.671 -0.649 -0.428 -0.804 -0.413 0.138 0.847 -0.514 0.089 0.758 -0.646 0.091 0.762 -0.641 -0.051 0.048 -0.998 -0.04 0.134 -0.99 -0.103 -0.744 -0.66 -0.106 -0.714 -0.692 -0.086 -0.891 -0.446 0.625 0.655 -0.425 0.58 0.579 -0.573 0.576 0.575 -0.581 0.097 0.123 -0.988 0.011 0.049 -0.999 -0.585 -0.452 -0.673 -0.608 -0.466 -0.642 -0.71 -0.529 -0.465 -0.936 -0.082 -0.342 -0.891 -0.102 -0.443 -0.892 -0.102 -0.44 -0.366 -0.041 -0.93 -0.44 -0.054 -0.897 0.608 0.15 -0.779 0.551 0.135 -0.824 0.84 0.21 -0.5 -0.425 -0.836 -0.347 -0.402 -0.797 -0.451 -0.166 -0.324 -0.931 -0.171 -0.335 -0.927 0.274 0.575 -0.771 0.271 0.568 -0.777 0.377 0.788 -0.488 0.481 0.767 -0.425 0.464 0.678 -0.57 0.461 0.668 -0.583 0.086 0.17 -0.982 -0.039 0.025 -0.999 -0.535 -0.514 -0.67 -0.572 -0.539 -0.618 -0.663 -0.598 -0.45 0.731 -0.611 -0.305 0.736 -0.558 -0.383 0.736 -0.56 -0.379 0.445 -0.295 -0.845 0.513 -0.342 -0.787 -0.479 0.227 -0.848 -0.34 0.16 -0.927 -0.773 0.367 -0.518 -0.83 0.342 -0.441 -0.736 0.335 -0.588 -0.728 0.334 -0.598 -0.154 0.054 -0.987 -0.034 -0.014 -0.999 0.601 -0.401 -0.691 0.628 -0.425 -0.652 0.717 -0.508 -0.477 0.731 0.552 -0.401 0.683 0.496 -0.536 0.68 0.494 -0.541 0.168 0.136 -0.976 0.104 0.094 -0.99 -0.61 -0.361 -0.705 -0.631 -0.373 -0.68 -0.761 -0.441 -0.476 0.893 -0.319 -0.317 0.853 -0.336 -0.399 0.852 -0.336 -0.402 0.512 -0.22 -0.831 0.45 -0.193 -0.872 -0.385 0.228 -0.894 -0.468 0.276 -0.84 -0.738 0.432 -0.519 -0.888 -0.225 -0.4 -0.826 -0.191 -0.53 -0.823 -0.189 -0.535 -0.235 -0.056 -0.97 -0.16 -0.042 -0.986 0.682 0.098 -0.725 0.709 0.1 -0.698 0.867 0.112 -0.485 -0.949 -0.036 -0.313 -0.918 -0.007 -0.396 -0.917 -0.006 -0.399 -0.55 0.017 -0.835 -0.484 0.015 -0.875 0.457 -0.055 -0.888 0.546 -0.067 -0.835 0.847 -0.109 -0.52 -0.786 -0.388 -0.481 -0.71 -0.317 -0.629 -0.705 -0.312 -0.637 -0.128 -0.016 -0.992 -0.035 0.025 -0.999 0.651 0.281 -0.705 0.68 0.287 -0.675 0.811 0.31 -0.497 0.896 -0.176 -0.408 0.848 -0.135 -0.512 0.85 -0.136 -0.508 0.31 -0.003 -0.951 0.379 -0.015 -0.925 -0.584 0.088 -0.807 -0.525 0.087 -0.847 -0.84 0.085 -0.536 0.661 0.666 -0.346 0.62 0.638 -0.457 0.229 0.289 -0.93 0.237 0.296 -0.925 -0.427 -0.374 -0.823 -0.422 -0.368 -0.829 -0.602 -0.57 -0.559 -0.692 -0.53 -0.49 -0.639 -0.437 -0.633 -0.632 -0.428 -0.646 -0.134 -0.058 -0.989 0.014 0.032 -0.999 0.627 0.35 -0.696 0.673 0.361 -0.645 0.791 0.385 -0.476 -0.483 0.826 -0.292 -0.503 0.776 -0.381 -0.502 0.778 -0.377 -0.299 0.433 -0.851 -0.346 0.495 -0.797 0.33 -0.272 -0.904 0.226 -0.168 -0.96 0.58 -0.531 -0.618 0.65 -0.536 -0.539 0.549 -0.479 -0.685 0.541 -0.475 -0.694 0.101 -0.024 -0.995 0.022 0.065 -0.998 -0.411 0.577 -0.705 -0.431 0.609 -0.666 -0.497 0.72 -0.485 -0.853 -0.267 -0.449 -0.78 -0.217 -0.587 -0.777 -0.216 -0.592 -0.192 -0.009 -0.981 -0.126 0.011 -0.992 0.641 0.196 -0.742 0.666 0.199 -0.719 0.828 0.216 -0.517 -0.737 0.596 -0.318 -0.688 0.6 -0.408 -0.686 0.6 -0.411 -0.381 0.386 -0.84 -0.333 0.345 -0.878 0.246 -0.242 -0.939 0.305 -0.313 -0.899 0.526 -0.581 -0.621 0.889 -0.023 -0.458 0.805 -0.027 -0.593 0.802 -0.028 -0.597 0.202 0.046 -0.978 0.134 0.055 -0.989 -0.638 0.151 -0.755 -0.666 0.156 -0.73 -0.836 0.183 -0.517 0.897 -0.226 -0.38 0.85 -0.237 -0.47 0.848 -0.237 -0.474 0.458 -0.111 -0.882 0.398 -0.088 -0.913 -0.381 0.228 -0.896 -0.457 0.262 -0.85 -0.746 0.384 -0.545</float_array><technique_common><accessor source="#grass_+02+01_foliage-nrm-a" count="10498" stride="3"><param name="X" type="float"/><param name="Y" type="float"/><param name="Z" type="float"/></accessor></technique_common></source>
        <vertices id="grass_+02+01_foliage-vtx"><input semantic="POSITION" source="#grass_+02+01_foliage-pos"/></vertices>
        <triangles count="10560" material="MAT_WEED_GRASS-mat"><input semantic="VERTEX" source="#grass_+02+01_foliage-vtx" offset="0"/><input semantic="NORMAL" source="#grass_+02+01_foliage-nrm" offset="1"/><p>0 0 1 0 2 1 0 0 2 1 3 1 3 1 2 1 4 2 3 1 4 2 5 3 5 3 4 2 6 4 5 3 6 4 7 5 7 5 6 4 8 6 7 5 8 6 9 6 10 7 11 7 12 8 10 7 12 8 13 9 13 9 12 8 14 10 13 9 14 10 15 11 15 11 14 10 16 12 15 11 16 12 17 13 17 13 16 12 18 14 17 13 18 14 19 14 20 15 21 15 22 16 20 15 22 16 23 17 23 17 22 16 24 18 23 17 24 18 25 19 25 19 24 18 26 20 25 19 26 20 27 21 27 21 26 20 28 22 27 21 28 22 29 22 30 23 31 23 32 24 30 23 32 24 33 25 33 25 32 24 34 26 33 25 34 26 35 27 35 27 34 26 36 28 35 27 36 28 37 29 37 29 36 28 38 30 37 29 38 30 39 30 40 31 41 31 42 32 40 31 42 32 43 33 43 33 42 32 44 34 43 33 44 34 45 35 45 35 44 34 46 36 45 35 46 36 47 37 47 37 46 36 48 38 47 37 48 38 49 38 50 39 51 39 52 40 50 39 52 40 53 41 53 41 52 40 54 42 53 41 54 42 55 43 55 43 54 42 56 44 55 43 56 44 57 45 57 45 56 44 58 46 57 45 58 46 59 46 60 47 61 47 62 48 60 47 62 48 63 49 63 49 62 48 64 50 63 49 64 50 65 51 65 51 64 50 66 52 65 51 66 52 67 53 67 53 66 52 68 54 67 53 68 54 69 54 70 55 71 55 72 56 70 55 72 56 73 57 73 57 72 56 74 58 73 57 74 58 75 59 75 59 74 58 76 60 75 59 76 60 77 61 77 61 76 60 78 62 77 61 78 62 79 62 80 63 81 63 82 64 80 63 82 64 83 65 83 65 82 64 84 66 83 65 84 66 85 67 85 67 84 66 86 68 85 67 86 68 87 69 87 69 86 68 88 70 87 69 88 70 89 70 90 71 91 71 92 72 90 71 92 72 93 73 93 73 92 72 94 74 93 73 94 74 95 75 95 75 94 74 96 76 95 75 96 76 97 77 97 77 96 76 98 78 97 77 98 78 99 78 100 79 101 79 102 80 100 79 102 80 103 81 103 81 102 80 104 82 103 81 104 82 105 83 105 83 104 82 106 84 105 83 106 84 107 85 107 85 106 84 108 86 107 85 108 86 109 86 110 87 111 87 112 88 110 87 112 88 113 89 113 89 112 88 114 90 113 89 114 90 115 91 115 91 114 90 116 92 115 91 116 92 117 93 117 93 116 92 118 94 117 93 118 94 119 94 120 95 121 95 122 96 120 95 122 96 123 97 123 97 122 96 124 98 123 97 124 98 125 99 125 99 124 98 126 100 125 99 126 100 127 101 127 101 126 100 128 102 127 101 128 102 129 102 130 103 131 103 132 104 130 103 132 104 133 105 133 105 132 104 134 106 133 105 134 106 135 107 135 107 134 106 136 108 135 107 136 108 137 109 137 109 136 108 138 110 137 109 138 110 139 110 140 111 141 111 142 112 140 111 142 112 143 113 143 113 142 112 144 114 143 113 144 114 145 115 145 115 144 114 146 116 145 115 146 116 147 117 147 117 146 116 148 118 147 117 148 118 149 118 150 119 151 119 152 120 150 119 152 120 153 121 153 121 152 120 154 122 153 121 154 122 155 123 155 123 154 122 156 124 155 123 156 124 157 125 157 125 156 124 158 126 157 125 158 126 159 126 160 127 161 127 162 128 160 127 162 128 163 129 163 129 162 128 164 130 163 129 164 130 165 131 165 131 164 130 166 132 165 131 166 132 167 133 167 133 166 132 168 134 167 133 168 134 169 134 170 135 171 135 172 136 170 135 172 136 173 137 173 137 172 136 174 138 173 137 174 138 175 139 175 139 174 138 176 140 175 139 176 140 177 141 177 141 176 140 178 142 177 141 178 142 179 142 180 143 181 143 182 144 180 143 182 144 183 145 183 145 182 144 184 146 183 145 184 146 185 147 185 147 184 146 186 148 185 147 186 148 187 149 187 149 186 148 188 150 187 149 188 150 189 150 190 151 191 151 192 152 190 151 192 152 193 153 193 153 192 152 194 154 193 153 194 154 195 155 195 155 194 154 196 156 195 155 196 156 197 157 197 157 196 156 198 158 197 157 198 158 199 158 200 159 201 159 202 160 200 159 202 160 203 160 203 160 202 160 204 161 203 160 204 161 205 162 205 162 204 161 206 163 205 162 206 163 207 164 207 164 206 163 208 165 207 164 208 165 209 165 210 166 211 166 212 167 210 166 212 167 213 168 213 168 212 167 214 169 213 168 214 169 215 170 215 170 214 169 216 171 215 170 216 171 217 172 217 172 216 171 218 173 217 172 218 173 219 173 220 174 221 174 222 175 220 174 222 175 223 176 223 176 222 175 224 177 223 176 224 177 225 178 225 178 224 177 226 179 225 178 226 179 227 180 227 180 226 179 228 181 227 180 228 181 229 181 230 182 231 182 232 183 230 182 232 183 233 184 233 184 232 183 234 185 233 184 234 185 235 186 235 186 234 185 236 187 235 186 236 187 237 188 237 188 236 187 238 189 237 188 238 189 239 189 240 190 241 190 242 191 240 190 242 191 243 192 243 192 242 191 244 193 243 192 244 193 245 194 245 194 244 193 246 195 245 194 246 195 247 196 247 196 246 195 248 197 247 196 248 197 249 197 250 198 251 198 252 199 250 198 252 199 253 200 253 200 252 199 254 201 253 200 254 201 255 202 255 202 254 201 256 203 255 202 256 203 257 204 257 204 256 203 258 205 257 204 258 205 259 205 260 206 261 206 262 207 260 206 262 207 263 208 263 208 262 207 264 209 263 208 264 209 265 210 265 210 264 209 266 211 265 210 266 211 267 212 267 212 266 211 268 213 267 212 268 213 269 213 270 214 271 214 272 215 270 214 272 215 273 216 273 216 272 215 274 217 273 216 274 217 275 218 275 218 274 217 276 219 275 218 276 219 277 220 277 220 276 219 278 221 277 220 278 221 279 221 280 222 281 222 282 223 280 222 282 223 283 224 283 224 282 223 284 225 283 224 284 225 285 226 285 226 284 225 286 227 285 226 286 227 287 228 287 228 286 227 288 229 287 228 288 229 289 229 290 230 291 230 292 231 290 230 292 231 293 232 293 232 292 231 294 233 293 232 294 233 295 234 295 234 294 233 296 235 295 234 296 235 297 236 297 236 296 235 298 237 297 236 298 237 299 237 300 238 301 238 302 239 300 238 302 239 303 240 303 240 302 239 304 241 303 240 304 241 305 242 305 242 304 241 306 243 305 242 306 243 307 244 307 244 306 243 308 245 307 244 308 245 309 245 310 246 311 246 312 247 310 246 312 247 313 248 313 248 312 247 314 249 313 248 314 249 315 250 315 250 314 249 316 251 315 250 316 251 317 252 317 252 316 251 318 253 317 252 318 253 319 253 320 254 321 254 322 255 320 254 322 255 323 256 323 256 322 255 324 257 323 256 324 257 325 258 325 258 324 257 326 259 325 258 326 259 327 260 327 260 326 259 328 261 327 260 328 261 329 261 330 262 331 262 332 263 330 262 332 263 333 264 333 264 332 263 334 265 333 264 334 265 335 266 335 266 334 265 336 267 335 266 336 267 337 268 337 268 336 267 338 269 337 268 338 269 339 269 340 270 341 270 342 271 340 270 342 271 343 272 343 272 342 271 344 273 343 272 344 273 345 274 345 274 344 273 346 275 345 274 346 275 347 276 347 276 346 275 348 277 347 276 348 277 349 277 350 278 351 278 352 279 350 278 352 279 353 280 353 280 352 279 354 281 353 280 354 281 355 282 355 282 354 281 356 283 355 282 356 283 357 284 357 284 356 283 358 285 357 284 358 285 359 285 360 286 361 286 362 287 360 286 362 287 363 288 363 288 362 287 364 289 363 288 364 289 365 290 365 290 364 289 366 291 365 290 366 291 367 292 367 292 366 291 368 293 367 292 368 293 369 293 370 294 371 294 372 295 370 294 372 295 373 296 373 296 372 295 374 297 373 296 374 297 375 298 375 298 374 297 376 299 375 298 376 299 377 300 377 300 376 299 378 301 377 300 378 301 379 301 380 302 381 302 382 303 380 302 382 303 383 304 383 304 382 303 384 305 383 304 384 305 385 306 385 306 384 305 386 307 385 306 386 307 387 308 387 308 386 307 388 309 387 308 388 309 389 309 390 310 391 310 392 311 390 310 392 311 393 312 393 312 392 311 394 313 393 312 394 313 395 314 395 314 394 313 396 315 395 314 396 315 397 316 397 316 396 315 398 317 397 316 398 317 399 317 400 318 401 318 402 319 400 318 402 319 403 320 403 320 402 319 404 321 403 320 404 321 405 322 405 322 404 321 406 323 405 322 406 323 407 324 407 324 406 323 408 325 407 324 408 325 409 325 410 326 411 326 412 327 410 326 412 327 413 328 413 328 412 327 414 329 413 328 414 329 415 330 415 330 414 329 416 331 415 330 416 331 417 332 417 332 416 331 418 333 417 332 418 333 419 333 420 334 421 334 422 335 420 334 422 335 423 336 423 336 422 335 424 337 423 336 424 337 425 338 425 338 424 337 426 339 425 338 426 339 427 340 427 340 426 339 428 341 427 340 428 341 429 341 430 342 431 342 432 343 430 342 432 343 433 344 433 344 432 343 434 345 433 344 434 345 435 346 435 346 434 345 436 347 435 346 436 347 437 348 437 348 436 347 438 349 437 348 438 349 439 349 440 350 441 350 442 351 440 350 442 351 443 352 443 352 442 351 444 353 443 352 444 353 445 354 445 354 444 353 446 355 445 354 446 355 447 356 447 356 446 355 448 357 447 356 448 357 449 357 450 358 451 358 452 359 450 358 452 359 453 360 453 360 452 359 454 361 453 360 454 361 455 362 455 362 454 361 456 363 455 362 456 363 457 364 457 364 456 363 458 365 457 364 458 365 459 365 460 366 461 366 462 367 460 366 462 367 463 368 463 368 462 367 464 369 463 368 464 369 465 370 465 370 464 369 466 371 465 370 466 371 467 372 467 372 466 371 468 373 467 372 468 373 469 373 470 374 471 374 472 375 470 374 472 375 473 376 473 376 472 375 474 377 473 376 474 377 475 378 475 378 474 377 476 379 475 378 476 379 477 380 477 380 476 379 478 381 477 380 478 381 479 381 480 382 481 382 482 383 480 382 482 383 483 384 483 384 482 383 484 385 483 384 484 385 485 386 485 386 484 385 486 387 485 386 486 387 487 388 487 388 486 387 488 389 487 388 488 389 489 389 490 390 491 390 492 391 490 390 492 391 493 392 493 392 492 391 494 393 493 392 494 393 495 394 495 394 494 393 496 395 495 394 496 395 497 396 497 396 496 395 498 397 497 396 498 397 499 397 500 398 501 398 502 399 500 398 502 399 503 400 503 400 502 399 504 401 503 400 504 401 505 402 505 402 504 401 506 403 505 402 506 403 507 404 507 404 506 403 508 405 507 404 508 405 509 405 510 406 511 406 512 407 510 406 512 407 513 408 513 408 512 407 514 409 513 408 514 409 515 410 515 410 514 409 516 411 515 410 516 411 517 412 517 412 516 411 518 413 517 412 518 413 519 413 520 414 521 414 522 415 520 414 522 415 523 416 523 416 522 415 524 417 523 416 524 417 525 418 525 418 524 417 526 419 525 418 526 419 527 420 527 420 526 419 528 421 527 420 528 421 529 421 530 422 531 422 532 423 530 422 532 423 533 424 533 424 532 423 534 425 533 424 534 425 535 426 535 426 534 425 536 427 535 426 536 427 537 428 537 428 536 427 538 429 537 428 538 429 539 429 540 430 541 430 542 431 540 430 542 431 543 432 543 432 542 431 544 433 543 432 544 433 545 434 545 434 544 433 546 435 545 434 546 435 547 436 547 436 546 435 548 437 547 436 548 437 549 437 550 438 551 438 552 439 550 438 552 439 553 440 553 440 552 439 554 441 553 440 554 441 555 442 555 442 554 441 556 443 555 442 556 443 557 444 557 444 556 443 558 445 557 444 558 445 559 445 560 446 561 446 562 447 560 446 562 447 563 448 563 448 562 447 564 449 563 448 564 449 565 450 565 450 564 449 566 451 565 450 566 451 567 452 567 452 566 451 568 453 567 452 568 453 569 453 570 454 571 454 572 455 570 454 572 455 573 456 573 456 572 455 574 457 573 456 574 457 575 458 575 458 574 457 576 459 575 458 576 459 577 460 577 460 576 459 578 461 577 460 578 461 579 461 580 462 581 462 582 463 580 462 582 463 583 464 583 464 582 463 584 465 583 464 584 465 585 466 585 466 584 465 586 467 585 466 586 467 587 468 587 468 586 467 588 469 587 468 588 469 589 469 590 470 591 470 592 471 590 470 592 471 593 472 593 472 592 471 594 473 593 472 594 473 595 474 595 474 594 473 596 475 595 474 596 475 597 476 597 476 596 475 598 477 597 476 598 477 599 477 600 478 601 478 602 479 600 478 602 479 603 479 603 479 602 479 604 480 603 479 604 480 605 481 605 481 604 480 606 482 605 481 606 482 607 483 607 483 606 482 608 484 607 483 608 484 609 484 610 485 611 485 612 486 610 485 612 486 613 487 613 487 612 486 614 488 613 487 614 488 615 489 615 489 614 488 616 490 615 489 616 490 617 491 617 491 616 490 618 492 617 491 618 492 619 492 620 493 621 493 622 494 620 493 622 494 623 495 623 495 622 494 624 496 623 495 624 496 625 497 625 497 624 496 626 498 625 497 626 498 627 499 627 499 626 498 628 500 627 499 628 500 629 500 630 501 631 501 632 502 630 501 632 502 633 503 633 503 632 502 634 504 633 503 634 504 635 505 635 505 634 504 636 506 635 505 636 506 637 507 637 507 636 506 638 508 637 507 638 508 639 508 640 509 641 509 642 510 640 509 642 510 643 511 643 511 642 510 644 512 643 511 644 512 645 513 645 513 644 512 646 514 645 513 646 514 647 515 647 515 646 514 648 516 647 515 648 516 649 516 650 517 651 517 652 518 650 517 652 518 653 519 653 519 652 518 654 520 653 519 654 520 655 521 655 521 654 520 656 522 655 521 656 522 657 523 657 523 656 522 658 524 657 523 658 524 659 524 660 525 661 525 662 526 660 525 662 526 663 527 663 527 662 526 664 528 663 527 664 528 665 529 665 529 664 528 666 530 665 529 666 530 667 531 667 531 666 530 668 532 667 531 668 532 669 532 670 533 671 533 672 534 670 533 672 534 673 535 673 535 672 534 674 536 673 535 674 536 675 537 675 537 674 536 676 538 675 537 676 538 677 539 677 539 676 538 678 540 677 539 678 540 679 540 680 541 681 541 682 542 680 541 682 542 683 543 683 543 682 542 684 544 683 543 684 544 685 545 685 545 684 544 686 546 685 545 686 546 687 547 687 547 686 546 688 548 687 547 688 548 689 548 690 549 691 549 692 550 690 549 692 550 693 551 693 551 692 550 694 552 693 551 694 552 695 553 695 553 694 552 696 554 695 553 696 554 697 555 697 555 696 554 698 556 697 555 698 556 699 556 700 557 701 557 702 558 700 557 702 558 703 559 703 559 702 558 704 560 703 559 704 560 705 561 705 561 704 560 706 562 705 561 706 562 707 563 707 563 706 562 708 564 707 563 708 564 709 564 710 565 711 565 712 566 710 565 712 566 713 567 713 567 712 566 714 568 713 567 714 568 715 569 715 569 714 568 716 570 715 569 716 570 717 571 717 571 716 570 718 572 717 571 718 572 719 572 720 573 721 573 722 574 720 573 722 574 723 574 723 574 722 574 724 575 723 574 724 575 725 576 725 576 724 575 726 577 725 576 726 577 727 578 727 578 726 577 728 579 727 578 728 579 729 579 730 580 731 580 732 581 730 580 732 581 733 582 733 582 732 581 734 583 733 582 734 583 735 584 735 584 734 583 736 585 735 584 736 585 737 586 737 586 736 585 738 587 737 586 738 587 739 587 740 588 741 588 742 589 740 588 742 589 743 590 743 590 742 589 744 591 743 590 744 591 745 592 745 592 744 591 746 593 745 592 746 593 747 594 747 594 746 593 748 595 747 594 748 595 749 595 750 596 751 596 752 597 750 596 752 597 753 598 753 598 752 597 754 599 753 598 754 599 755 600 755 600 754 599 756 601 755 600 756 601 757 602 757 602 756 601 758 603 757 602 758 603 759 603 760 604 761 604 762 605 760 604 762 605 763 606 763 606 762 605 764 607 763 606 764 607 765 608 765 608 764 607 766 609 765 608 766 609 767 610 767 610 766 609 768 611 767 610 768 611 769 611 770 612 771 612 772 613 770 612 772 613 773 614 773 614 772 613 774 615 773 614 774 615 775 616 775 616 774 615 776 617 775 616 776 617 777 618 777 618 776 617 778 619 777 618 778 619 779 619 780 620 781 620 782 621 780 620 782 621 783 622 783 622 782 621 784 623 783 622 784 623 785 624 785 624 784 623 786 625 785 624 786 625 787 626 787 626 786 625 788 627 787 626 788 627 789 627 790 628 791 628 792 629 790 628 792 629 793 630 793 630 792 629 794 631 793 630 794 631 795 632 795 632 794 631 796 633 795 632 796 633 797 634 797 634 796 633 798 635 797 634 798 635 799 635 800 636 801 636 802 637 800 636 802 637 803 638 803 638 802 637 804 639 803 638 804 639 805 640 805 640 804 639 806 641 805 640 806 641 807 642 807 642 806 641 808 643 807 642 808 643 809 643 810 644 811 644 812 645 810 644 812 645 813 646 813 646 812 645 814 647 813 646 814 647 815 648 815 648 814 647 816 649 815 648 816 649 817 650 817 650 816 649 818 651 817 650 818 651 819 651 820 652 821 652 822 653 820 652 822 653 823 654 823 654 822 653 824 154 823 654 824 154 825 655 825 655 824 154 826 656 825 655 826 656 827 657 827 657 826 656 828 658 827 657 828 658 829 658 830 659 831 659 832 660 830 659 832 660 833 661 833 661 832 660 834 662 833 661 834 662 835 663 835 663 834 662 836 664 835 663 836 664 837 665 837 665 836 664 838 666 837 665 838 666 839 666 840 667 841 667 842 668 840 667 842 668 843 669 843 669 842 668 844 670 843 669 844 670 845 671 845 671 844 670 846 672 845 671 846 672 847 673 847 673 846 672 848 674 847 673 848 674 849 674 850 675 851 675 852 676 850 675 852 676 853 677 853 677 852 676 854 678 853 677 854 678 855 679 855 679 854 678 856 680 855 679 856 680 857 681 857 681 856 680 858 682 857 681 858 682 859 682 860 683 861 683 862 684 860 683 862 684 863 685 863 685 862 684 864 686 863 685 864 686 865 687 865 687 864 686 866 688 865 687 866 688 867 689 867 689 866 688 868 690 867 689 868 690 869 690 870 691 871 691 872 692 870 691 872 692 873 693 873 693 872 692 874 694 873 693 874 694 875 695 875 695 874 694 876 696 875 695 876 696 877 697 877 697 876 696 878 698 877 697 878 698 879 698 880 699 881 699 882 700 880 699 882 700 883 701 883 701 882 700 884 702 883 701 884 702 885 703 885 703 884 702 886 704 885 703 886 704 887 705 887 705 886 704 888 706 887 705 888 706 889 706 890 707 891 707 892 708 890 707 892 708 893 709 893 709 892 708 894 710 893 709 894 710 895 711 895 711 894 710 896 712 895 711 896 712 897 713 897 713 896 712 898 714 897 713 898 714 899 714 900 715 901 715 902 716 900 715 902 716 903 717 903 717 902 716 904 718 903 717 904 718 905 719 905 719 904 718 906 720 905 719 906 720 907 721 907 721 906 720 908 722 907 721 908 722 909 722 910 723 911 723 912 724 910 723 912 724 913 725 913 725 912 724 914 726 913 725 914 726 915 727 915 727 914 726 916 728 915 727 916 728 917 729 917 729 916 728 918 730 917 729 918 730 919 730 920 731 921 731 922 732 920 731 922 732 923 733 923 733 922 732 924 734 923 733 924 734 925 735 925 735 924 734 926 736 925 735 926 736 927 737 927 737 926 736 928 738 927 737 928 738 929 738 930 739 931 739 932 740 930 739 932 740 933 741 933 741 932 740 934 742 933 741 934 742 935 743 935 743 934 742 936 744 935 743 936 744 937 745 937 745 936 744 938 746 937 745 938 746 939 746 940 747 941 747 942 748 940 747 942 748 943 749 943 749 942 748 944 750 943 749 944 750 945 751 945 751 944 750 946 752 945 751 946 752 947 753 947 753 946 752 948 754 947 753 948 754 949 754 950 755 951 755 952 756 950 755 952 756 953 757 953 757 952 756 954 758 953 757 954 758 955 759 955 759 954 758 956 760 955 759 956 760 957 761 957 761 956 760 958 762 957 761 958 762 959 762 960 763 961 763 962 764 960 763 962 764 963 765 963 765 962 764 964 766 963 765 964 766 965 767 965 767 964 766 966 768 965 767 966 768 967 769 967 769 966 768 968 770 967 769 968 770 969 770 970 771 971 771 972 772 970 771 972 772 973 773 973 773 972 772 974 774 973 773 974 774 975 775 975 775 974 774 976 776 975 775 976 776 977 777 977 777 976 776 978 778 977 777 978 778 979 778 980 779 981 779 982 780 980 779 982 780 983 781 983 781 982 780 984 782 983 781 984 782 985 783 985 783 984 782 986 784 985 783 986 784 987 785 987 785 986 784 988 786 987 785 988 786 989 786 990 787 991 787 992 788 990 787 992 788 993 789 993 789 992 788 994 790 993 789 994 790 995 791 995 791 994 790 996 792 995 791 996 792 997 793 997 793 996 792 998 794 997 793 998 794 999 794 1000 795 1001 795 1002 796 1000 795 1002 796 1003 797 1003 797 1002 796 1004 798 1003 797 1004 798 1005 799 1005 799 1004 798 1006 800 1005 799 1006 800 1007 801 1007 801 1006 800 1008 802 1007 801 1008 802 1009 802 1010 803 1011 803 1012 804 1010 803 1012 804 1013 805 1013 805 1012 804 1014 806 1013 805 1014 806 1015 807 1015 807 1014 806 1016 808 1015 807 1016 808 1017 809 1017 809 1016 808 1018 810 1017 809 1018 810 1019 810 1020 811 1021 811 1022 812 1020 811 1022 812 1023 813 1023 813 1022 812 1024 814 1023 813 1024 814 1025 815 1025 815 1024 814 1026 816 1025 815 1026 816 1027 817 1027 817 1026 816 1028 818 1027 817 1028 818 1029 818 1030 819 1031 819 1032 820 1030 819 1032 820 1033 821 1033 821 1032 820 1034 822 1033 821 1034 822 1035 823 1035 823 1034 822 1036 824 1035 823 1036 824 1037 825 1037 825 1036 824 1038 826 1037 825 1038 826 1039 826 1040 827 1041 827 1042 828 1040 827 1042 828 1043 829 1043 829 1042 828 1044 830 1043 829 1044 830 1045 831 1045 831 1044 830 1046 832 1045 831 1046 832 1047 833 1047 833 1046 832 1048 834 1047 833 1048 834 1049 834 1050 835 1051 835 1052 836 1050 835 1052 836 1053 837 1053 837 1052 836 1054 838 1053 837 1054 838 1055 839 1055 839 1054 838 1056 840 1055 839 1056 840 1057 841 1057 841 1056 840 1058 842 1057 841 1058 842 1059 842 1060 843 1061 843 1062 844 1060 843 1062 844 1063 845 1063 845 1062 844 1064 846 1063 845 1064 846 1065 847 1065 847 1064 846 1066 848 1065 847 1066 848 1067 849 1067 849 1066 848 1068 850 1067 849 1068 850 1069 850 1070 851 1071 851 1072 852 1070 851 1072 852 1073 853 1073 853 1072 852 1074 854 1073 853 1074 854 1075 855 1075 855 1074 854 1076 856 1075 855 1076 856 1077 857 1077 857 1076 856 1078 858 1077 857 1078 858 1079 858 1080 859 1081 859 1082 860 1080 859 1082 860 1083 861 1083 861 1082 860 1084 862 1083 861 1084 862 1085 863 1085 863 1084 862 1086 864 1085 863 1086 864 1087 865 1087 865 1086 864 1088 866 1087 865 1088 866 1089 866 1090 867 1091 867 1092 868 1090 867 1092 868 1093 869 1093 869 1092 868 1094 870 1093 869 1094 870 1095 871 1095 871 1094 870 1096 872 1095 871 1096 872 1097 873 1097 873 1096 872 1098 874 1097 873 1098 874 1099 874 1100 875 1101 875 1102 876 1100 875 1102 876 1103 877 1103 877 1102 876 1104 878 1103 877 1104 878 1105 879 1105 879 1104 878 1106 880 1105 879 1106 880 1107 881 1107 881 1106 880 1108 882 1107 881 1108 882 1109 882 1110 883 1111 883 1112 884 1110 883 1112 884 1113 885 1113 885 1112 884 1114 886 1113 885 1114 886 1115 887 1115 887 1114 886 1116 888 1115 887 1116 888 1117 889 1117 889 1116 888 1118 890 1117 889 1118 890 1119 890 1120 891 1121 891 1122 892 1120 891 1122 892 1123 893 1123 893 1122 892 1124 894 1123 893 1124 894 1125 895 1125 895 1124 894 1126 896 1125 895 1126 896 1127 897 1127 897 1126 896 1128 898 1127 897 1128 898 1129 898 1130 899 1131 899 1132 900 1130 899 1132 900 1133 901 1133 901 1132 900 1134 902 1133 901 1134 902 1135 903 1135 903 1134 902 1136 904 1135 903 1136 904 1137 905 1137 905 1136 904 1138 906 1137 905 1138 906 1139 906 1140 907 1141 907 1142 908 1140 907 1142 908 1143 909 1143 909 1142 908 1144 910 1143 909 1144 910 1145 911 1145 911 1144 910 1146 912 1145 911 1146 912 1147 913 1147 913 1146 912 1148 914 1147 913 1148 914 1149 914 1150 915 1151 915 1152 916 1150 915 1152 916 1153 917 1153 917 1152 916 1154 918 1153 917 1154 918 1155 919 1155 919 1154 918 1156 920 1155 919 1156 920 1157 921 1157 921 1156 920 1158 922 1157 921 1158 922 1159 922 1160 923 1161 923 1162 924 1160 923 1162 924 1163 925 1163 925 1162 924 1164 926 1163 925 1164 926 1165 927 1165 927 1164 926 1166 928 1165 927 1166 928 1167 929 1167 929 1166 928 1168 930 1167 929 1168 930 1169 930 1170 931 1171 931 1172 932 1170 931 1172 932 1173 933 1173 933 1172 932 1174 934 1173 933 1174 934 1175 935 1175 935 1174 934 1176 936 1175 935 1176 936 1177 937 1177 937 1176 936 1178 938 1177 937 1178 938 1179 938 1180 939 1181 939 1182 940 1180 939 1182 940 1183 941 1183 941 1182 940 1184 942 1183 941 1184 942 1185 943 1185 943 1184 942 1186 944 1185 943 1186 944 1187 945 1187 945 1186 944 1188 946 1187 945 1188 946 1189 946 1190 947 1191 947 1192 948 1190 947 1192 948 1193 949 1193 949 1192 948 1194 950 1193 949 1194 950 1195 951 1195 951 1194 950 1196 952 1195 951 1196 952 1197 953 1197 953 1196 952 1198 954 1197 953 1198 954 1199 954 1200 955 1201 955 1202 956 1200 955 1202 956 1203 957 1203 957 1202 956 1204 958 1203 957 1204 958 1205 959 1205 959 1204 958 1206 960 1205 959 1206 960 1207 961 1207 961 1206 960 1208 962 1207 961 1208 962 1209 962 1210 963 1211 963 1212 964 1210 963 1212 964 1213 965 1213 965 1212 964 1214 966 1213 965 1214 966 1215 967 1215 967 1214 966 1216 968 1215 967 1216 968 1217 969 1217 969 1216 968 1218 970 1217 969 1218 970 1219 970 1220 971 1221 971 1222 972 1220 971 1222 972 1223 973 1223 973 1222 972 1224 974 1223 973 1224 974 1225 975 1225 975 1224 974 1226 976 1225 975 1226 976 1227 977 1227 977 1226 976 1228 978 1227 977 1228 978 1229 978 1230 979 1231 979 1232 980 1230 979 1232 980 1233 981 1233 981 1232 980 1234 982 1233 981 1234 982 1235 983 1235 983 1234 982 1236 984 1235 983 1236 984 1237 985 1237 985 1236 984 1238 986 1237 985 1238 986 1239 986 1240 987 1241 987 1242 988 1240 987 1242 988 1243 989 1243 989 1242 988 1244 990 1243 989 1244 990 1245 991 1245 991 1244 990 1246 992 1245 991 1246 992 1247 993 1247 993 1246 992 1248 994 1247 993 1248 994 1249 994 1250 995 1251 995 1252 996 1250 995 1252 996 1253 997 1253 997 1252 996 1254 998 1253 997 1254 998 1255 999 1255 999 1254 998 1256 1000 1255 999 1256 1000 1257 1001 1257 1001 1256 1000 1258 1002 1257 1001 1258 1002 1259 1002 1260 1003 1261 1003 1262 1004 1260 1003 1262 1004 1263 1005 1263 1005 1262 1004 1264 1006 1263 1005 1264 1006 1265 1007 1265 1007 1264 1006 1266 1008 1265 1007 1266 1008 1267 1009 1267 1009 1266 1008 1268 1010 1267 1009 1268 1010 1269 1010 1270 1011 1271 1011 1272 1012 1270 1011 1272 1012 1273 1013 1273 1013 1272 1012 1274 1014 1273 1013 1274 1014 1275 1015 1275 1015 1274 1014 1276 1016 1275 1015 1276 1016 1277 1017 1277 1017 1276 1016 1278 1018 1277 1017 1278 1018 1279 1018 1280 1019 1281 1019 1282 1020 1280 1019 1282 1020 1283 1021 1283 1021 1282 1020 1284 1022 1283 1021 1284 1022 1285 1023 1285 1023 1284 1022 1286 1024 1285 1023 1286 1024 1287 1025 1287 1025 1286 1024 1288 1026 1287 1025 1288 1026 1289 1026 1290 1027 1291 1027 1292 1028 1290 1027 1292 1028 1293 1029 1293 1029 1292 1028 1294 1030 1293 1029 1294 1030 1295 1031 1295 1031 1294 1030 1296 1032 1295 1031 1296 1032 1297 1033 1297 1033 1296 1032 1298 1034 1297 1033 1298 1034 1299 1034 1300 1035 1301 1035 1302 1036 1300 1035 1302 1036 1303 1037 1303 1037 1302 1036 1304 1038 1303 1037 1304 1038 1305 1039 1305 1039 1304 1038 1306 1040 1305 1039 1306 1040 1307 1041 1307 1041 1306 1040 1308 1042 1307 1041 1308 1042 1309 1042 1310 1043 1311 1043 1312 1044 1310 1043 1312 1044 1313 1045 1313 1045 1312 1044 1314 1046 1313 1045 1314 1046 1315 1047 1315 1047 1314 1046 1316 1048 1315 1047 1316 1048 1317 1049 1317 1049 1316 1048 1318 1050 1317 1049 1318 1050 1319 1050 1320 1051 1321 1051 1322 1052 1320 1051 1322 1052 1323 1053 1323 1053 1322 1052 1324 1054 1323 1053 1324 1054 1325 1055 1325 1055 1324 1054 1326 1056 1325 1055 1326 1056 1327 1057 1327 1057 1326 1056 1328 1058 1327 1057 1328 1058 1329 1058 1330 1059 1331 1059 1332 1060 1330 1059 1332 1060 1333 1061 1333 1061 1332 1060 1334 1062 1333 1061 1334 1062 1335 1063 1335 1063 1334 1062 1336 1064 1335 1063 1336 1064 1337 1065 1337 1065 1336 1064 1338 1066 1337 1065 1338 1066 1339 1066 1340 1067 1341 1067 1342 1068 1340 1067 1342 1068 1343 1069 1343 1069 1342 1068 1344 1070 1343 1069 1344 1070 1345 1071 1345 1071 1344 1070 1346 1072 1345 1071 1346 1072 1347 1073 1347 1073 1346 1072 1348 1074 1347 1073 1348 1074 1349 1074 1350 1075 1351 1075 1352 1076 1350 1075 1352 1076 1353 1077 1353 1077 1352 1076 1354 1078 1353 1077 1354 1078 1355 1079 1355 1079 1354 1078 1356 1080 1355 1079 1356 1080 1357 1081 1357 1081 1356 1080 1358 1082 1357 1081 1358 1082 1359 1082 1360 1083 1361 1083 1362 1084 1360 1083 1362 1084 1363 1085 1363 1085 1362 1084 1364 1086 1363 1085 1364 1086 1365 1087 1365 1087 1364 1086 1366 1088 1365 1087 1366 1088 1367 1089 1367 1089 1366 1088 1368 1090 1367 1089 1368 1090 1369 1090 1370 1091 1371 1091 1372 1092 1370 1091 1372 1092 1373 1093 1373 1093 1372 1092 1374 1094 1373 1093 1374 1094 1375 1095 1375 1095 1374 1094 1376 1096 1375 1095 1376 1096 1377 1097 1377 1097 1376 1096 1378 1098 1377 1097 1378 1098 1379 1098 1380 1099 1381 1099 1382 1100 1380 1099 1382 1100 1383 1101 1383 1101 1382 1100 1384 1102 1383 1101 1384 1102 1385 1103 1385 1103 1384 1102 1386 1104 1385 1103 1386 1104 1387 1105 1387 1105 1386 1104 1388 1106 1387 1105 1388 1106 1389 1106 1390 1107 1391 1107 1392 1108 1390 1107 1392 1108 1393 1109 1393 1109 1392 1108 1394 1110 1393 1109 1394 1110 1395 1111 1395 1111 1394 1110 1396 1112 1395 1111 1396 1112 1397 1113 1397 1113 1396 1112 1398 1114 1397 1113 1398 1114 1399 1114 1400 1115 1401 1115 1402 1116 1400 1115 1402 1116 1403 1117 1403 1117 1402 1116 1404 1118 1403 1117 1404 1118 1405 1119 1405 1119 1404 1118 1406 1120 1405 1119 1406 1120 1407 1121 1407 1121 1406 1120 1408 1122 1407 1121 1408 1122 1409 1122 1410 1123 1411 1123 1412 1124 1410 1123 1412 1124 1413 1125 1413 1125 1412 1124 1414 1126 1413 1125 1414 1126 1415 1127 1415 1127 1414 1126 1416 1128 1415 1127 1416 1128 1417 1129 1417 1129 1416 1128 1418 1130 1417 1129 1418 1130 1419 1130 1420 1131 1421 1131 1422 1132 1420 1131 1422 1132 1423 1133 1423 1133 1422 1132 1424 1134 1423 1133 1424 1134 1425 1135 1425 1135 1424 1134 1426 1136 1425 1135 1426 1136 1427 1137 1427 1137 1426 1136 1428 1138 1427 1137 1428 1138 1429 1138 1430 1139 1431 1139 1432 1140 1430 1139 1432 1140 1433 1141 1433 1141 1432 1140 1434 1142 1433 1141 1434 1142 1435 1143 1435 1143 1434 1142 1436 1144 1435 1143 1436 1144 1437 1145 1437 1145 1436 1144 1438 1146 1437 1145 1438 1146 1439 1146 1440 1147 1441 1147 1442 1148 1440 1147 1442 1148 1443 1149 1443 1149 1442 1148 1444 1150 1443 1149 1444 1150 1445 1151 1445 1151 1444 1150 1446 1152 1445 1151 1446 1152 1447 1153 1447 1153 1446 1152 1448 1154 1447 1153 1448 1154 1449 1154 1450 1155 1451 1155 1452 1156 1450 1155 1452 1156 1453 1157 1453 1157 1452 1156 1454 1158 1453 1157 1454 1158 1455 1159 1455 1159 1454 1158 1456 1160 1455 1159 1456 1160 1457 1161 1457 1161 1456 1160 1458 1162 1457 1161 1458 1162 1459 1162 1460 1163 1461 1163 1462 1164 1460 1163 1462 1164 1463 1165 1463 1165 1462 1164 1464 1166 1463 1165 1464 1166 1465 1167 1465 1167 1464 1166 1466 1168 1465 1167 1466 1168 1467 1169 1467 1169 1466 1168 1468 1170 1467 1169 1468 1170 1469 1170 1470 1171 1471 1171 1472 1172 1470 1171 1472 1172 1473 1173 1473 1173 1472 1172 1474 1174 1473 1173 1474 1174 1475 1175 1475 1175 1474 1174 1476 1176 1475 1175 1476 1176 1477 1177 1477 1177 1476 1176 1478 1178 1477 1177 1478 1178 1479 1178 1480 1179 1481 1179 1482 1180 1480 1179 1482 1180 1483 1181 1483 1181 1482 1180 1484 1182 1483 1181 1484 1182 1485 1183 1485 1183 1484 1182 1486 1184 1485 1183 1486 1184 1487 1185 1487 1185 1486 1184 1488 1186 1487 1185 1488 1186 1489 1186 1490 1187 1491 1187 1492 1188 1490 1187 1492 1188 1493 1189 1493 1189 1492 1188 1494 1190 1493 1189 1494 1190 1495 1191 1495 1191 1494 1190 1496 1192 1495 1191 1496 1192 1497 1193 1497 1193 1496 1192 1498 1194 1497 1193 1498 1194 1499 1194 1500 1195 1501 1195 1502 1196 1500 1195 1502 1196 1503 1197 1503 1197 1502 1196 1504 1198 1503 1197 1504 1198 1505 1199 1505 1199 1504 1198 1506 1200 1505 1199 1506 1200 1507 1201 1507 1201 1506 1200 1508 1202 1507 1201 1508 1202 1509 1202 1510 1203 1511 1203 1512 1204 1510 1203 1512 1204 1513 1205 1513 1205 1512 1204 1514 1206 1513 1205 1514 1206 1515 1207 1515 1207 1514 1206 1516 1208 1515 1207 1516 1208 1517 1209 1517 1209 1516 1208 1518 1210 1517 1209 1518 1210 1519 1210 1520 1211 1521 1211 1522 1212 1520 1211 1522 1212 1523 1213 1523 1213 1522 1212 1524 1214 1523 1213 1524 1214 1525 1215 1525 1215 1524 1214 1526 1216 1525 1215 1526 1216 1527 1217 1527 1217 1526 1216 1528 1218 1527 1217 1528 1218 1529 1218 1530 1219 1531 1219 1532 1220 1530 1219 1532 1220 1533 1221 1533 1221 1532 1220 1534 1222 1533 1221 1534 1222 1535 1223 1535 1223 1534 1222 1536 1224 1535 1223 1536 1224 1537 1225 1537 1225 1536 1224 1538 1226 1537 1225 1538 1226 1539 1226 1540 1227 1541 1227 1542 1228 1540 1227 1542 1228 1543 1229 1543 1229 1542 1228 1544 1230 1543 1229 1544 1230 1545 1231 1545 1231 1544 1230 1546 1232 1545 1231 1546 1232 1547 1233 1547 1233 1546 1232 1548 1234 1547 1233 1548 1234 1549 1234 1550 1235 1551 1235 1552 1236 1550 1235 1552 1236 1553 1237 1553 1237 1552 1236 1554 1238 1553 1237 1554 1238 1555 1239 1555 1239 1554 1238 1556 1240 1555 1239 1556 1240 1557 1241 1557 1241 1556 1240 1558 1242 1557 1241 1558 1242 1559 1242 1560 1243 1561 1243 1562 1244 1560 1243 1562 1244 1563 1245 1563 1245 1562 1244 1564 1246 1563 1245 1564 1246 1565 1247 1565 1247 1564 1246 1566 1248 1565 1247 1566 1248 1567 1249 1567 1249 1566 1248 1568 1250 1567 1249 1568 1250 1569 1250 1570 1251 1571 1251 1572 1252 1570 1251 1572 1252 1573 1253 1573 1253 1572 1252 1574 1254 1573 1253 1574 1254 1575 1255 1575 1255 1574 1254 1576 1256 1575 1255 1576 1256 1577 1257 1577 1257 1576 1256 1578 1258 1577 1257 1578 1258 1579 1258 1580 1259 1581 1259 1582 1260 1580 1259 1582 1260 1583 1261 1583 1261 1582 1260 1584 1262 1583 1261 1584 1262 1585 1263 1585 1263 1584 1262 1586 1264 1585 1263 1586 1264 1587 1265 1587 1265 1586 1264 1588 1266 1587 1265 1588 1266 1589 1266 1590 1267 1591 1267 1592 1268 1590 1267 1592 1268 1593 1269 1593 1269 1592 1268 1594 1270 1593 1269 1594 1270 1595 1271 1595 1271 1594 1270 1596 1272 1595 1271 1596 1272 1597 1273 1597 1273 1596 1272 1598 1274 1597 1273 1598 1274 1599 1274 1600 1275 1601 1275 1602 1276 1600 1275 1602 1276 1603 1277 1603 1277 1602 1276 1604 1278 1603 1277 1604 1278 1605 1279 1605 1279 1604 1278 1606 1280 1605 1279 1606 1280 1607 1281 1607 1281 1606 1280 1608 1282 1607 1281 1608 1282 1609 1282 1610 1283 1611 1283 1612 1284 1610 1283 1612 1284 1613 1285 1613 1285 1612 1284 1614 1286 1613 1285 1614 1286 1615 1287 1615 1287 1614 1286 1616 1288 1615 1287 1616 1288 1617 1289 1617 1289 1616 1288 1618 1290 1617 1289 1618 1290 1619 1290 1620 1291 1621 1291 1622 1292 1620 1291 1622 1292 1623 1292 1623 1292 1622 1292 1624 1293 1623 1292 1624 1293 1625 1294 1625 1294 1624 1293 1626 1295 1625 1294 1626 1295 1627 1296 1627 1296 1626 1295 1628 1297 1627 1296 1628 1297 1629 1297 1630 1298 1631 1298 1632 1299 1630 1298 1632 1299 1633 1300 1633 1300 1632 1299 1634 1301 1633 1300 1634 1301 1635 1302 1635 1302 1634 1301 1636 1303 1635 1302 1636 1303 1637 1304 1637 1304 1636 1303 1638 1305 1637 1304 1638 1305 1639 1305 1640 1306 1641 1306 1642 1307 1640 1306 1642 1307 1643 1308 1643 1308 1642 1307 1644 1309 1643 1308 1644 1309 1645 1310 1645 1310 1644 1309 1646 1311 1645 1310 1646 1311 1647 1312 1647 1312 1646 1311 1648 1313 1647 1312 1648 1313 1649 1313 1650 1314 1651 1314 1652 1315 1650 1314 1652 1315 1653 1316 1653 1316 1652 1315 1654 1317 1653 1316 1654 1317 1655 1318 1655 1318 1654 1317 1656 1319 1655 1318 1656 1319 1657 1320 1657 1320 1656 1319 1658 1321 1657 1320 1658 1321 1659 1321 1660 1322 1661 1322 1662 1323 1660 1322 1662 1323 1663 1324 1663 1324 1662 1323 1664 1325 1663 1324 1664 1325 1665 1326 1665 1326 1664 1325 1666 1327 1665 1326 1666 1327 1667 1328 1667 1328 1666 1327 1668 1329 1667 1328 1668 1329 1669 1329 1670 1330 1671 1330 1672 1331 1670 1330 1672 1331 1673 1332 1673 1332 1672 1331 1674 1333 1673 1332 1674 1333 1675 1334 1675 1334 1674 1333 1676 1335 1675 1334 1676 1335 1677 1336 1677 1336 1676 1335 1678 1337 1677 1336 1678 1337 1679 1337 1680 1338 1681 1338 1682 1339 1680 1338 1682 1339 1683 1340 1683 1340 1682 1339 1684 1341 1683 1340 1684 1341 1685 1342 1685 1342 1684 1341 1686 1343 1685 1342 1686 1343 1687 1344 1687 1344 1686 1343 1688 1345 1687 1344 1688 1345 1689 1345 1690 1346 1691 1346 1692 1347 1690 1346 1692 1347 1693 1348 1693 1348 1692 1347 1694 1349 1693 1348 1694 1349 1695 1350 1695 1350 1694 1349 1696 1351 1695 1350 1696 1351 1697 1352 1697 1352 1696 1351 1698 1353 1697 1352 1698 1353 1699 1353 1700 1354 1701 1354 1702 1355 1700 1354 1702 1355 1703 1356 1703 1356 1702 1355 1704 1357 1703 1356 1704 1357 1705 1358 1705 1358 1704 1357 1706 1359 1705 1358 1706 1359 1707 1360 1707 1360 1706 1359 1708 1361 1707 1360 1708 1361 1709 1361 1710 1362 1711 1362 1712 1363 1710 1362 1712 1363 1713 1364 1713 1364 1712 1363 1714 1365 1713 1364 1714 1365 1715 1366 1715 1366 1714 1365 1716 1367 1715 1366 1716 1367 1717 1368 1717 1368 1716 1367 1718 1369 1717 1368 1718 1369 1719 1369 1720 1370 1721 1370 1722 1371 1720 1370 1722 1371 1723 1372 1723 1372 1722 1371 1724 1373 1723 1372 1724 1373 1725 1374 1725 1374 1724 1373 1726 1375 1725 1374 1726 1375 1727 1376 1727 1376 1726 1375 1728 1377 1727 1376 1728 1377 1729 1377 1730 1378 1731 1378 1732 1379 1730 1378 1732 1379 1733 1380 1733 1380 1732 1379 1734 1381 1733 1380 1734 1381 1735 1382 1735 1382 1734 1381 1736 1383 1735 1382 1736 1383 1737 1384 1737 1384 1736 1383 1738 1385 1737 1384 1738 1385 1739 1385 1740 1386 1741 1386 1742 1387 1740 1386 1742 1387 1743 1388 1743 1388 1742 1387 1744 1389 1743 1388 1744 1389 1745 1390 1745 1390 1744 1389 1746 1391 1745 1390 1746 1391 1747 1392 1747 1392 1746 1391 1748 1393 1747 1392 1748 1393 1749 1393 1750 1394 1751 1394 1752 1395 1750 1394 1752 1395 1753 1396 1753 1396 1752 1395 1754 1397 1753 1396 1754 1397 1755 1398 1755 1398 1754 1397 1756 1399 1755 1398 1756 1399 1757 1400 1757 1400 1756 1399 1758 1401 1757 1400 1758 1401 1759 1401 1760 1402 1761 1402 1762 1403 1760 1402 1762 1403 1763 1404 1763 1404 1762 1403 1764 1405 1763 1404 1764 1405 1765 1406 1765 1406 1764 1405 1766 1407 1765 1406 1766 1407 1767 1408 1767 1408 1766 1407 1768 1409 1767 1408 1768 1409 1769 1409 1770 1410 1771 1410 1772 1411 1770 1410 1772 1411 1773 1412 1773 1412 1772 1411 1774 1413 1773 1412 1774 1413 1775 1414 1775 1414 1774 1413 1776 1415 1775 1414 1776 1415 1777 1416 1777 1416 1776 1415 1778 1417 1777 1416 1778 1417 1779 1417 1780 1418 1781 1418 1782 1419 1780 1418 1782 1419 1783 1420 1783 1420 1782 1419 1784 1421 1783 1420 1784 1421 1785 1422 1785 1422 1784 1421 1786 1423 1785 1422 1786 1423 1787 1424 1787 1424 1786 1423 1788 1425 1787 1424 1788 1425 1789 1425 1790 1426 1791 1426 1792 1427 1790 1426 1792 1427 1793 1428 1793 1428 1792 1427 1794 1429 1793 1428 1794 1429 1795 1430 1795 1430 1794 1429 1796 1431 1795 1430 1796 1431 1797 1432 1797 1432 1796 1431 1798 1433 1797 1432 1798 1433 1799 1433 1800 1434 1801 1434 1802 1435 1800 1434 1802 1435 1803 1435 1803 1435 1802 1435 1804 1436 1803 1435 1804 1436 1805 1437 1805 1437 1804 1436 1806 1438 1805 1437 1806 1438 1807 1439 1807 1439 1806 1438 1808 1440 1807 1439 1808 1440 1809 1440 1810 1441 1811 1441 1812 1442 1810 1441 1812 1442 1813 1443 1813 1443 1812 1442 1814 1444 1813 1443 1814 1444 1815 1445 1815 1445 1814 1444 1816 1446 1815 1445 1816 1446 1817 1447 1817 1447 1816 1446 1818 1448 1817 1447 1818 1448 1819 1448 1820 1449 1821 1449 1822 1450 1820 1449 1822 1450 1823 1451 1823 1451 1822 1450 1824 1452 1823 1451 1824 1452 1825 1453 1825 1453 1824 1452 1826 1454 1825 1453 1826 1454 1827 1455 1827 1455 1826 1454 1828 1456 1827 1455 1828 1456 1829 1456 1830 1457 1831 1457 1832 1458 1830 1457 1832 1458 1833 1459 1833 1459 1832 1458 1834 1460 1833 1459 1834 1460 1835 1461 1835 1461 1834 1460 1836 1462 1835 1461 1836 1462 1837 1463 1837 1463 1836 1462 1838 1464 1837 1463 1838 1464 1839 1464 1840 1465 1841 1465 1842 1466 1840 1465 1842 1466 1843 1467 1843 1467 1842 1466 1844 1468 1843 1467 1844 1468 1845 1469 1845 1469 1844 1468 1846 1470 1845 1469 1846 1470 1847 1471 1847 1471 1846 1470 1848 1472 1847 1471 1848 1472 1849 1472 1850 1473 1851 1473 1852 1474 1850 1473 1852 1474 1853 1475 1853 1475 1852 1474 1854 1476 1853 1475 1854 1476 1855 1477 1855 1477 1854 1476 1856 1478 1855 1477 1856 1478 1857 1479 1857 1479 1856 1478 1858 1480 1857 1479 1858 1480 1859 1480 1860 1481 1861 1481 1862 1482 1860 1481 1862 1482 1863 1483 1863 1483 1862 1482 1864 1484 1863 1483 1864 1484 1865 1485 1865 1485 1864 1484 1866 1486 1865 1485 1866 1486 1867 1487 1867 1487 1866 1486 1868 1488 1867 1487 1868 1488 1869 1488 1870 1489 1871 1489 1872 1490 1870 1489 1872 1490 1873 1491 1873 1491 1872 1490 1874 1492 1873 1491 1874 1492 1875 1493 1875 1493 1874 1492 1876 1494 1875 1493 1876 1494 1877 1495 1877 1495 1876 1494 1878 1496 1877 1495 1878 1496 1879 1496 1880 1497 1881 1497 1882 1498 1880 1497 1882 1498 1883 1499 1883 1499 1882 1498 1884 1500 1883 1499 1884 1500 1885 1501 1885 1501 1884 1500 1886 1502 1885 1501 1886 1502 1887 1503 1887 1503 1886 1502 1888 1504 1887 1503 1888 1504 1889 1504 1890 1505 1891 1505 1892 1506 1890 1505 1892 1506 1893 1507 1893 1507 1892 1506 1894 1508 1893 1507 1894 1508 1895 1509 1895 1509 1894 1508 1896 1510 1895 1509 1896 1510 1897 1511 1897 1511 1896 1510 1898 1512 1897 1511 1898 1512 1899 1512 1900 1513 1901 1513 1902 1514 1900 1513 1902 1514 1903 1515 1903 1515 1902 1514 1904 1516 1903 1515 1904 1516 1905 1517 1905 1517 1904 1516 1906 1518 1905 1517 1906 1518 1907 1519 1907 1519 1906 1518 1908 1520 1907 1519 1908 1520 1909 1520 1910 1521 1911 1521 1912 1522 1910 1521 1912 1522 1913 1523 1913 1523 1912 1522 1914 1524 1913 1523 1914 1524 1915 1525 1915 1525 1914 1524 1916 1526 1915 1525 1916 1526 1917 1527 1917 1527 1916 1526 1918 1528 1917 1527 1918 1528 1919 1528 1920 1529 1921 1529 1922 1530 1920 1529 1922 1530 1923 1531 1923 1531 1922 1530 1924 1532 1923 1531 1924 1532 1925 1533 1925 1533 1924 1532 1926 1534 1925 1533 1926 1534 1927 1535 1927 1535 1926 1534 1928 1536 1927 1535 1928 1536 1929 1536 1930 1537 1931 1537 1932 1538 1930 1537 1932 1538 1933 1539 1933 1539 1932 1538 1934 1540 1933 1539 1934 1540 1935 1541 1935 1541 1934 1540 1936 1542 1935 1541 1936 1542 1937 1543 1937 1543 1936 1542 1938 1544 1937 1543 1938 1544 1939 1544 1940 1545 1941 1545 1942 1546 1940 1545 1942 1546 1943 1547 1943 1547 1942 1546 1944 1548 1943 1547 1944 1548 1945 1549 1945 1549 1944 1548 1946 1550 1945 1549 1946 1550 1947 1551 1947 1551 1946 1550 1948 1552 1947 1551 1948 1552 1949 1552 1950 1553 1951 1553 1952 1554 1950 1553 1952 1554 1953 1555 1953 1555 1952 1554 1954 1556 1953 1555 1954 1556 1955 1557 1955 1557 1954 1556 1956 1558 1955 1557 1956 1558 1957 1559 1957 1559 1956 1558 1958 1560 1957 1559 1958 1560 1959 1560 1960 1561 1961 1561 1962 1562 1960 1561 1962 1562 1963 1563 1963 1563 1962 1562 1964 1564 1963 1563 1964 1564 1965 1565 1965 1565 1964 1564 1966 1566 1965 1565 1966 1566 1967 1567 1967 1567 1966 1566 1968 1568 1967 1567 1968 1568 1969 1568 1970 1569 1971 1569 1972 1570 1970 1569 1972 1570 1973 1571 1973 1571 1972 1570 1974 1572 1973 1571 1974 1572 1975 1573 1975 1573 1974 1572 1976 1574 1975 1573 1976 1574 1977 1575 1977 1575 1976 1574 1978 1576 1977 1575 1978 1576 1979 1576 1980 1577 1981 1577 1982 1578 1980 1577 1982 1578 1983 1579 1983 1579 1982 1578 1984 1580 1983 1579 1984 1580 1985 1581 1985 1581 1984 1580 1986 1582 1985 1581 1986 1582 1987 1583 1987 1583 1986 1582 1988 1584 1987 1583 1988 1584 1989 1584 1990 1585 1991 1585 1992 1586 1990 1585 1992 1586 1993 1587 1993 1587 1992 1586 1994 1588 1993 1587 1994 1588 1995 1589 1995 1589 1994 1588 1996 1590 1995 1589 1996 1590 1997 1591 1997 1591 1996 1590 1998 1592 1997 1591 1998 1592 1999 1592 2000 1593 2001 1593 2002 1594 2000 1593 2002 1594 2003 1594 2003 1594 2002 1594 2004 1595 2003 1594 2004 1595 2005 1596 2005 1596 2004 1595 2006 1597 2005 1596 2006 1597 2007 1598 2007 1598 2006 1597 2008 1599 2007 1598 2008 1599 2009 1599 2010 1600 2011 1600 2012 1601 2010 1600 2012 1601 2013 1602 2013 1602 2012 1601 2014 1603 2013 1602 2014 1603 2015 1604 2015 1604 2014 1603 2016 1605 2015 1604 2016 1605 2017 1606 2017 1606 2016 1605 2018 1607 2017 1606 2018 1607 2019 1607 2020 1608 2021 1608 2022 1609 2020 1608 2022 1609 2023 1610 2023 1610 2022 1609 2024 1611 2023 1610 2024 1611 2025 1612 2025 1612 2024 1611 2026 1613 2025 1612 2026 1613 2027 1614 2027 1614 2026 1613 2028 1615 2027 1614 2028 1615 2029 1615 2030 1616 2031 1616 2032 1617 2030 1616 2032 1617 2033 1618 2033 1618 2032 1617 2034 1619 2033 1618 2034 1619 2035 1620 2035 1620 2034 1619 2036 1621 2035 1620 2036 1621 2037 1622 2037 1622 2036 1621 2038 1623 2037 1622 2038 1623 2039 1623 2040 1624 2041 1624 2042 1625 2040 1624 2042 1625 2043 1626 2043 1626 2042 1625 2044 1627 2043 1626 2044 1627 2045 1628 2045 1628 2044 1627 2046 1629 2045 1628 2046 1629 2047 1630 2047 1630 2046 1629 2048 1631 2047 1630 2048 1631 2049 1631 2050 1632 2051 1632 2052 1633 2050 1632 2052 1633 2053 1634 2053 1634 2052 1633 2054 1635 2053 1634 2054 1635 2055 1636 2055 1636 2054 1635 2056 1637 2055 1636 2056 1637 2057 1638 2057 1638 2056 1637 2058 1639 2057 1638 2058 1639 2059 1639 2060 1640 2061 1640 2062 1641 2060 1640 2062 1641 2063 1642 2063 1642 2062 1641 2064 1643 2063 1642 2064 1643 2065 1644 2065 1644 2064 1643 2066 1645 2065 1644 2066 1645 2067 1646 2067 1646 2066 1645 2068 1647 2067 1646 2068 1647 2069 1647 2070 1648 2071 1648 2072 1649 2070 1648 2072 1649 2073 1650 2073 1650 2072 1649 2074 1651 2073 1650 2074 1651 2075 1652 2075 1652 2074 1651 2076 1653 2075 1652 2076 1653 2077 1654 2077 1654 2076 1653 2078 1655 2077 1654 2078 1655 2079 1655 2080 1656 2081 1656 2082 1657 2080 1656 2082 1657 2083 1658 2083 1658 2082 1657 2084 1659 2083 1658 2084 1659 2085 1660 2085 1660 2084 1659 2086 1661 2085 1660 2086 1661 2087 1662 2087 1662 2086 1661 2088 1663 2087 1662 2088 1663 2089 1663 2090 1664 2091 1664 2092 1665 2090 1664 2092 1665 2093 1666 2093 1666 2092 1665 2094 1667 2093 1666 2094 1667 2095 1668 2095 1668 2094 1667 2096 1669 2095 1668 2096 1669 2097 1670 2097 1670 2096 1669 2098 1671 2097 1670 2098 1671 2099 1671 2100 1672 2101 1672 2102 1673 2100 1672 2102 1673 2103 1674 2103 1674 2102 1673 2104 1675 2103 1674 2104 1675 2105 1676 2105 1676 2104 1675 2106 1677 2105 1676 2106 1677 2107 1678 2107 1678 2106 1677 2108 1679 2107 1678 2108 1679 2109 1679 2110 1680 2111 1680 2112 1681 2110 1680 2112 1681 2113 1682 2113 1682 2112 1681 2114 1683 2113 1682 2114 1683 2115 1684 2115 1684 2114 1683 2116 1685 2115 1684 2116 1685 2117 1686 2117 1686 2116 1685 2118 1687 2117 1686 2118 1687 2119 1687 2120 1688 2121 1688 2122 1689 2120 1688 2122 1689 2123 1690 2123 1690 2122 1689 2124 1691 2123 1690 2124 1691 2125 1692 2125 1692 2124 1691 2126 1693 2125 1692 2126 1693 2127 1694 2127 1694 2126 1693 2128 1695 2127 1694 2128 1695 2129 1695 2130 1696 2131 1696 2132 1697 2130 1696 2132 1697 2133 1698 2133 1698 2132 1697 2134 1699 2133 1698 2134 1699 2135 1700 2135 1700 2134 1699 2136 1701 2135 1700 2136 1701 2137 1702 2137 1702 2136 1701 2138 1703 2137 1702 2138 1703 2139 1703 2140 1704 2141 1704 2142 1705 2140 1704 2142 1705 2143 1706 2143 1706 2142 1705 2144 1707 2143 1706 2144 1707 2145 1708 2145 1708 2144 1707 2146 1709 2145 1708 2146 1709 2147 1710 2147 1710 2146 1709 2148 1711 2147 1710 2148 1711 2149 1711 2150 1712 2151 1712 2152 1713 2150 1712 2152 1713 2153 1714 2153 1714 2152 1713 2154 1715 2153 1714 2154 1715 2155 1716 2155 1716 2154 1715 2156 1717 2155 1716 2156 1717 2157 1718 2157 1718 2156 1717 2158 1719 2157 1718 2158 1719 2159 1719 2160 1720 2161 1720 2162 1721 2160 1720 2162 1721 2163 1722 2163 1722 2162 1721 2164 1723 2163 1722 2164 1723 2165 1724 2165 1724 2164 1723 2166 1725 2165 1724 2166 1725 2167 1726 2167 1726 2166 1725 2168 1727 2167 1726 2168 1727 2169 1727 2170 1728 2171 1728 2172 1729 2170 1728 2172 1729 2173 1730 2173 1730 2172 1729 2174 1731 2173 1730 2174 1731 2175 1732 2175 1732 2174 1731 2176 1733 2175 1732 2176 1733 2177 1734 2177 1734 2176 1733 2178 1735 2177 1734 2178 1735 2179 1735 2180 1736 2181 1736 2182 1737 2180 1736 2182 1737 2183 1738 2183 1738 2182 1737 2184 1739 2183 1738 2184 1739 2185 1740 2185 1740 2184 1739 2186 1741 2185 1740 2186 1741 2187 1742 2187 1742 2186 1741 2188 1743 2187 1742 2188 1743 2189 1743 2190 1744 2191 1744 2192 1745 2190 1744 2192 1745 2193 1746 2193 1746 2192 1745 2194 1747 2193 1746 2194 1747 2195 1748 2195 1748 2194 1747 2196 1749 2195 1748 2196 1749 2197 1750 2197 1750 2196 1749 2198 1751 2197 1750 2198 1751 2199 1751 2200 1752 2201 1752 2202 1753 2200 1752 2202 1753 2203 1754 2203 1754 2202 1753 2204 1755 2203 1754 2204 1755 2205 1756 2205 1756 2204 1755 2206 1757 2205 1756 2206 1757 2207 1758 2207 1758 2206 1757 2208 1759 2207 1758 2208 1759 2209 1759 2210 1760 2211 1760 2212 1761 2210 1760 2212 1761 2213 1762 2213 1762 2212 1761 2214 1763 2213 1762 2214 1763 2215 1764 2215 1764 2214 1763 2216 1765 2215 1764 2216 1765 2217 1766 2217 1766 2216 1765 2218 1767 2217 1766 2218 1767 2219 1767 2220 1768 2221 1768 2222 1769 2220 1768 2222 1769 2223 1770 2223 1770 2222 1769 2224 1771 2223 1770 2224 1771 2225 1772 2225 1772 2224 1771 2226 1773 2225 1772 2226 1773 2227 1774 2227 1774 2226 1773 2228 1775 2227 1774 2228 1775 2229 1775 2230 1776 2231 1776 2232 1777 2230 1776 2232 1777 2233 1778 2233 1778 2232 1777 2234 1779 2233 1778 2234 1779 2235 1780 2235 1780 2234 1779 2236 1781 2235 1780 2236 1781 2237 1782 2237 1782 2236 1781 2238 1783 2237 1782 2238 1783 2239 1783 2240 1784 2241 1784 2242 1785 2240 1784 2242 1785 2243 1786 2243 1786 2242 1785 2244 1787 2243 1786 2244 1787 2245 1788 2245 1788 2244 1787 2246 1789 2245 1788 2246 1789 2247 1790 2247 1790 2246 1789 2248 1791 2247 1790 2248 1791 2249 1791 2250 1792 2251 1792 2252 1793 2250 1792 2252 1793 2253 1794 2253 1794 2252 1793 2254 1795 2253 1794 2254 1795 2255 1796 2255 1796 2254 1795 2256 1797 2255 1796 2256 1797 2257 1798 2257 1798 2256 1797 2258 1799 2257 1798 2258 1799 2259 1799 2260 1800 2261 1800 2262 1801 2260 1800 2262 1801 2263 1802 2263 1802 2262 1801 2264 1803 2263 1802 2264 1803 2265 1804 2265 1804 2264 1803 2266 1805 2265 1804 2266 1805 2267 1806 2267 1806 2266 1805 2268 1807 2267 1806 2268 1807 2269 1807 2270 1808 2271 1808 2272 1809 2270 1808 2272 1809 2273 1810 2273 1810 2272 1809 2274 1811 2273 1810 2274 1811 2275 1812 2275 1812 2274 1811 2276 1813 2275 1812 2276 1813 2277 1814 2277 1814 2276 1813 2278 1815 2277 1814 2278 1815 2279 1815 2280 1816 2281 1816 2282 1817 2280 1816 2282 1817 2283 1818 2283 1818 2282 1817 2284 1819 2283 1818 2284 1819 2285 1820 2285 1820 2284 1819 2286 1821 2285 1820 2286 1821 2287 1822 2287 1822 2286 1821 2288 1823 2287 1822 2288 1823 2289 1823 2290 1824 2291 1824 2292 1825 2290 1824 2292 1825 2293 1826 2293 1826 2292 1825 2294 1827 2293 1826 2294 1827 2295 1828 2295 1828 2294 1827 2296 1829 2295 1828 2296 1829 2297 1830 2297 1830 2296 1829 2298 1831 2297 1830 2298 1831 2299 1831 2300 1832 2301 1832 2302 1833 2300 1832 2302 1833 2303 1834 2303 1834 2302 1833 2304 1835 2303 1834 2304 1835 2305 1836 2305 1836 2304 1835 2306 1837 2305 1836 2306 1837 2307 1838 2307 1838 2306 1837 2308 1839 2307 1838 2308 1839 2309 1839 2310 1840 2311 1840 2312 1841 2310 1840 2312 1841 2313 1842 2313 1842 2312 1841 2314 1843 2313 1842 2314 1843 2315 1844 2315 1844 2314 1843 2316 1845 2315 1844 2316 1845 2317 1846 2317 1846 2316 1845 2318 1847 2317 1846 2318 1847 2319 1847 2320 1848 2321 1848 2322 1849 2320 1848 2322 1849 2323 1850 2323 1850 2322 1849 2324 1851 2323 1850 2324 1851 2325 1852 2325 1852 2324 1851 2326 1853 2325 1852 2326 1853 2327 1854 2327 1854 2326 1853 2328 1855 2327 1854 2328 1855 2329 1855 2330 1856 2331 1856 2332 1857 2330 1856 2332 1857 2333 1858 2333 1858 2332 1857 2334 1859 2333 1858 2334 1859 2335 1860 2335 1860 2334 1859 2336 1861 2335 1860 2336 1861 2337 1862 2337 1862 2336 1861 2338 1863 2337 1862 2338 1863 2339 1863 2340 1864 2341 1864 2342 1865 2340 1864 2342 1865 2343 1866 2343 1866 2342 1865 2344 1867 2343 1866 2344 1867 2345 1868 2345 1868 2344 1867 2346 1869 2345 1868 2346 1869 2347 1870 2347 1870 2346 1869 2348 1871 2347 1870 2348 1871 2349 1871 2350 1872 2351 1872 2352 1873 2350 1872 2352 1873 2353 1874 2353 1874 2352 1873 2354 1875 2353 1874 2354 1875 2355 1876 2355 1876 2354 1875 2356 1877 2355 1876 2356 1877 2357 1878 2357 1878 2356 1877 2358 1879 2357 1878 2358 1879 2359 1879 2360 1880 2361 1880 2362 1881 2360 1880 2362 1881 2363 1882 2363 1882 2362 1881 2364 1883 2363 1882 2364 1883 2365 1884 2365 1884 2364 1883 2366 1885 2365 1884 2366 1885 2367 1886 2367 1886 2366 1885 2368 1887 2367 1886 2368 1887 2369 1887 2370 1888 2371 1888 2372 1889 2370 1888 2372 1889 2373 1890 2373 1890 2372 1889 2374 1891 2373 1890 2374 1891 2375 1892 2375 1892 2374 1891 2376 1893 2375 1892 2376 1893 2377 1894 2377 1894 2376 1893 2378 1895 2377 1894 2378 1895 2379 1895 2380 1896 2381 1896 2382 1897 2380 1896 2382 1897 2383 1898 2383 1898 2382 1897 2384 1899 2383 1898 2384 1899 2385 1900 2385 1900 2384 1899 2386 1901 2385 1900 2386 1901 2387 1902 2387 1902 2386 1901 2388 1903 2387 1902 2388 1903 2389 1903 2390 1904 2391 1904 2392 1905 2390 1904 2392 1905 2393 1906 2393 1906 2392 1905 2394 1907 2393 1906 2394 1907 2395 1908 2395 1908 2394 1907 2396 1909 2395 1908 2396 1909 2397 1910 2397 1910 2396 1909 2398 1911 2397 1910 2398 1911 2399 1911 2400 1912 2401 1912 2402 1913 2400 1912 2402 1913 2403 1914 2403 1914 2402 1913 2404 1915 2403 1914 2404 1915 2405 1916 2405 1916 2404 1915 2406 1917 2405 1916 2406 1917 2407 1918 2407 1918 2406 1917 2408 1919 2407 1918 2408 1919 2409 1919 2410 1920 2411 1920 2412 1921 2410 1920 2412 1921 2413 1922 2413 1922 2412 1921 2414 1923 2413 1922 2414 1923 2415 1924 2415 1924 2414 1923 2416 1925 2415 1924 2416 1925 2417 1926 2417 1926 2416 1925 2418 1927 2417 1926 2418 1927 2419 1927 2420 1928 2421 1928 2422 1929 2420 1928 2422 1929 2423 1930 2423 1930 2422 1929 2424 1931 2423 1930 2424 1931 2425 1932 2425 1932 2424 1931 2426 1933 2425 1932 2426 1933 2427 1934 2427 1934 2426 1933 2428 1935 2427 1934 2428 1935 2429 1935 2430 1936 2431 1936 2432 1937 2430 1936 2432 1937 2433 1938 2433 1938 2432 1937 2434 1939 2433 1938 2434 1939 2435 1940 2435 1940 2434 1939 2436 1941 2435 1940 2436 1941 2437 1942 2437 1942 2436 1941 2438 1943 2437 1942 2438 1943 2439 1943 2440 1944 2441 1944 2442 1945 2440 1944 2442 1945 2443 1946 2443 1946 2442 1945 2444 1947 2443 1946 2444 1947 2445 1948 2445 1948 2444 1947 2446 1949 2445 1948 2446 1949 2447 1950 2447 1950 2446 1949 2448 1951 2447 1950 2448 1951 2449 1951 2450 1952 2451 1952 2452 1953 2450 1952 2452 1953 2453 1954 2453 1954 2452 1953 2454 1955 2453 1954 2454 1955 2455 1956 2455 1956 2454 1955 2456 1957 2455 1956 2456 1957 2457 1958 2457 1958 2456 1957 2458 1959 2457 1958 2458 1959 2459 1959 2460 1960 2461 1960 2462 1961 2460 1960 2462 1961 2463 1962 2463 1962 2462 1961 2464 1963 2463 1962 2464 1963 2465 1964 2465 1964 2464 1963 2466 1965 2465 1964 2466 1965 2467 1966 2467 1966 2466 1965 2468 1967 2467 1966 2468 1967 2469 1967 2470 1968 2471 1968 2472 1969 2470 1968 2472 1969 2473 1970 2473 1970 2472 1969 2474 1971 2473 1970 2474 1971 2475 1972 2475 1972 2474 1971 2476 1973 2475 1972 2476 1973 2477 1974 2477 1974 2476 1973 2478 1975 2477 1974 2478 1975 2479 1975 2480 1976 2481 1976 2482 1977 2480 1976 2482 1977 2483 1978 2483 1978 2482 1977 2484 1979 2483 1978 2484 1979 2485 1980 2485 1980 2484 1979 2486 1981 2485 1980 2486 1981 2487 1982 2487 1982 2486 1981 2488 1983 2487 1982 2488 1983 2489 1983 2490 1984 2491 1984 2492 1985 2490 1984 2492 1985 2493 1986 2493 1986 2492 1985 2494 1987 2493 1986 2494 1987 2495 1988 2495 1988 2494 1987 2496 1989 2495 1988 2496 1989 2497 1990 2497 1990 2496 1989 2498 1991 2497 1990 2498 1991 2499 1991 2500 1992 2501 1992 2502 1993 2500 1992 2502 1993 2503 1993 2503 1993 2502 1993 2504 1994 2503 1993 2504 1994 2505 1995 2505 1995 2504 1994 2506 1996 2505 1995 2506 1996 2507 1997 2507 1997 2506 1996 2508 1998 2507 1997 2508 1998 2509 1998 2510 1999 2511 1999 2512 2000 2510 1999 2512 2000 2513 2001 2513 2001 2512 2000 2514 2002 2513 2001 2514 2002 2515 2003 2515 2003 2514 2002 2516 2004 2515 2003 2516 2004 2517 2005 2517 2005 2516 2004 2518 2006 2517 2005 2518 2006 2519 2006 2520 2007 2521 2007 2522 2008 2520 2007 2522 2008 2523 2009 2523 2009 2522 2008 2524 2010 2523 2009 2524 2010 2525 2011 2525 2011 2524 2010 2526 2012 2525 2011 2526 2012 2527 2013 2527 2013 2526 2012 2528 2014 2527 2013 2528 2014 2529 2014 2530 2015 2531 2015 2532 2016 2530 2015 2532 2016 2533 2017 2533 2017 2532 2016 2534 2018 2533 2017 2534 2018 2535 2019 2535 2019 2534 2018 2536 2020 2535 2019 2536 2020 2537 2021 2537 2021 2536 2020 2538 2022 2537 2021 2538 2022 2539 2022 2540 2023 2541 2023 2542 2024 2540 2023 2542 2024 2543 2025 2543 2025 2542 2024 2544 2026 2543 2025 2544 2026 2545 2027 2545 2027 2544 2026 2546 2028 2545 2027 2546 2028 2547 2029 2547 2029 2546 2028 2548 2030 2547 2029 2548 2030 2549 2030 2550 2031 2551 2031 2552 2032 2550 2031 2552 2032 2553 2033 2553 2033 2552 2032 2554 2034 2553 2033 2554 2034 2555 2035 2555 2035 2554 2034 2556 2036 2555 2035 2556 2036 2557 2037 2557 2037 2556 2036 2558 2038 2557 2037 2558 2038 2559 2038 2560 2039 2561 2039 2562 2040 2560 2039 2562 2040 2563 2041 2563 2041 2562 2040 2564 2042 2563 2041 2564 2042 2565 2043 2565 2043 2564 2042 2566 2044 2565 2043 2566 2044 2567 2045 2567 2045 2566 2044 2568 2046 2567 2045 2568 2046 2569 2046 2570 2047 2571 2047 2572 2048 2570 2047 2572 2048 2573 2049 2573 2049 2572 2048 2574 2050 2573 2049 2574 2050 2575 2051 2575 2051 2574 2050 2576 2052 2575 2051 2576 2052 2577 2053 2577 2053 2576 2052 2578 2054 2577 2053 2578 2054 2579 2054 2580 2055 2581 2055 2582 2056 2580 2055 2582 2056 2583 2057 2583 2057 2582 2056 2584 2058 2583 2057 2584 2058 2585 2059 2585 2059 2584 2058 2586 2060 2585 2059 2586 2060 2587 2061 2587 2061 2586 2060 2588 2062 2587 2061 2588 2062 2589 2062 2590 2063 2591 2063 2592 2064 2590 2063 2592 2064 2593 2065 2593 2065 2592 2064 2594 2066 2593 2065 2594 2066 2595 2067 2595 2067 2594 2066 2596 2068 2595 2067 2596 2068 2597 2069 2597 2069 2596 2068 2598 2070 2597 2069 2598 2070 2599 2070 2600 2071 2601 2071 2602 2072 2600 2071 2602 2072 2603 2073 2603 2073 2602 2072 2604 2074 2603 2073 2604 2074 2605 2075 2605 2075 2604 2074 2606 2076 2605 2075 2606 2076 2607 2077 2607 2077 2606 2076 2608 2078 2607 2077 2608 2078 2609 2078 2610 2079 2611 2079 2612 2080 2610 2079 2612 2080 2613 2081 2613 2081 2612 2080 2614 2082 2613 2081 2614 2082 2615 2083 2615 2083 2614 2082 2616 2084 2615 2083 2616 2084 2617 2085 2617 2085 2616 2084 2618 2086 2617 2085 2618 2086 2619 2086 2620 2087 2621 2087 2622 2088 2620 2087 2622 2088 2623 1706 2623 1706 2622 2088 2624 2089 2623 1706 2624 2089 2625 2090 2625 2090 2624 2089 2626 2091 2625 2090 2626 2091 2627 2092 2627 2092 2626 2091 2628 2093 2627 2092 2628 2093 2629 2093 2630 2094 2631 2094 2632 2095 2630 2094 2632 2095 2633 2096 2633 2096 2632 2095 2634 2097 2633 2096 2634 2097 2635 2098 2635 2098 2634 2097 2636 2099 2635 2098 2636 2099 2637 2100 2637 2100 2636 2099 2638 2101 2637 2100 2638 2101 2639 2101 2640 2102 2641 2102 2642 2103 2640 2102 2642 2103 2643 2104 2643 2104 2642 2103 2644 2105 2643 2104 2644 2105 2645 2106 2645 2106 2644 2105 2646 2107 2645 2106 2646 2107 2647 2108 2647 2108 2646 2107 2648 2109 2647 2108 2648 2109 2649 2109 2650 2110 2651 2110 2652 2111 2650 2110 2652 2111 2653 2112 2653 2112 2652 2111 2654 2113 2653 2112 2654 2113 2655 2114 2655 2114 2654 2113 2656 2115 2655 2114 2656 2115 2657 2116 2657 2116 2656 2115 2658 2117 2657 2116 2658 2117 2659 2117 2660 2118 2661 2118 2662 2119 2660 2118 2662 2119 2663 2120 2663 2120 2662 2119 2664 2121 2663 2120 2664 2121 2665 2122 2665 2122 2664 2121 2666 2123 2665 2122 2666 2123 2667 2124 2667 2124 2666 2123 2668 2125 2667 2124 2668 2125 2669 2125 2670 2126 2671 2126 2672 2127 2670 2126 2672 2127 2673 2128 2673 2128 2672 2127 2674 2129 2673 2128 2674 2129 2675 2130 2675 2130 2674 2129 2676 2131 2675 2130 2676 2131 2677 2132 2677 2132 2676 2131 2678 2133 2677 2132 2678 2133 2679 2133 2680 2134 2681 2134 2682 2135 2680 2134 2682 2135 2683 2136 2683 2136 2682 2135 2684 2137 2683 2136 2684 2137 2685 2138 2685 2138 2684 2137 2686 2139 2685 2138 2686 2139 2687 2140 2687 2140 2686 2139 2688 2141 2687 2140 2688 2141 2689 2141 2690 2142 2691 2142 2692 2143 2690 2142 2692 2143 2693 2144 2693 2144 2692 2143 2694 2145 2693 2144 2694 2145 2695 2146 2695 2146 2694 2145 2696 2147 2695 2146 2696 2147 2697 2148 2697 2148 2696 2147 2698 2149 2697 2148 2698 2149 2699 2149 2700 2150 2701 2150 2702 2151 2700 2150 2702 2151 2703 2151 2703 2151 2702 2151 2704 2152 2703 2151 2704 2152 2705 2153 2705 2153 2704 2152 2706 2154 2705 2153 2706 2154 2707 2155 2707 2155 2706 2154 2708 2156 2707 2155 2708 2156 2709 2156 2710 2157 2711 2157 2712 2158 2710 2157 2712 2158 2713 2159 2713 2159 2712 2158 2714 2160 2713 2159 2714 2160 2715 2161 2715 2161 2714 2160 2716 2162 2715 2161 2716 2162 2717 2163 2717 2163 2716 2162 2718 2164 2717 2163 2718 2164 2719 2164 2720 2165 2721 2165 2722 2166 2720 2165 2722 2166 2723 2167 2723 2167 2722 2166 2724 2168 2723 2167 2724 2168 2725 2169 2725 2169 2724 2168 2726 2170 2725 2169 2726 2170 2727 2171 2727 2171 2726 2170 2728 2172 2727 2171 2728 2172 2729 2172 2730 2173 2731 2173 2732 2174 2730 2173 2732 2174 2733 2175 2733 2175 2732 2174 2734 2176 2733 2175 2734 2176 2735 2177 2735 2177 2734 2176 2736 2178 2735 2177 2736 2178 2737 2179 2737 2179 2736 2178 2738 2180 2737 2179 2738 2180 2739 2180 2740 2181 2741 2181 2742 2182 2740 2181 2742 2182 2743 2183 2743 2183 2742 2182 2744 2184 2743 2183 2744 2184 2745 2185 2745 2185 2744 2184 2746 2186 2745 2185 2746 2186 2747 2187 2747 2187 2746 2186 2748 2188 2747 2187 2748 2188 2749 2188 2750 2189 2751 2189 2752 2190 2750 2189 2752 2190 2753 2191 2753 2191 2752 2190 2754 2192 2753 2191 2754 2192 2755 2193 2755 2193 2754 2192 2756 2194 2755 2193 2756 2194 2757 2195 2757 2195 2756 2194 2758 2196 2757 2195 2758 2196 2759 2196 2760 2197 2761 2197 2762 2198 2760 2197 2762 2198 2763 2199 2763 2199 2762 2198 2764 2200 2763 2199 2764 2200 2765 2201 2765 2201 2764 2200 2766 2202 2765 2201 2766 2202 2767 2203 2767 2203 2766 2202 2768 2204 2767 2203 2768 2204 2769 2204 2770 2205 2771 2205 2772 2206 2770 2205 2772 2206 2773 2207 2773 2207 2772 2206 2774 2208 2773 2207 2774 2208 2775 2209 2775 2209 2774 2208 2776 2210 2775 2209 2776 2210 2777 2211 2777 2211 2776 2210 2778 2212 2777 2211 2778 2212 2779 2212 2780 2213 2781 2213 2782 2214 2780 2213 2782 2214 2783 2215 2783 2215 2782 2214 2784 2216 2783 2215 2784 2216 2785 2217 2785 2217 2784 2216 2786 2218 2785 2217 2786 2218 2787 2219 2787 2219 2786 2218 2788 2220 2787 2219 2788 2220 2789 2220 2790 2221 2791 2221 2792 2222 2790 2221 2792 2222 2793 2223 2793 2223 2792 2222 2794 2224 2793 2223 2794 2224 2795 2225 2795 2225 2794 2224 2796 2226 2795 2225 2796 2226 2797 2227 2797 2227 2796 2226 2798 2228 2797 2227 2798 2228 2799 2228 2800 2229 2801 2229 2802 2230 2800 2229 2802 2230 2803 2231 2803 2231 2802 2230 2804 2232 2803 2231 2804 2232 2805 2233 2805 2233 2804 2232 2806 2234 2805 2233 2806 2234 2807 2235 2807 2235 2806 2234 2808 2236 2807 2235 2808 2236 2809 2236 2810 2237 2811 2237 2812 2238 2810 2237 2812 2238 2813 2239 2813 2239 2812 2238 2814 2240 2813 2239 2814 2240 2815 2241 2815 2241 2814 2240 2816 2242 2815 2241 2816 2242 2817 2243 2817 2243 2816 2242 2818 2244 2817 2243 2818 2244 2819 2244 2820 2245 2821 2245 2822 2246 2820 2245 2822 2246 2823 2247 2823 2247 2822 2246 2824 2248 2823 2247 2824 2248 2825 2249 2825 2249 2824 2248 2826 2250 2825 2249 2826 2250 2827 2251 2827 2251 2826 2250 2828 2252 2827 2251 2828 2252 2829 2252 2830 2253 2831 2253 2832 2254 2830 2253 2832 2254 2833 2255 2833 2255 2832 2254 2834 2256 2833 2255 2834 2256 2835 2257 2835 2257 2834 2256 2836 2258 2835 2257 2836 2258 2837 2259 2837 2259 2836 2258 2838 2260 2837 2259 2838 2260 2839 2260 2840 2261 2841 2261 2842 2262 2840 2261 2842 2262 2843 2263 2843 2263 2842 2262 2844 2264 2843 2263 2844 2264 2845 2265 2845 2265 2844 2264 2846 2266 2845 2265 2846 2266 2847 2267 2847 2267 2846 2266 2848 2268 2847 2267 2848 2268 2849 2268 2850 2269 2851 2269 2852 2270 2850 2269 2852 2270 2853 2271 2853 2271 2852 2270 2854 2272 2853 2271 2854 2272 2855 2273 2855 2273 2854 2272 2856 2274 2855 2273 2856 2274 2857 2275 2857 2275 2856 2274 2858 2276 2857 2275 2858 2276 2859 2276 2860 2277 2861 2277 2862 2278 2860 2277 2862 2278 2863 2279 2863 2279 2862 2278 2864 2280 2863 2279 2864 2280 2865 2281 2865 2281 2864 2280 2866 2282 2865 2281 2866 2282 2867 2283 2867 2283 2866 2282 2868 2284 2867 2283 2868 2284 2869 2284 2870 2285 2871 2285 2872 2286 2870 2285 2872 2286 2873 2287 2873 2287 2872 2286 2874 2288 2873 2287 2874 2288 2875 2289 2875 2289 2874 2288 2876 2290 2875 2289 2876 2290 2877 2291 2877 2291 2876 2290 2878 2292 2877 2291 2878 2292 2879 2292 2880 2293 2881 2293 2882 2294 2880 2293 2882 2294 2883 2295 2883 2295 2882 2294 2884 2296 2883 2295 2884 2296 2885 2297 2885 2297 2884 2296 2886 2298 2885 2297 2886 2298 2887 2299 2887 2299 2886 2298 2888 2300 2887 2299 2888 2300 2889 2300 2890 2301 2891 2301 2892 2302 2890 2301 2892 2302 2893 2303 2893 2303 2892 2302 2894 2304 2893 2303 2894 2304 2895 2305 2895 2305 2894 2304 2896 2306 2895 2305 2896 2306 2897 2307 2897 2307 2896 2306 2898 2308 2897 2307 2898 2308 2899 2308 2900 2309 2901 2309 2902 2310 2900 2309 2902 2310 2903 2311 2903 2311 2902 2310 2904 2312 2903 2311 2904 2312 2905 2313 2905 2313 2904 2312 2906 2314 2905 2313 2906 2314 2907 2315 2907 2315 2906 2314 2908 2316 2907 2315 2908 2316 2909 2316 2910 2317 2911 2317 2912 2318 2910 2317 2912 2318 2913 2319 2913 2319 2912 2318 2914 2320 2913 2319 2914 2320 2915 2321 2915 2321 2914 2320 2916 2322 2915 2321 2916 2322 2917 2323 2917 2323 2916 2322 2918 2324 2917 2323 2918 2324 2919 2324 2920 2325 2921 2325 2922 2326 2920 2325 2922 2326 2923 2327 2923 2327 2922 2326 2924 2328 2923 2327 2924 2328 2925 2329 2925 2329 2924 2328 2926 2330 2925 2329 2926 2330 2927 2331 2927 2331 2926 2330 2928 2332 2927 2331 2928 2332 2929 2332 2930 2333 2931 2333 2932 2334 2930 2333 2932 2334 2933 2335 2933 2335 2932 2334 2934 2336 2933 2335 2934 2336 2935 2337 2935 2337 2934 2336 2936 2338 2935 2337 2936 2338 2937 2339 2937 2339 2936 2338 2938 2340 2937 2339 2938 2340 2939 2340 2940 2341 2941 2341 2942 2342 2940 2341 2942 2342 2943 2343 2943 2343 2942 2342 2944 2344 2943 2343 2944 2344 2945 2345 2945 2345 2944 2344 2946 2346 2945 2345 2946 2346 2947 2347 2947 2347 2946 2346 2948 2348 2947 2347 2948 2348 2949 2348 2950 2349 2951 2349 2952 2350 2950 2349 2952 2350 2953 2351 2953 2351 2952 2350 2954 2352 2953 2351 2954 2352 2955 2353 2955 2353 2954 2352 2956 2354 2955 2353 2956 2354 2957 2355 2957 2355 2956 2354 2958 2356 2957 2355 2958 2356 2959 2356 2960 2357 2961 2357 2962 2358 2960 2357 2962 2358 2963 2359 2963 2359 2962 2358 2964 2360 2963 2359 2964 2360 2965 2361 2965 2361 2964 2360 2966 2362 2965 2361 2966 2362 2967 2363 2967 2363 2966 2362 2968 2364 2967 2363 2968 2364 2969 2364 2970 2365 2971 2365 2972 2366 2970 2365 2972 2366 2973 2367 2973 2367 2972 2366 2974 2368 2973 2367 2974 2368 2975 2369 2975 2369 2974 2368 2976 2370 2975 2369 2976 2370 2977 2371 2977 2371 2976 2370 2978 2372 2977 2371 2978 2372 2979 2372 2980 2373 2981 2373 2982 2374 2980 2373 2982 2374 2983 2375 2983 2375 2982 2374 2984 2376 2983 2375 2984 2376 2985 2377 2985 2377 2984 2376 2986 2378 2985 2377 2986 2378 2987 2379 2987 2379 2986 2378 2988 2380 2987 2379 2988 2380 2989 2380 2990 2381 2991 2381 2992 2382 2990 2381 2992 2382 2993 2383 2993 2383 2992 2382 2994 2384 2993 2383 2994 2384 2995 2385 2995 2385 2994 2384 2996 2386 2995 2385 2996 2386 2997 2387 2997 2387 2996 2386 2998 2388 2997 2387 2998 2388 2999 2388 3000 2389 3001 2389 3002 2390 3000 2389 3002 2390 3003 2391 3003 2391 3002 2390 3004 2392 3003 2391 3004 2392 3005 2393 3005 2393 3004 2392 3006 2394 3005 2393 3006 2394 3007 2395 3007 2395 3006 2394 3008 2396 3007 2395 3008 2396 3009 2396 3010 2397 3011 2397 3012 2398 3010 2397 3012 2398 3013 2399 3013 2399 3012 2398 3014 2400 3013 2399 3014 2400 3015 2401 3015 2401 3014 2400 3016 2402 3015 2401 3016 2402 3017 2403 3017 2403 3016 2402 3018 2404 3017 2403 3018 2404 3019 2404 3020 2405 3021 2405 3022 2406 3020 2405 3022 2406 3023 2407 3023 2407 3022 2406 3024 2408 3023 2407 3024 2408 3025 2409 3025 2409 3024 2408 3026 2410 3025 2409 3026 2410 3027 2411 3027 2411 3026 2410 3028 2412 3027 2411 3028 2412 3029 2412 3030 2413 3031 2413 3032 2414 3030 2413 3032 2414 3033 2415 3033 2415 3032 2414 3034 2416 3033 2415 3034 2416 3035 2417 3035 2417 3034 2416 3036 2418 3035 2417 3036 2418 3037 2419 3037 2419 3036 2418 3038 2420 3037 2419 3038 2420 3039 2420 3040 2421 3041 2421 3042 2422 3040 2421 3042 2422 3043 2423 3043 2423 3042 2422 3044 2424 3043 2423 3044 2424 3045 2425 3045 2425 3044 2424 3046 2426 3045 2425 3046 2426 3047 2427 3047 2427 3046 2426 3048 2428 3047 2427 3048 2428 3049 2428 3050 2429 3051 2429 3052 2430 3050 2429 3052 2430 3053 2431 3053 2431 3052 2430 3054 2432 3053 2431 3054 2432 3055 2433 3055 2433 3054 2432 3056 2434 3055 2433 3056 2434 3057 2435 3057 2435 3056 2434 3058 2436 3057 2435 3058 2436 3059 2436 3060 2437 3061 2437 3062 2438 3060 2437 3062 2438 3063 2439 3063 2439 3062 2438 3064 2440 3063 2439 3064 2440 3065 2441 3065 2441 3064 2440 3066 2442 3065 2441 3066 2442 3067 2443 3067 2443 3066 2442 3068 2444 3067 2443 3068 2444 3069 2444 3070 2445 3071 2445 3072 2446 3070 2445 3072 2446 3073 2447 3073 2447 3072 2446 3074 2448 3073 2447 3074 2448 3075 2449 3075 2449 3074 2448 3076 2450 3075 2449 3076 2450 3077 2451 3077 2451 3076 2450 3078 2452 3077 2451 3078 2452 3079 2452 3080 2453 3081 2453 3082 2454 3080 2453 3082 2454 3083 2455 3083 2455 3082 2454 3084 2456 3083 2455 3084 2456 3085 2457 3085 2457 3084 2456 3086 2458 3085 2457 3086 2458 3087 2459 3087 2459 3086 2458 3088 2460 3087 2459 3088 2460 3089 2460 3090 2461 3091 2461 3092 2462 3090 2461 3092 2462 3093 2463 3093 2463 3092 2462 3094 2464 3093 2463 3094 2464 3095 2465 3095 2465 3094 2464 3096 2466 3095 2465 3096 2466 3097 2467 3097 2467 3096 2466 3098 2468 3097 2467 3098 2468 3099 2468 3100 2469 3101 2469 3102 2470 3100 2469 3102 2470 3103 2470 3103 2470 3102 2470 3104 2471 3103 2470 3104 2471 3105 2472 3105 2472 3104 2471 3106 2473 3105 2472 3106 2473 3107 2474 3107 2474 3106 2473 3108 2475 3107 2474 3108 2475 3109 2475 3110 2476 3111 2476 3112 2477 3110 2476 3112 2477 3113 2478 3113 2478 3112 2477 3114 2479 3113 2478 3114 2479 3115 2480 3115 2480 3114 2479 3116 2481 3115 2480 3116 2481 3117 2482 3117 2482 3116 2481 3118 2483 3117 2482 3118 2483 3119 2483 3120 2484 3121 2484 3122 2485 3120 2484 3122 2485 3123 2486 3123 2486 3122 2485 3124 2487 3123 2486 3124 2487 3125 2488 3125 2488 3124 2487 3126 2489 3125 2488 3126 2489 3127 2490 3127 2490 3126 2489 3128 2491 3127 2490 3128 2491 3129 2491 3130 2492 3131 2492 3132 2493 3130 2492 3132 2493 3133 2494 3133 2494 3132 2493 3134 2495 3133 2494 3134 2495 3135 2496 3135 2496 3134 2495 3136 2497 3135 2496 3136 2497 3137 2498 3137 2498 3136 2497 3138 2499 3137 2498 3138 2499 3139 2499 3140 2500 3141 2500 3142 2501 3140 2500 3142 2501 3143 2502 3143 2502 3142 2501 3144 2503 3143 2502 3144 2503 3145 2504 3145 2504 3144 2503 3146 2505 3145 2504 3146 2505 3147 2506 3147 2506 3146 2505 3148 2507 3147 2506 3148 2507 3149 2507 3150 2508 3151 2508 3152 2509 3150 2508 3152 2509 3153 2510 3153 2510 3152 2509 3154 2511 3153 2510 3154 2511 3155 2512 3155 2512 3154 2511 3156 2513 3155 2512 3156 2513 3157 2514 3157 2514 3156 2513 3158 2515 3157 2514 3158 2515 3159 2515 3160 2516 3161 2516 3162 2517 3160 2516 3162 2517 3163 2518 3163 2518 3162 2517 3164 2519 3163 2518 3164 2519 3165 2520 3165 2520 3164 2519 3166 2521 3165 2520 3166 2521 3167 2522 3167 2522 3166 2521 3168 2523 3167 2522 3168 2523 3169 2523 3170 2524 3171 2524 3172 2525 3170 2524 3172 2525 3173 2526 3173 2526 3172 2525 3174 2527 3173 2526 3174 2527 3175 2528 3175 2528 3174 2527 3176 2529 3175 2528 3176 2529 3177 2530 3177 2530 3176 2529 3178 2531 3177 2530 3178 2531 3179 2531 3180 2532 3181 2532 3182 2533 3180 2532 3182 2533 3183 2534 3183 2534 3182 2533 3184 2535 3183 2534 3184 2535 3185 2536 3185 2536 3184 2535 3186 2537 3185 2536 3186 2537 3187 2538 3187 2538 3186 2537 3188 2539 3187 2538 3188 2539 3189 2539 3190 2540 3191 2540 3192 2541 3190 2540 3192 2541 3193 2542 3193 2542 3192 2541 3194 2543 3193 2542 3194 2543 3195 2544 3195 2544 3194 2543 3196 2545 3195 2544 3196 2545 3197 2546 3197 2546 3196 2545 3198 2547 3197 2546 3198 2547 3199 2547 3200 2548 3201 2548 3202 2549 3200 2548 3202 2549 3203 2550 3203 2550 3202 2549 3204 2551 3203 2550 3204 2551 3205 2552 3205 2552 3204 2551 3206 2553 3205 2552 3206 2553 3207 2554 3207 2554 3206 2553 3208 2555 3207 2554 3208 2555 3209 2555 3210 2556 3211 2556 3212 2557 3210 2556 3212 2557 3213 2558 3213 2558 3212 2557 3214 2559 3213 2558 3214 2559 3215 2560 3215 2560 3214 2559 3216 2561 3215 2560 3216 2561 3217 2562 3217 2562 3216 2561 3218 2563 3217 2562 3218 2563 3219 2563 3220 2564 3221 2564 3222 2565 3220 2564 3222 2565 3223 2566 3223 2566 3222 2565 3224 2567 3223 2566 3224 2567 3225 2568 3225 2568 3224 2567 3226 2569 3225 2568 3226 2569 3227 2570 3227 2570 3226 2569 3228 2571 3227 2570 3228 2571 3229 2571 3230 2572 3231 2572 3232 2573 3230 2572 3232 2573 3233 2574 3233 2574 3232 2573 3234 2575 3233 2574 3234 2575 3235 2576 3235 2576 3234 2575 3236 2577 3235 2576 3236 2577 3237 2578 3237 2578 3236 2577 3238 2579 3237 2578 3238 2579 3239 2579 3240 2580 3241 2580 3242 2581 3240 2580 3242 2581 3243 2582 3243 2582 3242 2581 3244 2583 3243 2582 3244 2583 3245 2584 3245 2584 3244 2583 3246 2585 3245 2584 3246 2585 3247 2586 3247 2586 3246 2585 3248 2587 3247 2586 3248 2587 3249 2587 3250 2588 3251 2588 3252 2589 3250 2588 3252 2589 3253 2590 3253 2590 3252 2589 3254 2591 3253 2590 3254 2591 3255 2592 3255 2592 3254 2591 3256 2593 3255 2592 3256 2593 3257 2594 3257 2594 3256 2593 3258 2595 3257 2594 3258 2595 3259 2595 3260 2596 3261 2596 3262 2597 3260 2596 3262 2597 3263 2598 3263 2598 3262 2597 3264 2599 3263 2598 3264 2599 3265 2600 3265 2600 3264 2599 3266 2601 3265 2600 3266 2601 3267 2602 3267 2602 3266 2601 3268 2603 3267 2602 3268 2603 3269 2603 3270 2604 3271 2604 3272 2605 3270 2604 3272 2605 3273 2606 3273 2606 3272 2605 3274 2607 3273 2606 3274 2607 3275 2608 3275 2608 3274 2607 3276 2609 3275 2608 3276 2609 3277 2610 3277 2610 3276 2609 3278 2611 3277 2610 3278 2611 3279 2611 3280 2612 3281 2612 3282 2613 3280 2612 3282 2613 3283 2614 3283 2614 3282 2613 3284 2615 3283 2614 3284 2615 3285 2616 3285 2616 3284 2615 3286 2617 3285 2616 3286 2617 3287 2618 3287 2618 3286 2617 3288 2619 3287 2618 3288 2619 3289 2619 3290 2620 3291 2620 3292 2621 3290 2620 3292 2621 3293 2622 3293 2622 3292 2621 3294 2623 3293 2622 3294 2623 3295 2624 3295 2624 3294 2623 3296 2625 3295 2624 3296 2625 3297 2626 3297 2626 3296 2625 3298 2627 3297 2626 3298 2627 3299 2627 3300 2628 3301 2628 3302 2629 3300 2628 3302 2629 3303 2629 3303 2629 3302 2629 3304 2630 3303 2629 3304 2630 3305 2631 3305 2631 3304 2630 3306 2632 3305 2631 3306 2632 3307 2633 3307 2633 3306 2632 3308 2634 3307 2633 3308 2634 3309 2634 3310 2635 3311 2635 3312 2636 3310 2635 3312 2636 3313 2637 3313 2637 3312 2636 3314 2638 3313 2637 3314 2638 3315 2639 3315 2639 3314 2638 3316 2640 3315 2639 3316 2640 3317 2641 3317 2641 3316 2640 3318 2642 3317 2641 3318 2642 3319 2642 3320 2643 3321 2643 3322 2644 3320 2643 3322 2644 3323 2645 3323 2645 3322 2644 3324 2646 3323 2645 3324 2646 3325 2647 3325 2647 3324 2646 3326 2648 3325 2647 3326 2648 3327 2649 3327 2649 3326 2648 3328 2650 3327 2649 3328 2650 3329 2650 3330 2651 3331 2651 3332 2652 3330 2651 3332 2652 3333 2653 3333 2653 3332 2652 3334 2654 3333 2653 3334 2654 3335 2655 3335 2655 3334 2654 3336 2656 3335 2655 3336 2656 3337 2657 3337 2657 3336 2656 3338 2658 3337 2657 3338 2658 3339 2658 3340 2659 3341 2659 3342 2660 3340 2659 3342 2660 3343 2661 3343 2661 3342 2660 3344 2662 3343 2661 3344 2662 3345 2663 3345 2663 3344 2662 3346 2664 3345 2663 3346 2664 3347 2665 3347 2665 3346 2664 3348 2666 3347 2665 3348 2666 3349 2666 3350 2667 3351 2667 3352 2668 3350 2667 3352 2668 3353 2669 3353 2669 3352 2668 3354 2670 3353 2669 3354 2670 3355 2671 3355 2671 3354 2670 3356 2672 3355 2671 3356 2672 3357 2673 3357 2673 3356 2672 3358 2674 3357 2673 3358 2674 3359 2674 3360 2675 3361 2675 3362 2676 3360 2675 3362 2676 3363 2677 3363 2677 3362 2676 3364 2678 3363 2677 3364 2678 3365 2679 3365 2679 3364 2678 3366 2680 3365 2679 3366 2680 3367 2681 3367 2681 3366 2680 3368 2682 3367 2681 3368 2682 3369 2682 3370 2683 3371 2683 3372 2684 3370 2683 3372 2684 3373 2684 3373 2684 3372 2684 3374 2685 3373 2684 3374 2685 3375 2686 3375 2686 3374 2685 3376 2687 3375 2686 3376 2687 3377 2688 3377 2688 3376 2687 3378 2689 3377 2688 3378 2689 3379 2689 3380 2690 3381 2690 3382 2691 3380 2690 3382 2691 3383 2692 3383 2692 3382 2691 3384 2693 3383 2692 3384 2693 3385 2694 3385 2694 3384 2693 3386 2695 3385 2694 3386 2695 3387 2696 3387 2696 3386 2695 3388 2697 3387 2696 3388 2697 3389 2697 3390 2698 3391 2698 3392 2699 3390 2698 3392 2699 3393 2700 3393 2700 3392 2699 3394 2701 3393 2700 3394 2701 3395 2702 3395 2702 3394 2701 3396 2703 3395 2702 3396 2703 3397 2704 3397 2704 3396 2703 3398 2705 3397 2704 3398 2705 3399 2705 3400 2706 3401 2706 3402 2707 3400 2706 3402 2707 3403 2708 3403 2708 3402 2707 3404 2709 3403 2708 3404 2709 3405 2710 3405 2710 3404 2709 3406 2711 3405 2710 3406 2711 3407 2712 3407 2712 3406 2711 3408 2713 3407 2712 3408 2713 3409 2713 3410 2714 3411 2714 3412 2715 3410 2714 3412 2715 3413 2716 3413 2716 3412 2715 3414 2717 3413 2716 3414 2717 3415 2718 3415 2718 3414 2717 3416 2719 3415 2718 3416 2719 3417 2720 3417 2720 3416 2719 3418 2721 3417 2720 3418 2721 3419 2721 3420 2722 3421 2722 3422 2723 3420 2722 3422 2723 3423 2724 3423 2724 3422 2723 3424 2725 3423 2724 3424 2725 3425 2726 3425 2726 3424 2725 3426 2727 3425 2726 3426 2727 3427 2728 3427 2728 3426 2727 3428 2729 3427 2728 3428 2729 3429 2729 3430 2730 3431 2730 3432 2731 3430 2730 3432 2731 3433 2732 3433 2732 3432 2731 3434 2733 3433 2732 3434 2733 3435 2734 3435 2734 3434 2733 3436 2735 3435 2734 3436 2735 3437 2736 3437 2736 3436 2735 3438 2737 3437 2736 3438 2737 3439 2737 3440 2738 3441 2738 3442 2739 3440 2738 3442 2739 3443 2740 3443 2740 3442 2739 3444 2741 3443 2740 3444 2741 3445 2742 3445 2742 3444 2741 3446 2743 3445 2742 3446 2743 3447 2744 3447 2744 3446 2743 3448 2745 3447 2744 3448 2745 3449 2745 3450 2746 3451 2746 3452 2747 3450 2746 3452 2747 3453 2748 3453 2748 3452 2747 3454 2749 3453 2748 3454 2749 3455 2750 3455 2750 3454 2749 3456 2751 3455 2750 3456 2751 3457 2752 3457 2752 3456 2751 3458 2753 3457 2752 3458 2753 3459 2753 3460 2754 3461 2754 3462 2755 3460 2754 3462 2755 3463 2756 3463 2756 3462 2755 3464 2757 3463 2756 3464 2757 3465 2758 3465 2758 3464 2757 3466 2759 3465 2758 3466 2759 3467 2760 3467 2760 3466 2759 3468 2761 3467 2760 3468 2761 3469 2761 3470 2762 3471 2762 3472 2763 3470 2762 3472 2763 3473 2764 3473 2764 3472 2763 3474 2765 3473 2764 3474 2765 3475 2766 3475 2766 3474 2765 3476 2767 3475 2766 3476 2767 3477 2768 3477 2768 3476 2767 3478 2769 3477 2768 3478 2769 3479 2769 3480 2770 3481 2770 3482 2771 3480 2770 3482 2771 3483 2772 3483 2772 3482 2771 3484 2773 3483 2772 3484 2773 3485 2774 3485 2774 3484 2773 3486 2775 3485 2774 3486 2775 3487 2776 3487 2776 3486 2775 3488 2777 3487 2776 3488 2777 3489 2777 3490 2778 3491 2778 3492 2779 3490 2778 3492 2779 3493 2780 3493 2780 3492 2779 3494 2781 3493 2780 3494 2781 3495 2782 3495 2782 3494 2781 3496 2783 3495 2782 3496 2783 3497 2784 3497 2784 3496 2783 3498 2785 3497 2784 3498 2785 3499 2785 3500 2786 3501 2786 3502 2787 3500 2786 3502 2787 3503 2788 3503 2788 3502 2787 3504 2789 3503 2788 3504 2789 3505 2790 3505 2790 3504 2789 3506 2791 3505 2790 3506 2791 3507 2792 3507 2792 3506 2791 3508 2793 3507 2792 3508 2793 3509 2793 3510 2794 3511 2794 3512 2795 3510 2794 3512 2795 3513 2796 3513 2796 3512 2795 3514 2797 3513 2796 3514 2797 3515 2798 3515 2798 3514 2797 3516 2799 3515 2798 3516 2799 3517 2800 3517 2800 3516 2799 3518 2801 3517 2800 3518 2801 3519 2801 3520 2802 3521 2802 3522 2803 3520 2802 3522 2803 3523 2804 3523 2804 3522 2803 3524 2805 3523 2804 3524 2805 3525 2806 3525 2806 3524 2805 3526 2807 3525 2806 3526 2807 3527 2808 3527 2808 3526 2807 3528 2809 3527 2808 3528 2809 3529 2809 3530 2810 3531 2810 3532 2811 3530 2810 3532 2811 3533 2812 3533 2812 3532 2811 3534 2813 3533 2812 3534 2813 3535 2814 3535 2814 3534 2813 3536 2815 3535 2814 3536 2815 3537 2816 3537 2816 3536 2815 3538 2817 3537 2816 3538 2817 3539 2817 3540 2818 3541 2818 3542 2819 3540 2818 3542 2819 3543 2820 3543 2820 3542 2819 3544 2821 3543 2820 3544 2821 3545 2822 3545 2822 3544 2821 3546 2823 3545 2822 3546 2823 3547 2824 3547 2824 3546 2823 3548 2825 3547 2824 3548 2825 3549 2825 3550 2826 3551 2826 3552 2827 3550 2826 3552 2827 3553 2828 3553 2828 3552 2827 3554 2829 3553 2828 3554 2829 3555 2830 3555 2830 3554 2829 3556 2831 3555 2830 3556 2831 3557 2832 3557 2832 3556 2831 3558 2833 3557 2832 3558 2833 3559 2833 3560 2834 3561 2834 3562 2835 3560 2834 3562 2835 3563 2836 3563 2836 3562 2835 3564 2837 3563 2836 3564 2837 3565 2838 3565 2838 3564 2837 3566 2839 3565 2838 3566 2839 3567 2840 3567 2840 3566 2839 3568 2841 3567 2840 3568 2841 3569 2841 3570 2842 3571 2842 3572 2843 3570 2842 3572 2843 3573 2844 3573 2844 3572 2843 3574 2845 3573 2844 3574 2845 3575 2846 3575 2846 3574 2845 3576 2847 3575 2846 3576 2847 3577 2848 3577 2848 3576 2847 3578 2849 3577 2848 3578 2849 3579 2849 3580 2850 3581 2850 3582 2851 3580 2850 3582 2851 3583 2852 3583 2852 3582 2851 3584 2853 3583 2852 3584 2853 3585 2854 3585 2854 3584 2853 3586 2855 3585 2854 3586 2855 3587 2856 3587 2856 3586 2855 3588 2857 3587 2856 3588 2857 3589 2857 3590 2858 3591 2858 3592 2859 3590 2858 3592 2859 3593 2860 3593 2860 3592 2859 3594 2861 3593 2860 3594 2861 3595 2862 3595 2862 3594 2861 3596 2863 3595 2862 3596 2863 3597 2864 3597 2864 3596 2863 3598 2865 3597 2864 3598 2865 3599 2865 3600 2866 3601 2866 3602 2867 3600 2866 3602 2867 3603 2867 3603 2867 3602 2867 3604 2868 3603 2867 3604 2868 3605 2869 3605 2869 3604 2868 3606 2870 3605 2869 3606 2870 3607 2871 3607 2871 3606 2870 3608 2872 3607 2871 3608 2872 3609 2872 3610 2873 3611 2873 3612 2874 3610 2873 3612 2874 3613 2875 3613 2875 3612 2874 3614 2876 3613 2875 3614 2876 3615 2877 3615 2877 3614 2876 3616 2878 3615 2877 3616 2878 3617 2879 3617 2879 3616 2878 3618 2880 3617 2879 3618 2880 3619 2880 3620 2881 3621 2881 3622 2882 3620 2881 3622 2882 3623 2883 3623 2883 3622 2882 3624 2884 3623 2883 3624 2884 3625 2885 3625 2885 3624 2884 3626 2886 3625 2885 3626 2886 3627 2887 3627 2887 3626 2886 3628 2888 3627 2887 3628 2888 3629 2888 3630 2889 3631 2889 3632 2890 3630 2889 3632 2890 3633 2891 3633 2891 3632 2890 3634 2892 3633 2891 3634 2892 3635 2893 3635 2893 3634 2892 3636 2894 3635 2893 3636 2894 3637 2895 3637 2895 3636 2894 3638 2896 3637 2895 3638 2896 3639 2896 3640 2897 3641 2897 3642 2898 3640 2897 3642 2898 3643 2899 3643 2899 3642 2898 3644 2900 3643 2899 3644 2900 3645 2901 3645 2901 3644 2900 3646 2902 3645 2901 3646 2902 3647 2903 3647 2903 3646 2902 3648 2904 3647 2903 3648 2904 3649 2904 3650 2905 3651 2905 3652 2906 3650 2905 3652 2906 3653 2907 3653 2907 3652 2906 3654 2908 3653 2907 3654 2908 3655 2909 3655 2909 3654 2908 3656 2910 3655 2909 3656 2910 3657 2911 3657 2911 3656 2910 3658 2912 3657 2911 3658 2912 3659 2912 3660 2913 3661 2913 3662 2914 3660 2913 3662 2914 3663 2915 3663 2915 3662 2914 3664 2916 3663 2915 3664 2916 3665 2917 3665 2917 3664 2916 3666 2918 3665 2917 3666 2918 3667 2919 3667 2919 3666 2918 3668 2920 3667 2919 3668 2920 3669 2920 3670 2921 3671 2921 3672 2922 3670 2921 3672 2922 3673 2923 3673 2923 3672 2922 3674 2924 3673 2923 3674 2924 3675 2925 3675 2925 3674 2924 3676 2926 3675 2925 3676 2926 3677 2927 3677 2927 3676 2926 3678 2928 3677 2927 3678 2928 3679 2928 3680 2929 3681 2929 3682 2930 3680 2929 3682 2930 3683 2931 3683 2931 3682 2930 3684 2932 3683 2931 3684 2932 3685 2933 3685 2933 3684 2932 3686 2934 3685 2933 3686 2934 3687 2935 3687 2935 3686 2934 3688 2936 3687 2935 3688 2936 3689 2936 3690 2937 3691 2937 3692 2938 3690 2937 3692 2938 3693 2939 3693 2939 3692 2938 3694 2940 3693 2939 3694 2940 3695 2941 3695 2941 3694 2940 3696 2942 3695 2941 3696 2942 3697 2943 3697 2943 3696 2942 3698 2944 3697 2943 3698 2944 3699 2944 3700 2945 3701 2945 3702 2946 3700 2945 3702 2946 3703 2947 3703 2947 3702 2946 3704 2948 3703 2947 3704 2948 3705 2949 3705 2949 3704 2948 3706 2950 3705 2949 3706 2950 3707 2951 3707 2951 3706 2950 3708 2952 3707 2951 3708 2952 3709 2952 3710 2953 3711 2953 3712 2954 3710 2953 3712 2954 3713 2955 3713 2955 3712 2954 3714 2956 3713 2955 3714 2956 3715 2957 3715 2957 3714 2956 3716 2958 3715 2957 3716 2958 3717 2959 3717 2959 3716 2958 3718 2960 3717 2959 3718 2960 3719 2960 3720 2961 3721 2961 3722 2962 3720 2961 3722 2962 3723 2963 3723 2963 3722 2962 3724 2964 3723 2963 3724 2964 3725 2965 3725 2965 3724 2964 3726 2966 3725 2965 3726 2966 3727 2967 3727 2967 3726 2966 3728 2968 3727 2967 3728 2968 3729 2968 3730 2969 3731 2969 3732 2970 3730 2969 3732 2970 3733 2971 3733 2971 3732 2970 3734 2972 3733 2971 3734 2972 3735 2973 3735 2973 3734 2972 3736 2974 3735 2973 3736 2974 3737 2975 3737 2975 3736 2974 3738 2976 3737 2975 3738 2976 3739 2976 3740 2977 3741 2977 3742 2978 3740 2977 3742 2978 3743 2979 3743 2979 3742 2978 3744 2980 3743 2979 3744 2980 3745 2981 3745 2981 3744 2980 3746 2982 3745 2981 3746 2982 3747 2983 3747 2983 3746 2982 3748 2777 3747 2983 3748 2777 3749 2777 3750 2984 3751 2984 3752 1497 3750 2984 3752 1497 3753 2985 3753 2985 3752 1497 3754 2986 3753 2985 3754 2986 3755 2987 3755 2987 3754 2986 3756 2988 3755 2987 3756 2988 3757 2989 3757 2989 3756 2988 3758 2990 3757 2989 3758 2990 3759 2990 3760 2991 3761 2991 3762 2992 3760 2991 3762 2992 3763 2993 3763 2993 3762 2992 3764 2994 3763 2993 3764 2994 3765 2995 3765 2995 3764 2994 3766 2996 3765 2995 3766 2996 3767 2997 3767 2997 3766 2996 3768 2998 3767 2997 3768 2998 3769 2998 3770 2999 3771 2999 3772 3000 3770 2999 3772 3000 3773 3001 3773 3001 3772 3000 3774 3002 3773 3001 3774 3002 3775 3003 3775 3003 3774 3002 3776 3004 3775 3003 3776 3004 3777 3005 3777 3005 3776 3004 3778 3006 3777 3005 3778 3006 3779 3006 3780 3007 3781 3007 3782 3008 3780 3007 3782 3008 3783 3009 3783 3009 3782 3008 3784 3010 3783 3009 3784 3010 3785 3011 3785 3011 3784 3010 3786 3012 3785 3011 3786 3012 3787 3013 3787 3013 3786 3012 3788 3014 3787 3013 3788 3014 3789 3014 3790 3015 3791 3015 3792 3016 3790 3015 3792 3016 3793 3017 3793 3017 3792 3016 3794 3018 3793 3017 3794 3018 3795 3019 3795 3019 3794 3018 3796 3020 3795 3019 3796 3020 3797 3021 3797 3021 3796 3020 3798 3022 3797 3021 3798 3022 3799 3022 3800 3023 3801 3023 3802 3024 3800 3023 3802 3024 3803 3025 3803 3025 3802 3024 3804 3026 3803 3025 3804 3026 3805 3027 3805 3027 3804 3026 3806 3028 3805 3027 3806 3028 3807 3029 3807 3029 3806 3028 3808 3030 3807 3029 3808 3030 3809 3030 3810 3031 3811 3031 3812 3032 3810 3031 3812 3032 3813 3033 3813 3033 3812 3032 3814 3034 3813 3033 3814 3034 3815 3035 3815 3035 3814 3034 3816 3036 3815 3035 3816 3036 3817 3037 3817 3037 3816 3036 3818 3038 3817 3037 3818 3038 3819 3038 3820 3039 3821 3039 3822 3040 3820 3039 3822 3040 3823 3041 3823 3041 3822 3040 3824 3042 3823 3041 3824 3042 3825 3043 3825 3043 3824 3042 3826 3044 3825 3043 3826 3044 3827 3045 3827 3045 3826 3044 3828 3046 3827 3045 3828 3046 3829 3046 3830 3047 3831 3047 3832 3048 3830 3047 3832 3048 3833 3049 3833 3049 3832 3048 3834 3050 3833 3049 3834 3050 3835 3051 3835 3051 3834 3050 3836 3052 3835 3051 3836 3052 3837 3053 3837 3053 3836 3052 3838 3054 3837 3053 3838 3054 3839 3054 3840 3055 3841 3055 3842 3056 3840 3055 3842 3056 3843 3057 3843 3057 3842 3056 3844 3058 3843 3057 3844 3058 3845 3059 3845 3059 3844 3058 3846 3060 3845 3059 3846 3060 3847 3061 3847 3061 3846 3060 3848 3062 3847 3061 3848 3062 3849 3062 3850 3063 3851 3063 3852 3064 3850 3063 3852 3064 3853 3065 3853 3065 3852 3064 3854 3066 3853 3065 3854 3066 3855 3067 3855 3067 3854 3066 3856 3068 3855 3067 3856 3068 3857 3069 3857 3069 3856 3068 3858 3070 3857 3069 3858 3070 3859 3070 3860 3071 3861 3071 3862 3072 3860 3071 3862 3072 3863 3073 3863 3073 3862 3072 3864 3074 3863 3073 3864 3074 3865 3075 3865 3075 3864 3074 3866 3076 3865 3075 3866 3076 3867 3077 3867 3077 3866 3076 3868 3078 3867 3077 3868 3078 3869 3078 3870 3079 3871 3079 3872 3080 3870 3079 3872 3080 3873 3081 3873 3081 3872 3080 3874 3082 3873 3081 3874 3082 3875 3083 3875 3083 3874 3082 3876 3084 3875 3083 3876 3084 3877 3085 3877 3085 3876 3084 3878 3086 3877 3085 3878 3086 3879 3086 3880 3087 3881 3087 3882 3088 3880 3087 3882 3088 3883 3089 3883 3089 3882 3088 3884 3090 3883 3089 3884 3090 3885 3091 3885 3091 3884 3090 3886 3092 3885 3091 3886 3092 3887 3093 3887 3093 3886 3092 3888 3094 3887 3093 3888 3094 3889 3094 3890 3095 3891 3095 3892 3096 3890 3095 3892 3096 3893 3097 3893 3097 3892 3096 3894 3098 3893 3097 3894 3098 3895 3099 3895 3099 3894 3098 3896 3100 3895 3099 3896 3100 3897 3101 3897 3101 3896 3100 3898 3102 3897 3101 3898 3102 3899 3102 3900 3103 3901 3103 3902 3104 3900 3103 3902 3104 3903 3104 3903 3104 3902 3104 3904 3105 3903 3104 3904 3105 3905 3106 3905 3106 3904 3105 3906 3107 3905 3106 3906 3107 3907 3108 3907 3108 3906 3107 3908 3109 3907 3108 3908 3109 3909 3109 3910 3110 3911 3110 3912 3111 3910 3110 3912 3111 3913 3112 3913 3112 3912 3111 3914 3113 3913 3112 3914 3113 3915 3114 3915 3114 3914 3113 3916 3115 3915 3114 3916 3115 3917 3116 3917 3116 3916 3115 3918 3117 3917 3116 3918 3117 3919 3117 3920 3118 3921 3118 3922 3119 3920 3118 3922 3119 3923 3120 3923 3120 3922 3119 3924 3121 3923 3120 3924 3121 3925 3122 3925 3122 3924 3121 3926 3123 3925 3122 3926 3123 3927 3124 3927 3124 3926 3123 3928 3125 3927 3124 3928 3125 3929 3125 3930 3126 3931 3126 3932 3127 3930 3126 3932 3127 3933 3128 3933 3128 3932 3127 3934 3129 3933 3128 3934 3129 3935 3130 3935 3130 3934 3129 3936 3131 3935 3130 3936 3131 3937 3132 3937 3132 3936 3131 3938 3133 3937 3132 3938 3133 3939 3133 3940 3134 3941 3134 3942 3135 3940 3134 3942 3135 3943 3136 3943 3136 3942 3135 3944 3137 3943 3136 3944 3137 3945 3138 3945 3138 3944 3137 3946 3139 3945 3138 3946 3139 3947 3140 3947 3140 3946 3139 3948 3141 3947 3140 3948 3141 3949 3141 3950 3142 3951 3142 3952 3143 3950 3142 3952 3143 3953 3144 3953 3144 3952 3143 3954 3145 3953 3144 3954 3145 3955 3146 3955 3146 3954 3145 3956 3147 3955 3146 3956 3147 3957 3148 3957 3148 3956 3147 3958 3149 3957 3148 3958 3149 3959 3149 3960 3150 3961 3150 3962 3151 3960 3150 3962 3151 3963 3152 3963 3152 3962 3151 3964 3153 3963 3152 3964 3153 3965 3154 3965 3154 3964 3153 3966 3155 3965 3154 3966 3155 3967 3156 3967 3156 3966 3155 3968 3157 3967 3156 3968 3157 3969 3157 3970 3158 3971 3158 3972 3159 3970 3158 3972 3159 3973 3159 3973 3159 3972 3159 3974 3160 3973 3159 3974 3160 3975 3161 3975 3161 3974 3160 3976 3162 3975 3161 3976 3162 3977 3163 3977 3163 3976 3162 3978 3164 3977 3163 3978 3164 3979 3164 3980 3165 3981 3165 3982 3166 3980 3165 3982 3166 3983 3167 3983 3167 3982 3166 3984 3168 3983 3167 3984 3168 3985 3169 3985 3169 3984 3168 3986 3170 3985 3169 3986 3170 3987 3171 3987 3171 3986 3170 3988 3172 3987 3171 3988 3172 3989 3172 3990 3173 3991 3173 3992 3174 3990 3173 3992 3174 3993 3175 3993 3175 3992 3174 3994 3176 3993 3175 3994 3176 3995 3177 3995 3177 3994 3176 3996 3178 3995 3177 3996 3178 3997 3179 3997 3179 3996 3178 3998 3180 3997 3179 3998 3180 3999 3180 4000 3181 4001 3181 4002 3182 4000 3181 4002 3182 4003 3183 4003 3183 4002 3182 4004 3184 4003 3183 4004 3184 4005 3185 4005 3185 4004 3184 4006 3186 4005 3185 4006 3186 4007 3187 4007 3187 4006 3186 4008 3188 4007 3187 4008 3188 4009 3188 4010 3189 4011 3189 4012 3190 4010 3189 4012 3190 4013 3191 4013 3191 4012 3190 4014 3192 4013 3191 4014 3192 4015 3193 4015 3193 4014 3192 4016 3194 4015 3193 4016 3194 4017 3195 4017 3195 4016 3194 4018 3196 4017 3195 4018 3196 4019 3196 4020 3197 4021 3197 4022 3198 4020 3197 4022 3198 4023 3199 4023 3199 4022 3198 4024 3200 4023 3199 4024 3200 4025 3201 4025 3201 4024 3200 4026 3202 4025 3201 4026 3202 4027 3203 4027 3203 4026 3202 4028 3204 4027 3203 4028 3204 4029 3204 4030 3205 4031 3205 4032 3206 4030 3205 4032 3206 4033 3207 4033 3207 4032 3206 4034 3208 4033 3207 4034 3208 4035 3209 4035 3209 4034 3208 4036 3210 4035 3209 4036 3210 4037 3211 4037 3211 4036 3210 4038 3212 4037 3211 4038 3212 4039 3212 4040 3213 4041 3213 4042 3214 4040 3213 4042 3214 4043 3215 4043 3215 4042 3214 4044 3216 4043 3215 4044 3216 4045 3217 4045 3217 4044 3216 4046 3218 4045 3217 4046 3218 4047 3219 4047 3219 4046 3218 4048 3220 4047 3219 4048 3220 4049 3220 4050 3221 4051 3221 4052 3222 4050 3221 4052 3222 4053 3223 4053 3223 4052 3222 4054 3224 4053 3223 4054 3224 4055 3225 4055 3225 4054 3224 4056 3226 4055 3225 4056 3226 4057 3227 4057 3227 4056 3226 4058 3228 4057 3227 4058 3228 4059 3228 4060 3229 4061 3229 4062 3230 4060 3229 4062 3230 4063 3231 4063 3231 4062 3230 4064 3232 4063 3231 4064 3232 4065 3233 4065 3233 4064 3232 4066 3234 4065 3233 4066 3234 4067 3235 4067 3235 4066 3234 4068 3236 4067 3235 4068 3236 4069 3236 4070 3237 4071 3237 4072 3238 4070 3237 4072 3238 4073 3239 4073 3239 4072 3238 4074 3240 4073 3239 4074 3240 4075 3241 4075 3241 4074 3240 4076 3242 4075 3241 4076 3242 4077 3243 4077 3243 4076 3242 4078 3244 4077 3243 4078 3244 4079 3244 4080 3245 4081 3245 4082 3246 4080 3245 4082 3246 4083 3247 4083 3247 4082 3246 4084 3248 4083 3247 4084 3248 4085 3249 4085 3249 4084 3248 4086 3250 4085 3249 4086 3250 4087 3251 4087 3251 4086 3250 4088 3252 4087 3251 4088 3252 4089 3252 4090 3253 4091 3253 4092 3254 4090 3253 4092 3254 4093 3255 4093 3255 4092 3254 4094 3256 4093 3255 4094 3256 4095 3257 4095 3257 4094 3256 4096 3258 4095 3257 4096 3258 4097 3259 4097 3259 4096 3258 4098 3260 4097 3259 4098 3260 4099 3260 4100 3261 4101 3261 4102 3262 4100 3261 4102 3262 4103 3263 4103 3263 4102 3262 4104 3264 4103 3263 4104 3264 4105 3265 4105 3265 4104 3264 4106 3266 4105 3265 4106 3266 4107 3267 4107 3267 4106 3266 4108 3268 4107 3267 4108 3268 4109 3268 4110 3269 4111 3269 4112 3270 4110 3269 4112 3270 4113 3271 4113 3271 4112 3270 4114 3272 4113 3271 4114 3272 4115 3273 4115 3273 4114 3272 4116 3274 4115 3273 4116 3274 4117 3275 4117 3275 4116 3274 4118 3276 4117 3275 4118 3276 4119 3276 4120 3277 4121 3277 4122 3278 4120 3277 4122 3278 4123 3279 4123 3279 4122 3278 4124 3280 4123 3279 4124 3280 4125 3281 4125 3281 4124 3280 4126 3282 4125 3281 4126 3282 4127 3283 4127 3283 4126 3282 4128 3284 4127 3283 4128 3284 4129 3284 4130 3285 4131 3285 4132 3286 4130 3285 4132 3286 4133 3287 4133 3287 4132 3286 4134 3288 4133 3287 4134 3288 4135 3289 4135 3289 4134 3288 4136 3290 4135 3289 4136 3290 4137 3291 4137 3291 4136 3290 4138 3292 4137 3291 4138 3292 4139 3292 4140 3293 4141 3293 4142 3294 4140 3293 4142 3294 4143 3295 4143 3295 4142 3294 4144 3296 4143 3295 4144 3296 4145 3297 4145 3297 4144 3296 4146 3298 4145 3297 4146 3298 4147 3299 4147 3299 4146 3298 4148 3300 4147 3299 4148 3300 4149 3300 4150 3301 4151 3301 4152 3302 4150 3301 4152 3302 4153 3303 4153 3303 4152 3302 4154 3304 4153 3303 4154 3304 4155 3305 4155 3305 4154 3304 4156 3306 4155 3305 4156 3306 4157 3307 4157 3307 4156 3306 4158 3308 4157 3307 4158 3308 4159 3308 4160 3309 4161 3309 4162 3310 4160 3309 4162 3310 4163 3311 4163 3311 4162 3310 4164 3312 4163 3311 4164 3312 4165 3313 4165 3313 4164 3312 4166 3314 4165 3313 4166 3314 4167 3315 4167 3315 4166 3314 4168 3316 4167 3315 4168 3316 4169 3316 4170 3317 4171 3317 4172 3318 4170 3317 4172 3318 4173 3319 4173 3319 4172 3318 4174 3320 4173 3319 4174 3320 4175 3321 4175 3321 4174 3320 4176 3322 4175 3321 4176 3322 4177 3323 4177 3323 4176 3322 4178 3324 4177 3323 4178 3324 4179 3324 4180 3325 4181 3325 4182 3326 4180 3325 4182 3326 4183 3327 4183 3327 4182 3326 4184 3328 4183 3327 4184 3328 4185 3329 4185 3329 4184 3328 4186 3330 4185 3329 4186 3330 4187 3331 4187 3331 4186 3330 4188 3332 4187 3331 4188 3332 4189 3332 4190 3333 4191 3333 4192 3334 4190 3333 4192 3334 4193 3335 4193 3335 4192 3334 4194 3336 4193 3335 4194 3336 4195 3337 4195 3337 4194 3336 4196 3338 4195 3337 4196 3338 4197 3339 4197 3339 4196 3338 4198 3340 4197 3339 4198 3340 4199 3340 4200 3341 4201 3341 4202 3342 4200 3341 4202 3342 4203 3343 4203 3343 4202 3342 4204 3344 4203 3343 4204 3344 4205 3345 4205 3345 4204 3344 4206 3346 4205 3345 4206 3346 4207 3347 4207 3347 4206 3346 4208 3348 4207 3347 4208 3348 4209 3348 4210 3349 4211 3349 4212 3350 4210 3349 4212 3350 4213 3351 4213 3351 4212 3350 4214 3352 4213 3351 4214 3352 4215 3353 4215 3353 4214 3352 4216 3354 4215 3353 4216 3354 4217 3355 4217 3355 4216 3354 4218 3356 4217 3355 4218 3356 4219 3356 4220 3357 4221 3357 4222 3358 4220 3357 4222 3358 4223 3359 4223 3359 4222 3358 4224 3360 4223 3359 4224 3360 4225 3361 4225 3361 4224 3360 4226 3362 4225 3361 4226 3362 4227 3363 4227 3363 4226 3362 4228 3364 4227 3363 4228 3364 4229 3364 4230 3365 4231 3365 4232 3366 4230 3365 4232 3366 4233 3367 4233 3367 4232 3366 4234 3368 4233 3367 4234 3368 4235 3369 4235 3369 4234 3368 4236 3370 4235 3369 4236 3370 4237 3371 4237 3371 4236 3370 4238 3372 4237 3371 4238 3372 4239 3372 4240 3373 4241 3373 4242 3374 4240 3373 4242 3374 4243 3375 4243 3375 4242 3374 4244 3376 4243 3375 4244 3376 4245 3377 4245 3377 4244 3376 4246 3378 4245 3377 4246 3378 4247 3379 4247 3379 4246 3378 4248 3380 4247 3379 4248 3380 4249 3380 4250 3381 4251 3381 4252 3382 4250 3381 4252 3382 4253 3383 4253 3383 4252 3382 4254 3384 4253 3383 4254 3384 4255 3385 4255 3385 4254 3384 4256 3386 4255 3385 4256 3386 4257 3387 4257 3387 4256 3386 4258 3388 4257 3387 4258 3388 4259 3388 4260 3389 4261 3389 4262 3390 4260 3389 4262 3390 4263 3391 4263 3391 4262 3390 4264 3392 4263 3391 4264 3392 4265 3393 4265 3393 4264 3392 4266 3394 4265 3393 4266 3394 4267 3395 4267 3395 4266 3394 4268 3396 4267 3395 4268 3396 4269 3396 4270 3397 4271 3397 4272 3398 4270 3397 4272 3398 4273 3399 4273 3399 4272 3398 4274 3400 4273 3399 4274 3400 4275 3401 4275 3401 4274 3400 4276 3402 4275 3401 4276 3402 4277 3403 4277 3403 4276 3402 4278 3404 4277 3403 4278 3404 4279 3404 4280 3405 4281 3405 4282 3406 4280 3405 4282 3406 4283 3407 4283 3407 4282 3406 4284 3408 4283 3407 4284 3408 4285 3409 4285 3409 4284 3408 4286 3410 4285 3409 4286 3410 4287 3411 4287 3411 4286 3410 4288 3412 4287 3411 4288 3412 4289 3412 4290 3413 4291 3413 4292 3414 4290 3413 4292 3414 4293 3415 4293 3415 4292 3414 4294 3416 4293 3415 4294 3416 4295 3417 4295 3417 4294 3416 4296 3418 4295 3417 4296 3418 4297 3419 4297 3419 4296 3418 4298 3420 4297 3419 4298 3420 4299 3420 4300 3421 4301 3421 4302 3422 4300 3421 4302 3422 4303 3423 4303 3423 4302 3422 4304 3424 4303 3423 4304 3424 4305 3425 4305 3425 4304 3424 4306 3426 4305 3425 4306 3426 4307 3427 4307 3427 4306 3426 4308 3428 4307 3427 4308 3428 4309 3428 4310 3429 4311 3429 4312 3430 4310 3429 4312 3430 4313 3431 4313 3431 4312 3430 4314 3432 4313 3431 4314 3432 4315 3433 4315 3433 4314 3432 4316 3434 4315 3433 4316 3434 4317 3435 4317 3435 4316 3434 4318 3436 4317 3435 4318 3436 4319 3436 4320 3437 4321 3437 4322 3438 4320 3437 4322 3438 4323 3439 4323 3439 4322 3438 4324 3440 4323 3439 4324 3440 4325 3441 4325 3441 4324 3440 4326 3442 4325 3441 4326 3442 4327 3443 4327 3443 4326 3442 4328 3444 4327 3443 4328 3444 4329 3444 4330 3445 4331 3445 4332 3446 4330 3445 4332 3446 4333 3447 4333 3447 4332 3446 4334 3448 4333 3447 4334 3448 4335 3449 4335 3449 4334 3448 4336 3450 4335 3449 4336 3450 4337 3451 4337 3451 4336 3450 4338 3452 4337 3451 4338 3452 4339 3452 4340 3453 4341 3453 4342 3454 4340 3453 4342 3454 4343 3455 4343 3455 4342 3454 4344 3456 4343 3455 4344 3456 4345 3457 4345 3457 4344 3456 4346 3458 4345 3457 4346 3458 4347 3459 4347 3459 4346 3458 4348 3460 4347 3459 4348 3460 4349 3460 4350 3461 4351 3461 4352 3462 4350 3461 4352 3462 4353 3463 4353 3463 4352 3462 4354 3464 4353 3463 4354 3464 4355 3465 4355 3465 4354 3464 4356 3466 4355 3465 4356 3466 4357 3467 4357 3467 4356 3466 4358 3468 4357 3467 4358 3468 4359 3468 4360 3469 4361 3469 4362 3470 4360 3469 4362 3470 4363 3471 4363 3471 4362 3470 4364 3472 4363 3471 4364 3472 4365 3473 4365 3473 4364 3472 4366 3474 4365 3473 4366 3474 4367 3475 4367 3475 4366 3474 4368 3476 4367 3475 4368 3476 4369 3476 4370 3477 4371 3477 4372 3478 4370 3477 4372 3478 4373 3479 4373 3479 4372 3478 4374 3480 4373 3479 4374 3480 4375 3481 4375 3481 4374 3480 4376 3482 4375 3481 4376 3482 4377 3483 4377 3483 4376 3482 4378 3484 4377 3483 4378 3484 4379 3484 4380 3485 4381 3485 4382 3486 4380 3485 4382 3486 4383 3487 4383 3487 4382 3486 4384 3488 4383 3487 4384 3488 4385 3489 4385 3489 4384 3488 4386 3490 4385 3489 4386 3490 4387 3491 4387 3491 4386 3490 4388 3492 4387 3491 4388 3492 4389 3492 4390 3493 4391 3493 4392 3494 4390 3493 4392 3494 4393 3495 4393 3495 4392 3494 4394 3496 4393 3495 4394 3496 4395 3497 4395 3497 4394 3496 4396 3498 4395 3497 4396 3498 4397 3499 4397 3499 4396 3498 4398 3500 4397 3499 4398 3500 4399 3500 4400 3501 4401 3501 4402 3502 4400 3501 4402 3502 4403 3502 4403 3502 4402 3502 4404 3503 4403 3502 4404 3503 4405 3504 4405 3504 4404 3503 4406 3505 4405 3504 4406 3505 4407 3506 4407 3506 4406 3505 4408 3507 4407 3506 4408 3507 4409 3507 4410 3508 4411 3508 4412 3509 4410 3508 4412 3509 4413 3510 4413 3510 4412 3509 4414 3511 4413 3510 4414 3511 4415 3512 4415 3512 4414 3511 4416 3513 4415 3512 4416 3513 4417 3514 4417 3514 4416 3513 4418 3515 4417 3514 4418 3515 4419 3515 4420 3516 4421 3516 4422 3517 4420 3516 4422 3517 4423 3518 4423 3518 4422 3517 4424 3519 4423 3518 4424 3519 4425 3520 4425 3520 4424 3519 4426 3521 4425 3520 4426 3521 4427 3522 4427 3522 4426 3521 4428 3523 4427 3522 4428 3523 4429 3523 4430 3524 4431 3524 4432 3525 4430 3524 4432 3525 4433 3526 4433 3526 4432 3525 4434 3527 4433 3526 4434 3527 4435 3528 4435 3528 4434 3527 4436 3529 4435 3528 4436 3529 4437 3530 4437 3530 4436 3529 4438 3531 4437 3530 4438 3531 4439 3531 4440 3532 4441 3532 4442 3533 4440 3532 4442 3533 4443 3534 4443 3534 4442 3533 4444 3535 4443 3534 4444 3535 4445 3536 4445 3536 4444 3535 4446 3537 4445 3536 4446 3537 4447 3538 4447 3538 4446 3537 4448 3539 4447 3538 4448 3539 4449 3539 4450 3540 4451 3540 4452 3541 4450 3540 4452 3541 4453 3542 4453 3542 4452 3541 4454 3543 4453 3542 4454 3543 4455 3544 4455 3544 4454 3543 4456 3545 4455 3544 4456 3545 4457 3546 4457 3546 4456 3545 4458 3547 4457 3546 4458 3547 4459 3547 4460 3548 4461 3548 4462 3549 4460 3548 4462 3549 4463 3550 4463 3550 4462 3549 4464 3551 4463 3550 4464 3551 4465 3552 4465 3552 4464 3551 4466 3553 4465 3552 4466 3553 4467 3554 4467 3554 4466 3553 4468 3555 4467 3554 4468 3555 4469 3555 4470 3556 4471 3556 4472 3557 4470 3556 4472 3557 4473 3558 4473 3558 4472 3557 4474 3559 4473 3558 4474 3559 4475 3560 4475 3560 4474 3559 4476 3561 4475 3560 4476 3561 4477 3562 4477 3562 4476 3561 4478 3563 4477 3562 4478 3563 4479 3563 4480 3564 4481 3564 4482 3565 4480 3564 4482 3565 4483 3566 4483 3566 4482 3565 4484 3567 4483 3566 4484 3567 4485 3568 4485 3568 4484 3567 4486 3569 4485 3568 4486 3569 4487 3570 4487 3570 4486 3569 4488 3571 4487 3570 4488 3571 4489 3571 4490 3572 4491 3572 4492 3573 4490 3572 4492 3573 4493 3574 4493 3574 4492 3573 4494 3575 4493 3574 4494 3575 4495 3576 4495 3576 4494 3575 4496 3577 4495 3576 4496 3577 4497 3578 4497 3578 4496 3577 4498 3579 4497 3578 4498 3579 4499 3579 4500 3580 4501 3580 4502 3581 4500 3580 4502 3581 4503 3582 4503 3582 4502 3581 4504 3583 4503 3582 4504 3583 4505 3584 4505 3584 4504 3583 4506 3585 4505 3584 4506 3585 4507 3586 4507 3586 4506 3585 4508 3587 4507 3586 4508 3587 4509 3587 4510 3588 4511 3588 4512 3589 4510 3588 4512 3589 4513 3590 4513 3590 4512 3589 4514 3591 4513 3590 4514 3591 4515 3592 4515 3592 4514 3591 4516 3593 4515 3592 4516 3593 4517 3594 4517 3594 4516 3593 4518 3595 4517 3594 4518 3595 4519 3595 4520 3596 4521 3596 4522 3597 4520 3596 4522 3597 4523 3598 4523 3598 4522 3597 4524 3599 4523 3598 4524 3599 4525 3600 4525 3600 4524 3599 4526 3601 4525 3600 4526 3601 4527 3602 4527 3602 4526 3601 4528 3603 4527 3602 4528 3603 4529 3603 4530 3604 4531 3604 4532 3605 4530 3604 4532 3605 4533 3606 4533 3606 4532 3605 4534 3607 4533 3606 4534 3607 4535 3608 4535 3608 4534 3607 4536 3609 4535 3608 4536 3609 4537 3610 4537 3610 4536 3609 4538 3611 4537 3610 4538 3611 4539 3611 4540 3612 4541 3612 4542 3613 4540 3612 4542 3613 4543 3614 4543 3614 4542 3613 4544 3615 4543 3614 4544 3615 4545 3616 4545 3616 4544 3615 4546 3617 4545 3616 4546 3617 4547 3618 4547 3618 4546 3617 4548 3619 4547 3618 4548 3619 4549 3619 4550 3620 4551 3620 4552 3621 4550 3620 4552 3621 4553 3622 4553 3622 4552 3621 4554 3623 4553 3622 4554 3623 4555 3624 4555 3624 4554 3623 4556 3625 4555 3624 4556 3625 4557 3626 4557 3626 4556 3625 4558 3627 4557 3626 4558 3627 4559 3627 4560 3628 4561 3628 4562 3629 4560 3628 4562 3629 4563 3630 4563 3630 4562 3629 4564 3631 4563 3630 4564 3631 4565 3632 4565 3632 4564 3631 4566 3633 4565 3632 4566 3633 4567 3634 4567 3634 4566 3633 4568 3635 4567 3634 4568 3635 4569 3635 4570 3636 4571 3636 4572 3637 4570 3636 4572 3637 4573 3638 4573 3638 4572 3637 4574 3639 4573 3638 4574 3639 4575 3640 4575 3640 4574 3639 4576 3641 4575 3640 4576 3641 4577 3642 4577 3642 4576 3641 4578 3643 4577 3642 4578 3643 4579 3643 4580 3644 4581 3644 4582 3645 4580 3644 4582 3645 4583 3646 4583 3646 4582 3645 4584 3647 4583 3646 4584 3647 4585 3648 4585 3648 4584 3647 4586 3649 4585 3648 4586 3649 4587 3650 4587 3650 4586 3649 4588 3651 4587 3650 4588 3651 4589 3651 4590 3652 4591 3652 4592 3653 4590 3652 4592 3653 4593 3654 4593 3654 4592 3653 4594 3655 4593 3654 4594 3655 4595 3656 4595 3656 4594 3655 4596 3657 4595 3656 4596 3657 4597 3658 4597 3658 4596 3657 4598 3659 4597 3658 4598 3659 4599 3659 4600 3660 4601 3660 4602 3661 4600 3660 4602 3661 4603 3661 4603 3661 4602 3661 4604 3662 4603 3661 4604 3662 4605 3663 4605 3663 4604 3662 4606 3664 4605 3663 4606 3664 4607 3665 4607 3665 4606 3664 4608 3666 4607 3665 4608 3666 4609 3666 4610 3667 4611 3667 4612 3668 4610 3667 4612 3668 4613 3669 4613 3669 4612 3668 4614 3670 4613 3669 4614 3670 4615 3671 4615 3671 4614 3670 4616 3672 4615 3671 4616 3672 4617 3673 4617 3673 4616 3672 4618 3674 4617 3673 4618 3674 4619 3674 4620 3675 4621 3675 4622 3676 4620 3675 4622 3676 4623 3677 4623 3677 4622 3676 4624 3678 4623 3677 4624 3678 4625 3679 4625 3679 4624 3678 4626 3680 4625 3679 4626 3680 4627 3681 4627 3681 4626 3680 4628 3682 4627 3681 4628 3682 4629 3682 4630 3683 4631 3683 4632 3684 4630 3683 4632 3684 4633 3685 4633 3685 4632 3684 4634 3686 4633 3685 4634 3686 4635 3687 4635 3687 4634 3686 4636 3688 4635 3687 4636 3688 4637 3689 4637 3689 4636 3688 4638 3690 4637 3689 4638 3690 4639 3690 4640 3691 4641 3691 4642 3692 4640 3691 4642 3692 4643 3693 4643 3693 4642 3692 4644 3694 4643 3693 4644 3694 4645 3695 4645 3695 4644 3694 4646 3696 4645 3695 4646 3696 4647 3697 4647 3697 4646 3696 4648 3698 4647 3697 4648 3698 4649 3698 4650 3699 4651 3699 4652 3700 4650 3699 4652 3700 4653 3701 4653 3701 4652 3700 4654 3702 4653 3701 4654 3702 4655 3703 4655 3703 4654 3702 4656 3704 4655 3703 4656 3704 4657 3705 4657 3705 4656 3704 4658 3706 4657 3705 4658 3706 4659 3706 4660 3707 4661 3707 4662 3708 4660 3707 4662 3708 4663 3709 4663 3709 4662 3708 4664 3710 4663 3709 4664 3710 4665 3711 4665 3711 4664 3710 4666 3712 4665 3711 4666 3712 4667 3713 4667 3713 4666 3712 4668 3714 4667 3713 4668 3714 4669 3714 4670 3715 4671 3715 4672 3716 4670 3715 4672 3716 4673 3717 4673 3717 4672 3716 4674 3718 4673 3717 4674 3718 4675 3719 4675 3719 4674 3718 4676 3720 4675 3719 4676 3720 4677 3721 4677 3721 4676 3720 4678 3722 4677 3721 4678 3722 4679 3722 4680 3723 4681 3723 4682 3724 4680 3723 4682 3724 4683 3725 4683 3725 4682 3724 4684 3726 4683 3725 4684 3726 4685 3727 4685 3727 4684 3726 4686 3728 4685 3727 4686 3728 4687 3729 4687 3729 4686 3728 4688 3730 4687 3729 4688 3730 4689 3730 4690 3731 4691 3731 4692 3732 4690 3731 4692 3732 4693 3733 4693 3733 4692 3732 4694 3734 4693 3733 4694 3734 4695 3735 4695 3735 4694 3734 4696 3736 4695 3735 4696 3736 4697 3737 4697 3737 4696 3736 4698 3738 4697 3737 4698 3738 4699 3738 4700 3739 4701 3739 4702 3740 4700 3739 4702 3740 4703 3741 4703 3741 4702 3740 4704 3742 4703 3741 4704 3742 4705 3743 4705 3743 4704 3742 4706 3744 4705 3743 4706 3744 4707 3745 4707 3745 4706 3744 4708 3746 4707 3745 4708 3746 4709 3746 4710 3747 4711 3747 4712 3748 4710 3747 4712 3748 4713 3749 4713 3749 4712 3748 4714 3750 4713 3749 4714 3750 4715 3751 4715 3751 4714 3750 4716 3752 4715 3751 4716 3752 4717 3753 4717 3753 4716 3752 4718 3754 4717 3753 4718 3754 4719 3754 4720 3755 4721 3755 4722 3756 4720 3755 4722 3756 4723 3757 4723 3757 4722 3756 4724 3758 4723 3757 4724 3758 4725 3759 4725 3759 4724 3758 4726 3760 4725 3759 4726 3760 4727 3761 4727 3761 4726 3760 4728 3762 4727 3761 4728 3762 4729 3762 4730 3763 4731 3763 4732 3764 4730 3763 4732 3764 4733 3765 4733 3765 4732 3764 4734 3766 4733 3765 4734 3766 4735 3767 4735 3767 4734 3766 4736 3768 4735 3767 4736 3768 4737 3769 4737 3769 4736 3768 4738 3770 4737 3769 4738 3770 4739 3770 4740 3771 4741 3771 4742 3772 4740 3771 4742 3772 4743 3773 4743 3773 4742 3772 4744 3774 4743 3773 4744 3774 4745 3775 4745 3775 4744 3774 4746 3776 4745 3775 4746 3776 4747 3777 4747 3777 4746 3776 4748 3778 4747 3777 4748 3778 4749 3778 4750 3779 4751 3779 4752 3780 4750 3779 4752 3780 4753 3781 4753 3781 4752 3780 4754 3782 4753 3781 4754 3782 4755 3783 4755 3783 4754 3782 4756 3784 4755 3783 4756 3784 4757 3785 4757 3785 4756 3784 4758 3786 4757 3785 4758 3786 4759 3786 4760 3787 4761 3787 4762 3788 4760 3787 4762 3788 4763 3789 4763 3789 4762 3788 4764 3790 4763 3789 4764 3790 4765 3791 4765 3791 4764 3790 4766 3792 4765 3791 4766 3792 4767 3793 4767 3793 4766 3792 4768 3794 4767 3793 4768 3794 4769 3794 4770 3795 4771 3795 4772 3796 4770 3795 4772 3796 4773 3797 4773 3797 4772 3796 4774 3798 4773 3797 4774 3798 4775 3799 4775 3799 4774 3798 4776 3800 4775 3799 4776 3800 4777 3801 4777 3801 4776 3800 4778 3802 4777 3801 4778 3802 4779 3802 4780 3803 4781 3803 4782 3804 4780 3803 4782 3804 4783 3805 4783 3805 4782 3804 4784 3806 4783 3805 4784 3806 4785 3807 4785 3807 4784 3806 4786 3808 4785 3807 4786 3808 4787 3809 4787 3809 4786 3808 4788 3810 4787 3809 4788 3810 4789 3810 4790 3811 4791 3811 4792 3812 4790 3811 4792 3812 4793 3813 4793 3813 4792 3812 4794 3814 4793 3813 4794 3814 4795 3815 4795 3815 4794 3814 4796 3816 4795 3815 4796 3816 4797 3817 4797 3817 4796 3816 4798 3818 4797 3817 4798 3818 4799 3818 4800 3819 4801 3819 4802 3820 4800 3819 4802 3820 4803 3821 4803 3821 4802 3820 4804 3822 4803 3821 4804 3822 4805 3823 4805 3823 4804 3822 4806 3824 4805 3823 4806 3824 4807 3825 4807 3825 4806 3824 4808 3826 4807 3825 4808 3826 4809 3826 4810 3827 4811 3827 4812 3828 4810 3827 4812 3828 4813 3829 4813 3829 4812 3828 4814 3830 4813 3829 4814 3830 4815 3831 4815 3831 4814 3830 4816 3832 4815 3831 4816 3832 4817 3833 4817 3833 4816 3832 4818 3834 4817 3833 4818 3834 4819 3834 4820 3835 4821 3835 4822 3836 4820 3835 4822 3836 4823 3837 4823 3837 4822 3836 4824 3838 4823 3837 4824 3838 4825 3839 4825 3839 4824 3838 4826 3840 4825 3839 4826 3840 4827 3841 4827 3841 4826 3840 4828 3842 4827 3841 4828 3842 4829 3842 4830 3843 4831 3843 4832 3844 4830 3843 4832 3844 4833 3845 4833 3845 4832 3844 4834 3846 4833 3845 4834 3846 4835 3847 4835 3847 4834 3846 4836 3848 4835 3847 4836 3848 4837 3849 4837 3849 4836 3848 4838 3850 4837 3849 4838 3850 4839 3850 4840 3851 4841 3851 4842 3852 4840 3851 4842 3852 4843 3853 4843 3853 4842 3852 4844 3854 4843 3853 4844 3854 4845 3855 4845 3855 4844 3854 4846 3856 4845 3855 4846 3856 4847 3857 4847 3857 4846 3856 4848 3858 4847 3857 4848 3858 4849 3858 4850 3859 4851 3859 4852 3860 4850 3859 4852 3860 4853 3861 4853 3861 4852 3860 4854 3862 4853 3861 4854 3862 4855 3863 4855 3863 4854 3862 4856 3864 4855 3863 4856 3864 4857 3865 4857 3865 4856 3864 4858 3866 4857 3865 4858 3866 4859 3866 4860 3867 4861 3867 4862 3868 4860 3867 4862 3868 4863 3869 4863 3869 4862 3868 4864 3870 4863 3869 4864 3870 4865 3871 4865 3871 4864 3870 4866 3872 4865 3871 4866 3872 4867 3873 4867 3873 4866 3872 4868 3874 4867 3873 4868 3874 4869 3874 4870 3875 4871 3875 4872 3876 4870 3875 4872 3876 4873 3877 4873 3877 4872 3876 4874 3878 4873 3877 4874 3878 4875 3879 4875 3879 4874 3878 4876 3880 4875 3879 4876 3880 4877 3881 4877 3881 4876 3880 4878 3882 4877 3881 4878 3882 4879 3882 4880 3883 4881 3883 4882 3884 4880 3883 4882 3884 4883 3885 4883 3885 4882 3884 4884 3886 4883 3885 4884 3886 4885 3887 4885 3887 4884 3886 4886 3888 4885 3887 4886 3888 4887 3889 4887 3889 4886 3888 4888 3890 4887 3889 4888 3890 4889 3890 4890 3891 4891 3891 4892 3892 4890 3891 4892 3892 4893 3893 4893 3893 4892 3892 4894 3894 4893 3893 4894 3894 4895 3895 4895 3895 4894 3894 4896 3896 4895 3895 4896 3896 4897 3897 4897 3897 4896 3896 4898 3898 4897 3897 4898 3898 4899 3898 4900 3899 4901 3899 4902 3900 4900 3899 4902 3900 4903 3901 4903 3901 4902 3900 4904 3902 4903 3901 4904 3902 4905 3903 4905 3903 4904 3902 4906 3904 4905 3903 4906 3904 4907 3905 4907 3905 4906 3904 4908 3906 4907 3905 4908 3906 4909 3906 4910 3907 4911 3907 4912 3908 4910 3907 4912 3908 4913 3909 4913 3909 4912 3908 4914 3910 4913 3909 4914 3910 4915 3911 4915 3911 4914 3910 4916 3912 4915 3911 4916 3912 4917 3913 4917 3913 4916 3912 4918 3914 4917 3913 4918 3914 4919 3914 4920 3915 4921 3915 4922 3916 4920 3915 4922 3916 4923 3917 4923 3917 4922 3916 4924 3918 4923 3917 4924 3918 4925 3919 4925 3919 4924 3918 4926 3920 4925 3919 4926 3920 4927 3921 4927 3921 4926 3920 4928 3922 4927 3921 4928 3922 4929 3922 4930 3923 4931 3923 4932 3924 4930 3923 4932 3924 4933 3925 4933 3925 4932 3924 4934 3926 4933 3925 4934 3926 4935 3927 4935 3927 4934 3926 4936 3928 4935 3927 4936 3928 4937 3929 4937 3929 4936 3928 4938 3930 4937 3929 4938 3930 4939 3930 4940 3931 4941 3931 4942 3932 4940 3931 4942 3932 4943 3933 4943 3933 4942 3932 4944 3934 4943 3933 4944 3934 4945 3935 4945 3935 4944 3934 4946 3936 4945 3935 4946 3936 4947 3937 4947 3937 4946 3936 4948 3938 4947 3937 4948 3938 4949 3938 4950 3939 4951 3939 4952 3940 4950 3939 4952 3940 4953 3941 4953 3941 4952 3940 4954 3942 4953 3941 4954 3942 4955 3943 4955 3943 4954 3942 4956 3944 4955 3943 4956 3944 4957 3945 4957 3945 4956 3944 4958 3946 4957 3945 4958 3946 4959 3946 4960 3947 4961 3947 4962 3948 4960 3947 4962 3948 4963 3949 4963 3949 4962 3948 4964 3950 4963 3949 4964 3950 4965 3951 4965 3951 4964 3950 4966 3952 4965 3951 4966 3952 4967 3953 4967 3953 4966 3952 4968 3954 4967 3953 4968 3954 4969 3954 4970 3955 4971 3955 4972 3956 4970 3955 4972 3956 4973 3957 4973 3957 4972 3956 4974 3958 4973 3957 4974 3958 4975 3959 4975 3959 4974 3958 4976 3960 4975 3959 4976 3960 4977 3961 4977 3961 4976 3960 4978 3962 4977 3961 4978 3962 4979 3962 4980 3963 4981 3963 4982 3964 4980 3963 4982 3964 4983 3965 4983 3965 4982 3964 4984 3966 4983 3965 4984 3966 4985 3967 4985 3967 4984 3966 4986 3968 4985 3967 4986 3968 4987 3969 4987 3969 4986 3968 4988 3970 4987 3969 4988 3970 4989 3970 4990 3971 4991 3971 4992 3972 4990 3971 4992 3972 4993 3973 4993 3973 4992 3972 4994 3974 4993 3973 4994 3974 4995 3975 4995 3975 4994 3974 4996 3976 4995 3975 4996 3976 4997 3977 4997 3977 4996 3976 4998 3978 4997 3977 4998 3978 4999 3978 5000 3979 5001 3979 5002 3980 5000 3979 5002 3980 5003 3981 5003 3981 5002 3980 5004 3982 5003 3981 5004 3982 5005 3983 5005 3983 5004 3982 5006 3984 5005 3983 5006 3984 5007 3985 5007 3985 5006 3984 5008 3986 5007 3985 5008 3986 5009 3986 5010 3987 5011 3987 5012 3988 5010 3987 5012 3988 5013 3989 5013 3989 5012 3988 5014 3990 5013 3989 5014 3990 5015 3991 5015 3991 5014 3990 5016 3992 5015 3991 5016 3992 5017 3993 5017 3993 5016 3992 5018 3994 5017 3993 5018 3994 5019 3994 5020 3995 5021 3995 5022 3996 5020 3995 5022 3996 5023 3997 5023 3997 5022 3996 5024 3998 5023 3997 5024 3998 5025 3999 5025 3999 5024 3998 5026 4000 5025 3999 5026 4000 5027 4001 5027 4001 5026 4000 5028 4002 5027 4001 5028 4002 5029 4002 5030 4003 5031 4003 5032 4004 5030 4003 5032 4004 5033 4005 5033 4005 5032 4004 5034 4006 5033 4005 5034 4006 5035 4007 5035 4007 5034 4006 5036 4008 5035 4007 5036 4008 5037 4009 5037 4009 5036 4008 5038 4010 5037 4009 5038 4010 5039 4010 5040 4011 5041 4011 5042 4012 5040 4011 5042 4012 5043 4013 5043 4013 5042 4012 5044 4014 5043 4013 5044 4014 5045 4015 5045 4015 5044 4014 5046 4016 5045 4015 5046 4016 5047 4017 5047 4017 5046 4016 5048 4018 5047 4017 5048 4018 5049 4018 5050 4019 5051 4019 5052 4020 5050 4019 5052 4020 5053 4021 5053 4021 5052 4020 5054 4022 5053 4021 5054 4022 5055 4023 5055 4023 5054 4022 5056 4024 5055 4023 5056 4024 5057 4025 5057 4025 5056 4024 5058 4026 5057 4025 5058 4026 5059 4026 5060 4027 5061 4027 5062 4028 5060 4027 5062 4028 5063 4029 5063 4029 5062 4028 5064 4030 5063 4029 5064 4030 5065 4031 5065 4031 5064 4030 5066 4032 5065 4031 5066 4032 5067 4033 5067 4033 5066 4032 5068 4034 5067 4033 5068 4034 5069 4034 5070 4035 5071 4035 5072 4036 5070 4035 5072 4036 5073 4037 5073 4037 5072 4036 5074 4038 5073 4037 5074 4038 5075 4039 5075 4039 5074 4038 5076 4040 5075 4039 5076 4040 5077 4041 5077 4041 5076 4040 5078 4042 5077 4041 5078 4042 5079 4042 5080 4043 5081 4043 5082 4044 5080 4043 5082 4044 5083 4045 5083 4045 5082 4044 5084 4046 5083 4045 5084 4046 5085 4047 5085 4047 5084 4046 5086 4048 5085 4047 5086 4048 5087 4049 5087 4049 5086 4048 5088 4050 5087 4049 5088 4050 5089 4050 5090 4051 5091 4051 5092 4052 5090 4051 5092 4052 5093 4053 5093 4053 5092 4052 5094 4054 5093 4053 5094 4054 5095 4055 5095 4055 5094 4054 5096 4056 5095 4055 5096 4056 5097 4057 5097 4057 5096 4056 5098 4058 5097 4057 5098 4058 5099 4058 5100 4059 5101 4059 5102 4060 5100 4059 5102 4060 5103 4060 5103 4060 5102 4060 5104 4061 5103 4060 5104 4061 5105 4062 5105 4062 5104 4061 5106 4063 5105 4062 5106 4063 5107 4064 5107 4064 5106 4063 5108 4065 5107 4064 5108 4065 5109 4065 5110 4066 5111 4066 5112 4067 5110 4066 5112 4067 5113 4068 5113 4068 5112 4067 5114 4069 5113 4068 5114 4069 5115 4070 5115 4070 5114 4069 5116 4071 5115 4070 5116 4071 5117 4072 5117 4072 5116 4071 5118 4073 5117 4072 5118 4073 5119 4073 5120 4074 5121 4074 5122 4075 5120 4074 5122 4075 5123 4076 5123 4076 5122 4075 5124 4077 5123 4076 5124 4077 5125 4078 5125 4078 5124 4077 5126 4079 5125 4078 5126 4079 5127 4080 5127 4080 5126 4079 5128 4081 5127 4080 5128 4081 5129 4081 5130 4082 5131 4082 5132 4083 5130 4082 5132 4083 5133 4084 5133 4084 5132 4083 5134 4085 5133 4084 5134 4085 5135 4086 5135 4086 5134 4085 5136 4087 5135 4086 5136 4087 5137 4088 5137 4088 5136 4087 5138 4089 5137 4088 5138 4089 5139 4089 5140 4090 5141 4090 5142 4091 5140 4090 5142 4091 5143 4092 5143 4092 5142 4091 5144 4093 5143 4092 5144 4093 5145 4094 5145 4094 5144 4093 5146 4095 5145 4094 5146 4095 5147 4096 5147 4096 5146 4095 5148 4097 5147 4096 5148 4097 5149 4097 5150 4098 5151 4098 5152 4099 5150 4098 5152 4099 5153 4100 5153 4100 5152 4099 5154 4101 5153 4100 5154 4101 5155 4102 5155 4102 5154 4101 5156 4103 5155 4102 5156 4103 5157 4104 5157 4104 5156 4103 5158 4105 5157 4104 5158 4105 5159 4105 5160 4106 5161 4106 5162 4107 5160 4106 5162 4107 5163 4108 5163 4108 5162 4107 5164 4109 5163 4108 5164 4109 5165 4110 5165 4110 5164 4109 5166 4111 5165 4110 5166 4111 5167 4112 5167 4112 5166 4111 5168 4113 5167 4112 5168 4113 5169 4113 5170 4114 5171 4114 5172 4115 5170 4114 5172 4115 5173 4115 5173 4115 5172 4115 5174 4116 5173 4115 5174 4116 5175 4117 5175 4117 5174 4116 5176 4118 5175 4117 5176 4118 5177 4119 5177 4119 5176 4118 5178 4120 5177 4119 5178 4120 5179 4120 5180 4121 5181 4121 5182 4122 5180 4121 5182 4122 5183 4123 5183 4123 5182 4122 5184 4124 5183 4123 5184 4124 5185 4125 5185 4125 5184 4124 5186 4126 5185 4125 5186 4126 5187 4127 5187 4127 5186 4126 5188 4128 5187 4127 5188 4128 5189 4128 5190 4129 5191 4129 5192 4130 5190 4129 5192 4130 5193 4131 5193 4131 5192 4130 5194 4132 5193 4131 5194 4132 5195 4133 5195 4133 5194 4132 5196 4134 5195 4133 5196 4134 5197 4135 5197 4135 5196 4134 5198 4136 5197 4135 5198 4136 5199 4136 5200 4137 5201 4137 5202 4138 5200 4137 5202 4138 5203 4138 5203 4138 5202 4138 5204 4139 5203 4138 5204 4139 5205 4140 5205 4140 5204 4139 5206 4141 5205 4140 5206 4141 5207 4142 5207 4142 5206 4141 5208 4143 5207 4142 5208 4143 5209 4143 5210 4144 5211 4144 5212 4145 5210 4144 5212 4145 5213 4146 5213 4146 5212 4145 5214 4147 5213 4146 5214 4147 5215 4148 5215 4148 5214 4147 5216 4149 5215 4148 5216 4149 5217 4150 5217 4150 5216 4149 5218 4151 5217 4150 5218 4151 5219 4151 5220 4152 5221 4152 5222 4153 5220 4152 5222 4153 5223 4154 5223 4154 5222 4153 5224 4155 5223 4154 5224 4155 5225 4156 5225 4156 5224 4155 5226 4157 5225 4156 5226 4157 5227 4158 5227 4158 5226 4157 5228 4159 5227 4158 5228 4159 5229 4159 5230 4160 5231 4160 5232 4161 5230 4160 5232 4161 5233 4162 5233 4162 5232 4161 5234 4163 5233 4162 5234 4163 5235 4164 5235 4164 5234 4163 5236 4165 5235 4164 5236 4165 5237 4166 5237 4166 5236 4165 5238 4167 5237 4166 5238 4167 5239 4167 5240 4168 5241 4168 5242 4169 5240 4168 5242 4169 5243 4170 5243 4170 5242 4169 5244 4171 5243 4170 5244 4171 5245 4172 5245 4172 5244 4171 5246 4173 5245 4172 5246 4173 5247 4174 5247 4174 5246 4173 5248 4175 5247 4174 5248 4175 5249 4175 5250 4176 5251 4176 5252 4177 5250 4176 5252 4177 5253 4178 5253 4178 5252 4177 5254 4179 5253 4178 5254 4179 5255 4180 5255 4180 5254 4179 5256 4181 5255 4180 5256 4181 5257 4182 5257 4182 5256 4181 5258 4183 5257 4182 5258 4183 5259 4183 5260 4184 5261 4184 5262 4185 5260 4184 5262 4185 5263 4186 5263 4186 5262 4185 5264 4187 5263 4186 5264 4187 5265 4188 5265 4188 5264 4187 5266 4189 5265 4188 5266 4189 5267 4190 5267 4190 5266 4189 5268 4191 5267 4190 5268 4191 5269 4191 5270 4192 5271 4192 5272 4193 5270 4192 5272 4193 5273 4194 5273 4194 5272 4193 5274 4195 5273 4194 5274 4195 5275 4196 5275 4196 5274 4195 5276 4197 5275 4196 5276 4197 5277 4198 5277 4198 5276 4197 5278 4199 5277 4198 5278 4199 5279 4199 5280 4200 5281 4200 5282 4201 5280 4200 5282 4201 5283 4202 5283 4202 5282 4201 5284 4203 5283 4202 5284 4203 5285 4204 5285 4204 5284 4203 5286 4205 5285 4204 5286 4205 5287 4206 5287 4206 5286 4205 5288 4207 5287 4206 5288 4207 5289 4207 5290 4208 5291 4208 5292 4209 5290 4208 5292 4209 5293 4210 5293 4210 5292 4209 5294 4211 5293 4210 5294 4211 5295 4212 5295 4212 5294 4211 5296 4213 5295 4212 5296 4213 5297 4214 5297 4214 5296 4213 5298 4215 5297 4214 5298 4215 5299 4215 5300 4216 5301 4216 5302 4217 5300 4216 5302 4217 5303 4218 5303 4218 5302 4217 5304 4219 5303 4218 5304 4219 5305 4220 5305 4220 5304 4219 5306 4221 5305 4220 5306 4221 5307 4222 5307 4222 5306 4221 5308 4223 5307 4222 5308 4223 5309 4223 5310 4224 5311 4224 5312 4225 5310 4224 5312 4225 5313 4226 5313 4226 5312 4225 5314 4227 5313 4226 5314 4227 5315 4228 5315 4228 5314 4227 5316 4229 5315 4228 5316 4229 5317 4230 5317 4230 5316 4229 5318 4231 5317 4230 5318 4231 5319 4231 5320 4232 5321 4232 5322 4233 5320 4232 5322 4233 5323 4234 5323 4234 5322 4233 5324 4235 5323 4234 5324 4235 5325 4236 5325 4236 5324 4235 5326 4237 5325 4236 5326 4237 5327 4238 5327 4238 5326 4237 5328 4239 5327 4238 5328 4239 5329 4239 5330 4240 5331 4240 5332 4241 5330 4240 5332 4241 5333 4242 5333 4242 5332 4241 5334 4243 5333 4242 5334 4243 5335 4244 5335 4244 5334 4243 5336 4245 5335 4244 5336 4245 5337 4246 5337 4246 5336 4245 5338 4247 5337 4246 5338 4247 5339 4247 5340 4248 5341 4248 5342 4249 5340 4248 5342 4249 5343 4250 5343 4250 5342 4249 5344 4251 5343 4250 5344 4251 5345 4252 5345 4252 5344 4251 5346 4253 5345 4252 5346 4253 5347 4254 5347 4254 5346 4253 5348 4255 5347 4254 5348 4255 5349 4255 5350 4256 5351 4256 5352 4257 5350 4256 5352 4257 5353 4258 5353 4258 5352 4257 5354 4259 5353 4258 5354 4259 5355 4260 5355 4260 5354 4259 5356 4261 5355 4260 5356 4261 5357 4262 5357 4262 5356 4261 5358 4263 5357 4262 5358 4263 5359 4263 5360 4264 5361 4264 5362 4265 5360 4264 5362 4265 5363 4266 5363 4266 5362 4265 5364 4267 5363 4266 5364 4267 5365 4268 5365 4268 5364 4267 5366 4269 5365 4268 5366 4269 5367 4270 5367 4270 5366 4269 5368 4271 5367 4270 5368 4271 5369 4271 5370 4272 5371 4272 5372 4273 5370 4272 5372 4273 5373 4274 5373 4274 5372 4273 5374 4275 5373 4274 5374 4275 5375 4276 5375 4276 5374 4275 5376 4277 5375 4276 5376 4277 5377 4278 5377 4278 5376 4277 5378 4279 5377 4278 5378 4279 5379 4279 5380 4280 5381 4280 5382 4281 5380 4280 5382 4281 5383 4282 5383 4282 5382 4281 5384 4283 5383 4282 5384 4283 5385 4284 5385 4284 5384 4283 5386 4285 5385 4284 5386 4285 5387 4286 5387 4286 5386 4285 5388 4287 5387 4286 5388 4287 5389 4287 5390 4288 5391 4288 5392 4289 5390 4288 5392 4289 5393 4290 5393 4290 5392 4289 5394 4291 5393 4290 5394 4291 5395 4292 5395 4292 5394 4291 5396 4293 5395 4292 5396 4293 5397 4294 5397 4294 5396 4293 5398 4295 5397 4294 5398 4295 5399 4295 5400 4296 5401 4296 5402 4297 5400 4296 5402 4297 5403 4297 5403 4297 5402 4297 5404 4298 5403 4297 5404 4298 5405 4299 5405 4299 5404 4298 5406 4300 5405 4299 5406 4300 5407 4301 5407 4301 5406 4300 5408 4302 5407 4301 5408 4302 5409 4302 5410 4303 5411 4303 5412 4304 5410 4303 5412 4304 5413 4305 5413 4305 5412 4304 5414 4306 5413 4305 5414 4306 5415 4307 5415 4307 5414 4306 5416 4308 5415 4307 5416 4308 5417 4309 5417 4309 5416 4308 5418 4310 5417 4309 5418 4310 5419 4310 5420 4311 5421 4311 5422 4312 5420 4311 5422 4312 5423 4313 5423 4313 5422 4312 5424 4314 5423 4313 5424 4314 5425 4315 5425 4315 5424 4314 5426 4316 5425 4315 5426 4316 5427 4317 5427 4317 5426 4316 5428 4318 5427 4317 5428 4318 5429 4318 5430 4319 5431 4319 5432 4320 5430 4319 5432 4320 5433 4321 5433 4321 5432 4320 5434 4322 5433 4321 5434 4322 5435 4323 5435 4323 5434 4322 5436 4324 5435 4323 5436 4324 5437 4325 5437 4325 5436 4324 5438 4326 5437 4325 5438 4326 5439 4326 5440 4327 5441 4327 5442 4328 5440 4327 5442 4328 5443 4329 5443 4329 5442 4328 5444 4330 5443 4329 5444 4330 5445 4331 5445 4331 5444 4330 5446 4332 5445 4331 5446 4332 5447 4333 5447 4333 5446 4332 5448 4334 5447 4333 5448 4334 5449 4334 5450 4335 5451 4335 5452 4336 5450 4335 5452 4336 5453 4337 5453 4337 5452 4336 5454 4338 5453 4337 5454 4338 5455 4339 5455 4339 5454 4338 5456 4340 5455 4339 5456 4340 5457 4341 5457 4341 5456 4340 5458 4342 5457 4341 5458 4342 5459 4342 5460 4343 5461 4343 5462 4344 5460 4343 5462 4344 5463 4345 5463 4345 5462 4344 5464 4346 5463 4345 5464 4346 5465 4347 5465 4347 5464 4346 5466 4348 5465 4347 5466 4348 5467 4349 5467 4349 5466 4348 5468 4350 5467 4349 5468 4350 5469 4350 5470 4351 5471 4351 5472 4352 5470 4351 5472 4352 5473 4353 5473 4353 5472 4352 5474 4354 5473 4353 5474 4354 5475 4355 5475 4355 5474 4354 5476 4356 5475 4355 5476 4356 5477 4357 5477 4357 5476 4356 5478 4358 5477 4357 5478 4358 5479 4358 5480 4359 5481 4359 5482 4360 5480 4359 5482 4360 5483 4361 5483 4361 5482 4360 5484 4362 5483 4361 5484 4362 5485 4363 5485 4363 5484 4362 5486 4364 5485 4363 5486 4364 5487 4365 5487 4365 5486 4364 5488 4366 5487 4365 5488 4366 5489 4366 5490 4367 5491 4367 5492 4368 5490 4367 5492 4368 5493 4369 5493 4369 5492 4368 5494 4370 5493 4369 5494 4370 5495 4371 5495 4371 5494 4370 5496 4372 5495 4371 5496 4372 5497 4373 5497 4373 5496 4372 5498 4374 5497 4373 5498 4374 5499 4374 5500 4375 5501 4375 5502 4376 5500 4375 5502 4376 5503 4377 5503 4377 5502 4376 5504 4378 5503 4377 5504 4378 5505 4379 5505 4379 5504 4378 5506 4380 5505 4379 5506 4380 5507 4381 5507 4381 5506 4380 5508 4382 5507 4381 5508 4382 5509 4382 5510 4383 5511 4383 5512 4384 5510 4383 5512 4384 5513 4385 5513 4385 5512 4384 5514 4386 5513 4385 5514 4386 5515 4387 5515 4387 5514 4386 5516 4388 5515 4387 5516 4388 5517 4389 5517 4389 5516 4388 5518 4390 5517 4389 5518 4390 5519 4390 5520 4391 5521 4391 5522 4392 5520 4391 5522 4392 5523 4393 5523 4393 5522 4392 5524 4394 5523 4393 5524 4394 5525 4395 5525 4395 5524 4394 5526 4396 5525 4395 5526 4396 5527 4397 5527 4397 5526 4396 5528 4398 5527 4397 5528 4398 5529 4398 5530 4399 5531 4399 5532 4400 5530 4399 5532 4400 5533 4401 5533 4401 5532 4400 5534 2027 5533 4401 5534 2027 5535 4402 5535 4402 5534 2027 5536 4403 5535 4402 5536 4403 5537 4404 5537 4404 5536 4403 5538 4405 5537 4404 5538 4405 5539 4405 5540 4406 5541 4406 5542 4407 5540 4406 5542 4407 5543 4408 5543 4408 5542 4407 5544 4409 5543 4408 5544 4409 5545 4410 5545 4410 5544 4409 5546 4411 5545 4410 5546 4411 5547 4412 5547 4412 5546 4411 5548 4413 5547 4412 5548 4413 5549 4413 5550 4414 5551 4414 5552 4415 5550 4414 5552 4415 5553 4416 5553 4416 5552 4415 5554 4417 5553 4416 5554 4417 5555 4418 5555 4418 5554 4417 5556 4419 5555 4418 5556 4419 5557 4420 5557 4420 5556 4419 5558 4421 5557 4420 5558 4421 5559 4421 5560 4422 5561 4422 5562 4423 5560 4422 5562 4423 5563 4424 5563 4424 5562 4423 5564 4425 5563 4424 5564 4425 5565 4426 5565 4426 5564 4425 5566 4427 5565 4426 5566 4427 5567 4428 5567 4428 5566 4427 5568 4429 5567 4428 5568 4429 5569 4429 5570 4430 5571 4430 5572 4431 5570 4430 5572 4431 5573 4432 5573 4432 5572 4431 5574 4433 5573 4432 5574 4433 5575 4434 5575 4434 5574 4433 5576 4435 5575 4434 5576 4435 5577 4436 5577 4436 5576 4435 5578 4437 5577 4436 5578 4437 5579 4437 5580 4438 5581 4438 5582 4439 5580 4438 5582 4439 5583 4440 5583 4440 5582 4439 5584 4441 5583 4440 5584 4441 5585 4442 5585 4442 5584 4441 5586 4443 5585 4442 5586 4443 5587 4444 5587 4444 5586 4443 5588 4445 5587 4444 5588 4445 5589 4445 5590 4446 5591 4446 5592 4447 5590 4446 5592 4447 5593 4448 5593 4448 5592 4447 5594 4449 5593 4448 5594 4449 5595 4450 5595 4450 5594 4449 5596 4451 5595 4450 5596 4451 5597 4452 5597 4452 5596 4451 5598 4453 5597 4452 5598 4453 5599 4453 5600 4454 5601 4454 5602 4455 5600 4454 5602 4455 5603 4456 5603 4456 5602 4455 5604 4457 5603 4456 5604 4457 5605 4458 5605 4458 5604 4457 5606 4459 5605 4458 5606 4459 5607 4460 5607 4460 5606 4459 5608 4461 5607 4460 5608 4461 5609 4461 5610 4462 5611 4462 5612 4463 5610 4462 5612 4463 5613 4464 5613 4464 5612 4463 5614 4465 5613 4464 5614 4465 5615 4466 5615 4466 5614 4465 5616 4467 5615 4466 5616 4467 5617 4468 5617 4468 5616 4467 5618 4469 5617 4468 5618 4469 5619 4469 5620 4470 5621 4470 5622 4471 5620 4470 5622 4471 5623 4472 5623 4472 5622 4471 5624 4473 5623 4472 5624 4473 5625 4474 5625 4474 5624 4473 5626 4475 5625 4474 5626 4475 5627 4476 5627 4476 5626 4475 5628 4477 5627 4476 5628 4477 5629 4477 5630 4478 5631 4478 5632 4479 5630 4478 5632 4479 5633 4480 5633 4480 5632 4479 5634 4481 5633 4480 5634 4481 5635 4482 5635 4482 5634 4481 5636 4483 5635 4482 5636 4483 5637 4484 5637 4484 5636 4483 5638 4485 5637 4484 5638 4485 5639 4485 5640 4486 5641 4486 5642 4487 5640 4486 5642 4487 5643 4488 5643 4488 5642 4487 5644 4489 5643 4488 5644 4489 5645 4490 5645 4490 5644 4489 5646 4491 5645 4490 5646 4491 5647 4492 5647 4492 5646 4491 5648 4493 5647 4492 5648 4493 5649 4493 5650 4494 5651 4494 5652 4495 5650 4494 5652 4495 5653 4496 5653 4496 5652 4495 5654 4497 5653 4496 5654 4497 5655 4498 5655 4498 5654 4497 5656 4499 5655 4498 5656 4499 5657 4500 5657 4500 5656 4499 5658 4501 5657 4500 5658 4501 5659 4501 5660 4502 5661 4502 5662 4503 5660 4502 5662 4503 5663 4504 5663 4504 5662 4503 5664 4505 5663 4504 5664 4505 5665 4506 5665 4506 5664 4505 5666 4507 5665 4506 5666 4507 5667 4508 5667 4508 5666 4507 5668 4509 5667 4508 5668 4509 5669 4509 5670 4510 5671 4510 5672 4511 5670 4510 5672 4511 5673 4512 5673 4512 5672 4511 5674 4513 5673 4512 5674 4513 5675 4514 5675 4514 5674 4513 5676 4515 5675 4514 5676 4515 5677 4516 5677 4516 5676 4515 5678 4517 5677 4516 5678 4517 5679 4517 5680 4518 5681 4518 5682 4519 5680 4518 5682 4519 5683 4520 5683 4520 5682 4519 5684 4521 5683 4520 5684 4521 5685 4522 5685 4522 5684 4521 5686 4523 5685 4522 5686 4523 5687 4524 5687 4524 5686 4523 5688 4525 5687 4524 5688 4525 5689 4525 5690 4526 5691 4526 5692 4527 5690 4526 5692 4527 5693 4528 5693 4528 5692 4527 5694 4529 5693 4528 5694 4529 5695 4530 5695 4530 5694 4529 5696 4531 5695 4530 5696 4531 5697 4532 5697 4532 5696 4531 5698 4533 5697 4532 5698 4533 5699 4533 5700 4534 5701 4534 5702 4535 5700 4534 5702 4535 5703 4535 5703 4535 5702 4535 5704 4536 5703 4535 5704 4536 5705 4537 5705 4537 5704 4536 5706 4538 5705 4537 5706 4538 5707 4539 5707 4539 5706 4538 5708 4540 5707 4539 5708 4540 5709 4540 5710 4541 5711 4541 5712 4542 5710 4541 5712 4542 5713 4543 5713 4543 5712 4542 5714 4544 5713 4543 5714 4544 5715 4545 5715 4545 5714 4544 5716 4546 5715 4545 5716 4546 5717 4547 5717 4547 5716 4546 5718 4548 5717 4547 5718 4548 5719 4548 5720 4549 5721 4549 5722 4550 5720 4549 5722 4550 5723 4551 5723 4551 5722 4550 5724 4552 5723 4551 5724 4552 5725 4553 5725 4553 5724 4552 5726 4554 5725 4553 5726 4554 5727 4555 5727 4555 5726 4554 5728 4556 5727 4555 5728 4556 5729 4556 5730 4557 5731 4557 5732 4045 5730 4557 5732 4045 5733 4558 5733 4558 5732 4045 5734 4559 5733 4558 5734 4559 5735 4560 5735 4560 5734 4559 5736 4561 5735 4560 5736 4561 5737 4562 5737 4562 5736 4561 5738 4563 5737 4562 5738 4563 5739 4563 5740 4564 5741 4564 5742 4565 5740 4564 5742 4565 5743 4566 5743 4566 5742 4565 5744 4567 5743 4566 5744 4567 5745 4568 5745 4568 5744 4567 5746 4569 5745 4568 5746 4569 5747 4570 5747 4570 5746 4569 5748 4571 5747 4570 5748 4571 5749 4571 5750 4572 5751 4572 5752 4573 5750 4572 5752 4573 5753 4574 5753 4574 5752 4573 5754 4575 5753 4574 5754 4575 5755 4576 5755 4576 5754 4575 5756 4577 5755 4576 5756 4577 5757 4578 5757 4578 5756 4577 5758 4579 5757 4578 5758 4579 5759 4579 5760 4580 5761 4580 5762 4581 5760 4580 5762 4581 5763 4582 5763 4582 5762 4581 5764 4583 5763 4582 5764 4583 5765 4584 5765 4584 5764 4583 5766 4585 5765 4584 5766 4585 5767 4586 5767 4586 5766 4585 5768 4587 5767 4586 5768 4587 5769 4587 5770 4588 5771 4588 5772 4589 5770 4588 5772 4589 5773 4590 5773 4590 5772 4589 5774 4591 5773 4590 5774 4591 5775 4592 5775 4592 5774 4591 5776 4593 5775 4592 5776 4593 5777 4594 5777 4594 5776 4593 5778 4595 5777 4594 5778 4595 5779 4595 5780 4596 5781 4596 5782 4597 5780 4596 5782 4597 5783 4598 5783 4598 5782 4597 5784 4599 5783 4598 5784 4599 5785 4600 5785 4600 5784 4599 5786 4601 5785 4600 5786 4601 5787 4602 5787 4602 5786 4601 5788 4603 5787 4602 5788 4603 5789 4603 5790 4604 5791 4604 5792 4605 5790 4604 5792 4605 5793 4606 5793 4606 5792 4605 5794 4607 5793 4606 5794 4607 5795 4608 5795 4608 5794 4607 5796 4609 5795 4608 5796 4609 5797 4610 5797 4610 5796 4609 5798 4611 5797 4610 5798 4611 5799 4611 5800 4612 5801 4612 5802 4613 5800 4612 5802 4613 5803 4614 5803 4614 5802 4613 5804 4615 5803 4614 5804 4615 5805 4616 5805 4616 5804 4615 5806 4617 5805 4616 5806 4617 5807 4618 5807 4618 5806 4617 5808 4619 5807 4618 5808 4619 5809 4619 5810 4620 5811 4620 5812 4621 5810 4620 5812 4621 5813 4622 5813 4622 5812 4621 5814 4623 5813 4622 5814 4623 5815 4624 5815 4624 5814 4623 5816 4625 5815 4624 5816 4625 5817 4626 5817 4626 5816 4625 5818 4627 5817 4626 5818 4627 5819 4627 5820 4628 5821 4628 5822 4629 5820 4628 5822 4629 5823 4630 5823 4630 5822 4629 5824 4631 5823 4630 5824 4631 5825 4632 5825 4632 5824 4631 5826 4633 5825 4632 5826 4633 5827 4634 5827 4634 5826 4633 5828 4635 5827 4634 5828 4635 5829 4635 5830 4636 5831 4636 5832 4637 5830 4636 5832 4637 5833 4638 5833 4638 5832 4637 5834 4639 5833 4638 5834 4639 5835 4640 5835 4640 5834 4639 5836 4641 5835 4640 5836 4641 5837 4642 5837 4642 5836 4641 5838 4643 5837 4642 5838 4643 5839 4643 5840 4644 5841 4644 5842 4645 5840 4644 5842 4645 5843 4646 5843 4646 5842 4645 5844 4647 5843 4646 5844 4647 5845 4648 5845 4648 5844 4647 5846 4649 5845 4648 5846 4649 5847 4650 5847 4650 5846 4649 5848 4651 5847 4650 5848 4651 5849 4651 5850 4652 5851 4652 5852 4653 5850 4652 5852 4653 5853 4654 5853 4654 5852 4653 5854 4655 5853 4654 5854 4655 5855 4656 5855 4656 5854 4655 5856 4657 5855 4656 5856 4657 5857 4658 5857 4658 5856 4657 5858 4659 5857 4658 5858 4659 5859 4659 5860 4660 5861 4660 5862 4661 5860 4660 5862 4661 5863 4662 5863 4662 5862 4661 5864 4663 5863 4662 5864 4663 5865 4664 5865 4664 5864 4663 5866 4665 5865 4664 5866 4665 5867 4666 5867 4666 5866 4665 5868 4667 5867 4666 5868 4667 5869 4667 5870 4668 5871 4668 5872 4669 5870 4668 5872 4669 5873 4670 5873 4670 5872 4669 5874 4671 5873 4670 5874 4671 5875 4672 5875 4672 5874 4671 5876 4673 5875 4672 5876 4673 5877 4674 5877 4674 5876 4673 5878 4675 5877 4674 5878 4675 5879 4675 5880 4676 5881 4676 5882 4677 5880 4676 5882 4677 5883 4678 5883 4678 5882 4677 5884 4679 5883 4678 5884 4679 5885 4680 5885 4680 5884 4679 5886 4681 5885 4680 5886 4681 5887 4682 5887 4682 5886 4681 5888 4683 5887 4682 5888 4683 5889 4683 5890 4684 5891 4684 5892 4685 5890 4684 5892 4685 5893 4686 5893 4686 5892 4685 5894 4687 5893 4686 5894 4687 5895 4688 5895 4688 5894 4687 5896 4689 5895 4688 5896 4689 5897 4690 5897 4690 5896 4689 5898 4691 5897 4690 5898 4691 5899 4691 5900 4692 5901 4692 5902 4693 5900 4692 5902 4693 5903 4693 5903 4693 5902 4693 5904 4694 5903 4693 5904 4694 5905 4695 5905 4695 5904 4694 5906 4696 5905 4695 5906 4696 5907 4697 5907 4697 5906 4696 5908 4698 5907 4697 5908 4698 5909 4698 5910 4699 5911 4699 5912 4700 5910 4699 5912 4700 5913 4701 5913 4701 5912 4700 5914 4702 5913 4701 5914 4702 5915 4703 5915 4703 5914 4702 5916 4704 5915 4703 5916 4704 5917 4705 5917 4705 5916 4704 5918 4706 5917 4705 5918 4706 5919 4706 5920 4707 5921 4707 5922 4708 5920 4707 5922 4708 5923 4709 5923 4709 5922 4708 5924 4710 5923 4709 5924 4710 5925 4711 5925 4711 5924 4710 5926 4712 5925 4711 5926 4712 5927 4713 5927 4713 5926 4712 5928 4714 5927 4713 5928 4714 5929 4714 5930 4715 5931 4715 5932 4716 5930 4715 5932 4716 5933 4717 5933 4717 5932 4716 5934 4718 5933 4717 5934 4718 5935 4719 5935 4719 5934 4718 5936 4720 5935 4719 5936 4720 5937 4721 5937 4721 5936 4720 5938 4722 5937 4721 5938 4722 5939 4722 5940 4723 5941 4723 5942 4724 5940 4723 5942 4724 5943 4725 5943 4725 5942 4724 5944 4726 5943 4725 5944 4726 5945 4727 5945 4727 5944 4726 5946 4728 5945 4727 5946 4728 5947 4729 5947 4729 5946 4728 5948 4730 5947 4729 5948 4730 5949 4730 5950 4731 5951 4731 5952 4732 5950 4731 5952 4732 5953 4733 5953 4733 5952 4732 5954 4734 5953 4733 5954 4734 5955 4735 5955 4735 5954 4734 5956 4736 5955 4735 5956 4736 5957 4737 5957 4737 5956 4736 5958 4738 5957 4737 5958 4738 5959 4738 5960 4739 5961 4739 5962 4740 5960 4739 5962 4740 5963 4741 5963 4741 5962 4740 5964 4742 5963 4741 5964 4742 5965 4743 5965 4743 5964 4742 5966 4744 5965 4743 5966 4744 5967 4745 5967 4745 5966 4744 5968 4746 5967 4745 5968 4746 5969 4746 5970 4747 5971 4747 5972 4748 5970 4747 5972 4748 5973 4749 5973 4749 5972 4748 5974 4750 5973 4749 5974 4750 5975 4751 5975 4751 5974 4750 5976 4752 5975 4751 5976 4752 5977 4753 5977 4753 5976 4752 5978 4754 5977 4753 5978 4754 5979 4754 5980 4755 5981 4755 5982 4756 5980 4755 5982 4756 5983 4757 5983 4757 5982 4756 5984 4758 5983 4757 5984 4758 5985 4759 5985 4759 5984 4758 5986 4760 5985 4759 5986 4760 5987 4761 5987 4761 5986 4760 5988 4762 5987 4761 5988 4762 5989 4762 5990 4763 5991 4763 5992 4764 5990 4763 5992 4764 5993 4765 5993 4765 5992 4764 5994 4766 5993 4765 5994 4766 5995 4767 5995 4767 5994 4766 5996 4768 5995 4767 5996 4768 5997 4769 5997 4769 5996 4768 5998 4770 5997 4769 5998 4770 5999 4770 6000 4771 6001 4771 6002 4772 6000 4771 6002 4772 6003 4773 6003 4773 6002 4772 6004 4774 6003 4773 6004 4774 6005 4775 6005 4775 6004 4774 6006 4776 6005 4775 6006 4776 6007 4777 6007 4777 6006 4776 6008 4778 6007 4777 6008 4778 6009 4778 6010 4779 6011 4779 6012 4780 6010 4779 6012 4780 6013 4781 6013 4781 6012 4780 6014 4782 6013 4781 6014 4782 6015 4783 6015 4783 6014 4782 6016 4784 6015 4783 6016 4784 6017 4785 6017 4785 6016 4784 6018 4786 6017 4785 6018 4786 6019 4786 6020 4787 6021 4787 6022 4788 6020 4787 6022 4788 6023 4789 6023 4789 6022 4788 6024 4790 6023 4789 6024 4790 6025 4791 6025 4791 6024 4790 6026 4792 6025 4791 6026 4792 6027 4793 6027 4793 6026 4792 6028 4794 6027 4793 6028 4794 6029 4794 6030 4795 6031 4795 6032 4796 6030 4795 6032 4796 6033 4797 6033 4797 6032 4796 6034 4798 6033 4797 6034 4798 6035 4799 6035 4799 6034 4798 6036 4800 6035 4799 6036 4800 6037 4801 6037 4801 6036 4800 6038 4802 6037 4801 6038 4802 6039 4802 6040 4803 6041 4803 6042 4804 6040 4803 6042 4804 6043 4805 6043 4805 6042 4804 6044 4806 6043 4805 6044 4806 6045 4807 6045 4807 6044 4806 6046 4808 6045 4807 6046 4808 6047 4809 6047 4809 6046 4808 6048 4810 6047 4809 6048 4810 6049 4810 6050 4811 6051 4811 6052 4812 6050 4811 6052 4812 6053 4813 6053 4813 6052 4812 6054 4814 6053 4813 6054 4814 6055 4815 6055 4815 6054 4814 6056 4816 6055 4815 6056 4816 6057 4817 6057 4817 6056 4816 6058 4818 6057 4817 6058 4818 6059 4818 6060 4819 6061 4819 6062 4820 6060 4819 6062 4820 6063 4821 6063 4821 6062 4820 6064 4822 6063 4821 6064 4822 6065 4823 6065 4823 6064 4822 6066 4824 6065 4823 6066 4824 6067 4825 6067 4825 6066 4824 6068 4826 6067 4825 6068 4826 6069 4826 6070 4827 6071 4827 6072 4828 6070 4827 6072 4828 6073 4829 6073 4829 6072 4828 6074 4830 6073 4829 6074 4830 6075 4831 6075 4831 6074 4830 6076 4832 6075 4831 6076 4832 6077 4833 6077 4833 6076 4832 6078 4834 6077 4833 6078 4834 6079 4834 6080 4835 6081 4835 6082 4836 6080 4835 6082 4836 6083 4837 6083 4837 6082 4836 6084 4838 6083 4837 6084 4838 6085 4839 6085 4839 6084 4838 6086 4840 6085 4839 6086 4840 6087 4841 6087 4841 6086 4840 6088 4842 6087 4841 6088 4842 6089 4842 6090 4843 6091 4843 6092 4844 6090 4843 6092 4844 6093 4845 6093 4845 6092 4844 6094 4846 6093 4845 6094 4846 6095 4847 6095 4847 6094 4846 6096 4848 6095 4847 6096 4848 6097 4849 6097 4849 6096 4848 6098 4850 6097 4849 6098 4850 6099 4850 6100 4851 6101 4851 6102 4852 6100 4851 6102 4852 6103 4853 6103 4853 6102 4852 6104 4854 6103 4853 6104 4854 6105 4855 6105 4855 6104 4854 6106 4856 6105 4855 6106 4856 6107 4857 6107 4857 6106 4856 6108 4858 6107 4857 6108 4858 6109 4858 6110 4859 6111 4859 6112 4860 6110 4859 6112 4860 6113 4861 6113 4861 6112 4860 6114 4862 6113 4861 6114 4862 6115 4863 6115 4863 6114 4862 6116 4864 6115 4863 6116 4864 6117 4865 6117 4865 6116 4864 6118 4866 6117 4865 6118 4866 6119 4866 6120 4867 6121 4867 6122 4868 6120 4867 6122 4868 6123 4869 6123 4869 6122 4868 6124 4870 6123 4869 6124 4870 6125 4871 6125 4871 6124 4870 6126 4872 6125 4871 6126 4872 6127 4873 6127 4873 6126 4872 6128 4874 6127 4873 6128 4874 6129 4874 6130 4875 6131 4875 6132 4876 6130 4875 6132 4876 6133 4877 6133 4877 6132 4876 6134 4878 6133 4877 6134 4878 6135 4879 6135 4879 6134 4878 6136 4880 6135 4879 6136 4880 6137 4881 6137 4881 6136 4880 6138 4882 6137 4881 6138 4882 6139 4882 6140 4883 6141 4883 6142 4884 6140 4883 6142 4884 6143 4885 6143 4885 6142 4884 6144 4886 6143 4885 6144 4886 6145 4887 6145 4887 6144 4886 6146 4888 6145 4887 6146 4888 6147 4889 6147 4889 6146 4888 6148 4890 6147 4889 6148 4890 6149 4890 6150 4891 6151 4891 6152 4892 6150 4891 6152 4892 6153 4893 6153 4893 6152 4892 6154 4894 6153 4893 6154 4894 6155 4895 6155 4895 6154 4894 6156 4896 6155 4895 6156 4896 6157 4897 6157 4897 6156 4896 6158 4898 6157 4897 6158 4898 6159 4898 6160 4899 6161 4899 6162 4900 6160 4899 6162 4900 6163 4901 6163 4901 6162 4900 6164 4902 6163 4901 6164 4902 6165 4903 6165 4903 6164 4902 6166 4904 6165 4903 6166 4904 6167 4905 6167 4905 6166 4904 6168 4906 6167 4905 6168 4906 6169 4906 6170 4907 6171 4907 6172 4908 6170 4907 6172 4908 6173 4909 6173 4909 6172 4908 6174 4910 6173 4909 6174 4910 6175 4911 6175 4911 6174 4910 6176 4912 6175 4911 6176 4912 6177 4913 6177 4913 6176 4912 6178 4914 6177 4913 6178 4914 6179 4914 6180 4915 6181 4915 6182 4916 6180 4915 6182 4916 6183 4917 6183 4917 6182 4916 6184 4918 6183 4917 6184 4918 6185 4919 6185 4919 6184 4918 6186 4920 6185 4919 6186 4920 6187 4921 6187 4921 6186 4920 6188 4922 6187 4921 6188 4922 6189 4922 6190 4923 6191 4923 6192 4924 6190 4923 6192 4924 6193 4925 6193 4925 6192 4924 6194 4926 6193 4925 6194 4926 6195 4927 6195 4927 6194 4926 6196 4928 6195 4927 6196 4928 6197 4929 6197 4929 6196 4928 6198 4930 6197 4929 6198 4930 6199 4930 6200 4931 6201 4931 6202 4932 6200 4931 6202 4932 6203 4933 6203 4933 6202 4932 6204 4934 6203 4933 6204 4934 6205 4935 6205 4935 6204 4934 6206 4936 6205 4935 6206 4936 6207 4937 6207 4937 6206 4936 6208 4938 6207 4937 6208 4938 6209 4938 6210 4939 6211 4939 6212 4940 6210 4939 6212 4940 6213 4941 6213 4941 6212 4940 6214 4942 6213 4941 6214 4942 6215 4943 6215 4943 6214 4942 6216 4944 6215 4943 6216 4944 6217 4945 6217 4945 6216 4944 6218 4946 6217 4945 6218 4946 6219 4946 6220 4947 6221 4947 6222 4948 6220 4947 6222 4948 6223 4949 6223 4949 6222 4948 6224 4950 6223 4949 6224 4950 6225 4951 6225 4951 6224 4950 6226 4952 6225 4951 6226 4952 6227 4953 6227 4953 6226 4952 6228 4954 6227 4953 6228 4954 6229 4954 6230 4955 6231 4955 6232 4956 6230 4955 6232 4956 6233 4957 6233 4957 6232 4956 6234 4958 6233 4957 6234 4958 6235 4959 6235 4959 6234 4958 6236 4960 6235 4959 6236 4960 6237 4961 6237 4961 6236 4960 6238 4962 6237 4961 6238 4962 6239 4962 6240 4963 6241 4963 6242 4964 6240 4963 6242 4964 6243 4965 6243 4965 6242 4964 6244 4966 6243 4965 6244 4966 6245 4967 6245 4967 6244 4966 6246 4968 6245 4967 6246 4968 6247 4969 6247 4969 6246 4968 6248 4970 6247 4969 6248 4970 6249 4970 6250 4971 6251 4971 6252 4972 6250 4971 6252 4972 6253 4973 6253 4973 6252 4972 6254 4974 6253 4973 6254 4974 6255 4975 6255 4975 6254 4974 6256 4976 6255 4975 6256 4976 6257 4977 6257 4977 6256 4976 6258 4978 6257 4977 6258 4978 6259 4978 6260 4979 6261 4979 6262 4980 6260 4979 6262 4980 6263 4981 6263 4981 6262 4980 6264 4982 6263 4981 6264 4982 6265 4983 6265 4983 6264 4982 6266 4984 6265 4983 6266 4984 6267 4985 6267 4985 6266 4984 6268 4986 6267 4985 6268 4986 6269 4986 6270 4987 6271 4987 6272 4988 6270 4987 6272 4988 6273 4989 6273 4989 6272 4988 6274 4990 6273 4989 6274 4990 6275 4991 6275 4991 6274 4990 6276 4992 6275 4991 6276 4992 6277 4993 6277 4993 6276 4992 6278 4994 6277 4993 6278 4994 6279 4994 6280 4995 6281 4995 6282 4996 6280 4995 6282 4996 6283 4997 6283 4997 6282 4996 6284 4998 6283 4997 6284 4998 6285 4999 6285 4999 6284 4998 6286 5000 6285 4999 6286 5000 6287 5001 6287 5001 6286 5000 6288 5002 6287 5001 6288 5002 6289 5002 6290 5003 6291 5003 6292 5004 6290 5003 6292 5004 6293 5005 6293 5005 6292 5004 6294 5006 6293 5005 6294 5006 6295 5007 6295 5007 6294 5006 6296 5008 6295 5007 6296 5008 6297 5009 6297 5009 6296 5008 6298 5010 6297 5009 6298 5010 6299 5010 6300 5011 6301 5011 6302 5012 6300 5011 6302 5012 6303 5013 6303 5013 6302 5012 6304 5014 6303 5013 6304 5014 6305 5015 6305 5015 6304 5014 6306 5016 6305 5015 6306 5016 6307 5017 6307 5017 6306 5016 6308 5018 6307 5017 6308 5018 6309 5018 6310 5019 6311 5019 6312 5020 6310 5019 6312 5020 6313 5021 6313 5021 6312 5020 6314 5022 6313 5021 6314 5022 6315 5023 6315 5023 6314 5022 6316 5024 6315 5023 6316 5024 6317 5025 6317 5025 6316 5024 6318 5026 6317 5025 6318 5026 6319 5026 6320 5027 6321 5027 6322 5028 6320 5027 6322 5028 6323 5029 6323 5029 6322 5028 6324 5030 6323 5029 6324 5030 6325 5031 6325 5031 6324 5030 6326 5032 6325 5031 6326 5032 6327 5033 6327 5033 6326 5032 6328 5034 6327 5033 6328 5034 6329 5034 6330 5035 6331 5035 6332 5036 6330 5035 6332 5036 6333 5037 6333 5037 6332 5036 6334 5038 6333 5037 6334 5038 6335 5039 6335 5039 6334 5038 6336 5040 6335 5039 6336 5040 6337 5041 6337 5041 6336 5040 6338 5042 6337 5041 6338 5042 6339 5042 6340 5043 6341 5043 6342 5044 6340 5043 6342 5044 6343 5045 6343 5045 6342 5044 6344 5046 6343 5045 6344 5046 6345 5047 6345 5047 6344 5046 6346 5048 6345 5047 6346 5048 6347 5049 6347 5049 6346 5048 6348 5050 6347 5049 6348 5050 6349 5050 6350 5051 6351 5051 6352 5052 6350 5051 6352 5052 6353 5053 6353 5053 6352 5052 6354 5054 6353 5053 6354 5054 6355 5055 6355 5055 6354 5054 6356 5056 6355 5055 6356 5056 6357 5057 6357 5057 6356 5056 6358 5058 6357 5057 6358 5058 6359 5058 6360 5059 6361 5059 6362 5060 6360 5059 6362 5060 6363 5061 6363 5061 6362 5060 6364 5062 6363 5061 6364 5062 6365 5063 6365 5063 6364 5062 6366 5064 6365 5063 6366 5064 6367 5065 6367 5065 6366 5064 6368 5066 6367 5065 6368 5066 6369 5066 6370 5067 6371 5067 6372 5068 6370 5067 6372 5068 6373 5069 6373 5069 6372 5068 6374 5070 6373 5069 6374 5070 6375 5071 6375 5071 6374 5070 6376 5072 6375 5071 6376 5072 6377 5073 6377 5073 6376 5072 6378 5074 6377 5073 6378 5074 6379 5074 6380 5075 6381 5075 6382 5076 6380 5075 6382 5076 6383 5077 6383 5077 6382 5076 6384 5078 6383 5077 6384 5078 6385 5079 6385 5079 6384 5078 6386 5080 6385 5079 6386 5080 6387 5081 6387 5081 6386 5080 6388 5082 6387 5081 6388 5082 6389 5082 6390 5083 6391 5083 6392 5084 6390 5083 6392 5084 6393 5085 6393 5085 6392 5084 6394 5086 6393 5085 6394 5086 6395 5087 6395 5087 6394 5086 6396 5088 6395 5087 6396 5088 6397 5089 6397 5089 6396 5088 6398 5090 6397 5089 6398 5090 6399 5090 6400 5091 6401 5091 6402 5092 6400 5091 6402 5092 6403 5093 6403 5093 6402 5092 6404 5094 6403 5093 6404 5094 6405 5095 6405 5095 6404 5094 6406 5096 6405 5095 6406 5096 6407 5097 6407 5097 6406 5096 6408 5098 6407 5097 6408 5098 6409 5098 6410 5099 6411 5099 6412 5100 6410 5099 6412 5100 6413 5101 6413 5101 6412 5100 6414 5102 6413 5101 6414 5102 6415 5103 6415 5103 6414 5102 6416 5104 6415 5103 6416 5104 6417 5105 6417 5105 6416 5104 6418 5106 6417 5105 6418 5106 6419 5106 6420 5107 6421 5107 6422 5108 6420 5107 6422 5108 6423 5108 6423 5108 6422 5108 6424 5109 6423 5108 6424 5109 6425 5110 6425 5110 6424 5109 6426 5111 6425 5110 6426 5111 6427 5112 6427 5112 6426 5111 6428 5113 6427 5112 6428 5113 6429 5113 6430 5114 6431 5114 6432 5115 6430 5114 6432 5115 6433 5116 6433 5116 6432 5115 6434 5117 6433 5116 6434 5117 6435 5118 6435 5118 6434 5117 6436 5119 6435 5118 6436 5119 6437 5120 6437 5120 6436 5119 6438 5121 6437 5120 6438 5121 6439 5121 6440 5122 6441 5122 6442 5123 6440 5122 6442 5123 6443 5124 6443 5124 6442 5123 6444 5125 6443 5124 6444 5125 6445 5126 6445 5126 6444 5125 6446 5127 6445 5126 6446 5127 6447 5128 6447 5128 6446 5127 6448 5129 6447 5128 6448 5129 6449 5129 6450 5130 6451 5130 6452 5131 6450 5130 6452 5131 6453 5132 6453 5132 6452 5131 6454 5133 6453 5132 6454 5133 6455 5134 6455 5134 6454 5133 6456 5135 6455 5134 6456 5135 6457 5136 6457 5136 6456 5135 6458 5137 6457 5136 6458 5137 6459 5137 6460 5138 6461 5138 6462 5139 6460 5138 6462 5139 6463 5140 6463 5140 6462 5139 6464 5141 6463 5140 6464 5141 6465 5142 6465 5142 6464 5141 6466 5143 6465 5142 6466 5143 6467 5144 6467 5144 6466 5143 6468 5145 6467 5144 6468 5145 6469 5145 6470 5146 6471 5146 6472 5147 6470 5146 6472 5147 6473 5148 6473 5148 6472 5147 6474 5149 6473 5148 6474 5149 6475 5150 6475 5150 6474 5149 6476 5151 6475 5150 6476 5151 6477 5152 6477 5152 6476 5151 6478 5153 6477 5152 6478 5153 6479 5153 6480 5154 6481 5154 6482 5155 6480 5154 6482 5155 6483 5156 6483 5156 6482 5155 6484 5157 6483 5156 6484 5157 6485 5158 6485 5158 6484 5157 6486 5159 6485 5158 6486 5159 6487 5160 6487 5160 6486 5159 6488 5161 6487 5160 6488 5161 6489 5161 6490 5162 6491 5162 6492 5163 6490 5162 6492 5163 6493 5164 6493 5164 6492 5163 6494 5165 6493 5164 6494 5165 6495 5166 6495 5166 6494 5165 6496 5167 6495 5166 6496 5167 6497 5168 6497 5168 6496 5167 6498 5169 6497 5168 6498 5169 6499 5169 6500 5170 6501 5170 6502 5171 6500 5170 6502 5171 6503 5172 6503 5172 6502 5171 6504 5173 6503 5172 6504 5173 6505 5174 6505 5174 6504 5173 6506 5175 6505 5174 6506 5175 6507 5176 6507 5176 6506 5175 6508 5177 6507 5176 6508 5177 6509 5177 6510 5178 6511 5178 6512 5179 6510 5178 6512 5179 6513 5180 6513 5180 6512 5179 6514 5181 6513 5180 6514 5181 6515 5182 6515 5182 6514 5181 6516 5183 6515 5182 6516 5183 6517 5184 6517 5184 6516 5183 6518 5185 6517 5184 6518 5185 6519 5185 6520 5186 6521 5186 6522 5187 6520 5186 6522 5187 6523 5187 6523 5187 6522 5187 6524 5188 6523 5187 6524 5188 6525 5189 6525 5189 6524 5188 6526 5190 6525 5189 6526 5190 6527 5191 6527 5191 6526 5190 6528 5192 6527 5191 6528 5192 6529 5192 6530 5193 6531 5193 6532 5194 6530 5193 6532 5194 6533 5195 6533 5195 6532 5194 6534 5196 6533 5195 6534 5196 6535 5197 6535 5197 6534 5196 6536 5198 6535 5197 6536 5198 6537 5199 6537 5199 6536 5198 6538 5200 6537 5199 6538 5200 6539 5200 6540 5201 6541 5201 6542 5202 6540 5201 6542 5202 6543 5203 6543 5203 6542 5202 6544 5204 6543 5203 6544 5204 6545 5205 6545 5205 6544 5204 6546 5206 6545 5205 6546 5206 6547 5207 6547 5207 6546 5206 6548 5208 6547 5207 6548 5208 6549 5208 6550 5209 6551 5209 6552 5210 6550 5209 6552 5210 6553 5211 6553 5211 6552 5210 6554 5212 6553 5211 6554 5212 6555 5213 6555 5213 6554 5212 6556 5214 6555 5213 6556 5214 6557 5215 6557 5215 6556 5214 6558 5216 6557 5215 6558 5216 6559 5216 6560 5217 6561 5217 6562 5218 6560 5217 6562 5218 6563 5219 6563 5219 6562 5218 6564 5220 6563 5219 6564 5220 6565 5221 6565 5221 6564 5220 6566 5222 6565 5221 6566 5222 6567 5223 6567 5223 6566 5222 6568 5224 6567 5223 6568 5224 6569 5224 6570 5225 6571 5225 6572 5226 6570 5225 6572 5226 6573 5227 6573 5227 6572 5226 6574 5228 6573 5227 6574 5228 6575 5229 6575 5229 6574 5228 6576 5230 6575 5229 6576 5230 6577 5231 6577 5231 6576 5230 6578 5232 6577 5231 6578 5232 6579 5232 6580 5233 6581 5233 6582 5234 6580 5233 6582 5234 6583 5235 6583 5235 6582 5234 6584 5236 6583 5235 6584 5236 6585 5237 6585 5237 6584 5236 6586 5238 6585 5237 6586 5238 6587 5239 6587 5239 6586 5238 6588 5240 6587 5239 6588 5240 6589 5240 6590 5241 6591 5241 6592 5242 6590 5241 6592 5242 6593 5243 6593 5243 6592 5242 6594 5244 6593 5243 6594 5244 6595 5245 6595 5245 6594 5244 6596 5246 6595 5245 6596 5246 6597 5247 6597 5247 6596 5246 6598 5248 6597 5247 6598 5248 6599 5248 0 5249 2 5250 1 5249 0 5249 3 5250 2 5250 3 5250 4 5251 2 5250 3 5250 5 5252 4 5251 5 5252 6 5253 4 5251 5 5252 7 5254 6 5253 7 5254 8 5255 6 5253 7 5254 9 5255 8 5255 10 5256 12 5257 11 5256 10 5256 13 5258 12 5257 13 5258 14 5259 12 5257 13 5258 15 5260 14 5259 15 5260 16 5261 14 5259 15 5260 17 5262 16 5261 17 5262 18 5263 16 5261 17 5262 19 5263 18 5263 20 5264 22 5265 21 5264 20 5264 23 5266 22 5265 23 5266 24 5267 22 5265 23 5266 25 5268 24 5267 25 5268 26 5269 24 5267 25 5268 27 5270 26 5269 27 5270 28 5271 26 5269 27 5270 29 5271 28 5271 30 5272 32 5273 31 5272 30 5272 33 5274 32 5273 33 5274 34 5275 32 5273 33 5274 35 5276 34 5275 35 5276 36 5277 34 5275 35 5276 37 5278 36 5277 37 5278 38 5279 36 5277 37 5278 39 5279 38 5279 40 5280 42 5281 41 5280 40 5280 43 5282 42 5281 43 5282 44 5283 42 5281 43 5282 45 5284 44 5283 45 5284 46 5285 44 5283 45 5284 47 5286 46 5285 47 5286 48 5287 46 5285 47 5286 49 5287 48 5287 50 5288 52 5289 51 5288 50 5288 53 5290 52 5289 53 5290 54 5291 52 5289 53 5290 55 5292 54 5291 55 5292 56 5293 54 5291 55 5292 57 5294 56 5293 57 5294 58 5295 56 5293 57 5294 59 5295 58 5295 60 5296 62 5297 61 5296 60 5296 63 5298 62 5297 63 5298 64 5299 62 5297 63 5298 65 5300 64 5299 65 5300 66 5301 64 5299 65 5300 67 5302 66 5301 67 5302 68 5303 66 5301 67 5302 69 5303 68 5303 70 5304 72 5305 71 5304 70 5304 73 5306 72 5305 73 5306 74 5307 72 5305 73 5306 75 5308 74 5307 75 5308 76 5309 74 5307 75 5308 77 5310 76 5309 77 5310 78 5311 76 5309 77 5310 79 5311 78 5311 80 5312 82 5313 81 5312 80 5312 83 5314 82 5313 83 5314 84 5315 82 5313 83 5314 85 5316 84 5315 85 5316 86 5317 84 5315 85 5316 87 5318 86 5317 87 5318 88 5319 86 5317 87 5318 89 5319 88 5319 90 5320 92 5321 91 5320 90 5320 93 5322 92 5321 93 5322 94 5323 92 5321 93 5322 95 5324 94 5323 95 5324 96 5325 94 5323 95 5324 97 5326 96 5325 97 5326 98 5327 96 5325 97 5326 99 5327 98 5327 100 5328 102 5329 101 5328 100 5328 103 5330 102 5329 103 5330 104 5331 102 5329 103 5330 105 5332 104 5331 105 5332 106 5333 104 5331 105 5332 107 5334 106 5333 107 5334 108 5335 106 5333 107 5334 109 5335 108 5335 110 5336 112 5337 111 5336 110 5336 113 5338 112 5337 113 5338 114 5339 112 5337 113 5338 115 5340 114 5339 115 5340 116 5341 114 5339 115 5340 117 5342 116 5341 117 5342 118 5343 116 5341 117 5342 119 5343 118 5343 120 5344 122 5345 121 5344 120 5344 123 5346 122 5345 123 5346 124 5347 122 5345 123 5346 125 5348 124 5347 125 5348 126 5349 124 5347 125 5348 127 5350 126 5349 127 5350 128 5351 126 5349 127 5350 129 5351 128 5351 130 5352 132 5353 131 5352 130 5352 133 5354 132 5353 133 5354 134 5355 132 5353 133 5354 135 5356 134 5355 135 5356 136 5357 134 5355 135 5356 137 5358 136 5357 137 5358 138 5359 136 5357 137 5358 139 5359 138 5359 140 5360 142 5361 141 5360 140 5360 143 5362 142 5361 143 5362 144 5363 142 5361 143 5362 145 5364 144 5363 145 5364 146 5365 144 5363 145 5364 147 5366 146 5365 147 5366 148 5367 146 5365 147 5366 149 5367 148 5367 150 5368 152 5369 151 5368 150 5368 153 5370 152 5369 153 5370 154 5371 152 5369 153 5370 155 5372 154 5371 155 5372 156 5373 154 5371 155 5372 157 5374 156 5373 157 5374 158 5375 156 5373 157 5374 159 5375 158 5375 160 5376 162 5377 161 5376 160 5376 163 5378 162 5377 163 5378 164 5379 162 5377 163 5378 165 5380 164 5379 165 5380 166 5381 164 5379 165 5380 167 5382 166 5381 167 5382 168 5383 166 5381 167 5382 169 5383 168 5383 170 5384 172 5385 171 5384 170 5384 173 5386 172 5385 173 5386 174 5387 172 5385 173 5386 175 5388 174 5387 175 5388 176 5389 174 5387 175 5388 177 5390 176 5389 177 5390 178 5391 176 5389 177 5390 179 5391 178 5391 180 5392 182 5393 181 5392 180 5392 183 5394 182 5393 183 5394 184 5395 182 5393 183 5394 185 5396 184 5395 185 5396 186 5397 184 5395 185 5396 187 5398 186 5397 187 5398 188 5399 186 5397 187 5398 189 5399 188 5399 190 5400 192 5401 191 5400 190 5400 193 5402 192 5401 193 5402 194 5403 192 5401 193 5402 195 5404 194 5403 195 5404 196 5405 194 5403 195 5404 197 5406 196 5405 197 5406 198 5407 196 5405 197 5406 199 5407 198 5407 200 5408 202 5409 201 5408 200 5408 203 5409 202 5409 203 5409 204 5410 202 5409 203 5409 205 5411 204 5410 205 5411 206 5412 204 5410 205 5411 207 5413 206 5412 207 5413 208 5414 206 5412 207 5413 209 5414 208 5414 210 5415 212 5416 211 5415 210 5415 213 5417 212 5416 213 5417 214 5418 212 5416 213 5417 215 5419 214 5418 215 5419 216 5420 214 5418 215 5419 217 5421 216 5420 217 5421 218 5422 216 5420 217 5421 219 5422 218 5422 220 5423 222 5424 221 5423 220 5423 223 5425 222 5424 223 5425 224 5426 222 5424 223 5425 225 5427 224 5426 225 5427 226 5428 224 5426 225 5427 227 5429 226 5428 227 5429 228 5430 226 5428 227 5429 229 5430 228 5430 230 5431 232 5432 231 5431 230 5431 233 5433 232 5432 233 5433 234 5434 232 5432 233 5433 235 5435 234 5434 235 5435 236 5436 234 5434 235 5435 237 5437 236 5436 237 5437 238 5438 236 5436 237 5437 239 5438 238 5438 240 5439 242 5440 241 5439 240 5439 243 5441 242 5440 243 5441 244 5442 242 5440 243 5441 245 5443 244 5442 245 5443 246 5444 244 5442 245 5443 247 5445 246 5444 247 5445 248 5446 246 5444 247 5445 249 5446 248 5446 250 5447 252 5448 251 5447 250 5447 253 5449 252 5448 253 5449 254 5450 252 5448 253 5449 255 5451 254 5450 255 5451 256 5452 254 5450 255 5451 257 5453 256 5452 257 5453 258 5454 256 5452 257 5453 259 5454 258 5454 260 5455 262 5456 261 5455 260 5455 263 5457 262 5456 263 5457 264 5458 262 5456 263 5457 265 5459 264 5458 265 5459 266 5460 264 5458 265 5459 267 5461 266 5460 267 5461 268 5462 266 5460 267 5461 269 5462 268 5462 270 5463 272 5464 271 5463 270 5463 273 5465 272 5464 273 5465 274 5466 272 5464 273 5465 275 5467 274 5466 275 5467 276 5468 274 5466 275 5467 277 5469 276 5468 277 5469 278 5470 276 5468 277 5469 279 5470 278 5470 280 5471 282 5472 281 5471 280 5471 283 5473 282 5472 283 5473 284 5474 282 5472 283 5473 285 5475 284 5474 285 5475 286 5476 284 5474 285 5475 287 5477 286 5476 287 5477 288 5478 286 5476 287 5477 289 5478 288 5478 290 5479 292 5480 291 5479 290 5479 293 5481 292 5480 293 5481 294 5482 292 5480 293 5481 295 5483 294 5482 295 5483 296 5484 294 5482 295 5483 297 5485 296 5484 297 5485 298 5486 296 5484 297 5485 299 5486 298 5486 300 5487 302 5488 301 5487 300 5487 303 5489 302 5488 303 5489 304 5490 302 5488 303 5489 305 5491 304 5490 305 5491 306 5492 304 5490 305 5491 307 5493 306 5492 307 5493 308 5494 306 5492 307 5493 309 5494 308 5494 310 5495 312 5496 311 5495 310 5495 313 5497 312 5496 313 5497 314 5498 312 5496 313 5497 315 5499 314 5498 315 5499 316 5500 314 5498 315 5499 317 5501 316 5500 317 5501 318 5502 316 5500 317 5501 319 5502 318 5502 320 5503 322 5504 321 5503 320 5503 323 5505 322 5504 323 5505 324 5506 322 5504 323 5505 325 5507 324 5506 325 5507 326 5508 324 5506 325 5507 327 5509 326 5508 327 5509 328 5510 326 5508 327 5509 329 5510 328 5510 330 5511 332 5512 331 5511 330 5511 333 5513 332 5512 333 5513 334 5514 332 5512 333 5513 335 5515 334 5514 335 5515 336 5516 334 5514 335 5515 337 5517 336 5516 337 5517 338 5518 336 5516 337 5517 339 5518 338 5518 340 5519 342 5520 341 5519 340 5519 343 5521 342 5520 343 5521 344 5522 342 5520 343 5521 345 5523 344 5522 345 5523 346 5524 344 5522 345 5523 347 5525 346 5524 347 5525 348 5526 346 5524 347 5525 349 5526 348 5526 350 5527 352 5528 351 5527 350 5527 353 5529 352 5528 353 5529 354 5530 352 5528 353 5529 355 5531 354 5530 355 5531 356 5532 354 5530 355 5531 357 5533 356 5532 357 5533 358 5534 356 5532 357 5533 359 5534 358 5534 360 5535 362 5536 361 5535 360 5535 363 5537 362 5536 363 5537 364 5538 362 5536 363 5537 365 5539 364 5538 365 5539 366 5540 364 5538 365 5539 367 5541 366 5540 367 5541 368 5542 366 5540 367 5541 369 5542 368 5542 370 5543 372 5544 371 5543 370 5543 373 5545 372 5544 373 5545 374 5546 372 5544 373 5545 375 5547 374 5546 375 5547 376 5548 374 5546 375 5547 377 5549 376 5548 377 5549 378 5550 376 5548 377 5549 379 5550 378 5550 380 5551 382 5552 381 5551 380 5551 383 5553 382 5552 383 5553 384 5554 382 5552 383 5553 385 5555 384 5554 385 5555 386 5556 384 5554 385 5555 387 5557 386 5556 387 5557 388 5558 386 5556 387 5557 389 5558 388 5558 390 5559 392 5560 391 5559 390 5559 393 5561 392 5560 393 5561 394 5562 392 5560 393 5561 395 5563 394 5562 395 5563 396 5564 394 5562 395 5563 397 5565 396 5564 397 5565 398 5566 396 5564 397 5565 399 5566 398 5566 400 5567 402 5568 401 5567 400 5567 403 5569 402 5568 403 5569 404 5570 402 5568 403 5569 405 5571 404 5570 405 5571 406 5572 404 5570 405 5571 407 5573 406 5572 407 5573 408 5574 406 5572 407 5573 409 5574 408 5574 410 5575 412 5576 411 5575 410 5575 413 5577 412 5576 413 5577 414 5578 412 5576 413 5577 415 5579 414 5578 415 5579 416 5580 414 5578 415 5579 417 5581 416 5580 417 5581 418 5582 416 5580 417 5581 419 5582 418 5582 420 5583 422 5584 421 5583 420 5583 423 5585 422 5584 423 5585 424 5586 422 5584 423 5585 425 5587 424 5586 425 5587 426 5588 424 5586 425 5587 427 5589 426 5588 427 5589 428 5590 426 5588 427 5589 429 5590 428 5590 430 5591 432 5592 431 5591 430 5591 433 5593 432 5592 433 5593 434 5594 432 5592 433 5593 435 5595 434 5594 435 5595 436 5596 434 5594 435 5595 437 5597 436 5596 437 5597 438 5598 436 5596 437 5597 439 5598 438 5598 440 5599 442 5600 441 5599 440 5599 443 5601 442 5600 443 5601 444 5602 442 5600 443 5601 445 5603 444 5602 445 5603 446 5604 444 5602 445 5603 447 5605 446 5604 447 5605 448 5606 446 5604 447 5605 449 5606 448 5606 450 5607 452 5608 451 5607 450 5607 453 5609 452 5608 453 5609 454 5610 452 5608 453 5609 455 5611 454 5610 455 5611 456 5612 454 5610 455 5611 457 5613 456 5612 457 5613 458 5614 456 5612 457 5613 459 5614 458 5614 460 5615 462 5616 461 5615 460 5615 463 5617 462 5616 463 5617 464 5618 462 5616 463 5617 465 5619 464 5618 465 5619 466 5620 464 5618 465 5619 467 5621 466 5620 467 5621 468 5622 466 5620 467 5621 469 5622 468 5622 470 5623 472 5624 471 5623 470 5623 473 5625 472 5624 473 5625 474 5626 472 5624 473 5625 475 5627 474 5626 475 5627 476 5628 474 5626 475 5627 477 5629 476 5628 477 5629 478 5630 476 5628 477 5629 479 5630 478 5630 480 5631 482 5632 481 5631 480 5631 483 5633 482 5632 483 5633 484 5634 482 5632 483 5633 485 5635 484 5634 485 5635 486 5636 484 5634 485 5635 487 5637 486 5636 487 5637 488 5638 486 5636 487 5637 489 5638 488 5638 490 5639 492 5640 491 5639 490 5639 493 5641 492 5640 493 5641 494 5642 492 5640 493 5641 495 5643 494 5642 495 5643 496 5644 494 5642 495 5643 497 5645 496 5644 497 5645 498 5646 496 5644 497 5645 499 5646 498 5646 500 5647 502 5648 501 5647 500 5647 503 5649 502 5648 503 5649 504 5650 502 5648 503 5649 505 5651 504 5650 505 5651 506 5652 504 5650 505 5651 507 5653 506 5652 507 5653 508 5654 506 5652 507 5653 509 5654 508 5654 510 5655 512 5656 511 5655 510 5655 513 5657 512 5656 513 5657 514 5658 512 5656 513 5657 515 5659 514 5658 515 5659 516 5660 514 5658 515 5659 517 5661 516 5660 517 5661 518 5662 516 5660 517 5661 519 5662 518 5662 520 5663 522 5664 521 5663 520 5663 523 5665 522 5664 523 5665 524 5666 522 5664 523 5665 525 5667 524 5666 525 5667 526 5668 524 5666 525 5667 527 5669 526 5668 527 5669 528 5670 526 5668 527 5669 529 5670 528 5670 530 5671 532 5672 531 5671 530 5671 533 5673 532 5672 533 5673 534 5674 532 5672 533 5673 535 5675 534 5674 535 5675 536 5676 534 5674 535 5675 537 5677 536 5676 537 5677 538 5678 536 5676 537 5677 539 5678 538 5678 540 5679 542 5680 541 5679 540 5679 543 5681 542 5680 543 5681 544 5682 542 5680 543 5681 545 5683 544 5682 545 5683 546 5684 544 5682 545 5683 547 5685 546 5684 547 5685 548 5686 546 5684 547 5685 549 5686 548 5686 550 5687 552 5688 551 5687 550 5687 553 5689 552 5688 553 5689 554 5690 552 5688 553 5689 555 5691 554 5690 555 5691 556 5692 554 5690 555 5691 557 5693 556 5692 557 5693 558 5694 556 5692 557 5693 559 5694 558 5694 560 5695 562 5696 561 5695 560 5695 563 5697 562 5696 563 5697 564 5698 562 5696 563 5697 565 5699 564 5698 565 5699 566 5700 564 5698 565 5699 567 5701 566 5700 567 5701 568 5702 566 5700 567 5701 569 5702 568 5702 570 5703 572 5704 571 5703 570 5703 573 5705 572 5704 573 5705 574 5706 572 5704 573 5705 575 5707 574 5706 575 5707 576 5708 574 5706 575 5707 577 5709 576 5708 577 5709 578 5710 576 5708 577 5709 579 5710 578 5710 580 5711 582 5712 581 5711 580 5711 583 5713 582 5712 583 5713 584 5714 582 5712 583 5713 585 5715 584 5714 585 5715 586 5716 584 5714 585 5715 587 5717 586 5716 587 5717 588 5718 586 5716 587 5717 589 5718 588 5718 590 5719 592 5720 591 5719 590 5719 593 5721 592 5720 593 5721 594 5722 592 5720 593 5721 595 5723 594 5722 595 5723 596 5724 594 5722 595 5723 597 5725 596 5724 597 5725 598 5726 596 5724 597 5725 599 5726 598 5726 600 5727 602 5728 601 5727 600 5727 603 5728 602 5728 603 5728 604 5729 602 5728 603 5728 605 5730 604 5729 605 5730 606 5731 604 5729 605 5730 607 5732 606 5731 607 5732 608 5733 606 5731 607 5732 609 5733 608 5733 610 5734 612 5735 611 5734 610 5734 613 5736 612 5735 613 5736 614 5737 612 5735 613 5736 615 5738 614 5737 615 5738 616 5739 614 5737 615 5738 617 5740 616 5739 617 5740 618 5741 616 5739 617 5740 619 5741 618 5741 620 5742 622 5743 621 5742 620 5742 623 5744 622 5743 623 5744 624 5745 622 5743 623 5744 625 5746 624 5745 625 5746 626 5747 624 5745 625 5746 627 5748 626 5747 627 5748 628 5749 626 5747 627 5748 629 5749 628 5749 630 5750 632 5751 631 5750 630 5750 633 5752 632 5751 633 5752 634 5753 632 5751 633 5752 635 5754 634 5753 635 5754 636 5755 634 5753 635 5754 637 5756 636 5755 637 5756 638 5757 636 5755 637 5756 639 5757 638 5757 640 5758 642 5759 641 5758 640 5758 643 5760 642 5759 643 5760 644 5761 642 5759 643 5760 645 5762 644 5761 645 5762 646 5763 644 5761 645 5762 647 5764 646 5763 647 5764 648 5765 646 5763 647 5764 649 5765 648 5765 650 5766 652 5767 651 5766 650 5766 653 5768 652 5767 653 5768 654 5769 652 5767 653 5768 655 5770 654 5769 655 5770 656 5771 654 5769 655 5770 657 5772 656 5771 657 5772 658 5773 656 5771 657 5772 659 5773 658 5773 660 5774 662 5775 661 5774 660 5774 663 5776 662 5775 663 5776 664 5777 662 5775 663 5776 665 5778 664 5777 665 5778 666 5779 664 5777 665 5778 667 5780 666 5779 667 5780 668 5781 666 5779 667 5780 669 5781 668 5781 670 5782 672 5783 671 5782 670 5782 673 5784 672 5783 673 5784 674 5785 672 5783 673 5784 675 5786 674 5785 675 5786 676 5787 674 5785 675 5786 677 5788 676 5787 677 5788 678 5789 676 5787 677 5788 679 5789 678 5789 680 5790 682 5791 681 5790 680 5790 683 5792 682 5791 683 5792 684 5793 682 5791 683 5792 685 5794 684 5793 685 5794 686 5795 684 5793 685 5794 687 5796 686 5795 687 5796 688 5797 686 5795 687 5796 689 5797 688 5797 690 5798 692 5799 691 5798 690 5798 693 5800 692 5799 693 5800 694 5801 692 5799 693 5800 695 5802 694 5801 695 5802 696 5803 694 5801 695 5802 697 5804 696 5803 697 5804 698 5805 696 5803 697 5804 699 5805 698 5805 700 5806 702 5807 701 5806 700 5806 703 5808 702 5807 703 5808 704 5809 702 5807 703 5808 705 5810 704 5809 705 5810 706 5811 704 5809 705 5810 707 5812 706 5811 707 5812 708 5813 706 5811 707 5812 709 5813 708 5813 710 5814 712 5815 711 5814 710 5814 713 5816 712 5815 713 5816 714 5817 712 5815 713 5816 715 5818 714 5817 715 5818 716 5819 714 5817 715 5818 717 5820 716 5819 717 5820 718 5821 716 5819 717 5820 719 5821 718 5821 720 5822 722 5823 721 5822 720 5822 723 5823 722 5823 723 5823 724 5824 722 5823 723 5823 725 5825 724 5824 725 5825 726 5826 724 5824 725 5825 727 5827 726 5826 727 5827 728 5828 726 5826 727 5827 729 5828 728 5828 730 5829 732 5830 731 5829 730 5829 733 5831 732 5830 733 5831 734 5832 732 5830 733 5831 735 5833 734 5832 735 5833 736 5834 734 5832 735 5833 737 5835 736 5834 737 5835 738 5836 736 5834 737 5835 739 5836 738 5836 740 5837 742 5838 741 5837 740 5837 743 5839 742 5838 743 5839 744 5840 742 5838 743 5839 745 5841 744 5840 745 5841 746 5842 744 5840 745 5841 747 5843 746 5842 747 5843 748 5844 746 5842 747 5843 749 5844 748 5844 750 5845 752 5846 751 5845 750 5845 753 5847 752 5846 753 5847 754 5848 752 5846 753 5847 755 5849 754 5848 755 5849 756 5850 754 5848 755 5849 757 5851 756 5850 757 5851 758 5852 756 5850 757 5851 759 5852 758 5852 760 5853 762 5854 761 5853 760 5853 763 5855 762 5854 763 5855 764 5856 762 5854 763 5855 765 5857 764 5856 765 5857 766 5858 764 5856 765 5857 767 5859 766 5858 767 5859 768 5860 766 5858 767 5859 769 5860 768 5860 770 5861 772 5862 771 5861 770 5861 773 5863 772 5862 773 5863 774 5864 772 5862 773 5863 775 5865 774 5864 775 5865 776 5866 774 5864 775 5865 777 5867 776 5866 777 5867 778 5868 776 5866 777 5867 779 5868 778 5868 780 5869 782 5870 781 5869 780 5869 783 5871 782 5870 783 5871 784 5872 782 5870 783 5871 785 5873 784 5872 785 5873 786 5874 784 5872 785 5873 787 5875 786 5874 787 5875 788 5876 786 5874 787 5875 789 5876 788 5876 790 5877 792 5878 791 5877 790 5877 793 5879 792 5878 793 5879 794 5880 792 5878 793 5879 795 5881 794 5880 795 5881 796 5882 794 5880 795 5881 797 5883 796 5882 797 5883 798 5884 796 5882 797 5883 799 5884 798 5884 800 5885 802 5886 801 5885 800 5885 803 5887 802 5886 803 5887 804 5888 802 5886 803 5887 805 5889 804 5888 805 5889 806 5890 804 5888 805 5889 807 5891 806 5890 807 5891 808 5892 806 5890 807 5891 809 5892 808 5892 810 5893 812 5894 811 5893 810 5893 813 5895 812 5894 813 5895 814 5896 812 5894 813 5895 815 5897 814 5896 815 5897 816 5898 814 5896 815 5897 817 5899 816 5898 817 5899 818 5900 816 5898 817 5899 819 5900 818 5900 820 5901 822 5902 821 5901 820 5901 823 5903 822 5902 823 5903 824 5403 822 5902 823 5903 825 5904 824 5403 825 5904 826 5905 824 5403 825 5904 827 5906 826 5905 827 5906 828 5907 826 5905 827 5906 829 5907 828 5907 830 5908 832 5909 831 5908 830 5908 833 5910 832 5909 833 5910 834 5911 832 5909 833 5910 835 5912 834 5911 835 5912 836 5913 834 5911 835 5912 837 5914 836 5913 837 5914 838 5915 836 5913 837 5914 839 5915 838 5915 840 5916 842 5917 841 5916 840 5916 843 5918 842 5917 843 5918 844 5919 842 5917 843 5918 845 5920 844 5919 845 5920 846 5921 844 5919 845 5920 847 5922 846 5921 847 5922 848 5923 846 5921 847 5922 849 5923 848 5923 850 5924 852 5925 851 5924 850 5924 853 5926 852 5925 853 5926 854 5927 852 5925 853 5926 855 5928 854 5927 855 5928 856 5929 854 5927 855 5928 857 5930 856 5929 857 5930 858 5931 856 5929 857 5930 859 5931 858 5931 860 5932 862 5933 861 5932 860 5932 863 5934 862 5933 863 5934 864 5935 862 5933 863 5934 865 5936 864 5935 865 5936 866 5937 864 5935 865 5936 867 5938 866 5937 867 5938 868 5939 866 5937 867 5938 869 5939 868 5939 870 5940 872 5941 871 5940 870 5940 873 5942 872 5941 873 5942 874 5943 872 5941 873 5942 875 5944 874 5943 875 5944 876 5945 874 5943 875 5944 877 5946 876 5945 877 5946 878 5947 876 5945 877 5946 879 5947 878 5947 880 5948 882 5949 881 5948 880 5948 883 5950 882 5949 883 5950 884 5951 882 5949 883 5950 885 5952 884 5951 885 5952 886 5953 884 5951 885 5952 887 5954 886 5953 887 5954 888 5955 886 5953 887 5954 889 5955 888 5955 890 5956 892 5957 891 5956 890 5956 893 5958 892 5957 893 5958 894 5959 892 5957 893 5958 895 5960 894 5959 895 5960 896 5961 894 5959 895 5960 897 5962 896 5961 897 5962 898 5963 896 5961 897 5962 899 5963 898 5963 900 5964 902 5965 901 5964 900 5964 903 5966 902 5965 903 5966 904 5967 902 5965 903 5966 905 5968 904 5967 905 5968 906 5969 904 5967 905 5968 907 5970 906 5969 907 5970 908 5971 906 5969 907 5970 909 5971 908 5971 910 5972 912 5973 911 5972 910 5972 913 5974 912 5973 913 5974 914 5975 912 5973 913 5974 915 5976 914 5975 915 5976 916 5977 914 5975 915 5976 917 5978 916 5977 917 5978 918 5979 916 5977 917 5978 919 5979 918 5979 920 5980 922 5981 921 5980 920 5980 923 5982 922 5981 923 5982 924 5983 922 5981 923 5982 925 5984 924 5983 925 5984 926 5985 924 5983 925 5984 927 5986 926 5985 927 5986 928 5987 926 5985 927 5986 929 5987 928 5987 930 5988 932 5989 931 5988 930 5988 933 5990 932 5989 933 5990 934 5991 932 5989 933 5990 935 5992 934 5991 935 5992 936 5993 934 5991 935 5992 937 5994 936 5993 937 5994 938 5995 936 5993 937 5994 939 5995 938 5995 940 5996 942 5997 941 5996 940 5996 943 5998 942 5997 943 5998 944 5999 942 5997 943 5998 945 6000 944 5999 945 6000 946 6001 944 5999 945 6000 947 6002 946 6001 947 6002 948 6003 946 6001 947 6002 949 6003 948 6003 950 6004 952 6005 951 6004 950 6004 953 6006 952 6005 953 6006 954 6007 952 6005 953 6006 955 6008 954 6007 955 6008 956 6009 954 6007 955 6008 957 6010 956 6009 957 6010 958 6011 956 6009 957 6010 959 6011 958 6011 960 6012 962 6013 961 6012 960 6012 963 6014 962 6013 963 6014 964 6015 962 6013 963 6014 965 6016 964 6015 965 6016 966 6017 964 6015 965 6016 967 6018 966 6017 967 6018 968 6019 966 6017 967 6018 969 6019 968 6019 970 6020 972 6021 971 6020 970 6020 973 6022 972 6021 973 6022 974 6023 972 6021 973 6022 975 6024 974 6023 975 6024 976 6025 974 6023 975 6024 977 6026 976 6025 977 6026 978 6027 976 6025 977 6026 979 6027 978 6027 980 6028 982 6029 981 6028 980 6028 983 6030 982 6029 983 6030 984 6031 982 6029 983 6030 985 6032 984 6031 985 6032 986 6033 984 6031 985 6032 987 6034 986 6033 987 6034 988 6035 986 6033 987 6034 989 6035 988 6035 990 6036 992 6037 991 6036 990 6036 993 6038 992 6037 993 6038 994 6039 992 6037 993 6038 995 6040 994 6039 995 6040 996 6041 994 6039 995 6040 997 6042 996 6041 997 6042 998 6043 996 6041 997 6042 999 6043 998 6043 1000 6044 1002 6045 1001 6044 1000 6044 1003 6046 1002 6045 1003 6046 1004 6047 1002 6045 1003 6046 1005 6048 1004 6047 1005 6048 1006 6049 1004 6047 1005 6048 1007 6050 1006 6049 1007 6050 1008 6051 1006 6049 1007 6050 1009 6051 1008 6051 1010 6052 1012 6053 1011 6052 1010 6052 1013 6054 1012 6053 1013 6054 1014 6055 1012 6053 1013 6054 1015 6056 1014 6055 1015 6056 1016 6057 1014 6055 1015 6056 1017 6058 1016 6057 1017 6058 1018 6059 1016 6057 1017 6058 1019 6059 1018 6059 1020 6060 1022 6061 1021 6060 1020 6060 1023 6062 1022 6061 1023 6062 1024 6063 1022 6061 1023 6062 1025 6064 1024 6063 1025 6064 1026 6065 1024 6063 1025 6064 1027 6066 1026 6065 1027 6066 1028 6067 1026 6065 1027 6066 1029 6067 1028 6067 1030 6068 1032 6069 1031 6068 1030 6068 1033 6070 1032 6069 1033 6070 1034 6071 1032 6069 1033 6070 1035 6072 1034 6071 1035 6072 1036 6073 1034 6071 1035 6072 1037 6074 1036 6073 1037 6074 1038 6075 1036 6073 1037 6074 1039 6075 1038 6075 1040 6076 1042 6077 1041 6076 1040 6076 1043 6078 1042 6077 1043 6078 1044 6079 1042 6077 1043 6078 1045 6080 1044 6079 1045 6080 1046 6081 1044 6079 1045 6080 1047 6082 1046 6081 1047 6082 1048 6083 1046 6081 1047 6082 1049 6083 1048 6083 1050 6084 1052 6085 1051 6084 1050 6084 1053 6086 1052 6085 1053 6086 1054 6087 1052 6085 1053 6086 1055 6088 1054 6087 1055 6088 1056 6089 1054 6087 1055 6088 1057 6090 1056 6089 1057 6090 1058 6091 1056 6089 1057 6090 1059 6091 1058 6091 1060 6092 1062 6093 1061 6092 1060 6092 1063 6094 1062 6093 1063 6094 1064 6095 1062 6093 1063 6094 1065 6096 1064 6095 1065 6096 1066 6097 1064 6095 1065 6096 1067 6098 1066 6097 1067 6098 1068 6099 1066 6097 1067 6098 1069 6099 1068 6099 1070 6100 1072 6101 1071 6100 1070 6100 1073 6102 1072 6101 1073 6102 1074 6103 1072 6101 1073 6102 1075 6104 1074 6103 1075 6104 1076 6105 1074 6103 1075 6104 1077 6106 1076 6105 1077 6106 1078 6107 1076 6105 1077 6106 1079 6107 1078 6107 1080 6108 1082 6109 1081 6108 1080 6108 1083 6110 1082 6109 1083 6110 1084 6111 1082 6109 1083 6110 1085 6112 1084 6111 1085 6112 1086 6113 1084 6111 1085 6112 1087 6114 1086 6113 1087 6114 1088 6115 1086 6113 1087 6114 1089 6115 1088 6115 1090 6116 1092 6117 1091 6116 1090 6116 1093 6118 1092 6117 1093 6118 1094 6119 1092 6117 1093 6118 1095 6120 1094 6119 1095 6120 1096 6121 1094 6119 1095 6120 1097 6122 1096 6121 1097 6122 1098 6123 1096 6121 1097 6122 1099 6123 1098 6123 1100 6124 1102 6125 1101 6124 1100 6124 1103 6126 1102 6125 1103 6126 1104 6127 1102 6125 1103 6126 1105 6128 1104 6127 1105 6128 1106 6129 1104 6127 1105 6128 1107 6130 1106 6129 1107 6130 1108 6131 1106 6129 1107 6130 1109 6131 1108 6131 1110 6132 1112 6133 1111 6132 1110 6132 1113 6134 1112 6133 1113 6134 1114 6135 1112 6133 1113 6134 1115 6136 1114 6135 1115 6136 1116 6137 1114 6135 1115 6136 1117 6138 1116 6137 1117 6138 1118 6139 1116 6137 1117 6138 1119 6139 1118 6139 1120 6140 1122 6141 1121 6140 1120 6140 1123 6142 1122 6141 1123 6142 1124 6143 1122 6141 1123 6142 1125 6144 1124 6143 1125 6144 1126 6145 1124 6143 1125 6144 1127 6146 1126 6145 1127 6146 1128 6147 1126 6145 1127 6146 1129 6147 1128 6147 1130 6148 1132 6149 1131 6148 1130 6148 1133 6150 1132 6149 1133 6150 1134 6151 1132 6149 1133 6150 1135 6152 1134 6151 1135 6152 1136 6153 1134 6151 1135 6152 1137 6154 1136 6153 1137 6154 1138 6155 1136 6153 1137 6154 1139 6155 1138 6155 1140 6156 1142 6157 1141 6156 1140 6156 1143 6158 1142 6157 1143 6158 1144 6159 1142 6157 1143 6158 1145 6160 1144 6159 1145 6160 1146 6161 1144 6159 1145 6160 1147 6162 1146 6161 1147 6162 1148 6163 1146 6161 1147 6162 1149 6163 1148 6163 1150 6164 1152 6165 1151 6164 1150 6164 1153 6166 1152 6165 1153 6166 1154 6167 1152 6165 1153 6166 1155 6168 1154 6167 1155 6168 1156 6169 1154 6167 1155 6168 1157 6170 1156 6169 1157 6170 1158 6171 1156 6169 1157 6170 1159 6171 1158 6171 1160 6172 1162 6173 1161 6172 1160 6172 1163 6174 1162 6173 1163 6174 1164 6175 1162 6173 1163 6174 1165 6176 1164 6175 1165 6176 1166 6177 1164 6175 1165 6176 1167 6178 1166 6177 1167 6178 1168 6179 1166 6177 1167 6178 1169 6179 1168 6179 1170 6180 1172 6181 1171 6180 1170 6180 1173 6182 1172 6181 1173 6182 1174 6183 1172 6181 1173 6182 1175 6184 1174 6183 1175 6184 1176 6185 1174 6183 1175 6184 1177 6186 1176 6185 1177 6186 1178 6187 1176 6185 1177 6186 1179 6187 1178 6187 1180 6188 1182 6189 1181 6188 1180 6188 1183 6190 1182 6189 1183 6190 1184 6191 1182 6189 1183 6190 1185 6192 1184 6191 1185 6192 1186 6193 1184 6191 1185 6192 1187 6194 1186 6193 1187 6194 1188 6195 1186 6193 1187 6194 1189 6195 1188 6195 1190 6196 1192 6197 1191 6196 1190 6196 1193 6198 1192 6197 1193 6198 1194 6199 1192 6197 1193 6198 1195 6200 1194 6199 1195 6200 1196 6201 1194 6199 1195 6200 1197 6202 1196 6201 1197 6202 1198 6203 1196 6201 1197 6202 1199 6203 1198 6203 1200 6204 1202 6205 1201 6204 1200 6204 1203 6206 1202 6205 1203 6206 1204 6207 1202 6205 1203 6206 1205 6208 1204 6207 1205 6208 1206 6209 1204 6207 1205 6208 1207 6210 1206 6209 1207 6210 1208 6211 1206 6209 1207 6210 1209 6211 1208 6211 1210 6212 1212 6213 1211 6212 1210 6212 1213 6214 1212 6213 1213 6214 1214 6215 1212 6213 1213 6214 1215 6216 1214 6215 1215 6216 1216 6217 1214 6215 1215 6216 1217 6218 1216 6217 1217 6218 1218 6219 1216 6217 1217 6218 1219 6219 1218 6219 1220 6220 1222 6221 1221 6220 1220 6220 1223 6222 1222 6221 1223 6222 1224 6223 1222 6221 1223 6222 1225 6224 1224 6223 1225 6224 1226 6225 1224 6223 1225 6224 1227 6226 1226 6225 1227 6226 1228 6227 1226 6225 1227 6226 1229 6227 1228 6227 1230 6228 1232 6229 1231 6228 1230 6228 1233 6230 1232 6229 1233 6230 1234 6231 1232 6229 1233 6230 1235 6232 1234 6231 1235 6232 1236 6233 1234 6231 1235 6232 1237 6234 1236 6233 1237 6234 1238 6235 1236 6233 1237 6234 1239 6235 1238 6235 1240 6236 1242 6237 1241 6236 1240 6236 1243 6238 1242 6237 1243 6238 1244 6239 1242 6237 1243 6238 1245 6240 1244 6239 1245 6240 1246 6241 1244 6239 1245 6240 1247 6242 1246 6241 1247 6242 1248 6243 1246 6241 1247 6242 1249 6243 1248 6243 1250 6244 1252 6245 1251 6244 1250 6244 1253 6246 1252 6245 1253 6246 1254 6247 1252 6245 1253 6246 1255 6248 1254 6247 1255 6248 1256 6249 1254 6247 1255 6248 1257 6250 1256 6249 1257 6250 1258 6251 1256 6249 1257 6250 1259 6251 1258 6251 1260 6252 1262 6253 1261 6252 1260 6252 1263 6254 1262 6253 1263 6254 1264 6255 1262 6253 1263 6254 1265 6256 1264 6255 1265 6256 1266 6257 1264 6255 1265 6256 1267 6258 1266 6257 1267 6258 1268 6259 1266 6257 1267 6258 1269 6259 1268 6259 1270 6260 1272 6261 1271 6260 1270 6260 1273 6262 1272 6261 1273 6262 1274 6263 1272 6261 1273 6262 1275 6264 1274 6263 1275 6264 1276 6265 1274 6263 1275 6264 1277 6266 1276 6265 1277 6266 1278 6267 1276 6265 1277 6266 1279 6267 1278 6267 1280 6268 1282 6269 1281 6268 1280 6268 1283 6270 1282 6269 1283 6270 1284 6271 1282 6269 1283 6270 1285 6272 1284 6271 1285 6272 1286 6273 1284 6271 1285 6272 1287 6274 1286 6273 1287 6274 1288 6275 1286 6273 1287 6274 1289 6275 1288 6275 1290 6276 1292 6277 1291 6276 1290 6276 1293 6278 1292 6277 1293 6278 1294 6279 1292 6277 1293 6278 1295 6280 1294 6279 1295 6280 1296 6281 1294 6279 1295 6280 1297 6282 1296 6281 1297 6282 1298 6283 1296 6281 1297 6282 1299 6283 1298 6283 1300 6284 1302 6285 1301 6284 1300 6284 1303 6286 1302 6285 1303 6286 1304 6287 1302 6285 1303 6286 1305 6288 1304 6287 1305 6288 1306 6289 1304 6287 1305 6288 1307 6290 1306 6289 1307 6290 1308 6291 1306 6289 1307 6290 1309 6291 1308 6291 1310 6292 1312 6293 1311 6292 1310 6292 1313 6294 1312 6293 1313 6294 1314 6295 1312 6293 1313 6294 1315 6296 1314 6295 1315 6296 1316 6297 1314 6295 1315 6296 1317 6298 1316 6297 1317 6298 1318 6299 1316 6297 1317 6298 1319 6299 1318 6299 1320 6300 1322 6301 1321 6300 1320 6300 1323 6302 1322 6301 1323 6302 1324 6303 1322 6301 1323 6302 1325 6304 1324 6303 1325 6304 1326 6305 1324 6303 1325 6304 1327 6306 1326 6305 1327 6306 1328 6307 1326 6305 1327 6306 1329 6307 1328 6307 1330 6308 1332 6309 1331 6308 1330 6308 1333 6310 1332 6309 1333 6310 1334 6311 1332 6309 1333 6310 1335 6312 1334 6311 1335 6312 1336 6313 1334 6311 1335 6312 1337 6314 1336 6313 1337 6314 1338 6315 1336 6313 1337 6314 1339 6315 1338 6315 1340 6316 1342 6317 1341 6316 1340 6316 1343 6318 1342 6317 1343 6318 1344 6319 1342 6317 1343 6318 1345 6320 1344 6319 1345 6320 1346 6321 1344 6319 1345 6320 1347 6322 1346 6321 1347 6322 1348 6323 1346 6321 1347 6322 1349 6323 1348 6323 1350 6324 1352 6325 1351 6324 1350 6324 1353 6326 1352 6325 1353 6326 1354 6327 1352 6325 1353 6326 1355 6328 1354 6327 1355 6328 1356 6329 1354 6327 1355 6328 1357 6330 1356 6329 1357 6330 1358 6331 1356 6329 1357 6330 1359 6331 1358 6331 1360 6332 1362 6333 1361 6332 1360 6332 1363 6334 1362 6333 1363 6334 1364 6335 1362 6333 1363 6334 1365 6336 1364 6335 1365 6336 1366 6337 1364 6335 1365 6336 1367 6338 1366 6337 1367 6338 1368 6339 1366 6337 1367 6338 1369 6339 1368 6339 1370 6340 1372 6341 1371 6340 1370 6340 1373 6342 1372 6341 1373 6342 1374 6343 1372 6341 1373 6342 1375 6344 1374 6343 1375 6344 1376 6345 1374 6343 1375 6344 1377 6346 1376 6345 1377 6346 1378 6347 1376 6345 1377 6346 1379 6347 1378 6347 1380 6348 1382 6349 1381 6348 1380 6348 1383 6350 1382 6349 1383 6350 1384 6351 1382 6349 1383 6350 1385 6352 1384 6351 1385 6352 1386 6353 1384 6351 1385 6352 1387 6354 1386 6353 1387 6354 1388 6355 1386 6353 1387 6354 1389 6355 1388 6355 1390 6356 1392 6357 1391 6356 1390 6356 1393 6358 1392 6357 1393 6358 1394 6359 1392 6357 1393 6358 1395 6360 1394 6359 1395 6360 1396 6361 1394 6359 1395 6360 1397 6362 1396 6361 1397 6362 1398 6363 1396 6361 1397 6362 1399 6363 1398 6363 1400 6364 1402 6365 1401 6364 1400 6364 1403 6366 1402 6365 1403 6366 1404 6367 1402 6365 1403 6366 1405 6368 1404 6367 1405 6368 1406 6369 1404 6367 1405 6368 1407 6370 1406 6369 1407 6370 1408 6371 1406 6369 1407 6370 1409 6371 1408 6371 1410 6372 1412 6373 1411 6372 1410 6372 1413 6374 1412 6373 1413 6374 1414 6375 1412 6373 1413 6374 1415 6376 1414 6375 1415 6376 1416 6377 1414 6375 1415 6376 1417 6378 1416 6377 1417 6378 1418 6379 1416 6377 1417 6378 1419 6379 1418 6379 1420 6380 1422 6381 1421 6380 1420 6380 1423 6382 1422 6381 1423 6382 1424 6383 1422 6381 1423 6382 1425 6384 1424 6383 1425 6384 1426 6385 1424 6383 1425 6384 1427 6386 1426 6385 1427 6386 1428 6387 1426 6385 1427 6386 1429 6387 1428 6387 1430 6388 1432 6389 1431 6388 1430 6388 1433 6390 1432 6389 1433 6390 1434 6391 1432 6389 1433 6390 1435 6392 1434 6391 1435 6392 1436 6393 1434 6391 1435 6392 1437 6394 1436 6393 1437 6394 1438 6395 1436 6393 1437 6394 1439 6395 1438 6395 1440 6396 1442 6397 1441 6396 1440 6396 1443 6398 1442 6397 1443 6398 1444 6399 1442 6397 1443 6398 1445 6400 1444 6399 1445 6400 1446 6401 1444 6399 1445 6400 1447 6402 1446 6401 1447 6402 1448 6403 1446 6401 1447 6402 1449 6403 1448 6403 1450 6404 1452 6405 1451 6404 1450 6404 1453 6406 1452 6405 1453 6406 1454 6407 1452 6405 1453 6406 1455 6408 1454 6407 1455 6408 1456 6409 1454 6407 1455 6408 1457 6410 1456 6409 1457 6410 1458 6411 1456 6409 1457 6410 1459 6411 1458 6411 1460 6412 1462 6413 1461 6412 1460 6412 1463 6414 1462 6413 1463 6414 1464 6415 1462 6413 1463 6414 1465 6416 1464 6415 1465 6416 1466 6417 1464 6415 1465 6416 1467 6418 1466 6417 1467 6418 1468 6419 1466 6417 1467 6418 1469 6419 1468 6419 1470 6420 1472 6421 1471 6420 1470 6420 1473 6422 1472 6421 1473 6422 1474 6423 1472 6421 1473 6422 1475 6424 1474 6423 1475 6424 1476 6425 1474 6423 1475 6424 1477 6426 1476 6425 1477 6426 1478 6427 1476 6425 1477 6426 1479 6427 1478 6427 1480 6428 1482 6429 1481 6428 1480 6428 1483 6430 1482 6429 1483 6430 1484 6431 1482 6429 1483 6430 1485 6432 1484 6431 1485 6432 1486 6433 1484 6431 1485 6432 1487 6434 1486 6433 1487 6434 1488 6435 1486 6433 1487 6434 1489 6435 1488 6435 1490 6436 1492 6437 1491 6436 1490 6436 1493 6438 1492 6437 1493 6438 1494 6439 1492 6437 1493 6438 1495 6440 1494 6439 1495 6440 1496 6441 1494 6439 1495 6440 1497 6442 1496 6441 1497 6442 1498 6443 1496 6441 1497 6442 1499 6443 1498 6443 1500 6444 1502 6445 1501 6444 1500 6444 1503 6446 1502 6445 1503 6446 1504 6447 1502 6445 1503 6446 1505 6448 1504 6447 1505 6448 1506 6449 1504 6447 1505 6448 1507 6450 1506 6449 1507 6450 1508 6451 1506 6449 1507 6450 1509 6451 1508 6451 1510 6452 1512 6453 1511 6452 1510 6452 1513 6454 1512 6453 1513 6454 1514 6455 1512 6453 1513 6454 1515 6456 1514 6455 1515 6456 1516 6457 1514 6455 1515 6456 1517 6458 1516 6457 1517 6458 1518 6459 1516 6457 1517 6458 1519 6459 1518 6459 1520 6460 1522 6461 1521 6460 1520 6460 1523 6462 1522 6461 1523 6462 1524 6463 1522 6461 1523 6462 1525 6464 1524 6463 1525 6464 1526 6465 1524 6463 1525 6464 1527 6466 1526 6465 1527 6466 1528 6467 1526 6465 1527 6466 1529 6467 1528 6467 1530 6468 1532 6469 1531 6468 1530 6468 1533 6470 1532 6469 1533 6470 1534 6471 1532 6469 1533 6470 1535 6472 1534 6471 1535 6472 1536 6473 1534 6471 1535 6472 1537 6474 1536 6473 1537 6474 1538 6475 1536 6473 1537 6474 1539 6475 1538 6475 1540 6476 1542 6477 1541 6476 1540 6476 1543 6478 1542 6477 1543 6478 1544 6479 1542 6477 1543 6478 1545 6480 1544 6479 1545 6480 1546 6481 1544 6479 1545 6480 1547 6482 1546 6481 1547 6482 1548 6483 1546 6481 1547 6482 1549 6483 1548 6483 1550 6484 1552 6485 1551 6484 1550 6484 1553 6486 1552 6485 1553 6486 1554 6487 1552 6485 1553 6486 1555 6488 1554 6487 1555 6488 1556 6489 1554 6487 1555 6488 1557 6490 1556 6489 1557 6490 1558 6491 1556 6489 1557 6490 1559 6491 1558 6491 1560 6492 1562 6493 1561 6492 1560 6492 1563 6494 1562 6493 1563 6494 1564 6495 1562 6493 1563 6494 1565 6496 1564 6495 1565 6496 1566 6497 1564 6495 1565 6496 1567 6498 1566 6497 1567 6498 1568 6499 1566 6497 1567 6498 1569 6499 1568 6499 1570 6500 1572 6501 1571 6500 1570 6500 1573 6502 1572 6501 1573 6502 1574 6503 1572 6501 1573 6502 1575 6504 1574 6503 1575 6504 1576 6505 1574 6503 1575 6504 1577 6506 1576 6505 1577 6506 1578 6507 1576 6505 1577 6506 1579 6507 1578 6507 1580 6508 1582 6509 1581 6508 1580 6508 1583 6510 1582 6509 1583 6510 1584 6511 1582 6509 1583 6510 1585 6512 1584 6511 1585 6512 1586 6513 1584 6511 1585 6512 1587 6514 1586 6513 1587 6514 1588 6515 1586 6513 1587 6514 1589 6515 1588 6515 1590 6516 1592 6517 1591 6516 1590 6516 1593 6518 1592 6517 1593 6518 1594 6519 1592 6517 1593 6518 1595 6520 1594 6519 1595 6520 1596 6521 1594 6519 1595 6520 1597 6522 1596 6521 1597 6522 1598 6523 1596 6521 1597 6522 1599 6523 1598 6523 1600 6524 1602 6525 1601 6524 1600 6524 1603 6526 1602 6525 1603 6526 1604 6527 1602 6525 1603 6526 1605 6528 1604 6527 1605 6528 1606 6529 1604 6527 1605 6528 1607 6530 1606 6529 1607 6530 1608 6531 1606 6529 1607 6530 1609 6531 1608 6531 1610 6532 1612 6533 1611 6532 1610 6532 1613 6534 1612 6533 1613 6534 1614 6535 1612 6533 1613 6534 1615 6536 1614 6535 1615 6536 1616 6537 1614 6535 1615 6536 1617 6538 1616 6537 1617 6538 1618 6539 1616 6537 1617 6538 1619 6539 1618 6539 1620 6540 1622 6541 1621 6540 1620 6540 1623 6541 1622 6541 1623 6541 1624 6542 1622 6541 1623 6541 1625 6543 1624 6542 1625 6543 1626 6544 1624 6542 1625 6543 1627 6545 1626 6544 1627 6545 1628 6546 1626 6544 1627 6545 1629 6546 1628 6546 1630 6547 1632 6548 1631 6547 1630 6547 1633 6549 1632 6548 1633 6549 1634 6550 1632 6548 1633 6549 1635 6551 1634 6550 1635 6551 1636 6552 1634 6550 1635 6551 1637 6553 1636 6552 1637 6553 1638 6554 1636 6552 1637 6553 1639 6554 1638 6554 1640 6555 1642 6556 1641 6555 1640 6555 1643 6557 1642 6556 1643 6557 1644 6558 1642 6556 1643 6557 1645 6559 1644 6558 1645 6559 1646 6560 1644 6558 1645 6559 1647 6561 1646 6560 1647 6561 1648 6562 1646 6560 1647 6561 1649 6562 1648 6562 1650 6563 1652 6564 1651 6563 1650 6563 1653 6565 1652 6564 1653 6565 1654 6566 1652 6564 1653 6565 1655 6567 1654 6566 1655 6567 1656 6568 1654 6566 1655 6567 1657 6569 1656 6568 1657 6569 1658 6570 1656 6568 1657 6569 1659 6570 1658 6570 1660 6571 1662 6572 1661 6571 1660 6571 1663 6573 1662 6572 1663 6573 1664 6574 1662 6572 1663 6573 1665 6575 1664 6574 1665 6575 1666 6576 1664 6574 1665 6575 1667 6577 1666 6576 1667 6577 1668 6578 1666 6576 1667 6577 1669 6578 1668 6578 1670 6579 1672 6580 1671 6579 1670 6579 1673 6581 1672 6580 1673 6581 1674 6582 1672 6580 1673 6581 1675 6583 1674 6582 1675 6583 1676 6584 1674 6582 1675 6583 1677 6585 1676 6584 1677 6585 1678 6586 1676 6584 1677 6585 1679 6586 1678 6586 1680 6587 1682 6588 1681 6587 1680 6587 1683 6589 1682 6588 1683 6589 1684 6590 1682 6588 1683 6589 1685 6591 1684 6590 1685 6591 1686 6592 1684 6590 1685 6591 1687 6593 1686 6592 1687 6593 1688 6594 1686 6592 1687 6593 1689 6594 1688 6594 1690 6595 1692 6596 1691 6595 1690 6595 1693 6597 1692 6596 1693 6597 1694 6598 1692 6596 1693 6597 1695 6599 1694 6598 1695 6599 1696 6600 1694 6598 1695 6599 1697 6601 1696 6600 1697 6601 1698 6602 1696 6600 1697 6601 1699 6602 1698 6602 1700 6603 1702 6604 1701 6603 1700 6603 1703 6605 1702 6604 1703 6605 1704 6606 1702 6604 1703 6605 1705 6607 1704 6606 1705 6607 1706 6608 1704 6606 1705 6607 1707 6609 1706 6608 1707 6609 1708 6610 1706 6608 1707 6609 1709 6610 1708 6610 1710 6611 1712 6612 1711 6611 1710 6611 1713 6613 1712 6612 1713 6613 1714 6614 1712 6612 1713 6613 1715 6615 1714 6614 1715 6615 1716 6616 1714 6614 1715 6615 1717 6617 1716 6616 1717 6617 1718 6618 1716 6616 1717 6617 1719 6618 1718 6618 1720 6619 1722 6620 1721 6619 1720 6619 1723 6621 1722 6620 1723 6621 1724 6622 1722 6620 1723 6621 1725 6623 1724 6622 1725 6623 1726 6624 1724 6622 1725 6623 1727 6625 1726 6624 1727 6625 1728 6626 1726 6624 1727 6625 1729 6626 1728 6626 1730 6627 1732 6628 1731 6627 1730 6627 1733 6629 1732 6628 1733 6629 1734 6630 1732 6628 1733 6629 1735 6631 1734 6630 1735 6631 1736 6632 1734 6630 1735 6631 1737 6633 1736 6632 1737 6633 1738 6634 1736 6632 1737 6633 1739 6634 1738 6634 1740 6635 1742 6636 1741 6635 1740 6635 1743 6637 1742 6636 1743 6637 1744 6638 1742 6636 1743 6637 1745 6639 1744 6638 1745 6639 1746 6640 1744 6638 1745 6639 1747 6641 1746 6640 1747 6641 1748 6642 1746 6640 1747 6641 1749 6642 1748 6642 1750 6643 1752 6644 1751 6643 1750 6643 1753 6645 1752 6644 1753 6645 1754 6646 1752 6644 1753 6645 1755 6647 1754 6646 1755 6647 1756 6648 1754 6646 1755 6647 1757 6649 1756 6648 1757 6649 1758 6650 1756 6648 1757 6649 1759 6650 1758 6650 1760 6651 1762 6652 1761 6651 1760 6651 1763 6653 1762 6652 1763 6653 1764 6654 1762 6652 1763 6653 1765 6655 1764 6654 1765 6655 1766 6656 1764 6654 1765 6655 1767 6657 1766 6656 1767 6657 1768 6658 1766 6656 1767 6657 1769 6658 1768 6658 1770 6659 1772 6660 1771 6659 1770 6659 1773 6661 1772 6660 1773 6661 1774 6662 1772 6660 1773 6661 1775 6663 1774 6662 1775 6663 1776 6664 1774 6662 1775 6663 1777 6665 1776 6664 1777 6665 1778 6666 1776 6664 1777 6665 1779 6666 1778 6666 1780 6667 1782 6668 1781 6667 1780 6667 1783 6669 1782 6668 1783 6669 1784 6670 1782 6668 1783 6669 1785 6671 1784 6670 1785 6671 1786 6672 1784 6670 1785 6671 1787 6673 1786 6672 1787 6673 1788 6674 1786 6672 1787 6673 1789 6674 1788 6674 1790 6675 1792 6676 1791 6675 1790 6675 1793 6677 1792 6676 1793 6677 1794 6678 1792 6676 1793 6677 1795 6679 1794 6678 1795 6679 1796 6680 1794 6678 1795 6679 1797 6681 1796 6680 1797 6681 1798 6682 1796 6680 1797 6681 1799 6682 1798 6682 1800 6683 1802 6684 1801 6683 1800 6683 1803 6684 1802 6684 1803 6684 1804 6685 1802 6684 1803 6684 1805 6686 1804 6685 1805 6686 1806 6687 1804 6685 1805 6686 1807 6688 1806 6687 1807 6688 1808 6689 1806 6687 1807 6688 1809 6689 1808 6689 1810 6690 1812 6691 1811 6690 1810 6690 1813 6692 1812 6691 1813 6692 1814 6693 1812 6691 1813 6692 1815 6694 1814 6693 1815 6694 1816 6695 1814 6693 1815 6694 1817 6696 1816 6695 1817 6696 1818 6697 1816 6695 1817 6696 1819 6697 1818 6697 1820 6698 1822 6699 1821 6698 1820 6698 1823 6700 1822 6699 1823 6700 1824 6701 1822 6699 1823 6700 1825 6702 1824 6701 1825 6702 1826 6703 1824 6701 1825 6702 1827 6704 1826 6703 1827 6704 1828 6705 1826 6703 1827 6704 1829 6705 1828 6705 1830 6706 1832 6707 1831 6706 1830 6706 1833 6708 1832 6707 1833 6708 1834 6709 1832 6707 1833 6708 1835 6710 1834 6709 1835 6710 1836 6711 1834 6709 1835 6710 1837 6712 1836 6711 1837 6712 1838 6713 1836 6711 1837 6712 1839 6713 1838 6713 1840 6714 1842 6715 1841 6714 1840 6714 1843 6716 1842 6715 1843 6716 1844 6717 1842 6715 1843 6716 1845 6718 1844 6717 1845 6718 1846 6719 1844 6717 1845 6718 1847 6720 1846 6719 1847 6720 1848 6721 1846 6719 1847 6720 1849 6721 1848 6721 1850 6722 1852 6723 1851 6722 1850 6722 1853 6724 1852 6723 1853 6724 1854 6725 1852 6723 1853 6724 1855 6726 1854 6725 1855 6726 1856 6727 1854 6725 1855 6726 1857 6728 1856 6727 1857 6728 1858 6729 1856 6727 1857 6728 1859 6729 1858 6729 1860 6730 1862 6731 1861 6730 1860 6730 1863 6732 1862 6731 1863 6732 1864 6733 1862 6731 1863 6732 1865 6734 1864 6733 1865 6734 1866 6735 1864 6733 1865 6734 1867 6736 1866 6735 1867 6736 1868 6737 1866 6735 1867 6736 1869 6737 1868 6737 1870 6738 1872 6739 1871 6738 1870 6738 1873 6740 1872 6739 1873 6740 1874 6741 1872 6739 1873 6740 1875 6742 1874 6741 1875 6742 1876 6743 1874 6741 1875 6742 1877 6744 1876 6743 1877 6744 1878 6745 1876 6743 1877 6744 1879 6745 1878 6745 1880 6746 1882 6747 1881 6746 1880 6746 1883 6748 1882 6747 1883 6748 1884 6749 1882 6747 1883 6748 1885 6750 1884 6749 1885 6750 1886 6751 1884 6749 1885 6750 1887 6752 1886 6751 1887 6752 1888 6753 1886 6751 1887 6752 1889 6753 1888 6753 1890 6754 1892 6755 1891 6754 1890 6754 1893 6756 1892 6755 1893 6756 1894 6757 1892 6755 1893 6756 1895 6758 1894 6757 1895 6758 1896 6759 1894 6757 1895 6758 1897 6760 1896 6759 1897 6760 1898 6761 1896 6759 1897 6760 1899 6761 1898 6761 1900 6762 1902 6763 1901 6762 1900 6762 1903 6764 1902 6763 1903 6764 1904 6765 1902 6763 1903 6764 1905 6766 1904 6765 1905 6766 1906 6767 1904 6765 1905 6766 1907 6768 1906 6767 1907 6768 1908 6769 1906 6767 1907 6768 1909 6769 1908 6769 1910 6770 1912 6771 1911 6770 1910 6770 1913 6772 1912 6771 1913 6772 1914 6773 1912 6771 1913 6772 1915 6774 1914 6773 1915 6774 1916 6775 1914 6773 1915 6774 1917 6776 1916 6775 1917 6776 1918 6777 1916 6775 1917 6776 1919 6777 1918 6777 1920 6778 1922 6779 1921 6778 1920 6778 1923 6780 1922 6779 1923 6780 1924 6781 1922 6779 1923 6780 1925 6782 1924 6781 1925 6782 1926 6783 1924 6781 1925 6782 1927 6784 1926 6783 1927 6784 1928 6785 1926 6783 1927 6784 1929 6785 1928 6785 1930 6786 1932 6787 1931 6786 1930 6786 1933 6788 1932 6787 1933 6788 1934 6789 1932 6787 1933 6788 1935 6790 1934 6789 1935 6790 1936 6791 1934 6789 1935 6790 1937 6792 1936 6791 1937 6792 1938 6793 1936 6791 1937 6792 1939 6793 1938 6793 1940 6794 1942 6795 1941 6794 1940 6794 1943 6796 1942 6795 1943 6796 1944 6797 1942 6795 1943 6796 1945 6798 1944 6797 1945 6798 1946 6799 1944 6797 1945 6798 1947 6800 1946 6799 1947 6800 1948 6801 1946 6799 1947 6800 1949 6801 1948 6801 1950 6802 1952 6803 1951 6802 1950 6802 1953 6804 1952 6803 1953 6804 1954 6805 1952 6803 1953 6804 1955 6806 1954 6805 1955 6806 1956 6807 1954 6805 1955 6806 1957 6808 1956 6807 1957 6808 1958 6809 1956 6807 1957 6808 1959 6809 1958 6809 1960 6810 1962 6811 1961 6810 1960 6810 1963 6812 1962 6811 1963 6812 1964 6813 1962 6811 1963 6812 1965 6814 1964 6813 1965 6814 1966 6815 1964 6813 1965 6814 1967 6816 1966 6815 1967 6816 1968 6817 1966 6815 1967 6816 1969 6817 1968 6817 1970 6818 1972 6819 1971 6818 1970 6818 1973 6820 1972 6819 1973 6820 1974 6821 1972 6819 1973 6820 1975 6822 1974 6821 1975 6822 1976 6823 1974 6821 1975 6822 1977 6824 1976 6823 1977 6824 1978 6825 1976 6823 1977 6824 1979 6825 1978 6825 1980 6826 1982 6827 1981 6826 1980 6826 1983 6828 1982 6827 1983 6828 1984 6829 1982 6827 1983 6828 1985 6830 1984 6829 1985 6830 1986 6831 1984 6829 1985 6830 1987 6832 1986 6831 1987 6832 1988 6833 1986 6831 1987 6832 1989 6833 1988 6833 1990 6834 1992 6835 1991 6834 1990 6834 1993 6836 1992 6835 1993 6836 1994 6837 1992 6835 1993 6836 1995 6838 1994 6837 1995 6838 1996 6839 1994 6837 1995 6838 1997 6840 1996 6839 1997 6840 1998 6841 1996 6839 1997 6840 1999 6841 1998 6841 2000 6842 2002 6843 2001 6842 2000 6842 2003 6843 2002 6843 2003 6843 2004 6844 2002 6843 2003 6843 2005 6845 2004 6844 2005 6845 2006 6846 2004 6844 2005 6845 2007 6847 2006 6846 2007 6847 2008 6848 2006 6846 2007 6847 2009 6848 2008 6848 2010 6849 2012 6850 2011 6849 2010 6849 2013 6851 2012 6850 2013 6851 2014 6852 2012 6850 2013 6851 2015 6853 2014 6852 2015 6853 2016 6854 2014 6852 2015 6853 2017 6855 2016 6854 2017 6855 2018 6856 2016 6854 2017 6855 2019 6856 2018 6856 2020 6857 2022 6858 2021 6857 2020 6857 2023 6859 2022 6858 2023 6859 2024 6860 2022 6858 2023 6859 2025 6861 2024 6860 2025 6861 2026 6862 2024 6860 2025 6861 2027 6863 2026 6862 2027 6863 2028 6864 2026 6862 2027 6863 2029 6864 2028 6864 2030 6865 2032 6866 2031 6865 2030 6865 2033 6867 2032 6866 2033 6867 2034 6868 2032 6866 2033 6867 2035 6869 2034 6868 2035 6869 2036 6870 2034 6868 2035 6869 2037 6871 2036 6870 2037 6871 2038 6872 2036 6870 2037 6871 2039 6872 2038 6872 2040 6873 2042 6874 2041 6873 2040 6873 2043 6875 2042 6874 2043 6875 2044 6876 2042 6874 2043 6875 2045 6877 2044 6876 2045 6877 2046 6878 2044 6876 2045 6877 2047 6879 2046 6878 2047 6879 2048 6880 2046 6878 2047 6879 2049 6880 2048 6880 2050 6881 2052 6882 2051 6881 2050 6881 2053 6883 2052 6882 2053 6883 2054 6884 2052 6882 2053 6883 2055 6885 2054 6884 2055 6885 2056 6886 2054 6884 2055 6885 2057 6887 2056 6886 2057 6887 2058 6888 2056 6886 2057 6887 2059 6888 2058 6888 2060 6889 2062 6890 2061 6889 2060 6889 2063 6891 2062 6890 2063 6891 2064 6892 2062 6890 2063 6891 2065 6893 2064 6892 2065 6893 2066 6894 2064 6892 2065 6893 2067 6895 2066 6894 2067 6895 2068 6896 2066 6894 2067 6895 2069 6896 2068 6896 2070 6897 2072 6898 2071 6897 2070 6897 2073 6899 2072 6898 2073 6899 2074 6900 2072 6898 2073 6899 2075 6901 2074 6900 2075 6901 2076 6902 2074 6900 2075 6901 2077 6903 2076 6902 2077 6903 2078 6904 2076 6902 2077 6903 2079 6904 2078 6904 2080 6905 2082 6906 2081 6905 2080 6905 2083 6907 2082 6906 2083 6907 2084 6908 2082 6906 2083 6907 2085 6909 2084 6908 2085 6909 2086 6910 2084 6908 2085 6909 2087 6911 2086 6910 2087 6911 2088 6912 2086 6910 2087 6911 2089 6912 2088 6912 2090 6913 2092 6914 2091 6913 2090 6913 2093 6915 2092 6914 2093 6915 2094 6916 2092 6914 2093 6915 2095 6917 2094 6916 2095 6917 2096 6918 2094 6916 2095 6917 2097 6919 2096 6918 2097 6919 2098 6920 2096 6918 2097 6919 2099 6920 2098 6920 2100 6921 2102 6922 2101 6921 2100 6921 2103 6923 2102 6922 2103 6923 2104 6924 2102 6922 2103 6923 2105 6925 2104 6924 2105 6925 2106 6926 2104 6924 2105 6925 2107 6927 2106 6926 2107 6927 2108 6928 2106 6926 2107 6927 2109 6928 2108 6928 2110 6929 2112 6930 2111 6929 2110 6929 2113 6931 2112 6930 2113 6931 2114 6932 2112 6930 2113 6931 2115 6933 2114 6932 2115 6933 2116 6934 2114 6932 2115 6933 2117 6935 2116 6934 2117 6935 2118 6936 2116 6934 2117 6935 2119 6936 2118 6936 2120 6937 2122 6938 2121 6937 2120 6937 2123 6939 2122 6938 2123 6939 2124 6940 2122 6938 2123 6939 2125 6941 2124 6940 2125 6941 2126 6942 2124 6940 2125 6941 2127 6943 2126 6942 2127 6943 2128 6944 2126 6942 2127 6943 2129 6944 2128 6944 2130 6945 2132 6946 2131 6945 2130 6945 2133 6947 2132 6946 2133 6947 2134 6948 2132 6946 2133 6947 2135 6949 2134 6948 2135 6949 2136 6950 2134 6948 2135 6949 2137 6951 2136 6950 2137 6951 2138 6952 2136 6950 2137 6951 2139 6952 2138 6952 2140 6953 2142 6954 2141 6953 2140 6953 2143 6955 2142 6954 2143 6955 2144 6956 2142 6954 2143 6955 2145 6957 2144 6956 2145 6957 2146 6958 2144 6956 2145 6957 2147 6959 2146 6958 2147 6959 2148 6960 2146 6958 2147 6959 2149 6960 2148 6960 2150 6961 2152 6962 2151 6961 2150 6961 2153 6963 2152 6962 2153 6963 2154 6964 2152 6962 2153 6963 2155 6965 2154 6964 2155 6965 2156 6966 2154 6964 2155 6965 2157 6967 2156 6966 2157 6967 2158 6968 2156 6966 2157 6967 2159 6968 2158 6968 2160 6969 2162 6970 2161 6969 2160 6969 2163 6971 2162 6970 2163 6971 2164 6972 2162 6970 2163 6971 2165 6973 2164 6972 2165 6973 2166 6974 2164 6972 2165 6973 2167 6975 2166 6974 2167 6975 2168 6976 2166 6974 2167 6975 2169 6976 2168 6976 2170 6977 2172 6978 2171 6977 2170 6977 2173 6979 2172 6978 2173 6979 2174 6980 2172 6978 2173 6979 2175 6981 2174 6980 2175 6981 2176 6982 2174 6980 2175 6981 2177 6983 2176 6982 2177 6983 2178 6984 2176 6982 2177 6983 2179 6984 2178 6984 2180 6985 2182 6986 2181 6985 2180 6985 2183 6987 2182 6986 2183 6987 2184 6988 2182 6986 2183 6987 2185 6989 2184 6988 2185 6989 2186 6990 2184 6988 2185 6989 2187 6991 2186 6990 2187 6991 2188 6992 2186 6990 2187 6991 2189 6992 2188 6992 2190 6993 2192 6994 2191 6993 2190 6993 2193 6995 2192 6994 2193 6995 2194 6996 2192 6994 2193 6995 2195 6997 2194 6996 2195 6997 2196 6998 2194 6996 2195 6997 2197 6999 2196 6998 2197 6999 2198 7000 2196 6998 2197 6999 2199 7000 2198 7000 2200 7001 2202 7002 2201 7001 2200 7001 2203 7003 2202 7002 2203 7003 2204 7004 2202 7002 2203 7003 2205 7005 2204 7004 2205 7005 2206 7006 2204 7004 2205 7005 2207 7007 2206 7006 2207 7007 2208 7008 2206 7006 2207 7007 2209 7008 2208 7008 2210 7009 2212 7010 2211 7009 2210 7009 2213 7011 2212 7010 2213 7011 2214 7012 2212 7010 2213 7011 2215 7013 2214 7012 2215 7013 2216 7014 2214 7012 2215 7013 2217 7015 2216 7014 2217 7015 2218 7016 2216 7014 2217 7015 2219 7016 2218 7016 2220 7017 2222 7018 2221 7017 2220 7017 2223 7019 2222 7018 2223 7019 2224 7020 2222 7018 2223 7019 2225 7021 2224 7020 2225 7021 2226 7022 2224 7020 2225 7021 2227 7023 2226 7022 2227 7023 2228 7024 2226 7022 2227 7023 2229 7024 2228 7024 2230 7025 2232 7026 2231 7025 2230 7025 2233 7027 2232 7026 2233 7027 2234 7028 2232 7026 2233 7027 2235 7029 2234 7028 2235 7029 2236 7030 2234 7028 2235 7029 2237 7031 2236 7030 2237 7031 2238 7032 2236 7030 2237 7031 2239 7032 2238 7032 2240 7033 2242 7034 2241 7033 2240 7033 2243 7035 2242 7034 2243 7035 2244 7036 2242 7034 2243 7035 2245 7037 2244 7036 2245 7037 2246 7038 2244 7036 2245 7037 2247 7039 2246 7038 2247 7039 2248 7040 2246 7038 2247 7039 2249 7040 2248 7040 2250 7041 2252 7042 2251 7041 2250 7041 2253 7043 2252 7042 2253 7043 2254 7044 2252 7042 2253 7043 2255 7045 2254 7044 2255 7045 2256 7046 2254 7044 2255 7045 2257 7047 2256 7046 2257 7047 2258 7048 2256 7046 2257 7047 2259 7048 2258 7048 2260 7049 2262 7050 2261 7049 2260 7049 2263 7051 2262 7050 2263 7051 2264 7052 2262 7050 2263 7051 2265 7053 2264 7052 2265 7053 2266 7054 2264 7052 2265 7053 2267 7055 2266 7054 2267 7055 2268 7056 2266 7054 2267 7055 2269 7056 2268 7056 2270 7057 2272 7058 2271 7057 2270 7057 2273 7059 2272 7058 2273 7059 2274 7060 2272 7058 2273 7059 2275 7061 2274 7060 2275 7061 2276 7062 2274 7060 2275 7061 2277 7063 2276 7062 2277 7063 2278 7064 2276 7062 2277 7063 2279 7064 2278 7064 2280 7065 2282 7066 2281 7065 2280 7065 2283 7067 2282 7066 2283 7067 2284 7068 2282 7066 2283 7067 2285 7069 2284 7068 2285 7069 2286 7070 2284 7068 2285 7069 2287 7071 2286 7070 2287 7071 2288 7072 2286 7070 2287 7071 2289 7072 2288 7072 2290 7073 2292 7074 2291 7073 2290 7073 2293 7075 2292 7074 2293 7075 2294 7076 2292 7074 2293 7075 2295 7077 2294 7076 2295 7077 2296 7078 2294 7076 2295 7077 2297 7079 2296 7078 2297 7079 2298 7080 2296 7078 2297 7079 2299 7080 2298 7080 2300 7081 2302 7082 2301 7081 2300 7081 2303 7083 2302 7082 2303 7083 2304 7084 2302 7082 2303 7083 2305 7085 2304 7084 2305 7085 2306 7086 2304 7084 2305 7085 2307 7087 2306 7086 2307 7087 2308 7088 2306 7086 2307 7087 2309 7088 2308 7088 2310 7089 2312 7090 2311 7089 2310 7089 2313 7091 2312 7090 2313 7091 2314 7092 2312 7090 2313 7091 2315 7093 2314 7092 2315 7093 2316 7094 2314 7092 2315 7093 2317 7095 2316 7094 2317 7095 2318 7096 2316 7094 2317 7095 2319 7096 2318 7096 2320 7097 2322 7098 2321 7097 2320 7097 2323 7099 2322 7098 2323 7099 2324 7100 2322 7098 2323 7099 2325 7101 2324 7100 2325 7101 2326 7102 2324 7100 2325 7101 2327 7103 2326 7102 2327 7103 2328 7104 2326 7102 2327 7103 2329 7104 2328 7104 2330 7105 2332 7106 2331 7105 2330 7105 2333 7107 2332 7106 2333 7107 2334 7108 2332 7106 2333 7107 2335 7109 2334 7108 2335 7109 2336 7110 2334 7108 2335 7109 2337 7111 2336 7110 2337 7111 2338 7112 2336 7110 2337 7111 2339 7112 2338 7112 2340 7113 2342 7114 2341 7113 2340 7113 2343 7115 2342 7114 2343 7115 2344 7116 2342 7114 2343 7115 2345 7117 2344 7116 2345 7117 2346 7118 2344 7116 2345 7117 2347 7119 2346 7118 2347 7119 2348 7120 2346 7118 2347 7119 2349 7120 2348 7120 2350 7121 2352 7122 2351 7121 2350 7121 2353 7123 2352 7122 2353 7123 2354 7124 2352 7122 2353 7123 2355 7125 2354 7124 2355 7125 2356 7126 2354 7124 2355 7125 2357 7127 2356 7126 2357 7127 2358 7128 2356 7126 2357 7127 2359 7128 2358 7128 2360 7129 2362 7130 2361 7129 2360 7129 2363 7131 2362 7130 2363 7131 2364 7132 2362 7130 2363 7131 2365 7133 2364 7132 2365 7133 2366 7134 2364 7132 2365 7133 2367 7135 2366 7134 2367 7135 2368 7136 2366 7134 2367 7135 2369 7136 2368 7136 2370 7137 2372 7138 2371 7137 2370 7137 2373 7139 2372 7138 2373 7139 2374 7140 2372 7138 2373 7139 2375 7141 2374 7140 2375 7141 2376 7142 2374 7140 2375 7141 2377 7143 2376 7142 2377 7143 2378 7144 2376 7142 2377 7143 2379 7144 2378 7144 2380 7145 2382 7146 2381 7145 2380 7145 2383 7147 2382 7146 2383 7147 2384 7148 2382 7146 2383 7147 2385 7149 2384 7148 2385 7149 2386 7150 2384 7148 2385 7149 2387 7151 2386 7150 2387 7151 2388 7152 2386 7150 2387 7151 2389 7152 2388 7152 2390 7153 2392 7154 2391 7153 2390 7153 2393 7155 2392 7154 2393 7155 2394 7156 2392 7154 2393 7155 2395 7157 2394 7156 2395 7157 2396 7158 2394 7156 2395 7157 2397 7159 2396 7158 2397 7159 2398 7160 2396 7158 2397 7159 2399 7160 2398 7160 2400 7161 2402 7162 2401 7161 2400 7161 2403 7163 2402 7162 2403 7163 2404 7164 2402 7162 2403 7163 2405 7165 2404 7164 2405 7165 2406 7166 2404 7164 2405 7165 2407 7167 2406 7166 2407 7167 2408 7168 2406 7166 2407 7167 2409 7168 2408 7168 2410 7169 2412 7170 2411 7169 2410 7169 2413 7171 2412 7170 2413 7171 2414 7172 2412 7170 2413 7171 2415 7173 2414 7172 2415 7173 2416 7174 2414 7172 2415 7173 2417 7175 2416 7174 2417 7175 2418 7176 2416 7174 2417 7175 2419 7176 2418 7176 2420 7177 2422 7178 2421 7177 2420 7177 2423 7179 2422 7178 2423 7179 2424 7180 2422 7178 2423 7179 2425 7181 2424 7180 2425 7181 2426 7182 2424 7180 2425 7181 2427 7183 2426 7182 2427 7183 2428 7184 2426 7182 2427 7183 2429 7184 2428 7184 2430 7185 2432 7186 2431 7185 2430 7185 2433 7187 2432 7186 2433 7187 2434 7188 2432 7186 2433 7187 2435 7189 2434 7188 2435 7189 2436 7190 2434 7188 2435 7189 2437 7191 2436 7190 2437 7191 2438 7192 2436 7190 2437 7191 2439 7192 2438 7192 2440 7193 2442 7194 2441 7193 2440 7193 2443 7195 2442 7194 2443 7195 2444 7196 2442 7194 2443 7195 2445 7197 2444 7196 2445 7197 2446 7198 2444 7196 2445 7197 2447 7199 2446 7198 2447 7199 2448 7200 2446 7198 2447 7199 2449 7200 2448 7200 2450 7201 2452 7202 2451 7201 2450 7201 2453 7203 2452 7202 2453 7203 2454 7204 2452 7202 2453 7203 2455 7205 2454 7204 2455 7205 2456 7206 2454 7204 2455 7205 2457 7207 2456 7206 2457 7207 2458 7208 2456 7206 2457 7207 2459 7208 2458 7208 2460 7209 2462 7210 2461 7209 2460 7209 2463 7211 2462 7210 2463 7211 2464 7212 2462 7210 2463 7211 2465 7213 2464 7212 2465 7213 2466 7214 2464 7212 2465 7213 2467 7215 2466 7214 2467 7215 2468 7216 2466 7214 2467 7215 2469 7216 2468 7216 2470 7217 2472 7218 2471 7217 2470 7217 2473 7219 2472 7218 2473 7219 2474 7220 2472 7218 2473 7219 2475 7221 2474 7220 2475 7221 2476 7222 2474 7220 2475 7221 2477 7223 2476 7222 2477 7223 2478 7224 2476 7222 2477 7223 2479 7224 2478 7224 2480 7225 2482 7226 2481 7225 2480 7225 2483 7227 2482 7226 2483 7227 2484 7228 2482 7226 2483 7227 2485 7229 2484 7228 2485 7229 2486 7230 2484 7228 2485 7229 2487 7231 2486 7230 2487 7231 2488 7232 2486 7230 2487 7231 2489 7232 2488 7232 2490 7233 2492 7234 2491 7233 2490 7233 2493 7235 2492 7234 2493 7235 2494 7236 2492 7234 2493 7235 2495 7237 2494 7236 2495 7237 2496 7238 2494 7236 2495 7237 2497 7239 2496 7238 2497 7239 2498 7240 2496 7238 2497 7239 2499 7240 2498 7240 2500 7241 2502 7242 2501 7241 2500 7241 2503 7242 2502 7242 2503 7242 2504 7243 2502 7242 2503 7242 2505 7244 2504 7243 2505 7244 2506 7245 2504 7243 2505 7244 2507 7246 2506 7245 2507 7246 2508 7247 2506 7245 2507 7246 2509 7247 2508 7247 2510 7248 2512 7249 2511 7248 2510 7248 2513 7250 2512 7249 2513 7250 2514 7251 2512 7249 2513 7250 2515 7252 2514 7251 2515 7252 2516 7253 2514 7251 2515 7252 2517 7254 2516 7253 2517 7254 2518 7255 2516 7253 2517 7254 2519 7255 2518 7255 2520 7256 2522 7257 2521 7256 2520 7256 2523 7258 2522 7257 2523 7258 2524 7259 2522 7257 2523 7258 2525 7260 2524 7259 2525 7260 2526 7261 2524 7259 2525 7260 2527 7262 2526 7261 2527 7262 2528 7263 2526 7261 2527 7262 2529 7263 2528 7263 2530 7264 2532 7265 2531 7264 2530 7264 2533 7266 2532 7265 2533 7266 2534 7267 2532 7265 2533 7266 2535 7268 2534 7267 2535 7268 2536 7269 2534 7267 2535 7268 2537 7270 2536 7269 2537 7270 2538 7271 2536 7269 2537 7270 2539 7271 2538 7271 2540 7272 2542 7273 2541 7272 2540 7272 2543 7274 2542 7273 2543 7274 2544 7275 2542 7273 2543 7274 2545 7276 2544 7275 2545 7276 2546 7277 2544 7275 2545 7276 2547 7278 2546 7277 2547 7278 2548 7279 2546 7277 2547 7278 2549 7279 2548 7279 2550 7280 2552 7281 2551 7280 2550 7280 2553 7282 2552 7281 2553 7282 2554 7283 2552 7281 2553 7282 2555 7284 2554 7283 2555 7284 2556 7285 2554 7283 2555 7284 2557 7286 2556 7285 2557 7286 2558 7287 2556 7285 2557 7286 2559 7287 2558 7287 2560 7288 2562 7289 2561 7288 2560 7288 2563 7290 2562 7289 2563 7290 2564 7291 2562 7289 2563 7290 2565 7292 2564 7291 2565 7292 2566 7293 2564 7291 2565 7292 2567 7294 2566 7293 2567 7294 2568 7295 2566 7293 2567 7294 2569 7295 2568 7295 2570 7296 2572 7297 2571 7296 2570 7296 2573 7298 2572 7297 2573 7298 2574 7299 2572 7297 2573 7298 2575 7300 2574 7299 2575 7300 2576 7301 2574 7299 2575 7300 2577 7302 2576 7301 2577 7302 2578 7303 2576 7301 2577 7302 2579 7303 2578 7303 2580 7304 2582 7305 2581 7304 2580 7304 2583 7306 2582 7305 2583 7306 2584 7307 2582 7305 2583 7306 2585 7308 2584 7307 2585 7308 2586 7309 2584 7307 2585 7308 2587 7310 2586 7309 2587 7310 2588 7311 2586 7309 2587 7310 2589 7311 2588 7311 2590 7312 2592 7313 2591 7312 2590 7312 2593 7314 2592 7313 2593 7314 2594 7315 2592 7313 2593 7314 2595 7316 2594 7315 2595 7316 2596 7317 2594 7315 2595 7316 2597 7318 2596 7317 2597 7318 2598 7319 2596 7317 2597 7318 2599 7319 2598 7319 2600 7320 2602 7321 2601 7320 2600 7320 2603 7322 2602 7321 2603 7322 2604 7323 2602 7321 2603 7322 2605 7324 2604 7323 2605 7324 2606 7325 2604 7323 2605 7324 2607 7326 2606 7325 2607 7326 2608 7327 2606 7325 2607 7326 2609 7327 2608 7327 2610 7328 2612 7329 2611 7328 2610 7328 2613 7330 2612 7329 2613 7330 2614 7331 2612 7329 2613 7330 2615 7332 2614 7331 2615 7332 2616 7333 2614 7331 2615 7332 2617 7334 2616 7333 2617 7334 2618 7335 2616 7333 2617 7334 2619 7335 2618 7335 2620 7336 2622 7337 2621 7336 2620 7336 2623 6955 2622 7337 2623 6955 2624 7338 2622 7337 2623 6955 2625 7339 2624 7338 2625 7339 2626 7340 2624 7338 2625 7339 2627 7341 2626 7340 2627 7341 2628 7342 2626 7340 2627 7341 2629 7342 2628 7342 2630 7343 2632 7344 2631 7343 2630 7343 2633 7345 2632 7344 2633 7345 2634 7346 2632 7344 2633 7345 2635 7347 2634 7346 2635 7347 2636 7348 2634 7346 2635 7347 2637 7349 2636 7348 2637 7349 2638 7350 2636 7348 2637 7349 2639 7350 2638 7350 2640 7351 2642 7352 2641 7351 2640 7351 2643 7353 2642 7352 2643 7353 2644 7354 2642 7352 2643 7353 2645 7355 2644 7354 2645 7355 2646 7356 2644 7354 2645 7355 2647 7357 2646 7356 2647 7357 2648 7358 2646 7356 2647 7357 2649 7358 2648 7358 2650 7359 2652 7360 2651 7359 2650 7359 2653 7361 2652 7360 2653 7361 2654 7362 2652 7360 2653 7361 2655 7363 2654 7362 2655 7363 2656 7364 2654 7362 2655 7363 2657 7365 2656 7364 2657 7365 2658 7366 2656 7364 2657 7365 2659 7366 2658 7366 2660 7367 2662 7368 2661 7367 2660 7367 2663 7369 2662 7368 2663 7369 2664 7370 2662 7368 2663 7369 2665 7371 2664 7370 2665 7371 2666 7372 2664 7370 2665 7371 2667 7373 2666 7372 2667 7373 2668 7374 2666 7372 2667 7373 2669 7374 2668 7374 2670 7375 2672 7376 2671 7375 2670 7375 2673 7377 2672 7376 2673 7377 2674 7378 2672 7376 2673 7377 2675 7379 2674 7378 2675 7379 2676 7380 2674 7378 2675 7379 2677 7381 2676 7380 2677 7381 2678 7382 2676 7380 2677 7381 2679 7382 2678 7382 2680 7383 2682 7384 2681 7383 2680 7383 2683 7385 2682 7384 2683 7385 2684 7386 2682 7384 2683 7385 2685 7387 2684 7386 2685 7387 2686 7388 2684 7386 2685 7387 2687 7389 2686 7388 2687 7389 2688 7390 2686 7388 2687 7389 2689 7390 2688 7390 2690 7391 2692 7392 2691 7391 2690 7391 2693 7393 2692 7392 2693 7393 2694 7394 2692 7392 2693 7393 2695 7395 2694 7394 2695 7395 2696 7396 2694 7394 2695 7395 2697 7397 2696 7396 2697 7397 2698 7398 2696 7396 2697 7397 2699 7398 2698 7398 2700 7399 2702 7400 2701 7399 2700 7399 2703 7400 2702 7400 2703 7400 2704 7401 2702 7400 2703 7400 2705 7402 2704 7401 2705 7402 2706 7403 2704 7401 2705 7402 2707 7404 2706 7403 2707 7404 2708 7405 2706 7403 2707 7404 2709 7405 2708 7405 2710 7406 2712 7407 2711 7406 2710 7406 2713 7408 2712 7407 2713 7408 2714 7409 2712 7407 2713 7408 2715 7410 2714 7409 2715 7410 2716 7411 2714 7409 2715 7410 2717 7412 2716 7411 2717 7412 2718 7413 2716 7411 2717 7412 2719 7413 2718 7413 2720 7414 2722 7415 2721 7414 2720 7414 2723 7416 2722 7415 2723 7416 2724 7417 2722 7415 2723 7416 2725 7418 2724 7417 2725 7418 2726 7419 2724 7417 2725 7418 2727 7420 2726 7419 2727 7420 2728 7421 2726 7419 2727 7420 2729 7421 2728 7421 2730 7422 2732 7423 2731 7422 2730 7422 2733 7424 2732 7423 2733 7424 2734 7425 2732 7423 2733 7424 2735 7426 2734 7425 2735 7426 2736 7427 2734 7425 2735 7426 2737 7428 2736 7427 2737 7428 2738 7429 2736 7427 2737 7428 2739 7429 2738 7429 2740 7430 2742 7431 2741 7430 2740 7430 2743 7432 2742 7431 2743 7432 2744 7433 2742 7431 2743 7432 2745 7434 2744 7433 2745 7434 2746 7435 2744 7433 2745 7434 2747 7436 2746 7435 2747 7436 2748 7437 2746 7435 2747 7436 2749 7437 2748 7437 2750 7438 2752 7439 2751 7438 2750 7438 2753 7440 2752 7439 2753 7440 2754 7441 2752 7439 2753 7440 2755 7442 2754 7441 2755 7442 2756 7443 2754 7441 2755 7442 2757 7444 2756 7443 2757 7444 2758 7445 2756 7443 2757 7444 2759 7445 2758 7445 2760 7446 2762 7447 2761 7446 2760 7446 2763 7448 2762 7447 2763 7448 2764 7449 2762 7447 2763 7448 2765 7450 2764 7449 2765 7450 2766 7451 2764 7449 2765 7450 2767 7452 2766 7451 2767 7452 2768 7453 2766 7451 2767 7452 2769 7453 2768 7453 2770 7454 2772 7455 2771 7454 2770 7454 2773 7456 2772 7455 2773 7456 2774 7457 2772 7455 2773 7456 2775 7458 2774 7457 2775 7458 2776 7459 2774 7457 2775 7458 2777 7460 2776 7459 2777 7460 2778 7461 2776 7459 2777 7460 2779 7461 2778 7461 2780 7462 2782 7463 2781 7462 2780 7462 2783 7464 2782 7463 2783 7464 2784 7465 2782 7463 2783 7464 2785 7466 2784 7465 2785 7466 2786 7467 2784 7465 2785 7466 2787 7468 2786 7467 2787 7468 2788 7469 2786 7467 2787 7468 2789 7469 2788 7469 2790 7470 2792 7471 2791 7470 2790 7470 2793 7472 2792 7471 2793 7472 2794 7473 2792 7471 2793 7472 2795 7474 2794 7473 2795 7474 2796 7475 2794 7473 2795 7474 2797 7476 2796 7475 2797 7476 2798 7477 2796 7475 2797 7476 2799 7477 2798 7477 2800 7478 2802 7479 2801 7478 2800 7478 2803 7480 2802 7479 2803 7480 2804 7481 2802 7479 2803 7480 2805 7482 2804 7481 2805 7482 2806 7483 2804 7481 2805 7482 2807 7484 2806 7483 2807 7484 2808 7485 2806 7483 2807 7484 2809 7485 2808 7485 2810 7486 2812 7487 2811 7486 2810 7486 2813 7488 2812 7487 2813 7488 2814 7489 2812 7487 2813 7488 2815 7490 2814 7489 2815 7490 2816 7491 2814 7489 2815 7490 2817 7492 2816 7491 2817 7492 2818 7493 2816 7491 2817 7492 2819 7493 2818 7493 2820 7494 2822 7495 2821 7494 2820 7494 2823 7496 2822 7495 2823 7496 2824 7497 2822 7495 2823 7496 2825 7498 2824 7497 2825 7498 2826 7499 2824 7497 2825 7498 2827 7500 2826 7499 2827 7500 2828 7501 2826 7499 2827 7500 2829 7501 2828 7501 2830 7502 2832 7503 2831 7502 2830 7502 2833 7504 2832 7503 2833 7504 2834 7505 2832 7503 2833 7504 2835 7506 2834 7505 2835 7506 2836 7507 2834 7505 2835 7506 2837 7508 2836 7507 2837 7508 2838 7509 2836 7507 2837 7508 2839 7509 2838 7509 2840 7510 2842 7511 2841 7510 2840 7510 2843 7512 2842 7511 2843 7512 2844 7513 2842 7511 2843 7512 2845 7514 2844 7513 2845 7514 2846 7515 2844 7513 2845 7514 2847 7516 2846 7515 2847 7516 2848 7517 2846 7515 2847 7516 2849 7517 2848 7517 2850 7518 2852 7519 2851 7518 2850 7518 2853 7520 2852 7519 2853 7520 2854 7521 2852 7519 2853 7520 2855 7522 2854 7521 2855 7522 2856 7523 2854 7521 2855 7522 2857 7524 2856 7523 2857 7524 2858 7525 2856 7523 2857 7524 2859 7525 2858 7525 2860 7526 2862 7527 2861 7526 2860 7526 2863 7528 2862 7527 2863 7528 2864 7529 2862 7527 2863 7528 2865 7530 2864 7529 2865 7530 2866 7531 2864 7529 2865 7530 2867 7532 2866 7531 2867 7532 2868 7533 2866 7531 2867 7532 2869 7533 2868 7533 2870 7534 2872 7535 2871 7534 2870 7534 2873 7536 2872 7535 2873 7536 2874 7537 2872 7535 2873 7536 2875 7538 2874 7537 2875 7538 2876 7539 2874 7537 2875 7538 2877 7540 2876 7539 2877 7540 2878 7541 2876 7539 2877 7540 2879 7541 2878 7541 2880 7542 2882 7543 2881 7542 2880 7542 2883 7544 2882 7543 2883 7544 2884 7545 2882 7543 2883 7544 2885 7546 2884 7545 2885 7546 2886 7547 2884 7545 2885 7546 2887 7548 2886 7547 2887 7548 2888 7549 2886 7547 2887 7548 2889 7549 2888 7549 2890 7550 2892 7551 2891 7550 2890 7550 2893 7552 2892 7551 2893 7552 2894 7553 2892 7551 2893 7552 2895 7554 2894 7553 2895 7554 2896 7555 2894 7553 2895 7554 2897 7556 2896 7555 2897 7556 2898 7557 2896 7555 2897 7556 2899 7557 2898 7557 2900 7558 2902 7559 2901 7558 2900 7558 2903 7560 2902 7559 2903 7560 2904 7561 2902 7559 2903 7560 2905 7562 2904 7561 2905 7562 2906 7563 2904 7561 2905 7562 2907 7564 2906 7563 2907 7564 2908 7565 2906 7563 2907 7564 2909 7565 2908 7565 2910 7566 2912 7567 2911 7566 2910 7566 2913 7568 2912 7567 2913 7568 2914 7569 2912 7567 2913 7568 2915 7570 2914 7569 2915 7570 2916 7571 2914 7569 2915 7570 2917 7572 2916 7571 2917 7572 2918 7573 2916 7571 2917 7572 2919 7573 2918 7573 2920 7574 2922 7575 2921 7574 2920 7574 2923 7576 2922 7575 2923 7576 2924 7577 2922 7575 2923 7576 2925 7578 2924 7577 2925 7578 2926 7579 2924 7577 2925 7578 2927 7580 2926 7579 2927 7580 2928 7581 2926 7579 2927 7580 2929 7581 2928 7581 2930 7582 2932 7583 2931 7582 2930 7582 2933 7584 2932 7583 2933 7584 2934 7585 2932 7583 2933 7584 2935 7586 2934 7585 2935 7586 2936 7587 2934 7585 2935 7586 2937 7588 2936 7587 2937 7588 2938 7589 2936 7587 2937 7588 2939 7589 2938 7589 2940 7590 2942 7591 2941 7590 2940 7590 2943 7592 2942 7591 2943 7592 2944 7593 2942 7591 2943 7592 2945 7594 2944 7593 2945 7594 2946 7595 2944 7593 2945 7594 2947 7596 2946 7595 2947 7596 2948 7597 2946 7595 2947 7596 2949 7597 2948 7597 2950 7598 2952 7599 2951 7598 2950 7598 2953 7600 2952 7599 2953 7600 2954 7601 2952 7599 2953 7600 2955 7602 2954 7601 2955 7602 2956 7603 2954 7601 2955 7602 2957 7604 2956 7603 2957 7604 2958 7605 2956 7603 2957 7604 2959 7605 2958 7605 2960 7606 2962 7607 2961 7606 2960 7606 2963 7608 2962 7607 2963 7608 2964 7609 2962 7607 2963 7608 2965 7610 2964 7609 2965 7610 2966 7611 2964 7609 2965 7610 2967 7612 2966 7611 2967 7612 2968 7613 2966 7611 2967 7612 2969 7613 2968 7613 2970 7614 2972 7615 2971 7614 2970 7614 2973 7616 2972 7615 2973 7616 2974 7617 2972 7615 2973 7616 2975 7618 2974 7617 2975 7618 2976 7619 2974 7617 2975 7618 2977 7620 2976 7619 2977 7620 2978 7621 2976 7619 2977 7620 2979 7621 2978 7621 2980 7622 2982 7623 2981 7622 2980 7622 2983 7624 2982 7623 2983 7624 2984 7625 2982 7623 2983 7624 2985 7626 2984 7625 2985 7626 2986 7627 2984 7625 2985 7626 2987 7628 2986 7627 2987 7628 2988 7629 2986 7627 2987 7628 2989 7629 2988 7629 2990 7630 2992 7631 2991 7630 2990 7630 2993 7632 2992 7631 2993 7632 2994 7633 2992 7631 2993 7632 2995 7634 2994 7633 2995 7634 2996 7635 2994 7633 2995 7634 2997 7636 2996 7635 2997 7636 2998 7637 2996 7635 2997 7636 2999 7637 2998 7637 3000 7638 3002 7639 3001 7638 3000 7638 3003 7640 3002 7639 3003 7640 3004 7641 3002 7639 3003 7640 3005 7642 3004 7641 3005 7642 3006 7643 3004 7641 3005 7642 3007 7644 3006 7643 3007 7644 3008 7645 3006 7643 3007 7644 3009 7645 3008 7645 3010 7646 3012 7647 3011 7646 3010 7646 3013 7648 3012 7647 3013 7648 3014 7649 3012 7647 3013 7648 3015 7650 3014 7649 3015 7650 3016 7651 3014 7649 3015 7650 3017 7652 3016 7651 3017 7652 3018 7653 3016 7651 3017 7652 3019 7653 3018 7653 3020 7654 3022 7655 3021 7654 3020 7654 3023 7656 3022 7655 3023 7656 3024 7657 3022 7655 3023 7656 3025 7658 3024 7657 3025 7658 3026 7659 3024 7657 3025 7658 3027 7660 3026 7659 3027 7660 3028 7661 3026 7659 3027 7660 3029 7661 3028 7661 3030 7662 3032 7663 3031 7662 3030 7662 3033 7664 3032 7663 3033 7664 3034 7665 3032 7663 3033 7664 3035 7666 3034 7665 3035 7666 3036 7667 3034 7665 3035 7666 3037 7668 3036 7667 3037 7668 3038 7669 3036 7667 3037 7668 3039 7669 3038 7669 3040 7670 3042 7671 3041 7670 3040 7670 3043 7672 3042 7671 3043 7672 3044 7673 3042 7671 3043 7672 3045 7674 3044 7673 3045 7674 3046 7675 3044 7673 3045 7674 3047 7676 3046 7675 3047 7676 3048 7677 3046 7675 3047 7676 3049 7677 3048 7677 3050 7678 3052 7679 3051 7678 3050 7678 3053 7680 3052 7679 3053 7680 3054 7681 3052 7679 3053 7680 3055 7682 3054 7681 3055 7682 3056 7683 3054 7681 3055 7682 3057 7684 3056 7683 3057 7684 3058 7685 3056 7683 3057 7684 3059 7685 3058 7685 3060 7686 3062 7687 3061 7686 3060 7686 3063 7688 3062 7687 3063 7688 3064 7689 3062 7687 3063 7688 3065 7690 3064 7689 3065 7690 3066 7691 3064 7689 3065 7690 3067 7692 3066 7691 3067 7692 3068 7693 3066 7691 3067 7692 3069 7693 3068 7693 3070 7694 3072 7695 3071 7694 3070 7694 3073 7696 3072 7695 3073 7696 3074 7697 3072 7695 3073 7696 3075 7698 3074 7697 3075 7698 3076 7699 3074 7697 3075 7698 3077 7700 3076 7699 3077 7700 3078 7701 3076 7699 3077 7700 3079 7701 3078 7701 3080 7702 3082 7703 3081 7702 3080 7702 3083 7704 3082 7703 3083 7704 3084 7705 3082 7703 3083 7704 3085 7706 3084 7705 3085 7706 3086 7707 3084 7705 3085 7706 3087 7708 3086 7707 3087 7708 3088 7709 3086 7707 3087 7708 3089 7709 3088 7709 3090 7710 3092 7711 3091 7710 3090 7710 3093 7712 3092 7711 3093 7712 3094 7713 3092 7711 3093 7712 3095 7714 3094 7713 3095 7714 3096 7715 3094 7713 3095 7714 3097 7716 3096 7715 3097 7716 3098 7717 3096 7715 3097 7716 3099 7717 3098 7717 3100 7718 3102 7719 3101 7718 3100 7718 3103 7719 3102 7719 3103 7719 3104 7720 3102 7719 3103 7719 3105 7721 3104 7720 3105 7721 3106 7722 3104 7720 3105 7721 3107 7723 3106 7722 3107 7723 3108 7724 3106 7722 3107 7723 3109 7724 3108 7724 3110 7725 3112 7726 3111 7725 3110 7725 3113 7727 3112 7726 3113 7727 3114 7728 3112 7726 3113 7727 3115 7729 3114 7728 3115 7729 3116 7730 3114 7728 3115 7729 3117 7731 3116 7730 3117 7731 3118 7732 3116 7730 3117 7731 3119 7732 3118 7732 3120 7733 3122 7734 3121 7733 3120 7733 3123 7735 3122 7734 3123 7735 3124 7736 3122 7734 3123 7735 3125 7737 3124 7736 3125 7737 3126 7738 3124 7736 3125 7737 3127 7739 3126 7738 3127 7739 3128 7740 3126 7738 3127 7739 3129 7740 3128 7740 3130 7741 3132 7742 3131 7741 3130 7741 3133 7743 3132 7742 3133 7743 3134 7744 3132 7742 3133 7743 3135 7745 3134 7744 3135 7745 3136 7746 3134 7744 3135 7745 3137 7747 3136 7746 3137 7747 3138 7748 3136 7746 3137 7747 3139 7748 3138 7748 3140 7749 3142 7750 3141 7749 3140 7749 3143 7751 3142 7750 3143 7751 3144 7752 3142 7750 3143 7751 3145 7753 3144 7752 3145 7753 3146 7754 3144 7752 3145 7753 3147 7755 3146 7754 3147 7755 3148 7756 3146 7754 3147 7755 3149 7756 3148 7756 3150 7757 3152 7758 3151 7757 3150 7757 3153 7759 3152 7758 3153 7759 3154 7760 3152 7758 3153 7759 3155 7761 3154 7760 3155 7761 3156 7762 3154 7760 3155 7761 3157 7763 3156 7762 3157 7763 3158 7764 3156 7762 3157 7763 3159 7764 3158 7764 3160 7765 3162 7766 3161 7765 3160 7765 3163 7767 3162 7766 3163 7767 3164 7768 3162 7766 3163 7767 3165 7769 3164 7768 3165 7769 3166 7770 3164 7768 3165 7769 3167 7771 3166 7770 3167 7771 3168 7772 3166 7770 3167 7771 3169 7772 3168 7772 3170 7773 3172 7774 3171 7773 3170 7773 3173 7775 3172 7774 3173 7775 3174 7776 3172 7774 3173 7775 3175 7777 3174 7776 3175 7777 3176 7778 3174 7776 3175 7777 3177 7779 3176 7778 3177 7779 3178 7780 3176 7778 3177 7779 3179 7780 3178 7780 3180 7781 3182 7782 3181 7781 3180 7781 3183 7783 3182 7782 3183 7783 3184 7784 3182 7782 3183 7783 3185 7785 3184 7784 3185 7785 3186 7786 3184 7784 3185 7785 3187 7787 3186 7786 3187 7787 3188 7788 3186 7786 3187 7787 3189 7788 3188 7788 3190 7789 3192 7790 3191 7789 3190 7789 3193 7791 3192 7790 3193 7791 3194 7792 3192 7790 3193 7791 3195 7793 3194 7792 3195 7793 3196 7794 3194 7792 3195 7793 3197 7795 3196 7794 3197 7795 3198 7796 3196 7794 3197 7795 3199 7796 3198 7796 3200 7797 3202 7798 3201 7797 3200 7797 3203 7799 3202 7798 3203 7799 3204 7800 3202 7798 3203 7799 3205 7801 3204 7800 3205 7801 3206 7802 3204 7800 3205 7801 3207 7803 3206 7802 3207 7803 3208 7804 3206 7802 3207 7803 3209 7804 3208 7804 3210 7805 3212 7806 3211 7805 3210 7805 3213 7807 3212 7806 3213 7807 3214 7808 3212 7806 3213 7807 3215 7809 3214 7808 3215 7809 3216 7810 3214 7808 3215 7809 3217 7811 3216 7810 3217 7811 3218 7812 3216 7810 3217 7811 3219 7812 3218 7812 3220 7813 3222 7814 3221 7813 3220 7813 3223 7815 3222 7814 3223 7815 3224 7816 3222 7814 3223 7815 3225 7817 3224 7816 3225 7817 3226 7818 3224 7816 3225 7817 3227 7819 3226 7818 3227 7819 3228 7820 3226 7818 3227 7819 3229 7820 3228 7820 3230 7821 3232 7822 3231 7821 3230 7821 3233 7823 3232 7822 3233 7823 3234 7824 3232 7822 3233 7823 3235 7825 3234 7824 3235 7825 3236 7826 3234 7824 3235 7825 3237 7827 3236 7826 3237 7827 3238 7828 3236 7826 3237 7827 3239 7828 3238 7828 3240 7829 3242 7830 3241 7829 3240 7829 3243 7831 3242 7830 3243 7831 3244 7832 3242 7830 3243 7831 3245 7833 3244 7832 3245 7833 3246 7834 3244 7832 3245 7833 3247 7835 3246 7834 3247 7835 3248 7836 3246 7834 3247 7835 3249 7836 3248 7836 3250 7837 3252 7838 3251 7837 3250 7837 3253 7839 3252 7838 3253 7839 3254 7840 3252 7838 3253 7839 3255 7841 3254 7840 3255 7841 3256 7842 3254 7840 3255 7841 3257 7843 3256 7842 3257 7843 3258 7844 3256 7842 3257 7843 3259 7844 3258 7844 3260 7845 3262 7846 3261 7845 3260 7845 3263 7847 3262 7846 3263 7847 3264 7848 3262 7846 3263 7847 3265 7849 3264 7848 3265 7849 3266 7850 3264 7848 3265 7849 3267 7851 3266 7850 3267 7851 3268 7852 3266 7850 3267 7851 3269 7852 3268 7852 3270 7853 3272 7854 3271 7853 3270 7853 3273 7855 3272 7854 3273 7855 3274 7856 3272 7854 3273 7855 3275 7857 3274 7856 3275 7857 3276 7858 3274 7856 3275 7857 3277 7859 3276 7858 3277 7859 3278 7860 3276 7858 3277 7859 3279 7860 3278 7860 3280 7861 3282 7862 3281 7861 3280 7861 3283 7863 3282 7862 3283 7863 3284 7864 3282 7862 3283 7863 3285 7865 3284 7864 3285 7865 3286 7866 3284 7864 3285 7865 3287 7867 3286 7866 3287 7867 3288 7868 3286 7866 3287 7867 3289 7868 3288 7868 3290 7869 3292 7870 3291 7869 3290 7869 3293 7871 3292 7870 3293 7871 3294 7872 3292 7870 3293 7871 3295 7873 3294 7872 3295 7873 3296 7874 3294 7872 3295 7873 3297 7875 3296 7874 3297 7875 3298 7876 3296 7874 3297 7875 3299 7876 3298 7876 3300 7877 3302 7878 3301 7877 3300 7877 3303 7878 3302 7878 3303 7878 3304 7879 3302 7878 3303 7878 3305 7880 3304 7879 3305 7880 3306 7881 3304 7879 3305 7880 3307 7882 3306 7881 3307 7882 3308 7883 3306 7881 3307 7882 3309 7883 3308 7883 3310 7884 3312 7885 3311 7884 3310 7884 3313 7886 3312 7885 3313 7886 3314 7887 3312 7885 3313 7886 3315 7888 3314 7887 3315 7888 3316 7889 3314 7887 3315 7888 3317 7890 3316 7889 3317 7890 3318 7891 3316 7889 3317 7890 3319 7891 3318 7891 3320 7892 3322 7893 3321 7892 3320 7892 3323 7894 3322 7893 3323 7894 3324 7895 3322 7893 3323 7894 3325 7896 3324 7895 3325 7896 3326 7897 3324 7895 3325 7896 3327 7898 3326 7897 3327 7898 3328 7899 3326 7897 3327 7898 3329 7899 3328 7899 3330 7900 3332 7901 3331 7900 3330 7900 3333 7902 3332 7901 3333 7902 3334 7903 3332 7901 3333 7902 3335 7904 3334 7903 3335 7904 3336 7905 3334 7903 3335 7904 3337 7906 3336 7905 3337 7906 3338 7907 3336 7905 3337 7906 3339 7907 3338 7907 3340 7908 3342 7909 3341 7908 3340 7908 3343 7910 3342 7909 3343 7910 3344 7911 3342 7909 3343 7910 3345 7912 3344 7911 3345 7912 3346 7913 3344 7911 3345 7912 3347 7914 3346 7913 3347 7914 3348 7915 3346 7913 3347 7914 3349 7915 3348 7915 3350 7916 3352 7917 3351 7916 3350 7916 3353 7918 3352 7917 3353 7918 3354 7919 3352 7917 3353 7918 3355 7920 3354 7919 3355 7920 3356 7921 3354 7919 3355 7920 3357 7922 3356 7921 3357 7922 3358 7923 3356 7921 3357 7922 3359 7923 3358 7923 3360 7924 3362 7925 3361 7924 3360 7924 3363 7926 3362 7925 3363 7926 3364 7927 3362 7925 3363 7926 3365 7928 3364 7927 3365 7928 3366 7929 3364 7927 3365 7928 3367 7930 3366 7929 3367 7930 3368 7931 3366 7929 3367 7930 3369 7931 3368 7931 3370 7932 3372 7933 3371 7932 3370 7932 3373 7933 3372 7933 3373 7933 3374 7934 3372 7933 3373 7933 3375 7935 3374 7934 3375 7935 3376 7936 3374 7934 3375 7935 3377 7937 3376 7936 3377 7937 3378 7938 3376 7936 3377 7937 3379 7938 3378 7938 3380 7939 3382 7940 3381 7939 3380 7939 3383 7941 3382 7940 3383 7941 3384 7942 3382 7940 3383 7941 3385 7943 3384 7942 3385 7943 3386 7944 3384 7942 3385 7943 3387 7945 3386 7944 3387 7945 3388 7946 3386 7944 3387 7945 3389 7946 3388 7946 3390 7947 3392 7948 3391 7947 3390 7947 3393 7949 3392 7948 3393 7949 3394 7950 3392 7948 3393 7949 3395 7951 3394 7950 3395 7951 3396 7952 3394 7950 3395 7951 3397 7953 3396 7952 3397 7953 3398 7954 3396 7952 3397 7953 3399 7954 3398 7954 3400 7955 3402 7956 3401 7955 3400 7955 3403 7957 3402 7956 3403 7957 3404 7958 3402 7956 3403 7957 3405 7959 3404 7958 3405 7959 3406 7960 3404 7958 3405 7959 3407 7961 3406 7960 3407 7961 3408 7962 3406 7960 3407 7961 3409 7962 3408 7962 3410 7963 3412 7964 3411 7963 3410 7963 3413 7965 3412 7964 3413 7965 3414 7966 3412 7964 3413 7965 3415 7967 3414 7966 3415 7967 3416 7968 3414 7966 3415 7967 3417 7969 3416 7968 3417 7969 3418 7970 3416 7968 3417 7969 3419 7970 3418 7970 3420 7971 3422 7972 3421 7971 3420 7971 3423 7973 3422 7972 3423 7973 3424 7974 3422 7972 3423 7973 3425 7975 3424 7974 3425 7975 3426 7976 3424 7974 3425 7975 3427 7977 3426 7976 3427 7977 3428 7978 3426 7976 3427 7977 3429 7978 3428 7978 3430 7979 3432 7980 3431 7979 3430 7979 3433 7981 3432 7980 3433 7981 3434 7982 3432 7980 3433 7981 3435 7983 3434 7982 3435 7983 3436 7984 3434 7982 3435 7983 3437 7985 3436 7984 3437 7985 3438 7986 3436 7984 3437 7985 3439 7986 3438 7986 3440 7987 3442 7988 3441 7987 3440 7987 3443 7989 3442 7988 3443 7989 3444 7990 3442 7988 3443 7989 3445 7991 3444 7990 3445 7991 3446 7992 3444 7990 3445 7991 3447 7993 3446 7992 3447 7993 3448 7994 3446 7992 3447 7993 3449 7994 3448 7994 3450 7995 3452 7996 3451 7995 3450 7995 3453 7997 3452 7996 3453 7997 3454 7998 3452 7996 3453 7997 3455 7999 3454 7998 3455 7999 3456 8000 3454 7998 3455 7999 3457 8001 3456 8000 3457 8001 3458 8002 3456 8000 3457 8001 3459 8002 3458 8002 3460 8003 3462 8004 3461 8003 3460 8003 3463 8005 3462 8004 3463 8005 3464 8006 3462 8004 3463 8005 3465 8007 3464 8006 3465 8007 3466 8008 3464 8006 3465 8007 3467 8009 3466 8008 3467 8009 3468 8010 3466 8008 3467 8009 3469 8010 3468 8010 3470 8011 3472 8012 3471 8011 3470 8011 3473 8013 3472 8012 3473 8013 3474 8014 3472 8012 3473 8013 3475 8015 3474 8014 3475 8015 3476 8016 3474 8014 3475 8015 3477 8017 3476 8016 3477 8017 3478 8018 3476 8016 3477 8017 3479 8018 3478 8018 3480 8019 3482 8020 3481 8019 3480 8019 3483 8021 3482 8020 3483 8021 3484 8022 3482 8020 3483 8021 3485 8023 3484 8022 3485 8023 3486 8024 3484 8022 3485 8023 3487 8025 3486 8024 3487 8025 3488 8026 3486 8024 3487 8025 3489 8026 3488 8026 3490 8027 3492 8028 3491 8027 3490 8027 3493 8029 3492 8028 3493 8029 3494 8030 3492 8028 3493 8029 3495 8031 3494 8030 3495 8031 3496 8032 3494 8030 3495 8031 3497 8033 3496 8032 3497 8033 3498 8034 3496 8032 3497 8033 3499 8034 3498 8034 3500 8035 3502 8036 3501 8035 3500 8035 3503 8037 3502 8036 3503 8037 3504 8038 3502 8036 3503 8037 3505 8039 3504 8038 3505 8039 3506 8040 3504 8038 3505 8039 3507 8041 3506 8040 3507 8041 3508 8042 3506 8040 3507 8041 3509 8042 3508 8042 3510 8043 3512 8044 3511 8043 3510 8043 3513 8045 3512 8044 3513 8045 3514 8046 3512 8044 3513 8045 3515 8047 3514 8046 3515 8047 3516 8048 3514 8046 3515 8047 3517 8049 3516 8048 3517 8049 3518 8050 3516 8048 3517 8049 3519 8050 3518 8050 3520 8051 3522 8052 3521 8051 3520 8051 3523 8053 3522 8052 3523 8053 3524 8054 3522 8052 3523 8053 3525 8055 3524 8054 3525 8055 3526 8056 3524 8054 3525 8055 3527 8057 3526 8056 3527 8057 3528 8058 3526 8056 3527 8057 3529 8058 3528 8058 3530 8059 3532 8060 3531 8059 3530 8059 3533 8061 3532 8060 3533 8061 3534 8062 3532 8060 3533 8061 3535 8063 3534 8062 3535 8063 3536 8064 3534 8062 3535 8063 3537 8065 3536 8064 3537 8065 3538 8066 3536 8064 3537 8065 3539 8066 3538 8066 3540 8067 3542 8068 3541 8067 3540 8067 3543 8069 3542 8068 3543 8069 3544 8070 3542 8068 3543 8069 3545 8071 3544 8070 3545 8071 3546 8072 3544 8070 3545 8071 3547 8073 3546 8072 3547 8073 3548 8074 3546 8072 3547 8073 3549 8074 3548 8074 3550 8075 3552 8076 3551 8075 3550 8075 3553 8077 3552 8076 3553 8077 3554 8078 3552 8076 3553 8077 3555 8079 3554 8078 3555 8079 3556 8080 3554 8078 3555 8079 3557 8081 3556 8080 3557 8081 3558 8082 3556 8080 3557 8081 3559 8082 3558 8082 3560 8083 3562 8084 3561 8083 3560 8083 3563 8085 3562 8084 3563 8085 3564 8086 3562 8084 3563 8085 3565 8087 3564 8086 3565 8087 3566 8088 3564 8086 3565 8087 3567 8089 3566 8088 3567 8089 3568 8090 3566 8088 3567 8089 3569 8090 3568 8090 3570 8091 3572 8092 3571 8091 3570 8091 3573 8093 3572 8092 3573 8093 3574 8094 3572 8092 3573 8093 3575 8095 3574 8094 3575 8095 3576 8096 3574 8094 3575 8095 3577 8097 3576 8096 3577 8097 3578 8098 3576 8096 3577 8097 3579 8098 3578 8098 3580 8099 3582 8100 3581 8099 3580 8099 3583 8101 3582 8100 3583 8101 3584 8102 3582 8100 3583 8101 3585 8103 3584 8102 3585 8103 3586 8104 3584 8102 3585 8103 3587 8105 3586 8104 3587 8105 3588 8106 3586 8104 3587 8105 3589 8106 3588 8106 3590 8107 3592 8108 3591 8107 3590 8107 3593 8109 3592 8108 3593 8109 3594 8110 3592 8108 3593 8109 3595 8111 3594 8110 3595 8111 3596 8112 3594 8110 3595 8111 3597 8113 3596 8112 3597 8113 3598 8114 3596 8112 3597 8113 3599 8114 3598 8114 3600 8115 3602 8116 3601 8115 3600 8115 3603 8116 3602 8116 3603 8116 3604 8117 3602 8116 3603 8116 3605 8118 3604 8117 3605 8118 3606 8119 3604 8117 3605 8118 3607 8120 3606 8119 3607 8120 3608 8121 3606 8119 3607 8120 3609 8121 3608 8121 3610 8122 3612 8123 3611 8122 3610 8122 3613 8124 3612 8123 3613 8124 3614 8125 3612 8123 3613 8124 3615 8126 3614 8125 3615 8126 3616 8127 3614 8125 3615 8126 3617 8128 3616 8127 3617 8128 3618 8129 3616 8127 3617 8128 3619 8129 3618 8129 3620 8130 3622 8131 3621 8130 3620 8130 3623 8132 3622 8131 3623 8132 3624 8133 3622 8131 3623 8132 3625 8134 3624 8133 3625 8134 3626 8135 3624 8133 3625 8134 3627 8136 3626 8135 3627 8136 3628 8137 3626 8135 3627 8136 3629 8137 3628 8137 3630 8138 3632 8139 3631 8138 3630 8138 3633 8140 3632 8139 3633 8140 3634 8141 3632 8139 3633 8140 3635 8142 3634 8141 3635 8142 3636 8143 3634 8141 3635 8142 3637 8144 3636 8143 3637 8144 3638 8145 3636 8143 3637 8144 3639 8145 3638 8145 3640 8146 3642 8147 3641 8146 3640 8146 3643 8148 3642 8147 3643 8148 3644 8149 3642 8147 3643 8148 3645 8150 3644 8149 3645 8150 3646 8151 3644 8149 3645 8150 3647 8152 3646 8151 3647 8152 3648 8153 3646 8151 3647 8152 3649 8153 3648 8153 3650 8154 3652 8155 3651 8154 3650 8154 3653 8156 3652 8155 3653 8156 3654 8157 3652 8155 3653 8156 3655 8158 3654 8157 3655 8158 3656 8159 3654 8157 3655 8158 3657 8160 3656 8159 3657 8160 3658 8161 3656 8159 3657 8160 3659 8161 3658 8161 3660 8162 3662 8163 3661 8162 3660 8162 3663 8164 3662 8163 3663 8164 3664 8165 3662 8163 3663 8164 3665 8166 3664 8165 3665 8166 3666 8167 3664 8165 3665 8166 3667 8168 3666 8167 3667 8168 3668 8169 3666 8167 3667 8168 3669 8169 3668 8169 3670 8170 3672 8171 3671 8170 3670 8170 3673 8172 3672 8171 3673 8172 3674 8173 3672 8171 3673 8172 3675 8174 3674 8173 3675 8174 3676 8175 3674 8173 3675 8174 3677 8176 3676 8175 3677 8176 3678 8177 3676 8175 3677 8176 3679 8177 3678 8177 3680 8178 3682 8179 3681 8178 3680 8178 3683 8180 3682 8179 3683 8180 3684 8181 3682 8179 3683 8180 3685 8182 3684 8181 3685 8182 3686 8183 3684 8181 3685 8182 3687 8184 3686 8183 3687 8184 3688 8185 3686 8183 3687 8184 3689 8185 3688 8185 3690 8186 3692 8187 3691 8186 3690 8186 3693 8188 3692 8187 3693 8188 3694 8189 3692 8187 3693 8188 3695 8190 3694 8189 3695 8190 3696 8191 3694 8189 3695 8190 3697 8192 3696 8191 3697 8192 3698 8193 3696 8191 3697 8192 3699 8193 3698 8193 3700 8194 3702 8195 3701 8194 3700 8194 3703 8196 3702 8195 3703 8196 3704 8197 3702 8195 3703 8196 3705 8198 3704 8197 3705 8198 3706 8199 3704 8197 3705 8198 3707 8200 3706 8199 3707 8200 3708 8201 3706 8199 3707 8200 3709 8201 3708 8201 3710 8202 3712 8203 3711 8202 3710 8202 3713 8204 3712 8203 3713 8204 3714 8205 3712 8203 3713 8204 3715 8206 3714 8205 3715 8206 3716 8207 3714 8205 3715 8206 3717 8208 3716 8207 3717 8208 3718 8209 3716 8207 3717 8208 3719 8209 3718 8209 3720 8210 3722 8211 3721 8210 3720 8210 3723 8212 3722 8211 3723 8212 3724 8213 3722 8211 3723 8212 3725 8214 3724 8213 3725 8214 3726 8215 3724 8213 3725 8214 3727 8216 3726 8215 3727 8216 3728 8217 3726 8215 3727 8216 3729 8217 3728 8217 3730 8218 3732 8219 3731 8218 3730 8218 3733 8220 3732 8219 3733 8220 3734 8221 3732 8219 3733 8220 3735 8222 3734 8221 3735 8222 3736 8223 3734 8221 3735 8222 3737 8224 3736 8223 3737 8224 3738 8225 3736 8223 3737 8224 3739 8225 3738 8225 3740 8226 3742 8227 3741 8226 3740 8226 3743 8228 3742 8227 3743 8228 3744 8229 3742 8227 3743 8228 3745 8230 3744 8229 3745 8230 3746 8231 3744 8229 3745 8230 3747 8232 3746 8231 3747 8232 3748 8026 3746 8231 3747 8232 3749 8026 3748 8026 3750 8233 3752 6746 3751 8233 3750 8233 3753 8234 3752 6746 3753 8234 3754 8235 3752 6746 3753 8234 3755 8236 3754 8235 3755 8236 3756 8237 3754 8235 3755 8236 3757 8238 3756 8237 3757 8238 3758 8239 3756 8237 3757 8238 3759 8239 3758 8239 3760 8240 3762 8241 3761 8240 3760 8240 3763 8242 3762 8241 3763 8242 3764 8243 3762 8241 3763 8242 3765 8244 3764 8243 3765 8244 3766 8245 3764 8243 3765 8244 3767 8246 3766 8245 3767 8246 3768 8247 3766 8245 3767 8246 3769 8247 3768 8247 3770 8248 3772 8249 3771 8248 3770 8248 3773 8250 3772 8249 3773 8250 3774 8251 3772 8249 3773 8250 3775 8252 3774 8251 3775 8252 3776 8253 3774 8251 3775 8252 3777 8254 3776 8253 3777 8254 3778 8255 3776 8253 3777 8254 3779 8255 3778 8255 3780 8256 3782 8257 3781 8256 3780 8256 3783 8258 3782 8257 3783 8258 3784 8259 3782 8257 3783 8258 3785 8260 3784 8259 3785 8260 3786 8261 3784 8259 3785 8260 3787 8262 3786 8261 3787 8262 3788 8263 3786 8261 3787 8262 3789 8263 3788 8263 3790 8264 3792 8265 3791 8264 3790 8264 3793 8266 3792 8265 3793 8266 3794 8267 3792 8265 3793 8266 3795 8268 3794 8267 3795 8268 3796 8269 3794 8267 3795 8268 3797 8270 3796 8269 3797 8270 3798 8271 3796 8269 3797 8270 3799 8271 3798 8271 3800 8272 3802 8273 3801 8272 3800 8272 3803 8274 3802 8273 3803 8274 3804 8275 3802 8273 3803 8274 3805 8276 3804 8275 3805 8276 3806 8277 3804 8275 3805 8276 3807 8278 3806 8277 3807 8278 3808 8279 3806 8277 3807 8278 3809 8279 3808 8279 3810 8280 3812 8281 3811 8280 3810 8280 3813 8282 3812 8281 3813 8282 3814 8283 3812 8281 3813 8282 3815 8284 3814 8283 3815 8284 3816 8285 3814 8283 3815 8284 3817 8286 3816 8285 3817 8286 3818 8287 3816 8285 3817 8286 3819 8287 3818 8287 3820 8288 3822 8289 3821 8288 3820 8288 3823 8290 3822 8289 3823 8290 3824 8291 3822 8289 3823 8290 3825 8292 3824 8291 3825 8292 3826 8293 3824 8291 3825 8292 3827 8294 3826 8293 3827 8294 3828 8295 3826 8293 3827 8294 3829 8295 3828 8295 3830 8296 3832 8297 3831 8296 3830 8296 3833 8298 3832 8297 3833 8298 3834 8299 3832 8297 3833 8298 3835 8300 3834 8299 3835 8300 3836 8301 3834 8299 3835 8300 3837 8302 3836 8301 3837 8302 3838 8303 3836 8301 3837 8302 3839 8303 3838 8303 3840 8304 3842 8305 3841 8304 3840 8304 3843 8306 3842 8305 3843 8306 3844 8307 3842 8305 3843 8306 3845 8308 3844 8307 3845 8308 3846 8309 3844 8307 3845 8308 3847 8310 3846 8309 3847 8310 3848 8311 3846 8309 3847 8310 3849 8311 3848 8311 3850 8312 3852 8313 3851 8312 3850 8312 3853 8314 3852 8313 3853 8314 3854 8315 3852 8313 3853 8314 3855 8316 3854 8315 3855 8316 3856 8317 3854 8315 3855 8316 3857 8318 3856 8317 3857 8318 3858 8319 3856 8317 3857 8318 3859 8319 3858 8319 3860 8320 3862 8321 3861 8320 3860 8320 3863 8322 3862 8321 3863 8322 3864 8323 3862 8321 3863 8322 3865 8324 3864 8323 3865 8324 3866 8325 3864 8323 3865 8324 3867 8326 3866 8325 3867 8326 3868 8327 3866 8325 3867 8326 3869 8327 3868 8327 3870 8328 3872 8329 3871 8328 3870 8328 3873 8330 3872 8329 3873 8330 3874 8331 3872 8329 3873 8330 3875 8332 3874 8331 3875 8332 3876 8333 3874 8331 3875 8332 3877 8334 3876 8333 3877 8334 3878 8335 3876 8333 3877 8334 3879 8335 3878 8335 3880 8336 3882 8337 3881 8336 3880 8336 3883 8338 3882 8337 3883 8338 3884 8339 3882 8337 3883 8338 3885 8340 3884 8339 3885 8340 3886 8341 3884 8339 3885 8340 3887 8342 3886 8341 3887 8342 3888 8343 3886 8341 3887 8342 3889 8343 3888 8343 3890 8344 3892 8345 3891 8344 3890 8344 3893 8346 3892 8345 3893 8346 3894 8347 3892 8345 3893 8346 3895 8348 3894 8347 3895 8348 3896 8349 3894 8347 3895 8348 3897 8350 3896 8349 3897 8350 3898 8351 3896 8349 3897 8350 3899 8351 3898 8351 3900 8352 3902 8353 3901 8352 3900 8352 3903 8353 3902 8353 3903 8353 3904 8354 3902 8353 3903 8353 3905 8355 3904 8354 3905 8355 3906 8356 3904 8354 3905 8355 3907 8357 3906 8356 3907 8357 3908 8358 3906 8356 3907 8357 3909 8358 3908 8358 3910 8359 3912 8360 3911 8359 3910 8359 3913 8361 3912 8360 3913 8361 3914 8362 3912 8360 3913 8361 3915 8363 3914 8362 3915 8363 3916 8364 3914 8362 3915 8363 3917 8365 3916 8364 3917 8365 3918 8366 3916 8364 3917 8365 3919 8366 3918 8366 3920 8367 3922 8368 3921 8367 3920 8367 3923 8369 3922 8368 3923 8369 3924 8370 3922 8368 3923 8369 3925 8371 3924 8370 3925 8371 3926 8372 3924 8370 3925 8371 3927 8373 3926 8372 3927 8373 3928 8374 3926 8372 3927 8373 3929 8374 3928 8374 3930 8375 3932 8376 3931 8375 3930 8375 3933 8377 3932 8376 3933 8377 3934 8378 3932 8376 3933 8377 3935 8379 3934 8378 3935 8379 3936 8380 3934 8378 3935 8379 3937 8381 3936 8380 3937 8381 3938 8382 3936 8380 3937 8381 3939 8382 3938 8382 3940 8383 3942 8384 3941 8383 3940 8383 3943 8385 3942 8384 3943 8385 3944 8386 3942 8384 3943 8385 3945 8387 3944 8386 3945 8387 3946 8388 3944 8386 3945 8387 3947 8389 3946 8388 3947 8389 3948 8390 3946 8388 3947 8389 3949 8390 3948 8390 3950 8391 3952 8392 3951 8391 3950 8391 3953 8393 3952 8392 3953 8393 3954 8394 3952 8392 3953 8393 3955 8395 3954 8394 3955 8395 3956 8396 3954 8394 3955 8395 3957 8397 3956 8396 3957 8397 3958 8398 3956 8396 3957 8397 3959 8398 3958 8398 3960 8399 3962 8400 3961 8399 3960 8399 3963 8401 3962 8400 3963 8401 3964 8402 3962 8400 3963 8401 3965 8403 3964 8402 3965 8403 3966 8404 3964 8402 3965 8403 3967 8405 3966 8404 3967 8405 3968 8406 3966 8404 3967 8405 3969 8406 3968 8406 3970 8407 3972 8408 3971 8407 3970 8407 3973 8408 3972 8408 3973 8408 3974 8409 3972 8408 3973 8408 3975 8410 3974 8409 3975 8410 3976 8411 3974 8409 3975 8410 3977 8412 3976 8411 3977 8412 3978 8413 3976 8411 3977 8412 3979 8413 3978 8413 3980 8414 3982 8415 3981 8414 3980 8414 3983 8416 3982 8415 3983 8416 3984 8417 3982 8415 3983 8416 3985 8418 3984 8417 3985 8418 3986 8419 3984 8417 3985 8418 3987 8420 3986 8419 3987 8420 3988 8421 3986 8419 3987 8420 3989 8421 3988 8421 3990 8422 3992 8423 3991 8422 3990 8422 3993 8424 3992 8423 3993 8424 3994 8425 3992 8423 3993 8424 3995 8426 3994 8425 3995 8426 3996 8427 3994 8425 3995 8426 3997 8428 3996 8427 3997 8428 3998 8429 3996 8427 3997 8428 3999 8429 3998 8429 4000 8430 4002 8431 4001 8430 4000 8430 4003 8432 4002 8431 4003 8432 4004 8433 4002 8431 4003 8432 4005 8434 4004 8433 4005 8434 4006 8435 4004 8433 4005 8434 4007 8436 4006 8435 4007 8436 4008 8437 4006 8435 4007 8436 4009 8437 4008 8437 4010 8438 4012 8439 4011 8438 4010 8438 4013 8440 4012 8439 4013 8440 4014 8441 4012 8439 4013 8440 4015 8442 4014 8441 4015 8442 4016 8443 4014 8441 4015 8442 4017 8444 4016 8443 4017 8444 4018 8445 4016 8443 4017 8444 4019 8445 4018 8445 4020 8446 4022 8447 4021 8446 4020 8446 4023 8448 4022 8447 4023 8448 4024 8449 4022 8447 4023 8448 4025 8450 4024 8449 4025 8450 4026 8451 4024 8449 4025 8450 4027 8452 4026 8451 4027 8452 4028 8453 4026 8451 4027 8452 4029 8453 4028 8453 4030 8454 4032 8455 4031 8454 4030 8454 4033 8456 4032 8455 4033 8456 4034 8457 4032 8455 4033 8456 4035 8458 4034 8457 4035 8458 4036 8459 4034 8457 4035 8458 4037 8460 4036 8459 4037 8460 4038 8461 4036 8459 4037 8460 4039 8461 4038 8461 4040 8462 4042 8463 4041 8462 4040 8462 4043 8464 4042 8463 4043 8464 4044 8465 4042 8463 4043 8464 4045 8466 4044 8465 4045 8466 4046 8467 4044 8465 4045 8466 4047 8468 4046 8467 4047 8468 4048 8469 4046 8467 4047 8468 4049 8469 4048 8469 4050 8470 4052 8471 4051 8470 4050 8470 4053 8472 4052 8471 4053 8472 4054 8473 4052 8471 4053 8472 4055 8474 4054 8473 4055 8474 4056 8475 4054 8473 4055 8474 4057 8476 4056 8475 4057 8476 4058 8477 4056 8475 4057 8476 4059 8477 4058 8477 4060 8478 4062 8479 4061 8478 4060 8478 4063 8480 4062 8479 4063 8480 4064 8481 4062 8479 4063 8480 4065 8482 4064 8481 4065 8482 4066 8483 4064 8481 4065 8482 4067 8484 4066 8483 4067 8484 4068 8485 4066 8483 4067 8484 4069 8485 4068 8485 4070 8486 4072 8487 4071 8486 4070 8486 4073 8488 4072 8487 4073 8488 4074 8489 4072 8487 4073 8488 4075 8490 4074 8489 4075 8490 4076 8491 4074 8489 4075 8490 4077 8492 4076 8491 4077 8492 4078 8493 4076 8491 4077 8492 4079 8493 4078 8493 4080 8494 4082 8495 4081 8494 4080 8494 4083 8496 4082 8495 4083 8496 4084 8497 4082 8495 4083 8496 4085 8498 4084 8497 4085 8498 4086 8499 4084 8497 4085 8498 4087 8500 4086 8499 4087 8500 4088 8501 4086 8499 4087 8500 4089 8501 4088 8501 4090 8502 4092 8503 4091 8502 4090 8502 4093 8504 4092 8503 4093 8504 4094 8505 4092 8503 4093 8504 4095 8506 4094 8505 4095 8506 4096 8507 4094 8505 4095 8506 4097 8508 4096 8507 4097 8508 4098 8509 4096 8507 4097 8508 4099 8509 4098 8509 4100 8510 4102 8511 4101 8510 4100 8510 4103 8512 4102 8511 4103 8512 4104 8513 4102 8511 4103 8512 4105 8514 4104 8513 4105 8514 4106 8515 4104 8513 4105 8514 4107 8516 4106 8515 4107 8516 4108 8517 4106 8515 4107 8516 4109 8517 4108 8517 4110 8518 4112 8519 4111 8518 4110 8518 4113 8520 4112 8519 4113 8520 4114 8521 4112 8519 4113 8520 4115 8522 4114 8521 4115 8522 4116 8523 4114 8521 4115 8522 4117 8524 4116 8523 4117 8524 4118 8525 4116 8523 4117 8524 4119 8525 4118 8525 4120 8526 4122 8527 4121 8526 4120 8526 4123 8528 4122 8527 4123 8528 4124 8529 4122 8527 4123 8528 4125 8530 4124 8529 4125 8530 4126 8531 4124 8529 4125 8530 4127 8532 4126 8531 4127 8532 4128 8533 4126 8531 4127 8532 4129 8533 4128 8533 4130 8534 4132 8535 4131 8534 4130 8534 4133 8536 4132 8535 4133 8536 4134 8537 4132 8535 4133 8536 4135 8538 4134 8537 4135 8538 4136 8539 4134 8537 4135 8538 4137 8540 4136 8539 4137 8540 4138 8541 4136 8539 4137 8540 4139 8541 4138 8541 4140 8542 4142 8543 4141 8542 4140 8542 4143 8544 4142 8543 4143 8544 4144 8545 4142 8543 4143 8544 4145 8546 4144 8545 4145 8546 4146 8547 4144 8545 4145 8546 4147 8548 4146 8547 4147 8548 4148 8549 4146 8547 4147 8548 4149 8549 4148 8549 4150 8550 4152 8551 4151 8550 4150 8550 4153 8552 4152 8551 4153 8552 4154 8553 4152 8551 4153 8552 4155 8554 4154 8553 4155 8554 4156 8555 4154 8553 4155 8554 4157 8556 4156 8555 4157 8556 4158 8557 4156 8555 4157 8556 4159 8557 4158 8557 4160 8558 4162 8559 4161 8558 4160 8558 4163 8560 4162 8559 4163 8560 4164 8561 4162 8559 4163 8560 4165 8562 4164 8561 4165 8562 4166 8563 4164 8561 4165 8562 4167 8564 4166 8563 4167 8564 4168 8565 4166 8563 4167 8564 4169 8565 4168 8565 4170 8566 4172 8567 4171 8566 4170 8566 4173 8568 4172 8567 4173 8568 4174 8569 4172 8567 4173 8568 4175 8570 4174 8569 4175 8570 4176 8571 4174 8569 4175 8570 4177 8572 4176 8571 4177 8572 4178 8573 4176 8571 4177 8572 4179 8573 4178 8573 4180 8574 4182 8575 4181 8574 4180 8574 4183 8576 4182 8575 4183 8576 4184 8577 4182 8575 4183 8576 4185 8578 4184 8577 4185 8578 4186 8579 4184 8577 4185 8578 4187 8580 4186 8579 4187 8580 4188 8581 4186 8579 4187 8580 4189 8581 4188 8581 4190 8582 4192 8583 4191 8582 4190 8582 4193 8584 4192 8583 4193 8584 4194 8585 4192 8583 4193 8584 4195 8586 4194 8585 4195 8586 4196 8587 4194 8585 4195 8586 4197 8588 4196 8587 4197 8588 4198 8589 4196 8587 4197 8588 4199 8589 4198 8589 4200 8590 4202 8591 4201 8590 4200 8590 4203 8592 4202 8591 4203 8592 4204 8593 4202 8591 4203 8592 4205 8594 4204 8593 4205 8594 4206 8595 4204 8593 4205 8594 4207 8596 4206 8595 4207 8596 4208 8597 4206 8595 4207 8596 4209 8597 4208 8597 4210 8598 4212 8599 4211 8598 4210 8598 4213 8600 4212 8599 4213 8600 4214 8601 4212 8599 4213 8600 4215 8602 4214 8601 4215 8602 4216 8603 4214 8601 4215 8602 4217 8604 4216 8603 4217 8604 4218 8605 4216 8603 4217 8604 4219 8605 4218 8605 4220 8606 4222 8607 4221 8606 4220 8606 4223 8608 4222 8607 4223 8608 4224 8609 4222 8607 4223 8608 4225 8610 4224 8609 4225 8610 4226 8611 4224 8609 4225 8610 4227 8612 4226 8611 4227 8612 4228 8613 4226 8611 4227 8612 4229 8613 4228 8613 4230 8614 4232 8615 4231 8614 4230 8614 4233 8616 4232 8615 4233 8616 4234 8617 4232 8615 4233 8616 4235 8618 4234 8617 4235 8618 4236 8619 4234 8617 4235 8618 4237 8620 4236 8619 4237 8620 4238 8621 4236 8619 4237 8620 4239 8621 4238 8621 4240 8622 4242 8623 4241 8622 4240 8622 4243 8624 4242 8623 4243 8624 4244 8625 4242 8623 4243 8624 4245 8626 4244 8625 4245 8626 4246 8627 4244 8625 4245 8626 4247 8628 4246 8627 4247 8628 4248 8629 4246 8627 4247 8628 4249 8629 4248 8629 4250 8630 4252 8631 4251 8630 4250 8630 4253 8632 4252 8631 4253 8632 4254 8633 4252 8631 4253 8632 4255 8634 4254 8633 4255 8634 4256 8635 4254 8633 4255 8634 4257 8636 4256 8635 4257 8636 4258 8637 4256 8635 4257 8636 4259 8637 4258 8637 4260 8638 4262 8639 4261 8638 4260 8638 4263 8640 4262 8639 4263 8640 4264 8641 4262 8639 4263 8640 4265 8642 4264 8641 4265 8642 4266 8643 4264 8641 4265 8642 4267 8644 4266 8643 4267 8644 4268 8645 4266 8643 4267 8644 4269 8645 4268 8645 4270 8646 4272 8647 4271 8646 4270 8646 4273 8648 4272 8647 4273 8648 4274 8649 4272 8647 4273 8648 4275 8650 4274 8649 4275 8650 4276 8651 4274 8649 4275 8650 4277 8652 4276 8651 4277 8652 4278 8653 4276 8651 4277 8652 4279 8653 4278 8653 4280 8654 4282 8655 4281 8654 4280 8654 4283 8656 4282 8655 4283 8656 4284 8657 4282 8655 4283 8656 4285 8658 4284 8657 4285 8658 4286 8659 4284 8657 4285 8658 4287 8660 4286 8659 4287 8660 4288 8661 4286 8659 4287 8660 4289 8661 4288 8661 4290 8662 4292 8663 4291 8662 4290 8662 4293 8664 4292 8663 4293 8664 4294 8665 4292 8663 4293 8664 4295 8666 4294 8665 4295 8666 4296 8667 4294 8665 4295 8666 4297 8668 4296 8667 4297 8668 4298 8669 4296 8667 4297 8668 4299 8669 4298 8669 4300 8670 4302 8671 4301 8670 4300 8670 4303 8672 4302 8671 4303 8672 4304 8673 4302 8671 4303 8672 4305 8674 4304 8673 4305 8674 4306 8675 4304 8673 4305 8674 4307 8676 4306 8675 4307 8676 4308 8677 4306 8675 4307 8676 4309 8677 4308 8677 4310 8678 4312 8679 4311 8678 4310 8678 4313 8680 4312 8679 4313 8680 4314 8681 4312 8679 4313 8680 4315 8682 4314 8681 4315 8682 4316 8683 4314 8681 4315 8682 4317 8684 4316 8683 4317 8684 4318 8685 4316 8683 4317 8684 4319 8685 4318 8685 4320 8686 4322 8687 4321 8686 4320 8686 4323 8688 4322 8687 4323 8688 4324 8689 4322 8687 4323 8688 4325 8690 4324 8689 4325 8690 4326 8691 4324 8689 4325 8690 4327 8692 4326 8691 4327 8692 4328 8693 4326 8691 4327 8692 4329 8693 4328 8693 4330 8694 4332 8695 4331 8694 4330 8694 4333 8696 4332 8695 4333 8696 4334 8697 4332 8695 4333 8696 4335 8698 4334 8697 4335 8698 4336 8699 4334 8697 4335 8698 4337 8700 4336 8699 4337 8700 4338 8701 4336 8699 4337 8700 4339 8701 4338 8701 4340 8702 4342 8703 4341 8702 4340 8702 4343 8704 4342 8703 4343 8704 4344 8705 4342 8703 4343 8704 4345 8706 4344 8705 4345 8706 4346 8707 4344 8705 4345 8706 4347 8708 4346 8707 4347 8708 4348 8709 4346 8707 4347 8708 4349 8709 4348 8709 4350 8710 4352 8711 4351 8710 4350 8710 4353 8712 4352 8711 4353 8712 4354 8713 4352 8711 4353 8712 4355 8714 4354 8713 4355 8714 4356 8715 4354 8713 4355 8714 4357 8716 4356 8715 4357 8716 4358 8717 4356 8715 4357 8716 4359 8717 4358 8717 4360 8718 4362 8719 4361 8718 4360 8718 4363 8720 4362 8719 4363 8720 4364 8721 4362 8719 4363 8720 4365 8722 4364 8721 4365 8722 4366 8723 4364 8721 4365 8722 4367 8724 4366 8723 4367 8724 4368 8725 4366 8723 4367 8724 4369 8725 4368 8725 4370 8726 4372 8727 4371 8726 4370 8726 4373 8728 4372 8727 4373 8728 4374 8729 4372 8727 4373 8728 4375 8730 4374 8729 4375 8730 4376 8731 4374 8729 4375 8730 4377 8732 4376 8731 4377 8732 4378 8733 4376 8731 4377 8732 4379 8733 4378 8733 4380 8734 4382 8735 4381 8734 4380 8734 4383 8736 4382 8735 4383 8736 4384 8737 4382 8735 4383 8736 4385 8738 4384 8737 4385 8738 4386 8739 4384 8737 4385 8738 4387 8740 4386 8739 4387 8740 4388 8741 4386 8739 4387 8740 4389 8741 4388 8741 4390 8742 4392 8743 4391 8742 4390 8742 4393 8744 4392 8743 4393 8744 4394 8745 4392 8743 4393 8744 4395 8746 4394 8745 4395 8746 4396 8747 4394 8745 4395 8746 4397 8748 4396 8747 4397 8748 4398 8749 4396 8747 4397 8748 4399 8749 4398 8749 4400 8750 4402 8751 4401 8750 4400 8750 4403 8751 4402 8751 4403 8751 4404 8752 4402 8751 4403 8751 4405 8753 4404 8752 4405 8753 4406 8754 4404 8752 4405 8753 4407 8755 4406 8754 4407 8755 4408 8756 4406 8754 4407 8755 4409 8756 4408 8756 4410 8757 4412 8758 4411 8757 4410 8757 4413 8759 4412 8758 4413 8759 4414 8760 4412 8758 4413 8759 4415 8761 4414 8760 4415 8761 4416 8762 4414 8760 4415 8761 4417 8763 4416 8762 4417 8763 4418 8764 4416 8762 4417 8763 4419 8764 4418 8764 4420 8765 4422 8766 4421 8765 4420 8765 4423 8767 4422 8766 4423 8767 4424 8768 4422 8766 4423 8767 4425 8769 4424 8768 4425 8769 4426 8770 4424 8768 4425 8769 4427 8771 4426 8770 4427 8771 4428 8772 4426 8770 4427 8771 4429 8772 4428 8772 4430 8773 4432 8774 4431 8773 4430 8773 4433 8775 4432 8774 4433 8775 4434 8776 4432 8774 4433 8775 4435 8777 4434 8776 4435 8777 4436 8778 4434 8776 4435 8777 4437 8779 4436 8778 4437 8779 4438 8780 4436 8778 4437 8779 4439 8780 4438 8780 4440 8781 4442 8782 4441 8781 4440 8781 4443 8783 4442 8782 4443 8783 4444 8784 4442 8782 4443 8783 4445 8785 4444 8784 4445 8785 4446 8786 4444 8784 4445 8785 4447 8787 4446 8786 4447 8787 4448 8788 4446 8786 4447 8787 4449 8788 4448 8788 4450 8789 4452 8790 4451 8789 4450 8789 4453 8791 4452 8790 4453 8791 4454 8792 4452 8790 4453 8791 4455 8793 4454 8792 4455 8793 4456 8794 4454 8792 4455 8793 4457 8795 4456 8794 4457 8795 4458 8796 4456 8794 4457 8795 4459 8796 4458 8796 4460 8797 4462 8798 4461 8797 4460 8797 4463 8799 4462 8798 4463 8799 4464 8800 4462 8798 4463 8799 4465 8801 4464 8800 4465 8801 4466 8802 4464 8800 4465 8801 4467 8803 4466 8802 4467 8803 4468 8804 4466 8802 4467 8803 4469 8804 4468 8804 4470 8805 4472 8806 4471 8805 4470 8805 4473 8807 4472 8806 4473 8807 4474 8808 4472 8806 4473 8807 4475 8809 4474 8808 4475 8809 4476 8810 4474 8808 4475 8809 4477 8811 4476 8810 4477 8811 4478 8812 4476 8810 4477 8811 4479 8812 4478 8812 4480 8813 4482 8814 4481 8813 4480 8813 4483 8815 4482 8814 4483 8815 4484 8816 4482 8814 4483 8815 4485 8817 4484 8816 4485 8817 4486 8818 4484 8816 4485 8817 4487 8819 4486 8818 4487 8819 4488 8820 4486 8818 4487 8819 4489 8820 4488 8820 4490 8821 4492 8822 4491 8821 4490 8821 4493 8823 4492 8822 4493 8823 4494 8824 4492 8822 4493 8823 4495 8825 4494 8824 4495 8825 4496 8826 4494 8824 4495 8825 4497 8827 4496 8826 4497 8827 4498 8828 4496 8826 4497 8827 4499 8828 4498 8828 4500 8829 4502 8830 4501 8829 4500 8829 4503 8831 4502 8830 4503 8831 4504 8832 4502 8830 4503 8831 4505 8833 4504 8832 4505 8833 4506 8834 4504 8832 4505 8833 4507 8835 4506 8834 4507 8835 4508 8836 4506 8834 4507 8835 4509 8836 4508 8836 4510 8837 4512 8838 4511 8837 4510 8837 4513 8839 4512 8838 4513 8839 4514 8840 4512 8838 4513 8839 4515 8841 4514 8840 4515 8841 4516 8842 4514 8840 4515 8841 4517 8843 4516 8842 4517 8843 4518 8844 4516 8842 4517 8843 4519 8844 4518 8844 4520 8845 4522 8846 4521 8845 4520 8845 4523 8847 4522 8846 4523 8847 4524 8848 4522 8846 4523 8847 4525 8849 4524 8848 4525 8849 4526 8850 4524 8848 4525 8849 4527 8851 4526 8850 4527 8851 4528 8852 4526 8850 4527 8851 4529 8852 4528 8852 4530 8853 4532 8854 4531 8853 4530 8853 4533 8855 4532 8854 4533 8855 4534 8856 4532 8854 4533 8855 4535 8857 4534 8856 4535 8857 4536 8858 4534 8856 4535 8857 4537 8859 4536 8858 4537 8859 4538 8860 4536 8858 4537 8859 4539 8860 4538 8860 4540 8861 4542 8862 4541 8861 4540 8861 4543 8863 4542 8862 4543 8863 4544 8864 4542 8862 4543 8863 4545 8865 4544 8864 4545 8865 4546 8866 4544 8864 4545 8865 4547 8867 4546 8866 4547 8867 4548 8868 4546 8866 4547 8867 4549 8868 4548 8868 4550 8869 4552 8870 4551 8869 4550 8869 4553 8871 4552 8870 4553 8871 4554 8872 4552 8870 4553 8871 4555 8873 4554 8872 4555 8873 4556 8874 4554 8872 4555 8873 4557 8875 4556 8874 4557 8875 4558 8876 4556 8874 4557 8875 4559 8876 4558 8876 4560 8877 4562 8878 4561 8877 4560 8877 4563 8879 4562 8878 4563 8879 4564 8880 4562 8878 4563 8879 4565 8881 4564 8880 4565 8881 4566 8882 4564 8880 4565 8881 4567 8883 4566 8882 4567 8883 4568 8884 4566 8882 4567 8883 4569 8884 4568 8884 4570 8885 4572 8886 4571 8885 4570 8885 4573 8887 4572 8886 4573 8887 4574 8888 4572 8886 4573 8887 4575 8889 4574 8888 4575 8889 4576 8890 4574 8888 4575 8889 4577 8891 4576 8890 4577 8891 4578 8892 4576 8890 4577 8891 4579 8892 4578 8892 4580 8893 4582 8894 4581 8893 4580 8893 4583 8895 4582 8894 4583 8895 4584 8896 4582 8894 4583 8895 4585 8897 4584 8896 4585 8897 4586 8898 4584 8896 4585 8897 4587 8899 4586 8898 4587 8899 4588 8900 4586 8898 4587 8899 4589 8900 4588 8900 4590 8901 4592 8902 4591 8901 4590 8901 4593 8903 4592 8902 4593 8903 4594 8904 4592 8902 4593 8903 4595 8905 4594 8904 4595 8905 4596 8906 4594 8904 4595 8905 4597 8907 4596 8906 4597 8907 4598 8908 4596 8906 4597 8907 4599 8908 4598 8908 4600 8909 4602 8910 4601 8909 4600 8909 4603 8910 4602 8910 4603 8910 4604 8911 4602 8910 4603 8910 4605 8912 4604 8911 4605 8912 4606 8913 4604 8911 4605 8912 4607 8914 4606 8913 4607 8914 4608 8915 4606 8913 4607 8914 4609 8915 4608 8915 4610 8916 4612 8917 4611 8916 4610 8916 4613 8918 4612 8917 4613 8918 4614 8919 4612 8917 4613 8918 4615 8920 4614 8919 4615 8920 4616 8921 4614 8919 4615 8920 4617 8922 4616 8921 4617 8922 4618 8923 4616 8921 4617 8922 4619 8923 4618 8923 4620 8924 4622 8925 4621 8924 4620 8924 4623 8926 4622 8925 4623 8926 4624 8927 4622 8925 4623 8926 4625 8928 4624 8927 4625 8928 4626 8929 4624 8927 4625 8928 4627 8930 4626 8929 4627 8930 4628 8931 4626 8929 4627 8930 4629 8931 4628 8931 4630 8932 4632 8933 4631 8932 4630 8932 4633 8934 4632 8933 4633 8934 4634 8935 4632 8933 4633 8934 4635 8936 4634 8935 4635 8936 4636 8937 4634 8935 4635 8936 4637 8938 4636 8937 4637 8938 4638 8939 4636 8937 4637 8938 4639 8939 4638 8939 4640 8940 4642 8941 4641 8940 4640 8940 4643 8942 4642 8941 4643 8942 4644 8943 4642 8941 4643 8942 4645 8944 4644 8943 4645 8944 4646 8945 4644 8943 4645 8944 4647 8946 4646 8945 4647 8946 4648 8947 4646 8945 4647 8946 4649 8947 4648 8947 4650 8948 4652 8949 4651 8948 4650 8948 4653 8950 4652 8949 4653 8950 4654 8951 4652 8949 4653 8950 4655 8952 4654 8951 4655 8952 4656 8953 4654 8951 4655 8952 4657 8954 4656 8953 4657 8954 4658 8955 4656 8953 4657 8954 4659 8955 4658 8955 4660 8956 4662 8957 4661 8956 4660 8956 4663 8958 4662 8957 4663 8958 4664 8959 4662 8957 4663 8958 4665 8960 4664 8959 4665 8960 4666 8961 4664 8959 4665 8960 4667 8962 4666 8961 4667 8962 4668 8963 4666 8961 4667 8962 4669 8963 4668 8963 4670 8964 4672 8965 4671 8964 4670 8964 4673 8966 4672 8965 4673 8966 4674 8967 4672 8965 4673 8966 4675 8968 4674 8967 4675 8968 4676 8969 4674 8967 4675 8968 4677 8970 4676 8969 4677 8970 4678 8971 4676 8969 4677 8970 4679 8971 4678 8971 4680 8972 4682 8973 4681 8972 4680 8972 4683 8974 4682 8973 4683 8974 4684 8975 4682 8973 4683 8974 4685 8976 4684 8975 4685 8976 4686 8977 4684 8975 4685 8976 4687 8978 4686 8977 4687 8978 4688 8979 4686 8977 4687 8978 4689 8979 4688 8979 4690 8980 4692 8981 4691 8980 4690 8980 4693 8982 4692 8981 4693 8982 4694 8983 4692 8981 4693 8982 4695 8984 4694 8983 4695 8984 4696 8985 4694 8983 4695 8984 4697 8986 4696 8985 4697 8986 4698 8987 4696 8985 4697 8986 4699 8987 4698 8987 4700 8988 4702 8989 4701 8988 4700 8988 4703 8990 4702 8989 4703 8990 4704 8991 4702 8989 4703 8990 4705 8992 4704 8991 4705 8992 4706 8993 4704 8991 4705 8992 4707 8994 4706 8993 4707 8994 4708 8995 4706 8993 4707 8994 4709 8995 4708 8995 4710 8996 4712 8997 4711 8996 4710 8996 4713 8998 4712 8997 4713 8998 4714 8999 4712 8997 4713 8998 4715 9000 4714 8999 4715 9000 4716 9001 4714 8999 4715 9000 4717 9002 4716 9001 4717 9002 4718 9003 4716 9001 4717 9002 4719 9003 4718 9003 4720 9004 4722 9005 4721 9004 4720 9004 4723 9006 4722 9005 4723 9006 4724 9007 4722 9005 4723 9006 4725 9008 4724 9007 4725 9008 4726 9009 4724 9007 4725 9008 4727 9010 4726 9009 4727 9010 4728 9011 4726 9009 4727 9010 4729 9011 4728 9011 4730 9012 4732 9013 4731 9012 4730 9012 4733 9014 4732 9013 4733 9014 4734 9015 4732 9013 4733 9014 4735 9016 4734 9015 4735 9016 4736 9017 4734 9015 4735 9016 4737 9018 4736 9017 4737 9018 4738 9019 4736 9017 4737 9018 4739 9019 4738 9019 4740 9020 4742 9021 4741 9020 4740 9020 4743 9022 4742 9021 4743 9022 4744 9023 4742 9021 4743 9022 4745 9024 4744 9023 4745 9024 4746 9025 4744 9023 4745 9024 4747 9026 4746 9025 4747 9026 4748 9027 4746 9025 4747 9026 4749 9027 4748 9027 4750 9028 4752 9029 4751 9028 4750 9028 4753 9030 4752 9029 4753 9030 4754 9031 4752 9029 4753 9030 4755 9032 4754 9031 4755 9032 4756 9033 4754 9031 4755 9032 4757 9034 4756 9033 4757 9034 4758 9035 4756 9033 4757 9034 4759 9035 4758 9035 4760 9036 4762 9037 4761 9036 4760 9036 4763 9038 4762 9037 4763 9038 4764 9039 4762 9037 4763 9038 4765 9040 4764 9039 4765 9040 4766 9041 4764 9039 4765 9040 4767 9042 4766 9041 4767 9042 4768 9043 4766 9041 4767 9042 4769 9043 4768 9043 4770 9044 4772 9045 4771 9044 4770 9044 4773 9046 4772 9045 4773 9046 4774 9047 4772 9045 4773 9046 4775 9048 4774 9047 4775 9048 4776 9049 4774 9047 4775 9048 4777 9050 4776 9049 4777 9050 4778 9051 4776 9049 4777 9050 4779 9051 4778 9051 4780 9052 4782 9053 4781 9052 4780 9052 4783 9054 4782 9053 4783 9054 4784 9055 4782 9053 4783 9054 4785 9056 4784 9055 4785 9056 4786 9057 4784 9055 4785 9056 4787 9058 4786 9057 4787 9058 4788 9059 4786 9057 4787 9058 4789 9059 4788 9059 4790 9060 4792 9061 4791 9060 4790 9060 4793 9062 4792 9061 4793 9062 4794 9063 4792 9061 4793 9062 4795 9064 4794 9063 4795 9064 4796 9065 4794 9063 4795 9064 4797 9066 4796 9065 4797 9066 4798 9067 4796 9065 4797 9066 4799 9067 4798 9067 4800 9068 4802 9069 4801 9068 4800 9068 4803 9070 4802 9069 4803 9070 4804 9071 4802 9069 4803 9070 4805 9072 4804 9071 4805 9072 4806 9073 4804 9071 4805 9072 4807 9074 4806 9073 4807 9074 4808 9075 4806 9073 4807 9074 4809 9075 4808 9075 4810 9076 4812 9077 4811 9076 4810 9076 4813 9078 4812 9077 4813 9078 4814 9079 4812 9077 4813 9078 4815 9080 4814 9079 4815 9080 4816 9081 4814 9079 4815 9080 4817 9082 4816 9081 4817 9082 4818 9083 4816 9081 4817 9082 4819 9083 4818 9083 4820 9084 4822 9085 4821 9084 4820 9084 4823 9086 4822 9085 4823 9086 4824 9087 4822 9085 4823 9086 4825 9088 4824 9087 4825 9088 4826 9089 4824 9087 4825 9088 4827 9090 4826 9089 4827 9090 4828 9091 4826 9089 4827 9090 4829 9091 4828 9091 4830 9092 4832 9093 4831 9092 4830 9092 4833 9094 4832 9093 4833 9094 4834 9095 4832 9093 4833 9094 4835 9096 4834 9095 4835 9096 4836 9097 4834 9095 4835 9096 4837 9098 4836 9097 4837 9098 4838 9099 4836 9097 4837 9098 4839 9099 4838 9099 4840 9100 4842 9101 4841 9100 4840 9100 4843 9102 4842 9101 4843 9102 4844 9103 4842 9101 4843 9102 4845 9104 4844 9103 4845 9104 4846 9105 4844 9103 4845 9104 4847 9106 4846 9105 4847 9106 4848 9107 4846 9105 4847 9106 4849 9107 4848 9107 4850 9108 4852 9109 4851 9108 4850 9108 4853 9110 4852 9109 4853 9110 4854 9111 4852 9109 4853 9110 4855 9112 4854 9111 4855 9112 4856 9113 4854 9111 4855 9112 4857 9114 4856 9113 4857 9114 4858 9115 4856 9113 4857 9114 4859 9115 4858 9115 4860 9116 4862 9117 4861 9116 4860 9116 4863 9118 4862 9117 4863 9118 4864 9119 4862 9117 4863 9118 4865 9120 4864 9119 4865 9120 4866 9121 4864 9119 4865 9120 4867 9122 4866 9121 4867 9122 4868 9123 4866 9121 4867 9122 4869 9123 4868 9123 4870 9124 4872 9125 4871 9124 4870 9124 4873 9126 4872 9125 4873 9126 4874 9127 4872 9125 4873 9126 4875 9128 4874 9127 4875 9128 4876 9129 4874 9127 4875 9128 4877 9130 4876 9129 4877 9130 4878 9131 4876 9129 4877 9130 4879 9131 4878 9131 4880 9132 4882 9133 4881 9132 4880 9132 4883 9134 4882 9133 4883 9134 4884 9135 4882 9133 4883 9134 4885 9136 4884 9135 4885 9136 4886 9137 4884 9135 4885 9136 4887 9138 4886 9137 4887 9138 4888 9139 4886 9137 4887 9138 4889 9139 4888 9139 4890 9140 4892 9141 4891 9140 4890 9140 4893 9142 4892 9141 4893 9142 4894 9143 4892 9141 4893 9142 4895 9144 4894 9143 4895 9144 4896 9145 4894 9143 4895 9144 4897 9146 4896 9145 4897 9146 4898 9147 4896 9145 4897 9146 4899 9147 4898 9147 4900 9148 4902 9149 4901 9148 4900 9148 4903 9150 4902 9149 4903 9150 4904 9151 4902 9149 4903 9150 4905 9152 4904 9151 4905 9152 4906 9153 4904 9151 4905 9152 4907 9154 4906 9153 4907 9154 4908 9155 4906 9153 4907 9154 4909 9155 4908 9155 4910 9156 4912 9157 4911 9156 4910 9156 4913 9158 4912 9157 4913 9158 4914 9159 4912 9157 4913 9158 4915 9160 4914 9159 4915 9160 4916 9161 4914 9159 4915 9160 4917 9162 4916 9161 4917 9162 4918 9163 4916 9161 4917 9162 4919 9163 4918 9163 4920 9164 4922 9165 4921 9164 4920 9164 4923 9166 4922 9165 4923 9166 4924 9167 4922 9165 4923 9166 4925 9168 4924 9167 4925 9168 4926 9169 4924 9167 4925 9168 4927 9170 4926 9169 4927 9170 4928 9171 4926 9169 4927 9170 4929 9171 4928 9171 4930 9172 4932 9173 4931 9172 4930 9172 4933 9174 4932 9173 4933 9174 4934 9175 4932 9173 4933 9174 4935 9176 4934 9175 4935 9176 4936 9177 4934 9175 4935 9176 4937 9178 4936 9177 4937 9178 4938 9179 4936 9177 4937 9178 4939 9179 4938 9179 4940 9180 4942 9181 4941 9180 4940 9180 4943 9182 4942 9181 4943 9182 4944 9183 4942 9181 4943 9182 4945 9184 4944 9183 4945 9184 4946 9185 4944 9183 4945 9184 4947 9186 4946 9185 4947 9186 4948 9187 4946 9185 4947 9186 4949 9187 4948 9187 4950 9188 4952 9189 4951 9188 4950 9188 4953 9190 4952 9189 4953 9190 4954 9191 4952 9189 4953 9190 4955 9192 4954 9191 4955 9192 4956 9193 4954 9191 4955 9192 4957 9194 4956 9193 4957 9194 4958 9195 4956 9193 4957 9194 4959 9195 4958 9195 4960 9196 4962 9197 4961 9196 4960 9196 4963 9198 4962 9197 4963 9198 4964 9199 4962 9197 4963 9198 4965 9200 4964 9199 4965 9200 4966 9201 4964 9199 4965 9200 4967 9202 4966 9201 4967 9202 4968 9203 4966 9201 4967 9202 4969 9203 4968 9203 4970 9204 4972 9205 4971 9204 4970 9204 4973 9206 4972 9205 4973 9206 4974 9207 4972 9205 4973 9206 4975 9208 4974 9207 4975 9208 4976 9209 4974 9207 4975 9208 4977 9210 4976 9209 4977 9210 4978 9211 4976 9209 4977 9210 4979 9211 4978 9211 4980 9212 4982 9213 4981 9212 4980 9212 4983 9214 4982 9213 4983 9214 4984 9215 4982 9213 4983 9214 4985 9216 4984 9215 4985 9216 4986 9217 4984 9215 4985 9216 4987 9218 4986 9217 4987 9218 4988 9219 4986 9217 4987 9218 4989 9219 4988 9219 4990 9220 4992 9221 4991 9220 4990 9220 4993 9222 4992 9221 4993 9222 4994 9223 4992 9221 4993 9222 4995 9224 4994 9223 4995 9224 4996 9225 4994 9223 4995 9224 4997 9226 4996 9225 4997 9226 4998 9227 4996 9225 4997 9226 4999 9227 4998 9227 5000 9228 5002 9229 5001 9228 5000 9228 5003 9230 5002 9229 5003 9230 5004 9231 5002 9229 5003 9230 5005 9232 5004 9231 5005 9232 5006 9233 5004 9231 5005 9232 5007 9234 5006 9233 5007 9234 5008 9235 5006 9233 5007 9234 5009 9235 5008 9235 5010 9236 5012 9237 5011 9236 5010 9236 5013 9238 5012 9237 5013 9238 5014 9239 5012 9237 5013 9238 5015 9240 5014 9239 5015 9240 5016 9241 5014 9239 5015 9240 5017 9242 5016 9241 5017 9242 5018 9243 5016 9241 5017 9242 5019 9243 5018 9243 5020 9244 5022 9245 5021 9244 5020 9244 5023 9246 5022 9245 5023 9246 5024 9247 5022 9245 5023 9246 5025 9248 5024 9247 5025 9248 5026 9249 5024 9247 5025 9248 5027 9250 5026 9249 5027 9250 5028 9251 5026 9249 5027 9250 5029 9251 5028 9251 5030 9252 5032 9253 5031 9252 5030 9252 5033 9254 5032 9253 5033 9254 5034 9255 5032 9253 5033 9254 5035 9256 5034 9255 5035 9256 5036 9257 5034 9255 5035 9256 5037 9258 5036 9257 5037 9258 5038 9259 5036 9257 5037 9258 5039 9259 5038 9259 5040 9260 5042 9261 5041 9260 5040 9260 5043 9262 5042 9261 5043 9262 5044 9263 5042 9261 5043 9262 5045 9264 5044 9263 5045 9264 5046 9265 5044 9263 5045 9264 5047 9266 5046 9265 5047 9266 5048 9267 5046 9265 5047 9266 5049 9267 5048 9267 5050 9268 5052 9269 5051 9268 5050 9268 5053 9270 5052 9269 5053 9270 5054 9271 5052 9269 5053 9270 5055 9272 5054 9271 5055 9272 5056 9273 5054 9271 5055 9272 5057 9274 5056 9273 5057 9274 5058 9275 5056 9273 5057 9274 5059 9275 5058 9275 5060 9276 5062 9277 5061 9276 5060 9276 5063 9278 5062 9277 5063 9278 5064 9279 5062 9277 5063 9278 5065 9280 5064 9279 5065 9280 5066 9281 5064 9279 5065 9280 5067 9282 5066 9281 5067 9282 5068 9283 5066 9281 5067 9282 5069 9283 5068 9283 5070 9284 5072 9285 5071 9284 5070 9284 5073 9286 5072 9285 5073 9286 5074 9287 5072 9285 5073 9286 5075 9288 5074 9287 5075 9288 5076 9289 5074 9287 5075 9288 5077 9290 5076 9289 5077 9290 5078 9291 5076 9289 5077 9290 5079 9291 5078 9291 5080 9292 5082 9293 5081 9292 5080 9292 5083 9294 5082 9293 5083 9294 5084 9295 5082 9293 5083 9294 5085 9296 5084 9295 5085 9296 5086 9297 5084 9295 5085 9296 5087 9298 5086 9297 5087 9298 5088 9299 5086 9297 5087 9298 5089 9299 5088 9299 5090 9300 5092 9301 5091 9300 5090 9300 5093 9302 5092 9301 5093 9302 5094 9303 5092 9301 5093 9302 5095 9304 5094 9303 5095 9304 5096 9305 5094 9303 5095 9304 5097 9306 5096 9305 5097 9306 5098 9307 5096 9305 5097 9306 5099 9307 5098 9307 5100 9308 5102 9309 5101 9308 5100 9308 5103 9309 5102 9309 5103 9309 5104 9310 5102 9309 5103 9309 5105 9311 5104 9310 5105 9311 5106 9312 5104 9310 5105 9311 5107 9313 5106 9312 5107 9313 5108 9314 5106 9312 5107 9313 5109 9314 5108 9314 5110 9315 5112 9316 5111 9315 5110 9315 5113 9317 5112 9316 5113 9317 5114 9318 5112 9316 5113 9317 5115 9319 5114 9318 5115 9319 5116 9320 5114 9318 5115 9319 5117 9321 5116 9320 5117 9321 5118 9322 5116 9320 5117 9321 5119 9322 5118 9322 5120 9323 5122 9324 5121 9323 5120 9323 5123 9325 5122 9324 5123 9325 5124 9326 5122 9324 5123 9325 5125 9327 5124 9326 5125 9327 5126 9328 5124 9326 5125 9327 5127 9329 5126 9328 5127 9329 5128 9330 5126 9328 5127 9329 5129 9330 5128 9330 5130 9331 5132 9332 5131 9331 5130 9331 5133 9333 5132 9332 5133 9333 5134 9334 5132 9332 5133 9333 5135 9335 5134 9334 5135 9335 5136 9336 5134 9334 5135 9335 5137 9337 5136 9336 5137 9337 5138 9338 5136 9336 5137 9337 5139 9338 5138 9338 5140 9339 5142 9340 5141 9339 5140 9339 5143 9341 5142 9340 5143 9341 5144 9342 5142 9340 5143 9341 5145 9343 5144 9342 5145 9343 5146 9344 5144 9342 5145 9343 5147 9345 5146 9344 5147 9345 5148 9346 5146 9344 5147 9345 5149 9346 5148 9346 5150 9347 5152 9348 5151 9347 5150 9347 5153 9349 5152 9348 5153 9349 5154 9350 5152 9348 5153 9349 5155 9351 5154 9350 5155 9351 5156 9352 5154 9350 5155 9351 5157 9353 5156 9352 5157 9353 5158 9354 5156 9352 5157 9353 5159 9354 5158 9354 5160 9355 5162 9356 5161 9355 5160 9355 5163 9357 5162 9356 5163 9357 5164 9358 5162 9356 5163 9357 5165 9359 5164 9358 5165 9359 5166 9360 5164 9358 5165 9359 5167 9361 5166 9360 5167 9361 5168 9362 5166 9360 5167 9361 5169 9362 5168 9362 5170 9363 5172 9364 5171 9363 5170 9363 5173 9364 5172 9364 5173 9364 5174 9365 5172 9364 5173 9364 5175 9366 5174 9365 5175 9366 5176 9367 5174 9365 5175 9366 5177 9368 5176 9367 5177 9368 5178 9369 5176 9367 5177 9368 5179 9369 5178 9369 5180 9370 5182 9371 5181 9370 5180 9370 5183 9372 5182 9371 5183 9372 5184 9373 5182 9371 5183 9372 5185 9374 5184 9373 5185 9374 5186 9375 5184 9373 5185 9374 5187 9376 5186 9375 5187 9376 5188 9377 5186 9375 5187 9376 5189 9377 5188 9377 5190 9378 5192 9379 5191 9378 5190 9378 5193 9380 5192 9379 5193 9380 5194 9381 5192 9379 5193 9380 5195 9382 5194 9381 5195 9382 5196 9383 5194 9381 5195 9382 5197 9384 5196 9383 5197 9384 5198 9385 5196 9383 5197 9384 5199 9385 5198 9385 5200 9386 5202 9387 5201 9386 5200 9386 5203 9387 5202 9387 5203 9387 5204 9388 5202 9387 5203 9387 5205 9389 5204 9388 5205 9389 5206 9390 5204 9388 5205 9389 5207 9391 5206 9390 5207 9391 5208 9392 5206 9390 5207 9391 5209 9392 5208 9392 5210 9393 5212 9394 5211 9393 5210 9393 5213 9395 5212 9394 5213 9395 5214 9396 5212 9394 5213 9395 5215 9397 5214 9396 5215 9397 5216 9398 5214 9396 5215 9397 5217 9399 5216 9398 5217 9399 5218 9400 5216 9398 5217 9399 5219 9400 5218 9400 5220 9401 5222 9402 5221 9401 5220 9401 5223 9403 5222 9402 5223 9403 5224 9404 5222 9402 5223 9403 5225 9405 5224 9404 5225 9405 5226 9406 5224 9404 5225 9405 5227 9407 5226 9406 5227 9407 5228 9408 5226 9406 5227 9407 5229 9408 5228 9408 5230 9409 5232 9410 5231 9409 5230 9409 5233 9411 5232 9410 5233 9411 5234 9412 5232 9410 5233 9411 5235 9413 5234 9412 5235 9413 5236 9414 5234 9412 5235 9413 5237 9415 5236 9414 5237 9415 5238 9416 5236 9414 5237 9415 5239 9416 5238 9416 5240 9417 5242 9418 5241 9417 5240 9417 5243 9419 5242 9418 5243 9419 5244 9420 5242 9418 5243 9419 5245 9421 5244 9420 5245 9421 5246 9422 5244 9420 5245 9421 5247 9423 5246 9422 5247 9423 5248 9424 5246 9422 5247 9423 5249 9424 5248 9424 5250 9425 5252 9426 5251 9425 5250 9425 5253 9427 5252 9426 5253 9427 5254 9428 5252 9426 5253 9427 5255 9429 5254 9428 5255 9429 5256 9430 5254 9428 5255 9429 5257 9431 5256 9430 5257 9431 5258 9432 5256 9430 5257 9431 5259 9432 5258 9432 5260 9433 5262 9434 5261 9433 5260 9433 5263 9435 5262 9434 5263 9435 5264 9436 5262 9434 5263 9435 5265 9437 5264 9436 5265 9437 5266 9438 5264 9436 5265 9437 5267 9439 5266 9438 5267 9439 5268 9440 5266 9438 5267 9439 5269 9440 5268 9440 5270 9441 5272 9442 5271 9441 5270 9441 5273 9443 5272 9442 5273 9443 5274 9444 5272 9442 5273 9443 5275 9445 5274 9444 5275 9445 5276 9446 5274 9444 5275 9445 5277 9447 5276 9446 5277 9447 5278 9448 5276 9446 5277 9447 5279 9448 5278 9448 5280 9449 5282 9450 5281 9449 5280 9449 5283 9451 5282 9450 5283 9451 5284 9452 5282 9450 5283 9451 5285 9453 5284 9452 5285 9453 5286 9454 5284 9452 5285 9453 5287 9455 5286 9454 5287 9455 5288 9456 5286 9454 5287 9455 5289 9456 5288 9456 5290 9457 5292 9458 5291 9457 5290 9457 5293 9459 5292 9458 5293 9459 5294 9460 5292 9458 5293 9459 5295 9461 5294 9460 5295 9461 5296 9462 5294 9460 5295 9461 5297 9463 5296 9462 5297 9463 5298 9464 5296 9462 5297 9463 5299 9464 5298 9464 5300 9465 5302 9466 5301 9465 5300 9465 5303 9467 5302 9466 5303 9467 5304 9468 5302 9466 5303 9467 5305 9469 5304 9468 5305 9469 5306 9470 5304 9468 5305 9469 5307 9471 5306 9470 5307 9471 5308 9472 5306 9470 5307 9471 5309 9472 5308 9472 5310 9473 5312 9474 5311 9473 5310 9473 5313 9475 5312 9474 5313 9475 5314 9476 5312 9474 5313 9475 5315 9477 5314 9476 5315 9477 5316 9478 5314 9476 5315 9477 5317 9479 5316 9478 5317 9479 5318 9480 5316 9478 5317 9479 5319 9480 5318 9480 5320 9481 5322 9482 5321 9481 5320 9481 5323 9483 5322 9482 5323 9483 5324 9484 5322 9482 5323 9483 5325 9485 5324 9484 5325 9485 5326 9486 5324 9484 5325 9485 5327 9487 5326 9486 5327 9487 5328 9488 5326 9486 5327 9487 5329 9488 5328 9488 5330 9489 5332 9490 5331 9489 5330 9489 5333 9491 5332 9490 5333 9491 5334 9492 5332 9490 5333 9491 5335 9493 5334 9492 5335 9493 5336 9494 5334 9492 5335 9493 5337 9495 5336 9494 5337 9495 5338 9496 5336 9494 5337 9495 5339 9496 5338 9496 5340 9497 5342 9498 5341 9497 5340 9497 5343 9499 5342 9498 5343 9499 5344 9500 5342 9498 5343 9499 5345 9501 5344 9500 5345 9501 5346 9502 5344 9500 5345 9501 5347 9503 5346 9502 5347 9503 5348 9504 5346 9502 5347 9503 5349 9504 5348 9504 5350 9505 5352 9506 5351 9505 5350 9505 5353 9507 5352 9506 5353 9507 5354 9508 5352 9506 5353 9507 5355 9509 5354 9508 5355 9509 5356 9510 5354 9508 5355 9509 5357 9511 5356 9510 5357 9511 5358 9512 5356 9510 5357 9511 5359 9512 5358 9512 5360 9513 5362 9514 5361 9513 5360 9513 5363 9515 5362 9514 5363 9515 5364 9516 5362 9514 5363 9515 5365 9517 5364 9516 5365 9517 5366 9518 5364 9516 5365 9517 5367 9519 5366 9518 5367 9519 5368 9520 5366 9518 5367 9519 5369 9520 5368 9520 5370 9521 5372 9522 5371 9521 5370 9521 5373 9523 5372 9522 5373 9523 5374 9524 5372 9522 5373 9523 5375 9525 5374 9524 5375 9525 5376 9526 5374 9524 5375 9525 5377 9527 5376 9526 5377 9527 5378 9528 5376 9526 5377 9527 5379 9528 5378 9528 5380 9529 5382 9530 5381 9529 5380 9529 5383 9531 5382 9530 5383 9531 5384 9532 5382 9530 5383 9531 5385 9533 5384 9532 5385 9533 5386 9534 5384 9532 5385 9533 5387 9535 5386 9534 5387 9535 5388 9536 5386 9534 5387 9535 5389 9536 5388 9536 5390 9537 5392 9538 5391 9537 5390 9537 5393 9539 5392 9538 5393 9539 5394 9540 5392 9538 5393 9539 5395 9541 5394 9540 5395 9541 5396 9542 5394 9540 5395 9541 5397 9543 5396 9542 5397 9543 5398 9544 5396 9542 5397 9543 5399 9544 5398 9544 5400 9545 5402 9546 5401 9545 5400 9545 5403 9546 5402 9546 5403 9546 5404 9547 5402 9546 5403 9546 5405 9548 5404 9547 5405 9548 5406 9549 5404 9547 5405 9548 5407 9550 5406 9549 5407 9550 5408 9551 5406 9549 5407 9550 5409 9551 5408 9551 5410 9552 5412 9553 5411 9552 5410 9552 5413 9554 5412 9553 5413 9554 5414 9555 5412 9553 5413 9554 5415 9556 5414 9555 5415 9556 5416 9557 5414 9555 5415 9556 5417 9558 5416 9557 5417 9558 5418 9559 5416 9557 5417 9558 5419 9559 5418 9559 5420 9560 5422 9561 5421 9560 5420 9560 5423 9562 5422 9561 5423 9562 5424 9563 5422 9561 5423 9562 5425 9564 5424 9563 5425 9564 5426 9565 5424 9563 5425 9564 5427 9566 5426 9565 5427 9566 5428 9567 5426 9565 5427 9566 5429 9567 5428 9567 5430 9568 5432 9569 5431 9568 5430 9568 5433 9570 5432 9569 5433 9570 5434 9571 5432 9569 5433 9570 5435 9572 5434 9571 5435 9572 5436 9573 5434 9571 5435 9572 5437 9574 5436 9573 5437 9574 5438 9575 5436 9573 5437 9574 5439 9575 5438 9575 5440 9576 5442 9577 5441 9576 5440 9576 5443 9578 5442 9577 5443 9578 5444 9579 5442 9577 5443 9578 5445 9580 5444 9579 5445 9580 5446 9581 5444 9579 5445 9580 5447 9582 5446 9581 5447 9582 5448 9583 5446 9581 5447 9582 5449 9583 5448 9583 5450 9584 5452 9585 5451 9584 5450 9584 5453 9586 5452 9585 5453 9586 5454 9587 5452 9585 5453 9586 5455 9588 5454 9587 5455 9588 5456 9589 5454 9587 5455 9588 5457 9590 5456 9589 5457 9590 5458 9591 5456 9589 5457 9590 5459 9591 5458 9591 5460 9592 5462 9593 5461 9592 5460 9592 5463 9594 5462 9593 5463 9594 5464 9595 5462 9593 5463 9594 5465 9596 5464 9595 5465 9596 5466 9597 5464 9595 5465 9596 5467 9598 5466 9597 5467 9598 5468 9599 5466 9597 5467 9598 5469 9599 5468 9599 5470 9600 5472 9601 5471 9600 5470 9600 5473 9602 5472 9601 5473 9602 5474 9603 5472 9601 5473 9602 5475 9604 5474 9603 5475 9604 5476 9605 5474 9603 5475 9604 5477 9606 5476 9605 5477 9606 5478 9607 5476 9605 5477 9606 5479 9607 5478 9607 5480 9608 5482 9609 5481 9608 5480 9608 5483 9610 5482 9609 5483 9610 5484 9611 5482 9609 5483 9610 5485 9612 5484 9611 5485 9612 5486 9613 5484 9611 5485 9612 5487 9614 5486 9613 5487 9614 5488 9615 5486 9613 5487 9614 5489 9615 5488 9615 5490 9616 5492 9617 5491 9616 5490 9616 5493 9618 5492 9617 5493 9618 5494 9619 5492 9617 5493 9618 5495 9620 5494 9619 5495 9620 5496 9621 5494 9619 5495 9620 5497 9622 5496 9621 5497 9622 5498 9623 5496 9621 5497 9622 5499 9623 5498 9623 5500 9624 5502 9625 5501 9624 5500 9624 5503 9626 5502 9625 5503 9626 5504 9627 5502 9625 5503 9626 5505 9628 5504 9627 5505 9628 5506 9629 5504 9627 5505 9628 5507 9630 5506 9629 5507 9630 5508 9631 5506 9629 5507 9630 5509 9631 5508 9631 5510 9632 5512 9633 5511 9632 5510 9632 5513 9634 5512 9633 5513 9634 5514 9635 5512 9633 5513 9634 5515 9636 5514 9635 5515 9636 5516 9637 5514 9635 5515 9636 5517 9638 5516 9637 5517 9638 5518 9639 5516 9637 5517 9638 5519 9639 5518 9639 5520 9640 5522 9641 5521 9640 5520 9640 5523 9642 5522 9641 5523 9642 5524 9643 5522 9641 5523 9642 5525 9644 5524 9643 5525 9644 5526 9645 5524 9643 5525 9644 5527 9646 5526 9645 5527 9646 5528 9647 5526 9645 5527 9646 5529 9647 5528 9647 5530 9648 5532 9649 5531 9648 5530 9648 5533 9650 5532 9649 5533 9650 5534 7276 5532 9649 5533 9650 5535 9651 5534 7276 5535 9651 5536 9652 5534 7276 5535 9651 5537 9653 5536 9652 5537 9653 5538 9654 5536 9652 5537 9653 5539 9654 5538 9654 5540 9655 5542 9656 5541 9655 5540 9655 5543 9657 5542 9656 5543 9657 5544 9658 5542 9656 5543 9657 5545 9659 5544 9658 5545 9659 5546 9660 5544 9658 5545 9659 5547 9661 5546 9660 5547 9661 5548 9662 5546 9660 5547 9661 5549 9662 5548 9662 5550 9663 5552 9664 5551 9663 5550 9663 5553 9665 5552 9664 5553 9665 5554 9666 5552 9664 5553 9665 5555 9667 5554 9666 5555 9667 5556 9668 5554 9666 5555 9667 5557 9669 5556 9668 5557 9669 5558 9670 5556 9668 5557 9669 5559 9670 5558 9670 5560 9671 5562 9672 5561 9671 5560 9671 5563 9673 5562 9672 5563 9673 5564 9674 5562 9672 5563 9673 5565 9675 5564 9674 5565 9675 5566 9676 5564 9674 5565 9675 5567 9677 5566 9676 5567 9677 5568 9678 5566 9676 5567 9677 5569 9678 5568 9678 5570 9679 5572 9680 5571 9679 5570 9679 5573 9681 5572 9680 5573 9681 5574 9682 5572 9680 5573 9681 5575 9683 5574 9682 5575 9683 5576 9684 5574 9682 5575 9683 5577 9685 5576 9684 5577 9685 5578 9686 5576 9684 5577 9685 5579 9686 5578 9686 5580 9687 5582 9688 5581 9687 5580 9687 5583 9689 5582 9688 5583 9689 5584 9690 5582 9688 5583 9689 5585 9691 5584 9690 5585 9691 5586 9692 5584 9690 5585 9691 5587 9693 5586 9692 5587 9693 5588 9694 5586 9692 5587 9693 5589 9694 5588 9694 5590 9695 5592 9696 5591 9695 5590 9695 5593 9697 5592 9696 5593 9697 5594 9698 5592 9696 5593 9697 5595 9699 5594 9698 5595 9699 5596 9700 5594 9698 5595 9699 5597 9701 5596 9700 5597 9701 5598 9702 5596 9700 5597 9701 5599 9702 5598 9702 5600 9703 5602 9704 5601 9703 5600 9703 5603 9705 5602 9704 5603 9705 5604 9706 5602 9704 5603 9705 5605 9707 5604 9706 5605 9707 5606 9708 5604 9706 5605 9707 5607 9709 5606 9708 5607 9709 5608 9710 5606 9708 5607 9709 5609 9710 5608 9710 5610 9711 5612 9712 5611 9711 5610 9711 5613 9713 5612 9712 5613 9713 5614 9714 5612 9712 5613 9713 5615 9715 5614 9714 5615 9715 5616 9716 5614 9714 5615 9715 5617 9717 5616 9716 5617 9717 5618 9718 5616 9716 5617 9717 5619 9718 5618 9718 5620 9719 5622 9720 5621 9719 5620 9719 5623 9721 5622 9720 5623 9721 5624 9722 5622 9720 5623 9721 5625 9723 5624 9722 5625 9723 5626 9724 5624 9722 5625 9723 5627 9725 5626 9724 5627 9725 5628 9726 5626 9724 5627 9725 5629 9726 5628 9726 5630 9727 5632 9728 5631 9727 5630 9727 5633 9729 5632 9728 5633 9729 5634 9730 5632 9728 5633 9729 5635 9731 5634 9730 5635 9731 5636 9732 5634 9730 5635 9731 5637 9733 5636 9732 5637 9733 5638 9734 5636 9732 5637 9733 5639 9734 5638 9734 5640 9735 5642 9736 5641 9735 5640 9735 5643 9737 5642 9736 5643 9737 5644 9738 5642 9736 5643 9737 5645 9739 5644 9738 5645 9739 5646 9740 5644 9738 5645 9739 5647 9741 5646 9740 5647 9741 5648 9742 5646 9740 5647 9741 5649 9742 5648 9742 5650 9743 5652 9744 5651 9743 5650 9743 5653 9745 5652 9744 5653 9745 5654 9746 5652 9744 5653 9745 5655 9747 5654 9746 5655 9747 5656 9748 5654 9746 5655 9747 5657 9749 5656 9748 5657 9749 5658 9750 5656 9748 5657 9749 5659 9750 5658 9750 5660 9751 5662 9752 5661 9751 5660 9751 5663 9753 5662 9752 5663 9753 5664 9754 5662 9752 5663 9753 5665 9755 5664 9754 5665 9755 5666 9756 5664 9754 5665 9755 5667 9757 5666 9756 5667 9757 5668 9758 5666 9756 5667 9757 5669 9758 5668 9758 5670 9759 5672 9760 5671 9759 5670 9759 5673 9761 5672 9760 5673 9761 5674 9762 5672 9760 5673 9761 5675 9763 5674 9762 5675 9763 5676 9764 5674 9762 5675 9763 5677 9765 5676 9764 5677 9765 5678 9766 5676 9764 5677 9765 5679 9766 5678 9766 5680 9767 5682 9768 5681 9767 5680 9767 5683 9769 5682 9768 5683 9769 5684 9770 5682 9768 5683 9769 5685 9771 5684 9770 5685 9771 5686 9772 5684 9770 5685 9771 5687 9773 5686 9772 5687 9773 5688 9774 5686 9772 5687 9773 5689 9774 5688 9774 5690 9775 5692 9776 5691 9775 5690 9775 5693 9777 5692 9776 5693 9777 5694 9778 5692 9776 5693 9777 5695 9779 5694 9778 5695 9779 5696 9780 5694 9778 5695 9779 5697 9781 5696 9780 5697 9781 5698 9782 5696 9780 5697 9781 5699 9782 5698 9782 5700 9783 5702 9784 5701 9783 5700 9783 5703 9784 5702 9784 5703 9784 5704 9785 5702 9784 5703 9784 5705 9786 5704 9785 5705 9786 5706 9787 5704 9785 5705 9786 5707 9788 5706 9787 5707 9788 5708 9789 5706 9787 5707 9788 5709 9789 5708 9789 5710 9790 5712 9791 5711 9790 5710 9790 5713 9792 5712 9791 5713 9792 5714 9793 5712 9791 5713 9792 5715 9794 5714 9793 5715 9794 5716 9795 5714 9793 5715 9794 5717 9796 5716 9795 5717 9796 5718 9797 5716 9795 5717 9796 5719 9797 5718 9797 5720 9798 5722 9799 5721 9798 5720 9798 5723 9800 5722 9799 5723 9800 5724 9801 5722 9799 5723 9800 5725 9802 5724 9801 5725 9802 5726 9803 5724 9801 5725 9802 5727 9804 5726 9803 5727 9804 5728 9805 5726 9803 5727 9804 5729 9805 5728 9805 5730 9806 5732 9294 5731 9806 5730 9806 5733 9807 5732 9294 5733 9807 5734 9808 5732 9294 5733 9807 5735 9809 5734 9808 5735 9809 5736 9810 5734 9808 5735 9809 5737 9811 5736 9810 5737 9811 5738 9812 5736 9810 5737 9811 5739 9812 5738 9812 5740 9813 5742 9814 5741 9813 5740 9813 5743 9815 5742 9814 5743 9815 5744 9816 5742 9814 5743 9815 5745 9817 5744 9816 5745 9817 5746 9818 5744 9816 5745 9817 5747 9819 5746 9818 5747 9819 5748 9820 5746 9818 5747 9819 5749 9820 5748 9820 5750 9821 5752 9822 5751 9821 5750 9821 5753 9823 5752 9822 5753 9823 5754 9824 5752 9822 5753 9823 5755 9825 5754 9824 5755 9825 5756 9826 5754 9824 5755 9825 5757 9827 5756 9826 5757 9827 5758 9828 5756 9826 5757 9827 5759 9828 5758 9828 5760 9829 5762 9830 5761 9829 5760 9829 5763 9831 5762 9830 5763 9831 5764 9832 5762 9830 5763 9831 5765 9833 5764 9832 5765 9833 5766 9834 5764 9832 5765 9833 5767 9835 5766 9834 5767 9835 5768 9836 5766 9834 5767 9835 5769 9836 5768 9836 5770 9837 5772 9838 5771 9837 5770 9837 5773 9839 5772 9838 5773 9839 5774 9840 5772 9838 5773 9839 5775 9841 5774 9840 5775 9841 5776 9842 5774 9840 5775 9841 5777 9843 5776 9842 5777 9843 5778 9844 5776 9842 5777 9843 5779 9844 5778 9844 5780 9845 5782 9846 5781 9845 5780 9845 5783 9847 5782 9846 5783 9847 5784 9848 5782 9846 5783 9847 5785 9849 5784 9848 5785 9849 5786 9850 5784 9848 5785 9849 5787 9851 5786 9850 5787 9851 5788 9852 5786 9850 5787 9851 5789 9852 5788 9852 5790 9853 5792 9854 5791 9853 5790 9853 5793 9855 5792 9854 5793 9855 5794 9856 5792 9854 5793 9855 5795 9857 5794 9856 5795 9857 5796 9858 5794 9856 5795 9857 5797 9859 5796 9858 5797 9859 5798 9860 5796 9858 5797 9859 5799 9860 5798 9860 5800 9861 5802 9862 5801 9861 5800 9861 5803 9863 5802 9862 5803 9863 5804 9864 5802 9862 5803 9863 5805 9865 5804 9864 5805 9865 5806 9866 5804 9864 5805 9865 5807 9867 5806 9866 5807 9867 5808 9868 5806 9866 5807 9867 5809 9868 5808 9868 5810 9869 5812 9870 5811 9869 5810 9869 5813 9871 5812 9870 5813 9871 5814 9872 5812 9870 5813 9871 5815 9873 5814 9872 5815 9873 5816 9874 5814 9872 5815 9873 5817 9875 5816 9874 5817 9875 5818 9876 5816 9874 5817 9875 5819 9876 5818 9876 5820 9877 5822 9878 5821 9877 5820 9877 5823 9879 5822 9878 5823 9879 5824 9880 5822 9878 5823 9879 5825 9881 5824 9880 5825 9881 5826 9882 5824 9880 5825 9881 5827 9883 5826 9882 5827 9883 5828 9884 5826 9882 5827 9883 5829 9884 5828 9884 5830 9885 5832 9886 5831 9885 5830 9885 5833 9887 5832 9886 5833 9887 5834 9888 5832 9886 5833 9887 5835 9889 5834 9888 5835 9889 5836 9890 5834 9888 5835 9889 5837 9891 5836 9890 5837 9891 5838 9892 5836 9890 5837 9891 5839 9892 5838 9892 5840 9893 5842 9894 5841 9893 5840 9893 5843 9895 5842 9894 5843 9895 5844 9896 5842 9894 5843 9895 5845 9897 5844 9896 5845 9897 5846 9898 5844 9896 5845 9897 5847 9899 5846 9898 5847 9899 5848 9900 5846 9898 5847 9899 5849 9900 5848 9900 5850 9901 5852 9902 5851 9901 5850 9901 5853 9903 5852 9902 5853 9903 5854 9904 5852 9902 5853 9903 5855 9905 5854 9904 5855 9905 5856 9906 5854 9904 5855 9905 5857 9907 5856 9906 5857 9907 5858 9908 5856 9906 5857 9907 5859 9908 5858 9908 5860 9909 5862 9910 5861 9909 5860 9909 5863 9911 5862 9910 5863 9911 5864 9912 5862 9910 5863 9911 5865 9913 5864 9912 5865 9913 5866 9914 5864 9912 5865 9913 5867 9915 5866 9914 5867 9915 5868 9916 5866 9914 5867 9915 5869 9916 5868 9916 5870 9917 5872 9918 5871 9917 5870 9917 5873 9919 5872 9918 5873 9919 5874 9920 5872 9918 5873 9919 5875 9921 5874 9920 5875 9921 5876 9922 5874 9920 5875 9921 5877 9923 5876 9922 5877 9923 5878 9924 5876 9922 5877 9923 5879 9924 5878 9924 5880 9925 5882 9926 5881 9925 5880 9925 5883 9927 5882 9926 5883 9927 5884 9928 5882 9926 5883 9927 5885 9929 5884 9928 5885 9929 5886 9930 5884 9928 5885 9929 5887 9931 5886 9930 5887 9931 5888 9932 5886 9930 5887 9931 5889 9932 5888 9932 5890 9933 5892 9934 5891 9933 5890 9933 5893 9935 5892 9934 5893 9935 5894 9936 5892 9934 5893 9935 5895 9937 5894 9936 5895 9937 5896 9938 5894 9936 5895 9937 5897 9939 5896 9938 5897 9939 5898 9940 5896 9938 5897 9939 5899 9940 5898 9940 5900 9941 5902 9942 5901 9941 5900 9941 5903 9942 5902 9942 5903 9942 5904 9943 5902 9942 5903 9942 5905 9944 5904 9943 5905 9944 5906 9945 5904 9943 5905 9944 5907 9946 5906 9945 5907 9946 5908 9947 5906 9945 5907 9946 5909 9947 5908 9947 5910 9948 5912 9949 5911 9948 5910 9948 5913 9950 5912 9949 5913 9950 5914 9951 5912 9949 5913 9950 5915 9952 5914 9951 5915 9952 5916 9953 5914 9951 5915 9952 5917 9954 5916 9953 5917 9954 5918 9955 5916 9953 5917 9954 5919 9955 5918 9955 5920 9956 5922 9957 5921 9956 5920 9956 5923 9958 5922 9957 5923 9958 5924 9959 5922 9957 5923 9958 5925 9960 5924 9959 5925 9960 5926 9961 5924 9959 5925 9960 5927 9962 5926 9961 5927 9962 5928 9963 5926 9961 5927 9962 5929 9963 5928 9963 5930 9964 5932 9965 5931 9964 5930 9964 5933 9966 5932 9965 5933 9966 5934 9967 5932 9965 5933 9966 5935 9968 5934 9967 5935 9968 5936 9969 5934 9967 5935 9968 5937 9970 5936 9969 5937 9970 5938 9971 5936 9969 5937 9970 5939 9971 5938 9971 5940 9972 5942 9973 5941 9972 5940 9972 5943 9974 5942 9973 5943 9974 5944 9975 5942 9973 5943 9974 5945 9976 5944 9975 5945 9976 5946 9977 5944 9975 5945 9976 5947 9978 5946 9977 5947 9978 5948 9979 5946 9977 5947 9978 5949 9979 5948 9979 5950 9980 5952 9981 5951 9980 5950 9980 5953 9982 5952 9981 5953 9982 5954 9983 5952 9981 5953 9982 5955 9984 5954 9983 5955 9984 5956 9985 5954 9983 5955 9984 5957 9986 5956 9985 5957 9986 5958 9987 5956 9985 5957 9986 5959 9987 5958 9987 5960 9988 5962 9989 5961 9988 5960 9988 5963 9990 5962 9989 5963 9990 5964 9991 5962 9989 5963 9990 5965 9992 5964 9991 5965 9992 5966 9993 5964 9991 5965 9992 5967 9994 5966 9993 5967 9994 5968 9995 5966 9993 5967 9994 5969 9995 5968 9995 5970 9996 5972 9997 5971 9996 5970 9996 5973 9998 5972 9997 5973 9998 5974 9999 5972 9997 5973 9998 5975 10000 5974 9999 5975 10000 5976 10001 5974 9999 5975 10000 5977 10002 5976 10001 5977 10002 5978 10003 5976 10001 5977 10002 5979 10003 5978 10003 5980 10004 5982 10005 5981 10004 5980 10004 5983 10006 5982 10005 5983 10006 5984 10007 5982 10005 5983 10006 5985 10008 5984 10007 5985 10008 5986 10009 5984 10007 5985 10008 5987 10010 5986 10009 5987 10010 5988 10011 5986 10009 5987 10010 5989 10011 5988 10011 5990 10012 5992 10013 5991 10012 5990 10012 5993 10014 5992 10013 5993 10014 5994 10015 5992 10013 5993 10014 5995 10016 5994 10015 5995 10016 5996 10017 5994 10015 5995 10016 5997 10018 5996 10017 5997 10018 5998 10019 5996 10017 5997 10018 5999 10019 5998 10019 6000 10020 6002 10021 6001 10020 6000 10020 6003 10022 6002 10021 6003 10022 6004 10023 6002 10021 6003 10022 6005 10024 6004 10023 6005 10024 6006 10025 6004 10023 6005 10024 6007 10026 6006 10025 6007 10026 6008 10027 6006 10025 6007 10026 6009 10027 6008 10027 6010 10028 6012 10029 6011 10028 6010 10028 6013 10030 6012 10029 6013 10030 6014 10031 6012 10029 6013 10030 6015 10032 6014 10031 6015 10032 6016 10033 6014 10031 6015 10032 6017 10034 6016 10033 6017 10034 6018 10035 6016 10033 6017 10034 6019 10035 6018 10035 6020 10036 6022 10037 6021 10036 6020 10036 6023 10038 6022 10037 6023 10038 6024 10039 6022 10037 6023 10038 6025 10040 6024 10039 6025 10040 6026 10041 6024 10039 6025 10040 6027 10042 6026 10041 6027 10042 6028 10043 6026 10041 6027 10042 6029 10043 6028 10043 6030 10044 6032 10045 6031 10044 6030 10044 6033 10046 6032 10045 6033 10046 6034 10047 6032 10045 6033 10046 6035 10048 6034 10047 6035 10048 6036 10049 6034 10047 6035 10048 6037 10050 6036 10049 6037 10050 6038 10051 6036 10049 6037 10050 6039 10051 6038 10051 6040 10052 6042 10053 6041 10052 6040 10052 6043 10054 6042 10053 6043 10054 6044 10055 6042 10053 6043 10054 6045 10056 6044 10055 6045 10056 6046 10057 6044 10055 6045 10056 6047 10058 6046 10057 6047 10058 6048 10059 6046 10057 6047 10058 6049 10059 6048 10059 6050 10060 6052 10061 6051 10060 6050 10060 6053 10062 6052 10061 6053 10062 6054 10063 6052 10061 6053 10062 6055 10064 6054 10063 6055 10064 6056 10065 6054 10063 6055 10064 6057 10066 6056 10065 6057 10066 6058 10067 6056 10065 6057 10066 6059 10067 6058 10067 6060 10068 6062 10069 6061 10068 6060 10068 6063 10070 6062 10069 6063 10070 6064 10071 6062 10069 6063 10070 6065 10072 6064 10071 6065 10072 6066 10073 6064 10071 6065 10072 6067 10074 6066 10073 6067 10074 6068 10075 6066 10073 6067 10074 6069 10075 6068 10075 6070 10076 6072 10077 6071 10076 6070 10076 6073 10078 6072 10077 6073 10078 6074 10079 6072 10077 6073 10078 6075 10080 6074 10079 6075 10080 6076 10081 6074 10079 6075 10080 6077 10082 6076 10081 6077 10082 6078 10083 6076 10081 6077 10082 6079 10083 6078 10083 6080 10084 6082 10085 6081 10084 6080 10084 6083 10086 6082 10085 6083 10086 6084 10087 6082 10085 6083 10086 6085 10088 6084 10087 6085 10088 6086 10089 6084 10087 6085 10088 6087 10090 6086 10089 6087 10090 6088 10091 6086 10089 6087 10090 6089 10091 6088 10091 6090 10092 6092 10093 6091 10092 6090 10092 6093 10094 6092 10093 6093 10094 6094 10095 6092 10093 6093 10094 6095 10096 6094 10095 6095 10096 6096 10097 6094 10095 6095 10096 6097 10098 6096 10097 6097 10098 6098 10099 6096 10097 6097 10098 6099 10099 6098 10099 6100 10100 6102 10101 6101 10100 6100 10100 6103 10102 6102 10101 6103 10102 6104 10103 6102 10101 6103 10102 6105 10104 6104 10103 6105 10104 6106 10105 6104 10103 6105 10104 6107 10106 6106 10105 6107 10106 6108 10107 6106 10105 6107 10106 6109 10107 6108 10107 6110 10108 6112 10109 6111 10108 6110 10108 6113 10110 6112 10109 6113 10110 6114 10111 6112 10109 6113 10110 6115 10112 6114 10111 6115 10112 6116 10113 6114 10111 6115 10112 6117 10114 6116 10113 6117 10114 6118 10115 6116 10113 6117 10114 6119 10115 6118 10115 6120 10116 6122 10117 6121 10116 6120 10116 6123 10118 6122 10117 6123 10118 6124 10119 6122 10117 6123 10118 6125 10120 6124 10119 6125 10120 6126 10121 6124 10119 6125 10120 6127 10122 6126 10121 6127 10122 6128 10123 6126 10121 6127 10122 6129 10123 6128 10123 6130 10124 6132 10125 6131 10124 6130 10124 6133 10126 6132 10125 6133 10126 6134 10127 6132 10125 6133 10126 6135 10128 6134 10127 6135 10128 6136 10129 6134 10127 6135 10128 6137 10130 6136 10129 6137 10130 6138 10131 6136 10129 6137 10130 6139 10131 6138 10131 6140 10132 6142 10133 6141 10132 6140 10132 6143 10134 6142 10133 6143 10134 6144 10135 6142 10133 6143 10134 6145 10136 6144 10135 6145 10136 6146 10137 6144 10135 6145 10136 6147 10138 6146 10137 6147 10138 6148 10139 6146 10137 6147 10138 6149 10139 6148 10139 6150 10140 6152 10141 6151 10140 6150 10140 6153 10142 6152 10141 6153 10142 6154 10143 6152 10141 6153 10142 6155 10144 6154 10143 6155 10144 6156 10145 6154 10143 6155 10144 6157 10146 6156 10145 6157 10146 6158 10147 6156 10145 6157 10146 6159 10147 6158 10147 6160 10148 6162 10149 6161 10148 6160 10148 6163 10150 6162 10149 6163 10150 6164 10151 6162 10149 6163 10150 6165 10152 6164 10151 6165 10152 6166 10153 6164 10151 6165 10152 6167 10154 6166 10153 6167 10154 6168 10155 6166 10153 6167 10154 6169 10155 6168 10155 6170 10156 6172 10157 6171 10156 6170 10156 6173 10158 6172 10157 6173 10158 6174 10159 6172 10157 6173 10158 6175 10160 6174 10159 6175 10160 6176 10161 6174 10159 6175 10160 6177 10162 6176 10161 6177 10162 6178 10163 6176 10161 6177 10162 6179 10163 6178 10163 6180 10164 6182 10165 6181 10164 6180 10164 6183 10166 6182 10165 6183 10166 6184 10167 6182 10165 6183 10166 6185 10168 6184 10167 6185 10168 6186 10169 6184 10167 6185 10168 6187 10170 6186 10169 6187 10170 6188 10171 6186 10169 6187 10170 6189 10171 6188 10171 6190 10172 6192 10173 6191 10172 6190 10172 6193 10174 6192 10173 6193 10174 6194 10175 6192 10173 6193 10174 6195 10176 6194 10175 6195 10176 6196 10177 6194 10175 6195 10176 6197 10178 6196 10177 6197 10178 6198 10179 6196 10177 6197 10178 6199 10179 6198 10179 6200 10180 6202 10181 6201 10180 6200 10180 6203 10182 6202 10181 6203 10182 6204 10183 6202 10181 6203 10182 6205 10184 6204 10183 6205 10184 6206 10185 6204 10183 6205 10184 6207 10186 6206 10185 6207 10186 6208 10187 6206 10185 6207 10186 6209 10187 6208 10187 6210 10188 6212 10189 6211 10188 6210 10188 6213 10190 6212 10189 6213 10190 6214 10191 6212 10189 6213 10190 6215 10192 6214 10191 6215 10192 6216 10193 6214 10191 6215 10192 6217 10194 6216 10193 6217 10194 6218 10195 6216 10193 6217 10194 6219 10195 6218 10195 6220 10196 6222 10197 6221 10196 6220 10196 6223 10198 6222 10197 6223 10198 6224 10199 6222 10197 6223 10198 6225 10200 6224 10199 6225 10200 6226 10201 6224 10199 6225 10200 6227 10202 6226 10201 6227 10202 6228 10203 6226 10201 6227 10202 6229 10203 6228 10203 6230 10204 6232 10205 6231 10204 6230 10204 6233 10206 6232 10205 6233 10206 6234 10207 6232 10205 6233 10206 6235 10208 6234 10207 6235 10208 6236 10209 6234 10207 6235 10208 6237 10210 6236 10209 6237 10210 6238 10211 6236 10209 6237 10210 6239 10211 6238 10211 6240 10212 6242 10213 6241 10212 6240 10212 6243 10214 6242 10213 6243 10214 6244 10215 6242 10213 6243 10214 6245 10216 6244 10215 6245 10216 6246 10217 6244 10215 6245 10216 6247 10218 6246 10217 6247 10218 6248 10219 6246 10217 6247 10218 6249 10219 6248 10219 6250 10220 6252 10221 6251 10220 6250 10220 6253 10222 6252 10221 6253 10222 6254 10223 6252 10221 6253 10222 6255 10224 6254 10223 6255 10224 6256 10225 6254 10223 6255 10224 6257 10226 6256 10225 6257 10226 6258 10227 6256 10225 6257 10226 6259 10227 6258 10227 6260 10228 6262 10229 6261 10228 6260 10228 6263 10230 6262 10229 6263 10230 6264 10231 6262 10229 6263 10230 6265 10232 6264 10231 6265 10232 6266 10233 6264 10231 6265 10232 6267 10234 6266 10233 6267 10234 6268 10235 6266 10233 6267 10234 6269 10235 6268 10235 6270 10236 6272 10237 6271 10236 6270 10236 6273 10238 6272 10237 6273 10238 6274 10239 6272 10237 6273 10238 6275 10240 6274 10239 6275 10240 6276 10241 6274 10239 6275 10240 6277 10242 6276 10241 6277 10242 6278 10243 6276 10241 6277 10242 6279 10243 6278 10243 6280 10244 6282 10245 6281 10244 6280 10244 6283 10246 6282 10245 6283 10246 6284 10247 6282 10245 6283 10246 6285 10248 6284 10247 6285 10248 6286 10249 6284 10247 6285 10248 6287 10250 6286 10249 6287 10250 6288 10251 6286 10249 6287 10250 6289 10251 6288 10251 6290 10252 6292 10253 6291 10252 6290 10252 6293 10254 6292 10253 6293 10254 6294 10255 6292 10253 6293 10254 6295 10256 6294 10255 6295 10256 6296 10257 6294 10255 6295 10256 6297 10258 6296 10257 6297 10258 6298 10259 6296 10257 6297 10258 6299 10259 6298 10259 6300 10260 6302 10261 6301 10260 6300 10260 6303 10262 6302 10261 6303 10262 6304 10263 6302 10261 6303 10262 6305 10264 6304 10263 6305 10264 6306 10265 6304 10263 6305 10264 6307 10266 6306 10265 6307 10266 6308 10267 6306 10265 6307 10266 6309 10267 6308 10267 6310 10268 6312 10269 6311 10268 6310 10268 6313 10270 6312 10269 6313 10270 6314 10271 6312 10269 6313 10270 6315 10272 6314 10271 6315 10272 6316 10273 6314 10271 6315 10272 6317 10274 6316 10273 6317 10274 6318 10275 6316 10273 6317 10274 6319 10275 6318 10275 6320 10276 6322 10277 6321 10276 6320 10276 6323 10278 6322 10277 6323 10278 6324 10279 6322 10277 6323 10278 6325 10280 6324 10279 6325 10280 6326 10281 6324 10279 6325 10280 6327 10282 6326 10281 6327 10282 6328 10283 6326 10281 6327 10282 6329 10283 6328 10283 6330 10284 6332 10285 6331 10284 6330 10284 6333 10286 6332 10285 6333 10286 6334 10287 6332 10285 6333 10286 6335 10288 6334 10287 6335 10288 6336 10289 6334 10287 6335 10288 6337 10290 6336 10289 6337 10290 6338 10291 6336 10289 6337 10290 6339 10291 6338 10291 6340 10292 6342 10293 6341 10292 6340 10292 6343 10294 6342 10293 6343 10294 6344 10295 6342 10293 6343 10294 6345 10296 6344 10295 6345 10296 6346 10297 6344 10295 6345 10296 6347 10298 6346 10297 6347 10298 6348 10299 6346 10297 6347 10298 6349 10299 6348 10299 6350 10300 6352 10301 6351 10300 6350 10300 6353 10302 6352 10301 6353 10302 6354 10303 6352 10301 6353 10302 6355 10304 6354 10303 6355 10304 6356 10305 6354 10303 6355 10304 6357 10306 6356 10305 6357 10306 6358 10307 6356 10305 6357 10306 6359 10307 6358 10307 6360 10308 6362 10309 6361 10308 6360 10308 6363 10310 6362 10309 6363 10310 6364 10311 6362 10309 6363 10310 6365 10312 6364 10311 6365 10312 6366 10313 6364 10311 6365 10312 6367 10314 6366 10313 6367 10314 6368 10315 6366 10313 6367 10314 6369 10315 6368 10315 6370 10316 6372 10317 6371 10316 6370 10316 6373 10318 6372 10317 6373 10318 6374 10319 6372 10317 6373 10318 6375 10320 6374 10319 6375 10320 6376 10321 6374 10319 6375 10320 6377 10322 6376 10321 6377 10322 6378 10323 6376 10321 6377 10322 6379 10323 6378 10323 6380 10324 6382 10325 6381 10324 6380 10324 6383 10326 6382 10325 6383 10326 6384 10327 6382 10325 6383 10326 6385 10328 6384 10327 6385 10328 6386 10329 6384 10327 6385 10328 6387 10330 6386 10329 6387 10330 6388 10331 6386 10329 6387 10330 6389 10331 6388 10331 6390 10332 6392 10333 6391 10332 6390 10332 6393 10334 6392 10333 6393 10334 6394 10335 6392 10333 6393 10334 6395 10336 6394 10335 6395 10336 6396 10337 6394 10335 6395 10336 6397 10338 6396 10337 6397 10338 6398 10339 6396 10337 6397 10338 6399 10339 6398 10339 6400 10340 6402 10341 6401 10340 6400 10340 6403 10342 6402 10341 6403 10342 6404 10343 6402 10341 6403 10342 6405 10344 6404 10343 6405 10344 6406 10345 6404 10343 6405 10344 6407 10346 6406 10345 6407 10346 6408 10347 6406 10345 6407 10346 6409 10347 6408 10347 6410 10348 6412 10349 6411 10348 6410 10348 6413 10350 6412 10349 6413 10350 6414 10351 6412 10349 6413 10350 6415 10352 6414 10351 6415 10352 6416 10353 6414 10351 6415 10352 6417 10354 6416 10353 6417 10354 6418 10355 6416 10353 6417 10354 6419 10355 6418 10355 6420 10356 6422 10357 6421 10356 6420 10356 6423 10357 6422 10357 6423 10357 6424 10358 6422 10357 6423 10357 6425 10359 6424 10358 6425 10359 6426 10360 6424 10358 6425 10359 6427 10361 6426 10360 6427 10361 6428 10362 6426 10360 6427 10361 6429 10362 6428 10362 6430 10363 6432 10364 6431 10363 6430 10363 6433 10365 6432 10364 6433 10365 6434 10366 6432 10364 6433 10365 6435 10367 6434 10366 6435 10367 6436 10368 6434 10366 6435 10367 6437 10369 6436 10368 6437 10369 6438 10370 6436 10368 6437 10369 6439 10370 6438 10370 6440 10371 6442 10372 6441 10371 6440 10371 6443 10373 6442 10372 6443 10373 6444 10374 6442 10372 6443 10373 6445 10375 6444 10374 6445 10375 6446 10376 6444 10374 6445 10375 6447 10377 6446 10376 6447 10377 6448 10378 6446 10376 6447 10377 6449 10378 6448 10378 6450 10379 6452 10380 6451 10379 6450 10379 6453 10381 6452 10380 6453 10381 6454 10382 6452 10380 6453 10381 6455 10383 6454 10382 6455 10383 6456 10384 6454 10382 6455 10383 6457 10385 6456 10384 6457 10385 6458 10386 6456 10384 6457 10385 6459 10386 6458 10386 6460 10387 6462 10388 6461 10387 6460 10387 6463 10389 6462 10388 6463 10389 6464 10390 6462 10388 6463 10389 6465 10391 6464 10390 6465 10391 6466 10392 6464 10390 6465 10391 6467 10393 6466 10392 6467 10393 6468 10394 6466 10392 6467 10393 6469 10394 6468 10394 6470 10395 6472 10396 6471 10395 6470 10395 6473 10397 6472 10396 6473 10397 6474 10398 6472 10396 6473 10397 6475 10399 6474 10398 6475 10399 6476 10400 6474 10398 6475 10399 6477 10401 6476 10400 6477 10401 6478 10402 6476 10400 6477 10401 6479 10402 6478 10402 6480 10403 6482 10404 6481 10403 6480 10403 6483 10405 6482 10404 6483 10405 6484 10406 6482 10404 6483 10405 6485 10407 6484 10406 6485 10407 6486 10408 6484 10406 6485 10407 6487 10409 6486 10408 6487 10409 6488 10410 6486 10408 6487 10409 6489 10410 6488 10410 6490 10411 6492 10412 6491 10411 6490 10411 6493 10413 6492 10412 6493 10413 6494 10414 6492 10412 6493 10413 6495 10415 6494 10414 6495 10415 6496 10416 6494 10414 6495 10415 6497 10417 6496 10416 6497 10417 6498 10418 6496 10416 6497 10417 6499 10418 6498 10418 6500 10419 6502 10420 6501 10419 6500 10419 6503 10421 6502 10420 6503 10421 6504 10422 6502 10420 6503 10421 6505 10423 6504 10422 6505 10423 6506 10424 6504 10422 6505 10423 6507 10425 6506 10424 6507 10425 6508 10426 6506 10424 6507 10425 6509 10426 6508 10426 6510 10427 6512 10428 6511 10427 6510 10427 6513 10429 6512 10428 6513 10429 6514 10430 6512 10428 6513 10429 6515 10431 6514 10430 6515 10431 6516 10432 6514 10430 6515 10431 6517 10433 6516 10432 6517 10433 6518 10434 6516 10432 6517 10433 6519 10434 6518 10434 6520 10435 6522 10436 6521 10435 6520 10435 6523 10436 6522 10436 6523 10436 6524 10437 6522 10436 6523 10436 6525 10438 6524 10437 6525 10438 6526 10439 6524 10437 6525 10438 6527 10440 6526 10439 6527 10440 6528 10441 6526 10439 6527 10440 6529 10441 6528 10441 6530 10442 6532 10443 6531 10442 6530 10442 6533 10444 6532 10443 6533 10444 6534 10445 6532 10443 6533 10444 6535 10446 6534 10445 6535 10446 6536 10447 6534 10445 6535 10446 6537 10448 6536 10447 6537 10448 6538 10449 6536 10447 6537 10448 6539 10449 6538 10449 6540 10450 6542 10451 6541 10450 6540 10450 6543 10452 6542 10451 6543 10452 6544 10453 6542 10451 6543 10452 6545 10454 6544 10453 6545 10454 6546 10455 6544 10453 6545 10454 6547 10456 6546 10455 6547 10456 6548 10457 6546 10455 6547 10456 6549 10457 6548 10457 6550 10458 6552 10459 6551 10458 6550 10458 6553 10460 6552 10459 6553 10460 6554 10461 6552 10459 6553 10460 6555 10462 6554 10461 6555 10462 6556 10463 6554 10461 6555 10462 6557 10464 6556 10463 6557 10464 6558 10465 6556 10463 6557 10464 6559 10465 6558 10465 6560 10466 6562 10467 6561 10466 6560 10466 6563 10468 6562 10467 6563 10468 6564 10469 6562 10467 6563 10468 6565 10470 6564 10469 6565 10470 6566 10471 6564 10469 6565 10470 6567 10472 6566 10471 6567 10472 6568 10473 6566 10471 6567 10472 6569 10473 6568 10473 6570 10474 6572 10475 6571 10474 6570 10474 6573 10476 6572 10475 6573 10476 6574 10477 6572 10475 6573 10476 6575 10478 6574 10477 6575 10478 6576 10479 6574 10477 6575 10478 6577 10480 6576 10479 6577 10480 6578 10481 6576 10479 6577 10480 6579 10481 6578 10481 6580 10482 6582 10483 6581 10482 6580 10482 6583 10484 6582 10483 6583 10484 6584 10485 6582 10483 6583 10484 6585 10486 6584 10485 6585 10486 6586 10487 6584 10485 6585 10486 6587 10488 6586 10487 6587 10488 6588 10489 6586 10487 6587 10488 6589 10489 6588 10489 6590 10490 6592 10491 6591 10490 6590 10490 6593 10492 6592 10491 6593 10492 6594 10493 6592 10491 6593 10492 6595 10494 6594 10493 6595 10494 6596 10495 6594 10493 6595 10494 6597 10496 6596 10495 6597 10496 6598 10497 6596 10495 6597 10496 6599 10497 6598 10497</p></triangles>
      </mesh>
    </geometry>
  </library_geometries>
  <library_visual_scenes><visual_scene id="scene" name="scene">
    <node id="grass_+02+01_foliage" name="grass_+02+01_foliage" type="NODE"><instance_geometry url="#grass_+02+01_foliage-mesh"><bind_material><technique_common>
      <instance_material symbol="MAT_WEED_GRASS-mat" target="#MAT_WEED_GRASS"/>
      <instance_material symbol="MAT_WEED_BROAD-mat" target="#MAT_WEED_BROAD"/>
    </technique_common></bind_material></instance_geometry></node>
  </visual_scene></library_visual_scenes>
  <scene><instance_visual_scene url="#scene"/></scene>
<!-- vigil:double-sided -->
</COLLADA>
