<?xml version="1.0" encoding="utf-8"?>
<COLLADA xmlns="http://www.collada.org/2005/11/COLLADASchema" version="1.4.1">
  <asset>
    <contributor><authoring_tool>VIGIL SIH26126 farm generator</authoring_tool></contributor>
    <unit name="meter" meter="1"/>
    <up_axis>Z_UP</up_axis>
  </asset>
  <library_effects>
    <effect id="MAT_WEED_GRASS-fx"><profile_COMMON><technique sid="c"><lambert><diffuse><color>0.0980 0.1280 0.0300 1</color></diffuse></lambert></technique></profile_COMMON></effect>
    <effect id="MAT_WEED_BROAD-fx"><profile_COMMON><technique sid="c"><lambert><diffuse><color>0.0720 0.1520 0.0340 1</color></diffuse></lambert></technique></profile_COMMON></effect>
  </library_effects>
  <library_materials>
    <material id="MAT_WEED_GRASS" name="MAT_WEED_GRASS"><instance_effect url="#MAT_WEED_GRASS-fx"/></material>
    <material id="MAT_WEED_BROAD" name="MAT_WEED_BROAD"><instance_effect url="#MAT_WEED_BROAD-fx"/></material>
  </library_materials>
  <library_geometries>
    <geometry id="grass_-01+00_foliage-mesh" name="grass_-01+00_foliage">
      <mesh>
        <source id="grass_-01+00_foliage-pos"><float_array id="grass_-01+00_foliage-pos-a" count="6000">-4.5737 8.6881 -0.059299 -4.5687 8.6849 -0.058886 -4.5615 8.7059 0.0020022 -4.566 8.7082 0.0016359 -4.5526 8.7266 0.036238 -4.556 8.7279 0.035966 -4.541 8.7467 0.03049 -4.5429 8.7472 0.030343 -4.5272 8.7662 -0.0077083 -4.5272 8.7662 -0.0077083 -4.5695 8.6902 -0.059021 -4.5728 8.6827 -0.059163 -4.5475 8.6704 0.024096 -4.5442 8.6766 0.024263 -4.519 8.6579 0.067249 -4.5161 8.6622 0.067403 -4.4858 8.6447 0.051515 -4.484 8.6469 0.051614 -4.449 8.631 -0.008595 -4.449 8.631 -0.008595 -4.5748 8.688 -0.059384 -4.5675 8.685 -0.058801 -4.5603 8.7198 0.01797 -4.5667 8.722 0.017464 -4.5505 8.7541 0.05495 -4.5553 8.7555 0.054581 -4.5367 8.7877 0.034035 -4.5393 8.7882 0.033837 -4.52 8.8205 -0.029212 -4.52 8.8205 -0.029212 -4.5715 8.6901 -0.059166 -4.5708 8.6828 -0.059019 -4.5466 8.6879 0.013524 -4.5466 8.6943 0.013433 -4.5196 8.693 0.051176 -4.5193 8.6976 0.051136 -4.4887 8.6975 0.037586 -4.4883 8.7 0.037578 -4.4547 8.7017 -0.01468 -4.4547 8.7017 -0.01468 -4.5729 8.6889 -0.059251 -4.5695 8.684 -0.058934 -4.5524 8.7019 0.0043412 -4.5551 8.7063 0.0040866 -4.5332 8.7196 0.036322 -4.5349 8.7229 0.03615 -4.5105 8.7369 0.022512 -4.5113 8.7387 0.022428 -4.4853 8.7539 -0.025435 -4.4853 8.7539 -0.025435 -4.575 8.6889 -0.059406 -4.5674 8.6841 -0.058779 -4.5605 8.7081 0.024796 -4.5666 8.7129 0.024283 -4.5515 8.7321 0.076257 -4.5555 8.736 0.075906 -4.5388 8.7558 0.078204 -4.5408 8.7581 0.07803 -4.5229 8.7793 0.036499 -4.5229 8.7793 0.036499 -4.5756 8.6879 -0.059442 -4.5667 8.685 -0.058743 -4.5646 8.7133 0.022056 -4.5724 8.7153 0.021453 -4.5605 8.7411 0.06978 -4.5662 8.7422 0.069342 -4.553 8.7682 0.067139 -4.5561 8.7686 0.066905 -4.5425 8.7945 0.021674 -4.5425 8.7945 0.021674 -4.5723 8.6834 -0.059139 -4.57 8.6895 -0.059046 -4.5961 8.6982 0.0031381 -4.5983 8.6931 0.0030455 -4.6203 8.7064 0.037615 -4.622 8.7027 0.037538 -4.6415 8.7138 0.030359 -4.6425 8.7118 0.030312 -4.6603 8.7206 -0.011161 -4.6603 8.7206 -0.011161 -4.572 8.6899 -0.059196 -4.5704 8.683 -0.058989 -4.5522 8.6905 0.00075696 -4.5529 8.6965 0.00062399 -4.5319 8.6979 0.032786 -4.5319 8.7023 0.032723 -4.5083 8.7051 0.023821 -4.5081 8.7074 0.023805 -4.4822 8.7119 -0.016854 -4.4822 8.7119 -0.016854 -4.5715 8.6886 -0.059145 -4.5708 8.6843 -0.05904 -4.5542 8.689 -0.011119 -4.5549 8.6927 -0.011224 -4.5358 8.6935 0.013224 -4.5365 8.6962 0.013137 -4.515 8.6977 0.0030817 -4.5155 8.6991 0.0030299 -4.4924 8.7017 -0.032721 -4.4924 8.7017 -0.032721 -5.7575 1.0722 -0.092663 -5.752 1.0579 -0.094641 -5.6982 1.0603 0.047807 -5.7029 1.0725 0.0495 -5.6494 1.0692 0.13418 -5.6528 1.0781 0.13541 -5.608 1.0878 0.13409 -5.6098 1.0925 0.13474 -5.5731 1.1146 0.058098 -5.5731 1.1146 0.058098 -5.7497 1.0607 -0.094536 -5.7598 1.0694 -0.092767 -5.7848 1.0129 0.028427 -5.7771 1.0045 0.026887 -5.815 0.96253 0.08487 -5.8102 0.9558 0.08375 -5.8532 0.92156 0.047294 -5.8511 0.9177 0.046703 -5.8975 0.88734 -0.058601 -5.8975 0.88734 -0.058601 -5.7594 1.0672 -0.093032 -5.7501 1.0629 -0.094272 -5.7216 1.0965 0.017122 -5.7299 1.0994 0.018123 -5.6984 1.1361 0.072994 -5.7046 1.1375 0.073668 -5.6824 1.184 0.047773 -5.6857 1.1845 0.048101 -5.6716 1.2381 -0.037328 -5.6716 1.2381 -0.037328 -5.7553 1.0683 -0.09326 -5.7542 1.0618 -0.094043 -5.7154 1.0583 -0.0094744 -5.7162 1.0639 -0.0088119 -5.6798 1.0593 0.036707 -5.6803 1.0633 0.037181 -5.649 1.0665 0.025287 -5.6492 1.0687 0.025536 -5.6221 1.0788 -0.032756 -5.6221 1.0788 -0.032756 -5.7579 1.0582 -0.094113 -5.7516 1.0719 -0.093191 -5.7904 1.0811 0.036291 -5.796 1.0695 0.035538 -5.8348 1.0964 0.1035 -5.8391 1.0881 0.10298 -5.8871 1.121 0.079625 -5.8895 1.1166 0.079362 -5.9453 1.1525 -0.012098 -5.9453 1.1525 -0.012098 -5.7572 1.0611 -0.093854 -5.7522 1.0689 -0.09345 -5.7838 1.084 0.017244 -5.7878 1.0771 0.016857 -5.8201 1.1044 0.073292 -5.8228 1.0993 0.072982 -5.8632 1.133 0.049841 -5.8645 1.1302 0.04966 -5.9111 1.1675 -0.031662 -5.9111 1.1675 -0.031662 -5.7546 1.06 -0.094198 -5.7549 1.07 -0.093106 -5.7745 1.0599 -0.0095521 -5.7746 1.0513 -0.010454 -5.797 1.0527 0.041144 -5.7974 1.0465 0.040516 -5.8238 1.0506 0.041629 -5.8242 1.0473 0.041308 -5.8545 1.0529 -0.0010667 -5.8545 1.0529 -0.0010667 -5.7504 1.0717 -0.093308 -5.7591 1.0584 -0.093995 -5.6995 1.0131 0.030458 -5.6919 1.0244 0.031033 -5.645 0.97541 0.088515 -5.6395 0.98363 0.088921 -5.5985 0.94843 0.04931 -5.5955 0.95278 0.049522 -5.5578 0.9294 -0.062557 -5.5578 0.9294 -0.062557 -5.7469 1.0643 -0.094385 -5.7625 1.0658 -0.092918 -5.7535 0.99498 0.050571 -5.7402 0.99319 0.049262 -5.7492 0.93091 0.12857 -5.7396 0.92923 0.12759 -5.7528 0.87704 0.10822 -5.7477 0.87593 0.10768 -5.7629 0.8314 0.0077228 -5.7629 0.8314 0.0077228 -5.7525 1.0686 -0.093468 -5.757 1.0615 -0.093836 -5.7212 1.0331 0.0083374 -5.7179 1.0395 0.0087287 -5.6887 1.0093 0.071091 -5.6867 1.0141 0.071428 -5.6614 0.99239 0.072444 -5.6606 0.99504 0.072652 -5.639 0.98158 0.018253 -5.639 0.98158 0.018253 4.9585 3.8083 -0.13091 4.966 3.8112 -0.13056 4.953 3.8345 -0.059444 4.9466 3.832 -0.059748 4.9409 3.8578 -0.016166 4.9362 3.856 -0.016387 4.9305 3.8814 -0.015749 4.928 3.8805 -0.015867 4.9216 3.9053 -0.052951 4.9216 3.9053 -0.052951 4.9645 3.8125 -0.13061 4.96 3.807 -0.13086 4.9808 3.7859 -0.069139 4.9853 3.7901 -0.068912 5.0035 3.7651 -0.039428 5.007 3.7677 -0.039252 5.0285 3.7447 -0.056244 5.0305 3.7458 -0.056145 5.0553 3.7243 -0.10687 5.0553 3.7243 -0.10687 4.9611 3.8072 -0.1308 4.9633 3.8123 -0.13067 4.9367 3.8235 -0.078041 4.9353 3.8189 -0.078141 4.9113 3.8347 -0.052939 4.9106 3.8312 -0.052997 4.8878 3.8459 -0.068003 4.8876 3.844 -0.068026 4.8657 3.8572 -0.11272 4.8657 3.8572 -0.11272 4.9605 3.8095 -0.13081 4.964 3.81 -0.13066 4.9587 3.8276 -0.087768 4.9557 3.8272 -0.087902 4.9541 3.8453 -0.063916 4.9519 3.8451 -0.064014 4.9506 3.8633 -0.068608 4.9495 3.8632 -0.06866 4.9481 3.8814 -0.0964 4.9481 3.8814 -0.0964 4.9659 3.8079 -0.13059 4.9586 3.8116 -0.13088 4.9445 3.7837 -0.070683 4.9507 3.7804 -0.070434 4.9321 3.7559 -0.041298 4.9366 3.7533 -0.041121 4.9219 3.7282 -0.057014 4.9243 3.7268 -0.056921 4.9133 3.7006 -0.10633 4.9133 3.7006 -0.10633 4.9643 3.8083 -0.13065 4.9601 3.8112 -0.13082 4.9444 3.7884 -0.079814 4.948 3.786 -0.07967 4.93 3.7657 -0.055853 4.9327 3.7641 -0.055745 4.9175 3.7433 -0.071249 4.919 3.7425 -0.07119 4.9064 3.7211 -0.11538 4.9064 3.7211 -0.11538 4.9649 3.8098 -0.13062 4.9596 3.8097 -0.13085 4.9589 3.7944 -0.09056 4.9635 3.7942 -0.09036 4.9592 3.7792 -0.066509 4.9625 3.7789 -0.066366 4.9607 3.7641 -0.067315 4.9624 3.7638 -0.067239 4.9632 3.749 -0.0895 4.9632 3.749 -0.0895 4.9586 3.8123 -0.13087 4.9659 3.8072 -0.1306 4.9791 3.8336 -0.064365 4.973 3.8381 -0.064602 4.9936 3.8606 -0.031046 4.9891 3.8638 -0.031217 5.0099 3.888 -0.045914 5.0076 3.8898 -0.046005 5.0278 3.9159 -0.096781 5.0278 3.9159 -0.096781 4.9625 3.8142 -0.13069 4.9619 3.8053 -0.13078 4.988 3.802 -0.055696 4.9888 3.8095 -0.055602 5.0157 3.7992 -0.012997 5.0164 3.8046 -0.012919 5.0455 3.7971 -0.018975 5.0461 3.8 -0.018929 5.0773 3.7954 -0.064616 5.0773 3.7954 -0.064616 4.9603 3.8111 -0.13081 4.9641 3.8084 -0.13066 4.9707 3.8229 -0.077533 4.9672 3.8249 -0.077668 4.9778 3.8376 -0.043958 4.9752 3.8388 -0.044062 4.9862 3.8525 -0.040819 4.9847 3.853 -0.040878 4.9956 3.8675 -0.065218 4.9956 3.8675 -0.065218 -0.5827 -0.71861 -0.090369 -0.5874 -0.71593 -0.090212 -0.5958 -0.73375 -0.04838 -0.59194 -0.7363 -0.048505 -0.6049 -0.75198 -0.029061 -0.60223 -0.75401 -0.029145 -0.6152 -0.77069 -0.04226 -0.61385 -0.77187 -0.042301 -0.62638 -0.78979 -0.078565 -0.62638 -0.78979 -0.078565 -0.58551 -0.7156 -0.090289 -0.58459 -0.71894 -0.090292 -0.56633 -0.71386 -0.046152 -0.56728 -0.71105 -0.046142 -0.54891 -0.70883 -0.021325 -0.54972 -0.70683 -0.021312 -0.5327 -0.704 -0.02563 -0.5332 -0.70297 -0.02562 -0.51752 -0.69938 -0.053948 -0.51752 -0.69938 -0.053948 -0.58698 -0.71678 -0.09022 -0.58312 -0.71776 -0.090361 -0.57625 -0.69686 -0.037443 -0.57956 -0.69606 -0.037322 -0.57047 -0.67616 -0.0081512 -0.57288 -0.6756 -0.008063 -0.56618 -0.65579 -0.0143 -0.56747 -0.6555 -0.014252 -0.5631 -0.63569 -0.049142 -0.5631 -0.63569 -0.049142 -0.5828 -0.71793 -0.090372 -0.58729 -0.71661 -0.09021 -0.59061 -0.73346 -0.054492 -0.58692 -0.73501 -0.05462 -0.5945 -0.75068 -0.038164 -0.59196 -0.7521 -0.038249 -0.59941 -0.76836 -0.049818 -0.59815 -0.76926 -0.049858 -0.60511 -0.78643 -0.081295 -0.60511 -0.78643 -0.081295 -0.586 -0.71897 -0.090238 -0.5841 -0.71557 -0.090344 -0.59459 -0.70882 -0.048571 -0.59592 -0.71187 -0.04849 -0.6057 -0.70242 -0.022591 -0.60644 -0.70472 -0.022539 -0.6177 -0.6964 -0.021051 -0.61798 -0.69766 -0.021028 -0.63045 -0.6907 -0.041246 -0.63045 -0.6907 -0.041246 -0.58473 -0.71479 -0.090327 -0.58537 -0.71975 -0.090254 -0.55722 -0.72234 -0.039283 -0.5563 -0.71815 -0.039359 -0.53003 -0.72498 -0.016579 -0.52911 -0.72201 -0.016644 -0.50428 -0.72791 -0.034727 -0.50366 -0.72638 -0.034767 -0.4795 -0.73108 -0.08196 -0.4795 -0.73108 -0.08196 -0.58278 -0.71916 -0.090361 -0.58732 -0.71538 -0.090221 -0.59961 -0.73232 -0.04157 -0.59588 -0.73574 -0.041682 -0.61268 -0.74973 -0.017482 -0.6101 -0.75233 -0.017557 -0.62709 -0.76765 -0.029251 -0.62578 -0.7691 -0.029288 -0.64251 -0.78597 -0.067524 -0.64251 -0.78597 -0.067524 -0.58525 -0.71943 -0.090262 -0.58485 -0.71511 -0.09032 -0.59724 -0.71365 -0.048378 -0.59784 -0.71732 -0.04832 -0.61036 -0.71255 -0.022827 -0.61098 -0.71517 -0.022777 -0.62456 -0.71179 -0.022438 -0.62499 -0.71316 -0.022408 -0.63973 -0.7113 -0.043923 -0.63973 -0.7113 -0.043923 -0.58658 -0.71431 -0.09026 -0.58352 -0.72023 -0.090322 -0.55873 -0.70773 -0.035203 -0.5611 -0.70253 -0.035161 -0.53511 -0.69518 -0.0081475 -0.53664 -0.69133 -0.0081251 -0.51307 -0.68283 -0.022245 -0.51379 -0.68074 -0.022238 -0.49219 -0.67061 -0.067231 -0.49219 -0.67061 -0.067231 -0.58554 -0.71554 -0.090288 -0.58456 -0.719 -0.090293 -0.56659 -0.71383 -0.042066 -0.56724 -0.71083 -0.04207 -0.54938 -0.70868 -0.013331 -0.5497 -0.70648 -0.01334 -0.53328 -0.70372 -0.014476 -0.53337 -0.70253 -0.014484 -0.51812 -0.69891 -0.041487 -0.51812 -0.69891 -0.041487 -5.6534 -3.3992 -0.11055 -5.6583 -3.406 -0.11073 -5.631 -3.428 -0.040701 -5.6273 -3.4218 -0.040496 -5.6051 -3.4476 -0.0025534 -5.6029 -3.4429 -0.0023704 -5.5816 -3.464 -0.012273 -5.5806 -3.4614 -0.012158 -5.56 -3.4777 -0.060837 -5.56 -3.4777 -0.060837 -5.6513 -3.4051 -0.11101 -5.6604 -3.4001 -0.11027 -5.6779 -3.4487 -0.015048 -5.6706 -3.4538 -0.01571 -5.6974 -3.4947 0.032053 -5.6925 -3.499 0.031559 -5.7203 -3.5369 0.0085414 -5.7179 -3.5395 0.0082726 -5.7457 -3.5763 -0.068189 -5.7457 -3.5763 -0.068189 -5.6533 -3.3976 -0.11045 -5.6584 -3.4076 -0.11083 -5.613 -3.4334 -0.022629 -5.6091 -3.4245 -0.022273 -5.5698 -3.4556 0.017957 -5.5673 -3.4491 0.01824 -5.5299 -3.4733 -0.010783 -5.5288 -3.4698 -0.010619 -5.4925 -3.4876 -0.090208 -5.4925 -3.4876 -0.090208 -5.6511 -3.4024 -0.11085 -5.6606 -3.4028 -0.11043 -5.6561 -3.4493 -0.02861 -5.648 -3.4496 -0.029014 -5.6531 -3.4935 0.011368 -5.6473 -3.4942 0.011048 -5.6528 -3.5341 -0.010089 -5.6498 -3.5347 -0.010273 -5.6546 -3.5721 -0.077926 -5.6546 -3.5721 -0.077926 -5.6524 -3.4004 -0.11067 -5.6592 -3.4048 -0.11061 -5.6376 -3.4406 -0.039218 -5.6315 -3.4372 -0.039297 -5.6173 -3.4739 -0.0053183 -5.6128 -3.4718 -0.0053986 -5.5994 -3.504 -0.026294 -5.5969 -3.503 -0.02635 -5.5832 -3.5316 -0.088191 -5.5832 -3.5316 -0.088191 -5.6521 -3.3975 -0.1105 -5.6595 -3.4078 -0.11078 -5.6277 -3.4335 -0.013923 -5.6206 -3.4253 -0.013763 -5.5971 -3.4565 0.044477 -5.5915 -3.4512 0.044537 -5.5689 -3.4759 0.043537 -5.5657 -3.4734 0.043538 -5.5428 -3.4923 -0.0097368 -5.5428 -3.4923 -0.0097368 -5.6532 -3.3965 -0.11039 -5.6584 -3.4087 -0.11089 -5.6205 -3.4277 -0.016748 -5.6166 -3.417 -0.016276 -5.5843 -3.4436 0.037844 -5.5819 -3.4357 0.038213 -5.5511 -3.4553 0.032139 -5.5501 -3.4511 0.03235 -5.5205 -3.4636 -0.024831 -5.5205 -3.4636 -0.024831 -5.6595 -3.4008 -0.11035 -5.6521 -3.4044 -0.11093 -5.6349 -3.3799 -0.03326 -5.6411 -3.3765 -0.032757 -5.6196 -3.3531 0.011251 -5.624 -3.3505 0.011621 -5.6068 -3.323 0.0057834 -5.6091 -3.3216 0.0059838 -5.596 -3.2903 -0.040713 -5.596 -3.2903 -0.040713 -5.6513 -3.4017 -0.1108 -5.6603 -3.4035 -0.11048 -5.6522 -3.4395 -0.042951 -5.6444 -3.4389 -0.043285 -5.6452 -3.4736 -0.0086669 -5.6396 -3.4738 -0.0089474 -5.6403 -3.505 -0.023544 -5.6374 -3.5055 -0.023712 -5.6371 -3.5345 -0.076463 -5.6371 -3.5345 -0.076463 -5.653 -3.4023 -0.11076 -5.6587 -3.4029 -0.11053 -5.6541 -3.4346 -0.056649 -5.6493 -3.4338 -0.056828 -5.6507 -3.4645 -0.031018 -5.6472 -3.4637 -0.031133 -5.6491 -3.4917 -0.046695 -5.6473 -3.4912 -0.046749 -5.6489 -3.5169 -0.093105 -5.6489 -3.5169 -0.093105 14.234 2.4179 -0.021881 14.245 2.4156 -0.023028 14.26 2.4426 0.078612 14.25 2.4445 0.079595 14.271 2.4713 0.14103 14.264 2.4727 0.14174 14.275 2.5029 0.14297 14.272 2.5036 0.14336 14.275 2.5368 0.091841 14.275 2.5368 0.091841 14.244 2.418 -0.022842 14.235 2.4155 -0.022067 14.256 2.374 0.060906 14.265 2.3753 0.060179 14.274 2.3344 0.098608 14.28 2.3346 0.098042 14.286 2.2974 0.070558 14.29 2.2972 0.070239 14.294 2.2622 -0.0052814 14.294 2.2622 -0.0052814 14.236 2.4149 -0.022239 14.243 2.4187 -0.022671 14.229 2.4442 0.056244 14.224 2.4404 0.056554 14.211 2.4711 0.096305 14.208 2.468 0.096484 14.188 2.5002 0.079641 14.186 2.4984 0.079711 14.161 2.5309 0.02109 14.161 2.5309 0.02109 14.237 2.4177 -0.0222 14.242 2.4158 -0.022709 14.256 2.434 0.037949 14.253 2.4356 0.038385 14.268 2.4534 0.071763 14.266 2.4547 0.072079 14.277 2.4747 0.065297 14.275 2.4754 0.065466 14.281 2.4975 0.02623 14.281 2.4975 0.02623 14.243 2.4123 -0.022941 14.236 2.4213 -0.021968 14.211 2.3971 0.066276 14.216 2.3893 0.065456 14.181 2.3744 0.11095 14.184 2.3687 0.11037 14.145 2.3543 0.091925 14.147 2.3512 0.091618 14.105 2.336 0.025437 14.105 2.336 0.025437 14.241 2.4138 -0.022724 14.238 2.4197 -0.022186 14.212 2.4028 0.053347 14.215 2.3978 0.05287 14.183 2.3873 0.090658 14.185 2.3837 0.090301 14.148 2.3741 0.072372 14.149 2.3723 0.072176 14.11 2.3627 0.013492 14.11 2.3627 0.013492 14.243 2.4149 -0.022838 14.236 2.4186 -0.022071 14.232 2.3999 0.03509 14.237 2.3965 0.034438 14.226 2.3819 0.069269 14.23 2.3793 0.0688 14.216 2.3653 0.068327 14.218 2.3639 0.06808 14.204 2.3499 0.037182 14.204 2.3499 0.037182 14.237 2.4219 -0.021993 14.242 2.4116 -0.022916 14.29 2.424 0.066369 14.286 2.4329 0.067154 14.334 2.439 0.10924 14.331 2.4454 0.10981 14.371 2.4573 0.08412 14.369 2.4607 0.084419 14.403 2.4781 0.0081919 14.403 2.4781 0.0081919 14.243 2.4211 -0.022596 14.236 2.4124 -0.022313 14.279 2.3845 0.07775 14.286 2.3917 0.077468 14.319 2.3589 0.13205 14.324 2.3639 0.13182 14.352 2.3366 0.11759 14.355 2.3391 0.11745 14.381 2.3167 0.047103 14.381 2.3167 0.047103 14.238 2.4195 -0.022211 14.241 2.4141 -0.022699 14.269 2.42 0.049998 14.267 2.4244 0.050445 14.295 2.4273 0.095133 14.293 2.4304 0.095476 14.317 2.4366 0.097328 14.315 2.4382 0.097521 14.335 2.4477 0.060675 14.335 2.4477 0.060675 -3.354 -13.162 -0.15971 -3.3577 -13.16 -0.15922 -3.3624 -13.179 -0.12558 -3.3594 -13.181 -0.12601 -3.3687 -13.196 -0.11061 -3.3666 -13.198 -0.11092 -3.3773 -13.212 -0.12259 -3.3763 -13.213 -0.12276 -3.3877 -13.226 -0.15372 -3.3877 -13.226 -0.15372 -3.3562 -13.16 -0.15933 -3.3555 -13.163 -0.15961 -3.3392 -13.161 -0.12327 -3.3399 -13.158 -0.12302 -3.3244 -13.158 -0.10291 -3.325 -13.156 -0.10273 -3.3119 -13.152 -0.10668 -3.3123 -13.151 -0.10658 -3.3012 -13.146 -0.13033 -3.3012 -13.146 -0.13033 -3.3573 -13.161 -0.15931 -3.3543 -13.162 -0.15963 -3.3466 -13.147 -0.11445 -3.3492 -13.147 -0.11417 -3.3408 -13.132 -0.088827 -3.3427 -13.131 -0.088629 -3.3378 -13.114 -0.092556 -3.3388 -13.113 -0.092451 -3.3369 -13.094 -0.12005 -3.3369 -13.094 -0.12005 -3.3541 -13.162 -0.15966 -3.3576 -13.161 -0.15927 -3.3586 -13.178 -0.13081 -3.3557 -13.179 -0.13115 -3.3609 -13.194 -0.11842 -3.3589 -13.195 -0.11868 -3.3653 -13.208 -0.12922 -3.3643 -13.209 -0.12937 -3.3711 -13.222 -0.15646 -3.3711 -13.222 -0.15646 -3.3566 -13.163 -0.15952 -3.3551 -13.16 -0.15942 -3.3615 -13.158 -0.12393 -3.3625 -13.16 -0.12404 -3.3691 -13.155 -0.10154 -3.3697 -13.157 -0.10164 -3.3785 -13.15 -0.099401 -3.3787 -13.151 -0.099466 -3.3894 -13.144 -0.11528 -3.3894 -13.144 -0.11528 -3.3556 -13.159 -0.15932 -3.3561 -13.163 -0.15961 -3.3317 -13.168 -0.11852 -3.331 -13.164 -0.1183 -3.3093 -13.171 -0.10083 -3.3086 -13.168 -0.1007 -3.2899 -13.171 -0.11698 -3.2894 -13.169 -0.11692 -3.2725 -13.169 -0.15721 -3.2725 -13.169 -0.15721 -3.354 -13.163 -0.15974 -3.3576 -13.16 -0.15919 -3.3651 -13.178 -0.1197 -3.3622 -13.181 -0.12018 -3.3743 -13.196 -0.10058 -3.3723 -13.198 -0.10092 -3.3861 -13.211 -0.11117 -3.3851 -13.212 -0.11135 -3.3999 -13.224 -0.14373 -3.3999 -13.224 -0.14373 -3.356 -13.163 -0.1596 -3.3557 -13.159 -0.15934 -3.3636 -13.162 -0.12404 -3.364 -13.165 -0.12424 -3.3728 -13.163 -0.10232 -3.3732 -13.166 -0.10246 -3.3839 -13.163 -0.10146 -3.3842 -13.165 -0.10152 -3.3968 -13.162 -0.11871 -3.3968 -13.162 -0.11871 -3.357 -13.159 -0.15917 -3.3546 -13.164 -0.15977 -3.3327 -13.156 -0.114 -3.3346 -13.152 -0.1135 -3.313 -13.146 -0.091452 -3.3142 -13.143 -0.091095 -3.2963 -13.134 -0.10298 -3.2969 -13.132 -0.10279 -3.2819 -13.119 -0.14007 -3.2819 -13.119 -0.14007 -3.3562 -13.16 -0.15932 -3.3554 -13.163 -0.15961 -3.3392 -13.161 -0.11987 -3.3397 -13.159 -0.11963 -3.3244 -13.158 -0.096262 -3.3247 -13.156 -0.096094 -3.3118 -13.153 -0.097395 -3.3119 -13.152 -0.09731 -3.3011 -13.146 -0.11995 -3.3011 -13.146 -0.11995 -1.3938 7.2994 -0.073187 -1.3931 7.2895 -0.073179 -1.3576 7.2928 0.0070168 -1.3582 7.3012 0.0070096 -1.3248 7.2962 0.055037 -1.3252 7.3023 0.055031 -1.2959 7.2996 0.053497 -1.2961 7.3029 0.053493 -1.2706 7.303 0.0084539 -1.2706 7.303 0.0084539 -1.3912 7.2908 -0.07334 -1.3957 7.2981 -0.073026 -1.4199 7.2788 -0.00012707 -1.4168 7.2721 -0.00033378 -1.447 7.2587 0.035735 -1.4454 7.2536 0.035632 -1.4787 7.2379 0.017785 -1.4781 7.2351 0.017756 -1.5138 7.2167 -0.039261 -1.5138 7.2167 -0.039261 -1.3958 7.2967 -0.073001 -1.391 7.2922 -0.073364 -1.3656 7.3166 -0.013162 -1.3701 7.32 -0.012819 -1.3431 7.3408 0.015237 -1.3466 7.3429 0.015506 -1.3246 7.3647 -0.0028022 -1.3265 7.3656 -0.0026495 -1.3091 7.3883 -0.05512 -1.3091 7.3883 -0.05512 -1.3931 7.2966 -0.073219 -1.3937 7.2923 -0.073147 -1.3693 7.29 -0.025156 -1.3688 7.2936 -0.025225 -1.3467 7.2877 0.00081952 -1.3462 7.2903 0.00076539 -1.3267 7.2854 -0.0062162 -1.3264 7.2868 -0.0062475 -1.3087 7.2829 -0.039971 -1.3087 7.2829 -0.039971 -1.3966 7.2909 -0.072901 -1.3902 7.298 -0.073465 -1.4103 7.3218 -0.0010812 -1.416 7.3158 -0.00058801 -1.4336 7.345 0.035677 -1.4378 7.3407 0.036042 -1.4614 7.3677 0.020284 -1.4636 7.3655 0.020483 -1.4924 7.3902 -0.033958 -1.4924 7.3902 -0.033958 -1.3957 7.2926 -0.072988 -1.3911 7.2964 -0.073378 -1.406 7.3207 -0.012062 -1.4098 7.3173 -0.011738 -1.4236 7.3446 0.017982 -1.4262 7.342 0.01821 -1.4449 7.368 0.0025077 -1.4462 7.3666 0.0026253 -1.4689 7.3911 -0.046203 -1.4689 7.3911 -0.046203 -1.3943 7.2913 -0.073095 -1.3926 7.2976 -0.07327 -1.4053 7.3021 -0.025289 -1.407 7.2968 -0.02512 -1.4196 7.3062 0.003908 -1.421 7.3025 0.0040444 -1.4365 7.3101 0.0043623 -1.4373 7.3081 0.0044422 -1.4554 7.3136 -0.019903 -1.4554 7.3136 -0.019903 -1.3895 7.2977 -0.07352 -1.3973 7.2912 -0.072846 -1.3676 7.263 0.00095751 -1.3608 7.2685 0.0003771 -1.3405 7.2348 0.036678 -1.3355 7.2387 0.036255 -1.3176 7.2064 0.016655 -1.315 7.2085 0.016428 -1.298 7.1778 -0.045012 -1.298 7.1778 -0.045012 -1.3888 7.2925 -0.073544 -1.3981 7.2964 -0.072822 -1.4038 7.2639 0.013772 -1.396 7.2602 0.013167 -1.4121 7.2308 0.062869 -1.4065 7.2279 0.06244 -1.4247 7.1972 0.055644 -1.4218 7.1955 0.05542 -1.441 7.163 0.002528 -1.441 7.163 0.002528 -1.3914 7.2962 -0.07336 -1.3955 7.2927 -0.073006 -1.3774 7.2774 -0.013104 -1.3742 7.2806 -0.013388 -1.3611 7.2621 0.024183 -1.3589 7.2646 0.023992 -1.3476 7.2468 0.026273 -1.3465 7.2483 0.02618 -1.3366 7.2315 -0.0034757 -1.3366 7.2315 -0.0034757 -4.0563 -7.418 -0.15477 -4.0534 -7.4171 -0.15482 -4.0572 -7.4053 -0.13243 -4.0598 -7.4059 -0.13239 -4.0615 -7.3934 -0.1222 -4.0633 -7.3937 -0.12216 -4.0661 -7.3815 -0.12951 -4.0671 -7.3815 -0.12949 -4.0711 -7.3694 -0.14929 -4.0711 -7.3694 -0.14929 -4.0539 -7.4181 -0.15481 -4.0557 -7.4171 -0.15478 -4.0594 -7.4261 -0.13052 -4.0578 -7.4269 -0.13055 -4.0631 -7.4351 -0.1167 -4.0619 -7.4356 -0.11672 -4.067 -7.4441 -0.1186 -4.0664 -7.4443 -0.11861 -4.0712 -7.453 -0.13347 -4.0712 -7.453 -0.13347 -4.0539 -7.4169 -0.15481 -4.0558 -7.4182 -0.15478 -4.0481 -7.4288 -0.12617 -4.0465 -7.4278 -0.12619 -4.0406 -7.4394 -0.11031 -4.0394 -7.4386 -0.11033 -4.0334 -7.4499 -0.11359 -4.0328 -7.4495 -0.1136 -4.0264 -7.4603 -0.13237 -4.0264 -7.4603 -0.13237 -4.056 -7.4182 -0.15478 -4.0537 -7.4169 -0.15481 -4.0591 -7.4077 -0.13559 -4.0612 -7.4086 -0.13555 -4.0649 -7.3986 -0.12683 -4.0665 -7.399 -0.1268 -4.0711 -7.3893 -0.13316 -4.0719 -7.3894 -0.13315 -4.0775 -7.3799 -0.1502 -4.0775 -7.3799 -0.1502 -4.0552 -7.4165 -0.15478 -4.0545 -7.4187 -0.15481 -4.0468 -7.4163 -0.13261 -4.0476 -7.4144 -0.13259 -4.0394 -7.4137 -0.11893 -4.0401 -7.4125 -0.11892 -4.0323 -7.4112 -0.11845 -4.0327 -7.4105 -0.11844 -4.0255 -7.4085 -0.1297 -4.0255 -7.4085 -0.1297 -4.0539 -7.4187 -0.15482 -4.0558 -7.4164 -0.15477 -4.0663 -7.4262 -0.12654 -4.0648 -7.4284 -0.12657 -4.077 -7.4362 -0.11356 -4.076 -7.4379 -0.11359 -4.0881 -7.4463 -0.12264 -4.0877 -7.4472 -0.12265 -4.0996 -7.4563 -0.1474 -4.0996 -7.4563 -0.1474 -4.0565 -7.4177 -0.15476 -4.0532 -7.4174 -0.15483 -4.0551 -7.4041 -0.12887 -4.0579 -7.4043 -0.12882 -4.0574 -7.3908 -0.11618 -4.0595 -7.3909 -0.11614 -4.0601 -7.3775 -0.12283 -4.0613 -7.3774 -0.12281 -4.0632 -7.364 -0.14379 -4.0632 -7.364 -0.14379 -4.0557 -7.4166 -0.15478 -4.054 -7.4186 -0.15481 -4.0479 -7.4131 -0.13256 -4.0493 -7.4113 -0.13252 -4.0421 -7.4075 -0.11915 -4.043 -7.4062 -0.11913 -4.0365 -7.4018 -0.11932 -4.0369 -7.4011 -0.11931 -4.0311 -7.396 -0.13131 -4.0311 -7.396 -0.13131 -4.053 -7.4182 -0.15483 -4.0567 -7.417 -0.15476 -4.0592 -7.4317 -0.12444 -4.0561 -7.4328 -0.12451 -4.0619 -7.4464 -0.10928 -4.0597 -7.4474 -0.10932 -4.0649 -7.4612 -0.11633 -4.0637 -7.4618 -0.11636 -4.0682 -7.476 -0.14006 -4.0682 -7.476 -0.14006 -4.0539 -7.4181 -0.15481 -4.0558 -7.417 -0.15478 -4.0592 -7.4259 -0.12833 -4.0576 -7.4269 -0.12836 -4.0627 -7.4348 -0.1124 -4.0616 -7.4356 -0.11242 -4.0665 -7.4437 -0.1126 -4.0659 -7.4442 -0.11262 -4.0705 -7.4527 -0.12677 -4.0705 -7.4527 -0.12677 7.0901 8.6612 -0.029923 7.0883 8.6724 -0.030253 7.0526 8.6689 0.067117 7.054 8.6593 0.067399 7.0182 8.6639 0.12619 7.0192 8.657 0.12639 6.9857 8.6572 0.12624 6.9863 8.6535 0.12635 6.955 8.649 0.074501 6.955 8.649 0.074501 7.0863 8.6708 -0.030279 7.0921 8.6628 -0.029897 7.1214 8.6905 0.054325 7.1172 8.6979 0.05401 7.1521 8.7177 0.094423 7.1497 8.7233 0.094208 7.185 8.7437 0.070415 7.1841 8.7468 0.070308 7.2197 8.7689 -0.00017678 7.2197 8.7689 -0.00017678 7.0922 8.6645 -0.029934 7.0862 8.6691 -0.030242 7.0629 8.6414 0.043625 7.0684 8.638 0.043887 7.0413 8.6127 0.0796 7.0455 8.6107 0.079787 7.0217 8.5828 0.060256 7.0241 8.5819 0.060353 7.0038 8.552 7.1169e-05 7.0038 8.552 7.1169e-05 7.0891 8.6644 -0.030032 7.0893 8.6693 -0.030144 7.0639 8.6717 0.028151 7.0636 8.6675 0.028243 7.0394 8.6733 0.060239 7.0391 8.6703 0.060304 7.0161 8.6739 0.053022 7.0159 8.6723 0.053055 6.9937 8.6735 0.013992 6.9937 8.6735 0.013992 7.0925 8.6712 -0.030087 7.0859 8.6624 -0.030089 7.1148 8.6402 0.055433 7.1206 8.6476 0.055443 7.1454 8.6174 0.098498 7.1498 8.6227 0.098512 7.1783 8.5932 0.079437 7.1807 8.596 0.079448 7.213 8.5681 0.014098 7.213 8.5681 0.014098 7.0916 8.6692 -0.030068 7.0868 8.6644 -0.030108 7.1092 8.6406 0.04263 7.1132 8.6449 0.042655 7.1331 8.6161 0.078109 7.1358 8.6194 0.07812 7.1588 8.5906 0.05937 7.1602 8.5923 0.059372 7.1858 8.5642 0.0010432 7.1858 8.5642 0.0010432 7.0898 8.6705 -0.030155 7.0885 8.6632 -0.030021 7.1059 8.6613 0.026276 7.1073 8.6674 0.026172 7.1241 8.6591 0.060183 7.1253 8.6636 0.060115 7.1435 8.6563 0.059848 7.1443 8.6587 0.059816 7.1641 8.653 0.030063 7.1641 8.653 0.030063 7.085 8.6627 -0.030124 7.0933 8.6709 -0.030052 7.0606 8.7038 0.05818 7.0534 8.6968 0.058116 7.0289 8.7351 0.10109 7.0237 8.7301 0.10104 6.9991 8.7647 0.077645 6.9963 8.762 0.077618 6.9708 8.7929 0.0046178 6.9708 8.7929 0.0046178 7.0837 8.6686 -0.030311 7.0946 8.665 -0.029865 7.1024 8.7067 0.071211 7.0931 8.7102 0.070824 7.1111 8.7476 0.12765 7.1045 8.7504 0.12736 7.1217 8.787 0.11701 7.1182 8.7887 0.11686 7.134 8.8254 0.051729 7.134 8.8254 0.051729 7.087 8.6646 -0.030106 7.0913 8.669 -0.03007 7.0725 8.6876 0.041462 7.0691 8.6835 0.041449 7.0543 8.7052 0.086078 7.0521 8.702 0.086082 7.0376 8.7215 0.088789 7.0366 8.7198 0.088798 7.0221 8.7368 0.053588 7.0221 8.7368 0.053588 12.613 7.1641 0.010966 12.614 7.1507 0.011885 12.655 7.1627 0.13921 12.654 7.1741 0.13843 12.696 7.1718 0.21681 12.695 7.1801 0.21624 12.737 7.1761 0.21786 12.737 7.1805 0.21756 12.778 7.1761 0.15171 12.778 7.1761 0.15171 12.616 7.1524 0.011776 12.61 7.1624 0.011075 12.567 7.1434 0.12144 12.571 7.1342 0.12208 12.523 7.1198 0.17466 12.526 7.1128 0.17514 12.48 7.09 0.14479 12.481 7.0862 0.14505 12.436 7.0558 0.054537 12.436 7.0558 0.054537 12.61 7.1605 0.011207 12.617 7.1543 0.011645 12.646 7.1932 0.10524 12.64 7.1978 0.10491 12.675 7.2288 0.14968 12.67 7.2317 0.14947 12.704 7.2594 0.12238 12.701 7.2607 0.12228 12.733 7.2863 0.042125 12.733 7.2863 0.042125 12.614 7.1603 0.011231 12.613 7.1545 0.011621 12.642 7.1559 0.088573 12.643 7.1608 0.08824 12.671 7.1552 0.13152 12.671 7.1587 0.13128 12.7 7.1511 0.12349 12.7 7.153 0.12336 12.729 7.1443 0.074198 12.729 7.1443 0.074198 12.609 7.1526 0.011745 12.618 7.1622 0.011106 12.581 7.2018 0.11761 12.573 7.1937 0.11815 12.544 7.2372 0.16909 12.538 7.2314 0.16947 12.507 7.2668 0.14002 12.504 7.2639 0.14022 12.47 7.2923 0.050945 12.47 7.2923 0.050945 12.61 7.1549 0.011593 12.617 7.16 0.011259 12.589 7.1992 0.10141 12.583 7.1946 0.10171 12.561 7.2348 0.14326 12.557 7.2313 0.14349 12.533 7.2653 0.11483 12.531 7.2634 0.11496 12.505 7.2922 0.035089 12.505 7.2922 0.035089 12.612 7.1532 0.011711 12.614 7.1616 0.01114 12.591 7.1726 0.082757 12.588 7.1655 0.083238 12.567 7.1812 0.12537 12.565 7.1761 0.12571 12.543 7.1866 0.12359 12.542 7.1839 0.12377 12.519 7.1892 0.083636 12.519 7.1892 0.083636 12.619 7.1618 0.01114 12.608 7.153 0.011711 12.64 7.1216 0.13113 12.65 7.129 0.13064 12.674 7.0865 0.19176 12.681 7.0918 0.19141 12.708 7.0457 0.16633 12.712 7.0485 0.16615 12.743 7.0007 0.076607 12.743 7.0007 0.076607 12.62 7.1547 0.01163 12.607 7.1602 0.011221 12.588 7.1244 0.14607 12.599 7.1192 0.14645 12.569 7.0842 0.2231 12.577 7.0802 0.22339 12.551 7.0378 0.2132 12.555 7.0355 0.21336 12.534 6.9862 0.13246 12.534 6.9862 0.13246 12.616 7.1597 0.011274 12.61 7.1551 0.011577 12.628 7.1399 0.10708 12.633 7.1443 0.1068 12.647 7.1226 0.16766 12.65 7.1261 0.16744 12.665 7.1019 0.17388 12.667 7.1039 0.17375 12.684 7.0781 0.13091 12.684 7.0781 0.13091 -5.2804 -2.946 -0.11082 -5.2912 -2.9471 -0.11173 -5.2955 -2.9795 -0.012956 -5.2862 -2.9786 -0.012174 -5.296 -3.0119 0.04747 -5.2893 -3.0112 0.048038 -5.2913 -3.0441 0.048789 -5.2877 -3.0437 0.049092 -5.2819 -3.0762 -0.0017775 -5.2819 -3.0762 -0.0017775 -5.2898 -2.9492 -0.11161 -5.2819 -2.9439 -0.11094 -5.3119 -2.9112 -0.028871 -5.3191 -2.9149 -0.029487 -5.3387 -2.8784 0.0089594 -5.3442 -2.8804 0.0084901 -5.3604 -2.8453 -0.017466 -5.3635 -2.8461 -0.017725 -5.3786 -2.8119 -0.090591 -5.3786 -2.8119 -0.090591 -5.2835 -2.9438 -0.11107 -5.2882 -2.9494 -0.11148 -5.2673 -2.9716 -0.035243 -5.2637 -2.9664 -0.034936 -5.2431 -2.9934 0.0030221 -5.2409 -2.9894 0.0032119 -5.2143 -3.0148 -0.014151 -5.2133 -3.0126 -0.014068 -5.1822 -3.0359 -0.072258 -5.1822 -3.0359 -0.072258 -5.2835 -2.9468 -0.11108 -5.2882 -2.9463 -0.11147 -5.2953 -2.9694 -0.052484 -5.2913 -2.9699 -0.052148 -5.3 -2.9925 -0.01974 -5.2971 -2.9929 -0.019498 -5.3013 -3.0155 -0.026369 -5.2997 -3.0158 -0.02624 -5.2998 -3.0386 -0.064865 -5.2998 -3.0386 -0.064865 -5.2899 -2.9431 -0.11161 -5.2818 -2.9501 -0.11094 -5.2642 -2.9204 -0.024751 -5.271 -2.9143 -0.025318 -5.2433 -2.8904 0.018866 -5.2482 -2.8858 0.018464 -5.2174 -2.86 0.00022113 -5.2199 -2.8575 1.1316e-05 -5.1877 -2.8293 -0.064804 -5.1877 -2.8293 -0.064804 -5.288 -2.9441 -0.11145 -5.2836 -2.9491 -0.11109 -5.2641 -2.9262 -0.037455 -5.268 -2.9221 -0.037778 -5.2416 -2.9032 -0.0011659 -5.2445 -2.9003 -0.0014108 -5.2147 -2.8799 -0.019212 -5.2163 -2.8785 -0.019348 -5.1846 -2.8566 -0.076931 -5.1846 -2.8566 -0.076931 -5.2893 -2.9457 -0.11156 -5.2824 -2.9474 -0.11098 -5.283 -2.9289 -0.054918 -5.2889 -2.9271 -0.055409 -5.2821 -2.9101 -0.021307 -5.2863 -2.9087 -0.021657 -5.2784 -2.8912 -0.022018 -5.2806 -2.8903 -0.022201 -5.2723 -2.872 -0.052245 -5.2723 -2.872 -0.052245 -5.2821 -2.9509 -0.11096 -5.2896 -2.9423 -0.11158 -5.3279 -2.97 -0.024093 -5.3216 -2.9774 -0.023569 -5.3621 -2.9981 0.018023 -5.3575 -3.0035 0.0184 -5.3905 -3.0263 -0.0063325 -5.388 -3.0292 -0.0061334 -5.4145 -3.0547 -0.080348 -5.4145 -3.0547 -0.080348 -5.2878 -2.9519 -0.11145 -5.2838 -2.9413 -0.1111 -5.3293 -2.9284 -0.012335 -5.3331 -2.9373 -0.012667 -5.3713 -2.916 0.041699 -5.3743 -2.9223 0.041437 -5.4079 -2.9036 0.028529 -5.4097 -2.9069 0.028378 -5.4401 -2.8914 -0.039404 -5.4401 -2.8914 -0.039404 -5.2838 -2.9488 -0.11111 -5.2878 -2.9443 -0.11144 -5.3108 -2.9597 -0.040265 -5.3071 -2.9633 -0.039957 -5.3312 -2.9752 0.0039621 -5.3283 -2.9776 0.0042029 -5.3479 -2.9907 0.0062154 -5.3463 -2.9918 0.0063526 -5.3612 -3.006 -0.029506 -5.3612 -3.006 -0.029506 -0.65009 -9.8461 -0.10403 -0.63805 -9.8493 -0.10359 -0.63174 -9.8072 0.0047694 -0.64205 -9.8045 0.0043884 -0.62537 -9.7687 0.069828 -0.63285 -9.7667 0.069551 -0.61838 -9.7358 0.068205 -0.62237 -9.7347 0.068057 -0.61082 -9.7078 0.0080553 -0.61082 -9.7078 0.0080553 -0.63883 -9.8467 -0.10382 -0.64932 -9.8487 -0.1038 -0.63846 -9.8812 -0.0055149 -0.62926 -9.8805 -0.005444 -0.6263 -9.9182 0.042974 -0.61958 -9.9184 0.043087 -0.61278 -9.9617 0.019086 -0.60921 -9.9621 0.019178 -0.59831 -10.01 -0.057387 -0.59831 -10.01 -0.057387 -0.64769 -9.8494 -0.10371 -0.64046 -9.8459 -0.10391 -0.66247 -9.8069 -0.023527 -0.66826 -9.8105 -0.023304 -0.68412 -9.7718 0.014064 -0.68799 -9.7748 0.014263 -0.70493 -9.7424 -0.010816 -0.70679 -9.7442 -0.010691 -0.72501 -9.7172 -0.081807 -0.72501 -9.7172 -0.081807 -0.64649 -9.8465 -0.10395 -0.64166 -9.8488 -0.10368 -0.63159 -9.8219 -0.038589 -0.63568 -9.8199 -0.038823 -0.62131 -9.7974 -0.0031202 -0.62425 -9.7959 -0.0032942 -0.61052 -9.7766 -0.012061 -0.61207 -9.7757 -0.012156 -0.5993 -9.7588 -0.056947 -0.5993 -9.7588 -0.056947 -0.64102 -9.8526 -0.10335 -0.64713 -9.8427 -0.10428 -0.6863 -9.8535 -0.0084359 -0.68129 -9.8621 -0.0076332 -0.72458 -9.8688 0.03949 -0.7211 -9.8751 0.040075 -0.76178 -9.8904 0.017262 -0.76 -9.8938 0.017577 -0.7982 -9.9168 -0.057224 -0.7982 -9.9168 -0.057224 -0.64267 -9.8509 -0.10352 -0.64547 -9.8444 -0.10411 -0.68288 -9.8495 -0.023057 -0.68023 -9.855 -0.022552 -0.71948 -9.8584 0.015936 -0.7174 -9.8623 0.016299 -0.75506 -9.8727 -0.006298 -0.75386 -9.8748 -0.0061064 -0.78985 -9.8909 -0.073236 -0.78985 -9.8909 -0.073236 -0.64067 -9.8499 -0.10358 -0.64747 -9.8455 -0.10405 -0.65978 -9.8565 -0.040023 -0.65414 -9.8604 -0.039606 -0.67146 -9.8698 -0.0012605 -0.66752 -9.8729 -0.00094636 -0.68249 -9.8867 -0.0011593 -0.68046 -9.8884 -0.00098557 -0.69299 -9.9066 -0.03431 -0.69299 -9.9066 -0.03431 -0.64646 -9.8421 -0.10432 -0.64168 -9.8533 -0.1033 -0.59959 -9.8302 -0.0023066 -0.6036 -9.8206 -0.0031829 -0.55697 -9.811 0.047455 -0.55982 -9.804 0.046819 -0.51339 -9.7979 0.02223 -0.51488 -9.7942 0.021891 -0.46908 -9.7893 -0.059016 -0.46908 -9.7893 -0.059016 -0.63992 -9.8434 -0.10412 -0.64822 -9.852 -0.10351 -0.61505 -9.8692 0.01413 -0.60761 -9.8622 0.013635 -0.58069 -9.8904 0.081346 -0.57507 -9.8855 0.081008 -0.54491 -9.918 0.072811 -0.54179 -9.9155 0.072642 -0.50795 -9.9508 0.0025576 -0.50795 -9.9508 0.0025576 -0.64535 -9.8447 -0.10408 -0.6428 -9.8506 -0.10354 -0.62002 -9.8356 -0.02202 -0.62265 -9.8307 -0.022473 -0.59705 -9.8229 0.029074 -0.59928 -9.8195 0.028753 -0.57365 -9.8142 0.032814 -0.575 -9.8125 0.032648 -0.54988 -9.8091 -0.0062843 -0.54988 -9.8091 -0.0062843 -6.6124 -5.0631 -0.10631 -6.6135 -5.0661 -0.10634 -6.6025 -5.0706 -0.08351 -6.6014 -5.0681 -0.083489 -6.5917 -5.0748 -0.073273 -6.5908 -5.073 -0.073261 -6.5811 -5.0786 -0.081236 -6.5805 -5.0777 -0.081231 -6.5706 -5.0822 -0.10213 -6.5706 -5.0822 -0.10213 -6.6138 -5.065 -0.10632 -6.6121 -5.0641 -0.10634 -6.6154 -5.0553 -0.081028 -6.6168 -5.0561 -0.081015 -6.6189 -5.0464 -0.066529 -6.6199 -5.047 -0.066521 -6.6228 -5.0372 -0.068336 -6.6233 -5.0376 -0.068333 -6.627 -5.0279 -0.083585 -6.627 -5.0279 -0.083585 -6.6131 -5.0658 -0.10635 -6.6129 -5.0634 -0.10631 -6.6236 -5.063 -0.076257 -6.6238 -5.065 -0.076287 -6.6347 -5.0625 -0.05943 -6.6348 -5.064 -0.059452 -6.6461 -5.0618 -0.062442 -6.6462 -5.0626 -0.062454 -6.6578 -5.0609 -0.081516 -6.6578 -5.0609 -0.081516 -6.6128 -5.0632 -0.10631 -6.6132 -5.066 -0.10635 -6.6032 -5.0674 -0.086748 -6.6026 -5.0651 -0.086721 -6.5933 -5.0685 -0.077997 -6.5927 -5.0669 -0.077981 -6.5836 -5.0693 -0.084907 -6.5833 -5.0685 -0.084901 -6.5741 -5.0699 -0.10291 -6.5741 -5.0699 -0.10291 -6.612 -5.065 -0.10635 -6.614 -5.0642 -0.1063 -6.6161 -5.0723 -0.083234 -6.6143 -5.0728 -0.083274 -6.6182 -5.0802 -0.069005 -6.6169 -5.0804 -0.069032 -6.6205 -5.0878 -0.068455 -6.6198 -5.0879 -0.068469 -6.623 -5.0952 -0.080068 -6.623 -5.0952 -0.080068 -6.6143 -5.0646 -0.1063 -6.6116 -5.0645 -0.10635 -6.6114 -5.0494 -0.077012 -6.6137 -5.0492 -0.076967 -6.6115 -5.0339 -0.063485 -6.6132 -5.0337 -0.06345 -6.6122 -5.018 -0.072815 -6.6131 -5.0178 -0.072795 -6.6132 -5.0017 -0.098416 -6.6132 -5.0017 -0.098416 -6.6121 -5.0631 -0.10632 -6.6138 -5.0661 -0.10634 -6.6029 -5.0732 -0.079813 -6.6013 -5.0706 -0.079801 -6.5921 -5.0799 -0.067033 -6.5909 -5.0781 -0.067026 -6.5816 -5.0862 -0.074321 -6.5809 -5.0853 -0.074318 -6.5713 -5.0923 -0.096444 -6.5713 -5.0923 -0.096444 -6.6118 -5.0645 -0.10635 -6.6142 -5.0647 -0.10631 -6.6132 -5.0734 -0.08328 -6.6112 -5.0734 -0.083317 -6.6124 -5.0819 -0.069429 -6.6109 -5.082 -0.069457 -6.6117 -5.0903 -0.069666 -6.611 -5.0905 -0.069682 -6.6113 -5.0986 -0.082149 -6.6113 -5.0986 -0.082149 -6.6145 -5.0658 -0.10632 -6.6115 -5.0634 -0.10634 -6.6191 -5.0518 -0.074583 -6.6217 -5.0537 -0.074566 -6.6271 -5.04 -0.058534 -6.629 -5.0413 -0.058518 -6.6356 -5.0279 -0.065513 -6.6367 -5.0285 -0.065504 -6.6446 -5.0154 -0.089776 -6.6446 -5.0154 -0.089776 -6.6139 -5.065 -0.10632 -6.6121 -5.0641 -0.10634 -6.6153 -5.0556 -0.078756 -6.6169 -5.0563 -0.078738 -6.6188 -5.0469 -0.06208 -6.62 -5.0473 -0.062065 -6.6227 -5.0379 -0.062124 -6.6234 -5.0381 -0.062115 -6.6269 -5.0287 -0.076642 -6.6269 -5.0287 -0.076642 9.8388 7.392 -0.014553 9.8273 7.399 -0.014585 9.8052 7.3613 0.10876 9.815 7.3553 0.10879 9.7837 7.3231 0.18404 9.7908 7.3188 0.18406 9.7626 7.2847 0.18527 9.7664 7.2824 0.18528 9.7418 7.2459 0.12152 9.7418 7.2459 0.12152 9.8271 7.3956 -0.014579 9.839 7.3953 -0.014559 9.8428 7.4484 0.090473 9.8328 7.4498 0.090453 9.8461 7.5017 0.14017 9.8391 7.5036 0.14015 9.8493 7.5553 0.10944 9.8458 7.5568 0.10943 9.8526 7.6093 0.02027 9.8526 7.6093 0.02027 9.8376 7.3967 -0.014564 9.8285 7.3942 -0.014574 9.8371 7.35 0.078154 9.8448 7.353 0.078162 9.8463 7.3061 0.12333 9.8516 7.3088 0.12333 9.8557 7.2624 0.099089 9.8584 7.2641 0.099091 9.8652 7.219 0.02361 9.8652 7.219 0.02361 9.8351 7.3934 -0.014562 9.831 7.3975 -0.014577 9.8103 7.3744 0.059561 9.8138 7.3709 0.059573 9.7899 7.3511 0.10082 9.7924 7.3484 0.10082 9.7697 7.3275 0.092758 9.771 7.326 0.092763 9.7496 7.3037 0.044788 9.7496 7.3037 0.044788 9.8319 7.4023 -0.014584 9.8342 7.3886 -0.014554 9.882 7.4024 0.090759 9.8803 7.4142 0.090733 9.9298 7.4167 0.1428 9.9288 7.4253 0.14278 9.9778 7.4312 0.1169 9.9774 7.4358 0.11689 10.026 7.446 0.032934 10.026 7.446 0.032934 9.8329 7.3998 -0.014578 9.8332 7.3911 -0.014561 9.8764 7.3968 0.074963 9.8759 7.4042 0.074948 9.9197 7.4028 0.11774 9.9191 7.4081 0.11773 9.9629 7.4088 0.092506 9.9625 7.4116 0.0925 10.006 7.4149 0.017607 10.006 7.4149 0.017607 9.8303 7.399 -0.014581 9.8357 7.392 -0.014558 9.8545 7.4092 0.055184 9.8502 7.4154 0.055165 9.8732 7.4268 0.09684 9.8702 7.4315 0.096826 9.8918 7.4445 0.095536 9.8904 7.4471 0.095528 9.9106 7.4625 0.057282 9.9106 7.4625 0.057282 9.8332 7.388 -0.014554 9.8328 7.4029 -0.014584 9.7805 7.3965 0.098188 9.7807 7.3837 0.098213 9.7283 7.3892 0.15411 9.7284 7.3799 0.15413 9.6761 7.3814 0.12679 9.6761 7.3764 0.12679 9.624 7.3731 0.037263 9.624 7.3731 0.037263 9.8269 7.3913 -0.014571 9.8392 7.3997 -0.014567 9.8134 7.4418 0.11286 9.8025 7.435 0.11285 9.7869 7.4835 0.1843 9.7789 7.479 0.1843 9.7603 7.5251 0.17162 9.7559 7.5228 0.17162 9.7333 7.5665 0.09039 9.7333 7.5665 0.09039 9.8332 7.3915 -0.014561 9.8329 7.3994 -0.014577 9.804 7.3957 0.076311 9.8048 7.3891 0.076325 9.7754 7.3917 0.13343 9.7763 7.387 0.13344 9.747 7.3873 0.13797 9.7477 7.3849 0.13797 9.7189 7.3828 0.094934 9.7189 7.3828 0.094934 -4.0761 7.1582 -0.068312 -4.0686 7.166 -0.068646 -4.0837 7.1837 0.027638 -4.0902 7.177 0.027925 -4.1026 7.2028 0.087678 -4.1074 7.198 0.087886 -4.1269 7.2244 0.091873 -4.1295 7.2218 0.091984 -4.156 7.2481 0.04705 -4.156 7.2481 0.04705 -4.071 7.1666 -0.068386 -4.0737 7.1575 -0.068572 -4.0276 7.1433 0.0066342 -4.0244 7.1508 0.0066957 -3.985 7.1314 0.040081 -3.9821 7.1366 0.040054 -3.9477 7.1225 0.012834 -3.9458 7.1251 0.012782 -3.914 7.1157 -0.058538 -3.914 7.1157 -0.058538 -4.0724 7.1584 -0.068652 -4.0723 7.1658 -0.068306 -4.1009 7.1619 0.0047955 -4.1003 7.1556 0.0044413 -4.1326 7.1594 0.041991 -4.1317 7.1549 0.041695 -4.1689 7.1592 0.026798 -4.1682 7.1568 0.026621 -4.2085 7.1607 -0.027076 -4.2085 7.1607 -0.027076 -4.0743 7.1608 -0.068361 -4.0704 7.1634 -0.068598 -4.0783 7.1798 -0.01056 -4.0817 7.1776 -0.010349 -4.0887 7.1972 0.022687 -4.0912 7.1957 0.022846 -4.1027 7.2164 0.018744 -4.104 7.2156 0.018832 -4.1196 7.2369 -0.015297 -4.1196 7.2369 -0.015297 -4.067 7.162 -0.06898 -4.0777 7.1621 -0.067978 -4.0702 7.1196 0.0095631 -4.061 7.1193 0.0086954 -4.0659 7.0789 0.046874 -4.0592 7.0785 0.046238 -4.0668 7.0409 0.025359 -4.0632 7.0406 0.025016 -4.0715 7.0049 -0.039981 -4.0715 7.0049 -0.039981 -4.0691 7.1616 -0.068807 -4.0756 7.1626 -0.068151 -4.0743 7.1252 -0.0018329 -4.0687 7.1246 -0.0023864 -4.0759 7.0896 0.029198 -4.0718 7.0893 0.028803 -4.0821 7.0564 0.0089072 -4.0799 7.0563 0.0087001 -4.0917 7.0251 -0.048854 -4.0917 7.0251 -0.048854 -4.0692 7.1637 -0.0687 -4.0755 7.1605 -0.068258 -4.0618 7.1411 -0.017276 -4.0562 7.1435 -0.017679 -4.0497 7.1227 0.012493 -4.0456 7.1243 0.012185 -4.0404 7.1059 0.0098365 -4.0381 7.1067 0.0096634 -4.0335 7.0904 -0.020711 -4.0335 7.0904 -0.020711 -4.078 7.163 -0.067914 -4.0667 7.1612 -0.069044 -4.0529 7.1982 0.017485 -4.0626 7.1998 0.018455 -4.0437 7.2373 0.061184 -4.0506 7.2385 0.061889 -4.0405 7.2795 0.042115 -4.0442 7.2802 0.042492 -4.042 7.324 -0.023846 -4.042 7.324 -0.023846 -4.0742 7.1674 -0.068053 -4.0705 7.1567 -0.068905 -4.0249 7.166 0.024557 -4.0277 7.1753 0.025258 -3.9833 7.1778 0.075825 -3.985 7.1846 0.076312 -3.9475 7.193 0.063648 -3.9483 7.1966 0.063897 -3.9165 7.2109 -0.00023142 -3.9165 7.2109 -0.00023142 -4.0753 7.1625 -0.068182 -4.0694 7.1616 -0.068776 -4.0599 7.181 0.00059984 -4.065 7.1813 0.0010925 -4.0531 7.2015 0.044526 -4.0568 7.2014 0.044869 -4.0501 7.2237 0.048798 -4.0521 7.2235 0.048973 -4.0506 7.2475 0.017189 -4.0506 7.2475 0.017189 -4.9614 -7.8563 -0.12444 -4.9626 -7.8656 -0.12424 -4.932 -7.8667 -0.032422 -4.931 -7.8588 -0.032594 -4.9013 -7.8682 0.023624 -4.9006 -7.8625 0.023499 -4.8706 -7.8707 0.024572 -4.8702 -7.8676 0.024506 -4.8399 -7.874 -0.022841 -4.8399 -7.874 -0.022841 -4.9603 -7.8648 -0.12426 -4.9636 -7.8571 -0.12443 -4.9986 -7.868 -0.045943 -4.9966 -7.8748 -0.045795 -5.0337 -7.8801 -0.0086219 -5.0329 -7.8852 -0.0085128 -5.0689 -7.8939 -0.03113 -5.0689 -7.8966 -0.031071 -5.1045 -7.9088 -0.097118 -5.1045 -7.9088 -0.097118 -4.9641 -7.8584 -0.1244 -4.9599 -7.8635 -0.12429 -4.934 -7.8438 -0.055758 -4.9381 -7.8397 -0.055846 -4.9085 -7.8246 -0.022615 -4.9117 -7.822 -0.022673 -4.8832 -7.8066 -0.041117 -4.8851 -7.8054 -0.041144 -4.8582 -7.7895 -0.097743 -4.8582 -7.7895 -0.097743 -4.9613 -7.859 -0.12438 -4.9627 -7.8628 -0.1243 -4.9419 -7.8681 -0.069006 -4.9406 -7.8649 -0.069076 -4.9211 -7.8737 -0.03818 -4.9201 -7.8714 -0.03823 -4.9001 -7.88 -0.044046 -4.8996 -7.8788 -0.044073 -4.8791 -7.8869 -0.079611 -4.8791 -7.8869 -0.079611 -4.966 -7.8636 -0.12429 -4.9579 -7.8582 -0.1244 -4.9804 -7.8299 -0.046665 -4.9875 -7.8343 -0.04657 -5.0033 -7.8026 -0.0085576 -5.0085 -7.8057 -0.008491 -5.0265 -7.7766 -0.028442 -5.0293 -7.7782 -0.028408 -5.0498 -7.7516 -0.091529 -5.0498 -7.7516 -0.091529 -4.9647 -7.8623 -0.12432 -4.9592 -7.8596 -0.12437 -4.9753 -7.8321 -0.058375 -4.9798 -7.8345 -0.058323 -4.9915 -7.8055 -0.027153 -4.9947 -7.8074 -0.027113 -5.0078 -7.7801 -0.046536 -5.0095 -7.7812 -0.046513 -5.0242 -7.7557 -0.10287 -5.0242 -7.7557 -0.10287 -4.9634 -7.8637 -0.12428 -4.9605 -7.8582 -0.1244 -4.9769 -7.8499 -0.072668 -4.9797 -7.8545 -0.07257 -4.9935 -7.8423 -0.041825 -4.9957 -7.8455 -0.041756 -5.0102 -7.8355 -0.042944 -5.0115 -7.8372 -0.042908 -5.0272 -7.8294 -0.071553 -5.0272 -7.8294 -0.071553 -4.9573 -7.8587 -0.12439 -4.9667 -7.8632 -0.1243 -4.9474 -7.8927 -0.039653 -4.9393 -7.8889 -0.039734 -4.9277 -7.9229 0.0026872 -4.9218 -7.9202 0.0026297 -4.9077 -7.9544 -0.016918 -4.9045 -7.9529 -0.016948 -4.8875 -7.9868 -0.0828 -4.8875 -7.9868 -0.0828 -4.9575 -7.8637 -0.12428 -4.9664 -7.8582 -0.1244 -4.9859 -7.8844 -0.028897 -4.9785 -7.8894 -0.028788 -5.005 -7.9119 0.024968 -4.9997 -7.9157 0.025051 -5.0239 -7.9409 0.016246 -5.0212 -7.9431 0.016293 -5.0427 -7.9713 -0.043473 -5.0427 -7.9713 -0.043473 -4.9595 -7.8597 -0.12437 -4.9644 -7.8621 -0.12432 -4.9537 -7.8779 -0.05629 -4.9497 -7.8755 -0.05634 -4.9429 -7.894 -0.013392 -4.9401 -7.892 -0.013434 -4.9319 -7.9107 -0.0096215 -4.9305 -7.9096 -0.009646 -4.921 -7.9281 -0.041249 -4.921 -7.9281 -0.041249 10.071 4.5322 -0.060363 10.078 4.5316 -0.06045 10.08 4.5575 0.012627 10.074 4.5573 0.012686 10.081 4.584 0.05373 10.077 4.5834 0.053761 10.081 4.6115 0.046838 10.079 4.6109 0.046848 10.081 4.6397 0.00098948 10.081 4.6397 0.00098948 10.074 4.5368 -0.060281 10.075 4.527 -0.060532 10.116 4.5281 0.036121 10.116 4.5364 0.036328 10.157 4.5308 0.084603 10.157 4.5368 0.084746 10.197 4.5355 0.062357 10.197 4.5387 0.062429 10.236 4.5417 -0.013199 10.236 4.5417 -0.013199 10.07 4.5314 -0.06037 10.079 4.5324 -0.060444 10.075 4.5726 0.032252 10.067 4.5714 0.032302 10.07 4.6139 0.077205 10.064 4.6126 0.077233 10.063 4.6567 0.052659 10.06 4.6559 0.052669 10.056 4.7006 -0.022704 10.056 4.7006 -0.022704 10.072 4.5356 -0.06029 10.077 4.5282 -0.060523 10.106 4.5469 0.024252 10.103 4.5535 0.024454 10.135 4.5671 0.067141 10.133 4.5721 0.067289 10.163 4.5891 0.048498 10.162 4.5919 0.048577 10.191 4.6126 -0.016595 10.191 4.6126 -0.016595 10.072 4.5335 -0.060333 10.078 4.5303 -0.06048 10.092 4.5583 0.014457 10.086 4.5614 0.014589 10.105 4.5875 0.051838 10.101 4.5899 0.051938 10.117 4.6182 0.034246 10.115 4.6197 0.034302 10.129 4.6502 -0.024331 10.129 4.6502 -0.024331 10.07 4.5323 -0.060341 10.08 4.5315 -0.060472 10.082 4.5603 0.039858 10.073 4.5619 0.039993 10.083 4.5903 0.10167 10.076 4.5921 0.10178 10.083 4.6221 0.10405 10.08 4.6235 0.10412 10.082 4.6557 0.054024 10.082 4.6557 0.054024 10.069 4.5309 -0.060374 10.08 4.5329 -0.06044 10.075 4.5634 0.037187 10.065 4.5612 0.037228 10.068 4.5947 0.095139 10.061 4.5927 0.095158 10.06 4.6272 0.092636 10.057 4.6259 0.09264 10.052 4.6607 0.038726 10.052 4.6607 0.038726 10.075 4.5281 -0.060507 10.074 4.5357 -0.060306 10.049 4.5302 0.016571 10.049 4.5236 0.0164 10.023 4.5251 0.06018 10.023 4.5203 0.060058 9.9958 4.5211 0.053682 9.9959 4.5185 0.053618 9.9687 4.5179 0.0060496 9.9687 4.5179 0.0060496 10.072 4.5351 -0.0603 10.078 4.5287 -0.060514 10.098 4.5465 0.0096148 10.094 4.5524 0.0098044 10.118 4.5655 0.046472 10.115 4.5701 0.046613 10.137 4.5861 0.034102 10.136 4.5887 0.034177 10.156 4.6079 -0.016358 10.156 4.6079 -0.016358 10.073 4.534 -0.060338 10.076 4.5298 -0.060475 10.096 4.5439 -0.0044682 10.093 4.5473 -0.0043532 10.114 4.5588 0.023244 10.112 4.5612 0.023326 10.132 4.5748 0.0095627 10.131 4.576 0.0096051 10.15 4.5916 -0.034919 10.15 4.5916 -0.034919 -6.8929 -4.6396 -0.10564 -6.8901 -4.6547 -0.10628 -6.8509 -4.6524 0.034842 -6.8533 -4.6395 0.035394 -6.8106 -4.6469 0.12152 -6.8123 -4.6375 0.12192 -6.7684 -4.637 0.1243 -6.7694 -4.632 0.12451 -6.7247 -4.6234 0.053438 -6.7247 -4.6234 0.053438 -6.8875 -4.6524 -0.10612 -6.8955 -4.6419 -0.1058 -6.9391 -4.6829 0.010746 -6.9333 -4.6927 0.010417 -6.9811 -4.7217 0.064551 -6.9777 -4.7292 0.064274 -7.0213 -4.7567 0.027188 -7.0199 -4.761 0.027021 -7.0603 -4.7892 -0.076438 -7.0603 -4.7892 -0.076438 -6.8955 -4.6441 -0.10591 -6.8875 -4.6502 -0.10601 -6.8638 -4.6148 0.0014447 -6.8711 -4.6104 0.0014885 -6.8394 -4.5769 0.055 -6.845 -4.5742 0.054999 -6.8136 -4.5353 0.029879 -6.8167 -4.5342 0.02986 -6.7868 -4.4912 -0.053332 -6.7868 -4.4912 -0.053332 -6.8914 -4.6439 -0.10581 -6.8915 -4.6505 -0.10612 -6.8627 -4.6552 -0.021445 -6.8625 -4.6495 -0.021176 -6.8329 -4.6578 0.025976 -6.8327 -4.6537 0.026173 -6.8019 -4.6577 0.017519 -6.8017 -4.6555 0.017625 -6.7697 -4.6553 -0.036163 -6.7697 -4.6553 -0.036163 -6.8956 -4.6532 -0.10634 -6.8873 -4.6411 -0.10558 -6.9326 -4.6149 0.014228 -6.9399 -4.6251 0.013584 -6.9769 -4.5864 0.073638 -6.9823 -4.5937 0.073173 -7.0194 -4.554 0.044693 -7.0225 -4.5578 0.044447 -7.0608 -4.5187 -0.05007 -7.0608 -4.5187 -0.05007 -6.8945 -4.6505 -0.10619 -6.8884 -4.6439 -0.10574 -6.9243 -4.6149 -0.0035323 -6.9293 -4.6207 -0.0039215 -6.9592 -4.5837 0.045677 -6.9627 -4.5882 0.045391 -6.9924 -4.5493 0.017789 -6.9942 -4.5517 0.017635 -7.0244 -4.5124 -0.066392 -7.0244 -4.5124 -0.066392 -6.8922 -4.6521 -0.10621 -6.8908 -4.6422 -0.10571 -6.9178 -4.6421 -0.027067 -6.9194 -4.6504 -0.027496 -6.9443 -4.6408 0.019727 -6.9457 -4.6468 0.019413 -6.9699 -4.6376 0.01782 -6.9707 -4.6407 0.017651 -6.9946 -4.6325 -0.025974 -6.9946 -4.6325 -0.025974 -6.8862 -4.6415 -0.10558 -6.8967 -4.6528 -0.10635 -6.8593 -4.6993 0.020564 -6.8502 -4.6897 0.021222 -6.8198 -4.7423 0.083082 -6.8132 -4.7353 0.083558 -6.7779 -4.7805 0.051271 -6.7743 -4.7769 0.051524 -6.7341 -4.8153 -0.051012 -6.7341 -4.8153 -0.051012 -6.8842 -4.6495 -0.1059 -6.8987 -4.6449 -0.10602 -6.9148 -4.7048 0.035747 -6.9025 -4.7092 0.035818 -6.9288 -4.7621 0.11407 -6.92 -4.7657 0.1141 -6.9403 -4.8152 0.097052 -6.9357 -4.8173 0.097058 -6.9498 -4.865 0.0023371 -6.9498 -4.865 0.0023371 -6.8887 -4.6442 -0.10576 -6.8942 -4.6502 -0.10616 -6.8742 -4.6772 -0.0036469 -6.8699 -4.6716 -0.0032896 -6.8532 -4.702 0.060621 -6.8504 -4.6977 0.060885 -6.8308 -4.7237 0.065313 -6.8295 -4.7213 0.065455 -6.8073 -4.7427 0.016103 -6.8073 -4.7427 0.016103 -4.9696 -3.1198 -0.11233 -4.9755 -3.1212 -0.11259 -4.9718 -3.144 -0.050832 -4.9669 -3.1423 -0.050618 -4.9667 -3.1665 -0.016252 -4.9633 -3.1649 -0.016102 -4.9597 -3.1886 -0.022478 -4.958 -3.1876 -0.022401 -4.9514 -3.2104 -0.061824 -4.9514 -3.2104 -0.061824 -4.971 -3.1243 -0.11241 -4.9741 -3.1167 -0.11252 -5.0097 -3.1306 -0.031451 -5.0076 -3.1373 -0.031386 -5.0436 -3.1448 0.0086404 -5.0425 -3.1498 0.0086679 -5.075 -3.159 -0.011424 -5.0747 -3.1618 -0.01142 -5.1048 -3.1734 -0.076831 -5.1048 -3.1734 -0.076831 -4.9688 -3.1189 -0.1123 -4.9763 -3.1222 -0.11263 -4.9642 -3.1553 -0.034207 -4.958 -3.1521 -0.033933 -4.9502 -3.1881 0.0036268 -4.9458 -3.1855 0.0038205 -4.9335 -3.2204 -0.017631 -4.9312 -3.2189 -0.01753 -4.9149 -3.2524 -0.082095 -4.9149 -3.2524 -0.082095 -4.9696 -3.1228 -0.11235 -4.9754 -3.1182 -0.11258 -4.9966 -3.1429 -0.041526 -4.9919 -3.1473 -0.041342 -5.016 -3.1679 -0.0060957 -5.0129 -3.1713 -0.0059735 -5.0332 -3.1929 -0.022995 -5.0317 -3.1949 -0.022937 -5.0488 -3.2181 -0.079401 -5.0488 -3.2181 -0.079401 -4.9695 -3.121 -0.11234 -4.9755 -3.12 -0.11259 -4.9813 -3.1479 -0.049605 -4.9763 -3.149 -0.049393 -4.9855 -3.1758 -0.018554 -4.9819 -3.1768 -0.018403 -4.9876 -3.2036 -0.034251 -4.9857 -3.2043 -0.034172 -4.9881 -3.2316 -0.084802 -4.9881 -3.2316 -0.084802 -4.968 -3.1194 -0.11227 -4.977 -3.1216 -0.11266 -4.9733 -3.1473 -0.027767 -4.9655 -3.1462 -0.02743 -4.9677 -3.1731 0.024378 -4.962 -3.1728 0.024623 -4.9597 -3.1989 0.025984 -4.9566 -3.1991 0.026114 -4.9496 -3.2248 -0.016975 -4.9496 -3.2248 -0.016975 -4.9683 -3.1182 -0.11227 -4.9768 -3.1228 -0.11265 -4.9663 -3.1478 -0.029879 -4.9593 -3.1435 -0.029565 -4.9541 -3.1724 0.019172 -4.9492 -3.169 0.019392 -4.9395 -3.1966 0.016823 -4.937 -3.1946 0.016937 -4.9231 -3.2204 -0.029233 -4.9231 -3.2204 -0.029233 -4.9739 -3.1175 -0.11251 -4.9712 -3.1235 -0.11241 -4.9529 -3.1135 -0.046273 -4.9551 -3.1084 -0.046348 -4.9335 -3.1032 -0.0084165 -4.9349 -3.0994 -0.0084657 -4.9123 -3.0925 -0.013165 -4.913 -3.0905 -0.013189 -4.8896 -3.0816 -0.05289 -4.8896 -3.0816 -0.05289 -4.9695 -3.1223 -0.11234 -4.9756 -3.1187 -0.11259 -4.9894 -3.14 -0.053737 -4.9845 -3.1436 -0.053542 -5.0018 -3.1615 -0.023184 -4.9985 -3.1645 -0.023056 -5.0124 -3.1832 -0.034498 -5.0108 -3.185 -0.034438 -5.0217 -3.205 -0.078212 -5.0217 -3.205 -0.078212 -4.9707 -3.1218 -0.11239 -4.9743 -3.1192 -0.11254 -4.9878 -3.1369 -0.065615 -4.9846 -3.1389 -0.065486 -5.0001 -3.1547 -0.042753 -4.9977 -3.156 -0.042655 -5.0108 -3.1722 -0.055087 -5.0094 -3.1729 -0.055033 -5.0202 -3.1897 -0.09361 -5.0202 -3.1897 -0.09361</float_array><technique_common><accessor source="#grass_-01+00_foliage-pos-a" count="2000" stride="3"><param name="X" type="float"/><param name="Y" type="float"/><param name="Z" type="float"/></accessor></technique_common></source>
        <source id="grass_-01+00_foliage-nrm"><float_array id="grass_-01+00_foliage-nrm-a" count="9516">-0.487 -0.808 0.332 -0.435 -0.784 0.444 -0.438 -0.786 0.437 -0.208 -0.256 0.944 -0.254 -0.378 0.89 0.12 0.647 0.753 0.094 0.56 0.823 0.183 0.847 0.499 -0.854 0.407 0.323 -0.792 0.409 0.453 -0.787 0.409 0.462 -0.33 0.142 0.933 -0.205 0.06 0.977 0.487 -0.411 0.771 0.53 -0.448 0.719 0.649 -0.552 0.524 -0.349 -0.841 0.412 -0.311 -0.768 0.56 -0.313 -0.771 0.554 -0.121 -0.076 0.99 -0.145 -0.163 0.976 0.111 0.723 0.681 0.105 0.697 0.71 0.146 0.862 0.486 -0.945 -0.046 0.323 -0.892 -0.014 0.452 -0.888 -0.012 0.459 -0.35 -0.001 0.937 -0.227 -0.007 0.974 0.628 -0.07 0.775 0.675 -0.08 0.734 0.837 -0.113 0.535 -0.793 -0.495 0.356 -0.755 -0.436 0.489 -0.753 -0.433 0.495 -0.267 -0.118 0.956 -0.182 -0.071 0.981 0.576 0.304 0.759 0.609 0.316 0.728 0.764 0.365 0.532 -0.568 -0.776 0.275 -0.592 -0.727 0.348 -0.593 -0.724 0.352 -0.456 -0.45 0.768 -0.402 -0.38 0.833 0.234 0.265 0.935 0.356 0.363 0.861 0.617 0.561 0.552 -0.291 -0.902 0.32 -0.264 -0.871 0.413 -0.265 -0.873 0.41 -0.171 -0.42 0.891 -0.182 -0.481 0.857 0.019 0.571 0.821 0.007 0.504 0.864 0.079 0.854 0.514 0.846 -0.347 0.405 0.796 -0.342 0.5 0.794 -0.342 0.502 0.327 -0.157 0.932 0.285 -0.138 0.949 -0.585 0.273 0.764 -0.613 0.288 0.736 -0.81 0.397 0.433 -0.937 -0.158 0.31 -0.898 -0.109 0.427 -0.894 -0.105 0.436 -0.42 -0.037 0.907 -0.256 -0.029 0.966 0.597 -0.032 0.802 0.673 -0.043 0.738 0.845 -0.073 0.53 -0.929 -0.154 0.336 -0.863 -0.159 0.48 -0.866 -0.159 0.474 -0.21 -0.001 0.978 -0.3 -0.025 0.954 0.644 0.231 0.729 0.613 0.22 0.759 0.797 0.283 0.534 -0.863 -0.381 0.332 -0.83 -0.379 0.409 -0.457 -0.293 0.84 -0.455 -0.293 0.841 0.522 0.083 0.849 0.523 0.084 0.848 0.84 0.257 0.477 0.669 0.608 0.427 0.654 0.513 0.555 0.652 0.504 0.567 0.24 0.071 0.968 0.086 -0.049 0.995 -0.561 -0.447 0.697 -0.615 -0.461 0.64 -0.741 -0.484 0.466 -0.318 -0.883 0.344 -0.242 -0.84 0.486 -0.248 -0.844 0.476 0.026 -0.175 0.984 -0.019 -0.331 0.943 0.173 0.673 0.719 0.176 0.616 0.768 0.16 0.824 0.543 -0.895 -0.19 0.404 -0.843 -0.185 0.505 -0.842 -0.185 0.506 -0.304 -0.155 0.94 -0.273 -0.152 0.95 0.677 -0.014 0.736 0.695 -0.01 0.719 0.903 0.042 0.427 0.858 -0.425 0.289 0.802 -0.416 0.429 0.8 -0.416 0.432 0.271 -0.189 0.944 0.238 -0.173 0.956 -0.559 0.254 0.79 -0.57 0.261 0.779 -0.726 0.362 0.585 0.805 -0.514 0.298 0.755 -0.475 0.452 0.757 -0.476 0.448 0.173 -0.169 0.97 0.229 -0.199 0.953 -0.603 0.25 0.757 -0.584 0.241 0.775 -0.749 0.325 0.578 0.973 -0.011 0.23 0.949 -0.039 0.313 0.948 -0.04 0.315 0.611 -0.099 0.785 0.564 -0.101 0.82 -0.415 -0.046 0.908 -0.481 -0.036 0.876 -0.812 0.028 0.584 -0.729 0.452 0.514 -0.657 0.402 0.638 -0.087 0.006 0.996 -0.076 -0.002 0.997 0.639 -0.466 0.613 0.642 -0.468 0.608 0.759 -0.538 0.367 0.141 0.891 0.432 0.16 0.835 0.527 0.16 0.833 0.529 0.135 0.31 0.941 0.129 0.256 0.958 -0.06 -0.662 0.748 -0.07 -0.694 0.716 -0.149 -0.895 0.421 -0.799 0.448 0.401 -0.79 0.396 0.467 -0.791 0.398 0.465 -0.471 0.163 0.867 -0.531 0.197 0.824 0.544 -0.238 0.804 0.407 -0.198 0.892 0.853 -0.315 0.416 0.324 -0.88 0.347 0.306 -0.848 0.433 0.145 -0.482 0.864 0.144 -0.481 0.865 -0.193 0.394 0.899 -0.194 0.396 0.898 -0.318 0.762 0.564 -0.672 0.597 0.437 -0.587 0.563 0.582 -0.578 0.559 0.595 -0.2 0.129 0.971 -0.096 -0.007 0.995 0.319 -0.577 0.752 0.344 -0.63 0.696 0.403 -0.755 0.517 0.819 -0.316 0.478 0.743 -0.253 0.62 0.749 -0.258 0.61 0.02 -0.056 0.998 0.169 -0.089 0.982 -0.75 0.084 0.656 -0.698 0.083 0.711 -0.885 0.087 0.458 0.11 -0.915 0.389 0.088 -0.862 0.5 0.088 -0.861 0.501 0.001 -0.346 0.938 -0.002 -0.318 0.948 -0.083 0.554 0.828 -0.083 0.575 0.814 -0.09 0.83 0.55 0.397 0.793 0.462 0.361 0.717 0.597 0.36 0.715 0.599 0.043 0.161 0.986 0.026 0.131 0.991 -0.374 -0.581 0.723 -0.38 -0.592 0.71 -0.463 -0.737 0.493 0.479 0.737 0.476 0.411 0.667 0.621 0.413 0.67 0.617 0.02 0.073 0.997 0.051 0.124 0.991 -0.369 -0.623 0.69 -0.361 -0.605 0.709 -0.428 -0.76 0.49 -0.003 0.934 0.357 0.012 0.894 0.448 0.013 0.893 0.45 -0.01 0.485 0.875 -0.014 0.436 0.9 -0.1 -0.448 0.889 -0.107 -0.508 0.855 -0.139 -0.827 0.545 -0.542 -0.737 0.403 -0.504 -0.672 0.543 -0.504 -0.671 0.544 -0.15 -0.159 0.976 -0.143 -0.149 0.978 0.367 0.534 0.761 0.37 0.538 0.757 0.487 0.682 0.545 -0.94 0.078 0.332 -0.894 0.088 0.44 -0.892 0.088 0.443 -0.421 0.036 0.906 -0.372 0.029 0.928 0.512 -0.106 0.852 0.55 -0.113 0.828 0.807 -0.16 0.568 -0.528 -0.801 0.28 -0.486 -0.797 0.36 -0.488 -0.797 0.356 -0.294 -0.5 0.815 -0.323 -0.556 0.766 0.117 0.421 0.899 0.063 0.287 0.956 0.267 0.771 0.578 0.482 0.766 0.426 0.457 0.676 0.578 0.455 0.671 0.586 0.104 0.137 0.985 0.041 0.052 0.998 -0.435 -0.543 0.718 -0.457 -0.564 0.688 -0.555 -0.653 0.515 -0.88 -0.269 0.393 -0.824 -0.277 0.494 -0.826 -0.277 0.491 -0.298 -0.106 0.949 -0.367 -0.133 0.921 0.58 0.266 0.77 0.528 0.24 0.814 0.791 0.374 0.485 -0.209 -0.9 0.382 -0.189 -0.851 0.489 -0.189 -0.852 0.489 -0.045 -0.327 0.944 -0.048 -0.338 0.94 0.164 0.599 0.784 0.162 0.591 0.79 0.206 0.84 0.503 0.313 0.845 0.434 0.32 0.748 0.582 0.32 0.737 0.595 0.083 0.178 0.981 -0.002 0.02 1 -0.373 -0.593 0.714 -0.407 -0.628 0.664 -0.495 -0.712 0.498 0.862 -0.423 0.281 0.856 -0.371 0.36 0.857 -0.373 0.356 0.524 -0.178 0.833 0.598 -0.209 0.773 -0.471 0.117 0.874 -0.319 0.084 0.944 -0.806 0.188 0.562 -0.86 0.154 0.486 -0.758 0.166 0.631 -0.75 0.167 0.64 -0.117 0.024 0.993 0.012 -0.014 1 0.695 -0.247 0.676 0.726 -0.265 0.635 0.828 -0.327 0.456 0.61 0.686 0.396 0.576 0.618 0.535 0.574 0.615 0.54 0.167 0.163 0.972 0.117 0.112 0.987 -0.476 -0.461 0.749 -0.496 -0.477 0.726 -0.624 -0.577 0.527 0.951 -0.116 0.288 0.917 -0.139 0.373 0.916 -0.14 0.376 0.57 -0.096 0.816 0.506 -0.083 0.859 -0.379 0.137 0.915 -0.472 0.165 0.866 -0.787 0.256 0.561 -0.8 -0.395 0.452 -0.736 -0.347 0.581 -0.734 -0.345 0.585 -0.169 -0.093 0.981 -0.1 -0.065 0.993 0.662 0.233 0.713 0.687 0.241 0.685 0.837 0.286 0.466 -0.903 -0.228 0.363 -0.874 -0.193 0.446 -0.873 -0.191 0.449 -0.492 -0.09 0.866 -0.427 -0.078 0.901 0.482 0.045 0.875 0.568 0.052 0.821 0.864 0.073 0.498 -0.755 0.484 0.442 -0.726 0.417 0.547 -0.728 0.421 0.541 -0.2 0.089 0.976 -0.315 0.149 0.937 0.635 -0.27 0.724 0.553 -0.246 0.797 0.829 -0.321 0.458 0.494 0.732 0.469 0.487 0.64 0.594 0.486 0.633 0.603 0.18 0.152 0.972 0.097 0.047 0.994 -0.409 -0.494 0.767 -0.455 -0.528 0.717 -0.593 -0.62 0.514 -0.788 0.352 0.505 -0.707 0.289 0.645 -0.711 0.291 0.64 -0.034 -0.011 0.999 -0.114 0.021 0.993 0.71 -0.264 0.653 0.684 -0.258 0.682 0.845 -0.288 0.45 0.016 0.868 0.496 0.051 0.782 0.622 0.053 0.776 0.628 0.046 0.184 0.982 0.036 0.074 0.997 -0.078 -0.664 0.744 -0.092 -0.708 0.7 -0.148 -0.861 0.487 -0.444 0.738 0.508 -0.378 0.672 0.637 -0.375 0.668 0.643 -0.067 0.123 0.99 -0.026 0.042 0.999 0.293 -0.646 0.705 0.303 -0.677 0.671 0.347 -0.819 0.456 -0.726 0.563 0.394 -0.674 0.569 0.472 -0.671 0.569 0.476 -0.381 0.35 0.856 -0.314 0.285 0.906 0.268 -0.346 0.899 0.356 -0.458 0.815 0.541 -0.692 0.478 -0.856 0.32 0.406 -0.822 0.28 0.497 -0.823 0.281 0.494 -0.359 0.082 0.93 -0.418 0.103 0.902 0.567 -0.182 0.803 0.503 -0.168 0.848 0.842 -0.232 0.487 -0.407 -0.841 0.357 -0.39 -0.794 0.466 -0.39 -0.793 0.469 -0.137 -0.384 0.913 -0.116 -0.35 0.93 0.323 0.392 0.861 0.341 0.422 0.84 0.476 0.663 0.577 -0.102 0.87 0.483 -0.048 0.8 0.598 -0.044 0.794 0.606 0.016 0.253 0.967 0.016 0.103 0.995 -0.036 -0.639 0.769 -0.055 -0.709 0.703 -0.106 -0.872 0.478 -0.096 0.855 0.509 -0.099 0.757 0.646 -0.099 0.762 0.64 0.04 0.059 0.997 0.022 0.141 0.99 0.219 -0.704 0.676 0.21 -0.674 0.708 0.265 -0.847 0.461 -0.16 -0.948 0.275 -0.148 -0.923 0.354 -0.035 -0.586 0.809 -0.035 -0.585 0.81 0.177 0.43 0.885 0.177 0.432 0.885 0.219 0.814 0.538 -0.144 0.867 0.476 -0.081 0.793 0.604 -0.074 0.785 0.615 0.037 0.181 0.983 0.05 -0.013 0.999 0.035 -0.748 0.662 0.02 -0.799 0.602 -0.022 -0.908 0.419 0.528 -0.778 0.341 0.527 -0.694 0.491 0.528 -0.701 0.48 0.117 -0.129 0.985 0.217 -0.246 0.945 -0.47 0.471 0.746 -0.423 0.438 0.793 -0.6 0.561 0.57 -0.33 -0.879 0.343 -0.31 -0.838 0.448 -0.31 -0.838 0.45 -0.067 -0.391 0.918 -0.053 -0.364 0.93 0.337 0.516 0.787 0.344 0.535 0.772 0.423 0.758 0.497 0.789 0.492 0.368 0.744 0.437 0.506 0.743 0.436 0.509 0.255 0.071 0.964 0.225 0.051 0.973 -0.521 -0.387 0.761 -0.533 -0.393 0.749 -0.697 -0.465 0.546 0.836 0.399 0.377 0.767 0.365 0.528 0.769 0.366 0.524 0.189 -0.002 0.982 0.242 0.03 0.97 -0.542 -0.425 0.725 -0.524 -0.415 0.744 -0.678 -0.503 0.536 0.509 0.805 0.305 0.516 0.764 0.388 0.516 0.762 0.39 0.367 0.413 0.833 0.343 0.37 0.863 -0.208 -0.426 0.88 -0.249 -0.474 0.844 -0.466 -0.708 0.531 -0.775 -0.417 0.475 -0.695 -0.387 0.605 -0.695 -0.387 0.606 -0.081 -0.128 0.988 -0.07 -0.123 0.99 0.687 0.257 0.68 0.691 0.259 0.675 0.828 0.341 0.445 -0.665 0.592 0.455 -0.609 0.568 0.554 -0.608 0.567 0.556 -0.203 0.223 0.954 -0.164 0.187 0.969 0.466 -0.45 0.762 0.489 -0.476 0.731 0.628 -0.646 0.435 -0.807 -0.474 0.352 -0.759 -0.497 0.421 -0.761 -0.496 0.418 -0.403 -0.362 0.841 -0.461 -0.394 0.795 0.442 0.283 0.851 0.335 0.183 0.924 0.687 0.534 0.493 0.5 0.724 0.476 0.483 0.618 0.62 0.481 0.612 0.628 0.15 0.048 0.987 0.089 -0.036 0.995 -0.4 -0.597 0.696 -0.423 -0.615 0.666 -0.534 -0.69 0.49 -0.868 -0.291 0.402 -0.81 -0.309 0.499 -0.812 -0.308 0.495 -0.262 -0.186 0.947 -0.335 -0.21 0.919 0.631 0.194 0.751 0.581 0.165 0.797 0.826 0.32 0.464 -0.159 -0.934 0.32 -0.134 -0.892 0.432 -0.135 -0.892 0.431 0.016 -0.401 0.916 0.013 -0.412 0.911 0.181 0.52 0.834 0.18 0.512 0.84 0.203 0.791 0.578 0.315 0.805 0.503 0.334 0.691 0.641 0.335 0.679 0.653 0.126 0.088 0.988 0.046 -0.067 0.997 -0.332 -0.648 0.686 -0.369 -0.678 0.635 -0.469 -0.75 0.467 0.896 -0.405 0.183 0.893 -0.365 0.263 0.893 -0.367 0.259 0.593 -0.237 0.769 0.665 -0.26 0.7 -0.454 0.034 0.891 -0.293 -0.002 0.956 -0.796 0.123 0.592 -0.85 0.096 0.518 -0.748 0.097 0.657 -0.74 0.097 0.666 -0.077 -0.064 0.995 0.062 -0.101 0.993 0.755 -0.284 0.591 0.783 -0.296 0.547 0.871 -0.334 0.361 0.636 0.643 0.427 0.608 0.562 0.561 0.606 0.559 0.566 0.216 0.075 0.974 0.166 0.024 0.986 -0.444 -0.516 0.732 -0.465 -0.53 0.709 -0.605 -0.612 0.509 0.97 -0.124 0.212 0.944 -0.152 0.292 0.943 -0.153 0.295 0.635 -0.157 0.757 0.572 -0.149 0.807 -0.359 0.051 0.932 -0.457 0.08 0.886 -0.781 0.186 0.596 -0.788 -0.42 0.45 -0.72 -0.385 0.578 -0.717 -0.383 0.582 -0.126 -0.176 0.976 -0.054 -0.15 0.987 0.711 0.166 0.683 0.735 0.176 0.655 0.87 0.236 0.432 -0.892 -0.249 0.377 -0.86 -0.223 0.458 -0.859 -0.222 0.461 -0.468 -0.164 0.869 -0.399 -0.155 0.904 0.543 -0.028 0.839 0.628 -0.017 0.778 0.899 0.032 0.437 -0.912 -0.062 0.406 -0.871 -0.059 0.488 -0.448 -0.029 0.894 -0.447 -0.029 0.894 0.509 0.034 0.86 0.511 0.034 0.859 0.868 0.057 0.492 0.816 0.426 0.39 0.768 0.353 0.534 0.762 0.346 0.547 0.26 0.111 0.959 0.097 0.053 0.994 -0.601 -0.156 0.784 -0.662 -0.162 0.732 -0.809 -0.173 0.562 -0.535 -0.683 0.497 -0.438 -0.635 0.636 -0.446 -0.639 0.627 0.013 -0.039 0.999 -0.067 -0.164 0.984 0.371 0.645 0.668 0.356 0.595 0.72 0.404 0.783 0.473 -0.88 0.136 0.454 -0.817 0.137 0.56 -0.816 0.137 0.561 -0.268 0.061 0.961 -0.239 0.056 0.969 0.624 -0.107 0.774 0.643 -0.111 0.758 0.866 -0.165 0.472 0.693 -0.604 0.392 0.639 -0.553 0.535 0.637 -0.552 0.537 0.217 -0.119 0.969 0.194 -0.096 0.976 -0.401 0.479 0.781 -0.411 0.488 0.77 -0.547 0.616 0.567 0.617 -0.669 0.413 0.578 -0.589 0.565 0.58 -0.591 0.561 0.139 -0.074 0.988 0.179 -0.116 0.977 -0.446 0.487 0.751 -0.429 0.474 0.769 -0.579 0.588 0.564 0.925 -0.264 0.273 0.891 -0.27 0.365 0.89 -0.271 0.368 0.54 -0.156 0.827 0.496 -0.14 0.857 -0.34 0.182 0.923 -0.398 0.206 0.894 -0.719 0.333 0.61 -0.532 0.696 0.482 -0.467 0.635 0.615 -0.466 0.635 0.616 -0.036 0.145 0.989 -0.028 0.137 0.99 0.47 -0.515 0.717 0.472 -0.519 0.713 0.566 -0.664 0.488 0.406 0.846 0.347 0.407 0.792 0.454 0.407 0.791 0.457 0.234 0.342 0.91 0.214 0.299 0.93 -0.202 -0.471 0.859 -0.223 -0.504 0.835 -0.373 -0.724 0.58 -0.609 0.706 0.361 -0.61 0.66 0.439 -0.61 0.662 0.436 -0.338 0.378 0.862 -0.388 0.422 0.82 0.442 -0.256 0.86 0.332 -0.171 0.928 0.715 -0.479 0.509 0.231 -0.841 0.488 0.186 -0.745 0.64 0.184 -0.739 0.648 0.061 -0.122 0.991 0.046 -0.028 0.999 -0.052 0.676 0.735 -0.052 0.706 0.706 -0.055 0.847 0.529 0.44 0.819 0.368 0.398 0.784 0.476 0.4 0.786 0.472 0.164 0.299 0.94 0.192 0.364 0.911 -0.181 -0.548 0.817 -0.161 -0.492 0.856 -0.268 -0.791 0.549 -0.502 0.758 0.417 -0.47 0.706 0.53 -0.47 0.707 0.529 -0.156 0.254 0.955 -0.162 0.263 0.951 0.338 -0.459 0.822 0.334 -0.453 0.827 0.487 -0.675 0.554 0.415 -0.767 0.489 0.337 -0.691 0.639 0.329 -0.683 0.652 0.102 -0.132 0.986 0.053 0.02 0.998 -0.131 0.663 0.737 -0.135 0.713 0.688 -0.143 0.843 0.518 -0.873 -0.352 0.336 -0.828 -0.376 0.416 -0.83 -0.375 0.412 -0.44 -0.236 0.866 -0.515 -0.272 0.813 0.429 0.286 0.857 0.306 0.201 0.931 0.7 0.476 0.533 0.712 0.535 0.454 0.653 0.456 0.604 0.648 0.45 0.614 0.132 0.097 0.986 0.021 0.03 0.999 -0.612 -0.321 0.723 -0.648 -0.335 0.685 -0.772 -0.378 0.512 0.078 -0.885 0.46 0.058 -0.798 0.6 0.057 -0.794 0.605 0.036 -0.183 0.982 0.035 -0.117 0.993 0.037 0.65 0.759 0.038 0.676 0.736 0.05 0.843 0.535 -0.72 -0.601 0.346 -0.708 -0.559 0.431 -0.708 -0.557 0.434 -0.416 -0.317 0.852 -0.361 -0.278 0.89 0.381 0.211 0.9 0.462 0.259 0.848 0.733 0.422 0.533 0.299 0.847 0.438 0.292 0.767 0.572 0.291 0.763 0.577 0.088 0.202 0.975 0.061 0.138 0.989 -0.262 -0.589 0.764 -0.276 -0.614 0.739 -0.362 -0.767 0.53 0.484 0.809 0.335 0.488 0.764 0.421 0.488 0.762 0.424 0.303 0.426 0.852 0.268 0.373 0.888 -0.258 -0.336 0.906 -0.315 -0.404 0.859 -0.522 -0.646 0.557 0.926 0.154 0.345 0.892 0.15 0.427 0.501 0.102 0.859 0.5 0.102 0.86 -0.478 -0.047 0.877 -0.48 -0.047 0.876 -0.846 -0.113 0.52 -0.765 -0.479 0.429 -0.72 -0.4 0.567 -0.715 -0.392 0.58 -0.211 -0.101 0.972 -0.046 -0.026 0.999 0.636 0.238 0.734 0.693 0.247 0.677 0.826 0.262 0.5 0.506 0.745 0.435 0.421 0.698 0.579 0.428 0.702 0.569 0.033 0.076 0.997 0.105 0.211 0.972 -0.29 -0.658 0.694 -0.277 -0.606 0.746 -0.32 -0.802 0.505 0.915 -0.043 0.401 0.861 -0.046 0.507 0.86 -0.046 0.509 0.33 -0.002 0.944 0.301 0.001 0.954 -0.61 0.083 0.788 -0.629 0.085 0.772 -0.863 0.107 0.493 -0.731 0.558 0.393 -0.668 0.52 0.533 -0.666 0.519 0.535 -0.187 0.14 0.972 -0.16 0.118 0.98 0.489 -0.42 0.764 0.499 -0.429 0.753 0.633 -0.548 0.547 -0.66 0.631 0.409 -0.609 0.562 0.56 -0.611 0.564 0.555 -0.101 0.101 0.99 -0.147 0.14 0.979 0.533 -0.425 0.731 0.516 -0.413 0.75 0.663 -0.517 0.541 -0.935 0.192 0.297 -0.899 0.206 0.386 -0.898 0.206 0.388 -0.527 0.142 0.838 -0.48 0.131 0.868 0.412 -0.121 0.903 0.471 -0.141 0.871 0.784 -0.248 0.57 0.62 -0.632 0.466 0.558 -0.574 0.599 0.557 -0.574 0.6 0.099 -0.109 0.989 0.091 -0.1 0.991 -0.489 0.507 0.71 -0.492 0.51 0.706 -0.606 0.635 0.48 -0.321 -0.866 0.384 -0.322 -0.811 0.488 -0.322 -0.81 0.49 -0.167 -0.336 0.927 -0.149 -0.289 0.946 0.209 0.529 0.823 0.226 0.562 0.796 0.345 0.779 0.523 0.69 -0.637 0.344 0.692 -0.589 0.419 0.692 -0.591 0.416 0.423 -0.322 0.847 0.474 -0.363 0.802 -0.434 0.254 0.864 -0.312 0.181 0.933 -0.739 0.436 0.513 -0.951 -0.03 0.309 -0.921 -0.022 0.389 -0.551 0.028 0.834 -0.55 0.028 0.835 0.465 0.084 0.881 0.467 0.084 0.88 0.845 0.079 0.528 0.794 0.461 0.397 0.742 0.398 0.539 0.736 0.392 0.552 0.195 0.181 0.964 0.017 0.121 0.993 -0.693 -0.114 0.712 -0.747 -0.122 0.653 -0.87 -0.141 0.473 -0.58 -0.674 0.458 -0.501 -0.626 0.598 -0.508 -0.63 0.588 -0.076 0.019 0.997 -0.162 -0.122 0.979 0.328 0.72 0.611 0.311 0.676 0.669 0.371 0.833 0.411 -0.922 0.181 0.343 -0.873 0.189 0.449 -0.873 0.189 0.45 -0.371 0.131 0.92 -0.341 0.126 0.932 0.586 -0.079 0.806 0.606 -0.084 0.791 0.838 -0.159 0.521 0.648 -0.613 0.451 0.591 -0.559 0.582 0.59 -0.558 0.584 0.146 -0.077 0.986 0.12 -0.049 0.992 -0.473 0.566 0.675 -0.481 0.575 0.662 -0.585 0.682 0.439 0.569 -0.676 0.468 0.528 -0.593 0.608 0.529 -0.596 0.604 0.061 -0.024 0.998 0.104 -0.072 0.992 -0.514 0.572 0.64 -0.5 0.56 0.661 -0.618 0.654 0.436 0.9 -0.272 0.341 0.862 -0.274 0.426 0.861 -0.274 0.428 0.495 -0.129 0.859 0.449 -0.109 0.887 -0.438 0.263 0.86 -0.495 0.287 0.82 -0.775 0.397 0.491 -0.556 0.753 0.352 -0.511 0.707 0.489 -0.511 0.707 0.49 -0.125 0.226 0.966 -0.117 0.216 0.969 0.415 -0.516 0.75 0.417 -0.52 0.746 0.515 -0.67 0.534 0.378 0.879 0.289 0.374 0.84 0.394 0.374 0.839 0.396 0.173 0.433 0.885 0.149 0.387 0.91 -0.29 -0.459 0.84 -0.308 -0.493 0.814 -0.428 -0.716 0.551 -0.618 0.751 0.234 -0.63 0.713 0.31 -0.629 0.714 0.307 -0.423 0.469 0.775 -0.467 0.511 0.722 0.389 -0.236 0.891 0.27 -0.138 0.953 0.672 -0.484 0.56 -0.121 0.945 0.305 -0.124 0.914 0.386 -0.124 0.54 0.833 -0.124 0.539 0.833 -0.03 -0.461 0.887 -0.03 -0.463 0.886 0.037 -0.84 0.541 0.42 -0.777 0.469 0.335 -0.726 0.601 0.327 -0.72 0.612 0.037 -0.191 0.981 -0.033 -0.018 0.999 -0.249 0.677 0.693 -0.251 0.732 0.634 -0.247 0.857 0.453 -0.75 0.553 0.363 -0.719 0.473 0.51 -0.722 0.479 0.5 -0.134 0.069 0.989 -0.269 0.147 0.952 0.617 -0.303 0.727 0.562 -0.287 0.776 0.764 -0.342 0.547 0.077 0.925 0.372 0.071 0.875 0.478 0.071 0.875 0.48 -0.031 0.364 0.931 -0.036 0.335 0.941 -0.167 -0.589 0.791 -0.169 -0.608 0.775 -0.19 -0.846 0.499 -0.631 -0.684 0.365 -0.599 -0.622 0.504 -0.598 -0.621 0.507 -0.212 -0.153 0.965 -0.188 -0.127 0.974 0.418 0.492 0.764 0.428 0.501 0.752 0.564 0.617 0.549 -0.7 -0.608 0.373 -0.64 -0.561 0.526 -0.642 -0.563 0.521 -0.168 -0.067 0.984 -0.211 -0.112 0.971 0.427 0.534 0.73 0.412 0.519 0.749 0.536 0.648 0.541 -0.269 -0.915 0.302 -0.286 -0.876 0.387 -0.286 -0.875 0.39 -0.227 -0.5 0.836 -0.214 -0.453 0.865 0.099 0.438 0.893 0.125 0.496 0.859 0.269 0.789 0.553 0.65 0.594 0.474 0.584 0.543 0.604 0.584 0.542 0.605 0.063 0.126 0.99 0.054 0.118 0.992 -0.589 -0.442 0.677 -0.592 -0.445 0.672 -0.706 -0.554 0.442 0.832 -0.348 0.431 0.774 -0.345 0.53 0.773 -0.345 0.532 0.286 -0.158 0.945 0.238 -0.137 0.962 -0.578 0.263 0.772 -0.609 0.281 0.742 -0.799 0.398 0.451 0.664 0.658 0.354 0.614 0.666 0.424 0.616 0.666 0.421 0.31 0.435 0.845 0.357 0.482 0.8 -0.338 -0.4 0.852 -0.26 -0.279 0.925 -0.518 -0.699 0.493 -0.253 -0.897 0.363 -0.247 -0.865 0.438 -0.247 -0.864 0.438 -0.162 -0.486 0.859 -0.162 -0.485 0.86 0.117 0.549 0.828 0.118 0.551 0.826 0.22 0.874 0.434 -0.127 0.936 0.329 -0.083 0.879 0.469 -0.079 0.873 0.482 -0.052 0.318 0.947 -0.055 0.12 0.991 -0.088 -0.669 0.738 -0.1 -0.724 0.682 -0.129 -0.849 0.512 0.431 -0.762 0.484 0.422 -0.661 0.62 0.423 -0.669 0.611 0.006 -0.005 1 0.103 -0.136 0.985 -0.512 0.603 0.612 -0.474 0.573 0.668 -0.614 0.673 0.413 -0.421 -0.813 0.402 -0.411 -0.762 0.501 -0.411 -0.761 0.502 -0.192 -0.274 0.942 -0.178 -0.245 0.953 0.293 0.612 0.734 0.303 0.628 0.716 0.42 0.802 0.424 0.778 0.503 0.376 0.718 0.47 0.513 0.717 0.47 0.515 0.163 0.191 0.968 0.13 0.173 0.976 -0.628 -0.265 0.732 -0.639 -0.271 0.719 -0.781 -0.361 0.509 0.819 0.409 0.402 0.735 0.4 0.547 0.738 0.401 0.543 0.088 0.121 0.989 0.146 0.15 0.978 -0.647 -0.307 0.698 -0.631 -0.295 0.718 -0.764 -0.401 0.506 0.526 0.815 0.243 0.523 0.787 0.328 0.523 0.786 0.331 0.313 0.514 0.799 0.282 0.477 0.832 -0.333 -0.306 0.892 -0.373 -0.357 0.856 -0.565 -0.616 0.549 -0.847 -0.318 0.426 -0.782 -0.276 0.559 -0.196 0.006 0.981 -0.184 0.011 0.983 0.636 0.318 0.703 0.641 0.319 0.698 0.802 0.362 0.476 -0.663 0.69 0.29 -0.621 0.678 0.395 -0.619 0.677 0.397 -0.288 0.368 0.884 -0.253 0.332 0.909 0.356 -0.381 0.853 0.38 -0.413 0.828 0.532 -0.625 0.571 -0.867 -0.389 0.311 -0.829 -0.405 0.385 -0.831 -0.405 0.382 -0.518 -0.236 0.822 -0.573 -0.271 0.773 0.378 0.382 0.844 0.256 0.296 0.92 0.669 0.568 0.481 -0.825 0.321 0.464 -0.731 0.303 0.612 -0.724 0.302 0.62 -0.122 0.028 0.992 -0.025 -0.02 0.999 0.643 -0.369 0.672 0.665 -0.384 0.641 0.763 -0.454 0.46 0.444 -0.827 0.344 0.445 -0.775 0.449 0.445 -0.777 0.446 0.19 -0.313 0.93 0.228 -0.374 0.899 -0.342 0.47 0.814 -0.304 0.422 0.854 -0.5 0.672 0.546 0.937 -0.095 0.337 0.891 -0.089 0.445 0.892 -0.089 0.444 0.37 -0.047 0.928 0.382 -0.048 0.923 -0.601 0.034 0.798 -0.593 0.033 0.804 -0.85 0.056 0.524 -0.873 0.155 0.462 -0.777 0.168 0.607 -0.766 0.169 0.62 -0.16 0.004 0.987 0.015 -0.055 0.998 0.68 -0.303 0.668 0.718 -0.327 0.615 0.808 -0.388 0.443 0.312 0.889 0.335 0.26 0.87 0.419 0.263 0.871 0.415 0.125 0.477 0.87 0.143 0.557 0.818 -0.011 -0.507 0.862 0 -0.359 0.933 -0.04 -0.839 0.542 0.003 -0.887 0.462 -0.023 -0.789 0.613 -0.024 -0.782 0.623 0.03 -0.163 0.986 0.047 -0.038 0.998 0.165 0.664 0.729 0.177 0.701 0.691 0.221 0.827 0.517 -0.774 0.453 0.442 -0.697 0.425 0.578 -0.694 0.423 0.582 -0.159 0.085 0.984 -0.098 0.044 0.994 0.57 -0.421 0.706 0.589 -0.436 0.681 0.703 -0.53 0.473 -0.031 0.934 0.357 0.002 0.897 0.442 0.004 0.895 0.446 0.032 0.51 0.859 0.031 0.444 0.896 -0.045 -0.423 0.905 -0.06 -0.514 0.856 -0.115 -0.83 0.545 0.557 -0.728 0.401 0.5 -0.68 0.536 0.498 -0.678 0.541 0.157 -0.196 0.968 0.117 -0.136 0.984 -0.325 0.556 0.765 -0.339 0.581 0.74 -0.421 0.735 0.532 0.406 -0.858 0.315 0.367 -0.838 0.403 0.365 -0.837 0.406 0.205 -0.497 0.843 0.183 -0.437 0.881 -0.096 0.401 0.911 -0.119 0.487 0.865 -0.206 0.797 0.568 0.49 0.805 0.334 0.472 0.775 0.42 0.267 0.441 0.857 0.266 0.44 0.858 -0.229 -0.369 0.901 -0.23 -0.37 0.9 -0.432 -0.701 0.567 -0.07 -0.887 0.456 -0.102 -0.796 0.597 -0.105 -0.786 0.609 -0.012 -0.21 0.978 0.031 -0.041 0.999 0.236 0.636 0.735 0.264 0.686 0.678 0.333 0.801 0.497 -0.278 0.859 0.431 -0.286 0.767 0.574 -0.285 0.775 0.565 -0.003 0.084 0.996 -0.071 0.225 0.972 0.38 -0.63 0.677 0.348 -0.588 0.73 0.466 -0.74 0.485 0.65 0.655 0.385 0.618 0.61 0.496 0.618 0.609 0.497 0.246 0.244 0.938 0.226 0.225 0.948 -0.426 -0.378 0.822 -0.441 -0.392 0.808 -0.63 -0.558 0.541 -0.894 -0.143 0.425 -0.818 -0.122 0.562 -0.817 -0.122 0.564 -0.194 -0.031 0.98 -0.159 -0.026 0.987 0.676 0.074 0.733 0.689 0.075 0.721 0.857 0.088 0.507 -0.899 -0.043 0.436 -0.811 -0.052 0.583 -0.814 -0.052 0.579 -0.108 0.005 0.994 -0.169 -0.002 0.986 0.707 0.102 0.7 0.687 0.098 0.72 0.854 0.13 0.503 -0.758 -0.555 0.344 -0.739 -0.516 0.433 -0.739 -0.515 0.435 -0.418 -0.275 0.866 -0.377 -0.249 0.892 0.394 0.222 0.892 0.448 0.251 0.858 0.731 0.406 0.549 0.906 0.022 0.422 0.83 0.018 0.558 0.829 0.018 0.559 0.19 0.007 0.982 0.178 0.007 0.984 -0.686 -0.003 0.727 -0.691 -0.003 0.723 -0.864 -0.002 0.503 0.51 -0.78 0.363 0.471 -0.748 0.467 0.47 -0.747 0.47 0.207 -0.334 0.92 0.181 -0.29 0.94 -0.27 0.506 0.819 -0.286 0.54 0.792 -0.397 0.758 0.518 0.951 0.067 0.302 0.92 0.101 0.378 0.922 0.1 0.375 0.56 0.093 0.823 0.623 0.101 0.775 -0.448 -0.132 0.884 -0.308 -0.093 0.947 -0.804 -0.231 0.548 0.702 -0.672 0.235 0.685 -0.653 0.322 0.449 -0.403 0.798 0.448 -0.402 0.798 -0.229 0.265 0.937 -0.231 0.266 0.936 -0.536 0.552 0.639 -0.794 0.271 0.544 -0.687 0.271 0.674 -0.676 0.27 0.686 -0.11 0.018 0.994 0.045 -0.066 0.997 0.627 -0.418 0.657 0.664 -0.453 0.595 0.743 -0.536 0.401 0.932 0.019 0.361 0.856 0.044 0.516 0.862 0.042 0.505 0.171 -0.066 0.983 0.316 -0.038 0.948 -0.626 -0.233 0.744 -0.571 -0.216 0.792 -0.777 -0.281 0.564 0.539 -0.789 0.296 0.513 -0.754 0.411 0.512 -0.753 0.412 0.274 -0.338 0.9 0.26 -0.315 0.913 -0.211 0.455 0.865 -0.222 0.473 0.853 -0.369 0.703 0.608 0.063 0.877 0.476 0.082 0.789 0.609 0.082 0.787 0.611 0.094 0.143 0.985 0.093 0.108 0.99 0.016 -0.7 0.714 0.014 -0.712 0.702 -0.024 -0.875 0.484 0.164 0.862 0.48 0.152 0.765 0.626 0.152 0.768 0.622 0.113 0.052 0.992 0.118 0.112 0.987 0.035 -0.735 0.677 0.036 -0.716 0.697 0.017 -0.88 0.474 -0.362 0.833 0.418 -0.321 0.803 0.502 -0.32 0.802 0.504 -0.11 0.42 0.901 -0.09 0.374 0.923 0.222 -0.47 0.854 0.238 -0.526 0.816 0.308 -0.818 0.486 -0.107 -0.908 0.405 -0.083 -0.834 0.545 -0.083 -0.834 0.546 0.062 -0.227 0.972 0.064 -0.216 0.974 0.19 0.622 0.76 0.19 0.626 0.756 0.204 0.814 0.544 -0.841 -0.309 0.443 -0.788 -0.283 0.547 -0.786 -0.283 0.549 -0.275 -0.154 0.949 -0.226 -0.141 0.964 0.615 0.084 0.784 0.649 0.093 0.755 0.87 0.158 0.467 -0.081 -0.958 0.275 -0.035 -0.936 0.349 -0.037 -0.937 0.346 0.064 -0.595 0.801 0.056 -0.656 0.752 0.034 0.413 0.91 0.052 0.267 0.962 -0.028 0.798 0.601 -0.941 0.126 0.315 -0.909 0.124 0.398 -0.532 0.086 0.842 -0.531 0.086 0.843 0.451 -0.039 0.891 0.453 -0.04 0.891 0.832 -0.096 0.546 0.848 0.315 0.427 0.784 0.253 0.567 0.776 0.246 0.58 0.209 0.104 0.973 0.028 0.072 0.997 -0.697 -0.029 0.716 -0.752 -0.025 0.658 -0.879 -0.013 0.477 -0.675 -0.603 0.425 -0.592 -0.574 0.565 -0.599 -0.577 0.555 -0.079 -0.016 0.997 -0.185 -0.143 0.972 0.431 0.638 0.638 0.406 0.595 0.694 0.49 0.75 0.444 -0.87 0.338 0.359 -0.82 0.332 0.467 -0.819 0.332 0.468 -0.339 0.154 0.928 -0.312 0.143 0.939 0.54 -0.224 0.811 0.559 -0.233 0.796 0.779 -0.341 0.526 0.5 -0.757 0.422 0.453 -0.698 0.554 0.452 -0.697 0.557 0.114 -0.151 0.982 0.095 -0.119 0.988 -0.353 0.624 0.697 -0.359 0.635 0.685 -0.435 0.77 0.466 0.41 -0.803 0.433 0.386 -0.72 0.576 0.387 -0.723 0.572 0.043 -0.083 0.996 0.076 -0.14 0.987 -0.391 0.639 0.663 -0.38 0.623 0.683 -0.472 0.75 0.463 0.821 -0.461 0.337 0.781 -0.46 0.423 0.78 -0.46 0.425 0.441 -0.261 0.859 0.4 -0.234 0.886 -0.38 0.304 0.874 -0.429 0.34 0.837 -0.679 0.523 0.514 -0.392 0.837 0.381 -0.36 0.777 0.516 -0.36 0.777 0.517 -0.088 0.204 0.975 -0.082 0.193 0.978 0.291 -0.629 0.72 0.293 -0.633 0.716 0.36 -0.789 0.498 0.506 0.8 0.324 0.495 0.757 0.426 0.494 0.756 0.429 0.232 0.365 0.901 0.202 0.322 0.925 -0.365 -0.454 0.813 -0.388 -0.483 0.785 -0.535 -0.673 0.511 -0.45 0.853 0.265 -0.47 0.815 0.339 -0.469 0.817 0.336 -0.325 0.513 0.795 -0.358 0.566 0.743 0.318 -0.351 0.881 0.222 -0.234 0.946 0.548 -0.639 0.54 -0.024 -0.944 0.33 0.021 -0.899 0.438 0.018 -0.902 0.432 0.014 -0.329 0.944 0.026 -0.458 0.888 -0.138 0.629 0.765 -0.114 0.541 0.833 -0.197 0.835 0.514 -0.919 -0.046 0.392 -0.856 -0.015 0.516 -0.851 -0.013 0.525 -0.286 -0.033 0.958 -0.131 -0.046 0.99 0.692 -0.133 0.71 0.742 -0.145 0.654 0.877 -0.179 0.447 0.121 -0.909 0.398 0.133 -0.827 0.546 0.132 -0.831 0.54 0.01 -0.127 0.992 0.029 -0.215 0.976 -0.188 0.693 0.697 -0.178 0.666 0.724 -0.238 0.83 0.505 -0.787 -0.486 0.381 -0.746 -0.434 0.506 -0.743 -0.43 0.513 -0.235 -0.17 0.957 -0.119 -0.116 0.986 0.655 0.234 0.718 0.698 0.248 0.672 0.837 0.294 0.461 -0.441 -0.81 0.386 -0.425 -0.742 0.518 -0.424 -0.739 0.524 -0.104 -0.234 0.967 -0.048 -0.151 0.987 0.432 0.54 0.722 0.453 0.566 0.688 0.549 0.681 0.484 -0.116 -0.953 0.28 -0.153 -0.922 0.357 -0.155 -0.92 0.36 -0.13 -0.617 0.776 -0.11 -0.531 0.84 0.161 0.346 0.924 0.218 0.49 0.844 0.329 0.786 0.524 0.194 -0.934 0.3 0.212 -0.895 0.392 0.211 -0.897 0.389 0.121 -0.456 0.882 0.137 -0.516 0.846 -0.187 0.515 0.837 -0.162 0.449 0.878 -0.292 0.792 0.537 0.942 0.094 0.323 0.904 0.074 0.421 0.903 0.074 0.423 0.445 0.015 0.896 0.4 0.012 0.917 -0.588 -0.038 0.808 -0.622 -0.038 0.782 -0.867 -0.034 0.497 -0.729 -0.58 0.364 -0.708 -0.52 0.478 -0.706 -0.515 0.487 -0.284 -0.234 0.93 -0.136 -0.15 0.979 0.612 0.254 0.749 0.679 0.279 0.679 0.824 0.333 0.458 -0.722 -0.572 0.389 -0.65 -0.548 0.526 -0.654 -0.549 0.521 -0.107 -0.103 0.989 -0.178 -0.167 0.97 0.524 0.508 0.683 0.504 0.484 0.715 0.616 0.624 0.48 -0.946 -0.185 0.266 -0.921 -0.183 0.345 -0.577 -0.139 0.805 -0.576 -0.139 0.806 0.457 0.044 0.888 0.459 0.045 0.887 0.833 0.127 0.539 0.745 0.488 0.456 0.699 0.409 0.586 0.694 0.401 0.598 0.169 0.091 0.981 -0.009 0.006 1 -0.698 -0.276 0.661 -0.749 -0.283 0.599 -0.861 -0.294 0.416 -0.527 -0.767 0.365 -0.454 -0.729 0.512 -0.46 -0.732 0.502 -0.093 -0.104 0.99 -0.165 -0.247 0.955 0.251 0.666 0.703 0.237 0.613 0.754 0.286 0.806 0.519 -0.946 0.007 0.324 -0.904 0.009 0.428 -0.903 0.009 0.43 -0.409 -0.029 0.912 -0.378 -0.031 0.925 0.599 -0.083 0.797 0.619 -0.084 0.781 0.856 -0.091 0.509 0.739 -0.543 0.399 0.672 -0.514 0.533 0.671 -0.513 0.536 0.148 -0.163 0.976 0.118 -0.141 0.983 -0.566 0.397 0.722 -0.576 0.406 0.71 -0.695 0.519 0.497 0.669 -0.62 0.409 0.613 -0.561 0.556 0.615 -0.563 0.552 0.053 -0.125 0.991 0.104 -0.165 0.981 -0.609 0.4 0.685 -0.593 0.389 0.705 -0.724 0.487 0.488 0.931 -0.167 0.323 0.895 -0.184 0.405 0.894 -0.185 0.407 0.513 -0.149 0.845 0.463 -0.14 0.875 -0.493 0.092 0.865 -0.552 0.112 0.826 -0.84 0.211 0.5 -0.677 0.604 0.421 -0.624 0.55 0.555 -0.168 0.089 0.982 -0.159 0.08 0.984 0.485 -0.519 0.704 0.488 -0.522 0.7 0.613 -0.63 0.476 0.291 0.868 0.402 0.289 0.815 0.502 0.289 0.814 0.504 0.118 0.336 0.935 0.098 0.286 0.953 -0.258 -0.571 0.78 -0.273 -0.603 0.75 -0.37 -0.806 0.461 -0.737 0.605 0.3 -0.744 0.557 0.37 -0.743 0.559 0.367 -0.503 0.3 0.81 -0.553 0.34 0.761 0.419 -0.269 0.867 0.285 -0.2 0.938 0.742 -0.426 0.518 -0.281 0.896 0.343 -0.312 0.838 0.449 -0.31 0.842 0.442 -0.14 0.287 0.948 -0.19 0.408 0.893 0.306 -0.577 0.757 0.255 -0.501 0.827 0.431 -0.748 0.505 0.848 0.311 0.43 0.793 0.258 0.552 0.788 0.254 0.56 0.232 0.092 0.968 0.083 0.059 0.995 -0.71 -0.095 0.698 -0.761 -0.096 0.641 -0.897 -0.099 0.43 -0.407 0.819 0.406 -0.396 0.734 0.551 -0.396 0.738 0.546 -0.074 0.095 0.993 -0.119 0.173 0.978 0.374 -0.62 0.69 0.356 -0.599 0.717 0.467 -0.731 0.497 0.58 0.698 0.419 0.554 0.631 0.543 0.552 0.627 0.55 0.142 0.208 0.968 0.05 0.122 0.991 -0.56 -0.438 0.703 -0.595 -0.464 0.656 -0.711 -0.548 0.44 0.147 0.899 0.413 0.15 0.825 0.545 0.15 0.821 0.551 -0.001 0.231 0.973 -0.028 0.135 0.99 -0.251 -0.663 0.705 -0.262 -0.694 0.67 -0.311 -0.831 0.462 -0.198 0.934 0.297 -0.156 0.914 0.374 -0.153 0.913 0.378 -0.092 0.608 0.789 -0.085 0.518 0.851 -0.064 -0.4 0.914 -0.069 -0.552 0.831 -0.072 -0.861 0.503 -0.479 0.823 0.307 -0.486 0.779 0.397 -0.486 0.78 0.394 -0.278 0.378 0.883 -0.31 0.431 0.847 0.314 -0.456 0.833 0.27 -0.402 0.875 0.505 -0.68 0.532 -0.874 -0.382 0.3 -0.845 -0.353 0.4 -0.845 -0.353 0.403 -0.433 -0.167 0.886 -0.392 -0.151 0.907 0.519 0.191 0.833 0.552 0.202 0.809 0.798 0.281 0.533 0.494 0.772 0.4 0.491 0.703 0.515 0.49 0.697 0.523 0.167 0.285 0.944 0.055 0.159 0.986 -0.514 -0.444 0.734 -0.568 -0.488 0.662 -0.686 -0.582 0.437 0.489 0.761 0.426 0.425 0.71 0.561 0.428 0.713 0.556 0.043 0.106 0.993 0.089 0.188 0.978 -0.348 -0.661 0.665 -0.337 -0.632 0.698 -0.393 -0.797 0.458 0.487 0.808 -0.332 0.435 0.784 -0.444 0.438 0.786 -0.437 0.208 0.256 -0.944 0.254 0.378 -0.89 -0.12 -0.647 -0.753 -0.094 -0.56 -0.823 -0.183 -0.847 -0.499 0.854 -0.407 -0.323 0.792 -0.409 -0.453 0.787 -0.409 -0.462 0.33 -0.142 -0.933 0.205 -0.06 -0.977 -0.487 0.411 -0.771 -0.53 0.448 -0.719 -0.649 0.552 -0.524 0.349 0.841 -0.412 0.311 0.768 -0.56 0.313 0.771 -0.554 0.121 0.076 -0.99 0.145 0.163 -0.976 -0.111 -0.723 -0.681 -0.105 -0.697 -0.71 -0.146 -0.862 -0.486 0.945 0.046 -0.323 0.892 0.014 -0.452 0.888 0.012 -0.459 0.35 0.001 -0.937 0.227 0.007 -0.974 -0.628 0.07 -0.775 -0.675 0.08 -0.734 -0.837 0.113 -0.535 0.793 0.495 -0.356 0.755 0.436 -0.489 0.753 0.433 -0.495 0.267 0.118 -0.956 0.182 0.071 -0.981 -0.576 -0.304 -0.759 -0.609 -0.316 -0.728 -0.764 -0.365 -0.532 0.568 0.776 -0.275 0.592 0.727 -0.348 0.593 0.724 -0.352 0.456 0.45 -0.768 0.402 0.38 -0.833 -0.234 -0.265 -0.935 -0.356 -0.363 -0.861 -0.617 -0.561 -0.552 0.291 0.902 -0.32 0.264 0.871 -0.413 0.265 0.873 -0.41 0.171 0.42 -0.891 0.182 0.481 -0.857 -0.019 -0.571 -0.821 -0.007 -0.504 -0.864 -0.079 -0.854 -0.514 -0.846 0.347 -0.405 -0.796 0.342 -0.5 -0.794 0.342 -0.502 -0.327 0.157 -0.932 -0.285 0.138 -0.949 0.585 -0.273 -0.764 0.613 -0.288 -0.736 0.81 -0.397 -0.433 0.937 0.158 -0.31 0.898 0.109 -0.427 0.894 0.105 -0.436 0.42 0.037 -0.907 0.256 0.029 -0.966 -0.597 0.032 -0.802 -0.673 0.043 -0.738 -0.845 0.073 -0.53 0.929 0.154 -0.336 0.863 0.159 -0.48 0.866 0.159 -0.474 0.21 0.001 -0.978 0.3 0.025 -0.954 -0.644 -0.231 -0.729 -0.613 -0.22 -0.759 -0.797 -0.283 -0.534 0.863 0.381 -0.332 0.83 0.379 -0.409 0.457 0.293 -0.84 0.455 0.293 -0.841 -0.522 -0.083 -0.849 -0.523 -0.084 -0.848 -0.84 -0.257 -0.477 -0.669 -0.608 -0.427 -0.654 -0.513 -0.555 -0.652 -0.504 -0.567 -0.24 -0.071 -0.968 -0.086 0.049 -0.995 0.561 0.447 -0.697 0.615 0.461 -0.64 0.741 0.484 -0.466 0.318 0.883 -0.344 0.242 0.84 -0.486 0.248 0.844 -0.476 -0.026 0.175 -0.984 0.019 0.331 -0.943 -0.173 -0.673 -0.719 -0.176 -0.616 -0.768 -0.16 -0.824 -0.543 0.895 0.19 -0.404 0.843 0.185 -0.505 0.842 0.185 -0.506 0.304 0.155 -0.94 0.273 0.152 -0.95 -0.677 0.014 -0.736 -0.695 0.01 -0.719 -0.903 -0.042 -0.427 -0.858 0.425 -0.289 -0.802 0.416 -0.429 -0.8 0.416 -0.432 -0.271 0.189 -0.944 -0.238 0.173 -0.956 0.559 -0.254 -0.79 0.57 -0.261 -0.779 0.726 -0.362 -0.585 -0.805 0.514 -0.298 -0.755 0.475 -0.452 -0.757 0.476 -0.448 -0.173 0.169 -0.97 -0.229 0.199 -0.953 0.603 -0.25 -0.757 0.584 -0.241 -0.775 0.749 -0.325 -0.578 -0.973 0.011 -0.23 -0.949 0.039 -0.313 -0.948 0.04 -0.315 -0.611 0.099 -0.785 -0.564 0.101 -0.82 0.415 0.046 -0.908 0.481 0.036 -0.876 0.812 -0.028 -0.584 0.729 -0.452 -0.514 0.657 -0.402 -0.638 0.087 -0.006 -0.996 0.076 0.002 -0.997 -0.639 0.466 -0.613 -0.642 0.468 -0.608 -0.759 0.538 -0.367 -0.141 -0.891 -0.432 -0.16 -0.835 -0.527 -0.16 -0.833 -0.529 -0.135 -0.31 -0.941 -0.129 -0.256 -0.958 0.06 0.662 -0.748 0.07 0.694 -0.716 0.149 0.895 -0.421 0.799 -0.448 -0.401 0.79 -0.396 -0.467 0.791 -0.398 -0.465 0.471 -0.163 -0.867 0.531 -0.197 -0.824 -0.544 0.238 -0.804 -0.407 0.198 -0.892 -0.853 0.315 -0.416 -0.324 0.88 -0.347 -0.306 0.848 -0.433 -0.145 0.482 -0.864 -0.144 0.481 -0.865 0.193 -0.394 -0.899 0.194 -0.396 -0.898 0.318 -0.762 -0.564 0.672 -0.597 -0.437 0.587 -0.563 -0.582 0.578 -0.559 -0.595 0.2 -0.129 -0.971 0.096 0.007 -0.995 -0.319 0.577 -0.752 -0.344 0.63 -0.696 -0.403 0.755 -0.517 -0.819 0.316 -0.478 -0.743 0.253 -0.62 -0.749 0.258 -0.61 -0.02 0.056 -0.998 -0.169 0.089 -0.982 0.75 -0.084 -0.656 0.698 -0.083 -0.711 0.885 -0.087 -0.458 -0.11 0.915 -0.389 -0.088 0.862 -0.5 -0.088 0.861 -0.501 -0.001 0.346 -0.938 0.002 0.318 -0.948 0.083 -0.554 -0.828 0.083 -0.575 -0.814 0.09 -0.83 -0.55 -0.397 -0.793 -0.462 -0.361 -0.717 -0.597 -0.36 -0.715 -0.599 -0.043 -0.161 -0.986 -0.026 -0.131 -0.991 0.374 0.581 -0.723 0.38 0.592 -0.71 0.463 0.737 -0.493 -0.479 -0.737 -0.476 -0.411 -0.667 -0.621 -0.413 -0.67 -0.617 -0.02 -0.073 -0.997 -0.051 -0.124 -0.991 0.369 0.623 -0.69 0.361 0.605 -0.709 0.428 0.76 -0.49 0.003 -0.934 -0.357 -0.012 -0.894 -0.448 -0.013 -0.893 -0.45 0.01 -0.485 -0.875 0.014 -0.436 -0.9 0.1 0.448 -0.889 0.107 0.508 -0.855 0.139 0.827 -0.545 0.542 0.737 -0.403 0.504 0.672 -0.543 0.504 0.671 -0.544 0.15 0.159 -0.976 0.143 0.149 -0.978 -0.367 -0.534 -0.761 -0.37 -0.538 -0.757 -0.487 -0.682 -0.545 0.94 -0.078 -0.332 0.894 -0.088 -0.44 0.892 -0.088 -0.443 0.421 -0.036 -0.906 0.372 -0.029 -0.928 -0.512 0.106 -0.852 -0.55 0.113 -0.828 -0.807 0.16 -0.568 0.528 0.801 -0.28 0.486 0.797 -0.36 0.488 0.797 -0.356 0.294 0.5 -0.815 0.323 0.556 -0.766 -0.117 -0.421 -0.899 -0.063 -0.287 -0.956 -0.267 -0.771 -0.578 -0.482 -0.766 -0.426 -0.457 -0.676 -0.578 -0.455 -0.671 -0.586 -0.104 -0.137 -0.985 -0.041 -0.052 -0.998 0.435 0.543 -0.718 0.457 0.564 -0.688 0.555 0.653 -0.515 0.88 0.269 -0.393 0.824 0.277 -0.494 0.826 0.277 -0.491 0.298 0.106 -0.949 0.367 0.133 -0.921 -0.58 -0.266 -0.77 -0.528 -0.24 -0.814 -0.791 -0.374 -0.485 0.209 0.9 -0.382 0.189 0.851 -0.489 0.189 0.852 -0.489 0.045 0.327 -0.944 0.048 0.338 -0.94 -0.164 -0.599 -0.784 -0.162 -0.591 -0.79 -0.206 -0.84 -0.503 -0.313 -0.845 -0.434 -0.32 -0.748 -0.582 -0.32 -0.737 -0.595 -0.083 -0.178 -0.981 0.002 -0.02 -1 0.373 0.593 -0.714 0.407 0.628 -0.664 0.495 0.712 -0.498 -0.862 0.423 -0.281 -0.856 0.371 -0.36 -0.857 0.373 -0.356 -0.524 0.178 -0.833 -0.598 0.209 -0.773 0.471 -0.117 -0.874 0.319 -0.084 -0.944 0.806 -0.188 -0.562 0.86 -0.154 -0.486 0.758 -0.166 -0.631 0.75 -0.167 -0.64 0.117 -0.024 -0.993 -0.012 0.014 -1 -0.695 0.247 -0.676 -0.726 0.265 -0.635 -0.828 0.327 -0.456 -0.61 -0.686 -0.396 -0.576 -0.618 -0.535 -0.574 -0.615 -0.54 -0.167 -0.163 -0.972 -0.117 -0.112 -0.987 0.476 0.461 -0.749 0.496 0.477 -0.726 0.624 0.577 -0.527 -0.951 0.116 -0.288 -0.917 0.139 -0.373 -0.916 0.14 -0.376 -0.57 0.096 -0.816 -0.506 0.083 -0.859 0.379 -0.137 -0.915 0.472 -0.165 -0.866 0.787 -0.256 -0.561 0.8 0.395 -0.452 0.736 0.347 -0.581 0.734 0.345 -0.585 0.169 0.093 -0.981 0.1 0.065 -0.993 -0.662 -0.233 -0.713 -0.687 -0.241 -0.685 -0.837 -0.286 -0.466 0.903 0.228 -0.363 0.874 0.193 -0.446 0.873 0.191 -0.449 0.492 0.09 -0.866 0.427 0.078 -0.901 -0.482 -0.045 -0.875 -0.568 -0.052 -0.821 -0.864 -0.073 -0.498 0.755 -0.484 -0.442 0.726 -0.417 -0.547 0.728 -0.421 -0.541 0.2 -0.089 -0.976 0.315 -0.149 -0.937 -0.635 0.27 -0.724 -0.553 0.246 -0.797 -0.829 0.321 -0.458 -0.494 -0.732 -0.469 -0.487 -0.64 -0.594 -0.486 -0.633 -0.603 -0.18 -0.152 -0.972 -0.097 -0.047 -0.994 0.409 0.494 -0.767 0.455 0.528 -0.717 0.593 0.62 -0.514 0.788 -0.352 -0.505 0.707 -0.289 -0.645 0.711 -0.291 -0.64 0.034 0.011 -0.999 0.114 -0.021 -0.993 -0.71 0.264 -0.653 -0.684 0.258 -0.682 -0.845 0.288 -0.45 -0.016 -0.868 -0.496 -0.051 -0.782 -0.622 -0.053 -0.776 -0.628 -0.046 -0.184 -0.982 -0.036 -0.074 -0.997 0.078 0.664 -0.744 0.092 0.708 -0.7 0.148 0.861 -0.487 0.444 -0.738 -0.508 0.378 -0.672 -0.637 0.375 -0.668 -0.643 0.067 -0.123 -0.99 0.026 -0.042 -0.999 -0.293 0.646 -0.705 -0.303 0.677 -0.671 -0.347 0.819 -0.456 0.726 -0.563 -0.394 0.674 -0.569 -0.472 0.671 -0.569 -0.476 0.381 -0.35 -0.856 0.314 -0.285 -0.906 -0.268 0.346 -0.899 -0.356 0.458 -0.815 -0.541 0.692 -0.478 0.856 -0.32 -0.406 0.822 -0.28 -0.497 0.823 -0.281 -0.494 0.359 -0.082 -0.93 0.418 -0.103 -0.902 -0.567 0.182 -0.803 -0.503 0.168 -0.848 -0.842 0.232 -0.487 0.407 0.841 -0.357 0.39 0.794 -0.466 0.39 0.793 -0.469 0.137 0.384 -0.913 0.116 0.35 -0.93 -0.323 -0.392 -0.861 -0.341 -0.422 -0.84 -0.476 -0.663 -0.577 0.102 -0.87 -0.483 0.048 -0.8 -0.598 0.044 -0.794 -0.606 -0.016 -0.253 -0.967 -0.016 -0.103 -0.995 0.036 0.639 -0.769 0.055 0.709 -0.703 0.106 0.872 -0.478 0.096 -0.855 -0.509 0.099 -0.757 -0.646 0.099 -0.762 -0.64 -0.04 -0.059 -0.997 -0.022 -0.141 -0.99 -0.219 0.704 -0.676 -0.21 0.674 -0.708 -0.265 0.847 -0.461 0.16 0.948 -0.275 0.148 0.923 -0.354 0.035 0.586 -0.809 0.035 0.585 -0.81 -0.177 -0.43 -0.885 -0.177 -0.432 -0.885 -0.219 -0.814 -0.538 0.144 -0.867 -0.476 0.081 -0.793 -0.604 0.074 -0.785 -0.615 -0.037 -0.181 -0.983 -0.05 0.013 -0.999 -0.035 0.748 -0.662 -0.02 0.799 -0.602 0.022 0.908 -0.419 -0.528 0.778 -0.341 -0.527 0.694 -0.491 -0.528 0.701 -0.48 -0.117 0.129 -0.985 -0.217 0.246 -0.945 0.47 -0.471 -0.746 0.423 -0.438 -0.793 0.6 -0.561 -0.57 0.33 0.879 -0.343 0.31 0.838 -0.448 0.31 0.838 -0.45 0.067 0.391 -0.918 0.053 0.364 -0.93 -0.337 -0.516 -0.787 -0.344 -0.535 -0.772 -0.423 -0.758 -0.497 -0.789 -0.492 -0.368 -0.744 -0.437 -0.506 -0.743 -0.436 -0.509 -0.255 -0.071 -0.964 -0.225 -0.051 -0.973 0.521 0.387 -0.761 0.533 0.393 -0.749 0.697 0.465 -0.546 -0.836 -0.399 -0.377 -0.767 -0.365 -0.528 -0.769 -0.366 -0.524 -0.189 0.002 -0.982 -0.242 -0.03 -0.97 0.542 0.425 -0.725 0.524 0.415 -0.744 0.678 0.503 -0.536 -0.509 -0.805 -0.305 -0.516 -0.764 -0.388 -0.516 -0.762 -0.39 -0.367 -0.413 -0.833 -0.343 -0.37 -0.863 0.208 0.426 -0.88 0.249 0.474 -0.844 0.466 0.708 -0.531 0.775 0.417 -0.475 0.695 0.387 -0.605 0.695 0.387 -0.606 0.081 0.128 -0.988 0.07 0.123 -0.99 -0.687 -0.257 -0.68 -0.691 -0.259 -0.675 -0.828 -0.341 -0.445 0.665 -0.592 -0.455 0.609 -0.568 -0.554 0.608 -0.567 -0.556 0.203 -0.223 -0.954 0.164 -0.187 -0.969 -0.466 0.45 -0.762 -0.489 0.476 -0.731 -0.628 0.646 -0.435 0.807 0.474 -0.352 0.759 0.497 -0.421 0.761 0.496 -0.418 0.403 0.362 -0.841 0.461 0.394 -0.795 -0.442 -0.283 -0.851 -0.335 -0.183 -0.924 -0.687 -0.534 -0.493 -0.5 -0.724 -0.476 -0.483 -0.618 -0.62 -0.481 -0.612 -0.628 -0.15 -0.048 -0.987 -0.089 0.036 -0.995 0.4 0.597 -0.696 0.423 0.615 -0.666 0.534 0.69 -0.49 0.868 0.291 -0.402 0.81 0.309 -0.499 0.812 0.308 -0.495 0.262 0.186 -0.947 0.335 0.21 -0.919 -0.631 -0.194 -0.751 -0.581 -0.165 -0.797 -0.826 -0.32 -0.464 0.159 0.934 -0.32 0.134 0.892 -0.432 0.135 0.892 -0.431 -0.016 0.401 -0.916 -0.013 0.412 -0.911 -0.181 -0.52 -0.834 -0.18 -0.512 -0.84 -0.203 -0.791 -0.578 -0.315 -0.805 -0.503 -0.334 -0.691 -0.641 -0.335 -0.679 -0.653 -0.126 -0.088 -0.988 -0.046 0.067 -0.997 0.332 0.648 -0.686 0.369 0.678 -0.635 0.469 0.75 -0.467 -0.896 0.405 -0.183 -0.893 0.365 -0.263 -0.893 0.367 -0.259 -0.593 0.237 -0.769 -0.665 0.26 -0.7 0.454 -0.034 -0.891 0.293 0.002 -0.956 0.796 -0.123 -0.592 0.85 -0.096 -0.518 0.748 -0.097 -0.657 0.74 -0.097 -0.666 0.077 0.064 -0.995 -0.062 0.101 -0.993 -0.755 0.284 -0.591 -0.783 0.296 -0.547 -0.871 0.334 -0.361 -0.636 -0.643 -0.427 -0.608 -0.562 -0.561 -0.606 -0.559 -0.566 -0.216 -0.075 -0.974 -0.166 -0.024 -0.986 0.444 0.516 -0.732 0.465 0.53 -0.709 0.605 0.612 -0.509 -0.97 0.124 -0.212 -0.944 0.152 -0.292 -0.943 0.153 -0.295 -0.635 0.157 -0.757 -0.572 0.149 -0.807 0.359 -0.051 -0.932 0.457 -0.08 -0.886 0.781 -0.186 -0.596 0.788 0.42 -0.45 0.72 0.385 -0.578 0.717 0.383 -0.582 0.126 0.176 -0.976 0.054 0.15 -0.987 -0.711 -0.166 -0.683 -0.735 -0.176 -0.655 -0.87 -0.236 -0.432 0.892 0.249 -0.377 0.86 0.223 -0.458 0.859 0.222 -0.461 0.468 0.164 -0.869 0.399 0.155 -0.904 -0.543 0.028 -0.839 -0.628 0.017 -0.778 -0.899 -0.032 -0.437 0.912 0.062 -0.406 0.871 0.059 -0.488 0.448 0.029 -0.894 0.447 0.029 -0.894 -0.509 -0.034 -0.86 -0.511 -0.034 -0.859 -0.868 -0.057 -0.492 -0.816 -0.426 -0.39 -0.768 -0.353 -0.534 -0.762 -0.346 -0.547 -0.26 -0.111 -0.959 -0.097 -0.053 -0.994 0.601 0.156 -0.784 0.662 0.162 -0.732 0.809 0.173 -0.562 0.535 0.683 -0.497 0.438 0.635 -0.636 0.446 0.639 -0.627 -0.013 0.039 -0.999 0.067 0.164 -0.984 -0.371 -0.645 -0.668 -0.356 -0.595 -0.72 -0.404 -0.783 -0.473 0.88 -0.136 -0.454 0.817 -0.137 -0.56 0.816 -0.137 -0.561 0.268 -0.061 -0.961 0.239 -0.056 -0.969 -0.624 0.107 -0.774 -0.643 0.111 -0.758 -0.866 0.165 -0.472 -0.693 0.604 -0.392 -0.639 0.553 -0.535 -0.637 0.552 -0.537 -0.217 0.119 -0.969 -0.194 0.096 -0.976 0.401 -0.479 -0.781 0.411 -0.488 -0.77 0.547 -0.616 -0.567 -0.617 0.669 -0.413 -0.578 0.589 -0.565 -0.58 0.591 -0.561 -0.139 0.074 -0.988 -0.179 0.116 -0.977 0.446 -0.487 -0.751 0.429 -0.474 -0.769 0.579 -0.588 -0.564 -0.925 0.264 -0.273 -0.891 0.27 -0.365 -0.89 0.271 -0.368 -0.54 0.156 -0.827 -0.496 0.14 -0.857 0.34 -0.182 -0.923 0.398 -0.206 -0.894 0.719 -0.333 -0.61 0.532 -0.696 -0.482 0.467 -0.635 -0.615 0.466 -0.635 -0.616 0.036 -0.145 -0.989 0.028 -0.137 -0.99 -0.47 0.515 -0.717 -0.472 0.519 -0.713 -0.566 0.664 -0.488 -0.406 -0.846 -0.347 -0.407 -0.792 -0.454 -0.407 -0.791 -0.457 -0.234 -0.342 -0.91 -0.214 -0.299 -0.93 0.202 0.471 -0.859 0.223 0.504 -0.835 0.373 0.724 -0.58 0.609 -0.706 -0.361 0.61 -0.66 -0.439 0.61 -0.662 -0.436 0.338 -0.378 -0.862 0.388 -0.422 -0.82 -0.442 0.256 -0.86 -0.332 0.171 -0.928 -0.715 0.479 -0.509 -0.231 0.841 -0.488 -0.186 0.745 -0.64 -0.184 0.739 -0.648 -0.061 0.122 -0.991 -0.046 0.028 -0.999 0.052 -0.676 -0.735 0.052 -0.706 -0.706 0.055 -0.847 -0.529 -0.44 -0.819 -0.368 -0.398 -0.784 -0.476 -0.4 -0.786 -0.472 -0.164 -0.299 -0.94 -0.192 -0.364 -0.911 0.181 0.548 -0.817 0.161 0.492 -0.856 0.268 0.791 -0.549 0.502 -0.758 -0.417 0.47 -0.706 -0.53 0.47 -0.707 -0.529 0.156 -0.254 -0.955 0.162 -0.263 -0.951 -0.338 0.459 -0.822 -0.334 0.453 -0.827 -0.487 0.675 -0.554 -0.415 0.767 -0.489 -0.337 0.691 -0.639 -0.329 0.683 -0.652 -0.102 0.132 -0.986 -0.053 -0.02 -0.998 0.131 -0.663 -0.737 0.135 -0.713 -0.688 0.143 -0.843 -0.518 0.873 0.352 -0.336 0.828 0.376 -0.416 0.83 0.375 -0.412 0.44 0.236 -0.866 0.515 0.272 -0.813 -0.429 -0.286 -0.857 -0.306 -0.201 -0.931 -0.7 -0.476 -0.533 -0.712 -0.535 -0.454 -0.653 -0.456 -0.604 -0.648 -0.45 -0.614 -0.132 -0.097 -0.986 -0.021 -0.03 -0.999 0.612 0.321 -0.723 0.648 0.335 -0.685 0.772 0.378 -0.512 -0.078 0.885 -0.46 -0.058 0.798 -0.6 -0.057 0.794 -0.605 -0.036 0.183 -0.982 -0.035 0.117 -0.993 -0.037 -0.65 -0.759 -0.038 -0.676 -0.736 -0.05 -0.843 -0.535 0.72 0.601 -0.346 0.708 0.559 -0.431 0.708 0.557 -0.434 0.416 0.317 -0.852 0.361 0.278 -0.89 -0.381 -0.211 -0.9 -0.462 -0.259 -0.848 -0.733 -0.422 -0.533 -0.299 -0.847 -0.438 -0.292 -0.767 -0.572 -0.291 -0.763 -0.577 -0.088 -0.202 -0.975 -0.061 -0.138 -0.989 0.262 0.589 -0.764 0.276 0.614 -0.739 0.362 0.767 -0.53 -0.484 -0.809 -0.335 -0.488 -0.764 -0.421 -0.488 -0.762 -0.424 -0.303 -0.426 -0.852 -0.268 -0.373 -0.888 0.258 0.336 -0.906 0.315 0.404 -0.859 0.522 0.646 -0.557 -0.926 -0.154 -0.345 -0.892 -0.15 -0.427 -0.501 -0.102 -0.859 -0.5 -0.102 -0.86 0.478 0.047 -0.877 0.48 0.047 -0.876 0.846 0.113 -0.52 0.765 0.479 -0.429 0.72 0.4 -0.567 0.715 0.392 -0.58 0.211 0.101 -0.972 0.046 0.026 -0.999 -0.636 -0.238 -0.734 -0.693 -0.247 -0.677 -0.826 -0.262 -0.5 -0.506 -0.745 -0.435 -0.421 -0.698 -0.579 -0.428 -0.702 -0.569 -0.033 -0.076 -0.997 -0.105 -0.211 -0.972 0.29 0.658 -0.694 0.277 0.606 -0.746 0.32 0.802 -0.505 -0.915 0.043 -0.401 -0.861 0.046 -0.507 -0.86 0.046 -0.509 -0.33 0.002 -0.944 -0.301 -0.001 -0.954 0.61 -0.083 -0.788 0.629 -0.085 -0.772 0.863 -0.107 -0.493 0.731 -0.558 -0.393 0.668 -0.52 -0.533 0.666 -0.519 -0.535 0.187 -0.14 -0.972 0.16 -0.118 -0.98 -0.489 0.42 -0.764 -0.499 0.429 -0.753 -0.633 0.548 -0.547 0.66 -0.631 -0.409 0.609 -0.562 -0.56 0.611 -0.564 -0.555 0.101 -0.101 -0.99 0.147 -0.14 -0.979 -0.533 0.425 -0.731 -0.516 0.413 -0.75 -0.663 0.517 -0.541 0.935 -0.192 -0.297 0.899 -0.206 -0.386 0.898 -0.206 -0.388 0.527 -0.142 -0.838 0.48 -0.131 -0.868 -0.412 0.121 -0.903 -0.471 0.141 -0.871 -0.784 0.248 -0.57 -0.62 0.632 -0.466 -0.558 0.574 -0.599 -0.557 0.574 -0.6 -0.099 0.109 -0.989 -0.091 0.1 -0.991 0.489 -0.507 -0.71 0.492 -0.51 -0.706 0.606 -0.635 -0.48 0.321 0.866 -0.384 0.322 0.811 -0.488 0.322 0.81 -0.49 0.167 0.336 -0.927 0.149 0.289 -0.946 -0.209 -0.529 -0.823 -0.226 -0.562 -0.796 -0.345 -0.779 -0.523 -0.69 0.637 -0.344 -0.692 0.589 -0.419 -0.692 0.591 -0.416 -0.423 0.322 -0.847 -0.474 0.363 -0.802 0.434 -0.254 -0.864 0.312 -0.181 -0.933 0.739 -0.436 -0.513 0.951 0.03 -0.309 0.921 0.022 -0.389 0.551 -0.028 -0.834 0.55 -0.028 -0.835 -0.465 -0.084 -0.881 -0.467 -0.084 -0.88 -0.845 -0.079 -0.528 -0.794 -0.461 -0.397 -0.742 -0.398 -0.539 -0.736 -0.392 -0.552 -0.195 -0.181 -0.964 -0.017 -0.121 -0.993 0.693 0.114 -0.712 0.747 0.122 -0.653 0.87 0.141 -0.473 0.58 0.674 -0.458 0.501 0.626 -0.598 0.508 0.63 -0.588 0.076 -0.019 -0.997 0.162 0.122 -0.979 -0.328 -0.72 -0.611 -0.311 -0.676 -0.669 -0.371 -0.833 -0.411 0.922 -0.181 -0.343 0.873 -0.189 -0.449 0.873 -0.189 -0.45 0.371 -0.131 -0.92 0.341 -0.126 -0.932 -0.586 0.079 -0.806 -0.606 0.084 -0.791 -0.838 0.159 -0.521 -0.648 0.613 -0.451 -0.591 0.559 -0.582 -0.59 0.558 -0.584 -0.146 0.077 -0.986 -0.12 0.049 -0.992 0.473 -0.566 -0.675 0.481 -0.575 -0.662 0.585 -0.682 -0.439 -0.569 0.676 -0.468 -0.528 0.593 -0.608 -0.529 0.596 -0.604 -0.061 0.024 -0.998 -0.104 0.072 -0.992 0.514 -0.572 -0.64 0.5 -0.56 -0.661 0.618 -0.654 -0.436 -0.9 0.272 -0.341 -0.862 0.274 -0.426 -0.861 0.274 -0.428 -0.495 0.129 -0.859 -0.449 0.109 -0.887 0.438 -0.263 -0.86 0.495 -0.287 -0.82 0.775 -0.397 -0.491 0.556 -0.753 -0.352 0.511 -0.707 -0.489 0.511 -0.707 -0.49 0.125 -0.226 -0.966 0.117 -0.216 -0.969 -0.415 0.516 -0.75 -0.417 0.52 -0.746 -0.515 0.67 -0.534 -0.378 -0.879 -0.289 -0.374 -0.84 -0.394 -0.374 -0.839 -0.396 -0.173 -0.433 -0.885 -0.149 -0.387 -0.91 0.29 0.459 -0.84 0.308 0.493 -0.814 0.428 0.716 -0.551 0.618 -0.751 -0.234 0.63 -0.713 -0.31 0.629 -0.714 -0.307 0.423 -0.469 -0.775 0.467 -0.511 -0.722 -0.389 0.236 -0.891 -0.27 0.138 -0.953 -0.672 0.484 -0.56 0.121 -0.945 -0.305 0.124 -0.914 -0.386 0.124 -0.54 -0.833 0.124 -0.539 -0.833 0.03 0.461 -0.887 0.03 0.463 -0.886 -0.037 0.84 -0.541 -0.42 0.777 -0.469 -0.335 0.726 -0.601 -0.327 0.72 -0.612 -0.037 0.191 -0.981 0.033 0.018 -0.999 0.249 -0.677 -0.693 0.251 -0.732 -0.634 0.247 -0.857 -0.453 0.75 -0.553 -0.363 0.719 -0.473 -0.51 0.722 -0.479 -0.5 0.134 -0.069 -0.989 0.269 -0.147 -0.952 -0.617 0.303 -0.727 -0.562 0.287 -0.776 -0.764 0.342 -0.547 -0.077 -0.925 -0.372 -0.071 -0.875 -0.478 -0.071 -0.875 -0.48 0.031 -0.364 -0.931 0.036 -0.335 -0.941 0.167 0.589 -0.791 0.169 0.608 -0.775 0.19 0.846 -0.499 0.631 0.684 -0.365 0.599 0.622 -0.504 0.598 0.621 -0.507 0.212 0.153 -0.965 0.188 0.127 -0.974 -0.418 -0.492 -0.764 -0.428 -0.501 -0.752 -0.564 -0.617 -0.549 0.7 0.608 -0.373 0.64 0.561 -0.526 0.642 0.563 -0.521 0.168 0.067 -0.984 0.211 0.112 -0.971 -0.427 -0.534 -0.73 -0.412 -0.519 -0.749 -0.536 -0.648 -0.541 0.269 0.915 -0.302 0.286 0.876 -0.387 0.286 0.875 -0.39 0.227 0.5 -0.836 0.214 0.453 -0.865 -0.099 -0.438 -0.893 -0.125 -0.496 -0.859 -0.269 -0.789 -0.553 -0.65 -0.594 -0.474 -0.584 -0.543 -0.604 -0.584 -0.542 -0.605 -0.063 -0.126 -0.99 -0.054 -0.118 -0.992 0.589 0.442 -0.677 0.592 0.445 -0.672 0.706 0.554 -0.442 -0.832 0.348 -0.431 -0.774 0.345 -0.53 -0.773 0.345 -0.532 -0.286 0.158 -0.945 -0.238 0.137 -0.962 0.578 -0.263 -0.772 0.609 -0.281 -0.742 0.799 -0.398 -0.451 -0.664 -0.658 -0.354 -0.614 -0.666 -0.424 -0.616 -0.666 -0.421 -0.31 -0.435 -0.845 -0.357 -0.482 -0.8 0.338 0.4 -0.852 0.26 0.279 -0.925 0.518 0.699 -0.493 0.253 0.897 -0.363 0.247 0.865 -0.438 0.247 0.864 -0.438 0.162 0.486 -0.859 0.162 0.485 -0.86 -0.117 -0.549 -0.828 -0.118 -0.551 -0.826 -0.22 -0.874 -0.434 0.127 -0.936 -0.329 0.083 -0.879 -0.469 0.079 -0.873 -0.482 0.052 -0.318 -0.947 0.055 -0.12 -0.991 0.088 0.669 -0.738 0.1 0.724 -0.682 0.129 0.849 -0.512 -0.431 0.762 -0.484 -0.422 0.661 -0.62 -0.423 0.669 -0.611 -0.006 0.005 -1 -0.103 0.136 -0.985 0.512 -0.603 -0.612 0.474 -0.573 -0.668 0.614 -0.673 -0.413 0.421 0.813 -0.402 0.411 0.762 -0.501 0.411 0.761 -0.502 0.192 0.274 -0.942 0.178 0.245 -0.953 -0.293 -0.612 -0.734 -0.303 -0.628 -0.716 -0.42 -0.802 -0.424 -0.778 -0.503 -0.376 -0.718 -0.47 -0.513 -0.717 -0.47 -0.515 -0.163 -0.191 -0.968 -0.13 -0.173 -0.976 0.628 0.265 -0.732 0.639 0.271 -0.719 0.781 0.361 -0.509 -0.819 -0.409 -0.402 -0.735 -0.4 -0.547 -0.738 -0.401 -0.543 -0.088 -0.121 -0.989 -0.146 -0.15 -0.978 0.647 0.307 -0.698 0.631 0.295 -0.718 0.764 0.401 -0.506 -0.526 -0.815 -0.243 -0.523 -0.787 -0.328 -0.523 -0.786 -0.331 -0.313 -0.514 -0.799 -0.282 -0.477 -0.832 0.333 0.306 -0.892 0.373 0.357 -0.856 0.565 0.616 -0.549 0.847 0.318 -0.426 0.782 0.276 -0.559 0.196 -0.006 -0.981 0.184 -0.011 -0.983 -0.636 -0.318 -0.703 -0.641 -0.319 -0.698 -0.802 -0.362 -0.476 0.663 -0.69 -0.29 0.621 -0.678 -0.395 0.619 -0.677 -0.397 0.288 -0.368 -0.884 0.253 -0.332 -0.909 -0.356 0.381 -0.853 -0.38 0.413 -0.828 -0.532 0.625 -0.571 0.867 0.389 -0.311 0.829 0.405 -0.385 0.831 0.405 -0.382 0.518 0.236 -0.822 0.573 0.271 -0.773 -0.378 -0.382 -0.844 -0.256 -0.296 -0.92 -0.669 -0.568 -0.481 0.825 -0.321 -0.464 0.731 -0.303 -0.612 0.724 -0.302 -0.62 0.122 -0.028 -0.992 0.025 0.02 -0.999 -0.643 0.369 -0.672 -0.665 0.384 -0.641 -0.763 0.454 -0.46 -0.444 0.827 -0.344 -0.445 0.775 -0.449 -0.445 0.777 -0.446 -0.19 0.313 -0.93 -0.228 0.374 -0.899 0.342 -0.47 -0.814 0.304 -0.422 -0.854 0.5 -0.672 -0.546 -0.937 0.095 -0.337 -0.891 0.089 -0.445 -0.892 0.089 -0.444 -0.37 0.047 -0.928 -0.382 0.048 -0.923 0.601 -0.034 -0.798 0.593 -0.033 -0.804 0.85 -0.056 -0.524 0.873 -0.155 -0.462 0.777 -0.168 -0.607 0.766 -0.169 -0.62 0.16 -0.004 -0.987 -0.015 0.055 -0.998 -0.68 0.303 -0.668 -0.718 0.327 -0.615 -0.808 0.388 -0.443 -0.312 -0.889 -0.335 -0.26 -0.87 -0.419 -0.263 -0.871 -0.415 -0.125 -0.477 -0.87 -0.143 -0.557 -0.818 0.011 0.507 -0.862 -0 0.359 -0.933 0.04 0.839 -0.542 -0.003 0.887 -0.462 0.023 0.789 -0.613 0.024 0.782 -0.623 -0.03 0.163 -0.986 -0.047 0.038 -0.998 -0.165 -0.664 -0.729 -0.177 -0.701 -0.691 -0.221 -0.827 -0.517 0.774 -0.453 -0.442 0.697 -0.425 -0.578 0.694 -0.423 -0.582 0.159 -0.085 -0.984 0.098 -0.044 -0.994 -0.57 0.421 -0.706 -0.589 0.436 -0.681 -0.703 0.53 -0.473 0.031 -0.934 -0.357 -0.002 -0.897 -0.442 -0.004 -0.895 -0.446 -0.032 -0.51 -0.859 -0.031 -0.444 -0.896 0.045 0.423 -0.905 0.06 0.514 -0.856 0.115 0.83 -0.545 -0.557 0.728 -0.401 -0.5 0.68 -0.536 -0.498 0.678 -0.541 -0.157 0.196 -0.968 -0.117 0.136 -0.984 0.325 -0.556 -0.765 0.339 -0.581 -0.74 0.421 -0.735 -0.532 -0.406 0.858 -0.315 -0.367 0.838 -0.403 -0.365 0.837 -0.406 -0.205 0.497 -0.843 -0.183 0.437 -0.881 0.096 -0.401 -0.911 0.119 -0.487 -0.865 0.206 -0.797 -0.568 -0.49 -0.805 -0.334 -0.472 -0.775 -0.42 -0.267 -0.441 -0.857 -0.266 -0.44 -0.858 0.229 0.369 -0.901 0.23 0.37 -0.9 0.432 0.701 -0.567 0.07 0.887 -0.456 0.102 0.796 -0.597 0.105 0.786 -0.609 0.012 0.21 -0.978 -0.031 0.041 -0.999 -0.236 -0.636 -0.735 -0.264 -0.686 -0.678 -0.333 -0.801 -0.497 0.278 -0.859 -0.431 0.286 -0.767 -0.574 0.285 -0.775 -0.565 0.003 -0.084 -0.996 0.071 -0.225 -0.972 -0.38 0.63 -0.677 -0.348 0.588 -0.73 -0.466 0.74 -0.485 -0.65 -0.655 -0.385 -0.618 -0.61 -0.496 -0.618 -0.609 -0.497 -0.246 -0.244 -0.938 -0.226 -0.225 -0.948 0.426 0.378 -0.822 0.441 0.392 -0.808 0.63 0.558 -0.541 0.894 0.143 -0.425 0.818 0.122 -0.562 0.817 0.122 -0.564 0.194 0.031 -0.98 0.159 0.026 -0.987 -0.676 -0.074 -0.733 -0.689 -0.075 -0.721 -0.857 -0.088 -0.507 0.899 0.043 -0.436 0.811 0.052 -0.583 0.814 0.052 -0.579 0.108 -0.005 -0.994 0.169 0.002 -0.986 -0.707 -0.102 -0.7 -0.687 -0.098 -0.72 -0.854 -0.13 -0.503 0.758 0.555 -0.344 0.739 0.516 -0.433 0.739 0.515 -0.435 0.418 0.275 -0.866 0.377 0.249 -0.892 -0.394 -0.222 -0.892 -0.448 -0.251 -0.858 -0.731 -0.406 -0.549 -0.906 -0.022 -0.422 -0.83 -0.018 -0.558 -0.829 -0.018 -0.559 -0.19 -0.007 -0.982 -0.178 -0.007 -0.984 0.686 0.003 -0.727 0.691 0.003 -0.723 0.864 0.002 -0.503 -0.51 0.78 -0.363 -0.471 0.748 -0.467 -0.47 0.747 -0.47 -0.207 0.334 -0.92 -0.181 0.29 -0.94 0.27 -0.506 -0.819 0.286 -0.54 -0.792 0.397 -0.758 -0.518 -0.951 -0.067 -0.302 -0.92 -0.101 -0.378 -0.922 -0.1 -0.375 -0.56 -0.093 -0.823 -0.623 -0.101 -0.775 0.448 0.132 -0.884 0.308 0.093 -0.947 0.804 0.231 -0.548 -0.702 0.672 -0.235 -0.685 0.653 -0.322 -0.449 0.403 -0.798 -0.448 0.402 -0.798 0.229 -0.265 -0.937 0.231 -0.266 -0.936 0.536 -0.552 -0.639 0.794 -0.271 -0.544 0.687 -0.271 -0.674 0.676 -0.27 -0.686 0.11 -0.018 -0.994 -0.045 0.066 -0.997 -0.627 0.418 -0.657 -0.664 0.453 -0.595 -0.743 0.536 -0.401 -0.932 -0.019 -0.361 -0.856 -0.044 -0.516 -0.862 -0.042 -0.505 -0.171 0.066 -0.983 -0.316 0.038 -0.948 0.626 0.233 -0.744 0.571 0.216 -0.792 0.777 0.281 -0.564 -0.539 0.789 -0.296 -0.513 0.754 -0.411 -0.512 0.753 -0.412 -0.274 0.338 -0.9 -0.26 0.315 -0.913 0.211 -0.455 -0.865 0.222 -0.473 -0.853 0.369 -0.703 -0.608 -0.063 -0.877 -0.476 -0.082 -0.789 -0.609 -0.082 -0.787 -0.611 -0.094 -0.143 -0.985 -0.093 -0.108 -0.99 -0.016 0.7 -0.714 -0.014 0.712 -0.702 0.024 0.875 -0.484 -0.164 -0.862 -0.48 -0.152 -0.765 -0.626 -0.152 -0.768 -0.622 -0.113 -0.052 -0.992 -0.118 -0.112 -0.987 -0.035 0.735 -0.677 -0.036 0.716 -0.697 -0.017 0.88 -0.474 0.362 -0.833 -0.418 0.321 -0.803 -0.502 0.32 -0.802 -0.504 0.11 -0.42 -0.901 0.09 -0.374 -0.923 -0.222 0.47 -0.854 -0.238 0.526 -0.816 -0.308 0.818 -0.486 0.107 0.908 -0.405 0.083 0.834 -0.545 0.083 0.834 -0.546 -0.062 0.227 -0.972 -0.064 0.216 -0.974 -0.19 -0.622 -0.76 -0.19 -0.626 -0.756 -0.204 -0.814 -0.544 0.841 0.309 -0.443 0.788 0.283 -0.547 0.786 0.283 -0.549 0.275 0.154 -0.949 0.226 0.141 -0.964 -0.615 -0.084 -0.784 -0.649 -0.093 -0.755 -0.87 -0.158 -0.467 0.081 0.958 -0.275 0.035 0.936 -0.349 0.037 0.937 -0.346 -0.064 0.595 -0.801 -0.056 0.656 -0.752 -0.034 -0.413 -0.91 -0.052 -0.267 -0.962 0.028 -0.798 -0.601 0.941 -0.126 -0.315 0.909 -0.124 -0.398 0.532 -0.086 -0.842 0.531 -0.086 -0.843 -0.451 0.039 -0.891 -0.453 0.04 -0.891 -0.832 0.096 -0.546 -0.848 -0.315 -0.427 -0.784 -0.253 -0.567 -0.776 -0.246 -0.58 -0.209 -0.104 -0.973 -0.028 -0.072 -0.997 0.697 0.029 -0.716 0.752 0.025 -0.658 0.879 0.013 -0.477 0.675 0.603 -0.425 0.592 0.574 -0.565 0.599 0.577 -0.555 0.079 0.016 -0.997 0.185 0.143 -0.972 -0.431 -0.638 -0.638 -0.406 -0.595 -0.694 -0.49 -0.75 -0.444 0.87 -0.338 -0.359 0.82 -0.332 -0.467 0.819 -0.332 -0.468 0.339 -0.154 -0.928 0.312 -0.143 -0.939 -0.54 0.224 -0.811 -0.559 0.233 -0.796 -0.779 0.341 -0.526 -0.5 0.757 -0.422 -0.453 0.698 -0.554 -0.452 0.697 -0.557 -0.114 0.151 -0.982 -0.095 0.119 -0.988 0.353 -0.624 -0.697 0.359 -0.635 -0.685 0.435 -0.77 -0.466 -0.41 0.803 -0.433 -0.386 0.72 -0.576 -0.387 0.723 -0.572 -0.043 0.083 -0.996 -0.076 0.14 -0.987 0.391 -0.639 -0.663 0.38 -0.623 -0.683 0.472 -0.75 -0.463 -0.821 0.461 -0.337 -0.781 0.46 -0.423 -0.78 0.46 -0.425 -0.441 0.261 -0.859 -0.4 0.234 -0.886 0.38 -0.304 -0.874 0.429 -0.34 -0.837 0.679 -0.523 -0.514 0.392 -0.837 -0.381 0.36 -0.777 -0.516 0.36 -0.777 -0.517 0.088 -0.204 -0.975 0.082 -0.193 -0.978 -0.291 0.629 -0.72 -0.293 0.633 -0.716 -0.36 0.789 -0.498 -0.506 -0.8 -0.324 -0.495 -0.757 -0.426 -0.494 -0.756 -0.429 -0.232 -0.365 -0.901 -0.202 -0.322 -0.925 0.365 0.454 -0.813 0.388 0.483 -0.785 0.535 0.673 -0.511 0.45 -0.853 -0.265 0.47 -0.815 -0.339 0.469 -0.817 -0.336 0.325 -0.513 -0.795 0.358 -0.566 -0.743 -0.318 0.351 -0.881 -0.222 0.234 -0.946 -0.548 0.639 -0.54 0.024 0.944 -0.33 -0.021 0.899 -0.438 -0.018 0.902 -0.432 -0.014 0.329 -0.944 -0.026 0.458 -0.888 0.138 -0.629 -0.765 0.114 -0.541 -0.833 0.197 -0.835 -0.514 0.919 0.046 -0.392 0.856 0.015 -0.516 0.851 0.013 -0.525 0.286 0.033 -0.958 0.131 0.046 -0.99 -0.692 0.133 -0.71 -0.742 0.145 -0.654 -0.877 0.179 -0.447 -0.121 0.909 -0.398 -0.133 0.827 -0.546 -0.132 0.831 -0.54 -0.01 0.127 -0.992 -0.029 0.215 -0.976 0.188 -0.693 -0.697 0.178 -0.666 -0.724 0.238 -0.83 -0.505 0.787 0.486 -0.381 0.746 0.434 -0.506 0.743 0.43 -0.513 0.235 0.17 -0.957 0.119 0.116 -0.986 -0.655 -0.234 -0.718 -0.698 -0.248 -0.672 -0.837 -0.294 -0.461 0.441 0.81 -0.386 0.425 0.742 -0.518 0.424 0.739 -0.524 0.104 0.234 -0.967 0.048 0.151 -0.987 -0.432 -0.54 -0.722 -0.453 -0.566 -0.688 -0.549 -0.681 -0.484 0.116 0.953 -0.28 0.153 0.922 -0.357 0.155 0.92 -0.36 0.13 0.617 -0.776 0.11 0.531 -0.84 -0.161 -0.346 -0.924 -0.218 -0.49 -0.844 -0.329 -0.786 -0.524 -0.194 0.934 -0.3 -0.212 0.895 -0.392 -0.211 0.897 -0.389 -0.121 0.456 -0.882 -0.137 0.516 -0.846 0.187 -0.515 -0.837 0.162 -0.449 -0.878 0.292 -0.792 -0.537 -0.942 -0.094 -0.323 -0.904 -0.074 -0.421 -0.903 -0.074 -0.423 -0.445 -0.015 -0.896 -0.4 -0.012 -0.917 0.588 0.038 -0.808 0.622 0.038 -0.782 0.867 0.034 -0.497 0.729 0.58 -0.364 0.708 0.52 -0.478 0.706 0.515 -0.487 0.284 0.234 -0.93 0.136 0.15 -0.979 -0.612 -0.254 -0.749 -0.679 -0.279 -0.679 -0.824 -0.333 -0.458 0.722 0.572 -0.389 0.65 0.548 -0.526 0.654 0.549 -0.521 0.107 0.103 -0.989 0.178 0.167 -0.97 -0.524 -0.508 -0.683 -0.504 -0.484 -0.715 -0.616 -0.624 -0.48 0.946 0.185 -0.266 0.921 0.183 -0.345 0.577 0.139 -0.805 0.576 0.139 -0.806 -0.457 -0.044 -0.888 -0.459 -0.045 -0.887 -0.833 -0.127 -0.539 -0.745 -0.488 -0.456 -0.699 -0.409 -0.586 -0.694 -0.401 -0.598 -0.169 -0.091 -0.981 0.009 -0.006 -1 0.698 0.276 -0.661 0.749 0.283 -0.599 0.861 0.294 -0.416 0.527 0.767 -0.365 0.454 0.729 -0.512 0.46 0.732 -0.502 0.093 0.104 -0.99 0.165 0.247 -0.955 -0.251 -0.666 -0.703 -0.237 -0.613 -0.754 -0.286 -0.806 -0.519 0.946 -0.007 -0.324 0.904 -0.009 -0.428 0.903 -0.009 -0.43 0.409 0.029 -0.912 0.378 0.031 -0.925 -0.599 0.083 -0.797 -0.619 0.084 -0.781 -0.856 0.091 -0.509 -0.739 0.543 -0.399 -0.672 0.514 -0.533 -0.671 0.513 -0.536 -0.148 0.163 -0.976 -0.118 0.141 -0.983 0.566 -0.397 -0.722 0.576 -0.406 -0.71 0.695 -0.519 -0.497 -0.669 0.62 -0.409 -0.613 0.561 -0.556 -0.615 0.563 -0.552 -0.053 0.125 -0.991 -0.104 0.165 -0.981 0.609 -0.4 -0.685 0.593 -0.389 -0.705 0.724 -0.487 -0.488 -0.931 0.167 -0.323 -0.895 0.184 -0.405 -0.894 0.185 -0.407 -0.513 0.149 -0.845 -0.463 0.14 -0.875 0.493 -0.092 -0.865 0.552 -0.112 -0.826 0.84 -0.211 -0.5 0.677 -0.604 -0.421 0.624 -0.55 -0.555 0.168 -0.089 -0.982 0.159 -0.08 -0.984 -0.485 0.519 -0.704 -0.488 0.522 -0.7 -0.613 0.63 -0.476 -0.291 -0.868 -0.402 -0.289 -0.815 -0.502 -0.289 -0.814 -0.504 -0.118 -0.336 -0.935 -0.098 -0.286 -0.953 0.258 0.571 -0.78 0.273 0.603 -0.75 0.37 0.806 -0.461 0.737 -0.605 -0.3 0.744 -0.557 -0.37 0.743 -0.559 -0.367 0.503 -0.3 -0.81 0.553 -0.34 -0.761 -0.419 0.269 -0.867 -0.285 0.2 -0.938 -0.742 0.426 -0.518 0.281 -0.896 -0.343 0.312 -0.838 -0.449 0.31 -0.842 -0.442 0.14 -0.287 -0.948 0.19 -0.408 -0.893 -0.306 0.577 -0.757 -0.255 0.501 -0.827 -0.431 0.748 -0.505 -0.848 -0.311 -0.43 -0.793 -0.258 -0.552 -0.788 -0.254 -0.56 -0.232 -0.092 -0.968 -0.083 -0.059 -0.995 0.71 0.095 -0.698 0.761 0.096 -0.641 0.897 0.099 -0.43 0.407 -0.819 -0.406 0.396 -0.734 -0.551 0.396 -0.738 -0.546 0.074 -0.095 -0.993 0.119 -0.173 -0.978 -0.374 0.62 -0.69 -0.356 0.599 -0.717 -0.467 0.731 -0.497 -0.58 -0.698 -0.419 -0.554 -0.631 -0.543 -0.552 -0.627 -0.55 -0.142 -0.208 -0.968 -0.05 -0.122 -0.991 0.56 0.438 -0.703 0.595 0.464 -0.656 0.711 0.548 -0.44 -0.147 -0.899 -0.413 -0.15 -0.825 -0.545 -0.15 -0.821 -0.551 0.001 -0.231 -0.973 0.028 -0.135 -0.99 0.251 0.663 -0.705 0.262 0.694 -0.67 0.311 0.831 -0.462 0.198 -0.934 -0.297 0.156 -0.914 -0.374 0.153 -0.913 -0.378 0.092 -0.608 -0.789 0.085 -0.518 -0.851 0.064 0.4 -0.914 0.069 0.552 -0.831 0.072 0.861 -0.503 0.479 -0.823 -0.307 0.486 -0.779 -0.397 0.486 -0.78 -0.394 0.278 -0.378 -0.883 0.31 -0.431 -0.847 -0.314 0.456 -0.833 -0.27 0.402 -0.875 -0.505 0.68 -0.532 0.874 0.382 -0.3 0.845 0.353 -0.4 0.845 0.353 -0.403 0.433 0.167 -0.886 0.392 0.151 -0.907 -0.519 -0.191 -0.833 -0.552 -0.202 -0.809 -0.798 -0.281 -0.533 -0.494 -0.772 -0.4 -0.491 -0.703 -0.515 -0.49 -0.697 -0.523 -0.167 -0.285 -0.944 -0.055 -0.159 -0.986 0.514 0.444 -0.734 0.568 0.488 -0.662 0.686 0.582 -0.437 -0.489 -0.761 -0.426 -0.425 -0.71 -0.561 -0.428 -0.713 -0.556 -0.043 -0.106 -0.993 -0.089 -0.188 -0.978 0.348 0.661 -0.665 0.337 0.632 -0.698 0.393 0.797 -0.458</float_array><technique_common><accessor source="#grass_-01+00_foliage-nrm-a" count="3172" stride="3"><param name="X" type="float"/><param name="Y" type="float"/><param name="Z" type="float"/></accessor></technique_common></source>
        <vertices id="grass_-01+00_foliage-vtx"><input semantic="POSITION" source="#grass_-01+00_foliage-pos"/></vertices>
        <triangles count="3200" material="MAT_WEED_GRASS-mat"><input semantic="VERTEX" source="#grass_-01+00_foliage-vtx" offset="0"/><input semantic="NORMAL" source="#grass_-01+00_foliage-nrm" offset="1"/><p>0 0 1 0 2 1 0 0 2 1 3 2 3 2 2 1 4 3 3 2 4 3 5 4 5 4 4 3 6 5 5 4 6 5 7 6 7 6 6 5 8 7 7 6 8 7 9 7 10 8 11 8 12 9 10 8 12 9 13 10 13 10 12 9 14 11 13 10 14 11 15 12 15 12 14 11 16 13 15 12 16 13 17 14 17 14 16 13 18 15 17 14 18 15 19 15 20 16 21 16 22 17 20 16 22 17 23 18 23 18 22 17 24 19 23 18 24 19 25 20 25 20 24 19 26 21 25 20 26 21 27 22 27 22 26 21 28 23 27 22 28 23 29 23 30 24 31 24 32 25 30 24 32 25 33 26 33 26 32 25 34 27 33 26 34 27 35 28 35 28 34 27 36 29 35 28 36 29 37 30 37 30 36 29 38 31 37 30 38 31 39 31 40 32 41 32 42 33 40 32 42 33 43 34 43 34 42 33 44 35 43 34 44 35 45 36 45 36 44 35 46 37 45 36 46 37 47 38 47 38 46 37 48 39 47 38 48 39 49 39 50 40 51 40 52 41 50 40 52 41 53 42 53 42 52 41 54 43 53 42 54 43 55 44 55 44 54 43 56 45 55 44 56 45 57 46 57 46 56 45 58 47 57 46 58 47 59 47 60 48 61 48 62 49 60 48 62 49 63 50 63 50 62 49 64 51 63 50 64 51 65 52 65 52 64 51 66 53 65 52 66 53 67 54 67 54 66 53 68 55 67 54 68 55 69 55 70 56 71 56 72 57 70 56 72 57 73 58 73 58 72 57 74 59 73 58 74 59 75 60 75 60 74 59 76 61 75 60 76 61 77 62 77 62 76 61 78 63 77 62 78 63 79 63 80 64 81 64 82 65 80 64 82 65 83 66 83 66 82 65 84 67 83 66 84 67 85 68 85 68 84 67 86 69 85 68 86 69 87 70 87 70 86 69 88 71 87 70 88 71 89 71 90 72 91 72 92 73 90 72 92 73 93 74 93 74 92 73 94 75 93 74 94 75 95 76 95 76 94 75 96 77 95 76 96 77 97 78 97 78 96 77 98 79 97 78 98 79 99 79 100 80 101 80 102 81 100 80 102 81 103 81 103 81 102 81 104 82 103 81 104 82 105 83 105 83 104 82 106 84 105 83 106 84 107 85 107 85 106 84 108 86 107 85 108 86 109 86 110 87 111 87 112 88 110 87 112 88 113 89 113 89 112 88 114 90 113 89 114 90 115 91 115 91 114 90 116 92 115 91 116 92 117 93 117 93 116 92 118 94 117 93 118 94 119 94 120 95 121 95 122 96 120 95 122 96 123 97 123 97 122 96 124 98 123 97 124 98 125 99 125 99 124 98 126 100 125 99 126 100 127 101 127 101 126 100 128 102 127 101 128 102 129 102 130 103 131 103 132 104 130 103 132 104 133 105 133 105 132 104 134 106 133 105 134 106 135 107 135 107 134 106 136 108 135 107 136 108 137 109 137 109 136 108 138 110 137 109 138 110 139 110 140 111 141 111 142 112 140 111 142 112 143 113 143 113 142 112 144 114 143 113 144 114 145 115 145 115 144 114 146 116 145 115 146 116 147 117 147 117 146 116 148 118 147 117 148 118 149 118 150 119 151 119 152 120 150 119 152 120 153 121 153 121 152 120 154 122 153 121 154 122 155 123 155 123 154 122 156 124 155 123 156 124 157 125 157 125 156 124 158 126 157 125 158 126 159 126 160 127 161 127 162 128 160 127 162 128 163 129 163 129 162 128 164 130 163 129 164 130 165 131 165 131 164 130 166 132 165 131 166 132 167 133 167 133 166 132 168 134 167 133 168 134 169 134 170 135 171 135 172 136 170 135 172 136 173 136 173 136 172 136 174 137 173 136 174 137 175 138 175 138 174 137 176 139 175 138 176 139 177 140 177 140 176 139 178 141 177 140 178 141 179 141 180 142 181 142 182 143 180 142 182 143 183 144 183 144 182 143 184 145 183 144 184 145 185 146 185 146 184 145 186 147 185 146 186 147 187 148 187 148 186 147 188 149 187 148 188 149 189 149 190 150 191 150 192 151 190 150 192 151 193 152 193 152 192 151 194 153 193 152 194 153 195 154 195 154 194 153 196 155 195 154 196 155 197 156 197 156 196 155 198 157 197 156 198 157 199 157 200 158 201 158 202 159 200 158 202 159 203 159 203 159 202 159 204 160 203 159 204 160 205 161 205 161 204 160 206 162 205 161 206 162 207 163 207 163 206 162 208 164 207 163 208 164 209 164 210 165 211 165 212 166 210 165 212 166 213 167 213 167 212 166 214 168 213 167 214 168 215 169 215 169 214 168 216 170 215 169 216 170 217 171 217 171 216 170 218 172 217 171 218 172 219 172 220 173 221 173 222 174 220 173 222 174 223 175 223 175 222 174 224 176 223 175 224 176 225 177 225 177 224 176 226 178 225 177 226 178 227 179 227 179 226 178 228 180 227 179 228 180 229 180 230 181 231 181 232 182 230 181 232 182 233 183 233 183 232 182 234 184 233 183 234 184 235 185 235 185 234 184 236 186 235 185 236 186 237 187 237 187 236 186 238 188 237 187 238 188 239 188 240 189 241 189 242 190 240 189 242 190 243 191 243 191 242 190 244 192 243 191 244 192 245 193 245 193 244 192 246 194 245 193 246 194 247 195 247 195 246 194 248 196 247 195 248 196 249 196 250 197 251 197 252 198 250 197 252 198 253 199 253 199 252 198 254 200 253 199 254 200 255 201 255 201 254 200 256 202 255 201 256 202 257 203 257 203 256 202 258 204 257 203 258 204 259 204 260 205 261 205 262 206 260 205 262 206 263 207 263 207 262 206 264 208 263 207 264 208 265 209 265 209 264 208 266 210 265 209 266 210 267 211 267 211 266 210 268 212 267 211 268 212 269 212 270 213 271 213 272 214 270 213 272 214 273 215 273 215 272 214 274 216 273 215 274 216 275 217 275 217 274 216 276 218 275 217 276 218 277 219 277 219 276 218 278 220 277 219 278 220 279 220 280 221 281 221 282 222 280 221 282 222 283 223 283 223 282 222 284 224 283 223 284 224 285 225 285 225 284 224 286 226 285 225 286 226 287 227 287 227 286 226 288 228 287 227 288 228 289 228 290 229 291 229 292 230 290 229 292 230 293 231 293 231 292 230 294 232 293 231 294 232 295 233 295 233 294 232 296 234 295 233 296 234 297 235 297 235 296 234 298 236 297 235 298 236 299 236 300 237 301 237 302 238 300 237 302 238 303 239 303 239 302 238 304 240 303 239 304 240 305 241 305 241 304 240 306 242 305 241 306 242 307 243 307 243 306 242 308 244 307 243 308 244 309 244 310 245 311 245 312 246 310 245 312 246 313 247 313 247 312 246 314 248 313 247 314 248 315 249 315 249 314 248 316 250 315 249 316 250 317 251 317 251 316 250 318 252 317 251 318 252 319 252 320 253 321 253 322 254 320 253 322 254 323 255 323 255 322 254 324 256 323 255 324 256 325 257 325 257 324 256 326 258 325 257 326 258 327 259 327 259 326 258 328 260 327 259 328 260 329 260 330 261 331 261 332 262 330 261 332 262 333 263 333 263 332 262 334 264 333 263 334 264 335 265 335 265 334 264 336 266 335 265 336 266 337 267 337 267 336 266 338 268 337 267 338 268 339 268 340 269 341 269 342 270 340 269 342 270 343 271 343 271 342 270 344 272 343 271 344 272 345 273 345 273 344 272 346 274 345 273 346 274 347 275 347 275 346 274 348 276 347 275 348 276 349 276 350 277 351 277 352 278 350 277 352 278 353 279 353 279 352 278 354 280 353 279 354 280 355 281 355 281 354 280 356 282 355 281 356 282 357 283 357 283 356 282 358 284 357 283 358 284 359 284 360 285 361 285 362 286 360 285 362 286 363 287 363 287 362 286 364 288 363 287 364 288 365 289 365 289 364 288 366 290 365 289 366 290 367 291 367 291 366 290 368 292 367 291 368 292 369 292 370 293 371 293 372 294 370 293 372 294 373 295 373 295 372 294 374 296 373 295 374 296 375 297 375 297 374 296 376 298 375 297 376 298 377 299 377 299 376 298 378 300 377 299 378 300 379 300 380 301 381 301 382 302 380 301 382 302 383 303 383 303 382 302 384 304 383 303 384 304 385 305 385 305 384 304 386 306 385 305 386 306 387 307 387 307 386 306 388 308 387 307 388 308 389 308 390 309 391 309 392 310 390 309 392 310 393 311 393 311 392 310 394 312 393 311 394 312 395 313 395 313 394 312 396 314 395 313 396 314 397 315 397 315 396 314 398 316 397 315 398 316 399 316 400 317 401 317 402 318 400 317 402 318 403 319 403 319 402 318 404 320 403 319 404 320 405 321 405 321 404 320 406 322 405 321 406 322 407 323 407 323 406 322 408 324 407 323 408 324 409 324 410 325 411 325 412 326 410 325 412 326 413 327 413 327 412 326 414 328 413 327 414 328 415 329 415 329 414 328 416 330 415 329 416 330 417 331 417 331 416 330 418 332 417 331 418 332 419 332 420 333 421 333 422 334 420 333 422 334 423 335 423 335 422 334 424 336 423 335 424 336 425 337 425 337 424 336 426 338 425 337 426 338 427 339 427 339 426 338 428 340 427 339 428 340 429 340 430 341 431 341 432 342 430 341 432 342 433 343 433 343 432 342 434 344 433 343 434 344 435 345 435 345 434 344 436 346 435 345 436 346 437 347 437 347 436 346 438 348 437 347 438 348 439 348 440 349 441 349 442 350 440 349 442 350 443 351 443 351 442 350 444 352 443 351 444 352 445 353 445 353 444 352 446 354 445 353 446 354 447 355 447 355 446 354 448 356 447 355 448 356 449 356 450 357 451 357 452 358 450 357 452 358 453 359 453 359 452 358 454 360 453 359 454 360 455 361 455 361 454 360 456 362 455 361 456 362 457 363 457 363 456 362 458 364 457 363 458 364 459 364 460 365 461 365 462 366 460 365 462 366 463 367 463 367 462 366 464 368 463 367 464 368 465 369 465 369 464 368 466 370 465 369 466 370 467 371 467 371 466 370 468 372 467 371 468 372 469 372 470 373 471 373 472 374 470 373 472 374 473 375 473 375 472 374 474 376 473 375 474 376 475 377 475 377 474 376 476 378 475 377 476 378 477 379 477 379 476 378 478 380 477 379 478 380 479 380 480 381 481 381 482 382 480 381 482 382 483 383 483 383 482 382 484 384 483 383 484 384 485 385 485 385 484 384 486 386 485 385 486 386 487 387 487 387 486 386 488 388 487 387 488 388 489 388 490 389 491 389 492 390 490 389 492 390 493 391 493 391 492 390 494 392 493 391 494 392 495 393 495 393 494 392 496 394 495 393 496 394 497 395 497 395 496 394 498 396 497 395 498 396 499 396 500 397 501 397 502 398 500 397 502 398 503 398 503 398 502 398 504 399 503 398 504 399 505 400 505 400 504 399 506 401 505 400 506 401 507 402 507 402 506 401 508 403 507 402 508 403 509 403 510 404 511 404 512 405 510 404 512 405 513 406 513 406 512 405 514 407 513 406 514 407 515 408 515 408 514 407 516 409 515 408 516 409 517 410 517 410 516 409 518 411 517 410 518 411 519 411 520 412 521 412 522 413 520 412 522 413 523 414 523 414 522 413 524 415 523 414 524 415 525 416 525 416 524 415 526 417 525 416 526 417 527 418 527 418 526 417 528 419 527 418 528 419 529 419 530 420 531 420 532 421 530 420 532 421 533 422 533 422 532 421 534 423 533 422 534 423 535 424 535 424 534 423 536 425 535 424 536 425 537 426 537 426 536 425 538 427 537 426 538 427 539 427 540 428 541 428 542 429 540 428 542 429 543 430 543 430 542 429 544 431 543 430 544 431 545 432 545 432 544 431 546 433 545 432 546 433 547 434 547 434 546 433 548 435 547 434 548 435 549 435 550 436 551 436 552 437 550 436 552 437 553 438 553 438 552 437 554 439 553 438 554 439 555 440 555 440 554 439 556 441 555 440 556 441 557 442 557 442 556 441 558 443 557 442 558 443 559 443 560 444 561 444 562 445 560 444 562 445 563 446 563 446 562 445 564 447 563 446 564 447 565 448 565 448 564 447 566 449 565 448 566 449 567 450 567 450 566 449 568 451 567 450 568 451 569 451 570 452 571 452 572 453 570 452 572 453 573 454 573 454 572 453 574 455 573 454 574 455 575 456 575 456 574 455 576 457 575 456 576 457 577 458 577 458 576 457 578 459 577 458 578 459 579 459 580 460 581 460 582 461 580 460 582 461 583 462 583 462 582 461 584 463 583 462 584 463 585 464 585 464 584 463 586 465 585 464 586 465 587 466 587 466 586 465 588 467 587 466 588 467 589 467 590 468 591 468 592 469 590 468 592 469 593 470 593 470 592 469 594 471 593 470 594 471 595 472 595 472 594 471 596 473 595 472 596 473 597 474 597 474 596 473 598 475 597 474 598 475 599 475 600 476 601 476 602 477 600 476 602 477 603 478 603 478 602 477 604 479 603 478 604 479 605 480 605 480 604 479 606 481 605 480 606 481 607 482 607 482 606 481 608 483 607 482 608 483 609 483 610 484 611 484 612 485 610 484 612 485 613 486 613 486 612 485 614 487 613 486 614 487 615 488 615 488 614 487 616 489 615 488 616 489 617 490 617 490 616 489 618 491 617 490 618 491 619 491 620 492 621 492 622 493 620 492 622 493 623 494 623 494 622 493 624 495 623 494 624 495 625 496 625 496 624 495 626 497 625 496 626 497 627 498 627 498 626 497 628 499 627 498 628 499 629 499 630 500 631 500 632 501 630 500 632 501 633 502 633 502 632 501 634 503 633 502 634 503 635 504 635 504 634 503 636 505 635 504 636 505 637 506 637 506 636 505 638 507 637 506 638 507 639 507 640 508 641 508 642 509 640 508 642 509 643 510 643 510 642 509 644 511 643 510 644 511 645 512 645 512 644 511 646 513 645 512 646 513 647 514 647 514 646 513 648 515 647 514 648 515 649 515 650 516 651 516 652 517 650 516 652 517 653 518 653 518 652 517 654 519 653 518 654 519 655 520 655 520 654 519 656 521 655 520 656 521 657 522 657 522 656 521 658 523 657 522 658 523 659 523 660 524 661 524 662 525 660 524 662 525 663 526 663 526 662 525 664 527 663 526 664 527 665 528 665 528 664 527 666 529 665 528 666 529 667 530 667 530 666 529 668 531 667 530 668 531 669 531 670 532 671 532 672 533 670 532 672 533 673 534 673 534 672 533 674 535 673 534 674 535 675 536 675 536 674 535 676 537 675 536 676 537 677 538 677 538 676 537 678 539 677 538 678 539 679 539 680 540 681 540 682 541 680 540 682 541 683 542 683 542 682 541 684 543 683 542 684 543 685 544 685 544 684 543 686 545 685 544 686 545 687 546 687 546 686 545 688 547 687 546 688 547 689 547 690 548 691 548 692 549 690 548 692 549 693 550 693 550 692 549 694 551 693 550 694 551 695 552 695 552 694 551 696 553 695 552 696 553 697 554 697 554 696 553 698 555 697 554 698 555 699 555 700 556 701 556 702 557 700 556 702 557 703 557 703 557 702 557 704 558 703 557 704 558 705 559 705 559 704 558 706 560 705 559 706 560 707 561 707 561 706 560 708 562 707 561 708 562 709 562 710 563 711 563 712 564 710 563 712 564 713 565 713 565 712 564 714 566 713 565 714 566 715 567 715 567 714 566 716 568 715 567 716 568 717 569 717 569 716 568 718 570 717 569 718 570 719 570 720 571 721 571 722 572 720 571 722 572 723 573 723 573 722 572 724 574 723 573 724 574 725 575 725 575 724 574 726 576 725 575 726 576 727 577 727 577 726 576 728 578 727 577 728 578 729 578 730 579 731 579 732 580 730 579 732 580 733 581 733 581 732 580 734 582 733 581 734 582 735 583 735 583 734 582 736 584 735 583 736 584 737 585 737 585 736 584 738 586 737 585 738 586 739 586 740 587 741 587 742 588 740 587 742 588 743 589 743 589 742 588 744 590 743 589 744 590 745 591 745 591 744 590 746 592 745 591 746 592 747 593 747 593 746 592 748 594 747 593 748 594 749 594 750 595 751 595 752 596 750 595 752 596 753 597 753 597 752 596 754 598 753 597 754 598 755 599 755 599 754 598 756 600 755 599 756 600 757 601 757 601 756 600 758 602 757 601 758 602 759 602 760 603 761 603 762 604 760 603 762 604 763 605 763 605 762 604 764 606 763 605 764 606 765 607 765 607 764 606 766 608 765 607 766 608 767 609 767 609 766 608 768 610 767 609 768 610 769 610 770 611 771 611 772 612 770 611 772 612 773 613 773 613 772 612 774 614 773 613 774 614 775 615 775 615 774 614 776 616 775 615 776 616 777 617 777 617 776 616 778 618 777 617 778 618 779 618 780 619 781 619 782 620 780 619 782 620 783 621 783 621 782 620 784 622 783 621 784 622 785 623 785 623 784 622 786 624 785 623 786 624 787 625 787 625 786 624 788 626 787 625 788 626 789 626 790 627 791 627 792 628 790 627 792 628 793 629 793 629 792 628 794 630 793 629 794 630 795 631 795 631 794 630 796 632 795 631 796 632 797 633 797 633 796 632 798 634 797 633 798 634 799 634 800 635 801 635 802 636 800 635 802 636 803 637 803 637 802 636 804 638 803 637 804 638 805 639 805 639 804 638 806 640 805 639 806 640 807 641 807 641 806 640 808 642 807 641 808 642 809 642 810 643 811 643 812 644 810 643 812 644 813 645 813 645 812 644 814 646 813 645 814 646 815 647 815 647 814 646 816 648 815 647 816 648 817 649 817 649 816 648 818 650 817 649 818 650 819 650 820 651 821 651 822 652 820 651 822 652 823 653 823 653 822 652 824 654 823 653 824 654 825 655 825 655 824 654 826 656 825 655 826 656 827 657 827 657 826 656 828 658 827 657 828 658 829 658 830 659 831 659 832 660 830 659 832 660 833 661 833 661 832 660 834 662 833 661 834 662 835 663 835 663 834 662 836 664 835 663 836 664 837 665 837 665 836 664 838 666 837 665 838 666 839 666 840 667 841 667 842 668 840 667 842 668 843 669 843 669 842 668 844 670 843 669 844 670 845 671 845 671 844 670 846 672 845 671 846 672 847 673 847 673 846 672 848 674 847 673 848 674 849 674 850 675 851 675 852 676 850 675 852 676 853 677 853 677 852 676 854 678 853 677 854 678 855 679 855 679 854 678 856 680 855 679 856 680 857 681 857 681 856 680 858 682 857 681 858 682 859 682 860 683 861 683 862 684 860 683 862 684 863 685 863 685 862 684 864 686 863 685 864 686 865 687 865 687 864 686 866 688 865 687 866 688 867 689 867 689 866 688 868 690 867 689 868 690 869 690 870 691 871 691 872 692 870 691 872 692 873 693 873 693 872 692 874 694 873 693 874 694 875 695 875 695 874 694 876 696 875 695 876 696 877 697 877 697 876 696 878 698 877 697 878 698 879 698 880 699 881 699 882 700 880 699 882 700 883 701 883 701 882 700 884 702 883 701 884 702 885 703 885 703 884 702 886 704 885 703 886 704 887 705 887 705 886 704 888 706 887 705 888 706 889 706 890 707 891 707 892 708 890 707 892 708 893 709 893 709 892 708 894 710 893 709 894 710 895 711 895 711 894 710 896 712 895 711 896 712 897 713 897 713 896 712 898 714 897 713 898 714 899 714 900 715 901 715 902 716 900 715 902 716 903 716 903 716 902 716 904 717 903 716 904 717 905 718 905 718 904 717 906 719 905 718 906 719 907 720 907 720 906 719 908 721 907 720 908 721 909 721 910 722 911 722 912 723 910 722 912 723 913 724 913 724 912 723 914 725 913 724 914 725 915 726 915 726 914 725 916 727 915 726 916 727 917 728 917 728 916 727 918 729 917 728 918 729 919 729 920 730 921 730 922 731 920 730 922 731 923 732 923 732 922 731 924 733 923 732 924 733 925 734 925 734 924 733 926 735 925 734 926 735 927 736 927 736 926 735 928 737 927 736 928 737 929 737 930 738 931 738 932 739 930 738 932 739 933 740 933 740 932 739 934 741 933 740 934 741 935 742 935 742 934 741 936 743 935 742 936 743 937 744 937 744 936 743 938 745 937 744 938 745 939 745 940 746 941 746 942 747 940 746 942 747 943 748 943 748 942 747 944 749 943 748 944 749 945 750 945 750 944 749 946 751 945 750 946 751 947 752 947 752 946 751 948 753 947 752 948 753 949 753 950 754 951 754 952 755 950 754 952 755 953 756 953 756 952 755 954 757 953 756 954 757 955 758 955 758 954 757 956 759 955 758 956 759 957 760 957 760 956 759 958 761 957 760 958 761 959 761 960 762 961 762 962 763 960 762 962 763 963 764 963 764 962 763 964 765 963 764 964 765 965 766 965 766 964 765 966 767 965 766 966 767 967 768 967 768 966 767 968 769 967 768 968 769 969 769 970 770 971 770 972 771 970 770 972 771 973 772 973 772 972 771 974 773 973 772 974 773 975 774 975 774 974 773 976 775 975 774 976 775 977 776 977 776 976 775 978 777 977 776 978 777 979 777 980 778 981 778 982 779 980 778 982 779 983 780 983 780 982 779 984 781 983 780 984 781 985 782 985 782 984 781 986 783 985 782 986 783 987 784 987 784 986 783 988 785 987 784 988 785 989 785 990 786 991 786 992 787 990 786 992 787 993 788 993 788 992 787 994 789 993 788 994 789 995 790 995 790 994 789 996 791 995 790 996 791 997 792 997 792 996 791 998 793 997 792 998 793 999 793 1000 794 1001 794 1002 795 1000 794 1002 795 1003 795 1003 795 1002 795 1004 796 1003 795 1004 796 1005 797 1005 797 1004 796 1006 798 1005 797 1006 798 1007 799 1007 799 1006 798 1008 800 1007 799 1008 800 1009 800 1010 801 1011 801 1012 802 1010 801 1012 802 1013 803 1013 803 1012 802 1014 804 1013 803 1014 804 1015 805 1015 805 1014 804 1016 806 1015 805 1016 806 1017 807 1017 807 1016 806 1018 808 1017 807 1018 808 1019 808 1020 809 1021 809 1022 810 1020 809 1022 810 1023 811 1023 811 1022 810 1024 812 1023 811 1024 812 1025 813 1025 813 1024 812 1026 814 1025 813 1026 814 1027 815 1027 815 1026 814 1028 816 1027 815 1028 816 1029 816 1030 817 1031 817 1032 818 1030 817 1032 818 1033 819 1033 819 1032 818 1034 820 1033 819 1034 820 1035 821 1035 821 1034 820 1036 822 1035 821 1036 822 1037 823 1037 823 1036 822 1038 824 1037 823 1038 824 1039 824 1040 825 1041 825 1042 826 1040 825 1042 826 1043 827 1043 827 1042 826 1044 828 1043 827 1044 828 1045 829 1045 829 1044 828 1046 830 1045 829 1046 830 1047 831 1047 831 1046 830 1048 832 1047 831 1048 832 1049 832 1050 833 1051 833 1052 834 1050 833 1052 834 1053 835 1053 835 1052 834 1054 836 1053 835 1054 836 1055 837 1055 837 1054 836 1056 838 1055 837 1056 838 1057 839 1057 839 1056 838 1058 840 1057 839 1058 840 1059 840 1060 841 1061 841 1062 842 1060 841 1062 842 1063 843 1063 843 1062 842 1064 844 1063 843 1064 844 1065 845 1065 845 1064 844 1066 846 1065 845 1066 846 1067 847 1067 847 1066 846 1068 848 1067 847 1068 848 1069 848 1070 849 1071 849 1072 850 1070 849 1072 850 1073 851 1073 851 1072 850 1074 852 1073 851 1074 852 1075 853 1075 853 1074 852 1076 854 1075 853 1076 854 1077 855 1077 855 1076 854 1078 856 1077 855 1078 856 1079 856 1080 857 1081 857 1082 858 1080 857 1082 858 1083 859 1083 859 1082 858 1084 860 1083 859 1084 860 1085 861 1085 861 1084 860 1086 862 1085 861 1086 862 1087 863 1087 863 1086 862 1088 864 1087 863 1088 864 1089 864 1090 865 1091 865 1092 866 1090 865 1092 866 1093 867 1093 867 1092 866 1094 868 1093 867 1094 868 1095 869 1095 869 1094 868 1096 870 1095 869 1096 870 1097 871 1097 871 1096 870 1098 872 1097 871 1098 872 1099 872 1100 873 1101 873 1102 874 1100 873 1102 874 1103 874 1103 874 1102 874 1104 875 1103 874 1104 875 1105 876 1105 876 1104 875 1106 877 1105 876 1106 877 1107 878 1107 878 1106 877 1108 879 1107 878 1108 879 1109 879 1110 880 1111 880 1112 881 1110 880 1112 881 1113 882 1113 882 1112 881 1114 883 1113 882 1114 883 1115 884 1115 884 1114 883 1116 885 1115 884 1116 885 1117 886 1117 886 1116 885 1118 887 1117 886 1118 887 1119 887 1120 888 1121 888 1122 889 1120 888 1122 889 1123 890 1123 890 1122 889 1124 891 1123 890 1124 891 1125 892 1125 892 1124 891 1126 893 1125 892 1126 893 1127 894 1127 894 1126 893 1128 895 1127 894 1128 895 1129 895 1130 896 1131 896 1132 897 1130 896 1132 897 1133 898 1133 898 1132 897 1134 899 1133 898 1134 899 1135 900 1135 900 1134 899 1136 901 1135 900 1136 901 1137 902 1137 902 1136 901 1138 903 1137 902 1138 903 1139 903 1140 904 1141 904 1142 905 1140 904 1142 905 1143 906 1143 906 1142 905 1144 907 1143 906 1144 907 1145 908 1145 908 1144 907 1146 909 1145 908 1146 909 1147 910 1147 910 1146 909 1148 911 1147 910 1148 911 1149 911 1150 912 1151 912 1152 913 1150 912 1152 913 1153 914 1153 914 1152 913 1154 915 1153 914 1154 915 1155 916 1155 916 1154 915 1156 917 1155 916 1156 917 1157 918 1157 918 1156 917 1158 919 1157 918 1158 919 1159 919 1160 920 1161 920 1162 921 1160 920 1162 921 1163 922 1163 922 1162 921 1164 923 1163 922 1164 923 1165 924 1165 924 1164 923 1166 925 1165 924 1166 925 1167 926 1167 926 1166 925 1168 927 1167 926 1168 927 1169 927 1170 928 1171 928 1172 929 1170 928 1172 929 1173 930 1173 930 1172 929 1174 931 1173 930 1174 931 1175 932 1175 932 1174 931 1176 933 1175 932 1176 933 1177 934 1177 934 1176 933 1178 935 1177 934 1178 935 1179 935 1180 936 1181 936 1182 937 1180 936 1182 937 1183 938 1183 938 1182 937 1184 939 1183 938 1184 939 1185 940 1185 940 1184 939 1186 941 1185 940 1186 941 1187 942 1187 942 1186 941 1188 943 1187 942 1188 943 1189 943 1190 944 1191 944 1192 945 1190 944 1192 945 1193 946 1193 946 1192 945 1194 947 1193 946 1194 947 1195 948 1195 948 1194 947 1196 949 1195 948 1196 949 1197 950 1197 950 1196 949 1198 951 1197 950 1198 951 1199 951 1200 952 1201 952 1202 953 1200 952 1202 953 1203 954 1203 954 1202 953 1204 955 1203 954 1204 955 1205 956 1205 956 1204 955 1206 957 1205 956 1206 957 1207 958 1207 958 1206 957 1208 959 1207 958 1208 959 1209 959 1210 960 1211 960 1212 961 1210 960 1212 961 1213 962 1213 962 1212 961 1214 963 1213 962 1214 963 1215 964 1215 964 1214 963 1216 965 1215 964 1216 965 1217 966 1217 966 1216 965 1218 967 1217 966 1218 967 1219 967 1220 968 1221 968 1222 969 1220 968 1222 969 1223 970 1223 970 1222 969 1224 971 1223 970 1224 971 1225 972 1225 972 1224 971 1226 973 1225 972 1226 973 1227 974 1227 974 1226 973 1228 975 1227 974 1228 975 1229 975 1230 976 1231 976 1232 977 1230 976 1232 977 1233 978 1233 978 1232 977 1234 979 1233 978 1234 979 1235 980 1235 980 1234 979 1236 981 1235 980 1236 981 1237 982 1237 982 1236 981 1238 983 1237 982 1238 983 1239 983 1240 984 1241 984 1242 985 1240 984 1242 985 1243 986 1243 986 1242 985 1244 987 1243 986 1244 987 1245 988 1245 988 1244 987 1246 989 1245 988 1246 989 1247 990 1247 990 1246 989 1248 991 1247 990 1248 991 1249 991 1250 992 1251 992 1252 993 1250 992 1252 993 1253 994 1253 994 1252 993 1254 995 1253 994 1254 995 1255 996 1255 996 1254 995 1256 997 1255 996 1256 997 1257 998 1257 998 1256 997 1258 999 1257 998 1258 999 1259 999 1260 1000 1261 1000 1262 1001 1260 1000 1262 1001 1263 1002 1263 1002 1262 1001 1264 1003 1263 1002 1264 1003 1265 1004 1265 1004 1264 1003 1266 1005 1265 1004 1266 1005 1267 1006 1267 1006 1266 1005 1268 1007 1267 1006 1268 1007 1269 1007 1270 1008 1271 1008 1272 1009 1270 1008 1272 1009 1273 1009 1273 1009 1272 1009 1274 1010 1273 1009 1274 1010 1275 1011 1275 1011 1274 1010 1276 1012 1275 1011 1276 1012 1277 1013 1277 1013 1276 1012 1278 1014 1277 1013 1278 1014 1279 1014 1280 1015 1281 1015 1282 1016 1280 1015 1282 1016 1283 1017 1283 1017 1282 1016 1284 1018 1283 1017 1284 1018 1285 1019 1285 1019 1284 1018 1286 1020 1285 1019 1286 1020 1287 1021 1287 1021 1286 1020 1288 1022 1287 1021 1288 1022 1289 1022 1290 1023 1291 1023 1292 1024 1290 1023 1292 1024 1293 1025 1293 1025 1292 1024 1294 1026 1293 1025 1294 1026 1295 1027 1295 1027 1294 1026 1296 1028 1295 1027 1296 1028 1297 1029 1297 1029 1296 1028 1298 1030 1297 1029 1298 1030 1299 1030 1300 1031 1301 1031 1302 1032 1300 1031 1302 1032 1303 1033 1303 1033 1302 1032 1304 1034 1303 1033 1304 1034 1305 1035 1305 1035 1304 1034 1306 1036 1305 1035 1306 1036 1307 1037 1307 1037 1306 1036 1308 1038 1307 1037 1308 1038 1309 1038 1310 1039 1311 1039 1312 1040 1310 1039 1312 1040 1313 1041 1313 1041 1312 1040 1314 1042 1313 1041 1314 1042 1315 1043 1315 1043 1314 1042 1316 1044 1315 1043 1316 1044 1317 1045 1317 1045 1316 1044 1318 1046 1317 1045 1318 1046 1319 1046 1320 1047 1321 1047 1322 1048 1320 1047 1322 1048 1323 1049 1323 1049 1322 1048 1324 1050 1323 1049 1324 1050 1325 1051 1325 1051 1324 1050 1326 1052 1325 1051 1326 1052 1327 1053 1327 1053 1326 1052 1328 1054 1327 1053 1328 1054 1329 1054 1330 1055 1331 1055 1332 1056 1330 1055 1332 1056 1333 1057 1333 1057 1332 1056 1334 1058 1333 1057 1334 1058 1335 1059 1335 1059 1334 1058 1336 1060 1335 1059 1336 1060 1337 1061 1337 1061 1336 1060 1338 1062 1337 1061 1338 1062 1339 1062 1340 1063 1341 1063 1342 1064 1340 1063 1342 1064 1343 1065 1343 1065 1342 1064 1344 1066 1343 1065 1344 1066 1345 1067 1345 1067 1344 1066 1346 1068 1345 1067 1346 1068 1347 1069 1347 1069 1346 1068 1348 1070 1347 1069 1348 1070 1349 1070 1350 1071 1351 1071 1352 1072 1350 1071 1352 1072 1353 1073 1353 1073 1352 1072 1354 1074 1353 1073 1354 1074 1355 1075 1355 1075 1354 1074 1356 1076 1355 1075 1356 1076 1357 1077 1357 1077 1356 1076 1358 1078 1357 1077 1358 1078 1359 1078 1360 1079 1361 1079 1362 1080 1360 1079 1362 1080 1363 1081 1363 1081 1362 1080 1364 1082 1363 1081 1364 1082 1365 1083 1365 1083 1364 1082 1366 1084 1365 1083 1366 1084 1367 1085 1367 1085 1366 1084 1368 1086 1367 1085 1368 1086 1369 1086 1370 1087 1371 1087 1372 1088 1370 1087 1372 1088 1373 1089 1373 1089 1372 1088 1374 1090 1373 1089 1374 1090 1375 1091 1375 1091 1374 1090 1376 1092 1375 1091 1376 1092 1377 1093 1377 1093 1376 1092 1378 1094 1377 1093 1378 1094 1379 1094 1380 1095 1381 1095 1382 1096 1380 1095 1382 1096 1383 1097 1383 1097 1382 1096 1384 1098 1383 1097 1384 1098 1385 1099 1385 1099 1384 1098 1386 1100 1385 1099 1386 1100 1387 1101 1387 1101 1386 1100 1388 1102 1387 1101 1388 1102 1389 1102 1390 1103 1391 1103 1392 1104 1390 1103 1392 1104 1393 1105 1393 1105 1392 1104 1394 1106 1393 1105 1394 1106 1395 1107 1395 1107 1394 1106 1396 1108 1395 1107 1396 1108 1397 1109 1397 1109 1396 1108 1398 1110 1397 1109 1398 1110 1399 1110 1400 1111 1401 1111 1402 1112 1400 1111 1402 1112 1403 1112 1403 1112 1402 1112 1404 1113 1403 1112 1404 1113 1405 1114 1405 1114 1404 1113 1406 1115 1405 1114 1406 1115 1407 1116 1407 1116 1406 1115 1408 1117 1407 1116 1408 1117 1409 1117 1410 1118 1411 1118 1412 1119 1410 1118 1412 1119 1413 1120 1413 1120 1412 1119 1414 1121 1413 1120 1414 1121 1415 1122 1415 1122 1414 1121 1416 1123 1415 1122 1416 1123 1417 1124 1417 1124 1416 1123 1418 1125 1417 1124 1418 1125 1419 1125 1420 1126 1421 1126 1422 1127 1420 1126 1422 1127 1423 1128 1423 1128 1422 1127 1424 1129 1423 1128 1424 1129 1425 1130 1425 1130 1424 1129 1426 1131 1425 1130 1426 1131 1427 1132 1427 1132 1426 1131 1428 1133 1427 1132 1428 1133 1429 1133 1430 1134 1431 1134 1432 1135 1430 1134 1432 1135 1433 1136 1433 1136 1432 1135 1434 1137 1433 1136 1434 1137 1435 1138 1435 1138 1434 1137 1436 1139 1435 1138 1436 1139 1437 1140 1437 1140 1436 1139 1438 1141 1437 1140 1438 1141 1439 1141 1440 1142 1441 1142 1442 1143 1440 1142 1442 1143 1443 1144 1443 1144 1442 1143 1444 1145 1443 1144 1444 1145 1445 1146 1445 1146 1444 1145 1446 1147 1445 1146 1446 1147 1447 1148 1447 1148 1446 1147 1448 1149 1447 1148 1448 1149 1449 1149 1450 1150 1451 1150 1452 1151 1450 1150 1452 1151 1453 1152 1453 1152 1452 1151 1454 1153 1453 1152 1454 1153 1455 1154 1455 1154 1454 1153 1456 1155 1455 1154 1456 1155 1457 1156 1457 1156 1456 1155 1458 1157 1457 1156 1458 1157 1459 1157 1460 1158 1461 1158 1462 1159 1460 1158 1462 1159 1463 1160 1463 1160 1462 1159 1464 1161 1463 1160 1464 1161 1465 1162 1465 1162 1464 1161 1466 1163 1465 1162 1466 1163 1467 1164 1467 1164 1466 1163 1468 1165 1467 1164 1468 1165 1469 1165 1470 1166 1471 1166 1472 1167 1470 1166 1472 1167 1473 1168 1473 1168 1472 1167 1474 1169 1473 1168 1474 1169 1475 1170 1475 1170 1474 1169 1476 1171 1475 1170 1476 1171 1477 1172 1477 1172 1476 1171 1478 1173 1477 1172 1478 1173 1479 1173 1480 1174 1481 1174 1482 1175 1480 1174 1482 1175 1483 1176 1483 1176 1482 1175 1484 1177 1483 1176 1484 1177 1485 1178 1485 1178 1484 1177 1486 1179 1485 1178 1486 1179 1487 1180 1487 1180 1486 1179 1488 1181 1487 1180 1488 1181 1489 1181 1490 1182 1491 1182 1492 1183 1490 1182 1492 1183 1493 1184 1493 1184 1492 1183 1494 1185 1493 1184 1494 1185 1495 1186 1495 1186 1494 1185 1496 1187 1495 1186 1496 1187 1497 1188 1497 1188 1496 1187 1498 1189 1497 1188 1498 1189 1499 1189 1500 1190 1501 1190 1502 1191 1500 1190 1502 1191 1503 1191 1503 1191 1502 1191 1504 1192 1503 1191 1504 1192 1505 1193 1505 1193 1504 1192 1506 1194 1505 1193 1506 1194 1507 1195 1507 1195 1506 1194 1508 1196 1507 1195 1508 1196 1509 1196 1510 1197 1511 1197 1512 1198 1510 1197 1512 1198 1513 1199 1513 1199 1512 1198 1514 1200 1513 1199 1514 1200 1515 1201 1515 1201 1514 1200 1516 1202 1515 1201 1516 1202 1517 1203 1517 1203 1516 1202 1518 1204 1517 1203 1518 1204 1519 1204 1520 1205 1521 1205 1522 1206 1520 1205 1522 1206 1523 1207 1523 1207 1522 1206 1524 1208 1523 1207 1524 1208 1525 1209 1525 1209 1524 1208 1526 1210 1525 1209 1526 1210 1527 1211 1527 1211 1526 1210 1528 1212 1527 1211 1528 1212 1529 1212 1530 1213 1531 1213 1532 1214 1530 1213 1532 1214 1533 1215 1533 1215 1532 1214 1534 1216 1533 1215 1534 1216 1535 1217 1535 1217 1534 1216 1536 1218 1535 1217 1536 1218 1537 1219 1537 1219 1536 1218 1538 1220 1537 1219 1538 1220 1539 1220 1540 1221 1541 1221 1542 1222 1540 1221 1542 1222 1543 1223 1543 1223 1542 1222 1544 1224 1543 1223 1544 1224 1545 1225 1545 1225 1544 1224 1546 1226 1545 1225 1546 1226 1547 1227 1547 1227 1546 1226 1548 1228 1547 1227 1548 1228 1549 1228 1550 1229 1551 1229 1552 1230 1550 1229 1552 1230 1553 1231 1553 1231 1552 1230 1554 1232 1553 1231 1554 1232 1555 1233 1555 1233 1554 1232 1556 1234 1555 1233 1556 1234 1557 1235 1557 1235 1556 1234 1558 1236 1557 1235 1558 1236 1559 1236 1560 1237 1561 1237 1562 1238 1560 1237 1562 1238 1563 1239 1563 1239 1562 1238 1564 1240 1563 1239 1564 1240 1565 1241 1565 1241 1564 1240 1566 1242 1565 1241 1566 1242 1567 1243 1567 1243 1566 1242 1568 1244 1567 1243 1568 1244 1569 1244 1570 1245 1571 1245 1572 1246 1570 1245 1572 1246 1573 1247 1573 1247 1572 1246 1574 1248 1573 1247 1574 1248 1575 1249 1575 1249 1574 1248 1576 1250 1575 1249 1576 1250 1577 1251 1577 1251 1576 1250 1578 1252 1577 1251 1578 1252 1579 1252 1580 1253 1581 1253 1582 1254 1580 1253 1582 1254 1583 1255 1583 1255 1582 1254 1584 1256 1583 1255 1584 1256 1585 1257 1585 1257 1584 1256 1586 1258 1585 1257 1586 1258 1587 1259 1587 1259 1586 1258 1588 1260 1587 1259 1588 1260 1589 1260 1590 1261 1591 1261 1592 1262 1590 1261 1592 1262 1593 1263 1593 1263 1592 1262 1594 1264 1593 1263 1594 1264 1595 1265 1595 1265 1594 1264 1596 1266 1595 1265 1596 1266 1597 1267 1597 1267 1596 1266 1598 1268 1597 1267 1598 1268 1599 1268 1600 1269 1601 1269 1602 1270 1600 1269 1602 1270 1603 1270 1603 1270 1602 1270 1604 1271 1603 1270 1604 1271 1605 1272 1605 1272 1604 1271 1606 1273 1605 1272 1606 1273 1607 1274 1607 1274 1606 1273 1608 1275 1607 1274 1608 1275 1609 1275 1610 1276 1611 1276 1612 1277 1610 1276 1612 1277 1613 1278 1613 1278 1612 1277 1614 1279 1613 1278 1614 1279 1615 1280 1615 1280 1614 1279 1616 1281 1615 1280 1616 1281 1617 1282 1617 1282 1616 1281 1618 1283 1617 1282 1618 1283 1619 1283 1620 1284 1621 1284 1622 1285 1620 1284 1622 1285 1623 1286 1623 1286 1622 1285 1624 1287 1623 1286 1624 1287 1625 1288 1625 1288 1624 1287 1626 1289 1625 1288 1626 1289 1627 1290 1627 1290 1626 1289 1628 1291 1627 1290 1628 1291 1629 1291 1630 1292 1631 1292 1632 1293 1630 1292 1632 1293 1633 1294 1633 1294 1632 1293 1634 1295 1633 1294 1634 1295 1635 1296 1635 1296 1634 1295 1636 1297 1635 1296 1636 1297 1637 1298 1637 1298 1636 1297 1638 1299 1637 1298 1638 1299 1639 1299 1640 1300 1641 1300 1642 1301 1640 1300 1642 1301 1643 1302 1643 1302 1642 1301 1644 1303 1643 1302 1644 1303 1645 1304 1645 1304 1644 1303 1646 1305 1645 1304 1646 1305 1647 1306 1647 1306 1646 1305 1648 1307 1647 1306 1648 1307 1649 1307 1650 1308 1651 1308 1652 1309 1650 1308 1652 1309 1653 1310 1653 1310 1652 1309 1654 1311 1653 1310 1654 1311 1655 1312 1655 1312 1654 1311 1656 1313 1655 1312 1656 1313 1657 1314 1657 1314 1656 1313 1658 1315 1657 1314 1658 1315 1659 1315 1660 1316 1661 1316 1662 1317 1660 1316 1662 1317 1663 1318 1663 1318 1662 1317 1664 1319 1663 1318 1664 1319 1665 1320 1665 1320 1664 1319 1666 1321 1665 1320 1666 1321 1667 1322 1667 1322 1666 1321 1668 1323 1667 1322 1668 1323 1669 1323 1670 1324 1671 1324 1672 1325 1670 1324 1672 1325 1673 1326 1673 1326 1672 1325 1674 1327 1673 1326 1674 1327 1675 1328 1675 1328 1674 1327 1676 1329 1675 1328 1676 1329 1677 1330 1677 1330 1676 1329 1678 1331 1677 1330 1678 1331 1679 1331 1680 1332 1681 1332 1682 1333 1680 1332 1682 1333 1683 1334 1683 1334 1682 1333 1684 1335 1683 1334 1684 1335 1685 1336 1685 1336 1684 1335 1686 1337 1685 1336 1686 1337 1687 1338 1687 1338 1686 1337 1688 1339 1687 1338 1688 1339 1689 1339 1690 1340 1691 1340 1692 1341 1690 1340 1692 1341 1693 1342 1693 1342 1692 1341 1694 1343 1693 1342 1694 1343 1695 1344 1695 1344 1694 1343 1696 1345 1695 1344 1696 1345 1697 1346 1697 1346 1696 1345 1698 1347 1697 1346 1698 1347 1699 1347 1700 1348 1701 1348 1702 1349 1700 1348 1702 1349 1703 1350 1703 1350 1702 1349 1704 1351 1703 1350 1704 1351 1705 1352 1705 1352 1704 1351 1706 1353 1705 1352 1706 1353 1707 1354 1707 1354 1706 1353 1708 1355 1707 1354 1708 1355 1709 1355 1710 1356 1711 1356 1712 1357 1710 1356 1712 1357 1713 1358 1713 1358 1712 1357 1714 1359 1713 1358 1714 1359 1715 1360 1715 1360 1714 1359 1716 1361 1715 1360 1716 1361 1717 1362 1717 1362 1716 1361 1718 1363 1717 1362 1718 1363 1719 1363 1720 1364 1721 1364 1722 1365 1720 1364 1722 1365 1723 1366 1723 1366 1722 1365 1724 1367 1723 1366 1724 1367 1725 1368 1725 1368 1724 1367 1726 1369 1725 1368 1726 1369 1727 1370 1727 1370 1726 1369 1728 1371 1727 1370 1728 1371 1729 1371 1730 1372 1731 1372 1732 1373 1730 1372 1732 1373 1733 1374 1733 1374 1732 1373 1734 1375 1733 1374 1734 1375 1735 1376 1735 1376 1734 1375 1736 1377 1735 1376 1736 1377 1737 1378 1737 1378 1736 1377 1738 1379 1737 1378 1738 1379 1739 1379 1740 1380 1741 1380 1742 1381 1740 1380 1742 1381 1743 1382 1743 1382 1742 1381 1744 1383 1743 1382 1744 1383 1745 1384 1745 1384 1744 1383 1746 1385 1745 1384 1746 1385 1747 1386 1747 1386 1746 1385 1748 1387 1747 1386 1748 1387 1749 1387 1750 1388 1751 1388 1752 1389 1750 1388 1752 1389 1753 1390 1753 1390 1752 1389 1754 1391 1753 1390 1754 1391 1755 1392 1755 1392 1754 1391 1756 1393 1755 1392 1756 1393 1757 1394 1757 1394 1756 1393 1758 1395 1757 1394 1758 1395 1759 1395 1760 1396 1761 1396 1762 1397 1760 1396 1762 1397 1763 1398 1763 1398 1762 1397 1764 1399 1763 1398 1764 1399 1765 1400 1765 1400 1764 1399 1766 1401 1765 1400 1766 1401 1767 1402 1767 1402 1766 1401 1768 1403 1767 1402 1768 1403 1769 1403 1770 1404 1771 1404 1772 1405 1770 1404 1772 1405 1773 1406 1773 1406 1772 1405 1774 1407 1773 1406 1774 1407 1775 1408 1775 1408 1774 1407 1776 1409 1775 1408 1776 1409 1777 1410 1777 1410 1776 1409 1778 1411 1777 1410 1778 1411 1779 1411 1780 1412 1781 1412 1782 1413 1780 1412 1782 1413 1783 1414 1783 1414 1782 1413 1784 1415 1783 1414 1784 1415 1785 1416 1785 1416 1784 1415 1786 1417 1785 1416 1786 1417 1787 1418 1787 1418 1786 1417 1788 1419 1787 1418 1788 1419 1789 1419 1790 1420 1791 1420 1792 1421 1790 1420 1792 1421 1793 1422 1793 1422 1792 1421 1794 1423 1793 1422 1794 1423 1795 1424 1795 1424 1794 1423 1796 1425 1795 1424 1796 1425 1797 1426 1797 1426 1796 1425 1798 1427 1797 1426 1798 1427 1799 1427 1800 1428 1801 1428 1802 1429 1800 1428 1802 1429 1803 1429 1803 1429 1802 1429 1804 1430 1803 1429 1804 1430 1805 1431 1805 1431 1804 1430 1806 1432 1805 1431 1806 1432 1807 1433 1807 1433 1806 1432 1808 1434 1807 1433 1808 1434 1809 1434 1810 1435 1811 1435 1812 1436 1810 1435 1812 1436 1813 1437 1813 1437 1812 1436 1814 1438 1813 1437 1814 1438 1815 1439 1815 1439 1814 1438 1816 1440 1815 1439 1816 1440 1817 1441 1817 1441 1816 1440 1818 1442 1817 1441 1818 1442 1819 1442 1820 1443 1821 1443 1822 1444 1820 1443 1822 1444 1823 1445 1823 1445 1822 1444 1824 1446 1823 1445 1824 1446 1825 1447 1825 1447 1824 1446 1826 1448 1825 1447 1826 1448 1827 1449 1827 1449 1826 1448 1828 1450 1827 1449 1828 1450 1829 1450 1830 1451 1831 1451 1832 1452 1830 1451 1832 1452 1833 1453 1833 1453 1832 1452 1834 1454 1833 1453 1834 1454 1835 1455 1835 1455 1834 1454 1836 1456 1835 1455 1836 1456 1837 1457 1837 1457 1836 1456 1838 1458 1837 1457 1838 1458 1839 1458 1840 1459 1841 1459 1842 1460 1840 1459 1842 1460 1843 1461 1843 1461 1842 1460 1844 1462 1843 1461 1844 1462 1845 1463 1845 1463 1844 1462 1846 1464 1845 1463 1846 1464 1847 1465 1847 1465 1846 1464 1848 1466 1847 1465 1848 1466 1849 1466 1850 1467 1851 1467 1852 1468 1850 1467 1852 1468 1853 1469 1853 1469 1852 1468 1854 1470 1853 1469 1854 1470 1855 1471 1855 1471 1854 1470 1856 1472 1855 1471 1856 1472 1857 1473 1857 1473 1856 1472 1858 1474 1857 1473 1858 1474 1859 1474 1860 1475 1861 1475 1862 1476 1860 1475 1862 1476 1863 1477 1863 1477 1862 1476 1864 1478 1863 1477 1864 1478 1865 1479 1865 1479 1864 1478 1866 1480 1865 1479 1866 1480 1867 1481 1867 1481 1866 1480 1868 1482 1867 1481 1868 1482 1869 1482 1870 1483 1871 1483 1872 1484 1870 1483 1872 1484 1873 1484 1873 1484 1872 1484 1874 1485 1873 1484 1874 1485 1875 1486 1875 1486 1874 1485 1876 1487 1875 1486 1876 1487 1877 1488 1877 1488 1876 1487 1878 1489 1877 1488 1878 1489 1879 1489 1880 1490 1881 1490 1882 1491 1880 1490 1882 1491 1883 1492 1883 1492 1882 1491 1884 1493 1883 1492 1884 1493 1885 1494 1885 1494 1884 1493 1886 1495 1885 1494 1886 1495 1887 1496 1887 1496 1886 1495 1888 1497 1887 1496 1888 1497 1889 1497 1890 1498 1891 1498 1892 1499 1890 1498 1892 1499 1893 1500 1893 1500 1892 1499 1894 1501 1893 1500 1894 1501 1895 1502 1895 1502 1894 1501 1896 1503 1895 1502 1896 1503 1897 1504 1897 1504 1896 1503 1898 1505 1897 1504 1898 1505 1899 1505 1900 1506 1901 1506 1902 1507 1900 1506 1902 1507 1903 1508 1903 1508 1902 1507 1904 1509 1903 1508 1904 1509 1905 1510 1905 1510 1904 1509 1906 1511 1905 1510 1906 1511 1907 1512 1907 1512 1906 1511 1908 1513 1907 1512 1908 1513 1909 1513 1910 1514 1911 1514 1912 1515 1910 1514 1912 1515 1913 1516 1913 1516 1912 1515 1914 1517 1913 1516 1914 1517 1915 1518 1915 1518 1914 1517 1916 1519 1915 1518 1916 1519 1917 1520 1917 1520 1916 1519 1918 1521 1917 1520 1918 1521 1919 1521 1920 1522 1921 1522 1922 1523 1920 1522 1922 1523 1923 1524 1923 1524 1922 1523 1924 1525 1923 1524 1924 1525 1925 1526 1925 1526 1924 1525 1926 1527 1925 1526 1926 1527 1927 1528 1927 1528 1926 1527 1928 1529 1927 1528 1928 1529 1929 1529 1930 1530 1931 1530 1932 1531 1930 1530 1932 1531 1933 1532 1933 1532 1932 1531 1934 1533 1933 1532 1934 1533 1935 1534 1935 1534 1934 1533 1936 1535 1935 1534 1936 1535 1937 1536 1937 1536 1936 1535 1938 1537 1937 1536 1938 1537 1939 1537 1940 1538 1941 1538 1942 1539 1940 1538 1942 1539 1943 1540 1943 1540 1942 1539 1944 1541 1943 1540 1944 1541 1945 1542 1945 1542 1944 1541 1946 1543 1945 1542 1946 1543 1947 1544 1947 1544 1946 1543 1948 1545 1947 1544 1948 1545 1949 1545 1950 1546 1951 1546 1952 1547 1950 1546 1952 1547 1953 1548 1953 1548 1952 1547 1954 1549 1953 1548 1954 1549 1955 1550 1955 1550 1954 1549 1956 1551 1955 1550 1956 1551 1957 1552 1957 1552 1956 1551 1958 1553 1957 1552 1958 1553 1959 1553 1960 1554 1961 1554 1962 1555 1960 1554 1962 1555 1963 1556 1963 1556 1962 1555 1964 1557 1963 1556 1964 1557 1965 1558 1965 1558 1964 1557 1966 1559 1965 1558 1966 1559 1967 1560 1967 1560 1966 1559 1968 1561 1967 1560 1968 1561 1969 1561 1970 1562 1971 1562 1972 1563 1970 1562 1972 1563 1973 1564 1973 1564 1972 1563 1974 1565 1973 1564 1974 1565 1975 1566 1975 1566 1974 1565 1976 1567 1975 1566 1976 1567 1977 1568 1977 1568 1976 1567 1978 1569 1977 1568 1978 1569 1979 1569 1980 1570 1981 1570 1982 1571 1980 1570 1982 1571 1983 1572 1983 1572 1982 1571 1984 1573 1983 1572 1984 1573 1985 1574 1985 1574 1984 1573 1986 1575 1985 1574 1986 1575 1987 1576 1987 1576 1986 1575 1988 1577 1987 1576 1988 1577 1989 1577 1990 1578 1991 1578 1992 1579 1990 1578 1992 1579 1993 1580 1993 1580 1992 1579 1994 1581 1993 1580 1994 1581 1995 1582 1995 1582 1994 1581 1996 1583 1995 1582 1996 1583 1997 1584 1997 1584 1996 1583 1998 1585 1997 1584 1998 1585 1999 1585 0 1586 2 1587 1 1586 0 1586 3 1588 2 1587 3 1588 4 1589 2 1587 3 1588 5 1590 4 1589 5 1590 6 1591 4 1589 5 1590 7 1592 6 1591 7 1592 8 1593 6 1591 7 1592 9 1593 8 1593 10 1594 12 1595 11 1594 10 1594 13 1596 12 1595 13 1596 14 1597 12 1595 13 1596 15 1598 14 1597 15 1598 16 1599 14 1597 15 1598 17 1600 16 1599 17 1600 18 1601 16 1599 17 1600 19 1601 18 1601 20 1602 22 1603 21 1602 20 1602 23 1604 22 1603 23 1604 24 1605 22 1603 23 1604 25 1606 24 1605 25 1606 26 1607 24 1605 25 1606 27 1608 26 1607 27 1608 28 1609 26 1607 27 1608 29 1609 28 1609 30 1610 32 1611 31 1610 30 1610 33 1612 32 1611 33 1612 34 1613 32 1611 33 1612 35 1614 34 1613 35 1614 36 1615 34 1613 35 1614 37 1616 36 1615 37 1616 38 1617 36 1615 37 1616 39 1617 38 1617 40 1618 42 1619 41 1618 40 1618 43 1620 42 1619 43 1620 44 1621 42 1619 43 1620 45 1622 44 1621 45 1622 46 1623 44 1621 45 1622 47 1624 46 1623 47 1624 48 1625 46 1623 47 1624 49 1625 48 1625 50 1626 52 1627 51 1626 50 1626 53 1628 52 1627 53 1628 54 1629 52 1627 53 1628 55 1630 54 1629 55 1630 56 1631 54 1629 55 1630 57 1632 56 1631 57 1632 58 1633 56 1631 57 1632 59 1633 58 1633 60 1634 62 1635 61 1634 60 1634 63 1636 62 1635 63 1636 64 1637 62 1635 63 1636 65 1638 64 1637 65 1638 66 1639 64 1637 65 1638 67 1640 66 1639 67 1640 68 1641 66 1639 67 1640 69 1641 68 1641 70 1642 72 1643 71 1642 70 1642 73 1644 72 1643 73 1644 74 1645 72 1643 73 1644 75 1646 74 1645 75 1646 76 1647 74 1645 75 1646 77 1648 76 1647 77 1648 78 1649 76 1647 77 1648 79 1649 78 1649 80 1650 82 1651 81 1650 80 1650 83 1652 82 1651 83 1652 84 1653 82 1651 83 1652 85 1654 84 1653 85 1654 86 1655 84 1653 85 1654 87 1656 86 1655 87 1656 88 1657 86 1655 87 1656 89 1657 88 1657 90 1658 92 1659 91 1658 90 1658 93 1660 92 1659 93 1660 94 1661 92 1659 93 1660 95 1662 94 1661 95 1662 96 1663 94 1661 95 1662 97 1664 96 1663 97 1664 98 1665 96 1663 97 1664 99 1665 98 1665 100 1666 102 1667 101 1666 100 1666 103 1667 102 1667 103 1667 104 1668 102 1667 103 1667 105 1669 104 1668 105 1669 106 1670 104 1668 105 1669 107 1671 106 1670 107 1671 108 1672 106 1670 107 1671 109 1672 108 1672 110 1673 112 1674 111 1673 110 1673 113 1675 112 1674 113 1675 114 1676 112 1674 113 1675 115 1677 114 1676 115 1677 116 1678 114 1676 115 1677 117 1679 116 1678 117 1679 118 1680 116 1678 117 1679 119 1680 118 1680 120 1681 122 1682 121 1681 120 1681 123 1683 122 1682 123 1683 124 1684 122 1682 123 1683 125 1685 124 1684 125 1685 126 1686 124 1684 125 1685 127 1687 126 1686 127 1687 128 1688 126 1686 127 1687 129 1688 128 1688 130 1689 132 1690 131 1689 130 1689 133 1691 132 1690 133 1691 134 1692 132 1690 133 1691 135 1693 134 1692 135 1693 136 1694 134 1692 135 1693 137 1695 136 1694 137 1695 138 1696 136 1694 137 1695 139 1696 138 1696 140 1697 142 1698 141 1697 140 1697 143 1699 142 1698 143 1699 144 1700 142 1698 143 1699 145 1701 144 1700 145 1701 146 1702 144 1700 145 1701 147 1703 146 1702 147 1703 148 1704 146 1702 147 1703 149 1704 148 1704 150 1705 152 1706 151 1705 150 1705 153 1707 152 1706 153 1707 154 1708 152 1706 153 1707 155 1709 154 1708 155 1709 156 1710 154 1708 155 1709 157 1711 156 1710 157 1711 158 1712 156 1710 157 1711 159 1712 158 1712 160 1713 162 1714 161 1713 160 1713 163 1715 162 1714 163 1715 164 1716 162 1714 163 1715 165 1717 164 1716 165 1717 166 1718 164 1716 165 1717 167 1719 166 1718 167 1719 168 1720 166 1718 167 1719 169 1720 168 1720 170 1721 172 1722 171 1721 170 1721 173 1722 172 1722 173 1722 174 1723 172 1722 173 1722 175 1724 174 1723 175 1724 176 1725 174 1723 175 1724 177 1726 176 1725 177 1726 178 1727 176 1725 177 1726 179 1727 178 1727 180 1728 182 1729 181 1728 180 1728 183 1730 182 1729 183 1730 184 1731 182 1729 183 1730 185 1732 184 1731 185 1732 186 1733 184 1731 185 1732 187 1734 186 1733 187 1734 188 1735 186 1733 187 1734 189 1735 188 1735 190 1736 192 1737 191 1736 190 1736 193 1738 192 1737 193 1738 194 1739 192 1737 193 1738 195 1740 194 1739 195 1740 196 1741 194 1739 195 1740 197 1742 196 1741 197 1742 198 1743 196 1741 197 1742 199 1743 198 1743 200 1744 202 1745 201 1744 200 1744 203 1745 202 1745 203 1745 204 1746 202 1745 203 1745 205 1747 204 1746 205 1747 206 1748 204 1746 205 1747 207 1749 206 1748 207 1749 208 1750 206 1748 207 1749 209 1750 208 1750 210 1751 212 1752 211 1751 210 1751 213 1753 212 1752 213 1753 214 1754 212 1752 213 1753 215 1755 214 1754 215 1755 216 1756 214 1754 215 1755 217 1757 216 1756 217 1757 218 1758 216 1756 217 1757 219 1758 218 1758 220 1759 222 1760 221 1759 220 1759 223 1761 222 1760 223 1761 224 1762 222 1760 223 1761 225 1763 224 1762 225 1763 226 1764 224 1762 225 1763 227 1765 226 1764 227 1765 228 1766 226 1764 227 1765 229 1766 228 1766 230 1767 232 1768 231 1767 230 1767 233 1769 232 1768 233 1769 234 1770 232 1768 233 1769 235 1771 234 1770 235 1771 236 1772 234 1770 235 1771 237 1773 236 1772 237 1773 238 1774 236 1772 237 1773 239 1774 238 1774 240 1775 242 1776 241 1775 240 1775 243 1777 242 1776 243 1777 244 1778 242 1776 243 1777 245 1779 244 1778 245 1779 246 1780 244 1778 245 1779 247 1781 246 1780 247 1781 248 1782 246 1780 247 1781 249 1782 248 1782 250 1783 252 1784 251 1783 250 1783 253 1785 252 1784 253 1785 254 1786 252 1784 253 1785 255 1787 254 1786 255 1787 256 1788 254 1786 255 1787 257 1789 256 1788 257 1789 258 1790 256 1788 257 1789 259 1790 258 1790 260 1791 262 1792 261 1791 260 1791 263 1793 262 1792 263 1793 264 1794 262 1792 263 1793 265 1795 264 1794 265 1795 266 1796 264 1794 265 1795 267 1797 266 1796 267 1797 268 1798 266 1796 267 1797 269 1798 268 1798 270 1799 272 1800 271 1799 270 1799 273 1801 272 1800 273 1801 274 1802 272 1800 273 1801 275 1803 274 1802 275 1803 276 1804 274 1802 275 1803 277 1805 276 1804 277 1805 278 1806 276 1804 277 1805 279 1806 278 1806 280 1807 282 1808 281 1807 280 1807 283 1809 282 1808 283 1809 284 1810 282 1808 283 1809 285 1811 284 1810 285 1811 286 1812 284 1810 285 1811 287 1813 286 1812 287 1813 288 1814 286 1812 287 1813 289 1814 288 1814 290 1815 292 1816 291 1815 290 1815 293 1817 292 1816 293 1817 294 1818 292 1816 293 1817 295 1819 294 1818 295 1819 296 1820 294 1818 295 1819 297 1821 296 1820 297 1821 298 1822 296 1820 297 1821 299 1822 298 1822 300 1823 302 1824 301 1823 300 1823 303 1825 302 1824 303 1825 304 1826 302 1824 303 1825 305 1827 304 1826 305 1827 306 1828 304 1826 305 1827 307 1829 306 1828 307 1829 308 1830 306 1828 307 1829 309 1830 308 1830 310 1831 312 1832 311 1831 310 1831 313 1833 312 1832 313 1833 314 1834 312 1832 313 1833 315 1835 314 1834 315 1835 316 1836 314 1834 315 1835 317 1837 316 1836 317 1837 318 1838 316 1836 317 1837 319 1838 318 1838 320 1839 322 1840 321 1839 320 1839 323 1841 322 1840 323 1841 324 1842 322 1840 323 1841 325 1843 324 1842 325 1843 326 1844 324 1842 325 1843 327 1845 326 1844 327 1845 328 1846 326 1844 327 1845 329 1846 328 1846 330 1847 332 1848 331 1847 330 1847 333 1849 332 1848 333 1849 334 1850 332 1848 333 1849 335 1851 334 1850 335 1851 336 1852 334 1850 335 1851 337 1853 336 1852 337 1853 338 1854 336 1852 337 1853 339 1854 338 1854 340 1855 342 1856 341 1855 340 1855 343 1857 342 1856 343 1857 344 1858 342 1856 343 1857 345 1859 344 1858 345 1859 346 1860 344 1858 345 1859 347 1861 346 1860 347 1861 348 1862 346 1860 347 1861 349 1862 348 1862 350 1863 352 1864 351 1863 350 1863 353 1865 352 1864 353 1865 354 1866 352 1864 353 1865 355 1867 354 1866 355 1867 356 1868 354 1866 355 1867 357 1869 356 1868 357 1869 358 1870 356 1868 357 1869 359 1870 358 1870 360 1871 362 1872 361 1871 360 1871 363 1873 362 1872 363 1873 364 1874 362 1872 363 1873 365 1875 364 1874 365 1875 366 1876 364 1874 365 1875 367 1877 366 1876 367 1877 368 1878 366 1876 367 1877 369 1878 368 1878 370 1879 372 1880 371 1879 370 1879 373 1881 372 1880 373 1881 374 1882 372 1880 373 1881 375 1883 374 1882 375 1883 376 1884 374 1882 375 1883 377 1885 376 1884 377 1885 378 1886 376 1884 377 1885 379 1886 378 1886 380 1887 382 1888 381 1887 380 1887 383 1889 382 1888 383 1889 384 1890 382 1888 383 1889 385 1891 384 1890 385 1891 386 1892 384 1890 385 1891 387 1893 386 1892 387 1893 388 1894 386 1892 387 1893 389 1894 388 1894 390 1895 392 1896 391 1895 390 1895 393 1897 392 1896 393 1897 394 1898 392 1896 393 1897 395 1899 394 1898 395 1899 396 1900 394 1898 395 1899 397 1901 396 1900 397 1901 398 1902 396 1900 397 1901 399 1902 398 1902 400 1903 402 1904 401 1903 400 1903 403 1905 402 1904 403 1905 404 1906 402 1904 403 1905 405 1907 404 1906 405 1907 406 1908 404 1906 405 1907 407 1909 406 1908 407 1909 408 1910 406 1908 407 1909 409 1910 408 1910 410 1911 412 1912 411 1911 410 1911 413 1913 412 1912 413 1913 414 1914 412 1912 413 1913 415 1915 414 1914 415 1915 416 1916 414 1914 415 1915 417 1917 416 1916 417 1917 418 1918 416 1916 417 1917 419 1918 418 1918 420 1919 422 1920 421 1919 420 1919 423 1921 422 1920 423 1921 424 1922 422 1920 423 1921 425 1923 424 1922 425 1923 426 1924 424 1922 425 1923 427 1925 426 1924 427 1925 428 1926 426 1924 427 1925 429 1926 428 1926 430 1927 432 1928 431 1927 430 1927 433 1929 432 1928 433 1929 434 1930 432 1928 433 1929 435 1931 434 1930 435 1931 436 1932 434 1930 435 1931 437 1933 436 1932 437 1933 438 1934 436 1932 437 1933 439 1934 438 1934 440 1935 442 1936 441 1935 440 1935 443 1937 442 1936 443 1937 444 1938 442 1936 443 1937 445 1939 444 1938 445 1939 446 1940 444 1938 445 1939 447 1941 446 1940 447 1941 448 1942 446 1940 447 1941 449 1942 448 1942 450 1943 452 1944 451 1943 450 1943 453 1945 452 1944 453 1945 454 1946 452 1944 453 1945 455 1947 454 1946 455 1947 456 1948 454 1946 455 1947 457 1949 456 1948 457 1949 458 1950 456 1948 457 1949 459 1950 458 1950 460 1951 462 1952 461 1951 460 1951 463 1953 462 1952 463 1953 464 1954 462 1952 463 1953 465 1955 464 1954 465 1955 466 1956 464 1954 465 1955 467 1957 466 1956 467 1957 468 1958 466 1956 467 1957 469 1958 468 1958 470 1959 472 1960 471 1959 470 1959 473 1961 472 1960 473 1961 474 1962 472 1960 473 1961 475 1963 474 1962 475 1963 476 1964 474 1962 475 1963 477 1965 476 1964 477 1965 478 1966 476 1964 477 1965 479 1966 478 1966 480 1967 482 1968 481 1967 480 1967 483 1969 482 1968 483 1969 484 1970 482 1968 483 1969 485 1971 484 1970 485 1971 486 1972 484 1970 485 1971 487 1973 486 1972 487 1973 488 1974 486 1972 487 1973 489 1974 488 1974 490 1975 492 1976 491 1975 490 1975 493 1977 492 1976 493 1977 494 1978 492 1976 493 1977 495 1979 494 1978 495 1979 496 1980 494 1978 495 1979 497 1981 496 1980 497 1981 498 1982 496 1980 497 1981 499 1982 498 1982 500 1983 502 1984 501 1983 500 1983 503 1984 502 1984 503 1984 504 1985 502 1984 503 1984 505 1986 504 1985 505 1986 506 1987 504 1985 505 1986 507 1988 506 1987 507 1988 508 1989 506 1987 507 1988 509 1989 508 1989 510 1990 512 1991 511 1990 510 1990 513 1992 512 1991 513 1992 514 1993 512 1991 513 1992 515 1994 514 1993 515 1994 516 1995 514 1993 515 1994 517 1996 516 1995 517 1996 518 1997 516 1995 517 1996 519 1997 518 1997 520 1998 522 1999 521 1998 520 1998 523 2000 522 1999 523 2000 524 2001 522 1999 523 2000 525 2002 524 2001 525 2002 526 2003 524 2001 525 2002 527 2004 526 2003 527 2004 528 2005 526 2003 527 2004 529 2005 528 2005 530 2006 532 2007 531 2006 530 2006 533 2008 532 2007 533 2008 534 2009 532 2007 533 2008 535 2010 534 2009 535 2010 536 2011 534 2009 535 2010 537 2012 536 2011 537 2012 538 2013 536 2011 537 2012 539 2013 538 2013 540 2014 542 2015 541 2014 540 2014 543 2016 542 2015 543 2016 544 2017 542 2015 543 2016 545 2018 544 2017 545 2018 546 2019 544 2017 545 2018 547 2020 546 2019 547 2020 548 2021 546 2019 547 2020 549 2021 548 2021 550 2022 552 2023 551 2022 550 2022 553 2024 552 2023 553 2024 554 2025 552 2023 553 2024 555 2026 554 2025 555 2026 556 2027 554 2025 555 2026 557 2028 556 2027 557 2028 558 2029 556 2027 557 2028 559 2029 558 2029 560 2030 562 2031 561 2030 560 2030 563 2032 562 2031 563 2032 564 2033 562 2031 563 2032 565 2034 564 2033 565 2034 566 2035 564 2033 565 2034 567 2036 566 2035 567 2036 568 2037 566 2035 567 2036 569 2037 568 2037 570 2038 572 2039 571 2038 570 2038 573 2040 572 2039 573 2040 574 2041 572 2039 573 2040 575 2042 574 2041 575 2042 576 2043 574 2041 575 2042 577 2044 576 2043 577 2044 578 2045 576 2043 577 2044 579 2045 578 2045 580 2046 582 2047 581 2046 580 2046 583 2048 582 2047 583 2048 584 2049 582 2047 583 2048 585 2050 584 2049 585 2050 586 2051 584 2049 585 2050 587 2052 586 2051 587 2052 588 2053 586 2051 587 2052 589 2053 588 2053 590 2054 592 2055 591 2054 590 2054 593 2056 592 2055 593 2056 594 2057 592 2055 593 2056 595 2058 594 2057 595 2058 596 2059 594 2057 595 2058 597 2060 596 2059 597 2060 598 2061 596 2059 597 2060 599 2061 598 2061 600 2062 602 2063 601 2062 600 2062 603 2064 602 2063 603 2064 604 2065 602 2063 603 2064 605 2066 604 2065 605 2066 606 2067 604 2065 605 2066 607 2068 606 2067 607 2068 608 2069 606 2067 607 2068 609 2069 608 2069 610 2070 612 2071 611 2070 610 2070 613 2072 612 2071 613 2072 614 2073 612 2071 613 2072 615 2074 614 2073 615 2074 616 2075 614 2073 615 2074 617 2076 616 2075 617 2076 618 2077 616 2075 617 2076 619 2077 618 2077 620 2078 622 2079 621 2078 620 2078 623 2080 622 2079 623 2080 624 2081 622 2079 623 2080 625 2082 624 2081 625 2082 626 2083 624 2081 625 2082 627 2084 626 2083 627 2084 628 2085 626 2083 627 2084 629 2085 628 2085 630 2086 632 2087 631 2086 630 2086 633 2088 632 2087 633 2088 634 2089 632 2087 633 2088 635 2090 634 2089 635 2090 636 2091 634 2089 635 2090 637 2092 636 2091 637 2092 638 2093 636 2091 637 2092 639 2093 638 2093 640 2094 642 2095 641 2094 640 2094 643 2096 642 2095 643 2096 644 2097 642 2095 643 2096 645 2098 644 2097 645 2098 646 2099 644 2097 645 2098 647 2100 646 2099 647 2100 648 2101 646 2099 647 2100 649 2101 648 2101 650 2102 652 2103 651 2102 650 2102 653 2104 652 2103 653 2104 654 2105 652 2103 653 2104 655 2106 654 2105 655 2106 656 2107 654 2105 655 2106 657 2108 656 2107 657 2108 658 2109 656 2107 657 2108 659 2109 658 2109 660 2110 662 2111 661 2110 660 2110 663 2112 662 2111 663 2112 664 2113 662 2111 663 2112 665 2114 664 2113 665 2114 666 2115 664 2113 665 2114 667 2116 666 2115 667 2116 668 2117 666 2115 667 2116 669 2117 668 2117 670 2118 672 2119 671 2118 670 2118 673 2120 672 2119 673 2120 674 2121 672 2119 673 2120 675 2122 674 2121 675 2122 676 2123 674 2121 675 2122 677 2124 676 2123 677 2124 678 2125 676 2123 677 2124 679 2125 678 2125 680 2126 682 2127 681 2126 680 2126 683 2128 682 2127 683 2128 684 2129 682 2127 683 2128 685 2130 684 2129 685 2130 686 2131 684 2129 685 2130 687 2132 686 2131 687 2132 688 2133 686 2131 687 2132 689 2133 688 2133 690 2134 692 2135 691 2134 690 2134 693 2136 692 2135 693 2136 694 2137 692 2135 693 2136 695 2138 694 2137 695 2138 696 2139 694 2137 695 2138 697 2140 696 2139 697 2140 698 2141 696 2139 697 2140 699 2141 698 2141 700 2142 702 2143 701 2142 700 2142 703 2143 702 2143 703 2143 704 2144 702 2143 703 2143 705 2145 704 2144 705 2145 706 2146 704 2144 705 2145 707 2147 706 2146 707 2147 708 2148 706 2146 707 2147 709 2148 708 2148 710 2149 712 2150 711 2149 710 2149 713 2151 712 2150 713 2151 714 2152 712 2150 713 2151 715 2153 714 2152 715 2153 716 2154 714 2152 715 2153 717 2155 716 2154 717 2155 718 2156 716 2154 717 2155 719 2156 718 2156 720 2157 722 2158 721 2157 720 2157 723 2159 722 2158 723 2159 724 2160 722 2158 723 2159 725 2161 724 2160 725 2161 726 2162 724 2160 725 2161 727 2163 726 2162 727 2163 728 2164 726 2162 727 2163 729 2164 728 2164 730 2165 732 2166 731 2165 730 2165 733 2167 732 2166 733 2167 734 2168 732 2166 733 2167 735 2169 734 2168 735 2169 736 2170 734 2168 735 2169 737 2171 736 2170 737 2171 738 2172 736 2170 737 2171 739 2172 738 2172 740 2173 742 2174 741 2173 740 2173 743 2175 742 2174 743 2175 744 2176 742 2174 743 2175 745 2177 744 2176 745 2177 746 2178 744 2176 745 2177 747 2179 746 2178 747 2179 748 2180 746 2178 747 2179 749 2180 748 2180 750 2181 752 2182 751 2181 750 2181 753 2183 752 2182 753 2183 754 2184 752 2182 753 2183 755 2185 754 2184 755 2185 756 2186 754 2184 755 2185 757 2187 756 2186 757 2187 758 2188 756 2186 757 2187 759 2188 758 2188 760 2189 762 2190 761 2189 760 2189 763 2191 762 2190 763 2191 764 2192 762 2190 763 2191 765 2193 764 2192 765 2193 766 2194 764 2192 765 2193 767 2195 766 2194 767 2195 768 2196 766 2194 767 2195 769 2196 768 2196 770 2197 772 2198 771 2197 770 2197 773 2199 772 2198 773 2199 774 2200 772 2198 773 2199 775 2201 774 2200 775 2201 776 2202 774 2200 775 2201 777 2203 776 2202 777 2203 778 2204 776 2202 777 2203 779 2204 778 2204 780 2205 782 2206 781 2205 780 2205 783 2207 782 2206 783 2207 784 2208 782 2206 783 2207 785 2209 784 2208 785 2209 786 2210 784 2208 785 2209 787 2211 786 2210 787 2211 788 2212 786 2210 787 2211 789 2212 788 2212 790 2213 792 2214 791 2213 790 2213 793 2215 792 2214 793 2215 794 2216 792 2214 793 2215 795 2217 794 2216 795 2217 796 2218 794 2216 795 2217 797 2219 796 2218 797 2219 798 2220 796 2218 797 2219 799 2220 798 2220 800 2221 802 2222 801 2221 800 2221 803 2223 802 2222 803 2223 804 2224 802 2222 803 2223 805 2225 804 2224 805 2225 806 2226 804 2224 805 2225 807 2227 806 2226 807 2227 808 2228 806 2226 807 2227 809 2228 808 2228 810 2229 812 2230 811 2229 810 2229 813 2231 812 2230 813 2231 814 2232 812 2230 813 2231 815 2233 814 2232 815 2233 816 2234 814 2232 815 2233 817 2235 816 2234 817 2235 818 2236 816 2234 817 2235 819 2236 818 2236 820 2237 822 2238 821 2237 820 2237 823 2239 822 2238 823 2239 824 2240 822 2238 823 2239 825 2241 824 2240 825 2241 826 2242 824 2240 825 2241 827 2243 826 2242 827 2243 828 2244 826 2242 827 2243 829 2244 828 2244 830 2245 832 2246 831 2245 830 2245 833 2247 832 2246 833 2247 834 2248 832 2246 833 2247 835 2249 834 2248 835 2249 836 2250 834 2248 835 2249 837 2251 836 2250 837 2251 838 2252 836 2250 837 2251 839 2252 838 2252 840 2253 842 2254 841 2253 840 2253 843 2255 842 2254 843 2255 844 2256 842 2254 843 2255 845 2257 844 2256 845 2257 846 2258 844 2256 845 2257 847 2259 846 2258 847 2259 848 2260 846 2258 847 2259 849 2260 848 2260 850 2261 852 2262 851 2261 850 2261 853 2263 852 2262 853 2263 854 2264 852 2262 853 2263 855 2265 854 2264 855 2265 856 2266 854 2264 855 2265 857 2267 856 2266 857 2267 858 2268 856 2266 857 2267 859 2268 858 2268 860 2269 862 2270 861 2269 860 2269 863 2271 862 2270 863 2271 864 2272 862 2270 863 2271 865 2273 864 2272 865 2273 866 2274 864 2272 865 2273 867 2275 866 2274 867 2275 868 2276 866 2274 867 2275 869 2276 868 2276 870 2277 872 2278 871 2277 870 2277 873 2279 872 2278 873 2279 874 2280 872 2278 873 2279 875 2281 874 2280 875 2281 876 2282 874 2280 875 2281 877 2283 876 2282 877 2283 878 2284 876 2282 877 2283 879 2284 878 2284 880 2285 882 2286 881 2285 880 2285 883 2287 882 2286 883 2287 884 2288 882 2286 883 2287 885 2289 884 2288 885 2289 886 2290 884 2288 885 2289 887 2291 886 2290 887 2291 888 2292 886 2290 887 2291 889 2292 888 2292 890 2293 892 2294 891 2293 890 2293 893 2295 892 2294 893 2295 894 2296 892 2294 893 2295 895 2297 894 2296 895 2297 896 2298 894 2296 895 2297 897 2299 896 2298 897 2299 898 2300 896 2298 897 2299 899 2300 898 2300 900 2301 902 2302 901 2301 900 2301 903 2302 902 2302 903 2302 904 2303 902 2302 903 2302 905 2304 904 2303 905 2304 906 2305 904 2303 905 2304 907 2306 906 2305 907 2306 908 2307 906 2305 907 2306 909 2307 908 2307 910 2308 912 2309 911 2308 910 2308 913 2310 912 2309 913 2310 914 2311 912 2309 913 2310 915 2312 914 2311 915 2312 916 2313 914 2311 915 2312 917 2314 916 2313 917 2314 918 2315 916 2313 917 2314 919 2315 918 2315 920 2316 922 2317 921 2316 920 2316 923 2318 922 2317 923 2318 924 2319 922 2317 923 2318 925 2320 924 2319 925 2320 926 2321 924 2319 925 2320 927 2322 926 2321 927 2322 928 2323 926 2321 927 2322 929 2323 928 2323 930 2324 932 2325 931 2324 930 2324 933 2326 932 2325 933 2326 934 2327 932 2325 933 2326 935 2328 934 2327 935 2328 936 2329 934 2327 935 2328 937 2330 936 2329 937 2330 938 2331 936 2329 937 2330 939 2331 938 2331 940 2332 942 2333 941 2332 940 2332 943 2334 942 2333 943 2334 944 2335 942 2333 943 2334 945 2336 944 2335 945 2336 946 2337 944 2335 945 2336 947 2338 946 2337 947 2338 948 2339 946 2337 947 2338 949 2339 948 2339 950 2340 952 2341 951 2340 950 2340 953 2342 952 2341 953 2342 954 2343 952 2341 953 2342 955 2344 954 2343 955 2344 956 2345 954 2343 955 2344 957 2346 956 2345 957 2346 958 2347 956 2345 957 2346 959 2347 958 2347 960 2348 962 2349 961 2348 960 2348 963 2350 962 2349 963 2350 964 2351 962 2349 963 2350 965 2352 964 2351 965 2352 966 2353 964 2351 965 2352 967 2354 966 2353 967 2354 968 2355 966 2353 967 2354 969 2355 968 2355 970 2356 972 2357 971 2356 970 2356 973 2358 972 2357 973 2358 974 2359 972 2357 973 2358 975 2360 974 2359 975 2360 976 2361 974 2359 975 2360 977 2362 976 2361 977 2362 978 2363 976 2361 977 2362 979 2363 978 2363 980 2364 982 2365 981 2364 980 2364 983 2366 982 2365 983 2366 984 2367 982 2365 983 2366 985 2368 984 2367 985 2368 986 2369 984 2367 985 2368 987 2370 986 2369 987 2370 988 2371 986 2369 987 2370 989 2371 988 2371 990 2372 992 2373 991 2372 990 2372 993 2374 992 2373 993 2374 994 2375 992 2373 993 2374 995 2376 994 2375 995 2376 996 2377 994 2375 995 2376 997 2378 996 2377 997 2378 998 2379 996 2377 997 2378 999 2379 998 2379 1000 2380 1002 2381 1001 2380 1000 2380 1003 2381 1002 2381 1003 2381 1004 2382 1002 2381 1003 2381 1005 2383 1004 2382 1005 2383 1006 2384 1004 2382 1005 2383 1007 2385 1006 2384 1007 2385 1008 2386 1006 2384 1007 2385 1009 2386 1008 2386 1010 2387 1012 2388 1011 2387 1010 2387 1013 2389 1012 2388 1013 2389 1014 2390 1012 2388 1013 2389 1015 2391 1014 2390 1015 2391 1016 2392 1014 2390 1015 2391 1017 2393 1016 2392 1017 2393 1018 2394 1016 2392 1017 2393 1019 2394 1018 2394 1020 2395 1022 2396 1021 2395 1020 2395 1023 2397 1022 2396 1023 2397 1024 2398 1022 2396 1023 2397 1025 2399 1024 2398 1025 2399 1026 2400 1024 2398 1025 2399 1027 2401 1026 2400 1027 2401 1028 2402 1026 2400 1027 2401 1029 2402 1028 2402 1030 2403 1032 2404 1031 2403 1030 2403 1033 2405 1032 2404 1033 2405 1034 2406 1032 2404 1033 2405 1035 2407 1034 2406 1035 2407 1036 2408 1034 2406 1035 2407 1037 2409 1036 2408 1037 2409 1038 2410 1036 2408 1037 2409 1039 2410 1038 2410 1040 2411 1042 2412 1041 2411 1040 2411 1043 2413 1042 2412 1043 2413 1044 2414 1042 2412 1043 2413 1045 2415 1044 2414 1045 2415 1046 2416 1044 2414 1045 2415 1047 2417 1046 2416 1047 2417 1048 2418 1046 2416 1047 2417 1049 2418 1048 2418 1050 2419 1052 2420 1051 2419 1050 2419 1053 2421 1052 2420 1053 2421 1054 2422 1052 2420 1053 2421 1055 2423 1054 2422 1055 2423 1056 2424 1054 2422 1055 2423 1057 2425 1056 2424 1057 2425 1058 2426 1056 2424 1057 2425 1059 2426 1058 2426 1060 2427 1062 2428 1061 2427 1060 2427 1063 2429 1062 2428 1063 2429 1064 2430 1062 2428 1063 2429 1065 2431 1064 2430 1065 2431 1066 2432 1064 2430 1065 2431 1067 2433 1066 2432 1067 2433 1068 2434 1066 2432 1067 2433 1069 2434 1068 2434 1070 2435 1072 2436 1071 2435 1070 2435 1073 2437 1072 2436 1073 2437 1074 2438 1072 2436 1073 2437 1075 2439 1074 2438 1075 2439 1076 2440 1074 2438 1075 2439 1077 2441 1076 2440 1077 2441 1078 2442 1076 2440 1077 2441 1079 2442 1078 2442 1080 2443 1082 2444 1081 2443 1080 2443 1083 2445 1082 2444 1083 2445 1084 2446 1082 2444 1083 2445 1085 2447 1084 2446 1085 2447 1086 2448 1084 2446 1085 2447 1087 2449 1086 2448 1087 2449 1088 2450 1086 2448 1087 2449 1089 2450 1088 2450 1090 2451 1092 2452 1091 2451 1090 2451 1093 2453 1092 2452 1093 2453 1094 2454 1092 2452 1093 2453 1095 2455 1094 2454 1095 2455 1096 2456 1094 2454 1095 2455 1097 2457 1096 2456 1097 2457 1098 2458 1096 2456 1097 2457 1099 2458 1098 2458 1100 2459 1102 2460 1101 2459 1100 2459 1103 2460 1102 2460 1103 2460 1104 2461 1102 2460 1103 2460 1105 2462 1104 2461 1105 2462 1106 2463 1104 2461 1105 2462 1107 2464 1106 2463 1107 2464 1108 2465 1106 2463 1107 2464 1109 2465 1108 2465 1110 2466 1112 2467 1111 2466 1110 2466 1113 2468 1112 2467 1113 2468 1114 2469 1112 2467 1113 2468 1115 2470 1114 2469 1115 2470 1116 2471 1114 2469 1115 2470 1117 2472 1116 2471 1117 2472 1118 2473 1116 2471 1117 2472 1119 2473 1118 2473 1120 2474 1122 2475 1121 2474 1120 2474 1123 2476 1122 2475 1123 2476 1124 2477 1122 2475 1123 2476 1125 2478 1124 2477 1125 2478 1126 2479 1124 2477 1125 2478 1127 2480 1126 2479 1127 2480 1128 2481 1126 2479 1127 2480 1129 2481 1128 2481 1130 2482 1132 2483 1131 2482 1130 2482 1133 2484 1132 2483 1133 2484 1134 2485 1132 2483 1133 2484 1135 2486 1134 2485 1135 2486 1136 2487 1134 2485 1135 2486 1137 2488 1136 2487 1137 2488 1138 2489 1136 2487 1137 2488 1139 2489 1138 2489 1140 2490 1142 2491 1141 2490 1140 2490 1143 2492 1142 2491 1143 2492 1144 2493 1142 2491 1143 2492 1145 2494 1144 2493 1145 2494 1146 2495 1144 2493 1145 2494 1147 2496 1146 2495 1147 2496 1148 2497 1146 2495 1147 2496 1149 2497 1148 2497 1150 2498 1152 2499 1151 2498 1150 2498 1153 2500 1152 2499 1153 2500 1154 2501 1152 2499 1153 2500 1155 2502 1154 2501 1155 2502 1156 2503 1154 2501 1155 2502 1157 2504 1156 2503 1157 2504 1158 2505 1156 2503 1157 2504 1159 2505 1158 2505 1160 2506 1162 2507 1161 2506 1160 2506 1163 2508 1162 2507 1163 2508 1164 2509 1162 2507 1163 2508 1165 2510 1164 2509 1165 2510 1166 2511 1164 2509 1165 2510 1167 2512 1166 2511 1167 2512 1168 2513 1166 2511 1167 2512 1169 2513 1168 2513 1170 2514 1172 2515 1171 2514 1170 2514 1173 2516 1172 2515 1173 2516 1174 2517 1172 2515 1173 2516 1175 2518 1174 2517 1175 2518 1176 2519 1174 2517 1175 2518 1177 2520 1176 2519 1177 2520 1178 2521 1176 2519 1177 2520 1179 2521 1178 2521 1180 2522 1182 2523 1181 2522 1180 2522 1183 2524 1182 2523 1183 2524 1184 2525 1182 2523 1183 2524 1185 2526 1184 2525 1185 2526 1186 2527 1184 2525 1185 2526 1187 2528 1186 2527 1187 2528 1188 2529 1186 2527 1187 2528 1189 2529 1188 2529 1190 2530 1192 2531 1191 2530 1190 2530 1193 2532 1192 2531 1193 2532 1194 2533 1192 2531 1193 2532 1195 2534 1194 2533 1195 2534 1196 2535 1194 2533 1195 2534 1197 2536 1196 2535 1197 2536 1198 2537 1196 2535 1197 2536 1199 2537 1198 2537 1200 2538 1202 2539 1201 2538 1200 2538 1203 2540 1202 2539 1203 2540 1204 2541 1202 2539 1203 2540 1205 2542 1204 2541 1205 2542 1206 2543 1204 2541 1205 2542 1207 2544 1206 2543 1207 2544 1208 2545 1206 2543 1207 2544 1209 2545 1208 2545 1210 2546 1212 2547 1211 2546 1210 2546 1213 2548 1212 2547 1213 2548 1214 2549 1212 2547 1213 2548 1215 2550 1214 2549 1215 2550 1216 2551 1214 2549 1215 2550 1217 2552 1216 2551 1217 2552 1218 2553 1216 2551 1217 2552 1219 2553 1218 2553 1220 2554 1222 2555 1221 2554 1220 2554 1223 2556 1222 2555 1223 2556 1224 2557 1222 2555 1223 2556 1225 2558 1224 2557 1225 2558 1226 2559 1224 2557 1225 2558 1227 2560 1226 2559 1227 2560 1228 2561 1226 2559 1227 2560 1229 2561 1228 2561 1230 2562 1232 2563 1231 2562 1230 2562 1233 2564 1232 2563 1233 2564 1234 2565 1232 2563 1233 2564 1235 2566 1234 2565 1235 2566 1236 2567 1234 2565 1235 2566 1237 2568 1236 2567 1237 2568 1238 2569 1236 2567 1237 2568 1239 2569 1238 2569 1240 2570 1242 2571 1241 2570 1240 2570 1243 2572 1242 2571 1243 2572 1244 2573 1242 2571 1243 2572 1245 2574 1244 2573 1245 2574 1246 2575 1244 2573 1245 2574 1247 2576 1246 2575 1247 2576 1248 2577 1246 2575 1247 2576 1249 2577 1248 2577 1250 2578 1252 2579 1251 2578 1250 2578 1253 2580 1252 2579 1253 2580 1254 2581 1252 2579 1253 2580 1255 2582 1254 2581 1255 2582 1256 2583 1254 2581 1255 2582 1257 2584 1256 2583 1257 2584 1258 2585 1256 2583 1257 2584 1259 2585 1258 2585 1260 2586 1262 2587 1261 2586 1260 2586 1263 2588 1262 2587 1263 2588 1264 2589 1262 2587 1263 2588 1265 2590 1264 2589 1265 2590 1266 2591 1264 2589 1265 2590 1267 2592 1266 2591 1267 2592 1268 2593 1266 2591 1267 2592 1269 2593 1268 2593 1270 2594 1272 2595 1271 2594 1270 2594 1273 2595 1272 2595 1273 2595 1274 2596 1272 2595 1273 2595 1275 2597 1274 2596 1275 2597 1276 2598 1274 2596 1275 2597 1277 2599 1276 2598 1277 2599 1278 2600 1276 2598 1277 2599 1279 2600 1278 2600 1280 2601 1282 2602 1281 2601 1280 2601 1283 2603 1282 2602 1283 2603 1284 2604 1282 2602 1283 2603 1285 2605 1284 2604 1285 2605 1286 2606 1284 2604 1285 2605 1287 2607 1286 2606 1287 2607 1288 2608 1286 2606 1287 2607 1289 2608 1288 2608 1290 2609 1292 2610 1291 2609 1290 2609 1293 2611 1292 2610 1293 2611 1294 2612 1292 2610 1293 2611 1295 2613 1294 2612 1295 2613 1296 2614 1294 2612 1295 2613 1297 2615 1296 2614 1297 2615 1298 2616 1296 2614 1297 2615 1299 2616 1298 2616 1300 2617 1302 2618 1301 2617 1300 2617 1303 2619 1302 2618 1303 2619 1304 2620 1302 2618 1303 2619 1305 2621 1304 2620 1305 2621 1306 2622 1304 2620 1305 2621 1307 2623 1306 2622 1307 2623 1308 2624 1306 2622 1307 2623 1309 2624 1308 2624 1310 2625 1312 2626 1311 2625 1310 2625 1313 2627 1312 2626 1313 2627 1314 2628 1312 2626 1313 2627 1315 2629 1314 2628 1315 2629 1316 2630 1314 2628 1315 2629 1317 2631 1316 2630 1317 2631 1318 2632 1316 2630 1317 2631 1319 2632 1318 2632 1320 2633 1322 2634 1321 2633 1320 2633 1323 2635 1322 2634 1323 2635 1324 2636 1322 2634 1323 2635 1325 2637 1324 2636 1325 2637 1326 2638 1324 2636 1325 2637 1327 2639 1326 2638 1327 2639 1328 2640 1326 2638 1327 2639 1329 2640 1328 2640 1330 2641 1332 2642 1331 2641 1330 2641 1333 2643 1332 2642 1333 2643 1334 2644 1332 2642 1333 2643 1335 2645 1334 2644 1335 2645 1336 2646 1334 2644 1335 2645 1337 2647 1336 2646 1337 2647 1338 2648 1336 2646 1337 2647 1339 2648 1338 2648 1340 2649 1342 2650 1341 2649 1340 2649 1343 2651 1342 2650 1343 2651 1344 2652 1342 2650 1343 2651 1345 2653 1344 2652 1345 2653 1346 2654 1344 2652 1345 2653 1347 2655 1346 2654 1347 2655 1348 2656 1346 2654 1347 2655 1349 2656 1348 2656 1350 2657 1352 2658 1351 2657 1350 2657 1353 2659 1352 2658 1353 2659 1354 2660 1352 2658 1353 2659 1355 2661 1354 2660 1355 2661 1356 2662 1354 2660 1355 2661 1357 2663 1356 2662 1357 2663 1358 2664 1356 2662 1357 2663 1359 2664 1358 2664 1360 2665 1362 2666 1361 2665 1360 2665 1363 2667 1362 2666 1363 2667 1364 2668 1362 2666 1363 2667 1365 2669 1364 2668 1365 2669 1366 2670 1364 2668 1365 2669 1367 2671 1366 2670 1367 2671 1368 2672 1366 2670 1367 2671 1369 2672 1368 2672 1370 2673 1372 2674 1371 2673 1370 2673 1373 2675 1372 2674 1373 2675 1374 2676 1372 2674 1373 2675 1375 2677 1374 2676 1375 2677 1376 2678 1374 2676 1375 2677 1377 2679 1376 2678 1377 2679 1378 2680 1376 2678 1377 2679 1379 2680 1378 2680 1380 2681 1382 2682 1381 2681 1380 2681 1383 2683 1382 2682 1383 2683 1384 2684 1382 2682 1383 2683 1385 2685 1384 2684 1385 2685 1386 2686 1384 2684 1385 2685 1387 2687 1386 2686 1387 2687 1388 2688 1386 2686 1387 2687 1389 2688 1388 2688 1390 2689 1392 2690 1391 2689 1390 2689 1393 2691 1392 2690 1393 2691 1394 2692 1392 2690 1393 2691 1395 2693 1394 2692 1395 2693 1396 2694 1394 2692 1395 2693 1397 2695 1396 2694 1397 2695 1398 2696 1396 2694 1397 2695 1399 2696 1398 2696 1400 2697 1402 2698 1401 2697 1400 2697 1403 2698 1402 2698 1403 2698 1404 2699 1402 2698 1403 2698 1405 2700 1404 2699 1405 2700 1406 2701 1404 2699 1405 2700 1407 2702 1406 2701 1407 2702 1408 2703 1406 2701 1407 2702 1409 2703 1408 2703 1410 2704 1412 2705 1411 2704 1410 2704 1413 2706 1412 2705 1413 2706 1414 2707 1412 2705 1413 2706 1415 2708 1414 2707 1415 2708 1416 2709 1414 2707 1415 2708 1417 2710 1416 2709 1417 2710 1418 2711 1416 2709 1417 2710 1419 2711 1418 2711 1420 2712 1422 2713 1421 2712 1420 2712 1423 2714 1422 2713 1423 2714 1424 2715 1422 2713 1423 2714 1425 2716 1424 2715 1425 2716 1426 2717 1424 2715 1425 2716 1427 2718 1426 2717 1427 2718 1428 2719 1426 2717 1427 2718 1429 2719 1428 2719 1430 2720 1432 2721 1431 2720 1430 2720 1433 2722 1432 2721 1433 2722 1434 2723 1432 2721 1433 2722 1435 2724 1434 2723 1435 2724 1436 2725 1434 2723 1435 2724 1437 2726 1436 2725 1437 2726 1438 2727 1436 2725 1437 2726 1439 2727 1438 2727 1440 2728 1442 2729 1441 2728 1440 2728 1443 2730 1442 2729 1443 2730 1444 2731 1442 2729 1443 2730 1445 2732 1444 2731 1445 2732 1446 2733 1444 2731 1445 2732 1447 2734 1446 2733 1447 2734 1448 2735 1446 2733 1447 2734 1449 2735 1448 2735 1450 2736 1452 2737 1451 2736 1450 2736 1453 2738 1452 2737 1453 2738 1454 2739 1452 2737 1453 2738 1455 2740 1454 2739 1455 2740 1456 2741 1454 2739 1455 2740 1457 2742 1456 2741 1457 2742 1458 2743 1456 2741 1457 2742 1459 2743 1458 2743 1460 2744 1462 2745 1461 2744 1460 2744 1463 2746 1462 2745 1463 2746 1464 2747 1462 2745 1463 2746 1465 2748 1464 2747 1465 2748 1466 2749 1464 2747 1465 2748 1467 2750 1466 2749 1467 2750 1468 2751 1466 2749 1467 2750 1469 2751 1468 2751 1470 2752 1472 2753 1471 2752 1470 2752 1473 2754 1472 2753 1473 2754 1474 2755 1472 2753 1473 2754 1475 2756 1474 2755 1475 2756 1476 2757 1474 2755 1475 2756 1477 2758 1476 2757 1477 2758 1478 2759 1476 2757 1477 2758 1479 2759 1478 2759 1480 2760 1482 2761 1481 2760 1480 2760 1483 2762 1482 2761 1483 2762 1484 2763 1482 2761 1483 2762 1485 2764 1484 2763 1485 2764 1486 2765 1484 2763 1485 2764 1487 2766 1486 2765 1487 2766 1488 2767 1486 2765 1487 2766 1489 2767 1488 2767 1490 2768 1492 2769 1491 2768 1490 2768 1493 2770 1492 2769 1493 2770 1494 2771 1492 2769 1493 2770 1495 2772 1494 2771 1495 2772 1496 2773 1494 2771 1495 2772 1497 2774 1496 2773 1497 2774 1498 2775 1496 2773 1497 2774 1499 2775 1498 2775 1500 2776 1502 2777 1501 2776 1500 2776 1503 2777 1502 2777 1503 2777 1504 2778 1502 2777 1503 2777 1505 2779 1504 2778 1505 2779 1506 2780 1504 2778 1505 2779 1507 2781 1506 2780 1507 2781 1508 2782 1506 2780 1507 2781 1509 2782 1508 2782 1510 2783 1512 2784 1511 2783 1510 2783 1513 2785 1512 2784 1513 2785 1514 2786 1512 2784 1513 2785 1515 2787 1514 2786 1515 2787 1516 2788 1514 2786 1515 2787 1517 2789 1516 2788 1517 2789 1518 2790 1516 2788 1517 2789 1519 2790 1518 2790 1520 2791 1522 2792 1521 2791 1520 2791 1523 2793 1522 2792 1523 2793 1524 2794 1522 2792 1523 2793 1525 2795 1524 2794 1525 2795 1526 2796 1524 2794 1525 2795 1527 2797 1526 2796 1527 2797 1528 2798 1526 2796 1527 2797 1529 2798 1528 2798 1530 2799 1532 2800 1531 2799 1530 2799 1533 2801 1532 2800 1533 2801 1534 2802 1532 2800 1533 2801 1535 2803 1534 2802 1535 2803 1536 2804 1534 2802 1535 2803 1537 2805 1536 2804 1537 2805 1538 2806 1536 2804 1537 2805 1539 2806 1538 2806 1540 2807 1542 2808 1541 2807 1540 2807 1543 2809 1542 2808 1543 2809 1544 2810 1542 2808 1543 2809 1545 2811 1544 2810 1545 2811 1546 2812 1544 2810 1545 2811 1547 2813 1546 2812 1547 2813 1548 2814 1546 2812 1547 2813 1549 2814 1548 2814 1550 2815 1552 2816 1551 2815 1550 2815 1553 2817 1552 2816 1553 2817 1554 2818 1552 2816 1553 2817 1555 2819 1554 2818 1555 2819 1556 2820 1554 2818 1555 2819 1557 2821 1556 2820 1557 2821 1558 2822 1556 2820 1557 2821 1559 2822 1558 2822 1560 2823 1562 2824 1561 2823 1560 2823 1563 2825 1562 2824 1563 2825 1564 2826 1562 2824 1563 2825 1565 2827 1564 2826 1565 2827 1566 2828 1564 2826 1565 2827 1567 2829 1566 2828 1567 2829 1568 2830 1566 2828 1567 2829 1569 2830 1568 2830 1570 2831 1572 2832 1571 2831 1570 2831 1573 2833 1572 2832 1573 2833 1574 2834 1572 2832 1573 2833 1575 2835 1574 2834 1575 2835 1576 2836 1574 2834 1575 2835 1577 2837 1576 2836 1577 2837 1578 2838 1576 2836 1577 2837 1579 2838 1578 2838 1580 2839 1582 2840 1581 2839 1580 2839 1583 2841 1582 2840 1583 2841 1584 2842 1582 2840 1583 2841 1585 2843 1584 2842 1585 2843 1586 2844 1584 2842 1585 2843 1587 2845 1586 2844 1587 2845 1588 2846 1586 2844 1587 2845 1589 2846 1588 2846 1590 2847 1592 2848 1591 2847 1590 2847 1593 2849 1592 2848 1593 2849 1594 2850 1592 2848 1593 2849 1595 2851 1594 2850 1595 2851 1596 2852 1594 2850 1595 2851 1597 2853 1596 2852 1597 2853 1598 2854 1596 2852 1597 2853 1599 2854 1598 2854 1600 2855 1602 2856 1601 2855 1600 2855 1603 2856 1602 2856 1603 2856 1604 2857 1602 2856 1603 2856 1605 2858 1604 2857 1605 2858 1606 2859 1604 2857 1605 2858 1607 2860 1606 2859 1607 2860 1608 2861 1606 2859 1607 2860 1609 2861 1608 2861 1610 2862 1612 2863 1611 2862 1610 2862 1613 2864 1612 2863 1613 2864 1614 2865 1612 2863 1613 2864 1615 2866 1614 2865 1615 2866 1616 2867 1614 2865 1615 2866 1617 2868 1616 2867 1617 2868 1618 2869 1616 2867 1617 2868 1619 2869 1618 2869 1620 2870 1622 2871 1621 2870 1620 2870 1623 2872 1622 2871 1623 2872 1624 2873 1622 2871 1623 2872 1625 2874 1624 2873 1625 2874 1626 2875 1624 2873 1625 2874 1627 2876 1626 2875 1627 2876 1628 2877 1626 2875 1627 2876 1629 2877 1628 2877 1630 2878 1632 2879 1631 2878 1630 2878 1633 2880 1632 2879 1633 2880 1634 2881 1632 2879 1633 2880 1635 2882 1634 2881 1635 2882 1636 2883 1634 2881 1635 2882 1637 2884 1636 2883 1637 2884 1638 2885 1636 2883 1637 2884 1639 2885 1638 2885 1640 2886 1642 2887 1641 2886 1640 2886 1643 2888 1642 2887 1643 2888 1644 2889 1642 2887 1643 2888 1645 2890 1644 2889 1645 2890 1646 2891 1644 2889 1645 2890 1647 2892 1646 2891 1647 2892 1648 2893 1646 2891 1647 2892 1649 2893 1648 2893 1650 2894 1652 2895 1651 2894 1650 2894 1653 2896 1652 2895 1653 2896 1654 2897 1652 2895 1653 2896 1655 2898 1654 2897 1655 2898 1656 2899 1654 2897 1655 2898 1657 2900 1656 2899 1657 2900 1658 2901 1656 2899 1657 2900 1659 2901 1658 2901 1660 2902 1662 2903 1661 2902 1660 2902 1663 2904 1662 2903 1663 2904 1664 2905 1662 2903 1663 2904 1665 2906 1664 2905 1665 2906 1666 2907 1664 2905 1665 2906 1667 2908 1666 2907 1667 2908 1668 2909 1666 2907 1667 2908 1669 2909 1668 2909 1670 2910 1672 2911 1671 2910 1670 2910 1673 2912 1672 2911 1673 2912 1674 2913 1672 2911 1673 2912 1675 2914 1674 2913 1675 2914 1676 2915 1674 2913 1675 2914 1677 2916 1676 2915 1677 2916 1678 2917 1676 2915 1677 2916 1679 2917 1678 2917 1680 2918 1682 2919 1681 2918 1680 2918 1683 2920 1682 2919 1683 2920 1684 2921 1682 2919 1683 2920 1685 2922 1684 2921 1685 2922 1686 2923 1684 2921 1685 2922 1687 2924 1686 2923 1687 2924 1688 2925 1686 2923 1687 2924 1689 2925 1688 2925 1690 2926 1692 2927 1691 2926 1690 2926 1693 2928 1692 2927 1693 2928 1694 2929 1692 2927 1693 2928 1695 2930 1694 2929 1695 2930 1696 2931 1694 2929 1695 2930 1697 2932 1696 2931 1697 2932 1698 2933 1696 2931 1697 2932 1699 2933 1698 2933 1700 2934 1702 2935 1701 2934 1700 2934 1703 2936 1702 2935 1703 2936 1704 2937 1702 2935 1703 2936 1705 2938 1704 2937 1705 2938 1706 2939 1704 2937 1705 2938 1707 2940 1706 2939 1707 2940 1708 2941 1706 2939 1707 2940 1709 2941 1708 2941 1710 2942 1712 2943 1711 2942 1710 2942 1713 2944 1712 2943 1713 2944 1714 2945 1712 2943 1713 2944 1715 2946 1714 2945 1715 2946 1716 2947 1714 2945 1715 2946 1717 2948 1716 2947 1717 2948 1718 2949 1716 2947 1717 2948 1719 2949 1718 2949 1720 2950 1722 2951 1721 2950 1720 2950 1723 2952 1722 2951 1723 2952 1724 2953 1722 2951 1723 2952 1725 2954 1724 2953 1725 2954 1726 2955 1724 2953 1725 2954 1727 2956 1726 2955 1727 2956 1728 2957 1726 2955 1727 2956 1729 2957 1728 2957 1730 2958 1732 2959 1731 2958 1730 2958 1733 2960 1732 2959 1733 2960 1734 2961 1732 2959 1733 2960 1735 2962 1734 2961 1735 2962 1736 2963 1734 2961 1735 2962 1737 2964 1736 2963 1737 2964 1738 2965 1736 2963 1737 2964 1739 2965 1738 2965 1740 2966 1742 2967 1741 2966 1740 2966 1743 2968 1742 2967 1743 2968 1744 2969 1742 2967 1743 2968 1745 2970 1744 2969 1745 2970 1746 2971 1744 2969 1745 2970 1747 2972 1746 2971 1747 2972 1748 2973 1746 2971 1747 2972 1749 2973 1748 2973 1750 2974 1752 2975 1751 2974 1750 2974 1753 2976 1752 2975 1753 2976 1754 2977 1752 2975 1753 2976 1755 2978 1754 2977 1755 2978 1756 2979 1754 2977 1755 2978 1757 2980 1756 2979 1757 2980 1758 2981 1756 2979 1757 2980 1759 2981 1758 2981 1760 2982 1762 2983 1761 2982 1760 2982 1763 2984 1762 2983 1763 2984 1764 2985 1762 2983 1763 2984 1765 2986 1764 2985 1765 2986 1766 2987 1764 2985 1765 2986 1767 2988 1766 2987 1767 2988 1768 2989 1766 2987 1767 2988 1769 2989 1768 2989 1770 2990 1772 2991 1771 2990 1770 2990 1773 2992 1772 2991 1773 2992 1774 2993 1772 2991 1773 2992 1775 2994 1774 2993 1775 2994 1776 2995 1774 2993 1775 2994 1777 2996 1776 2995 1777 2996 1778 2997 1776 2995 1777 2996 1779 2997 1778 2997 1780 2998 1782 2999 1781 2998 1780 2998 1783 3000 1782 2999 1783 3000 1784 3001 1782 2999 1783 3000 1785 3002 1784 3001 1785 3002 1786 3003 1784 3001 1785 3002 1787 3004 1786 3003 1787 3004 1788 3005 1786 3003 1787 3004 1789 3005 1788 3005 1790 3006 1792 3007 1791 3006 1790 3006 1793 3008 1792 3007 1793 3008 1794 3009 1792 3007 1793 3008 1795 3010 1794 3009 1795 3010 1796 3011 1794 3009 1795 3010 1797 3012 1796 3011 1797 3012 1798 3013 1796 3011 1797 3012 1799 3013 1798 3013 1800 3014 1802 3015 1801 3014 1800 3014 1803 3015 1802 3015 1803 3015 1804 3016 1802 3015 1803 3015 1805 3017 1804 3016 1805 3017 1806 3018 1804 3016 1805 3017 1807 3019 1806 3018 1807 3019 1808 3020 1806 3018 1807 3019 1809 3020 1808 3020 1810 3021 1812 3022 1811 3021 1810 3021 1813 3023 1812 3022 1813 3023 1814 3024 1812 3022 1813 3023 1815 3025 1814 3024 1815 3025 1816 3026 1814 3024 1815 3025 1817 3027 1816 3026 1817 3027 1818 3028 1816 3026 1817 3027 1819 3028 1818 3028 1820 3029 1822 3030 1821 3029 1820 3029 1823 3031 1822 3030 1823 3031 1824 3032 1822 3030 1823 3031 1825 3033 1824 3032 1825 3033 1826 3034 1824 3032 1825 3033 1827 3035 1826 3034 1827 3035 1828 3036 1826 3034 1827 3035 1829 3036 1828 3036 1830 3037 1832 3038 1831 3037 1830 3037 1833 3039 1832 3038 1833 3039 1834 3040 1832 3038 1833 3039 1835 3041 1834 3040 1835 3041 1836 3042 1834 3040 1835 3041 1837 3043 1836 3042 1837 3043 1838 3044 1836 3042 1837 3043 1839 3044 1838 3044 1840 3045 1842 3046 1841 3045 1840 3045 1843 3047 1842 3046 1843 3047 1844 3048 1842 3046 1843 3047 1845 3049 1844 3048 1845 3049 1846 3050 1844 3048 1845 3049 1847 3051 1846 3050 1847 3051 1848 3052 1846 3050 1847 3051 1849 3052 1848 3052 1850 3053 1852 3054 1851 3053 1850 3053 1853 3055 1852 3054 1853 3055 1854 3056 1852 3054 1853 3055 1855 3057 1854 3056 1855 3057 1856 3058 1854 3056 1855 3057 1857 3059 1856 3058 1857 3059 1858 3060 1856 3058 1857 3059 1859 3060 1858 3060 1860 3061 1862 3062 1861 3061 1860 3061 1863 3063 1862 3062 1863 3063 1864 3064 1862 3062 1863 3063 1865 3065 1864 3064 1865 3065 1866 3066 1864 3064 1865 3065 1867 3067 1866 3066 1867 3067 1868 3068 1866 3066 1867 3067 1869 3068 1868 3068 1870 3069 1872 3070 1871 3069 1870 3069 1873 3070 1872 3070 1873 3070 1874 3071 1872 3070 1873 3070 1875 3072 1874 3071 1875 3072 1876 3073 1874 3071 1875 3072 1877 3074 1876 3073 1877 3074 1878 3075 1876 3073 1877 3074 1879 3075 1878 3075 1880 3076 1882 3077 1881 3076 1880 3076 1883 3078 1882 3077 1883 3078 1884 3079 1882 3077 1883 3078 1885 3080 1884 3079 1885 3080 1886 3081 1884 3079 1885 3080 1887 3082 1886 3081 1887 3082 1888 3083 1886 3081 1887 3082 1889 3083 1888 3083 1890 3084 1892 3085 1891 3084 1890 3084 1893 3086 1892 3085 1893 3086 1894 3087 1892 3085 1893 3086 1895 3088 1894 3087 1895 3088 1896 3089 1894 3087 1895 3088 1897 3090 1896 3089 1897 3090 1898 3091 1896 3089 1897 3090 1899 3091 1898 3091 1900 3092 1902 3093 1901 3092 1900 3092 1903 3094 1902 3093 1903 3094 1904 3095 1902 3093 1903 3094 1905 3096 1904 3095 1905 3096 1906 3097 1904 3095 1905 3096 1907 3098 1906 3097 1907 3098 1908 3099 1906 3097 1907 3098 1909 3099 1908 3099 1910 3100 1912 3101 1911 3100 1910 3100 1913 3102 1912 3101 1913 3102 1914 3103 1912 3101 1913 3102 1915 3104 1914 3103 1915 3104 1916 3105 1914 3103 1915 3104 1917 3106 1916 3105 1917 3106 1918 3107 1916 3105 1917 3106 1919 3107 1918 3107 1920 3108 1922 3109 1921 3108 1920 3108 1923 3110 1922 3109 1923 3110 1924 3111 1922 3109 1923 3110 1925 3112 1924 3111 1925 3112 1926 3113 1924 3111 1925 3112 1927 3114 1926 3113 1927 3114 1928 3115 1926 3113 1927 3114 1929 3115 1928 3115 1930 3116 1932 3117 1931 3116 1930 3116 1933 3118 1932 3117 1933 3118 1934 3119 1932 3117 1933 3118 1935 3120 1934 3119 1935 3120 1936 3121 1934 3119 1935 3120 1937 3122 1936 3121 1937 3122 1938 3123 1936 3121 1937 3122 1939 3123 1938 3123 1940 3124 1942 3125 1941 3124 1940 3124 1943 3126 1942 3125 1943 3126 1944 3127 1942 3125 1943 3126 1945 3128 1944 3127 1945 3128 1946 3129 1944 3127 1945 3128 1947 3130 1946 3129 1947 3130 1948 3131 1946 3129 1947 3130 1949 3131 1948 3131 1950 3132 1952 3133 1951 3132 1950 3132 1953 3134 1952 3133 1953 3134 1954 3135 1952 3133 1953 3134 1955 3136 1954 3135 1955 3136 1956 3137 1954 3135 1955 3136 1957 3138 1956 3137 1957 3138 1958 3139 1956 3137 1957 3138 1959 3139 1958 3139 1960 3140 1962 3141 1961 3140 1960 3140 1963 3142 1962 3141 1963 3142 1964 3143 1962 3141 1963 3142 1965 3144 1964 3143 1965 3144 1966 3145 1964 3143 1965 3144 1967 3146 1966 3145 1967 3146 1968 3147 1966 3145 1967 3146 1969 3147 1968 3147 1970 3148 1972 3149 1971 3148 1970 3148 1973 3150 1972 3149 1973 3150 1974 3151 1972 3149 1973 3150 1975 3152 1974 3151 1975 3152 1976 3153 1974 3151 1975 3152 1977 3154 1976 3153 1977 3154 1978 3155 1976 3153 1977 3154 1979 3155 1978 3155 1980 3156 1982 3157 1981 3156 1980 3156 1983 3158 1982 3157 1983 3158 1984 3159 1982 3157 1983 3158 1985 3160 1984 3159 1985 3160 1986 3161 1984 3159 1985 3160 1987 3162 1986 3161 1987 3162 1988 3163 1986 3161 1987 3162 1989 3163 1988 3163 1990 3164 1992 3165 1991 3164 1990 3164 1993 3166 1992 3165 1993 3166 1994 3167 1992 3165 1993 3166 1995 3168 1994 3167 1995 3168 1996 3169 1994 3167 1995 3168 1997 3170 1996 3169 1997 3170 1998 3171 1996 3169 1997 3170 1999 3171 1998 3171</p></triangles>
      </mesh>
    </geometry>
  </library_geometries>
  <library_visual_scenes><visual_scene id="scene" name="scene">
    <node id="grass_-01+00_foliage" name="grass_-01+00_foliage" type="NODE"><instance_geometry url="#grass_-01+00_foliage-mesh"><bind_material><technique_common>
      <instance_material symbol="MAT_WEED_GRASS-mat" target="#MAT_WEED_GRASS"/>
      <instance_material symbol="MAT_WEED_BROAD-mat" target="#MAT_WEED_BROAD"/>
    </technique_common></bind_material></instance_geometry></node>
  </visual_scene></library_visual_scenes>
  <scene><instance_visual_scene url="#scene"/></scene>
<!-- vigil:double-sided -->
</COLLADA>
